<?xml version="1.0"?>
<!-- forge presentation artifact, not evidence: {"case": "re100-40", "execution": "f31ac9230895447f925e0effd08223c777d8e60a06e0be85f294cfb22be50941", "fields": {"kinematic_pressure": "m^2/s^2", "velocity": "m/s"}, "mesh_digest": "c242da0c17b13ba0880d0d7469cb68b3db3f44db1c9b09b94cb81130f1e2a667", "note": "steady_by_declared_tolerance", "provider": "openfoam v2412"} -->
<VTKFile type="UnstructuredGrid" version="0.1" byte_order="LittleEndian">
<UnstructuredGrid>
<Piece NumberOfPoints="1681" NumberOfCells="1600">
<Points>
<DataArray type="Float64" NumberOfComponents="3" format="ascii">
0.0 0.0 0.0 0.0025 0.0 0.0 0.005 0.0 0.0 0.0075 0.0 0.0 0.01 0.0 0.0 0.0125 0.0 0.0 0.015 0.0 0.0 0.0175 0.0 0.0 0.02 0.0 0.0 0.0225 0.0 0.0 0.025 0.0 0.0 0.0275 0.0 0.0 0.03 0.0 0.0 0.0325 0.0 0.0 0.035 0.0 0.0 0.0375 0.0 0.0 0.04 0.0 0.0 0.0425 0.0 0.0 0.045 0.0 0.0 0.0475 0.0 0.0 0.05 0.0 0.0 0.0525 0.0 0.0 0.055 0.0 0.0 0.0575 0.0 0.0 0.06 0.0 0.0 0.0625 0.0 0.0 0.065 0.0 0.0 0.0675 0.0 0.0 0.07 0.0 0.0 0.0725 0.0 0.0 0.075 0.0 0.0 0.0775 0.0 0.0 0.08 0.0 0.0 0.0825 0.0 0.0 0.085 0.0 0.0 0.08750000000000001 0.0 0.0 0.09 0.0 0.0 0.0925 0.0 0.0 0.095 0.0 0.0 0.0975 0.0 0.0 0.1 0.0 0.0 0.0 0.0025 0.0 0.0025 0.0025 0.0 0.005 0.0025 0.0 0.0075 0.0025 0.0 0.01 0.0025 0.0 0.0125 0.0025 0.0 0.015 0.0025 0.0 0.0175 0.0025 0.0 0.02 0.0025 0.0 0.0225 0.0025 0.0 0.025 0.0025 0.0 0.0275 0.0025 0.0 0.03 0.0025 0.0 0.0325 0.0025 0.0 0.035 0.0025 0.0 0.0375 0.0025 0.0 0.04 0.0025 0.0 0.0425 0.0025 0.0 0.045 0.0025 0.0 0.0475 0.0025 0.0 0.05 0.0025 0.0 0.0525 0.0025 0.0 0.055 0.0025 0.0 0.0575 0.0025 0.0 0.06 0.0025 0.0 0.0625 0.0025 0.0 0.065 0.0025 0.0 0.0675 0.0025 0.0 0.07 0.0025 0.0 0.0725 0.0025 0.0 0.075 0.0025 0.0 0.0775 0.0025 0.0 0.08 0.0025 0.0 0.0825 0.0025 0.0 0.085 0.0025 0.0 0.08750000000000001 0.0025 0.0 0.09 0.0025 0.0 0.0925 0.0025 0.0 0.095 0.0025 0.0 0.0975 0.0025 0.0 0.1 0.0025 0.0 0.0 0.005 0.0 0.0025 0.005 0.0 0.005 0.005 0.0 0.0075 0.005 0.0 0.01 0.005 0.0 0.0125 0.005 0.0 0.015 0.005 0.0 0.0175 0.005 0.0 0.02 0.005 0.0 0.0225 0.005 0.0 0.025 0.005 0.0 0.0275 0.005 0.0 0.03 0.005 0.0 0.0325 0.005 0.0 0.035 0.005 0.0 0.0375 0.005 0.0 0.04 0.005 0.0 0.0425 0.005 0.0 0.045 0.005 0.0 0.0475 0.005 0.0 0.05 0.005 0.0 0.0525 0.005 0.0 0.055 0.005 0.0 0.0575 0.005 0.0 0.06 0.005 0.0 0.0625 0.005 0.0 0.065 0.005 0.0 0.0675 0.005 0.0 0.07 0.005 0.0 0.0725 0.005 0.0 0.075 0.005 0.0 0.0775 0.005 0.0 0.08 0.005 0.0 0.0825 0.005 0.0 0.085 0.005 0.0 0.08750000000000001 0.005 0.0 0.09 0.005 0.0 0.0925 0.005 0.0 0.095 0.005 0.0 0.0975 0.005 0.0 0.1 0.005 0.0 0.0 0.0075 0.0 0.0025 0.0075 0.0 0.005 0.0075 0.0 0.0075 0.0075 0.0 0.01 0.0075 0.0 0.0125 0.0075 0.0 0.015 0.0075 0.0 0.0175 0.0075 0.0 0.02 0.0075 0.0 0.0225 0.0075 0.0 0.025 0.0075 0.0 0.0275 0.0075 0.0 0.03 0.0075 0.0 0.0325 0.0075 0.0 0.035 0.0075 0.0 0.0375 0.0075 0.0 0.04 0.0075 0.0 0.0425 0.0075 0.0 0.045 0.0075 0.0 0.0475 0.0075 0.0 0.05 0.0075 0.0 0.0525 0.0075 0.0 0.055 0.0075 0.0 0.0575 0.0075 0.0 0.06 0.0075 0.0 0.0625 0.0075 0.0 0.065 0.0075 0.0 0.0675 0.0075 0.0 0.07 0.0075 0.0 0.0725 0.0075 0.0 0.075 0.0075 0.0 0.0775 0.0075 0.0 0.08 0.0075 0.0 0.0825 0.0075 0.0 0.085 0.0075 0.0 0.08750000000000001 0.0075 0.0 0.09 0.0075 0.0 0.0925 0.0075 0.0 0.095 0.0075 0.0 0.0975 0.0075 0.0 0.1 0.0075 0.0 0.0 0.01 0.0 0.0025 0.01 0.0 0.005 0.01 0.0 0.0075 0.01 0.0 0.01 0.01 0.0 0.0125 0.01 0.0 0.015 0.01 0.0 0.0175 0.01 0.0 0.02 0.01 0.0 0.0225 0.01 0.0 0.025 0.01 0.0 0.0275 0.01 0.0 0.03 0.01 0.0 0.0325 0.01 0.0 0.035 0.01 0.0 0.0375 0.01 0.0 0.04 0.01 0.0 0.0425 0.01 0.0 0.045 0.01 0.0 0.0475 0.01 0.0 0.05 0.01 0.0 0.0525 0.01 0.0 0.055 0.01 0.0 0.0575 0.01 0.0 0.06 0.01 0.0 0.0625 0.01 0.0 0.065 0.01 0.0 0.0675 0.01 0.0 0.07 0.01 0.0 0.0725 0.01 0.0 0.075 0.01 0.0 0.0775 0.01 0.0 0.08 0.01 0.0 0.0825 0.01 0.0 0.085 0.01 0.0 0.08750000000000001 0.01 0.0 0.09 0.01 0.0 0.0925 0.01 0.0 0.095 0.01 0.0 0.0975 0.01 0.0 0.1 0.01 0.0 0.0 0.0125 0.0 0.0025 0.0125 0.0 0.005 0.0125 0.0 0.0075 0.0125 0.0 0.01 0.0125 0.0 0.0125 0.0125 0.0 0.015 0.0125 0.0 0.0175 0.0125 0.0 0.02 0.0125 0.0 0.0225 0.0125 0.0 0.025 0.0125 0.0 0.0275 0.0125 0.0 0.03 0.0125 0.0 0.0325 0.0125 0.0 0.035 0.0125 0.0 0.0375 0.0125 0.0 0.04 0.0125 0.0 0.0425 0.0125 0.0 0.045 0.0125 0.0 0.0475 0.0125 0.0 0.05 0.0125 0.0 0.0525 0.0125 0.0 0.055 0.0125 0.0 0.0575 0.0125 0.0 0.06 0.0125 0.0 0.0625 0.0125 0.0 0.065 0.0125 0.0 0.0675 0.0125 0.0 0.07 0.0125 0.0 0.0725 0.0125 0.0 0.075 0.0125 0.0 0.0775 0.0125 0.0 0.08 0.0125 0.0 0.0825 0.0125 0.0 0.085 0.0125 0.0 0.08750000000000001 0.0125 0.0 0.09 0.0125 0.0 0.0925 0.0125 0.0 0.095 0.0125 0.0 0.0975 0.0125 0.0 0.1 0.0125 0.0 0.0 0.015 0.0 0.0025 0.015 0.0 0.005 0.015 0.0 0.0075 0.015 0.0 0.01 0.015 0.0 0.0125 0.015 0.0 0.015 0.015 0.0 0.0175 0.015 0.0 0.02 0.015 0.0 0.0225 0.015 0.0 0.025 0.015 0.0 0.0275 0.015 0.0 0.03 0.015 0.0 0.0325 0.015 0.0 0.035 0.015 0.0 0.0375 0.015 0.0 0.04 0.015 0.0 0.0425 0.015 0.0 0.045 0.015 0.0 0.0475 0.015 0.0 0.05 0.015 0.0 0.0525 0.015 0.0 0.055 0.015 0.0 0.0575 0.015 0.0 0.06 0.015 0.0 0.0625 0.015 0.0 0.065 0.015 0.0 0.0675 0.015 0.0 0.07 0.015 0.0 0.0725 0.015 0.0 0.075 0.015 0.0 0.0775 0.015 0.0 0.08 0.015 0.0 0.0825 0.015 0.0 0.085 0.015 0.0 0.08750000000000001 0.015 0.0 0.09 0.015 0.0 0.0925 0.015 0.0 0.095 0.015 0.0 0.0975 0.015 0.0 0.1 0.015 0.0 0.0 0.0175 0.0 0.0025 0.0175 0.0 0.005 0.0175 0.0 0.0075 0.0175 0.0 0.01 0.0175 0.0 0.0125 0.0175 0.0 0.015 0.0175 0.0 0.0175 0.0175 0.0 0.02 0.0175 0.0 0.0225 0.0175 0.0 0.025 0.0175 0.0 0.0275 0.0175 0.0 0.03 0.0175 0.0 0.0325 0.0175 0.0 0.035 0.0175 0.0 0.0375 0.0175 0.0 0.04 0.0175 0.0 0.0425 0.0175 0.0 0.045 0.0175 0.0 0.0475 0.0175 0.0 0.05 0.0175 0.0 0.0525 0.0175 0.0 0.055 0.0175 0.0 0.0575 0.0175 0.0 0.06 0.0175 0.0 0.0625 0.0175 0.0 0.065 0.0175 0.0 0.0675 0.0175 0.0 0.07 0.0175 0.0 0.0725 0.0175 0.0 0.075 0.0175 0.0 0.0775 0.0175 0.0 0.08 0.0175 0.0 0.0825 0.0175 0.0 0.085 0.0175 0.0 0.08750000000000001 0.0175 0.0 0.09 0.0175 0.0 0.0925 0.0175 0.0 0.095 0.0175 0.0 0.0975 0.0175 0.0 0.1 0.0175 0.0 0.0 0.02 0.0 0.0025 0.02 0.0 0.005 0.02 0.0 0.0075 0.02 0.0 0.01 0.02 0.0 0.0125 0.02 0.0 0.015 0.02 0.0 0.0175 0.02 0.0 0.02 0.02 0.0 0.0225 0.02 0.0 0.025 0.02 0.0 0.0275 0.02 0.0 0.03 0.02 0.0 0.0325 0.02 0.0 0.035 0.02 0.0 0.0375 0.02 0.0 0.04 0.02 0.0 0.0425 0.02 0.0 0.045 0.02 0.0 0.0475 0.02 0.0 0.05 0.02 0.0 0.0525 0.02 0.0 0.055 0.02 0.0 0.0575 0.02 0.0 0.06 0.02 0.0 0.0625 0.02 0.0 0.065 0.02 0.0 0.0675 0.02 0.0 0.07 0.02 0.0 0.0725 0.02 0.0 0.075 0.02 0.0 0.0775 0.02 0.0 0.08 0.02 0.0 0.0825 0.02 0.0 0.085 0.02 0.0 0.08750000000000001 0.02 0.0 0.09 0.02 0.0 0.0925 0.02 0.0 0.095 0.02 0.0 0.0975 0.02 0.0 0.1 0.02 0.0 0.0 0.0225 0.0 0.0025 0.0225 0.0 0.005 0.0225 0.0 0.0075 0.0225 0.0 0.01 0.0225 0.0 0.0125 0.0225 0.0 0.015 0.0225 0.0 0.0175 0.0225 0.0 0.02 0.0225 0.0 0.0225 0.0225 0.0 0.025 0.0225 0.0 0.0275 0.0225 0.0 0.03 0.0225 0.0 0.0325 0.0225 0.0 0.035 0.0225 0.0 0.0375 0.0225 0.0 0.04 0.0225 0.0 0.0425 0.0225 0.0 0.045 0.0225 0.0 0.0475 0.0225 0.0 0.05 0.0225 0.0 0.0525 0.0225 0.0 0.055 0.0225 0.0 0.0575 0.0225 0.0 0.06 0.0225 0.0 0.0625 0.0225 0.0 0.065 0.0225 0.0 0.0675 0.0225 0.0 0.07 0.0225 0.0 0.0725 0.0225 0.0 0.075 0.0225 0.0 0.0775 0.0225 0.0 0.08 0.0225 0.0 0.0825 0.0225 0.0 0.085 0.0225 0.0 0.08750000000000001 0.0225 0.0 0.09 0.0225 0.0 0.0925 0.0225 0.0 0.095 0.0225 0.0 0.0975 0.0225 0.0 0.1 0.0225 0.0 0.0 0.025 0.0 0.0025 0.025 0.0 0.005 0.025 0.0 0.0075 0.025 0.0 0.01 0.025 0.0 0.0125 0.025 0.0 0.015 0.025 0.0 0.0175 0.025 0.0 0.02 0.025 0.0 0.0225 0.025 0.0 0.025 0.025 0.0 0.0275 0.025 0.0 0.03 0.025 0.0 0.0325 0.025 0.0 0.035 0.025 0.0 0.0375 0.025 0.0 0.04 0.025 0.0 0.0425 0.025 0.0 0.045 0.025 0.0 0.0475 0.025 0.0 0.05 0.025 0.0 0.0525 0.025 0.0 0.055 0.025 0.0 0.0575 0.025 0.0 0.06 0.025 0.0 0.0625 0.025 0.0 0.065 0.025 0.0 0.0675 0.025 0.0 0.07 0.025 0.0 0.0725 0.025 0.0 0.075 0.025 0.0 0.0775 0.025 0.0 0.08 0.025 0.0 0.0825 0.025 0.0 0.085 0.025 0.0 0.08750000000000001 0.025 0.0 0.09 0.025 0.0 0.0925 0.025 0.0 0.095 0.025 0.0 0.0975 0.025 0.0 0.1 0.025 0.0 0.0 0.0275 0.0 0.0025 0.0275 0.0 0.005 0.0275 0.0 0.0075 0.0275 0.0 0.01 0.0275 0.0 0.0125 0.0275 0.0 0.015 0.0275 0.0 0.0175 0.0275 0.0 0.02 0.0275 0.0 0.0225 0.0275 0.0 0.025 0.0275 0.0 0.0275 0.0275 0.0 0.03 0.0275 0.0 0.0325 0.0275 0.0 0.035 0.0275 0.0 0.0375 0.0275 0.0 0.04 0.0275 0.0 0.0425 0.0275 0.0 0.045 0.0275 0.0 0.0475 0.0275 0.0 0.05 0.0275 0.0 0.0525 0.0275 0.0 0.055 0.0275 0.0 0.0575 0.0275 0.0 0.06 0.0275 0.0 0.0625 0.0275 0.0 0.065 0.0275 0.0 0.0675 0.0275 0.0 0.07 0.0275 0.0 0.0725 0.0275 0.0 0.075 0.0275 0.0 0.0775 0.0275 0.0 0.08 0.0275 0.0 0.0825 0.0275 0.0 0.085 0.0275 0.0 0.08750000000000001 0.0275 0.0 0.09 0.0275 0.0 0.0925 0.0275 0.0 0.095 0.0275 0.0 0.0975 0.0275 0.0 0.1 0.0275 0.0 0.0 0.03 0.0 0.0025 0.03 0.0 0.005 0.03 0.0 0.0075 0.03 0.0 0.01 0.03 0.0 0.0125 0.03 0.0 0.015 0.03 0.0 0.0175 0.03 0.0 0.02 0.03 0.0 0.0225 0.03 0.0 0.025 0.03 0.0 0.0275 0.03 0.0 0.03 0.03 0.0 0.0325 0.03 0.0 0.035 0.03 0.0 0.0375 0.03 0.0 0.04 0.03 0.0 0.0425 0.03 0.0 0.045 0.03 0.0 0.0475 0.03 0.0 0.05 0.03 0.0 0.0525 0.03 0.0 0.055 0.03 0.0 0.0575 0.03 0.0 0.06 0.03 0.0 0.0625 0.03 0.0 0.065 0.03 0.0 0.0675 0.03 0.0 0.07 0.03 0.0 0.0725 0.03 0.0 0.075 0.03 0.0 0.0775 0.03 0.0 0.08 0.03 0.0 0.0825 0.03 0.0 0.085 0.03 0.0 0.08750000000000001 0.03 0.0 0.09 0.03 0.0 0.0925 0.03 0.0 0.095 0.03 0.0 0.0975 0.03 0.0 0.1 0.03 0.0 0.0 0.0325 0.0 0.0025 0.0325 0.0 0.005 0.0325 0.0 0.0075 0.0325 0.0 0.01 0.0325 0.0 0.0125 0.0325 0.0 0.015 0.0325 0.0 0.0175 0.0325 0.0 0.02 0.0325 0.0 0.0225 0.0325 0.0 0.025 0.0325 0.0 0.0275 0.0325 0.0 0.03 0.0325 0.0 0.0325 0.0325 0.0 0.035 0.0325 0.0 0.0375 0.0325 0.0 0.04 0.0325 0.0 0.0425 0.0325 0.0 0.045 0.0325 0.0 0.0475 0.0325 0.0 0.05 0.0325 0.0 0.0525 0.0325 0.0 0.055 0.0325 0.0 0.0575 0.0325 0.0 0.06 0.0325 0.0 0.0625 0.0325 0.0 0.065 0.0325 0.0 0.0675 0.0325 0.0 0.07 0.0325 0.0 0.0725 0.0325 0.0 0.075 0.0325 0.0 0.0775 0.0325 0.0 0.08 0.0325 0.0 0.0825 0.0325 0.0 0.085 0.0325 0.0 0.08750000000000001 0.0325 0.0 0.09 0.0325 0.0 0.0925 0.0325 0.0 0.095 0.0325 0.0 0.0975 0.0325 0.0 0.1 0.0325 0.0 0.0 0.035 0.0 0.0025 0.035 0.0 0.005 0.035 0.0 0.0075 0.035 0.0 0.01 0.035 0.0 0.0125 0.035 0.0 0.015 0.035 0.0 0.0175 0.035 0.0 0.02 0.035 0.0 0.0225 0.035 0.0 0.025 0.035 0.0 0.0275 0.035 0.0 0.03 0.035 0.0 0.0325 0.035 0.0 0.035 0.035 0.0 0.0375 0.035 0.0 0.04 0.035 0.0 0.0425 0.035 0.0 0.045 0.035 0.0 0.0475 0.035 0.0 0.05 0.035 0.0 0.0525 0.035 0.0 0.055 0.035 0.0 0.0575 0.035 0.0 0.06 0.035 0.0 0.0625 0.035 0.0 0.065 0.035 0.0 0.0675 0.035 0.0 0.07 0.035 0.0 0.0725 0.035 0.0 0.075 0.035 0.0 0.0775 0.035 0.0 0.08 0.035 0.0 0.0825 0.035 0.0 0.085 0.035 0.0 0.08750000000000001 0.035 0.0 0.09 0.035 0.0 0.0925 0.035 0.0 0.095 0.035 0.0 0.0975 0.035 0.0 0.1 0.035 0.0 0.0 0.0375 0.0 0.0025 0.0375 0.0 0.005 0.0375 0.0 0.0075 0.0375 0.0 0.01 0.0375 0.0 0.0125 0.0375 0.0 0.015 0.0375 0.0 0.0175 0.0375 0.0 0.02 0.0375 0.0 0.0225 0.0375 0.0 0.025 0.0375 0.0 0.0275 0.0375 0.0 0.03 0.0375 0.0 0.0325 0.0375 0.0 0.035 0.0375 0.0 0.0375 0.0375 0.0 0.04 0.0375 0.0 0.0425 0.0375 0.0 0.045 0.0375 0.0 0.0475 0.0375 0.0 0.05 0.0375 0.0 0.0525 0.0375 0.0 0.055 0.0375 0.0 0.0575 0.0375 0.0 0.06 0.0375 0.0 0.0625 0.0375 0.0 0.065 0.0375 0.0 0.0675 0.0375 0.0 0.07 0.0375 0.0 0.0725 0.0375 0.0 0.075 0.0375 0.0 0.0775 0.0375 0.0 0.08 0.0375 0.0 0.0825 0.0375 0.0 0.085 0.0375 0.0 0.08750000000000001 0.0375 0.0 0.09 0.0375 0.0 0.0925 0.0375 0.0 0.095 0.0375 0.0 0.0975 0.0375 0.0 0.1 0.0375 0.0 0.0 0.04 0.0 0.0025 0.04 0.0 0.005 0.04 0.0 0.0075 0.04 0.0 0.01 0.04 0.0 0.0125 0.04 0.0 0.015 0.04 0.0 0.0175 0.04 0.0 0.02 0.04 0.0 0.0225 0.04 0.0 0.025 0.04 0.0 0.0275 0.04 0.0 0.03 0.04 0.0 0.0325 0.04 0.0 0.035 0.04 0.0 0.0375 0.04 0.0 0.04 0.04 0.0 0.0425 0.04 0.0 0.045 0.04 0.0 0.0475 0.04 0.0 0.05 0.04 0.0 0.0525 0.04 0.0 0.055 0.04 0.0 0.0575 0.04 0.0 0.06 0.04 0.0 0.0625 0.04 0.0 0.065 0.04 0.0 0.0675 0.04 0.0 0.07 0.04 0.0 0.0725 0.04 0.0 0.075 0.04 0.0 0.0775 0.04 0.0 0.08 0.04 0.0 0.0825 0.04 0.0 0.085 0.04 0.0 0.08750000000000001 0.04 0.0 0.09 0.04 0.0 0.0925 0.04 0.0 0.095 0.04 0.0 0.0975 0.04 0.0 0.1 0.04 0.0 0.0 0.0425 0.0 0.0025 0.0425 0.0 0.005 0.0425 0.0 0.0075 0.0425 0.0 0.01 0.0425 0.0 0.0125 0.0425 0.0 0.015 0.0425 0.0 0.0175 0.0425 0.0 0.02 0.0425 0.0 0.0225 0.0425 0.0 0.025 0.0425 0.0 0.0275 0.0425 0.0 0.03 0.0425 0.0 0.0325 0.0425 0.0 0.035 0.0425 0.0 0.0375 0.0425 0.0 0.04 0.0425 0.0 0.0425 0.0425 0.0 0.045 0.0425 0.0 0.0475 0.0425 0.0 0.05 0.0425 0.0 0.0525 0.0425 0.0 0.055 0.0425 0.0 0.0575 0.0425 0.0 0.06 0.0425 0.0 0.0625 0.0425 0.0 0.065 0.0425 0.0 0.0675 0.0425 0.0 0.07 0.0425 0.0 0.0725 0.0425 0.0 0.075 0.0425 0.0 0.0775 0.0425 0.0 0.08 0.0425 0.0 0.0825 0.0425 0.0 0.085 0.0425 0.0 0.08750000000000001 0.0425 0.0 0.09 0.0425 0.0 0.0925 0.0425 0.0 0.095 0.0425 0.0 0.0975 0.0425 0.0 0.1 0.0425 0.0 0.0 0.045 0.0 0.0025 0.045 0.0 0.005 0.045 0.0 0.0075 0.045 0.0 0.01 0.045 0.0 0.0125 0.045 0.0 0.015 0.045 0.0 0.0175 0.045 0.0 0.02 0.045 0.0 0.0225 0.045 0.0 0.025 0.045 0.0 0.0275 0.045 0.0 0.03 0.045 0.0 0.0325 0.045 0.0 0.035 0.045 0.0 0.0375 0.045 0.0 0.04 0.045 0.0 0.0425 0.045 0.0 0.045 0.045 0.0 0.0475 0.045 0.0 0.05 0.045 0.0 0.0525 0.045 0.0 0.055 0.045 0.0 0.0575 0.045 0.0 0.06 0.045 0.0 0.0625 0.045 0.0 0.065 0.045 0.0 0.0675 0.045 0.0 0.07 0.045 0.0 0.0725 0.045 0.0 0.075 0.045 0.0 0.0775 0.045 0.0 0.08 0.045 0.0 0.0825 0.045 0.0 0.085 0.045 0.0 0.08750000000000001 0.045 0.0 0.09 0.045 0.0 0.0925 0.045 0.0 0.095 0.045 0.0 0.0975 0.045 0.0 0.1 0.045 0.0 0.0 0.0475 0.0 0.0025 0.0475 0.0 0.005 0.0475 0.0 0.0075 0.0475 0.0 0.01 0.0475 0.0 0.0125 0.0475 0.0 0.015 0.0475 0.0 0.0175 0.0475 0.0 0.02 0.0475 0.0 0.0225 0.0475 0.0 0.025 0.0475 0.0 0.0275 0.0475 0.0 0.03 0.0475 0.0 0.0325 0.0475 0.0 0.035 0.0475 0.0 0.0375 0.0475 0.0 0.04 0.0475 0.0 0.0425 0.0475 0.0 0.045 0.0475 0.0 0.0475 0.0475 0.0 0.05 0.0475 0.0 0.0525 0.0475 0.0 0.055 0.0475 0.0 0.0575 0.0475 0.0 0.06 0.0475 0.0 0.0625 0.0475 0.0 0.065 0.0475 0.0 0.0675 0.0475 0.0 0.07 0.0475 0.0 0.0725 0.0475 0.0 0.075 0.0475 0.0 0.0775 0.0475 0.0 0.08 0.0475 0.0 0.0825 0.0475 0.0 0.085 0.0475 0.0 0.08750000000000001 0.0475 0.0 0.09 0.0475 0.0 0.0925 0.0475 0.0 0.095 0.0475 0.0 0.0975 0.0475 0.0 0.1 0.0475 0.0 0.0 0.05 0.0 0.0025 0.05 0.0 0.005 0.05 0.0 0.0075 0.05 0.0 0.01 0.05 0.0 0.0125 0.05 0.0 0.015 0.05 0.0 0.0175 0.05 0.0 0.02 0.05 0.0 0.0225 0.05 0.0 0.025 0.05 0.0 0.0275 0.05 0.0 0.03 0.05 0.0 0.0325 0.05 0.0 0.035 0.05 0.0 0.0375 0.05 0.0 0.04 0.05 0.0 0.0425 0.05 0.0 0.045 0.05 0.0 0.0475 0.05 0.0 0.05 0.05 0.0 0.0525 0.05 0.0 0.055 0.05 0.0 0.0575 0.05 0.0 0.06 0.05 0.0 0.0625 0.05 0.0 0.065 0.05 0.0 0.0675 0.05 0.0 0.07 0.05 0.0 0.0725 0.05 0.0 0.075 0.05 0.0 0.0775 0.05 0.0 0.08 0.05 0.0 0.0825 0.05 0.0 0.085 0.05 0.0 0.08750000000000001 0.05 0.0 0.09 0.05 0.0 0.0925 0.05 0.0 0.095 0.05 0.0 0.0975 0.05 0.0 0.1 0.05 0.0 0.0 0.0525 0.0 0.0025 0.0525 0.0 0.005 0.0525 0.0 0.0075 0.0525 0.0 0.01 0.0525 0.0 0.0125 0.0525 0.0 0.015 0.0525 0.0 0.0175 0.0525 0.0 0.02 0.0525 0.0 0.0225 0.0525 0.0 0.025 0.0525 0.0 0.0275 0.0525 0.0 0.03 0.0525 0.0 0.0325 0.0525 0.0 0.035 0.0525 0.0 0.0375 0.0525 0.0 0.04 0.0525 0.0 0.0425 0.0525 0.0 0.045 0.0525 0.0 0.0475 0.0525 0.0 0.05 0.0525 0.0 0.0525 0.0525 0.0 0.055 0.0525 0.0 0.0575 0.0525 0.0 0.06 0.0525 0.0 0.0625 0.0525 0.0 0.065 0.0525 0.0 0.0675 0.0525 0.0 0.07 0.0525 0.0 0.0725 0.0525 0.0 0.075 0.0525 0.0 0.0775 0.0525 0.0 0.08 0.0525 0.0 0.0825 0.0525 0.0 0.085 0.0525 0.0 0.08750000000000001 0.0525 0.0 0.09 0.0525 0.0 0.0925 0.0525 0.0 0.095 0.0525 0.0 0.0975 0.0525 0.0 0.1 0.0525 0.0 0.0 0.055 0.0 0.0025 0.055 0.0 0.005 0.055 0.0 0.0075 0.055 0.0 0.01 0.055 0.0 0.0125 0.055 0.0 0.015 0.055 0.0 0.0175 0.055 0.0 0.02 0.055 0.0 0.0225 0.055 0.0 0.025 0.055 0.0 0.0275 0.055 0.0 0.03 0.055 0.0 0.0325 0.055 0.0 0.035 0.055 0.0 0.0375 0.055 0.0 0.04 0.055 0.0 0.0425 0.055 0.0 0.045 0.055 0.0 0.0475 0.055 0.0 0.05 0.055 0.0 0.0525 0.055 0.0 0.055 0.055 0.0 0.0575 0.055 0.0 0.06 0.055 0.0 0.0625 0.055 0.0 0.065 0.055 0.0 0.0675 0.055 0.0 0.07 0.055 0.0 0.0725 0.055 0.0 0.075 0.055 0.0 0.0775 0.055 0.0 0.08 0.055 0.0 0.0825 0.055 0.0 0.085 0.055 0.0 0.08750000000000001 0.055 0.0 0.09 0.055 0.0 0.0925 0.055 0.0 0.095 0.055 0.0 0.0975 0.055 0.0 0.1 0.055 0.0 0.0 0.0575 0.0 0.0025 0.0575 0.0 0.005 0.0575 0.0 0.0075 0.0575 0.0 0.01 0.0575 0.0 0.0125 0.0575 0.0 0.015 0.0575 0.0 0.0175 0.0575 0.0 0.02 0.0575 0.0 0.0225 0.0575 0.0 0.025 0.0575 0.0 0.0275 0.0575 0.0 0.03 0.0575 0.0 0.0325 0.0575 0.0 0.035 0.0575 0.0 0.0375 0.0575 0.0 0.04 0.0575 0.0 0.0425 0.0575 0.0 0.045 0.0575 0.0 0.0475 0.0575 0.0 0.05 0.0575 0.0 0.0525 0.0575 0.0 0.055 0.0575 0.0 0.0575 0.0575 0.0 0.06 0.0575 0.0 0.0625 0.0575 0.0 0.065 0.0575 0.0 0.0675 0.0575 0.0 0.07 0.0575 0.0 0.0725 0.0575 0.0 0.075 0.0575 0.0 0.0775 0.0575 0.0 0.08 0.0575 0.0 0.0825 0.0575 0.0 0.085 0.0575 0.0 0.08750000000000001 0.0575 0.0 0.09 0.0575 0.0 0.0925 0.0575 0.0 0.095 0.0575 0.0 0.0975 0.0575 0.0 0.1 0.0575 0.0 0.0 0.06 0.0 0.0025 0.06 0.0 0.005 0.06 0.0 0.0075 0.06 0.0 0.01 0.06 0.0 0.0125 0.06 0.0 0.015 0.06 0.0 0.0175 0.06 0.0 0.02 0.06 0.0 0.0225 0.06 0.0 0.025 0.06 0.0 0.0275 0.06 0.0 0.03 0.06 0.0 0.0325 0.06 0.0 0.035 0.06 0.0 0.0375 0.06 0.0 0.04 0.06 0.0 0.0425 0.06 0.0 0.045 0.06 0.0 0.0475 0.06 0.0 0.05 0.06 0.0 0.0525 0.06 0.0 0.055 0.06 0.0 0.0575 0.06 0.0 0.06 0.06 0.0 0.0625 0.06 0.0 0.065 0.06 0.0 0.0675 0.06 0.0 0.07 0.06 0.0 0.0725 0.06 0.0 0.075 0.06 0.0 0.0775 0.06 0.0 0.08 0.06 0.0 0.0825 0.06 0.0 0.085 0.06 0.0 0.08750000000000001 0.06 0.0 0.09 0.06 0.0 0.0925 0.06 0.0 0.095 0.06 0.0 0.0975 0.06 0.0 0.1 0.06 0.0 0.0 0.0625 0.0 0.0025 0.0625 0.0 0.005 0.0625 0.0 0.0075 0.0625 0.0 0.01 0.0625 0.0 0.0125 0.0625 0.0 0.015 0.0625 0.0 0.0175 0.0625 0.0 0.02 0.0625 0.0 0.0225 0.0625 0.0 0.025 0.0625 0.0 0.0275 0.0625 0.0 0.03 0.0625 0.0 0.0325 0.0625 0.0 0.035 0.0625 0.0 0.0375 0.0625 0.0 0.04 0.0625 0.0 0.0425 0.0625 0.0 0.045 0.0625 0.0 0.0475 0.0625 0.0 0.05 0.0625 0.0 0.0525 0.0625 0.0 0.055 0.0625 0.0 0.0575 0.0625 0.0 0.06 0.0625 0.0 0.0625 0.0625 0.0 0.065 0.0625 0.0 0.0675 0.0625 0.0 0.07 0.0625 0.0 0.0725 0.0625 0.0 0.075 0.0625 0.0 0.0775 0.0625 0.0 0.08 0.0625 0.0 0.0825 0.0625 0.0 0.085 0.0625 0.0 0.08750000000000001 0.0625 0.0 0.09 0.0625 0.0 0.0925 0.0625 0.0 0.095 0.0625 0.0 0.0975 0.0625 0.0 0.1 0.0625 0.0 0.0 0.065 0.0 0.0025 0.065 0.0 0.005 0.065 0.0 0.0075 0.065 0.0 0.01 0.065 0.0 0.0125 0.065 0.0 0.015 0.065 0.0 0.0175 0.065 0.0 0.02 0.065 0.0 0.0225 0.065 0.0 0.025 0.065 0.0 0.0275 0.065 0.0 0.03 0.065 0.0 0.0325 0.065 0.0 0.035 0.065 0.0 0.0375 0.065 0.0 0.04 0.065 0.0 0.0425 0.065 0.0 0.045 0.065 0.0 0.0475 0.065 0.0 0.05 0.065 0.0 0.0525 0.065 0.0 0.055 0.065 0.0 0.0575 0.065 0.0 0.06 0.065 0.0 0.0625 0.065 0.0 0.065 0.065 0.0 0.0675 0.065 0.0 0.07 0.065 0.0 0.0725 0.065 0.0 0.075 0.065 0.0 0.0775 0.065 0.0 0.08 0.065 0.0 0.0825 0.065 0.0 0.085 0.065 0.0 0.08750000000000001 0.065 0.0 0.09 0.065 0.0 0.0925 0.065 0.0 0.095 0.065 0.0 0.0975 0.065 0.0 0.1 0.065 0.0 0.0 0.0675 0.0 0.0025 0.0675 0.0 0.005 0.0675 0.0 0.0075 0.0675 0.0 0.01 0.0675 0.0 0.0125 0.0675 0.0 0.015 0.0675 0.0 0.0175 0.0675 0.0 0.02 0.0675 0.0 0.0225 0.0675 0.0 0.025 0.0675 0.0 0.0275 0.0675 0.0 0.03 0.0675 0.0 0.0325 0.0675 0.0 0.035 0.0675 0.0 0.0375 0.0675 0.0 0.04 0.0675 0.0 0.0425 0.0675 0.0 0.045 0.0675 0.0 0.0475 0.0675 0.0 0.05 0.0675 0.0 0.0525 0.0675 0.0 0.055 0.0675 0.0 0.0575 0.0675 0.0 0.06 0.0675 0.0 0.0625 0.0675 0.0 0.065 0.0675 0.0 0.0675 0.0675 0.0 0.07 0.0675 0.0 0.0725 0.0675 0.0 0.075 0.0675 0.0 0.0775 0.0675 0.0 0.08 0.0675 0.0 0.0825 0.0675 0.0 0.085 0.0675 0.0 0.08750000000000001 0.0675 0.0 0.09 0.0675 0.0 0.0925 0.0675 0.0 0.095 0.0675 0.0 0.0975 0.0675 0.0 0.1 0.0675 0.0 0.0 0.07 0.0 0.0025 0.07 0.0 0.005 0.07 0.0 0.0075 0.07 0.0 0.01 0.07 0.0 0.0125 0.07 0.0 0.015 0.07 0.0 0.0175 0.07 0.0 0.02 0.07 0.0 0.0225 0.07 0.0 0.025 0.07 0.0 0.0275 0.07 0.0 0.03 0.07 0.0 0.0325 0.07 0.0 0.035 0.07 0.0 0.0375 0.07 0.0 0.04 0.07 0.0 0.0425 0.07 0.0 0.045 0.07 0.0 0.0475 0.07 0.0 0.05 0.07 0.0 0.0525 0.07 0.0 0.055 0.07 0.0 0.0575 0.07 0.0 0.06 0.07 0.0 0.0625 0.07 0.0 0.065 0.07 0.0 0.0675 0.07 0.0 0.07 0.07 0.0 0.0725 0.07 0.0 0.075 0.07 0.0 0.0775 0.07 0.0 0.08 0.07 0.0 0.0825 0.07 0.0 0.085 0.07 0.0 0.08750000000000001 0.07 0.0 0.09 0.07 0.0 0.0925 0.07 0.0 0.095 0.07 0.0 0.0975 0.07 0.0 0.1 0.07 0.0 0.0 0.0725 0.0 0.0025 0.0725 0.0 0.005 0.0725 0.0 0.0075 0.0725 0.0 0.01 0.0725 0.0 0.0125 0.0725 0.0 0.015 0.0725 0.0 0.0175 0.0725 0.0 0.02 0.0725 0.0 0.0225 0.0725 0.0 0.025 0.0725 0.0 0.0275 0.0725 0.0 0.03 0.0725 0.0 0.0325 0.0725 0.0 0.035 0.0725 0.0 0.0375 0.0725 0.0 0.04 0.0725 0.0 0.0425 0.0725 0.0 0.045 0.0725 0.0 0.0475 0.0725 0.0 0.05 0.0725 0.0 0.0525 0.0725 0.0 0.055 0.0725 0.0 0.0575 0.0725 0.0 0.06 0.0725 0.0 0.0625 0.0725 0.0 0.065 0.0725 0.0 0.0675 0.0725 0.0 0.07 0.0725 0.0 0.0725 0.0725 0.0 0.075 0.0725 0.0 0.0775 0.0725 0.0 0.08 0.0725 0.0 0.0825 0.0725 0.0 0.085 0.0725 0.0 0.08750000000000001 0.0725 0.0 0.09 0.0725 0.0 0.0925 0.0725 0.0 0.095 0.0725 0.0 0.0975 0.0725 0.0 0.1 0.0725 0.0 0.0 0.075 0.0 0.0025 0.075 0.0 0.005 0.075 0.0 0.0075 0.075 0.0 0.01 0.075 0.0 0.0125 0.075 0.0 0.015 0.075 0.0 0.0175 0.075 0.0 0.02 0.075 0.0 0.0225 0.075 0.0 0.025 0.075 0.0 0.0275 0.075 0.0 0.03 0.075 0.0 0.0325 0.075 0.0 0.035 0.075 0.0 0.0375 0.075 0.0 0.04 0.075 0.0 0.0425 0.075 0.0 0.045 0.075 0.0 0.0475 0.075 0.0 0.05 0.075 0.0 0.0525 0.075 0.0 0.055 0.075 0.0 0.0575 0.075 0.0 0.06 0.075 0.0 0.0625 0.075 0.0 0.065 0.075 0.0 0.0675 0.075 0.0 0.07 0.075 0.0 0.0725 0.075 0.0 0.075 0.075 0.0 0.0775 0.075 0.0 0.08 0.075 0.0 0.0825 0.075 0.0 0.085 0.075 0.0 0.08750000000000001 0.075 0.0 0.09 0.075 0.0 0.0925 0.075 0.0 0.095 0.075 0.0 0.0975 0.075 0.0 0.1 0.075 0.0 0.0 0.0775 0.0 0.0025 0.0775 0.0 0.005 0.0775 0.0 0.0075 0.0775 0.0 0.01 0.0775 0.0 0.0125 0.0775 0.0 0.015 0.0775 0.0 0.0175 0.0775 0.0 0.02 0.0775 0.0 0.0225 0.0775 0.0 0.025 0.0775 0.0 0.0275 0.0775 0.0 0.03 0.0775 0.0 0.0325 0.0775 0.0 0.035 0.0775 0.0 0.0375 0.0775 0.0 0.04 0.0775 0.0 0.0425 0.0775 0.0 0.045 0.0775 0.0 0.0475 0.0775 0.0 0.05 0.0775 0.0 0.0525 0.0775 0.0 0.055 0.0775 0.0 0.0575 0.0775 0.0 0.06 0.0775 0.0 0.0625 0.0775 0.0 0.065 0.0775 0.0 0.0675 0.0775 0.0 0.07 0.0775 0.0 0.0725 0.0775 0.0 0.075 0.0775 0.0 0.0775 0.0775 0.0 0.08 0.0775 0.0 0.0825 0.0775 0.0 0.085 0.0775 0.0 0.08750000000000001 0.0775 0.0 0.09 0.0775 0.0 0.0925 0.0775 0.0 0.095 0.0775 0.0 0.0975 0.0775 0.0 0.1 0.0775 0.0 0.0 0.08 0.0 0.0025 0.08 0.0 0.005 0.08 0.0 0.0075 0.08 0.0 0.01 0.08 0.0 0.0125 0.08 0.0 0.015 0.08 0.0 0.0175 0.08 0.0 0.02 0.08 0.0 0.0225 0.08 0.0 0.025 0.08 0.0 0.0275 0.08 0.0 0.03 0.08 0.0 0.0325 0.08 0.0 0.035 0.08 0.0 0.0375 0.08 0.0 0.04 0.08 0.0 0.0425 0.08 0.0 0.045 0.08 0.0 0.0475 0.08 0.0 0.05 0.08 0.0 0.0525 0.08 0.0 0.055 0.08 0.0 0.0575 0.08 0.0 0.06 0.08 0.0 0.0625 0.08 0.0 0.065 0.08 0.0 0.0675 0.08 0.0 0.07 0.08 0.0 0.0725 0.08 0.0 0.075 0.08 0.0 0.0775 0.08 0.0 0.08 0.08 0.0 0.0825 0.08 0.0 0.085 0.08 0.0 0.08750000000000001 0.08 0.0 0.09 0.08 0.0 0.0925 0.08 0.0 0.095 0.08 0.0 0.0975 0.08 0.0 0.1 0.08 0.0 0.0 0.0825 0.0 0.0025 0.0825 0.0 0.005 0.0825 0.0 0.0075 0.0825 0.0 0.01 0.0825 0.0 0.0125 0.0825 0.0 0.015 0.0825 0.0 0.0175 0.0825 0.0 0.02 0.0825 0.0 0.0225 0.0825 0.0 0.025 0.0825 0.0 0.0275 0.0825 0.0 0.03 0.0825 0.0 0.0325 0.0825 0.0 0.035 0.0825 0.0 0.0375 0.0825 0.0 0.04 0.0825 0.0 0.0425 0.0825 0.0 0.045 0.0825 0.0 0.0475 0.0825 0.0 0.05 0.0825 0.0 0.0525 0.0825 0.0 0.055 0.0825 0.0 0.0575 0.0825 0.0 0.06 0.0825 0.0 0.0625 0.0825 0.0 0.065 0.0825 0.0 0.0675 0.0825 0.0 0.07 0.0825 0.0 0.0725 0.0825 0.0 0.075 0.0825 0.0 0.0775 0.0825 0.0 0.08 0.0825 0.0 0.0825 0.0825 0.0 0.085 0.0825 0.0 0.08750000000000001 0.0825 0.0 0.09 0.0825 0.0 0.0925 0.0825 0.0 0.095 0.0825 0.0 0.0975 0.0825 0.0 0.1 0.0825 0.0 0.0 0.085 0.0 0.0025 0.085 0.0 0.005 0.085 0.0 0.0075 0.085 0.0 0.01 0.085 0.0 0.0125 0.085 0.0 0.015 0.085 0.0 0.0175 0.085 0.0 0.02 0.085 0.0 0.0225 0.085 0.0 0.025 0.085 0.0 0.0275 0.085 0.0 0.03 0.085 0.0 0.0325 0.085 0.0 0.035 0.085 0.0 0.0375 0.085 0.0 0.04 0.085 0.0 0.0425 0.085 0.0 0.045 0.085 0.0 0.0475 0.085 0.0 0.05 0.085 0.0 0.0525 0.085 0.0 0.055 0.085 0.0 0.0575 0.085 0.0 0.06 0.085 0.0 0.0625 0.085 0.0 0.065 0.085 0.0 0.0675 0.085 0.0 0.07 0.085 0.0 0.0725 0.085 0.0 0.075 0.085 0.0 0.0775 0.085 0.0 0.08 0.085 0.0 0.0825 0.085 0.0 0.085 0.085 0.0 0.08750000000000001 0.085 0.0 0.09 0.085 0.0 0.0925 0.085 0.0 0.095 0.085 0.0 0.0975 0.085 0.0 0.1 0.085 0.0 0.0 0.08750000000000001 0.0 0.0025 0.08750000000000001 0.0 0.005 0.08750000000000001 0.0 0.0075 0.08750000000000001 0.0 0.01 0.08750000000000001 0.0 0.0125 0.08750000000000001 0.0 0.015 0.08750000000000001 0.0 0.0175 0.08750000000000001 0.0 0.02 0.08750000000000001 0.0 0.0225 0.08750000000000001 0.0 0.025 0.08750000000000001 0.0 0.0275 0.08750000000000001 0.0 0.03 0.08750000000000001 0.0 0.0325 0.08750000000000001 0.0 0.035 0.08750000000000001 0.0 0.0375 0.08750000000000001 0.0 0.04 0.08750000000000001 0.0 0.0425 0.08750000000000001 0.0 0.045 0.08750000000000001 0.0 0.0475 0.08750000000000001 0.0 0.05 0.08750000000000001 0.0 0.0525 0.08750000000000001 0.0 0.055 0.08750000000000001 0.0 0.0575 0.08750000000000001 0.0 0.06 0.08750000000000001 0.0 0.0625 0.08750000000000001 0.0 0.065 0.08750000000000001 0.0 0.0675 0.08750000000000001 0.0 0.07 0.08750000000000001 0.0 0.0725 0.08750000000000001 0.0 0.075 0.08750000000000001 0.0 0.0775 0.08750000000000001 0.0 0.08 0.08750000000000001 0.0 0.0825 0.08750000000000001 0.0 0.085 0.08750000000000001 0.0 0.08750000000000001 0.08750000000000001 0.0 0.09 0.08750000000000001 0.0 0.0925 0.08750000000000001 0.0 0.095 0.08750000000000001 0.0 0.0975 0.08750000000000001 0.0 0.1 0.08750000000000001 0.0 0.0 0.09 0.0 0.0025 0.09 0.0 0.005 0.09 0.0 0.0075 0.09 0.0 0.01 0.09 0.0 0.0125 0.09 0.0 0.015 0.09 0.0 0.0175 0.09 0.0 0.02 0.09 0.0 0.0225 0.09 0.0 0.025 0.09 0.0 0.0275 0.09 0.0 0.03 0.09 0.0 0.0325 0.09 0.0 0.035 0.09 0.0 0.0375 0.09 0.0 0.04 0.09 0.0 0.0425 0.09 0.0 0.045 0.09 0.0 0.0475 0.09 0.0 0.05 0.09 0.0 0.0525 0.09 0.0 0.055 0.09 0.0 0.0575 0.09 0.0 0.06 0.09 0.0 0.0625 0.09 0.0 0.065 0.09 0.0 0.0675 0.09 0.0 0.07 0.09 0.0 0.0725 0.09 0.0 0.075 0.09 0.0 0.0775 0.09 0.0 0.08 0.09 0.0 0.0825 0.09 0.0 0.085 0.09 0.0 0.08750000000000001 0.09 0.0 0.09 0.09 0.0 0.0925 0.09 0.0 0.095 0.09 0.0 0.0975 0.09 0.0 0.1 0.09 0.0 0.0 0.0925 0.0 0.0025 0.0925 0.0 0.005 0.0925 0.0 0.0075 0.0925 0.0 0.01 0.0925 0.0 0.0125 0.0925 0.0 0.015 0.0925 0.0 0.0175 0.0925 0.0 0.02 0.0925 0.0 0.0225 0.0925 0.0 0.025 0.0925 0.0 0.0275 0.0925 0.0 0.03 0.0925 0.0 0.0325 0.0925 0.0 0.035 0.0925 0.0 0.0375 0.0925 0.0 0.04 0.0925 0.0 0.0425 0.0925 0.0 0.045 0.0925 0.0 0.0475 0.0925 0.0 0.05 0.0925 0.0 0.0525 0.0925 0.0 0.055 0.0925 0.0 0.0575 0.0925 0.0 0.06 0.0925 0.0 0.0625 0.0925 0.0 0.065 0.0925 0.0 0.0675 0.0925 0.0 0.07 0.0925 0.0 0.0725 0.0925 0.0 0.075 0.0925 0.0 0.0775 0.0925 0.0 0.08 0.0925 0.0 0.0825 0.0925 0.0 0.085 0.0925 0.0 0.08750000000000001 0.0925 0.0 0.09 0.0925 0.0 0.0925 0.0925 0.0 0.095 0.0925 0.0 0.0975 0.0925 0.0 0.1 0.0925 0.0 0.0 0.095 0.0 0.0025 0.095 0.0 0.005 0.095 0.0 0.0075 0.095 0.0 0.01 0.095 0.0 0.0125 0.095 0.0 0.015 0.095 0.0 0.0175 0.095 0.0 0.02 0.095 0.0 0.0225 0.095 0.0 0.025 0.095 0.0 0.0275 0.095 0.0 0.03 0.095 0.0 0.0325 0.095 0.0 0.035 0.095 0.0 0.0375 0.095 0.0 0.04 0.095 0.0 0.0425 0.095 0.0 0.045 0.095 0.0 0.0475 0.095 0.0 0.05 0.095 0.0 0.0525 0.095 0.0 0.055 0.095 0.0 0.0575 0.095 0.0 0.06 0.095 0.0 0.0625 0.095 0.0 0.065 0.095 0.0 0.0675 0.095 0.0 0.07 0.095 0.0 0.0725 0.095 0.0 0.075 0.095 0.0 0.0775 0.095 0.0 0.08 0.095 0.0 0.0825 0.095 0.0 0.085 0.095 0.0 0.08750000000000001 0.095 0.0 0.09 0.095 0.0 0.0925 0.095 0.0 0.095 0.095 0.0 0.0975 0.095 0.0 0.1 0.095 0.0 0.0 0.0975 0.0 0.0025 0.0975 0.0 0.005 0.0975 0.0 0.0075 0.0975 0.0 0.01 0.0975 0.0 0.0125 0.0975 0.0 0.015 0.0975 0.0 0.0175 0.0975 0.0 0.02 0.0975 0.0 0.0225 0.0975 0.0 0.025 0.0975 0.0 0.0275 0.0975 0.0 0.03 0.0975 0.0 0.0325 0.0975 0.0 0.035 0.0975 0.0 0.0375 0.0975 0.0 0.04 0.0975 0.0 0.0425 0.0975 0.0 0.045 0.0975 0.0 0.0475 0.0975 0.0 0.05 0.0975 0.0 0.0525 0.0975 0.0 0.055 0.0975 0.0 0.0575 0.0975 0.0 0.06 0.0975 0.0 0.0625 0.0975 0.0 0.065 0.0975 0.0 0.0675 0.0975 0.0 0.07 0.0975 0.0 0.0725 0.0975 0.0 0.075 0.0975 0.0 0.0775 0.0975 0.0 0.08 0.0975 0.0 0.0825 0.0975 0.0 0.085 0.0975 0.0 0.08750000000000001 0.0975 0.0 0.09 0.0975 0.0 0.0925 0.0975 0.0 0.095 0.0975 0.0 0.0975 0.0975 0.0 0.1 0.0975 0.0 0.0 0.1 0.0 0.0025 0.1 0.0 0.005 0.1 0.0 0.0075 0.1 0.0 0.01 0.1 0.0 0.0125 0.1 0.0 0.015 0.1 0.0 0.0175 0.1 0.0 0.02 0.1 0.0 0.0225 0.1 0.0 0.025 0.1 0.0 0.0275 0.1 0.0 0.03 0.1 0.0 0.0325 0.1 0.0 0.035 0.1 0.0 0.0375 0.1 0.0 0.04 0.1 0.0 0.0425 0.1 0.0 0.045 0.1 0.0 0.0475 0.1 0.0 0.05 0.1 0.0 0.0525 0.1 0.0 0.055 0.1 0.0 0.0575 0.1 0.0 0.06 0.1 0.0 0.0625 0.1 0.0 0.065 0.1 0.0 0.0675 0.1 0.0 0.07 0.1 0.0 0.0725 0.1 0.0 0.075 0.1 0.0 0.0775 0.1 0.0 0.08 0.1 0.0 0.0825 0.1 0.0 0.085 0.1 0.0 0.08750000000000001 0.1 0.0 0.09 0.1 0.0 0.0925 0.1 0.0 0.095 0.1 0.0 0.0975 0.1 0.0 0.1 0.1 0.0
</DataArray>
</Points>
<Cells>
<DataArray type="Int64" Name="connectivity" format="ascii">
0 1 42 41 1 2 43 42 2 3 44 43 3 4 45 44 4 5 46 45 5 6 47 46 6 7 48 47 7 8 49 48 8 9 50 49 9 10 51 50 10 11 52 51 11 12 53 52 12 13 54 53 13 14 55 54 14 15 56 55 15 16 57 56 16 17 58 57 17 18 59 58 18 19 60 59 19 20 61 60 20 21 62 61 21 22 63 62 22 23 64 63 23 24 65 64 24 25 66 65 25 26 67 66 26 27 68 67 27 28 69 68 28 29 70 69 29 30 71 70 30 31 72 71 31 32 73 72 32 33 74 73 33 34 75 74 34 35 76 75 35 36 77 76 36 37 78 77 37 38 79 78 38 39 80 79 39 40 81 80 41 42 83 82 42 43 84 83 43 44 85 84 44 45 86 85 45 46 87 86 46 47 88 87 47 48 89 88 48 49 90 89 49 50 91 90 50 51 92 91 51 52 93 92 52 53 94 93 53 54 95 94 54 55 96 95 55 56 97 96 56 57 98 97 57 58 99 98 58 59 100 99 59 60 101 100 60 61 102 101 61 62 103 102 62 63 104 103 63 64 105 104 64 65 106 105 65 66 107 106 66 67 108 107 67 68 109 108 68 69 110 109 69 70 111 110 70 71 112 111 71 72 113 112 72 73 114 113 73 74 115 114 74 75 116 115 75 76 117 116 76 77 118 117 77 78 119 118 78 79 120 119 79 80 121 120 80 81 122 121 82 83 124 123 83 84 125 124 84 85 126 125 85 86 127 126 86 87 128 127 87 88 129 128 88 89 130 129 89 90 131 130 90 91 132 131 91 92 133 132 92 93 134 133 93 94 135 134 94 95 136 135 95 96 137 136 96 97 138 137 97 98 139 138 98 99 140 139 99 100 141 140 100 101 142 141 101 102 143 142 102 103 144 143 103 104 145 144 104 105 146 145 105 106 147 146 106 107 148 147 107 108 149 148 108 109 150 149 109 110 151 150 110 111 152 151 111 112 153 152 112 113 154 153 113 114 155 154 114 115 156 155 115 116 157 156 116 117 158 157 117 118 159 158 118 119 160 159 119 120 161 160 120 121 162 161 121 122 163 162 123 124 165 164 124 125 166 165 125 126 167 166 126 127 168 167 127 128 169 168 128 129 170 169 129 130 171 170 130 131 172 171 131 132 173 172 132 133 174 173 133 134 175 174 134 135 176 175 135 136 177 176 136 137 178 177 137 138 179 178 138 139 180 179 139 140 181 180 140 141 182 181 141 142 183 182 142 143 184 183 143 144 185 184 144 145 186 185 145 146 187 186 146 147 188 187 147 148 189 188 148 149 190 189 149 150 191 190 150 151 192 191 151 152 193 192 152 153 194 193 153 154 195 194 154 155 196 195 155 156 197 196 156 157 198 197 157 158 199 198 158 159 200 199 159 160 201 200 160 161 202 201 161 162 203 202 162 163 204 203 164 165 206 205 165 166 207 206 166 167 208 207 167 168 209 208 168 169 210 209 169 170 211 210 170 171 212 211 171 172 213 212 172 173 214 213 173 174 215 214 174 175 216 215 175 176 217 216 176 177 218 217 177 178 219 218 178 179 220 219 179 180 221 220 180 181 222 221 181 182 223 222 182 183 224 223 183 184 225 224 184 185 226 225 185 186 227 226 186 187 228 227 187 188 229 228 188 189 230 229 189 190 231 230 190 191 232 231 191 192 233 232 192 193 234 233 193 194 235 234 194 195 236 235 195 196 237 236 196 197 238 237 197 198 239 238 198 199 240 239 199 200 241 240 200 201 242 241 201 202 243 242 202 203 244 243 203 204 245 244 205 206 247 246 206 207 248 247 207 208 249 248 208 209 250 249 209 210 251 250 210 211 252 251 211 212 253 252 212 213 254 253 213 214 255 254 214 215 256 255 215 216 257 256 216 217 258 257 217 218 259 258 218 219 260 259 219 220 261 260 220 221 262 261 221 222 263 262 222 223 264 263 223 224 265 264 224 225 266 265 225 226 267 266 226 227 268 267 227 228 269 268 228 229 270 269 229 230 271 270 230 231 272 271 231 232 273 272 232 233 274 273 233 234 275 274 234 235 276 275 235 236 277 276 236 237 278 277 237 238 279 278 238 239 280 279 239 240 281 280 240 241 282 281 241 242 283 282 242 243 284 283 243 244 285 284 244 245 286 285 246 247 288 287 247 248 289 288 248 249 290 289 249 250 291 290 250 251 292 291 251 252 293 292 252 253 294 293 253 254 295 294 254 255 296 295 255 256 297 296 256 257 298 297 257 258 299 298 258 259 300 299 259 260 301 300 260 261 302 301 261 262 303 302 262 263 304 303 263 264 305 304 264 265 306 305 265 266 307 306 266 267 308 307 267 268 309 308 268 269 310 309 269 270 311 310 270 271 312 311 271 272 313 312 272 273 314 313 273 274 315 314 274 275 316 315 275 276 317 316 276 277 318 317 277 278 319 318 278 279 320 319 279 280 321 320 280 281 322 321 281 282 323 322 282 283 324 323 283 284 325 324 284 285 326 325 285 286 327 326 287 288 329 328 288 289 330 329 289 290 331 330 290 291 332 331 291 292 333 332 292 293 334 333 293 294 335 334 294 295 336 335 295 296 337 336 296 297 338 337 297 298 339 338 298 299 340 339 299 300 341 340 300 301 342 341 301 302 343 342 302 303 344 343 303 304 345 344 304 305 346 345 305 306 347 346 306 307 348 347 307 308 349 348 308 309 350 349 309 310 351 350 310 311 352 351 311 312 353 352 312 313 354 353 313 314 355 354 314 315 356 355 315 316 357 356 316 317 358 357 317 318 359 358 318 319 360 359 319 320 361 360 320 321 362 361 321 322 363 362 322 323 364 363 323 324 365 364 324 325 366 365 325 326 367 366 326 327 368 367 328 329 370 369 329 330 371 370 330 331 372 371 331 332 373 372 332 333 374 373 333 334 375 374 334 335 376 375 335 336 377 376 336 337 378 377 337 338 379 378 338 339 380 379 339 340 381 380 340 341 382 381 341 342 383 382 342 343 384 383 343 344 385 384 344 345 386 385 345 346 387 386 346 347 388 387 347 348 389 388 348 349 390 389 349 350 391 390 350 351 392 391 351 352 393 392 352 353 394 393 353 354 395 394 354 355 396 395 355 356 397 396 356 357 398 397 357 358 399 398 358 359 400 399 359 360 401 400 360 361 402 401 361 362 403 402 362 363 404 403 363 364 405 404 364 365 406 405 365 366 407 406 366 367 408 407 367 368 409 408 369 370 411 410 370 371 412 411 371 372 413 412 372 373 414 413 373 374 415 414 374 375 416 415 375 376 417 416 376 377 418 417 377 378 419 418 378 379 420 419 379 380 421 420 380 381 422 421 381 382 423 422 382 383 424 423 383 384 425 424 384 385 426 425 385 386 427 426 386 387 428 427 387 388 429 428 388 389 430 429 389 390 431 430 390 391 432 431 391 392 433 432 392 393 434 433 393 394 435 434 394 395 436 435 395 396 437 436 396 397 438 437 397 398 439 438 398 399 440 439 399 400 441 440 400 401 442 441 401 402 443 442 402 403 444 443 403 404 445 444 404 405 446 445 405 406 447 446 406 407 448 447 407 408 449 448 408 409 450 449 410 411 452 451 411 412 453 452 412 413 454 453 413 414 455 454 414 415 456 455 415 416 457 456 416 417 458 457 417 418 459 458 418 419 460 459 419 420 461 460 420 421 462 461 421 422 463 462 422 423 464 463 423 424 465 464 424 425 466 465 425 426 467 466 426 427 468 467 427 428 469 468 428 429 470 469 429 430 471 470 430 431 472 471 431 432 473 472 432 433 474 473 433 434 475 474 434 435 476 475 435 436 477 476 436 437 478 477 437 438 479 478 438 439 480 479 439 440 481 480 440 441 482 481 441 442 483 482 442 443 484 483 443 444 485 484 444 445 486 485 445 446 487 486 446 447 488 487 447 448 489 488 448 449 490 489 449 450 491 490 451 452 493 492 452 453 494 493 453 454 495 494 454 455 496 495 455 456 497 496 456 457 498 497 457 458 499 498 458 459 500 499 459 460 501 500 460 461 502 501 461 462 503 502 462 463 504 503 463 464 505 504 464 465 506 505 465 466 507 506 466 467 508 507 467 468 509 508 468 469 510 509 469 470 511 510 470 471 512 511 471 472 513 512 472 473 514 513 473 474 515 514 474 475 516 515 475 476 517 516 476 477 518 517 477 478 519 518 478 479 520 519 479 480 521 520 480 481 522 521 481 482 523 522 482 483 524 523 483 484 525 524 484 485 526 525 485 486 527 526 486 487 528 527 487 488 529 528 488 489 530 529 489 490 531 530 490 491 532 531 492 493 534 533 493 494 535 534 494 495 536 535 495 496 537 536 496 497 538 537 497 498 539 538 498 499 540 539 499 500 541 540 500 501 542 541 501 502 543 542 502 503 544 543 503 504 545 544 504 505 546 545 505 506 547 546 506 507 548 547 507 508 549 548 508 509 550 549 509 510 551 550 510 511 552 551 511 512 553 552 512 513 554 553 513 514 555 554 514 515 556 555 515 516 557 556 516 517 558 557 517 518 559 558 518 519 560 559 519 520 561 560 520 521 562 561 521 522 563 562 522 523 564 563 523 524 565 564 524 525 566 565 525 526 567 566 526 527 568 567 527 528 569 568 528 529 570 569 529 530 571 570 530 531 572 571 531 532 573 572 533 534 575 574 534 535 576 575 535 536 577 576 536 537 578 577 537 538 579 578 538 539 580 579 539 540 581 580 540 541 582 581 541 542 583 582 542 543 584 583 543 544 585 584 544 545 586 585 545 546 587 586 546 547 588 587 547 548 589 588 548 549 590 589 549 550 591 590 550 551 592 591 551 552 593 592 552 553 594 593 553 554 595 594 554 555 596 595 555 556 597 596 556 557 598 597 557 558 599 598 558 559 600 599 559 560 601 600 560 561 602 601 561 562 603 602 562 563 604 603 563 564 605 604 564 565 606 605 565 566 607 606 566 567 608 607 567 568 609 608 568 569 610 609 569 570 611 610 570 571 612 611 571 572 613 612 572 573 614 613 574 575 616 615 575 576 617 616 576 577 618 617 577 578 619 618 578 579 620 619 579 580 621 620 580 581 622 621 581 582 623 622 582 583 624 623 583 584 625 624 584 585 626 625 585 586 627 626 586 587 628 627 587 588 629 628 588 589 630 629 589 590 631 630 590 591 632 631 591 592 633 632 592 593 634 633 593 594 635 634 594 595 636 635 595 596 637 636 596 597 638 637 597 598 639 638 598 599 640 639 599 600 641 640 600 601 642 641 601 602 643 642 602 603 644 643 603 604 645 644 604 605 646 645 605 606 647 646 606 607 648 647 607 608 649 648 608 609 650 649 609 610 651 650 610 611 652 651 611 612 653 652 612 613 654 653 613 614 655 654 615 616 657 656 616 617 658 657 617 618 659 658 618 619 660 659 619 620 661 660 620 621 662 661 621 622 663 662 622 623 664 663 623 624 665 664 624 625 666 665 625 626 667 666 626 627 668 667 627 628 669 668 628 629 670 669 629 630 671 670 630 631 672 671 631 632 673 672 632 633 674 673 633 634 675 674 634 635 676 675 635 636 677 676 636 637 678 677 637 638 679 678 638 639 680 679 639 640 681 680 640 641 682 681 641 642 683 682 642 643 684 683 643 644 685 684 644 645 686 685 645 646 687 686 646 647 688 687 647 648 689 688 648 649 690 689 649 650 691 690 650 651 692 691 651 652 693 692 652 653 694 693 653 654 695 694 654 655 696 695 656 657 698 697 657 658 699 698 658 659 700 699 659 660 701 700 660 661 702 701 661 662 703 702 662 663 704 703 663 664 705 704 664 665 706 705 665 666 707 706 666 667 708 707 667 668 709 708 668 669 710 709 669 670 711 710 670 671 712 711 671 672 713 712 672 673 714 713 673 674 715 714 674 675 716 715 675 676 717 716 676 677 718 717 677 678 719 718 678 679 720 719 679 680 721 720 680 681 722 721 681 682 723 722 682 683 724 723 683 684 725 724 684 685 726 725 685 686 727 726 686 687 728 727 687 688 729 728 688 689 730 729 689 690 731 730 690 691 732 731 691 692 733 732 692 693 734 733 693 694 735 734 694 695 736 735 695 696 737 736 697 698 739 738 698 699 740 739 699 700 741 740 700 701 742 741 701 702 743 742 702 703 744 743 703 704 745 744 704 705 746 745 705 706 747 746 706 707 748 747 707 708 749 748 708 709 750 749 709 710 751 750 710 711 752 751 711 712 753 752 712 713 754 753 713 714 755 754 714 715 756 755 715 716 757 756 716 717 758 757 717 718 759 758 718 719 760 759 719 720 761 760 720 721 762 761 721 722 763 762 722 723 764 763 723 724 765 764 724 725 766 765 725 726 767 766 726 727 768 767 727 728 769 768 728 729 770 769 729 730 771 770 730 731 772 771 731 732 773 772 732 733 774 773 733 734 775 774 734 735 776 775 735 736 777 776 736 737 778 777 738 739 780 779 739 740 781 780 740 741 782 781 741 742 783 782 742 743 784 783 743 744 785 784 744 745 786 785 745 746 787 786 746 747 788 787 747 748 789 788 748 749 790 789 749 750 791 790 750 751 792 791 751 752 793 792 752 753 794 793 753 754 795 794 754 755 796 795 755 756 797 796 756 757 798 797 757 758 799 798 758 759 800 799 759 760 801 800 760 761 802 801 761 762 803 802 762 763 804 803 763 764 805 804 764 765 806 805 765 766 807 806 766 767 808 807 767 768 809 808 768 769 810 809 769 770 811 810 770 771 812 811 771 772 813 812 772 773 814 813 773 774 815 814 774 775 816 815 775 776 817 816 776 777 818 817 777 778 819 818 779 780 821 820 780 781 822 821 781 782 823 822 782 783 824 823 783 784 825 824 784 785 826 825 785 786 827 826 786 787 828 827 787 788 829 828 788 789 830 829 789 790 831 830 790 791 832 831 791 792 833 832 792 793 834 833 793 794 835 834 794 795 836 835 795 796 837 836 796 797 838 837 797 798 839 838 798 799 840 839 799 800 841 840 800 801 842 841 801 802 843 842 802 803 844 843 803 804 845 844 804 805 846 845 805 806 847 846 806 807 848 847 807 808 849 848 808 809 850 849 809 810 851 850 810 811 852 851 811 812 853 852 812 813 854 853 813 814 855 854 814 815 856 855 815 816 857 856 816 817 858 857 817 818 859 858 818 819 860 859 820 821 862 861 821 822 863 862 822 823 864 863 823 824 865 864 824 825 866 865 825 826 867 866 826 827 868 867 827 828 869 868 828 829 870 869 829 830 871 870 830 831 872 871 831 832 873 872 832 833 874 873 833 834 875 874 834 835 876 875 835 836 877 876 836 837 878 877 837 838 879 878 838 839 880 879 839 840 881 880 840 841 882 881 841 842 883 882 842 843 884 883 843 844 885 884 844 845 886 885 845 846 887 886 846 847 888 887 847 848 889 888 848 849 890 889 849 850 891 890 850 851 892 891 851 852 893 892 852 853 894 893 853 854 895 894 854 855 896 895 855 856 897 896 856 857 898 897 857 858 899 898 858 859 900 899 859 860 901 900 861 862 903 902 862 863 904 903 863 864 905 904 864 865 906 905 865 866 907 906 866 867 908 907 867 868 909 908 868 869 910 909 869 870 911 910 870 871 912 911 871 872 913 912 872 873 914 913 873 874 915 914 874 875 916 915 875 876 917 916 876 877 918 917 877 878 919 918 878 879 920 919 879 880 921 920 880 881 922 921 881 882 923 922 882 883 924 923 883 884 925 924 884 885 926 925 885 886 927 926 886 887 928 927 887 888 929 928 888 889 930 929 889 890 931 930 890 891 932 931 891 892 933 932 892 893 934 933 893 894 935 934 894 895 936 935 895 896 937 936 896 897 938 937 897 898 939 938 898 899 940 939 899 900 941 940 900 901 942 941 902 903 944 943 903 904 945 944 904 905 946 945 905 906 947 946 906 907 948 947 907 908 949 948 908 909 950 949 909 910 951 950 910 911 952 951 911 912 953 952 912 913 954 953 913 914 955 954 914 915 956 955 915 916 957 956 916 917 958 957 917 918 959 958 918 919 960 959 919 920 961 960 920 921 962 961 921 922 963 962 922 923 964 963 923 924 965 964 924 925 966 965 925 926 967 966 926 927 968 967 927 928 969 968 928 929 970 969 929 930 971 970 930 931 972 971 931 932 973 972 932 933 974 973 933 934 975 974 934 935 976 975 935 936 977 976 936 937 978 977 937 938 979 978 938 939 980 979 939 940 981 980 940 941 982 981 941 942 983 982 943 944 985 984 944 945 986 985 945 946 987 986 946 947 988 987 947 948 989 988 948 949 990 989 949 950 991 990 950 951 992 991 951 952 993 992 952 953 994 993 953 954 995 994 954 955 996 995 955 956 997 996 956 957 998 997 957 958 999 998 958 959 1000 999 959 960 1001 1000 960 961 1002 1001 961 962 1003 1002 962 963 1004 1003 963 964 1005 1004 964 965 1006 1005 965 966 1007 1006 966 967 1008 1007 967 968 1009 1008 968 969 1010 1009 969 970 1011 1010 970 971 1012 1011 971 972 1013 1012 972 973 1014 1013 973 974 1015 1014 974 975 1016 1015 975 976 1017 1016 976 977 1018 1017 977 978 1019 1018 978 979 1020 1019 979 980 1021 1020 980 981 1022 1021 981 982 1023 1022 982 983 1024 1023 984 985 1026 1025 985 986 1027 1026 986 987 1028 1027 987 988 1029 1028 988 989 1030 1029 989 990 1031 1030 990 991 1032 1031 991 992 1033 1032 992 993 1034 1033 993 994 1035 1034 994 995 1036 1035 995 996 1037 1036 996 997 1038 1037 997 998 1039 1038 998 999 1040 1039 999 1000 1041 1040 1000 1001 1042 1041 1001 1002 1043 1042 1002 1003 1044 1043 1003 1004 1045 1044 1004 1005 1046 1045 1005 1006 1047 1046 1006 1007 1048 1047 1007 1008 1049 1048 1008 1009 1050 1049 1009 1010 1051 1050 1010 1011 1052 1051 1011 1012 1053 1052 1012 1013 1054 1053 1013 1014 1055 1054 1014 1015 1056 1055 1015 1016 1057 1056 1016 1017 1058 1057 1017 1018 1059 1058 1018 1019 1060 1059 1019 1020 1061 1060 1020 1021 1062 1061 1021 1022 1063 1062 1022 1023 1064 1063 1023 1024 1065 1064 1025 1026 1067 1066 1026 1027 1068 1067 1027 1028 1069 1068 1028 1029 1070 1069 1029 1030 1071 1070 1030 1031 1072 1071 1031 1032 1073 1072 1032 1033 1074 1073 1033 1034 1075 1074 1034 1035 1076 1075 1035 1036 1077 1076 1036 1037 1078 1077 1037 1038 1079 1078 1038 1039 1080 1079 1039 1040 1081 1080 1040 1041 1082 1081 1041 1042 1083 1082 1042 1043 1084 1083 1043 1044 1085 1084 1044 1045 1086 1085 1045 1046 1087 1086 1046 1047 1088 1087 1047 1048 1089 1088 1048 1049 1090 1089 1049 1050 1091 1090 1050 1051 1092 1091 1051 1052 1093 1092 1052 1053 1094 1093 1053 1054 1095 1094 1054 1055 1096 1095 1055 1056 1097 1096 1056 1057 1098 1097 1057 1058 1099 1098 1058 1059 1100 1099 1059 1060 1101 1100 1060 1061 1102 1101 1061 1062 1103 1102 1062 1063 1104 1103 1063 1064 1105 1104 1064 1065 1106 1105 1066 1067 1108 1107 1067 1068 1109 1108 1068 1069 1110 1109 1069 1070 1111 1110 1070 1071 1112 1111 1071 1072 1113 1112 1072 1073 1114 1113 1073 1074 1115 1114 1074 1075 1116 1115 1075 1076 1117 1116 1076 1077 1118 1117 1077 1078 1119 1118 1078 1079 1120 1119 1079 1080 1121 1120 1080 1081 1122 1121 1081 1082 1123 1122 1082 1083 1124 1123 1083 1084 1125 1124 1084 1085 1126 1125 1085 1086 1127 1126 1086 1087 1128 1127 1087 1088 1129 1128 1088 1089 1130 1129 1089 1090 1131 1130 1090 1091 1132 1131 1091 1092 1133 1132 1092 1093 1134 1133 1093 1094 1135 1134 1094 1095 1136 1135 1095 1096 1137 1136 1096 1097 1138 1137 1097 1098 1139 1138 1098 1099 1140 1139 1099 1100 1141 1140 1100 1101 1142 1141 1101 1102 1143 1142 1102 1103 1144 1143 1103 1104 1145 1144 1104 1105 1146 1145 1105 1106 1147 1146 1107 1108 1149 1148 1108 1109 1150 1149 1109 1110 1151 1150 1110 1111 1152 1151 1111 1112 1153 1152 1112 1113 1154 1153 1113 1114 1155 1154 1114 1115 1156 1155 1115 1116 1157 1156 1116 1117 1158 1157 1117 1118 1159 1158 1118 1119 1160 1159 1119 1120 1161 1160 1120 1121 1162 1161 1121 1122 1163 1162 1122 1123 1164 1163 1123 1124 1165 1164 1124 1125 1166 1165 1125 1126 1167 1166 1126 1127 1168 1167 1127 1128 1169 1168 1128 1129 1170 1169 1129 1130 1171 1170 1130 1131 1172 1171 1131 1132 1173 1172 1132 1133 1174 1173 1133 1134 1175 1174 1134 1135 1176 1175 1135 1136 1177 1176 1136 1137 1178 1177 1137 1138 1179 1178 1138 1139 1180 1179 1139 1140 1181 1180 1140 1141 1182 1181 1141 1142 1183 1182 1142 1143 1184 1183 1143 1144 1185 1184 1144 1145 1186 1185 1145 1146 1187 1186 1146 1147 1188 1187 1148 1149 1190 1189 1149 1150 1191 1190 1150 1151 1192 1191 1151 1152 1193 1192 1152 1153 1194 1193 1153 1154 1195 1194 1154 1155 1196 1195 1155 1156 1197 1196 1156 1157 1198 1197 1157 1158 1199 1198 1158 1159 1200 1199 1159 1160 1201 1200 1160 1161 1202 1201 1161 1162 1203 1202 1162 1163 1204 1203 1163 1164 1205 1204 1164 1165 1206 1205 1165 1166 1207 1206 1166 1167 1208 1207 1167 1168 1209 1208 1168 1169 1210 1209 1169 1170 1211 1210 1170 1171 1212 1211 1171 1172 1213 1212 1172 1173 1214 1213 1173 1174 1215 1214 1174 1175 1216 1215 1175 1176 1217 1216 1176 1177 1218 1217 1177 1178 1219 1218 1178 1179 1220 1219 1179 1180 1221 1220 1180 1181 1222 1221 1181 1182 1223 1222 1182 1183 1224 1223 1183 1184 1225 1224 1184 1185 1226 1225 1185 1186 1227 1226 1186 1187 1228 1227 1187 1188 1229 1228 1189 1190 1231 1230 1190 1191 1232 1231 1191 1192 1233 1232 1192 1193 1234 1233 1193 1194 1235 1234 1194 1195 1236 1235 1195 1196 1237 1236 1196 1197 1238 1237 1197 1198 1239 1238 1198 1199 1240 1239 1199 1200 1241 1240 1200 1201 1242 1241 1201 1202 1243 1242 1202 1203 1244 1243 1203 1204 1245 1244 1204 1205 1246 1245 1205 1206 1247 1246 1206 1207 1248 1247 1207 1208 1249 1248 1208 1209 1250 1249 1209 1210 1251 1250 1210 1211 1252 1251 1211 1212 1253 1252 1212 1213 1254 1253 1213 1214 1255 1254 1214 1215 1256 1255 1215 1216 1257 1256 1216 1217 1258 1257 1217 1218 1259 1258 1218 1219 1260 1259 1219 1220 1261 1260 1220 1221 1262 1261 1221 1222 1263 1262 1222 1223 1264 1263 1223 1224 1265 1264 1224 1225 1266 1265 1225 1226 1267 1266 1226 1227 1268 1267 1227 1228 1269 1268 1228 1229 1270 1269 1230 1231 1272 1271 1231 1232 1273 1272 1232 1233 1274 1273 1233 1234 1275 1274 1234 1235 1276 1275 1235 1236 1277 1276 1236 1237 1278 1277 1237 1238 1279 1278 1238 1239 1280 1279 1239 1240 1281 1280 1240 1241 1282 1281 1241 1242 1283 1282 1242 1243 1284 1283 1243 1244 1285 1284 1244 1245 1286 1285 1245 1246 1287 1286 1246 1247 1288 1287 1247 1248 1289 1288 1248 1249 1290 1289 1249 1250 1291 1290 1250 1251 1292 1291 1251 1252 1293 1292 1252 1253 1294 1293 1253 1254 1295 1294 1254 1255 1296 1295 1255 1256 1297 1296 1256 1257 1298 1297 1257 1258 1299 1298 1258 1259 1300 1299 1259 1260 1301 1300 1260 1261 1302 1301 1261 1262 1303 1302 1262 1263 1304 1303 1263 1264 1305 1304 1264 1265 1306 1305 1265 1266 1307 1306 1266 1267 1308 1307 1267 1268 1309 1308 1268 1269 1310 1309 1269 1270 1311 1310 1271 1272 1313 1312 1272 1273 1314 1313 1273 1274 1315 1314 1274 1275 1316 1315 1275 1276 1317 1316 1276 1277 1318 1317 1277 1278 1319 1318 1278 1279 1320 1319 1279 1280 1321 1320 1280 1281 1322 1321 1281 1282 1323 1322 1282 1283 1324 1323 1283 1284 1325 1324 1284 1285 1326 1325 1285 1286 1327 1326 1286 1287 1328 1327 1287 1288 1329 1328 1288 1289 1330 1329 1289 1290 1331 1330 1290 1291 1332 1331 1291 1292 1333 1332 1292 1293 1334 1333 1293 1294 1335 1334 1294 1295 1336 1335 1295 1296 1337 1336 1296 1297 1338 1337 1297 1298 1339 1338 1298 1299 1340 1339 1299 1300 1341 1340 1300 1301 1342 1341 1301 1302 1343 1342 1302 1303 1344 1343 1303 1304 1345 1344 1304 1305 1346 1345 1305 1306 1347 1346 1306 1307 1348 1347 1307 1308 1349 1348 1308 1309 1350 1349 1309 1310 1351 1350 1310 1311 1352 1351 1312 1313 1354 1353 1313 1314 1355 1354 1314 1315 1356 1355 1315 1316 1357 1356 1316 1317 1358 1357 1317 1318 1359 1358 1318 1319 1360 1359 1319 1320 1361 1360 1320 1321 1362 1361 1321 1322 1363 1362 1322 1323 1364 1363 1323 1324 1365 1364 1324 1325 1366 1365 1325 1326 1367 1366 1326 1327 1368 1367 1327 1328 1369 1368 1328 1329 1370 1369 1329 1330 1371 1370 1330 1331 1372 1371 1331 1332 1373 1372 1332 1333 1374 1373 1333 1334 1375 1374 1334 1335 1376 1375 1335 1336 1377 1376 1336 1337 1378 1377 1337 1338 1379 1378 1338 1339 1380 1379 1339 1340 1381 1380 1340 1341 1382 1381 1341 1342 1383 1382 1342 1343 1384 1383 1343 1344 1385 1384 1344 1345 1386 1385 1345 1346 1387 1386 1346 1347 1388 1387 1347 1348 1389 1388 1348 1349 1390 1389 1349 1350 1391 1390 1350 1351 1392 1391 1351 1352 1393 1392 1353 1354 1395 1394 1354 1355 1396 1395 1355 1356 1397 1396 1356 1357 1398 1397 1357 1358 1399 1398 1358 1359 1400 1399 1359 1360 1401 1400 1360 1361 1402 1401 1361 1362 1403 1402 1362 1363 1404 1403 1363 1364 1405 1404 1364 1365 1406 1405 1365 1366 1407 1406 1366 1367 1408 1407 1367 1368 1409 1408 1368 1369 1410 1409 1369 1370 1411 1410 1370 1371 1412 1411 1371 1372 1413 1412 1372 1373 1414 1413 1373 1374 1415 1414 1374 1375 1416 1415 1375 1376 1417 1416 1376 1377 1418 1417 1377 1378 1419 1418 1378 1379 1420 1419 1379 1380 1421 1420 1380 1381 1422 1421 1381 1382 1423 1422 1382 1383 1424 1423 1383 1384 1425 1424 1384 1385 1426 1425 1385 1386 1427 1426 1386 1387 1428 1427 1387 1388 1429 1428 1388 1389 1430 1429 1389 1390 1431 1430 1390 1391 1432 1431 1391 1392 1433 1432 1392 1393 1434 1433 1394 1395 1436 1435 1395 1396 1437 1436 1396 1397 1438 1437 1397 1398 1439 1438 1398 1399 1440 1439 1399 1400 1441 1440 1400 1401 1442 1441 1401 1402 1443 1442 1402 1403 1444 1443 1403 1404 1445 1444 1404 1405 1446 1445 1405 1406 1447 1446 1406 1407 1448 1447 1407 1408 1449 1448 1408 1409 1450 1449 1409 1410 1451 1450 1410 1411 1452 1451 1411 1412 1453 1452 1412 1413 1454 1453 1413 1414 1455 1454 1414 1415 1456 1455 1415 1416 1457 1456 1416 1417 1458 1457 1417 1418 1459 1458 1418 1419 1460 1459 1419 1420 1461 1460 1420 1421 1462 1461 1421 1422 1463 1462 1422 1423 1464 1463 1423 1424 1465 1464 1424 1425 1466 1465 1425 1426 1467 1466 1426 1427 1468 1467 1427 1428 1469 1468 1428 1429 1470 1469 1429 1430 1471 1470 1430 1431 1472 1471 1431 1432 1473 1472 1432 1433 1474 1473 1433 1434 1475 1474 1435 1436 1477 1476 1436 1437 1478 1477 1437 1438 1479 1478 1438 1439 1480 1479 1439 1440 1481 1480 1440 1441 1482 1481 1441 1442 1483 1482 1442 1443 1484 1483 1443 1444 1485 1484 1444 1445 1486 1485 1445 1446 1487 1486 1446 1447 1488 1487 1447 1448 1489 1488 1448 1449 1490 1489 1449 1450 1491 1490 1450 1451 1492 1491 1451 1452 1493 1492 1452 1453 1494 1493 1453 1454 1495 1494 1454 1455 1496 1495 1455 1456 1497 1496 1456 1457 1498 1497 1457 1458 1499 1498 1458 1459 1500 1499 1459 1460 1501 1500 1460 1461 1502 1501 1461 1462 1503 1502 1462 1463 1504 1503 1463 1464 1505 1504 1464 1465 1506 1505 1465 1466 1507 1506 1466 1467 1508 1507 1467 1468 1509 1508 1468 1469 1510 1509 1469 1470 1511 1510 1470 1471 1512 1511 1471 1472 1513 1512 1472 1473 1514 1513 1473 1474 1515 1514 1474 1475 1516 1515 1476 1477 1518 1517 1477 1478 1519 1518 1478 1479 1520 1519 1479 1480 1521 1520 1480 1481 1522 1521 1481 1482 1523 1522 1482 1483 1524 1523 1483 1484 1525 1524 1484 1485 1526 1525 1485 1486 1527 1526 1486 1487 1528 1527 1487 1488 1529 1528 1488 1489 1530 1529 1489 1490 1531 1530 1490 1491 1532 1531 1491 1492 1533 1532 1492 1493 1534 1533 1493 1494 1535 1534 1494 1495 1536 1535 1495 1496 1537 1536 1496 1497 1538 1537 1497 1498 1539 1538 1498 1499 1540 1539 1499 1500 1541 1540 1500 1501 1542 1541 1501 1502 1543 1542 1502 1503 1544 1543 1503 1504 1545 1544 1504 1505 1546 1545 1505 1506 1547 1546 1506 1507 1548 1547 1507 1508 1549 1548 1508 1509 1550 1549 1509 1510 1551 1550 1510 1511 1552 1551 1511 1512 1553 1552 1512 1513 1554 1553 1513 1514 1555 1554 1514 1515 1556 1555 1515 1516 1557 1556 1517 1518 1559 1558 1518 1519 1560 1559 1519 1520 1561 1560 1520 1521 1562 1561 1521 1522 1563 1562 1522 1523 1564 1563 1523 1524 1565 1564 1524 1525 1566 1565 1525 1526 1567 1566 1526 1527 1568 1567 1527 1528 1569 1568 1528 1529 1570 1569 1529 1530 1571 1570 1530 1531 1572 1571 1531 1532 1573 1572 1532 1533 1574 1573 1533 1534 1575 1574 1534 1535 1576 1575 1535 1536 1577 1576 1536 1537 1578 1577 1537 1538 1579 1578 1538 1539 1580 1579 1539 1540 1581 1580 1540 1541 1582 1581 1541 1542 1583 1582 1542 1543 1584 1583 1543 1544 1585 1584 1544 1545 1586 1585 1545 1546 1587 1586 1546 1547 1588 1587 1547 1548 1589 1588 1548 1549 1590 1589 1549 1550 1591 1590 1550 1551 1592 1591 1551 1552 1593 1592 1552 1553 1594 1593 1553 1554 1595 1594 1554 1555 1596 1595 1555 1556 1597 1596 1556 1557 1598 1597 1558 1559 1600 1599 1559 1560 1601 1600 1560 1561 1602 1601 1561 1562 1603 1602 1562 1563 1604 1603 1563 1564 1605 1604 1564 1565 1606 1605 1565 1566 1607 1606 1566 1567 1608 1607 1567 1568 1609 1608 1568 1569 1610 1609 1569 1570 1611 1610 1570 1571 1612 1611 1571 1572 1613 1612 1572 1573 1614 1613 1573 1574 1615 1614 1574 1575 1616 1615 1575 1576 1617 1616 1576 1577 1618 1617 1577 1578 1619 1618 1578 1579 1620 1619 1579 1580 1621 1620 1580 1581 1622 1621 1581 1582 1623 1622 1582 1583 1624 1623 1583 1584 1625 1624 1584 1585 1626 1625 1585 1586 1627 1626 1586 1587 1628 1627 1587 1588 1629 1628 1588 1589 1630 1629 1589 1590 1631 1630 1590 1591 1632 1631 1591 1592 1633 1632 1592 1593 1634 1633 1593 1594 1635 1634 1594 1595 1636 1635 1595 1596 1637 1636 1596 1597 1638 1637 1597 1598 1639 1638 1599 1600 1641 1640 1600 1601 1642 1641 1601 1602 1643 1642 1602 1603 1644 1643 1603 1604 1645 1644 1604 1605 1646 1645 1605 1606 1647 1646 1606 1607 1648 1647 1607 1608 1649 1648 1608 1609 1650 1649 1609 1610 1651 1650 1610 1611 1652 1651 1611 1612 1653 1652 1612 1613 1654 1653 1613 1614 1655 1654 1614 1615 1656 1655 1615 1616 1657 1656 1616 1617 1658 1657 1617 1618 1659 1658 1618 1619 1660 1659 1619 1620 1661 1660 1620 1621 1662 1661 1621 1622 1663 1662 1622 1623 1664 1663 1623 1624 1665 1664 1624 1625 1666 1665 1625 1626 1667 1666 1626 1627 1668 1667 1627 1628 1669 1668 1628 1629 1670 1669 1629 1630 1671 1670 1630 1631 1672 1671 1631 1632 1673 1672 1632 1633 1674 1673 1633 1634 1675 1674 1634 1635 1676 1675 1635 1636 1677 1676 1636 1637 1678 1677 1637 1638 1679 1678 1638 1639 1680 1679
</DataArray>
<DataArray type="Int64" Name="offsets" format="ascii">
4 8 12 16 20 24 28 32 36 40 44 48 52 56 60 64 68 72 76 80 84 88 92 96 100 104 108 112 116 120 124 128 132 136 140 144 148 152 156 160 164 168 172 176 180 184 188 192 196 200 204 208 212 216 220 224 228 232 236 240 244 248 252 256 260 264 268 272 276 280 284 288 292 296 300 304 308 312 316 320 324 328 332 336 340 344 348 352 356 360 364 368 372 376 380 384 388 392 396 400 404 408 412 416 420 424 428 432 436 440 444 448 452 456 460 464 468 472 476 480 484 488 492 496 500 504 508 512 516 520 524 528 532 536 540 544 548 552 556 560 564 568 572 576 580 584 588 592 596 600 604 608 612 616 620 624 628 632 636 640 644 648 652 656 660 664 668 672 676 680 684 688 692 696 700 704 708 712 716 720 724 728 732 736 740 744 748 752 756 760 764 768 772 776 780 784 788 792 796 800 804 808 812 816 820 824 828 832 836 840 844 848 852 856 860 864 868 872 876 880 884 888 892 896 900 904 908 912 916 920 924 928 932 936 940 944 948 952 956 960 964 968 972 976 980 984 988 992 996 1000 1004 1008 1012 1016 1020 1024 1028 1032 1036 1040 1044 1048 1052 1056 1060 1064 1068 1072 1076 1080 1084 1088 1092 1096 1100 1104 1108 1112 1116 1120 1124 1128 1132 1136 1140 1144 1148 1152 1156 1160 1164 1168 1172 1176 1180 1184 1188 1192 1196 1200 1204 1208 1212 1216 1220 1224 1228 1232 1236 1240 1244 1248 1252 1256 1260 1264 1268 1272 1276 1280 1284 1288 1292 1296 1300 1304 1308 1312 1316 1320 1324 1328 1332 1336 1340 1344 1348 1352 1356 1360 1364 1368 1372 1376 1380 1384 1388 1392 1396 1400 1404 1408 1412 1416 1420 1424 1428 1432 1436 1440 1444 1448 1452 1456 1460 1464 1468 1472 1476 1480 1484 1488 1492 1496 1500 1504 1508 1512 1516 1520 1524 1528 1532 1536 1540 1544 1548 1552 1556 1560 1564 1568 1572 1576 1580 1584 1588 1592 1596 1600 1604 1608 1612 1616 1620 1624 1628 1632 1636 1640 1644 1648 1652 1656 1660 1664 1668 1672 1676 1680 1684 1688 1692 1696 1700 1704 1708 1712 1716 1720 1724 1728 1732 1736 1740 1744 1748 1752 1756 1760 1764 1768 1772 1776 1780 1784 1788 1792 1796 1800 1804 1808 1812 1816 1820 1824 1828 1832 1836 1840 1844 1848 1852 1856 1860 1864 1868 1872 1876 1880 1884 1888 1892 1896 1900 1904 1908 1912 1916 1920 1924 1928 1932 1936 1940 1944 1948 1952 1956 1960 1964 1968 1972 1976 1980 1984 1988 1992 1996 2000 2004 2008 2012 2016 2020 2024 2028 2032 2036 2040 2044 2048 2052 2056 2060 2064 2068 2072 2076 2080 2084 2088 2092 2096 2100 2104 2108 2112 2116 2120 2124 2128 2132 2136 2140 2144 2148 2152 2156 2160 2164 2168 2172 2176 2180 2184 2188 2192 2196 2200 2204 2208 2212 2216 2220 2224 2228 2232 2236 2240 2244 2248 2252 2256 2260 2264 2268 2272 2276 2280 2284 2288 2292 2296 2300 2304 2308 2312 2316 2320 2324 2328 2332 2336 2340 2344 2348 2352 2356 2360 2364 2368 2372 2376 2380 2384 2388 2392 2396 2400 2404 2408 2412 2416 2420 2424 2428 2432 2436 2440 2444 2448 2452 2456 2460 2464 2468 2472 2476 2480 2484 2488 2492 2496 2500 2504 2508 2512 2516 2520 2524 2528 2532 2536 2540 2544 2548 2552 2556 2560 2564 2568 2572 2576 2580 2584 2588 2592 2596 2600 2604 2608 2612 2616 2620 2624 2628 2632 2636 2640 2644 2648 2652 2656 2660 2664 2668 2672 2676 2680 2684 2688 2692 2696 2700 2704 2708 2712 2716 2720 2724 2728 2732 2736 2740 2744 2748 2752 2756 2760 2764 2768 2772 2776 2780 2784 2788 2792 2796 2800 2804 2808 2812 2816 2820 2824 2828 2832 2836 2840 2844 2848 2852 2856 2860 2864 2868 2872 2876 2880 2884 2888 2892 2896 2900 2904 2908 2912 2916 2920 2924 2928 2932 2936 2940 2944 2948 2952 2956 2960 2964 2968 2972 2976 2980 2984 2988 2992 2996 3000 3004 3008 3012 3016 3020 3024 3028 3032 3036 3040 3044 3048 3052 3056 3060 3064 3068 3072 3076 3080 3084 3088 3092 3096 3100 3104 3108 3112 3116 3120 3124 3128 3132 3136 3140 3144 3148 3152 3156 3160 3164 3168 3172 3176 3180 3184 3188 3192 3196 3200 3204 3208 3212 3216 3220 3224 3228 3232 3236 3240 3244 3248 3252 3256 3260 3264 3268 3272 3276 3280 3284 3288 3292 3296 3300 3304 3308 3312 3316 3320 3324 3328 3332 3336 3340 3344 3348 3352 3356 3360 3364 3368 3372 3376 3380 3384 3388 3392 3396 3400 3404 3408 3412 3416 3420 3424 3428 3432 3436 3440 3444 3448 3452 3456 3460 3464 3468 3472 3476 3480 3484 3488 3492 3496 3500 3504 3508 3512 3516 3520 3524 3528 3532 3536 3540 3544 3548 3552 3556 3560 3564 3568 3572 3576 3580 3584 3588 3592 3596 3600 3604 3608 3612 3616 3620 3624 3628 3632 3636 3640 3644 3648 3652 3656 3660 3664 3668 3672 3676 3680 3684 3688 3692 3696 3700 3704 3708 3712 3716 3720 3724 3728 3732 3736 3740 3744 3748 3752 3756 3760 3764 3768 3772 3776 3780 3784 3788 3792 3796 3800 3804 3808 3812 3816 3820 3824 3828 3832 3836 3840 3844 3848 3852 3856 3860 3864 3868 3872 3876 3880 3884 3888 3892 3896 3900 3904 3908 3912 3916 3920 3924 3928 3932 3936 3940 3944 3948 3952 3956 3960 3964 3968 3972 3976 3980 3984 3988 3992 3996 4000 4004 4008 4012 4016 4020 4024 4028 4032 4036 4040 4044 4048 4052 4056 4060 4064 4068 4072 4076 4080 4084 4088 4092 4096 4100 4104 4108 4112 4116 4120 4124 4128 4132 4136 4140 4144 4148 4152 4156 4160 4164 4168 4172 4176 4180 4184 4188 4192 4196 4200 4204 4208 4212 4216 4220 4224 4228 4232 4236 4240 4244 4248 4252 4256 4260 4264 4268 4272 4276 4280 4284 4288 4292 4296 4300 4304 4308 4312 4316 4320 4324 4328 4332 4336 4340 4344 4348 4352 4356 4360 4364 4368 4372 4376 4380 4384 4388 4392 4396 4400 4404 4408 4412 4416 4420 4424 4428 4432 4436 4440 4444 4448 4452 4456 4460 4464 4468 4472 4476 4480 4484 4488 4492 4496 4500 4504 4508 4512 4516 4520 4524 4528 4532 4536 4540 4544 4548 4552 4556 4560 4564 4568 4572 4576 4580 4584 4588 4592 4596 4600 4604 4608 4612 4616 4620 4624 4628 4632 4636 4640 4644 4648 4652 4656 4660 4664 4668 4672 4676 4680 4684 4688 4692 4696 4700 4704 4708 4712 4716 4720 4724 4728 4732 4736 4740 4744 4748 4752 4756 4760 4764 4768 4772 4776 4780 4784 4788 4792 4796 4800 4804 4808 4812 4816 4820 4824 4828 4832 4836 4840 4844 4848 4852 4856 4860 4864 4868 4872 4876 4880 4884 4888 4892 4896 4900 4904 4908 4912 4916 4920 4924 4928 4932 4936 4940 4944 4948 4952 4956 4960 4964 4968 4972 4976 4980 4984 4988 4992 4996 5000 5004 5008 5012 5016 5020 5024 5028 5032 5036 5040 5044 5048 5052 5056 5060 5064 5068 5072 5076 5080 5084 5088 5092 5096 5100 5104 5108 5112 5116 5120 5124 5128 5132 5136 5140 5144 5148 5152 5156 5160 5164 5168 5172 5176 5180 5184 5188 5192 5196 5200 5204 5208 5212 5216 5220 5224 5228 5232 5236 5240 5244 5248 5252 5256 5260 5264 5268 5272 5276 5280 5284 5288 5292 5296 5300 5304 5308 5312 5316 5320 5324 5328 5332 5336 5340 5344 5348 5352 5356 5360 5364 5368 5372 5376 5380 5384 5388 5392 5396 5400 5404 5408 5412 5416 5420 5424 5428 5432 5436 5440 5444 5448 5452 5456 5460 5464 5468 5472 5476 5480 5484 5488 5492 5496 5500 5504 5508 5512 5516 5520 5524 5528 5532 5536 5540 5544 5548 5552 5556 5560 5564 5568 5572 5576 5580 5584 5588 5592 5596 5600 5604 5608 5612 5616 5620 5624 5628 5632 5636 5640 5644 5648 5652 5656 5660 5664 5668 5672 5676 5680 5684 5688 5692 5696 5700 5704 5708 5712 5716 5720 5724 5728 5732 5736 5740 5744 5748 5752 5756 5760 5764 5768 5772 5776 5780 5784 5788 5792 5796 5800 5804 5808 5812 5816 5820 5824 5828 5832 5836 5840 5844 5848 5852 5856 5860 5864 5868 5872 5876 5880 5884 5888 5892 5896 5900 5904 5908 5912 5916 5920 5924 5928 5932 5936 5940 5944 5948 5952 5956 5960 5964 5968 5972 5976 5980 5984 5988 5992 5996 6000 6004 6008 6012 6016 6020 6024 6028 6032 6036 6040 6044 6048 6052 6056 6060 6064 6068 6072 6076 6080 6084 6088 6092 6096 6100 6104 6108 6112 6116 6120 6124 6128 6132 6136 6140 6144 6148 6152 6156 6160 6164 6168 6172 6176 6180 6184 6188 6192 6196 6200 6204 6208 6212 6216 6220 6224 6228 6232 6236 6240 6244 6248 6252 6256 6260 6264 6268 6272 6276 6280 6284 6288 6292 6296 6300 6304 6308 6312 6316 6320 6324 6328 6332 6336 6340 6344 6348 6352 6356 6360 6364 6368 6372 6376 6380 6384 6388 6392 6396 6400
</DataArray>
<DataArray type="UInt8" Name="types" format="ascii">
9 9 9 9 9 9 9 9 9 9 9 9 9 9 9 9 9 9 9 9 9 9 9 9 9 9 9 9 9 9 9 9 9 9 9 9 9 9 9 9 9 9 9 9 9 9 9 9 9 9 9 9 9 9 9 9 9 9 9 9 9 9 9 9 9 9 9 9 9 9 9 9 9 9 9 9 9 9 9 9 9 9 9 9 9 9 9 9 9 9 9 9 9 9 9 9 9 9 9 9 9 9 9 9 9 9 9 9 9 9 9 9 9 9 9 9 9 9 9 9 9 9 9 9 9 9 9 9 9 9 9 9 9 9 9 9 9 9 9 9 9 9 9 9 9 9 9 9 9 9 9 9 9 9 9 9 9 9 9 9 9 9 9 9 9 9 9 9 9 9 9 9 9 9 9 9 9 9 9 9 9 9 9 9 9 9 9 9 9 9 9 9 9 9 9 9 9 9 9 9 9 9 9 9 9 9 9 9 9 9 9 9 9 9 9 9 9 9 9 9 9 9 9 9 9 9 9 9 9 9 9 9 9 9 9 9 9 9 9 9 9 9 9 9 9 9 9 9 9 9 9 9 9 9 9 9 9 9 9 9 9 9 9 9 9 9 9 9 9 9 9 9 9 9 9 9 9 9 9 9 9 9 9 9 9 9 9 9 9 9 9 9 9 9 9 9 9 9 9 9 9 9 9 9 9 9 9 9 9 9 9 9 9 9 9 9 9 9 9 9 9 9 9 9 9 9 9 9 9 9 9 9 9 9 9 9 9 9 9 9 9 9 9 9 9 9 9 9 9 9 9 9 9 9 9 9 9 9 9 9 9 9 9 9 9 9 9 9 9 9 9 9 9 9 9 9 9 9 9 9 9 9 9 9 9 9 9 9 9 9 9 9 9 9 9 9 9 9 9 9 9 9 9 9 9 9 9 9 9 9 9 9 9 9 9 9 9 9 9 9 9 9 9 9 9 9 9 9 9 9 9 9 9 9 9 9 9 9 9 9 9 9 9 9 9 9 9 9 9 9 9 9 9 9 9 9 9 9 9 9 9 9 9 9 9 9 9 9 9 9 9 9 9 9 9 9 9 9 9 9 9 9 9 9 9 9 9 9 9 9 9 9 9 9 9 9 9 9 9 9 9 9 9 9 9 9 9 9 9 9 9 9 9 9 9 9 9 9 9 9 9 9 9 9 9 9 9 9 9 9 9 9 9 9 9 9 9 9 9 9 9 9 9 9 9 9 9 9 9 9 9 9 9 9 9 9 9 9 9 9 9 9 9 9 9 9 9 9 9 9 9 9 9 9 9 9 9 9 9 9 9 9 9 9 9 9 9 9 9 9 9 9 9 9 9 9 9 9 9 9 9 9 9 9 9 9 9 9 9 9 9 9 9 9 9 9 9 9 9 9 9 9 9 9 9 9 9 9 9 9 9 9 9 9 9 9 9 9 9 9 9 9 9 9 9 9 9 9 9 9 9 9 9 9 9 9 9 9 9 9 9 9 9 9 9 9 9 9 9 9 9 9 9 9 9 9 9 9 9 9 9 9 9 9 9 9 9 9 9 9 9 9 9 9 9 9 9 9 9 9 9 9 9 9 9 9 9 9 9 9 9 9 9 9 9 9 9 9 9 9 9 9 9 9 9 9 9 9 9 9 9 9 9 9 9 9 9 9 9 9 9 9 9 9 9 9 9 9 9 9 9 9 9 9 9 9 9 9 9 9 9 9 9 9 9 9 9 9 9 9 9 9 9 9 9 9 9 9 9 9 9 9 9 9 9 9 9 9 9 9 9 9 9 9 9 9 9 9 9 9 9 9 9 9 9 9 9 9 9 9 9 9 9 9 9 9 9 9 9 9 9 9 9 9 9 9 9 9 9 9 9 9 9 9 9 9 9 9 9 9 9 9 9 9 9 9 9 9 9 9 9 9 9 9 9 9 9 9 9 9 9 9 9 9 9 9 9 9 9 9 9 9 9 9 9 9 9 9 9 9 9 9 9 9 9 9 9 9 9 9 9 9 9 9 9 9 9 9 9 9 9 9 9 9 9 9 9 9 9 9 9 9 9 9 9 9 9 9 9 9 9 9 9 9 9 9 9 9 9 9 9 9 9 9 9 9 9 9 9 9 9 9 9 9 9 9 9 9 9 9 9 9 9 9 9 9 9 9 9 9 9 9 9 9 9 9 9 9 9 9 9 9 9 9 9 9 9 9 9 9 9 9 9 9 9 9 9 9 9 9 9 9 9 9 9 9 9 9 9 9 9 9 9 9 9 9 9 9 9 9 9 9 9 9 9 9 9 9 9 9 9 9 9 9 9 9 9 9 9 9 9 9 9 9 9 9 9 9 9 9 9 9 9 9 9 9 9 9 9 9 9 9 9 9 9 9 9 9 9 9 9 9 9 9 9 9 9 9 9 9 9 9 9 9 9 9 9 9 9 9 9 9 9 9 9 9 9 9 9 9 9 9 9 9 9 9 9 9 9 9 9 9 9 9 9 9 9 9 9 9 9 9 9 9 9 9 9 9 9 9 9 9 9 9 9 9 9 9 9 9 9 9 9 9 9 9 9 9 9 9 9 9 9 9 9 9 9 9 9 9 9 9 9 9 9 9 9 9 9 9 9 9 9 9 9 9 9 9 9 9 9 9 9 9 9 9 9 9 9 9 9 9 9 9 9 9 9 9 9 9 9 9 9 9 9 9 9 9 9 9 9 9 9 9 9 9 9 9 9 9 9 9 9 9 9 9 9 9 9 9 9 9 9 9 9 9 9 9 9 9 9 9 9 9 9 9 9 9 9 9 9 9 9 9 9 9 9 9 9 9 9 9 9 9 9 9 9 9 9 9 9 9 9 9 9 9 9 9 9 9 9 9 9 9 9 9 9 9 9 9 9 9 9 9 9 9 9 9 9 9 9 9 9 9 9 9 9 9 9 9 9 9 9 9 9 9 9 9 9 9 9 9 9 9 9 9 9 9 9 9 9 9 9 9 9 9 9 9 9 9 9 9 9 9 9 9 9 9 9 9 9 9 9 9 9 9 9 9 9 9 9 9 9 9 9 9 9 9 9 9 9 9 9 9 9 9 9 9 9 9 9 9 9 9 9 9 9 9 9 9 9 9 9 9 9 9 9 9 9 9 9 9 9 9 9 9 9 9 9 9 9 9 9 9 9 9 9 9 9 9 9 9 9 9 9 9 9 9 9 9 9 9 9 9 9 9 9 9 9 9 9 9 9 9 9 9 9 9 9 9 9 9 9 9 9 9 9 9 9 9 9 9 9 9 9 9 9 9 9 9 9 9 9 9 9 9 9 9 9 9 9 9 9 9 9 9 9 9 9 9 9 9 9 9 9 9 9 9 9 9 9 9 9 9 9 9 9 9 9 9 9 9 9 9 9 9 9 9 9 9 9 9 9 9 9 9 9 9 9 9 9 9 9 9 9 9 9 9 9 9 9 9 9 9 9 9 9 9 9 9 9 9 9 9 9 9 9 9 9 9 9 9 9 9 9 9 9 9 9 9 9 9 9 9 9 9 9 9 9 9 9 9 9 9 9 9 9 9 9 9 9 9 9 9 9 9 9 9 9 9 9 9 9 9 9 9 9 9 9 9
</DataArray>
</Cells>
<CellData>
<DataArray type="Float64" Name="velocity [m/s]" NumberOfComponents="3" format="ascii">
6.75339902483e-08 -6.73237339569e-08 0.0 1.64307824019e-07 -5.67938861324e-08 0.0 1.41589720781e-07 2.10687544145e-09 0.0 -5.14302325361e-08 6.62522922921e-08 0.0 -4.11552512047e-07 1.22102614718e-07 0.0 -9.12367546646e-07 1.66048117317e-07 0.0 -1.52319839577e-06 1.9834885376e-07 0.0 -2.21475497272e-06 2.206313266e-07 0.0 -2.96104515105e-06 2.34708985838e-07 0.0 -3.73961156689e-06 2.42109783333e-07 0.0 -4.53095708676e-06 2.43928742099e-07 0.0 -5.31766896862e-06 2.40819690534e-07 0.0 -6.08352367781e-06 2.33054220154e-07 0.0 -6.81273375232e-06 2.20615396519e-07 0.0 -7.48942887778e-06 2.03307843553e-07 0.0 -8.09741741265e-06 1.80872881482e-07 0.0 -8.62024244079e-06 1.53101172278e-07 0.0 -9.04152268133e-06 1.19937238962e-07 0.0 -9.34554992582e-06 8.15710614454e-08 0.0 -9.5180989336e-06 3.85120871853e-08 0.0 -9.547389643e-06 -8.36007406448e-09 0.0 -9.4251285474e-06 -5.77759647958e-08 0.0 -9.14754429984e-06 -1.0808085354e-07 0.0 -8.71631953573e-06 -1.572895236e-07 0.0 -8.13931595568e-06 -2.03173209373e-07 0.0 -7.43099402817e-06 -2.43385215605e-07 0.0 -6.61244071153e-06 -2.75617451348e-07 0.0 -5.71094291288e-06 -2.97775327818e-07 0.0 -4.75908102602e-06 -3.08154252964e-07 0.0 -3.79336133395e-06 -3.05598251696e-07 0.0 -2.85245318354e-06 -2.8962199387e-07 0.0 -1.97513646308e-06 -2.60483153385e-07 0.0 -1.19808209964e-06 -2.19205574476e-07 0.0 -5.5355386512e-07 -1.67580941303e-07 0.0 -6.70322458817e-08 -1.08227900318e-07 0.0 2.45260883033e-07 -4.48407574709e-08 0.0 3.79466010548e-07 1.71773190402e-08 0.0 3.49992924221e-07 6.86249583653e-08 0.0 2.08179040408e-07 9.2570281637e-08 0.0 5.94125362458e-08 5.92102690501e-08 0.0 5.91231456556e-08 -1.66275396775e-07 0.0 4.30962270867e-08 -4.08584739794e-08 0.0 -2.93570445923e-07 2.50875149179e-07 0.0 -1.0118518485e-06 5.68439270605e-07 0.0 -2.10384152722e-06 8.56752412926e-07 0.0 -3.5240160476e-06 1.09484367094e-06 0.0 -5.21101808737e-06 1.27806783794e-06 0.0 -7.10011750251e-06 1.40937912134e-06 0.0 -9.12929123131e-06 1.4943182519e-06 0.0 -1.12413787962e-05 1.53846991373e-06 0.0 -1.33841272867e-05 1.54631917181e-06 0.0 -1.55092049549e-05 1.5208616456e-06 0.0 -1.75708648571e-05 1.46365361968e-06 0.0 -1.95247139456e-05 1.37512534062e-06 0.0 -2.13268731845e-05 1.25504175637e-06 0.0 -2.29336866743e-05 1.10303091034e-06 0.0 -2.43020439454e-05 9.19122575962e-07 0.0 -2.53903085522e-05 7.04253570885e-07 0.0 -2.61597907444e-05 4.60704539433e-07 0.0 -2.65766585174e-05 1.92437661647e-07 0.0 -2.6614144405e-05 -9.46923067011e-08 0.0 -2.62548616729e-05 -3.92878673244e-07 0.0 -2.54930526379e-05 -6.92478587334e-07 0.0 -2.43365459016e-05 -9.82314413053e-07 0.0 -2.28081892879e-05 -1.25016293651e-06 0.0 -2.09465732049e-05 -1.48341773861e-06 0.0 -1.88058608484e-05 -1.66988873246e-06 0.0 -1.64546030399e-05 -1.79868246687e-06 0.0 -1.39734867048e-05 -1.86108938059e-06 0.0 -1.14520496448e-05 -1.85139525525e-06 0.0 -8.98448052644e-06 -1.76753972464e-06 0.0 -6.66469431676e-06 -1.61157067618e-06 0.0 -4.5809070894e-06 -1.38989766343e-06 0.0 -2.80989373602e-06 -1.11344125749e-06 0.0 -1.41097361076e-06 -7.97929930901e-07 0.0 -4.19672596772e-07 -4.6478990286e-07 0.0 1.58941630145e-07 -1.43257401148e-07 0.0 3.59757170646e-07 1.24715631144e-07 0.0 2.79592791379e-07 2.7516613417e-07 0.0 9.31158888661e-08 2.07004393997e-07 0.0 2.33976968612e-10 -1.47383875936e-07 0.0 -2.57909119205e-07 2.96690624771e-07 0.0 -1.05237120102e-06 1.02651552237e-06 0.0 -2.3942239851e-06 1.80390904039e-06 0.0 -4.25250439872e-06 2.51881400367e-06 0.0 -6.56693242165e-06 3.12097463119e-06 0.0 -9.25625153996e-06 3.59341283842e-06 0.0 -1.22319749075e-05 3.93705097465e-06 0.0 -1.54065430159e-05 4.16052491791e-06 0.0 -1.869660143e-05 4.27428308341e-06 0.0 -2.20237416863e-05 4.28752299801e-06 0.0 -2.53138917087e-05 4.20688533632e-06 0.0 -2.84961294241e-05 4.03628005608e-06 0.0 -3.15015184674e-05 3.77743688801e-06 0.0 -3.42623715729e-05 3.43088694577e-06 0.0 -3.67121765334e-05 2.99715944188e-06 0.0 -3.87862866314e-05 2.47803130843e-06 0.0 -4.04233734799e-05 1.87770489635e-06 0.0 -4.15675586689e-05 1.20381465511e-06 0.0 -4.21710767093e-05 4.68181242666e-07 0.0 -4.21972701079e-05 -3.12753936335e-07 0.0 -4.16236845321e-05 -1.11786785577e-06 0.0 -4.0445000753e-05 -1.92173017711e-06 0.0 -3.86755246291e-05 -2.69540172217e-06 0.0 -3.63509595184e-05 -3.4076784238e-06 0.0 -3.35292033591e-05 -4.02672879864e-06 0.0 -3.02899501355e-05 -4.52204100042e-06 0.0 -2.67329376268e-05 -4.866553361e-06 0.0 -2.2974766296e-05 -5.0388067854e-06 0.0 -1.91443127633e-05 -5.02493997352e-06 0.0 -1.53768654402e-05 -4.82036050416e-06 0.0 -1.18072029759e-05 -4.43097786761e-06 0.0 -8.56189724318e-06 -3.87398898587e-06 0.0 -5.75112466598e-06 -3.17837036582e-06 0.0 -3.46019750941e-06 -2.38547258123e-06 0.0 -1.74098195213e-06 -1.55043791185e-06 0.0 -6.03473950694e-07 -7.45363828301e-07 0.0 -6.45080576278e-09 -6.48764763006e-08 0.0 1.58369950716e-07 3.63483897528e-07 0.0 7.55582112877e-08 3.54821761545e-07 0.0 -6.96574193323e-08 5.20750446349e-08 0.0 -6.15031480336e-07 1.04733998669e-06 0.0 -1.93637371703e-06 2.38905799396e-06 0.0 -3.95916767567e-06 3.76966627582e-06 0.0 -6.61136965025e-06 5.033181314e-06 0.0 -9.81287605151e-06 6.10177573056e-06 0.0 -1.34637980925e-05 6.94523418327e-06 0.0 -1.74564989422e-05 7.56098499293e-06 0.0 -2.16838739177e-05 7.95964228576e-06 0.0 -2.60424807606e-05 8.15594168062e-06 0.0 -3.04334026838e-05 8.16366177749e-06 0.0 -3.47618934387e-05 7.9932629486e-06 0.0 -3.89364433747e-05 7.65140288575e-06 0.0 -4.28678648391e-05 7.14171185358e-06 0.0 -4.64688329469e-05 6.4663459437e-06 0.0 -4.96541398271e-05 5.62794249407e-06 0.0 -5.23417744512e-05 4.63168494144e-06 0.0 -5.44548224082e-05 3.48724839607e-06 0.0 -5.59240867307e-05 2.21044584452e-06 0.0 -5.66912583797e-05 8.24431421855e-07 0.0 -5.6712410069e-05 -6.39654251242e-07 0.0 -5.5961559329e-05 -2.14268831194e-06 0.0 -5.44340034988e-05 -3.63828179109e-06 0.0 -5.21491243837e-05 -5.07423514934e-06 0.0 -4.91523691806e-05 -6.39471909019e-06 0.0 -4.55161163314e-05 -7.5431082878e-06 0.0 -4.13391774415e-05 -8.46533239232e-06 0.0 -3.67447426495e-05 -9.11354377638e-06 0.0 -3.18766574426e-05 -9.44984596334e-06 0.0 -2.6894021436e-05 -9.44979576325e-06 0.0 -2.19642171465e-05 -9.10540296172e-06 0.0 -1.72545959486e-05 -8.42742085675e-06 0.0 -1.29231506838e-05 -7.44686079297e-06 0.0 -9.10857568164e-06 -6.21587606172e-06 0.0 -5.92015922522e-06 -4.80845744159e-06 0.0 -3.42793872201e-06 -3.3217724375e-06 0.0 -1.65332642223e-06 -1.87910505171e-06 0.0 -5.60335064691e-07 -6.34515336026e-07 0.0 -4.97103391076e-08 2.1820653024e-07 0.0 3.82333995729e-08 4.14905082162e-07 0.0 -1.38722411437e-07 4.48013046445e-07 0.0 -9.8163564302e-07 2.24795656578e-06 0.0 -2.85541745085e-06 4.37332075485e-06 0.0 -5.58356590046e-06 6.48006595353e-06 0.0 -9.04091358057e-06 8.38361181152e-06 0.0 -1.31213330177e-05 9.98758527401e-06 0.0 -1.7704376373e-05 1.12525717051e-05 0.0 -2.26644389182e-05 1.21737890626e-05 0.0 -2.78779868004e-05 1.27638747686e-05 0.0 -3.32255550727e-05 1.30414909029e-05 0.0 -3.85921021244e-05 1.30246305396e-05 0.0 -4.3866576073e-05 1.27273818119e-05 0.0 -4.89410926043e-05 1.21592150203e-05 0.0 -5.37102324245e-05 1.13260273809e-05 0.0 -5.80708559969e-05 1.02323012484e-05 0.0 -6.19226696141e-05 8.88384686057e-06 0.0 -6.51696380774e-05 7.29070440113e-06 0.0 -6.7722225017e-05 5.46986878577e-06 0.0 -6.95003509468e-05 3.44757335274e-06 0.0 -7.04368903265e-05 1.26092639496e-06 0.0 -7.04814793914e-05 -1.04126062385e-06 0.0 -6.96043749089e-05 -3.39857678498e-06 0.0 -6.78000744231e-05 -5.74012097942e-06 0.0 -6.50903959354e-05 -7.98666534061e-06 0.0 -6.15267106176e-05 -1.00538434499e-05 0.0 -5.71910228724e-05 -1.18562726645e-05 0.0 -5.21956137327e-05 -1.33124341595e-05 0.0 -4.66810056169e-05 -1.43500450925e-05 0.0 -4.08120764222e-05 -1.49115763132e-05 0.0 -3.477225274e-05 -1.49595144414e-05 0.0 -2.8755844388e-05 -1.44809618487e-05 0.0 -2.29587354483e-05 -1.34912351108e-05 0.0 -1.75678019464e-05 -1.20362769058e-05 0.0 -1.27495802041e-05 -1.01939373106e-05 0.0 -8.6388848445e-06 -8.07451503975e-06 0.0 -5.32804229651e-06 -5.82137933248e-06 0.0 -2.8566214524e-06 -3.61257461081e-06 0.0 -1.20302205498e-06 -1.66320665061e-06 0.0 -2.90816917726e-07 -2.31323846964e-07 0.0 -3.84982689725e-09 3.51886840058e-07 0.0 -2.03557483506e-07 1.03577993579e-06 0.0 -1.33853884741e-06 3.9034909727e-06 0.0 -3.76420892438e-06 6.99122176089e-06 0.0 -7.1978855784e-06 9.94580243436e-06 0.0 -1.14552280223e-05 1.25722911307e-05 0.0 -1.63993715491e-05 1.4767553422e-05 0.0 -2.18869068131e-05 1.64899130941e-05 0.0 -2.77740823076e-05 1.7735999302e-05 0.0 -3.3922474492e-05 1.85220927524e-05 0.0 -4.0199269159e-05 1.88713222022e-05 0.0 -4.64766171428e-05 1.88059441766e-05 0.0 -5.26307686769e-05 1.83435919021e-05 0.0 -5.85411280683e-05 1.74965450895e-05 0.0 -6.40896081906e-05 1.62731621063e-05 0.0 -6.91606042472e-05 1.46807032841e-05 0.0 -7.36417653935e-05 1.27288847132e-05 0.0 -7.74256237364e-05 1.043361835e-05 0.0 -8.04120423622e-05 7.82050389668e-06 0.0 -8.25113668991e-05 4.9277334936e-06 0.0 -8.36481087666e-05 1.80814832468e-06 0.0 -8.37649488673e-05 -1.46975276536e-06 0.0 -8.28268206507e-05 -4.82200276865e-06 0.0 -8.08248097853e-05 -8.15065216249e-06 0.0 -7.77795831727e-05 -1.13466108227e-05 0.0 -7.37440374172e-05 -1.42938269143e-05 0.0 -6.88048431936e-05 -1.68747098643e-05 0.0 -6.30825529274e-05 -1.89766004641e-05 0.0 -5.67299567987e-05 -2.04989752838e-05 0.0 -4.99284237062e-05 -2.13609568967e-05 0.0 -4.28820614409e-05 -2.15086077123e-05 0.0 -3.58096798695e-05 -2.09214433044e-05 0.0 -2.89347356014e-05 -1.96176428662e-05 0.0 -2.24736554453e-05 -1.76575827211e-05 0.0 -1.66231841572e-05 -1.5145576152e-05 0.0 -1.15477159571e-05 -1.22300746935e-05 0.0 -7.36749344867e-06 -9.10306530461e-06 0.0 -4.14711018084e-06 -5.99948789216e-06 0.0 -1.88683589325e-06 -3.19629052054e-06 0.0 -5.40759179568e-07 -1.01373578083e-06 0.0 -4.44873193781e-08 1.59675507706e-07 0.0 -2.63595996828e-07 1.80575977092e-06 0.0 -1.67809077912e-06 6.00257652874e-06 0.0 -4.63980654655e-06 1.02332835595e-05 0.0 -8.76235956626e-06 1.41568447398e-05 0.0 -1.38006768067e-05 1.75849190642e-05 0.0 -1.95846169179e-05 2.04201452512e-05 0.0 -2.59461654596e-05 2.26270527369e-05 0.0 -3.27230886912e-05 2.42089107428e-05 0.0 -3.97629750851e-05 2.51885842652e-05 0.0 -4.69215510206e-05 2.55951355615e-05 0.0 -5.40607333201e-05 2.54556924018e-05 0.0 -6.10470453477e-05 2.47916133774e-05 0.0 -6.77503075206e-05 2.36180218851e-05 0.0 -7.40428497897e-05 2.19457934543e-05 0.0 -7.97994725633e-05 1.97851304227e-05 0.0 -8.48982646374e-05 1.71499586969e-05 0.0 -8.92222932545e-05 1.40625062973e-05 0.0 -9.26621079782e-05 1.05575510565e-05 0.0 -9.51189446343e-05 6.68594059913e-06 0.0 -9.65084777619e-05 2.5170828893e-06 0.0 -9.67649440649e-05 -1.85982211761e-06 0.0 -9.5845434077e-05 -6.3359845172e-06 0.0 -9.37341305784e-05 -1.07847850826e-05 0.0 -9.04462312506e-05 -1.50651843999e-05 0.0 -8.60312467759e-05 -1.90267913327e-05 0.0 -8.05753262822e-05 -2.25165258225e-05 0.0 -7.42022118377e-05 -2.53866894581e-05 0.0 -6.70724063953e-05 -2.75041103816e-05 0.0 -5.93801632513e-05 -2.87598665776e-05 0.0 -5.13479921681e-05 -2.90789386618e-05 0.0 -4.32185430123e-05 -2.84290385137e-05 0.0 -3.52439698351e-05 -2.68278485234e-05 0.0 -2.7673173212e-05 -2.43480253988e-05 0.0 -2.07376778108e-05 -2.11195867161e-05 0.0 -1.46373708649e-05 -1.73297179145e-05 0.0 -9.52720329631e-06 -1.32205953181e-05 0.0 -5.50379804942e-06 -9.08597266222e-06 0.0 -2.59562506306e-06 -5.26606157388e-06 0.0 -7.92105225456e-07 -2.14331554623e-06 0.0 -8.23853146003e-08 -1.60759588316e-07 0.0 -3.19088372588e-07 2.74701153052e-06 0.0 -1.99738867125e-06 8.52563569464e-06 0.0 -5.47031334956e-06 1.4076943178e-05 0.0 -1.02534662589e-05 1.90887138992e-05 0.0 -1.60424829667e-05 2.33942795339e-05 0.0 -2.26334550275e-05 2.69142603724e-05 0.0 -2.9833296233e-05 2.96284064924e-05 0.0 -3.74613987093e-05 3.15527632538e-05 0.0 -4.53522031992e-05 3.27206416748e-05 0.0 -5.33515307434e-05 3.31692608665e-05 0.0 -6.13131929013e-05 3.29317557501e-05 0.0 -6.90964970961e-05 3.20336849067e-05 0.0 -7.65643700383e-05 3.04931275079e-05 0.0 -8.35822307082e-05 2.83234132852e-05 0.0 -9.00177490072e-05 2.55375493085e-05 0.0 -9.57415275704e-05 2.2153500921e-05 0.0 -0.000100628677929 1.81996177431e-05 0.0 -0.000104561217216 1.37196398317e-05 0.0 -0.00010743118247 8.77685198597e-06 0.0 -0.000109144344142 3.45706153971e-06 0.0 -0.000109624390008 -2.12984886968e-06 0.0 -0.000108817429664 -7.84999182797e-06 0.0 -0.000106696654487 -1.35473257045e-05 0.0 -0.000103266924246 -1.90474318682e-05 0.0 -9.85689758845e-05 -2.41632843201e-05 0.0 -9.26828798587e-05 -2.87030160522e-05 0.0 -8.57302648343e-05 -3.24795477502e-05 0.0 -7.78747680903e-05 -3.53217626688e-05 0.0 -6.93201509431e-05 -3.70866887545e-05 0.0 -6.03055824598e-05 -3.76719130133e-05 0.0 -5.10977686539e-05 -3.70272528163e-05 0.0 -4.19798943884e-05 -3.51646076684e-05 0.0 -3.32377283057e-05 -3.21649742076e-05 0.0 -2.51437356195e-05 -2.81818648089e-05 0.0 -1.79406981938e-05 -2.34408518419e-05 0.0 -1.18261873112e-05 -1.82356429935e-05 0.0 -6.93635822935e-06 -1.2921379619e-05 0.0 -3.33393163234e-06 -7.90471036413e-06 0.0 -1.04727096759e-06 -3.63347474796e-06 0.0 -1.18489293539e-07 -6.08362941302e-07 0.0 -3.70295517537e-07 3.84816383226e-06 0.0 -2.29489891993e-06 1.14484868689e-05 0.0 -6.2482777628e-06 1.8491466532e-05 0.0 -1.16552003778e-05 2.47072701827e-05 0.0 -1.81553417582e-05 2.9964076696e-05 0.0 -2.55121445478e-05 3.42118418351e-05 0.0 -3.35081235496e-05 3.74544601659e-05 0.0 -4.19450382354e-05 3.97272466733e-05 0.0 -5.0645237993e-05 4.10783569843e-05 0.0 -5.94461275617e-05 4.15559241227e-05 0.0 -6.81953181144e-05 4.12006512662e-05 0.0 -7.67471172789e-05 4.00430357893e-05 0.0 -8.49599355305e-05 3.81043060599e-05 0.0 -9.26946475238e-05 3.54000750146e-05 0.0 -9.98139663976e-05 3.19457202505e-05 0.0 -0.00010618280523 2.77625952702e-05 0.0 -0.000111669559629 2.28843223774e-05 0.0 -0.000116148229958 1.73625785453e-05 0.0 -0.000119501300733 1.12719327249e-05 0.0 -0.00012162330376 4.71340697683e-06 0.0 -0.00012242499798 -2.18349469918e-06 0.0 -0.0001218380801 -9.26051107789e-06 0.0 -0.000119820335637 -1.63322949045e-05 0.0 -0.00011636104492 -2.31902706959e-05 0.0 -0.000111486350506 -2.96088230107e-05 0.0 -0.000105264194422 -3.53539429312e-05 0.0 -9.78082570283e-05 -4.01943033146e-05 0.0 -8.92802086645e-05 -4.39145165263e-05 0.0 -7.98895061804e-05 -4.63300336215e-05 0.0 -6.98899854605e-05 -4.73027989727e-05 0.0 -5.95726642379e-05 -4.6756439031e-05 0.0 -4.92544981954e-05 -4.46895248021e-05 0.0 -3.92633129383e-05 -4.11854007793e-05 0.0 -2.99197956643e-05 -3.64172966037e-05 0.0 -2.15183221213e-05 -3.06479911388e-05 0.0 -1.4308255739e-05 -2.42241656608e-05 0.0 -8.47376911748e-06 -1.75660972238e-05 0.0 -4.11840992618e-06 -1.11523691515e-05 0.0 -1.31340883884e-06 -5.5029736093e-06 0.0 -1.54376567573e-07 -1.18498205468e-06 0.0 -4.17255327816e-07 5.09741161508e-06 0.0 -2.56906184387e-06 1.47435897572e-05 0.0 -6.96743016321e-06 2.34399022783e-05 0.0 -1.29542769679e-05 3.09704495352e-05 0.0 -2.01178325531e-05 3.72497750993e-05 0.0 -2.81911510512e-05 4.22674838696e-05 0.0 -3.69339374631e-05 4.60600838157e-05 0.0 -4.61316582555e-05 4.86886289742e-05 0.0 -5.5595921898e-05 5.02207437596e-05 0.0 -6.51572668101e-05 5.07185523769e-05 0.0 -7.46589181186e-05 5.02321889725e-05 0.0 -8.39522286259e-05 4.87980367557e-05 0.0 -9.28932711654e-05 4.64407358882e-05 0.0 -0.000101340551531 4.31779158076e-05 0.0 -0.000109153838152 3.90266174235e-05 0.0 -0.000116194031538 3.40104783774e-05 0.0 -0.000122323980151 2.81669187845e-05 0.0 -0.000127410162308 2.15537438376e-05 0.0 -0.00013132518093 1.42547386411e-05 0.0 -0.000133951052263 6.38394568721e-06 0.0 -0.000135183294516 -1.91162516313e-06 0.0 -0.000134935799157 -1.04510976825e-05 0.0 -0.000133146497098 -1.90208801591e-05 0.0 -0.000129783687225 -2.73782208444e-05 0.0 -0.000124852755314 -3.52574313443e-05 0.0 -0.000118402906414 -4.23790829478e-05 0.0 -0.000110533255334 -4.84623158153e-05 0.0 -0.00010139743642 -5.32401567347e-05 0.0 -9.12057278753e-05 -5.64773676148e-05 0.0 -8.0223626917e-05 -5.79898691854e-05 0.0 -6.87659299689e-05 -5.76642690323e-05 0.0 -5.71857137035e-05 -5.54755822324e-05 0.0 -4.58581858761e-05 -5.1501009434e-05 0.0 -3.51602363502e-05 -4.59277718234e-05 0.0 -2.54477204372e-05 -3.9053618147e-05 0.0 -1.70324611745e-05 -3.12797289648e-05 0.0 -1.01566891251e-05 -2.30965991898e-05 0.0 -4.97277970153e-06 -1.50627860239e-05 0.0 -1.60046246293e-06 -7.78082776884e-06 0.0 -1.92101874772e-07 -1.8976444204e-06 0.0 -4.59765854591e-07 6.48218717586e-06 0.0 -2.81784564872e-06 1.83802427871e-05 0.0 -7.62130445731e-06 2.88797965464e-05 0.0 -1.41378238403e-05 3.78290269605e-05 0.0 -2.19094839852e-05 4.51989300451e-05 0.0 -3.06419679673e-05 5.10279872978e-05 0.0 -4.00744120349e-05 5.53931364652e-05 0.0 -4.99777905723e-05 5.83873696241e-05 0.0 -6.01545778796e-05 6.01024044131e-05 0.0 -7.0430082003e-05 6.0617583249e-05 0.0 -8.06449242465e-05 5.99945278138e-05 0.0 -9.06494510194e-05 5.8276610943e-05 0.0 -0.000100299462455 5.54922093227e-05 0.0 -0.000109453178535 5.16606319588e-05 0.0 -0.000117969393617 4.67996509908e-05 0.0 -0.000125706704551 4.09336944286e-05 0.0 -0.000132523701908 3.41019501291e-05 0.0 -0.000138280052854 2.63658298683e-05 0.0 -0.000142838457766 1.78154115073e-05 0.0 -0.000146067521319 8.57458870641e-06 0.0 -0.00014784562549 -1.19529782072e-06 0.0 -0.000148065863743 -1.12935965184e-05 0.0 -0.000146642166836 -2.14806186834e-05 0.0 -0.000143516563526 -3.14803730407e-05 0.0 -0.00013866735461 -4.09863496808e-05 0.0 -0.000132117873689 -4.9670804159e-05 0.0 -0.000123945120954 -5.71979427795e-05 0.0 -0.000114287300771 -6.32411424455e-05 0.0 -0.000103349010041 -6.75038883094e-05 0.0 -9.14026436134e-05 -6.97434867548e-05 0.0 -7.87846013663e-05 -6.97958696718e-05 0.0 -6.58851854649e-05 -6.75990831224e-05 0.0 -5.31317171607e-05 -6.32125494271e-05 0.0 -4.09654891213e-05 -5.68291376591e-05 0.0 -2.98147711838e-05 -4.87777053327e-05 0.0 -2.00662501787e-05 -3.95151702049e-05 0.0 -1.20323960025e-05 -2.96085005711e-05 0.0 -5.92468789272e-06 -1.9706760533e-05 0.0 -1.91977274424e-06 -1.05088809049e-05 0.0 -2.33881777195e-07 -2.75908207817e-06 0.0 -4.97431359625e-07 7.98878563973e-06 0.0 -3.03870135901e-06 2.23243724929e-05 0.0 -8.20282065258e-06 3.47633394524e-05 0.0 -1.51925055321e-05 4.5226919311e-05 0.0 -2.35095295974e-05 5.37513264749e-05 0.0 -3.28356852482e-05 6.04320367299e-05 0.0 -4.28921847111e-05 6.53934669083e-05 0.0 -5.34376016704e-05 6.87663219097e-05 0.0 -6.42670433619e-05 7.06708876404e-05 0.0 -7.52022720703e-05 7.12069830705e-05 0.0 -8.60830586395e-05 7.04498926138e-05 0.0 -9.67606254281e-05 6.84512090616e-05 0.0 -0.000107092502318 6.524344366e-05 0.0 -0.000116938685859 6.08472246823e-05 0.0 -0.000126159022379 5.52799748938e-05 0.0 -0.000134611674806 4.85651282765e-05 0.0 -0.000142152554169 4.07411688742e-05 0.0 -0.00014863565823 3.18699977787e-05 0.0 -0.000153914336884 2.20443134085e-05 0.0 -0.000157843581595 1.13937953927e-05 0.0 -0.00016028349897 8.99046844694e-08 0.0 -0.000161104185621 -1.16509496465e-05 0.0 -0.000160192128622 -2.35663281408e-05 0.0 -0.000157458257102 -3.53491641674e-05 0.0 -0.000152847586899 -4.66524927995e-05 0.0 -0.000146350093453 -5.70982028913e-05 0.0 -0.000138012181432 -6.62905486514e-05 0.0 -0.000127947686285 -7.3834903422e-05 0.0 -0.000116346925168 -7.9361738802e-05 0.0 -0.000103481961859 -8.25550402799e-05 0.0 -8.97060925695e-05 -8.3183364098e-05 0.0 -7.5445741015e-05 -8.11306426734e-05 0.0 -6.11835950853e-05 -7.64229170173e-05 0.0 -4.74331268255e-05 -6.92467668068e-05 0.0 -3.47067340487e-05 -5.99557258919e-05 0.0 -2.348026579e-05 -4.90626497054e-05 0.0 -1.41512961098e-05 -3.72179435799e-05 0.0 -7.00376213172e-06 -2.51739832583e-05 0.0 -2.28335578897e-06 -1.37432295801e-05 0.0 -2.81984426225e-07 -3.78821950076e-06 0.0 -5.29726184523e-07 9.60206445674e-06 0.0 -3.22870559747e-06 2.65382510241e-05 0.0 -8.70439797965e-06 4.10372963844e-05 0.0 -1.61045259085e-05 5.31012399917e-05 0.0 -2.48968001758e-05 6.28389386769e-05 0.0 -3.4742840029e-05 7.04098239633e-05 0.0 -4.53487666884e-05 7.59919958785e-05 0.0 -5.64629642906e-05 7.97591281088e-05 0.0 -6.78749827931e-05 8.18643092796e-05 0.0 -7.94047022019e-05 8.24310535618e-05 0.0 -9.08927352695e-05 8.15505619207e-05 0.0 -0.00010219299267 7.92840002606e-05 0.0 -0.00011316669267 7.56685197775e-05 0.0 -0.000123677690085 7.07257552329e-05 0.0 -0.000133589028632 6.44716559321e-05 0.0 -0.000142760561356 5.69267212404e-05 0.0 -0.00015104751725 4.81259743627e-05 0.0 -0.000158299971039 3.81282582754e-05 0.0 -0.000164363269423 2.70246281092e-05 0.0 -0.000169079563888 1.49457128654e-05 0.0 -0.000172290685466 2.06791270351e-06 0.0 -0.000173842685265 -1.13818117421e-05 0.0 -0.000173592265805 -2.51229783659e-05 0.0 -0.000171415380577 -3.88211310226e-05 0.0 -0.000167218110864 -5.20907822615e-05 0.0 -0.000160949579159 -6.45028440219e-05 0.0 -0.000152616382044 -7.55976763972e-05 0.0 -0.000142297482772 -8.49047119298e-05 0.0 -0.000130157922414 -9.19691198132e-05 0.0 -0.000116459124867 -9.63850878387e-05 0.0 -0.000101563141742 -9.78340133291e-05 0.0 -8.59281167204e-05 -9.61243304782e-05 0.0 -7.0092773767e-05 -9.12281645139e-05 0.0 -5.46492071121e-05 -8.33089908692e-05 0.0 -4.02059135195e-05 -7.2734646258e-05 0.0 -2.73440728935e-05 -6.0071897881e-05 0.0 -1.65643592363e-05 -4.60614483736e-05 0.0 -8.24036718768e-06 -3.15736698316e-05 0.0 -2.70354463051e-06 -1.75548719216e-05 0.0 -3.3871224815e-07 -5.01037347253e-06 0.0 -5.56065326491e-07 1.13052720469e-05 0.0 -3.38480748012e-06 3.09803487806e-05 0.0 -9.11839262648e-06 4.76430025305e-05 0.0 -1.68602112028e-05 6.13823661156e-05 0.0 -2.6050423186e-05 7.23859021263e-05 0.0 -3.63342445975e-05 8.0882727171e-05 0.0 -4.74055435844e-05 8.71099212047e-05 0.0 -5.90046907454e-05 9.12888073178e-05 0.0 -7.09174143289e-05 9.36092224373e-05 0.0 -8.29632742958e-05 9.42215222045e-05 0.0 -9.49853069853e-05 9.32351473149e-05 0.0 -0.000106841827515 9.07223333399e-05 0.0 -0.000118399649533 8.67255391201e-05 0.0 -0.000129528595867 8.12672326552e-05 0.0 -0.000140097199102 7.43608518575e-05 0.0 -0.000149969429776 6.60220297266e-05 0.0 -0.000159002329913 5.62794804719e-05 0.0 -0.000167044519401 4.51852237301e-05 0.0 -0.000173935652555 3.28240278864e-05 0.0 -0.000179507016771 1.93220476869e-05 0.0 -0.000183583572804 4.85460140584e-06 0.0 -0.000185987831501 -1.03471137192e-05 0.0 -0.000186545952233 -2.59907852972e-05 0.0 -0.000185096481521 -4.17200435479e-05 0.0 -0.000181502030495 -5.71148500891e-05 0.0 -0.0001756639126 -7.16966563086e-05 0.0 -0.000167539421356 -8.49399272957e-05 0.0 -0.000157160834008 -9.62915964977e-05 0.0 -0.000144654474605 -0.000105199612018 0.0 -0.000130257306753 -0.000111150811753 0.0 -0.000114327719137 -0.000113716828995 0.0 -9.73466856521e-05 -0.000112604634104 0.0 -7.99056891941e-05 -0.000107705965916 0.0 -6.26792830598e-05 -9.91379416379e-05 0.0 -4.63833925648e-05 -8.72665507256e-05 0.0 -3.17222422251e-05 -7.27064972356e-05 0.0 -1.93210125765e-05 -5.62942785483e-05 0.0 -9.66473180125e-06 -3.90341982633e-05 0.0 -3.19280621407e-06 -2.20298273159e-05 0.0 -4.06418167157e-07 -6.45732961114e-06 0.0 -5.75879313109e-07 1.30800385075e-05 0.0 -3.50414255076e-06 3.56054558424e-05 0.0 -9.43775212844e-06 5.45166231497e-05 0.0 -1.74469998755e-05 6.99942398629e-05 0.0 -2.69511188321e-05 8.23087015878e-05 0.0 -3.75825775573e-05 9.17632158723e-05 0.0 -4.90256763998e-05 9.86581830407e-05 0.0 -6.10147808474e-05 0.000103266652705 0.0 -7.3333357027e-05 0.000105818850683 0.0 -8.5802032363e-05 0.000106495044322 0.0 -9.82676865925e-05 0.000105425320499 0.0 -0.000110594623678 0.00010269466256 0.0 -0.000122657082903 9.8351735972e-05 0.0 -0.000134332975228 9.24199135388e-05 0.0 -0.000145498749258 8.49093151868e-05 0.0 -0.00015602522349 7.58289705258e-05 0.0 -0.000165774261606 6.51985689407e-05 0.0 -0.000174596260757 5.3059576405e-05 0.0 -0.00018232853926 3.94857189099e-05 0.0 -0.000188794836881 2.45929273346e-05 0.0 -0.000193806267378 8.54879553638e-06 0.0 -0.000197164179159 -8.41856958873e-06 0.0 -0.000198665447055 -2.60127062397e-05 0.0 -0.000198110775362 -4.3862791594e-05 0.0 -0.000195316549907 -6.15206813566e-05 0.0 -0.000190130594109 -7.8462716704e-05 0.0 -0.000182451846719 -9.40983906181e-05 0.0 -0.000172253369845 -0.000107788158535 0.0 -0.000159607199958 -0.000118872481262 0.0 -0.000144708390912 -0.000126713362749 0.0 -0.000127894315175 -0.000130747966152 0.0 -0.000109654195974 -0.000130551264199 0.0 -9.06234482674e-05 -0.000125901321744 0.0 -7.15586132549e-05 -0.000116837454989 0.0 -5.3292322285e-05 -0.000103699558117 0.0 -3.66703264777e-05 -8.71379736779e-05 0.0 -2.24671329457e-05 -6.80872581386e-05 0.0 -1.13062183528e-05 -4.77018233271e-05 0.0 -3.76363744652e-06 -2.72688563421e-05 0.0 -4.87537622414e-07 -8.16737872793e-06 0.0 -5.88693146617e-07 1.4906552523e-05 0.0 -3.58439583277e-06 4.03651638562e-05 0.0 -9.65682649546e-06 6.15898239188e-05 0.0 -1.78547333475e-05 7.88550722972e-05 0.0 -2.75829517397e-05 9.25167426652e-05 0.0 -3.84645789954e-05 0.000102955134051 0.0 -5.01767419485e-05 0.000110537325082 0.0 -6.24495351091e-05 0.000115591565405 0.0 -7.50654697812e-05 0.00011839181608 0.0 -8.78474009285e-05 0.000119151268363 0.0 -0.000100647272093 0.000118023173854 0.0 -0.00011333679822 0.000115107170041 0.0 -0.000125799367338 0.000110459332065 0.0 -0.000137923073933 0.000104104360621 0.0 -0.000149594803201 9.60486294047e-05 0.0 -0.000160695206287 8.62932137089e-05 0.0 -0.000171094439353 7.48464310656e-05 0.0 -0.000180648627711 6.17357761451e-05 0.0 -0.000189197131117 4.70193740909e-05 0.0 -0.000196560817801 3.07971797604e-05 0.0 -0.000202541695501 1.3222106058e-05 0.0 -0.000206924391815 -5.48892051475e-06 0.0 -0.000209480109767 -2.50442930444e-05 0.0 -0.000209973800795 -4.50682194314e-05 0.0 -0.000208175361607 -6.50936646005e-05 0.0 -0.000203875605347 -8.45596706642e-05 0.0 -0.000196907503969 -0.000102815609691 0.0 -0.000187172641735 -0.00011913543132 0.0 -0.00017467184838 -0.000132745129486 0.0 -0.000159537544442 -0.000142866126392 0.0 -0.00014206351325 -0.000148775657243 0.0 -0.000122725910099 -0.000149882202511 0.0 -0.000102187961203 -0.000145809544594 0.0 -8.12812723228e-05 -0.00013647781157 0.0 -6.09603605738e-05 -0.000122165689119 0.0 -4.2230342321e-05 -0.000103537390418 0.0 -2.60428463946e-05 -8.16218589252e-05 0.0 -1.31925648792e-05 -5.77384195901e-05 0.0 -4.42847654632e-06 -3.33868061246e-05 0.0 -5.84627188973e-07 -1.01853333387e-05 0.0 -5.94209052694e-07 1.67639439497e-05 0.0 -3.62420322441e-06 4.52087763695e-05 0.0 -9.77229879872e-06 6.87909596548e-05 0.0 -1.80771767516e-05 8.78785805001e-05 0.0 -2.79354348293e-05 0.000102913443212 0.0 -3.89637191462e-05 0.000114354493074 0.0 -5.08339620562e-05 0.000122637876905 0.0 -6.32733685053e-05 0.000128149949576 0.0 -7.60645079639e-05 0.000131211497211 0.0 -8.90333764624e-05 0.000132071624266 0.0 -0.000102037993187 0.000130909413866 0.0 -0.000114958733379 0.000127841337639 0.0 -0.000127689728303 0.000122932452014 0.0 -0.000140131286658 0.000116209653686 0.0 -0.000152183280404 0.000107675651694 0.0 -0.000163739341763 9.73227789624e-05 0.0 -0.000174681736137 8.51462301928e-05 0.0 -0.000184876850725 7.11567036988e-05 0.0 -0.000194171342953 5.53926927641e-05 0.0 -0.000202389120161 3.79327927854e-05 0.0 -0.000209329469725 1.89083594229e-05 0.0 -0.000214766828249 -1.48332312451e-06 0.0 -0.000218452872786 -2.2965520851e-05 0.0 -0.000220121810652 -4.51688000512e-05 0.0 -0.000219499937002 -6.76192844714e-05 0.0 -0.000216320643536 -8.97304101594e-05 0.0 -0.000210345972033 -0.000110801093555 0.0 -0.000201395396866 -0.00013002411591 0.0 -0.000189381593504 -0.000146509218947 0.0 -0.00017435133909 -0.00015932544091 0.0 -0.000156527356629 -0.000167566002986 0.0 -0.000136344051533 -0.000170435914451 0.0 -0.000114467371903 -0.000167356967335 0.0 -9.17881114605e-05 -0.000158077321262 0.0 -6.93809968501e-05 -0.000142765413115 0.0 -4.84254546414e-05 -0.000122064092622 0.0 -3.0079896809e-05 -9.70832776484e-05 0.0 -1.53489620966e-05 -6.93181009452e-05 0.0 -5.19957955146e-06 -4.05115299019e-05 0.0 -7.00402369715e-07 -1.25625170043e-05 0.0 -5.92392256079e-07 1.86308876562e-05 0.0 -3.62358320873e-06 5.00847002764e-05 0.0 -9.78420933999e-06 7.6046864927e-05 0.0 -1.81137177502e-05 9.69758592194e-05 0.0 -2.80059020458e-05 0.000113397950658 0.0 -3.90732229492e-05 0.000125850877578 0.0 -5.0983868341e-05 0.000134841356846 0.0 -6.34631352725e-05 0.000140816269896 0.0 -7.62943709385e-05 0.000144146130835 0.0 -8.93074062162e-05 0.00014511897444 0.0 -0.00010236717279 0.000143942567804 0.0 -0.000115363807339 0.00014075270475 0.0 -0.000128203653052 0.000135625406634 0.0 -0.000140801169173 0.00012859114376 0.0 -0.000153071723314 0.000119649648534 0.0 -0.00016492512228 0.000108784425414 0.0 -0.000176259733463 9.59765824683e-05 0.0 -0.000186957102723 8.12180411423e-05 0.0 -0.000196877059774 6.45244791673e-05 0.0 -0.0002058534156 4.59485086718e-05 0.0 -0.000213690501402 2.55935893508e-05 0.0 -0.000220160984145 3.62903395794e-06 0.0 -0.000225005634005 -1.96938174688e-05 0.0 -0.000227936007926 -4.40246217161e-05 0.0 -0.000228641322052 -6.8897289618e-05 0.0 -0.000226801117886 -9.37153036376e-05 0.0 -0.000222105488871 -0.000117742191763 0.0 -0.000214284465199 -0.000140101528085 0.0 -0.000203147455192 -0.000159792219807 0.0 -0.000188632035619 -0.000175725730911 0.0 -0.000170858671212 -0.000186791521879 0.0 -0.000150184094744 -0.000191954276572 0.0 -0.000127241654724 -0.000190380364602 0.0 -0.000102953874906 -0.000181581133732 0.0 -7.85037105782e-05 -0.000165548777986 0.0 -5.52536697513e-05 -0.000142851266477 0.0 -3.4598401204e-05 -0.00011465115503 0.0 -1.77968558095e-05 -8.26224810313e-05 0.0 -6.088821271e-06 -4.87822691271e-05 0.0 -8.37768014859e-07 -1.53566979824e-05 0.0 -5.83559042891e-07 2.04864407302e-05 0.0 -3.58439412557e-06 5.49423606541e-05 0.0 -9.69705777338e-06 8.32853115183e-05 0.0 -1.79712071824e-05 0.000106057961316 0.0 -2.78020822659e-05 0.000123867557086 0.0 -3.87993412987e-05 0.000137329527466 0.0 -5.0628243338e-05 0.00014702195024 0.0 -6.30127483114e-05 0.000153454324194 0.0 -7.57374602519e-05 0.000157049718243 0.0 -8.86366036717e-05 0.000158138209908 0.0 -0.000101582774445 0.000156959322251 0.0 -0.000114476897757 0.000153670981915 0.0 -0.000127238913577 0.000148362581024 0.0 -0.000139799270027 0.000141070070537 0.0 -0.000152091237129 0.000131791543382 0.0 -0.000164043906621 0.000120502369377 0.0 -0.000175575712858 0.000107169519802 0.0 -0.000186588336509 9.1765193138e-05 0.0 -0.000196960911307 7.42801851102e-05 0.0 -0.000206544544722 5.47376273288e-05 0.0 -0.00021515729358 3.32077596039e-05 0.0 -0.000222579920341 9.82431613296e-06 0.0 -0.000228553026688 -1.51970997787e-05 0.0 -0.000232776543846 -4.15386515145e-05 0.0 -0.000234912932892 -6.87586072469e-05 0.0 -0.000234596061783 -9.62697154661e-05 0.0 -0.000231448194513 -0.000123320677133 0.0 -0.000225107676105 -0.0001489852904 0.0 -0.000215269670481 -0.000172166081458 0.0 -0.00020174096452 -0.000191621261197 0.0 -0.000184507056053 -0.000206024863549 0.0 -0.000163805084011 -0.000214068436629 0.0 -0.00014018985636 -0.000214606755983 0.0 -0.000114574247589 -0.000206838195163 0.0 -8.8223210253e-05 -0.000190493341258 0.0 -6.26805061824e-05 -0.00016598808341 0.0 -3.9602888841e-05 -0.000134487570537 0.0 -2.05524011794e-05 -9.7834282612e-05 0.0 -7.10739158168e-06 -5.83473411267e-05 0.0 -9.99836017359e-07 -1.86319206999e-05 0.0 -5.68467640662e-07 2.23111237502e-05 0.0 -3.51081944197e-06 5.97346770955e-05 0.0 -9.52098378742e-06 9.04381854699e-05 0.0 -1.76659274279e-05 0.000115039236635 0.0 -2.73448280111e-05 0.00013422084544 0.0 -3.81647728736e-05 0.000148674107886 0.0 -4.97881770759e-05 0.000159048855561 0.0 -6.19378551297e-05 0.000165919212071 0.0 -7.44000223548e-05 0.000169763716267 0.0 -8.70138752689e-05 0.000170957783075 0.0 -9.96604982777e-05 0.000169776009445 0.0 -0.000112252693113 0.000166401574301 0.0 -0.000124725390548 0.00016094003416 0.0 -0.00013702680379 0.000153435218808 0.0 -0.000149110375548 0.000143885540221 0.0 -0.000160927392757 0.000132259703854 0.0 -0.000172420082597 0.000118511443877 0.0 -0.000183515000061 0.00010259341913 0.0 -0.000194116544959 8.4470772618e-05 0.0 -0.000204100506807 6.41350767789e-05 0.0 -0.000213307639471 4.1619481267e-05 0.0 -0.000221537429362 1.7015871464e-05 0.0 -0.000228542494724 -9.50525561159e-06 0.0 -0.000234024556646 -3.76717248054e-05 0.0 -0.000237633181018 -6.70836216196e-05 0.0 -0.000238969527675 -9.71848019378e-05 0.0 -0.000237598130896 -0.000127234615803 0.0 -0.000233070156868 -0.00015628413626 0.0 -0.000224962182013 -0.000183164285579 0.0 -0.000212933739465 -0.00020649660317 0.0 -0.00019680446603 -0.000224740352532 0.0 -0.000176646662695 -0.000236290401476 0.0 -0.000152881062429 -0.000239635995554 0.0 -0.000126354147981 -0.000233577959701 0.0 -9.8368381465e-05 -0.000217479600298 0.0 -7.06308346363e-05 -0.000191498430195 0.0 -4.50776362605e-05 -0.000156722000967 0.0 -2.3624549803e-05 -0.000115128987696 0.0 -8.26537706505e-06 -6.93609527693e-05 0.0 -1.18992767317e-06 -2.24581778146e-05 0.0 -5.48415628362e-07 2.40882604839e-05 0.0 -3.40989756017e-06 6.44211459124e-05 0.0 -9.27305512301e-06 9.74454332204e-05 0.0 -1.7225710461e-05 0.000123841457062 0.0 -2.66709869744e-05 0.000144361556847 0.0 -3.72121644873e-05 0.000159770115836 0.0 -4.8508085954e-05 0.000170789211416 0.0 -6.02803202918e-05 0.00017805988724 0.0 -7.23171162975e-05 0.000182119387315 0.0 -8.44634768374e-05 0.000183392049297 0.0 -9.66101067687e-05 0.000182191121543 0.0 -0.000108683036143 0.000178728412665 0.0 -0.000120633739909 0.000173128735613 0.0 -0.000132429993551 0.000165446580765 0.0 -0.000144047550309 0.000155683149045 0.0 -0.000155462515514 0.00014380262959 0.0 -0.000166644204745 0.00012974729686 0.0 -0.000177548240426 0.000113451557895 0.0 -0.000188109638237 9.48554793605e-05 0.0 -0.000198235661286 7.39185818519e-05 0.0 -0.000207798287849 5.06348419878e-05 0.0 -0.000216626261686 2.50499220632e-05 0.0 -0.000224496921861 -2.71835192716e-06 0.0 -0.000231128635802 -3.24553382582e-05 0.0 -0.000236174677843 -6.38198180487e-05 0.0 -0.000239220867035 -9.63097320994e-05 0.0 -0.000239790331547 -0.000129224108586 0.0 -0.000237359483902 -0.000161625159037 0.0 -0.000231390923148 -0.000192307628425 0.0 -0.000221389068349 -0.000219787295455 0.0 -0.00020698290178 -0.000242325854529 0.0 -0.000188035578395 -0.000258013442358 0.0 -0.000164771570411 -0.000264929200992 0.0 -0.000137899077547 -0.000261389230104 0.0 -0.000108691988828 -0.00024626525219 0.0 -7.89803482382e-05 -0.000219316595552 0.0 -5.09814608065e-05 -0.000181433075561 0.0 -2.70128283284e-05 -0.000134664257794 0.0 -9.571248573e-06 -8.19789716934e-05 0.0 -1.41156355943e-06 -2.69108677382e-05 0.0 -5.25353580048e-07 2.58056039426e-05 0.0 -3.29213713091e-06 6.89715964654e-05 0.0 -8.97873761482e-06 0.000104259836653 0.0 -1.66922837128e-05 0.000132398736977 0.0 -2.58364561472e-05 0.000154203118416 0.0 -3.60076544713e-05 0.00017050879403 0.0 -4.68595568794e-05 0.00018211141909 0.0 -5.81122595282e-05 0.000189722068531 0.0 -6.95568234651e-05 0.000193940557808 0.0 -8.1045479453e-05 0.000195244150921 0.0 -9.24803100019e-05 0.000193988576398 0.0 -0.000103802459659 0.000190417808526 0.0 -0.000114981865225 0.000184679152451 0.0 -0.000126007811512 0.000176840739766 0.0 -0.000136880413186 0.00016690934377 0.0 -0.000147602884345 0.000154847264617 0.0 -0.000158174346297 0.000140587785927 0.0 -0.000168582870249 0.000124049299272 0.0 -0.000178798422673 0.000105148620837 0.0 -0.000188765374399 8.38143156218e-05 0.0 -0.000198394261412 6.00010498849e-05 0.0 -0.000207552578899 3.37061575958e-05 0.0 -0.000216054586371 4.98974034655e-06 0.0 -0.000223650253954 -2.6000269126e-05 0.0 -0.000230014579027 -5.89963800368e-05 0.0 -0.000234738836964 -9.35727295204e-05 0.0 -0.000237326717251 -0.000129098420218 0.0 -0.000237200560225 -0.000164685543949 0.0 -0.00023372422024 -0.00019913772285 0.0 -0.000226251027775 -0.000230910990267 0.0 -0.000214205446377 -0.000258106672501 0.0 -0.00019720382144 -0.000278524189654 0.0 -0.000175210700664 -0.000289806418132 0.0 -0.000148711613277 -0.00028970419453 0.0 -0.000118862523684 -0.000276460331246 0.0 -8.75473917682e-05 -0.000249260778281 0.0 -5.72423033201e-05 -0.000208627198381 0.0 -3.07049666347e-05 -0.000156566953069 0.0 -1.10313205004e-05 -9.63535429275e-05 0.0 -1.66845332954e-06 -3.20700048593e-05 0.0 -5.02035004474e-07 2.74573073141e-05 0.0 -3.17229841157e-06 7.33707414464e-05 0.0 -8.67369205759e-06 0.000110852706072 0.0 -1.612400244e-05 0.000140663241896 0.0 -2.49195269305e-05 0.000163673707498 0.0 -3.46444662961e-05 0.000180791323439 0.0 -4.49448926032e-05 0.000192888554179 0.0 -5.55393577973e-05 0.000200751151989 0.0 -6.62232859221e-05 0.000205046395114 0.0 -7.68585857696e-05 0.000206309030276 0.0 -8.73615020295e-05 0.0002049412977 0.0 -9.76910446114e-05 0.000201222867195 0.0 -0.000107838140667 0.000195326683741 0.0 -0.000117815842433 0.000187337432272 0.0 -0.000127650667714 0.000177270270677 0.0 -0.000137374891626 0.000165088424768 0.0 -0.00014701948774 0.000150719056431 0.0 -0.000156607354414 0.000134067448014 0.0 -0.000166146419141 0.000115029996384 0.0 -0.000175622183014 9.3506824251e-05 0.0 -0.000184989257035 6.94150592271e-05 0.0 -0.000194161476178 4.27040662747e-05 0.0 -0.000203000270777 1.3374201214e-05 0.0 -0.000211301130636 -1.84990095977e-05 0.0 -0.000218778800457 -5.27332451939e-05 0.0 -0.000225052229339 -8.89978939616e-05 0.0 -0.000229631859404 -0.000126761127868 0.0 -0.000231914166391 -0.000165225499833 0.0 -0.000231190660293 -0.000203255576348 0.0 -0.000226681931647 -0.000239307665186 0.0 -0.000217609672484 -0.000271381707339 0.0 -0.000203319055249 -0.000297028363427 0.0 -0.000183456924686 -0.000313456700483 0.0 -0.00015819495642 -0.000317791120089 0.0 -0.000128459710961 -0.000307505932565 0.0 -9.60860560034e-05 -0.000281005836086 0.0 -6.37520755714e-05 -0.000238214413191 0.0 -3.46746443972e-05 -0.000180917732546 0.0 -1.26493105636e-05 -0.000112626548347 0.0 -1.96451362107e-06 -3.80192016384e-05 0.0 -4.82239997455e-07 2.90463563766e-05 0.0 -3.0704829747e-06 7.76237334104e-05 0.0 -8.40614418543e-06 0.000117220632312 0.0 -1.55992329446e-05 0.000148611656948 0.0 -2.40247050411e-05 0.000172721638937 0.0 -3.32465873757e-05 0.000190532931616 0.0 -4.29002135937e-05 0.000203001406721 0.0 -5.27031452938e-05 0.000210994610063 0.0 -6.2458079894e-05 0.000215253662236 0.0 -7.2040653148e-05 0.000216376011899 0.0 -8.13855664077e-05 0.000214814523757 0.0 -9.04736818894e-05 0.000210887830864 0.0 -9.93203187083e-05 0.000204797253285 0.0 -0.000107965032423 0.000196646519258 0.0 -0.000116462863542 0.000186461647892 0.0 -0.000124876782341 0.000174209423747 0.0 -0.000133270949284 0.000159813784019 0.0 -0.000141704359609 0.000143170104453 0.0 -0.000150224401069 0.000124157834086 0.0 -0.000158859813885 0.000102652251928 0.0 -0.000167612504273 7.85363805847e-05 0.0 -0.00017644763638 5.17143694876e-05 0.0 -0.000185281425605 2.21280375147e-05 0.0 -0.000193966136723 -1.02212550311e-05 0.0 -0.000202272298407 -4.52427330292e-05 0.0 -0.000209868367954 -8.27149006978e-05 0.0 -0.000216299660688 -0.000122229517603 0.0 -0.000220970535552 -0.000163118097064 0.0 -0.000223136758045 -0.000204361013181 0.0 -0.000221919772796 -0.000244485492029 0.0 -0.000216359509275 -0.000281470062227 0.0 -0.000205525624708 -0.000312690386213 0.0 -0.000188704396539 -0.000334962801819 0.0 -0.000165664626383 -0.000344759002996 0.0 -0.000136974901717 -0.000338659626053 0.0 -0.000104281405019 -0.000314057184024 0.0 -7.03623011265e-05 -0.000269982185455 0.0 -3.88797259467e-05 -0.000207733387719 0.0 -1.44262144886e-05 -0.000130922069635 0.0 -2.30396877876e-06 -4.48445356822e-05 0.0 -4.71139225285e-07 3.0587681887e-05 0.0 -3.01376917461e-06 8.1763089787e-05 0.0 -8.2402143253e-06 0.000123393513227 0.0 -1.52207737716e-05 0.000156252342107 0.0 -2.32872425942e-05 0.000181320718837 0.0 -3.19725323407e-05 0.000199666357684 0.0 -4.08978533996e-05 0.00021234048164 0.0 -4.97817256469e-05 0.000220303171867 0.0 -5.84392162238e-05 0.000224377743708 0.0 -6.67660559624e-05 0.000225230253286 0.0 -7.47217586794e-05 0.000223368134183 0.0 -8.23146431475e-05 0.000219151602577 0.0 -8.95889339004e-05 0.00021281224016 0.0 -9.66140361392e-05 0.000204474444146 0.0 -0.000103475771662 0.000194176804872 0.0 -0.000110269139377 0.000181891697326 0.0 -0.000117092101667 0.000167542342277 0.0 -0.000124039886435 0.000151017284331 0.0 -0.000131199280828 0.000132182700141 0.0 -0.000138642362346 0.000110893264028 0.0 -0.00014641906625 8.70025564761e-05 0.0 -0.000154547914256 6.03742791328e-05 0.0 -0.000163004144999 3.08959669406e-05 0.0 -0.000171704436554 -1.50253914885e-06 0.0 -0.000180487602694 -3.68228163411e-05 0.0 -0.000189090722612 -7.49594120244e-05 0.0 -0.000197121294317 -0.000115644743276 0.0 -0.000204027821934 -0.000158371355033 0.0 -0.000209074513362 -0.000202287583639 0.0 -0.000211331387552 -0.000246067110837 0.0 -0.000209698576116 -0.000287763961886 0.0 -0.000202991519824 -0.000324684807644 0.0 -0.000190117634534 -0.00035334088615 0.0 -0.000170367829517 -0.000369576564057 0.0 -0.000143816726793 -0.000368990569724 0.0 -0.000111747304274 -0.000347728000486 0.0 -7.68809378669e-05 -0.000303567944144 0.0 -4.32614082358e-05 -0.000236947165719 0.0 -1.63608286247e-05 -0.000151338216926 0.0 -2.69163521002e-06 -5.26335695222e-05 0.0 -4.75915073215e-07 3.21123422691e-05 0.0 -3.03877719443e-06 8.58575750473e-05 0.0 -8.26077743393e-06 0.000129444150217 0.0 -1.51218143123e-05 0.000163632988781 0.0 -2.28785849031e-05 0.000189474957585 0.0 -3.1018990361e-05 0.000208143807282 0.0 -3.91474420514e-05 0.000220805992831 0.0 -4.69880047782e-05 0.000228529825964 0.0 -5.43765515457e-05 0.00023223154106 0.0 -6.12384847806e-05 0.000232652220988 0.0 -6.75671418593e-05 0.000230357181641 0.0 -7.34058628354e-05 0.00022574962614 0.0 -7.88335644831e-05 0.000219091864143 0.0 -8.39535065332e-05 0.000210529193475 0.0 -8.88846815989e-05 0.000200113240682 0.0 -9.37551290054e-05 0.000187822964229 0.0 -9.8696504838e-05 0.000173582572786 0.0 -0.000103839303319 0.000157276312051 0.0 -0.000109308161588 0.000138760526694 0.0 -0.00011521667933 0.000117873686255 0.0 -0.000121661155438 9.44452995547e-05 0.0 -0.000128712537956 6.83048618567e-05 0.0 -0.000136405740201 3.92924206455e-05 0.0 -0.000144725322211 7.27294271132e-06 0.0 -0.000153586235831 -2.78423938278e-05 0.0 -0.000162808653391 -6.60633493719e-05 0.0 -0.000172085889348 -0.000107270332079 0.0 -0.000180945659015 -0.000151138460023 0.0 -0.000188708303524 -0.000197027347464 0.0 -0.000194450873329 -0.000243829868057 0.0 -0.00019699559626 -0.000289781820659 0.0 -0.00019495389269 -0.000332254953231 0.0 -0.000186869423367 -0.000367593260935 0.0 -0.000171507875917 -0.000391106294494 0.0 -0.000148320913906 -0.000397386580863 0.0 -0.000118026414465 -0.000381121721186 0.0 -8.30702994942e-05 -0.000338431089059 0.0 -4.77446509181e-05 -0.000268387229502 0.0 -1.84514229512e-05 -0.00017393888248 0.0 -3.13357464396e-06 -6.1475039067e-05 0.0 -5.06845640572e-07 3.36734525102e-05 0.0 -3.19577438419e-06 9.00239494074e-05 0.0 -8.58064738222e-06 0.000135499749256 0.0 -1.54739600754e-05 0.000170848319954 0.0 -2.30126677449e-05 0.000197221575053 0.0 -3.06235911103e-05 0.000215936025441 0.0 -3.78942640045e-05 0.000228304430667 0.0 -4.45634881785e-05 0.000235525329681 0.0 -5.05013036908e-05 0.000238621081244 0.0 -5.56766295966e-05 0.000238414183155 0.0 -6.01288777103e-05 0.000235529720421 0.0 -6.39461690915e-05 0.000230413255329 0.0 -6.72491888746e-05 0.000223356143405 0.0 -7.01796210451e-05 0.00021452281163 0.0 -7.28920270592e-05 0.000203976644665 0.0 -7.55480812673e-05 0.00019170272444 0.0 -7.83122707717e-05 0.000177626784264 0.0 -8.1348344646e-05 0.000161630411177 0.0 -8.48159101347e-05 0.000143562953919 0.0 -8.8866616523e-05 0.000123250804286 0.0 -9.36393952226e-05 0.000100504958801 0.0 -9.92540966352e-05 7.5127794049e-05 0.0 -0.000105802666548 4.69204914211e-05 0.0 -0.000113336777375 1.56930352284e-05 0.0 -0.000121850374041 -1.87203198081e-05 0.0 -0.000131255382984 -5.64358182516e-05 0.0 -0.000141348378861 -9.74783226634e-05 0.0 -0.000151766379353 -0.000141713451257 0.0 -0.000161932022472 -0.000188740764405 0.0 -0.000170993113959 -0.000237733485558 0.0 -0.000177771655257 -0.000287214114959 0.0 -0.000180753918926 -0.000334772107755 0.0 -0.000178174670171 -0.000376769628883 0.0 -0.000168268665362 -0.000408152053321 0.0 -0.000149761190988 -0.000422574031675 0.0 -0.000122590421749 -0.000413121076176 0.0 -8.86450111365e-05 -0.000373824533982 0.0 -5.22399678569e-05 -0.000301752845202 0.0 -2.06993109155e-05 -0.000198746077076 0.0 -3.63846070659e-06 -7.14601319892e-05 0.0 -5.79219283699e-07 3.53550112274e-05 0.0 -3.55528602419e-06 9.44429125093e-05 0.0 -9.35110638788e-06 0.000141755536763 0.0 -1.6497630951e-05 0.000178046756542 0.0 -2.39522019811e-05 0.000204630377452 0.0 -3.10646974594e-05 0.000223026264739 0.0 -3.74117452977e-05 0.000234739568694 0.0 -4.27637029421e-05 0.000241128374315 0.0 -4.70451741069e-05 0.000243336315386 0.0 -5.02878965409e-05 0.000242272481849 0.0 -5.25933249309e-05 0.00023862090452 0.0 -5.41063400146e-05 0.000232865715156 0.0 -5.49975471658e-05 0.000225322590161 0.0 -5.54518929591e-05 0.000216170646754 0.0 -5.56616365703e-05 0.000205481530039 0.0 -5.5822065534e-05 0.000193244185481 0.0 -5.61287945412e-05 0.000179384978729 0.0 -5.67758183449e-05 0.000163783359258 0.0 -5.79537054308e-05 0.000146283679849 0.0 -5.98473742118e-05 0.000126703783024 0.0 -6.26330823015e-05 0.000104841488848 0.0 -6.64740751939e-05 8.04793938437e-05 0.0 -7.15140691679e-05 5.33894478275e-05 0.0 -7.78675977111e-05 2.3338757562e-05 0.0 -8.56056335977e-05 -9.90101873116e-06 0.0 -9.47342365651e-05 -4.65369514751e-05 0.0 -0.000105163147483 -8.672421575e-05 0.0 -0.000116660599145 -0.000130511797646 0.0 -0.000128790947354 -0.000177748801082 0.0 -0.000140834827757 -0.000227929824334 0.0 -0.000151700328151 -0.00027995485016 0.0 -0.000159851701511 -0.000331787502577 0.0 -0.00016331171622 -0.000380030425504 0.0 -0.000159832317417 -0.000419516556017 0.0 -0.000147356013917 -0.000443149712416 0.0 -0.000124836482644 -0.000442383718395 0.0 -9.32672059892e-05 -0.000408764557306 0.0 -5.66458905108e-05 -0.000336586513989 0.0 -2.31153920247e-05 -0.000225733284279 0.0 -4.22030301909e-06 -8.26869488882e-05 0.0 -7.16751813804e-07 3.72855816678e-05 0.0 -4.21873218822e-06 9.93810428337e-05 0.0 -1.07769137523e-05 0.000148490133741 0.0 -1.8474275627e-05 0.000185433636676 0.0 -2.60121313874e-05 0.000211796005618 0.0 -3.26532697967e-05 0.000229395482356 0.0 -3.7981406632e-05 0.000239994633634 0.0 -4.18273563942e-05 0.000245147734836 0.0 -4.42003787772e-05 0.000246135037943 0.0 -4.52209699803e-05 0.00024395401509 0.0 -4.50725126523e-05 0.000239342162663 0.0 -4.39705114867e-05 0.000232813735284 0.0 -4.21441728924e-05 0.000224699921603 0.0 -3.98262483745e-05 0.00021518675362 0.0 -3.72480859791e-05 0.000204348027395 0.0 -3.46376204861e-05 0.000192172258052 0.0 -3.22188815339e-05 0.000178584015609 0.0 -3.02120993652e-05 0.000163459942863 0.0 -2.88338701715e-05 0.000146640493724 0.0 -2.82966532892e-05 0.000127937755651 0.0 -2.88076745885e-05 0.000107141236417 0.0 -3.05668273401e-05 8.40208807703e-05 0.0 -3.37626132248e-05 5.83292951877e-05 0.0 -3.85656226392e-05 2.98038953505e-05 0.0 -4.51180551762e-05 -1.82931292407e-06 0.0 -5.35168017536e-05 -3.68476083824e-05 0.0 -6.37867126012e-05 -7.55134036282e-05 0.0 -7.58389803017e-05 -0.000118037457008 0.0 -8.94079063756e-05 -0.000164506876656 0.0 -0.000103960051803 -0.000214751740875 0.0 -0.000118575092374 -0.000268113006908 0.0 -0.000131813877304 -0.000323069854013 0.0 -0.000141623052973 -0.000376705172008 0.0 -0.000145382101274 -0.000424063777322 0.0 -0.000140263894871 -0.000457622437612 0.0 -0.000124073219403 -0.000467343232713 0.0 -9.65333403323e-05 -0.000441995816091 0.0 -6.0849662162e-05 -0.000372237584427 0.0 -2.5731075707e-05 -0.000254819222988 0.0 -4.90372154457e-06 -9.52708276498e-05 0.0 -9.57761765454e-07 3.96601635772e-05 0.0 -5.33546762269e-06 0.000105220873758 0.0 -1.31365909145e-05 0.000156080708319 0.0 -2.17574702223e-05 0.000193265815629 0.0 -2.95530665019e-05 0.000218816669608 0.0 -3.57059355658e-05 0.00023499266677 0.0 -3.98467119626e-05 0.000243900552913 0.0 -4.19138687834e-05 0.000247332497809 0.0 -4.20441585495e-05 0.000246717079758 0.0 -4.0480271685e-05 0.000243134933753 0.0 -3.75109436175e-05 0.000237364113702 0.0 -3.34371407399e-05 0.000229934035854 0.0 -2.85548545443e-05 0.000221177394717 0.0 -2.31479598155e-05 0.000211275436505 0.0 -1.74868391849e-05 0.000200295150465 0.0 -1.18296638417e-05 0.000188218254095 0.0 -6.42485933282e-06 0.000174963647471 0.0 -1.51378880802e-06 0.000160403412726 0.0 2.66668979121e-06 0.000144374234353 0.0 5.88298413077e-06 0.000126684897836 0.0 7.90387417057e-06 0.000107120755373 0.0 8.5001608116e-06 8.54457662726e-05 0.0 7.44641614448e-06 6.14028011322e-05 0.0 4.52429133812e-06 3.47128515158e-05 0.0 -4.71234942257e-07 5.07409846063e-06 0.0 -7.7201199359e-06 -2.78374555667e-05 0.0 -1.73570479581e-05 -6.43623193053e-05 0.0 -2.94372447812e-05 -0.00010483966234 0.0 -4.38790884715e-05 -0.000149562835203 0.0 -6.03726698291e-05 -0.000198681054448 0.0 -7.82434490745e-05 -0.0002520011886 0.0 -9.62703991437e-05 -0.000308623289809 0.0 -0.000112489668584 -0.000366339884593 0.0 -0.000124083347923 -0.000420781622684 0.0 -0.000127558786141 -0.000464462147245 0.0 -0.000119486481681 -0.000486213923938 0.0 -9.79425103925e-05 -0.000471946370833 0.0 -6.47198954495e-05 -0.000407808447477 0.0 -2.86148456429e-05 -0.000285858648568 0.0 -5.73387425747e-06 -0.000109364945197 0.0 -1.36647716663e-06 4.27760333418e-05 0.0 -7.12982072358e-06 0.000112500924491 0.0 -1.68070614945e-05 0.000165011963608 0.0 -2.6774101691e-05 0.000201827005785 0.0 -3.49480244404e-05 0.000225747868474 0.0 -4.0476509301e-05 0.000239680237163 0.0 -4.31140471737e-05 0.000246182488179 0.0 -4.2980254072e-05 0.000247324809372 0.0 -4.0397809223e-05 0.000244685088082 0.0 -3.5772406526e-05 0.000239409339623 0.0 -2.95236085862e-05 0.000232292164427 0.0 -2.2051779022e-05 0.000223854545456 0.0 -1.37256181209e-05 0.000214410444278 0.0 -4.88074994362e-06 0.00020412033154 0.0 4.17601966786e-06 0.000193032472241 0.0 1.31609380458e-05 0.000181113780614 0.0 2.18070264345e-05 0.000168272312568 0.0 2.98580985114e-05 0.000154373083679 0.0 3.70640774247e-05 0.000139248732884 0.0 4.31773077725e-05 0.000122706540426 0.0 4.79496696617e-05 0.00010453155655 0.0 5.11304363484e-05 8.44879267473e-05 0.0 5.2465448627e-05 6.23177728618e-05 0.0 5.1697498723e-05 3.77382792615e-05 0.0 4.85687749136e-05 1.04372370214e-05 0.0 4.28271234161e-05 -1.99322573846e-05 0.0 3.42388810701e-05 -5.37569151449e-05 0.0 2.26135010615e-05 -9.14633792445e-05 0.0 7.84939390172e-06 -0.000133503205012 0.0 -9.98468096292e-06 -0.000180298786834 0.0 -3.0512984561e-05 -0.000232102284174 0.0 -5.28419541367e-05 -0.000288683877901 0.0 -7.52769967545e-05 -0.000348730384981 0.0 -9.50370542305e-05 -0.000408842546168 0.0 -0.000108176599052 -0.000462156330113 0.0 -0.000110071565408 -0.000496999239468 0.0 -9.68292018221e-05 -0.000496666271404 0.0 -6.80769964463e-05 -0.000442067917671 0.0 -3.18934483428e-05 -0.000318620941003 0.0 -6.79428411361e-06 -0.000125198580341 0.0 -2.05392238578e-06 4.70928699512e-05 0.0 -9.94302494513e-06 0.000121965062623 0.0 -2.22860537051e-05 0.00017586383741 0.0 -3.39928656057e-05 0.000211362516095 0.0 -4.24856610437e-05 0.000232510704318 0.0 -4.69997555541e-05 0.000243138331776 0.0 -4.75496399308e-05 0.000246373286405 0.0 -4.45445919899e-05 0.000244588019055 0.0 -3.85683593336e-05 0.000239488144162 0.0 -3.02353185768e-05 0.000232246828845 0.0 -2.01197018685e-05 0.000223635633515 0.0 -8.73067805933e-06 0.000214132756408 0.0 3.48975722761e-06 0.000204006231707 0.0 1.61585993381e-05 0.000193375557423 0.0 2.8939829087e-05 0.000182256008302 0.0 4.15323493322e-05 0.000170590238566 0.0 5.36590788419e-05 0.000158269738599 0.0 6.50576576928e-05 0.000145149713996 0.0 7.54730500841e-05 0.000131058528988 0.0 8.46516180354e-05 0.000115803422017 0.0 9.2336360736e-05 9.91729465208e-05 0.0 9.82630644192e-05 8.09372291455e-05 0.0 0.000102157351699 6.08459162777e-05 0.0 0.00010373257263 3.86239175938e-05 0.0 0.000102688933641 1.39646883163e-05 0.0 9.87149077574e-05 -1.3479364439e-05 0.0 9.14929799657e-05 -4.41098095185e-05 0.0 8.071383769e-05 -7.8397231934e-05 0.0 6.61073142407e-05 -0.000116893380521 0.0 4.75050156228e-05 -0.000160223700686 0.0 2.49594863771e-05 -0.000209018838009 0.0 -1.0447353648e-06 -0.00026369716336 0.0 -2.92547487686e-05 -0.000323942502083 0.0 -5.72038208208e-05 -0.000387664075302 0.0 -8.08243548725e-05 -0.000449278277755 0.0 -9.45146149667e-05 -0.000497507824088 0.0 -9.22332682136e-05 -0.000513743223863 0.0 -7.06122977948e-05 -0.000473306549856 0.0 -3.57682433167e-05 -0.000352734036649 0.0 -8.23613617735e-06 -0.000143144483285 0.0 -3.21642971698e-06 5.33357891675e-05 0.0 -1.42947235878e-05 0.000134611589654 0.0 -3.01890100201e-05 0.000189241353215 0.0 -4.3804171374e-05 0.000221930531763 0.0 -5.21304734551e-05 0.000238718709447 0.0 -5.47558478806e-05 0.00024470266082 0.0 -5.21781588003e-05 0.000243678743627 0.0 -4.52455876898e-05 0.000238303348007 0.0 -3.48902830648e-05 0.000230347515946 0.0 -2.19778228677e-05 0.00022094265268 0.0 -7.25112911349e-06 0.000210777366317 0.0 8.67394501673e-06 0.000200240413866 0.0 2.52924355615e-05 0.000189519958273 0.0 4.21877648975e-05 0.000178670946262 0.0 5.90092648882e-05 0.000167660168633 0.0 7.54526336497e-05 0.000156396168555 0.0 9.12438235723e-05 0.000144748575523 0.0 0.000106126210171 0.000132560568685 0.0 0.000119850573592 0.000119656383026 0.0 0.00013216721862 0.000105845380898 0.0 0.000142819638312 9.09234499702e-05 0.0 0.000151539236692 7.4672316104e-05 0.0 0.000158040799381 5.68567999067e-05 0.0 0.000162018484975 3.72198123632e-05 0.0 0.000163142362954 1.54744471453e-05 0.0 0.000161055961467 -8.70800992842e-06 0.0 0.000155376001661 -3.57158398564e-05 0.0 0.000145696774246 -6.60221990864e-05 0.0 0.000131605368624 -0.00010021843712 0.0 0.000112720371975 -0.00013904808738 0.0 8.87787868015e-05 -0.000183414182871 0.0 5.98158370907e-05 -0.000234284278333 0.0 2.6503308311e-05 -0.000292326208446 0.0 -9.29835090985e-06 -0.000356979061548 0.0 -4.38435531596e-05 -0.000424582716264 0.0 -7.10003604268e-05 -0.000485393843511 0.0 -8.26647970062e-05 -0.00052019578254 0.0 -7.17005684536e-05 -0.000499095265811 0.0 -4.04934983361e-05 -0.000387537130164 0.0 -1.03182766327e-05 -0.000163820702955 0.0 -5.20419351838e-06 6.26703037285e-05 0.0 -2.09596917917e-05 0.000151704421646 0.0 -4.11495088209e-05 0.000205564096833 0.0 -5.61760135512e-05 0.000233088772839 0.0 -6.29701030228e-05 0.000243364683693 0.0 -6.19794717596e-05 0.000243102791927 0.0 -5.45194115751e-05 0.000236782619576 0.0 -4.20576244197e-05 0.000227238383535 0.0 -2.59543454751e-05 0.000216178161188 0.0 -7.34516198398e-06 0.000204580517785 0.0 1.2871466637e-05 0.000192967423452 0.0 3.40000927497e-05 0.00018157981534 0.0 5.55038064418e-05 0.000170487341783 0.0 7.69625197979e-05 0.000159655985679 0.0 9.80379791619e-05 0.000148989479372 0.0 0.000118446144449 0.000138354373511 0.0 0.000137936038564 0.000127594955161 0.0 0.000156273788187 0.000116541911766 0.0 0.000173230597891 0.000105016959426 0.0 0.000188573535812 9.28347995063e-05 0.0 0.000202058222059 7.98031123781e-05 0.0 0.000213422712215 6.57209438351e-05 0.0 0.000222382055951 5.03754347673e-05 0.0 0.000228623122849 3.35365111087e-05 0.0 0.000231799416408 1.49486586916e-05 0.0 0.000231525917196 -5.6818532593e-06 0.0 0.000227374287455 -2.8706619202e-05 0.0 0.000218869065239 -5.45656902134e-05 0.0 0.000205488604628 -8.38337766739e-05 0.0 0.000186678928417 -0.000117284140447 0.0 0.00016189975934 -0.000155960936779 0.0 0.000130746218365 -0.000201212003926 0.0 9.32299572383e-05 -0.000254539110012 0.0 5.03424263993e-05 -0.000316939463527 0.0 4.98028013996e-06 -0.000387169436038 0.0 -3.69147653832e-05 -0.000458276255934 0.0 -6.56945796252e-05 -0.000512383481901 0.0 -6.9997737553e-05 -0.000515913947303 0.0 -4.6217686116e-05 -0.000421721535262 0.0 -1.34329182544e-05 -0.000188181505493 0.0 -8.62355474371e-06 7.69801454161e-05 0.0 -3.09986850763e-05 0.000174633049374 0.0 -5.54078496604e-05 0.000224554335446 0.0 -6.97565916603e-05 0.000243296899762 0.0 -7.19949776371e-05 0.000244309785658 0.0 -6.42953518422e-05 0.000236096282227 0.0 -4.92113546442e-05 0.000223624184851 0.0 -2.89846198652e-05 0.000209642391128 0.0 -5.41848403352e-06 0.000195571480204 0.0 2.01323397879e-05 0.000182076130743 0.0 4.66875108288e-05 0.000169406762086 0.0 7.35465149571e-05 0.000157592527905 0.0 0.000100206852679 0.000146547832745 0.0 0.000126300536297 0.000136130308586 0.0 0.000151546844334 0.000126171777677 0.0 0.000175718097194 0.00011649425899 0.0 0.000198615205264 0.000106917775136 0.0 0.000220050229262 9.7263696923e-05 0.0 0.000239833813634 8.73555932699e-05 0.0 0.000257765885252 7.70186103544e-05 0.0 0.000273628432106 6.60778303287e-05 0.0 0.000287179486237 5.43557228839e-05 0.0 0.000298147660839 4.16684924169e-05 0.0 0.000306226704865 2.78208196602e-05 0.0 0.000311069530433 1.25980016417e-05 0.0 0.000312281640182 -4.24642537533e-06 0.0 0.000309413306177 -2.30093787377e-05 0.0 0.000301949623551 -4.40698940834e-05 0.0 0.00028930007763 -6.79393100102e-05 0.0 0.000270790250197 -9.5339894819e-05 0.0 0.000245666040699 -0.00012731956885 0.0 0.000213142055946 -0.000165389969569 0.0 0.000172572875766 -0.000211602224372 0.0 0.000123907183615 -0.00026828271738 0.0 6.86597970113e-05 -0.00033677330466 0.0 1.15896099308e-05 -0.000414043908502 0.0 -3.72607058403e-05 -0.000486056197681 0.0 -6.26094138409e-05 -0.000518692048409 0.0 -5.24209409082e-05 -0.000452625875599 0.0 -1.79955562027e-05 -0.000217499174255 0.0 -1.43863167083e-05 9.93242754915e-05 0.0 -4.54173393761e-05 0.000204304216139 0.0 -7.14157053282e-05 0.00024407404177 0.0 -7.9627410141e-05 0.000248852861046 0.0 -7.15184026625e-05 0.000237558782386 0.0 -5.21878131552e-05 0.000220092921863 0.0 -2.57371189928e-05 0.000201298928323 0.0 4.867504777e-06 0.000183336027848 0.0 3.75584058487e-05 0.000167000086487 0.0 7.09661221722e-05 0.000152443807449 0.0 0.000104212131369 0.000139540727072 0.0 0.00013673984402 0.000128058160697 0.0 0.000168196098679 0.00011773611011 0.0 0.000198351375321 0.00010832094638 0.0 0.000227046586295 9.95775926603e-05 0.0 0.00025415789822 9.12919185309e-05 0.0 0.000279573553444 8.32690589644e-05 0.0 0.000303178490837 7.53303125784e-05 0.0 0.000324843936594 6.73097320987e-05 0.0 0.000344420074454 5.90507896081e-05 0.0 0.000361730516435 5.04031310442e-05 0.0 0.000376567681317 4.12192317988e-05 0.0 0.000388688434689 3.13505883617e-05 0.0 0.000397809406069 2.06428821068e-05 0.0 0.000403601119855 8.92903225169e-06 0.0 0.000405681709475 -3.98217950076e-06 0.0 0.000403607155216 -1.83206303054e-05 0.0 0.000396857211255 -3.43851182329e-05 0.0 0.000384817358026 -5.25892561089e-05 0.0 0.000366753087453 -7.35394494155e-05 0.0 0.00034177805387 -9.81632326264e-05 0.0 0.000308829385507 -0.00012790635898 0.0 0.000266700756784 -0.000164985930112 0.0 0.000214275760132 -0.000212548676915 0.0 0.000151283768944 -0.000274182282146 0.0 8.01669306402e-05 -0.00035139154068 0.0 9.42747353873e-06 -0.000436654886456 0.0 -4.35063371378e-05 -0.000500357124873 0.0 -5.64249030024e-05 -0.000475177674277 0.0 -2.38218716956e-05 -0.000253406971102 0.0 -2.32412280329e-05 0.000134960088055 0.0 -6.32255572719e-05 0.000239096491539 0.0 -8.14600844706e-05 0.000257171805927 0.0 -7.18957378244e-05 0.000241737908397 0.0 -4.40909103776e-05 0.000216186233573 0.0 -6.81042086875e-06 0.00018989607471 0.0 3.47466186102e-05 0.000166292367561 0.0 7.75200779009e-05 0.000146195805408 0.0 0.000119753874203 0.000129400282196 0.0 0.000160516248383 0.000115390756099 0.0 0.000199357058671 0.00010362140473 0.0 0.000236089153109 9.360577695e-05 0.0 0.000270660991983 8.49366698548e-05 0.0 0.000303083097286 7.72809329901e-05 0.0 0.000333385365796 7.03665732521e-05 0.0 0.000361592546557 6.39692414948e-05 0.0 0.000387710327786 5.79006362117e-05 0.0 0.000411717459759 5.19993147635e-05 0.0 0.000433561217957 4.61236278889e-05 0.0 0.000453154621289 4.01462850373e-05 0.0 0.000470374439436 3.39500373778e-05 0.0 0.000485059361169 2.74239880688e-05 0.0 0.000497007896043 2.04600243476e-05 0.0 0.000505975439839 1.29488161668e-05 0.0 0.000511668933281 4.77431265749e-06 0.0 0.000513743778533 -4.1956390304e-06 0.0 0.000511792077986 -1.41185240437e-05 0.0 0.000505326353839 -2.52031833858e-05 0.0 0.000493758565855 -3.77449529671e-05 0.0 0.000476362354065 -5.21903032504e-05 0.0 0.000452215012081 -6.92506764347e-05 0.0 0.000420113511191 -9.01007068808e-05 0.0 0.000378474988815 -0.00011670741308 0.0 0.000325293576772 -0.000152298671206 0.0 0.000258425319343 -0.000201723386639 0.0 0.000177039380283 -0.000270559013388 0.0 8.54778280067e-05 -0.000359818942046 0.0 -9.03342771658e-07 -0.000451238503227 0.0 -5.04098191952e-05 -0.000479929604473 0.0 -2.81685488712e-05 -0.000297870023209 0.0 -3.24231768918e-05 0.000191490054083 0.0 -7.34862860501e-05 0.000268551313969 0.0 -5.90438036019e-05 0.000246076549598 0.0 -1.18387503332e-05 0.000206878960695 0.0 4.61777087406e-05 0.000170158515046 0.0 0.000105485395617 0.000139799431152 0.0 0.000162336420913 0.000116004424819 0.0 0.000215209604272 9.76895281202e-05 0.0 0.000263709567823 8.35506784221e-05 0.0 0.000307990496579 7.24902371111e-05 0.0 0.000348407980551 6.3678058098e-05 0.0 0.000385353590621 5.65036080443e-05 0.0 0.00041918818366 5.0519748876e-05 0.0 0.000450216819181 4.53970526161e-05 0.0 0.000478681524633 4.08891470564e-05 0.0 0.000504762169251 3.68075886458e-05 0.0 0.000528580493317 3.30042721074e-05 0.0 0.000550204792791 2.93593193824e-05 0.0 0.000569654198104 2.57727476018e-05 0.0 0.000586902172242 2.21586665781e-05 0.0 0.000601879117313 1.84411095864e-05 0.0 0.000614474047165 1.45508360629e-05 0.0 0.00062453533029 1.04225650963e-05 0.0 0.000631870036875 5.99201152145e-06 0.0 0.000636239714791 1.19169218031e-06 0.0 0.000637362173913 -4.04853905691e-06 0.0 0.000634897432536 -9.82126458135e-06 0.0 0.000628433379562 -1.62464951365e-05 0.0 0.000617465634897 -2.34970323322e-05 0.0 0.000601354695612 -3.1841855158e-05 0.0 0.000579255564487 -4.17240279198e-05 0.0 0.000549998930855 -5.39073540589e-05 0.0 0.000511897025656 -6.97574401821e-05 0.0 0.000462454091954 -9.17720468335e-05 0.0 0.000398070004049 -0.000124475866078 0.0 0.000314414915762 -0.000175371116149 0.0 0.000208935776938 -0.000253617441003 0.0 8.72923626705e-05 -0.000359081891623 0.0 -1.54941713083e-05 -0.000447342050962 0.0 -1.99109862897e-05 -0.000344880670306 0.0 -1.06634806781e-05 0.000252071848762 0.0 -1.80674266115e-05 0.00025716022828 0.0 7.37448065935e-05 0.000185796228201 0.0 0.000175828027059 0.000133428406058 0.0 0.000262746019311 9.80033785247e-05 0.0 0.000335346995969 7.34794580771e-05 0.0 0.000396524339042 5.65739283877e-05 0.0 0.000448372158992 4.48983861519e-05 0.0 0.000492705215422 3.66769376169e-05 0.0 0.000531070597223 3.07185788529e-05 0.0 0.000564672514641 2.62602935027e-05 0.0 0.000594408950485 2.28109061419e-05 0.0 0.000620943586243 2.00482160502e-05 0.0 0.000644764552077 1.77563857701e-05 0.0 0.000666226602877 1.57870000983e-05 0.0 0.000685581750781 1.40346098685e-05 0.0 0.000703001484263 1.24214701787e-05 0.0 0.00071859264983 1.08880257815e-05 0.0 0.000732408735221 9.38692066734e-06 0.0 0.000744457900309 7.87915393287e-06 0.0 0.00075470868415 6.33152865329e-06 0.0 0.000763093974959 4.71484243217e-06 0.0 0.000769513513059 3.00245098345e-06 0.0 0.000773834104392 1.16893122182e-06 0.0 0.000775894622285 -8.10280604737e-07 0.0 0.000775496242008 -2.9627537895e-06 0.0 0.000772396468505 -5.32524875464e-06 0.0 0.000766308400591 -7.94488989611e-06 0.0 0.000756873689325 -1.08918298162e-05 0.0 0.000743628825319 -1.42789223398e-05 0.0 0.0007259431099 -1.82975475995e-05 0.0 0.000702904026443 -2.32883285446e-05 0.0 0.000673104185805 -2.98890202496e-05 0.0 0.000634240341463 -3.93631402285e-05 0.0 0.000582390522242 -5.43554414685e-05 0.0 0.000511051898654 -8.05747442229e-05 0.0 0.000410041589189 -0.000129675141976 0.0 0.000265593886249 -0.000218418821373 0.0 9.8976618419e-05 -0.000339761705054 0.0 4.34635788055e-05 -0.000341324188445 0.0 0.000283455961337 0.00014102396264 0.0 0.000361514377966 0.000123562939617 0.0 0.000504670753305 7.74720545115e-05 0.0 0.000614804251197 4.80598723308e-05 0.0 0.000684845691714 3.07462882701e-05 0.0 0.000732263587439 2.02111313673e-05 0.0 0.000767045923038 1.37716151223e-05 0.0 0.000793696283215 9.8343897069e-06 0.0 0.000814812399561 7.37936573974e-06 0.0 0.000832096949199 5.79189278403e-06 0.0 0.000846640531038 4.71781022108e-06 0.0 0.000859135466484 3.95341721187e-06 0.0 0.000870032416461 3.37951685578e-06 0.0 0.000879632232988 2.92477354156e-06 0.0 0.000888137763753 2.54519925325e-06 0.0 0.000895684866309 2.21255230807e-06 0.0 0.000902361779199 1.90779577528e-06 0.0 0.000908221422189 1.61741142379e-06 0.0 0.000913289371302 1.33130285651e-06 0.0 0.000917569190394 1.04157864291e-06 0.0 0.00092104610222 7.41819881923e-07 0.0 0.00092368956323 4.26604645266e-07 0.0 0.000925455111266 9.1161863585e-08 0.0 0.000926286107405 -2.68829202659e-07 0.0 0.000926112253556 -6.553098339e-07 0.0 0.000924849139287 -1.07672257582e-06 0.0 0.000922398796841 -1.53797280886e-06 0.0 0.000918643025027 -2.04743419795e-06 0.0 0.000913433972927 -2.61882462709e-06 0.0 0.000906577952616 -3.2751228372e-06 0.0 0.000897805056062 -4.0564425548e-06 0.0 0.000886711244959 -5.0359185545e-06 0.0 0.000872643473712 -6.35447351128e-06 0.0 0.000854454605863 -8.30529116905e-06 0.0 0.000829931609037 -1.15575846607e-05 0.0 0.000794483390049 -1.77889068524e-05 0.0 0.000737759285775 -3.14447506501e-05 0.0 0.000632055349462 -6.29186132774e-05 0.0 0.000455112157726 -0.000124154677383 0.0 0.000328369131936 -0.000155112333552 0.0
</DataArray>
<DataArray type="Float64" Name="kinematic_pressure [m^2/s^2]" NumberOfComponents="1" format="ascii">
1.45834164063e-15 -1.45922316715e-10 -4.57013439339e-10 -8.59187926282e-10 -1.27932977399e-09 -1.66951101141e-09 -1.99892577833e-09 -2.24882014993e-09 -2.40848867896e-09 -2.47215596547e-09 -2.43683367482e-09 -2.30103417967e-09 -2.06417157282e-09 -1.7264871203e-09 -1.28934900694e-09 -7.55790036651e-10 -1.31159935404e-10 5.7621966115e-10 1.35449917688e-09 2.18793567499e-09 3.05679926444e-09 3.93761079982e-09 4.80376543545e-09 5.62654046253e-09 6.37647916991e-09 7.02508012864e-09 7.54668777521e-09 7.92044093906e-09 8.13211168115e-09 8.17566252513e-09 8.05437074174e-09 7.78141765531e-09 7.37991287533e-09 6.88241120038e-09 6.33000259164e-09 5.77094810641e-09 5.25932438679e-09 4.85329201601e-09 4.61514479025e-09 4.57086396447e-09 1.45179049295e-10 -3.13377066186e-12 -2.56535545348e-10 -5.69227699737e-10 -8.95474497354e-10 -1.20032777836e-09 -1.45931876122e-09 -1.65616526661e-09 -1.78044864312e-09 -1.82570383457e-09 -1.78798634574e-09 -1.66493477513e-09 -1.45529833828e-09 -1.15885048441e-09 -7.76592608993e-10 -3.11150764803e-10 2.32728763015e-10 8.47674846657e-10 1.52326236645e-09 2.24573596317e-09 2.99795875941e-09 3.75965707848e-09 4.50794231658e-09 5.21822382818e-09 5.86540396513e-09 6.42534301628e-09 6.87649254317e-09 7.20156859708e-09 7.3891153639e-09 7.43480479839e-09 7.34233460017e-09 7.1238263684e-09 6.79968186593e-09 6.39792475526e-09 5.9530945598e-09 5.50461811779e-09 5.09443131558e-09 4.76603665858e-09 4.56706880716e-09 4.52614995891e-09 4.62199463824e-10 2.45734808398e-10 -1.36305833753e-11 -2.95003488694e-10 -5.77205830895e-10 -8.36033306667e-10 -1.05348869247e-09 -1.21739843261e-09 -1.31950855651e-09 -1.35426482e-09 -1.31792299836e-09 -1.20793314886e-09 -1.02264368411e-09 -7.61294723224e-10 -4.24235918979e-10 -1.32980577356e-11 4.67754001259e-10 1.01275992656e-09 1.61276605218e-09 2.25576121871e-09 2.92661306781e-09 3.60725367597e-09 4.27717181019e-09 4.91421113115e-09 5.49567424228e-09 5.99967912418e-09 6.40667999855e-09 6.70102892133e-09 6.87242972044e-09 6.91712835334e-09 6.83869808495e-09 6.64831510084e-09 6.36447529788e-09 6.01217106977e-09 5.62160013695e-09 5.22641657578e-09 4.8614872809e-09 4.56162219607e-09 4.3638863922e-09 4.29321813691e-09 8.83266617277e-10 5.57829194807e-10 2.51762813283e-10 -3.64061547716e-11 -3.08495281482e-10 -5.49172158583e-10 -7.46614552475e-10 -8.93483630407e-10 -9.84688335831e-10 -1.01651266333e-09 -9.86121186016e-10 -8.91209369282e-10 -7.29891044635e-10 -5.00817326391e-10 -2.03475567084e-10 1.61387113455e-10 5.91273682048e-10 1.08144164599e-09 1.62446605366e-09 2.20992765346e-09 2.82429102153e-09 3.45102098977e-09 4.07101607453e-09 4.66334289288e-09 5.20629397232e-09 5.67871520236e-09 6.06151597535e-09 6.33923479954e-09 6.50150283287e-09 6.54423595821e-09 6.47039837132e-09 6.29021997225e-09 6.02081237709e-09 5.68520113973e-09 5.31085268334e-09 4.92785052272e-09 4.56706164192e-09 4.25855904013e-09 4.02873445193e-09 3.89297096899e-09 1.33544171351e-09 8.84575464429e-10 5.13414278079e-10 2.00130352914e-10 -7.90648332952e-11 -3.1670526961e-10 -5.06790458286e-10 -6.46921359071e-10 -7.35453128808e-10 -7.70818611203e-10 -7.51342100899e-10 -6.75108304142e-10 -5.40019504298e-10 -3.4405092706e-10 -8.5657814159e-11 2.35712211387e-10 6.19049642331e-10 1.06120983434e-09 1.55639507449e-09 2.09575660774e-09 2.66718384997e-09 3.25534396437e-09 3.84203234855e-09 4.40686126578e-09 4.92829350272e-09 5.38497976612e-09 5.75731231593e-09 6.02906065478e-09 6.18891813469e-09 6.23177075086e-09 6.15950900396e-09 5.98124596854e-09 5.71287704308e-09 5.37599413728e-09 4.99622933822e-09 4.60134533841e-09 4.21986354191e-09 3.87882877884e-09 3.59335718724e-09 3.37040907614e-09 1.76319828046e-09 1.18213980616e-09 7.36870023637e-10 3.87290229586e-10 8.92609176283e-11 -1.56655423539e-10 -3.49757475906e-10 -4.92350273245e-10 -5.86168007764e-10 -6.31802535926e-10 -6.28758645219e-10 -5.75499347614e-10 -4.69652321883e-10 -3.08398822895e-10 -8.89992635369e-11 1.90585609795e-10 5.31019605445e-10 9.30910552486e-10 1.38618117866e-09 1.88955679068e-09 2.430241545e-09 2.99385731447e-09 3.56270665477e-09 4.11641041107e-09 4.63292704701e-09 5.0899228674e-09 5.46640603554e-09 5.74448337486e-09 5.91105369955e-09 5.95922604838e-09 5.88925615369e-09 5.70883851068e-09 5.43267352987e-09 5.08131012788e-09 4.67932492304e-09 4.25332156977e-09 3.83103459517e-09 3.43840001088e-09 3.0809385527e-09 2.75633188473e-09 2.1212164748e-09 1.41161355499e-09 8.88900341736e-10 4.96565865447e-10 1.71812083222e-10 -9.08768181115e-11 -2.95553286411e-10 -4.48839142064e-10 -5.55591016129e-10 -6.18386380894e-10 -6.37776404488e-10 -6.12476676286e-10 -5.39703685518e-10 -4.15688304948e-10 -2.36320091444e-10 2.11477750299e-12 3.02138756833e-10 6.64276668229e-10 1.08629405574e-09 1.56254784232e-09 2.08352694932e-09 2.63566735583e-09 3.20151032862e-09 3.76027474336e-09 4.28885664182e-09 4.76323888949e-09 5.16022757492e-09 5.45937020408e-09 5.64485531743e-09 5.70715712774e-09 5.64418568764e-09 5.46174577728e-09 5.17319745777e-09 4.79829407782e-09 4.36123246392e-09 3.88856285378e-09 3.40875031974e-09 2.94844887743e-09 2.50530974074e-09 2.0695695122e-09 2.37087282265e-09 1.53796893519e-09 9.38355401608e-10 5.00490334221e-10 1.44354718454e-10 -1.41046099694e-10 -3.64048350468e-10 -5.35166658351e-10 -6.62034202101e-10 -7.48934525748e-10 -7.97230659162e-10 -8.05683487789e-10 -7.70903364561e-10 -6.87976713002e-10 -5.5122220204e-10 -3.55043752849e-10 -9.484845576e-11 2.32012778948e-10 6.25337397137e-10 1.08126626027e-09 1.59166547949e-09 2.14379139725e-09 2.72031375376e-09 3.2997953086e-09 3.85764794495e-09 4.36756967628e-09 4.80338885342e-09 5.14117274929e-09 5.36138991664e-09 5.45086502128e-09 5.40424846274e-09 5.22475896052e-09 4.92405005844e-09 4.52113338874e-09 4.04034925036e-09 3.50919051759e-09 2.95828656248e-09 2.41676266238e-09 1.87621945864e-09 1.32150202838e-09 2.47816301355e-09 1.52926276856e-09 8.5573057582e-10 3.72006977721e-10 -1.79444152883e-11 -3.30182157544e-10 -5.76947581757e-10 -7.72243930875e-10 -9.26113921949e-10 -1.04422624744e-09 -1.12847439479e-09 -1.17741435708e-09 -1.18682037379e-09 -1.15041218552e-09 -1.06071146885e-09 -9.10001017311e-10 -6.91361133679e-10 -3.99745500246e-10 -3.30428707288e-11 4.06946423158e-10 9.13708624196e-10 1.47549959134e-09 2.07518861607e-09 2.6906029335e-09 3.29539544862e-09 3.86047584195e-09 4.35594891861e-09 4.75342934079e-09 5.02851949201e-09 5.16316667004e-09 5.14757870248e-09 4.98139773084e-09 4.67391990829e-09 4.24322429248e-09 3.71413077282e-09 3.11594305214e-09 2.48281513799e-09 1.84803098115e-09 1.19859870424e-09 5.15247752615e-10 2.41241124649e-09 1.35618943042e-09 6.13266202642e-10 8.48919335284e-11 -3.39907702488e-10 -6.81961527093e-10 -9.57115250577e-10 -1.18249803305e-09 -1.37021326428e-09 -1.52699710466e-09 -1.65498705151e-09 -1.75227527113e-09 -1.8135591863e-09 -1.83095565076e-09 -1.79494212763e-09 -1.69540730366e-09 -1.52279445693e-09 -1.26930680793e-09 -9.3012576147e-10 -5.04573069388e-10 2.87676652716e-12 5.81864360446e-10 1.2157383582e-09 1.88171830652e-09 2.5516004714e-09 3.19312425723e-09 3.77196678384e-09 4.25426063212e-09 4.60943155131e-09 4.81305643859e-09 4.84937436493e-09 4.71307674488e-09 4.41007380936e-09 3.95699382738e-09 3.37922498336e-09 2.70859322392e-09 1.98407604609e-09 1.24476929346e-09 4.74162808607e-10 -3.50245918509e-10 2.1456578965e-09 9.91909960343e-10 1.85179849352e-10 -3.85681127833e-10 -8.45522685229e-10 -1.21971688104e-09 -1.52747021876e-09 -1.7887203491e-09 -2.01732048929e-09 -2.22078795551e-09 -2.40124292659e-09 -2.5560739144e-09 -2.67867307495e-09 -2.75932118335e-09 -2.78619398576e-09 -2.74648400966e-09 -2.62763305323e-09 -2.41865501247e-09 -2.11150819616e-09 -1.70245387063e-09 -1.19330802669e-09 -5.92420757478e-10 8.45637076342e-11 8.14642202499e-10 1.56788814597e-09 2.30866443565e-09 2.99760363076e-09 3.59429664829e-09 4.06051605875e-09 4.36367194677e-09 4.48008863927e-09 4.39764006356e-09 4.11731731097e-09 3.65332774481e-09 3.03136880109e-09 2.28628583717e-09 1.46311621659e-09 6.0843079638e-10 -2.97089939374e-10 -1.27863712218e-09 1.6525443648e-09 4.12120670636e-10 -4.52048316002e-10 -1.06264800885e-09 -1.55727071612e-09 -1.9656274142e-09 -2.310077912e-09 -2.61309223677e-09 -2.89000977762e-09 -3.14889165637e-09 -3.39162633156e-09 -3.6147007254e-09 -3.81000711245e-09 -3.96577915435e-09 -4.06763926503e-09 -4.09976570443e-09 -4.04618978494e-09 -3.8922173488e-09 -3.6259460369e-09 -3.23982128924e-09 -2.73214586439e-09 -2.108453398e-09 -1.38247547569e-09 -5.76754264722e-10 2.77496588147e-10 1.14131717235e-09 1.96984946442e-09 2.71512127803e-09 3.32964573945e-09 3.77055563962e-09 4.00382804665e-09 4.00803909102e-09 3.77706281163e-09 3.32109178247e-09 2.66537536222e-09 1.84796338546e-09 9.21103664947e-10 -5.94375083355e-11 -1.11537656771e-09 -2.2742811444e-09 9.10530747384e-10 -4.04680803228e-10 -1.31929816291e-09 -1.96653864433e-09 -2.4954724917e-09 -2.93993621986e-09 -3.32525478049e-09 -3.6761904694e-09 -4.00935674148e-09 -4.333181619e-09 -4.64917053955e-09 -4.95277170219e-09 -5.23423697418e-09 -5.47958479168e-09 -5.67165938486e-09 -5.79131135791e-09 -5.8187282579e-09 -5.73492773883e-09 -5.52340245317e-09 -5.17187452979e-09 -4.67408751457e-09 -4.03155422801e-09 -3.25496555382e-09 -2.36531260528e-09 -1.39425664509e-09 -3.83653427895e-10 6.159984314e-10 1.54830018879e-09 2.35486065702e-09 2.98014827798e-09 3.37683773457e-09 3.51099659082e-09 3.36633308054e-09 2.94658380053e-09 2.27507941105e-09 1.39278919838e-09 3.60171296135e-10 -7.56001578996e-10 -1.97963082731e-09 -3.34043565216e-09 -9.96768880275e-11 -1.47679450032e-09 -2.43435777305e-09 -3.11492635109e-09 -3.67761644527e-09 -4.16014792494e-09 -4.59063177268e-09 -4.99591556598e-09 -5.39372967284e-09 -5.79276106314e-09 -6.19405652887e-09 -6.59196509378e-09 -6.97503052263e-09 -7.32695231965e-09 -7.62762277578e-09 -7.85428347452e-09 -7.98285075637e-09 -7.98944481868e-09 -7.85213439198e-09 -7.55287800859e-09 -7.07960786826e-09 -6.42836467632e-09 -5.60528050654e-09 -4.62827735974e-09 -3.52813624337e-09 -2.34867610229e-09 -1.1457255375e-09 1.53629760728e-11 1.06377366711e-09 1.92875897453e-09 2.54623877174e-09 2.86574618004e-09 2.85672998499e-09 2.51290975966e-09 1.85322053002e-09 9.20552770204e-10 -2.15710078944e-10 -1.47589237783e-09 -2.88597365227e-09 -4.47752781092e-09 -1.39358735977e-09 -2.81885068272e-09 -3.81144388993e-09 -4.52187535589e-09 -5.11769705118e-09 -5.6402321292e-09 -6.12020439093e-09 -6.58637443964e-09 -7.05749229962e-09 -7.54247261082e-09 -8.04191396591e-09 -8.54909570494e-09 -9.05087524078e-09 -9.52861455875e-09 -9.95915707991e-09 -1.03159176713e-08 -1.05701580333e-08 -1.06925072168e-08 -1.06547664333e-08 -1.04320081307e-08 -1.00049415168e-08 -9.36246773227e-09 -8.50426635203e-09 -7.44321551979e-09 -6.20732259678e-09 -4.84079652978e-09 -3.40383269179e-09 -1.97069285806e-09 -6.25765047671e-10 5.42485292667e-10 1.44939992605e-09 2.02312747817e-09 2.21355233179e-09 1.99939179416e-09 1.3913247831e-09 4.32096926594e-10 -7.99791307811e-10 -2.2098538115e-09 -3.82607435117e-09 -5.68134398846e-09 -2.98235834912e-09 -4.44134522362e-09 -5.46075041707e-09 -6.19743284874e-09 -6.82560361483e-09 -7.38987140956e-09 -7.92340975755e-09 -8.45676228526e-09 -9.00966960667e-09 -9.59132796653e-09 -1.02019934179e-08 -1.08340056613e-08 -1.1472660317e-08 -1.20970661339e-08 -1.26810215718e-08 -1.3193992997e-08 -1.3602290288e-08 -1.38705265735e-08 -1.39634317247e-08 -1.38480633176e-08 -1.34964217234e-08 -1.28884240353e-08 -1.20151165177e-08 -1.08819152017e-08 -9.51155819186e-09 -7.94632263074e-09 -6.24896165349e-09 -4.50175487075e-09 -2.80310511707e-09 -1.26130953751e-09 1.4472333716e-11 9.2545488242e-10 1.3953609793e-09 1.38120091405e-09 8.7970240344e-10 -7.01548694814e-11 -1.38146885676e-09 -2.94321027655e-09 -4.7853049251e-09 -6.94101013668e-09 -4.87228294419e-09 -6.3502487726e-09 -7.38808787236e-09 -8.14722212682e-09 -8.80661205982e-09 -9.41380538033e-09 -1.00042846789e-08 -1.06103038993e-08 -1.12526468172e-08 -1.19409412447e-08 -1.26753101878e-08 -1.34473919699e-08 -1.42411564136e-08 -1.50336582157e-08 -1.57957739064e-08 -1.64930231362e-08 -1.70865932533e-08 -1.75346812515e-08 -1.77942546793e-08 -1.78233122004e-08 -1.75836915396e-08 -1.70444232204e-08 -1.61855585397e-08 -1.5002276893e-08 -1.35089862192e-08 -1.17429177622e-08 -9.76657514402e-09 -7.66824001889e-09 -5.5596739852e-09 -3.570266752e-09 -1.83725099829e-09 -4.92271861887e-10 3.54429302462e-10 6.2951836761e-10 3.07757081147e-10 -5.81442515603e-10 -1.94497177195e-09 -3.65405284105e-09 -5.74057228673e-09 -8.23662493974e-09 -7.06440569642e-09 -8.54676235883e-09 -9.59468231837e-09 -1.0372201787e-08 -1.10610424678e-08 -1.17113339201e-08 -1.23607718622e-08 -1.30433301884e-08 -1.37809910189e-08 -1.45840745958e-08 -1.54528931743e-08 -1.63787346615e-08 -1.73445928886e-08 -1.83257859772e-08 -1.92905187895e-08 -2.02005066316e-08 -2.10118006066e-08 -2.16759547357e-08 -2.21416677656e-08 -2.23570181773e-08 -2.22723852219e-08 -2.18441064059e-08 -2.10388552572e-08 -1.98386133663e-08 -1.82459634228e-08 -1.62892449551e-08 -1.40268490387e-08 -1.15497015828e-08 -8.98076922885e-09 -6.47038242785e-09 -4.18642685889e-09 -2.29912597699e-09 -9.61341389966e-10 -2.87342216782e-10 -3.35101648783e-10 -1.0934939738e-09 -2.46767268188e-09 -4.31101900079e-09 -6.65769662844e-09 -9.53639787764e-09 -9.55434256266e-09 -1.10272925642e-08 -1.20772049891e-08 -1.28686596427e-08 -1.3584149065e-08 -1.42760466431e-08 -1.49842459185e-08 -1.57445716993e-08 -1.65804941148e-08 -1.7503418914e-08 -1.8514293257e-08 -1.96045196188e-08 -2.0756574341e-08 -2.19444668669e-08 -2.31341016036e-08 -2.42836727659e-08 -2.53442510137e-08 -2.62607250484e-08 -2.6973259538e-08 -2.741942366e-08 -2.75371278231e-08 -2.72684732684e-08 -2.65645690208e-08 -2.53912827511e-08 -2.37356813547e-08 -2.16128328537e-08 -1.9072191136e-08 -1.62025475635e-08 -1.31341081259e-08 -1.00360046719e-08 -7.10757444109e-09 -4.56226851507e-09 -2.60436633218e-09 -1.40130177636e-09 -1.05754969266e-09 -1.5926709482e-09 -2.91784364516e-09 -4.87051814169e-09 -7.4881910393e-09 -1.07931389741e-08 -1.23323750037e-08 -1.37837184922e-08 -1.48281038127e-08 -1.56285088176e-08 -1.6366305944e-08 -1.70958401398e-08 -1.78593239292e-08 -1.86947441766e-08 -1.96275305176e-08 -2.06707302283e-08 -2.18265080378e-08 -2.3086958424e-08 -2.44345940146e-08 -2.5842632847e-08 -2.72751471647e-08 -2.86872128658e-08 -3.00252327307e-08 -3.12276152814e-08 -3.22259942356e-08 -3.29471735964e-08 -3.33159758663e-08 -3.32591471181e-08 -3.27104534686e-08 -3.16170978952e-08 -2.99470469572e-08 -2.7697527322e-08 -2.49035586322e-08 -2.16457382838e-08 -1.80556198143e-08 -1.43165510519e-08 -1.06575116539e-08 -7.33766339325e-09 -4.62052049808e-09 -2.73975422901e-09 -1.86296251791e-09 -2.05710714778e-09 -3.25163730343e-09 -5.27323426292e-09 -8.16528837025e-09 -1.19399479908e-08 -1.53838832362e-08 -1.68040217898e-08 -1.78363065839e-08 -1.86399479356e-08 -1.93935408869e-08 -2.01532685511e-08 -2.09640057253e-08 -2.18664795935e-08 -2.28888010019e-08 -2.40464208942e-08 -2.53434591333e-08 -2.67733876009e-08 -2.83193818417e-08 -2.99544397953e-08 -3.16413237603e-08 -3.33324679114e-08 -3.49700339561e-08 -3.64863103502e-08 -3.78046573673e-08 -3.8841205995e-08 -3.95075201474e-08 -3.9714417287e-08 -3.937714708e-08 -3.84223560943e-08 -3.67957940904e-08 -3.44725521169e-08 -3.14675283629e-08 -2.7846196824e-08 -2.37338389965e-08 -1.93208120804e-08 -1.4860646397e-08 -1.06573505864e-08 -7.03902091586e-09 -4.31809991644e-09 -2.74403132775e-09 -2.45245685931e-09 -3.40903801286e-09 -5.43972010893e-09 -8.59905596396e-09 -1.28849584835e-08 -1.86901793157e-08 -2.00733529743e-08 -2.10883652361e-08 -2.18885389409e-08 -2.26484516697e-08 -2.34262466063e-08 -2.42701565501e-08 -2.52246199305e-08 -2.63214957494e-08 -2.75796642647e-08 -2.90061145421e-08 -3.05964803891e-08 -3.23352669798e-08 -3.41958270954e-08 -3.61401267128e-08 -3.81184388351e-08 -4.00691525376e-08 -4.19189011161e-08 -4.35832224306e-08 -4.49679729389e-08 -4.5971728825e-08 -4.64894270742e-08 -4.64174864063e-08 -4.56604018214e-08 -4.41400050036e-08 -4.18056012919e-08 -3.86466810141e-08 -3.4706467206e-08 -3.0095201358e-08 -2.50006910433e-08 -1.96923593446e-08 -1.45138493322e-08 -9.85904932849e-09 -6.12921802913e-09 -3.67491474371e-09 -2.72585509333e-09 -3.30850391133e-09 -5.26488314671e-09 -8.67043463711e-09 -1.35050036563e-08 -2.22298034142e-08 -2.35756187191e-08 -2.45701165031e-08 -2.53587477776e-08 -2.61115157045e-08 -2.6889088473e-08 -2.77443009859e-08 -2.87268427146e-08 -2.98738584144e-08 -3.12090165565e-08 -3.27432868834e-08 -3.44753309315e-08 -3.63916438199e-08 -3.84664450111e-08 -4.06613282993e-08 -4.2924799033e-08 -4.51918853072e-08 -4.73840312817e-08 -4.94094913067e-08 -5.11644529537e-08 -5.25351327052e-08 -5.34011124268e-08 -5.36401881292e-08 -5.31349750028e-08 -5.17819178326e-08 -4.95022843297e-08 -4.62560100496e-08 -4.20575970375e-08 -3.69932695054e-08 -3.12371780536e-08 -2.50627521737e-08 -1.88432265109e-08 -1.30338609213e-08 -8.12997953033e-09 -4.60066447703e-09 -2.79774319116e-09 -2.84001992194e-09 -4.61115346012e-09 -8.22402818521e-09 -1.36380780794e-08 -2.59803667596e-08 -2.72957061605e-08 -2.82689539489e-08 -2.90359892637e-08 -2.9762777215e-08 -3.05138229747e-08 -3.13486456287e-08 -3.23245326039e-08 -3.34860766624e-08 -3.48634996112e-08 -3.64730696375e-08 -3.83173862577e-08 -4.0385521485e-08 -4.26529243823e-08 -4.50810533906e-08 -4.76168459289e-08 -5.01922086899e-08 -5.27237390203e-08 -5.51128988775e-08 -5.72468711691e-08 -5.90003434728e-08 -6.0238486938e-08 -6.08214231107e-08 -6.06105209405e-08 -5.94771108277e-08 -5.73135011362e-08 -5.40475196028e-08 -4.96599875338e-08 -4.42050796042e-08 -3.78319247511e-08 -3.08039256214e-08 -2.35094012665e-08 -1.64540879261e-08 -1.0225615135e-08 -5.42406417805e-09 -2.55137274083e-09 -1.8563160525e-09 -3.30011180267e-09 -7.05944100208e-09 -1.30744549496e-08 -2.99210811797e-08 -3.12225294078e-08 -3.2176851639e-08 -3.29092237857e-08 -3.35838693918e-08 -3.42716795e-08 -3.50421949183e-08 -3.59637609912e-08 -3.70913746242e-08 -3.84640369342e-08 -4.01048137592e-08 -4.2021124064e-08 -4.42050316244e-08 -4.66333194214e-08 -4.92672465859e-08 -5.20520727494e-08 -5.4916530123e-08 -5.77724572933e-08 -6.05148200112e-08 -6.30223488688e-08 -6.51590368305e-08 -6.67767539805e-08 -6.77192792305e-08 -6.78281129192e-08 -6.69506546941e-08 -6.49508868834e-08 -6.17238474524e-08 -5.72138697269e-08 -5.143710917e-08 -4.45076106965e-08 -3.66643183794e-08 -2.82930555477e-08 -1.9932939901e-08 -1.22536583704e-08 -5.99063877959e-09 -1.82009488266e-09 -1.62086422666e-10 -1.10233483158e-09 -4.92088684627e-09 -1.15462486622e-08 -3.40362417704e-08 -3.535321937e-08 -3.62943677581e-08 -3.69741768892e-08 -3.75603053088e-08 -3.81345938232e-08 -3.87817780809e-08 -3.95861976835e-08 -4.06171536732e-08 -4.19251090524e-08 -4.35415138759e-08 -4.54793238247e-08 -4.77336914672e-08 -5.0282439906e-08 -5.30861368575e-08 -5.608782793e-08 -5.92126130055e-08 -6.23672888468e-08 -6.54402933664e-08 -6.83021840634e-08 -7.08068975546e-08 -7.27940262233e-08 -7.4092421766e-08 -7.45254771441e-08 -7.39184032767e-08 -7.21087775217e-08 -6.89599189148e-08 -6.43792532618e-08 -5.83417851859e-08 -5.09191725464e-08 -4.23131583596e-08 -3.28887223766e-08 -2.31967314881e-08 -1.39701192243e-08 -6.07338402454e-09 -3.72994782083e-10 2.49881638402e-09 2.27483390065e-09 -1.4846268255e-09 -8.71502302929e-09 -3.83201874104e-08 -3.96990293171e-08 -4.06360120647e-08 -4.12373007811e-08 -4.1683953201e-08 -4.20765446239e-08 -4.25227761024e-08 -4.31297697578e-08 -4.39860357447e-08 -4.5156508292e-08 -4.66824812926e-08 -4.85827699989e-08 -5.08551855885e-08 -5.34777256706e-08 -5.64092092655e-08 -5.95893976027e-08 -6.2938806628e-08 -6.63584527615e-08 -6.9729792108e-08 -7.29150944882e-08 -7.5758518087e-08 -7.80880891203e-08 -7.97188960224e-08 -8.04578282195e-08 -8.01102657975e-08 -7.84895574352e-08 -7.54297506751e-08 -7.08030817347e-08 -6.45432874233e-08 -5.66760209252e-08 -4.73566608164e-08 -3.69129768291e-08 -2.58843305291e-08 -1.50412793214e-08 -5.35963936024e-09 2.09996530848e-09 6.45803346601e-09 7.20198657926e-09 3.65653866888e-09 -4.15661108763e-09 -4.27847695651e-08 -4.42939782037e-08 -4.52376190337e-08 -4.57206750343e-08 -4.59555992065e-08 -4.60745058649e-08 -4.62193387374e-08 -4.65289177784e-08 -4.71167211807e-08 -4.80651362964e-08 -4.94262346646e-08 -5.12242607578e-08 -5.34584422948e-08 -5.61053082416e-08 -5.91201697293e-08 -6.24378148881e-08 -6.59726794439e-08 -6.96187700326e-08 -7.32496520896e-08 -7.67187428769e-08 -7.98602480121e-08 -8.2490871746e-08 -8.4412655409e-08 -8.54172363562e-08 -8.52919450664e-08 -8.38283818131e-08 -8.08342343321e-08 -7.61496010513e-08 -6.96693066625e-08 -6.1373117077e-08 -5.13655479309e-08 -3.99251973276e-08 -2.75585628891e-08 -1.50448392485e-08 -3.44338213022e-09 6.00134839694e-09 1.21387446718e-08 1.41454467582e-08 1.10131452004e-08 2.65862692516e-09 -4.74713421107e-08 -4.92080444309e-08 -5.01667741221e-08 -5.04681495872e-08 -5.03874872169e-08 -5.01087912281e-08 -4.98239232755e-08 -4.97143873439e-08 -4.99246816422e-08 -5.05568913693e-08 -5.16736218492e-08 -5.33028522399e-08 -5.54428154635e-08 -5.80659285456e-08 -6.11214188596e-08 -6.45367497185e-08 -6.82182390764e-08 -7.2051190204e-08 -7.58999948206e-08 -7.9608155201e-08 -8.29993430163e-08 -8.58786676385e-08 -8.80352482558e-08 -8.92460658638e-08 -8.92815607472e-08 -8.79134014784e-08 -8.49255407184e-08 -8.01292772944e-08 -7.3384180738e-08 -6.4627027665e-08 -5.39114469659e-08 -4.1460539292e-08 -2.77315032432e-08 -1.34840921863e-08 1.72926864312e-10 1.18351581012e-08 2.00721165847e-08 2.36891061287e-08 2.12259037351e-08 1.23938550433e-08 -5.24712067561e-08 -5.45680967508e-08 -5.5537929631e-08 -5.55531231226e-08 -5.50056712912e-08 -5.41625536209e-08 -5.32860534557e-08 -5.26126098836e-08 -5.23228290143e-08 -5.253878534e-08 -5.33312388593e-08 -5.4728284979e-08 -5.67231789536e-08 -5.92803761848e-08 -6.23395928508e-08 -6.58179257178e-08 -6.96111001171e-08 -7.35936448196e-08 -7.7619364937e-08 -8.15201786276e-08 -8.51084723566e-08 -8.81770306208e-08 -9.05016091838e-08 -9.18444140765e-08 -9.19593868185e-08 -9.05989422385e-08 -8.75249347355e-08 -8.25223966265e-08 -7.54190685716e-08 -6.6112616756e-08 -5.46086096857e-08 -4.1073322699e-08 -2.59044200594e-08 -9.81858236183e-09 6.06179808715e-09 2.02064946951e-08 3.09119225391e-08 3.65614058039e-08 3.5103900753e-08 2.588978005e-08 -5.79622546365e-08 -6.05920840749e-08 -6.15345684737e-08 -6.10882481644e-08 -5.9851768336e-08 -5.82200637466e-08 -5.65501701379e-08 -5.51447390647e-08 -5.42222890195e-08 -5.39213637101e-08 -5.43150944507e-08 -5.54253928885e-08 -5.72346025604e-08 -5.96940180541e-08 -6.27296882655e-08 -6.62445837523e-08 -7.01212324603e-08 -7.42212060307e-08 -7.83853929604e-08 -8.2433684932e-08 -8.61654840464e-08 -8.93603657833e-08 -9.17799672083e-08 -9.31710650294e-08 -9.32703182998e-08 -9.18110348477e-08 -8.85329673246e-08 -8.31956269086e-08 -7.55966584003e-08 -6.55972621472e-08 -5.31578187923e-08 -3.83887141111e-08 -2.16225263253e-08 -3.51459432499e-09 1.48331623016e-08 3.18047678387e-08 4.54427637404e-08 5.36679621952e-08 5.36807381858e-08 4.42394675798e-08 -6.4277208801e-08 -6.76458930857e-08 -6.84414119743e-08 -6.72367120386e-08 -6.49829675043e-08 -6.22628599004e-08 -5.95520456025e-08 -5.72250279604e-08 -5.55329839932e-08 -5.4621032274e-08 -5.45539852473e-08 -5.53378513186e-08 -5.69359395591e-08 -5.92799481937e-08 -6.22768553859e-08 -6.58123601965e-08 -6.97525476325e-08 -7.39439384741e-08 -7.82131539623e-08 -8.23664091533e-08 -8.61893308751e-08 -8.94473680664e-08 -9.18871560137e-08 -9.32391215262e-08 -9.32217345845e-08 -9.15478777125e-08 -8.79339964271e-08 -8.21128497855e-08 -7.38508887899e-08 -6.29721252688e-08 -4.93913541072e-08 -3.31617655066e-08 -1.45452522634e-08 5.88061227999e-09 2.70678689457e-08 4.73600271145e-08 6.45736323465e-08 7.61290725026e-08 7.82989150021e-08 6.89229926012e-08 -7.2035511991e-08 -7.63387423967e-08 -7.66893611621e-08 -7.42227486385e-08 -7.04673908817e-08 -6.6261440286e-08 -6.22119600087e-08 -5.87569969119e-08 -5.61625236108e-08 -5.45607660314e-08 -5.3991060093e-08 -5.44298171951e-08 -5.58108361232e-08 -5.80386985416e-08 -6.09961010508e-08 -6.45474769817e-08 -6.85400872072e-08 -7.28036684906e-08 -7.7149462153e-08 -8.13691278828e-08 -8.52339821028e-08 -8.84948424961e-08 -9.08828035718e-08 -9.21112500598e-08 -9.18794902685e-08 -8.98784612882e-08 -8.57991167864e-08 -7.93443969126e-08 -7.02453576498e-08 -5.82834194399e-08 -4.33210145809e-08 -2.534550027e-08 -4.53532675106e-09 1.86334743479e-08 4.32082127592e-08 6.7551950789e-08 8.92965758616e-08 1.05315799556e-07 1.10743382868e-07 1.02065092276e-07 -8.24106796878e-08 -8.76824186071e-08 -8.69082171911e-08 -8.23294697584e-08 -7.63642518114e-08 -7.01539247902e-08 -6.44174535473e-08 -5.96211674762e-08 -5.60079427593e-08 -5.36644493536e-08 -5.25795485776e-08 -5.26819732613e-08 -5.3863820716e-08 -5.59942984873e-08 -5.89266936857e-08 -6.25009800249e-08 -6.65438381372e-08 -7.08673044052e-08 -7.52668905733e-08 -7.95197019414e-08 -8.33829439309e-08 -8.65930786773e-08 -8.88659032722e-08 -8.98978243575e-08 -8.93686684254e-08 -8.69463883237e-08 -8.229421662e-08 -7.50813203549e-08 -6.49967652216e-08 -5.17692971236e-08 -3.51944105206e-08 -1.51732314037e-08 8.22777835135e-09 3.46746548556e-08 6.33788506122e-08 9.28246587444e-08 1.20549671967e-07 1.42841514504e-07 1.53446388227e-07 1.46934758502e-07 -9.76873739646e-08 -1.03344138186e-07 -9.99476745166e-08 -9.18369975434e-08 -8.26497863948e-08 -7.3780059576e-08 -6.5969855412e-08 -5.96334512937e-08 -5.49235889373e-08 -5.18316889467e-08 -5.02622101954e-08 -5.00743796047e-08 -5.11050338286e-08 -5.31802369883e-08 -5.61197441374e-08 -5.97372449109e-08 -6.3838407607e-08 -6.82179577255e-08 -7.26565540606e-08 -7.69179113316e-08 -8.0746459545e-08 -8.38657350043e-08 -8.5977682145e-08 -8.67630661391e-08 -8.58832669323e-08 -8.29835643703e-08 -7.76984436768e-08 -6.96599501734e-08 -5.85080225358e-08 -4.39058189785e-08 -2.55605895047e-08 -3.25425360364e-09 2.31076929449e-08 5.34064424383e-08 8.71294336895e-08 1.23061511223e-07 1.58884680835e-07 1.90371978418e-07 2.09670297244e-07 2.08733597042e-07 -1.22360265869e-07 -1.25993652619e-07 -1.1678919959e-07 -1.0283899599e-07 -8.90400276069e-08 -7.67320882946e-08 -6.64676811548e-08 -5.84580060934e-08 -5.2657470609e-08 -4.88914128966e-08 -4.6937109233e-08 -4.65600752992e-08 -4.75293992472e-08 -4.9622560019e-08 -5.26243530774e-08 -5.63229292915e-08 -6.05047919179e-08 -6.49497217998e-08 -6.94261222017e-08 -7.36870225898e-08 -7.74668624426e-08 -8.04791192985e-08 -8.24148301561e-08 -8.29420964173e-08 -8.17067692233e-08 -7.83337904432e-08 -7.24305479203e-08 -6.35910201529e-08 -5.14011956011e-08 -3.5446802725e-08 -1.53233122038e-08 9.34851733235e-09 3.88939323841e-08 7.35202451864e-08 1.13169323069e-07 1.5723308086e-07 2.03987578819e-07 2.49136796618e-07 2.83349840232e-07 2.95312943211e-07 -1.65344076167e-07 -1.59605588356e-07 -1.38308857235e-07 -1.15021316322e-07 -9.47953022083e-08 -7.82032191318e-08 -6.52154398503e-08 -5.55686961607e-08 -4.88482451552e-08 -4.46191811287e-08 -4.24845014601e-08 -4.20954505005e-08 -4.31471104214e-08 -4.5369283188e-08 -4.85158643422e-08 -5.23545998728e-08 -5.66580804109e-08 -6.11961448779e-08 -6.57296205725e-08 -7.00052713251e-08 -7.37518298407e-08 -7.66769988228e-08 -7.8465324586e-08 -7.87769585668e-08 -7.72472931903e-08 -7.34844010658e-08 -6.70751530259e-08 -5.75786314236e-08 -4.45279934459e-08 -2.7427052165e-08 -5.74322853569e-09 2.11027516292e-08 5.37470758761e-08 9.28749128059e-08 1.39154367631e-07 1.93066555835e-07 2.54263740007e-07 3.19289865679e-07 3.78848512724e-07 4.18661020482e-07 -2.47245349164e-07 -2.08844791364e-07 -1.63426424296e-07 -1.2627668214e-07 -9.77653568548e-08 -7.63820371353e-08 -6.08862135939e-08 -5.00831992624e-08 -4.29495480598e-08 -3.87006854584e-08 -3.67437127935e-08 -3.66195709836e-08 -3.7962230462e-08 -4.04686395654e-08 -4.38755053054e-08 -4.79418095094e-08 -5.24358355863e-08 -5.71254284674e-08 -6.17705673411e-08 -6.61176594168e-08 -6.98951613618e-08 -7.28102602152e-08 -7.45463901353e-08 -7.47616986469e-08 -7.30882728421e-08 -6.91212203477e-08 -6.24390590916e-08 -5.25749572455e-08 -3.90208964705e-08 -2.12110177874e-08 1.50588237131e-09 2.99122814472e-08 6.4996062309e-08 1.08056241035e-07 1.60830613899e-07 2.2560999087e-07 3.04719944873e-07 3.97926571355e-07 5.02051062677e-07 6.06014707471e-07 -4.25016749542e-07 -2.7391268992e-07 -1.78028174665e-07 -1.24144760147e-07 -8.89495859031e-08 -6.50049767898e-08 -4.92035901568e-08 -3.90837491407e-08 -3.29200750646e-08 -2.96472475018e-08 -2.85791149103e-08 -2.92315634396e-08 -3.12401961278e-08 -3.43140907755e-08 -3.82047066844e-08 -4.26849935636e-08 -4.75354056028e-08 -5.25341318115e-08 -5.74499445037e-08 -6.20368172119e-08 -6.60298219705e-08 -6.91419848582e-08 -7.10618433314e-08 -7.14512006155e-08 -6.99397637175e-08 -6.614386251e-08 -5.96209485474e-08 -4.99015673362e-08 -3.64630325822e-08 -1.87071697155e-08 4.07897112522e-09 3.27964382718e-08 6.86694096571e-08 1.13493713368e-07 1.70094402355e-07 2.43122812708e-07 3.39713738805e-07 4.69559872115e-07 6.56244504614e-07 9.2019892848e-07 -7.70462924575e-07 -3.36522517033e-07 -1.51352791702e-07 -8.80396978194e-08 -5.62943200401e-08 -3.69235966169e-08 -2.57340175119e-08 -1.96546447363e-08 -1.67102176252e-08 -1.59195458907e-08 -1.67675728615e-08 -1.89197666697e-08 -2.21250785299e-08 -2.61761037237e-08 -3.08852784325e-08 -3.60701691065e-08 -4.15444073202e-08 -4.71115254596e-08 -5.25603026902e-08 -5.76610736371e-08 -6.21627611608e-08 -6.57904905068e-08 -6.82436998467e-08 -6.91949861339e-08 -6.82920271454e-08 -6.51416111103e-08 -5.93238664714e-08 -5.03794029892e-08 -3.77971747093e-08 -2.09944470849e-08 7.20661359519e-10 2.82201285175e-08 6.26934971792e-08 1.05930990707e-07 1.60962879251e-07 2.33670662119e-07 3.36757348689e-07 4.99329198681e-07 8.04238691088e-07 1.36040167235e-06
</DataArray>
</CellData>
</Piece>
</UnstructuredGrid>
</VTKFile>
