<?xml version="1.0"?>
<!-- forge presentation artifact, not evidence: {"case": "re100-80", "execution": "9b41b967e12b7490213dd0f8127d8581233a45f156ad522c67d5b3445574214c", "fields": {"pressure": "Pa", "velocity": "m/s"}, "mesh_digest": "fbc54ba0ea2203aabd561ce85533a15856639e3e846363a417f587934dbb753a", "provider": "su2 8.5.0"} -->
<VTKFile type="UnstructuredGrid" version="0.1" byte_order="LittleEndian">
<UnstructuredGrid>
<Piece NumberOfPoints="6561" NumberOfCells="6400">
<Points>
<DataArray type="Float64" NumberOfComponents="3" format="ascii">
0.0 0.0 0.0 0.00125 0.0 0.0 0.0025 0.0 0.0 0.00375 0.0 0.0 0.005 0.0 0.0 0.00625 0.0 0.0 0.0075 0.0 0.0 0.00875 0.0 0.0 0.01 0.0 0.0 0.01125 0.0 0.0 0.0125 0.0 0.0 0.01375 0.0 0.0 0.015 0.0 0.0 0.01625 0.0 0.0 0.0175 0.0 0.0 0.01875 0.0 0.0 0.02 0.0 0.0 0.02125 0.0 0.0 0.0225 0.0 0.0 0.02375 0.0 0.0 0.025 0.0 0.0 0.02625 0.0 0.0 0.0275 0.0 0.0 0.02875 0.0 0.0 0.03 0.0 0.0 0.03125 0.0 0.0 0.0325 0.0 0.0 0.03375 0.0 0.0 0.035 0.0 0.0 0.03625 0.0 0.0 0.0375 0.0 0.0 0.03875 0.0 0.0 0.04 0.0 0.0 0.04125 0.0 0.0 0.0425 0.0 0.0 0.043750000000000004 0.0 0.0 0.045 0.0 0.0 0.04625 0.0 0.0 0.0475 0.0 0.0 0.04875 0.0 0.0 0.05 0.0 0.0 0.051250000000000004 0.0 0.0 0.0525 0.0 0.0 0.05375 0.0 0.0 0.055 0.0 0.0 0.05625 0.0 0.0 0.0575 0.0 0.0 0.058750000000000004 0.0 0.0 0.06 0.0 0.0 0.06125 0.0 0.0 0.0625 0.0 0.0 0.06375 0.0 0.0 0.065 0.0 0.0 0.06625 0.0 0.0 0.0675 0.0 0.0 0.06875 0.0 0.0 0.07 0.0 0.0 0.07125000000000001 0.0 0.0 0.0725 0.0 0.0 0.07375 0.0 0.0 0.075 0.0 0.0 0.07625 0.0 0.0 0.0775 0.0 0.0 0.07875 0.0 0.0 0.08 0.0 0.0 0.08125 0.0 0.0 0.0825 0.0 0.0 0.08375 0.0 0.0 0.085 0.0 0.0 0.08625000000000001 0.0 0.0 0.08750000000000001 0.0 0.0 0.08875 0.0 0.0 0.09 0.0 0.0 0.09125 0.0 0.0 0.0925 0.0 0.0 0.09375 0.0 0.0 0.095 0.0 0.0 0.09625 0.0 0.0 0.0975 0.0 0.0 0.09875 0.0 0.0 0.1 0.0 0.0 0.0 0.00125 0.0 0.00125 0.00125 0.0 0.0025 0.00125 0.0 0.00375 0.00125 0.0 0.005 0.00125 0.0 0.00625 0.00125 0.0 0.0075 0.00125 0.0 0.00875 0.00125 0.0 0.01 0.00125 0.0 0.01125 0.00125 0.0 0.0125 0.00125 0.0 0.01375 0.00125 0.0 0.015 0.00125 0.0 0.01625 0.00125 0.0 0.0175 0.00125 0.0 0.01875 0.00125 0.0 0.02 0.00125 0.0 0.02125 0.00125 0.0 0.0225 0.00125 0.0 0.02375 0.00125 0.0 0.025 0.00125 0.0 0.02625 0.00125 0.0 0.0275 0.00125 0.0 0.02875 0.00125 0.0 0.03 0.00125 0.0 0.03125 0.00125 0.0 0.0325 0.00125 0.0 0.03375 0.00125 0.0 0.035 0.00125 0.0 0.03625 0.00125 0.0 0.0375 0.00125 0.0 0.03875 0.00125 0.0 0.04 0.00125 0.0 0.04125 0.00125 0.0 0.0425 0.00125 0.0 0.043750000000000004 0.00125 0.0 0.045 0.00125 0.0 0.04625 0.00125 0.0 0.0475 0.00125 0.0 0.04875 0.00125 0.0 0.05 0.00125 0.0 0.051250000000000004 0.00125 0.0 0.0525 0.00125 0.0 0.05375 0.00125 0.0 0.055 0.00125 0.0 0.05625 0.00125 0.0 0.0575 0.00125 0.0 0.058750000000000004 0.00125 0.0 0.06 0.00125 0.0 0.06125 0.00125 0.0 0.0625 0.00125 0.0 0.06375 0.00125 0.0 0.065 0.00125 0.0 0.06625 0.00125 0.0 0.0675 0.00125 0.0 0.06875 0.00125 0.0 0.07 0.00125 0.0 0.07125000000000001 0.00125 0.0 0.0725 0.00125 0.0 0.07375 0.00125 0.0 0.075 0.00125 0.0 0.07625 0.00125 0.0 0.0775 0.00125 0.0 0.07875 0.00125 0.0 0.08 0.00125 0.0 0.08125 0.00125 0.0 0.0825 0.00125 0.0 0.08375 0.00125 0.0 0.085 0.00125 0.0 0.08625000000000001 0.00125 0.0 0.08750000000000001 0.00125 0.0 0.08875 0.00125 0.0 0.09 0.00125 0.0 0.09125 0.00125 0.0 0.0925 0.00125 0.0 0.09375 0.00125 0.0 0.095 0.00125 0.0 0.09625 0.00125 0.0 0.0975 0.00125 0.0 0.09875 0.00125 0.0 0.1 0.00125 0.0 0.0 0.0025 0.0 0.00125 0.0025 0.0 0.0025 0.0025 0.0 0.00375 0.0025 0.0 0.005 0.0025 0.0 0.00625 0.0025 0.0 0.0075 0.0025 0.0 0.00875 0.0025 0.0 0.01 0.0025 0.0 0.01125 0.0025 0.0 0.0125 0.0025 0.0 0.01375 0.0025 0.0 0.015 0.0025 0.0 0.01625 0.0025 0.0 0.0175 0.0025 0.0 0.01875 0.0025 0.0 0.02 0.0025 0.0 0.02125 0.0025 0.0 0.0225 0.0025 0.0 0.02375 0.0025 0.0 0.025 0.0025 0.0 0.02625 0.0025 0.0 0.0275 0.0025 0.0 0.02875 0.0025 0.0 0.03 0.0025 0.0 0.03125 0.0025 0.0 0.0325 0.0025 0.0 0.03375 0.0025 0.0 0.035 0.0025 0.0 0.03625 0.0025 0.0 0.0375 0.0025 0.0 0.03875 0.0025 0.0 0.04 0.0025 0.0 0.04125 0.0025 0.0 0.0425 0.0025 0.0 0.043750000000000004 0.0025 0.0 0.045 0.0025 0.0 0.04625 0.0025 0.0 0.0475 0.0025 0.0 0.04875 0.0025 0.0 0.05 0.0025 0.0 0.051250000000000004 0.0025 0.0 0.0525 0.0025 0.0 0.05375 0.0025 0.0 0.055 0.0025 0.0 0.05625 0.0025 0.0 0.0575 0.0025 0.0 0.058750000000000004 0.0025 0.0 0.06 0.0025 0.0 0.06125 0.0025 0.0 0.0625 0.0025 0.0 0.06375 0.0025 0.0 0.065 0.0025 0.0 0.06625 0.0025 0.0 0.0675 0.0025 0.0 0.06875 0.0025 0.0 0.07 0.0025 0.0 0.07125000000000001 0.0025 0.0 0.0725 0.0025 0.0 0.07375 0.0025 0.0 0.075 0.0025 0.0 0.07625 0.0025 0.0 0.0775 0.0025 0.0 0.07875 0.0025 0.0 0.08 0.0025 0.0 0.08125 0.0025 0.0 0.0825 0.0025 0.0 0.08375 0.0025 0.0 0.085 0.0025 0.0 0.08625000000000001 0.0025 0.0 0.08750000000000001 0.0025 0.0 0.08875 0.0025 0.0 0.09 0.0025 0.0 0.09125 0.0025 0.0 0.0925 0.0025 0.0 0.09375 0.0025 0.0 0.095 0.0025 0.0 0.09625 0.0025 0.0 0.0975 0.0025 0.0 0.09875 0.0025 0.0 0.1 0.0025 0.0 0.0 0.00375 0.0 0.00125 0.00375 0.0 0.0025 0.00375 0.0 0.00375 0.00375 0.0 0.005 0.00375 0.0 0.00625 0.00375 0.0 0.0075 0.00375 0.0 0.00875 0.00375 0.0 0.01 0.00375 0.0 0.01125 0.00375 0.0 0.0125 0.00375 0.0 0.01375 0.00375 0.0 0.015 0.00375 0.0 0.01625 0.00375 0.0 0.0175 0.00375 0.0 0.01875 0.00375 0.0 0.02 0.00375 0.0 0.02125 0.00375 0.0 0.0225 0.00375 0.0 0.02375 0.00375 0.0 0.025 0.00375 0.0 0.02625 0.00375 0.0 0.0275 0.00375 0.0 0.02875 0.00375 0.0 0.03 0.00375 0.0 0.03125 0.00375 0.0 0.0325 0.00375 0.0 0.03375 0.00375 0.0 0.035 0.00375 0.0 0.03625 0.00375 0.0 0.0375 0.00375 0.0 0.03875 0.00375 0.0 0.04 0.00375 0.0 0.04125 0.00375 0.0 0.0425 0.00375 0.0 0.043750000000000004 0.00375 0.0 0.045 0.00375 0.0 0.04625 0.00375 0.0 0.0475 0.00375 0.0 0.04875 0.00375 0.0 0.05 0.00375 0.0 0.051250000000000004 0.00375 0.0 0.0525 0.00375 0.0 0.05375 0.00375 0.0 0.055 0.00375 0.0 0.05625 0.00375 0.0 0.0575 0.00375 0.0 0.058750000000000004 0.00375 0.0 0.06 0.00375 0.0 0.06125 0.00375 0.0 0.0625 0.00375 0.0 0.06375 0.00375 0.0 0.065 0.00375 0.0 0.06625 0.00375 0.0 0.0675 0.00375 0.0 0.06875 0.00375 0.0 0.07 0.00375 0.0 0.07125000000000001 0.00375 0.0 0.0725 0.00375 0.0 0.07375 0.00375 0.0 0.075 0.00375 0.0 0.07625 0.00375 0.0 0.0775 0.00375 0.0 0.07875 0.00375 0.0 0.08 0.00375 0.0 0.08125 0.00375 0.0 0.0825 0.00375 0.0 0.08375 0.00375 0.0 0.085 0.00375 0.0 0.08625000000000001 0.00375 0.0 0.08750000000000001 0.00375 0.0 0.08875 0.00375 0.0 0.09 0.00375 0.0 0.09125 0.00375 0.0 0.0925 0.00375 0.0 0.09375 0.00375 0.0 0.095 0.00375 0.0 0.09625 0.00375 0.0 0.0975 0.00375 0.0 0.09875 0.00375 0.0 0.1 0.00375 0.0 0.0 0.005 0.0 0.00125 0.005 0.0 0.0025 0.005 0.0 0.00375 0.005 0.0 0.005 0.005 0.0 0.00625 0.005 0.0 0.0075 0.005 0.0 0.00875 0.005 0.0 0.01 0.005 0.0 0.01125 0.005 0.0 0.0125 0.005 0.0 0.01375 0.005 0.0 0.015 0.005 0.0 0.01625 0.005 0.0 0.0175 0.005 0.0 0.01875 0.005 0.0 0.02 0.005 0.0 0.02125 0.005 0.0 0.0225 0.005 0.0 0.02375 0.005 0.0 0.025 0.005 0.0 0.02625 0.005 0.0 0.0275 0.005 0.0 0.02875 0.005 0.0 0.03 0.005 0.0 0.03125 0.005 0.0 0.0325 0.005 0.0 0.03375 0.005 0.0 0.035 0.005 0.0 0.03625 0.005 0.0 0.0375 0.005 0.0 0.03875 0.005 0.0 0.04 0.005 0.0 0.04125 0.005 0.0 0.0425 0.005 0.0 0.043750000000000004 0.005 0.0 0.045 0.005 0.0 0.04625 0.005 0.0 0.0475 0.005 0.0 0.04875 0.005 0.0 0.05 0.005 0.0 0.051250000000000004 0.005 0.0 0.0525 0.005 0.0 0.05375 0.005 0.0 0.055 0.005 0.0 0.05625 0.005 0.0 0.0575 0.005 0.0 0.058750000000000004 0.005 0.0 0.06 0.005 0.0 0.06125 0.005 0.0 0.0625 0.005 0.0 0.06375 0.005 0.0 0.065 0.005 0.0 0.06625 0.005 0.0 0.0675 0.005 0.0 0.06875 0.005 0.0 0.07 0.005 0.0 0.07125000000000001 0.005 0.0 0.0725 0.005 0.0 0.07375 0.005 0.0 0.075 0.005 0.0 0.07625 0.005 0.0 0.0775 0.005 0.0 0.07875 0.005 0.0 0.08 0.005 0.0 0.08125 0.005 0.0 0.0825 0.005 0.0 0.08375 0.005 0.0 0.085 0.005 0.0 0.08625000000000001 0.005 0.0 0.08750000000000001 0.005 0.0 0.08875 0.005 0.0 0.09 0.005 0.0 0.09125 0.005 0.0 0.0925 0.005 0.0 0.09375 0.005 0.0 0.095 0.005 0.0 0.09625 0.005 0.0 0.0975 0.005 0.0 0.09875 0.005 0.0 0.1 0.005 0.0 0.0 0.00625 0.0 0.00125 0.00625 0.0 0.0025 0.00625 0.0 0.00375 0.00625 0.0 0.005 0.00625 0.0 0.00625 0.00625 0.0 0.0075 0.00625 0.0 0.00875 0.00625 0.0 0.01 0.00625 0.0 0.01125 0.00625 0.0 0.0125 0.00625 0.0 0.01375 0.00625 0.0 0.015 0.00625 0.0 0.01625 0.00625 0.0 0.0175 0.00625 0.0 0.01875 0.00625 0.0 0.02 0.00625 0.0 0.02125 0.00625 0.0 0.0225 0.00625 0.0 0.02375 0.00625 0.0 0.025 0.00625 0.0 0.02625 0.00625 0.0 0.0275 0.00625 0.0 0.02875 0.00625 0.0 0.03 0.00625 0.0 0.03125 0.00625 0.0 0.0325 0.00625 0.0 0.03375 0.00625 0.0 0.035 0.00625 0.0 0.03625 0.00625 0.0 0.0375 0.00625 0.0 0.03875 0.00625 0.0 0.04 0.00625 0.0 0.04125 0.00625 0.0 0.0425 0.00625 0.0 0.043750000000000004 0.00625 0.0 0.045 0.00625 0.0 0.04625 0.00625 0.0 0.0475 0.00625 0.0 0.04875 0.00625 0.0 0.05 0.00625 0.0 0.051250000000000004 0.00625 0.0 0.0525 0.00625 0.0 0.05375 0.00625 0.0 0.055 0.00625 0.0 0.05625 0.00625 0.0 0.0575 0.00625 0.0 0.058750000000000004 0.00625 0.0 0.06 0.00625 0.0 0.06125 0.00625 0.0 0.0625 0.00625 0.0 0.06375 0.00625 0.0 0.065 0.00625 0.0 0.06625 0.00625 0.0 0.0675 0.00625 0.0 0.06875 0.00625 0.0 0.07 0.00625 0.0 0.07125000000000001 0.00625 0.0 0.0725 0.00625 0.0 0.07375 0.00625 0.0 0.075 0.00625 0.0 0.07625 0.00625 0.0 0.0775 0.00625 0.0 0.07875 0.00625 0.0 0.08 0.00625 0.0 0.08125 0.00625 0.0 0.0825 0.00625 0.0 0.08375 0.00625 0.0 0.085 0.00625 0.0 0.08625000000000001 0.00625 0.0 0.08750000000000001 0.00625 0.0 0.08875 0.00625 0.0 0.09 0.00625 0.0 0.09125 0.00625 0.0 0.0925 0.00625 0.0 0.09375 0.00625 0.0 0.095 0.00625 0.0 0.09625 0.00625 0.0 0.0975 0.00625 0.0 0.09875 0.00625 0.0 0.1 0.00625 0.0 0.0 0.0075 0.0 0.00125 0.0075 0.0 0.0025 0.0075 0.0 0.00375 0.0075 0.0 0.005 0.0075 0.0 0.00625 0.0075 0.0 0.0075 0.0075 0.0 0.00875 0.0075 0.0 0.01 0.0075 0.0 0.01125 0.0075 0.0 0.0125 0.0075 0.0 0.01375 0.0075 0.0 0.015 0.0075 0.0 0.01625 0.0075 0.0 0.0175 0.0075 0.0 0.01875 0.0075 0.0 0.02 0.0075 0.0 0.02125 0.0075 0.0 0.0225 0.0075 0.0 0.02375 0.0075 0.0 0.025 0.0075 0.0 0.02625 0.0075 0.0 0.0275 0.0075 0.0 0.02875 0.0075 0.0 0.03 0.0075 0.0 0.03125 0.0075 0.0 0.0325 0.0075 0.0 0.03375 0.0075 0.0 0.035 0.0075 0.0 0.03625 0.0075 0.0 0.0375 0.0075 0.0 0.03875 0.0075 0.0 0.04 0.0075 0.0 0.04125 0.0075 0.0 0.0425 0.0075 0.0 0.043750000000000004 0.0075 0.0 0.045 0.0075 0.0 0.04625 0.0075 0.0 0.0475 0.0075 0.0 0.04875 0.0075 0.0 0.05 0.0075 0.0 0.051250000000000004 0.0075 0.0 0.0525 0.0075 0.0 0.05375 0.0075 0.0 0.055 0.0075 0.0 0.05625 0.0075 0.0 0.0575 0.0075 0.0 0.058750000000000004 0.0075 0.0 0.06 0.0075 0.0 0.06125 0.0075 0.0 0.0625 0.0075 0.0 0.06375 0.0075 0.0 0.065 0.0075 0.0 0.06625 0.0075 0.0 0.0675 0.0075 0.0 0.06875 0.0075 0.0 0.07 0.0075 0.0 0.07125000000000001 0.0075 0.0 0.0725 0.0075 0.0 0.07375 0.0075 0.0 0.075 0.0075 0.0 0.07625 0.0075 0.0 0.0775 0.0075 0.0 0.07875 0.0075 0.0 0.08 0.0075 0.0 0.08125 0.0075 0.0 0.0825 0.0075 0.0 0.08375 0.0075 0.0 0.085 0.0075 0.0 0.08625000000000001 0.0075 0.0 0.08750000000000001 0.0075 0.0 0.08875 0.0075 0.0 0.09 0.0075 0.0 0.09125 0.0075 0.0 0.0925 0.0075 0.0 0.09375 0.0075 0.0 0.095 0.0075 0.0 0.09625 0.0075 0.0 0.0975 0.0075 0.0 0.09875 0.0075 0.0 0.1 0.0075 0.0 0.0 0.00875 0.0 0.00125 0.00875 0.0 0.0025 0.00875 0.0 0.00375 0.00875 0.0 0.005 0.00875 0.0 0.00625 0.00875 0.0 0.0075 0.00875 0.0 0.00875 0.00875 0.0 0.01 0.00875 0.0 0.01125 0.00875 0.0 0.0125 0.00875 0.0 0.01375 0.00875 0.0 0.015 0.00875 0.0 0.01625 0.00875 0.0 0.0175 0.00875 0.0 0.01875 0.00875 0.0 0.02 0.00875 0.0 0.02125 0.00875 0.0 0.0225 0.00875 0.0 0.02375 0.00875 0.0 0.025 0.00875 0.0 0.02625 0.00875 0.0 0.0275 0.00875 0.0 0.02875 0.00875 0.0 0.03 0.00875 0.0 0.03125 0.00875 0.0 0.0325 0.00875 0.0 0.03375 0.00875 0.0 0.035 0.00875 0.0 0.03625 0.00875 0.0 0.0375 0.00875 0.0 0.03875 0.00875 0.0 0.04 0.00875 0.0 0.04125 0.00875 0.0 0.0425 0.00875 0.0 0.043750000000000004 0.00875 0.0 0.045 0.00875 0.0 0.04625 0.00875 0.0 0.0475 0.00875 0.0 0.04875 0.00875 0.0 0.05 0.00875 0.0 0.051250000000000004 0.00875 0.0 0.0525 0.00875 0.0 0.05375 0.00875 0.0 0.055 0.00875 0.0 0.05625 0.00875 0.0 0.0575 0.00875 0.0 0.058750000000000004 0.00875 0.0 0.06 0.00875 0.0 0.06125 0.00875 0.0 0.0625 0.00875 0.0 0.06375 0.00875 0.0 0.065 0.00875 0.0 0.06625 0.00875 0.0 0.0675 0.00875 0.0 0.06875 0.00875 0.0 0.07 0.00875 0.0 0.07125000000000001 0.00875 0.0 0.0725 0.00875 0.0 0.07375 0.00875 0.0 0.075 0.00875 0.0 0.07625 0.00875 0.0 0.0775 0.00875 0.0 0.07875 0.00875 0.0 0.08 0.00875 0.0 0.08125 0.00875 0.0 0.0825 0.00875 0.0 0.08375 0.00875 0.0 0.085 0.00875 0.0 0.08625000000000001 0.00875 0.0 0.08750000000000001 0.00875 0.0 0.08875 0.00875 0.0 0.09 0.00875 0.0 0.09125 0.00875 0.0 0.0925 0.00875 0.0 0.09375 0.00875 0.0 0.095 0.00875 0.0 0.09625 0.00875 0.0 0.0975 0.00875 0.0 0.09875 0.00875 0.0 0.1 0.00875 0.0 0.0 0.01 0.0 0.00125 0.01 0.0 0.0025 0.01 0.0 0.00375 0.01 0.0 0.005 0.01 0.0 0.00625 0.01 0.0 0.0075 0.01 0.0 0.00875 0.01 0.0 0.01 0.01 0.0 0.01125 0.01 0.0 0.0125 0.01 0.0 0.01375 0.01 0.0 0.015 0.01 0.0 0.01625 0.01 0.0 0.0175 0.01 0.0 0.01875 0.01 0.0 0.02 0.01 0.0 0.02125 0.01 0.0 0.0225 0.01 0.0 0.02375 0.01 0.0 0.025 0.01 0.0 0.02625 0.01 0.0 0.0275 0.01 0.0 0.02875 0.01 0.0 0.03 0.01 0.0 0.03125 0.01 0.0 0.0325 0.01 0.0 0.03375 0.01 0.0 0.035 0.01 0.0 0.03625 0.01 0.0 0.0375 0.01 0.0 0.03875 0.01 0.0 0.04 0.01 0.0 0.04125 0.01 0.0 0.0425 0.01 0.0 0.043750000000000004 0.01 0.0 0.045 0.01 0.0 0.04625 0.01 0.0 0.0475 0.01 0.0 0.04875 0.01 0.0 0.05 0.01 0.0 0.051250000000000004 0.01 0.0 0.0525 0.01 0.0 0.05375 0.01 0.0 0.055 0.01 0.0 0.05625 0.01 0.0 0.0575 0.01 0.0 0.058750000000000004 0.01 0.0 0.06 0.01 0.0 0.06125 0.01 0.0 0.0625 0.01 0.0 0.06375 0.01 0.0 0.065 0.01 0.0 0.06625 0.01 0.0 0.0675 0.01 0.0 0.06875 0.01 0.0 0.07 0.01 0.0 0.07125000000000001 0.01 0.0 0.0725 0.01 0.0 0.07375 0.01 0.0 0.075 0.01 0.0 0.07625 0.01 0.0 0.0775 0.01 0.0 0.07875 0.01 0.0 0.08 0.01 0.0 0.08125 0.01 0.0 0.0825 0.01 0.0 0.08375 0.01 0.0 0.085 0.01 0.0 0.08625000000000001 0.01 0.0 0.08750000000000001 0.01 0.0 0.08875 0.01 0.0 0.09 0.01 0.0 0.09125 0.01 0.0 0.0925 0.01 0.0 0.09375 0.01 0.0 0.095 0.01 0.0 0.09625 0.01 0.0 0.0975 0.01 0.0 0.09875 0.01 0.0 0.1 0.01 0.0 0.0 0.01125 0.0 0.00125 0.01125 0.0 0.0025 0.01125 0.0 0.00375 0.01125 0.0 0.005 0.01125 0.0 0.00625 0.01125 0.0 0.0075 0.01125 0.0 0.00875 0.01125 0.0 0.01 0.01125 0.0 0.01125 0.01125 0.0 0.0125 0.01125 0.0 0.01375 0.01125 0.0 0.015 0.01125 0.0 0.01625 0.01125 0.0 0.0175 0.01125 0.0 0.01875 0.01125 0.0 0.02 0.01125 0.0 0.02125 0.01125 0.0 0.0225 0.01125 0.0 0.02375 0.01125 0.0 0.025 0.01125 0.0 0.02625 0.01125 0.0 0.0275 0.01125 0.0 0.02875 0.01125 0.0 0.03 0.01125 0.0 0.03125 0.01125 0.0 0.0325 0.01125 0.0 0.03375 0.01125 0.0 0.035 0.01125 0.0 0.03625 0.01125 0.0 0.0375 0.01125 0.0 0.03875 0.01125 0.0 0.04 0.01125 0.0 0.04125 0.01125 0.0 0.0425 0.01125 0.0 0.043750000000000004 0.01125 0.0 0.045 0.01125 0.0 0.04625 0.01125 0.0 0.0475 0.01125 0.0 0.04875 0.01125 0.0 0.05 0.01125 0.0 0.051250000000000004 0.01125 0.0 0.0525 0.01125 0.0 0.05375 0.01125 0.0 0.055 0.01125 0.0 0.05625 0.01125 0.0 0.0575 0.01125 0.0 0.058750000000000004 0.01125 0.0 0.06 0.01125 0.0 0.06125 0.01125 0.0 0.0625 0.01125 0.0 0.06375 0.01125 0.0 0.065 0.01125 0.0 0.06625 0.01125 0.0 0.0675 0.01125 0.0 0.06875 0.01125 0.0 0.07 0.01125 0.0 0.07125000000000001 0.01125 0.0 0.0725 0.01125 0.0 0.07375 0.01125 0.0 0.075 0.01125 0.0 0.07625 0.01125 0.0 0.0775 0.01125 0.0 0.07875 0.01125 0.0 0.08 0.01125 0.0 0.08125 0.01125 0.0 0.0825 0.01125 0.0 0.08375 0.01125 0.0 0.085 0.01125 0.0 0.08625000000000001 0.01125 0.0 0.08750000000000001 0.01125 0.0 0.08875 0.01125 0.0 0.09 0.01125 0.0 0.09125 0.01125 0.0 0.0925 0.01125 0.0 0.09375 0.01125 0.0 0.095 0.01125 0.0 0.09625 0.01125 0.0 0.0975 0.01125 0.0 0.09875 0.01125 0.0 0.1 0.01125 0.0 0.0 0.0125 0.0 0.00125 0.0125 0.0 0.0025 0.0125 0.0 0.00375 0.0125 0.0 0.005 0.0125 0.0 0.00625 0.0125 0.0 0.0075 0.0125 0.0 0.00875 0.0125 0.0 0.01 0.0125 0.0 0.01125 0.0125 0.0 0.0125 0.0125 0.0 0.01375 0.0125 0.0 0.015 0.0125 0.0 0.01625 0.0125 0.0 0.0175 0.0125 0.0 0.01875 0.0125 0.0 0.02 0.0125 0.0 0.02125 0.0125 0.0 0.0225 0.0125 0.0 0.02375 0.0125 0.0 0.025 0.0125 0.0 0.02625 0.0125 0.0 0.0275 0.0125 0.0 0.02875 0.0125 0.0 0.03 0.0125 0.0 0.03125 0.0125 0.0 0.0325 0.0125 0.0 0.03375 0.0125 0.0 0.035 0.0125 0.0 0.03625 0.0125 0.0 0.0375 0.0125 0.0 0.03875 0.0125 0.0 0.04 0.0125 0.0 0.04125 0.0125 0.0 0.0425 0.0125 0.0 0.043750000000000004 0.0125 0.0 0.045 0.0125 0.0 0.04625 0.0125 0.0 0.0475 0.0125 0.0 0.04875 0.0125 0.0 0.05 0.0125 0.0 0.051250000000000004 0.0125 0.0 0.0525 0.0125 0.0 0.05375 0.0125 0.0 0.055 0.0125 0.0 0.05625 0.0125 0.0 0.0575 0.0125 0.0 0.058750000000000004 0.0125 0.0 0.06 0.0125 0.0 0.06125 0.0125 0.0 0.0625 0.0125 0.0 0.06375 0.0125 0.0 0.065 0.0125 0.0 0.06625 0.0125 0.0 0.0675 0.0125 0.0 0.06875 0.0125 0.0 0.07 0.0125 0.0 0.07125000000000001 0.0125 0.0 0.0725 0.0125 0.0 0.07375 0.0125 0.0 0.075 0.0125 0.0 0.07625 0.0125 0.0 0.0775 0.0125 0.0 0.07875 0.0125 0.0 0.08 0.0125 0.0 0.08125 0.0125 0.0 0.0825 0.0125 0.0 0.08375 0.0125 0.0 0.085 0.0125 0.0 0.08625000000000001 0.0125 0.0 0.08750000000000001 0.0125 0.0 0.08875 0.0125 0.0 0.09 0.0125 0.0 0.09125 0.0125 0.0 0.0925 0.0125 0.0 0.09375 0.0125 0.0 0.095 0.0125 0.0 0.09625 0.0125 0.0 0.0975 0.0125 0.0 0.09875 0.0125 0.0 0.1 0.0125 0.0 0.0 0.01375 0.0 0.00125 0.01375 0.0 0.0025 0.01375 0.0 0.00375 0.01375 0.0 0.005 0.01375 0.0 0.00625 0.01375 0.0 0.0075 0.01375 0.0 0.00875 0.01375 0.0 0.01 0.01375 0.0 0.01125 0.01375 0.0 0.0125 0.01375 0.0 0.01375 0.01375 0.0 0.015 0.01375 0.0 0.01625 0.01375 0.0 0.0175 0.01375 0.0 0.01875 0.01375 0.0 0.02 0.01375 0.0 0.02125 0.01375 0.0 0.0225 0.01375 0.0 0.02375 0.01375 0.0 0.025 0.01375 0.0 0.02625 0.01375 0.0 0.0275 0.01375 0.0 0.02875 0.01375 0.0 0.03 0.01375 0.0 0.03125 0.01375 0.0 0.0325 0.01375 0.0 0.03375 0.01375 0.0 0.035 0.01375 0.0 0.03625 0.01375 0.0 0.0375 0.01375 0.0 0.03875 0.01375 0.0 0.04 0.01375 0.0 0.04125 0.01375 0.0 0.0425 0.01375 0.0 0.043750000000000004 0.01375 0.0 0.045 0.01375 0.0 0.04625 0.01375 0.0 0.0475 0.01375 0.0 0.04875 0.01375 0.0 0.05 0.01375 0.0 0.051250000000000004 0.01375 0.0 0.0525 0.01375 0.0 0.05375 0.01375 0.0 0.055 0.01375 0.0 0.05625 0.01375 0.0 0.0575 0.01375 0.0 0.058750000000000004 0.01375 0.0 0.06 0.01375 0.0 0.06125 0.01375 0.0 0.0625 0.01375 0.0 0.06375 0.01375 0.0 0.065 0.01375 0.0 0.06625 0.01375 0.0 0.0675 0.01375 0.0 0.06875 0.01375 0.0 0.07 0.01375 0.0 0.07125000000000001 0.01375 0.0 0.0725 0.01375 0.0 0.07375 0.01375 0.0 0.075 0.01375 0.0 0.07625 0.01375 0.0 0.0775 0.01375 0.0 0.07875 0.01375 0.0 0.08 0.01375 0.0 0.08125 0.01375 0.0 0.0825 0.01375 0.0 0.08375 0.01375 0.0 0.085 0.01375 0.0 0.08625000000000001 0.01375 0.0 0.08750000000000001 0.01375 0.0 0.08875 0.01375 0.0 0.09 0.01375 0.0 0.09125 0.01375 0.0 0.0925 0.01375 0.0 0.09375 0.01375 0.0 0.095 0.01375 0.0 0.09625 0.01375 0.0 0.0975 0.01375 0.0 0.09875 0.01375 0.0 0.1 0.01375 0.0 0.0 0.015 0.0 0.00125 0.015 0.0 0.0025 0.015 0.0 0.00375 0.015 0.0 0.005 0.015 0.0 0.00625 0.015 0.0 0.0075 0.015 0.0 0.00875 0.015 0.0 0.01 0.015 0.0 0.01125 0.015 0.0 0.0125 0.015 0.0 0.01375 0.015 0.0 0.015 0.015 0.0 0.01625 0.015 0.0 0.0175 0.015 0.0 0.01875 0.015 0.0 0.02 0.015 0.0 0.02125 0.015 0.0 0.0225 0.015 0.0 0.02375 0.015 0.0 0.025 0.015 0.0 0.02625 0.015 0.0 0.0275 0.015 0.0 0.02875 0.015 0.0 0.03 0.015 0.0 0.03125 0.015 0.0 0.0325 0.015 0.0 0.03375 0.015 0.0 0.035 0.015 0.0 0.03625 0.015 0.0 0.0375 0.015 0.0 0.03875 0.015 0.0 0.04 0.015 0.0 0.04125 0.015 0.0 0.0425 0.015 0.0 0.043750000000000004 0.015 0.0 0.045 0.015 0.0 0.04625 0.015 0.0 0.0475 0.015 0.0 0.04875 0.015 0.0 0.05 0.015 0.0 0.051250000000000004 0.015 0.0 0.0525 0.015 0.0 0.05375 0.015 0.0 0.055 0.015 0.0 0.05625 0.015 0.0 0.0575 0.015 0.0 0.058750000000000004 0.015 0.0 0.06 0.015 0.0 0.06125 0.015 0.0 0.0625 0.015 0.0 0.06375 0.015 0.0 0.065 0.015 0.0 0.06625 0.015 0.0 0.0675 0.015 0.0 0.06875 0.015 0.0 0.07 0.015 0.0 0.07125000000000001 0.015 0.0 0.0725 0.015 0.0 0.07375 0.015 0.0 0.075 0.015 0.0 0.07625 0.015 0.0 0.0775 0.015 0.0 0.07875 0.015 0.0 0.08 0.015 0.0 0.08125 0.015 0.0 0.0825 0.015 0.0 0.08375 0.015 0.0 0.085 0.015 0.0 0.08625000000000001 0.015 0.0 0.08750000000000001 0.015 0.0 0.08875 0.015 0.0 0.09 0.015 0.0 0.09125 0.015 0.0 0.0925 0.015 0.0 0.09375 0.015 0.0 0.095 0.015 0.0 0.09625 0.015 0.0 0.0975 0.015 0.0 0.09875 0.015 0.0 0.1 0.015 0.0 0.0 0.01625 0.0 0.00125 0.01625 0.0 0.0025 0.01625 0.0 0.00375 0.01625 0.0 0.005 0.01625 0.0 0.00625 0.01625 0.0 0.0075 0.01625 0.0 0.00875 0.01625 0.0 0.01 0.01625 0.0 0.01125 0.01625 0.0 0.0125 0.01625 0.0 0.01375 0.01625 0.0 0.015 0.01625 0.0 0.01625 0.01625 0.0 0.0175 0.01625 0.0 0.01875 0.01625 0.0 0.02 0.01625 0.0 0.02125 0.01625 0.0 0.0225 0.01625 0.0 0.02375 0.01625 0.0 0.025 0.01625 0.0 0.02625 0.01625 0.0 0.0275 0.01625 0.0 0.02875 0.01625 0.0 0.03 0.01625 0.0 0.03125 0.01625 0.0 0.0325 0.01625 0.0 0.03375 0.01625 0.0 0.035 0.01625 0.0 0.03625 0.01625 0.0 0.0375 0.01625 0.0 0.03875 0.01625 0.0 0.04 0.01625 0.0 0.04125 0.01625 0.0 0.0425 0.01625 0.0 0.043750000000000004 0.01625 0.0 0.045 0.01625 0.0 0.04625 0.01625 0.0 0.0475 0.01625 0.0 0.04875 0.01625 0.0 0.05 0.01625 0.0 0.051250000000000004 0.01625 0.0 0.0525 0.01625 0.0 0.05375 0.01625 0.0 0.055 0.01625 0.0 0.05625 0.01625 0.0 0.0575 0.01625 0.0 0.058750000000000004 0.01625 0.0 0.06 0.01625 0.0 0.06125 0.01625 0.0 0.0625 0.01625 0.0 0.06375 0.01625 0.0 0.065 0.01625 0.0 0.06625 0.01625 0.0 0.0675 0.01625 0.0 0.06875 0.01625 0.0 0.07 0.01625 0.0 0.07125000000000001 0.01625 0.0 0.0725 0.01625 0.0 0.07375 0.01625 0.0 0.075 0.01625 0.0 0.07625 0.01625 0.0 0.0775 0.01625 0.0 0.07875 0.01625 0.0 0.08 0.01625 0.0 0.08125 0.01625 0.0 0.0825 0.01625 0.0 0.08375 0.01625 0.0 0.085 0.01625 0.0 0.08625000000000001 0.01625 0.0 0.08750000000000001 0.01625 0.0 0.08875 0.01625 0.0 0.09 0.01625 0.0 0.09125 0.01625 0.0 0.0925 0.01625 0.0 0.09375 0.01625 0.0 0.095 0.01625 0.0 0.09625 0.01625 0.0 0.0975 0.01625 0.0 0.09875 0.01625 0.0 0.1 0.01625 0.0 0.0 0.0175 0.0 0.00125 0.0175 0.0 0.0025 0.0175 0.0 0.00375 0.0175 0.0 0.005 0.0175 0.0 0.00625 0.0175 0.0 0.0075 0.0175 0.0 0.00875 0.0175 0.0 0.01 0.0175 0.0 0.01125 0.0175 0.0 0.0125 0.0175 0.0 0.01375 0.0175 0.0 0.015 0.0175 0.0 0.01625 0.0175 0.0 0.0175 0.0175 0.0 0.01875 0.0175 0.0 0.02 0.0175 0.0 0.02125 0.0175 0.0 0.0225 0.0175 0.0 0.02375 0.0175 0.0 0.025 0.0175 0.0 0.02625 0.0175 0.0 0.0275 0.0175 0.0 0.02875 0.0175 0.0 0.03 0.0175 0.0 0.03125 0.0175 0.0 0.0325 0.0175 0.0 0.03375 0.0175 0.0 0.035 0.0175 0.0 0.03625 0.0175 0.0 0.0375 0.0175 0.0 0.03875 0.0175 0.0 0.04 0.0175 0.0 0.04125 0.0175 0.0 0.0425 0.0175 0.0 0.043750000000000004 0.0175 0.0 0.045 0.0175 0.0 0.04625 0.0175 0.0 0.0475 0.0175 0.0 0.04875 0.0175 0.0 0.05 0.0175 0.0 0.051250000000000004 0.0175 0.0 0.0525 0.0175 0.0 0.05375 0.0175 0.0 0.055 0.0175 0.0 0.05625 0.0175 0.0 0.0575 0.0175 0.0 0.058750000000000004 0.0175 0.0 0.06 0.0175 0.0 0.06125 0.0175 0.0 0.0625 0.0175 0.0 0.06375 0.0175 0.0 0.065 0.0175 0.0 0.06625 0.0175 0.0 0.0675 0.0175 0.0 0.06875 0.0175 0.0 0.07 0.0175 0.0 0.07125000000000001 0.0175 0.0 0.0725 0.0175 0.0 0.07375 0.0175 0.0 0.075 0.0175 0.0 0.07625 0.0175 0.0 0.0775 0.0175 0.0 0.07875 0.0175 0.0 0.08 0.0175 0.0 0.08125 0.0175 0.0 0.0825 0.0175 0.0 0.08375 0.0175 0.0 0.085 0.0175 0.0 0.08625000000000001 0.0175 0.0 0.08750000000000001 0.0175 0.0 0.08875 0.0175 0.0 0.09 0.0175 0.0 0.09125 0.0175 0.0 0.0925 0.0175 0.0 0.09375 0.0175 0.0 0.095 0.0175 0.0 0.09625 0.0175 0.0 0.0975 0.0175 0.0 0.09875 0.0175 0.0 0.1 0.0175 0.0 0.0 0.01875 0.0 0.00125 0.01875 0.0 0.0025 0.01875 0.0 0.00375 0.01875 0.0 0.005 0.01875 0.0 0.00625 0.01875 0.0 0.0075 0.01875 0.0 0.00875 0.01875 0.0 0.01 0.01875 0.0 0.01125 0.01875 0.0 0.0125 0.01875 0.0 0.01375 0.01875 0.0 0.015 0.01875 0.0 0.01625 0.01875 0.0 0.0175 0.01875 0.0 0.01875 0.01875 0.0 0.02 0.01875 0.0 0.02125 0.01875 0.0 0.0225 0.01875 0.0 0.02375 0.01875 0.0 0.025 0.01875 0.0 0.02625 0.01875 0.0 0.0275 0.01875 0.0 0.02875 0.01875 0.0 0.03 0.01875 0.0 0.03125 0.01875 0.0 0.0325 0.01875 0.0 0.03375 0.01875 0.0 0.035 0.01875 0.0 0.03625 0.01875 0.0 0.0375 0.01875 0.0 0.03875 0.01875 0.0 0.04 0.01875 0.0 0.04125 0.01875 0.0 0.0425 0.01875 0.0 0.043750000000000004 0.01875 0.0 0.045 0.01875 0.0 0.04625 0.01875 0.0 0.0475 0.01875 0.0 0.04875 0.01875 0.0 0.05 0.01875 0.0 0.051250000000000004 0.01875 0.0 0.0525 0.01875 0.0 0.05375 0.01875 0.0 0.055 0.01875 0.0 0.05625 0.01875 0.0 0.0575 0.01875 0.0 0.058750000000000004 0.01875 0.0 0.06 0.01875 0.0 0.06125 0.01875 0.0 0.0625 0.01875 0.0 0.06375 0.01875 0.0 0.065 0.01875 0.0 0.06625 0.01875 0.0 0.0675 0.01875 0.0 0.06875 0.01875 0.0 0.07 0.01875 0.0 0.07125000000000001 0.01875 0.0 0.0725 0.01875 0.0 0.07375 0.01875 0.0 0.075 0.01875 0.0 0.07625 0.01875 0.0 0.0775 0.01875 0.0 0.07875 0.01875 0.0 0.08 0.01875 0.0 0.08125 0.01875 0.0 0.0825 0.01875 0.0 0.08375 0.01875 0.0 0.085 0.01875 0.0 0.08625000000000001 0.01875 0.0 0.08750000000000001 0.01875 0.0 0.08875 0.01875 0.0 0.09 0.01875 0.0 0.09125 0.01875 0.0 0.0925 0.01875 0.0 0.09375 0.01875 0.0 0.095 0.01875 0.0 0.09625 0.01875 0.0 0.0975 0.01875 0.0 0.09875 0.01875 0.0 0.1 0.01875 0.0 0.0 0.02 0.0 0.00125 0.02 0.0 0.0025 0.02 0.0 0.00375 0.02 0.0 0.005 0.02 0.0 0.00625 0.02 0.0 0.0075 0.02 0.0 0.00875 0.02 0.0 0.01 0.02 0.0 0.01125 0.02 0.0 0.0125 0.02 0.0 0.01375 0.02 0.0 0.015 0.02 0.0 0.01625 0.02 0.0 0.0175 0.02 0.0 0.01875 0.02 0.0 0.02 0.02 0.0 0.02125 0.02 0.0 0.0225 0.02 0.0 0.02375 0.02 0.0 0.025 0.02 0.0 0.02625 0.02 0.0 0.0275 0.02 0.0 0.02875 0.02 0.0 0.03 0.02 0.0 0.03125 0.02 0.0 0.0325 0.02 0.0 0.03375 0.02 0.0 0.035 0.02 0.0 0.03625 0.02 0.0 0.0375 0.02 0.0 0.03875 0.02 0.0 0.04 0.02 0.0 0.04125 0.02 0.0 0.0425 0.02 0.0 0.043750000000000004 0.02 0.0 0.045 0.02 0.0 0.04625 0.02 0.0 0.0475 0.02 0.0 0.04875 0.02 0.0 0.05 0.02 0.0 0.051250000000000004 0.02 0.0 0.0525 0.02 0.0 0.05375 0.02 0.0 0.055 0.02 0.0 0.05625 0.02 0.0 0.0575 0.02 0.0 0.058750000000000004 0.02 0.0 0.06 0.02 0.0 0.06125 0.02 0.0 0.0625 0.02 0.0 0.06375 0.02 0.0 0.065 0.02 0.0 0.06625 0.02 0.0 0.0675 0.02 0.0 0.06875 0.02 0.0 0.07 0.02 0.0 0.07125000000000001 0.02 0.0 0.0725 0.02 0.0 0.07375 0.02 0.0 0.075 0.02 0.0 0.07625 0.02 0.0 0.0775 0.02 0.0 0.07875 0.02 0.0 0.08 0.02 0.0 0.08125 0.02 0.0 0.0825 0.02 0.0 0.08375 0.02 0.0 0.085 0.02 0.0 0.08625000000000001 0.02 0.0 0.08750000000000001 0.02 0.0 0.08875 0.02 0.0 0.09 0.02 0.0 0.09125 0.02 0.0 0.0925 0.02 0.0 0.09375 0.02 0.0 0.095 0.02 0.0 0.09625 0.02 0.0 0.0975 0.02 0.0 0.09875 0.02 0.0 0.1 0.02 0.0 0.0 0.02125 0.0 0.00125 0.02125 0.0 0.0025 0.02125 0.0 0.00375 0.02125 0.0 0.005 0.02125 0.0 0.00625 0.02125 0.0 0.0075 0.02125 0.0 0.00875 0.02125 0.0 0.01 0.02125 0.0 0.01125 0.02125 0.0 0.0125 0.02125 0.0 0.01375 0.02125 0.0 0.015 0.02125 0.0 0.01625 0.02125 0.0 0.0175 0.02125 0.0 0.01875 0.02125 0.0 0.02 0.02125 0.0 0.02125 0.02125 0.0 0.0225 0.02125 0.0 0.02375 0.02125 0.0 0.025 0.02125 0.0 0.02625 0.02125 0.0 0.0275 0.02125 0.0 0.02875 0.02125 0.0 0.03 0.02125 0.0 0.03125 0.02125 0.0 0.0325 0.02125 0.0 0.03375 0.02125 0.0 0.035 0.02125 0.0 0.03625 0.02125 0.0 0.0375 0.02125 0.0 0.03875 0.02125 0.0 0.04 0.02125 0.0 0.04125 0.02125 0.0 0.0425 0.02125 0.0 0.043750000000000004 0.02125 0.0 0.045 0.02125 0.0 0.04625 0.02125 0.0 0.0475 0.02125 0.0 0.04875 0.02125 0.0 0.05 0.02125 0.0 0.051250000000000004 0.02125 0.0 0.0525 0.02125 0.0 0.05375 0.02125 0.0 0.055 0.02125 0.0 0.05625 0.02125 0.0 0.0575 0.02125 0.0 0.058750000000000004 0.02125 0.0 0.06 0.02125 0.0 0.06125 0.02125 0.0 0.0625 0.02125 0.0 0.06375 0.02125 0.0 0.065 0.02125 0.0 0.06625 0.02125 0.0 0.0675 0.02125 0.0 0.06875 0.02125 0.0 0.07 0.02125 0.0 0.07125000000000001 0.02125 0.0 0.0725 0.02125 0.0 0.07375 0.02125 0.0 0.075 0.02125 0.0 0.07625 0.02125 0.0 0.0775 0.02125 0.0 0.07875 0.02125 0.0 0.08 0.02125 0.0 0.08125 0.02125 0.0 0.0825 0.02125 0.0 0.08375 0.02125 0.0 0.085 0.02125 0.0 0.08625000000000001 0.02125 0.0 0.08750000000000001 0.02125 0.0 0.08875 0.02125 0.0 0.09 0.02125 0.0 0.09125 0.02125 0.0 0.0925 0.02125 0.0 0.09375 0.02125 0.0 0.095 0.02125 0.0 0.09625 0.02125 0.0 0.0975 0.02125 0.0 0.09875 0.02125 0.0 0.1 0.02125 0.0 0.0 0.0225 0.0 0.00125 0.0225 0.0 0.0025 0.0225 0.0 0.00375 0.0225 0.0 0.005 0.0225 0.0 0.00625 0.0225 0.0 0.0075 0.0225 0.0 0.00875 0.0225 0.0 0.01 0.0225 0.0 0.01125 0.0225 0.0 0.0125 0.0225 0.0 0.01375 0.0225 0.0 0.015 0.0225 0.0 0.01625 0.0225 0.0 0.0175 0.0225 0.0 0.01875 0.0225 0.0 0.02 0.0225 0.0 0.02125 0.0225 0.0 0.0225 0.0225 0.0 0.02375 0.0225 0.0 0.025 0.0225 0.0 0.02625 0.0225 0.0 0.0275 0.0225 0.0 0.02875 0.0225 0.0 0.03 0.0225 0.0 0.03125 0.0225 0.0 0.0325 0.0225 0.0 0.03375 0.0225 0.0 0.035 0.0225 0.0 0.03625 0.0225 0.0 0.0375 0.0225 0.0 0.03875 0.0225 0.0 0.04 0.0225 0.0 0.04125 0.0225 0.0 0.0425 0.0225 0.0 0.043750000000000004 0.0225 0.0 0.045 0.0225 0.0 0.04625 0.0225 0.0 0.0475 0.0225 0.0 0.04875 0.0225 0.0 0.05 0.0225 0.0 0.051250000000000004 0.0225 0.0 0.0525 0.0225 0.0 0.05375 0.0225 0.0 0.055 0.0225 0.0 0.05625 0.0225 0.0 0.0575 0.0225 0.0 0.058750000000000004 0.0225 0.0 0.06 0.0225 0.0 0.06125 0.0225 0.0 0.0625 0.0225 0.0 0.06375 0.0225 0.0 0.065 0.0225 0.0 0.06625 0.0225 0.0 0.0675 0.0225 0.0 0.06875 0.0225 0.0 0.07 0.0225 0.0 0.07125000000000001 0.0225 0.0 0.0725 0.0225 0.0 0.07375 0.0225 0.0 0.075 0.0225 0.0 0.07625 0.0225 0.0 0.0775 0.0225 0.0 0.07875 0.0225 0.0 0.08 0.0225 0.0 0.08125 0.0225 0.0 0.0825 0.0225 0.0 0.08375 0.0225 0.0 0.085 0.0225 0.0 0.08625000000000001 0.0225 0.0 0.08750000000000001 0.0225 0.0 0.08875 0.0225 0.0 0.09 0.0225 0.0 0.09125 0.0225 0.0 0.0925 0.0225 0.0 0.09375 0.0225 0.0 0.095 0.0225 0.0 0.09625 0.0225 0.0 0.0975 0.0225 0.0 0.09875 0.0225 0.0 0.1 0.0225 0.0 0.0 0.02375 0.0 0.00125 0.02375 0.0 0.0025 0.02375 0.0 0.00375 0.02375 0.0 0.005 0.02375 0.0 0.00625 0.02375 0.0 0.0075 0.02375 0.0 0.00875 0.02375 0.0 0.01 0.02375 0.0 0.01125 0.02375 0.0 0.0125 0.02375 0.0 0.01375 0.02375 0.0 0.015 0.02375 0.0 0.01625 0.02375 0.0 0.0175 0.02375 0.0 0.01875 0.02375 0.0 0.02 0.02375 0.0 0.02125 0.02375 0.0 0.0225 0.02375 0.0 0.02375 0.02375 0.0 0.025 0.02375 0.0 0.02625 0.02375 0.0 0.0275 0.02375 0.0 0.02875 0.02375 0.0 0.03 0.02375 0.0 0.03125 0.02375 0.0 0.0325 0.02375 0.0 0.03375 0.02375 0.0 0.035 0.02375 0.0 0.03625 0.02375 0.0 0.0375 0.02375 0.0 0.03875 0.02375 0.0 0.04 0.02375 0.0 0.04125 0.02375 0.0 0.0425 0.02375 0.0 0.043750000000000004 0.02375 0.0 0.045 0.02375 0.0 0.04625 0.02375 0.0 0.0475 0.02375 0.0 0.04875 0.02375 0.0 0.05 0.02375 0.0 0.051250000000000004 0.02375 0.0 0.0525 0.02375 0.0 0.05375 0.02375 0.0 0.055 0.02375 0.0 0.05625 0.02375 0.0 0.0575 0.02375 0.0 0.058750000000000004 0.02375 0.0 0.06 0.02375 0.0 0.06125 0.02375 0.0 0.0625 0.02375 0.0 0.06375 0.02375 0.0 0.065 0.02375 0.0 0.06625 0.02375 0.0 0.0675 0.02375 0.0 0.06875 0.02375 0.0 0.07 0.02375 0.0 0.07125000000000001 0.02375 0.0 0.0725 0.02375 0.0 0.07375 0.02375 0.0 0.075 0.02375 0.0 0.07625 0.02375 0.0 0.0775 0.02375 0.0 0.07875 0.02375 0.0 0.08 0.02375 0.0 0.08125 0.02375 0.0 0.0825 0.02375 0.0 0.08375 0.02375 0.0 0.085 0.02375 0.0 0.08625000000000001 0.02375 0.0 0.08750000000000001 0.02375 0.0 0.08875 0.02375 0.0 0.09 0.02375 0.0 0.09125 0.02375 0.0 0.0925 0.02375 0.0 0.09375 0.02375 0.0 0.095 0.02375 0.0 0.09625 0.02375 0.0 0.0975 0.02375 0.0 0.09875 0.02375 0.0 0.1 0.02375 0.0 0.0 0.025 0.0 0.00125 0.025 0.0 0.0025 0.025 0.0 0.00375 0.025 0.0 0.005 0.025 0.0 0.00625 0.025 0.0 0.0075 0.025 0.0 0.00875 0.025 0.0 0.01 0.025 0.0 0.01125 0.025 0.0 0.0125 0.025 0.0 0.01375 0.025 0.0 0.015 0.025 0.0 0.01625 0.025 0.0 0.0175 0.025 0.0 0.01875 0.025 0.0 0.02 0.025 0.0 0.02125 0.025 0.0 0.0225 0.025 0.0 0.02375 0.025 0.0 0.025 0.025 0.0 0.02625 0.025 0.0 0.0275 0.025 0.0 0.02875 0.025 0.0 0.03 0.025 0.0 0.03125 0.025 0.0 0.0325 0.025 0.0 0.03375 0.025 0.0 0.035 0.025 0.0 0.03625 0.025 0.0 0.0375 0.025 0.0 0.03875 0.025 0.0 0.04 0.025 0.0 0.04125 0.025 0.0 0.0425 0.025 0.0 0.043750000000000004 0.025 0.0 0.045 0.025 0.0 0.04625 0.025 0.0 0.0475 0.025 0.0 0.04875 0.025 0.0 0.05 0.025 0.0 0.051250000000000004 0.025 0.0 0.0525 0.025 0.0 0.05375 0.025 0.0 0.055 0.025 0.0 0.05625 0.025 0.0 0.0575 0.025 0.0 0.058750000000000004 0.025 0.0 0.06 0.025 0.0 0.06125 0.025 0.0 0.0625 0.025 0.0 0.06375 0.025 0.0 0.065 0.025 0.0 0.06625 0.025 0.0 0.0675 0.025 0.0 0.06875 0.025 0.0 0.07 0.025 0.0 0.07125000000000001 0.025 0.0 0.0725 0.025 0.0 0.07375 0.025 0.0 0.075 0.025 0.0 0.07625 0.025 0.0 0.0775 0.025 0.0 0.07875 0.025 0.0 0.08 0.025 0.0 0.08125 0.025 0.0 0.0825 0.025 0.0 0.08375 0.025 0.0 0.085 0.025 0.0 0.08625000000000001 0.025 0.0 0.08750000000000001 0.025 0.0 0.08875 0.025 0.0 0.09 0.025 0.0 0.09125 0.025 0.0 0.0925 0.025 0.0 0.09375 0.025 0.0 0.095 0.025 0.0 0.09625 0.025 0.0 0.0975 0.025 0.0 0.09875 0.025 0.0 0.1 0.025 0.0 0.0 0.02625 0.0 0.00125 0.02625 0.0 0.0025 0.02625 0.0 0.00375 0.02625 0.0 0.005 0.02625 0.0 0.00625 0.02625 0.0 0.0075 0.02625 0.0 0.00875 0.02625 0.0 0.01 0.02625 0.0 0.01125 0.02625 0.0 0.0125 0.02625 0.0 0.01375 0.02625 0.0 0.015 0.02625 0.0 0.01625 0.02625 0.0 0.0175 0.02625 0.0 0.01875 0.02625 0.0 0.02 0.02625 0.0 0.02125 0.02625 0.0 0.0225 0.02625 0.0 0.02375 0.02625 0.0 0.025 0.02625 0.0 0.02625 0.02625 0.0 0.0275 0.02625 0.0 0.02875 0.02625 0.0 0.03 0.02625 0.0 0.03125 0.02625 0.0 0.0325 0.02625 0.0 0.03375 0.02625 0.0 0.035 0.02625 0.0 0.03625 0.02625 0.0 0.0375 0.02625 0.0 0.03875 0.02625 0.0 0.04 0.02625 0.0 0.04125 0.02625 0.0 0.0425 0.02625 0.0 0.043750000000000004 0.02625 0.0 0.045 0.02625 0.0 0.04625 0.02625 0.0 0.0475 0.02625 0.0 0.04875 0.02625 0.0 0.05 0.02625 0.0 0.051250000000000004 0.02625 0.0 0.0525 0.02625 0.0 0.05375 0.02625 0.0 0.055 0.02625 0.0 0.05625 0.02625 0.0 0.0575 0.02625 0.0 0.058750000000000004 0.02625 0.0 0.06 0.02625 0.0 0.06125 0.02625 0.0 0.0625 0.02625 0.0 0.06375 0.02625 0.0 0.065 0.02625 0.0 0.06625 0.02625 0.0 0.0675 0.02625 0.0 0.06875 0.02625 0.0 0.07 0.02625 0.0 0.07125000000000001 0.02625 0.0 0.0725 0.02625 0.0 0.07375 0.02625 0.0 0.075 0.02625 0.0 0.07625 0.02625 0.0 0.0775 0.02625 0.0 0.07875 0.02625 0.0 0.08 0.02625 0.0 0.08125 0.02625 0.0 0.0825 0.02625 0.0 0.08375 0.02625 0.0 0.085 0.02625 0.0 0.08625000000000001 0.02625 0.0 0.08750000000000001 0.02625 0.0 0.08875 0.02625 0.0 0.09 0.02625 0.0 0.09125 0.02625 0.0 0.0925 0.02625 0.0 0.09375 0.02625 0.0 0.095 0.02625 0.0 0.09625 0.02625 0.0 0.0975 0.02625 0.0 0.09875 0.02625 0.0 0.1 0.02625 0.0 0.0 0.0275 0.0 0.00125 0.0275 0.0 0.0025 0.0275 0.0 0.00375 0.0275 0.0 0.005 0.0275 0.0 0.00625 0.0275 0.0 0.0075 0.0275 0.0 0.00875 0.0275 0.0 0.01 0.0275 0.0 0.01125 0.0275 0.0 0.0125 0.0275 0.0 0.01375 0.0275 0.0 0.015 0.0275 0.0 0.01625 0.0275 0.0 0.0175 0.0275 0.0 0.01875 0.0275 0.0 0.02 0.0275 0.0 0.02125 0.0275 0.0 0.0225 0.0275 0.0 0.02375 0.0275 0.0 0.025 0.0275 0.0 0.02625 0.0275 0.0 0.0275 0.0275 0.0 0.02875 0.0275 0.0 0.03 0.0275 0.0 0.03125 0.0275 0.0 0.0325 0.0275 0.0 0.03375 0.0275 0.0 0.035 0.0275 0.0 0.03625 0.0275 0.0 0.0375 0.0275 0.0 0.03875 0.0275 0.0 0.04 0.0275 0.0 0.04125 0.0275 0.0 0.0425 0.0275 0.0 0.043750000000000004 0.0275 0.0 0.045 0.0275 0.0 0.04625 0.0275 0.0 0.0475 0.0275 0.0 0.04875 0.0275 0.0 0.05 0.0275 0.0 0.051250000000000004 0.0275 0.0 0.0525 0.0275 0.0 0.05375 0.0275 0.0 0.055 0.0275 0.0 0.05625 0.0275 0.0 0.0575 0.0275 0.0 0.058750000000000004 0.0275 0.0 0.06 0.0275 0.0 0.06125 0.0275 0.0 0.0625 0.0275 0.0 0.06375 0.0275 0.0 0.065 0.0275 0.0 0.06625 0.0275 0.0 0.0675 0.0275 0.0 0.06875 0.0275 0.0 0.07 0.0275 0.0 0.07125000000000001 0.0275 0.0 0.0725 0.0275 0.0 0.07375 0.0275 0.0 0.075 0.0275 0.0 0.07625 0.0275 0.0 0.0775 0.0275 0.0 0.07875 0.0275 0.0 0.08 0.0275 0.0 0.08125 0.0275 0.0 0.0825 0.0275 0.0 0.08375 0.0275 0.0 0.085 0.0275 0.0 0.08625000000000001 0.0275 0.0 0.08750000000000001 0.0275 0.0 0.08875 0.0275 0.0 0.09 0.0275 0.0 0.09125 0.0275 0.0 0.0925 0.0275 0.0 0.09375 0.0275 0.0 0.095 0.0275 0.0 0.09625 0.0275 0.0 0.0975 0.0275 0.0 0.09875 0.0275 0.0 0.1 0.0275 0.0 0.0 0.02875 0.0 0.00125 0.02875 0.0 0.0025 0.02875 0.0 0.00375 0.02875 0.0 0.005 0.02875 0.0 0.00625 0.02875 0.0 0.0075 0.02875 0.0 0.00875 0.02875 0.0 0.01 0.02875 0.0 0.01125 0.02875 0.0 0.0125 0.02875 0.0 0.01375 0.02875 0.0 0.015 0.02875 0.0 0.01625 0.02875 0.0 0.0175 0.02875 0.0 0.01875 0.02875 0.0 0.02 0.02875 0.0 0.02125 0.02875 0.0 0.0225 0.02875 0.0 0.02375 0.02875 0.0 0.025 0.02875 0.0 0.02625 0.02875 0.0 0.0275 0.02875 0.0 0.02875 0.02875 0.0 0.03 0.02875 0.0 0.03125 0.02875 0.0 0.0325 0.02875 0.0 0.03375 0.02875 0.0 0.035 0.02875 0.0 0.03625 0.02875 0.0 0.0375 0.02875 0.0 0.03875 0.02875 0.0 0.04 0.02875 0.0 0.04125 0.02875 0.0 0.0425 0.02875 0.0 0.043750000000000004 0.02875 0.0 0.045 0.02875 0.0 0.04625 0.02875 0.0 0.0475 0.02875 0.0 0.04875 0.02875 0.0 0.05 0.02875 0.0 0.051250000000000004 0.02875 0.0 0.0525 0.02875 0.0 0.05375 0.02875 0.0 0.055 0.02875 0.0 0.05625 0.02875 0.0 0.0575 0.02875 0.0 0.058750000000000004 0.02875 0.0 0.06 0.02875 0.0 0.06125 0.02875 0.0 0.0625 0.02875 0.0 0.06375 0.02875 0.0 0.065 0.02875 0.0 0.06625 0.02875 0.0 0.0675 0.02875 0.0 0.06875 0.02875 0.0 0.07 0.02875 0.0 0.07125000000000001 0.02875 0.0 0.0725 0.02875 0.0 0.07375 0.02875 0.0 0.075 0.02875 0.0 0.07625 0.02875 0.0 0.0775 0.02875 0.0 0.07875 0.02875 0.0 0.08 0.02875 0.0 0.08125 0.02875 0.0 0.0825 0.02875 0.0 0.08375 0.02875 0.0 0.085 0.02875 0.0 0.08625000000000001 0.02875 0.0 0.08750000000000001 0.02875 0.0 0.08875 0.02875 0.0 0.09 0.02875 0.0 0.09125 0.02875 0.0 0.0925 0.02875 0.0 0.09375 0.02875 0.0 0.095 0.02875 0.0 0.09625 0.02875 0.0 0.0975 0.02875 0.0 0.09875 0.02875 0.0 0.1 0.02875 0.0 0.0 0.03 0.0 0.00125 0.03 0.0 0.0025 0.03 0.0 0.00375 0.03 0.0 0.005 0.03 0.0 0.00625 0.03 0.0 0.0075 0.03 0.0 0.00875 0.03 0.0 0.01 0.03 0.0 0.01125 0.03 0.0 0.0125 0.03 0.0 0.01375 0.03 0.0 0.015 0.03 0.0 0.01625 0.03 0.0 0.0175 0.03 0.0 0.01875 0.03 0.0 0.02 0.03 0.0 0.02125 0.03 0.0 0.0225 0.03 0.0 0.02375 0.03 0.0 0.025 0.03 0.0 0.02625 0.03 0.0 0.0275 0.03 0.0 0.02875 0.03 0.0 0.03 0.03 0.0 0.03125 0.03 0.0 0.0325 0.03 0.0 0.03375 0.03 0.0 0.035 0.03 0.0 0.03625 0.03 0.0 0.0375 0.03 0.0 0.03875 0.03 0.0 0.04 0.03 0.0 0.04125 0.03 0.0 0.0425 0.03 0.0 0.043750000000000004 0.03 0.0 0.045 0.03 0.0 0.04625 0.03 0.0 0.0475 0.03 0.0 0.04875 0.03 0.0 0.05 0.03 0.0 0.051250000000000004 0.03 0.0 0.0525 0.03 0.0 0.05375 0.03 0.0 0.055 0.03 0.0 0.05625 0.03 0.0 0.0575 0.03 0.0 0.058750000000000004 0.03 0.0 0.06 0.03 0.0 0.06125 0.03 0.0 0.0625 0.03 0.0 0.06375 0.03 0.0 0.065 0.03 0.0 0.06625 0.03 0.0 0.0675 0.03 0.0 0.06875 0.03 0.0 0.07 0.03 0.0 0.07125000000000001 0.03 0.0 0.0725 0.03 0.0 0.07375 0.03 0.0 0.075 0.03 0.0 0.07625 0.03 0.0 0.0775 0.03 0.0 0.07875 0.03 0.0 0.08 0.03 0.0 0.08125 0.03 0.0 0.0825 0.03 0.0 0.08375 0.03 0.0 0.085 0.03 0.0 0.08625000000000001 0.03 0.0 0.08750000000000001 0.03 0.0 0.08875 0.03 0.0 0.09 0.03 0.0 0.09125 0.03 0.0 0.0925 0.03 0.0 0.09375 0.03 0.0 0.095 0.03 0.0 0.09625 0.03 0.0 0.0975 0.03 0.0 0.09875 0.03 0.0 0.1 0.03 0.0 0.0 0.03125 0.0 0.00125 0.03125 0.0 0.0025 0.03125 0.0 0.00375 0.03125 0.0 0.005 0.03125 0.0 0.00625 0.03125 0.0 0.0075 0.03125 0.0 0.00875 0.03125 0.0 0.01 0.03125 0.0 0.01125 0.03125 0.0 0.0125 0.03125 0.0 0.01375 0.03125 0.0 0.015 0.03125 0.0 0.01625 0.03125 0.0 0.0175 0.03125 0.0 0.01875 0.03125 0.0 0.02 0.03125 0.0 0.02125 0.03125 0.0 0.0225 0.03125 0.0 0.02375 0.03125 0.0 0.025 0.03125 0.0 0.02625 0.03125 0.0 0.0275 0.03125 0.0 0.02875 0.03125 0.0 0.03 0.03125 0.0 0.03125 0.03125 0.0 0.0325 0.03125 0.0 0.03375 0.03125 0.0 0.035 0.03125 0.0 0.03625 0.03125 0.0 0.0375 0.03125 0.0 0.03875 0.03125 0.0 0.04 0.03125 0.0 0.04125 0.03125 0.0 0.0425 0.03125 0.0 0.043750000000000004 0.03125 0.0 0.045 0.03125 0.0 0.04625 0.03125 0.0 0.0475 0.03125 0.0 0.04875 0.03125 0.0 0.05 0.03125 0.0 0.051250000000000004 0.03125 0.0 0.0525 0.03125 0.0 0.05375 0.03125 0.0 0.055 0.03125 0.0 0.05625 0.03125 0.0 0.0575 0.03125 0.0 0.058750000000000004 0.03125 0.0 0.06 0.03125 0.0 0.06125 0.03125 0.0 0.0625 0.03125 0.0 0.06375 0.03125 0.0 0.065 0.03125 0.0 0.06625 0.03125 0.0 0.0675 0.03125 0.0 0.06875 0.03125 0.0 0.07 0.03125 0.0 0.07125000000000001 0.03125 0.0 0.0725 0.03125 0.0 0.07375 0.03125 0.0 0.075 0.03125 0.0 0.07625 0.03125 0.0 0.0775 0.03125 0.0 0.07875 0.03125 0.0 0.08 0.03125 0.0 0.08125 0.03125 0.0 0.0825 0.03125 0.0 0.08375 0.03125 0.0 0.085 0.03125 0.0 0.08625000000000001 0.03125 0.0 0.08750000000000001 0.03125 0.0 0.08875 0.03125 0.0 0.09 0.03125 0.0 0.09125 0.03125 0.0 0.0925 0.03125 0.0 0.09375 0.03125 0.0 0.095 0.03125 0.0 0.09625 0.03125 0.0 0.0975 0.03125 0.0 0.09875 0.03125 0.0 0.1 0.03125 0.0 0.0 0.0325 0.0 0.00125 0.0325 0.0 0.0025 0.0325 0.0 0.00375 0.0325 0.0 0.005 0.0325 0.0 0.00625 0.0325 0.0 0.0075 0.0325 0.0 0.00875 0.0325 0.0 0.01 0.0325 0.0 0.01125 0.0325 0.0 0.0125 0.0325 0.0 0.01375 0.0325 0.0 0.015 0.0325 0.0 0.01625 0.0325 0.0 0.0175 0.0325 0.0 0.01875 0.0325 0.0 0.02 0.0325 0.0 0.02125 0.0325 0.0 0.0225 0.0325 0.0 0.02375 0.0325 0.0 0.025 0.0325 0.0 0.02625 0.0325 0.0 0.0275 0.0325 0.0 0.02875 0.0325 0.0 0.03 0.0325 0.0 0.03125 0.0325 0.0 0.0325 0.0325 0.0 0.03375 0.0325 0.0 0.035 0.0325 0.0 0.03625 0.0325 0.0 0.0375 0.0325 0.0 0.03875 0.0325 0.0 0.04 0.0325 0.0 0.04125 0.0325 0.0 0.0425 0.0325 0.0 0.043750000000000004 0.0325 0.0 0.045 0.0325 0.0 0.04625 0.0325 0.0 0.0475 0.0325 0.0 0.04875 0.0325 0.0 0.05 0.0325 0.0 0.051250000000000004 0.0325 0.0 0.0525 0.0325 0.0 0.05375 0.0325 0.0 0.055 0.0325 0.0 0.05625 0.0325 0.0 0.0575 0.0325 0.0 0.058750000000000004 0.0325 0.0 0.06 0.0325 0.0 0.06125 0.0325 0.0 0.0625 0.0325 0.0 0.06375 0.0325 0.0 0.065 0.0325 0.0 0.06625 0.0325 0.0 0.0675 0.0325 0.0 0.06875 0.0325 0.0 0.07 0.0325 0.0 0.07125000000000001 0.0325 0.0 0.0725 0.0325 0.0 0.07375 0.0325 0.0 0.075 0.0325 0.0 0.07625 0.0325 0.0 0.0775 0.0325 0.0 0.07875 0.0325 0.0 0.08 0.0325 0.0 0.08125 0.0325 0.0 0.0825 0.0325 0.0 0.08375 0.0325 0.0 0.085 0.0325 0.0 0.08625000000000001 0.0325 0.0 0.08750000000000001 0.0325 0.0 0.08875 0.0325 0.0 0.09 0.0325 0.0 0.09125 0.0325 0.0 0.0925 0.0325 0.0 0.09375 0.0325 0.0 0.095 0.0325 0.0 0.09625 0.0325 0.0 0.0975 0.0325 0.0 0.09875 0.0325 0.0 0.1 0.0325 0.0 0.0 0.03375 0.0 0.00125 0.03375 0.0 0.0025 0.03375 0.0 0.00375 0.03375 0.0 0.005 0.03375 0.0 0.00625 0.03375 0.0 0.0075 0.03375 0.0 0.00875 0.03375 0.0 0.01 0.03375 0.0 0.01125 0.03375 0.0 0.0125 0.03375 0.0 0.01375 0.03375 0.0 0.015 0.03375 0.0 0.01625 0.03375 0.0 0.0175 0.03375 0.0 0.01875 0.03375 0.0 0.02 0.03375 0.0 0.02125 0.03375 0.0 0.0225 0.03375 0.0 0.02375 0.03375 0.0 0.025 0.03375 0.0 0.02625 0.03375 0.0 0.0275 0.03375 0.0 0.02875 0.03375 0.0 0.03 0.03375 0.0 0.03125 0.03375 0.0 0.0325 0.03375 0.0 0.03375 0.03375 0.0 0.035 0.03375 0.0 0.03625 0.03375 0.0 0.0375 0.03375 0.0 0.03875 0.03375 0.0 0.04 0.03375 0.0 0.04125 0.03375 0.0 0.0425 0.03375 0.0 0.043750000000000004 0.03375 0.0 0.045 0.03375 0.0 0.04625 0.03375 0.0 0.0475 0.03375 0.0 0.04875 0.03375 0.0 0.05 0.03375 0.0 0.051250000000000004 0.03375 0.0 0.0525 0.03375 0.0 0.05375 0.03375 0.0 0.055 0.03375 0.0 0.05625 0.03375 0.0 0.0575 0.03375 0.0 0.058750000000000004 0.03375 0.0 0.06 0.03375 0.0 0.06125 0.03375 0.0 0.0625 0.03375 0.0 0.06375 0.03375 0.0 0.065 0.03375 0.0 0.06625 0.03375 0.0 0.0675 0.03375 0.0 0.06875 0.03375 0.0 0.07 0.03375 0.0 0.07125000000000001 0.03375 0.0 0.0725 0.03375 0.0 0.07375 0.03375 0.0 0.075 0.03375 0.0 0.07625 0.03375 0.0 0.0775 0.03375 0.0 0.07875 0.03375 0.0 0.08 0.03375 0.0 0.08125 0.03375 0.0 0.0825 0.03375 0.0 0.08375 0.03375 0.0 0.085 0.03375 0.0 0.08625000000000001 0.03375 0.0 0.08750000000000001 0.03375 0.0 0.08875 0.03375 0.0 0.09 0.03375 0.0 0.09125 0.03375 0.0 0.0925 0.03375 0.0 0.09375 0.03375 0.0 0.095 0.03375 0.0 0.09625 0.03375 0.0 0.0975 0.03375 0.0 0.09875 0.03375 0.0 0.1 0.03375 0.0 0.0 0.035 0.0 0.00125 0.035 0.0 0.0025 0.035 0.0 0.00375 0.035 0.0 0.005 0.035 0.0 0.00625 0.035 0.0 0.0075 0.035 0.0 0.00875 0.035 0.0 0.01 0.035 0.0 0.01125 0.035 0.0 0.0125 0.035 0.0 0.01375 0.035 0.0 0.015 0.035 0.0 0.01625 0.035 0.0 0.0175 0.035 0.0 0.01875 0.035 0.0 0.02 0.035 0.0 0.02125 0.035 0.0 0.0225 0.035 0.0 0.02375 0.035 0.0 0.025 0.035 0.0 0.02625 0.035 0.0 0.0275 0.035 0.0 0.02875 0.035 0.0 0.03 0.035 0.0 0.03125 0.035 0.0 0.0325 0.035 0.0 0.03375 0.035 0.0 0.035 0.035 0.0 0.03625 0.035 0.0 0.0375 0.035 0.0 0.03875 0.035 0.0 0.04 0.035 0.0 0.04125 0.035 0.0 0.0425 0.035 0.0 0.043750000000000004 0.035 0.0 0.045 0.035 0.0 0.04625 0.035 0.0 0.0475 0.035 0.0 0.04875 0.035 0.0 0.05 0.035 0.0 0.051250000000000004 0.035 0.0 0.0525 0.035 0.0 0.05375 0.035 0.0 0.055 0.035 0.0 0.05625 0.035 0.0 0.0575 0.035 0.0 0.058750000000000004 0.035 0.0 0.06 0.035 0.0 0.06125 0.035 0.0 0.0625 0.035 0.0 0.06375 0.035 0.0 0.065 0.035 0.0 0.06625 0.035 0.0 0.0675 0.035 0.0 0.06875 0.035 0.0 0.07 0.035 0.0 0.07125000000000001 0.035 0.0 0.0725 0.035 0.0 0.07375 0.035 0.0 0.075 0.035 0.0 0.07625 0.035 0.0 0.0775 0.035 0.0 0.07875 0.035 0.0 0.08 0.035 0.0 0.08125 0.035 0.0 0.0825 0.035 0.0 0.08375 0.035 0.0 0.085 0.035 0.0 0.08625000000000001 0.035 0.0 0.08750000000000001 0.035 0.0 0.08875 0.035 0.0 0.09 0.035 0.0 0.09125 0.035 0.0 0.0925 0.035 0.0 0.09375 0.035 0.0 0.095 0.035 0.0 0.09625 0.035 0.0 0.0975 0.035 0.0 0.09875 0.035 0.0 0.1 0.035 0.0 0.0 0.03625 0.0 0.00125 0.03625 0.0 0.0025 0.03625 0.0 0.00375 0.03625 0.0 0.005 0.03625 0.0 0.00625 0.03625 0.0 0.0075 0.03625 0.0 0.00875 0.03625 0.0 0.01 0.03625 0.0 0.01125 0.03625 0.0 0.0125 0.03625 0.0 0.01375 0.03625 0.0 0.015 0.03625 0.0 0.01625 0.03625 0.0 0.0175 0.03625 0.0 0.01875 0.03625 0.0 0.02 0.03625 0.0 0.02125 0.03625 0.0 0.0225 0.03625 0.0 0.02375 0.03625 0.0 0.025 0.03625 0.0 0.02625 0.03625 0.0 0.0275 0.03625 0.0 0.02875 0.03625 0.0 0.03 0.03625 0.0 0.03125 0.03625 0.0 0.0325 0.03625 0.0 0.03375 0.03625 0.0 0.035 0.03625 0.0 0.03625 0.03625 0.0 0.0375 0.03625 0.0 0.03875 0.03625 0.0 0.04 0.03625 0.0 0.04125 0.03625 0.0 0.0425 0.03625 0.0 0.043750000000000004 0.03625 0.0 0.045 0.03625 0.0 0.04625 0.03625 0.0 0.0475 0.03625 0.0 0.04875 0.03625 0.0 0.05 0.03625 0.0 0.051250000000000004 0.03625 0.0 0.0525 0.03625 0.0 0.05375 0.03625 0.0 0.055 0.03625 0.0 0.05625 0.03625 0.0 0.0575 0.03625 0.0 0.058750000000000004 0.03625 0.0 0.06 0.03625 0.0 0.06125 0.03625 0.0 0.0625 0.03625 0.0 0.06375 0.03625 0.0 0.065 0.03625 0.0 0.06625 0.03625 0.0 0.0675 0.03625 0.0 0.06875 0.03625 0.0 0.07 0.03625 0.0 0.07125000000000001 0.03625 0.0 0.0725 0.03625 0.0 0.07375 0.03625 0.0 0.075 0.03625 0.0 0.07625 0.03625 0.0 0.0775 0.03625 0.0 0.07875 0.03625 0.0 0.08 0.03625 0.0 0.08125 0.03625 0.0 0.0825 0.03625 0.0 0.08375 0.03625 0.0 0.085 0.03625 0.0 0.08625000000000001 0.03625 0.0 0.08750000000000001 0.03625 0.0 0.08875 0.03625 0.0 0.09 0.03625 0.0 0.09125 0.03625 0.0 0.0925 0.03625 0.0 0.09375 0.03625 0.0 0.095 0.03625 0.0 0.09625 0.03625 0.0 0.0975 0.03625 0.0 0.09875 0.03625 0.0 0.1 0.03625 0.0 0.0 0.0375 0.0 0.00125 0.0375 0.0 0.0025 0.0375 0.0 0.00375 0.0375 0.0 0.005 0.0375 0.0 0.00625 0.0375 0.0 0.0075 0.0375 0.0 0.00875 0.0375 0.0 0.01 0.0375 0.0 0.01125 0.0375 0.0 0.0125 0.0375 0.0 0.01375 0.0375 0.0 0.015 0.0375 0.0 0.01625 0.0375 0.0 0.0175 0.0375 0.0 0.01875 0.0375 0.0 0.02 0.0375 0.0 0.02125 0.0375 0.0 0.0225 0.0375 0.0 0.02375 0.0375 0.0 0.025 0.0375 0.0 0.02625 0.0375 0.0 0.0275 0.0375 0.0 0.02875 0.0375 0.0 0.03 0.0375 0.0 0.03125 0.0375 0.0 0.0325 0.0375 0.0 0.03375 0.0375 0.0 0.035 0.0375 0.0 0.03625 0.0375 0.0 0.0375 0.0375 0.0 0.03875 0.0375 0.0 0.04 0.0375 0.0 0.04125 0.0375 0.0 0.0425 0.0375 0.0 0.043750000000000004 0.0375 0.0 0.045 0.0375 0.0 0.04625 0.0375 0.0 0.0475 0.0375 0.0 0.04875 0.0375 0.0 0.05 0.0375 0.0 0.051250000000000004 0.0375 0.0 0.0525 0.0375 0.0 0.05375 0.0375 0.0 0.055 0.0375 0.0 0.05625 0.0375 0.0 0.0575 0.0375 0.0 0.058750000000000004 0.0375 0.0 0.06 0.0375 0.0 0.06125 0.0375 0.0 0.0625 0.0375 0.0 0.06375 0.0375 0.0 0.065 0.0375 0.0 0.06625 0.0375 0.0 0.0675 0.0375 0.0 0.06875 0.0375 0.0 0.07 0.0375 0.0 0.07125000000000001 0.0375 0.0 0.0725 0.0375 0.0 0.07375 0.0375 0.0 0.075 0.0375 0.0 0.07625 0.0375 0.0 0.0775 0.0375 0.0 0.07875 0.0375 0.0 0.08 0.0375 0.0 0.08125 0.0375 0.0 0.0825 0.0375 0.0 0.08375 0.0375 0.0 0.085 0.0375 0.0 0.08625000000000001 0.0375 0.0 0.08750000000000001 0.0375 0.0 0.08875 0.0375 0.0 0.09 0.0375 0.0 0.09125 0.0375 0.0 0.0925 0.0375 0.0 0.09375 0.0375 0.0 0.095 0.0375 0.0 0.09625 0.0375 0.0 0.0975 0.0375 0.0 0.09875 0.0375 0.0 0.1 0.0375 0.0 0.0 0.03875 0.0 0.00125 0.03875 0.0 0.0025 0.03875 0.0 0.00375 0.03875 0.0 0.005 0.03875 0.0 0.00625 0.03875 0.0 0.0075 0.03875 0.0 0.00875 0.03875 0.0 0.01 0.03875 0.0 0.01125 0.03875 0.0 0.0125 0.03875 0.0 0.01375 0.03875 0.0 0.015 0.03875 0.0 0.01625 0.03875 0.0 0.0175 0.03875 0.0 0.01875 0.03875 0.0 0.02 0.03875 0.0 0.02125 0.03875 0.0 0.0225 0.03875 0.0 0.02375 0.03875 0.0 0.025 0.03875 0.0 0.02625 0.03875 0.0 0.0275 0.03875 0.0 0.02875 0.03875 0.0 0.03 0.03875 0.0 0.03125 0.03875 0.0 0.0325 0.03875 0.0 0.03375 0.03875 0.0 0.035 0.03875 0.0 0.03625 0.03875 0.0 0.0375 0.03875 0.0 0.03875 0.03875 0.0 0.04 0.03875 0.0 0.04125 0.03875 0.0 0.0425 0.03875 0.0 0.043750000000000004 0.03875 0.0 0.045 0.03875 0.0 0.04625 0.03875 0.0 0.0475 0.03875 0.0 0.04875 0.03875 0.0 0.05 0.03875 0.0 0.051250000000000004 0.03875 0.0 0.0525 0.03875 0.0 0.05375 0.03875 0.0 0.055 0.03875 0.0 0.05625 0.03875 0.0 0.0575 0.03875 0.0 0.058750000000000004 0.03875 0.0 0.06 0.03875 0.0 0.06125 0.03875 0.0 0.0625 0.03875 0.0 0.06375 0.03875 0.0 0.065 0.03875 0.0 0.06625 0.03875 0.0 0.0675 0.03875 0.0 0.06875 0.03875 0.0 0.07 0.03875 0.0 0.07125000000000001 0.03875 0.0 0.0725 0.03875 0.0 0.07375 0.03875 0.0 0.075 0.03875 0.0 0.07625 0.03875 0.0 0.0775 0.03875 0.0 0.07875 0.03875 0.0 0.08 0.03875 0.0 0.08125 0.03875 0.0 0.0825 0.03875 0.0 0.08375 0.03875 0.0 0.085 0.03875 0.0 0.08625000000000001 0.03875 0.0 0.08750000000000001 0.03875 0.0 0.08875 0.03875 0.0 0.09 0.03875 0.0 0.09125 0.03875 0.0 0.0925 0.03875 0.0 0.09375 0.03875 0.0 0.095 0.03875 0.0 0.09625 0.03875 0.0 0.0975 0.03875 0.0 0.09875 0.03875 0.0 0.1 0.03875 0.0 0.0 0.04 0.0 0.00125 0.04 0.0 0.0025 0.04 0.0 0.00375 0.04 0.0 0.005 0.04 0.0 0.00625 0.04 0.0 0.0075 0.04 0.0 0.00875 0.04 0.0 0.01 0.04 0.0 0.01125 0.04 0.0 0.0125 0.04 0.0 0.01375 0.04 0.0 0.015 0.04 0.0 0.01625 0.04 0.0 0.0175 0.04 0.0 0.01875 0.04 0.0 0.02 0.04 0.0 0.02125 0.04 0.0 0.0225 0.04 0.0 0.02375 0.04 0.0 0.025 0.04 0.0 0.02625 0.04 0.0 0.0275 0.04 0.0 0.02875 0.04 0.0 0.03 0.04 0.0 0.03125 0.04 0.0 0.0325 0.04 0.0 0.03375 0.04 0.0 0.035 0.04 0.0 0.03625 0.04 0.0 0.0375 0.04 0.0 0.03875 0.04 0.0 0.04 0.04 0.0 0.04125 0.04 0.0 0.0425 0.04 0.0 0.043750000000000004 0.04 0.0 0.045 0.04 0.0 0.04625 0.04 0.0 0.0475 0.04 0.0 0.04875 0.04 0.0 0.05 0.04 0.0 0.051250000000000004 0.04 0.0 0.0525 0.04 0.0 0.05375 0.04 0.0 0.055 0.04 0.0 0.05625 0.04 0.0 0.0575 0.04 0.0 0.058750000000000004 0.04 0.0 0.06 0.04 0.0 0.06125 0.04 0.0 0.0625 0.04 0.0 0.06375 0.04 0.0 0.065 0.04 0.0 0.06625 0.04 0.0 0.0675 0.04 0.0 0.06875 0.04 0.0 0.07 0.04 0.0 0.07125000000000001 0.04 0.0 0.0725 0.04 0.0 0.07375 0.04 0.0 0.075 0.04 0.0 0.07625 0.04 0.0 0.0775 0.04 0.0 0.07875 0.04 0.0 0.08 0.04 0.0 0.08125 0.04 0.0 0.0825 0.04 0.0 0.08375 0.04 0.0 0.085 0.04 0.0 0.08625000000000001 0.04 0.0 0.08750000000000001 0.04 0.0 0.08875 0.04 0.0 0.09 0.04 0.0 0.09125 0.04 0.0 0.0925 0.04 0.0 0.09375 0.04 0.0 0.095 0.04 0.0 0.09625 0.04 0.0 0.0975 0.04 0.0 0.09875 0.04 0.0 0.1 0.04 0.0 0.0 0.04125 0.0 0.00125 0.04125 0.0 0.0025 0.04125 0.0 0.00375 0.04125 0.0 0.005 0.04125 0.0 0.00625 0.04125 0.0 0.0075 0.04125 0.0 0.00875 0.04125 0.0 0.01 0.04125 0.0 0.01125 0.04125 0.0 0.0125 0.04125 0.0 0.01375 0.04125 0.0 0.015 0.04125 0.0 0.01625 0.04125 0.0 0.0175 0.04125 0.0 0.01875 0.04125 0.0 0.02 0.04125 0.0 0.02125 0.04125 0.0 0.0225 0.04125 0.0 0.02375 0.04125 0.0 0.025 0.04125 0.0 0.02625 0.04125 0.0 0.0275 0.04125 0.0 0.02875 0.04125 0.0 0.03 0.04125 0.0 0.03125 0.04125 0.0 0.0325 0.04125 0.0 0.03375 0.04125 0.0 0.035 0.04125 0.0 0.03625 0.04125 0.0 0.0375 0.04125 0.0 0.03875 0.04125 0.0 0.04 0.04125 0.0 0.04125 0.04125 0.0 0.0425 0.04125 0.0 0.043750000000000004 0.04125 0.0 0.045 0.04125 0.0 0.04625 0.04125 0.0 0.0475 0.04125 0.0 0.04875 0.04125 0.0 0.05 0.04125 0.0 0.051250000000000004 0.04125 0.0 0.0525 0.04125 0.0 0.05375 0.04125 0.0 0.055 0.04125 0.0 0.05625 0.04125 0.0 0.0575 0.04125 0.0 0.058750000000000004 0.04125 0.0 0.06 0.04125 0.0 0.06125 0.04125 0.0 0.0625 0.04125 0.0 0.06375 0.04125 0.0 0.065 0.04125 0.0 0.06625 0.04125 0.0 0.0675 0.04125 0.0 0.06875 0.04125 0.0 0.07 0.04125 0.0 0.07125000000000001 0.04125 0.0 0.0725 0.04125 0.0 0.07375 0.04125 0.0 0.075 0.04125 0.0 0.07625 0.04125 0.0 0.0775 0.04125 0.0 0.07875 0.04125 0.0 0.08 0.04125 0.0 0.08125 0.04125 0.0 0.0825 0.04125 0.0 0.08375 0.04125 0.0 0.085 0.04125 0.0 0.08625000000000001 0.04125 0.0 0.08750000000000001 0.04125 0.0 0.08875 0.04125 0.0 0.09 0.04125 0.0 0.09125 0.04125 0.0 0.0925 0.04125 0.0 0.09375 0.04125 0.0 0.095 0.04125 0.0 0.09625 0.04125 0.0 0.0975 0.04125 0.0 0.09875 0.04125 0.0 0.1 0.04125 0.0 0.0 0.0425 0.0 0.00125 0.0425 0.0 0.0025 0.0425 0.0 0.00375 0.0425 0.0 0.005 0.0425 0.0 0.00625 0.0425 0.0 0.0075 0.0425 0.0 0.00875 0.0425 0.0 0.01 0.0425 0.0 0.01125 0.0425 0.0 0.0125 0.0425 0.0 0.01375 0.0425 0.0 0.015 0.0425 0.0 0.01625 0.0425 0.0 0.0175 0.0425 0.0 0.01875 0.0425 0.0 0.02 0.0425 0.0 0.02125 0.0425 0.0 0.0225 0.0425 0.0 0.02375 0.0425 0.0 0.025 0.0425 0.0 0.02625 0.0425 0.0 0.0275 0.0425 0.0 0.02875 0.0425 0.0 0.03 0.0425 0.0 0.03125 0.0425 0.0 0.0325 0.0425 0.0 0.03375 0.0425 0.0 0.035 0.0425 0.0 0.03625 0.0425 0.0 0.0375 0.0425 0.0 0.03875 0.0425 0.0 0.04 0.0425 0.0 0.04125 0.0425 0.0 0.0425 0.0425 0.0 0.043750000000000004 0.0425 0.0 0.045 0.0425 0.0 0.04625 0.0425 0.0 0.0475 0.0425 0.0 0.04875 0.0425 0.0 0.05 0.0425 0.0 0.051250000000000004 0.0425 0.0 0.0525 0.0425 0.0 0.05375 0.0425 0.0 0.055 0.0425 0.0 0.05625 0.0425 0.0 0.0575 0.0425 0.0 0.058750000000000004 0.0425 0.0 0.06 0.0425 0.0 0.06125 0.0425 0.0 0.0625 0.0425 0.0 0.06375 0.0425 0.0 0.065 0.0425 0.0 0.06625 0.0425 0.0 0.0675 0.0425 0.0 0.06875 0.0425 0.0 0.07 0.0425 0.0 0.07125000000000001 0.0425 0.0 0.0725 0.0425 0.0 0.07375 0.0425 0.0 0.075 0.0425 0.0 0.07625 0.0425 0.0 0.0775 0.0425 0.0 0.07875 0.0425 0.0 0.08 0.0425 0.0 0.08125 0.0425 0.0 0.0825 0.0425 0.0 0.08375 0.0425 0.0 0.085 0.0425 0.0 0.08625000000000001 0.0425 0.0 0.08750000000000001 0.0425 0.0 0.08875 0.0425 0.0 0.09 0.0425 0.0 0.09125 0.0425 0.0 0.0925 0.0425 0.0 0.09375 0.0425 0.0 0.095 0.0425 0.0 0.09625 0.0425 0.0 0.0975 0.0425 0.0 0.09875 0.0425 0.0 0.1 0.0425 0.0 0.0 0.043750000000000004 0.0 0.00125 0.043750000000000004 0.0 0.0025 0.043750000000000004 0.0 0.00375 0.043750000000000004 0.0 0.005 0.043750000000000004 0.0 0.00625 0.043750000000000004 0.0 0.0075 0.043750000000000004 0.0 0.00875 0.043750000000000004 0.0 0.01 0.043750000000000004 0.0 0.01125 0.043750000000000004 0.0 0.0125 0.043750000000000004 0.0 0.01375 0.043750000000000004 0.0 0.015 0.043750000000000004 0.0 0.01625 0.043750000000000004 0.0 0.0175 0.043750000000000004 0.0 0.01875 0.043750000000000004 0.0 0.02 0.043750000000000004 0.0 0.02125 0.043750000000000004 0.0 0.0225 0.043750000000000004 0.0 0.02375 0.043750000000000004 0.0 0.025 0.043750000000000004 0.0 0.02625 0.043750000000000004 0.0 0.0275 0.043750000000000004 0.0 0.02875 0.043750000000000004 0.0 0.03 0.043750000000000004 0.0 0.03125 0.043750000000000004 0.0 0.0325 0.043750000000000004 0.0 0.03375 0.043750000000000004 0.0 0.035 0.043750000000000004 0.0 0.03625 0.043750000000000004 0.0 0.0375 0.043750000000000004 0.0 0.03875 0.043750000000000004 0.0 0.04 0.043750000000000004 0.0 0.04125 0.043750000000000004 0.0 0.0425 0.043750000000000004 0.0 0.043750000000000004 0.043750000000000004 0.0 0.045 0.043750000000000004 0.0 0.04625 0.043750000000000004 0.0 0.0475 0.043750000000000004 0.0 0.04875 0.043750000000000004 0.0 0.05 0.043750000000000004 0.0 0.051250000000000004 0.043750000000000004 0.0 0.0525 0.043750000000000004 0.0 0.05375 0.043750000000000004 0.0 0.055 0.043750000000000004 0.0 0.05625 0.043750000000000004 0.0 0.0575 0.043750000000000004 0.0 0.058750000000000004 0.043750000000000004 0.0 0.06 0.043750000000000004 0.0 0.06125 0.043750000000000004 0.0 0.0625 0.043750000000000004 0.0 0.06375 0.043750000000000004 0.0 0.065 0.043750000000000004 0.0 0.06625 0.043750000000000004 0.0 0.0675 0.043750000000000004 0.0 0.06875 0.043750000000000004 0.0 0.07 0.043750000000000004 0.0 0.07125000000000001 0.043750000000000004 0.0 0.0725 0.043750000000000004 0.0 0.07375 0.043750000000000004 0.0 0.075 0.043750000000000004 0.0 0.07625 0.043750000000000004 0.0 0.0775 0.043750000000000004 0.0 0.07875 0.043750000000000004 0.0 0.08 0.043750000000000004 0.0 0.08125 0.043750000000000004 0.0 0.0825 0.043750000000000004 0.0 0.08375 0.043750000000000004 0.0 0.085 0.043750000000000004 0.0 0.08625000000000001 0.043750000000000004 0.0 0.08750000000000001 0.043750000000000004 0.0 0.08875 0.043750000000000004 0.0 0.09 0.043750000000000004 0.0 0.09125 0.043750000000000004 0.0 0.0925 0.043750000000000004 0.0 0.09375 0.043750000000000004 0.0 0.095 0.043750000000000004 0.0 0.09625 0.043750000000000004 0.0 0.0975 0.043750000000000004 0.0 0.09875 0.043750000000000004 0.0 0.1 0.043750000000000004 0.0 0.0 0.045 0.0 0.00125 0.045 0.0 0.0025 0.045 0.0 0.00375 0.045 0.0 0.005 0.045 0.0 0.00625 0.045 0.0 0.0075 0.045 0.0 0.00875 0.045 0.0 0.01 0.045 0.0 0.01125 0.045 0.0 0.0125 0.045 0.0 0.01375 0.045 0.0 0.015 0.045 0.0 0.01625 0.045 0.0 0.0175 0.045 0.0 0.01875 0.045 0.0 0.02 0.045 0.0 0.02125 0.045 0.0 0.0225 0.045 0.0 0.02375 0.045 0.0 0.025 0.045 0.0 0.02625 0.045 0.0 0.0275 0.045 0.0 0.02875 0.045 0.0 0.03 0.045 0.0 0.03125 0.045 0.0 0.0325 0.045 0.0 0.03375 0.045 0.0 0.035 0.045 0.0 0.03625 0.045 0.0 0.0375 0.045 0.0 0.03875 0.045 0.0 0.04 0.045 0.0 0.04125 0.045 0.0 0.0425 0.045 0.0 0.043750000000000004 0.045 0.0 0.045 0.045 0.0 0.04625 0.045 0.0 0.0475 0.045 0.0 0.04875 0.045 0.0 0.05 0.045 0.0 0.051250000000000004 0.045 0.0 0.0525 0.045 0.0 0.05375 0.045 0.0 0.055 0.045 0.0 0.05625 0.045 0.0 0.0575 0.045 0.0 0.058750000000000004 0.045 0.0 0.06 0.045 0.0 0.06125 0.045 0.0 0.0625 0.045 0.0 0.06375 0.045 0.0 0.065 0.045 0.0 0.06625 0.045 0.0 0.0675 0.045 0.0 0.06875 0.045 0.0 0.07 0.045 0.0 0.07125000000000001 0.045 0.0 0.0725 0.045 0.0 0.07375 0.045 0.0 0.075 0.045 0.0 0.07625 0.045 0.0 0.0775 0.045 0.0 0.07875 0.045 0.0 0.08 0.045 0.0 0.08125 0.045 0.0 0.0825 0.045 0.0 0.08375 0.045 0.0 0.085 0.045 0.0 0.08625000000000001 0.045 0.0 0.08750000000000001 0.045 0.0 0.08875 0.045 0.0 0.09 0.045 0.0 0.09125 0.045 0.0 0.0925 0.045 0.0 0.09375 0.045 0.0 0.095 0.045 0.0 0.09625 0.045 0.0 0.0975 0.045 0.0 0.09875 0.045 0.0 0.1 0.045 0.0 0.0 0.04625 0.0 0.00125 0.04625 0.0 0.0025 0.04625 0.0 0.00375 0.04625 0.0 0.005 0.04625 0.0 0.00625 0.04625 0.0 0.0075 0.04625 0.0 0.00875 0.04625 0.0 0.01 0.04625 0.0 0.01125 0.04625 0.0 0.0125 0.04625 0.0 0.01375 0.04625 0.0 0.015 0.04625 0.0 0.01625 0.04625 0.0 0.0175 0.04625 0.0 0.01875 0.04625 0.0 0.02 0.04625 0.0 0.02125 0.04625 0.0 0.0225 0.04625 0.0 0.02375 0.04625 0.0 0.025 0.04625 0.0 0.02625 0.04625 0.0 0.0275 0.04625 0.0 0.02875 0.04625 0.0 0.03 0.04625 0.0 0.03125 0.04625 0.0 0.0325 0.04625 0.0 0.03375 0.04625 0.0 0.035 0.04625 0.0 0.03625 0.04625 0.0 0.0375 0.04625 0.0 0.03875 0.04625 0.0 0.04 0.04625 0.0 0.04125 0.04625 0.0 0.0425 0.04625 0.0 0.043750000000000004 0.04625 0.0 0.045 0.04625 0.0 0.04625 0.04625 0.0 0.0475 0.04625 0.0 0.04875 0.04625 0.0 0.05 0.04625 0.0 0.051250000000000004 0.04625 0.0 0.0525 0.04625 0.0 0.05375 0.04625 0.0 0.055 0.04625 0.0 0.05625 0.04625 0.0 0.0575 0.04625 0.0 0.058750000000000004 0.04625 0.0 0.06 0.04625 0.0 0.06125 0.04625 0.0 0.0625 0.04625 0.0 0.06375 0.04625 0.0 0.065 0.04625 0.0 0.06625 0.04625 0.0 0.0675 0.04625 0.0 0.06875 0.04625 0.0 0.07 0.04625 0.0 0.07125000000000001 0.04625 0.0 0.0725 0.04625 0.0 0.07375 0.04625 0.0 0.075 0.04625 0.0 0.07625 0.04625 0.0 0.0775 0.04625 0.0 0.07875 0.04625 0.0 0.08 0.04625 0.0 0.08125 0.04625 0.0 0.0825 0.04625 0.0 0.08375 0.04625 0.0 0.085 0.04625 0.0 0.08625000000000001 0.04625 0.0 0.08750000000000001 0.04625 0.0 0.08875 0.04625 0.0 0.09 0.04625 0.0 0.09125 0.04625 0.0 0.0925 0.04625 0.0 0.09375 0.04625 0.0 0.095 0.04625 0.0 0.09625 0.04625 0.0 0.0975 0.04625 0.0 0.09875 0.04625 0.0 0.1 0.04625 0.0 0.0 0.0475 0.0 0.00125 0.0475 0.0 0.0025 0.0475 0.0 0.00375 0.0475 0.0 0.005 0.0475 0.0 0.00625 0.0475 0.0 0.0075 0.0475 0.0 0.00875 0.0475 0.0 0.01 0.0475 0.0 0.01125 0.0475 0.0 0.0125 0.0475 0.0 0.01375 0.0475 0.0 0.015 0.0475 0.0 0.01625 0.0475 0.0 0.0175 0.0475 0.0 0.01875 0.0475 0.0 0.02 0.0475 0.0 0.02125 0.0475 0.0 0.0225 0.0475 0.0 0.02375 0.0475 0.0 0.025 0.0475 0.0 0.02625 0.0475 0.0 0.0275 0.0475 0.0 0.02875 0.0475 0.0 0.03 0.0475 0.0 0.03125 0.0475 0.0 0.0325 0.0475 0.0 0.03375 0.0475 0.0 0.035 0.0475 0.0 0.03625 0.0475 0.0 0.0375 0.0475 0.0 0.03875 0.0475 0.0 0.04 0.0475 0.0 0.04125 0.0475 0.0 0.0425 0.0475 0.0 0.043750000000000004 0.0475 0.0 0.045 0.0475 0.0 0.04625 0.0475 0.0 0.0475 0.0475 0.0 0.04875 0.0475 0.0 0.05 0.0475 0.0 0.051250000000000004 0.0475 0.0 0.0525 0.0475 0.0 0.05375 0.0475 0.0 0.055 0.0475 0.0 0.05625 0.0475 0.0 0.0575 0.0475 0.0 0.058750000000000004 0.0475 0.0 0.06 0.0475 0.0 0.06125 0.0475 0.0 0.0625 0.0475 0.0 0.06375 0.0475 0.0 0.065 0.0475 0.0 0.06625 0.0475 0.0 0.0675 0.0475 0.0 0.06875 0.0475 0.0 0.07 0.0475 0.0 0.07125000000000001 0.0475 0.0 0.0725 0.0475 0.0 0.07375 0.0475 0.0 0.075 0.0475 0.0 0.07625 0.0475 0.0 0.0775 0.0475 0.0 0.07875 0.0475 0.0 0.08 0.0475 0.0 0.08125 0.0475 0.0 0.0825 0.0475 0.0 0.08375 0.0475 0.0 0.085 0.0475 0.0 0.08625000000000001 0.0475 0.0 0.08750000000000001 0.0475 0.0 0.08875 0.0475 0.0 0.09 0.0475 0.0 0.09125 0.0475 0.0 0.0925 0.0475 0.0 0.09375 0.0475 0.0 0.095 0.0475 0.0 0.09625 0.0475 0.0 0.0975 0.0475 0.0 0.09875 0.0475 0.0 0.1 0.0475 0.0 0.0 0.04875 0.0 0.00125 0.04875 0.0 0.0025 0.04875 0.0 0.00375 0.04875 0.0 0.005 0.04875 0.0 0.00625 0.04875 0.0 0.0075 0.04875 0.0 0.00875 0.04875 0.0 0.01 0.04875 0.0 0.01125 0.04875 0.0 0.0125 0.04875 0.0 0.01375 0.04875 0.0 0.015 0.04875 0.0 0.01625 0.04875 0.0 0.0175 0.04875 0.0 0.01875 0.04875 0.0 0.02 0.04875 0.0 0.02125 0.04875 0.0 0.0225 0.04875 0.0 0.02375 0.04875 0.0 0.025 0.04875 0.0 0.02625 0.04875 0.0 0.0275 0.04875 0.0 0.02875 0.04875 0.0 0.03 0.04875 0.0 0.03125 0.04875 0.0 0.0325 0.04875 0.0 0.03375 0.04875 0.0 0.035 0.04875 0.0 0.03625 0.04875 0.0 0.0375 0.04875 0.0 0.03875 0.04875 0.0 0.04 0.04875 0.0 0.04125 0.04875 0.0 0.0425 0.04875 0.0 0.043750000000000004 0.04875 0.0 0.045 0.04875 0.0 0.04625 0.04875 0.0 0.0475 0.04875 0.0 0.04875 0.04875 0.0 0.05 0.04875 0.0 0.051250000000000004 0.04875 0.0 0.0525 0.04875 0.0 0.05375 0.04875 0.0 0.055 0.04875 0.0 0.05625 0.04875 0.0 0.0575 0.04875 0.0 0.058750000000000004 0.04875 0.0 0.06 0.04875 0.0 0.06125 0.04875 0.0 0.0625 0.04875 0.0 0.06375 0.04875 0.0 0.065 0.04875 0.0 0.06625 0.04875 0.0 0.0675 0.04875 0.0 0.06875 0.04875 0.0 0.07 0.04875 0.0 0.07125000000000001 0.04875 0.0 0.0725 0.04875 0.0 0.07375 0.04875 0.0 0.075 0.04875 0.0 0.07625 0.04875 0.0 0.0775 0.04875 0.0 0.07875 0.04875 0.0 0.08 0.04875 0.0 0.08125 0.04875 0.0 0.0825 0.04875 0.0 0.08375 0.04875 0.0 0.085 0.04875 0.0 0.08625000000000001 0.04875 0.0 0.08750000000000001 0.04875 0.0 0.08875 0.04875 0.0 0.09 0.04875 0.0 0.09125 0.04875 0.0 0.0925 0.04875 0.0 0.09375 0.04875 0.0 0.095 0.04875 0.0 0.09625 0.04875 0.0 0.0975 0.04875 0.0 0.09875 0.04875 0.0 0.1 0.04875 0.0 0.0 0.05 0.0 0.00125 0.05 0.0 0.0025 0.05 0.0 0.00375 0.05 0.0 0.005 0.05 0.0 0.00625 0.05 0.0 0.0075 0.05 0.0 0.00875 0.05 0.0 0.01 0.05 0.0 0.01125 0.05 0.0 0.0125 0.05 0.0 0.01375 0.05 0.0 0.015 0.05 0.0 0.01625 0.05 0.0 0.0175 0.05 0.0 0.01875 0.05 0.0 0.02 0.05 0.0 0.02125 0.05 0.0 0.0225 0.05 0.0 0.02375 0.05 0.0 0.025 0.05 0.0 0.02625 0.05 0.0 0.0275 0.05 0.0 0.02875 0.05 0.0 0.03 0.05 0.0 0.03125 0.05 0.0 0.0325 0.05 0.0 0.03375 0.05 0.0 0.035 0.05 0.0 0.03625 0.05 0.0 0.0375 0.05 0.0 0.03875 0.05 0.0 0.04 0.05 0.0 0.04125 0.05 0.0 0.0425 0.05 0.0 0.043750000000000004 0.05 0.0 0.045 0.05 0.0 0.04625 0.05 0.0 0.0475 0.05 0.0 0.04875 0.05 0.0 0.05 0.05 0.0 0.051250000000000004 0.05 0.0 0.0525 0.05 0.0 0.05375 0.05 0.0 0.055 0.05 0.0 0.05625 0.05 0.0 0.0575 0.05 0.0 0.058750000000000004 0.05 0.0 0.06 0.05 0.0 0.06125 0.05 0.0 0.0625 0.05 0.0 0.06375 0.05 0.0 0.065 0.05 0.0 0.06625 0.05 0.0 0.0675 0.05 0.0 0.06875 0.05 0.0 0.07 0.05 0.0 0.07125000000000001 0.05 0.0 0.0725 0.05 0.0 0.07375 0.05 0.0 0.075 0.05 0.0 0.07625 0.05 0.0 0.0775 0.05 0.0 0.07875 0.05 0.0 0.08 0.05 0.0 0.08125 0.05 0.0 0.0825 0.05 0.0 0.08375 0.05 0.0 0.085 0.05 0.0 0.08625000000000001 0.05 0.0 0.08750000000000001 0.05 0.0 0.08875 0.05 0.0 0.09 0.05 0.0 0.09125 0.05 0.0 0.0925 0.05 0.0 0.09375 0.05 0.0 0.095 0.05 0.0 0.09625 0.05 0.0 0.0975 0.05 0.0 0.09875 0.05 0.0 0.1 0.05 0.0 0.0 0.051250000000000004 0.0 0.00125 0.051250000000000004 0.0 0.0025 0.051250000000000004 0.0 0.00375 0.051250000000000004 0.0 0.005 0.051250000000000004 0.0 0.00625 0.051250000000000004 0.0 0.0075 0.051250000000000004 0.0 0.00875 0.051250000000000004 0.0 0.01 0.051250000000000004 0.0 0.01125 0.051250000000000004 0.0 0.0125 0.051250000000000004 0.0 0.01375 0.051250000000000004 0.0 0.015 0.051250000000000004 0.0 0.01625 0.051250000000000004 0.0 0.0175 0.051250000000000004 0.0 0.01875 0.051250000000000004 0.0 0.02 0.051250000000000004 0.0 0.02125 0.051250000000000004 0.0 0.0225 0.051250000000000004 0.0 0.02375 0.051250000000000004 0.0 0.025 0.051250000000000004 0.0 0.02625 0.051250000000000004 0.0 0.0275 0.051250000000000004 0.0 0.02875 0.051250000000000004 0.0 0.03 0.051250000000000004 0.0 0.03125 0.051250000000000004 0.0 0.0325 0.051250000000000004 0.0 0.03375 0.051250000000000004 0.0 0.035 0.051250000000000004 0.0 0.03625 0.051250000000000004 0.0 0.0375 0.051250000000000004 0.0 0.03875 0.051250000000000004 0.0 0.04 0.051250000000000004 0.0 0.04125 0.051250000000000004 0.0 0.0425 0.051250000000000004 0.0 0.043750000000000004 0.051250000000000004 0.0 0.045 0.051250000000000004 0.0 0.04625 0.051250000000000004 0.0 0.0475 0.051250000000000004 0.0 0.04875 0.051250000000000004 0.0 0.05 0.051250000000000004 0.0 0.051250000000000004 0.051250000000000004 0.0 0.0525 0.051250000000000004 0.0 0.05375 0.051250000000000004 0.0 0.055 0.051250000000000004 0.0 0.05625 0.051250000000000004 0.0 0.0575 0.051250000000000004 0.0 0.058750000000000004 0.051250000000000004 0.0 0.06 0.051250000000000004 0.0 0.06125 0.051250000000000004 0.0 0.0625 0.051250000000000004 0.0 0.06375 0.051250000000000004 0.0 0.065 0.051250000000000004 0.0 0.06625 0.051250000000000004 0.0 0.0675 0.051250000000000004 0.0 0.06875 0.051250000000000004 0.0 0.07 0.051250000000000004 0.0 0.07125000000000001 0.051250000000000004 0.0 0.0725 0.051250000000000004 0.0 0.07375 0.051250000000000004 0.0 0.075 0.051250000000000004 0.0 0.07625 0.051250000000000004 0.0 0.0775 0.051250000000000004 0.0 0.07875 0.051250000000000004 0.0 0.08 0.051250000000000004 0.0 0.08125 0.051250000000000004 0.0 0.0825 0.051250000000000004 0.0 0.08375 0.051250000000000004 0.0 0.085 0.051250000000000004 0.0 0.08625000000000001 0.051250000000000004 0.0 0.08750000000000001 0.051250000000000004 0.0 0.08875 0.051250000000000004 0.0 0.09 0.051250000000000004 0.0 0.09125 0.051250000000000004 0.0 0.0925 0.051250000000000004 0.0 0.09375 0.051250000000000004 0.0 0.095 0.051250000000000004 0.0 0.09625 0.051250000000000004 0.0 0.0975 0.051250000000000004 0.0 0.09875 0.051250000000000004 0.0 0.1 0.051250000000000004 0.0 0.0 0.0525 0.0 0.00125 0.0525 0.0 0.0025 0.0525 0.0 0.00375 0.0525 0.0 0.005 0.0525 0.0 0.00625 0.0525 0.0 0.0075 0.0525 0.0 0.00875 0.0525 0.0 0.01 0.0525 0.0 0.01125 0.0525 0.0 0.0125 0.0525 0.0 0.01375 0.0525 0.0 0.015 0.0525 0.0 0.01625 0.0525 0.0 0.0175 0.0525 0.0 0.01875 0.0525 0.0 0.02 0.0525 0.0 0.02125 0.0525 0.0 0.0225 0.0525 0.0 0.02375 0.0525 0.0 0.025 0.0525 0.0 0.02625 0.0525 0.0 0.0275 0.0525 0.0 0.02875 0.0525 0.0 0.03 0.0525 0.0 0.03125 0.0525 0.0 0.0325 0.0525 0.0 0.03375 0.0525 0.0 0.035 0.0525 0.0 0.03625 0.0525 0.0 0.0375 0.0525 0.0 0.03875 0.0525 0.0 0.04 0.0525 0.0 0.04125 0.0525 0.0 0.0425 0.0525 0.0 0.043750000000000004 0.0525 0.0 0.045 0.0525 0.0 0.04625 0.0525 0.0 0.0475 0.0525 0.0 0.04875 0.0525 0.0 0.05 0.0525 0.0 0.051250000000000004 0.0525 0.0 0.0525 0.0525 0.0 0.05375 0.0525 0.0 0.055 0.0525 0.0 0.05625 0.0525 0.0 0.0575 0.0525 0.0 0.058750000000000004 0.0525 0.0 0.06 0.0525 0.0 0.06125 0.0525 0.0 0.0625 0.0525 0.0 0.06375 0.0525 0.0 0.065 0.0525 0.0 0.06625 0.0525 0.0 0.0675 0.0525 0.0 0.06875 0.0525 0.0 0.07 0.0525 0.0 0.07125000000000001 0.0525 0.0 0.0725 0.0525 0.0 0.07375 0.0525 0.0 0.075 0.0525 0.0 0.07625 0.0525 0.0 0.0775 0.0525 0.0 0.07875 0.0525 0.0 0.08 0.0525 0.0 0.08125 0.0525 0.0 0.0825 0.0525 0.0 0.08375 0.0525 0.0 0.085 0.0525 0.0 0.08625000000000001 0.0525 0.0 0.08750000000000001 0.0525 0.0 0.08875 0.0525 0.0 0.09 0.0525 0.0 0.09125 0.0525 0.0 0.0925 0.0525 0.0 0.09375 0.0525 0.0 0.095 0.0525 0.0 0.09625 0.0525 0.0 0.0975 0.0525 0.0 0.09875 0.0525 0.0 0.1 0.0525 0.0 0.0 0.05375 0.0 0.00125 0.05375 0.0 0.0025 0.05375 0.0 0.00375 0.05375 0.0 0.005 0.05375 0.0 0.00625 0.05375 0.0 0.0075 0.05375 0.0 0.00875 0.05375 0.0 0.01 0.05375 0.0 0.01125 0.05375 0.0 0.0125 0.05375 0.0 0.01375 0.05375 0.0 0.015 0.05375 0.0 0.01625 0.05375 0.0 0.0175 0.05375 0.0 0.01875 0.05375 0.0 0.02 0.05375 0.0 0.02125 0.05375 0.0 0.0225 0.05375 0.0 0.02375 0.05375 0.0 0.025 0.05375 0.0 0.02625 0.05375 0.0 0.0275 0.05375 0.0 0.02875 0.05375 0.0 0.03 0.05375 0.0 0.03125 0.05375 0.0 0.0325 0.05375 0.0 0.03375 0.05375 0.0 0.035 0.05375 0.0 0.03625 0.05375 0.0 0.0375 0.05375 0.0 0.03875 0.05375 0.0 0.04 0.05375 0.0 0.04125 0.05375 0.0 0.0425 0.05375 0.0 0.043750000000000004 0.05375 0.0 0.045 0.05375 0.0 0.04625 0.05375 0.0 0.0475 0.05375 0.0 0.04875 0.05375 0.0 0.05 0.05375 0.0 0.051250000000000004 0.05375 0.0 0.0525 0.05375 0.0 0.05375 0.05375 0.0 0.055 0.05375 0.0 0.05625 0.05375 0.0 0.0575 0.05375 0.0 0.058750000000000004 0.05375 0.0 0.06 0.05375 0.0 0.06125 0.05375 0.0 0.0625 0.05375 0.0 0.06375 0.05375 0.0 0.065 0.05375 0.0 0.06625 0.05375 0.0 0.0675 0.05375 0.0 0.06875 0.05375 0.0 0.07 0.05375 0.0 0.07125000000000001 0.05375 0.0 0.0725 0.05375 0.0 0.07375 0.05375 0.0 0.075 0.05375 0.0 0.07625 0.05375 0.0 0.0775 0.05375 0.0 0.07875 0.05375 0.0 0.08 0.05375 0.0 0.08125 0.05375 0.0 0.0825 0.05375 0.0 0.08375 0.05375 0.0 0.085 0.05375 0.0 0.08625000000000001 0.05375 0.0 0.08750000000000001 0.05375 0.0 0.08875 0.05375 0.0 0.09 0.05375 0.0 0.09125 0.05375 0.0 0.0925 0.05375 0.0 0.09375 0.05375 0.0 0.095 0.05375 0.0 0.09625 0.05375 0.0 0.0975 0.05375 0.0 0.09875 0.05375 0.0 0.1 0.05375 0.0 0.0 0.055 0.0 0.00125 0.055 0.0 0.0025 0.055 0.0 0.00375 0.055 0.0 0.005 0.055 0.0 0.00625 0.055 0.0 0.0075 0.055 0.0 0.00875 0.055 0.0 0.01 0.055 0.0 0.01125 0.055 0.0 0.0125 0.055 0.0 0.01375 0.055 0.0 0.015 0.055 0.0 0.01625 0.055 0.0 0.0175 0.055 0.0 0.01875 0.055 0.0 0.02 0.055 0.0 0.02125 0.055 0.0 0.0225 0.055 0.0 0.02375 0.055 0.0 0.025 0.055 0.0 0.02625 0.055 0.0 0.0275 0.055 0.0 0.02875 0.055 0.0 0.03 0.055 0.0 0.03125 0.055 0.0 0.0325 0.055 0.0 0.03375 0.055 0.0 0.035 0.055 0.0 0.03625 0.055 0.0 0.0375 0.055 0.0 0.03875 0.055 0.0 0.04 0.055 0.0 0.04125 0.055 0.0 0.0425 0.055 0.0 0.043750000000000004 0.055 0.0 0.045 0.055 0.0 0.04625 0.055 0.0 0.0475 0.055 0.0 0.04875 0.055 0.0 0.05 0.055 0.0 0.051250000000000004 0.055 0.0 0.0525 0.055 0.0 0.05375 0.055 0.0 0.055 0.055 0.0 0.05625 0.055 0.0 0.0575 0.055 0.0 0.058750000000000004 0.055 0.0 0.06 0.055 0.0 0.06125 0.055 0.0 0.0625 0.055 0.0 0.06375 0.055 0.0 0.065 0.055 0.0 0.06625 0.055 0.0 0.0675 0.055 0.0 0.06875 0.055 0.0 0.07 0.055 0.0 0.07125000000000001 0.055 0.0 0.0725 0.055 0.0 0.07375 0.055 0.0 0.075 0.055 0.0 0.07625 0.055 0.0 0.0775 0.055 0.0 0.07875 0.055 0.0 0.08 0.055 0.0 0.08125 0.055 0.0 0.0825 0.055 0.0 0.08375 0.055 0.0 0.085 0.055 0.0 0.08625000000000001 0.055 0.0 0.08750000000000001 0.055 0.0 0.08875 0.055 0.0 0.09 0.055 0.0 0.09125 0.055 0.0 0.0925 0.055 0.0 0.09375 0.055 0.0 0.095 0.055 0.0 0.09625 0.055 0.0 0.0975 0.055 0.0 0.09875 0.055 0.0 0.1 0.055 0.0 0.0 0.05625 0.0 0.00125 0.05625 0.0 0.0025 0.05625 0.0 0.00375 0.05625 0.0 0.005 0.05625 0.0 0.00625 0.05625 0.0 0.0075 0.05625 0.0 0.00875 0.05625 0.0 0.01 0.05625 0.0 0.01125 0.05625 0.0 0.0125 0.05625 0.0 0.01375 0.05625 0.0 0.015 0.05625 0.0 0.01625 0.05625 0.0 0.0175 0.05625 0.0 0.01875 0.05625 0.0 0.02 0.05625 0.0 0.02125 0.05625 0.0 0.0225 0.05625 0.0 0.02375 0.05625 0.0 0.025 0.05625 0.0 0.02625 0.05625 0.0 0.0275 0.05625 0.0 0.02875 0.05625 0.0 0.03 0.05625 0.0 0.03125 0.05625 0.0 0.0325 0.05625 0.0 0.03375 0.05625 0.0 0.035 0.05625 0.0 0.03625 0.05625 0.0 0.0375 0.05625 0.0 0.03875 0.05625 0.0 0.04 0.05625 0.0 0.04125 0.05625 0.0 0.0425 0.05625 0.0 0.043750000000000004 0.05625 0.0 0.045 0.05625 0.0 0.04625 0.05625 0.0 0.0475 0.05625 0.0 0.04875 0.05625 0.0 0.05 0.05625 0.0 0.051250000000000004 0.05625 0.0 0.0525 0.05625 0.0 0.05375 0.05625 0.0 0.055 0.05625 0.0 0.05625 0.05625 0.0 0.0575 0.05625 0.0 0.058750000000000004 0.05625 0.0 0.06 0.05625 0.0 0.06125 0.05625 0.0 0.0625 0.05625 0.0 0.06375 0.05625 0.0 0.065 0.05625 0.0 0.06625 0.05625 0.0 0.0675 0.05625 0.0 0.06875 0.05625 0.0 0.07 0.05625 0.0 0.07125000000000001 0.05625 0.0 0.0725 0.05625 0.0 0.07375 0.05625 0.0 0.075 0.05625 0.0 0.07625 0.05625 0.0 0.0775 0.05625 0.0 0.07875 0.05625 0.0 0.08 0.05625 0.0 0.08125 0.05625 0.0 0.0825 0.05625 0.0 0.08375 0.05625 0.0 0.085 0.05625 0.0 0.08625000000000001 0.05625 0.0 0.08750000000000001 0.05625 0.0 0.08875 0.05625 0.0 0.09 0.05625 0.0 0.09125 0.05625 0.0 0.0925 0.05625 0.0 0.09375 0.05625 0.0 0.095 0.05625 0.0 0.09625 0.05625 0.0 0.0975 0.05625 0.0 0.09875 0.05625 0.0 0.1 0.05625 0.0 0.0 0.0575 0.0 0.00125 0.0575 0.0 0.0025 0.0575 0.0 0.00375 0.0575 0.0 0.005 0.0575 0.0 0.00625 0.0575 0.0 0.0075 0.0575 0.0 0.00875 0.0575 0.0 0.01 0.0575 0.0 0.01125 0.0575 0.0 0.0125 0.0575 0.0 0.01375 0.0575 0.0 0.015 0.0575 0.0 0.01625 0.0575 0.0 0.0175 0.0575 0.0 0.01875 0.0575 0.0 0.02 0.0575 0.0 0.02125 0.0575 0.0 0.0225 0.0575 0.0 0.02375 0.0575 0.0 0.025 0.0575 0.0 0.02625 0.0575 0.0 0.0275 0.0575 0.0 0.02875 0.0575 0.0 0.03 0.0575 0.0 0.03125 0.0575 0.0 0.0325 0.0575 0.0 0.03375 0.0575 0.0 0.035 0.0575 0.0 0.03625 0.0575 0.0 0.0375 0.0575 0.0 0.03875 0.0575 0.0 0.04 0.0575 0.0 0.04125 0.0575 0.0 0.0425 0.0575 0.0 0.043750000000000004 0.0575 0.0 0.045 0.0575 0.0 0.04625 0.0575 0.0 0.0475 0.0575 0.0 0.04875 0.0575 0.0 0.05 0.0575 0.0 0.051250000000000004 0.0575 0.0 0.0525 0.0575 0.0 0.05375 0.0575 0.0 0.055 0.0575 0.0 0.05625 0.0575 0.0 0.0575 0.0575 0.0 0.058750000000000004 0.0575 0.0 0.06 0.0575 0.0 0.06125 0.0575 0.0 0.0625 0.0575 0.0 0.06375 0.0575 0.0 0.065 0.0575 0.0 0.06625 0.0575 0.0 0.0675 0.0575 0.0 0.06875 0.0575 0.0 0.07 0.0575 0.0 0.07125000000000001 0.0575 0.0 0.0725 0.0575 0.0 0.07375 0.0575 0.0 0.075 0.0575 0.0 0.07625 0.0575 0.0 0.0775 0.0575 0.0 0.07875 0.0575 0.0 0.08 0.0575 0.0 0.08125 0.0575 0.0 0.0825 0.0575 0.0 0.08375 0.0575 0.0 0.085 0.0575 0.0 0.08625000000000001 0.0575 0.0 0.08750000000000001 0.0575 0.0 0.08875 0.0575 0.0 0.09 0.0575 0.0 0.09125 0.0575 0.0 0.0925 0.0575 0.0 0.09375 0.0575 0.0 0.095 0.0575 0.0 0.09625 0.0575 0.0 0.0975 0.0575 0.0 0.09875 0.0575 0.0 0.1 0.0575 0.0 0.0 0.058750000000000004 0.0 0.00125 0.058750000000000004 0.0 0.0025 0.058750000000000004 0.0 0.00375 0.058750000000000004 0.0 0.005 0.058750000000000004 0.0 0.00625 0.058750000000000004 0.0 0.0075 0.058750000000000004 0.0 0.00875 0.058750000000000004 0.0 0.01 0.058750000000000004 0.0 0.01125 0.058750000000000004 0.0 0.0125 0.058750000000000004 0.0 0.01375 0.058750000000000004 0.0 0.015 0.058750000000000004 0.0 0.01625 0.058750000000000004 0.0 0.0175 0.058750000000000004 0.0 0.01875 0.058750000000000004 0.0 0.02 0.058750000000000004 0.0 0.02125 0.058750000000000004 0.0 0.0225 0.058750000000000004 0.0 0.02375 0.058750000000000004 0.0 0.025 0.058750000000000004 0.0 0.02625 0.058750000000000004 0.0 0.0275 0.058750000000000004 0.0 0.02875 0.058750000000000004 0.0 0.03 0.058750000000000004 0.0 0.03125 0.058750000000000004 0.0 0.0325 0.058750000000000004 0.0 0.03375 0.058750000000000004 0.0 0.035 0.058750000000000004 0.0 0.03625 0.058750000000000004 0.0 0.0375 0.058750000000000004 0.0 0.03875 0.058750000000000004 0.0 0.04 0.058750000000000004 0.0 0.04125 0.058750000000000004 0.0 0.0425 0.058750000000000004 0.0 0.043750000000000004 0.058750000000000004 0.0 0.045 0.058750000000000004 0.0 0.04625 0.058750000000000004 0.0 0.0475 0.058750000000000004 0.0 0.04875 0.058750000000000004 0.0 0.05 0.058750000000000004 0.0 0.051250000000000004 0.058750000000000004 0.0 0.0525 0.058750000000000004 0.0 0.05375 0.058750000000000004 0.0 0.055 0.058750000000000004 0.0 0.05625 0.058750000000000004 0.0 0.0575 0.058750000000000004 0.0 0.058750000000000004 0.058750000000000004 0.0 0.06 0.058750000000000004 0.0 0.06125 0.058750000000000004 0.0 0.0625 0.058750000000000004 0.0 0.06375 0.058750000000000004 0.0 0.065 0.058750000000000004 0.0 0.06625 0.058750000000000004 0.0 0.0675 0.058750000000000004 0.0 0.06875 0.058750000000000004 0.0 0.07 0.058750000000000004 0.0 0.07125000000000001 0.058750000000000004 0.0 0.0725 0.058750000000000004 0.0 0.07375 0.058750000000000004 0.0 0.075 0.058750000000000004 0.0 0.07625 0.058750000000000004 0.0 0.0775 0.058750000000000004 0.0 0.07875 0.058750000000000004 0.0 0.08 0.058750000000000004 0.0 0.08125 0.058750000000000004 0.0 0.0825 0.058750000000000004 0.0 0.08375 0.058750000000000004 0.0 0.085 0.058750000000000004 0.0 0.08625000000000001 0.058750000000000004 0.0 0.08750000000000001 0.058750000000000004 0.0 0.08875 0.058750000000000004 0.0 0.09 0.058750000000000004 0.0 0.09125 0.058750000000000004 0.0 0.0925 0.058750000000000004 0.0 0.09375 0.058750000000000004 0.0 0.095 0.058750000000000004 0.0 0.09625 0.058750000000000004 0.0 0.0975 0.058750000000000004 0.0 0.09875 0.058750000000000004 0.0 0.1 0.058750000000000004 0.0 0.0 0.06 0.0 0.00125 0.06 0.0 0.0025 0.06 0.0 0.00375 0.06 0.0 0.005 0.06 0.0 0.00625 0.06 0.0 0.0075 0.06 0.0 0.00875 0.06 0.0 0.01 0.06 0.0 0.01125 0.06 0.0 0.0125 0.06 0.0 0.01375 0.06 0.0 0.015 0.06 0.0 0.01625 0.06 0.0 0.0175 0.06 0.0 0.01875 0.06 0.0 0.02 0.06 0.0 0.02125 0.06 0.0 0.0225 0.06 0.0 0.02375 0.06 0.0 0.025 0.06 0.0 0.02625 0.06 0.0 0.0275 0.06 0.0 0.02875 0.06 0.0 0.03 0.06 0.0 0.03125 0.06 0.0 0.0325 0.06 0.0 0.03375 0.06 0.0 0.035 0.06 0.0 0.03625 0.06 0.0 0.0375 0.06 0.0 0.03875 0.06 0.0 0.04 0.06 0.0 0.04125 0.06 0.0 0.0425 0.06 0.0 0.043750000000000004 0.06 0.0 0.045 0.06 0.0 0.04625 0.06 0.0 0.0475 0.06 0.0 0.04875 0.06 0.0 0.05 0.06 0.0 0.051250000000000004 0.06 0.0 0.0525 0.06 0.0 0.05375 0.06 0.0 0.055 0.06 0.0 0.05625 0.06 0.0 0.0575 0.06 0.0 0.058750000000000004 0.06 0.0 0.06 0.06 0.0 0.06125 0.06 0.0 0.0625 0.06 0.0 0.06375 0.06 0.0 0.065 0.06 0.0 0.06625 0.06 0.0 0.0675 0.06 0.0 0.06875 0.06 0.0 0.07 0.06 0.0 0.07125000000000001 0.06 0.0 0.0725 0.06 0.0 0.07375 0.06 0.0 0.075 0.06 0.0 0.07625 0.06 0.0 0.0775 0.06 0.0 0.07875 0.06 0.0 0.08 0.06 0.0 0.08125 0.06 0.0 0.0825 0.06 0.0 0.08375 0.06 0.0 0.085 0.06 0.0 0.08625000000000001 0.06 0.0 0.08750000000000001 0.06 0.0 0.08875 0.06 0.0 0.09 0.06 0.0 0.09125 0.06 0.0 0.0925 0.06 0.0 0.09375 0.06 0.0 0.095 0.06 0.0 0.09625 0.06 0.0 0.0975 0.06 0.0 0.09875 0.06 0.0 0.1 0.06 0.0 0.0 0.06125 0.0 0.00125 0.06125 0.0 0.0025 0.06125 0.0 0.00375 0.06125 0.0 0.005 0.06125 0.0 0.00625 0.06125 0.0 0.0075 0.06125 0.0 0.00875 0.06125 0.0 0.01 0.06125 0.0 0.01125 0.06125 0.0 0.0125 0.06125 0.0 0.01375 0.06125 0.0 0.015 0.06125 0.0 0.01625 0.06125 0.0 0.0175 0.06125 0.0 0.01875 0.06125 0.0 0.02 0.06125 0.0 0.02125 0.06125 0.0 0.0225 0.06125 0.0 0.02375 0.06125 0.0 0.025 0.06125 0.0 0.02625 0.06125 0.0 0.0275 0.06125 0.0 0.02875 0.06125 0.0 0.03 0.06125 0.0 0.03125 0.06125 0.0 0.0325 0.06125 0.0 0.03375 0.06125 0.0 0.035 0.06125 0.0 0.03625 0.06125 0.0 0.0375 0.06125 0.0 0.03875 0.06125 0.0 0.04 0.06125 0.0 0.04125 0.06125 0.0 0.0425 0.06125 0.0 0.043750000000000004 0.06125 0.0 0.045 0.06125 0.0 0.04625 0.06125 0.0 0.0475 0.06125 0.0 0.04875 0.06125 0.0 0.05 0.06125 0.0 0.051250000000000004 0.06125 0.0 0.0525 0.06125 0.0 0.05375 0.06125 0.0 0.055 0.06125 0.0 0.05625 0.06125 0.0 0.0575 0.06125 0.0 0.058750000000000004 0.06125 0.0 0.06 0.06125 0.0 0.06125 0.06125 0.0 0.0625 0.06125 0.0 0.06375 0.06125 0.0 0.065 0.06125 0.0 0.06625 0.06125 0.0 0.0675 0.06125 0.0 0.06875 0.06125 0.0 0.07 0.06125 0.0 0.07125000000000001 0.06125 0.0 0.0725 0.06125 0.0 0.07375 0.06125 0.0 0.075 0.06125 0.0 0.07625 0.06125 0.0 0.0775 0.06125 0.0 0.07875 0.06125 0.0 0.08 0.06125 0.0 0.08125 0.06125 0.0 0.0825 0.06125 0.0 0.08375 0.06125 0.0 0.085 0.06125 0.0 0.08625000000000001 0.06125 0.0 0.08750000000000001 0.06125 0.0 0.08875 0.06125 0.0 0.09 0.06125 0.0 0.09125 0.06125 0.0 0.0925 0.06125 0.0 0.09375 0.06125 0.0 0.095 0.06125 0.0 0.09625 0.06125 0.0 0.0975 0.06125 0.0 0.09875 0.06125 0.0 0.1 0.06125 0.0 0.0 0.0625 0.0 0.00125 0.0625 0.0 0.0025 0.0625 0.0 0.00375 0.0625 0.0 0.005 0.0625 0.0 0.00625 0.0625 0.0 0.0075 0.0625 0.0 0.00875 0.0625 0.0 0.01 0.0625 0.0 0.01125 0.0625 0.0 0.0125 0.0625 0.0 0.01375 0.0625 0.0 0.015 0.0625 0.0 0.01625 0.0625 0.0 0.0175 0.0625 0.0 0.01875 0.0625 0.0 0.02 0.0625 0.0 0.02125 0.0625 0.0 0.0225 0.0625 0.0 0.02375 0.0625 0.0 0.025 0.0625 0.0 0.02625 0.0625 0.0 0.0275 0.0625 0.0 0.02875 0.0625 0.0 0.03 0.0625 0.0 0.03125 0.0625 0.0 0.0325 0.0625 0.0 0.03375 0.0625 0.0 0.035 0.0625 0.0 0.03625 0.0625 0.0 0.0375 0.0625 0.0 0.03875 0.0625 0.0 0.04 0.0625 0.0 0.04125 0.0625 0.0 0.0425 0.0625 0.0 0.043750000000000004 0.0625 0.0 0.045 0.0625 0.0 0.04625 0.0625 0.0 0.0475 0.0625 0.0 0.04875 0.0625 0.0 0.05 0.0625 0.0 0.051250000000000004 0.0625 0.0 0.0525 0.0625 0.0 0.05375 0.0625 0.0 0.055 0.0625 0.0 0.05625 0.0625 0.0 0.0575 0.0625 0.0 0.058750000000000004 0.0625 0.0 0.06 0.0625 0.0 0.06125 0.0625 0.0 0.0625 0.0625 0.0 0.06375 0.0625 0.0 0.065 0.0625 0.0 0.06625 0.0625 0.0 0.0675 0.0625 0.0 0.06875 0.0625 0.0 0.07 0.0625 0.0 0.07125000000000001 0.0625 0.0 0.0725 0.0625 0.0 0.07375 0.0625 0.0 0.075 0.0625 0.0 0.07625 0.0625 0.0 0.0775 0.0625 0.0 0.07875 0.0625 0.0 0.08 0.0625 0.0 0.08125 0.0625 0.0 0.0825 0.0625 0.0 0.08375 0.0625 0.0 0.085 0.0625 0.0 0.08625000000000001 0.0625 0.0 0.08750000000000001 0.0625 0.0 0.08875 0.0625 0.0 0.09 0.0625 0.0 0.09125 0.0625 0.0 0.0925 0.0625 0.0 0.09375 0.0625 0.0 0.095 0.0625 0.0 0.09625 0.0625 0.0 0.0975 0.0625 0.0 0.09875 0.0625 0.0 0.1 0.0625 0.0 0.0 0.06375 0.0 0.00125 0.06375 0.0 0.0025 0.06375 0.0 0.00375 0.06375 0.0 0.005 0.06375 0.0 0.00625 0.06375 0.0 0.0075 0.06375 0.0 0.00875 0.06375 0.0 0.01 0.06375 0.0 0.01125 0.06375 0.0 0.0125 0.06375 0.0 0.01375 0.06375 0.0 0.015 0.06375 0.0 0.01625 0.06375 0.0 0.0175 0.06375 0.0 0.01875 0.06375 0.0 0.02 0.06375 0.0 0.02125 0.06375 0.0 0.0225 0.06375 0.0 0.02375 0.06375 0.0 0.025 0.06375 0.0 0.02625 0.06375 0.0 0.0275 0.06375 0.0 0.02875 0.06375 0.0 0.03 0.06375 0.0 0.03125 0.06375 0.0 0.0325 0.06375 0.0 0.03375 0.06375 0.0 0.035 0.06375 0.0 0.03625 0.06375 0.0 0.0375 0.06375 0.0 0.03875 0.06375 0.0 0.04 0.06375 0.0 0.04125 0.06375 0.0 0.0425 0.06375 0.0 0.043750000000000004 0.06375 0.0 0.045 0.06375 0.0 0.04625 0.06375 0.0 0.0475 0.06375 0.0 0.04875 0.06375 0.0 0.05 0.06375 0.0 0.051250000000000004 0.06375 0.0 0.0525 0.06375 0.0 0.05375 0.06375 0.0 0.055 0.06375 0.0 0.05625 0.06375 0.0 0.0575 0.06375 0.0 0.058750000000000004 0.06375 0.0 0.06 0.06375 0.0 0.06125 0.06375 0.0 0.0625 0.06375 0.0 0.06375 0.06375 0.0 0.065 0.06375 0.0 0.06625 0.06375 0.0 0.0675 0.06375 0.0 0.06875 0.06375 0.0 0.07 0.06375 0.0 0.07125000000000001 0.06375 0.0 0.0725 0.06375 0.0 0.07375 0.06375 0.0 0.075 0.06375 0.0 0.07625 0.06375 0.0 0.0775 0.06375 0.0 0.07875 0.06375 0.0 0.08 0.06375 0.0 0.08125 0.06375 0.0 0.0825 0.06375 0.0 0.08375 0.06375 0.0 0.085 0.06375 0.0 0.08625000000000001 0.06375 0.0 0.08750000000000001 0.06375 0.0 0.08875 0.06375 0.0 0.09 0.06375 0.0 0.09125 0.06375 0.0 0.0925 0.06375 0.0 0.09375 0.06375 0.0 0.095 0.06375 0.0 0.09625 0.06375 0.0 0.0975 0.06375 0.0 0.09875 0.06375 0.0 0.1 0.06375 0.0 0.0 0.065 0.0 0.00125 0.065 0.0 0.0025 0.065 0.0 0.00375 0.065 0.0 0.005 0.065 0.0 0.00625 0.065 0.0 0.0075 0.065 0.0 0.00875 0.065 0.0 0.01 0.065 0.0 0.01125 0.065 0.0 0.0125 0.065 0.0 0.01375 0.065 0.0 0.015 0.065 0.0 0.01625 0.065 0.0 0.0175 0.065 0.0 0.01875 0.065 0.0 0.02 0.065 0.0 0.02125 0.065 0.0 0.0225 0.065 0.0 0.02375 0.065 0.0 0.025 0.065 0.0 0.02625 0.065 0.0 0.0275 0.065 0.0 0.02875 0.065 0.0 0.03 0.065 0.0 0.03125 0.065 0.0 0.0325 0.065 0.0 0.03375 0.065 0.0 0.035 0.065 0.0 0.03625 0.065 0.0 0.0375 0.065 0.0 0.03875 0.065 0.0 0.04 0.065 0.0 0.04125 0.065 0.0 0.0425 0.065 0.0 0.043750000000000004 0.065 0.0 0.045 0.065 0.0 0.04625 0.065 0.0 0.0475 0.065 0.0 0.04875 0.065 0.0 0.05 0.065 0.0 0.051250000000000004 0.065 0.0 0.0525 0.065 0.0 0.05375 0.065 0.0 0.055 0.065 0.0 0.05625 0.065 0.0 0.0575 0.065 0.0 0.058750000000000004 0.065 0.0 0.06 0.065 0.0 0.06125 0.065 0.0 0.0625 0.065 0.0 0.06375 0.065 0.0 0.065 0.065 0.0 0.06625 0.065 0.0 0.0675 0.065 0.0 0.06875 0.065 0.0 0.07 0.065 0.0 0.07125000000000001 0.065 0.0 0.0725 0.065 0.0 0.07375 0.065 0.0 0.075 0.065 0.0 0.07625 0.065 0.0 0.0775 0.065 0.0 0.07875 0.065 0.0 0.08 0.065 0.0 0.08125 0.065 0.0 0.0825 0.065 0.0 0.08375 0.065 0.0 0.085 0.065 0.0 0.08625000000000001 0.065 0.0 0.08750000000000001 0.065 0.0 0.08875 0.065 0.0 0.09 0.065 0.0 0.09125 0.065 0.0 0.0925 0.065 0.0 0.09375 0.065 0.0 0.095 0.065 0.0 0.09625 0.065 0.0 0.0975 0.065 0.0 0.09875 0.065 0.0 0.1 0.065 0.0 0.0 0.06625 0.0 0.00125 0.06625 0.0 0.0025 0.06625 0.0 0.00375 0.06625 0.0 0.005 0.06625 0.0 0.00625 0.06625 0.0 0.0075 0.06625 0.0 0.00875 0.06625 0.0 0.01 0.06625 0.0 0.01125 0.06625 0.0 0.0125 0.06625 0.0 0.01375 0.06625 0.0 0.015 0.06625 0.0 0.01625 0.06625 0.0 0.0175 0.06625 0.0 0.01875 0.06625 0.0 0.02 0.06625 0.0 0.02125 0.06625 0.0 0.0225 0.06625 0.0 0.02375 0.06625 0.0 0.025 0.06625 0.0 0.02625 0.06625 0.0 0.0275 0.06625 0.0 0.02875 0.06625 0.0 0.03 0.06625 0.0 0.03125 0.06625 0.0 0.0325 0.06625 0.0 0.03375 0.06625 0.0 0.035 0.06625 0.0 0.03625 0.06625 0.0 0.0375 0.06625 0.0 0.03875 0.06625 0.0 0.04 0.06625 0.0 0.04125 0.06625 0.0 0.0425 0.06625 0.0 0.043750000000000004 0.06625 0.0 0.045 0.06625 0.0 0.04625 0.06625 0.0 0.0475 0.06625 0.0 0.04875 0.06625 0.0 0.05 0.06625 0.0 0.051250000000000004 0.06625 0.0 0.0525 0.06625 0.0 0.05375 0.06625 0.0 0.055 0.06625 0.0 0.05625 0.06625 0.0 0.0575 0.06625 0.0 0.058750000000000004 0.06625 0.0 0.06 0.06625 0.0 0.06125 0.06625 0.0 0.0625 0.06625 0.0 0.06375 0.06625 0.0 0.065 0.06625 0.0 0.06625 0.06625 0.0 0.0675 0.06625 0.0 0.06875 0.06625 0.0 0.07 0.06625 0.0 0.07125000000000001 0.06625 0.0 0.0725 0.06625 0.0 0.07375 0.06625 0.0 0.075 0.06625 0.0 0.07625 0.06625 0.0 0.0775 0.06625 0.0 0.07875 0.06625 0.0 0.08 0.06625 0.0 0.08125 0.06625 0.0 0.0825 0.06625 0.0 0.08375 0.06625 0.0 0.085 0.06625 0.0 0.08625000000000001 0.06625 0.0 0.08750000000000001 0.06625 0.0 0.08875 0.06625 0.0 0.09 0.06625 0.0 0.09125 0.06625 0.0 0.0925 0.06625 0.0 0.09375 0.06625 0.0 0.095 0.06625 0.0 0.09625 0.06625 0.0 0.0975 0.06625 0.0 0.09875 0.06625 0.0 0.1 0.06625 0.0 0.0 0.0675 0.0 0.00125 0.0675 0.0 0.0025 0.0675 0.0 0.00375 0.0675 0.0 0.005 0.0675 0.0 0.00625 0.0675 0.0 0.0075 0.0675 0.0 0.00875 0.0675 0.0 0.01 0.0675 0.0 0.01125 0.0675 0.0 0.0125 0.0675 0.0 0.01375 0.0675 0.0 0.015 0.0675 0.0 0.01625 0.0675 0.0 0.0175 0.0675 0.0 0.01875 0.0675 0.0 0.02 0.0675 0.0 0.02125 0.0675 0.0 0.0225 0.0675 0.0 0.02375 0.0675 0.0 0.025 0.0675 0.0 0.02625 0.0675 0.0 0.0275 0.0675 0.0 0.02875 0.0675 0.0 0.03 0.0675 0.0 0.03125 0.0675 0.0 0.0325 0.0675 0.0 0.03375 0.0675 0.0 0.035 0.0675 0.0 0.03625 0.0675 0.0 0.0375 0.0675 0.0 0.03875 0.0675 0.0 0.04 0.0675 0.0 0.04125 0.0675 0.0 0.0425 0.0675 0.0 0.043750000000000004 0.0675 0.0 0.045 0.0675 0.0 0.04625 0.0675 0.0 0.0475 0.0675 0.0 0.04875 0.0675 0.0 0.05 0.0675 0.0 0.051250000000000004 0.0675 0.0 0.0525 0.0675 0.0 0.05375 0.0675 0.0 0.055 0.0675 0.0 0.05625 0.0675 0.0 0.0575 0.0675 0.0 0.058750000000000004 0.0675 0.0 0.06 0.0675 0.0 0.06125 0.0675 0.0 0.0625 0.0675 0.0 0.06375 0.0675 0.0 0.065 0.0675 0.0 0.06625 0.0675 0.0 0.0675 0.0675 0.0 0.06875 0.0675 0.0 0.07 0.0675 0.0 0.07125000000000001 0.0675 0.0 0.0725 0.0675 0.0 0.07375 0.0675 0.0 0.075 0.0675 0.0 0.07625 0.0675 0.0 0.0775 0.0675 0.0 0.07875 0.0675 0.0 0.08 0.0675 0.0 0.08125 0.0675 0.0 0.0825 0.0675 0.0 0.08375 0.0675 0.0 0.085 0.0675 0.0 0.08625000000000001 0.0675 0.0 0.08750000000000001 0.0675 0.0 0.08875 0.0675 0.0 0.09 0.0675 0.0 0.09125 0.0675 0.0 0.0925 0.0675 0.0 0.09375 0.0675 0.0 0.095 0.0675 0.0 0.09625 0.0675 0.0 0.0975 0.0675 0.0 0.09875 0.0675 0.0 0.1 0.0675 0.0 0.0 0.06875 0.0 0.00125 0.06875 0.0 0.0025 0.06875 0.0 0.00375 0.06875 0.0 0.005 0.06875 0.0 0.00625 0.06875 0.0 0.0075 0.06875 0.0 0.00875 0.06875 0.0 0.01 0.06875 0.0 0.01125 0.06875 0.0 0.0125 0.06875 0.0 0.01375 0.06875 0.0 0.015 0.06875 0.0 0.01625 0.06875 0.0 0.0175 0.06875 0.0 0.01875 0.06875 0.0 0.02 0.06875 0.0 0.02125 0.06875 0.0 0.0225 0.06875 0.0 0.02375 0.06875 0.0 0.025 0.06875 0.0 0.02625 0.06875 0.0 0.0275 0.06875 0.0 0.02875 0.06875 0.0 0.03 0.06875 0.0 0.03125 0.06875 0.0 0.0325 0.06875 0.0 0.03375 0.06875 0.0 0.035 0.06875 0.0 0.03625 0.06875 0.0 0.0375 0.06875 0.0 0.03875 0.06875 0.0 0.04 0.06875 0.0 0.04125 0.06875 0.0 0.0425 0.06875 0.0 0.043750000000000004 0.06875 0.0 0.045 0.06875 0.0 0.04625 0.06875 0.0 0.0475 0.06875 0.0 0.04875 0.06875 0.0 0.05 0.06875 0.0 0.051250000000000004 0.06875 0.0 0.0525 0.06875 0.0 0.05375 0.06875 0.0 0.055 0.06875 0.0 0.05625 0.06875 0.0 0.0575 0.06875 0.0 0.058750000000000004 0.06875 0.0 0.06 0.06875 0.0 0.06125 0.06875 0.0 0.0625 0.06875 0.0 0.06375 0.06875 0.0 0.065 0.06875 0.0 0.06625 0.06875 0.0 0.0675 0.06875 0.0 0.06875 0.06875 0.0 0.07 0.06875 0.0 0.07125000000000001 0.06875 0.0 0.0725 0.06875 0.0 0.07375 0.06875 0.0 0.075 0.06875 0.0 0.07625 0.06875 0.0 0.0775 0.06875 0.0 0.07875 0.06875 0.0 0.08 0.06875 0.0 0.08125 0.06875 0.0 0.0825 0.06875 0.0 0.08375 0.06875 0.0 0.085 0.06875 0.0 0.08625000000000001 0.06875 0.0 0.08750000000000001 0.06875 0.0 0.08875 0.06875 0.0 0.09 0.06875 0.0 0.09125 0.06875 0.0 0.0925 0.06875 0.0 0.09375 0.06875 0.0 0.095 0.06875 0.0 0.09625 0.06875 0.0 0.0975 0.06875 0.0 0.09875 0.06875 0.0 0.1 0.06875 0.0 0.0 0.07 0.0 0.00125 0.07 0.0 0.0025 0.07 0.0 0.00375 0.07 0.0 0.005 0.07 0.0 0.00625 0.07 0.0 0.0075 0.07 0.0 0.00875 0.07 0.0 0.01 0.07 0.0 0.01125 0.07 0.0 0.0125 0.07 0.0 0.01375 0.07 0.0 0.015 0.07 0.0 0.01625 0.07 0.0 0.0175 0.07 0.0 0.01875 0.07 0.0 0.02 0.07 0.0 0.02125 0.07 0.0 0.0225 0.07 0.0 0.02375 0.07 0.0 0.025 0.07 0.0 0.02625 0.07 0.0 0.0275 0.07 0.0 0.02875 0.07 0.0 0.03 0.07 0.0 0.03125 0.07 0.0 0.0325 0.07 0.0 0.03375 0.07 0.0 0.035 0.07 0.0 0.03625 0.07 0.0 0.0375 0.07 0.0 0.03875 0.07 0.0 0.04 0.07 0.0 0.04125 0.07 0.0 0.0425 0.07 0.0 0.043750000000000004 0.07 0.0 0.045 0.07 0.0 0.04625 0.07 0.0 0.0475 0.07 0.0 0.04875 0.07 0.0 0.05 0.07 0.0 0.051250000000000004 0.07 0.0 0.0525 0.07 0.0 0.05375 0.07 0.0 0.055 0.07 0.0 0.05625 0.07 0.0 0.0575 0.07 0.0 0.058750000000000004 0.07 0.0 0.06 0.07 0.0 0.06125 0.07 0.0 0.0625 0.07 0.0 0.06375 0.07 0.0 0.065 0.07 0.0 0.06625 0.07 0.0 0.0675 0.07 0.0 0.06875 0.07 0.0 0.07 0.07 0.0 0.07125000000000001 0.07 0.0 0.0725 0.07 0.0 0.07375 0.07 0.0 0.075 0.07 0.0 0.07625 0.07 0.0 0.0775 0.07 0.0 0.07875 0.07 0.0 0.08 0.07 0.0 0.08125 0.07 0.0 0.0825 0.07 0.0 0.08375 0.07 0.0 0.085 0.07 0.0 0.08625000000000001 0.07 0.0 0.08750000000000001 0.07 0.0 0.08875 0.07 0.0 0.09 0.07 0.0 0.09125 0.07 0.0 0.0925 0.07 0.0 0.09375 0.07 0.0 0.095 0.07 0.0 0.09625 0.07 0.0 0.0975 0.07 0.0 0.09875 0.07 0.0 0.1 0.07 0.0 0.0 0.07125000000000001 0.0 0.00125 0.07125000000000001 0.0 0.0025 0.07125000000000001 0.0 0.00375 0.07125000000000001 0.0 0.005 0.07125000000000001 0.0 0.00625 0.07125000000000001 0.0 0.0075 0.07125000000000001 0.0 0.00875 0.07125000000000001 0.0 0.01 0.07125000000000001 0.0 0.01125 0.07125000000000001 0.0 0.0125 0.07125000000000001 0.0 0.01375 0.07125000000000001 0.0 0.015 0.07125000000000001 0.0 0.01625 0.07125000000000001 0.0 0.0175 0.07125000000000001 0.0 0.01875 0.07125000000000001 0.0 0.02 0.07125000000000001 0.0 0.02125 0.07125000000000001 0.0 0.0225 0.07125000000000001 0.0 0.02375 0.07125000000000001 0.0 0.025 0.07125000000000001 0.0 0.02625 0.07125000000000001 0.0 0.0275 0.07125000000000001 0.0 0.02875 0.07125000000000001 0.0 0.03 0.07125000000000001 0.0 0.03125 0.07125000000000001 0.0 0.0325 0.07125000000000001 0.0 0.03375 0.07125000000000001 0.0 0.035 0.07125000000000001 0.0 0.03625 0.07125000000000001 0.0 0.0375 0.07125000000000001 0.0 0.03875 0.07125000000000001 0.0 0.04 0.07125000000000001 0.0 0.04125 0.07125000000000001 0.0 0.0425 0.07125000000000001 0.0 0.043750000000000004 0.07125000000000001 0.0 0.045 0.07125000000000001 0.0 0.04625 0.07125000000000001 0.0 0.0475 0.07125000000000001 0.0 0.04875 0.07125000000000001 0.0 0.05 0.07125000000000001 0.0 0.051250000000000004 0.07125000000000001 0.0 0.0525 0.07125000000000001 0.0 0.05375 0.07125000000000001 0.0 0.055 0.07125000000000001 0.0 0.05625 0.07125000000000001 0.0 0.0575 0.07125000000000001 0.0 0.058750000000000004 0.07125000000000001 0.0 0.06 0.07125000000000001 0.0 0.06125 0.07125000000000001 0.0 0.0625 0.07125000000000001 0.0 0.06375 0.07125000000000001 0.0 0.065 0.07125000000000001 0.0 0.06625 0.07125000000000001 0.0 0.0675 0.07125000000000001 0.0 0.06875 0.07125000000000001 0.0 0.07 0.07125000000000001 0.0 0.07125000000000001 0.07125000000000001 0.0 0.0725 0.07125000000000001 0.0 0.07375 0.07125000000000001 0.0 0.075 0.07125000000000001 0.0 0.07625 0.07125000000000001 0.0 0.0775 0.07125000000000001 0.0 0.07875 0.07125000000000001 0.0 0.08 0.07125000000000001 0.0 0.08125 0.07125000000000001 0.0 0.0825 0.07125000000000001 0.0 0.08375 0.07125000000000001 0.0 0.085 0.07125000000000001 0.0 0.08625000000000001 0.07125000000000001 0.0 0.08750000000000001 0.07125000000000001 0.0 0.08875 0.07125000000000001 0.0 0.09 0.07125000000000001 0.0 0.09125 0.07125000000000001 0.0 0.0925 0.07125000000000001 0.0 0.09375 0.07125000000000001 0.0 0.095 0.07125000000000001 0.0 0.09625 0.07125000000000001 0.0 0.0975 0.07125000000000001 0.0 0.09875 0.07125000000000001 0.0 0.1 0.07125000000000001 0.0 0.0 0.0725 0.0 0.00125 0.0725 0.0 0.0025 0.0725 0.0 0.00375 0.0725 0.0 0.005 0.0725 0.0 0.00625 0.0725 0.0 0.0075 0.0725 0.0 0.00875 0.0725 0.0 0.01 0.0725 0.0 0.01125 0.0725 0.0 0.0125 0.0725 0.0 0.01375 0.0725 0.0 0.015 0.0725 0.0 0.01625 0.0725 0.0 0.0175 0.0725 0.0 0.01875 0.0725 0.0 0.02 0.0725 0.0 0.02125 0.0725 0.0 0.0225 0.0725 0.0 0.02375 0.0725 0.0 0.025 0.0725 0.0 0.02625 0.0725 0.0 0.0275 0.0725 0.0 0.02875 0.0725 0.0 0.03 0.0725 0.0 0.03125 0.0725 0.0 0.0325 0.0725 0.0 0.03375 0.0725 0.0 0.035 0.0725 0.0 0.03625 0.0725 0.0 0.0375 0.0725 0.0 0.03875 0.0725 0.0 0.04 0.0725 0.0 0.04125 0.0725 0.0 0.0425 0.0725 0.0 0.043750000000000004 0.0725 0.0 0.045 0.0725 0.0 0.04625 0.0725 0.0 0.0475 0.0725 0.0 0.04875 0.0725 0.0 0.05 0.0725 0.0 0.051250000000000004 0.0725 0.0 0.0525 0.0725 0.0 0.05375 0.0725 0.0 0.055 0.0725 0.0 0.05625 0.0725 0.0 0.0575 0.0725 0.0 0.058750000000000004 0.0725 0.0 0.06 0.0725 0.0 0.06125 0.0725 0.0 0.0625 0.0725 0.0 0.06375 0.0725 0.0 0.065 0.0725 0.0 0.06625 0.0725 0.0 0.0675 0.0725 0.0 0.06875 0.0725 0.0 0.07 0.0725 0.0 0.07125000000000001 0.0725 0.0 0.0725 0.0725 0.0 0.07375 0.0725 0.0 0.075 0.0725 0.0 0.07625 0.0725 0.0 0.0775 0.0725 0.0 0.07875 0.0725 0.0 0.08 0.0725 0.0 0.08125 0.0725 0.0 0.0825 0.0725 0.0 0.08375 0.0725 0.0 0.085 0.0725 0.0 0.08625000000000001 0.0725 0.0 0.08750000000000001 0.0725 0.0 0.08875 0.0725 0.0 0.09 0.0725 0.0 0.09125 0.0725 0.0 0.0925 0.0725 0.0 0.09375 0.0725 0.0 0.095 0.0725 0.0 0.09625 0.0725 0.0 0.0975 0.0725 0.0 0.09875 0.0725 0.0 0.1 0.0725 0.0 0.0 0.07375 0.0 0.00125 0.07375 0.0 0.0025 0.07375 0.0 0.00375 0.07375 0.0 0.005 0.07375 0.0 0.00625 0.07375 0.0 0.0075 0.07375 0.0 0.00875 0.07375 0.0 0.01 0.07375 0.0 0.01125 0.07375 0.0 0.0125 0.07375 0.0 0.01375 0.07375 0.0 0.015 0.07375 0.0 0.01625 0.07375 0.0 0.0175 0.07375 0.0 0.01875 0.07375 0.0 0.02 0.07375 0.0 0.02125 0.07375 0.0 0.0225 0.07375 0.0 0.02375 0.07375 0.0 0.025 0.07375 0.0 0.02625 0.07375 0.0 0.0275 0.07375 0.0 0.02875 0.07375 0.0 0.03 0.07375 0.0 0.03125 0.07375 0.0 0.0325 0.07375 0.0 0.03375 0.07375 0.0 0.035 0.07375 0.0 0.03625 0.07375 0.0 0.0375 0.07375 0.0 0.03875 0.07375 0.0 0.04 0.07375 0.0 0.04125 0.07375 0.0 0.0425 0.07375 0.0 0.043750000000000004 0.07375 0.0 0.045 0.07375 0.0 0.04625 0.07375 0.0 0.0475 0.07375 0.0 0.04875 0.07375 0.0 0.05 0.07375 0.0 0.051250000000000004 0.07375 0.0 0.0525 0.07375 0.0 0.05375 0.07375 0.0 0.055 0.07375 0.0 0.05625 0.07375 0.0 0.0575 0.07375 0.0 0.058750000000000004 0.07375 0.0 0.06 0.07375 0.0 0.06125 0.07375 0.0 0.0625 0.07375 0.0 0.06375 0.07375 0.0 0.065 0.07375 0.0 0.06625 0.07375 0.0 0.0675 0.07375 0.0 0.06875 0.07375 0.0 0.07 0.07375 0.0 0.07125000000000001 0.07375 0.0 0.0725 0.07375 0.0 0.07375 0.07375 0.0 0.075 0.07375 0.0 0.07625 0.07375 0.0 0.0775 0.07375 0.0 0.07875 0.07375 0.0 0.08 0.07375 0.0 0.08125 0.07375 0.0 0.0825 0.07375 0.0 0.08375 0.07375 0.0 0.085 0.07375 0.0 0.08625000000000001 0.07375 0.0 0.08750000000000001 0.07375 0.0 0.08875 0.07375 0.0 0.09 0.07375 0.0 0.09125 0.07375 0.0 0.0925 0.07375 0.0 0.09375 0.07375 0.0 0.095 0.07375 0.0 0.09625 0.07375 0.0 0.0975 0.07375 0.0 0.09875 0.07375 0.0 0.1 0.07375 0.0 0.0 0.075 0.0 0.00125 0.075 0.0 0.0025 0.075 0.0 0.00375 0.075 0.0 0.005 0.075 0.0 0.00625 0.075 0.0 0.0075 0.075 0.0 0.00875 0.075 0.0 0.01 0.075 0.0 0.01125 0.075 0.0 0.0125 0.075 0.0 0.01375 0.075 0.0 0.015 0.075 0.0 0.01625 0.075 0.0 0.0175 0.075 0.0 0.01875 0.075 0.0 0.02 0.075 0.0 0.02125 0.075 0.0 0.0225 0.075 0.0 0.02375 0.075 0.0 0.025 0.075 0.0 0.02625 0.075 0.0 0.0275 0.075 0.0 0.02875 0.075 0.0 0.03 0.075 0.0 0.03125 0.075 0.0 0.0325 0.075 0.0 0.03375 0.075 0.0 0.035 0.075 0.0 0.03625 0.075 0.0 0.0375 0.075 0.0 0.03875 0.075 0.0 0.04 0.075 0.0 0.04125 0.075 0.0 0.0425 0.075 0.0 0.043750000000000004 0.075 0.0 0.045 0.075 0.0 0.04625 0.075 0.0 0.0475 0.075 0.0 0.04875 0.075 0.0 0.05 0.075 0.0 0.051250000000000004 0.075 0.0 0.0525 0.075 0.0 0.05375 0.075 0.0 0.055 0.075 0.0 0.05625 0.075 0.0 0.0575 0.075 0.0 0.058750000000000004 0.075 0.0 0.06 0.075 0.0 0.06125 0.075 0.0 0.0625 0.075 0.0 0.06375 0.075 0.0 0.065 0.075 0.0 0.06625 0.075 0.0 0.0675 0.075 0.0 0.06875 0.075 0.0 0.07 0.075 0.0 0.07125000000000001 0.075 0.0 0.0725 0.075 0.0 0.07375 0.075 0.0 0.075 0.075 0.0 0.07625 0.075 0.0 0.0775 0.075 0.0 0.07875 0.075 0.0 0.08 0.075 0.0 0.08125 0.075 0.0 0.0825 0.075 0.0 0.08375 0.075 0.0 0.085 0.075 0.0 0.08625000000000001 0.075 0.0 0.08750000000000001 0.075 0.0 0.08875 0.075 0.0 0.09 0.075 0.0 0.09125 0.075 0.0 0.0925 0.075 0.0 0.09375 0.075 0.0 0.095 0.075 0.0 0.09625 0.075 0.0 0.0975 0.075 0.0 0.09875 0.075 0.0 0.1 0.075 0.0 0.0 0.07625 0.0 0.00125 0.07625 0.0 0.0025 0.07625 0.0 0.00375 0.07625 0.0 0.005 0.07625 0.0 0.00625 0.07625 0.0 0.0075 0.07625 0.0 0.00875 0.07625 0.0 0.01 0.07625 0.0 0.01125 0.07625 0.0 0.0125 0.07625 0.0 0.01375 0.07625 0.0 0.015 0.07625 0.0 0.01625 0.07625 0.0 0.0175 0.07625 0.0 0.01875 0.07625 0.0 0.02 0.07625 0.0 0.02125 0.07625 0.0 0.0225 0.07625 0.0 0.02375 0.07625 0.0 0.025 0.07625 0.0 0.02625 0.07625 0.0 0.0275 0.07625 0.0 0.02875 0.07625 0.0 0.03 0.07625 0.0 0.03125 0.07625 0.0 0.0325 0.07625 0.0 0.03375 0.07625 0.0 0.035 0.07625 0.0 0.03625 0.07625 0.0 0.0375 0.07625 0.0 0.03875 0.07625 0.0 0.04 0.07625 0.0 0.04125 0.07625 0.0 0.0425 0.07625 0.0 0.043750000000000004 0.07625 0.0 0.045 0.07625 0.0 0.04625 0.07625 0.0 0.0475 0.07625 0.0 0.04875 0.07625 0.0 0.05 0.07625 0.0 0.051250000000000004 0.07625 0.0 0.0525 0.07625 0.0 0.05375 0.07625 0.0 0.055 0.07625 0.0 0.05625 0.07625 0.0 0.0575 0.07625 0.0 0.058750000000000004 0.07625 0.0 0.06 0.07625 0.0 0.06125 0.07625 0.0 0.0625 0.07625 0.0 0.06375 0.07625 0.0 0.065 0.07625 0.0 0.06625 0.07625 0.0 0.0675 0.07625 0.0 0.06875 0.07625 0.0 0.07 0.07625 0.0 0.07125000000000001 0.07625 0.0 0.0725 0.07625 0.0 0.07375 0.07625 0.0 0.075 0.07625 0.0 0.07625 0.07625 0.0 0.0775 0.07625 0.0 0.07875 0.07625 0.0 0.08 0.07625 0.0 0.08125 0.07625 0.0 0.0825 0.07625 0.0 0.08375 0.07625 0.0 0.085 0.07625 0.0 0.08625000000000001 0.07625 0.0 0.08750000000000001 0.07625 0.0 0.08875 0.07625 0.0 0.09 0.07625 0.0 0.09125 0.07625 0.0 0.0925 0.07625 0.0 0.09375 0.07625 0.0 0.095 0.07625 0.0 0.09625 0.07625 0.0 0.0975 0.07625 0.0 0.09875 0.07625 0.0 0.1 0.07625 0.0 0.0 0.0775 0.0 0.00125 0.0775 0.0 0.0025 0.0775 0.0 0.00375 0.0775 0.0 0.005 0.0775 0.0 0.00625 0.0775 0.0 0.0075 0.0775 0.0 0.00875 0.0775 0.0 0.01 0.0775 0.0 0.01125 0.0775 0.0 0.0125 0.0775 0.0 0.01375 0.0775 0.0 0.015 0.0775 0.0 0.01625 0.0775 0.0 0.0175 0.0775 0.0 0.01875 0.0775 0.0 0.02 0.0775 0.0 0.02125 0.0775 0.0 0.0225 0.0775 0.0 0.02375 0.0775 0.0 0.025 0.0775 0.0 0.02625 0.0775 0.0 0.0275 0.0775 0.0 0.02875 0.0775 0.0 0.03 0.0775 0.0 0.03125 0.0775 0.0 0.0325 0.0775 0.0 0.03375 0.0775 0.0 0.035 0.0775 0.0 0.03625 0.0775 0.0 0.0375 0.0775 0.0 0.03875 0.0775 0.0 0.04 0.0775 0.0 0.04125 0.0775 0.0 0.0425 0.0775 0.0 0.043750000000000004 0.0775 0.0 0.045 0.0775 0.0 0.04625 0.0775 0.0 0.0475 0.0775 0.0 0.04875 0.0775 0.0 0.05 0.0775 0.0 0.051250000000000004 0.0775 0.0 0.0525 0.0775 0.0 0.05375 0.0775 0.0 0.055 0.0775 0.0 0.05625 0.0775 0.0 0.0575 0.0775 0.0 0.058750000000000004 0.0775 0.0 0.06 0.0775 0.0 0.06125 0.0775 0.0 0.0625 0.0775 0.0 0.06375 0.0775 0.0 0.065 0.0775 0.0 0.06625 0.0775 0.0 0.0675 0.0775 0.0 0.06875 0.0775 0.0 0.07 0.0775 0.0 0.07125000000000001 0.0775 0.0 0.0725 0.0775 0.0 0.07375 0.0775 0.0 0.075 0.0775 0.0 0.07625 0.0775 0.0 0.0775 0.0775 0.0 0.07875 0.0775 0.0 0.08 0.0775 0.0 0.08125 0.0775 0.0 0.0825 0.0775 0.0 0.08375 0.0775 0.0 0.085 0.0775 0.0 0.08625000000000001 0.0775 0.0 0.08750000000000001 0.0775 0.0 0.08875 0.0775 0.0 0.09 0.0775 0.0 0.09125 0.0775 0.0 0.0925 0.0775 0.0 0.09375 0.0775 0.0 0.095 0.0775 0.0 0.09625 0.0775 0.0 0.0975 0.0775 0.0 0.09875 0.0775 0.0 0.1 0.0775 0.0 0.0 0.07875 0.0 0.00125 0.07875 0.0 0.0025 0.07875 0.0 0.00375 0.07875 0.0 0.005 0.07875 0.0 0.00625 0.07875 0.0 0.0075 0.07875 0.0 0.00875 0.07875 0.0 0.01 0.07875 0.0 0.01125 0.07875 0.0 0.0125 0.07875 0.0 0.01375 0.07875 0.0 0.015 0.07875 0.0 0.01625 0.07875 0.0 0.0175 0.07875 0.0 0.01875 0.07875 0.0 0.02 0.07875 0.0 0.02125 0.07875 0.0 0.0225 0.07875 0.0 0.02375 0.07875 0.0 0.025 0.07875 0.0 0.02625 0.07875 0.0 0.0275 0.07875 0.0 0.02875 0.07875 0.0 0.03 0.07875 0.0 0.03125 0.07875 0.0 0.0325 0.07875 0.0 0.03375 0.07875 0.0 0.035 0.07875 0.0 0.03625 0.07875 0.0 0.0375 0.07875 0.0 0.03875 0.07875 0.0 0.04 0.07875 0.0 0.04125 0.07875 0.0 0.0425 0.07875 0.0 0.043750000000000004 0.07875 0.0 0.045 0.07875 0.0 0.04625 0.07875 0.0 0.0475 0.07875 0.0 0.04875 0.07875 0.0 0.05 0.07875 0.0 0.051250000000000004 0.07875 0.0 0.0525 0.07875 0.0 0.05375 0.07875 0.0 0.055 0.07875 0.0 0.05625 0.07875 0.0 0.0575 0.07875 0.0 0.058750000000000004 0.07875 0.0 0.06 0.07875 0.0 0.06125 0.07875 0.0 0.0625 0.07875 0.0 0.06375 0.07875 0.0 0.065 0.07875 0.0 0.06625 0.07875 0.0 0.0675 0.07875 0.0 0.06875 0.07875 0.0 0.07 0.07875 0.0 0.07125000000000001 0.07875 0.0 0.0725 0.07875 0.0 0.07375 0.07875 0.0 0.075 0.07875 0.0 0.07625 0.07875 0.0 0.0775 0.07875 0.0 0.07875 0.07875 0.0 0.08 0.07875 0.0 0.08125 0.07875 0.0 0.0825 0.07875 0.0 0.08375 0.07875 0.0 0.085 0.07875 0.0 0.08625000000000001 0.07875 0.0 0.08750000000000001 0.07875 0.0 0.08875 0.07875 0.0 0.09 0.07875 0.0 0.09125 0.07875 0.0 0.0925 0.07875 0.0 0.09375 0.07875 0.0 0.095 0.07875 0.0 0.09625 0.07875 0.0 0.0975 0.07875 0.0 0.09875 0.07875 0.0 0.1 0.07875 0.0 0.0 0.08 0.0 0.00125 0.08 0.0 0.0025 0.08 0.0 0.00375 0.08 0.0 0.005 0.08 0.0 0.00625 0.08 0.0 0.0075 0.08 0.0 0.00875 0.08 0.0 0.01 0.08 0.0 0.01125 0.08 0.0 0.0125 0.08 0.0 0.01375 0.08 0.0 0.015 0.08 0.0 0.01625 0.08 0.0 0.0175 0.08 0.0 0.01875 0.08 0.0 0.02 0.08 0.0 0.02125 0.08 0.0 0.0225 0.08 0.0 0.02375 0.08 0.0 0.025 0.08 0.0 0.02625 0.08 0.0 0.0275 0.08 0.0 0.02875 0.08 0.0 0.03 0.08 0.0 0.03125 0.08 0.0 0.0325 0.08 0.0 0.03375 0.08 0.0 0.035 0.08 0.0 0.03625 0.08 0.0 0.0375 0.08 0.0 0.03875 0.08 0.0 0.04 0.08 0.0 0.04125 0.08 0.0 0.0425 0.08 0.0 0.043750000000000004 0.08 0.0 0.045 0.08 0.0 0.04625 0.08 0.0 0.0475 0.08 0.0 0.04875 0.08 0.0 0.05 0.08 0.0 0.051250000000000004 0.08 0.0 0.0525 0.08 0.0 0.05375 0.08 0.0 0.055 0.08 0.0 0.05625 0.08 0.0 0.0575 0.08 0.0 0.058750000000000004 0.08 0.0 0.06 0.08 0.0 0.06125 0.08 0.0 0.0625 0.08 0.0 0.06375 0.08 0.0 0.065 0.08 0.0 0.06625 0.08 0.0 0.0675 0.08 0.0 0.06875 0.08 0.0 0.07 0.08 0.0 0.07125000000000001 0.08 0.0 0.0725 0.08 0.0 0.07375 0.08 0.0 0.075 0.08 0.0 0.07625 0.08 0.0 0.0775 0.08 0.0 0.07875 0.08 0.0 0.08 0.08 0.0 0.08125 0.08 0.0 0.0825 0.08 0.0 0.08375 0.08 0.0 0.085 0.08 0.0 0.08625000000000001 0.08 0.0 0.08750000000000001 0.08 0.0 0.08875 0.08 0.0 0.09 0.08 0.0 0.09125 0.08 0.0 0.0925 0.08 0.0 0.09375 0.08 0.0 0.095 0.08 0.0 0.09625 0.08 0.0 0.0975 0.08 0.0 0.09875 0.08 0.0 0.1 0.08 0.0 0.0 0.08125 0.0 0.00125 0.08125 0.0 0.0025 0.08125 0.0 0.00375 0.08125 0.0 0.005 0.08125 0.0 0.00625 0.08125 0.0 0.0075 0.08125 0.0 0.00875 0.08125 0.0 0.01 0.08125 0.0 0.01125 0.08125 0.0 0.0125 0.08125 0.0 0.01375 0.08125 0.0 0.015 0.08125 0.0 0.01625 0.08125 0.0 0.0175 0.08125 0.0 0.01875 0.08125 0.0 0.02 0.08125 0.0 0.02125 0.08125 0.0 0.0225 0.08125 0.0 0.02375 0.08125 0.0 0.025 0.08125 0.0 0.02625 0.08125 0.0 0.0275 0.08125 0.0 0.02875 0.08125 0.0 0.03 0.08125 0.0 0.03125 0.08125 0.0 0.0325 0.08125 0.0 0.03375 0.08125 0.0 0.035 0.08125 0.0 0.03625 0.08125 0.0 0.0375 0.08125 0.0 0.03875 0.08125 0.0 0.04 0.08125 0.0 0.04125 0.08125 0.0 0.0425 0.08125 0.0 0.043750000000000004 0.08125 0.0 0.045 0.08125 0.0 0.04625 0.08125 0.0 0.0475 0.08125 0.0 0.04875 0.08125 0.0 0.05 0.08125 0.0 0.051250000000000004 0.08125 0.0 0.0525 0.08125 0.0 0.05375 0.08125 0.0 0.055 0.08125 0.0 0.05625 0.08125 0.0 0.0575 0.08125 0.0 0.058750000000000004 0.08125 0.0 0.06 0.08125 0.0 0.06125 0.08125 0.0 0.0625 0.08125 0.0 0.06375 0.08125 0.0 0.065 0.08125 0.0 0.06625 0.08125 0.0 0.0675 0.08125 0.0 0.06875 0.08125 0.0 0.07 0.08125 0.0 0.07125000000000001 0.08125 0.0 0.0725 0.08125 0.0 0.07375 0.08125 0.0 0.075 0.08125 0.0 0.07625 0.08125 0.0 0.0775 0.08125 0.0 0.07875 0.08125 0.0 0.08 0.08125 0.0 0.08125 0.08125 0.0 0.0825 0.08125 0.0 0.08375 0.08125 0.0 0.085 0.08125 0.0 0.08625000000000001 0.08125 0.0 0.08750000000000001 0.08125 0.0 0.08875 0.08125 0.0 0.09 0.08125 0.0 0.09125 0.08125 0.0 0.0925 0.08125 0.0 0.09375 0.08125 0.0 0.095 0.08125 0.0 0.09625 0.08125 0.0 0.0975 0.08125 0.0 0.09875 0.08125 0.0 0.1 0.08125 0.0 0.0 0.0825 0.0 0.00125 0.0825 0.0 0.0025 0.0825 0.0 0.00375 0.0825 0.0 0.005 0.0825 0.0 0.00625 0.0825 0.0 0.0075 0.0825 0.0 0.00875 0.0825 0.0 0.01 0.0825 0.0 0.01125 0.0825 0.0 0.0125 0.0825 0.0 0.01375 0.0825 0.0 0.015 0.0825 0.0 0.01625 0.0825 0.0 0.0175 0.0825 0.0 0.01875 0.0825 0.0 0.02 0.0825 0.0 0.02125 0.0825 0.0 0.0225 0.0825 0.0 0.02375 0.0825 0.0 0.025 0.0825 0.0 0.02625 0.0825 0.0 0.0275 0.0825 0.0 0.02875 0.0825 0.0 0.03 0.0825 0.0 0.03125 0.0825 0.0 0.0325 0.0825 0.0 0.03375 0.0825 0.0 0.035 0.0825 0.0 0.03625 0.0825 0.0 0.0375 0.0825 0.0 0.03875 0.0825 0.0 0.04 0.0825 0.0 0.04125 0.0825 0.0 0.0425 0.0825 0.0 0.043750000000000004 0.0825 0.0 0.045 0.0825 0.0 0.04625 0.0825 0.0 0.0475 0.0825 0.0 0.04875 0.0825 0.0 0.05 0.0825 0.0 0.051250000000000004 0.0825 0.0 0.0525 0.0825 0.0 0.05375 0.0825 0.0 0.055 0.0825 0.0 0.05625 0.0825 0.0 0.0575 0.0825 0.0 0.058750000000000004 0.0825 0.0 0.06 0.0825 0.0 0.06125 0.0825 0.0 0.0625 0.0825 0.0 0.06375 0.0825 0.0 0.065 0.0825 0.0 0.06625 0.0825 0.0 0.0675 0.0825 0.0 0.06875 0.0825 0.0 0.07 0.0825 0.0 0.07125000000000001 0.0825 0.0 0.0725 0.0825 0.0 0.07375 0.0825 0.0 0.075 0.0825 0.0 0.07625 0.0825 0.0 0.0775 0.0825 0.0 0.07875 0.0825 0.0 0.08 0.0825 0.0 0.08125 0.0825 0.0 0.0825 0.0825 0.0 0.08375 0.0825 0.0 0.085 0.0825 0.0 0.08625000000000001 0.0825 0.0 0.08750000000000001 0.0825 0.0 0.08875 0.0825 0.0 0.09 0.0825 0.0 0.09125 0.0825 0.0 0.0925 0.0825 0.0 0.09375 0.0825 0.0 0.095 0.0825 0.0 0.09625 0.0825 0.0 0.0975 0.0825 0.0 0.09875 0.0825 0.0 0.1 0.0825 0.0 0.0 0.08375 0.0 0.00125 0.08375 0.0 0.0025 0.08375 0.0 0.00375 0.08375 0.0 0.005 0.08375 0.0 0.00625 0.08375 0.0 0.0075 0.08375 0.0 0.00875 0.08375 0.0 0.01 0.08375 0.0 0.01125 0.08375 0.0 0.0125 0.08375 0.0 0.01375 0.08375 0.0 0.015 0.08375 0.0 0.01625 0.08375 0.0 0.0175 0.08375 0.0 0.01875 0.08375 0.0 0.02 0.08375 0.0 0.02125 0.08375 0.0 0.0225 0.08375 0.0 0.02375 0.08375 0.0 0.025 0.08375 0.0 0.02625 0.08375 0.0 0.0275 0.08375 0.0 0.02875 0.08375 0.0 0.03 0.08375 0.0 0.03125 0.08375 0.0 0.0325 0.08375 0.0 0.03375 0.08375 0.0 0.035 0.08375 0.0 0.03625 0.08375 0.0 0.0375 0.08375 0.0 0.03875 0.08375 0.0 0.04 0.08375 0.0 0.04125 0.08375 0.0 0.0425 0.08375 0.0 0.043750000000000004 0.08375 0.0 0.045 0.08375 0.0 0.04625 0.08375 0.0 0.0475 0.08375 0.0 0.04875 0.08375 0.0 0.05 0.08375 0.0 0.051250000000000004 0.08375 0.0 0.0525 0.08375 0.0 0.05375 0.08375 0.0 0.055 0.08375 0.0 0.05625 0.08375 0.0 0.0575 0.08375 0.0 0.058750000000000004 0.08375 0.0 0.06 0.08375 0.0 0.06125 0.08375 0.0 0.0625 0.08375 0.0 0.06375 0.08375 0.0 0.065 0.08375 0.0 0.06625 0.08375 0.0 0.0675 0.08375 0.0 0.06875 0.08375 0.0 0.07 0.08375 0.0 0.07125000000000001 0.08375 0.0 0.0725 0.08375 0.0 0.07375 0.08375 0.0 0.075 0.08375 0.0 0.07625 0.08375 0.0 0.0775 0.08375 0.0 0.07875 0.08375 0.0 0.08 0.08375 0.0 0.08125 0.08375 0.0 0.0825 0.08375 0.0 0.08375 0.08375 0.0 0.085 0.08375 0.0 0.08625000000000001 0.08375 0.0 0.08750000000000001 0.08375 0.0 0.08875 0.08375 0.0 0.09 0.08375 0.0 0.09125 0.08375 0.0 0.0925 0.08375 0.0 0.09375 0.08375 0.0 0.095 0.08375 0.0 0.09625 0.08375 0.0 0.0975 0.08375 0.0 0.09875 0.08375 0.0 0.1 0.08375 0.0 0.0 0.085 0.0 0.00125 0.085 0.0 0.0025 0.085 0.0 0.00375 0.085 0.0 0.005 0.085 0.0 0.00625 0.085 0.0 0.0075 0.085 0.0 0.00875 0.085 0.0 0.01 0.085 0.0 0.01125 0.085 0.0 0.0125 0.085 0.0 0.01375 0.085 0.0 0.015 0.085 0.0 0.01625 0.085 0.0 0.0175 0.085 0.0 0.01875 0.085 0.0 0.02 0.085 0.0 0.02125 0.085 0.0 0.0225 0.085 0.0 0.02375 0.085 0.0 0.025 0.085 0.0 0.02625 0.085 0.0 0.0275 0.085 0.0 0.02875 0.085 0.0 0.03 0.085 0.0 0.03125 0.085 0.0 0.0325 0.085 0.0 0.03375 0.085 0.0 0.035 0.085 0.0 0.03625 0.085 0.0 0.0375 0.085 0.0 0.03875 0.085 0.0 0.04 0.085 0.0 0.04125 0.085 0.0 0.0425 0.085 0.0 0.043750000000000004 0.085 0.0 0.045 0.085 0.0 0.04625 0.085 0.0 0.0475 0.085 0.0 0.04875 0.085 0.0 0.05 0.085 0.0 0.051250000000000004 0.085 0.0 0.0525 0.085 0.0 0.05375 0.085 0.0 0.055 0.085 0.0 0.05625 0.085 0.0 0.0575 0.085 0.0 0.058750000000000004 0.085 0.0 0.06 0.085 0.0 0.06125 0.085 0.0 0.0625 0.085 0.0 0.06375 0.085 0.0 0.065 0.085 0.0 0.06625 0.085 0.0 0.0675 0.085 0.0 0.06875 0.085 0.0 0.07 0.085 0.0 0.07125000000000001 0.085 0.0 0.0725 0.085 0.0 0.07375 0.085 0.0 0.075 0.085 0.0 0.07625 0.085 0.0 0.0775 0.085 0.0 0.07875 0.085 0.0 0.08 0.085 0.0 0.08125 0.085 0.0 0.0825 0.085 0.0 0.08375 0.085 0.0 0.085 0.085 0.0 0.08625000000000001 0.085 0.0 0.08750000000000001 0.085 0.0 0.08875 0.085 0.0 0.09 0.085 0.0 0.09125 0.085 0.0 0.0925 0.085 0.0 0.09375 0.085 0.0 0.095 0.085 0.0 0.09625 0.085 0.0 0.0975 0.085 0.0 0.09875 0.085 0.0 0.1 0.085 0.0 0.0 0.08625000000000001 0.0 0.00125 0.08625000000000001 0.0 0.0025 0.08625000000000001 0.0 0.00375 0.08625000000000001 0.0 0.005 0.08625000000000001 0.0 0.00625 0.08625000000000001 0.0 0.0075 0.08625000000000001 0.0 0.00875 0.08625000000000001 0.0 0.01 0.08625000000000001 0.0 0.01125 0.08625000000000001 0.0 0.0125 0.08625000000000001 0.0 0.01375 0.08625000000000001 0.0 0.015 0.08625000000000001 0.0 0.01625 0.08625000000000001 0.0 0.0175 0.08625000000000001 0.0 0.01875 0.08625000000000001 0.0 0.02 0.08625000000000001 0.0 0.02125 0.08625000000000001 0.0 0.0225 0.08625000000000001 0.0 0.02375 0.08625000000000001 0.0 0.025 0.08625000000000001 0.0 0.02625 0.08625000000000001 0.0 0.0275 0.08625000000000001 0.0 0.02875 0.08625000000000001 0.0 0.03 0.08625000000000001 0.0 0.03125 0.08625000000000001 0.0 0.0325 0.08625000000000001 0.0 0.03375 0.08625000000000001 0.0 0.035 0.08625000000000001 0.0 0.03625 0.08625000000000001 0.0 0.0375 0.08625000000000001 0.0 0.03875 0.08625000000000001 0.0 0.04 0.08625000000000001 0.0 0.04125 0.08625000000000001 0.0 0.0425 0.08625000000000001 0.0 0.043750000000000004 0.08625000000000001 0.0 0.045 0.08625000000000001 0.0 0.04625 0.08625000000000001 0.0 0.0475 0.08625000000000001 0.0 0.04875 0.08625000000000001 0.0 0.05 0.08625000000000001 0.0 0.051250000000000004 0.08625000000000001 0.0 0.0525 0.08625000000000001 0.0 0.05375 0.08625000000000001 0.0 0.055 0.08625000000000001 0.0 0.05625 0.08625000000000001 0.0 0.0575 0.08625000000000001 0.0 0.058750000000000004 0.08625000000000001 0.0 0.06 0.08625000000000001 0.0 0.06125 0.08625000000000001 0.0 0.0625 0.08625000000000001 0.0 0.06375 0.08625000000000001 0.0 0.065 0.08625000000000001 0.0 0.06625 0.08625000000000001 0.0 0.0675 0.08625000000000001 0.0 0.06875 0.08625000000000001 0.0 0.07 0.08625000000000001 0.0 0.07125000000000001 0.08625000000000001 0.0 0.0725 0.08625000000000001 0.0 0.07375 0.08625000000000001 0.0 0.075 0.08625000000000001 0.0 0.07625 0.08625000000000001 0.0 0.0775 0.08625000000000001 0.0 0.07875 0.08625000000000001 0.0 0.08 0.08625000000000001 0.0 0.08125 0.08625000000000001 0.0 0.0825 0.08625000000000001 0.0 0.08375 0.08625000000000001 0.0 0.085 0.08625000000000001 0.0 0.08625000000000001 0.08625000000000001 0.0 0.08750000000000001 0.08625000000000001 0.0 0.08875 0.08625000000000001 0.0 0.09 0.08625000000000001 0.0 0.09125 0.08625000000000001 0.0 0.0925 0.08625000000000001 0.0 0.09375 0.08625000000000001 0.0 0.095 0.08625000000000001 0.0 0.09625 0.08625000000000001 0.0 0.0975 0.08625000000000001 0.0 0.09875 0.08625000000000001 0.0 0.1 0.08625000000000001 0.0 0.0 0.08750000000000001 0.0 0.00125 0.08750000000000001 0.0 0.0025 0.08750000000000001 0.0 0.00375 0.08750000000000001 0.0 0.005 0.08750000000000001 0.0 0.00625 0.08750000000000001 0.0 0.0075 0.08750000000000001 0.0 0.00875 0.08750000000000001 0.0 0.01 0.08750000000000001 0.0 0.01125 0.08750000000000001 0.0 0.0125 0.08750000000000001 0.0 0.01375 0.08750000000000001 0.0 0.015 0.08750000000000001 0.0 0.01625 0.08750000000000001 0.0 0.0175 0.08750000000000001 0.0 0.01875 0.08750000000000001 0.0 0.02 0.08750000000000001 0.0 0.02125 0.08750000000000001 0.0 0.0225 0.08750000000000001 0.0 0.02375 0.08750000000000001 0.0 0.025 0.08750000000000001 0.0 0.02625 0.08750000000000001 0.0 0.0275 0.08750000000000001 0.0 0.02875 0.08750000000000001 0.0 0.03 0.08750000000000001 0.0 0.03125 0.08750000000000001 0.0 0.0325 0.08750000000000001 0.0 0.03375 0.08750000000000001 0.0 0.035 0.08750000000000001 0.0 0.03625 0.08750000000000001 0.0 0.0375 0.08750000000000001 0.0 0.03875 0.08750000000000001 0.0 0.04 0.08750000000000001 0.0 0.04125 0.08750000000000001 0.0 0.0425 0.08750000000000001 0.0 0.043750000000000004 0.08750000000000001 0.0 0.045 0.08750000000000001 0.0 0.04625 0.08750000000000001 0.0 0.0475 0.08750000000000001 0.0 0.04875 0.08750000000000001 0.0 0.05 0.08750000000000001 0.0 0.051250000000000004 0.08750000000000001 0.0 0.0525 0.08750000000000001 0.0 0.05375 0.08750000000000001 0.0 0.055 0.08750000000000001 0.0 0.05625 0.08750000000000001 0.0 0.0575 0.08750000000000001 0.0 0.058750000000000004 0.08750000000000001 0.0 0.06 0.08750000000000001 0.0 0.06125 0.08750000000000001 0.0 0.0625 0.08750000000000001 0.0 0.06375 0.08750000000000001 0.0 0.065 0.08750000000000001 0.0 0.06625 0.08750000000000001 0.0 0.0675 0.08750000000000001 0.0 0.06875 0.08750000000000001 0.0 0.07 0.08750000000000001 0.0 0.07125000000000001 0.08750000000000001 0.0 0.0725 0.08750000000000001 0.0 0.07375 0.08750000000000001 0.0 0.075 0.08750000000000001 0.0 0.07625 0.08750000000000001 0.0 0.0775 0.08750000000000001 0.0 0.07875 0.08750000000000001 0.0 0.08 0.08750000000000001 0.0 0.08125 0.08750000000000001 0.0 0.0825 0.08750000000000001 0.0 0.08375 0.08750000000000001 0.0 0.085 0.08750000000000001 0.0 0.08625000000000001 0.08750000000000001 0.0 0.08750000000000001 0.08750000000000001 0.0 0.08875 0.08750000000000001 0.0 0.09 0.08750000000000001 0.0 0.09125 0.08750000000000001 0.0 0.0925 0.08750000000000001 0.0 0.09375 0.08750000000000001 0.0 0.095 0.08750000000000001 0.0 0.09625 0.08750000000000001 0.0 0.0975 0.08750000000000001 0.0 0.09875 0.08750000000000001 0.0 0.1 0.08750000000000001 0.0 0.0 0.08875 0.0 0.00125 0.08875 0.0 0.0025 0.08875 0.0 0.00375 0.08875 0.0 0.005 0.08875 0.0 0.00625 0.08875 0.0 0.0075 0.08875 0.0 0.00875 0.08875 0.0 0.01 0.08875 0.0 0.01125 0.08875 0.0 0.0125 0.08875 0.0 0.01375 0.08875 0.0 0.015 0.08875 0.0 0.01625 0.08875 0.0 0.0175 0.08875 0.0 0.01875 0.08875 0.0 0.02 0.08875 0.0 0.02125 0.08875 0.0 0.0225 0.08875 0.0 0.02375 0.08875 0.0 0.025 0.08875 0.0 0.02625 0.08875 0.0 0.0275 0.08875 0.0 0.02875 0.08875 0.0 0.03 0.08875 0.0 0.03125 0.08875 0.0 0.0325 0.08875 0.0 0.03375 0.08875 0.0 0.035 0.08875 0.0 0.03625 0.08875 0.0 0.0375 0.08875 0.0 0.03875 0.08875 0.0 0.04 0.08875 0.0 0.04125 0.08875 0.0 0.0425 0.08875 0.0 0.043750000000000004 0.08875 0.0 0.045 0.08875 0.0 0.04625 0.08875 0.0 0.0475 0.08875 0.0 0.04875 0.08875 0.0 0.05 0.08875 0.0 0.051250000000000004 0.08875 0.0 0.0525 0.08875 0.0 0.05375 0.08875 0.0 0.055 0.08875 0.0 0.05625 0.08875 0.0 0.0575 0.08875 0.0 0.058750000000000004 0.08875 0.0 0.06 0.08875 0.0 0.06125 0.08875 0.0 0.0625 0.08875 0.0 0.06375 0.08875 0.0 0.065 0.08875 0.0 0.06625 0.08875 0.0 0.0675 0.08875 0.0 0.06875 0.08875 0.0 0.07 0.08875 0.0 0.07125000000000001 0.08875 0.0 0.0725 0.08875 0.0 0.07375 0.08875 0.0 0.075 0.08875 0.0 0.07625 0.08875 0.0 0.0775 0.08875 0.0 0.07875 0.08875 0.0 0.08 0.08875 0.0 0.08125 0.08875 0.0 0.0825 0.08875 0.0 0.08375 0.08875 0.0 0.085 0.08875 0.0 0.08625000000000001 0.08875 0.0 0.08750000000000001 0.08875 0.0 0.08875 0.08875 0.0 0.09 0.08875 0.0 0.09125 0.08875 0.0 0.0925 0.08875 0.0 0.09375 0.08875 0.0 0.095 0.08875 0.0 0.09625 0.08875 0.0 0.0975 0.08875 0.0 0.09875 0.08875 0.0 0.1 0.08875 0.0 0.0 0.09 0.0 0.00125 0.09 0.0 0.0025 0.09 0.0 0.00375 0.09 0.0 0.005 0.09 0.0 0.00625 0.09 0.0 0.0075 0.09 0.0 0.00875 0.09 0.0 0.01 0.09 0.0 0.01125 0.09 0.0 0.0125 0.09 0.0 0.01375 0.09 0.0 0.015 0.09 0.0 0.01625 0.09 0.0 0.0175 0.09 0.0 0.01875 0.09 0.0 0.02 0.09 0.0 0.02125 0.09 0.0 0.0225 0.09 0.0 0.02375 0.09 0.0 0.025 0.09 0.0 0.02625 0.09 0.0 0.0275 0.09 0.0 0.02875 0.09 0.0 0.03 0.09 0.0 0.03125 0.09 0.0 0.0325 0.09 0.0 0.03375 0.09 0.0 0.035 0.09 0.0 0.03625 0.09 0.0 0.0375 0.09 0.0 0.03875 0.09 0.0 0.04 0.09 0.0 0.04125 0.09 0.0 0.0425 0.09 0.0 0.043750000000000004 0.09 0.0 0.045 0.09 0.0 0.04625 0.09 0.0 0.0475 0.09 0.0 0.04875 0.09 0.0 0.05 0.09 0.0 0.051250000000000004 0.09 0.0 0.0525 0.09 0.0 0.05375 0.09 0.0 0.055 0.09 0.0 0.05625 0.09 0.0 0.0575 0.09 0.0 0.058750000000000004 0.09 0.0 0.06 0.09 0.0 0.06125 0.09 0.0 0.0625 0.09 0.0 0.06375 0.09 0.0 0.065 0.09 0.0 0.06625 0.09 0.0 0.0675 0.09 0.0 0.06875 0.09 0.0 0.07 0.09 0.0 0.07125000000000001 0.09 0.0 0.0725 0.09 0.0 0.07375 0.09 0.0 0.075 0.09 0.0 0.07625 0.09 0.0 0.0775 0.09 0.0 0.07875 0.09 0.0 0.08 0.09 0.0 0.08125 0.09 0.0 0.0825 0.09 0.0 0.08375 0.09 0.0 0.085 0.09 0.0 0.08625000000000001 0.09 0.0 0.08750000000000001 0.09 0.0 0.08875 0.09 0.0 0.09 0.09 0.0 0.09125 0.09 0.0 0.0925 0.09 0.0 0.09375 0.09 0.0 0.095 0.09 0.0 0.09625 0.09 0.0 0.0975 0.09 0.0 0.09875 0.09 0.0 0.1 0.09 0.0 0.0 0.09125 0.0 0.00125 0.09125 0.0 0.0025 0.09125 0.0 0.00375 0.09125 0.0 0.005 0.09125 0.0 0.00625 0.09125 0.0 0.0075 0.09125 0.0 0.00875 0.09125 0.0 0.01 0.09125 0.0 0.01125 0.09125 0.0 0.0125 0.09125 0.0 0.01375 0.09125 0.0 0.015 0.09125 0.0 0.01625 0.09125 0.0 0.0175 0.09125 0.0 0.01875 0.09125 0.0 0.02 0.09125 0.0 0.02125 0.09125 0.0 0.0225 0.09125 0.0 0.02375 0.09125 0.0 0.025 0.09125 0.0 0.02625 0.09125 0.0 0.0275 0.09125 0.0 0.02875 0.09125 0.0 0.03 0.09125 0.0 0.03125 0.09125 0.0 0.0325 0.09125 0.0 0.03375 0.09125 0.0 0.035 0.09125 0.0 0.03625 0.09125 0.0 0.0375 0.09125 0.0 0.03875 0.09125 0.0 0.04 0.09125 0.0 0.04125 0.09125 0.0 0.0425 0.09125 0.0 0.043750000000000004 0.09125 0.0 0.045 0.09125 0.0 0.04625 0.09125 0.0 0.0475 0.09125 0.0 0.04875 0.09125 0.0 0.05 0.09125 0.0 0.051250000000000004 0.09125 0.0 0.0525 0.09125 0.0 0.05375 0.09125 0.0 0.055 0.09125 0.0 0.05625 0.09125 0.0 0.0575 0.09125 0.0 0.058750000000000004 0.09125 0.0 0.06 0.09125 0.0 0.06125 0.09125 0.0 0.0625 0.09125 0.0 0.06375 0.09125 0.0 0.065 0.09125 0.0 0.06625 0.09125 0.0 0.0675 0.09125 0.0 0.06875 0.09125 0.0 0.07 0.09125 0.0 0.07125000000000001 0.09125 0.0 0.0725 0.09125 0.0 0.07375 0.09125 0.0 0.075 0.09125 0.0 0.07625 0.09125 0.0 0.0775 0.09125 0.0 0.07875 0.09125 0.0 0.08 0.09125 0.0 0.08125 0.09125 0.0 0.0825 0.09125 0.0 0.08375 0.09125 0.0 0.085 0.09125 0.0 0.08625000000000001 0.09125 0.0 0.08750000000000001 0.09125 0.0 0.08875 0.09125 0.0 0.09 0.09125 0.0 0.09125 0.09125 0.0 0.0925 0.09125 0.0 0.09375 0.09125 0.0 0.095 0.09125 0.0 0.09625 0.09125 0.0 0.0975 0.09125 0.0 0.09875 0.09125 0.0 0.1 0.09125 0.0 0.0 0.0925 0.0 0.00125 0.0925 0.0 0.0025 0.0925 0.0 0.00375 0.0925 0.0 0.005 0.0925 0.0 0.00625 0.0925 0.0 0.0075 0.0925 0.0 0.00875 0.0925 0.0 0.01 0.0925 0.0 0.01125 0.0925 0.0 0.0125 0.0925 0.0 0.01375 0.0925 0.0 0.015 0.0925 0.0 0.01625 0.0925 0.0 0.0175 0.0925 0.0 0.01875 0.0925 0.0 0.02 0.0925 0.0 0.02125 0.0925 0.0 0.0225 0.0925 0.0 0.02375 0.0925 0.0 0.025 0.0925 0.0 0.02625 0.0925 0.0 0.0275 0.0925 0.0 0.02875 0.0925 0.0 0.03 0.0925 0.0 0.03125 0.0925 0.0 0.0325 0.0925 0.0 0.03375 0.0925 0.0 0.035 0.0925 0.0 0.03625 0.0925 0.0 0.0375 0.0925 0.0 0.03875 0.0925 0.0 0.04 0.0925 0.0 0.04125 0.0925 0.0 0.0425 0.0925 0.0 0.043750000000000004 0.0925 0.0 0.045 0.0925 0.0 0.04625 0.0925 0.0 0.0475 0.0925 0.0 0.04875 0.0925 0.0 0.05 0.0925 0.0 0.051250000000000004 0.0925 0.0 0.0525 0.0925 0.0 0.05375 0.0925 0.0 0.055 0.0925 0.0 0.05625 0.0925 0.0 0.0575 0.0925 0.0 0.058750000000000004 0.0925 0.0 0.06 0.0925 0.0 0.06125 0.0925 0.0 0.0625 0.0925 0.0 0.06375 0.0925 0.0 0.065 0.0925 0.0 0.06625 0.0925 0.0 0.0675 0.0925 0.0 0.06875 0.0925 0.0 0.07 0.0925 0.0 0.07125000000000001 0.0925 0.0 0.0725 0.0925 0.0 0.07375 0.0925 0.0 0.075 0.0925 0.0 0.07625 0.0925 0.0 0.0775 0.0925 0.0 0.07875 0.0925 0.0 0.08 0.0925 0.0 0.08125 0.0925 0.0 0.0825 0.0925 0.0 0.08375 0.0925 0.0 0.085 0.0925 0.0 0.08625000000000001 0.0925 0.0 0.08750000000000001 0.0925 0.0 0.08875 0.0925 0.0 0.09 0.0925 0.0 0.09125 0.0925 0.0 0.0925 0.0925 0.0 0.09375 0.0925 0.0 0.095 0.0925 0.0 0.09625 0.0925 0.0 0.0975 0.0925 0.0 0.09875 0.0925 0.0 0.1 0.0925 0.0 0.0 0.09375 0.0 0.00125 0.09375 0.0 0.0025 0.09375 0.0 0.00375 0.09375 0.0 0.005 0.09375 0.0 0.00625 0.09375 0.0 0.0075 0.09375 0.0 0.00875 0.09375 0.0 0.01 0.09375 0.0 0.01125 0.09375 0.0 0.0125 0.09375 0.0 0.01375 0.09375 0.0 0.015 0.09375 0.0 0.01625 0.09375 0.0 0.0175 0.09375 0.0 0.01875 0.09375 0.0 0.02 0.09375 0.0 0.02125 0.09375 0.0 0.0225 0.09375 0.0 0.02375 0.09375 0.0 0.025 0.09375 0.0 0.02625 0.09375 0.0 0.0275 0.09375 0.0 0.02875 0.09375 0.0 0.03 0.09375 0.0 0.03125 0.09375 0.0 0.0325 0.09375 0.0 0.03375 0.09375 0.0 0.035 0.09375 0.0 0.03625 0.09375 0.0 0.0375 0.09375 0.0 0.03875 0.09375 0.0 0.04 0.09375 0.0 0.04125 0.09375 0.0 0.0425 0.09375 0.0 0.043750000000000004 0.09375 0.0 0.045 0.09375 0.0 0.04625 0.09375 0.0 0.0475 0.09375 0.0 0.04875 0.09375 0.0 0.05 0.09375 0.0 0.051250000000000004 0.09375 0.0 0.0525 0.09375 0.0 0.05375 0.09375 0.0 0.055 0.09375 0.0 0.05625 0.09375 0.0 0.0575 0.09375 0.0 0.058750000000000004 0.09375 0.0 0.06 0.09375 0.0 0.06125 0.09375 0.0 0.0625 0.09375 0.0 0.06375 0.09375 0.0 0.065 0.09375 0.0 0.06625 0.09375 0.0 0.0675 0.09375 0.0 0.06875 0.09375 0.0 0.07 0.09375 0.0 0.07125000000000001 0.09375 0.0 0.0725 0.09375 0.0 0.07375 0.09375 0.0 0.075 0.09375 0.0 0.07625 0.09375 0.0 0.0775 0.09375 0.0 0.07875 0.09375 0.0 0.08 0.09375 0.0 0.08125 0.09375 0.0 0.0825 0.09375 0.0 0.08375 0.09375 0.0 0.085 0.09375 0.0 0.08625000000000001 0.09375 0.0 0.08750000000000001 0.09375 0.0 0.08875 0.09375 0.0 0.09 0.09375 0.0 0.09125 0.09375 0.0 0.0925 0.09375 0.0 0.09375 0.09375 0.0 0.095 0.09375 0.0 0.09625 0.09375 0.0 0.0975 0.09375 0.0 0.09875 0.09375 0.0 0.1 0.09375 0.0 0.0 0.095 0.0 0.00125 0.095 0.0 0.0025 0.095 0.0 0.00375 0.095 0.0 0.005 0.095 0.0 0.00625 0.095 0.0 0.0075 0.095 0.0 0.00875 0.095 0.0 0.01 0.095 0.0 0.01125 0.095 0.0 0.0125 0.095 0.0 0.01375 0.095 0.0 0.015 0.095 0.0 0.01625 0.095 0.0 0.0175 0.095 0.0 0.01875 0.095 0.0 0.02 0.095 0.0 0.02125 0.095 0.0 0.0225 0.095 0.0 0.02375 0.095 0.0 0.025 0.095 0.0 0.02625 0.095 0.0 0.0275 0.095 0.0 0.02875 0.095 0.0 0.03 0.095 0.0 0.03125 0.095 0.0 0.0325 0.095 0.0 0.03375 0.095 0.0 0.035 0.095 0.0 0.03625 0.095 0.0 0.0375 0.095 0.0 0.03875 0.095 0.0 0.04 0.095 0.0 0.04125 0.095 0.0 0.0425 0.095 0.0 0.043750000000000004 0.095 0.0 0.045 0.095 0.0 0.04625 0.095 0.0 0.0475 0.095 0.0 0.04875 0.095 0.0 0.05 0.095 0.0 0.051250000000000004 0.095 0.0 0.0525 0.095 0.0 0.05375 0.095 0.0 0.055 0.095 0.0 0.05625 0.095 0.0 0.0575 0.095 0.0 0.058750000000000004 0.095 0.0 0.06 0.095 0.0 0.06125 0.095 0.0 0.0625 0.095 0.0 0.06375 0.095 0.0 0.065 0.095 0.0 0.06625 0.095 0.0 0.0675 0.095 0.0 0.06875 0.095 0.0 0.07 0.095 0.0 0.07125000000000001 0.095 0.0 0.0725 0.095 0.0 0.07375 0.095 0.0 0.075 0.095 0.0 0.07625 0.095 0.0 0.0775 0.095 0.0 0.07875 0.095 0.0 0.08 0.095 0.0 0.08125 0.095 0.0 0.0825 0.095 0.0 0.08375 0.095 0.0 0.085 0.095 0.0 0.08625000000000001 0.095 0.0 0.08750000000000001 0.095 0.0 0.08875 0.095 0.0 0.09 0.095 0.0 0.09125 0.095 0.0 0.0925 0.095 0.0 0.09375 0.095 0.0 0.095 0.095 0.0 0.09625 0.095 0.0 0.0975 0.095 0.0 0.09875 0.095 0.0 0.1 0.095 0.0 0.0 0.09625 0.0 0.00125 0.09625 0.0 0.0025 0.09625 0.0 0.00375 0.09625 0.0 0.005 0.09625 0.0 0.00625 0.09625 0.0 0.0075 0.09625 0.0 0.00875 0.09625 0.0 0.01 0.09625 0.0 0.01125 0.09625 0.0 0.0125 0.09625 0.0 0.01375 0.09625 0.0 0.015 0.09625 0.0 0.01625 0.09625 0.0 0.0175 0.09625 0.0 0.01875 0.09625 0.0 0.02 0.09625 0.0 0.02125 0.09625 0.0 0.0225 0.09625 0.0 0.02375 0.09625 0.0 0.025 0.09625 0.0 0.02625 0.09625 0.0 0.0275 0.09625 0.0 0.02875 0.09625 0.0 0.03 0.09625 0.0 0.03125 0.09625 0.0 0.0325 0.09625 0.0 0.03375 0.09625 0.0 0.035 0.09625 0.0 0.03625 0.09625 0.0 0.0375 0.09625 0.0 0.03875 0.09625 0.0 0.04 0.09625 0.0 0.04125 0.09625 0.0 0.0425 0.09625 0.0 0.043750000000000004 0.09625 0.0 0.045 0.09625 0.0 0.04625 0.09625 0.0 0.0475 0.09625 0.0 0.04875 0.09625 0.0 0.05 0.09625 0.0 0.051250000000000004 0.09625 0.0 0.0525 0.09625 0.0 0.05375 0.09625 0.0 0.055 0.09625 0.0 0.05625 0.09625 0.0 0.0575 0.09625 0.0 0.058750000000000004 0.09625 0.0 0.06 0.09625 0.0 0.06125 0.09625 0.0 0.0625 0.09625 0.0 0.06375 0.09625 0.0 0.065 0.09625 0.0 0.06625 0.09625 0.0 0.0675 0.09625 0.0 0.06875 0.09625 0.0 0.07 0.09625 0.0 0.07125000000000001 0.09625 0.0 0.0725 0.09625 0.0 0.07375 0.09625 0.0 0.075 0.09625 0.0 0.07625 0.09625 0.0 0.0775 0.09625 0.0 0.07875 0.09625 0.0 0.08 0.09625 0.0 0.08125 0.09625 0.0 0.0825 0.09625 0.0 0.08375 0.09625 0.0 0.085 0.09625 0.0 0.08625000000000001 0.09625 0.0 0.08750000000000001 0.09625 0.0 0.08875 0.09625 0.0 0.09 0.09625 0.0 0.09125 0.09625 0.0 0.0925 0.09625 0.0 0.09375 0.09625 0.0 0.095 0.09625 0.0 0.09625 0.09625 0.0 0.0975 0.09625 0.0 0.09875 0.09625 0.0 0.1 0.09625 0.0 0.0 0.0975 0.0 0.00125 0.0975 0.0 0.0025 0.0975 0.0 0.00375 0.0975 0.0 0.005 0.0975 0.0 0.00625 0.0975 0.0 0.0075 0.0975 0.0 0.00875 0.0975 0.0 0.01 0.0975 0.0 0.01125 0.0975 0.0 0.0125 0.0975 0.0 0.01375 0.0975 0.0 0.015 0.0975 0.0 0.01625 0.0975 0.0 0.0175 0.0975 0.0 0.01875 0.0975 0.0 0.02 0.0975 0.0 0.02125 0.0975 0.0 0.0225 0.0975 0.0 0.02375 0.0975 0.0 0.025 0.0975 0.0 0.02625 0.0975 0.0 0.0275 0.0975 0.0 0.02875 0.0975 0.0 0.03 0.0975 0.0 0.03125 0.0975 0.0 0.0325 0.0975 0.0 0.03375 0.0975 0.0 0.035 0.0975 0.0 0.03625 0.0975 0.0 0.0375 0.0975 0.0 0.03875 0.0975 0.0 0.04 0.0975 0.0 0.04125 0.0975 0.0 0.0425 0.0975 0.0 0.043750000000000004 0.0975 0.0 0.045 0.0975 0.0 0.04625 0.0975 0.0 0.0475 0.0975 0.0 0.04875 0.0975 0.0 0.05 0.0975 0.0 0.051250000000000004 0.0975 0.0 0.0525 0.0975 0.0 0.05375 0.0975 0.0 0.055 0.0975 0.0 0.05625 0.0975 0.0 0.0575 0.0975 0.0 0.058750000000000004 0.0975 0.0 0.06 0.0975 0.0 0.06125 0.0975 0.0 0.0625 0.0975 0.0 0.06375 0.0975 0.0 0.065 0.0975 0.0 0.06625 0.0975 0.0 0.0675 0.0975 0.0 0.06875 0.0975 0.0 0.07 0.0975 0.0 0.07125000000000001 0.0975 0.0 0.0725 0.0975 0.0 0.07375 0.0975 0.0 0.075 0.0975 0.0 0.07625 0.0975 0.0 0.0775 0.0975 0.0 0.07875 0.0975 0.0 0.08 0.0975 0.0 0.08125 0.0975 0.0 0.0825 0.0975 0.0 0.08375 0.0975 0.0 0.085 0.0975 0.0 0.08625000000000001 0.0975 0.0 0.08750000000000001 0.0975 0.0 0.08875 0.0975 0.0 0.09 0.0975 0.0 0.09125 0.0975 0.0 0.0925 0.0975 0.0 0.09375 0.0975 0.0 0.095 0.0975 0.0 0.09625 0.0975 0.0 0.0975 0.0975 0.0 0.09875 0.0975 0.0 0.1 0.0975 0.0 0.0 0.09875 0.0 0.00125 0.09875 0.0 0.0025 0.09875 0.0 0.00375 0.09875 0.0 0.005 0.09875 0.0 0.00625 0.09875 0.0 0.0075 0.09875 0.0 0.00875 0.09875 0.0 0.01 0.09875 0.0 0.01125 0.09875 0.0 0.0125 0.09875 0.0 0.01375 0.09875 0.0 0.015 0.09875 0.0 0.01625 0.09875 0.0 0.0175 0.09875 0.0 0.01875 0.09875 0.0 0.02 0.09875 0.0 0.02125 0.09875 0.0 0.0225 0.09875 0.0 0.02375 0.09875 0.0 0.025 0.09875 0.0 0.02625 0.09875 0.0 0.0275 0.09875 0.0 0.02875 0.09875 0.0 0.03 0.09875 0.0 0.03125 0.09875 0.0 0.0325 0.09875 0.0 0.03375 0.09875 0.0 0.035 0.09875 0.0 0.03625 0.09875 0.0 0.0375 0.09875 0.0 0.03875 0.09875 0.0 0.04 0.09875 0.0 0.04125 0.09875 0.0 0.0425 0.09875 0.0 0.043750000000000004 0.09875 0.0 0.045 0.09875 0.0 0.04625 0.09875 0.0 0.0475 0.09875 0.0 0.04875 0.09875 0.0 0.05 0.09875 0.0 0.051250000000000004 0.09875 0.0 0.0525 0.09875 0.0 0.05375 0.09875 0.0 0.055 0.09875 0.0 0.05625 0.09875 0.0 0.0575 0.09875 0.0 0.058750000000000004 0.09875 0.0 0.06 0.09875 0.0 0.06125 0.09875 0.0 0.0625 0.09875 0.0 0.06375 0.09875 0.0 0.065 0.09875 0.0 0.06625 0.09875 0.0 0.0675 0.09875 0.0 0.06875 0.09875 0.0 0.07 0.09875 0.0 0.07125000000000001 0.09875 0.0 0.0725 0.09875 0.0 0.07375 0.09875 0.0 0.075 0.09875 0.0 0.07625 0.09875 0.0 0.0775 0.09875 0.0 0.07875 0.09875 0.0 0.08 0.09875 0.0 0.08125 0.09875 0.0 0.0825 0.09875 0.0 0.08375 0.09875 0.0 0.085 0.09875 0.0 0.08625000000000001 0.09875 0.0 0.08750000000000001 0.09875 0.0 0.08875 0.09875 0.0 0.09 0.09875 0.0 0.09125 0.09875 0.0 0.0925 0.09875 0.0 0.09375 0.09875 0.0 0.095 0.09875 0.0 0.09625 0.09875 0.0 0.0975 0.09875 0.0 0.09875 0.09875 0.0 0.1 0.09875 0.0 0.0 0.1 0.0 0.00125 0.1 0.0 0.0025 0.1 0.0 0.00375 0.1 0.0 0.005 0.1 0.0 0.00625 0.1 0.0 0.0075 0.1 0.0 0.00875 0.1 0.0 0.01 0.1 0.0 0.01125 0.1 0.0 0.0125 0.1 0.0 0.01375 0.1 0.0 0.015 0.1 0.0 0.01625 0.1 0.0 0.0175 0.1 0.0 0.01875 0.1 0.0 0.02 0.1 0.0 0.02125 0.1 0.0 0.0225 0.1 0.0 0.02375 0.1 0.0 0.025 0.1 0.0 0.02625 0.1 0.0 0.0275 0.1 0.0 0.02875 0.1 0.0 0.03 0.1 0.0 0.03125 0.1 0.0 0.0325 0.1 0.0 0.03375 0.1 0.0 0.035 0.1 0.0 0.03625 0.1 0.0 0.0375 0.1 0.0 0.03875 0.1 0.0 0.04 0.1 0.0 0.04125 0.1 0.0 0.0425 0.1 0.0 0.043750000000000004 0.1 0.0 0.045 0.1 0.0 0.04625 0.1 0.0 0.0475 0.1 0.0 0.04875 0.1 0.0 0.05 0.1 0.0 0.051250000000000004 0.1 0.0 0.0525 0.1 0.0 0.05375 0.1 0.0 0.055 0.1 0.0 0.05625 0.1 0.0 0.0575 0.1 0.0 0.058750000000000004 0.1 0.0 0.06 0.1 0.0 0.06125 0.1 0.0 0.0625 0.1 0.0 0.06375 0.1 0.0 0.065 0.1 0.0 0.06625 0.1 0.0 0.0675 0.1 0.0 0.06875 0.1 0.0 0.07 0.1 0.0 0.07125000000000001 0.1 0.0 0.0725 0.1 0.0 0.07375 0.1 0.0 0.075 0.1 0.0 0.07625 0.1 0.0 0.0775 0.1 0.0 0.07875 0.1 0.0 0.08 0.1 0.0 0.08125 0.1 0.0 0.0825 0.1 0.0 0.08375 0.1 0.0 0.085 0.1 0.0 0.08625000000000001 0.1 0.0 0.08750000000000001 0.1 0.0 0.08875 0.1 0.0 0.09 0.1 0.0 0.09125 0.1 0.0 0.0925 0.1 0.0 0.09375 0.1 0.0 0.095 0.1 0.0 0.09625 0.1 0.0 0.0975 0.1 0.0 0.09875 0.1 0.0 0.1 0.1 0.0
</DataArray>
</Points>
<Cells>
<DataArray type="Int64" Name="connectivity" format="ascii">
0 1 82 81 1 2 83 82 2 3 84 83 3 4 85 84 4 5 86 85 5 6 87 86 6 7 88 87 7 8 89 88 8 9 90 89 9 10 91 90 10 11 92 91 11 12 93 92 12 13 94 93 13 14 95 94 14 15 96 95 15 16 97 96 16 17 98 97 17 18 99 98 18 19 100 99 19 20 101 100 20 21 102 101 21 22 103 102 22 23 104 103 23 24 105 104 24 25 106 105 25 26 107 106 26 27 108 107 27 28 109 108 28 29 110 109 29 30 111 110 30 31 112 111 31 32 113 112 32 33 114 113 33 34 115 114 34 35 116 115 35 36 117 116 36 37 118 117 37 38 119 118 38 39 120 119 39 40 121 120 40 41 122 121 41 42 123 122 42 43 124 123 43 44 125 124 44 45 126 125 45 46 127 126 46 47 128 127 47 48 129 128 48 49 130 129 49 50 131 130 50 51 132 131 51 52 133 132 52 53 134 133 53 54 135 134 54 55 136 135 55 56 137 136 56 57 138 137 57 58 139 138 58 59 140 139 59 60 141 140 60 61 142 141 61 62 143 142 62 63 144 143 63 64 145 144 64 65 146 145 65 66 147 146 66 67 148 147 67 68 149 148 68 69 150 149 69 70 151 150 70 71 152 151 71 72 153 152 72 73 154 153 73 74 155 154 74 75 156 155 75 76 157 156 76 77 158 157 77 78 159 158 78 79 160 159 79 80 161 160 81 82 163 162 82 83 164 163 83 84 165 164 84 85 166 165 85 86 167 166 86 87 168 167 87 88 169 168 88 89 170 169 89 90 171 170 90 91 172 171 91 92 173 172 92 93 174 173 93 94 175 174 94 95 176 175 95 96 177 176 96 97 178 177 97 98 179 178 98 99 180 179 99 100 181 180 100 101 182 181 101 102 183 182 102 103 184 183 103 104 185 184 104 105 186 185 105 106 187 186 106 107 188 187 107 108 189 188 108 109 190 189 109 110 191 190 110 111 192 191 111 112 193 192 112 113 194 193 113 114 195 194 114 115 196 195 115 116 197 196 116 117 198 197 117 118 199 198 118 119 200 199 119 120 201 200 120 121 202 201 121 122 203 202 122 123 204 203 123 124 205 204 124 125 206 205 125 126 207 206 126 127 208 207 127 128 209 208 128 129 210 209 129 130 211 210 130 131 212 211 131 132 213 212 132 133 214 213 133 134 215 214 134 135 216 215 135 136 217 216 136 137 218 217 137 138 219 218 138 139 220 219 139 140 221 220 140 141 222 221 141 142 223 222 142 143 224 223 143 144 225 224 144 145 226 225 145 146 227 226 146 147 228 227 147 148 229 228 148 149 230 229 149 150 231 230 150 151 232 231 151 152 233 232 152 153 234 233 153 154 235 234 154 155 236 235 155 156 237 236 156 157 238 237 157 158 239 238 158 159 240 239 159 160 241 240 160 161 242 241 162 163 244 243 163 164 245 244 164 165 246 245 165 166 247 246 166 167 248 247 167 168 249 248 168 169 250 249 169 170 251 250 170 171 252 251 171 172 253 252 172 173 254 253 173 174 255 254 174 175 256 255 175 176 257 256 176 177 258 257 177 178 259 258 178 179 260 259 179 180 261 260 180 181 262 261 181 182 263 262 182 183 264 263 183 184 265 264 184 185 266 265 185 186 267 266 186 187 268 267 187 188 269 268 188 189 270 269 189 190 271 270 190 191 272 271 191 192 273 272 192 193 274 273 193 194 275 274 194 195 276 275 195 196 277 276 196 197 278 277 197 198 279 278 198 199 280 279 199 200 281 280 200 201 282 281 201 202 283 282 202 203 284 283 203 204 285 284 204 205 286 285 205 206 287 286 206 207 288 287 207 208 289 288 208 209 290 289 209 210 291 290 210 211 292 291 211 212 293 292 212 213 294 293 213 214 295 294 214 215 296 295 215 216 297 296 216 217 298 297 217 218 299 298 218 219 300 299 219 220 301 300 220 221 302 301 221 222 303 302 222 223 304 303 223 224 305 304 224 225 306 305 225 226 307 306 226 227 308 307 227 228 309 308 228 229 310 309 229 230 311 310 230 231 312 311 231 232 313 312 232 233 314 313 233 234 315 314 234 235 316 315 235 236 317 316 236 237 318 317 237 238 319 318 238 239 320 319 239 240 321 320 240 241 322 321 241 242 323 322 243 244 325 324 244 245 326 325 245 246 327 326 246 247 328 327 247 248 329 328 248 249 330 329 249 250 331 330 250 251 332 331 251 252 333 332 252 253 334 333 253 254 335 334 254 255 336 335 255 256 337 336 256 257 338 337 257 258 339 338 258 259 340 339 259 260 341 340 260 261 342 341 261 262 343 342 262 263 344 343 263 264 345 344 264 265 346 345 265 266 347 346 266 267 348 347 267 268 349 348 268 269 350 349 269 270 351 350 270 271 352 351 271 272 353 352 272 273 354 353 273 274 355 354 274 275 356 355 275 276 357 356 276 277 358 357 277 278 359 358 278 279 360 359 279 280 361 360 280 281 362 361 281 282 363 362 282 283 364 363 283 284 365 364 284 285 366 365 285 286 367 366 286 287 368 367 287 288 369 368 288 289 370 369 289 290 371 370 290 291 372 371 291 292 373 372 292 293 374 373 293 294 375 374 294 295 376 375 295 296 377 376 296 297 378 377 297 298 379 378 298 299 380 379 299 300 381 380 300 301 382 381 301 302 383 382 302 303 384 383 303 304 385 384 304 305 386 385 305 306 387 386 306 307 388 387 307 308 389 388 308 309 390 389 309 310 391 390 310 311 392 391 311 312 393 392 312 313 394 393 313 314 395 394 314 315 396 395 315 316 397 396 316 317 398 397 317 318 399 398 318 319 400 399 319 320 401 400 320 321 402 401 321 322 403 402 322 323 404 403 324 325 406 405 325 326 407 406 326 327 408 407 327 328 409 408 328 329 410 409 329 330 411 410 330 331 412 411 331 332 413 412 332 333 414 413 333 334 415 414 334 335 416 415 335 336 417 416 336 337 418 417 337 338 419 418 338 339 420 419 339 340 421 420 340 341 422 421 341 342 423 422 342 343 424 423 343 344 425 424 344 345 426 425 345 346 427 426 346 347 428 427 347 348 429 428 348 349 430 429 349 350 431 430 350 351 432 431 351 352 433 432 352 353 434 433 353 354 435 434 354 355 436 435 355 356 437 436 356 357 438 437 357 358 439 438 358 359 440 439 359 360 441 440 360 361 442 441 361 362 443 442 362 363 444 443 363 364 445 444 364 365 446 445 365 366 447 446 366 367 448 447 367 368 449 448 368 369 450 449 369 370 451 450 370 371 452 451 371 372 453 452 372 373 454 453 373 374 455 454 374 375 456 455 375 376 457 456 376 377 458 457 377 378 459 458 378 379 460 459 379 380 461 460 380 381 462 461 381 382 463 462 382 383 464 463 383 384 465 464 384 385 466 465 385 386 467 466 386 387 468 467 387 388 469 468 388 389 470 469 389 390 471 470 390 391 472 471 391 392 473 472 392 393 474 473 393 394 475 474 394 395 476 475 395 396 477 476 396 397 478 477 397 398 479 478 398 399 480 479 399 400 481 480 400 401 482 481 401 402 483 482 402 403 484 483 403 404 485 484 405 406 487 486 406 407 488 487 407 408 489 488 408 409 490 489 409 410 491 490 410 411 492 491 411 412 493 492 412 413 494 493 413 414 495 494 414 415 496 495 415 416 497 496 416 417 498 497 417 418 499 498 418 419 500 499 419 420 501 500 420 421 502 501 421 422 503 502 422 423 504 503 423 424 505 504 424 425 506 505 425 426 507 506 426 427 508 507 427 428 509 508 428 429 510 509 429 430 511 510 430 431 512 511 431 432 513 512 432 433 514 513 433 434 515 514 434 435 516 515 435 436 517 516 436 437 518 517 437 438 519 518 438 439 520 519 439 440 521 520 440 441 522 521 441 442 523 522 442 443 524 523 443 444 525 524 444 445 526 525 445 446 527 526 446 447 528 527 447 448 529 528 448 449 530 529 449 450 531 530 450 451 532 531 451 452 533 532 452 453 534 533 453 454 535 534 454 455 536 535 455 456 537 536 456 457 538 537 457 458 539 538 458 459 540 539 459 460 541 540 460 461 542 541 461 462 543 542 462 463 544 543 463 464 545 544 464 465 546 545 465 466 547 546 466 467 548 547 467 468 549 548 468 469 550 549 469 470 551 550 470 471 552 551 471 472 553 552 472 473 554 553 473 474 555 554 474 475 556 555 475 476 557 556 476 477 558 557 477 478 559 558 478 479 560 559 479 480 561 560 480 481 562 561 481 482 563 562 482 483 564 563 483 484 565 564 484 485 566 565 486 487 568 567 487 488 569 568 488 489 570 569 489 490 571 570 490 491 572 571 491 492 573 572 492 493 574 573 493 494 575 574 494 495 576 575 495 496 577 576 496 497 578 577 497 498 579 578 498 499 580 579 499 500 581 580 500 501 582 581 501 502 583 582 502 503 584 583 503 504 585 584 504 505 586 585 505 506 587 586 506 507 588 587 507 508 589 588 508 509 590 589 509 510 591 590 510 511 592 591 511 512 593 592 512 513 594 593 513 514 595 594 514 515 596 595 515 516 597 596 516 517 598 597 517 518 599 598 518 519 600 599 519 520 601 600 520 521 602 601 521 522 603 602 522 523 604 603 523 524 605 604 524 525 606 605 525 526 607 606 526 527 608 607 527 528 609 608 528 529 610 609 529 530 611 610 530 531 612 611 531 532 613 612 532 533 614 613 533 534 615 614 534 535 616 615 535 536 617 616 536 537 618 617 537 538 619 618 538 539 620 619 539 540 621 620 540 541 622 621 541 542 623 622 542 543 624 623 543 544 625 624 544 545 626 625 545 546 627 626 546 547 628 627 547 548 629 628 548 549 630 629 549 550 631 630 550 551 632 631 551 552 633 632 552 553 634 633 553 554 635 634 554 555 636 635 555 556 637 636 556 557 638 637 557 558 639 638 558 559 640 639 559 560 641 640 560 561 642 641 561 562 643 642 562 563 644 643 563 564 645 644 564 565 646 645 565 566 647 646 567 568 649 648 568 569 650 649 569 570 651 650 570 571 652 651 571 572 653 652 572 573 654 653 573 574 655 654 574 575 656 655 575 576 657 656 576 577 658 657 577 578 659 658 578 579 660 659 579 580 661 660 580 581 662 661 581 582 663 662 582 583 664 663 583 584 665 664 584 585 666 665 585 586 667 666 586 587 668 667 587 588 669 668 588 589 670 669 589 590 671 670 590 591 672 671 591 592 673 672 592 593 674 673 593 594 675 674 594 595 676 675 595 596 677 676 596 597 678 677 597 598 679 678 598 599 680 679 599 600 681 680 600 601 682 681 601 602 683 682 602 603 684 683 603 604 685 684 604 605 686 685 605 606 687 686 606 607 688 687 607 608 689 688 608 609 690 689 609 610 691 690 610 611 692 691 611 612 693 692 612 613 694 693 613 614 695 694 614 615 696 695 615 616 697 696 616 617 698 697 617 618 699 698 618 619 700 699 619 620 701 700 620 621 702 701 621 622 703 702 622 623 704 703 623 624 705 704 624 625 706 705 625 626 707 706 626 627 708 707 627 628 709 708 628 629 710 709 629 630 711 710 630 631 712 711 631 632 713 712 632 633 714 713 633 634 715 714 634 635 716 715 635 636 717 716 636 637 718 717 637 638 719 718 638 639 720 719 639 640 721 720 640 641 722 721 641 642 723 722 642 643 724 723 643 644 725 724 644 645 726 725 645 646 727 726 646 647 728 727 648 649 730 729 649 650 731 730 650 651 732 731 651 652 733 732 652 653 734 733 653 654 735 734 654 655 736 735 655 656 737 736 656 657 738 737 657 658 739 738 658 659 740 739 659 660 741 740 660 661 742 741 661 662 743 742 662 663 744 743 663 664 745 744 664 665 746 745 665 666 747 746 666 667 748 747 667 668 749 748 668 669 750 749 669 670 751 750 670 671 752 751 671 672 753 752 672 673 754 753 673 674 755 754 674 675 756 755 675 676 757 756 676 677 758 757 677 678 759 758 678 679 760 759 679 680 761 760 680 681 762 761 681 682 763 762 682 683 764 763 683 684 765 764 684 685 766 765 685 686 767 766 686 687 768 767 687 688 769 768 688 689 770 769 689 690 771 770 690 691 772 771 691 692 773 772 692 693 774 773 693 694 775 774 694 695 776 775 695 696 777 776 696 697 778 777 697 698 779 778 698 699 780 779 699 700 781 780 700 701 782 781 701 702 783 782 702 703 784 783 703 704 785 784 704 705 786 785 705 706 787 786 706 707 788 787 707 708 789 788 708 709 790 789 709 710 791 790 710 711 792 791 711 712 793 792 712 713 794 793 713 714 795 794 714 715 796 795 715 716 797 796 716 717 798 797 717 718 799 798 718 719 800 799 719 720 801 800 720 721 802 801 721 722 803 802 722 723 804 803 723 724 805 804 724 725 806 805 725 726 807 806 726 727 808 807 727 728 809 808 729 730 811 810 730 731 812 811 731 732 813 812 732 733 814 813 733 734 815 814 734 735 816 815 735 736 817 816 736 737 818 817 737 738 819 818 738 739 820 819 739 740 821 820 740 741 822 821 741 742 823 822 742 743 824 823 743 744 825 824 744 745 826 825 745 746 827 826 746 747 828 827 747 748 829 828 748 749 830 829 749 750 831 830 750 751 832 831 751 752 833 832 752 753 834 833 753 754 835 834 754 755 836 835 755 756 837 836 756 757 838 837 757 758 839 838 758 759 840 839 759 760 841 840 760 761 842 841 761 762 843 842 762 763 844 843 763 764 845 844 764 765 846 845 765 766 847 846 766 767 848 847 767 768 849 848 768 769 850 849 769 770 851 850 770 771 852 851 771 772 853 852 772 773 854 853 773 774 855 854 774 775 856 855 775 776 857 856 776 777 858 857 777 778 859 858 778 779 860 859 779 780 861 860 780 781 862 861 781 782 863 862 782 783 864 863 783 784 865 864 784 785 866 865 785 786 867 866 786 787 868 867 787 788 869 868 788 789 870 869 789 790 871 870 790 791 872 871 791 792 873 872 792 793 874 873 793 794 875 874 794 795 876 875 795 796 877 876 796 797 878 877 797 798 879 878 798 799 880 879 799 800 881 880 800 801 882 881 801 802 883 882 802 803 884 883 803 804 885 884 804 805 886 885 805 806 887 886 806 807 888 887 807 808 889 888 808 809 890 889 810 811 892 891 811 812 893 892 812 813 894 893 813 814 895 894 814 815 896 895 815 816 897 896 816 817 898 897 817 818 899 898 818 819 900 899 819 820 901 900 820 821 902 901 821 822 903 902 822 823 904 903 823 824 905 904 824 825 906 905 825 826 907 906 826 827 908 907 827 828 909 908 828 829 910 909 829 830 911 910 830 831 912 911 831 832 913 912 832 833 914 913 833 834 915 914 834 835 916 915 835 836 917 916 836 837 918 917 837 838 919 918 838 839 920 919 839 840 921 920 840 841 922 921 841 842 923 922 842 843 924 923 843 844 925 924 844 845 926 925 845 846 927 926 846 847 928 927 847 848 929 928 848 849 930 929 849 850 931 930 850 851 932 931 851 852 933 932 852 853 934 933 853 854 935 934 854 855 936 935 855 856 937 936 856 857 938 937 857 858 939 938 858 859 940 939 859 860 941 940 860 861 942 941 861 862 943 942 862 863 944 943 863 864 945 944 864 865 946 945 865 866 947 946 866 867 948 947 867 868 949 948 868 869 950 949 869 870 951 950 870 871 952 951 871 872 953 952 872 873 954 953 873 874 955 954 874 875 956 955 875 876 957 956 876 877 958 957 877 878 959 958 878 879 960 959 879 880 961 960 880 881 962 961 881 882 963 962 882 883 964 963 883 884 965 964 884 885 966 965 885 886 967 966 886 887 968 967 887 888 969 968 888 889 970 969 889 890 971 970 891 892 973 972 892 893 974 973 893 894 975 974 894 895 976 975 895 896 977 976 896 897 978 977 897 898 979 978 898 899 980 979 899 900 981 980 900 901 982 981 901 902 983 982 902 903 984 983 903 904 985 984 904 905 986 985 905 906 987 986 906 907 988 987 907 908 989 988 908 909 990 989 909 910 991 990 910 911 992 991 911 912 993 992 912 913 994 993 913 914 995 994 914 915 996 995 915 916 997 996 916 917 998 997 917 918 999 998 918 919 1000 999 919 920 1001 1000 920 921 1002 1001 921 922 1003 1002 922 923 1004 1003 923 924 1005 1004 924 925 1006 1005 925 926 1007 1006 926 927 1008 1007 927 928 1009 1008 928 929 1010 1009 929 930 1011 1010 930 931 1012 1011 931 932 1013 1012 932 933 1014 1013 933 934 1015 1014 934 935 1016 1015 935 936 1017 1016 936 937 1018 1017 937 938 1019 1018 938 939 1020 1019 939 940 1021 1020 940 941 1022 1021 941 942 1023 1022 942 943 1024 1023 943 944 1025 1024 944 945 1026 1025 945 946 1027 1026 946 947 1028 1027 947 948 1029 1028 948 949 1030 1029 949 950 1031 1030 950 951 1032 1031 951 952 1033 1032 952 953 1034 1033 953 954 1035 1034 954 955 1036 1035 955 956 1037 1036 956 957 1038 1037 957 958 1039 1038 958 959 1040 1039 959 960 1041 1040 960 961 1042 1041 961 962 1043 1042 962 963 1044 1043 963 964 1045 1044 964 965 1046 1045 965 966 1047 1046 966 967 1048 1047 967 968 1049 1048 968 969 1050 1049 969 970 1051 1050 970 971 1052 1051 972 973 1054 1053 973 974 1055 1054 974 975 1056 1055 975 976 1057 1056 976 977 1058 1057 977 978 1059 1058 978 979 1060 1059 979 980 1061 1060 980 981 1062 1061 981 982 1063 1062 982 983 1064 1063 983 984 1065 1064 984 985 1066 1065 985 986 1067 1066 986 987 1068 1067 987 988 1069 1068 988 989 1070 1069 989 990 1071 1070 990 991 1072 1071 991 992 1073 1072 992 993 1074 1073 993 994 1075 1074 994 995 1076 1075 995 996 1077 1076 996 997 1078 1077 997 998 1079 1078 998 999 1080 1079 999 1000 1081 1080 1000 1001 1082 1081 1001 1002 1083 1082 1002 1003 1084 1083 1003 1004 1085 1084 1004 1005 1086 1085 1005 1006 1087 1086 1006 1007 1088 1087 1007 1008 1089 1088 1008 1009 1090 1089 1009 1010 1091 1090 1010 1011 1092 1091 1011 1012 1093 1092 1012 1013 1094 1093 1013 1014 1095 1094 1014 1015 1096 1095 1015 1016 1097 1096 1016 1017 1098 1097 1017 1018 1099 1098 1018 1019 1100 1099 1019 1020 1101 1100 1020 1021 1102 1101 1021 1022 1103 1102 1022 1023 1104 1103 1023 1024 1105 1104 1024 1025 1106 1105 1025 1026 1107 1106 1026 1027 1108 1107 1027 1028 1109 1108 1028 1029 1110 1109 1029 1030 1111 1110 1030 1031 1112 1111 1031 1032 1113 1112 1032 1033 1114 1113 1033 1034 1115 1114 1034 1035 1116 1115 1035 1036 1117 1116 1036 1037 1118 1117 1037 1038 1119 1118 1038 1039 1120 1119 1039 1040 1121 1120 1040 1041 1122 1121 1041 1042 1123 1122 1042 1043 1124 1123 1043 1044 1125 1124 1044 1045 1126 1125 1045 1046 1127 1126 1046 1047 1128 1127 1047 1048 1129 1128 1048 1049 1130 1129 1049 1050 1131 1130 1050 1051 1132 1131 1051 1052 1133 1132 1053 1054 1135 1134 1054 1055 1136 1135 1055 1056 1137 1136 1056 1057 1138 1137 1057 1058 1139 1138 1058 1059 1140 1139 1059 1060 1141 1140 1060 1061 1142 1141 1061 1062 1143 1142 1062 1063 1144 1143 1063 1064 1145 1144 1064 1065 1146 1145 1065 1066 1147 1146 1066 1067 1148 1147 1067 1068 1149 1148 1068 1069 1150 1149 1069 1070 1151 1150 1070 1071 1152 1151 1071 1072 1153 1152 1072 1073 1154 1153 1073 1074 1155 1154 1074 1075 1156 1155 1075 1076 1157 1156 1076 1077 1158 1157 1077 1078 1159 1158 1078 1079 1160 1159 1079 1080 1161 1160 1080 1081 1162 1161 1081 1082 1163 1162 1082 1083 1164 1163 1083 1084 1165 1164 1084 1085 1166 1165 1085 1086 1167 1166 1086 1087 1168 1167 1087 1088 1169 1168 1088 1089 1170 1169 1089 1090 1171 1170 1090 1091 1172 1171 1091 1092 1173 1172 1092 1093 1174 1173 1093 1094 1175 1174 1094 1095 1176 1175 1095 1096 1177 1176 1096 1097 1178 1177 1097 1098 1179 1178 1098 1099 1180 1179 1099 1100 1181 1180 1100 1101 1182 1181 1101 1102 1183 1182 1102 1103 1184 1183 1103 1104 1185 1184 1104 1105 1186 1185 1105 1106 1187 1186 1106 1107 1188 1187 1107 1108 1189 1188 1108 1109 1190 1189 1109 1110 1191 1190 1110 1111 1192 1191 1111 1112 1193 1192 1112 1113 1194 1193 1113 1114 1195 1194 1114 1115 1196 1195 1115 1116 1197 1196 1116 1117 1198 1197 1117 1118 1199 1198 1118 1119 1200 1199 1119 1120 1201 1200 1120 1121 1202 1201 1121 1122 1203 1202 1122 1123 1204 1203 1123 1124 1205 1204 1124 1125 1206 1205 1125 1126 1207 1206 1126 1127 1208 1207 1127 1128 1209 1208 1128 1129 1210 1209 1129 1130 1211 1210 1130 1131 1212 1211 1131 1132 1213 1212 1132 1133 1214 1213 1134 1135 1216 1215 1135 1136 1217 1216 1136 1137 1218 1217 1137 1138 1219 1218 1138 1139 1220 1219 1139 1140 1221 1220 1140 1141 1222 1221 1141 1142 1223 1222 1142 1143 1224 1223 1143 1144 1225 1224 1144 1145 1226 1225 1145 1146 1227 1226 1146 1147 1228 1227 1147 1148 1229 1228 1148 1149 1230 1229 1149 1150 1231 1230 1150 1151 1232 1231 1151 1152 1233 1232 1152 1153 1234 1233 1153 1154 1235 1234 1154 1155 1236 1235 1155 1156 1237 1236 1156 1157 1238 1237 1157 1158 1239 1238 1158 1159 1240 1239 1159 1160 1241 1240 1160 1161 1242 1241 1161 1162 1243 1242 1162 1163 1244 1243 1163 1164 1245 1244 1164 1165 1246 1245 1165 1166 1247 1246 1166 1167 1248 1247 1167 1168 1249 1248 1168 1169 1250 1249 1169 1170 1251 1250 1170 1171 1252 1251 1171 1172 1253 1252 1172 1173 1254 1253 1173 1174 1255 1254 1174 1175 1256 1255 1175 1176 1257 1256 1176 1177 1258 1257 1177 1178 1259 1258 1178 1179 1260 1259 1179 1180 1261 1260 1180 1181 1262 1261 1181 1182 1263 1262 1182 1183 1264 1263 1183 1184 1265 1264 1184 1185 1266 1265 1185 1186 1267 1266 1186 1187 1268 1267 1187 1188 1269 1268 1188 1189 1270 1269 1189 1190 1271 1270 1190 1191 1272 1271 1191 1192 1273 1272 1192 1193 1274 1273 1193 1194 1275 1274 1194 1195 1276 1275 1195 1196 1277 1276 1196 1197 1278 1277 1197 1198 1279 1278 1198 1199 1280 1279 1199 1200 1281 1280 1200 1201 1282 1281 1201 1202 1283 1282 1202 1203 1284 1283 1203 1204 1285 1284 1204 1205 1286 1285 1205 1206 1287 1286 1206 1207 1288 1287 1207 1208 1289 1288 1208 1209 1290 1289 1209 1210 1291 1290 1210 1211 1292 1291 1211 1212 1293 1292 1212 1213 1294 1293 1213 1214 1295 1294 1215 1216 1297 1296 1216 1217 1298 1297 1217 1218 1299 1298 1218 1219 1300 1299 1219 1220 1301 1300 1220 1221 1302 1301 1221 1222 1303 1302 1222 1223 1304 1303 1223 1224 1305 1304 1224 1225 1306 1305 1225 1226 1307 1306 1226 1227 1308 1307 1227 1228 1309 1308 1228 1229 1310 1309 1229 1230 1311 1310 1230 1231 1312 1311 1231 1232 1313 1312 1232 1233 1314 1313 1233 1234 1315 1314 1234 1235 1316 1315 1235 1236 1317 1316 1236 1237 1318 1317 1237 1238 1319 1318 1238 1239 1320 1319 1239 1240 1321 1320 1240 1241 1322 1321 1241 1242 1323 1322 1242 1243 1324 1323 1243 1244 1325 1324 1244 1245 1326 1325 1245 1246 1327 1326 1246 1247 1328 1327 1247 1248 1329 1328 1248 1249 1330 1329 1249 1250 1331 1330 1250 1251 1332 1331 1251 1252 1333 1332 1252 1253 1334 1333 1253 1254 1335 1334 1254 1255 1336 1335 1255 1256 1337 1336 1256 1257 1338 1337 1257 1258 1339 1338 1258 1259 1340 1339 1259 1260 1341 1340 1260 1261 1342 1341 1261 1262 1343 1342 1262 1263 1344 1343 1263 1264 1345 1344 1264 1265 1346 1345 1265 1266 1347 1346 1266 1267 1348 1347 1267 1268 1349 1348 1268 1269 1350 1349 1269 1270 1351 1350 1270 1271 1352 1351 1271 1272 1353 1352 1272 1273 1354 1353 1273 1274 1355 1354 1274 1275 1356 1355 1275 1276 1357 1356 1276 1277 1358 1357 1277 1278 1359 1358 1278 1279 1360 1359 1279 1280 1361 1360 1280 1281 1362 1361 1281 1282 1363 1362 1282 1283 1364 1363 1283 1284 1365 1364 1284 1285 1366 1365 1285 1286 1367 1366 1286 1287 1368 1367 1287 1288 1369 1368 1288 1289 1370 1369 1289 1290 1371 1370 1290 1291 1372 1371 1291 1292 1373 1372 1292 1293 1374 1373 1293 1294 1375 1374 1294 1295 1376 1375 1296 1297 1378 1377 1297 1298 1379 1378 1298 1299 1380 1379 1299 1300 1381 1380 1300 1301 1382 1381 1301 1302 1383 1382 1302 1303 1384 1383 1303 1304 1385 1384 1304 1305 1386 1385 1305 1306 1387 1386 1306 1307 1388 1387 1307 1308 1389 1388 1308 1309 1390 1389 1309 1310 1391 1390 1310 1311 1392 1391 1311 1312 1393 1392 1312 1313 1394 1393 1313 1314 1395 1394 1314 1315 1396 1395 1315 1316 1397 1396 1316 1317 1398 1397 1317 1318 1399 1398 1318 1319 1400 1399 1319 1320 1401 1400 1320 1321 1402 1401 1321 1322 1403 1402 1322 1323 1404 1403 1323 1324 1405 1404 1324 1325 1406 1405 1325 1326 1407 1406 1326 1327 1408 1407 1327 1328 1409 1408 1328 1329 1410 1409 1329 1330 1411 1410 1330 1331 1412 1411 1331 1332 1413 1412 1332 1333 1414 1413 1333 1334 1415 1414 1334 1335 1416 1415 1335 1336 1417 1416 1336 1337 1418 1417 1337 1338 1419 1418 1338 1339 1420 1419 1339 1340 1421 1420 1340 1341 1422 1421 1341 1342 1423 1422 1342 1343 1424 1423 1343 1344 1425 1424 1344 1345 1426 1425 1345 1346 1427 1426 1346 1347 1428 1427 1347 1348 1429 1428 1348 1349 1430 1429 1349 1350 1431 1430 1350 1351 1432 1431 1351 1352 1433 1432 1352 1353 1434 1433 1353 1354 1435 1434 1354 1355 1436 1435 1355 1356 1437 1436 1356 1357 1438 1437 1357 1358 1439 1438 1358 1359 1440 1439 1359 1360 1441 1440 1360 1361 1442 1441 1361 1362 1443 1442 1362 1363 1444 1443 1363 1364 1445 1444 1364 1365 1446 1445 1365 1366 1447 1446 1366 1367 1448 1447 1367 1368 1449 1448 1368 1369 1450 1449 1369 1370 1451 1450 1370 1371 1452 1451 1371 1372 1453 1452 1372 1373 1454 1453 1373 1374 1455 1454 1374 1375 1456 1455 1375 1376 1457 1456 1377 1378 1459 1458 1378 1379 1460 1459 1379 1380 1461 1460 1380 1381 1462 1461 1381 1382 1463 1462 1382 1383 1464 1463 1383 1384 1465 1464 1384 1385 1466 1465 1385 1386 1467 1466 1386 1387 1468 1467 1387 1388 1469 1468 1388 1389 1470 1469 1389 1390 1471 1470 1390 1391 1472 1471 1391 1392 1473 1472 1392 1393 1474 1473 1393 1394 1475 1474 1394 1395 1476 1475 1395 1396 1477 1476 1396 1397 1478 1477 1397 1398 1479 1478 1398 1399 1480 1479 1399 1400 1481 1480 1400 1401 1482 1481 1401 1402 1483 1482 1402 1403 1484 1483 1403 1404 1485 1484 1404 1405 1486 1485 1405 1406 1487 1486 1406 1407 1488 1487 1407 1408 1489 1488 1408 1409 1490 1489 1409 1410 1491 1490 1410 1411 1492 1491 1411 1412 1493 1492 1412 1413 1494 1493 1413 1414 1495 1494 1414 1415 1496 1495 1415 1416 1497 1496 1416 1417 1498 1497 1417 1418 1499 1498 1418 1419 1500 1499 1419 1420 1501 1500 1420 1421 1502 1501 1421 1422 1503 1502 1422 1423 1504 1503 1423 1424 1505 1504 1424 1425 1506 1505 1425 1426 1507 1506 1426 1427 1508 1507 1427 1428 1509 1508 1428 1429 1510 1509 1429 1430 1511 1510 1430 1431 1512 1511 1431 1432 1513 1512 1432 1433 1514 1513 1433 1434 1515 1514 1434 1435 1516 1515 1435 1436 1517 1516 1436 1437 1518 1517 1437 1438 1519 1518 1438 1439 1520 1519 1439 1440 1521 1520 1440 1441 1522 1521 1441 1442 1523 1522 1442 1443 1524 1523 1443 1444 1525 1524 1444 1445 1526 1525 1445 1446 1527 1526 1446 1447 1528 1527 1447 1448 1529 1528 1448 1449 1530 1529 1449 1450 1531 1530 1450 1451 1532 1531 1451 1452 1533 1532 1452 1453 1534 1533 1453 1454 1535 1534 1454 1455 1536 1535 1455 1456 1537 1536 1456 1457 1538 1537 1458 1459 1540 1539 1459 1460 1541 1540 1460 1461 1542 1541 1461 1462 1543 1542 1462 1463 1544 1543 1463 1464 1545 1544 1464 1465 1546 1545 1465 1466 1547 1546 1466 1467 1548 1547 1467 1468 1549 1548 1468 1469 1550 1549 1469 1470 1551 1550 1470 1471 1552 1551 1471 1472 1553 1552 1472 1473 1554 1553 1473 1474 1555 1554 1474 1475 1556 1555 1475 1476 1557 1556 1476 1477 1558 1557 1477 1478 1559 1558 1478 1479 1560 1559 1479 1480 1561 1560 1480 1481 1562 1561 1481 1482 1563 1562 1482 1483 1564 1563 1483 1484 1565 1564 1484 1485 1566 1565 1485 1486 1567 1566 1486 1487 1568 1567 1487 1488 1569 1568 1488 1489 1570 1569 1489 1490 1571 1570 1490 1491 1572 1571 1491 1492 1573 1572 1492 1493 1574 1573 1493 1494 1575 1574 1494 1495 1576 1575 1495 1496 1577 1576 1496 1497 1578 1577 1497 1498 1579 1578 1498 1499 1580 1579 1499 1500 1581 1580 1500 1501 1582 1581 1501 1502 1583 1582 1502 1503 1584 1583 1503 1504 1585 1584 1504 1505 1586 1585 1505 1506 1587 1586 1506 1507 1588 1587 1507 1508 1589 1588 1508 1509 1590 1589 1509 1510 1591 1590 1510 1511 1592 1591 1511 1512 1593 1592 1512 1513 1594 1593 1513 1514 1595 1594 1514 1515 1596 1595 1515 1516 1597 1596 1516 1517 1598 1597 1517 1518 1599 1598 1518 1519 1600 1599 1519 1520 1601 1600 1520 1521 1602 1601 1521 1522 1603 1602 1522 1523 1604 1603 1523 1524 1605 1604 1524 1525 1606 1605 1525 1526 1607 1606 1526 1527 1608 1607 1527 1528 1609 1608 1528 1529 1610 1609 1529 1530 1611 1610 1530 1531 1612 1611 1531 1532 1613 1612 1532 1533 1614 1613 1533 1534 1615 1614 1534 1535 1616 1615 1535 1536 1617 1616 1536 1537 1618 1617 1537 1538 1619 1618 1539 1540 1621 1620 1540 1541 1622 1621 1541 1542 1623 1622 1542 1543 1624 1623 1543 1544 1625 1624 1544 1545 1626 1625 1545 1546 1627 1626 1546 1547 1628 1627 1547 1548 1629 1628 1548 1549 1630 1629 1549 1550 1631 1630 1550 1551 1632 1631 1551 1552 1633 1632 1552 1553 1634 1633 1553 1554 1635 1634 1554 1555 1636 1635 1555 1556 1637 1636 1556 1557 1638 1637 1557 1558 1639 1638 1558 1559 1640 1639 1559 1560 1641 1640 1560 1561 1642 1641 1561 1562 1643 1642 1562 1563 1644 1643 1563 1564 1645 1644 1564 1565 1646 1645 1565 1566 1647 1646 1566 1567 1648 1647 1567 1568 1649 1648 1568 1569 1650 1649 1569 1570 1651 1650 1570 1571 1652 1651 1571 1572 1653 1652 1572 1573 1654 1653 1573 1574 1655 1654 1574 1575 1656 1655 1575 1576 1657 1656 1576 1577 1658 1657 1577 1578 1659 1658 1578 1579 1660 1659 1579 1580 1661 1660 1580 1581 1662 1661 1581 1582 1663 1662 1582 1583 1664 1663 1583 1584 1665 1664 1584 1585 1666 1665 1585 1586 1667 1666 1586 1587 1668 1667 1587 1588 1669 1668 1588 1589 1670 1669 1589 1590 1671 1670 1590 1591 1672 1671 1591 1592 1673 1672 1592 1593 1674 1673 1593 1594 1675 1674 1594 1595 1676 1675 1595 1596 1677 1676 1596 1597 1678 1677 1597 1598 1679 1678 1598 1599 1680 1679 1599 1600 1681 1680 1600 1601 1682 1681 1601 1602 1683 1682 1602 1603 1684 1683 1603 1604 1685 1684 1604 1605 1686 1685 1605 1606 1687 1686 1606 1607 1688 1687 1607 1608 1689 1688 1608 1609 1690 1689 1609 1610 1691 1690 1610 1611 1692 1691 1611 1612 1693 1692 1612 1613 1694 1693 1613 1614 1695 1694 1614 1615 1696 1695 1615 1616 1697 1696 1616 1617 1698 1697 1617 1618 1699 1698 1618 1619 1700 1699 1620 1621 1702 1701 1621 1622 1703 1702 1622 1623 1704 1703 1623 1624 1705 1704 1624 1625 1706 1705 1625 1626 1707 1706 1626 1627 1708 1707 1627 1628 1709 1708 1628 1629 1710 1709 1629 1630 1711 1710 1630 1631 1712 1711 1631 1632 1713 1712 1632 1633 1714 1713 1633 1634 1715 1714 1634 1635 1716 1715 1635 1636 1717 1716 1636 1637 1718 1717 1637 1638 1719 1718 1638 1639 1720 1719 1639 1640 1721 1720 1640 1641 1722 1721 1641 1642 1723 1722 1642 1643 1724 1723 1643 1644 1725 1724 1644 1645 1726 1725 1645 1646 1727 1726 1646 1647 1728 1727 1647 1648 1729 1728 1648 1649 1730 1729 1649 1650 1731 1730 1650 1651 1732 1731 1651 1652 1733 1732 1652 1653 1734 1733 1653 1654 1735 1734 1654 1655 1736 1735 1655 1656 1737 1736 1656 1657 1738 1737 1657 1658 1739 1738 1658 1659 1740 1739 1659 1660 1741 1740 1660 1661 1742 1741 1661 1662 1743 1742 1662 1663 1744 1743 1663 1664 1745 1744 1664 1665 1746 1745 1665 1666 1747 1746 1666 1667 1748 1747 1667 1668 1749 1748 1668 1669 1750 1749 1669 1670 1751 1750 1670 1671 1752 1751 1671 1672 1753 1752 1672 1673 1754 1753 1673 1674 1755 1754 1674 1675 1756 1755 1675 1676 1757 1756 1676 1677 1758 1757 1677 1678 1759 1758 1678 1679 1760 1759 1679 1680 1761 1760 1680 1681 1762 1761 1681 1682 1763 1762 1682 1683 1764 1763 1683 1684 1765 1764 1684 1685 1766 1765 1685 1686 1767 1766 1686 1687 1768 1767 1687 1688 1769 1768 1688 1689 1770 1769 1689 1690 1771 1770 1690 1691 1772 1771 1691 1692 1773 1772 1692 1693 1774 1773 1693 1694 1775 1774 1694 1695 1776 1775 1695 1696 1777 1776 1696 1697 1778 1777 1697 1698 1779 1778 1698 1699 1780 1779 1699 1700 1781 1780 1701 1702 1783 1782 1702 1703 1784 1783 1703 1704 1785 1784 1704 1705 1786 1785 1705 1706 1787 1786 1706 1707 1788 1787 1707 1708 1789 1788 1708 1709 1790 1789 1709 1710 1791 1790 1710 1711 1792 1791 1711 1712 1793 1792 1712 1713 1794 1793 1713 1714 1795 1794 1714 1715 1796 1795 1715 1716 1797 1796 1716 1717 1798 1797 1717 1718 1799 1798 1718 1719 1800 1799 1719 1720 1801 1800 1720 1721 1802 1801 1721 1722 1803 1802 1722 1723 1804 1803 1723 1724 1805 1804 1724 1725 1806 1805 1725 1726 1807 1806 1726 1727 1808 1807 1727 1728 1809 1808 1728 1729 1810 1809 1729 1730 1811 1810 1730 1731 1812 1811 1731 1732 1813 1812 1732 1733 1814 1813 1733 1734 1815 1814 1734 1735 1816 1815 1735 1736 1817 1816 1736 1737 1818 1817 1737 1738 1819 1818 1738 1739 1820 1819 1739 1740 1821 1820 1740 1741 1822 1821 1741 1742 1823 1822 1742 1743 1824 1823 1743 1744 1825 1824 1744 1745 1826 1825 1745 1746 1827 1826 1746 1747 1828 1827 1747 1748 1829 1828 1748 1749 1830 1829 1749 1750 1831 1830 1750 1751 1832 1831 1751 1752 1833 1832 1752 1753 1834 1833 1753 1754 1835 1834 1754 1755 1836 1835 1755 1756 1837 1836 1756 1757 1838 1837 1757 1758 1839 1838 1758 1759 1840 1839 1759 1760 1841 1840 1760 1761 1842 1841 1761 1762 1843 1842 1762 1763 1844 1843 1763 1764 1845 1844 1764 1765 1846 1845 1765 1766 1847 1846 1766 1767 1848 1847 1767 1768 1849 1848 1768 1769 1850 1849 1769 1770 1851 1850 1770 1771 1852 1851 1771 1772 1853 1852 1772 1773 1854 1853 1773 1774 1855 1854 1774 1775 1856 1855 1775 1776 1857 1856 1776 1777 1858 1857 1777 1778 1859 1858 1778 1779 1860 1859 1779 1780 1861 1860 1780 1781 1862 1861 1782 1783 1864 1863 1783 1784 1865 1864 1784 1785 1866 1865 1785 1786 1867 1866 1786 1787 1868 1867 1787 1788 1869 1868 1788 1789 1870 1869 1789 1790 1871 1870 1790 1791 1872 1871 1791 1792 1873 1872 1792 1793 1874 1873 1793 1794 1875 1874 1794 1795 1876 1875 1795 1796 1877 1876 1796 1797 1878 1877 1797 1798 1879 1878 1798 1799 1880 1879 1799 1800 1881 1880 1800 1801 1882 1881 1801 1802 1883 1882 1802 1803 1884 1883 1803 1804 1885 1884 1804 1805 1886 1885 1805 1806 1887 1886 1806 1807 1888 1887 1807 1808 1889 1888 1808 1809 1890 1889 1809 1810 1891 1890 1810 1811 1892 1891 1811 1812 1893 1892 1812 1813 1894 1893 1813 1814 1895 1894 1814 1815 1896 1895 1815 1816 1897 1896 1816 1817 1898 1897 1817 1818 1899 1898 1818 1819 1900 1899 1819 1820 1901 1900 1820 1821 1902 1901 1821 1822 1903 1902 1822 1823 1904 1903 1823 1824 1905 1904 1824 1825 1906 1905 1825 1826 1907 1906 1826 1827 1908 1907 1827 1828 1909 1908 1828 1829 1910 1909 1829 1830 1911 1910 1830 1831 1912 1911 1831 1832 1913 1912 1832 1833 1914 1913 1833 1834 1915 1914 1834 1835 1916 1915 1835 1836 1917 1916 1836 1837 1918 1917 1837 1838 1919 1918 1838 1839 1920 1919 1839 1840 1921 1920 1840 1841 1922 1921 1841 1842 1923 1922 1842 1843 1924 1923 1843 1844 1925 1924 1844 1845 1926 1925 1845 1846 1927 1926 1846 1847 1928 1927 1847 1848 1929 1928 1848 1849 1930 1929 1849 1850 1931 1930 1850 1851 1932 1931 1851 1852 1933 1932 1852 1853 1934 1933 1853 1854 1935 1934 1854 1855 1936 1935 1855 1856 1937 1936 1856 1857 1938 1937 1857 1858 1939 1938 1858 1859 1940 1939 1859 1860 1941 1940 1860 1861 1942 1941 1861 1862 1943 1942 1863 1864 1945 1944 1864 1865 1946 1945 1865 1866 1947 1946 1866 1867 1948 1947 1867 1868 1949 1948 1868 1869 1950 1949 1869 1870 1951 1950 1870 1871 1952 1951 1871 1872 1953 1952 1872 1873 1954 1953 1873 1874 1955 1954 1874 1875 1956 1955 1875 1876 1957 1956 1876 1877 1958 1957 1877 1878 1959 1958 1878 1879 1960 1959 1879 1880 1961 1960 1880 1881 1962 1961 1881 1882 1963 1962 1882 1883 1964 1963 1883 1884 1965 1964 1884 1885 1966 1965 1885 1886 1967 1966 1886 1887 1968 1967 1887 1888 1969 1968 1888 1889 1970 1969 1889 1890 1971 1970 1890 1891 1972 1971 1891 1892 1973 1972 1892 1893 1974 1973 1893 1894 1975 1974 1894 1895 1976 1975 1895 1896 1977 1976 1896 1897 1978 1977 1897 1898 1979 1978 1898 1899 1980 1979 1899 1900 1981 1980 1900 1901 1982 1981 1901 1902 1983 1982 1902 1903 1984 1983 1903 1904 1985 1984 1904 1905 1986 1985 1905 1906 1987 1986 1906 1907 1988 1987 1907 1908 1989 1988 1908 1909 1990 1989 1909 1910 1991 1990 1910 1911 1992 1991 1911 1912 1993 1992 1912 1913 1994 1993 1913 1914 1995 1994 1914 1915 1996 1995 1915 1916 1997 1996 1916 1917 1998 1997 1917 1918 1999 1998 1918 1919 2000 1999 1919 1920 2001 2000 1920 1921 2002 2001 1921 1922 2003 2002 1922 1923 2004 2003 1923 1924 2005 2004 1924 1925 2006 2005 1925 1926 2007 2006 1926 1927 2008 2007 1927 1928 2009 2008 1928 1929 2010 2009 1929 1930 2011 2010 1930 1931 2012 2011 1931 1932 2013 2012 1932 1933 2014 2013 1933 1934 2015 2014 1934 1935 2016 2015 1935 1936 2017 2016 1936 1937 2018 2017 1937 1938 2019 2018 1938 1939 2020 2019 1939 1940 2021 2020 1940 1941 2022 2021 1941 1942 2023 2022 1942 1943 2024 2023 1944 1945 2026 2025 1945 1946 2027 2026 1946 1947 2028 2027 1947 1948 2029 2028 1948 1949 2030 2029 1949 1950 2031 2030 1950 1951 2032 2031 1951 1952 2033 2032 1952 1953 2034 2033 1953 1954 2035 2034 1954 1955 2036 2035 1955 1956 2037 2036 1956 1957 2038 2037 1957 1958 2039 2038 1958 1959 2040 2039 1959 1960 2041 2040 1960 1961 2042 2041 1961 1962 2043 2042 1962 1963 2044 2043 1963 1964 2045 2044 1964 1965 2046 2045 1965 1966 2047 2046 1966 1967 2048 2047 1967 1968 2049 2048 1968 1969 2050 2049 1969 1970 2051 2050 1970 1971 2052 2051 1971 1972 2053 2052 1972 1973 2054 2053 1973 1974 2055 2054 1974 1975 2056 2055 1975 1976 2057 2056 1976 1977 2058 2057 1977 1978 2059 2058 1978 1979 2060 2059 1979 1980 2061 2060 1980 1981 2062 2061 1981 1982 2063 2062 1982 1983 2064 2063 1983 1984 2065 2064 1984 1985 2066 2065 1985 1986 2067 2066 1986 1987 2068 2067 1987 1988 2069 2068 1988 1989 2070 2069 1989 1990 2071 2070 1990 1991 2072 2071 1991 1992 2073 2072 1992 1993 2074 2073 1993 1994 2075 2074 1994 1995 2076 2075 1995 1996 2077 2076 1996 1997 2078 2077 1997 1998 2079 2078 1998 1999 2080 2079 1999 2000 2081 2080 2000 2001 2082 2081 2001 2002 2083 2082 2002 2003 2084 2083 2003 2004 2085 2084 2004 2005 2086 2085 2005 2006 2087 2086 2006 2007 2088 2087 2007 2008 2089 2088 2008 2009 2090 2089 2009 2010 2091 2090 2010 2011 2092 2091 2011 2012 2093 2092 2012 2013 2094 2093 2013 2014 2095 2094 2014 2015 2096 2095 2015 2016 2097 2096 2016 2017 2098 2097 2017 2018 2099 2098 2018 2019 2100 2099 2019 2020 2101 2100 2020 2021 2102 2101 2021 2022 2103 2102 2022 2023 2104 2103 2023 2024 2105 2104 2025 2026 2107 2106 2026 2027 2108 2107 2027 2028 2109 2108 2028 2029 2110 2109 2029 2030 2111 2110 2030 2031 2112 2111 2031 2032 2113 2112 2032 2033 2114 2113 2033 2034 2115 2114 2034 2035 2116 2115 2035 2036 2117 2116 2036 2037 2118 2117 2037 2038 2119 2118 2038 2039 2120 2119 2039 2040 2121 2120 2040 2041 2122 2121 2041 2042 2123 2122 2042 2043 2124 2123 2043 2044 2125 2124 2044 2045 2126 2125 2045 2046 2127 2126 2046 2047 2128 2127 2047 2048 2129 2128 2048 2049 2130 2129 2049 2050 2131 2130 2050 2051 2132 2131 2051 2052 2133 2132 2052 2053 2134 2133 2053 2054 2135 2134 2054 2055 2136 2135 2055 2056 2137 2136 2056 2057 2138 2137 2057 2058 2139 2138 2058 2059 2140 2139 2059 2060 2141 2140 2060 2061 2142 2141 2061 2062 2143 2142 2062 2063 2144 2143 2063 2064 2145 2144 2064 2065 2146 2145 2065 2066 2147 2146 2066 2067 2148 2147 2067 2068 2149 2148 2068 2069 2150 2149 2069 2070 2151 2150 2070 2071 2152 2151 2071 2072 2153 2152 2072 2073 2154 2153 2073 2074 2155 2154 2074 2075 2156 2155 2075 2076 2157 2156 2076 2077 2158 2157 2077 2078 2159 2158 2078 2079 2160 2159 2079 2080 2161 2160 2080 2081 2162 2161 2081 2082 2163 2162 2082 2083 2164 2163 2083 2084 2165 2164 2084 2085 2166 2165 2085 2086 2167 2166 2086 2087 2168 2167 2087 2088 2169 2168 2088 2089 2170 2169 2089 2090 2171 2170 2090 2091 2172 2171 2091 2092 2173 2172 2092 2093 2174 2173 2093 2094 2175 2174 2094 2095 2176 2175 2095 2096 2177 2176 2096 2097 2178 2177 2097 2098 2179 2178 2098 2099 2180 2179 2099 2100 2181 2180 2100 2101 2182 2181 2101 2102 2183 2182 2102 2103 2184 2183 2103 2104 2185 2184 2104 2105 2186 2185 2106 2107 2188 2187 2107 2108 2189 2188 2108 2109 2190 2189 2109 2110 2191 2190 2110 2111 2192 2191 2111 2112 2193 2192 2112 2113 2194 2193 2113 2114 2195 2194 2114 2115 2196 2195 2115 2116 2197 2196 2116 2117 2198 2197 2117 2118 2199 2198 2118 2119 2200 2199 2119 2120 2201 2200 2120 2121 2202 2201 2121 2122 2203 2202 2122 2123 2204 2203 2123 2124 2205 2204 2124 2125 2206 2205 2125 2126 2207 2206 2126 2127 2208 2207 2127 2128 2209 2208 2128 2129 2210 2209 2129 2130 2211 2210 2130 2131 2212 2211 2131 2132 2213 2212 2132 2133 2214 2213 2133 2134 2215 2214 2134 2135 2216 2215 2135 2136 2217 2216 2136 2137 2218 2217 2137 2138 2219 2218 2138 2139 2220 2219 2139 2140 2221 2220 2140 2141 2222 2221 2141 2142 2223 2222 2142 2143 2224 2223 2143 2144 2225 2224 2144 2145 2226 2225 2145 2146 2227 2226 2146 2147 2228 2227 2147 2148 2229 2228 2148 2149 2230 2229 2149 2150 2231 2230 2150 2151 2232 2231 2151 2152 2233 2232 2152 2153 2234 2233 2153 2154 2235 2234 2154 2155 2236 2235 2155 2156 2237 2236 2156 2157 2238 2237 2157 2158 2239 2238 2158 2159 2240 2239 2159 2160 2241 2240 2160 2161 2242 2241 2161 2162 2243 2242 2162 2163 2244 2243 2163 2164 2245 2244 2164 2165 2246 2245 2165 2166 2247 2246 2166 2167 2248 2247 2167 2168 2249 2248 2168 2169 2250 2249 2169 2170 2251 2250 2170 2171 2252 2251 2171 2172 2253 2252 2172 2173 2254 2253 2173 2174 2255 2254 2174 2175 2256 2255 2175 2176 2257 2256 2176 2177 2258 2257 2177 2178 2259 2258 2178 2179 2260 2259 2179 2180 2261 2260 2180 2181 2262 2261 2181 2182 2263 2262 2182 2183 2264 2263 2183 2184 2265 2264 2184 2185 2266 2265 2185 2186 2267 2266 2187 2188 2269 2268 2188 2189 2270 2269 2189 2190 2271 2270 2190 2191 2272 2271 2191 2192 2273 2272 2192 2193 2274 2273 2193 2194 2275 2274 2194 2195 2276 2275 2195 2196 2277 2276 2196 2197 2278 2277 2197 2198 2279 2278 2198 2199 2280 2279 2199 2200 2281 2280 2200 2201 2282 2281 2201 2202 2283 2282 2202 2203 2284 2283 2203 2204 2285 2284 2204 2205 2286 2285 2205 2206 2287 2286 2206 2207 2288 2287 2207 2208 2289 2288 2208 2209 2290 2289 2209 2210 2291 2290 2210 2211 2292 2291 2211 2212 2293 2292 2212 2213 2294 2293 2213 2214 2295 2294 2214 2215 2296 2295 2215 2216 2297 2296 2216 2217 2298 2297 2217 2218 2299 2298 2218 2219 2300 2299 2219 2220 2301 2300 2220 2221 2302 2301 2221 2222 2303 2302 2222 2223 2304 2303 2223 2224 2305 2304 2224 2225 2306 2305 2225 2226 2307 2306 2226 2227 2308 2307 2227 2228 2309 2308 2228 2229 2310 2309 2229 2230 2311 2310 2230 2231 2312 2311 2231 2232 2313 2312 2232 2233 2314 2313 2233 2234 2315 2314 2234 2235 2316 2315 2235 2236 2317 2316 2236 2237 2318 2317 2237 2238 2319 2318 2238 2239 2320 2319 2239 2240 2321 2320 2240 2241 2322 2321 2241 2242 2323 2322 2242 2243 2324 2323 2243 2244 2325 2324 2244 2245 2326 2325 2245 2246 2327 2326 2246 2247 2328 2327 2247 2248 2329 2328 2248 2249 2330 2329 2249 2250 2331 2330 2250 2251 2332 2331 2251 2252 2333 2332 2252 2253 2334 2333 2253 2254 2335 2334 2254 2255 2336 2335 2255 2256 2337 2336 2256 2257 2338 2337 2257 2258 2339 2338 2258 2259 2340 2339 2259 2260 2341 2340 2260 2261 2342 2341 2261 2262 2343 2342 2262 2263 2344 2343 2263 2264 2345 2344 2264 2265 2346 2345 2265 2266 2347 2346 2266 2267 2348 2347 2268 2269 2350 2349 2269 2270 2351 2350 2270 2271 2352 2351 2271 2272 2353 2352 2272 2273 2354 2353 2273 2274 2355 2354 2274 2275 2356 2355 2275 2276 2357 2356 2276 2277 2358 2357 2277 2278 2359 2358 2278 2279 2360 2359 2279 2280 2361 2360 2280 2281 2362 2361 2281 2282 2363 2362 2282 2283 2364 2363 2283 2284 2365 2364 2284 2285 2366 2365 2285 2286 2367 2366 2286 2287 2368 2367 2287 2288 2369 2368 2288 2289 2370 2369 2289 2290 2371 2370 2290 2291 2372 2371 2291 2292 2373 2372 2292 2293 2374 2373 2293 2294 2375 2374 2294 2295 2376 2375 2295 2296 2377 2376 2296 2297 2378 2377 2297 2298 2379 2378 2298 2299 2380 2379 2299 2300 2381 2380 2300 2301 2382 2381 2301 2302 2383 2382 2302 2303 2384 2383 2303 2304 2385 2384 2304 2305 2386 2385 2305 2306 2387 2386 2306 2307 2388 2387 2307 2308 2389 2388 2308 2309 2390 2389 2309 2310 2391 2390 2310 2311 2392 2391 2311 2312 2393 2392 2312 2313 2394 2393 2313 2314 2395 2394 2314 2315 2396 2395 2315 2316 2397 2396 2316 2317 2398 2397 2317 2318 2399 2398 2318 2319 2400 2399 2319 2320 2401 2400 2320 2321 2402 2401 2321 2322 2403 2402 2322 2323 2404 2403 2323 2324 2405 2404 2324 2325 2406 2405 2325 2326 2407 2406 2326 2327 2408 2407 2327 2328 2409 2408 2328 2329 2410 2409 2329 2330 2411 2410 2330 2331 2412 2411 2331 2332 2413 2412 2332 2333 2414 2413 2333 2334 2415 2414 2334 2335 2416 2415 2335 2336 2417 2416 2336 2337 2418 2417 2337 2338 2419 2418 2338 2339 2420 2419 2339 2340 2421 2420 2340 2341 2422 2421 2341 2342 2423 2422 2342 2343 2424 2423 2343 2344 2425 2424 2344 2345 2426 2425 2345 2346 2427 2426 2346 2347 2428 2427 2347 2348 2429 2428 2349 2350 2431 2430 2350 2351 2432 2431 2351 2352 2433 2432 2352 2353 2434 2433 2353 2354 2435 2434 2354 2355 2436 2435 2355 2356 2437 2436 2356 2357 2438 2437 2357 2358 2439 2438 2358 2359 2440 2439 2359 2360 2441 2440 2360 2361 2442 2441 2361 2362 2443 2442 2362 2363 2444 2443 2363 2364 2445 2444 2364 2365 2446 2445 2365 2366 2447 2446 2366 2367 2448 2447 2367 2368 2449 2448 2368 2369 2450 2449 2369 2370 2451 2450 2370 2371 2452 2451 2371 2372 2453 2452 2372 2373 2454 2453 2373 2374 2455 2454 2374 2375 2456 2455 2375 2376 2457 2456 2376 2377 2458 2457 2377 2378 2459 2458 2378 2379 2460 2459 2379 2380 2461 2460 2380 2381 2462 2461 2381 2382 2463 2462 2382 2383 2464 2463 2383 2384 2465 2464 2384 2385 2466 2465 2385 2386 2467 2466 2386 2387 2468 2467 2387 2388 2469 2468 2388 2389 2470 2469 2389 2390 2471 2470 2390 2391 2472 2471 2391 2392 2473 2472 2392 2393 2474 2473 2393 2394 2475 2474 2394 2395 2476 2475 2395 2396 2477 2476 2396 2397 2478 2477 2397 2398 2479 2478 2398 2399 2480 2479 2399 2400 2481 2480 2400 2401 2482 2481 2401 2402 2483 2482 2402 2403 2484 2483 2403 2404 2485 2484 2404 2405 2486 2485 2405 2406 2487 2486 2406 2407 2488 2487 2407 2408 2489 2488 2408 2409 2490 2489 2409 2410 2491 2490 2410 2411 2492 2491 2411 2412 2493 2492 2412 2413 2494 2493 2413 2414 2495 2494 2414 2415 2496 2495 2415 2416 2497 2496 2416 2417 2498 2497 2417 2418 2499 2498 2418 2419 2500 2499 2419 2420 2501 2500 2420 2421 2502 2501 2421 2422 2503 2502 2422 2423 2504 2503 2423 2424 2505 2504 2424 2425 2506 2505 2425 2426 2507 2506 2426 2427 2508 2507 2427 2428 2509 2508 2428 2429 2510 2509 2430 2431 2512 2511 2431 2432 2513 2512 2432 2433 2514 2513 2433 2434 2515 2514 2434 2435 2516 2515 2435 2436 2517 2516 2436 2437 2518 2517 2437 2438 2519 2518 2438 2439 2520 2519 2439 2440 2521 2520 2440 2441 2522 2521 2441 2442 2523 2522 2442 2443 2524 2523 2443 2444 2525 2524 2444 2445 2526 2525 2445 2446 2527 2526 2446 2447 2528 2527 2447 2448 2529 2528 2448 2449 2530 2529 2449 2450 2531 2530 2450 2451 2532 2531 2451 2452 2533 2532 2452 2453 2534 2533 2453 2454 2535 2534 2454 2455 2536 2535 2455 2456 2537 2536 2456 2457 2538 2537 2457 2458 2539 2538 2458 2459 2540 2539 2459 2460 2541 2540 2460 2461 2542 2541 2461 2462 2543 2542 2462 2463 2544 2543 2463 2464 2545 2544 2464 2465 2546 2545 2465 2466 2547 2546 2466 2467 2548 2547 2467 2468 2549 2548 2468 2469 2550 2549 2469 2470 2551 2550 2470 2471 2552 2551 2471 2472 2553 2552 2472 2473 2554 2553 2473 2474 2555 2554 2474 2475 2556 2555 2475 2476 2557 2556 2476 2477 2558 2557 2477 2478 2559 2558 2478 2479 2560 2559 2479 2480 2561 2560 2480 2481 2562 2561 2481 2482 2563 2562 2482 2483 2564 2563 2483 2484 2565 2564 2484 2485 2566 2565 2485 2486 2567 2566 2486 2487 2568 2567 2487 2488 2569 2568 2488 2489 2570 2569 2489 2490 2571 2570 2490 2491 2572 2571 2491 2492 2573 2572 2492 2493 2574 2573 2493 2494 2575 2574 2494 2495 2576 2575 2495 2496 2577 2576 2496 2497 2578 2577 2497 2498 2579 2578 2498 2499 2580 2579 2499 2500 2581 2580 2500 2501 2582 2581 2501 2502 2583 2582 2502 2503 2584 2583 2503 2504 2585 2584 2504 2505 2586 2585 2505 2506 2587 2586 2506 2507 2588 2587 2507 2508 2589 2588 2508 2509 2590 2589 2509 2510 2591 2590 2511 2512 2593 2592 2512 2513 2594 2593 2513 2514 2595 2594 2514 2515 2596 2595 2515 2516 2597 2596 2516 2517 2598 2597 2517 2518 2599 2598 2518 2519 2600 2599 2519 2520 2601 2600 2520 2521 2602 2601 2521 2522 2603 2602 2522 2523 2604 2603 2523 2524 2605 2604 2524 2525 2606 2605 2525 2526 2607 2606 2526 2527 2608 2607 2527 2528 2609 2608 2528 2529 2610 2609 2529 2530 2611 2610 2530 2531 2612 2611 2531 2532 2613 2612 2532 2533 2614 2613 2533 2534 2615 2614 2534 2535 2616 2615 2535 2536 2617 2616 2536 2537 2618 2617 2537 2538 2619 2618 2538 2539 2620 2619 2539 2540 2621 2620 2540 2541 2622 2621 2541 2542 2623 2622 2542 2543 2624 2623 2543 2544 2625 2624 2544 2545 2626 2625 2545 2546 2627 2626 2546 2547 2628 2627 2547 2548 2629 2628 2548 2549 2630 2629 2549 2550 2631 2630 2550 2551 2632 2631 2551 2552 2633 2632 2552 2553 2634 2633 2553 2554 2635 2634 2554 2555 2636 2635 2555 2556 2637 2636 2556 2557 2638 2637 2557 2558 2639 2638 2558 2559 2640 2639 2559 2560 2641 2640 2560 2561 2642 2641 2561 2562 2643 2642 2562 2563 2644 2643 2563 2564 2645 2644 2564 2565 2646 2645 2565 2566 2647 2646 2566 2567 2648 2647 2567 2568 2649 2648 2568 2569 2650 2649 2569 2570 2651 2650 2570 2571 2652 2651 2571 2572 2653 2652 2572 2573 2654 2653 2573 2574 2655 2654 2574 2575 2656 2655 2575 2576 2657 2656 2576 2577 2658 2657 2577 2578 2659 2658 2578 2579 2660 2659 2579 2580 2661 2660 2580 2581 2662 2661 2581 2582 2663 2662 2582 2583 2664 2663 2583 2584 2665 2664 2584 2585 2666 2665 2585 2586 2667 2666 2586 2587 2668 2667 2587 2588 2669 2668 2588 2589 2670 2669 2589 2590 2671 2670 2590 2591 2672 2671 2592 2593 2674 2673 2593 2594 2675 2674 2594 2595 2676 2675 2595 2596 2677 2676 2596 2597 2678 2677 2597 2598 2679 2678 2598 2599 2680 2679 2599 2600 2681 2680 2600 2601 2682 2681 2601 2602 2683 2682 2602 2603 2684 2683 2603 2604 2685 2684 2604 2605 2686 2685 2605 2606 2687 2686 2606 2607 2688 2687 2607 2608 2689 2688 2608 2609 2690 2689 2609 2610 2691 2690 2610 2611 2692 2691 2611 2612 2693 2692 2612 2613 2694 2693 2613 2614 2695 2694 2614 2615 2696 2695 2615 2616 2697 2696 2616 2617 2698 2697 2617 2618 2699 2698 2618 2619 2700 2699 2619 2620 2701 2700 2620 2621 2702 2701 2621 2622 2703 2702 2622 2623 2704 2703 2623 2624 2705 2704 2624 2625 2706 2705 2625 2626 2707 2706 2626 2627 2708 2707 2627 2628 2709 2708 2628 2629 2710 2709 2629 2630 2711 2710 2630 2631 2712 2711 2631 2632 2713 2712 2632 2633 2714 2713 2633 2634 2715 2714 2634 2635 2716 2715 2635 2636 2717 2716 2636 2637 2718 2717 2637 2638 2719 2718 2638 2639 2720 2719 2639 2640 2721 2720 2640 2641 2722 2721 2641 2642 2723 2722 2642 2643 2724 2723 2643 2644 2725 2724 2644 2645 2726 2725 2645 2646 2727 2726 2646 2647 2728 2727 2647 2648 2729 2728 2648 2649 2730 2729 2649 2650 2731 2730 2650 2651 2732 2731 2651 2652 2733 2732 2652 2653 2734 2733 2653 2654 2735 2734 2654 2655 2736 2735 2655 2656 2737 2736 2656 2657 2738 2737 2657 2658 2739 2738 2658 2659 2740 2739 2659 2660 2741 2740 2660 2661 2742 2741 2661 2662 2743 2742 2662 2663 2744 2743 2663 2664 2745 2744 2664 2665 2746 2745 2665 2666 2747 2746 2666 2667 2748 2747 2667 2668 2749 2748 2668 2669 2750 2749 2669 2670 2751 2750 2670 2671 2752 2751 2671 2672 2753 2752 2673 2674 2755 2754 2674 2675 2756 2755 2675 2676 2757 2756 2676 2677 2758 2757 2677 2678 2759 2758 2678 2679 2760 2759 2679 2680 2761 2760 2680 2681 2762 2761 2681 2682 2763 2762 2682 2683 2764 2763 2683 2684 2765 2764 2684 2685 2766 2765 2685 2686 2767 2766 2686 2687 2768 2767 2687 2688 2769 2768 2688 2689 2770 2769 2689 2690 2771 2770 2690 2691 2772 2771 2691 2692 2773 2772 2692 2693 2774 2773 2693 2694 2775 2774 2694 2695 2776 2775 2695 2696 2777 2776 2696 2697 2778 2777 2697 2698 2779 2778 2698 2699 2780 2779 2699 2700 2781 2780 2700 2701 2782 2781 2701 2702 2783 2782 2702 2703 2784 2783 2703 2704 2785 2784 2704 2705 2786 2785 2705 2706 2787 2786 2706 2707 2788 2787 2707 2708 2789 2788 2708 2709 2790 2789 2709 2710 2791 2790 2710 2711 2792 2791 2711 2712 2793 2792 2712 2713 2794 2793 2713 2714 2795 2794 2714 2715 2796 2795 2715 2716 2797 2796 2716 2717 2798 2797 2717 2718 2799 2798 2718 2719 2800 2799 2719 2720 2801 2800 2720 2721 2802 2801 2721 2722 2803 2802 2722 2723 2804 2803 2723 2724 2805 2804 2724 2725 2806 2805 2725 2726 2807 2806 2726 2727 2808 2807 2727 2728 2809 2808 2728 2729 2810 2809 2729 2730 2811 2810 2730 2731 2812 2811 2731 2732 2813 2812 2732 2733 2814 2813 2733 2734 2815 2814 2734 2735 2816 2815 2735 2736 2817 2816 2736 2737 2818 2817 2737 2738 2819 2818 2738 2739 2820 2819 2739 2740 2821 2820 2740 2741 2822 2821 2741 2742 2823 2822 2742 2743 2824 2823 2743 2744 2825 2824 2744 2745 2826 2825 2745 2746 2827 2826 2746 2747 2828 2827 2747 2748 2829 2828 2748 2749 2830 2829 2749 2750 2831 2830 2750 2751 2832 2831 2751 2752 2833 2832 2752 2753 2834 2833 2754 2755 2836 2835 2755 2756 2837 2836 2756 2757 2838 2837 2757 2758 2839 2838 2758 2759 2840 2839 2759 2760 2841 2840 2760 2761 2842 2841 2761 2762 2843 2842 2762 2763 2844 2843 2763 2764 2845 2844 2764 2765 2846 2845 2765 2766 2847 2846 2766 2767 2848 2847 2767 2768 2849 2848 2768 2769 2850 2849 2769 2770 2851 2850 2770 2771 2852 2851 2771 2772 2853 2852 2772 2773 2854 2853 2773 2774 2855 2854 2774 2775 2856 2855 2775 2776 2857 2856 2776 2777 2858 2857 2777 2778 2859 2858 2778 2779 2860 2859 2779 2780 2861 2860 2780 2781 2862 2861 2781 2782 2863 2862 2782 2783 2864 2863 2783 2784 2865 2864 2784 2785 2866 2865 2785 2786 2867 2866 2786 2787 2868 2867 2787 2788 2869 2868 2788 2789 2870 2869 2789 2790 2871 2870 2790 2791 2872 2871 2791 2792 2873 2872 2792 2793 2874 2873 2793 2794 2875 2874 2794 2795 2876 2875 2795 2796 2877 2876 2796 2797 2878 2877 2797 2798 2879 2878 2798 2799 2880 2879 2799 2800 2881 2880 2800 2801 2882 2881 2801 2802 2883 2882 2802 2803 2884 2883 2803 2804 2885 2884 2804 2805 2886 2885 2805 2806 2887 2886 2806 2807 2888 2887 2807 2808 2889 2888 2808 2809 2890 2889 2809 2810 2891 2890 2810 2811 2892 2891 2811 2812 2893 2892 2812 2813 2894 2893 2813 2814 2895 2894 2814 2815 2896 2895 2815 2816 2897 2896 2816 2817 2898 2897 2817 2818 2899 2898 2818 2819 2900 2899 2819 2820 2901 2900 2820 2821 2902 2901 2821 2822 2903 2902 2822 2823 2904 2903 2823 2824 2905 2904 2824 2825 2906 2905 2825 2826 2907 2906 2826 2827 2908 2907 2827 2828 2909 2908 2828 2829 2910 2909 2829 2830 2911 2910 2830 2831 2912 2911 2831 2832 2913 2912 2832 2833 2914 2913 2833 2834 2915 2914 2835 2836 2917 2916 2836 2837 2918 2917 2837 2838 2919 2918 2838 2839 2920 2919 2839 2840 2921 2920 2840 2841 2922 2921 2841 2842 2923 2922 2842 2843 2924 2923 2843 2844 2925 2924 2844 2845 2926 2925 2845 2846 2927 2926 2846 2847 2928 2927 2847 2848 2929 2928 2848 2849 2930 2929 2849 2850 2931 2930 2850 2851 2932 2931 2851 2852 2933 2932 2852 2853 2934 2933 2853 2854 2935 2934 2854 2855 2936 2935 2855 2856 2937 2936 2856 2857 2938 2937 2857 2858 2939 2938 2858 2859 2940 2939 2859 2860 2941 2940 2860 2861 2942 2941 2861 2862 2943 2942 2862 2863 2944 2943 2863 2864 2945 2944 2864 2865 2946 2945 2865 2866 2947 2946 2866 2867 2948 2947 2867 2868 2949 2948 2868 2869 2950 2949 2869 2870 2951 2950 2870 2871 2952 2951 2871 2872 2953 2952 2872 2873 2954 2953 2873 2874 2955 2954 2874 2875 2956 2955 2875 2876 2957 2956 2876 2877 2958 2957 2877 2878 2959 2958 2878 2879 2960 2959 2879 2880 2961 2960 2880 2881 2962 2961 2881 2882 2963 2962 2882 2883 2964 2963 2883 2884 2965 2964 2884 2885 2966 2965 2885 2886 2967 2966 2886 2887 2968 2967 2887 2888 2969 2968 2888 2889 2970 2969 2889 2890 2971 2970 2890 2891 2972 2971 2891 2892 2973 2972 2892 2893 2974 2973 2893 2894 2975 2974 2894 2895 2976 2975 2895 2896 2977 2976 2896 2897 2978 2977 2897 2898 2979 2978 2898 2899 2980 2979 2899 2900 2981 2980 2900 2901 2982 2981 2901 2902 2983 2982 2902 2903 2984 2983 2903 2904 2985 2984 2904 2905 2986 2985 2905 2906 2987 2986 2906 2907 2988 2987 2907 2908 2989 2988 2908 2909 2990 2989 2909 2910 2991 2990 2910 2911 2992 2991 2911 2912 2993 2992 2912 2913 2994 2993 2913 2914 2995 2994 2914 2915 2996 2995 2916 2917 2998 2997 2917 2918 2999 2998 2918 2919 3000 2999 2919 2920 3001 3000 2920 2921 3002 3001 2921 2922 3003 3002 2922 2923 3004 3003 2923 2924 3005 3004 2924 2925 3006 3005 2925 2926 3007 3006 2926 2927 3008 3007 2927 2928 3009 3008 2928 2929 3010 3009 2929 2930 3011 3010 2930 2931 3012 3011 2931 2932 3013 3012 2932 2933 3014 3013 2933 2934 3015 3014 2934 2935 3016 3015 2935 2936 3017 3016 2936 2937 3018 3017 2937 2938 3019 3018 2938 2939 3020 3019 2939 2940 3021 3020 2940 2941 3022 3021 2941 2942 3023 3022 2942 2943 3024 3023 2943 2944 3025 3024 2944 2945 3026 3025 2945 2946 3027 3026 2946 2947 3028 3027 2947 2948 3029 3028 2948 2949 3030 3029 2949 2950 3031 3030 2950 2951 3032 3031 2951 2952 3033 3032 2952 2953 3034 3033 2953 2954 3035 3034 2954 2955 3036 3035 2955 2956 3037 3036 2956 2957 3038 3037 2957 2958 3039 3038 2958 2959 3040 3039 2959 2960 3041 3040 2960 2961 3042 3041 2961 2962 3043 3042 2962 2963 3044 3043 2963 2964 3045 3044 2964 2965 3046 3045 2965 2966 3047 3046 2966 2967 3048 3047 2967 2968 3049 3048 2968 2969 3050 3049 2969 2970 3051 3050 2970 2971 3052 3051 2971 2972 3053 3052 2972 2973 3054 3053 2973 2974 3055 3054 2974 2975 3056 3055 2975 2976 3057 3056 2976 2977 3058 3057 2977 2978 3059 3058 2978 2979 3060 3059 2979 2980 3061 3060 2980 2981 3062 3061 2981 2982 3063 3062 2982 2983 3064 3063 2983 2984 3065 3064 2984 2985 3066 3065 2985 2986 3067 3066 2986 2987 3068 3067 2987 2988 3069 3068 2988 2989 3070 3069 2989 2990 3071 3070 2990 2991 3072 3071 2991 2992 3073 3072 2992 2993 3074 3073 2993 2994 3075 3074 2994 2995 3076 3075 2995 2996 3077 3076 2997 2998 3079 3078 2998 2999 3080 3079 2999 3000 3081 3080 3000 3001 3082 3081 3001 3002 3083 3082 3002 3003 3084 3083 3003 3004 3085 3084 3004 3005 3086 3085 3005 3006 3087 3086 3006 3007 3088 3087 3007 3008 3089 3088 3008 3009 3090 3089 3009 3010 3091 3090 3010 3011 3092 3091 3011 3012 3093 3092 3012 3013 3094 3093 3013 3014 3095 3094 3014 3015 3096 3095 3015 3016 3097 3096 3016 3017 3098 3097 3017 3018 3099 3098 3018 3019 3100 3099 3019 3020 3101 3100 3020 3021 3102 3101 3021 3022 3103 3102 3022 3023 3104 3103 3023 3024 3105 3104 3024 3025 3106 3105 3025 3026 3107 3106 3026 3027 3108 3107 3027 3028 3109 3108 3028 3029 3110 3109 3029 3030 3111 3110 3030 3031 3112 3111 3031 3032 3113 3112 3032 3033 3114 3113 3033 3034 3115 3114 3034 3035 3116 3115 3035 3036 3117 3116 3036 3037 3118 3117 3037 3038 3119 3118 3038 3039 3120 3119 3039 3040 3121 3120 3040 3041 3122 3121 3041 3042 3123 3122 3042 3043 3124 3123 3043 3044 3125 3124 3044 3045 3126 3125 3045 3046 3127 3126 3046 3047 3128 3127 3047 3048 3129 3128 3048 3049 3130 3129 3049 3050 3131 3130 3050 3051 3132 3131 3051 3052 3133 3132 3052 3053 3134 3133 3053 3054 3135 3134 3054 3055 3136 3135 3055 3056 3137 3136 3056 3057 3138 3137 3057 3058 3139 3138 3058 3059 3140 3139 3059 3060 3141 3140 3060 3061 3142 3141 3061 3062 3143 3142 3062 3063 3144 3143 3063 3064 3145 3144 3064 3065 3146 3145 3065 3066 3147 3146 3066 3067 3148 3147 3067 3068 3149 3148 3068 3069 3150 3149 3069 3070 3151 3150 3070 3071 3152 3151 3071 3072 3153 3152 3072 3073 3154 3153 3073 3074 3155 3154 3074 3075 3156 3155 3075 3076 3157 3156 3076 3077 3158 3157 3078 3079 3160 3159 3079 3080 3161 3160 3080 3081 3162 3161 3081 3082 3163 3162 3082 3083 3164 3163 3083 3084 3165 3164 3084 3085 3166 3165 3085 3086 3167 3166 3086 3087 3168 3167 3087 3088 3169 3168 3088 3089 3170 3169 3089 3090 3171 3170 3090 3091 3172 3171 3091 3092 3173 3172 3092 3093 3174 3173 3093 3094 3175 3174 3094 3095 3176 3175 3095 3096 3177 3176 3096 3097 3178 3177 3097 3098 3179 3178 3098 3099 3180 3179 3099 3100 3181 3180 3100 3101 3182 3181 3101 3102 3183 3182 3102 3103 3184 3183 3103 3104 3185 3184 3104 3105 3186 3185 3105 3106 3187 3186 3106 3107 3188 3187 3107 3108 3189 3188 3108 3109 3190 3189 3109 3110 3191 3190 3110 3111 3192 3191 3111 3112 3193 3192 3112 3113 3194 3193 3113 3114 3195 3194 3114 3115 3196 3195 3115 3116 3197 3196 3116 3117 3198 3197 3117 3118 3199 3198 3118 3119 3200 3199 3119 3120 3201 3200 3120 3121 3202 3201 3121 3122 3203 3202 3122 3123 3204 3203 3123 3124 3205 3204 3124 3125 3206 3205 3125 3126 3207 3206 3126 3127 3208 3207 3127 3128 3209 3208 3128 3129 3210 3209 3129 3130 3211 3210 3130 3131 3212 3211 3131 3132 3213 3212 3132 3133 3214 3213 3133 3134 3215 3214 3134 3135 3216 3215 3135 3136 3217 3216 3136 3137 3218 3217 3137 3138 3219 3218 3138 3139 3220 3219 3139 3140 3221 3220 3140 3141 3222 3221 3141 3142 3223 3222 3142 3143 3224 3223 3143 3144 3225 3224 3144 3145 3226 3225 3145 3146 3227 3226 3146 3147 3228 3227 3147 3148 3229 3228 3148 3149 3230 3229 3149 3150 3231 3230 3150 3151 3232 3231 3151 3152 3233 3232 3152 3153 3234 3233 3153 3154 3235 3234 3154 3155 3236 3235 3155 3156 3237 3236 3156 3157 3238 3237 3157 3158 3239 3238 3159 3160 3241 3240 3160 3161 3242 3241 3161 3162 3243 3242 3162 3163 3244 3243 3163 3164 3245 3244 3164 3165 3246 3245 3165 3166 3247 3246 3166 3167 3248 3247 3167 3168 3249 3248 3168 3169 3250 3249 3169 3170 3251 3250 3170 3171 3252 3251 3171 3172 3253 3252 3172 3173 3254 3253 3173 3174 3255 3254 3174 3175 3256 3255 3175 3176 3257 3256 3176 3177 3258 3257 3177 3178 3259 3258 3178 3179 3260 3259 3179 3180 3261 3260 3180 3181 3262 3261 3181 3182 3263 3262 3182 3183 3264 3263 3183 3184 3265 3264 3184 3185 3266 3265 3185 3186 3267 3266 3186 3187 3268 3267 3187 3188 3269 3268 3188 3189 3270 3269 3189 3190 3271 3270 3190 3191 3272 3271 3191 3192 3273 3272 3192 3193 3274 3273 3193 3194 3275 3274 3194 3195 3276 3275 3195 3196 3277 3276 3196 3197 3278 3277 3197 3198 3279 3278 3198 3199 3280 3279 3199 3200 3281 3280 3200 3201 3282 3281 3201 3202 3283 3282 3202 3203 3284 3283 3203 3204 3285 3284 3204 3205 3286 3285 3205 3206 3287 3286 3206 3207 3288 3287 3207 3208 3289 3288 3208 3209 3290 3289 3209 3210 3291 3290 3210 3211 3292 3291 3211 3212 3293 3292 3212 3213 3294 3293 3213 3214 3295 3294 3214 3215 3296 3295 3215 3216 3297 3296 3216 3217 3298 3297 3217 3218 3299 3298 3218 3219 3300 3299 3219 3220 3301 3300 3220 3221 3302 3301 3221 3222 3303 3302 3222 3223 3304 3303 3223 3224 3305 3304 3224 3225 3306 3305 3225 3226 3307 3306 3226 3227 3308 3307 3227 3228 3309 3308 3228 3229 3310 3309 3229 3230 3311 3310 3230 3231 3312 3311 3231 3232 3313 3312 3232 3233 3314 3313 3233 3234 3315 3314 3234 3235 3316 3315 3235 3236 3317 3316 3236 3237 3318 3317 3237 3238 3319 3318 3238 3239 3320 3319 3240 3241 3322 3321 3241 3242 3323 3322 3242 3243 3324 3323 3243 3244 3325 3324 3244 3245 3326 3325 3245 3246 3327 3326 3246 3247 3328 3327 3247 3248 3329 3328 3248 3249 3330 3329 3249 3250 3331 3330 3250 3251 3332 3331 3251 3252 3333 3332 3252 3253 3334 3333 3253 3254 3335 3334 3254 3255 3336 3335 3255 3256 3337 3336 3256 3257 3338 3337 3257 3258 3339 3338 3258 3259 3340 3339 3259 3260 3341 3340 3260 3261 3342 3341 3261 3262 3343 3342 3262 3263 3344 3343 3263 3264 3345 3344 3264 3265 3346 3345 3265 3266 3347 3346 3266 3267 3348 3347 3267 3268 3349 3348 3268 3269 3350 3349 3269 3270 3351 3350 3270 3271 3352 3351 3271 3272 3353 3352 3272 3273 3354 3353 3273 3274 3355 3354 3274 3275 3356 3355 3275 3276 3357 3356 3276 3277 3358 3357 3277 3278 3359 3358 3278 3279 3360 3359 3279 3280 3361 3360 3280 3281 3362 3361 3281 3282 3363 3362 3282 3283 3364 3363 3283 3284 3365 3364 3284 3285 3366 3365 3285 3286 3367 3366 3286 3287 3368 3367 3287 3288 3369 3368 3288 3289 3370 3369 3289 3290 3371 3370 3290 3291 3372 3371 3291 3292 3373 3372 3292 3293 3374 3373 3293 3294 3375 3374 3294 3295 3376 3375 3295 3296 3377 3376 3296 3297 3378 3377 3297 3298 3379 3378 3298 3299 3380 3379 3299 3300 3381 3380 3300 3301 3382 3381 3301 3302 3383 3382 3302 3303 3384 3383 3303 3304 3385 3384 3304 3305 3386 3385 3305 3306 3387 3386 3306 3307 3388 3387 3307 3308 3389 3388 3308 3309 3390 3389 3309 3310 3391 3390 3310 3311 3392 3391 3311 3312 3393 3392 3312 3313 3394 3393 3313 3314 3395 3394 3314 3315 3396 3395 3315 3316 3397 3396 3316 3317 3398 3397 3317 3318 3399 3398 3318 3319 3400 3399 3319 3320 3401 3400 3321 3322 3403 3402 3322 3323 3404 3403 3323 3324 3405 3404 3324 3325 3406 3405 3325 3326 3407 3406 3326 3327 3408 3407 3327 3328 3409 3408 3328 3329 3410 3409 3329 3330 3411 3410 3330 3331 3412 3411 3331 3332 3413 3412 3332 3333 3414 3413 3333 3334 3415 3414 3334 3335 3416 3415 3335 3336 3417 3416 3336 3337 3418 3417 3337 3338 3419 3418 3338 3339 3420 3419 3339 3340 3421 3420 3340 3341 3422 3421 3341 3342 3423 3422 3342 3343 3424 3423 3343 3344 3425 3424 3344 3345 3426 3425 3345 3346 3427 3426 3346 3347 3428 3427 3347 3348 3429 3428 3348 3349 3430 3429 3349 3350 3431 3430 3350 3351 3432 3431 3351 3352 3433 3432 3352 3353 3434 3433 3353 3354 3435 3434 3354 3355 3436 3435 3355 3356 3437 3436 3356 3357 3438 3437 3357 3358 3439 3438 3358 3359 3440 3439 3359 3360 3441 3440 3360 3361 3442 3441 3361 3362 3443 3442 3362 3363 3444 3443 3363 3364 3445 3444 3364 3365 3446 3445 3365 3366 3447 3446 3366 3367 3448 3447 3367 3368 3449 3448 3368 3369 3450 3449 3369 3370 3451 3450 3370 3371 3452 3451 3371 3372 3453 3452 3372 3373 3454 3453 3373 3374 3455 3454 3374 3375 3456 3455 3375 3376 3457 3456 3376 3377 3458 3457 3377 3378 3459 3458 3378 3379 3460 3459 3379 3380 3461 3460 3380 3381 3462 3461 3381 3382 3463 3462 3382 3383 3464 3463 3383 3384 3465 3464 3384 3385 3466 3465 3385 3386 3467 3466 3386 3387 3468 3467 3387 3388 3469 3468 3388 3389 3470 3469 3389 3390 3471 3470 3390 3391 3472 3471 3391 3392 3473 3472 3392 3393 3474 3473 3393 3394 3475 3474 3394 3395 3476 3475 3395 3396 3477 3476 3396 3397 3478 3477 3397 3398 3479 3478 3398 3399 3480 3479 3399 3400 3481 3480 3400 3401 3482 3481 3402 3403 3484 3483 3403 3404 3485 3484 3404 3405 3486 3485 3405 3406 3487 3486 3406 3407 3488 3487 3407 3408 3489 3488 3408 3409 3490 3489 3409 3410 3491 3490 3410 3411 3492 3491 3411 3412 3493 3492 3412 3413 3494 3493 3413 3414 3495 3494 3414 3415 3496 3495 3415 3416 3497 3496 3416 3417 3498 3497 3417 3418 3499 3498 3418 3419 3500 3499 3419 3420 3501 3500 3420 3421 3502 3501 3421 3422 3503 3502 3422 3423 3504 3503 3423 3424 3505 3504 3424 3425 3506 3505 3425 3426 3507 3506 3426 3427 3508 3507 3427 3428 3509 3508 3428 3429 3510 3509 3429 3430 3511 3510 3430 3431 3512 3511 3431 3432 3513 3512 3432 3433 3514 3513 3433 3434 3515 3514 3434 3435 3516 3515 3435 3436 3517 3516 3436 3437 3518 3517 3437 3438 3519 3518 3438 3439 3520 3519 3439 3440 3521 3520 3440 3441 3522 3521 3441 3442 3523 3522 3442 3443 3524 3523 3443 3444 3525 3524 3444 3445 3526 3525 3445 3446 3527 3526 3446 3447 3528 3527 3447 3448 3529 3528 3448 3449 3530 3529 3449 3450 3531 3530 3450 3451 3532 3531 3451 3452 3533 3532 3452 3453 3534 3533 3453 3454 3535 3534 3454 3455 3536 3535 3455 3456 3537 3536 3456 3457 3538 3537 3457 3458 3539 3538 3458 3459 3540 3539 3459 3460 3541 3540 3460 3461 3542 3541 3461 3462 3543 3542 3462 3463 3544 3543 3463 3464 3545 3544 3464 3465 3546 3545 3465 3466 3547 3546 3466 3467 3548 3547 3467 3468 3549 3548 3468 3469 3550 3549 3469 3470 3551 3550 3470 3471 3552 3551 3471 3472 3553 3552 3472 3473 3554 3553 3473 3474 3555 3554 3474 3475 3556 3555 3475 3476 3557 3556 3476 3477 3558 3557 3477 3478 3559 3558 3478 3479 3560 3559 3479 3480 3561 3560 3480 3481 3562 3561 3481 3482 3563 3562 3483 3484 3565 3564 3484 3485 3566 3565 3485 3486 3567 3566 3486 3487 3568 3567 3487 3488 3569 3568 3488 3489 3570 3569 3489 3490 3571 3570 3490 3491 3572 3571 3491 3492 3573 3572 3492 3493 3574 3573 3493 3494 3575 3574 3494 3495 3576 3575 3495 3496 3577 3576 3496 3497 3578 3577 3497 3498 3579 3578 3498 3499 3580 3579 3499 3500 3581 3580 3500 3501 3582 3581 3501 3502 3583 3582 3502 3503 3584 3583 3503 3504 3585 3584 3504 3505 3586 3585 3505 3506 3587 3586 3506 3507 3588 3587 3507 3508 3589 3588 3508 3509 3590 3589 3509 3510 3591 3590 3510 3511 3592 3591 3511 3512 3593 3592 3512 3513 3594 3593 3513 3514 3595 3594 3514 3515 3596 3595 3515 3516 3597 3596 3516 3517 3598 3597 3517 3518 3599 3598 3518 3519 3600 3599 3519 3520 3601 3600 3520 3521 3602 3601 3521 3522 3603 3602 3522 3523 3604 3603 3523 3524 3605 3604 3524 3525 3606 3605 3525 3526 3607 3606 3526 3527 3608 3607 3527 3528 3609 3608 3528 3529 3610 3609 3529 3530 3611 3610 3530 3531 3612 3611 3531 3532 3613 3612 3532 3533 3614 3613 3533 3534 3615 3614 3534 3535 3616 3615 3535 3536 3617 3616 3536 3537 3618 3617 3537 3538 3619 3618 3538 3539 3620 3619 3539 3540 3621 3620 3540 3541 3622 3621 3541 3542 3623 3622 3542 3543 3624 3623 3543 3544 3625 3624 3544 3545 3626 3625 3545 3546 3627 3626 3546 3547 3628 3627 3547 3548 3629 3628 3548 3549 3630 3629 3549 3550 3631 3630 3550 3551 3632 3631 3551 3552 3633 3632 3552 3553 3634 3633 3553 3554 3635 3634 3554 3555 3636 3635 3555 3556 3637 3636 3556 3557 3638 3637 3557 3558 3639 3638 3558 3559 3640 3639 3559 3560 3641 3640 3560 3561 3642 3641 3561 3562 3643 3642 3562 3563 3644 3643 3564 3565 3646 3645 3565 3566 3647 3646 3566 3567 3648 3647 3567 3568 3649 3648 3568 3569 3650 3649 3569 3570 3651 3650 3570 3571 3652 3651 3571 3572 3653 3652 3572 3573 3654 3653 3573 3574 3655 3654 3574 3575 3656 3655 3575 3576 3657 3656 3576 3577 3658 3657 3577 3578 3659 3658 3578 3579 3660 3659 3579 3580 3661 3660 3580 3581 3662 3661 3581 3582 3663 3662 3582 3583 3664 3663 3583 3584 3665 3664 3584 3585 3666 3665 3585 3586 3667 3666 3586 3587 3668 3667 3587 3588 3669 3668 3588 3589 3670 3669 3589 3590 3671 3670 3590 3591 3672 3671 3591 3592 3673 3672 3592 3593 3674 3673 3593 3594 3675 3674 3594 3595 3676 3675 3595 3596 3677 3676 3596 3597 3678 3677 3597 3598 3679 3678 3598 3599 3680 3679 3599 3600 3681 3680 3600 3601 3682 3681 3601 3602 3683 3682 3602 3603 3684 3683 3603 3604 3685 3684 3604 3605 3686 3685 3605 3606 3687 3686 3606 3607 3688 3687 3607 3608 3689 3688 3608 3609 3690 3689 3609 3610 3691 3690 3610 3611 3692 3691 3611 3612 3693 3692 3612 3613 3694 3693 3613 3614 3695 3694 3614 3615 3696 3695 3615 3616 3697 3696 3616 3617 3698 3697 3617 3618 3699 3698 3618 3619 3700 3699 3619 3620 3701 3700 3620 3621 3702 3701 3621 3622 3703 3702 3622 3623 3704 3703 3623 3624 3705 3704 3624 3625 3706 3705 3625 3626 3707 3706 3626 3627 3708 3707 3627 3628 3709 3708 3628 3629 3710 3709 3629 3630 3711 3710 3630 3631 3712 3711 3631 3632 3713 3712 3632 3633 3714 3713 3633 3634 3715 3714 3634 3635 3716 3715 3635 3636 3717 3716 3636 3637 3718 3717 3637 3638 3719 3718 3638 3639 3720 3719 3639 3640 3721 3720 3640 3641 3722 3721 3641 3642 3723 3722 3642 3643 3724 3723 3643 3644 3725 3724 3645 3646 3727 3726 3646 3647 3728 3727 3647 3648 3729 3728 3648 3649 3730 3729 3649 3650 3731 3730 3650 3651 3732 3731 3651 3652 3733 3732 3652 3653 3734 3733 3653 3654 3735 3734 3654 3655 3736 3735 3655 3656 3737 3736 3656 3657 3738 3737 3657 3658 3739 3738 3658 3659 3740 3739 3659 3660 3741 3740 3660 3661 3742 3741 3661 3662 3743 3742 3662 3663 3744 3743 3663 3664 3745 3744 3664 3665 3746 3745 3665 3666 3747 3746 3666 3667 3748 3747 3667 3668 3749 3748 3668 3669 3750 3749 3669 3670 3751 3750 3670 3671 3752 3751 3671 3672 3753 3752 3672 3673 3754 3753 3673 3674 3755 3754 3674 3675 3756 3755 3675 3676 3757 3756 3676 3677 3758 3757 3677 3678 3759 3758 3678 3679 3760 3759 3679 3680 3761 3760 3680 3681 3762 3761 3681 3682 3763 3762 3682 3683 3764 3763 3683 3684 3765 3764 3684 3685 3766 3765 3685 3686 3767 3766 3686 3687 3768 3767 3687 3688 3769 3768 3688 3689 3770 3769 3689 3690 3771 3770 3690 3691 3772 3771 3691 3692 3773 3772 3692 3693 3774 3773 3693 3694 3775 3774 3694 3695 3776 3775 3695 3696 3777 3776 3696 3697 3778 3777 3697 3698 3779 3778 3698 3699 3780 3779 3699 3700 3781 3780 3700 3701 3782 3781 3701 3702 3783 3782 3702 3703 3784 3783 3703 3704 3785 3784 3704 3705 3786 3785 3705 3706 3787 3786 3706 3707 3788 3787 3707 3708 3789 3788 3708 3709 3790 3789 3709 3710 3791 3790 3710 3711 3792 3791 3711 3712 3793 3792 3712 3713 3794 3793 3713 3714 3795 3794 3714 3715 3796 3795 3715 3716 3797 3796 3716 3717 3798 3797 3717 3718 3799 3798 3718 3719 3800 3799 3719 3720 3801 3800 3720 3721 3802 3801 3721 3722 3803 3802 3722 3723 3804 3803 3723 3724 3805 3804 3724 3725 3806 3805 3726 3727 3808 3807 3727 3728 3809 3808 3728 3729 3810 3809 3729 3730 3811 3810 3730 3731 3812 3811 3731 3732 3813 3812 3732 3733 3814 3813 3733 3734 3815 3814 3734 3735 3816 3815 3735 3736 3817 3816 3736 3737 3818 3817 3737 3738 3819 3818 3738 3739 3820 3819 3739 3740 3821 3820 3740 3741 3822 3821 3741 3742 3823 3822 3742 3743 3824 3823 3743 3744 3825 3824 3744 3745 3826 3825 3745 3746 3827 3826 3746 3747 3828 3827 3747 3748 3829 3828 3748 3749 3830 3829 3749 3750 3831 3830 3750 3751 3832 3831 3751 3752 3833 3832 3752 3753 3834 3833 3753 3754 3835 3834 3754 3755 3836 3835 3755 3756 3837 3836 3756 3757 3838 3837 3757 3758 3839 3838 3758 3759 3840 3839 3759 3760 3841 3840 3760 3761 3842 3841 3761 3762 3843 3842 3762 3763 3844 3843 3763 3764 3845 3844 3764 3765 3846 3845 3765 3766 3847 3846 3766 3767 3848 3847 3767 3768 3849 3848 3768 3769 3850 3849 3769 3770 3851 3850 3770 3771 3852 3851 3771 3772 3853 3852 3772 3773 3854 3853 3773 3774 3855 3854 3774 3775 3856 3855 3775 3776 3857 3856 3776 3777 3858 3857 3777 3778 3859 3858 3778 3779 3860 3859 3779 3780 3861 3860 3780 3781 3862 3861 3781 3782 3863 3862 3782 3783 3864 3863 3783 3784 3865 3864 3784 3785 3866 3865 3785 3786 3867 3866 3786 3787 3868 3867 3787 3788 3869 3868 3788 3789 3870 3869 3789 3790 3871 3870 3790 3791 3872 3871 3791 3792 3873 3872 3792 3793 3874 3873 3793 3794 3875 3874 3794 3795 3876 3875 3795 3796 3877 3876 3796 3797 3878 3877 3797 3798 3879 3878 3798 3799 3880 3879 3799 3800 3881 3880 3800 3801 3882 3881 3801 3802 3883 3882 3802 3803 3884 3883 3803 3804 3885 3884 3804 3805 3886 3885 3805 3806 3887 3886 3807 3808 3889 3888 3808 3809 3890 3889 3809 3810 3891 3890 3810 3811 3892 3891 3811 3812 3893 3892 3812 3813 3894 3893 3813 3814 3895 3894 3814 3815 3896 3895 3815 3816 3897 3896 3816 3817 3898 3897 3817 3818 3899 3898 3818 3819 3900 3899 3819 3820 3901 3900 3820 3821 3902 3901 3821 3822 3903 3902 3822 3823 3904 3903 3823 3824 3905 3904 3824 3825 3906 3905 3825 3826 3907 3906 3826 3827 3908 3907 3827 3828 3909 3908 3828 3829 3910 3909 3829 3830 3911 3910 3830 3831 3912 3911 3831 3832 3913 3912 3832 3833 3914 3913 3833 3834 3915 3914 3834 3835 3916 3915 3835 3836 3917 3916 3836 3837 3918 3917 3837 3838 3919 3918 3838 3839 3920 3919 3839 3840 3921 3920 3840 3841 3922 3921 3841 3842 3923 3922 3842 3843 3924 3923 3843 3844 3925 3924 3844 3845 3926 3925 3845 3846 3927 3926 3846 3847 3928 3927 3847 3848 3929 3928 3848 3849 3930 3929 3849 3850 3931 3930 3850 3851 3932 3931 3851 3852 3933 3932 3852 3853 3934 3933 3853 3854 3935 3934 3854 3855 3936 3935 3855 3856 3937 3936 3856 3857 3938 3937 3857 3858 3939 3938 3858 3859 3940 3939 3859 3860 3941 3940 3860 3861 3942 3941 3861 3862 3943 3942 3862 3863 3944 3943 3863 3864 3945 3944 3864 3865 3946 3945 3865 3866 3947 3946 3866 3867 3948 3947 3867 3868 3949 3948 3868 3869 3950 3949 3869 3870 3951 3950 3870 3871 3952 3951 3871 3872 3953 3952 3872 3873 3954 3953 3873 3874 3955 3954 3874 3875 3956 3955 3875 3876 3957 3956 3876 3877 3958 3957 3877 3878 3959 3958 3878 3879 3960 3959 3879 3880 3961 3960 3880 3881 3962 3961 3881 3882 3963 3962 3882 3883 3964 3963 3883 3884 3965 3964 3884 3885 3966 3965 3885 3886 3967 3966 3886 3887 3968 3967 3888 3889 3970 3969 3889 3890 3971 3970 3890 3891 3972 3971 3891 3892 3973 3972 3892 3893 3974 3973 3893 3894 3975 3974 3894 3895 3976 3975 3895 3896 3977 3976 3896 3897 3978 3977 3897 3898 3979 3978 3898 3899 3980 3979 3899 3900 3981 3980 3900 3901 3982 3981 3901 3902 3983 3982 3902 3903 3984 3983 3903 3904 3985 3984 3904 3905 3986 3985 3905 3906 3987 3986 3906 3907 3988 3987 3907 3908 3989 3988 3908 3909 3990 3989 3909 3910 3991 3990 3910 3911 3992 3991 3911 3912 3993 3992 3912 3913 3994 3993 3913 3914 3995 3994 3914 3915 3996 3995 3915 3916 3997 3996 3916 3917 3998 3997 3917 3918 3999 3998 3918 3919 4000 3999 3919 3920 4001 4000 3920 3921 4002 4001 3921 3922 4003 4002 3922 3923 4004 4003 3923 3924 4005 4004 3924 3925 4006 4005 3925 3926 4007 4006 3926 3927 4008 4007 3927 3928 4009 4008 3928 3929 4010 4009 3929 3930 4011 4010 3930 3931 4012 4011 3931 3932 4013 4012 3932 3933 4014 4013 3933 3934 4015 4014 3934 3935 4016 4015 3935 3936 4017 4016 3936 3937 4018 4017 3937 3938 4019 4018 3938 3939 4020 4019 3939 3940 4021 4020 3940 3941 4022 4021 3941 3942 4023 4022 3942 3943 4024 4023 3943 3944 4025 4024 3944 3945 4026 4025 3945 3946 4027 4026 3946 3947 4028 4027 3947 3948 4029 4028 3948 3949 4030 4029 3949 3950 4031 4030 3950 3951 4032 4031 3951 3952 4033 4032 3952 3953 4034 4033 3953 3954 4035 4034 3954 3955 4036 4035 3955 3956 4037 4036 3956 3957 4038 4037 3957 3958 4039 4038 3958 3959 4040 4039 3959 3960 4041 4040 3960 3961 4042 4041 3961 3962 4043 4042 3962 3963 4044 4043 3963 3964 4045 4044 3964 3965 4046 4045 3965 3966 4047 4046 3966 3967 4048 4047 3967 3968 4049 4048 3969 3970 4051 4050 3970 3971 4052 4051 3971 3972 4053 4052 3972 3973 4054 4053 3973 3974 4055 4054 3974 3975 4056 4055 3975 3976 4057 4056 3976 3977 4058 4057 3977 3978 4059 4058 3978 3979 4060 4059 3979 3980 4061 4060 3980 3981 4062 4061 3981 3982 4063 4062 3982 3983 4064 4063 3983 3984 4065 4064 3984 3985 4066 4065 3985 3986 4067 4066 3986 3987 4068 4067 3987 3988 4069 4068 3988 3989 4070 4069 3989 3990 4071 4070 3990 3991 4072 4071 3991 3992 4073 4072 3992 3993 4074 4073 3993 3994 4075 4074 3994 3995 4076 4075 3995 3996 4077 4076 3996 3997 4078 4077 3997 3998 4079 4078 3998 3999 4080 4079 3999 4000 4081 4080 4000 4001 4082 4081 4001 4002 4083 4082 4002 4003 4084 4083 4003 4004 4085 4084 4004 4005 4086 4085 4005 4006 4087 4086 4006 4007 4088 4087 4007 4008 4089 4088 4008 4009 4090 4089 4009 4010 4091 4090 4010 4011 4092 4091 4011 4012 4093 4092 4012 4013 4094 4093 4013 4014 4095 4094 4014 4015 4096 4095 4015 4016 4097 4096 4016 4017 4098 4097 4017 4018 4099 4098 4018 4019 4100 4099 4019 4020 4101 4100 4020 4021 4102 4101 4021 4022 4103 4102 4022 4023 4104 4103 4023 4024 4105 4104 4024 4025 4106 4105 4025 4026 4107 4106 4026 4027 4108 4107 4027 4028 4109 4108 4028 4029 4110 4109 4029 4030 4111 4110 4030 4031 4112 4111 4031 4032 4113 4112 4032 4033 4114 4113 4033 4034 4115 4114 4034 4035 4116 4115 4035 4036 4117 4116 4036 4037 4118 4117 4037 4038 4119 4118 4038 4039 4120 4119 4039 4040 4121 4120 4040 4041 4122 4121 4041 4042 4123 4122 4042 4043 4124 4123 4043 4044 4125 4124 4044 4045 4126 4125 4045 4046 4127 4126 4046 4047 4128 4127 4047 4048 4129 4128 4048 4049 4130 4129 4050 4051 4132 4131 4051 4052 4133 4132 4052 4053 4134 4133 4053 4054 4135 4134 4054 4055 4136 4135 4055 4056 4137 4136 4056 4057 4138 4137 4057 4058 4139 4138 4058 4059 4140 4139 4059 4060 4141 4140 4060 4061 4142 4141 4061 4062 4143 4142 4062 4063 4144 4143 4063 4064 4145 4144 4064 4065 4146 4145 4065 4066 4147 4146 4066 4067 4148 4147 4067 4068 4149 4148 4068 4069 4150 4149 4069 4070 4151 4150 4070 4071 4152 4151 4071 4072 4153 4152 4072 4073 4154 4153 4073 4074 4155 4154 4074 4075 4156 4155 4075 4076 4157 4156 4076 4077 4158 4157 4077 4078 4159 4158 4078 4079 4160 4159 4079 4080 4161 4160 4080 4081 4162 4161 4081 4082 4163 4162 4082 4083 4164 4163 4083 4084 4165 4164 4084 4085 4166 4165 4085 4086 4167 4166 4086 4087 4168 4167 4087 4088 4169 4168 4088 4089 4170 4169 4089 4090 4171 4170 4090 4091 4172 4171 4091 4092 4173 4172 4092 4093 4174 4173 4093 4094 4175 4174 4094 4095 4176 4175 4095 4096 4177 4176 4096 4097 4178 4177 4097 4098 4179 4178 4098 4099 4180 4179 4099 4100 4181 4180 4100 4101 4182 4181 4101 4102 4183 4182 4102 4103 4184 4183 4103 4104 4185 4184 4104 4105 4186 4185 4105 4106 4187 4186 4106 4107 4188 4187 4107 4108 4189 4188 4108 4109 4190 4189 4109 4110 4191 4190 4110 4111 4192 4191 4111 4112 4193 4192 4112 4113 4194 4193 4113 4114 4195 4194 4114 4115 4196 4195 4115 4116 4197 4196 4116 4117 4198 4197 4117 4118 4199 4198 4118 4119 4200 4199 4119 4120 4201 4200 4120 4121 4202 4201 4121 4122 4203 4202 4122 4123 4204 4203 4123 4124 4205 4204 4124 4125 4206 4205 4125 4126 4207 4206 4126 4127 4208 4207 4127 4128 4209 4208 4128 4129 4210 4209 4129 4130 4211 4210 4131 4132 4213 4212 4132 4133 4214 4213 4133 4134 4215 4214 4134 4135 4216 4215 4135 4136 4217 4216 4136 4137 4218 4217 4137 4138 4219 4218 4138 4139 4220 4219 4139 4140 4221 4220 4140 4141 4222 4221 4141 4142 4223 4222 4142 4143 4224 4223 4143 4144 4225 4224 4144 4145 4226 4225 4145 4146 4227 4226 4146 4147 4228 4227 4147 4148 4229 4228 4148 4149 4230 4229 4149 4150 4231 4230 4150 4151 4232 4231 4151 4152 4233 4232 4152 4153 4234 4233 4153 4154 4235 4234 4154 4155 4236 4235 4155 4156 4237 4236 4156 4157 4238 4237 4157 4158 4239 4238 4158 4159 4240 4239 4159 4160 4241 4240 4160 4161 4242 4241 4161 4162 4243 4242 4162 4163 4244 4243 4163 4164 4245 4244 4164 4165 4246 4245 4165 4166 4247 4246 4166 4167 4248 4247 4167 4168 4249 4248 4168 4169 4250 4249 4169 4170 4251 4250 4170 4171 4252 4251 4171 4172 4253 4252 4172 4173 4254 4253 4173 4174 4255 4254 4174 4175 4256 4255 4175 4176 4257 4256 4176 4177 4258 4257 4177 4178 4259 4258 4178 4179 4260 4259 4179 4180 4261 4260 4180 4181 4262 4261 4181 4182 4263 4262 4182 4183 4264 4263 4183 4184 4265 4264 4184 4185 4266 4265 4185 4186 4267 4266 4186 4187 4268 4267 4187 4188 4269 4268 4188 4189 4270 4269 4189 4190 4271 4270 4190 4191 4272 4271 4191 4192 4273 4272 4192 4193 4274 4273 4193 4194 4275 4274 4194 4195 4276 4275 4195 4196 4277 4276 4196 4197 4278 4277 4197 4198 4279 4278 4198 4199 4280 4279 4199 4200 4281 4280 4200 4201 4282 4281 4201 4202 4283 4282 4202 4203 4284 4283 4203 4204 4285 4284 4204 4205 4286 4285 4205 4206 4287 4286 4206 4207 4288 4287 4207 4208 4289 4288 4208 4209 4290 4289 4209 4210 4291 4290 4210 4211 4292 4291 4212 4213 4294 4293 4213 4214 4295 4294 4214 4215 4296 4295 4215 4216 4297 4296 4216 4217 4298 4297 4217 4218 4299 4298 4218 4219 4300 4299 4219 4220 4301 4300 4220 4221 4302 4301 4221 4222 4303 4302 4222 4223 4304 4303 4223 4224 4305 4304 4224 4225 4306 4305 4225 4226 4307 4306 4226 4227 4308 4307 4227 4228 4309 4308 4228 4229 4310 4309 4229 4230 4311 4310 4230 4231 4312 4311 4231 4232 4313 4312 4232 4233 4314 4313 4233 4234 4315 4314 4234 4235 4316 4315 4235 4236 4317 4316 4236 4237 4318 4317 4237 4238 4319 4318 4238 4239 4320 4319 4239 4240 4321 4320 4240 4241 4322 4321 4241 4242 4323 4322 4242 4243 4324 4323 4243 4244 4325 4324 4244 4245 4326 4325 4245 4246 4327 4326 4246 4247 4328 4327 4247 4248 4329 4328 4248 4249 4330 4329 4249 4250 4331 4330 4250 4251 4332 4331 4251 4252 4333 4332 4252 4253 4334 4333 4253 4254 4335 4334 4254 4255 4336 4335 4255 4256 4337 4336 4256 4257 4338 4337 4257 4258 4339 4338 4258 4259 4340 4339 4259 4260 4341 4340 4260 4261 4342 4341 4261 4262 4343 4342 4262 4263 4344 4343 4263 4264 4345 4344 4264 4265 4346 4345 4265 4266 4347 4346 4266 4267 4348 4347 4267 4268 4349 4348 4268 4269 4350 4349 4269 4270 4351 4350 4270 4271 4352 4351 4271 4272 4353 4352 4272 4273 4354 4353 4273 4274 4355 4354 4274 4275 4356 4355 4275 4276 4357 4356 4276 4277 4358 4357 4277 4278 4359 4358 4278 4279 4360 4359 4279 4280 4361 4360 4280 4281 4362 4361 4281 4282 4363 4362 4282 4283 4364 4363 4283 4284 4365 4364 4284 4285 4366 4365 4285 4286 4367 4366 4286 4287 4368 4367 4287 4288 4369 4368 4288 4289 4370 4369 4289 4290 4371 4370 4290 4291 4372 4371 4291 4292 4373 4372 4293 4294 4375 4374 4294 4295 4376 4375 4295 4296 4377 4376 4296 4297 4378 4377 4297 4298 4379 4378 4298 4299 4380 4379 4299 4300 4381 4380 4300 4301 4382 4381 4301 4302 4383 4382 4302 4303 4384 4383 4303 4304 4385 4384 4304 4305 4386 4385 4305 4306 4387 4386 4306 4307 4388 4387 4307 4308 4389 4388 4308 4309 4390 4389 4309 4310 4391 4390 4310 4311 4392 4391 4311 4312 4393 4392 4312 4313 4394 4393 4313 4314 4395 4394 4314 4315 4396 4395 4315 4316 4397 4396 4316 4317 4398 4397 4317 4318 4399 4398 4318 4319 4400 4399 4319 4320 4401 4400 4320 4321 4402 4401 4321 4322 4403 4402 4322 4323 4404 4403 4323 4324 4405 4404 4324 4325 4406 4405 4325 4326 4407 4406 4326 4327 4408 4407 4327 4328 4409 4408 4328 4329 4410 4409 4329 4330 4411 4410 4330 4331 4412 4411 4331 4332 4413 4412 4332 4333 4414 4413 4333 4334 4415 4414 4334 4335 4416 4415 4335 4336 4417 4416 4336 4337 4418 4417 4337 4338 4419 4418 4338 4339 4420 4419 4339 4340 4421 4420 4340 4341 4422 4421 4341 4342 4423 4422 4342 4343 4424 4423 4343 4344 4425 4424 4344 4345 4426 4425 4345 4346 4427 4426 4346 4347 4428 4427 4347 4348 4429 4428 4348 4349 4430 4429 4349 4350 4431 4430 4350 4351 4432 4431 4351 4352 4433 4432 4352 4353 4434 4433 4353 4354 4435 4434 4354 4355 4436 4435 4355 4356 4437 4436 4356 4357 4438 4437 4357 4358 4439 4438 4358 4359 4440 4439 4359 4360 4441 4440 4360 4361 4442 4441 4361 4362 4443 4442 4362 4363 4444 4443 4363 4364 4445 4444 4364 4365 4446 4445 4365 4366 4447 4446 4366 4367 4448 4447 4367 4368 4449 4448 4368 4369 4450 4449 4369 4370 4451 4450 4370 4371 4452 4451 4371 4372 4453 4452 4372 4373 4454 4453 4374 4375 4456 4455 4375 4376 4457 4456 4376 4377 4458 4457 4377 4378 4459 4458 4378 4379 4460 4459 4379 4380 4461 4460 4380 4381 4462 4461 4381 4382 4463 4462 4382 4383 4464 4463 4383 4384 4465 4464 4384 4385 4466 4465 4385 4386 4467 4466 4386 4387 4468 4467 4387 4388 4469 4468 4388 4389 4470 4469 4389 4390 4471 4470 4390 4391 4472 4471 4391 4392 4473 4472 4392 4393 4474 4473 4393 4394 4475 4474 4394 4395 4476 4475 4395 4396 4477 4476 4396 4397 4478 4477 4397 4398 4479 4478 4398 4399 4480 4479 4399 4400 4481 4480 4400 4401 4482 4481 4401 4402 4483 4482 4402 4403 4484 4483 4403 4404 4485 4484 4404 4405 4486 4485 4405 4406 4487 4486 4406 4407 4488 4487 4407 4408 4489 4488 4408 4409 4490 4489 4409 4410 4491 4490 4410 4411 4492 4491 4411 4412 4493 4492 4412 4413 4494 4493 4413 4414 4495 4494 4414 4415 4496 4495 4415 4416 4497 4496 4416 4417 4498 4497 4417 4418 4499 4498 4418 4419 4500 4499 4419 4420 4501 4500 4420 4421 4502 4501 4421 4422 4503 4502 4422 4423 4504 4503 4423 4424 4505 4504 4424 4425 4506 4505 4425 4426 4507 4506 4426 4427 4508 4507 4427 4428 4509 4508 4428 4429 4510 4509 4429 4430 4511 4510 4430 4431 4512 4511 4431 4432 4513 4512 4432 4433 4514 4513 4433 4434 4515 4514 4434 4435 4516 4515 4435 4436 4517 4516 4436 4437 4518 4517 4437 4438 4519 4518 4438 4439 4520 4519 4439 4440 4521 4520 4440 4441 4522 4521 4441 4442 4523 4522 4442 4443 4524 4523 4443 4444 4525 4524 4444 4445 4526 4525 4445 4446 4527 4526 4446 4447 4528 4527 4447 4448 4529 4528 4448 4449 4530 4529 4449 4450 4531 4530 4450 4451 4532 4531 4451 4452 4533 4532 4452 4453 4534 4533 4453 4454 4535 4534 4455 4456 4537 4536 4456 4457 4538 4537 4457 4458 4539 4538 4458 4459 4540 4539 4459 4460 4541 4540 4460 4461 4542 4541 4461 4462 4543 4542 4462 4463 4544 4543 4463 4464 4545 4544 4464 4465 4546 4545 4465 4466 4547 4546 4466 4467 4548 4547 4467 4468 4549 4548 4468 4469 4550 4549 4469 4470 4551 4550 4470 4471 4552 4551 4471 4472 4553 4552 4472 4473 4554 4553 4473 4474 4555 4554 4474 4475 4556 4555 4475 4476 4557 4556 4476 4477 4558 4557 4477 4478 4559 4558 4478 4479 4560 4559 4479 4480 4561 4560 4480 4481 4562 4561 4481 4482 4563 4562 4482 4483 4564 4563 4483 4484 4565 4564 4484 4485 4566 4565 4485 4486 4567 4566 4486 4487 4568 4567 4487 4488 4569 4568 4488 4489 4570 4569 4489 4490 4571 4570 4490 4491 4572 4571 4491 4492 4573 4572 4492 4493 4574 4573 4493 4494 4575 4574 4494 4495 4576 4575 4495 4496 4577 4576 4496 4497 4578 4577 4497 4498 4579 4578 4498 4499 4580 4579 4499 4500 4581 4580 4500 4501 4582 4581 4501 4502 4583 4582 4502 4503 4584 4583 4503 4504 4585 4584 4504 4505 4586 4585 4505 4506 4587 4586 4506 4507 4588 4587 4507 4508 4589 4588 4508 4509 4590 4589 4509 4510 4591 4590 4510 4511 4592 4591 4511 4512 4593 4592 4512 4513 4594 4593 4513 4514 4595 4594 4514 4515 4596 4595 4515 4516 4597 4596 4516 4517 4598 4597 4517 4518 4599 4598 4518 4519 4600 4599 4519 4520 4601 4600 4520 4521 4602 4601 4521 4522 4603 4602 4522 4523 4604 4603 4523 4524 4605 4604 4524 4525 4606 4605 4525 4526 4607 4606 4526 4527 4608 4607 4527 4528 4609 4608 4528 4529 4610 4609 4529 4530 4611 4610 4530 4531 4612 4611 4531 4532 4613 4612 4532 4533 4614 4613 4533 4534 4615 4614 4534 4535 4616 4615 4536 4537 4618 4617 4537 4538 4619 4618 4538 4539 4620 4619 4539 4540 4621 4620 4540 4541 4622 4621 4541 4542 4623 4622 4542 4543 4624 4623 4543 4544 4625 4624 4544 4545 4626 4625 4545 4546 4627 4626 4546 4547 4628 4627 4547 4548 4629 4628 4548 4549 4630 4629 4549 4550 4631 4630 4550 4551 4632 4631 4551 4552 4633 4632 4552 4553 4634 4633 4553 4554 4635 4634 4554 4555 4636 4635 4555 4556 4637 4636 4556 4557 4638 4637 4557 4558 4639 4638 4558 4559 4640 4639 4559 4560 4641 4640 4560 4561 4642 4641 4561 4562 4643 4642 4562 4563 4644 4643 4563 4564 4645 4644 4564 4565 4646 4645 4565 4566 4647 4646 4566 4567 4648 4647 4567 4568 4649 4648 4568 4569 4650 4649 4569 4570 4651 4650 4570 4571 4652 4651 4571 4572 4653 4652 4572 4573 4654 4653 4573 4574 4655 4654 4574 4575 4656 4655 4575 4576 4657 4656 4576 4577 4658 4657 4577 4578 4659 4658 4578 4579 4660 4659 4579 4580 4661 4660 4580 4581 4662 4661 4581 4582 4663 4662 4582 4583 4664 4663 4583 4584 4665 4664 4584 4585 4666 4665 4585 4586 4667 4666 4586 4587 4668 4667 4587 4588 4669 4668 4588 4589 4670 4669 4589 4590 4671 4670 4590 4591 4672 4671 4591 4592 4673 4672 4592 4593 4674 4673 4593 4594 4675 4674 4594 4595 4676 4675 4595 4596 4677 4676 4596 4597 4678 4677 4597 4598 4679 4678 4598 4599 4680 4679 4599 4600 4681 4680 4600 4601 4682 4681 4601 4602 4683 4682 4602 4603 4684 4683 4603 4604 4685 4684 4604 4605 4686 4685 4605 4606 4687 4686 4606 4607 4688 4687 4607 4608 4689 4688 4608 4609 4690 4689 4609 4610 4691 4690 4610 4611 4692 4691 4611 4612 4693 4692 4612 4613 4694 4693 4613 4614 4695 4694 4614 4615 4696 4695 4615 4616 4697 4696 4617 4618 4699 4698 4618 4619 4700 4699 4619 4620 4701 4700 4620 4621 4702 4701 4621 4622 4703 4702 4622 4623 4704 4703 4623 4624 4705 4704 4624 4625 4706 4705 4625 4626 4707 4706 4626 4627 4708 4707 4627 4628 4709 4708 4628 4629 4710 4709 4629 4630 4711 4710 4630 4631 4712 4711 4631 4632 4713 4712 4632 4633 4714 4713 4633 4634 4715 4714 4634 4635 4716 4715 4635 4636 4717 4716 4636 4637 4718 4717 4637 4638 4719 4718 4638 4639 4720 4719 4639 4640 4721 4720 4640 4641 4722 4721 4641 4642 4723 4722 4642 4643 4724 4723 4643 4644 4725 4724 4644 4645 4726 4725 4645 4646 4727 4726 4646 4647 4728 4727 4647 4648 4729 4728 4648 4649 4730 4729 4649 4650 4731 4730 4650 4651 4732 4731 4651 4652 4733 4732 4652 4653 4734 4733 4653 4654 4735 4734 4654 4655 4736 4735 4655 4656 4737 4736 4656 4657 4738 4737 4657 4658 4739 4738 4658 4659 4740 4739 4659 4660 4741 4740 4660 4661 4742 4741 4661 4662 4743 4742 4662 4663 4744 4743 4663 4664 4745 4744 4664 4665 4746 4745 4665 4666 4747 4746 4666 4667 4748 4747 4667 4668 4749 4748 4668 4669 4750 4749 4669 4670 4751 4750 4670 4671 4752 4751 4671 4672 4753 4752 4672 4673 4754 4753 4673 4674 4755 4754 4674 4675 4756 4755 4675 4676 4757 4756 4676 4677 4758 4757 4677 4678 4759 4758 4678 4679 4760 4759 4679 4680 4761 4760 4680 4681 4762 4761 4681 4682 4763 4762 4682 4683 4764 4763 4683 4684 4765 4764 4684 4685 4766 4765 4685 4686 4767 4766 4686 4687 4768 4767 4687 4688 4769 4768 4688 4689 4770 4769 4689 4690 4771 4770 4690 4691 4772 4771 4691 4692 4773 4772 4692 4693 4774 4773 4693 4694 4775 4774 4694 4695 4776 4775 4695 4696 4777 4776 4696 4697 4778 4777 4698 4699 4780 4779 4699 4700 4781 4780 4700 4701 4782 4781 4701 4702 4783 4782 4702 4703 4784 4783 4703 4704 4785 4784 4704 4705 4786 4785 4705 4706 4787 4786 4706 4707 4788 4787 4707 4708 4789 4788 4708 4709 4790 4789 4709 4710 4791 4790 4710 4711 4792 4791 4711 4712 4793 4792 4712 4713 4794 4793 4713 4714 4795 4794 4714 4715 4796 4795 4715 4716 4797 4796 4716 4717 4798 4797 4717 4718 4799 4798 4718 4719 4800 4799 4719 4720 4801 4800 4720 4721 4802 4801 4721 4722 4803 4802 4722 4723 4804 4803 4723 4724 4805 4804 4724 4725 4806 4805 4725 4726 4807 4806 4726 4727 4808 4807 4727 4728 4809 4808 4728 4729 4810 4809 4729 4730 4811 4810 4730 4731 4812 4811 4731 4732 4813 4812 4732 4733 4814 4813 4733 4734 4815 4814 4734 4735 4816 4815 4735 4736 4817 4816 4736 4737 4818 4817 4737 4738 4819 4818 4738 4739 4820 4819 4739 4740 4821 4820 4740 4741 4822 4821 4741 4742 4823 4822 4742 4743 4824 4823 4743 4744 4825 4824 4744 4745 4826 4825 4745 4746 4827 4826 4746 4747 4828 4827 4747 4748 4829 4828 4748 4749 4830 4829 4749 4750 4831 4830 4750 4751 4832 4831 4751 4752 4833 4832 4752 4753 4834 4833 4753 4754 4835 4834 4754 4755 4836 4835 4755 4756 4837 4836 4756 4757 4838 4837 4757 4758 4839 4838 4758 4759 4840 4839 4759 4760 4841 4840 4760 4761 4842 4841 4761 4762 4843 4842 4762 4763 4844 4843 4763 4764 4845 4844 4764 4765 4846 4845 4765 4766 4847 4846 4766 4767 4848 4847 4767 4768 4849 4848 4768 4769 4850 4849 4769 4770 4851 4850 4770 4771 4852 4851 4771 4772 4853 4852 4772 4773 4854 4853 4773 4774 4855 4854 4774 4775 4856 4855 4775 4776 4857 4856 4776 4777 4858 4857 4777 4778 4859 4858 4779 4780 4861 4860 4780 4781 4862 4861 4781 4782 4863 4862 4782 4783 4864 4863 4783 4784 4865 4864 4784 4785 4866 4865 4785 4786 4867 4866 4786 4787 4868 4867 4787 4788 4869 4868 4788 4789 4870 4869 4789 4790 4871 4870 4790 4791 4872 4871 4791 4792 4873 4872 4792 4793 4874 4873 4793 4794 4875 4874 4794 4795 4876 4875 4795 4796 4877 4876 4796 4797 4878 4877 4797 4798 4879 4878 4798 4799 4880 4879 4799 4800 4881 4880 4800 4801 4882 4881 4801 4802 4883 4882 4802 4803 4884 4883 4803 4804 4885 4884 4804 4805 4886 4885 4805 4806 4887 4886 4806 4807 4888 4887 4807 4808 4889 4888 4808 4809 4890 4889 4809 4810 4891 4890 4810 4811 4892 4891 4811 4812 4893 4892 4812 4813 4894 4893 4813 4814 4895 4894 4814 4815 4896 4895 4815 4816 4897 4896 4816 4817 4898 4897 4817 4818 4899 4898 4818 4819 4900 4899 4819 4820 4901 4900 4820 4821 4902 4901 4821 4822 4903 4902 4822 4823 4904 4903 4823 4824 4905 4904 4824 4825 4906 4905 4825 4826 4907 4906 4826 4827 4908 4907 4827 4828 4909 4908 4828 4829 4910 4909 4829 4830 4911 4910 4830 4831 4912 4911 4831 4832 4913 4912 4832 4833 4914 4913 4833 4834 4915 4914 4834 4835 4916 4915 4835 4836 4917 4916 4836 4837 4918 4917 4837 4838 4919 4918 4838 4839 4920 4919 4839 4840 4921 4920 4840 4841 4922 4921 4841 4842 4923 4922 4842 4843 4924 4923 4843 4844 4925 4924 4844 4845 4926 4925 4845 4846 4927 4926 4846 4847 4928 4927 4847 4848 4929 4928 4848 4849 4930 4929 4849 4850 4931 4930 4850 4851 4932 4931 4851 4852 4933 4932 4852 4853 4934 4933 4853 4854 4935 4934 4854 4855 4936 4935 4855 4856 4937 4936 4856 4857 4938 4937 4857 4858 4939 4938 4858 4859 4940 4939 4860 4861 4942 4941 4861 4862 4943 4942 4862 4863 4944 4943 4863 4864 4945 4944 4864 4865 4946 4945 4865 4866 4947 4946 4866 4867 4948 4947 4867 4868 4949 4948 4868 4869 4950 4949 4869 4870 4951 4950 4870 4871 4952 4951 4871 4872 4953 4952 4872 4873 4954 4953 4873 4874 4955 4954 4874 4875 4956 4955 4875 4876 4957 4956 4876 4877 4958 4957 4877 4878 4959 4958 4878 4879 4960 4959 4879 4880 4961 4960 4880 4881 4962 4961 4881 4882 4963 4962 4882 4883 4964 4963 4883 4884 4965 4964 4884 4885 4966 4965 4885 4886 4967 4966 4886 4887 4968 4967 4887 4888 4969 4968 4888 4889 4970 4969 4889 4890 4971 4970 4890 4891 4972 4971 4891 4892 4973 4972 4892 4893 4974 4973 4893 4894 4975 4974 4894 4895 4976 4975 4895 4896 4977 4976 4896 4897 4978 4977 4897 4898 4979 4978 4898 4899 4980 4979 4899 4900 4981 4980 4900 4901 4982 4981 4901 4902 4983 4982 4902 4903 4984 4983 4903 4904 4985 4984 4904 4905 4986 4985 4905 4906 4987 4986 4906 4907 4988 4987 4907 4908 4989 4988 4908 4909 4990 4989 4909 4910 4991 4990 4910 4911 4992 4991 4911 4912 4993 4992 4912 4913 4994 4993 4913 4914 4995 4994 4914 4915 4996 4995 4915 4916 4997 4996 4916 4917 4998 4997 4917 4918 4999 4998 4918 4919 5000 4999 4919 4920 5001 5000 4920 4921 5002 5001 4921 4922 5003 5002 4922 4923 5004 5003 4923 4924 5005 5004 4924 4925 5006 5005 4925 4926 5007 5006 4926 4927 5008 5007 4927 4928 5009 5008 4928 4929 5010 5009 4929 4930 5011 5010 4930 4931 5012 5011 4931 4932 5013 5012 4932 4933 5014 5013 4933 4934 5015 5014 4934 4935 5016 5015 4935 4936 5017 5016 4936 4937 5018 5017 4937 4938 5019 5018 4938 4939 5020 5019 4939 4940 5021 5020 4941 4942 5023 5022 4942 4943 5024 5023 4943 4944 5025 5024 4944 4945 5026 5025 4945 4946 5027 5026 4946 4947 5028 5027 4947 4948 5029 5028 4948 4949 5030 5029 4949 4950 5031 5030 4950 4951 5032 5031 4951 4952 5033 5032 4952 4953 5034 5033 4953 4954 5035 5034 4954 4955 5036 5035 4955 4956 5037 5036 4956 4957 5038 5037 4957 4958 5039 5038 4958 4959 5040 5039 4959 4960 5041 5040 4960 4961 5042 5041 4961 4962 5043 5042 4962 4963 5044 5043 4963 4964 5045 5044 4964 4965 5046 5045 4965 4966 5047 5046 4966 4967 5048 5047 4967 4968 5049 5048 4968 4969 5050 5049 4969 4970 5051 5050 4970 4971 5052 5051 4971 4972 5053 5052 4972 4973 5054 5053 4973 4974 5055 5054 4974 4975 5056 5055 4975 4976 5057 5056 4976 4977 5058 5057 4977 4978 5059 5058 4978 4979 5060 5059 4979 4980 5061 5060 4980 4981 5062 5061 4981 4982 5063 5062 4982 4983 5064 5063 4983 4984 5065 5064 4984 4985 5066 5065 4985 4986 5067 5066 4986 4987 5068 5067 4987 4988 5069 5068 4988 4989 5070 5069 4989 4990 5071 5070 4990 4991 5072 5071 4991 4992 5073 5072 4992 4993 5074 5073 4993 4994 5075 5074 4994 4995 5076 5075 4995 4996 5077 5076 4996 4997 5078 5077 4997 4998 5079 5078 4998 4999 5080 5079 4999 5000 5081 5080 5000 5001 5082 5081 5001 5002 5083 5082 5002 5003 5084 5083 5003 5004 5085 5084 5004 5005 5086 5085 5005 5006 5087 5086 5006 5007 5088 5087 5007 5008 5089 5088 5008 5009 5090 5089 5009 5010 5091 5090 5010 5011 5092 5091 5011 5012 5093 5092 5012 5013 5094 5093 5013 5014 5095 5094 5014 5015 5096 5095 5015 5016 5097 5096 5016 5017 5098 5097 5017 5018 5099 5098 5018 5019 5100 5099 5019 5020 5101 5100 5020 5021 5102 5101 5022 5023 5104 5103 5023 5024 5105 5104 5024 5025 5106 5105 5025 5026 5107 5106 5026 5027 5108 5107 5027 5028 5109 5108 5028 5029 5110 5109 5029 5030 5111 5110 5030 5031 5112 5111 5031 5032 5113 5112 5032 5033 5114 5113 5033 5034 5115 5114 5034 5035 5116 5115 5035 5036 5117 5116 5036 5037 5118 5117 5037 5038 5119 5118 5038 5039 5120 5119 5039 5040 5121 5120 5040 5041 5122 5121 5041 5042 5123 5122 5042 5043 5124 5123 5043 5044 5125 5124 5044 5045 5126 5125 5045 5046 5127 5126 5046 5047 5128 5127 5047 5048 5129 5128 5048 5049 5130 5129 5049 5050 5131 5130 5050 5051 5132 5131 5051 5052 5133 5132 5052 5053 5134 5133 5053 5054 5135 5134 5054 5055 5136 5135 5055 5056 5137 5136 5056 5057 5138 5137 5057 5058 5139 5138 5058 5059 5140 5139 5059 5060 5141 5140 5060 5061 5142 5141 5061 5062 5143 5142 5062 5063 5144 5143 5063 5064 5145 5144 5064 5065 5146 5145 5065 5066 5147 5146 5066 5067 5148 5147 5067 5068 5149 5148 5068 5069 5150 5149 5069 5070 5151 5150 5070 5071 5152 5151 5071 5072 5153 5152 5072 5073 5154 5153 5073 5074 5155 5154 5074 5075 5156 5155 5075 5076 5157 5156 5076 5077 5158 5157 5077 5078 5159 5158 5078 5079 5160 5159 5079 5080 5161 5160 5080 5081 5162 5161 5081 5082 5163 5162 5082 5083 5164 5163 5083 5084 5165 5164 5084 5085 5166 5165 5085 5086 5167 5166 5086 5087 5168 5167 5087 5088 5169 5168 5088 5089 5170 5169 5089 5090 5171 5170 5090 5091 5172 5171 5091 5092 5173 5172 5092 5093 5174 5173 5093 5094 5175 5174 5094 5095 5176 5175 5095 5096 5177 5176 5096 5097 5178 5177 5097 5098 5179 5178 5098 5099 5180 5179 5099 5100 5181 5180 5100 5101 5182 5181 5101 5102 5183 5182 5103 5104 5185 5184 5104 5105 5186 5185 5105 5106 5187 5186 5106 5107 5188 5187 5107 5108 5189 5188 5108 5109 5190 5189 5109 5110 5191 5190 5110 5111 5192 5191 5111 5112 5193 5192 5112 5113 5194 5193 5113 5114 5195 5194 5114 5115 5196 5195 5115 5116 5197 5196 5116 5117 5198 5197 5117 5118 5199 5198 5118 5119 5200 5199 5119 5120 5201 5200 5120 5121 5202 5201 5121 5122 5203 5202 5122 5123 5204 5203 5123 5124 5205 5204 5124 5125 5206 5205 5125 5126 5207 5206 5126 5127 5208 5207 5127 5128 5209 5208 5128 5129 5210 5209 5129 5130 5211 5210 5130 5131 5212 5211 5131 5132 5213 5212 5132 5133 5214 5213 5133 5134 5215 5214 5134 5135 5216 5215 5135 5136 5217 5216 5136 5137 5218 5217 5137 5138 5219 5218 5138 5139 5220 5219 5139 5140 5221 5220 5140 5141 5222 5221 5141 5142 5223 5222 5142 5143 5224 5223 5143 5144 5225 5224 5144 5145 5226 5225 5145 5146 5227 5226 5146 5147 5228 5227 5147 5148 5229 5228 5148 5149 5230 5229 5149 5150 5231 5230 5150 5151 5232 5231 5151 5152 5233 5232 5152 5153 5234 5233 5153 5154 5235 5234 5154 5155 5236 5235 5155 5156 5237 5236 5156 5157 5238 5237 5157 5158 5239 5238 5158 5159 5240 5239 5159 5160 5241 5240 5160 5161 5242 5241 5161 5162 5243 5242 5162 5163 5244 5243 5163 5164 5245 5244 5164 5165 5246 5245 5165 5166 5247 5246 5166 5167 5248 5247 5167 5168 5249 5248 5168 5169 5250 5249 5169 5170 5251 5250 5170 5171 5252 5251 5171 5172 5253 5252 5172 5173 5254 5253 5173 5174 5255 5254 5174 5175 5256 5255 5175 5176 5257 5256 5176 5177 5258 5257 5177 5178 5259 5258 5178 5179 5260 5259 5179 5180 5261 5260 5180 5181 5262 5261 5181 5182 5263 5262 5182 5183 5264 5263 5184 5185 5266 5265 5185 5186 5267 5266 5186 5187 5268 5267 5187 5188 5269 5268 5188 5189 5270 5269 5189 5190 5271 5270 5190 5191 5272 5271 5191 5192 5273 5272 5192 5193 5274 5273 5193 5194 5275 5274 5194 5195 5276 5275 5195 5196 5277 5276 5196 5197 5278 5277 5197 5198 5279 5278 5198 5199 5280 5279 5199 5200 5281 5280 5200 5201 5282 5281 5201 5202 5283 5282 5202 5203 5284 5283 5203 5204 5285 5284 5204 5205 5286 5285 5205 5206 5287 5286 5206 5207 5288 5287 5207 5208 5289 5288 5208 5209 5290 5289 5209 5210 5291 5290 5210 5211 5292 5291 5211 5212 5293 5292 5212 5213 5294 5293 5213 5214 5295 5294 5214 5215 5296 5295 5215 5216 5297 5296 5216 5217 5298 5297 5217 5218 5299 5298 5218 5219 5300 5299 5219 5220 5301 5300 5220 5221 5302 5301 5221 5222 5303 5302 5222 5223 5304 5303 5223 5224 5305 5304 5224 5225 5306 5305 5225 5226 5307 5306 5226 5227 5308 5307 5227 5228 5309 5308 5228 5229 5310 5309 5229 5230 5311 5310 5230 5231 5312 5311 5231 5232 5313 5312 5232 5233 5314 5313 5233 5234 5315 5314 5234 5235 5316 5315 5235 5236 5317 5316 5236 5237 5318 5317 5237 5238 5319 5318 5238 5239 5320 5319 5239 5240 5321 5320 5240 5241 5322 5321 5241 5242 5323 5322 5242 5243 5324 5323 5243 5244 5325 5324 5244 5245 5326 5325 5245 5246 5327 5326 5246 5247 5328 5327 5247 5248 5329 5328 5248 5249 5330 5329 5249 5250 5331 5330 5250 5251 5332 5331 5251 5252 5333 5332 5252 5253 5334 5333 5253 5254 5335 5334 5254 5255 5336 5335 5255 5256 5337 5336 5256 5257 5338 5337 5257 5258 5339 5338 5258 5259 5340 5339 5259 5260 5341 5340 5260 5261 5342 5341 5261 5262 5343 5342 5262 5263 5344 5343 5263 5264 5345 5344 5265 5266 5347 5346 5266 5267 5348 5347 5267 5268 5349 5348 5268 5269 5350 5349 5269 5270 5351 5350 5270 5271 5352 5351 5271 5272 5353 5352 5272 5273 5354 5353 5273 5274 5355 5354 5274 5275 5356 5355 5275 5276 5357 5356 5276 5277 5358 5357 5277 5278 5359 5358 5278 5279 5360 5359 5279 5280 5361 5360 5280 5281 5362 5361 5281 5282 5363 5362 5282 5283 5364 5363 5283 5284 5365 5364 5284 5285 5366 5365 5285 5286 5367 5366 5286 5287 5368 5367 5287 5288 5369 5368 5288 5289 5370 5369 5289 5290 5371 5370 5290 5291 5372 5371 5291 5292 5373 5372 5292 5293 5374 5373 5293 5294 5375 5374 5294 5295 5376 5375 5295 5296 5377 5376 5296 5297 5378 5377 5297 5298 5379 5378 5298 5299 5380 5379 5299 5300 5381 5380 5300 5301 5382 5381 5301 5302 5383 5382 5302 5303 5384 5383 5303 5304 5385 5384 5304 5305 5386 5385 5305 5306 5387 5386 5306 5307 5388 5387 5307 5308 5389 5388 5308 5309 5390 5389 5309 5310 5391 5390 5310 5311 5392 5391 5311 5312 5393 5392 5312 5313 5394 5393 5313 5314 5395 5394 5314 5315 5396 5395 5315 5316 5397 5396 5316 5317 5398 5397 5317 5318 5399 5398 5318 5319 5400 5399 5319 5320 5401 5400 5320 5321 5402 5401 5321 5322 5403 5402 5322 5323 5404 5403 5323 5324 5405 5404 5324 5325 5406 5405 5325 5326 5407 5406 5326 5327 5408 5407 5327 5328 5409 5408 5328 5329 5410 5409 5329 5330 5411 5410 5330 5331 5412 5411 5331 5332 5413 5412 5332 5333 5414 5413 5333 5334 5415 5414 5334 5335 5416 5415 5335 5336 5417 5416 5336 5337 5418 5417 5337 5338 5419 5418 5338 5339 5420 5419 5339 5340 5421 5420 5340 5341 5422 5421 5341 5342 5423 5422 5342 5343 5424 5423 5343 5344 5425 5424 5344 5345 5426 5425 5346 5347 5428 5427 5347 5348 5429 5428 5348 5349 5430 5429 5349 5350 5431 5430 5350 5351 5432 5431 5351 5352 5433 5432 5352 5353 5434 5433 5353 5354 5435 5434 5354 5355 5436 5435 5355 5356 5437 5436 5356 5357 5438 5437 5357 5358 5439 5438 5358 5359 5440 5439 5359 5360 5441 5440 5360 5361 5442 5441 5361 5362 5443 5442 5362 5363 5444 5443 5363 5364 5445 5444 5364 5365 5446 5445 5365 5366 5447 5446 5366 5367 5448 5447 5367 5368 5449 5448 5368 5369 5450 5449 5369 5370 5451 5450 5370 5371 5452 5451 5371 5372 5453 5452 5372 5373 5454 5453 5373 5374 5455 5454 5374 5375 5456 5455 5375 5376 5457 5456 5376 5377 5458 5457 5377 5378 5459 5458 5378 5379 5460 5459 5379 5380 5461 5460 5380 5381 5462 5461 5381 5382 5463 5462 5382 5383 5464 5463 5383 5384 5465 5464 5384 5385 5466 5465 5385 5386 5467 5466 5386 5387 5468 5467 5387 5388 5469 5468 5388 5389 5470 5469 5389 5390 5471 5470 5390 5391 5472 5471 5391 5392 5473 5472 5392 5393 5474 5473 5393 5394 5475 5474 5394 5395 5476 5475 5395 5396 5477 5476 5396 5397 5478 5477 5397 5398 5479 5478 5398 5399 5480 5479 5399 5400 5481 5480 5400 5401 5482 5481 5401 5402 5483 5482 5402 5403 5484 5483 5403 5404 5485 5484 5404 5405 5486 5485 5405 5406 5487 5486 5406 5407 5488 5487 5407 5408 5489 5488 5408 5409 5490 5489 5409 5410 5491 5490 5410 5411 5492 5491 5411 5412 5493 5492 5412 5413 5494 5493 5413 5414 5495 5494 5414 5415 5496 5495 5415 5416 5497 5496 5416 5417 5498 5497 5417 5418 5499 5498 5418 5419 5500 5499 5419 5420 5501 5500 5420 5421 5502 5501 5421 5422 5503 5502 5422 5423 5504 5503 5423 5424 5505 5504 5424 5425 5506 5505 5425 5426 5507 5506 5427 5428 5509 5508 5428 5429 5510 5509 5429 5430 5511 5510 5430 5431 5512 5511 5431 5432 5513 5512 5432 5433 5514 5513 5433 5434 5515 5514 5434 5435 5516 5515 5435 5436 5517 5516 5436 5437 5518 5517 5437 5438 5519 5518 5438 5439 5520 5519 5439 5440 5521 5520 5440 5441 5522 5521 5441 5442 5523 5522 5442 5443 5524 5523 5443 5444 5525 5524 5444 5445 5526 5525 5445 5446 5527 5526 5446 5447 5528 5527 5447 5448 5529 5528 5448 5449 5530 5529 5449 5450 5531 5530 5450 5451 5532 5531 5451 5452 5533 5532 5452 5453 5534 5533 5453 5454 5535 5534 5454 5455 5536 5535 5455 5456 5537 5536 5456 5457 5538 5537 5457 5458 5539 5538 5458 5459 5540 5539 5459 5460 5541 5540 5460 5461 5542 5541 5461 5462 5543 5542 5462 5463 5544 5543 5463 5464 5545 5544 5464 5465 5546 5545 5465 5466 5547 5546 5466 5467 5548 5547 5467 5468 5549 5548 5468 5469 5550 5549 5469 5470 5551 5550 5470 5471 5552 5551 5471 5472 5553 5552 5472 5473 5554 5553 5473 5474 5555 5554 5474 5475 5556 5555 5475 5476 5557 5556 5476 5477 5558 5557 5477 5478 5559 5558 5478 5479 5560 5559 5479 5480 5561 5560 5480 5481 5562 5561 5481 5482 5563 5562 5482 5483 5564 5563 5483 5484 5565 5564 5484 5485 5566 5565 5485 5486 5567 5566 5486 5487 5568 5567 5487 5488 5569 5568 5488 5489 5570 5569 5489 5490 5571 5570 5490 5491 5572 5571 5491 5492 5573 5572 5492 5493 5574 5573 5493 5494 5575 5574 5494 5495 5576 5575 5495 5496 5577 5576 5496 5497 5578 5577 5497 5498 5579 5578 5498 5499 5580 5579 5499 5500 5581 5580 5500 5501 5582 5581 5501 5502 5583 5582 5502 5503 5584 5583 5503 5504 5585 5584 5504 5505 5586 5585 5505 5506 5587 5586 5506 5507 5588 5587 5508 5509 5590 5589 5509 5510 5591 5590 5510 5511 5592 5591 5511 5512 5593 5592 5512 5513 5594 5593 5513 5514 5595 5594 5514 5515 5596 5595 5515 5516 5597 5596 5516 5517 5598 5597 5517 5518 5599 5598 5518 5519 5600 5599 5519 5520 5601 5600 5520 5521 5602 5601 5521 5522 5603 5602 5522 5523 5604 5603 5523 5524 5605 5604 5524 5525 5606 5605 5525 5526 5607 5606 5526 5527 5608 5607 5527 5528 5609 5608 5528 5529 5610 5609 5529 5530 5611 5610 5530 5531 5612 5611 5531 5532 5613 5612 5532 5533 5614 5613 5533 5534 5615 5614 5534 5535 5616 5615 5535 5536 5617 5616 5536 5537 5618 5617 5537 5538 5619 5618 5538 5539 5620 5619 5539 5540 5621 5620 5540 5541 5622 5621 5541 5542 5623 5622 5542 5543 5624 5623 5543 5544 5625 5624 5544 5545 5626 5625 5545 5546 5627 5626 5546 5547 5628 5627 5547 5548 5629 5628 5548 5549 5630 5629 5549 5550 5631 5630 5550 5551 5632 5631 5551 5552 5633 5632 5552 5553 5634 5633 5553 5554 5635 5634 5554 5555 5636 5635 5555 5556 5637 5636 5556 5557 5638 5637 5557 5558 5639 5638 5558 5559 5640 5639 5559 5560 5641 5640 5560 5561 5642 5641 5561 5562 5643 5642 5562 5563 5644 5643 5563 5564 5645 5644 5564 5565 5646 5645 5565 5566 5647 5646 5566 5567 5648 5647 5567 5568 5649 5648 5568 5569 5650 5649 5569 5570 5651 5650 5570 5571 5652 5651 5571 5572 5653 5652 5572 5573 5654 5653 5573 5574 5655 5654 5574 5575 5656 5655 5575 5576 5657 5656 5576 5577 5658 5657 5577 5578 5659 5658 5578 5579 5660 5659 5579 5580 5661 5660 5580 5581 5662 5661 5581 5582 5663 5662 5582 5583 5664 5663 5583 5584 5665 5664 5584 5585 5666 5665 5585 5586 5667 5666 5586 5587 5668 5667 5587 5588 5669 5668 5589 5590 5671 5670 5590 5591 5672 5671 5591 5592 5673 5672 5592 5593 5674 5673 5593 5594 5675 5674 5594 5595 5676 5675 5595 5596 5677 5676 5596 5597 5678 5677 5597 5598 5679 5678 5598 5599 5680 5679 5599 5600 5681 5680 5600 5601 5682 5681 5601 5602 5683 5682 5602 5603 5684 5683 5603 5604 5685 5684 5604 5605 5686 5685 5605 5606 5687 5686 5606 5607 5688 5687 5607 5608 5689 5688 5608 5609 5690 5689 5609 5610 5691 5690 5610 5611 5692 5691 5611 5612 5693 5692 5612 5613 5694 5693 5613 5614 5695 5694 5614 5615 5696 5695 5615 5616 5697 5696 5616 5617 5698 5697 5617 5618 5699 5698 5618 5619 5700 5699 5619 5620 5701 5700 5620 5621 5702 5701 5621 5622 5703 5702 5622 5623 5704 5703 5623 5624 5705 5704 5624 5625 5706 5705 5625 5626 5707 5706 5626 5627 5708 5707 5627 5628 5709 5708 5628 5629 5710 5709 5629 5630 5711 5710 5630 5631 5712 5711 5631 5632 5713 5712 5632 5633 5714 5713 5633 5634 5715 5714 5634 5635 5716 5715 5635 5636 5717 5716 5636 5637 5718 5717 5637 5638 5719 5718 5638 5639 5720 5719 5639 5640 5721 5720 5640 5641 5722 5721 5641 5642 5723 5722 5642 5643 5724 5723 5643 5644 5725 5724 5644 5645 5726 5725 5645 5646 5727 5726 5646 5647 5728 5727 5647 5648 5729 5728 5648 5649 5730 5729 5649 5650 5731 5730 5650 5651 5732 5731 5651 5652 5733 5732 5652 5653 5734 5733 5653 5654 5735 5734 5654 5655 5736 5735 5655 5656 5737 5736 5656 5657 5738 5737 5657 5658 5739 5738 5658 5659 5740 5739 5659 5660 5741 5740 5660 5661 5742 5741 5661 5662 5743 5742 5662 5663 5744 5743 5663 5664 5745 5744 5664 5665 5746 5745 5665 5666 5747 5746 5666 5667 5748 5747 5667 5668 5749 5748 5668 5669 5750 5749 5670 5671 5752 5751 5671 5672 5753 5752 5672 5673 5754 5753 5673 5674 5755 5754 5674 5675 5756 5755 5675 5676 5757 5756 5676 5677 5758 5757 5677 5678 5759 5758 5678 5679 5760 5759 5679 5680 5761 5760 5680 5681 5762 5761 5681 5682 5763 5762 5682 5683 5764 5763 5683 5684 5765 5764 5684 5685 5766 5765 5685 5686 5767 5766 5686 5687 5768 5767 5687 5688 5769 5768 5688 5689 5770 5769 5689 5690 5771 5770 5690 5691 5772 5771 5691 5692 5773 5772 5692 5693 5774 5773 5693 5694 5775 5774 5694 5695 5776 5775 5695 5696 5777 5776 5696 5697 5778 5777 5697 5698 5779 5778 5698 5699 5780 5779 5699 5700 5781 5780 5700 5701 5782 5781 5701 5702 5783 5782 5702 5703 5784 5783 5703 5704 5785 5784 5704 5705 5786 5785 5705 5706 5787 5786 5706 5707 5788 5787 5707 5708 5789 5788 5708 5709 5790 5789 5709 5710 5791 5790 5710 5711 5792 5791 5711 5712 5793 5792 5712 5713 5794 5793 5713 5714 5795 5794 5714 5715 5796 5795 5715 5716 5797 5796 5716 5717 5798 5797 5717 5718 5799 5798 5718 5719 5800 5799 5719 5720 5801 5800 5720 5721 5802 5801 5721 5722 5803 5802 5722 5723 5804 5803 5723 5724 5805 5804 5724 5725 5806 5805 5725 5726 5807 5806 5726 5727 5808 5807 5727 5728 5809 5808 5728 5729 5810 5809 5729 5730 5811 5810 5730 5731 5812 5811 5731 5732 5813 5812 5732 5733 5814 5813 5733 5734 5815 5814 5734 5735 5816 5815 5735 5736 5817 5816 5736 5737 5818 5817 5737 5738 5819 5818 5738 5739 5820 5819 5739 5740 5821 5820 5740 5741 5822 5821 5741 5742 5823 5822 5742 5743 5824 5823 5743 5744 5825 5824 5744 5745 5826 5825 5745 5746 5827 5826 5746 5747 5828 5827 5747 5748 5829 5828 5748 5749 5830 5829 5749 5750 5831 5830 5751 5752 5833 5832 5752 5753 5834 5833 5753 5754 5835 5834 5754 5755 5836 5835 5755 5756 5837 5836 5756 5757 5838 5837 5757 5758 5839 5838 5758 5759 5840 5839 5759 5760 5841 5840 5760 5761 5842 5841 5761 5762 5843 5842 5762 5763 5844 5843 5763 5764 5845 5844 5764 5765 5846 5845 5765 5766 5847 5846 5766 5767 5848 5847 5767 5768 5849 5848 5768 5769 5850 5849 5769 5770 5851 5850 5770 5771 5852 5851 5771 5772 5853 5852 5772 5773 5854 5853 5773 5774 5855 5854 5774 5775 5856 5855 5775 5776 5857 5856 5776 5777 5858 5857 5777 5778 5859 5858 5778 5779 5860 5859 5779 5780 5861 5860 5780 5781 5862 5861 5781 5782 5863 5862 5782 5783 5864 5863 5783 5784 5865 5864 5784 5785 5866 5865 5785 5786 5867 5866 5786 5787 5868 5867 5787 5788 5869 5868 5788 5789 5870 5869 5789 5790 5871 5870 5790 5791 5872 5871 5791 5792 5873 5872 5792 5793 5874 5873 5793 5794 5875 5874 5794 5795 5876 5875 5795 5796 5877 5876 5796 5797 5878 5877 5797 5798 5879 5878 5798 5799 5880 5879 5799 5800 5881 5880 5800 5801 5882 5881 5801 5802 5883 5882 5802 5803 5884 5883 5803 5804 5885 5884 5804 5805 5886 5885 5805 5806 5887 5886 5806 5807 5888 5887 5807 5808 5889 5888 5808 5809 5890 5889 5809 5810 5891 5890 5810 5811 5892 5891 5811 5812 5893 5892 5812 5813 5894 5893 5813 5814 5895 5894 5814 5815 5896 5895 5815 5816 5897 5896 5816 5817 5898 5897 5817 5818 5899 5898 5818 5819 5900 5899 5819 5820 5901 5900 5820 5821 5902 5901 5821 5822 5903 5902 5822 5823 5904 5903 5823 5824 5905 5904 5824 5825 5906 5905 5825 5826 5907 5906 5826 5827 5908 5907 5827 5828 5909 5908 5828 5829 5910 5909 5829 5830 5911 5910 5830 5831 5912 5911 5832 5833 5914 5913 5833 5834 5915 5914 5834 5835 5916 5915 5835 5836 5917 5916 5836 5837 5918 5917 5837 5838 5919 5918 5838 5839 5920 5919 5839 5840 5921 5920 5840 5841 5922 5921 5841 5842 5923 5922 5842 5843 5924 5923 5843 5844 5925 5924 5844 5845 5926 5925 5845 5846 5927 5926 5846 5847 5928 5927 5847 5848 5929 5928 5848 5849 5930 5929 5849 5850 5931 5930 5850 5851 5932 5931 5851 5852 5933 5932 5852 5853 5934 5933 5853 5854 5935 5934 5854 5855 5936 5935 5855 5856 5937 5936 5856 5857 5938 5937 5857 5858 5939 5938 5858 5859 5940 5939 5859 5860 5941 5940 5860 5861 5942 5941 5861 5862 5943 5942 5862 5863 5944 5943 5863 5864 5945 5944 5864 5865 5946 5945 5865 5866 5947 5946 5866 5867 5948 5947 5867 5868 5949 5948 5868 5869 5950 5949 5869 5870 5951 5950 5870 5871 5952 5951 5871 5872 5953 5952 5872 5873 5954 5953 5873 5874 5955 5954 5874 5875 5956 5955 5875 5876 5957 5956 5876 5877 5958 5957 5877 5878 5959 5958 5878 5879 5960 5959 5879 5880 5961 5960 5880 5881 5962 5961 5881 5882 5963 5962 5882 5883 5964 5963 5883 5884 5965 5964 5884 5885 5966 5965 5885 5886 5967 5966 5886 5887 5968 5967 5887 5888 5969 5968 5888 5889 5970 5969 5889 5890 5971 5970 5890 5891 5972 5971 5891 5892 5973 5972 5892 5893 5974 5973 5893 5894 5975 5974 5894 5895 5976 5975 5895 5896 5977 5976 5896 5897 5978 5977 5897 5898 5979 5978 5898 5899 5980 5979 5899 5900 5981 5980 5900 5901 5982 5981 5901 5902 5983 5982 5902 5903 5984 5983 5903 5904 5985 5984 5904 5905 5986 5985 5905 5906 5987 5986 5906 5907 5988 5987 5907 5908 5989 5988 5908 5909 5990 5989 5909 5910 5991 5990 5910 5911 5992 5991 5911 5912 5993 5992 5913 5914 5995 5994 5914 5915 5996 5995 5915 5916 5997 5996 5916 5917 5998 5997 5917 5918 5999 5998 5918 5919 6000 5999 5919 5920 6001 6000 5920 5921 6002 6001 5921 5922 6003 6002 5922 5923 6004 6003 5923 5924 6005 6004 5924 5925 6006 6005 5925 5926 6007 6006 5926 5927 6008 6007 5927 5928 6009 6008 5928 5929 6010 6009 5929 5930 6011 6010 5930 5931 6012 6011 5931 5932 6013 6012 5932 5933 6014 6013 5933 5934 6015 6014 5934 5935 6016 6015 5935 5936 6017 6016 5936 5937 6018 6017 5937 5938 6019 6018 5938 5939 6020 6019 5939 5940 6021 6020 5940 5941 6022 6021 5941 5942 6023 6022 5942 5943 6024 6023 5943 5944 6025 6024 5944 5945 6026 6025 5945 5946 6027 6026 5946 5947 6028 6027 5947 5948 6029 6028 5948 5949 6030 6029 5949 5950 6031 6030 5950 5951 6032 6031 5951 5952 6033 6032 5952 5953 6034 6033 5953 5954 6035 6034 5954 5955 6036 6035 5955 5956 6037 6036 5956 5957 6038 6037 5957 5958 6039 6038 5958 5959 6040 6039 5959 5960 6041 6040 5960 5961 6042 6041 5961 5962 6043 6042 5962 5963 6044 6043 5963 5964 6045 6044 5964 5965 6046 6045 5965 5966 6047 6046 5966 5967 6048 6047 5967 5968 6049 6048 5968 5969 6050 6049 5969 5970 6051 6050 5970 5971 6052 6051 5971 5972 6053 6052 5972 5973 6054 6053 5973 5974 6055 6054 5974 5975 6056 6055 5975 5976 6057 6056 5976 5977 6058 6057 5977 5978 6059 6058 5978 5979 6060 6059 5979 5980 6061 6060 5980 5981 6062 6061 5981 5982 6063 6062 5982 5983 6064 6063 5983 5984 6065 6064 5984 5985 6066 6065 5985 5986 6067 6066 5986 5987 6068 6067 5987 5988 6069 6068 5988 5989 6070 6069 5989 5990 6071 6070 5990 5991 6072 6071 5991 5992 6073 6072 5992 5993 6074 6073 5994 5995 6076 6075 5995 5996 6077 6076 5996 5997 6078 6077 5997 5998 6079 6078 5998 5999 6080 6079 5999 6000 6081 6080 6000 6001 6082 6081 6001 6002 6083 6082 6002 6003 6084 6083 6003 6004 6085 6084 6004 6005 6086 6085 6005 6006 6087 6086 6006 6007 6088 6087 6007 6008 6089 6088 6008 6009 6090 6089 6009 6010 6091 6090 6010 6011 6092 6091 6011 6012 6093 6092 6012 6013 6094 6093 6013 6014 6095 6094 6014 6015 6096 6095 6015 6016 6097 6096 6016 6017 6098 6097 6017 6018 6099 6098 6018 6019 6100 6099 6019 6020 6101 6100 6020 6021 6102 6101 6021 6022 6103 6102 6022 6023 6104 6103 6023 6024 6105 6104 6024 6025 6106 6105 6025 6026 6107 6106 6026 6027 6108 6107 6027 6028 6109 6108 6028 6029 6110 6109 6029 6030 6111 6110 6030 6031 6112 6111 6031 6032 6113 6112 6032 6033 6114 6113 6033 6034 6115 6114 6034 6035 6116 6115 6035 6036 6117 6116 6036 6037 6118 6117 6037 6038 6119 6118 6038 6039 6120 6119 6039 6040 6121 6120 6040 6041 6122 6121 6041 6042 6123 6122 6042 6043 6124 6123 6043 6044 6125 6124 6044 6045 6126 6125 6045 6046 6127 6126 6046 6047 6128 6127 6047 6048 6129 6128 6048 6049 6130 6129 6049 6050 6131 6130 6050 6051 6132 6131 6051 6052 6133 6132 6052 6053 6134 6133 6053 6054 6135 6134 6054 6055 6136 6135 6055 6056 6137 6136 6056 6057 6138 6137 6057 6058 6139 6138 6058 6059 6140 6139 6059 6060 6141 6140 6060 6061 6142 6141 6061 6062 6143 6142 6062 6063 6144 6143 6063 6064 6145 6144 6064 6065 6146 6145 6065 6066 6147 6146 6066 6067 6148 6147 6067 6068 6149 6148 6068 6069 6150 6149 6069 6070 6151 6150 6070 6071 6152 6151 6071 6072 6153 6152 6072 6073 6154 6153 6073 6074 6155 6154 6075 6076 6157 6156 6076 6077 6158 6157 6077 6078 6159 6158 6078 6079 6160 6159 6079 6080 6161 6160 6080 6081 6162 6161 6081 6082 6163 6162 6082 6083 6164 6163 6083 6084 6165 6164 6084 6085 6166 6165 6085 6086 6167 6166 6086 6087 6168 6167 6087 6088 6169 6168 6088 6089 6170 6169 6089 6090 6171 6170 6090 6091 6172 6171 6091 6092 6173 6172 6092 6093 6174 6173 6093 6094 6175 6174 6094 6095 6176 6175 6095 6096 6177 6176 6096 6097 6178 6177 6097 6098 6179 6178 6098 6099 6180 6179 6099 6100 6181 6180 6100 6101 6182 6181 6101 6102 6183 6182 6102 6103 6184 6183 6103 6104 6185 6184 6104 6105 6186 6185 6105 6106 6187 6186 6106 6107 6188 6187 6107 6108 6189 6188 6108 6109 6190 6189 6109 6110 6191 6190 6110 6111 6192 6191 6111 6112 6193 6192 6112 6113 6194 6193 6113 6114 6195 6194 6114 6115 6196 6195 6115 6116 6197 6196 6116 6117 6198 6197 6117 6118 6199 6198 6118 6119 6200 6199 6119 6120 6201 6200 6120 6121 6202 6201 6121 6122 6203 6202 6122 6123 6204 6203 6123 6124 6205 6204 6124 6125 6206 6205 6125 6126 6207 6206 6126 6127 6208 6207 6127 6128 6209 6208 6128 6129 6210 6209 6129 6130 6211 6210 6130 6131 6212 6211 6131 6132 6213 6212 6132 6133 6214 6213 6133 6134 6215 6214 6134 6135 6216 6215 6135 6136 6217 6216 6136 6137 6218 6217 6137 6138 6219 6218 6138 6139 6220 6219 6139 6140 6221 6220 6140 6141 6222 6221 6141 6142 6223 6222 6142 6143 6224 6223 6143 6144 6225 6224 6144 6145 6226 6225 6145 6146 6227 6226 6146 6147 6228 6227 6147 6148 6229 6228 6148 6149 6230 6229 6149 6150 6231 6230 6150 6151 6232 6231 6151 6152 6233 6232 6152 6153 6234 6233 6153 6154 6235 6234 6154 6155 6236 6235 6156 6157 6238 6237 6157 6158 6239 6238 6158 6159 6240 6239 6159 6160 6241 6240 6160 6161 6242 6241 6161 6162 6243 6242 6162 6163 6244 6243 6163 6164 6245 6244 6164 6165 6246 6245 6165 6166 6247 6246 6166 6167 6248 6247 6167 6168 6249 6248 6168 6169 6250 6249 6169 6170 6251 6250 6170 6171 6252 6251 6171 6172 6253 6252 6172 6173 6254 6253 6173 6174 6255 6254 6174 6175 6256 6255 6175 6176 6257 6256 6176 6177 6258 6257 6177 6178 6259 6258 6178 6179 6260 6259 6179 6180 6261 6260 6180 6181 6262 6261 6181 6182 6263 6262 6182 6183 6264 6263 6183 6184 6265 6264 6184 6185 6266 6265 6185 6186 6267 6266 6186 6187 6268 6267 6187 6188 6269 6268 6188 6189 6270 6269 6189 6190 6271 6270 6190 6191 6272 6271 6191 6192 6273 6272 6192 6193 6274 6273 6193 6194 6275 6274 6194 6195 6276 6275 6195 6196 6277 6276 6196 6197 6278 6277 6197 6198 6279 6278 6198 6199 6280 6279 6199 6200 6281 6280 6200 6201 6282 6281 6201 6202 6283 6282 6202 6203 6284 6283 6203 6204 6285 6284 6204 6205 6286 6285 6205 6206 6287 6286 6206 6207 6288 6287 6207 6208 6289 6288 6208 6209 6290 6289 6209 6210 6291 6290 6210 6211 6292 6291 6211 6212 6293 6292 6212 6213 6294 6293 6213 6214 6295 6294 6214 6215 6296 6295 6215 6216 6297 6296 6216 6217 6298 6297 6217 6218 6299 6298 6218 6219 6300 6299 6219 6220 6301 6300 6220 6221 6302 6301 6221 6222 6303 6302 6222 6223 6304 6303 6223 6224 6305 6304 6224 6225 6306 6305 6225 6226 6307 6306 6226 6227 6308 6307 6227 6228 6309 6308 6228 6229 6310 6309 6229 6230 6311 6310 6230 6231 6312 6311 6231 6232 6313 6312 6232 6233 6314 6313 6233 6234 6315 6314 6234 6235 6316 6315 6235 6236 6317 6316 6237 6238 6319 6318 6238 6239 6320 6319 6239 6240 6321 6320 6240 6241 6322 6321 6241 6242 6323 6322 6242 6243 6324 6323 6243 6244 6325 6324 6244 6245 6326 6325 6245 6246 6327 6326 6246 6247 6328 6327 6247 6248 6329 6328 6248 6249 6330 6329 6249 6250 6331 6330 6250 6251 6332 6331 6251 6252 6333 6332 6252 6253 6334 6333 6253 6254 6335 6334 6254 6255 6336 6335 6255 6256 6337 6336 6256 6257 6338 6337 6257 6258 6339 6338 6258 6259 6340 6339 6259 6260 6341 6340 6260 6261 6342 6341 6261 6262 6343 6342 6262 6263 6344 6343 6263 6264 6345 6344 6264 6265 6346 6345 6265 6266 6347 6346 6266 6267 6348 6347 6267 6268 6349 6348 6268 6269 6350 6349 6269 6270 6351 6350 6270 6271 6352 6351 6271 6272 6353 6352 6272 6273 6354 6353 6273 6274 6355 6354 6274 6275 6356 6355 6275 6276 6357 6356 6276 6277 6358 6357 6277 6278 6359 6358 6278 6279 6360 6359 6279 6280 6361 6360 6280 6281 6362 6361 6281 6282 6363 6362 6282 6283 6364 6363 6283 6284 6365 6364 6284 6285 6366 6365 6285 6286 6367 6366 6286 6287 6368 6367 6287 6288 6369 6368 6288 6289 6370 6369 6289 6290 6371 6370 6290 6291 6372 6371 6291 6292 6373 6372 6292 6293 6374 6373 6293 6294 6375 6374 6294 6295 6376 6375 6295 6296 6377 6376 6296 6297 6378 6377 6297 6298 6379 6378 6298 6299 6380 6379 6299 6300 6381 6380 6300 6301 6382 6381 6301 6302 6383 6382 6302 6303 6384 6383 6303 6304 6385 6384 6304 6305 6386 6385 6305 6306 6387 6386 6306 6307 6388 6387 6307 6308 6389 6388 6308 6309 6390 6389 6309 6310 6391 6390 6310 6311 6392 6391 6311 6312 6393 6392 6312 6313 6394 6393 6313 6314 6395 6394 6314 6315 6396 6395 6315 6316 6397 6396 6316 6317 6398 6397 6318 6319 6400 6399 6319 6320 6401 6400 6320 6321 6402 6401 6321 6322 6403 6402 6322 6323 6404 6403 6323 6324 6405 6404 6324 6325 6406 6405 6325 6326 6407 6406 6326 6327 6408 6407 6327 6328 6409 6408 6328 6329 6410 6409 6329 6330 6411 6410 6330 6331 6412 6411 6331 6332 6413 6412 6332 6333 6414 6413 6333 6334 6415 6414 6334 6335 6416 6415 6335 6336 6417 6416 6336 6337 6418 6417 6337 6338 6419 6418 6338 6339 6420 6419 6339 6340 6421 6420 6340 6341 6422 6421 6341 6342 6423 6422 6342 6343 6424 6423 6343 6344 6425 6424 6344 6345 6426 6425 6345 6346 6427 6426 6346 6347 6428 6427 6347 6348 6429 6428 6348 6349 6430 6429 6349 6350 6431 6430 6350 6351 6432 6431 6351 6352 6433 6432 6352 6353 6434 6433 6353 6354 6435 6434 6354 6355 6436 6435 6355 6356 6437 6436 6356 6357 6438 6437 6357 6358 6439 6438 6358 6359 6440 6439 6359 6360 6441 6440 6360 6361 6442 6441 6361 6362 6443 6442 6362 6363 6444 6443 6363 6364 6445 6444 6364 6365 6446 6445 6365 6366 6447 6446 6366 6367 6448 6447 6367 6368 6449 6448 6368 6369 6450 6449 6369 6370 6451 6450 6370 6371 6452 6451 6371 6372 6453 6452 6372 6373 6454 6453 6373 6374 6455 6454 6374 6375 6456 6455 6375 6376 6457 6456 6376 6377 6458 6457 6377 6378 6459 6458 6378 6379 6460 6459 6379 6380 6461 6460 6380 6381 6462 6461 6381 6382 6463 6462 6382 6383 6464 6463 6383 6384 6465 6464 6384 6385 6466 6465 6385 6386 6467 6466 6386 6387 6468 6467 6387 6388 6469 6468 6388 6389 6470 6469 6389 6390 6471 6470 6390 6391 6472 6471 6391 6392 6473 6472 6392 6393 6474 6473 6393 6394 6475 6474 6394 6395 6476 6475 6395 6396 6477 6476 6396 6397 6478 6477 6397 6398 6479 6478 6399 6400 6481 6480 6400 6401 6482 6481 6401 6402 6483 6482 6402 6403 6484 6483 6403 6404 6485 6484 6404 6405 6486 6485 6405 6406 6487 6486 6406 6407 6488 6487 6407 6408 6489 6488 6408 6409 6490 6489 6409 6410 6491 6490 6410 6411 6492 6491 6411 6412 6493 6492 6412 6413 6494 6493 6413 6414 6495 6494 6414 6415 6496 6495 6415 6416 6497 6496 6416 6417 6498 6497 6417 6418 6499 6498 6418 6419 6500 6499 6419 6420 6501 6500 6420 6421 6502 6501 6421 6422 6503 6502 6422 6423 6504 6503 6423 6424 6505 6504 6424 6425 6506 6505 6425 6426 6507 6506 6426 6427 6508 6507 6427 6428 6509 6508 6428 6429 6510 6509 6429 6430 6511 6510 6430 6431 6512 6511 6431 6432 6513 6512 6432 6433 6514 6513 6433 6434 6515 6514 6434 6435 6516 6515 6435 6436 6517 6516 6436 6437 6518 6517 6437 6438 6519 6518 6438 6439 6520 6519 6439 6440 6521 6520 6440 6441 6522 6521 6441 6442 6523 6522 6442 6443 6524 6523 6443 6444 6525 6524 6444 6445 6526 6525 6445 6446 6527 6526 6446 6447 6528 6527 6447 6448 6529 6528 6448 6449 6530 6529 6449 6450 6531 6530 6450 6451 6532 6531 6451 6452 6533 6532 6452 6453 6534 6533 6453 6454 6535 6534 6454 6455 6536 6535 6455 6456 6537 6536 6456 6457 6538 6537 6457 6458 6539 6538 6458 6459 6540 6539 6459 6460 6541 6540 6460 6461 6542 6541 6461 6462 6543 6542 6462 6463 6544 6543 6463 6464 6545 6544 6464 6465 6546 6545 6465 6466 6547 6546 6466 6467 6548 6547 6467 6468 6549 6548 6468 6469 6550 6549 6469 6470 6551 6550 6470 6471 6552 6551 6471 6472 6553 6552 6472 6473 6554 6553 6473 6474 6555 6554 6474 6475 6556 6555 6475 6476 6557 6556 6476 6477 6558 6557 6477 6478 6559 6558 6478 6479 6560 6559
</DataArray>
<DataArray type="Int64" Name="offsets" format="ascii">
4 8 12 16 20 24 28 32 36 40 44 48 52 56 60 64 68 72 76 80 84 88 92 96 100 104 108 112 116 120 124 128 132 136 140 144 148 152 156 160 164 168 172 176 180 184 188 192 196 200 204 208 212 216 220 224 228 232 236 240 244 248 252 256 260 264 268 272 276 280 284 288 292 296 300 304 308 312 316 320 324 328 332 336 340 344 348 352 356 360 364 368 372 376 380 384 388 392 396 400 404 408 412 416 420 424 428 432 436 440 444 448 452 456 460 464 468 472 476 480 484 488 492 496 500 504 508 512 516 520 524 528 532 536 540 544 548 552 556 560 564 568 572 576 580 584 588 592 596 600 604 608 612 616 620 624 628 632 636 640 644 648 652 656 660 664 668 672 676 680 684 688 692 696 700 704 708 712 716 720 724 728 732 736 740 744 748 752 756 760 764 768 772 776 780 784 788 792 796 800 804 808 812 816 820 824 828 832 836 840 844 848 852 856 860 864 868 872 876 880 884 888 892 896 900 904 908 912 916 920 924 928 932 936 940 944 948 952 956 960 964 968 972 976 980 984 988 992 996 1000 1004 1008 1012 1016 1020 1024 1028 1032 1036 1040 1044 1048 1052 1056 1060 1064 1068 1072 1076 1080 1084 1088 1092 1096 1100 1104 1108 1112 1116 1120 1124 1128 1132 1136 1140 1144 1148 1152 1156 1160 1164 1168 1172 1176 1180 1184 1188 1192 1196 1200 1204 1208 1212 1216 1220 1224 1228 1232 1236 1240 1244 1248 1252 1256 1260 1264 1268 1272 1276 1280 1284 1288 1292 1296 1300 1304 1308 1312 1316 1320 1324 1328 1332 1336 1340 1344 1348 1352 1356 1360 1364 1368 1372 1376 1380 1384 1388 1392 1396 1400 1404 1408 1412 1416 1420 1424 1428 1432 1436 1440 1444 1448 1452 1456 1460 1464 1468 1472 1476 1480 1484 1488 1492 1496 1500 1504 1508 1512 1516 1520 1524 1528 1532 1536 1540 1544 1548 1552 1556 1560 1564 1568 1572 1576 1580 1584 1588 1592 1596 1600 1604 1608 1612 1616 1620 1624 1628 1632 1636 1640 1644 1648 1652 1656 1660 1664 1668 1672 1676 1680 1684 1688 1692 1696 1700 1704 1708 1712 1716 1720 1724 1728 1732 1736 1740 1744 1748 1752 1756 1760 1764 1768 1772 1776 1780 1784 1788 1792 1796 1800 1804 1808 1812 1816 1820 1824 1828 1832 1836 1840 1844 1848 1852 1856 1860 1864 1868 1872 1876 1880 1884 1888 1892 1896 1900 1904 1908 1912 1916 1920 1924 1928 1932 1936 1940 1944 1948 1952 1956 1960 1964 1968 1972 1976 1980 1984 1988 1992 1996 2000 2004 2008 2012 2016 2020 2024 2028 2032 2036 2040 2044 2048 2052 2056 2060 2064 2068 2072 2076 2080 2084 2088 2092 2096 2100 2104 2108 2112 2116 2120 2124 2128 2132 2136 2140 2144 2148 2152 2156 2160 2164 2168 2172 2176 2180 2184 2188 2192 2196 2200 2204 2208 2212 2216 2220 2224 2228 2232 2236 2240 2244 2248 2252 2256 2260 2264 2268 2272 2276 2280 2284 2288 2292 2296 2300 2304 2308 2312 2316 2320 2324 2328 2332 2336 2340 2344 2348 2352 2356 2360 2364 2368 2372 2376 2380 2384 2388 2392 2396 2400 2404 2408 2412 2416 2420 2424 2428 2432 2436 2440 2444 2448 2452 2456 2460 2464 2468 2472 2476 2480 2484 2488 2492 2496 2500 2504 2508 2512 2516 2520 2524 2528 2532 2536 2540 2544 2548 2552 2556 2560 2564 2568 2572 2576 2580 2584 2588 2592 2596 2600 2604 2608 2612 2616 2620 2624 2628 2632 2636 2640 2644 2648 2652 2656 2660 2664 2668 2672 2676 2680 2684 2688 2692 2696 2700 2704 2708 2712 2716 2720 2724 2728 2732 2736 2740 2744 2748 2752 2756 2760 2764 2768 2772 2776 2780 2784 2788 2792 2796 2800 2804 2808 2812 2816 2820 2824 2828 2832 2836 2840 2844 2848 2852 2856 2860 2864 2868 2872 2876 2880 2884 2888 2892 2896 2900 2904 2908 2912 2916 2920 2924 2928 2932 2936 2940 2944 2948 2952 2956 2960 2964 2968 2972 2976 2980 2984 2988 2992 2996 3000 3004 3008 3012 3016 3020 3024 3028 3032 3036 3040 3044 3048 3052 3056 3060 3064 3068 3072 3076 3080 3084 3088 3092 3096 3100 3104 3108 3112 3116 3120 3124 3128 3132 3136 3140 3144 3148 3152 3156 3160 3164 3168 3172 3176 3180 3184 3188 3192 3196 3200 3204 3208 3212 3216 3220 3224 3228 3232 3236 3240 3244 3248 3252 3256 3260 3264 3268 3272 3276 3280 3284 3288 3292 3296 3300 3304 3308 3312 3316 3320 3324 3328 3332 3336 3340 3344 3348 3352 3356 3360 3364 3368 3372 3376 3380 3384 3388 3392 3396 3400 3404 3408 3412 3416 3420 3424 3428 3432 3436 3440 3444 3448 3452 3456 3460 3464 3468 3472 3476 3480 3484 3488 3492 3496 3500 3504 3508 3512 3516 3520 3524 3528 3532 3536 3540 3544 3548 3552 3556 3560 3564 3568 3572 3576 3580 3584 3588 3592 3596 3600 3604 3608 3612 3616 3620 3624 3628 3632 3636 3640 3644 3648 3652 3656 3660 3664 3668 3672 3676 3680 3684 3688 3692 3696 3700 3704 3708 3712 3716 3720 3724 3728 3732 3736 3740 3744 3748 3752 3756 3760 3764 3768 3772 3776 3780 3784 3788 3792 3796 3800 3804 3808 3812 3816 3820 3824 3828 3832 3836 3840 3844 3848 3852 3856 3860 3864 3868 3872 3876 3880 3884 3888 3892 3896 3900 3904 3908 3912 3916 3920 3924 3928 3932 3936 3940 3944 3948 3952 3956 3960 3964 3968 3972 3976 3980 3984 3988 3992 3996 4000 4004 4008 4012 4016 4020 4024 4028 4032 4036 4040 4044 4048 4052 4056 4060 4064 4068 4072 4076 4080 4084 4088 4092 4096 4100 4104 4108 4112 4116 4120 4124 4128 4132 4136 4140 4144 4148 4152 4156 4160 4164 4168 4172 4176 4180 4184 4188 4192 4196 4200 4204 4208 4212 4216 4220 4224 4228 4232 4236 4240 4244 4248 4252 4256 4260 4264 4268 4272 4276 4280 4284 4288 4292 4296 4300 4304 4308 4312 4316 4320 4324 4328 4332 4336 4340 4344 4348 4352 4356 4360 4364 4368 4372 4376 4380 4384 4388 4392 4396 4400 4404 4408 4412 4416 4420 4424 4428 4432 4436 4440 4444 4448 4452 4456 4460 4464 4468 4472 4476 4480 4484 4488 4492 4496 4500 4504 4508 4512 4516 4520 4524 4528 4532 4536 4540 4544 4548 4552 4556 4560 4564 4568 4572 4576 4580 4584 4588 4592 4596 4600 4604 4608 4612 4616 4620 4624 4628 4632 4636 4640 4644 4648 4652 4656 4660 4664 4668 4672 4676 4680 4684 4688 4692 4696 4700 4704 4708 4712 4716 4720 4724 4728 4732 4736 4740 4744 4748 4752 4756 4760 4764 4768 4772 4776 4780 4784 4788 4792 4796 4800 4804 4808 4812 4816 4820 4824 4828 4832 4836 4840 4844 4848 4852 4856 4860 4864 4868 4872 4876 4880 4884 4888 4892 4896 4900 4904 4908 4912 4916 4920 4924 4928 4932 4936 4940 4944 4948 4952 4956 4960 4964 4968 4972 4976 4980 4984 4988 4992 4996 5000 5004 5008 5012 5016 5020 5024 5028 5032 5036 5040 5044 5048 5052 5056 5060 5064 5068 5072 5076 5080 5084 5088 5092 5096 5100 5104 5108 5112 5116 5120 5124 5128 5132 5136 5140 5144 5148 5152 5156 5160 5164 5168 5172 5176 5180 5184 5188 5192 5196 5200 5204 5208 5212 5216 5220 5224 5228 5232 5236 5240 5244 5248 5252 5256 5260 5264 5268 5272 5276 5280 5284 5288 5292 5296 5300 5304 5308 5312 5316 5320 5324 5328 5332 5336 5340 5344 5348 5352 5356 5360 5364 5368 5372 5376 5380 5384 5388 5392 5396 5400 5404 5408 5412 5416 5420 5424 5428 5432 5436 5440 5444 5448 5452 5456 5460 5464 5468 5472 5476 5480 5484 5488 5492 5496 5500 5504 5508 5512 5516 5520 5524 5528 5532 5536 5540 5544 5548 5552 5556 5560 5564 5568 5572 5576 5580 5584 5588 5592 5596 5600 5604 5608 5612 5616 5620 5624 5628 5632 5636 5640 5644 5648 5652 5656 5660 5664 5668 5672 5676 5680 5684 5688 5692 5696 5700 5704 5708 5712 5716 5720 5724 5728 5732 5736 5740 5744 5748 5752 5756 5760 5764 5768 5772 5776 5780 5784 5788 5792 5796 5800 5804 5808 5812 5816 5820 5824 5828 5832 5836 5840 5844 5848 5852 5856 5860 5864 5868 5872 5876 5880 5884 5888 5892 5896 5900 5904 5908 5912 5916 5920 5924 5928 5932 5936 5940 5944 5948 5952 5956 5960 5964 5968 5972 5976 5980 5984 5988 5992 5996 6000 6004 6008 6012 6016 6020 6024 6028 6032 6036 6040 6044 6048 6052 6056 6060 6064 6068 6072 6076 6080 6084 6088 6092 6096 6100 6104 6108 6112 6116 6120 6124 6128 6132 6136 6140 6144 6148 6152 6156 6160 6164 6168 6172 6176 6180 6184 6188 6192 6196 6200 6204 6208 6212 6216 6220 6224 6228 6232 6236 6240 6244 6248 6252 6256 6260 6264 6268 6272 6276 6280 6284 6288 6292 6296 6300 6304 6308 6312 6316 6320 6324 6328 6332 6336 6340 6344 6348 6352 6356 6360 6364 6368 6372 6376 6380 6384 6388 6392 6396 6400 6404 6408 6412 6416 6420 6424 6428 6432 6436 6440 6444 6448 6452 6456 6460 6464 6468 6472 6476 6480 6484 6488 6492 6496 6500 6504 6508 6512 6516 6520 6524 6528 6532 6536 6540 6544 6548 6552 6556 6560 6564 6568 6572 6576 6580 6584 6588 6592 6596 6600 6604 6608 6612 6616 6620 6624 6628 6632 6636 6640 6644 6648 6652 6656 6660 6664 6668 6672 6676 6680 6684 6688 6692 6696 6700 6704 6708 6712 6716 6720 6724 6728 6732 6736 6740 6744 6748 6752 6756 6760 6764 6768 6772 6776 6780 6784 6788 6792 6796 6800 6804 6808 6812 6816 6820 6824 6828 6832 6836 6840 6844 6848 6852 6856 6860 6864 6868 6872 6876 6880 6884 6888 6892 6896 6900 6904 6908 6912 6916 6920 6924 6928 6932 6936 6940 6944 6948 6952 6956 6960 6964 6968 6972 6976 6980 6984 6988 6992 6996 7000 7004 7008 7012 7016 7020 7024 7028 7032 7036 7040 7044 7048 7052 7056 7060 7064 7068 7072 7076 7080 7084 7088 7092 7096 7100 7104 7108 7112 7116 7120 7124 7128 7132 7136 7140 7144 7148 7152 7156 7160 7164 7168 7172 7176 7180 7184 7188 7192 7196 7200 7204 7208 7212 7216 7220 7224 7228 7232 7236 7240 7244 7248 7252 7256 7260 7264 7268 7272 7276 7280 7284 7288 7292 7296 7300 7304 7308 7312 7316 7320 7324 7328 7332 7336 7340 7344 7348 7352 7356 7360 7364 7368 7372 7376 7380 7384 7388 7392 7396 7400 7404 7408 7412 7416 7420 7424 7428 7432 7436 7440 7444 7448 7452 7456 7460 7464 7468 7472 7476 7480 7484 7488 7492 7496 7500 7504 7508 7512 7516 7520 7524 7528 7532 7536 7540 7544 7548 7552 7556 7560 7564 7568 7572 7576 7580 7584 7588 7592 7596 7600 7604 7608 7612 7616 7620 7624 7628 7632 7636 7640 7644 7648 7652 7656 7660 7664 7668 7672 7676 7680 7684 7688 7692 7696 7700 7704 7708 7712 7716 7720 7724 7728 7732 7736 7740 7744 7748 7752 7756 7760 7764 7768 7772 7776 7780 7784 7788 7792 7796 7800 7804 7808 7812 7816 7820 7824 7828 7832 7836 7840 7844 7848 7852 7856 7860 7864 7868 7872 7876 7880 7884 7888 7892 7896 7900 7904 7908 7912 7916 7920 7924 7928 7932 7936 7940 7944 7948 7952 7956 7960 7964 7968 7972 7976 7980 7984 7988 7992 7996 8000 8004 8008 8012 8016 8020 8024 8028 8032 8036 8040 8044 8048 8052 8056 8060 8064 8068 8072 8076 8080 8084 8088 8092 8096 8100 8104 8108 8112 8116 8120 8124 8128 8132 8136 8140 8144 8148 8152 8156 8160 8164 8168 8172 8176 8180 8184 8188 8192 8196 8200 8204 8208 8212 8216 8220 8224 8228 8232 8236 8240 8244 8248 8252 8256 8260 8264 8268 8272 8276 8280 8284 8288 8292 8296 8300 8304 8308 8312 8316 8320 8324 8328 8332 8336 8340 8344 8348 8352 8356 8360 8364 8368 8372 8376 8380 8384 8388 8392 8396 8400 8404 8408 8412 8416 8420 8424 8428 8432 8436 8440 8444 8448 8452 8456 8460 8464 8468 8472 8476 8480 8484 8488 8492 8496 8500 8504 8508 8512 8516 8520 8524 8528 8532 8536 8540 8544 8548 8552 8556 8560 8564 8568 8572 8576 8580 8584 8588 8592 8596 8600 8604 8608 8612 8616 8620 8624 8628 8632 8636 8640 8644 8648 8652 8656 8660 8664 8668 8672 8676 8680 8684 8688 8692 8696 8700 8704 8708 8712 8716 8720 8724 8728 8732 8736 8740 8744 8748 8752 8756 8760 8764 8768 8772 8776 8780 8784 8788 8792 8796 8800 8804 8808 8812 8816 8820 8824 8828 8832 8836 8840 8844 8848 8852 8856 8860 8864 8868 8872 8876 8880 8884 8888 8892 8896 8900 8904 8908 8912 8916 8920 8924 8928 8932 8936 8940 8944 8948 8952 8956 8960 8964 8968 8972 8976 8980 8984 8988 8992 8996 9000 9004 9008 9012 9016 9020 9024 9028 9032 9036 9040 9044 9048 9052 9056 9060 9064 9068 9072 9076 9080 9084 9088 9092 9096 9100 9104 9108 9112 9116 9120 9124 9128 9132 9136 9140 9144 9148 9152 9156 9160 9164 9168 9172 9176 9180 9184 9188 9192 9196 9200 9204 9208 9212 9216 9220 9224 9228 9232 9236 9240 9244 9248 9252 9256 9260 9264 9268 9272 9276 9280 9284 9288 9292 9296 9300 9304 9308 9312 9316 9320 9324 9328 9332 9336 9340 9344 9348 9352 9356 9360 9364 9368 9372 9376 9380 9384 9388 9392 9396 9400 9404 9408 9412 9416 9420 9424 9428 9432 9436 9440 9444 9448 9452 9456 9460 9464 9468 9472 9476 9480 9484 9488 9492 9496 9500 9504 9508 9512 9516 9520 9524 9528 9532 9536 9540 9544 9548 9552 9556 9560 9564 9568 9572 9576 9580 9584 9588 9592 9596 9600 9604 9608 9612 9616 9620 9624 9628 9632 9636 9640 9644 9648 9652 9656 9660 9664 9668 9672 9676 9680 9684 9688 9692 9696 9700 9704 9708 9712 9716 9720 9724 9728 9732 9736 9740 9744 9748 9752 9756 9760 9764 9768 9772 9776 9780 9784 9788 9792 9796 9800 9804 9808 9812 9816 9820 9824 9828 9832 9836 9840 9844 9848 9852 9856 9860 9864 9868 9872 9876 9880 9884 9888 9892 9896 9900 9904 9908 9912 9916 9920 9924 9928 9932 9936 9940 9944 9948 9952 9956 9960 9964 9968 9972 9976 9980 9984 9988 9992 9996 10000 10004 10008 10012 10016 10020 10024 10028 10032 10036 10040 10044 10048 10052 10056 10060 10064 10068 10072 10076 10080 10084 10088 10092 10096 10100 10104 10108 10112 10116 10120 10124 10128 10132 10136 10140 10144 10148 10152 10156 10160 10164 10168 10172 10176 10180 10184 10188 10192 10196 10200 10204 10208 10212 10216 10220 10224 10228 10232 10236 10240 10244 10248 10252 10256 10260 10264 10268 10272 10276 10280 10284 10288 10292 10296 10300 10304 10308 10312 10316 10320 10324 10328 10332 10336 10340 10344 10348 10352 10356 10360 10364 10368 10372 10376 10380 10384 10388 10392 10396 10400 10404 10408 10412 10416 10420 10424 10428 10432 10436 10440 10444 10448 10452 10456 10460 10464 10468 10472 10476 10480 10484 10488 10492 10496 10500 10504 10508 10512 10516 10520 10524 10528 10532 10536 10540 10544 10548 10552 10556 10560 10564 10568 10572 10576 10580 10584 10588 10592 10596 10600 10604 10608 10612 10616 10620 10624 10628 10632 10636 10640 10644 10648 10652 10656 10660 10664 10668 10672 10676 10680 10684 10688 10692 10696 10700 10704 10708 10712 10716 10720 10724 10728 10732 10736 10740 10744 10748 10752 10756 10760 10764 10768 10772 10776 10780 10784 10788 10792 10796 10800 10804 10808 10812 10816 10820 10824 10828 10832 10836 10840 10844 10848 10852 10856 10860 10864 10868 10872 10876 10880 10884 10888 10892 10896 10900 10904 10908 10912 10916 10920 10924 10928 10932 10936 10940 10944 10948 10952 10956 10960 10964 10968 10972 10976 10980 10984 10988 10992 10996 11000 11004 11008 11012 11016 11020 11024 11028 11032 11036 11040 11044 11048 11052 11056 11060 11064 11068 11072 11076 11080 11084 11088 11092 11096 11100 11104 11108 11112 11116 11120 11124 11128 11132 11136 11140 11144 11148 11152 11156 11160 11164 11168 11172 11176 11180 11184 11188 11192 11196 11200 11204 11208 11212 11216 11220 11224 11228 11232 11236 11240 11244 11248 11252 11256 11260 11264 11268 11272 11276 11280 11284 11288 11292 11296 11300 11304 11308 11312 11316 11320 11324 11328 11332 11336 11340 11344 11348 11352 11356 11360 11364 11368 11372 11376 11380 11384 11388 11392 11396 11400 11404 11408 11412 11416 11420 11424 11428 11432 11436 11440 11444 11448 11452 11456 11460 11464 11468 11472 11476 11480 11484 11488 11492 11496 11500 11504 11508 11512 11516 11520 11524 11528 11532 11536 11540 11544 11548 11552 11556 11560 11564 11568 11572 11576 11580 11584 11588 11592 11596 11600 11604 11608 11612 11616 11620 11624 11628 11632 11636 11640 11644 11648 11652 11656 11660 11664 11668 11672 11676 11680 11684 11688 11692 11696 11700 11704 11708 11712 11716 11720 11724 11728 11732 11736 11740 11744 11748 11752 11756 11760 11764 11768 11772 11776 11780 11784 11788 11792 11796 11800 11804 11808 11812 11816 11820 11824 11828 11832 11836 11840 11844 11848 11852 11856 11860 11864 11868 11872 11876 11880 11884 11888 11892 11896 11900 11904 11908 11912 11916 11920 11924 11928 11932 11936 11940 11944 11948 11952 11956 11960 11964 11968 11972 11976 11980 11984 11988 11992 11996 12000 12004 12008 12012 12016 12020 12024 12028 12032 12036 12040 12044 12048 12052 12056 12060 12064 12068 12072 12076 12080 12084 12088 12092 12096 12100 12104 12108 12112 12116 12120 12124 12128 12132 12136 12140 12144 12148 12152 12156 12160 12164 12168 12172 12176 12180 12184 12188 12192 12196 12200 12204 12208 12212 12216 12220 12224 12228 12232 12236 12240 12244 12248 12252 12256 12260 12264 12268 12272 12276 12280 12284 12288 12292 12296 12300 12304 12308 12312 12316 12320 12324 12328 12332 12336 12340 12344 12348 12352 12356 12360 12364 12368 12372 12376 12380 12384 12388 12392 12396 12400 12404 12408 12412 12416 12420 12424 12428 12432 12436 12440 12444 12448 12452 12456 12460 12464 12468 12472 12476 12480 12484 12488 12492 12496 12500 12504 12508 12512 12516 12520 12524 12528 12532 12536 12540 12544 12548 12552 12556 12560 12564 12568 12572 12576 12580 12584 12588 12592 12596 12600 12604 12608 12612 12616 12620 12624 12628 12632 12636 12640 12644 12648 12652 12656 12660 12664 12668 12672 12676 12680 12684 12688 12692 12696 12700 12704 12708 12712 12716 12720 12724 12728 12732 12736 12740 12744 12748 12752 12756 12760 12764 12768 12772 12776 12780 12784 12788 12792 12796 12800 12804 12808 12812 12816 12820 12824 12828 12832 12836 12840 12844 12848 12852 12856 12860 12864 12868 12872 12876 12880 12884 12888 12892 12896 12900 12904 12908 12912 12916 12920 12924 12928 12932 12936 12940 12944 12948 12952 12956 12960 12964 12968 12972 12976 12980 12984 12988 12992 12996 13000 13004 13008 13012 13016 13020 13024 13028 13032 13036 13040 13044 13048 13052 13056 13060 13064 13068 13072 13076 13080 13084 13088 13092 13096 13100 13104 13108 13112 13116 13120 13124 13128 13132 13136 13140 13144 13148 13152 13156 13160 13164 13168 13172 13176 13180 13184 13188 13192 13196 13200 13204 13208 13212 13216 13220 13224 13228 13232 13236 13240 13244 13248 13252 13256 13260 13264 13268 13272 13276 13280 13284 13288 13292 13296 13300 13304 13308 13312 13316 13320 13324 13328 13332 13336 13340 13344 13348 13352 13356 13360 13364 13368 13372 13376 13380 13384 13388 13392 13396 13400 13404 13408 13412 13416 13420 13424 13428 13432 13436 13440 13444 13448 13452 13456 13460 13464 13468 13472 13476 13480 13484 13488 13492 13496 13500 13504 13508 13512 13516 13520 13524 13528 13532 13536 13540 13544 13548 13552 13556 13560 13564 13568 13572 13576 13580 13584 13588 13592 13596 13600 13604 13608 13612 13616 13620 13624 13628 13632 13636 13640 13644 13648 13652 13656 13660 13664 13668 13672 13676 13680 13684 13688 13692 13696 13700 13704 13708 13712 13716 13720 13724 13728 13732 13736 13740 13744 13748 13752 13756 13760 13764 13768 13772 13776 13780 13784 13788 13792 13796 13800 13804 13808 13812 13816 13820 13824 13828 13832 13836 13840 13844 13848 13852 13856 13860 13864 13868 13872 13876 13880 13884 13888 13892 13896 13900 13904 13908 13912 13916 13920 13924 13928 13932 13936 13940 13944 13948 13952 13956 13960 13964 13968 13972 13976 13980 13984 13988 13992 13996 14000 14004 14008 14012 14016 14020 14024 14028 14032 14036 14040 14044 14048 14052 14056 14060 14064 14068 14072 14076 14080 14084 14088 14092 14096 14100 14104 14108 14112 14116 14120 14124 14128 14132 14136 14140 14144 14148 14152 14156 14160 14164 14168 14172 14176 14180 14184 14188 14192 14196 14200 14204 14208 14212 14216 14220 14224 14228 14232 14236 14240 14244 14248 14252 14256 14260 14264 14268 14272 14276 14280 14284 14288 14292 14296 14300 14304 14308 14312 14316 14320 14324 14328 14332 14336 14340 14344 14348 14352 14356 14360 14364 14368 14372 14376 14380 14384 14388 14392 14396 14400 14404 14408 14412 14416 14420 14424 14428 14432 14436 14440 14444 14448 14452 14456 14460 14464 14468 14472 14476 14480 14484 14488 14492 14496 14500 14504 14508 14512 14516 14520 14524 14528 14532 14536 14540 14544 14548 14552 14556 14560 14564 14568 14572 14576 14580 14584 14588 14592 14596 14600 14604 14608 14612 14616 14620 14624 14628 14632 14636 14640 14644 14648 14652 14656 14660 14664 14668 14672 14676 14680 14684 14688 14692 14696 14700 14704 14708 14712 14716 14720 14724 14728 14732 14736 14740 14744 14748 14752 14756 14760 14764 14768 14772 14776 14780 14784 14788 14792 14796 14800 14804 14808 14812 14816 14820 14824 14828 14832 14836 14840 14844 14848 14852 14856 14860 14864 14868 14872 14876 14880 14884 14888 14892 14896 14900 14904 14908 14912 14916 14920 14924 14928 14932 14936 14940 14944 14948 14952 14956 14960 14964 14968 14972 14976 14980 14984 14988 14992 14996 15000 15004 15008 15012 15016 15020 15024 15028 15032 15036 15040 15044 15048 15052 15056 15060 15064 15068 15072 15076 15080 15084 15088 15092 15096 15100 15104 15108 15112 15116 15120 15124 15128 15132 15136 15140 15144 15148 15152 15156 15160 15164 15168 15172 15176 15180 15184 15188 15192 15196 15200 15204 15208 15212 15216 15220 15224 15228 15232 15236 15240 15244 15248 15252 15256 15260 15264 15268 15272 15276 15280 15284 15288 15292 15296 15300 15304 15308 15312 15316 15320 15324 15328 15332 15336 15340 15344 15348 15352 15356 15360 15364 15368 15372 15376 15380 15384 15388 15392 15396 15400 15404 15408 15412 15416 15420 15424 15428 15432 15436 15440 15444 15448 15452 15456 15460 15464 15468 15472 15476 15480 15484 15488 15492 15496 15500 15504 15508 15512 15516 15520 15524 15528 15532 15536 15540 15544 15548 15552 15556 15560 15564 15568 15572 15576 15580 15584 15588 15592 15596 15600 15604 15608 15612 15616 15620 15624 15628 15632 15636 15640 15644 15648 15652 15656 15660 15664 15668 15672 15676 15680 15684 15688 15692 15696 15700 15704 15708 15712 15716 15720 15724 15728 15732 15736 15740 15744 15748 15752 15756 15760 15764 15768 15772 15776 15780 15784 15788 15792 15796 15800 15804 15808 15812 15816 15820 15824 15828 15832 15836 15840 15844 15848 15852 15856 15860 15864 15868 15872 15876 15880 15884 15888 15892 15896 15900 15904 15908 15912 15916 15920 15924 15928 15932 15936 15940 15944 15948 15952 15956 15960 15964 15968 15972 15976 15980 15984 15988 15992 15996 16000 16004 16008 16012 16016 16020 16024 16028 16032 16036 16040 16044 16048 16052 16056 16060 16064 16068 16072 16076 16080 16084 16088 16092 16096 16100 16104 16108 16112 16116 16120 16124 16128 16132 16136 16140 16144 16148 16152 16156 16160 16164 16168 16172 16176 16180 16184 16188 16192 16196 16200 16204 16208 16212 16216 16220 16224 16228 16232 16236 16240 16244 16248 16252 16256 16260 16264 16268 16272 16276 16280 16284 16288 16292 16296 16300 16304 16308 16312 16316 16320 16324 16328 16332 16336 16340 16344 16348 16352 16356 16360 16364 16368 16372 16376 16380 16384 16388 16392 16396 16400 16404 16408 16412 16416 16420 16424 16428 16432 16436 16440 16444 16448 16452 16456 16460 16464 16468 16472 16476 16480 16484 16488 16492 16496 16500 16504 16508 16512 16516 16520 16524 16528 16532 16536 16540 16544 16548 16552 16556 16560 16564 16568 16572 16576 16580 16584 16588 16592 16596 16600 16604 16608 16612 16616 16620 16624 16628 16632 16636 16640 16644 16648 16652 16656 16660 16664 16668 16672 16676 16680 16684 16688 16692 16696 16700 16704 16708 16712 16716 16720 16724 16728 16732 16736 16740 16744 16748 16752 16756 16760 16764 16768 16772 16776 16780 16784 16788 16792 16796 16800 16804 16808 16812 16816 16820 16824 16828 16832 16836 16840 16844 16848 16852 16856 16860 16864 16868 16872 16876 16880 16884 16888 16892 16896 16900 16904 16908 16912 16916 16920 16924 16928 16932 16936 16940 16944 16948 16952 16956 16960 16964 16968 16972 16976 16980 16984 16988 16992 16996 17000 17004 17008 17012 17016 17020 17024 17028 17032 17036 17040 17044 17048 17052 17056 17060 17064 17068 17072 17076 17080 17084 17088 17092 17096 17100 17104 17108 17112 17116 17120 17124 17128 17132 17136 17140 17144 17148 17152 17156 17160 17164 17168 17172 17176 17180 17184 17188 17192 17196 17200 17204 17208 17212 17216 17220 17224 17228 17232 17236 17240 17244 17248 17252 17256 17260 17264 17268 17272 17276 17280 17284 17288 17292 17296 17300 17304 17308 17312 17316 17320 17324 17328 17332 17336 17340 17344 17348 17352 17356 17360 17364 17368 17372 17376 17380 17384 17388 17392 17396 17400 17404 17408 17412 17416 17420 17424 17428 17432 17436 17440 17444 17448 17452 17456 17460 17464 17468 17472 17476 17480 17484 17488 17492 17496 17500 17504 17508 17512 17516 17520 17524 17528 17532 17536 17540 17544 17548 17552 17556 17560 17564 17568 17572 17576 17580 17584 17588 17592 17596 17600 17604 17608 17612 17616 17620 17624 17628 17632 17636 17640 17644 17648 17652 17656 17660 17664 17668 17672 17676 17680 17684 17688 17692 17696 17700 17704 17708 17712 17716 17720 17724 17728 17732 17736 17740 17744 17748 17752 17756 17760 17764 17768 17772 17776 17780 17784 17788 17792 17796 17800 17804 17808 17812 17816 17820 17824 17828 17832 17836 17840 17844 17848 17852 17856 17860 17864 17868 17872 17876 17880 17884 17888 17892 17896 17900 17904 17908 17912 17916 17920 17924 17928 17932 17936 17940 17944 17948 17952 17956 17960 17964 17968 17972 17976 17980 17984 17988 17992 17996 18000 18004 18008 18012 18016 18020 18024 18028 18032 18036 18040 18044 18048 18052 18056 18060 18064 18068 18072 18076 18080 18084 18088 18092 18096 18100 18104 18108 18112 18116 18120 18124 18128 18132 18136 18140 18144 18148 18152 18156 18160 18164 18168 18172 18176 18180 18184 18188 18192 18196 18200 18204 18208 18212 18216 18220 18224 18228 18232 18236 18240 18244 18248 18252 18256 18260 18264 18268 18272 18276 18280 18284 18288 18292 18296 18300 18304 18308 18312 18316 18320 18324 18328 18332 18336 18340 18344 18348 18352 18356 18360 18364 18368 18372 18376 18380 18384 18388 18392 18396 18400 18404 18408 18412 18416 18420 18424 18428 18432 18436 18440 18444 18448 18452 18456 18460 18464 18468 18472 18476 18480 18484 18488 18492 18496 18500 18504 18508 18512 18516 18520 18524 18528 18532 18536 18540 18544 18548 18552 18556 18560 18564 18568 18572 18576 18580 18584 18588 18592 18596 18600 18604 18608 18612 18616 18620 18624 18628 18632 18636 18640 18644 18648 18652 18656 18660 18664 18668 18672 18676 18680 18684 18688 18692 18696 18700 18704 18708 18712 18716 18720 18724 18728 18732 18736 18740 18744 18748 18752 18756 18760 18764 18768 18772 18776 18780 18784 18788 18792 18796 18800 18804 18808 18812 18816 18820 18824 18828 18832 18836 18840 18844 18848 18852 18856 18860 18864 18868 18872 18876 18880 18884 18888 18892 18896 18900 18904 18908 18912 18916 18920 18924 18928 18932 18936 18940 18944 18948 18952 18956 18960 18964 18968 18972 18976 18980 18984 18988 18992 18996 19000 19004 19008 19012 19016 19020 19024 19028 19032 19036 19040 19044 19048 19052 19056 19060 19064 19068 19072 19076 19080 19084 19088 19092 19096 19100 19104 19108 19112 19116 19120 19124 19128 19132 19136 19140 19144 19148 19152 19156 19160 19164 19168 19172 19176 19180 19184 19188 19192 19196 19200 19204 19208 19212 19216 19220 19224 19228 19232 19236 19240 19244 19248 19252 19256 19260 19264 19268 19272 19276 19280 19284 19288 19292 19296 19300 19304 19308 19312 19316 19320 19324 19328 19332 19336 19340 19344 19348 19352 19356 19360 19364 19368 19372 19376 19380 19384 19388 19392 19396 19400 19404 19408 19412 19416 19420 19424 19428 19432 19436 19440 19444 19448 19452 19456 19460 19464 19468 19472 19476 19480 19484 19488 19492 19496 19500 19504 19508 19512 19516 19520 19524 19528 19532 19536 19540 19544 19548 19552 19556 19560 19564 19568 19572 19576 19580 19584 19588 19592 19596 19600 19604 19608 19612 19616 19620 19624 19628 19632 19636 19640 19644 19648 19652 19656 19660 19664 19668 19672 19676 19680 19684 19688 19692 19696 19700 19704 19708 19712 19716 19720 19724 19728 19732 19736 19740 19744 19748 19752 19756 19760 19764 19768 19772 19776 19780 19784 19788 19792 19796 19800 19804 19808 19812 19816 19820 19824 19828 19832 19836 19840 19844 19848 19852 19856 19860 19864 19868 19872 19876 19880 19884 19888 19892 19896 19900 19904 19908 19912 19916 19920 19924 19928 19932 19936 19940 19944 19948 19952 19956 19960 19964 19968 19972 19976 19980 19984 19988 19992 19996 20000 20004 20008 20012 20016 20020 20024 20028 20032 20036 20040 20044 20048 20052 20056 20060 20064 20068 20072 20076 20080 20084 20088 20092 20096 20100 20104 20108 20112 20116 20120 20124 20128 20132 20136 20140 20144 20148 20152 20156 20160 20164 20168 20172 20176 20180 20184 20188 20192 20196 20200 20204 20208 20212 20216 20220 20224 20228 20232 20236 20240 20244 20248 20252 20256 20260 20264 20268 20272 20276 20280 20284 20288 20292 20296 20300 20304 20308 20312 20316 20320 20324 20328 20332 20336 20340 20344 20348 20352 20356 20360 20364 20368 20372 20376 20380 20384 20388 20392 20396 20400 20404 20408 20412 20416 20420 20424 20428 20432 20436 20440 20444 20448 20452 20456 20460 20464 20468 20472 20476 20480 20484 20488 20492 20496 20500 20504 20508 20512 20516 20520 20524 20528 20532 20536 20540 20544 20548 20552 20556 20560 20564 20568 20572 20576 20580 20584 20588 20592 20596 20600 20604 20608 20612 20616 20620 20624 20628 20632 20636 20640 20644 20648 20652 20656 20660 20664 20668 20672 20676 20680 20684 20688 20692 20696 20700 20704 20708 20712 20716 20720 20724 20728 20732 20736 20740 20744 20748 20752 20756 20760 20764 20768 20772 20776 20780 20784 20788 20792 20796 20800 20804 20808 20812 20816 20820 20824 20828 20832 20836 20840 20844 20848 20852 20856 20860 20864 20868 20872 20876 20880 20884 20888 20892 20896 20900 20904 20908 20912 20916 20920 20924 20928 20932 20936 20940 20944 20948 20952 20956 20960 20964 20968 20972 20976 20980 20984 20988 20992 20996 21000 21004 21008 21012 21016 21020 21024 21028 21032 21036 21040 21044 21048 21052 21056 21060 21064 21068 21072 21076 21080 21084 21088 21092 21096 21100 21104 21108 21112 21116 21120 21124 21128 21132 21136 21140 21144 21148 21152 21156 21160 21164 21168 21172 21176 21180 21184 21188 21192 21196 21200 21204 21208 21212 21216 21220 21224 21228 21232 21236 21240 21244 21248 21252 21256 21260 21264 21268 21272 21276 21280 21284 21288 21292 21296 21300 21304 21308 21312 21316 21320 21324 21328 21332 21336 21340 21344 21348 21352 21356 21360 21364 21368 21372 21376 21380 21384 21388 21392 21396 21400 21404 21408 21412 21416 21420 21424 21428 21432 21436 21440 21444 21448 21452 21456 21460 21464 21468 21472 21476 21480 21484 21488 21492 21496 21500 21504 21508 21512 21516 21520 21524 21528 21532 21536 21540 21544 21548 21552 21556 21560 21564 21568 21572 21576 21580 21584 21588 21592 21596 21600 21604 21608 21612 21616 21620 21624 21628 21632 21636 21640 21644 21648 21652 21656 21660 21664 21668 21672 21676 21680 21684 21688 21692 21696 21700 21704 21708 21712 21716 21720 21724 21728 21732 21736 21740 21744 21748 21752 21756 21760 21764 21768 21772 21776 21780 21784 21788 21792 21796 21800 21804 21808 21812 21816 21820 21824 21828 21832 21836 21840 21844 21848 21852 21856 21860 21864 21868 21872 21876 21880 21884 21888 21892 21896 21900 21904 21908 21912 21916 21920 21924 21928 21932 21936 21940 21944 21948 21952 21956 21960 21964 21968 21972 21976 21980 21984 21988 21992 21996 22000 22004 22008 22012 22016 22020 22024 22028 22032 22036 22040 22044 22048 22052 22056 22060 22064 22068 22072 22076 22080 22084 22088 22092 22096 22100 22104 22108 22112 22116 22120 22124 22128 22132 22136 22140 22144 22148 22152 22156 22160 22164 22168 22172 22176 22180 22184 22188 22192 22196 22200 22204 22208 22212 22216 22220 22224 22228 22232 22236 22240 22244 22248 22252 22256 22260 22264 22268 22272 22276 22280 22284 22288 22292 22296 22300 22304 22308 22312 22316 22320 22324 22328 22332 22336 22340 22344 22348 22352 22356 22360 22364 22368 22372 22376 22380 22384 22388 22392 22396 22400 22404 22408 22412 22416 22420 22424 22428 22432 22436 22440 22444 22448 22452 22456 22460 22464 22468 22472 22476 22480 22484 22488 22492 22496 22500 22504 22508 22512 22516 22520 22524 22528 22532 22536 22540 22544 22548 22552 22556 22560 22564 22568 22572 22576 22580 22584 22588 22592 22596 22600 22604 22608 22612 22616 22620 22624 22628 22632 22636 22640 22644 22648 22652 22656 22660 22664 22668 22672 22676 22680 22684 22688 22692 22696 22700 22704 22708 22712 22716 22720 22724 22728 22732 22736 22740 22744 22748 22752 22756 22760 22764 22768 22772 22776 22780 22784 22788 22792 22796 22800 22804 22808 22812 22816 22820 22824 22828 22832 22836 22840 22844 22848 22852 22856 22860 22864 22868 22872 22876 22880 22884 22888 22892 22896 22900 22904 22908 22912 22916 22920 22924 22928 22932 22936 22940 22944 22948 22952 22956 22960 22964 22968 22972 22976 22980 22984 22988 22992 22996 23000 23004 23008 23012 23016 23020 23024 23028 23032 23036 23040 23044 23048 23052 23056 23060 23064 23068 23072 23076 23080 23084 23088 23092 23096 23100 23104 23108 23112 23116 23120 23124 23128 23132 23136 23140 23144 23148 23152 23156 23160 23164 23168 23172 23176 23180 23184 23188 23192 23196 23200 23204 23208 23212 23216 23220 23224 23228 23232 23236 23240 23244 23248 23252 23256 23260 23264 23268 23272 23276 23280 23284 23288 23292 23296 23300 23304 23308 23312 23316 23320 23324 23328 23332 23336 23340 23344 23348 23352 23356 23360 23364 23368 23372 23376 23380 23384 23388 23392 23396 23400 23404 23408 23412 23416 23420 23424 23428 23432 23436 23440 23444 23448 23452 23456 23460 23464 23468 23472 23476 23480 23484 23488 23492 23496 23500 23504 23508 23512 23516 23520 23524 23528 23532 23536 23540 23544 23548 23552 23556 23560 23564 23568 23572 23576 23580 23584 23588 23592 23596 23600 23604 23608 23612 23616 23620 23624 23628 23632 23636 23640 23644 23648 23652 23656 23660 23664 23668 23672 23676 23680 23684 23688 23692 23696 23700 23704 23708 23712 23716 23720 23724 23728 23732 23736 23740 23744 23748 23752 23756 23760 23764 23768 23772 23776 23780 23784 23788 23792 23796 23800 23804 23808 23812 23816 23820 23824 23828 23832 23836 23840 23844 23848 23852 23856 23860 23864 23868 23872 23876 23880 23884 23888 23892 23896 23900 23904 23908 23912 23916 23920 23924 23928 23932 23936 23940 23944 23948 23952 23956 23960 23964 23968 23972 23976 23980 23984 23988 23992 23996 24000 24004 24008 24012 24016 24020 24024 24028 24032 24036 24040 24044 24048 24052 24056 24060 24064 24068 24072 24076 24080 24084 24088 24092 24096 24100 24104 24108 24112 24116 24120 24124 24128 24132 24136 24140 24144 24148 24152 24156 24160 24164 24168 24172 24176 24180 24184 24188 24192 24196 24200 24204 24208 24212 24216 24220 24224 24228 24232 24236 24240 24244 24248 24252 24256 24260 24264 24268 24272 24276 24280 24284 24288 24292 24296 24300 24304 24308 24312 24316 24320 24324 24328 24332 24336 24340 24344 24348 24352 24356 24360 24364 24368 24372 24376 24380 24384 24388 24392 24396 24400 24404 24408 24412 24416 24420 24424 24428 24432 24436 24440 24444 24448 24452 24456 24460 24464 24468 24472 24476 24480 24484 24488 24492 24496 24500 24504 24508 24512 24516 24520 24524 24528 24532 24536 24540 24544 24548 24552 24556 24560 24564 24568 24572 24576 24580 24584 24588 24592 24596 24600 24604 24608 24612 24616 24620 24624 24628 24632 24636 24640 24644 24648 24652 24656 24660 24664 24668 24672 24676 24680 24684 24688 24692 24696 24700 24704 24708 24712 24716 24720 24724 24728 24732 24736 24740 24744 24748 24752 24756 24760 24764 24768 24772 24776 24780 24784 24788 24792 24796 24800 24804 24808 24812 24816 24820 24824 24828 24832 24836 24840 24844 24848 24852 24856 24860 24864 24868 24872 24876 24880 24884 24888 24892 24896 24900 24904 24908 24912 24916 24920 24924 24928 24932 24936 24940 24944 24948 24952 24956 24960 24964 24968 24972 24976 24980 24984 24988 24992 24996 25000 25004 25008 25012 25016 25020 25024 25028 25032 25036 25040 25044 25048 25052 25056 25060 25064 25068 25072 25076 25080 25084 25088 25092 25096 25100 25104 25108 25112 25116 25120 25124 25128 25132 25136 25140 25144 25148 25152 25156 25160 25164 25168 25172 25176 25180 25184 25188 25192 25196 25200 25204 25208 25212 25216 25220 25224 25228 25232 25236 25240 25244 25248 25252 25256 25260 25264 25268 25272 25276 25280 25284 25288 25292 25296 25300 25304 25308 25312 25316 25320 25324 25328 25332 25336 25340 25344 25348 25352 25356 25360 25364 25368 25372 25376 25380 25384 25388 25392 25396 25400 25404 25408 25412 25416 25420 25424 25428 25432 25436 25440 25444 25448 25452 25456 25460 25464 25468 25472 25476 25480 25484 25488 25492 25496 25500 25504 25508 25512 25516 25520 25524 25528 25532 25536 25540 25544 25548 25552 25556 25560 25564 25568 25572 25576 25580 25584 25588 25592 25596 25600
</DataArray>
<DataArray type="UInt8" Name="types" format="ascii">
9 9 9 9 9 9 9 9 9 9 9 9 9 9 9 9 9 9 9 9 9 9 9 9 9 9 9 9 9 9 9 9 9 9 9 9 9 9 9 9 9 9 9 9 9 9 9 9 9 9 9 9 9 9 9 9 9 9 9 9 9 9 9 9 9 9 9 9 9 9 9 9 9 9 9 9 9 9 9 9 9 9 9 9 9 9 9 9 9 9 9 9 9 9 9 9 9 9 9 9 9 9 9 9 9 9 9 9 9 9 9 9 9 9 9 9 9 9 9 9 9 9 9 9 9 9 9 9 9 9 9 9 9 9 9 9 9 9 9 9 9 9 9 9 9 9 9 9 9 9 9 9 9 9 9 9 9 9 9 9 9 9 9 9 9 9 9 9 9 9 9 9 9 9 9 9 9 9 9 9 9 9 9 9 9 9 9 9 9 9 9 9 9 9 9 9 9 9 9 9 9 9 9 9 9 9 9 9 9 9 9 9 9 9 9 9 9 9 9 9 9 9 9 9 9 9 9 9 9 9 9 9 9 9 9 9 9 9 9 9 9 9 9 9 9 9 9 9 9 9 9 9 9 9 9 9 9 9 9 9 9 9 9 9 9 9 9 9 9 9 9 9 9 9 9 9 9 9 9 9 9 9 9 9 9 9 9 9 9 9 9 9 9 9 9 9 9 9 9 9 9 9 9 9 9 9 9 9 9 9 9 9 9 9 9 9 9 9 9 9 9 9 9 9 9 9 9 9 9 9 9 9 9 9 9 9 9 9 9 9 9 9 9 9 9 9 9 9 9 9 9 9 9 9 9 9 9 9 9 9 9 9 9 9 9 9 9 9 9 9 9 9 9 9 9 9 9 9 9 9 9 9 9 9 9 9 9 9 9 9 9 9 9 9 9 9 9 9 9 9 9 9 9 9 9 9 9 9 9 9 9 9 9 9 9 9 9 9 9 9 9 9 9 9 9 9 9 9 9 9 9 9 9 9 9 9 9 9 9 9 9 9 9 9 9 9 9 9 9 9 9 9 9 9 9 9 9 9 9 9 9 9 9 9 9 9 9 9 9 9 9 9 9 9 9 9 9 9 9 9 9 9 9 9 9 9 9 9 9 9 9 9 9 9 9 9 9 9 9 9 9 9 9 9 9 9 9 9 9 9 9 9 9 9 9 9 9 9 9 9 9 9 9 9 9 9 9 9 9 9 9 9 9 9 9 9 9 9 9 9 9 9 9 9 9 9 9 9 9 9 9 9 9 9 9 9 9 9 9 9 9 9 9 9 9 9 9 9 9 9 9 9 9 9 9 9 9 9 9 9 9 9 9 9 9 9 9 9 9 9 9 9 9 9 9 9 9 9 9 9 9 9 9 9 9 9 9 9 9 9 9 9 9 9 9 9 9 9 9 9 9 9 9 9 9 9 9 9 9 9 9 9 9 9 9 9 9 9 9 9 9 9 9 9 9 9 9 9 9 9 9 9 9 9 9 9 9 9 9 9 9 9 9 9 9 9 9 9 9 9 9 9 9 9 9 9 9 9 9 9 9 9 9 9 9 9 9 9 9 9 9 9 9 9 9 9 9 9 9 9 9 9 9 9 9 9 9 9 9 9 9 9 9 9 9 9 9 9 9 9 9 9 9 9 9 9 9 9 9 9 9 9 9 9 9 9 9 9 9 9 9 9 9 9 9 9 9 9 9 9 9 9 9 9 9 9 9 9 9 9 9 9 9 9 9 9 9 9 9 9 9 9 9 9 9 9 9 9 9 9 9 9 9 9 9 9 9 9 9 9 9 9 9 9 9 9 9 9 9 9 9 9 9 9 9 9 9 9 9 9 9 9 9 9 9 9 9 9 9 9 9 9 9 9 9 9 9 9 9 9 9 9 9 9 9 9 9 9 9 9 9 9 9 9 9 9 9 9 9 9 9 9 9 9 9 9 9 9 9 9 9 9 9 9 9 9 9 9 9 9 9 9 9 9 9 9 9 9 9 9 9 9 9 9 9 9 9 9 9 9 9 9 9 9 9 9 9 9 9 9 9 9 9 9 9 9 9 9 9 9 9 9 9 9 9 9 9 9 9 9 9 9 9 9 9 9 9 9 9 9 9 9 9 9 9 9 9 9 9 9 9 9 9 9 9 9 9 9 9 9 9 9 9 9 9 9 9 9 9 9 9 9 9 9 9 9 9 9 9 9 9 9 9 9 9 9 9 9 9 9 9 9 9 9 9 9 9 9 9 9 9 9 9 9 9 9 9 9 9 9 9 9 9 9 9 9 9 9 9 9 9 9 9 9 9 9 9 9 9 9 9 9 9 9 9 9 9 9 9 9 9 9 9 9 9 9 9 9 9 9 9 9 9 9 9 9 9 9 9 9 9 9 9 9 9 9 9 9 9 9 9 9 9 9 9 9 9 9 9 9 9 9 9 9 9 9 9 9 9 9 9 9 9 9 9 9 9 9 9 9 9 9 9 9 9 9 9 9 9 9 9 9 9 9 9 9 9 9 9 9 9 9 9 9 9 9 9 9 9 9 9 9 9 9 9 9 9 9 9 9 9 9 9 9 9 9 9 9 9 9 9 9 9 9 9 9 9 9 9 9 9 9 9 9 9 9 9 9 9 9 9 9 9 9 9 9 9 9 9 9 9 9 9 9 9 9 9 9 9 9 9 9 9 9 9 9 9 9 9 9 9 9 9 9 9 9 9 9 9 9 9 9 9 9 9 9 9 9 9 9 9 9 9 9 9 9 9 9 9 9 9 9 9 9 9 9 9 9 9 9 9 9 9 9 9 9 9 9 9 9 9 9 9 9 9 9 9 9 9 9 9 9 9 9 9 9 9 9 9 9 9 9 9 9 9 9 9 9 9 9 9 9 9 9 9 9 9 9 9 9 9 9 9 9 9 9 9 9 9 9 9 9 9 9 9 9 9 9 9 9 9 9 9 9 9 9 9 9 9 9 9 9 9 9 9 9 9 9 9 9 9 9 9 9 9 9 9 9 9 9 9 9 9 9 9 9 9 9 9 9 9 9 9 9 9 9 9 9 9 9 9 9 9 9 9 9 9 9 9 9 9 9 9 9 9 9 9 9 9 9 9 9 9 9 9 9 9 9 9 9 9 9 9 9 9 9 9 9 9 9 9 9 9 9 9 9 9 9 9 9 9 9 9 9 9 9 9 9 9 9 9 9 9 9 9 9 9 9 9 9 9 9 9 9 9 9 9 9 9 9 9 9 9 9 9 9 9 9 9 9 9 9 9 9 9 9 9 9 9 9 9 9 9 9 9 9 9 9 9 9 9 9 9 9 9 9 9 9 9 9 9 9 9 9 9 9 9 9 9 9 9 9 9 9 9 9 9 9 9 9 9 9 9 9 9 9 9 9 9 9 9 9 9 9 9 9 9 9 9 9 9 9 9 9 9 9 9 9 9 9 9 9 9 9 9 9 9 9 9 9 9 9 9 9 9 9 9 9 9 9 9 9 9 9 9 9 9 9 9 9 9 9 9 9 9 9 9 9 9 9 9 9 9 9 9 9 9 9 9 9 9 9 9 9 9 9 9 9 9 9 9 9 9 9 9 9 9 9 9 9 9 9 9 9 9 9 9 9 9 9 9 9 9 9 9 9 9 9 9 9 9 9 9 9 9 9 9 9 9 9 9 9 9 9 9 9 9 9 9 9 9 9 9 9 9 9 9 9 9 9 9 9 9 9 9 9 9 9 9 9 9 9 9 9 9 9 9 9 9 9 9 9 9 9 9 9 9 9 9 9 9 9 9 9 9 9 9 9 9 9 9 9 9 9 9 9 9 9 9 9 9 9 9 9 9 9 9 9 9 9 9 9 9 9 9 9 9 9 9 9 9 9 9 9 9 9 9 9 9 9 9 9 9 9 9 9 9 9 9 9 9 9 9 9 9 9 9 9 9 9 9 9 9 9 9 9 9 9 9 9 9 9 9 9 9 9 9 9 9 9 9 9 9 9 9 9 9 9 9 9 9 9 9 9 9 9 9 9 9 9 9 9 9 9 9 9 9 9 9 9 9 9 9 9 9 9 9 9 9 9 9 9 9 9 9 9 9 9 9 9 9 9 9 9 9 9 9 9 9 9 9 9 9 9 9 9 9 9 9 9 9 9 9 9 9 9 9 9 9 9 9 9 9 9 9 9 9 9 9 9 9 9 9 9 9 9 9 9 9 9 9 9 9 9 9 9 9 9 9 9 9 9 9 9 9 9 9 9 9 9 9 9 9 9 9 9 9 9 9 9 9 9 9 9 9 9 9 9 9 9 9 9 9 9 9 9 9 9 9 9 9 9 9 9 9 9 9 9 9 9 9 9 9 9 9 9 9 9 9 9 9 9 9 9 9 9 9 9 9 9 9 9 9 9 9 9 9 9 9 9 9 9 9 9 9 9 9 9 9 9 9 9 9 9 9 9 9 9 9 9 9 9 9 9 9 9 9 9 9 9 9 9 9 9 9 9 9 9 9 9 9 9 9 9 9 9 9 9 9 9 9 9 9 9 9 9 9 9 9 9 9 9 9 9 9 9 9 9 9 9 9 9 9 9 9 9 9 9 9 9 9 9 9 9 9 9 9 9 9 9 9 9 9 9 9 9 9 9 9 9 9 9 9 9 9 9 9 9 9 9 9 9 9 9 9 9 9 9 9 9 9 9 9 9 9 9 9 9 9 9 9 9 9 9 9 9 9 9 9 9 9 9 9 9 9 9 9 9 9 9 9 9 9 9 9 9 9 9 9 9 9 9 9 9 9 9 9 9 9 9 9 9 9 9 9 9 9 9 9 9 9 9 9 9 9 9 9 9 9 9 9 9 9 9 9 9 9 9 9 9 9 9 9 9 9 9 9 9 9 9 9 9 9 9 9 9 9 9 9 9 9 9 9 9 9 9 9 9 9 9 9 9 9 9 9 9 9 9 9 9 9 9 9 9 9 9 9 9 9 9 9 9 9 9 9 9 9 9 9 9 9 9 9 9 9 9 9 9 9 9 9 9 9 9 9 9 9 9 9 9 9 9 9 9 9 9 9 9 9 9 9 9 9 9 9 9 9 9 9 9 9 9 9 9 9 9 9 9 9 9 9 9 9 9 9 9 9 9 9 9 9 9 9 9 9 9 9 9 9 9 9 9 9 9 9 9 9 9 9 9 9 9 9 9 9 9 9 9 9 9 9 9 9 9 9 9 9 9 9 9 9 9 9 9 9 9 9 9 9 9 9 9 9 9 9 9 9 9 9 9 9 9 9 9 9 9 9 9 9 9 9 9 9 9 9 9 9 9 9 9 9 9 9 9 9 9 9 9 9 9 9 9 9 9 9 9 9 9 9 9 9 9 9 9 9 9 9 9 9 9 9 9 9 9 9 9 9 9 9 9 9 9 9 9 9 9 9 9 9 9 9 9 9 9 9 9 9 9 9 9 9 9 9 9 9 9 9 9 9 9 9 9 9 9 9 9 9 9 9 9 9 9 9 9 9 9 9 9 9 9 9 9 9 9 9 9 9 9 9 9 9 9 9 9 9 9 9 9 9 9 9 9 9 9 9 9 9 9 9 9 9 9 9 9 9 9 9 9 9 9 9 9 9 9 9 9 9 9 9 9 9 9 9 9 9 9 9 9 9 9 9 9 9 9 9 9 9 9 9 9 9 9 9 9 9 9 9 9 9 9 9 9 9 9 9 9 9 9 9 9 9 9 9 9 9 9 9 9 9 9 9 9 9 9 9 9 9 9 9 9 9 9 9 9 9 9 9 9 9 9 9 9 9 9 9 9 9 9 9 9 9 9 9 9 9 9 9 9 9 9 9 9 9 9 9 9 9 9 9 9 9 9 9 9 9 9 9 9 9 9 9 9 9 9 9 9 9 9 9 9 9 9 9 9 9 9 9 9 9 9 9 9 9 9 9 9 9 9 9 9 9 9 9 9 9 9 9 9 9 9 9 9 9 9 9 9 9 9 9 9 9 9 9 9 9 9 9 9 9 9 9 9 9 9 9 9 9 9 9 9 9 9 9 9 9 9 9 9 9 9 9 9 9 9 9 9 9 9 9 9 9 9 9 9 9 9 9 9 9 9 9 9 9 9 9 9 9 9 9 9 9 9 9 9 9 9 9 9 9 9 9 9 9 9 9 9 9 9 9 9 9 9 9 9 9 9 9 9 9 9 9 9 9 9 9 9 9 9 9 9 9 9 9 9 9 9 9 9 9 9 9 9 9 9 9 9 9 9 9 9 9 9 9 9 9 9 9 9 9 9 9 9 9 9 9 9 9 9 9 9 9 9 9 9 9 9 9 9 9 9 9 9 9 9 9 9 9 9 9 9 9 9 9 9 9 9 9 9 9 9 9 9 9 9 9 9 9 9 9 9 9 9 9 9 9 9 9 9 9 9 9 9 9 9 9 9 9 9 9 9 9 9 9 9 9 9 9 9 9 9 9 9 9 9 9 9 9 9 9 9 9 9 9 9 9 9 9 9 9 9 9 9 9 9 9 9 9 9 9 9 9 9 9 9 9 9 9 9 9 9 9 9 9 9 9 9 9 9 9 9 9 9 9 9 9 9 9 9 9 9 9 9 9 9 9 9 9 9 9 9 9 9 9 9 9 9 9 9 9 9 9 9 9 9 9 9 9 9 9 9 9 9 9 9 9 9 9 9 9 9 9 9 9 9 9 9 9 9 9 9 9 9 9 9 9 9 9 9 9 9 9 9 9 9 9 9 9 9 9 9 9 9 9 9 9 9 9 9 9 9 9 9 9 9 9 9 9 9 9 9 9 9 9 9 9 9 9 9 9 9 9 9 9 9 9 9 9 9 9 9 9 9 9 9 9 9 9 9 9 9 9 9 9 9 9 9 9 9 9 9 9 9 9 9 9 9 9 9 9 9 9 9 9 9 9 9 9 9 9 9 9 9 9 9 9 9 9 9 9 9 9 9 9 9 9 9 9 9 9 9 9 9 9 9 9 9 9 9 9 9 9 9 9 9 9 9 9 9 9 9 9 9 9 9 9 9 9 9 9 9 9 9 9 9 9 9 9 9 9 9 9 9 9 9 9 9 9 9 9 9 9 9 9 9 9 9 9 9 9 9 9 9 9 9 9 9 9 9 9 9 9 9 9 9 9 9 9 9 9 9 9 9 9 9 9 9 9 9 9 9 9 9 9 9 9 9 9 9 9 9 9 9 9 9 9 9 9 9 9 9 9 9 9 9 9 9 9 9 9 9 9 9 9 9 9 9 9 9 9 9 9 9 9 9 9 9 9 9 9 9 9 9 9 9 9 9 9 9 9 9 9 9 9 9 9 9 9 9 9 9 9 9 9 9 9 9 9 9 9 9 9 9 9 9 9 9 9 9 9 9 9 9 9 9 9 9 9 9 9 9 9 9 9 9 9 9 9 9 9 9 9 9 9 9 9 9 9 9 9 9 9 9 9 9 9 9 9 9 9 9 9 9 9 9 9 9 9 9 9 9 9 9 9 9 9 9 9 9 9 9 9 9 9 9 9 9 9 9 9 9 9 9 9 9 9 9 9 9 9 9 9 9 9 9 9 9 9 9 9 9 9 9 9 9 9 9 9 9 9 9 9 9 9 9 9 9 9 9 9 9 9 9 9 9 9 9 9 9 9 9 9 9 9 9 9 9 9 9 9 9 9 9 9 9 9 9 9 9 9 9 9 9 9 9 9 9 9 9 9 9 9 9 9 9 9 9 9 9 9 9 9 9 9 9 9 9 9 9 9 9 9 9 9 9 9 9 9 9 9 9 9 9 9 9 9 9 9 9 9 9 9 9 9 9 9 9 9 9 9 9 9 9 9 9 9 9 9 9 9 9 9 9 9 9 9 9 9 9 9 9 9 9 9 9 9 9 9 9 9 9 9 9 9 9 9 9 9 9 9 9 9 9 9 9 9 9 9 9 9 9 9 9 9 9 9 9 9 9 9 9 9 9 9 9 9 9 9 9 9 9 9 9 9 9 9 9 9 9 9 9 9 9 9 9 9 9 9 9 9 9 9 9 9 9 9 9 9 9 9 9 9 9 9 9 9 9 9 9 9 9 9 9 9 9 9 9 9 9 9 9 9 9 9 9 9 9 9 9 9 9 9 9 9 9 9 9 9 9 9 9 9 9 9 9 9 9 9 9 9 9 9 9 9 9 9 9 9 9 9 9 9 9 9 9 9 9 9 9 9 9 9 9 9 9 9 9 9 9 9 9 9 9 9 9 9 9 9 9 9 9 9 9 9 9 9 9 9 9 9 9 9 9 9 9 9 9 9 9 9 9 9 9 9 9 9 9 9 9 9 9 9 9 9 9 9 9 9 9 9 9 9 9 9 9 9 9 9 9 9 9 9 9 9 9 9 9 9 9 9 9 9 9 9 9 9 9 9 9 9 9 9 9 9 9 9 9 9 9 9 9 9 9 9 9 9 9 9 9 9 9 9 9 9 9 9 9 9 9 9 9 9 9 9 9 9 9 9 9 9 9 9 9 9 9 9 9 9 9 9 9 9 9 9 9 9 9 9 9 9 9 9 9 9 9 9 9 9 9 9 9 9 9 9 9 9 9 9 9 9 9 9 9 9 9 9 9 9 9 9 9 9 9 9 9 9 9 9 9 9 9 9 9 9 9 9 9 9 9 9 9 9 9 9 9 9 9 9 9 9 9 9 9 9 9 9 9 9 9 9 9 9 9 9 9 9 9 9 9 9 9 9 9 9 9 9 9 9 9 9 9 9 9 9 9 9 9 9 9 9 9 9 9 9 9 9 9 9 9 9 9 9 9 9 9 9 9 9 9 9 9 9 9 9 9 9 9 9 9 9 9 9 9 9 9 9 9 9 9 9 9 9 9 9 9 9 9 9 9 9 9 9 9 9 9 9 9 9 9 9 9 9 9 9 9 9 9 9 9 9 9 9 9 9 9 9 9 9 9 9 9 9 9 9 9 9 9 9 9 9 9 9 9 9 9 9 9 9 9 9 9 9 9 9 9 9 9 9 9 9 9 9 9 9 9 9 9 9 9 9 9 9 9 9 9 9 9 9 9 9 9 9 9 9 9 9 9 9 9 9 9 9 9 9 9 9 9 9 9 9 9 9 9 9 9 9 9 9 9 9 9 9 9 9 9 9 9 9 9 9 9 9 9 9 9 9 9 9 9 9 9 9 9 9 9 9 9 9 9 9 9 9 9 9 9 9 9 9 9 9 9 9 9 9 9 9 9 9 9 9 9 9 9 9 9 9 9 9 9 9 9 9 9 9 9 9 9 9 9 9 9 9 9 9 9 9 9 9 9 9 9 9 9 9 9 9 9 9 9 9 9 9 9 9 9 9 9 9 9 9 9 9 9 9 9 9 9 9 9 9 9 9 9 9 9 9 9 9 9 9 9 9 9 9 9 9 9 9 9 9 9 9 9 9 9 9 9 9 9 9 9 9 9 9 9 9 9 9 9 9 9 9 9 9 9 9 9 9 9 9 9 9 9 9 9 9 9 9 9 9 9 9 9 9 9 9 9 9 9 9 9 9 9 9 9 9 9 9 9 9 9 9 9 9 9 9 9 9 9 9 9 9 9 9 9 9 9 9 9 9 9 9 9 9 9 9 9 9 9 9 9 9 9 9 9 9 9 9 9 9 9 9 9 9 9 9 9 9 9 9 9 9 9 9 9 9 9 9 9 9 9 9 9 9 9 9 9 9 9 9 9 9 9 9 9 9 9 9 9 9 9 9 9 9 9 9 9 9 9 9 9 9 9 9 9 9 9 9 9 9 9 9 9 9 9 9 9 9 9 9 9 9 9 9 9 9 9 9 9 9 9 9 9 9 9 9 9 9 9 9 9 9 9 9 9 9 9 9 9 9 9 9 9 9 9 9 9 9 9 9 9 9 9 9 9 9 9 9 9 9 9 9 9 9 9 9 9 9 9 9 9 9 9 9 9 9 9 9 9 9 9 9 9 9 9 9 9 9 9 9 9 9 9 9 9 9 9 9 9 9 9 9 9 9 9 9 9 9 9 9 9 9 9 9 9 9 9 9 9 9 9 9 9 9 9 9 9 9 9 9 9 9 9 9 9 9 9 9 9 9 9 9 9 9 9 9 9 9 9 9 9 9 9 9 9 9 9 9 9 9 9 9 9 9 9 9 9 9 9 9 9 9 9 9 9 9 9 9 9 9 9 9 9 9 9 9 9 9 9 9 9 9 9 9 9 9 9 9 9 9 9 9 9 9 9 9 9 9 9 9 9 9 9 9 9 9 9 9 9 9 9 9 9 9 9 9 9 9 9 9 9 9 9 9 9 9 9 9 9 9 9 9 9 9 9 9 9 9 9 9 9 9 9 9 9 9 9 9 9 9 9 9 9 9 9 9 9 9 9 9 9 9 9 9 9 9 9 9 9 9 9 9 9 9 9 9 9 9 9 9 9 9 9 9 9 9 9 9 9 9 9 9 9 9 9 9 9 9 9 9 9 9 9 9 9 9 9 9 9 9 9 9 9 9 9 9 9 9 9 9 9 9 9 9 9 9 9 9 9 9 9 9 9 9 9 9 9 9 9 9 9 9 9 9 9 9 9 9 9 9 9 9 9 9 9 9 9 9 9 9 9 9 9 9 9 9 9 9 9 9 9 9 9 9 9 9 9 9 9 9 9 9 9 9 9 9 9 9 9 9 9 9 9 9 9 9 9 9 9 9 9 9 9 9 9 9 9 9 9 9 9 9 9 9 9 9 9 9 9 9 9 9 9 9 9 9 9 9 9 9 9 9 9 9 9 9 9 9 9 9 9 9 9 9 9 9 9 9 9 9 9 9 9 9 9 9 9 9 9 9 9 9 9 9 9 9 9 9 9 9 9 9 9 9 9 9 9 9 9 9 9 9 9 9 9 9 9 9 9 9 9 9 9 9 9 9 9 9 9 9 9 9 9 9 9 9 9 9 9 9 9 9 9 9 9 9 9 9 9 9 9 9 9 9 9 9 9 9 9 9 9 9 9 9 9 9 9 9 9 9 9 9 9 9 9 9 9 9 9 9 9 9 9 9 9 9 9 9 9 9 9 9 9 9 9 9 9 9 9 9 9 9 9 9 9 9 9 9 9 9 9 9 9 9 9 9 9 9 9 9 9 9 9 9 9 9 9 9 9 9 9 9 9 9 9 9 9 9 9 9 9 9 9 9 9 9 9 9 9 9 9 9 9 9 9 9 9 9 9 9 9 9 9 9 9 9 9 9 9 9 9 9 9 9 9 9 9 9 9 9 9 9 9 9 9 9 9 9 9 9 9 9 9 9 9 9 9 9 9 9 9 9 9 9 9 9 9 9 9 9 9 9 9 9 9 9 9 9 9 9 9 9 9 9 9 9 9 9 9 9 9 9 9 9 9 9 9 9 9 9 9 9 9 9 9 9 9 9 9 9 9 9 9 9 9 9 9 9 9 9 9 9 9 9 9 9 9 9 9 9 9 9 9 9 9 9 9 9 9 9 9 9 9 9 9 9 9 9 9 9 9 9 9 9 9 9 9 9 9 9 9 9 9 9 9 9 9 9 9 9 9 9 9 9 9 9 9 9 9 9 9 9 9 9 9 9 9 9 9 9 9 9 9 9 9 9 9 9 9 9 9 9 9 9 9 9 9 9 9 9 9 9 9 9 9 9 9 9 9 9 9 9 9 9 9 9 9 9 9 9 9 9 9 9 9 9 9 9 9 9 9 9 9 9 9 9 9 9 9 9 9 9 9 9 9 9 9 9 9 9 9 9 9 9 9 9 9 9 9 9 9 9 9 9 9 9 9 9 9 9 9 9 9 9 9 9 9 9 9 9 9 9 9 9 9 9 9 9 9 9 9 9 9 9 9 9 9 9 9 9 9 9 9 9 9 9 9 9 9 9 9 9 9 9 9 9 9 9 9 9 9 9 9 9 9 9 9 9 9 9 9 9 9 9 9 9 9 9 9 9 9 9 9 9 9 9 9 9 9 9 9 9 9 9 9 9 9 9 9 9 9 9 9 9 9 9 9 9 9 9 9 9 9 9 9 9 9 9 9 9 9 9 9 9 9 9 9 9 9 9 9 9 9 9 9 9 9 9 9 9 9 9 9 9 9 9 9 9 9 9 9 9 9 9 9 9 9 9 9 9 9 9 9 9 9 9 9 9 9 9 9 9 9 9 9 9 9 9 9 9 9 9 9 9 9 9 9 9 9 9 9 9 9 9 9 9 9 9 9 9 9 9 9 9 9 9 9 9 9 9 9 9 9 9 9 9 9 9 9 9 9 9 9 9 9 9 9 9 9 9 9 9 9 9 9 9 9 9 9 9 9 9 9 9 9 9 9 9 9 9 9 9 9 9 9 9 9 9 9 9 9 9 9 9 9 9 9 9 9 9 9 9 9 9 9 9 9 9 9 9 9 9 9 9 9 9 9 9 9 9 9 9 9 9 9 9 9 9 9 9 9 9 9 9 9 9 9 9 9 9 9 9 9 9 9 9 9 9 9 9 9 9 9 9 9 9 9 9 9 9 9 9 9 9 9 9 9 9 9 9 9 9 9 9 9 9 9 9 9 9 9 9 9 9 9 9 9 9 9 9 9 9 9 9 9 9 9 9 9 9 9 9 9 9 9 9 9 9 9 9 9 9 9 9 9 9 9 9 9 9 9 9 9 9 9 9 9 9 9 9 9 9 9 9 9 9 9 9 9 9 9 9 9 9 9 9 9 9 9 9 9 9 9 9 9 9 9 9 9 9 9 9 9 9 9 9 9 9 9 9 9 9 9 9 9 9 9 9 9 9 9 9 9 9 9 9 9 9 9 9 9 9 9 9 9 9 9 9 9 9 9 9 9 9 9 9 9 9 9 9 9 9 9 9 9 9 9 9 9 9 9 9 9 9 9 9 9 9 9 9 9 9 9 9 9 9 9 9 9 9 9 9 9 9 9 9 9 9 9 9 9 9 9 9 9 9 9 9 9 9 9 9 9 9 9 9 9 9 9 9 9 9 9 9 9 9 9 9 9 9 9 9 9 9 9 9 9 9 9 9 9 9 9 9 9 9 9 9 9 9 9 9 9 9 9 9 9 9 9 9 9 9 9 9 9 9 9 9 9 9 9 9 9 9 9 9 9 9 9 9 9 9 9 9 9 9 9 9 9 9 9 9 9 9 9 9 9 9 9 9 9 9 9 9 9 9 9 9 9 9 9 9 9 9 9 9 9 9 9 9 9 9 9 9 9 9 9 9 9 9 9 9 9 9 9 9 9 9 9 9 9 9 9 9 9 9 9 9 9 9 9 9 9 9 9 9 9 9 9 9 9 9 9 9 9 9 9 9 9 9 9 9 9 9 9 9 9 9 9 9 9 9 9 9 9 9 9 9 9 9 9 9 9 9 9 9 9 9 9 9 9 9 9 9 9 9 9 9 9 9 9 9 9 9 9 9 9 9 9 9 9 9 9 9 9 9 9 9 9 9 9 9 9 9 9 9 9 9 9 9 9 9 9 9 9 9 9 9 9 9 9 9 9 9 9 9 9 9 9 9 9 9 9 9 9 9 9 9 9 9 9 9 9 9 9 9 9 9 9 9 9 9 9 9 9 9 9 9 9 9 9 9 9 9 9 9 9 9 9 9 9 9 9 9 9 9 9 9 9 9 9 9 9 9 9 9 9 9 9 9 9 9 9 9 9 9 9 9 9 9 9 9 9 9 9 9 9 9 9 9 9 9 9 9 9 9 9 9 9 9 9 9 9 9 9 9 9 9 9 9 9 9 9 9 9 9 9 9 9 9 9 9 9 9 9 9 9 9 9 9 9 9 9 9 9 9 9 9 9 9 9 9 9 9 9 9 9 9 9 9 9 9 9 9 9 9 9 9 9 9 9 9 9 9 9 9 9 9 9 9 9 9 9 9 9 9 9 9 9 9 9 9 9 9 9 9 9 9 9 9 9 9 9 9 9 9 9 9 9 9 9 9 9 9 9 9 9 9 9 9 9 9 9 9 9 9 9 9 9 9 9 9 9 9 9 9 9 9 9 9 9 9 9 9 9 9 9 9 9 9 9 9 9 9 9 9 9 9 9 9 9 9 9 9 9 9 9 9 9 9 9 9 9 9 9 9 9 9 9 9 9 9 9 9 9 9 9 9 9 9 9 9 9 9 9 9 9 9 9 9 9 9 9 9 9 9 9 9 9 9 9 9 9 9 9 9 9 9 9 9 9 9 9 9 9 9 9 9 9 9 9 9 9 9 9 9 9 9 9 9 9 9 9 9 9 9 9 9 9 9 9 9 9 9 9 9 9 9 9 9 9 9 9 9 9 9 9 9 9 9 9 9 9 9 9 9 9 9 9 9 9 9 9 9 9 9 9 9 9 9 9 9 9 9 9 9 9 9 9 9 9 9 9 9 9 9 9 9 9 9 9
</DataArray>
</Cells>
<PointData>
<DataArray type="Float64" Name="velocity [m/s]" NumberOfComponents="3" format="ascii">
0.0 0.0 0.0 0.0 0.0 0.0 0.0 0.0 0.0 0.0 0.0 0.0 0.0 0.0 0.0 0.0 0.0 0.0 0.0 0.0 0.0 0.0 0.0 0.0 0.0 0.0 0.0 0.0 0.0 0.0 0.0 0.0 0.0 0.0 0.0 0.0 0.0 0.0 0.0 0.0 0.0 0.0 0.0 0.0 0.0 0.0 0.0 0.0 0.0 0.0 0.0 0.0 0.0 0.0 0.0 0.0 0.0 0.0 0.0 0.0 0.0 0.0 0.0 0.0 0.0 0.0 0.0 0.0 0.0 0.0 0.0 0.0 0.0 0.0 0.0 0.0 0.0 0.0 0.0 0.0 0.0 0.0 0.0 0.0 0.0 0.0 0.0 0.0 0.0 0.0 0.0 0.0 0.0 0.0 0.0 0.0 0.0 0.0 0.0 0.0 0.0 0.0 0.0 0.0 0.0 0.0 0.0 0.0 0.0 0.0 0.0 0.0 0.0 0.0 0.0 0.0 0.0 0.0 0.0 0.0 0.0 0.0 0.0 0.0 0.0 0.0 0.0 0.0 0.0 0.0 0.0 0.0 0.0 0.0 0.0 0.0 0.0 0.0 0.0 0.0 0.0 0.0 0.0 0.0 0.0 0.0 0.0 0.0 0.0 0.0 0.0 0.0 0.0 0.0 0.0 0.0 0.0 0.0 0.0 0.0 0.0 0.0 0.0 0.0 0.0 0.0 0.0 0.0 0.0 0.0 0.0 0.0 0.0 0.0 0.0 0.0 0.0 0.0 0.0 0.0 0.0 0.0 0.0 0.0 0.0 0.0 0.0 0.0 0.0 0.0 0.0 0.0 0.0 0.0 0.0 0.0 0.0 0.0 0.0 0.0 0.0 0.0 0.0 0.0 0.0 0.0 0.0 0.0 0.0 0.0 0.0 0.0 0.0 0.0 0.0 0.0 0.0 0.0 0.0 0.0 0.0 0.0 0.0 0.0 0.0 0.0 0.0 0.0 0.0 0.0 0.0 0.0 0.0 0.0 0.0 0.0 0.0 0.0 0.0 0.0 0.0 0.0 0.0 0.0 0.0 0.0 1.586317295479594e-08 -1.63443162729454e-08 0.0 4.964819267902884e-08 -1.572564196783408e-08 0.0 7.18011910003342e-08 -5.612535500893173e-09 0.0 6.734860134879708e-08 8.524328810771599e-09 0.0 2.800678070553335e-08 2.425129238462555e-08 0.0 -4.954532901709599e-08 4.03773752254842e-08 0.0 -1.656017356864867e-07 5.614317515023351e-08 0.0 -3.187112674314304e-07 7.10435463002267e-08 0.0 -5.064269778051742e-07 8.477632953057946e-08 0.0 -7.257554215789492e-07 9.718689524844874e-08 0.0 -9.734413055319728e-07 1.082163558965435e-07 0.0 -1.246151688454282e-06 1.178650330890131e-07 0.0 -1.54059331551401e-06 1.261693253315725e-07 0.0 -1.853584172133798e-06 1.331867632416398e-07 0.0 -2.182093514937715e-06 1.389857703415696e-07 0.0 -2.523260070410118e-06 1.436384303672941e-07 0.0 -2.874395058713145e-06 1.472154046393738e-07 0.0 -3.232974765878464e-06 1.497824623591852e-07 0.0 -3.596626145461183e-06 1.513982387224046e-07 0.0 -3.963108094023481e-06 1.521129387510368e-07 0.0 -4.330290449173009e-06 1.519677790494791e-07 0.0 -4.696132315350233e-06 1.509950104018728e-07 0.0 -5.058660980278907e-06 1.492183980187059e-07 0.0 -5.415952412624379e-06 1.466540596054427e-07 0.0 -5.766114108888633e-06 1.433115783936452e-07 0.0 -6.107270871903937e-06 1.391953211817466e-07 0.0 -6.4375539458854e-06 1.343059015964859e-07 0.0 -6.755093797995481e-06 1.286417369930867e-07 0.0 -7.058016719529209e-06 1.222006541471176e-07 0.0 -7.344445317906352e-06 1.149815044536723e-07 0.0 -7.612502881025566e-06 1.069857539303868e-07 0.0 -7.860321515962616e-06 9.821901705220319e-08 0.0 -8.086053892540052e-06 8.869250643241937e-08 0.0 -8.287888357282481e-06 7.842437269069123e-08 0.0 -8.464067123316812e-06 6.744091058302492e-08 0.0 -8.61290718585555e-06 5.577760876332741e-08 0.0 -8.732823560309328e-06 4.348002194249071e-08 0.0 -8.82235439005398e-06 3.060444675393319e-08 0.0 -8.88018742248064e-06 1.721838564782995e-08 0.0 -8.905187308442454e-06 3.400776314638508e-09 0.0 -8.896422959548874e-06 -1.075810292725737e-08 0.0 -8.853194960305483e-06 -2.51568669774251e-08 0.0 -8.775061518702242e-06 -3.968351959958839e-08 0.0 -8.661862932612948e-06 -5.42163550375357e-08 0.0 -8.513743719315672e-06 -6.862506871397658e-08 0.0 -8.331171691444477e-06 -8.27721251797929e-08 0.0 -8.114953396566668e-06 -9.651439165460592e-08 0.0 -7.866245317030503e-06 -1.097050146769832e-07 0.0 -7.586560281570861e-06 -1.221955110656104e-07 0.0 -7.277768612540206e-06 -1.338380394274331e-07 0.0 -6.942093622382305e-06 -1.444878120103475e-07 0.0 -6.582101178747739e-06 -1.540056001286114e-07 0.0 -6.200683177593069e-06 -1.622602807847273e-07 0.0 -5.80103489490326e-06 -1.691313680102395e-07 0.0 -5.386626326426175e-06 -1.745114702253922e-07 0.0 -4.961167766045276e-06 -1.783086149589492e-07 0.0 -4.528570011174669e-06 -1.804483849746868e-07 0.0 -4.092899710910536e-06 -1.808758156135779e-07 0.0 -3.658330481740578e-06 -1.795570123691776e-07 0.0 -3.229090497546887e-06 -1.76480460775541e-07 0.0 -2.809407305466322e-06 -1.716580180814894e-07 0.0 -2.403450615464473e-06 -1.651255985694429e-07 0.0 -2.015273745672686e-06 -1.569435927993261e-07 0.0 -1.648754260782538e-06 -1.471970973094594e-07 0.0 -1.307534094998654e-06 -1.359960782214261e-07 0.0 -9.949590733145701e-07 -1.234756533329277e-07 0.0 -7.140171881504928e-07 -1.097967561953967e-07 0.0 -4.672741753681156e-07 -9.514755036392287e-08 0.0 -2.56803737924568e-07 -7.974612997424952e-08 0.0 -8.410800745855792e-08 -6.3845389498355e-08 0.0 4.997868268065212e-08 -4.77416281345539e-08 0.0 1.45413152887717e-07 -3.17892491079609e-08 0.0 2.031097331571243e-07 -1.642309888231581e-08 0.0 2.251760969614684e-07 -2.185281548863365e-09 0.0 2.152673948663508e-07 1.024911598639169e-08 0.0 1.791360226645011e-07 2.00182838069628e-08 0.0 1.254105611592073e-07 2.584747662589314e-08 0.0 6.624803656341643e-08 2.550413327643797e-08 0.0 1.627242607816152e-08 1.603421937769412e-08 0.0 0.0 0.0 0.0 0.0 0.0 0.0 1.543730693683386e-08 -5.018531601005547e-08 0.0 4.364773084051989e-08 -4.396689927765365e-08 0.0 4.388497677619231e-08 -2.504247402411464e-09 0.0 -4.450990804897136e-09 5.822408559894705e-08 0.0 -1.137554918148819e-07 1.280154278882288e-07 0.0 -2.898578154697068e-07 2.005734399892778e-07 0.0 -5.339784648290879e-07 2.719889344372661e-07 0.0 -8.443168295380398e-07 3.398474653008345e-07 0.0 -1.21716727379555e-06 4.027114869287735e-07 0.0 -1.647675119422694e-06 4.597928897458591e-07 0.0 -2.130349164473499e-06 5.107339959612208e-07 0.0 -2.659409600834761e-06 5.554589599250451e-07 0.0 -3.229021240114744e-06 5.940722588313336e-07 0.0 -3.833445156607329e-06 6.267883940693458e-07 0.0 -4.467131801807316e-06 6.53882445821211e-07 0.0 -5.124772021651207e-06 6.756550069981831e-07 0.0 -5.801317869206327e-06 6.924074242691429e-07 0.0 -6.491981993007964e-06 7.044246779532756e-07 0.0 -7.192222234477975e-06 7.119640690252493e-07 0.0 -7.89771655181517e-06 7.152484046588e-07 0.0 -8.604332279856675e-06 7.144627141105959e-07 0.0 -9.308092896730276e-06 7.097537540435873e-07 0.0 -1.000514481257114e-05 7.012317180100632e-07 0.0 -1.069172616863219e-05 6.889736747354573e-07 0.0 -1.136413920137916e-05 6.730283403636297e-07 0.0 -1.201872736222357e-05 6.534218510367096e-07 0.0 -1.265185807362325e-05 6.301642503001743e-07 0.0 -1.325991173541181e-05 6.03256444670189e-07 0.0 -1.383927736347465e-05 5.726974126295073e-07 0.0 -1.438635504023881e-05 5.384914787889385e-07 0.0 -1.489756517805638e-05 5.006554868937038e-07 0.0 -1.53693644384069e-05 4.59225723412567e-07 0.0 -1.579826800848294e-05 4.142644581378787e-07 0.0 -1.618087780922028e-05 3.658659800307038e-07 0.0 -1.651391609276222e-05 3.141620159864931e-07 0.0 -1.679426378079699e-05 2.59326427897892e-07 0.0 -1.70190027967506e-05 2.015790901081616e-07 0.0 -1.718546155353463e-05 1.411888556028729e-07 0.0 -1.729126267543888e-05 7.847552390280916e-08 0.0 -1.733437196804502e-05 1.381072212538063e-08 0.0 -1.731314733290459e-05 -5.238241043626426e-08 0.0 -1.722638737216636e-05 -1.196305711470326e-07 0.0 -1.707337713813561e-05 -1.874128992745595e-07 0.0 -1.685393105629272e-05 -2.551649720608241e-07 0.0 -1.656843133436174e-05 -3.222839558949663e-07 0.0 -1.621786074544596e-05 -3.881349619612853e-07 0.0 -1.580382871398041e-05 -4.520585596328859e-07 0.0 -1.532858966180545e-05 -5.133793613309552e-07 0.0 -1.4795052674026e-05 -5.7141555869e-07 0.0 -1.420678167315338e-05 -6.254892585135335e-07 0.0 -1.356798544688933e-05 -6.749374368865814e-07 0.0 -1.288349705774172e-05 -7.191233022127759e-07 0.0 -1.215874236782774e-05 -7.574478347847697e-07 0.0 -1.139969763464702e-05 -7.893612536804411e-07 0.0 -1.061283636660242e-05 -8.143741531446015e-07 0.0 -9.80506586225582e-06 -8.320680519766166e-07 0.0 -8.983654084732396e-06 -8.421051125712848e-07 0.0 -8.156147730720865e-06 -8.442368128868952e-07 0.0 -7.330282528947005e-06 -8.383113964754504e-07 0.0 -6.513886930932952e-06 -8.242799846618596e-07 0.0 -5.714780420512512e-06 -8.022013132106184e-07 0.0 -4.940667648796151e-06 -7.722451563499387e-07 0.0 -4.199029475646329e-06 -7.346946282641921e-07 0.0 -3.497011740026742e-06 -6.899477130584199e-07 0.0 -2.841312155283457e-06 -6.385185797278394e-07 0.0 -2.238065085328004e-06 -5.810395061372474e-07 0.0 -1.692723039012072e-06 -5.182645933576378e-07 0.0 -1.20993242989169e-06 -4.510769472762678e-07 0.0 -7.933993599070012e-07 -3.805017253915477e-07 0.0 -4.457387440804068e-07 -3.077285321042449e-07 0.0 -1.682968307820716e-07 -2.341482329970019e-07 0.0 3.90671518023023e-08 -1.614112938221915e-07 0.0 1.782604549427153e-07 -9.151700193365279e-08 0.0 2.533259191046002e-07 -2.694520407929846e-08 0.0 2.709367756231932e-07 2.915026561343329e-08 0.0 2.410384812454492e-07 7.265260758445613e-08 0.0 1.775528325551897e-07 9.808156967353988e-08 0.0 9.870074909179648e-08 9.834758017692554e-08 0.0 2.569438825798145e-08 6.608280061426918e-08 0.0 0.0 0.0 0.0 0.0 0.0 0.0 5.434731763399473e-09 -7.248764485155531e-08 0.0 2.192304791966684e-09 -4.414742580790092e-08 0.0 -4.821334958572496e-08 4.768807404130095e-08 0.0 -1.680877707553898e-07 1.761697089731056e-07 0.0 -3.710345102743725e-07 3.230297597877284e-07 0.0 -6.638152070911297e-07 4.761255212733986e-07 0.0 -1.048077000088784e-06 6.275103697834246e-07 0.0 -1.521829456288466e-06 7.72081816376213e-07 0.0 -2.080602841188797e-06 9.066751727110256e-07 0.0 -2.718314195905115e-06 1.029452409003426e-06 0.0 -3.427899963852603e-06 1.139482073368592e-06 0.0 -4.201770741499067e-06 1.236445925382939e-06 0.0 -5.032131869124675e-06 1.320431526710891e-06 0.0 -5.911202963796048e-06 1.391784001921357e-06 0.0 -6.831361491170105e-06 1.450999207688141e-06 0.0 -7.785229503709261e-06 1.498646545350818e-06 0.0 -8.76571820812759e-06 1.535313555932074e-06 0.0 -9.766041704002994e-06 1.561566928121003e-06 0.0 -1.077970877004521e-05 1.577926139745572e-06 0.0 -1.180049972624218e-05 1.584846984379513e-06 0.0 -1.282243398723374e-05 1.582712918376489e-06 0.0 -1.383973281600412e-05 1.571832627737522e-06 0.0 -1.484678089949872e-05 1.552442537541562e-06 0.0 -1.583808963969644e-05 1.524713218674399e-06 0.0 -1.680826444473862e-05 1.488758818645192e-06 0.0 -1.775197778736579e-05 1.444648775274203e-06 0.0 -1.866394935300319e-05 1.392421176536379e-06 0.0 -1.953893421375366e-05 1.332097214752873e-06 0.0 -2.0371719627289e-05 1.263696253581842e-06 0.0 -2.115713076347735e-05 1.187251084978207e-06 0.0 -2.189004540035302e-05 1.10282300247569e-06 0.0 -2.256541739955421e-05 1.010516358191704e-06 0.0 -2.317830856520757e-05 9.104923049826274e-07 0.0 -2.372392830565754e-05 8.029814532263468e-07 0.0 -2.419768035127596e-05 6.882951948765188e-07 0.0 -2.459521563134379e-05 5.668354669207227e-07 0.0 -2.491249027687906e-05 4.391027434295488e-07 0.0 -2.514582759359379e-05 3.057020609993089e-07 0.0 -2.529198274213381e-05 1.673468968340126e-07 0.0 -2.534820878444008e-05 2.486073250496042e-08 0.0 -2.531232235688345e-05 -1.208238533231796e-07 0.0 -2.518276853415521e-05 -2.686684848547836e-07 0.0 -2.49586814855437e-05 -4.175349322748367e-07 0.0 -2.463994107560946e-05 -5.661938026084617e-07 0.0 -2.42272230415854e-05 -7.133357542825096e-07 0.0 -2.372204137417605e-05 -8.57585244368279e-07 0.0 -2.312678146741035e-05 -9.975166863215491e-07 0.0 -2.244472268052002e-05 -1.131672830733073e-06 0.0 -2.168004909485861e-05 -1.258585115296467e-06 0.0 -2.083784742028039e-05 -1.376795665946985e-06 0.0 -1.992409121022907e-05 -1.484880570355605e-06 0.0 -1.894561078066175e-05 -1.581473990288146e-06 0.0 -1.791004849021647e-05 -1.665292634091284e-06 0.0 -1.682579932124369e-05 -1.73516007834562e-06 0.0 -1.570193699506711e-05 -1.790030412195619e-06 0.0 -1.454812614974714e-05 -1.829010682677362e-06 0.0 -1.337452139233923e-05 -1.851381648102882e-06 0.0 -1.219165429585483e-05 -1.856616402743227e-06 0.0 -1.101030962758263e-05 -1.844396523210643e-06 0.0 -9.8413922518654e-06 -1.814625508822043e-06 0.0 -8.69578622647854e-06 -1.767439449200562e-06 0.0 -7.584207584606463e-06 -1.703215058117879e-06 0.0 -6.517052138222965e-06 -1.622575471173059e-06 0.0 -5.504239323661948e-06 -1.5263945284771e-06 0.0 -4.555052601180387e-06 -1.415800670704506e-06 0.0 -3.677976175067615e-06 -1.29218209649261e-06 0.0 -2.880526768224074e-06 -1.157195505851924e-06 0.0 -2.169077806110779e-06 -1.012781656720559e-06 0.0 -1.548671581710534e-06 -8.611921908213996e-07 0.0 -1.022812752603372e-06 -7.05033866965117e-07 0.0 -5.932338917532167e-07 -5.47338578738263e-07 0.0 -2.596209089245647e-07 -3.916703158579997e-07 0.0 -1.928339656311358e-08 -2.422833696661643e-07 0.0 1.332463555498533e-07 -1.043492644948446e-07 0.0 2.066968533995142e-07 1.572928679371021e-08 0.0 2.136101363883757e-07 1.099114474953777e-07 0.0 1.708828230121235e-07 1.680868285094541e-07 0.0 1.000228193034275e-07 1.779304306216792e-07 0.0 2.632807397890389e-08 1.25844214133603e-07 0.0 0.0 0.0 0.0 0.0 0.0 0.0 -8.897052805321258e-09 -6.795719001045235e-08 0.0 -5.97957115557878e-08 5.127686497218491e-09 0.0 -1.798184255791823e-07 1.685758017317924e-07 0.0 -3.905188566180401e-07 3.856839920098347e-07 0.0 -7.047137121303452e-07 6.30617692015836e-07 0.0 -1.128697548570617e-06 8.854174194387788e-07 0.0 -1.663756136244243e-06 1.137816949242972e-06 0.0 -2.307417884235532e-06 1.379629102872973e-06 0.0 -3.054498030714465e-06 1.605575030628819e-06 0.0 -3.897939743200349e-06 1.812441760110219e-06 0.0 -4.829470086325596e-06 1.998474115088234e-06 0.0 -5.840098025980563e-06 2.162932841989688e-06 0.0 -6.920482602524887e-06 2.305771255791488e-06 0.0 -8.061196719000787e-06 2.427397211167056e-06 0.0 -9.252908323265096e-06 2.528497308336751e-06 0.0 -1.048649713532753e-05 2.609907259106254e-06 0.0 -1.175312184297693e-05 2.672517145419287e-06 0.0 -1.304424996725056e-05 2.717203551597229e-06 0.0 -1.435166036997471e-05 2.744782736767893e-06 0.0 -1.566742656781976e-05 2.755980491616558e-06 0.0 -1.698388754681946e-05 2.751415335364263e-06 0.0 -1.829361156224712e-05 2.731592414097222e-06 0.0 -1.958935740065984e-05 2.696905964228283e-06 0.0 -2.086403672833463e-05 2.647648572865668e-06 0.0 -2.211068041992602e-05 2.58402574453022e-06 0.0 -2.332241112882605e-05 2.506174499850132e-06 0.0 -2.449242380884303e-05 2.414184905220869e-06 0.0 -2.561397541245641e-05 2.308123574899005e-06 0.0 -2.668038456417457e-05 2.188058306201817e-06 0.0 -2.76850416306032e-05 2.054083109245585e-06 0.0 -2.862142927527513e-05 1.906342978129776e-06 0.0 -2.948315329059186e-05 1.745057822876614e-06 0.0 -3.026398323659165e-05 1.570545042540179e-06 0.0 -3.095790218252612e-05 1.383240271363029e-06 0.0 -3.155916463886044e-05 1.183715873410868e-06 0.0 -3.206236158145689e-05 9.7269679863435e-07 0.0 -3.246249130433194e-05 7.510734467827293e-07 0.0 -3.27550346917791e-05 5.199112170036535e-07 0.0 -3.293603337712704e-05 2.80456452258712e-07 0.0 -3.300216916779179e-05 3.413852195647825e-08 0.0 -3.295084266252479e-05 -2.174321757324145e-07 0.0 -3.278025048099845e-05 -4.724703437184327e-07 0.0 -3.248945707150812e-05 -7.290262655134655e-07 0.0 -3.207846136028103e-05 -9.85000680265627e-07 0.0 -3.154825535185694e-05 -1.238163879714123e-06 0.0 -3.090087313864248e-05 -1.486178964308434e-06 0.0 -3.013942862297954e-05 -1.726629038903427e-06 0.0 -2.926814037340394e-05 -1.957048029712207e-06 0.0 -2.82923422029225e-05 -2.17495470178249e-06 0.0 -2.721847825736221e-05 -2.377889355576633e-06 0.0 -2.605408163795185e-05 -2.563452586163124e-06 0.0 -2.480773585165623e-05 -2.729345403571732e-06 0.0 -2.348901868036826e-05 -2.873409943164428e-06 0.0 -2.210842837882226e-05 -2.993669945950511e-06 0.0 -2.067729244191753e-05 -3.088370166313972e-06 0.0 -1.920765951382808e-05 -3.156013874329852e-06 0.0 -1.771217533050497e-05 -3.195397667350879e-06 0.0 -1.62039438785579e-05 -3.205642896365756e-06 0.0 -1.469637519963101e-05 -3.186223152257032e-06 0.0 -1.320302145093781e-05 -3.136987451221756e-06 0.0 -1.173740292843187e-05 -3.058179013646406e-06 0.0 -1.031282574626075e-05 -2.95044985450882e-06 0.0 -8.942192720159118e-06 -2.81487180646659e-06 0.0 -7.637808697392305e-06 -2.652945094195207e-06 0.0 -6.411181085133726e-06 -2.466606192158599e-06 0.0 -5.272815626967109e-06 -2.258237459778163e-06 0.0 -4.232006542539636e-06 -2.030682003574316e-06 0.0 -3.296618970932968e-06 -1.78726842729667e-06 0.0 -2.472860268428519e-06 -1.531851673094668e-06 0.0 -1.765035192691205e-06 -1.268878094995453e-06 0.0 -1.175278550116421e-06 -1.003485238541841e-06 0.0 -7.032578463441558e-07 -7.416493488678883e-07 0.0 -3.458384883069524e-07 -4.903958517490414e-07 0.0 -9.670624975704504e-08 -2.580885286287704e-07 0.0 5.405237447651261e-08 -5.48078420735077e-08 0.0 1.204001960681074e-07 1.071913010548991e-07 0.0 1.207986055389864e-07 2.130114460396253e-07 0.0 7.853710300751338e-08 2.447913709404224e-07 0.0 2.135917452743165e-08 1.816686705149187e-07 0.0 0.0 0.0 0.0 0.0 0.0 0.0 -2.530944698650597e-08 -2.741355975055129e-08 0.0 -1.330874807763061e-07 1.179665093753773e-07 0.0 -3.34698826846927e-07 3.762903081519739e-07 0.0 -6.492530364405377e-07 7.029111871299301e-07 0.0 -1.08728712219988e-06 1.06544555590241e-06 0.0 -1.653476467444751e-06 1.440627847008512e-06 0.0 -2.347956155120709e-06 1.812035324284306e-06 0.0 -3.167318954069456e-06 2.1683510178796e-06 0.0 -4.105482008817819e-06 2.502038015871614e-06 0.0 -5.154429158392638e-06 2.808335097453434e-06 0.0 -6.304824081931728e-06 3.084498187707968e-06 0.0 -7.546499524229331e-06 3.329227321402272e-06 0.0 -8.868835056772911e-06 3.542233099992392e-06 0.0 -1.026103880897854e-05 3.723908354609126e-06 0.0 -1.171234897304306e-05 3.875079766355183e-06 0.0 -1.321216992308775e-05 3.996820935861728e-06 0.0 -1.475015625570036e-05 4.090313300184334e-06 0.0 -1.631625637356256e-05 4.156744801153056e-06 0.0 -1.790072560644228e-05 4.197238689008425e-06 0.0 -1.949411738150507e-05 4.212806595935681e-06 0.0 -2.108725963948388e-05 4.204321257628874e-06 0.0 -2.267122253686578e-05 4.172505155464732e-06 0.0 -2.423728245859207e-05 4.117932007313806e-06 0.0 -2.577688647112761e-05 4.041038526927679e-06 0.0 -2.728162055460749e-05 3.942144251385772e-06 0.0 -2.874318425069096e-05 3.821477537572071e-06 0.0 -3.01533737382272e-05 3.679206074787725e-06 0.0 -3.150407479267721e-05 3.515470466204919e-06 0.0 -3.278726658994881e-05 3.330419606470692e-06 0.0 -3.399503687455851e-05 3.124246732499054e-06 0.0 -3.511960862028691e-05 2.897225153363839e-06 0.0 -3.615337796373946e-05 2.649742776064593e-06 0.0 -3.708896288289903e-05 2.382334639086999e-06 0.0 -3.791926181972634e-05 2.09571274730207e-06 0.0 -3.863752120448566e-05 1.790792572158538e-06 0.0 -3.923741062669671e-05 1.468715642873226e-06 0.0 -3.971310421116971e-05 1.130867710211779e-06 0.0 -4.005936659645272e-05 7.788920174801279e-07 0.0 -4.027164177888343e-05 4.146972667814774e-07 0.0 -4.034614299186115e-05 4.045992665301964e-08 0.0 -4.027994131458306e-05 -3.413794065649701e-07 0.0 -4.007105226875999e-05 -7.281257973201693e-07 0.0 -3.971851602298843e-05 -1.11684605030247e-06 0.0 -3.922247145238914e-05 -1.504391051191202e-06 0.0 -3.858422083262685e-05 -1.887424265949877e-06 0.0 -3.780628350518962e-05 -2.262456239185592e-06 0.0 -3.689243663246744e-05 -2.6258847592478e-06 0.0 -3.584774130754487e-05 -2.974040221535382e-06 0.0 -3.467855246422985e-05 -3.303235580824298e-06 0.0 -3.339251124886234e-05 -3.609820144713428e-06 0.0 -3.199851876835321e-05 -3.890236329337599e-06 0.0 -3.050669041605136e-05 -4.141078381735494e-06 0.0 -2.892829029353441e-05 -4.359151977747622e-06 0.0 -2.727564558534948e-05 -4.541533537584035e-06 0.0 -2.556204109611584e-05 -4.685628071020416e-06 0.0 -2.38015945141446e-05 -4.789224378385974e-06 0.0 -2.200911330962082e-05 -4.850546499825529e-06 0.0 -2.019993449317888e-05 -4.868300431287853e-06 0.0 -1.838974873525135e-05 -4.841715318678634e-06 0.0 -1.659441055913507e-05 -4.770578608990207e-06 0.0 -1.48297364513297e-05 -4.655264986751975e-06 0.0 -1.311129276078172e-05 -4.496759364673951e-06 0.0 -1.145417516392259e-05 -4.296674739781371e-06 0.0 -9.872781236295729e-06 -4.057266384947171e-06 0.0 -8.380577279742566e-06 -3.78144463974314e-06 0.0 -6.98986000037686e-06 -3.472789519517119e-06 0.0 -5.711512925769162e-06 -3.135571509732334e-06 0.0 -4.554756624982065e-06 -2.774784289277421e-06 0.0 -3.526890930446764e-06 -2.396196758033213e-06 0.0 -2.633026598170217e-06 -2.006433617518495e-06 0.0 -1.875803405590775e-06 -1.613095756649469e-06 0.0 -1.255091873959129e-06 -1.224933514006697e-06 0.0 -7.676769217213993e-07 -8.520868427503763e-07 0.0 -4.069238648163594e-07 -5.064051449136776e-07 0.0 -1.624292503626645e-07 -2.018535829839475e-07 0.0 -1.965783835175548e-08 4.500085688475838e-08 0.0 4.043884930866697e-08 2.144494048212488e-07 0.0 4.178411556673242e-08 2.830549905601924e-07 0.0 1.3108011688297e-08 2.228000514259963e-07 0.0 0.0 0.0 0.0 0.0 0.0 0.0 -4.2790060126093e-08 5.385801446749712e-08 0.0 -2.122052192722788e-07 3.027514001907174e-07 0.0 -5.024139765485603e-07 6.812041780746554e-07 0.0 -9.291039560682276e-07 1.138762768941506e-06 0.0 -1.499480456542084e-06 1.637792439194247e-06 0.0 -2.215698457377531e-06 2.150517735061536e-06 0.0 -3.076046640019625e-06 2.65680938500753e-06 0.0 -4.075701418396956e-06 3.142433464480999e-06 0.0 -5.207398384046381e-06 3.597658304478323e-06 0.0 -6.462041991824165e-06 4.016153297167175e-06 0.0 -7.829237216598922e-06 4.394123735523223e-06 0.0 -9.297733900510045e-06 4.729633828342387e-06 0.0 -1.085578386693462e-05 5.022078509441176e-06 0.0 -1.249141697494155e-05 5.27177265528619e-06 0.0 -1.419264546189772e-05 5.479633193082695e-06 0.0 -1.594760715336695e-05 5.64693514628707e-06 0.0 -1.774465818916311e-05 5.775126999238017e-06 0.0 -1.957242534612528e-05 5.865694047418245e-06 0.0 -2.141982715766289e-05 5.92006084606843e-06 0.0 -2.32760720272864e-05 5.939525676921617e-06 0.0 -2.513064051171774e-05 5.925221288354515e-06 0.0 -2.697325796114126e-05 5.878097159504314e-06 0.0 -2.879386277375831e-05 5.798919292053782e-06 0.0 -3.058257465833678e-05 5.688284115644146e-06 0.0 -3.23296665039841e-05 5.546643554641245e-06 0.0 -3.402554272972878e-05 5.374338680170352e-06 0.0 -3.566072632511077e-05 5.17163968560135e-06 0.0 -3.72258561937537e-05 4.938790191670193e-06 0.0 -3.871169587147855e-05 4.67605411931632e-06 0.0 -4.010915420540952e-05 4.383763570611881e-06 0.0 -4.140931814706463e-05 4.062366335118215e-06 0.0 -4.26034974268422e-05 3.712471793655749e-06 0.0 -4.368328053579308e-05 3.33489412632652e-06 0.0 -4.464060113935814e-05 2.930691849158838e-06 0.0 -4.546781378331763e-05 2.501202806674838e-06 0.0 -4.615777752139288e-05 2.04807383911603e-06 0.0 -4.670394589420874e-05 1.573284426498951e-06 0.0 -4.710046151915709e-05 1.079163690970756e-06 0.0 -4.734225341082121e-05 5.684002182668774e-07 0.0 -4.742513505450077e-05 4.404424304820841e-08 0.0 -4.734590079283466e-05 -4.904981626470421e-07 0.0 -4.710241958708293e-05 -1.031479254586131e-06 0.0 -4.669372170932373e-05 -1.574832175956211e-06 0.0 -4.61200784303538e-05 -2.116201803957505e-06 0.0 -4.538307135515025e-05 -2.650983854702619e-06 0.0 -4.448564963118454e-05 -3.174371975656632e-06 0.0 -4.343217302021365e-05 -3.681412373501723e-06 0.0 -4.222843898178162e-05 -4.167065349885407e-06 0.0 -4.088169210052859e-05 -4.626272937774343e-06 0.0 -3.940061440926658e-05 -5.054031653821034e-06 0.0 -3.77952954170877e-05 -5.445469214561414e-06 0.0 -3.607718094427621e-05 -5.795923914553353e-06 0.0 -3.425900018924995e-05 -6.101025241667996e-06 0.0 -3.235467080098218e-05 -6.356774218173002e-06 0.0 -3.037918209515439e-05 -6.559621915859818e-06 0.0 -2.834845692338275e-05 -6.706544609215632e-06 0.0 -2.62791930698865e-05 -6.795114112326425e-06 0.0 -2.418868539461338e-05 -6.823562002281867e-06 0.0 -2.209463025009994e-05 -6.790836673351285e-06 0.0 -2.00149139539772e-05 -6.696652500693548e-06 0.0 -1.796738728224877e-05 -6.541530828170479e-06 0.0 -1.596962804299421e-05 -6.326833040354025e-06 0.0 -1.403869378075926e-05 -6.054786643036492e-06 0.0 -1.21908665376874e-05 -5.72850606958764e-06 0.0 -1.044139135517373e-05 -5.352010863919532e-06 0.0 -8.804209848714434e-06 -4.93024497711116e-06 0.0 -7.291689757175642e-06 -4.469102164737899e-06 0.0 -5.914350912414156e-06 -3.975463887907873e-06 0.0 -4.68058768976382e-06 -3.457257681804277e-06 0.0 -3.596387819647887e-06 -2.923545589474367e-06 0.0 -2.665047629255238e-06 -2.384653801138114e-06 0.0 -1.886884476906037e-06 -1.852355779837042e-06 0.0 -1.258948299583707e-06 -1.340121392935411e-06 0.0 -7.747352597529754e-07 -8.634432569435537e-07 0.0 -4.239057201456095e-07 -4.402482667933664e-07 0.0 -1.920027583843355e-07 -9.139909446862796e-08 0.0 -6.015379288689934e-08 1.587015960067857e-07 0.0 -4.740089661182885e-09 2.813296456937529e-07 0.0 2.850893735658361e-09 2.421687669047444e-07 0.0 0.0 0.0 0.0 0.0 0.0 0.0 -6.072086262075007e-08 1.779329519730955e-07 0.0 -2.938609336489635e-07 5.639288307312613e-07 0.0 -6.763100327418696e-07 1.089445251746287e-06 0.0 -1.219912066897699e-06 1.70015419107566e-06 0.0 -1.927890714609053e-06 2.354517264166725e-06 0.0 -2.799231359121367e-06 3.021177225484102e-06 0.0 -3.829814752819292e-06 3.676914832526249e-06 0.0 -5.012963103356712e-06 4.304964287435029e-06 0.0 -6.339924871339853e-06 4.893619092333353e-06 0.0 -7.80034293998268e-06 5.435087822090638e-06 0.0 -9.382686416322544e-06 5.924563270730687e-06 0.0 -1.107462840252374e-05 6.359470785580801e-06 0.0 -1.286336132562374e-05 6.73886525340792e-06 0.0 -1.473584875407324e-05 7.062950596790936e-06 0.0 -1.667901736156023e-05 7.332700039362273e-06 0.0 -1.86798954016779e-05 7.54955936704711e-06 0.0 -2.072570536195786e-05 7.715218766536197e-06 0.0 -2.280391886368333e-05 7.831441538897457e-06 0.0 -2.490228171161742e-05 7.89994012716509e-06 0.0 -2.700881650742021e-05 7.922291558314505e-06 0.0 -2.911180957129189e-05 7.899885683260397e-06 0.0 -3.119978816141949e-05 7.833900593928999e-06 0.0 -3.326149319716109e-05 7.72530037843238e-06 0.0 -3.528585191414344e-05 7.574851001651489e-06 0.0 -3.72619541284341e-05 7.383150612056338e-06 0.0 -3.917903507520523e-05 7.15067100713041e-06 0.0 -4.10264671222069e-05 6.877807360598202e-06 0.0 -4.279376204397298e-05 6.56493363896224e-06 0.0 -4.447058498078524e-05 6.212461421763745e-06 0.0 -4.604678069716969e-05 5.820900095220506e-06 0.0 -4.751241229699709e-05 5.390916616119109e-06 0.0 -4.885781214407521e-05 4.92339324462698e-06 0.0 -5.007364437574803e-05 4.419481823284639e-06 0.0 -5.115097807933769e-05 3.880653337237762e-06 0.0 -5.208136992399457e-05 3.308741630618484e-06 0.0 -5.285695480045276e-05 2.705980279308343e-06 0.0 -5.347054281545033e-05 2.07503173510784e-06 0.0 -5.391572081406129e-05 1.419007965083398e-06 0.0 -5.418695646154144e-05 7.414819173574466e-07 0.0 -5.427970281697892e-05 4.648925556869906e-08 0.0 -5.419050091365912e-05 -6.614800732226381e-07 0.0 -5.391707916511186e-05 -1.377500940506121e-06 0.0 -5.345844535356236e-05 -2.096242743040114e-06 0.0 -5.281497089949426e-05 -2.812009532927735e-06 0.0 -5.198846413336336e-05 -3.518790612514736e-06 0.0 -5.098223066837929e-05 -4.21032121042431e-06 0.0 -4.980111877549138e-05 -4.880152668256538e-06 0.0 -4.845154781192203e-05 -5.521731353037743e-06 0.0 -4.6941517931037e-05 -6.128485291688574e-06 0.0 -4.528059951419806e-05 -6.693917307573693e-06 0.0 -4.347990101635852e-05 -7.211703234051849e-06 0.0 -4.155201420521163e-05 -7.675793595534416e-06 0.0 -3.951093609557285e-05 -8.080516993557794e-06 0.0 -3.737196723143496e-05 -8.42068332522467e-06 0.0 -3.5151586340869e-05 -8.691684905988055e-06 0.0 -3.286730177466284e-05 -8.889593580196208e-06 0.0 -3.053748052723491e-05 -9.011251992930775e-06 0.0 -2.818115601495361e-05 -9.054357376748295e-06 0.0 -2.581781613798748e-05 -9.017536487421857e-06 0.0 -2.346717346169591e-05 -8.900410713034935e-06 0.0 -2.114891960679104e-05 -8.703650888920274e-06 0.0 -1.888246611981977e-05 -8.429021983744042e-06 0.0 -1.668667419588419e-05 -8.079418584852767e-06 0.0 -1.457957563868017e-05 -7.658893007466541e-06 0.0 -1.257808737282148e-05 -7.172678883580605e-06 0.0 -1.069772168747905e-05 -6.627214249368222e-06 0.0 -8.95229422452576e-06 -6.030169433102809e-06 0.0 -7.353631587591665e-06 -5.390486422388941e-06 0.0 -5.911280424058317e-06 -4.718437805883059e-06 0.0 -4.632220020067562e-06 -4.025714743366237e-06 0.0 -3.520580938161273e-06 -3.325554562592965e-06 0.0 -2.57737303185414e-06 -2.632919297635799e-06 0.0 -1.800227104096591e-06 -1.964736559784949e-06 0.0 -1.183154934428641e-06 -1.340213581765873e-06 0.0 -7.163310289683808e-07 -7.812349862361601e-07 0.0 -3.858935320963062e-07 -3.128583229156291e-07 0.0 -1.737440697488197e-07 3.606072160387707e-08 0.0 -5.726294464453504e-08 2.320188788380423e-07 0.0 -8.623577746603315e-09 2.355114288798329e-07 0.0 0.0 0.0 0.0 0.0 0.0 0.0 -7.868907510728984e-08 3.454173725164815e-07 0.0 -3.760552185941219e-07 9.034112055425247e-07 0.0 -8.521586575787431e-07 1.604139835231698e-06 0.0 -1.514924812009165e-06 2.390980619231e-06 0.0 -2.363261438054008e-06 3.219738895606754e-06 0.0 -3.392562335549974e-06 4.056421403653915e-06 0.0 -4.595883546893895e-06 4.875411782311425e-06 0.0 -5.964331469755061e-06 5.657900326653687e-06 0.0 -7.487384866452367e-06 6.39053400424603e-06 0.0 -9.153228093326479e-06 7.064269642934673e-06 0.0 -1.094907866925873e-05 7.673411340383522e-06 0.0 -1.286148807224461e-05 8.214811008077123e-06 0.0 -1.487660242344408e-05 8.687210812655805e-06 0.0 -1.698037704173368e-05 9.090707616270837e-06 0.0 -1.915874415293229e-05 9.42632160921563e-06 0.0 -2.139773651988706e-05 9.695653637412157e-06 0.0 -2.368357185715273e-05 9.900617938119209e-06 0.0 -2.600270400033484e-05 1.004323895534941e-05 0.0 -2.834184722386618e-05 1.012550256229491e-05 0.0 -3.068798006984392e-05 1.014925338150085e-05 0.0 -3.302833472653004e-05 1.01161310029616e-05 0.0 -3.535037749056481e-05 1.002753880318798e-05 0.0 -3.764178523873995e-05 9.884639810438414e-06 0.0 -3.989042217565803e-05 9.688374681968622e-06 0.0 -4.208432044842318e-05 9.439497389366816e-06 0.0 -4.421166755301079e-05 9.138624670837882e-06 0.0 -4.626080281572401e-05 8.786295720774813e-06 0.0 -4.822022462825274e-05 8.383038957672108e-06 0.0 -5.007860955339156e-05 7.929443047867912e-06 0.0 -5.182484390450955e-05 7.426229668463025e-06 0.0 -5.34480679371298e-05 6.874325770152613e-06 0.0 -5.493773237540564e-05 6.274933351019569e-06 0.0 -5.62836666284547e-05 5.629594976974105e-06 0.0 -5.747615772904933e-05 4.940253485346701e-06 0.0 -5.850603874707791e-05 4.209304487757211e-06 0.0 -5.936478518922161e-05 3.439640450237848e-06 0.0 -6.004461769120613e-05 2.634685276927967e-06 0.0 -6.053860913702606e-05 1.79841846337371e-06 0.0 -6.084079419920074e-05 9.353880218061931e-07 0.0 -6.094627919277312e-05 5.071151851541059e-08 0.0 -6.085134979284918e-05 -8.499352869237259e-07 0.0 -6.055357514087195e-05 -1.76034284310087e-06 0.0 -6.005190453775637e-05 -2.673805088285924e-06 0.0 -5.934675587191544e-05 -3.583169363956992e-06 0.0 -5.844009274949977e-05 -4.480899066088531e-06 0.0 -5.733548827164738e-05 -5.359148550415902e-06 0.0 -5.603817329258533e-05 -6.20984961337646e-06 0.0 -5.455506711663965e-05 -7.02480861832601e-06 0.0 -5.289478875093761e-05 -7.795813079062766e-06 0.0 -5.106764702648805e-05 -8.51474625701894e-06 0.0 -4.908560813605201e-05 -9.173708084068894e-06 0.0 -4.696223941290021e-05 -9.76514050075033e-06 0.0 -4.471262848870084e-05 -1.028195511210983e-05 0.0 -4.235327731812774e-05 -1.071766092369815e-05 0.0 -3.990197093707415e-05 -1.106648984244224e-05 0.0 -3.737762122320365e-05 -1.132351762541823e-05 0.0 -3.480008634240311e-05 -1.148477804787572e-05 0.0 -3.218996698094943e-05 -1.154736825335212e-05 0.0 -2.956838086768023e-05 -1.150954355515343e-05 0.0 -2.695671746906172e-05 -1.137080038976952e-05 0.0 -2.437637507880543e-05 -1.113194668641338e-05 0.0 -2.184848281024704e-05 -1.079515961731584e-05 0.0 -1.93936102253053e-05 -1.036403153149752e-05 0.0 -1.703146749583733e-05 -9.84360584672929e-06 0.0 -1.478059909804868e-05 -9.240405770505324e-06 0.0 -1.265807410710327e-05 -8.562459922960773e-06 0.0 -1.067917622123808e-05 -7.819330212629138e-06 0.0 -8.857096752886808e-06 -7.022148622366694e-06 0.0 -7.202634042076606e-06 -6.18367082684803e-06 0.0 -5.723903139713262e-06 -5.318355686317045e-06 0.0 -4.42606021639274e-06 -4.442480523728558e-06 0.0 -3.311046948969814e-06 -3.574302586723207e-06 0.0 -2.377360962844334e-06 -2.734277225892835e-06 0.0 -1.61985888265641e-06 -1.945343431838595e-06 0.0 -1.02959782543367e-06 -1.233288639362375e-06 0.0 -5.937163333272411e-07 -6.27210122722051e-07 0.0 -2.953299464283183e-07 -1.601069765865371e-07 0.0 -1.1326384648173e-07 1.303156638020801e-07 0.0 -2.077758720111615e-08 2.004123306976297e-07 0.0 0.0 0.0 0.0 0.0 0.0 0.0 -9.643946517058944e-08 5.560898070527206e-07 0.0 -4.575739260731333e-07 1.321512711086222e-06 0.0 -1.027279520571052e-06 2.226343708981617e-06 0.0 -1.809672837373394e-06 3.212900202341573e-06 0.0 -2.799229345633691e-06 4.235414650521653e-06 0.0 -3.987512645747985e-06 5.258150891721834e-06 0.0 -5.364471859880165e-06 6.253801259756464e-06 0.0 -6.918723182178222e-06 7.202049993755755e-06 0.0 -8.637739531866513e-06 8.088293192784823e-06 0.0 -1.050806404136888e-05 8.902516646762045e-06 0.0 -1.251553797893543e-05 9.638327142708849e-06 0.0 -1.46455223014495e-05 1.029212757100579e-05 0.0 -1.688309749861977e-05 1.086242325010459e-05 0.0 -1.921323289517797e-05 1.134924586138347e-05 0.0 -2.162092174446085e-05 1.175368154624241e-05 0.0 -2.40912821494094e-05 1.207749052290956e-05 0.0 -2.660962632894467e-05 1.232280666575692e-05 0.0 -2.916150228488239e-05 1.249190663382407e-05 0.0 -3.173271275888594e-05 1.258703921917526e-05 0.0 -3.430931669574112e-05 1.261030655848814e-05 0.0 -3.68776183994281e-05 1.256358970179864e-05 0.0 -3.942414929559401e-05 1.24485117704407e-05 0.0 -4.193564678208663e-05 1.226643258034497e-05 0.0 -4.439903411982879e-05 1.201846917674358e-05 0.0 -4.680140473456306e-05 1.170553723925956e-05 0.0 -4.913001369876552e-05 1.132840878561899e-05 0.0 -5.137227856617472e-05 1.088778203685793e-05 0.0 -5.351579115596245e-05 1.038435971222806e-05 0.0 -5.554834134140361e-05 9.81893240050336e-06 0.0 -5.745795339668746e-05 9.19246400663726e-06 0.0 -5.923293499968751e-05 8.506176598347655e-06 0.0 -6.086193857992434e-05 7.761632275692075e-06 0.0 -6.23340343394446e-05 6.960809957985512e-06 0.0 -6.363879395822668e-05 6.106175227349261e-06 0.0 -6.476638372227711e-05 5.200741588728082e-06 0.0 -6.570766557842469e-05 4.248121705525228e-06 0.0 -6.645430442131271e-05 3.252567352321433e-06 0.0 -6.699887975175186e-05 2.218996996575246e-06 0.0 -6.733499970873852e-05 1.153010085360039e-06 0.0 -6.745741537309351e-05 6.088727595310342e-08 0.0 -6.736213299815415e-05 -1.050423976711387e-06 0.0 -6.704652234780632e-05 -2.173339251521999e-06 0.0 -6.65094179933537e-05 -3.299682182712091e-06 0.0 -6.575121199622098e-05 -4.420744367159937e-06 0.0 -6.477393533677143e-05 -5.527360321174054e-06 0.0 -6.358132584950924e-05 -6.609996931229951e-06 0.0 -6.217888043914931e-05 -7.65885663274901e-06 0.0 -6.057388943354015e-05 -8.663993263073012e-06 0.0 -5.877545106030849e-05 -9.615439238685973e-06 0.0 -5.679446420366518e-05 -1.050334241034233e-05 0.0 -5.464359780983027e-05 -1.131811066317205e-05 0.0 -5.233723556611341e-05 -1.205056206422253e-05 0.0 -4.98913947803879e-05 -1.269207813114033e-05 0.0 -4.732361873331334e-05 -1.323475761803022e-05 0.0 -4.465284216189411e-05 -1.367156810411272e-05 0.0 -4.189922995417866e-05 -1.399649264414713e-05 0.0 -3.908398958307012e-05 -1.420466881290319e-05 0.0 -3.622915827200945e-05 -1.429251766440305e-05 0.0 -3.335736635449731e-05 -1.425786044348711e-05 0.0 -3.049157874965603e-05 -1.410002134299528e-05 0.0 -2.765481691383054e-05 -1.381991520131588e-05 0.0 -2.486986403153333e-05 -1.342011978435271e-05 0.0 -2.215895656911429e-05 -1.290493318937642e-05 0.0 -1.954346562822959e-05 -1.22804179348585e-05 0.0 -1.704357180836836e-05 -1.15544344404594e-05 0.0 -1.467793753354646e-05 -1.07366678240607e-05 0.0 -1.246338104467044e-05 -9.838653203686503e-06 0.0 -1.041455654400889e-05 -8.87380593080062e-06 0.0 -8.543645346628974e-06 -7.857464320140387e-06 0.0 -6.860063388011846e-06 -6.80695338951005e-06 0.0 -5.370191081966337e-06 -5.741678794415869e-06 0.0 -4.077132306670507e-06 -4.683260496736236e-06 0.0 -2.980510155024295e-06 -3.655715835437351e-06 0.0 -2.07630786295663e-06 -2.685701947626107e-06 0.0 -1.356763387489886e-06 -1.802828826732905e-06 0.0 -8.103211551890692e-07 -1.040058542804432e-06 0.0 -4.216051536795998e-07 -4.34217327074011e-07 0.0 -1.711205107520271e-07 -2.667924425633631e-08 0.0 -3.325655579100156e-08 1.356148744231494e-07 0.0 0.0 0.0 0.0 0.0 0.0 0.0 -1.138265907701958e-07 8.092533800624831e-07 0.0 -5.376864463442563e-07 1.817541808531093e-06 0.0 -1.199977846967094e-06 2.955700868416257e-06 0.0 -2.101202779000351e-06 4.165938788474272e-06 0.0 -3.231426036788866e-06 5.401826283414243e-06 0.0 -4.578278860092563e-06 6.62669144269191e-06 0.0 -6.128434916801887e-06 7.812214777587202e-06 0.0 -7.867830260041656e-06 8.937124641763015e-06 0.0 -9.78175134544525e-06 9.985997092552306e-06 0.0 -1.185494757004695e-05 1.094817394757227e-05 0.0 -1.407176919393754e-05 1.181680546820942e-05 0.0 -1.641631272974914e-05 1.258801711444877e-05 0.0 -1.887255866906218e-05 1.326019516518044e-05 0.0 -2.1424491653216e-05 1.38333833152164e-05 0.0 -2.405619777777666e-05 1.430878104914219e-05 0.0 -2.675193724151309e-05 1.468833416009952e-05 0.0 -2.949619308951184e-05 1.497440787139607e-05 0.0 -3.227369851961352e-05 1.516953339000098e-05 0.0 -3.506944628937895e-05 1.527621922277835e-05 0.0 -3.786868432717718e-05 1.529681913202332e-05 0.0 -4.065690184177262e-05 1.523344915226153e-05 0.0 -4.341981014220538e-05 1.508794661705651e-05 0.0 -4.614332210487443e-05 1.486186464861233e-05 0.0 -4.881353382092934e-05 1.455649604652352e-05 0.0 -5.141671147344754e-05 1.417292097904505e-05 0.0 -5.393928596813682e-05 1.371207333380714e-05 0.0 -5.636785730211522e-05 1.317482102614845e-05 0.0 -5.868921012407196e-05 1.256205599131948e-05 0.0 -6.089034143129675e-05 1.187478999923634e-05 0.0 -6.295850087534065e-05 1.111425282382894e-05 0.0 -6.488124371513453e-05 1.028198966972171e-05 0.0 -6.664649606770316e-05 9.379955103897592e-06 0.0 -6.824263176303983e-05 8.410601057055863e-06 0.0 -6.965855981011454e-05 7.376956747923003e-06 0.0 -7.08838212227667e-05 6.28269864475023e-06 0.0 -7.190869373378677e-05 5.132208814175662e-06 0.0 -7.272430273868176e-05 3.930620222546463e-06 0.0 -7.33227366531812e-05 2.68384775386782e-06 0.0 -7.36971647365379e-05 1.398603897697081e-06 0.0 -7.384195532349659e-05 8.239824457120139e-08 0.0 -7.375279228763325e-05 -1.256479879089181e-06 0.0 -7.342678752744592e-05 -2.608996541133106e-06 0.0 -7.286258715354326e-05 -3.96542584751002e-06 0.0 -7.206046894562769e-05 -5.315419753693133e-06 0.0 -7.102242893669741e-05 -6.648095257904071e-06 0.0 -6.975225467751999e-05 -7.952138393677929e-06 0.0 -6.825558289179264e-05 -9.21592419855147e-06 0.0 -6.653993925819242e-05 -1.042765151375046e-05 0.0 -6.461475814841438e-05 -1.157549113494526e-05 0.0 -6.249138028434946e-05 -1.264774549487988e-05 0.0 -6.018302645788022e-05 -1.363301772561223e-05 0.0 -5.770474568793032e-05 -1.452038763446314e-05 0.0 -5.507333647444318e-05 -1.529959184899019e-05 0.0 -5.230724014909068e-05 -1.596120515962269e-05 0.0 -4.942640571663054e-05 -1.649681993254747e-05 0.0 -4.645212602520495e-05 -1.689922039913435e-05 0.0 -4.340684559193946e-05 -1.716254867048345e-05 0.0 -4.031394093262122e-05 -1.72824594941359e-05 0.0 -3.719747478923793e-05 -1.725626107978899e-05 0.0 -3.408192620322205e-05 -1.70830397835296e-05 0.0 -3.099189893115509e-05 -1.676376706221206e-05 0.0 -2.795181122999234e-05 -1.630138789135529e-05 0.0 -2.498557053964171e-05 -1.57008907736534e-05 0.0 -2.211623705561531e-05 -1.496936053378211e-05 0.0 -1.936568061369024e-05 -1.411601627044013e-05 0.0 -1.675423571056834e-05 -1.31522380775451e-05 0.0 -1.430035987698133e-05 -1.209158739819128e-05 0.0 -1.202030102842177e-05 -1.094982706805683e-05 0.0 -9.927779874950007e-06 -9.744948158288952e-06 0.0 -8.033694006991284e-06 -8.497211556647626e-06 0.0 -6.345850915604545e-06 -7.229212759519131e-06 0.0 -4.868737974674533e-06 -5.965978564404395e-06 0.0 -3.603338328032612e-06 -4.735104332666953e-06 0.0 -2.547002643581111e-06 -3.566940486851147e-06 0.0 -1.693387038593836e-06 -2.49483740820308e-06 0.0 -1.032460752442125e-06 -1.555459768128972e-06 0.0 -5.505303261184648e-07 -7.891868288493761e-07 0.0 -2.298589447369306e-07 -2.40636234988952e-07 0.0 -4.585023682271778e-08 4.056211019856392e-08 0.0 0.0 0.0 0.0 0.0 0.0 0.0 -1.307705340194458e-07 1.10393838885832e-06 0.0 -6.159559957052709e-07 2.390173157945361e-06 0.0 -1.369181049681718e-06 3.790895897597631e-06 0.0 -2.3875569272628e-06 5.248939922317736e-06 0.0 -3.656841136563856e-06 6.717971174333093e-06 0.0 -5.160726373497587e-06 8.161094558819158e-06 0.0 -6.882532371232618e-06 9.549611401933802e-06 0.0 -8.805399704492546e-06 1.086183240543689e-05 0.0 -1.091230351365548e-05 1.208195603562162e-05 0.0 -1.318608409095706e-05 1.319903312832134e-05 0.0 -1.560950663623349e-05 1.420603132267494e-05 0.0 -1.816533667313803e-05 1.509900544094369e-05 0.0 -2.083641769849601e-05 1.58763744184824e-05 0.0 -2.360574143259862e-05 1.653830169724533e-05 0.0 -2.64565047912696e-05 1.708617367223841e-05 0.0 -2.937215078473971e-05 1.752216941576219e-05 0.0 -3.233639290864653e-05 1.784891418519078e-05 0.0 -3.533322429684996e-05 1.80692089198505e-05 0.0 -3.834691405271633e-05 1.818582789627363e-05 0.0 -4.13619938672586e-05 1.820137683813186e-05 0.0 -4.436323836426957e-05 1.811820400574186e-05 0.0 -4.733564266828624e-05 1.793835708424295e-05 0.0 -5.026440054232749e-05 1.766357902925988e-05 0.0 -5.313488614828119e-05 1.729533640264174e-05 0.0 -5.593264209215102e-05 1.683487413122089e-05 0.0 -5.864337596819643e-05 1.628329104210741e-05 0.0 -6.125296714122088e-05 1.56416309621899e-05 0.0 -6.37474850287683e-05 1.491098460989304e-05 0.0 -6.611321968263005e-05 1.409259794593047e-05 0.0 -6.833672503452999e-05 1.318798307880857e-05 0.0 -7.04048747724253e-05 1.219902823277254e-05 0.0 -7.230493045612204e-05 1.11281036744989e-05 0.0 -7.40246211654018e-05 9.97816085555615e-06 0.0 -7.555223369972053e-05 8.752822357896086e-06 0.0 -7.68767121130769e-05 7.456460528963527e-06 0.0 -7.798776516688672e-05 6.094262963082481e-06 0.0 -7.887598011289569e-05 4.672283230165662e-06 0.0 -7.953294107216831e-05 3.197475476640847e-06 0.0 -7.995135014979109e-05 1.677711733018092e-06 0.0 -8.012514930859708e-05 1.217809630262652e-07 0.0 -8.004964104420632e-05 -1.460630902564854e-06 0.0 -7.972160523609361e-05 -3.058980976388168e-06 0.0 -7.913941080102426e-05 -4.661929262247228e-06 0.0 -7.83031187787271e-05 -6.257417971393646e-06 0.0 -7.721457525128913e-05 -7.832770561646489e-06 0.0 -7.587749143834872e-05 -9.374809952206951e-06 0.0 -7.4297508598315e-05 -1.086999507423552e-05 0.0 -7.248224532858256e-05 -1.230457456312171e-05 0.0 -7.04413249022674e-05 -1.366475602423957e-05 0.0 -6.818638036814527e-05 -1.493688891876993e-05 0.0 -6.573103528091455e-05 -1.610765873092034e-05 0.0 -6.30908581280466e-05 -1.716428970677488e-05 0.0 -6.028328878329883e-05 -1.809475311508256e-05 0.0 -5.732753564943254e-05 -1.888797769097621e-05 0.0 -5.424444255519117e-05 -1.953405870612746e-05 0.0 -5.105632494244932e-05 -2.002446198535173e-05 0.0 -4.778677541351008e-05 -2.035221918222524e-05 0.0 -4.446043929718809e-05 -2.05121107555121e-05 0.0 -4.110276152368831e-05 -2.050083337190964e-05 0.0 -3.773970675785329e-05 -2.031714891212371e-05 0.0 -3.439745541191817e-05 -1.996201288370826e-05 0.0 -3.110207882602267e-05 -1.943868084460855e-05 0.0 -2.787919755232386e-05 -1.875279240535115e-05 0.0 -2.475362729487162e-05 -1.791243348329216e-05 0.0 -2.174901763583397e-05 -1.692817869426225e-05 0.0 -1.888748921926324e-05 -1.581311703623976e-05 0.0 -1.618927557400746e-05 -1.458286528286762e-05 0.0 -1.367237625270036e-05 -1.325557468510703e-05 0.0 -1.135222846562466e-05 -1.185193759138718e-05 0.0 -9.241404923778591e-06 -1.039520135388125e-05 0.0 -7.349346208645612e-06 -8.911197318513347e-06 0.0 -5.682136703824128e-06 -7.428392761383427e-06 0.0 -4.24233401577368e-06 -5.977973355147884e-06 0.0 -3.028862831938663e-06 -4.593963217261068e-06 0.0 -2.03698416804933e-06 -3.313388959570766e-06 0.0 -1.258341150350924e-06 -2.17649370346871e-06 0.0 -6.810061398492709e-07 -1.227008315609957e-06 0.0 -2.889729985194786e-07 -5.125018587628084e-07 0.0 -5.845475079631509e-08 -8.49159072394786e-08 0.0 0.0 0.0 0.0 0.0 0.0 0.0 -1.472271241762308e-07 1.439020791428543e-06 0.0 -6.921200507361825e-07 3.037680317043566e-06 0.0 -1.534203018608373e-06 4.729958727537777e-06 0.0 -2.667421520041822e-06 6.4598901049018e-06 0.0 -4.073374353818232e-06 8.181865251652736e-06 0.0 -5.731874244753185e-06 9.859388884321667e-06 0.0 -7.62287676728895e-06 1.14639612693739e-05 0.0 -9.726673843658957e-06 1.297398785358784e-05 0.0 -1.202385558161851e-05 1.437372762378053e-05 0.0 -1.449527613801306e-05 1.565230389163908e-05 0.0 -1.712204740666567e-05 1.68027951876542e-05 0.0 -1.988555209332626e-05 1.782141678418087e-05 0.0 -2.276746533255226e-05 1.870679766917375e-05 0.0 -2.574977637028704e-05 1.945935362847647e-05 0.0 -2.881480467337104e-05 2.00807541650334e-05 0.0 -3.194520733813128e-05 2.057347898213201e-05 0.0 -3.512397670252929e-05 2.09404584330254e-05 0.0 -3.83344286142134e-05 2.118479149841543e-05 0.0 -4.15601829109182e-05 2.1309534355918e-05 0.0 -4.47851383887214e-05 2.131755235362814e-05 0.0 -4.799344493196122e-05 2.121142812692421e-05 0.0 -5.116947561919958e-05 2.099341865975201e-05 0.0 -5.429780156077298e-05 2.066545425945866e-05 0.0 -5.736317201701409e-05 2.022917266711724e-05 0.0 -6.035050203687607e-05 1.968598184703663e-05 0.0 -6.324486948210785e-05 1.903714537555457e-05 0.0 -6.603152289321162e-05 1.828388476658114e-05 0.0 -6.869590123477732e-05 1.742749351607461e-05 0.0 -7.122366614829125e-05 1.646945810625157e-05 0.0 -7.360074695383269e-05 1.54115816700512e-05 0.0 -7.58133982872932e-05 1.425610646561708e-05 0.0 -7.78482699419945e-05 1.300583173957718e-05 0.0 -7.969248820461331e-05 1.166422395924551e-05 0.0 -8.133374773420149e-05 1.023551676269815e-05 0.0 -8.276041282677555e-05 8.724798309891055e-06 0.0 -8.396162673190667e-05 7.13808401814848e-06 0.0 -8.492742753648105e-05 5.482372934455478e-06 0.0 -8.564886899819751e-05 3.765686240071921e-06 0.0 -8.611814459089547e-05 1.997086606589719e-06 0.0 -8.63287128979679e-05 1.866773323569163e-07 0.0 -8.627542265797682e-05 -1.654419597949605e-06 0.0 -8.59546344204479e-05 -3.514107678048829e-06 0.0 -8.536433843620161e-05 -5.379382197343375e-06 0.0 -8.450426447887354e-05 -7.236418343508188e-06 0.0 -8.337598251429266e-05 -9.07068136925467e-06 0.0 -8.198299137646282e-05 -1.086705839197873e-05 0.0 -8.033079297350809e-05 -1.261001102060632e-05 0.0 -7.842694944713511e-05 -1.428374761921763e-05 0.0 -7.628112069466433e-05 -1.587241360261389e-05 0.0 -7.390507969698637e-05 -1.736029772397707e-05 0.0 -7.131270318742929e-05 -1.873205187039266e-05 0.0 -6.851993535610759e-05 -1.997292144330442e-05 0.0 -6.554472252120593e-05 -2.10689829866406e-05 0.0 -6.240691702001893e-05 -2.200738535726321e-05 0.0 -5.912814898264409e-05 -2.277659043488793e-05 0.0 -5.573166515056038e-05 -2.33666091675167e-05 0.0 -5.224213448728455e-05 -2.376922866972317e-05 0.0 -4.86854209908081e-05 -2.397822615945244e-05 0.0 -4.508832484516131e-05 -2.398956575575998e-05 0.0 -4.147829382493918e-05 -2.380157458132138e-05 0.0 -3.7883107672714e-05 -2.341509522845135e-05 0.0 -3.433053898406679e-05 -2.283361245513316e-05 0.0 -3.08479949376294e-05 -2.206335296596622e-05 0.0 -2.746214497909009e-05 -2.111335827638632e-05 0.0 -2.41985402934552e-05 -1.9995531916585e-05 0.0 -2.108123156942434e-05 -1.872466354832193e-05 0.0 -1.81323921708861e-05 -1.731843387219864e-05 0.0 -1.537195438843402e-05 -1.579740541069902e-05 0.0 -1.281726696212601e-05 -1.418500527028879e-05 0.0 -1.04827825691604e-05 -1.250750671925693e-05 0.0 -8.379784494110792e-06 -1.079401678002422e-05 0.0 -6.51616230114022e-06 -9.076476956939726e-06 0.0 -4.896247067850401e-06 -7.389683657495017e-06 0.0 -3.520717497537756e-06 -5.771333781183461e-06 0.0 -2.386587394419891e-06 -4.262099294191838e-06 0.0 -1.487271345646771e-06 -2.905732418878101e-06 0.0 -8.126288646072047e-07 -1.749201834510534e-06 0.0 -3.482937422717133e-07 -8.428722445937571e-07 0.0 -7.104104919732354e-08 -2.408209251467892e-07 0.0 0.0 0.0 0.0 0.0 0.0 0.0 -1.631708889770466e-07 1.813289504216752e-06 0.0 -7.660158326914433e-07 3.758078946037074e-06 0.0 -1.69459130844241e-06 5.770465853000717e-06 0.0 -2.939889776311846e-06 7.796147853920899e-06 0.0 -4.479522456250947e-06 9.790769887051398e-06 0.0 -6.289522918143944e-06 1.171878107079357e-05 0.0 -8.346522513169154e-06 1.35524043502217e-05 0.0 -1.06279611471968e-05 1.527061991147042e-05 0.0 -1.311201449775859e-05 1.685817108908248e-05 0.0 -1.577750971233627e-05 1.830461658744841e-05 0.0 -1.860386424006552e-05 1.960344838202644e-05 0.0 -2.157104449930087e-05 2.0751288312929e-05 0.0 -2.465953651444932e-05 2.174717095719592e-05 0.0 -2.785032173330047e-05 2.25919161295342e-05 0.0 -3.112485317908465e-05 2.328759115647316e-05 0.0 -3.446502898422493e-05 2.383706068997701e-05 0.0 -3.785316197900623e-05 2.424362008958713e-05 0.0 -4.127194531041867e-05 2.451070715798766e-05 0.0 -4.470441504096089e-05 2.464168614885252e-05 0.0 -4.81339113471635e-05 2.463969739308638e-05 0.0 -5.154404033960915e-05 2.450756554880624e-05 0.0 -5.491863870301802e-05 2.424775932749635e-05 0.0 -5.82417433506075e-05 2.38623955511028e-05 0.0 -6.149756814378932e-05 2.335328052682171e-05 0.0 -6.467048948515873e-05 2.272198196611928e-05 0.0 -6.774504228388968e-05 2.196992500191568e-05 0.0 -7.070592744718725e-05 2.109850625327611e-05 0.0 -7.353803169319237e-05 2.010922033109784e-05 0.0 -7.622646012829802e-05 1.90037936524223e-05 0.0 -7.875658169888477e-05 1.778432091749094e-05 0.0 -8.111408732311041e-05 1.645340008661587e-05 0.0 -8.328506023761818e-05 1.501426215986447e-05 0.0 -8.525605785836363e-05 1.347089250088673e-05 0.0 -8.701420425280727e-05 1.182814084960971e-05 0.0 -8.854729214880504e-05 1.009181753301499e-05 0.0 -8.984389325833789e-05 8.26877370811077e-06 0.0 -9.089347556537319e-05 6.366963758844216e-06 0.0 -9.168652610944238e-05 4.395488223992665e-06 0.0 -9.221467768210659e-05 2.364615862940128e-06 0.0 -9.247083771622843e-05 2.857836769575989e-07 0.0 -9.244931796463368e-05 -1.828426086665273e-06 0.0 -9.214596155095754e-05 -3.96433320392924e-06 0.0 -9.155826797005631e-05 -6.107231197303966e-06 0.0 -9.068551092853015e-05 -8.241483176750537e-06 0.0 -8.952884832999614e-05 -1.03506420789493e-05 0.0 -8.809142145334872e-05 -1.241759508876956e-05 0.0 -8.637844070376179e-05 -1.442473153283336e-05 0.0 -8.439725516460121e-05 -1.635413312142009e-05 0.0 -8.215740309363357e-05 -1.818778495931077e-05 0.0 -7.967064047549462e-05 -1.990780525705334e-05 0.0 -7.695094477506035e-05 -2.149669116273565e-05 0.0 -7.401449114729306e-05 -2.293757761646723e-05 0.0 -7.087959856152363e-05 -2.4214505625845e-05 0.0 -6.75666436028768e-05 -2.531269589531194e-05 0.0 -6.409794012817024e-05 -2.621882334347876e-05 0.0 -6.049758348130288e-05 -2.692128774036116e-05 0.0 -5.67912586119836e-05 -2.741047552200082e-05 0.0 -5.300601218413773e-05 -2.767900782282287e-05 0.0 -4.916998959326243e-05 -2.772196993269414e-05 0.0 -4.53121387167846e-05 -2.753711775650298e-05 0.0 -4.146188317491652e-05 -2.712505744127396e-05 0.0 -3.764876885510397e-05 -2.648939514043522e-05 0.0 -3.390208842279903e-05 -2.563685489452907e-05 0.0 -3.025048947726557e-05 -2.457736379460638e-05 0.0 -2.672157288832626e-05 -2.332410491412567e-05 0.0 -2.334148864802689e-05 -2.189353988537886e-05 0.0 -2.013453727651697e-05 -2.030540437862811e-05 0.0 -1.712278542898182e-05 -1.858268102322638e-05 0.0 -1.432570486561516e-05 -1.675155538664886e-05 0.0 -1.175984438772095e-05 -1.484136139161071e-05 0.0 -9.438544744720818e-06 -1.288452289700297e-05 0.0 -7.371706930687176e-06 -1.091649799476281e-05 0.0 -5.565624751641115e-06 -8.975731784028866e-06 0.0 -4.022892828187587e-06 -7.103621864598618e-06 0.0 -2.742399225956969e-06 -5.344498407818133e-06 0.0 -1.719394111468736e-06 -3.745617426953253e-06 0.0 -9.455089520166974e-07 -2.357163457205346e-06 0.0 -4.078956707051097e-07 -1.232269151244317e-06 0.0 -8.363247246243729e-08 -4.271416378677128e-07 0.0 0.0 0.0 0.0 0.0 0.0 0.0 -1.7858550187543e-07 2.225482018756544e-06 0.0 -8.375340990755686e-07 4.549211860752755e-06 0.0 -1.850028281200886e-06 6.90966958208254e-06 0.0 -3.204302850060767e-06 9.25460063099571e-06 0.0 -4.874161903022476e-06 1.154135663410607e-05 0.0 -6.831987478668076e-06 1.373581018907241e-05 0.0 -9.051162741207961e-06 1.581138050858977e-05 0.0 -1.150631108113648e-05 1.774806828974296e-05 0.0 -1.417320134670752e-05 1.953150523008737e-05 0.0 -1.702862505623423e-05 2.11520404292545e-05 0.0 -2.005029013074922e-05 2.260388303069766e-05 0.0 -2.321673268764544e-05 2.388431511628376e-05 0.0 -2.650724206188141e-05 2.499298397706744e-05 0.0 -2.990179419973921e-05 2.593127884425536e-05 0.0 -3.338098970473238e-05 2.670179393060051e-05 0.0 -3.692599410734781e-05 2.730787708529743e-05 0.0 -4.05184791263906e-05 2.775326138470213e-05 0.0 -4.414056469978364e-05 2.804177546290357e-05 0.0 -4.777476235312918e-05 2.817712724625711e-05 0.0 -5.140392104114204e-05 2.816275492907012e-05 0.0 -5.501117695427237e-05 2.800173846371207e-05 0.0 -5.857990895532953e-05 2.769676449888424e-05 0.0 -6.209370132925435e-05 2.725013755352676e-05 0.0 -6.553631542592197e-05 2.66638302340804e-05 0.0 -6.889167158295379e-05 2.593956546477089e-05 0.0 -7.214384246257659e-05 2.507892398004161e-05 0.0 -7.527705864966849e-05 2.408347070102118e-05 0.0 -7.827572705914294e-05 2.295489405981639e-05 0.0 -8.112446240708086e-05 2.169515282286165e-05 0.0 -8.38081317242837e-05 2.030662547522719e-05 0.0 -8.63119116415544e-05 1.879225774150435e-05 0.0 -8.862135795734301e-05 1.715570431834197e-05 0.0 -9.072248681118189e-05 1.540146136507185e-05 0.0 -9.260186662835937e-05 1.353498673215965e-05 0.0 -9.424671986794663e-05 1.156280529648391e-05 0.0 -9.564503349129221e-05 9.49259711565029e-06 0.0 -9.678567696400246e-05 7.333266412331543e-06 0.0 -9.765852650285158e-05 5.09498965883916e-06 0.0 -9.825459417087487e-05 2.789241259191062e-06 0.0 -9.856616027428869e-05 4.287955280287009e-07 0.0 -9.85869079670592e-05 -1.972296139776468e-06 0.0 -9.831205637006319e-05 -4.398754258332893e-06 0.0 -9.773849356673924e-05 -6.834146975983725e-06 0.0 -9.686490384895994e-05 -9.260992266939904e-06 0.0 -9.569188865403057e-05 -1.166088683886454e-05 0.0 -9.422207826333678e-05 -1.401466187429311e-05 0.0 -9.246023145223611e-05 -1.630256506266285e-05 0.0 -9.041332010119973e-05 -1.850446793945833e-05 0.0 -8.809059561133909e-05 -2.060009705169242e-05 0.0 -8.550363385817936e-05 -2.256928692145235e-05 0.0 -8.266635537948488e-05 -2.43922521924566e-05 0.0 -7.95950175440038e-05 -2.604987573487856e-05 0.0 -7.630817560579305e-05 -2.752400887338026e-05 0.0 -7.282660982854001e-05 -2.879777931998084e-05 0.0 -6.917321627745101e-05 -2.985590186919937e-05 0.0 -6.537285942923703e-05 -3.068498648325698e-05 0.0 -6.145218544378024e-05 -3.127383809692177e-05 0.0 -5.743939576758101e-05 -3.161374234106027e-05 0.0 -5.336398168511354e-05 -3.169873145401582e-05 0.0 -4.925642147857308e-05 -3.152582494717006e-05 0.0 -4.514784297141387e-05 -3.109524013263558e-05 0.0 -4.106965538345531e-05 -3.041056841161972e-05 0.0 -3.705315557851963e-05 -2.947891425083688e-05 0.0 -3.312911490162392e-05 -2.831099501292845e-05 0.0 -2.932735384503283e-05 -2.692120120736173e-05 0.0 -2.567631271835778e-05 -2.532761822311497e-05 0.0 -2.220262730148073e-05 -2.355201210706598e-05 0.0 -1.893071911389263e-05 -2.16197833592769e-05 0.0 -1.588241043555961e-05 -1.955989391250749e-05 0.0 -1.307657457275499e-05 -1.740477332472127e-05 0.0 -1.052883210405212e-05 -1.519021061348077e-05 0.0 -8.251304005435804e-06 -1.295523797263628e-05 0.0 -6.252432642565012e-06 -1.074201170322115e-05 0.0 -4.536881296558005e-06 -8.595693917678946e-06 0.0 -3.105519638571545e-06 -6.564335795325637e-06 0.0 -1.955480562382401e-06 -4.698759462267526e-06 0.0 -1.080136803192543e-06 -3.052432871998772e-06 0.0 -4.680295246690035e-07 -1.681343847497238e-06 0.0 -9.628951768932176e-08 -6.439641115567073e-07 0.0 0.0 0.0 0.0 0.0 0.0 0.0 -1.934581741398891e-07 2.674300722567877e-06 0.0 -9.065905003583626e-07 5.408796417619508e-06 0.0 -2.000267392490363e-06 8.144577748228323e-06 0.0 -3.460143677275332e-06 1.083176881865606e-05 0.0 -5.256399030404738e-06 1.342982300029933e-05 0.0 -7.35790829156698e-06 1.59064622175272e-05 0.0 -9.734908166609437e-06 1.82367313238912e-05 0.0 -1.235927084155968e-05 2.040206402363808e-05 0.0 -1.520439603592405e-05 2.238936206305409e-05 0.0 -1.82450587288635e-05 2.419010741423972e-05 0.0 -2.145726592159204e-05 2.579952567904177e-05 0.0 -2.481812832018264e-05 2.721581462840909e-05 0.0 -2.83057449747663e-05 2.843944755897333e-05 0.0 -3.189909799467994e-05 2.947255746745592e-05 0.0 -3.557795490278982e-05 3.031840494952178e-05 0.0 -3.932277693911228e-05 3.098093017175495e-05 0.0 -4.311463240304223e-05 3.14643871776032e-05 0.0 -4.693511482844817e-05 3.177305710819129e-05 0.0 -5.076626636454792e-05 3.191103559368264e-05 0.0 -5.45905071653615e-05 3.188208855694609e-05 0.0 -5.839057186884191e-05 3.168956993342936e-05 0.0 -6.21494543839671e-05 3.133639431988531e-05 0.0 -6.585036221895989e-05 3.082505729372131e-05 0.0 -6.947668149977202e-05 3.015769606915161e-05 0.0 -7.301195367002934e-05 2.933618325060421e-05 0.0 -7.643986465624076e-05 2.836224668148968e-05 0.0 -7.97442470475307e-05 2.723760873989805e-05 0.0 -8.290909559657299e-05 2.596413887386287e-05 0.0 -8.591859611304907e-05 2.454401366956985e-05 0.0 -8.875716760396209e-05 2.297987927962321e-05 0.0 -9.1409517323519e-05 2.127501158086931e-05 0.0 -9.38607082321469e-05 1.943346996122291e-05 0.0 -9.609623822912878e-05 1.746024113533127e-05 0.0 -9.810213041293558e-05 1.536136984707927e-05 0.0 -9.986503353182027e-05 1.314407372486897e-05 0.0 -0.000101372331707115 1.081683990990379e-05 0.0 -0.0001026122624343048 8.389501379336786e-06 0.0 -0.0001035740417826734 5.873291139987768e-06 0.0 -0.0001042479956127238 3.280872682505346e-06 0.0 -0.0001046256954691078 6.263452689997255e-07 0.0 -0.0001047000983639091 -2.074777205477968e-06 0.0 -0.0001044656866562912 -4.805615196323743e-06 0.0 -0.0001039186098511941 -7.548001484077439e-06 0.0 -0.000103056822669822 -1.028258797783351e-05 0.0 -0.000101880218564322 -1.298898152402209e-05 0.0 -0.0001003907559772876 -1.564590930906253e-05 0.0 -9.859257428933033e-05 -1.823141356036635e-05 0.0 -9.649209623012948e-05 -2.072307478678061e-05 0.0 -9.409811326695435e-05 -2.309826226153718e-05 0.0 -9.142185028384803e-05 -2.533440984128459e-05 0.0 -8.847700574207786e-05 -2.74093145442979e-05 0.0 -8.527976348984525e-05 -2.930145459634308e-05 0.0 -8.18487724892039e-05 -3.099032291802943e-05 0.0 -7.820509097094162e-05 -3.245677130367677e-05 0.0 -7.437209193001919e-05 -3.368335986558128e-05 0.0 -7.037532744550463e-05 -3.465470573055198e-05 0.0 -6.624235005306726e-05 -3.535782452187214e-05 0.0 -6.200249030988566e-05 -3.578245788371837e-05 0.0 -5.768659075697482e-05 -3.592138024786919e-05 0.0 -5.332669767874339e-05 -3.577067823905931e-05 0.0 -4.895571335138811e-05 -3.532999659009696e-05 0.0 -4.460701282006931e-05 -3.460274520129446e-05 0.0 -4.031403060334387e-05 -3.359626302375384e-05 0.0 -3.610982404239246e-05 -3.232193574508097e-05 0.0 -3.202662124223506e-05 -3.079526575934725e-05 0.0 -2.809536264561144e-05 -2.903589453781561e-05 0.0 -2.434524619742154e-05 -2.706757918827747e-05 0.0 -2.080328676861815e-05 -2.491812658444261e-05 0.0 -1.749390099655083e-05 -2.261928983277257e-05 0.0 -1.44385289631174e-05 -2.020663288200116e-05 0.0 -1.165530418812888e-05 -1.771936962433876e-05 0.0 -9.158783285948433e-06 -1.520018373887802e-05 0.0 -6.959746289887587e-06 -1.269503463734138e-05 0.0 -5.065077659398065e-06 -1.025295304010416e-05 0.0 -3.47773342325001e-06 -7.925826820762809e-06 0.0 -2.196773752028725e-06 -5.768173996658301e-06 0.0 -1.217283309043106e-06 -3.836897281215491e-06 0.0 -5.290738977161626e-07 -2.191027455184358e-06 0.0 -1.090992992792872e-07 -8.915505395354583e-07 0.0 0.0 0.0 0.0 0.0 0.0 0.0 -2.077762711731261e-07 3.158417692815657e-06 0.0 -9.731079431371443e-07 6.334447756925451e-06 0.0 -2.145092496754345e-06 9.471999740774144e-06 0.0 -3.706966818404604e-06 1.25238715572836e-05 0.0 -5.625467906853828e-06 1.545197075316063e-05 0.0 -7.866118172480946e-06 1.822625179334346e-05 0.0 -1.039612786982247e-05 2.082377649809221e-05 0.0 -1.318470594799685e-05 2.322779312158321e-05 0.0 -1.620294475436548e-05 2.542683218531942e-05 0.0 -1.942364498818241e-05 2.741383584272584e-05 0.0 -2.282114206083541e-05 2.918533719246059e-05 0.0 -2.637114352312527e-05 3.074070259321156e-05 0.0 -3.005057817872147e-05 3.208144647715891e-05 0.0 -3.383745588288854e-05 3.321062491483343e-05 0.0 -3.771073690377335e-05 3.413231133408055e-05 0.0 -4.165020999970576e-05 3.485115533714433e-05 0.0 -4.563637876471098e-05 3.537202346911673e-05 0.0 -4.965035620414251e-05 3.569971904142681e-05 0.0 -5.367376786203517e-05 3.583877668092918e-05 0.0 -5.768866409791612e-05 3.57933261368747e-05 0.0 -6.167744228914541e-05 3.556701901538447e-05 0.0 -6.562277981511002e-05 3.516301150558684e-05 0.0 -6.950757867116408e-05 3.458399579405984e-05 0.0 -7.331492247855415e-05 3.383227271321786e-05 0.0 -7.702804652024822e-05 3.290985821044507e-05 0.0 -8.063032126090189e-05 3.181861643074407e-05 0.0 -8.410524962038184e-05 3.056041254655134e-05 0.0 -8.743647808020308e-05 2.913727891273173e-05 0.0 -9.060782152359123e-05 2.755158864085462e-05 0.0 -9.36033015516393e-05 2.580623124399948e-05 0.0 -9.640719788535253e-05 2.39047855732451e-05 0.0 -9.900411235772393e-05 2.185168582490657e-05 0.0 -0.0001013790449194219 1.965237692315587e-05 0.0 -0.0001035174810213624 1.731345606055549e-05 0.0 -0.0001054054896902027 1.484279759919947e-05 0.0 -0.0001070298315697459 1.224965889283924e-05 0.0 -0.0001083780761524112 9.54476488591165e-06 0.0 -0.0001094387273592394 6.740369583813059e-06 0.0 -0.000110201356532634 3.85029267917091e-06 0.0 -0.0001106567417350202 8.899297722827532e-07 0.0 -0.0001107970128560253 -2.123765247762032e-06 0.0 -0.0001106157989020784 -5.172327113962127e-06 0.0 -0.0001101083792405931 -8.235857297902405e-06 0.0 -0.0001092718338782649 -1.12931333237902e-05 0.0 -0.0001081051910902775 -1.43217493331986e-05 0.0 -0.0001066095702280474 -1.729828911202498e-05 0.0 -0.0001047883163370816 -2.019853162043423e-05 0.0 -0.000102647123119228 -2.299768858676556e-05 0.0 -0.0001001941404042924 -2.567067315075298e-05 0.0 -9.744006198814364e-05 -2.819239786754375e-05 0.0 -9.439818947126508e-05 -3.053809962222918e-05 0.0 -9.108446761867335e-05 -3.268368817209925e-05 0.0 -8.751748678731667e-05 -3.460611415637472e-05 0.0 -8.371844815666704e-05 -3.628375152492089e-05 0.0 -7.971108787420562e-05 -3.769678848033042e-05 0.0 -7.552155680555947e-05 -3.882762025015361e-05 0.0 -7.117825336661614e-05 -3.966123636066044e-05 0.0 -6.671160790947336e-05 -4.018559462447811e-05 0.0 -6.215381832176208e-05 -4.039197383368926e-05 0.0 -5.753853785397516e-05 -4.027529721302213e-05 0.0 -5.290051767441877e-05 -3.983441906915177e-05 0.0 -4.827520821800163e-05 -3.907236779080769e-05 0.0 -4.369832498622392e-05 -3.799653940939085e-05 0.0 -3.920538600847308e-05 -3.661883729669708e-05 0.0 -3.483122962387045e-05 -3.495575520473071e-05 0.0 -3.060952252519761e-05 -3.302840266517353e-05 0.0 -2.657226906503024e-05 -3.08624736594742e-05 0.0 -2.274933361307117e-05 -2.848816131801008e-05 0.0 -1.916798824138312e-05 -2.594002306278047e-05 0.0 -1.585249818665581e-05 -2.325680191407605e-05 0.0 -1.282375739864014e-05 -2.04812104725064e-05 0.0 -1.009898603963808e-05 -1.765968419832184e-05 0.0 -7.691500996684407e-06 -1.484210988030275e-05 0.0 -5.610568794387806e-06 -1.208153347292151e-05 0.0 -3.8613444451817e-06 -9.433848705561666e-06 0.0 -2.444869533544012e-06 -6.957464312250096e-06 0.0 -1.357925870644685e-06 -4.712945767732544e-06 0.0 -5.915000658534054e-07 -2.762641570311371e-06 0.0 -1.221680270996223e-07 -1.170395492471936e-06 0.0 0.0 0.0 0.0 0.0 0.0 0.0 -2.215253290325839e-07 3.676472758146425e-06 0.0 -1.037005996842407e-06 7.323686828169832e-06 0.0 -2.284292388878721e-06 1.088857000059589e-05 0.0 -3.944352942876081e-06 1.432686564229132e-05 0.0 -5.980661910610066e-06 1.76032562987636e-05 0.0 -8.355550838407975e-06 2.069027810072434e-05 0.0 -1.103333670790429e-05 2.356736871389581e-05 0.0 -1.398067038531805e-05 2.62199443144902e-05 0.0 -1.716641759944698e-05 2.863850039414317e-05 0.0 -2.056146600550141e-05 3.08177500955244e-05 0.0 -2.413852634766028e-05 3.275581430392626e-05 0.0 -2.787194059033969e-05 3.445347517925686e-05 0.0 -3.173749987954495e-05 3.59135019005758e-05 0.0 -3.571227303719455e-05 3.714005460990979e-05 0.0 -3.977444572318026e-05 3.813816999094317e-05 0.0 -4.390317028557605e-05 3.89133296291063e-05 0.0 -4.807842638633583e-05 3.947111028023812e-05 0.0 -5.228089262884589e-05 3.981691342700976e-05 0.0 -5.649182956186791e-05 3.995577002534453e-05 0.0 -6.069297455306057e-05 3.989221513558273e-05 0.0 -6.486644909340274e-05 3.963022619157033e-05 0.0 -6.899467910395082e-05 3.917321797838197e-05 0.0 -7.306032877084874e-05 3.852408695471233e-05 0.0 -7.704624834245608e-05 3.768529735246004e-05 0.0 -8.093543619684054e-05 3.665900149152867e-05 0.0 -8.471101534321233e-05 3.544718693511907e-05 0.0 -8.835622437135558e-05 3.405184344842242e-05 0.0 -9.185442272120256e-05 3.247514317760167e-05 0.0 -9.518911002017167e-05 3.071962800122176e-05 0.0 -9.834395913524585e-05 2.878839858853043e-05 0.0 -0.0001013028625129861 2.668530029621984e-05 0.0 -0.0001040499913332618 2.441510161926465e-05 0.0 -0.0001065698669777275 2.198366145868685e-05 0.0 -0.0001088474443054975 1.939808196171133e-05 0.0 -0.0001108682062273243 1.666684411571933e-05 0.0 -0.0001126182690655126 1.379992363061088e-05 0.0 -0.0001140844981683358 1.080888492439662e-05 0.0 -0.0001152546332023208 7.706951239300038e-06 0.0 -0.0001161174224600901 4.509049070690106e-06 0.0 -0.0001166627653451844 1.231825203543691e-06 0.0 -0.0001168818627767704 -2.106365270594172e-06 0.0 -0.0001167673724351507 -5.485501392466867e-06 0.0 -0.0001163135698421617 -8.883972126405058e-06 0.0 -0.0001155165121259992 -1.227868570980374e-05 0.0 -0.0001143742011339019 -1.56452124371549e-05 0.0 -0.00011288674464406 -1.895796287343465e-05 0.0 -0.0001110565119242995 -2.219040196755945e-05 0.0 -0.0001088882799382402 -2.531529905400232e-05 0.0 -0.0001063893660074311 -2.83050131233319e-05 0.0 -0.0001035697423055286 -3.113181200345883e-05 0.0 -0.0001004421272185463 -3.37682232341717e-05 0.0 -9.702204838184781e-05 -3.618741345524986e-05 0.0 -9.332787213394247e-05 -3.836359208997682e-05 0.0 -8.938079424231357e-05 -4.027243402845791e-05 0.0 -8.52047870865095e-05 -4.189151494599308e-05 0.0 -8.082649905098123e-05 -4.320075188687928e-05 0.0 -7.62751026978507e-05 -4.418284086597414e-05 0.0 -7.158208935953008e-05 -4.482368255501727e-05 0.0 -6.678100910093161e-05 -4.51127866930747e-05 0.0 -6.190715652416088e-05 -4.504364574970661e-05 0.0 -5.699720458319609e-05 -4.461406862336751e-05 0.0 -5.208879038588723e-05 -4.38264658069163e-05 0.0 -4.722005881703546e-05 -4.268807850530324e-05 0.0 -4.242917164152364e-05 -4.121114562883662e-05 0.0 -3.77537914577363e-05 -3.941300435990986e-05 0.0 -3.323055138631654e-05 -3.731612202084593e-05 0.0 -2.889452262093057e-05 -3.494805914356212e-05 0.0 -2.477869287075535e-05 -3.234136581787678e-05 0.0 -2.091346923970414e-05 -2.953341541140826e-05 0.0 -1.732621918535623e-05 -2.656618143154675e-05 0.0 -1.404086287078551e-05 -2.348596445348443e-05 0.0 -1.10775294608388e-05 -2.034307648517744e-05 0.0 -8.452288647468086e-06 -1.719148971158583e-05 0.0 -6.17696633891672e-06 -1.408845511966004e-05 0.0 -4.259046342035106e-06 -1.109409400755127e-05 0.0 -2.701625580182756e-06 -8.270962182510669e-06 0.0 -1.503193106431069e-06 -5.683585296721884e-06 0.0 -6.558462192422011e-07 -3.397979352847081e-06 0.0 -1.356155476513433e-07 -1.481266063560106e-06 0.0 0.0 0.0 0.0 0.0 0.0 0.0 -2.346879963785182e-07 4.227067813508456e-06 0.0 -1.098194903164117e-06 8.3739391061883e-06 0.0 -2.417645566580716e-06 1.23907568009231e-05 0.0 -4.171880335872013e-06 1.623646584728809e-05 0.0 -6.321289299191332e-06 1.987882080629748e-05 0.0 -8.825179591567316e-06 2.329326101520361e-05 0.0 -1.16451178575491e-05 2.646193106831671e-05 0.0 -1.47453151302911e-05 2.937274295261284e-05 0.0 -1.809250615539869e-05 3.20184717008506e-05 0.0 -2.165574205965299e-05 3.439589522290842e-05 0.0 -2.540617040790353e-05 3.650499016399501e-05 0.0 -2.931681820030899e-05 3.83481937911516e-05 0.0 -3.336238256172894e-05 3.992973957871801e-05 0.0 -3.751903131375671e-05 4.125507182454556e-05 0.0 -4.176421471098817e-05 4.233034239652691e-05 0.0 -4.607648919591837e-05 4.316199062904616e-05 0.0 -5.043535381493592e-05 4.375640549017997e-05 0.0 -5.482109983883669e-05 4.411966744608999e-05 0.0 -5.921467408485471e-05 4.42573659787156e-05 0.0 -6.359755640402947e-05 4.417448748245932e-05 0.0 -6.795165175384421e-05 4.387536728587524e-05 0.0 -7.225919720979331e-05 4.33636988197809e-05 0.0 -7.650268417856323e-05 4.264259248048051e-05 0.0 -8.066479596416453e-05 4.171467650452449e-05 0.0 -8.472836071505436e-05 4.058223216023783e-05 0.0 -8.867631965536957e-05 3.924735574456555e-05 0.0 -9.249171038726467e-05 3.771214021931604e-05 0.0 -9.615766495311272e-05 3.597886979247839e-05 0.0 -9.965742227276028e-05 3.405022130999962e-05 0.0 -0.000102974354525967 3.192946693359296e-05 0.0 -0.000106092007034215 2.962067320539966e-05 0.0 -0.0001089941512066213 2.712889220911454e-05 0.0 -0.0001116648501460942 2.446034110311972e-05 0.0 -0.0001140885365558886 2.162256680386325e-05 0.0 -0.0001162501026329789 1.862459302325465e-05 0.0 -0.0001181350016712775 1.547704720491014e-05 0.0 -0.000119729361111731 1.219226515981306e-05 0.0 -0.0001210201067536212 8.784371377746492e-06 0.0 -0.0001219950977665811 5.269333098185078e-06 0.0 -0.0001226432719679576 1.664986282968705e-06 0.0 -0.0001229548012691494 -2.008968349783546e-06 0.0 -0.0001229212552571578 -5.731000581832084e-06 0.0 -0.0001225357721652642 -9.477821328685311e-06 0.0 -0.0001217932372317776 -1.322448916125428e-05 0.0 -0.0001206904624197829 -1.694455237560607e-05 0.0 -0.0001192263676740347 -2.061022953213856e-05 0.0 -0.0001174021595063833 -2.419262946237446e-05 0.0 -0.0001152215030030203 -2.766201128083359e-05 0.0 -0.0001126906827134704 -3.09880843075599e-05 0.0 -0.0001098187473051276 -3.414034700367129e-05 0.0 -0.0001066176323860826 -3.708846306191297e-05 0.0 -0.0001031022555423559 -3.980267169244967e-05 0.0 -9.929057744376147e-05 -4.22542279278891e-05 0.0 -9.520362288652874e-05 -4.441586748035531e-05 0.0 -9.086545589818726e-05 -4.626228936973255e-05 0.0 -8.630310356211539e-05 -4.777064827013741e-05 0.0 -8.154642404660934e-05 -4.892104736488081e-05 0.0 -7.662791545420625e-05 -4.969702153822739e-05 0.0 -7.158246353321089e-05 -5.008600004593181e-05 0.0 -6.644702798883126e-05 -5.007973747199955e-05 0.0 -6.126026905089116e-05 -4.967470186132983e-05 0.0 -5.606211803491178e-05 -4.887240946357068e-05 0.0 -5.08932977926909e-05 -4.767969655433898e-05 0.0 -4.579480109316267e-05 -4.61089203065753e-05 0.0 -4.080733700157533e-05 -4.417808262231967e-05 0.0 -3.597075712981848e-05 -4.191087312079703e-05 0.0 -3.132347511261634e-05 -3.933662999194517e-05 0.0 -2.690189373453129e-05 -3.649022001058103e-05 0.0 -2.273985472068801e-05 -3.341184148237348e-05 0.0 -1.886812626204443e-05 -3.014675605677135e-05 0.0 -1.531394284946878e-05 -2.6744956984572e-05 0.0 -1.210061092542015e-05 -2.326078231525277e-05 0.0 -9.247192141574493e-06 -1.975248153935624e-05 0.0 -6.768273000852697e-06 -1.628174314716814e-05 0.0 -4.673821326971663e-06 -1.291318847206521e-05 0.0 -2.969091638464744e-06 -9.713834425442892e-06 0.0 -1.654323316595472e-06 -6.752527009635598e-06 0.0 -7.226984630708145e-07 -4.09936457246576e-06 0.0 -1.495713610951972e-07 -1.82523038808452e-06 0.0 0.0 0.0 0.0 0.0 0.0 0.0 -2.472435911610854e-07 4.808759293083827e-06 0.0 -1.156572649676676e-06 9.48252795701009e-06 0.0 -2.544911955156649e-06 1.39748618209636e-05 0.0 -4.389108304228505e-06 1.824815289092044e-05 0.0 -6.64664599939209e-06 2.227350614506936e-05 0.0 -9.273978283197352e-06 2.602956273327454e-05 0.0 -1.223007193246216e-05 2.950148104246717e-05 0.0 -1.547682647254753e-05 3.267997356051172e-05 0.0 -1.897895288959947e-05 3.556038881938887e-05 0.0 -2.270375440499282e-05 3.814184615024707e-05 0.0 -2.662088866521911e-05 4.042643266094286e-05 0.0 -3.070212910968559e-05 4.241847057528971e-05 0.0 -3.492113182153332e-05 4.412386125406533e-05 0.0 -3.925321131028874e-05 4.5549510293955e-05 0.0 -4.367512751495052e-05 4.670283618444556e-05 0.0 -4.816488564665745e-05 4.759136314859724e-05 0.0 -5.270155005155217e-05 4.822239704442245e-05 0.0 -5.72650729732077e-05 4.860278159829101e-05 0.0 -6.183613887530441e-05 4.87387308158481e-05 0.0 -6.639602481208735e-05 4.863573219978507e-05 0.0 -7.092647718248559e-05 4.829851442080654e-05 0.0 -7.540960506026172e-05 4.773107235277479e-05 0.0 -7.982779015218357e-05 4.693674189963304e-05 0.0 -8.416361330004862e-05 4.591831680404034e-05 0.0 -8.839979731539664e-05 4.467819961915712e-05 0.0 -9.251916582475624e-05 4.321857922007143e-05 0.0 -9.650461771533614e-05 4.154162759703027e-05 0.0 -0.0001003391167121148 3.964970917097884e-05 0.0 -0.000104005695591154 3.754559646237558e-05 0.0 -0.0001074874745418144 3.523268658616534e-05 0.0 -0.00011076769323057 3.271521370058199e-05 0.0 -0.000113829756186483 2.999845317052455e-05 0.0 -0.0001166572912155026 2.708891378847581e-05 0.0 -0.0001192342206475639 2.399451490462551e-05 0.0 -0.0001215448453150045 2.072474573736053e-05 0.0 -0.0001235739412397196 1.729080445711586e-05 0.0 -0.0001253068690554014 1.370571485929739e-05 0.0 -0.0001267296961947179 9.984418570877316e-06 0.0 -0.0001278293318115212 6.143840782178496e-06 0.0 -0.0001285936742453398 2.20292748444448e-06 0.0 -0.0001290117709781143 -1.817347866918149e-06 0.0 -0.0001290739906988283 -5.894009455733868e-06 0.0 -0.000128772203795407 -1.000214136560634e-05 0.0 -0.0001280999761828093 -1.411498799892307e-05 0.0 -0.0001270527664340466 -1.820409212087962e-05 0.0 -0.0001256281284143437 -2.223947442014764e-05 0.0 -0.0001238259147044263 -2.618985623044034e-05 0.0 -0.0001216484767449757 -3.00229266438453e-05 0.0 -0.0001191008568381569 -3.370565459227597e-05 0.0 -0.0001161909664038365 -3.720464560863112e-05 0.0 -0.0001129297442471408 -4.0486541917958e-05 0.0 -0.0001093312880782747 -4.351846326199258e-05 0.0 -0.0001054129521822531 -4.626848445255424e-05 0.0 -0.0001011954040158163 -4.870614412113955e-05 0.0 -9.670263265950502e-05 -5.08029775407724e-05 0.0 -9.196190251656917e-05 -5.253306481423076e-05 0.0 -8.700364645857148e-05 -5.387358423589684e-05 0.0 -8.186129378714295e-05 -5.480535933788875e-05 0.0 -7.657102991090005e-05 -5.531338712430089e-05 0.0 -7.117148650305224e-05 -5.538733437731684e-05 0.0 -6.570336306219506e-05 -5.502198877230436e-05 0.0 -6.020898317573659e-05 -5.421765193344119e-05 0.0 -5.473179128936769e-05 -5.29804625370449e-05 0.0 -4.931579830502989e-05 -5.132263913123977e-05 0.0 -4.400498673863457e-05 -4.926263445089019e-05 0.0 -3.884268833598574e-05 -4.6825195583532e-05 0.0 -3.387094884218175e-05 -4.404132725723869e-05 0.0 -2.912989592912094e-05 -4.094815860442178e-05 0.0 -2.465712701079123e-05 -3.758871680077366e-05 0.0 -2.048713374700139e-05 -3.401161375613591e-05 0.0 -1.665077941263483e-05 -3.02706543045844e-05 0.0 -1.31748439673435e-05 -2.642437587258232e-05 0.0 -1.008164950470551e-05 -2.253553019247919e-05 0.0 -7.388775103567534e-06 -1.867051712584968e-05 0.0 -5.108860540570409e-06 -1.489877904774256e-05 0.0 -3.249455768639019e-06 -1.129216196505293e-05 0.0 -1.812633114404678e-06 -7.924249450894905e-06 0.0 -7.926767387248279e-07 -4.869694115681164e-06 0.0 -1.641717093730895e-07 -2.203677710979586e-06 0.0 0.0 0.0 0.0 0.0 0.0 0.0 -2.591680681393867e-07 5.420050052368818e-06 0.0 -1.212024124519961e-06 1.06466653528444e-05 0.0 -2.665829461322503e-06 1.563701442801168e-05 0.0 -4.595569026236507e-06 2.035717367550081e-05 0.0 -6.956000908767138e-06 2.478186139038243e-05 0.0 -9.700898854847516e-06 2.889319925285624e-05 0.0 -1.278678635066761e-05 3.26796446063025e-05 0.0 -1.617338758674082e-05 3.613499367100915e-05 0.0 -1.982350597946107e-05 3.92574427104074e-05 0.0 -2.370279489064387e-05 4.204871209537993e-05 0.0 -2.777950457708591e-05 4.451324025121071e-05 0.0 -3.202422492905471e-05 4.665745367860527e-05 0.0 -3.640963154658337e-05 4.84891178652695e-05 0.0 -4.091023963560297e-05 5.001677235587238e-05 0.0 -4.550216886819675e-05 5.124925163128339e-05 0.0 -5.016292150124333e-05 5.219529182067704e-05 0.0 -5.48711754311608e-05 5.286322168407192e-05 0.0 -5.96065933949397e-05 5.326073480854099e-05 0.0 -6.434964916143659e-05 5.339473860642245e-05 0.0 -6.908147125923285e-05 5.327127453060119e-05 0.0 -7.378370453623574e-05 5.289550296421691e-05 0.0 -7.843838962848338e-05 5.227174552321029e-05 0.0 -8.302786022528597e-05 5.140357704097719e-05 0.0 -8.753465785406576e-05 5.029395928337502e-05 0.0 -9.194146377354536e-05 4.89454084554906e-05 0.0 -9.623104746235654e-05 4.736018878416778e-05 0.0 -0.0001003862311258666 4.554052485881888e-05 0.0 -0.0001043898696201086 4.348882594789381e-05 0.0 -0.0001082248452092471 4.120791613662184e-05 0.0 -0.0001118740766305853 3.870126480978881e-05 0.0 -0.0001153205420345344 3.597321268985506e-05 0.0 -0.0001185473154892441 3.30291892982374e-05 0.0 -0.0001215376168812141 2.987591830440641e-05 0.0 -0.0001242748751923965 2.652160773880108e-05 0.0 -0.0001267428052775781 2.29761224541991e-05 0.0 -0.0001289254983884478 1.925113651661418e-05 0.0 -0.0001308075267772815 1.536026338910152e-05 0.0 -0.000132374062747469 1.13191618451153e-05 0.0 -0.000133611012480634 7.145615523337566e-06 0.0 -0.0001345051648381196 2.859583936772106e-06 0.0 -0.0001350443550017845 -1.516777422710046e-06 0.0 -0.0001352176448599434 -5.959128931245052e-06 0.0 -0.0001350155121351391 -1.04409970624849e-05 0.0 -0.0001344300602781417 -1.493386496723584e-05 0.0 -0.0001334552334267453 -1.940730288571355e-05 0.0 -0.0001320870413290089 -2.382914295081457e-05 0.0 -0.0001303237890457671 -2.816570090911097e-05 0.0 -0.0001281663072540524 -3.238204685369263e-05 0.0 -0.0001256181780038654 -3.644232637320189e-05 0.0 -0.0001226859498679553 -4.031013260337935e-05 0.0 -0.0001193793356027108 -4.394892851269314e-05 0.0 -0.0001157113847348896 -4.732251736190909e-05 0.0 -0.0001116986229593428 -5.03955576687025e-05 0.0 -0.0001073611499386162 -5.313411722305446e-05 0.0 -0.0001027226870970639 -5.550625879802451e-05 0.0 -9.78105673552249e-05 -5.748264826410897e-05 0.0 -9.265565949972936e-05 -5.90371739421946e-05 0.0 -8.729222105941064e-05 -6.014756433271405e-05 0.0 -8.175767516839814e-05 -6.079598995816274e-05 0.0 -7.609230892531358e-05 -6.096963407472751e-05 0.0 -7.033889315923338e-05 -6.066121656007289e-05 0.0 -6.454222621262173e-05 -5.986945546307266e-05 0.0 -5.874860724435259e-05 -5.859945157237894e-05 0.0 -5.300524751158367e-05 -5.686298294898631e-05 0.0 -4.735963095704967e-05 -5.467869864951866e-05 0.0 -4.185883804644815e-05 -5.207220376369033e-05 0.0 -3.654884900642266e-05 -4.90760312671393e-05 0.0 -3.147384425552329e-05 -4.572949986251e-05 0.0 -2.667552076911681e-05 -4.207846071537193e-05 0.0 -2.21924432772395e-05 -3.817493952374054e-05 0.0 -1.805944850144858e-05 -3.40766834130732e-05 0.0 -1.430711905766318e-05 -2.98466244524315e-05 0.0 -1.096134108345492e-05 -2.555227290390607e-05 0.0 -8.04295535183519e-06 -2.12650534733279e-05 0.0 -5.567500815136419e-06 -1.705959679580508e-05 0.0 -3.545002595017978e-06 -1.301299663241633e-05 0.0 -1.979493586829924e-06 -9.204043783623867e-06 0.0 -8.664243423111577e-07 -5.712468014504881e-06 0.0 -1.795574430515916e-07 -2.618332281599373e-06 0.0 0.0 0.0 0.0 0.0 0.0 0.0 -2.7043426765914e-07 6.05938150412209e-06 0.0 -1.264421720154596e-06 1.186344181576513e-05 0.0 -2.780113950981256e-06 1.737316349084913e-05 0.0 -4.790765506737088e-06 2.25585372660107e-05 0.0 -7.248590431288444e-06 2.739814362345035e-05 0.0 -1.01048613762045e-05 3.187784530546329e-05 0.0 -1.33138202984721e-05 3.598966362807523e-05 0.0 -1.683315840677324e-05 3.97307414736125e-05 0.0 -2.062389460208617e-05 4.310237798449692e-05 0.0 -2.465013759079857e-05 4.610913726253899e-05 0.0 -2.887881982019149e-05 4.875803568705889e-05 0.0 -3.327942423141514e-05 5.105781207415562e-05 0.0 -3.782371234551556e-05 5.301828390907938e-05 0.0 -4.248545898676301e-05 5.464979166850482e-05 0.0 -4.724019749229606e-05 5.59627319072397e-05 0.0 -5.206497827913937e-05 5.696717837369731e-05 0.0 -5.69381428886119e-05 5.767258899783336e-05 0.0 -6.183911502834478e-05 5.808759522301026e-05 0.0 -6.674820964337252e-05 5.821986888658392e-05 0.0 -7.164646064270566e-05 5.807606074454252e-05 0.0 -7.651546756782642e-05 5.766180382573523e-05 0.0 -8.133726120321849e-05 5.698177412154474e-05 0.0 -8.609418789060777e-05 5.603980068386041e-05 0.0 -9.076881211645306e-05 5.483901701999682e-05 0.0 -9.534383679732937e-05 5.338204572593351e-05 0.0 -9.980204059220919e-05 5.167120856472546e-05 0.0 -0.0001041262315260658 4.970875464097044e-05 0.0 -0.0001082992162162574 4.749709990356081e-05 0.0 -0.0001123037840503978 4.5039071882371e-05 0.0 -0.0001161227057680612 4.233815428391728e-05 0.0 -0.0001197387460422817 3.939872679213101e-05 0.0 -0.0001231346898314258 3.622629610318992e-05 0.0 -0.0001262933824662926 3.282771483386857e-05 0.0 -0.0001291977836379036 2.921138545440729e-05 0.0 -0.0001318310356434642 2.538744679081413e-05 0.0 -0.0001341765464154564 2.136794090748559e-05 0.0 -0.000136218087985368 1.716695831693632e-05 0.0 -0.0001379399111031506 1.280075947468436e-05 0.0 -0.0001393268767273375 8.287870414925695e-06 0.0 -0.0001403646050272652 3.649150184276582e-06 0.0 -0.0001410396416105247 -1.092172586627652e-06 0.0 -0.000141339645668067 -5.910495313283221e-06 0.0 -0.0001412535862815424 -1.07778754203469e-05 0.0 -0.0001407719686231393 -1.566410678548136e-05 0.0 -0.000139887066716784 -2.053683882973934e-05 0.0 -0.0001385931710048233 -2.536174223111876e-05 0.0 -0.0001368868453137259 -3.010272534508525e-05 0.0 -0.0001347671889240078 -3.4722204445991e-05 0.0 -0.0001322360983746118 -3.918143017343304e-05 0.0 -0.0001292985225427109 -4.344087162473929e-05 0.0 -0.0001259627035157933 -4.74606583054427e-05 0.0 -0.0001222403948500385 -5.120107862153556e-05 0.0 -0.0001181470480533982 -5.462313178490755e-05 0.0 -0.0001137019576173282 -5.768912794533724e-05 0.0 -0.0001089283547228658 -6.036332912169206e-05 0.0 -0.0001038534399361858 -6.261262116915825e-05 0.0 -9.850834584803805e-05 -6.440720469945446e-05 0.0 -9.292802174689704e-05 -6.572129069840883e-05 0.0 -8.715103407092035e-05 -6.653378470575469e-05 0.0 -8.121927855362013e-05 -6.682894198722828e-05 0.0 -7.517760262301668e-05 -6.659697528582436e-05 0.0 -6.907333965710803e-05 -6.583459661649126e-05 0.0 -6.295576002504816e-05 -6.454547526438216e-05 0.0 -5.687544730378922e-05 -6.274059571396707e-05 0.0 -5.088361147584438e-05 -6.043850167129904e-05 0.0 -4.503135408833719e-05 -5.766541557601027e-05 0.0 -3.936890308383083e-05 -5.445522689600198e-05 0.0 -3.39448371055991e-05 -5.084934685254444e-05 0.0 -2.880532036396336e-05 -4.689643177498247e-05 0.0 -2.399336949350677e-05 -4.265198172814035e-05 0.0 -1.954817314673351e-05 -3.817782506604075e-05 0.0 -1.55044833075671e-05 -3.354150282136703e-05 0.0 -1.189209435439259e-05 -2.881556905432317e-05 0.0 -8.735420963952633e-06 -2.407682424303277e-05 0.0 -6.05317382015571e-06 -1.94054984437494e-05 0.0 -3.858080532246056e-06 -1.488439976011442e-05 0.0 -2.156312025833705e-06 -1.059804481714259e-05 0.0 -9.446000794929643e-07 -6.631809995926943e-06 0.0 -1.958724548554119e-07 -3.07126272790201e-06 0.0 0.0 0.0 0.0 0.0 0.0 0.0 -2.810123645807994e-07 6.725126596619472e-06 0.0 -1.31362697825454e-06 1.312981693133428e-05 0.0 -2.887461720271376e-06 1.917906879608124e-05 0.0 -4.974174048028396e-06 2.484700923870926e-05 0.0 -7.523619961158417e-06 3.011631595569614e-05 0.0 -1.04847536584161e-05 3.497683569790351e-05 0.0 -1.380970187383062e-05 3.942439933330733e-05 0.0 -1.745427007334388e-05 4.345973963079007e-05 0.0 -2.137782084612487e-05 4.708749501994558e-05 0.0 -2.554302868335856e-05 5.031529913132478e-05 0.0 -2.991560290325704e-05 5.315295844002263e-05 0.0 -3.446400083958318e-05 5.561172028962406e-05 0.0 -3.915914053148563e-05 5.770363291717416e-05 0.0 -4.397411884922338e-05 5.944099817786708e-05 0.0 -4.88839394664438e-05 6.083591657217599e-05 0.0 -5.386525402810462e-05 6.189992296846916e-05 0.0 -5.889611901571516e-05 6.264371015293336e-05 0.0 -6.395577011052511e-05 6.307693609123197e-05 0.0 -6.902441526791203e-05 6.320810961737285e-05 0.0 -7.408304722114021e-05 6.304454823380892e-05 0.0 -7.911327571555328e-05 6.259240086210057e-05 0.0 -8.409717942634952e-05 6.185672776163536e-05 0.0 -8.901717722992044e-05 6.084162945580556e-05 0.0 -9.385591827883824e-05 5.955041637559448e-05 0.0 -9.859619017412726e-05 5.798581103925964e-05 0.0 -0.0001032208444360336 5.615017490961161e-05 0.0 -0.0001077127384460377 5.404575257213506e-05 0.0 -0.0001120546930667884 5.167492651487253e-05 0.0 -0.0001162294652393804 4.904047651711033e-05 0.0 -0.0001202197350029884 4.614583841983704e-05 0.0 -0.0001240081065719019 4.299535780990631e-05 0.0 -0.0001275771233287026 3.959453485942459e-05 0.0 -0.0001309092968367823 3.595025718601618e-05 0.0 -0.0001339871502259125 3.207101810988928e-05 0.0 -0.0001367932765450297 2.796711806011388e-05 0.0 -0.000139310412889688 2.365084711414832e-05 0.0 -0.0001415215312802891 1.913664673921404e-05 0.0 -0.0001434099473748044 1.444124874819005e-05 0.0 -0.000144959448129097 9.58378930151382e-06 0.0 -0.0001461544395101907 4.585895504405276e-06 0.0 -0.0001469801139897803 -5.282582028660779e-07 0.0 -0.0001474226451884384 -5.731927001107516e-06 0.0 -0.0001474693900084106 -1.09958084629954e-05 0.0 -0.0001471091302147835 -1.628809993495922e-05 0.0 -0.0001463323227006422 -2.157460278609973e-05 0.0 -0.0001451313693641764 -2.681887398712703e-05 0.0 -0.000143500901795491 -3.198243233511162e-05 0.0 -0.0001414380761929601 -3.702502342600154e-05 0.0 -0.0001389428730295291 -4.190494687237047e-05 0.0 -0.0001360183947152011 -4.657944836135363e-05 0.0 -0.0001326711532451031 -5.100517787344482e-05 0.0 -0.0001289113386449591 -5.513871373498662e-05 0.0 -0.0001247530580006799 -5.893715016645743e-05 0.0 -0.0001202145340718026 -6.235874364969886e-05 0.0 -0.0001153182520303593 -6.536361083231937e-05 0.0 -0.0001100910428277721 -6.791446790899866e-05 0.0 -0.000104564092155866 -6.997739859002196e-05 0.0 -9.877286500225049e-05 -7.152263503774901e-05 0.0 -9.275693744947314e-05 -7.252533369476846e-05 0.0 -8.655972964332775e-05 -7.296632592924074e-05 0.0 -8.022813673022095e-05 -7.283282207009781e-05 0.0 -7.381205796269307e-05 -7.211904686946269e-05 0.0 -6.736382797422225e-05 -7.082678485233195e-05 0.0 -6.09375582612946e-05 -6.896581548561285e-05 0.0 -5.458840097448272e-05 -6.655422064642065e-05 0.0 -4.837175097419864e-05 -6.361855044213426e-05 0.0 -4.234240550052132e-05 -6.019383789683197e-05 0.0 -3.655370349440233e-05 -5.632345815118676e-05 0.0 -3.105666836831552e-05 -5.205883333113522e-05 0.0 -2.589917867961395e-05 -4.745898977186524e-05 0.0 -2.11251905871163e-05 -4.258997945188918e-05 0.0 -1.677403409758869e-05 -3.752418190931206e-05 0.0 -1.287980180485826e-05 -3.233950622545303e-05 0.0 -9.470843236129926e-06 -2.711851459583088e-05 0.0 -6.569364404973467e-06 -2.194748946443095e-05 0.0 -4.191075651229711e-06 -1.691546564958862e-05 0.0 -2.344517757267685e-06 -1.211325070732494e-05 0.0 -1.027872348245932e-06 -7.632480763146552e-06 0.0 -2.13262525630974e-07 -3.564888112278911e-06 0.0 0.0 0.0 0.0 0.0 0.0 0.0 -2.90870466241254e-07 7.415584060061783e-06 0.0 -1.359493010733442e-06 1.444261141726102e-05 0.0 -2.987553839374844e-06 2.105029362095281e-05 0.0 -5.145250149936667e-06 2.721710642274014e-05 0.0 -7.780270713202465e-06 3.293004510281125e-05 0.0 -1.083943834633873e-05 3.818316549684145e-05 0.0 -1.427293489675843e-05 4.297633417100959e-05 0.0 -1.803483114684481e-05 4.731409739573955e-05 0.0 -2.208296528267126e-05 5.120465060325457e-05 0.0 -2.637869160073533e-05 5.465890577124526e-05 0.0 -3.088659434799403e-05 5.768965686438749e-05 0.0 -3.55741896588308e-05 6.03108437228936e-05 0.0 -4.04116253349977e-05 6.253691442266763e-05 0.0 -4.537138486255795e-05 6.438228546509e-05 0.0 -5.042800050733786e-05 6.586089827472428e-05 0.0 -5.555777922241862e-05 6.698586945311581e-05 0.0 -6.073854419030127e-05 6.776923112313531e-05 0.0 -6.59493940476998e-05 6.822175657210595e-05 0.0 -7.117048117695543e-05 6.835286533393042e-05 0.0 -7.638280987962254e-05 6.817060090554938e-05 0.0 -8.156805476531417e-05 6.768167352577414e-05 0.0 -8.670839928700839e-05 6.689155989516343e-05 0.0 -9.178639403026788e-05 6.580465140803963e-05 0.0 -9.678483411757606e-05 6.442444240863234e-05 0.0 -0.0001016866549202782 6.275375016278827e-05 0.0 -0.000106474845179127 6.079495863009431e-05 0.0 -0.0001111323766186882 5.855027869214865e-05 0.0 -0.0001156421491975816 5.602201819614239e-05 0.0 -0.0001199869512602697 5.321285595911171e-05 0.0 -0.0001241494340390567 5.01261146961357e-05 0.0 -0.0001281121001869949 4.676602863624797e-05 0.0 -0.0001318573062912426 4.313800232833735e-05 0.0 -0.0001353672796078852 3.924885777789188e-05 0.0 -0.0001386241495575941 3.510706756417884e-05 0.0 -0.0001416099948097973 3.072297194530012e-05 0.0 -0.0001443069070434453 2.610897815369989e-05 0.0 -0.0001466970726866158 2.127974011469345e-05 0.0 -0.0001487628740867319 1.625231669270773e-05 0.0 -0.000150487011626409 1.104630630304846e-05 0.0 -0.000151852648286049 5.683955352414211e-06 0.0 -0.0001528435772482033 1.902375810224091e-07 0.0 -0.0001534444173562023 -5.407100533504583e-06 0.0 -0.0001536408285343368 -1.107752722141323e-05 0.0 -0.0001534197577835543 -1.678775917795543e-05 0.0 -0.000152769710068067 -2.250184595446454e-05 0.0 -0.0001516810390073402 -2.818130217628545e-05 0.0 -0.0001501462590965783 -3.378529815400804e-05 0.0 -0.00014816037386693 -3.927091410457785e-05 0.0 -0.0001457212145979741 -4.459346277849783e-05 0.0 -0.0001428297826821516 -4.970688446710478e-05 0.0 -0.0001394905872129478 -5.456421707637275e-05 0.0 -0.0001357119679032213 -5.911814221202704e-05 0.0 -0.0001315063921016367 -6.33216060282713e-05 0.0 -0.00012689071355894 -6.712851097502471e-05 0.0 -0.0001218863798093811 -7.049447159337119e-05 0.0 -0.0001165195746881931 -7.337762424942009e-05 0.0 -0.0001108212827125971 -7.573947729501433e-05 0.0 -0.0001048272629072167 -7.754578476919372e-05 0.0 -9.857792122696409e-05 -7.8767423608937e-05 0.0 -9.211807305792291e-05 -7.938125164636952e-05 0.0 -8.549659034992274e-05 -7.937092166632015e-05 0.0 -7.876593168913304e-05 -7.872762570790643e-05 0.0 -7.198155793102446e-05 -7.74507438118575e-05 0.0 -6.520124069937848e-05 -7.554837268439935e-05 0.0 -5.848427587713277e-05 -7.303771233788392e-05 0.0 -5.189061888857887e-05 -6.99452926555845e-05 0.0 -4.547996279373684e-05 -6.630702688779215e-05 0.0 -3.931078367614365e-05 -6.216808508722975e-05 0.0 -3.343938021903143e-05 -5.7582587104242e-05 0.0 -2.791893549372258e-05 -5.261312157695836e-05 0.0 -2.279862865675444e-05 -4.733010390886437e-05 0.0 -1.812282236180968e-05 -4.18109920533483e-05 0.0 -1.393034808608128e-05 -3.613938358066501e-05 0.0 -1.025390532374527e-05 -3.040402063164884e-05 0.0 -7.119575596646137e-06 -2.469773079945453e-05 0.0 -4.546390361711319e-06 -1.911633218688297e-05 0.0 -2.545550942181808e-06 -1.375753343578145e-05 0.0 -1.116914618369188e-06 -8.719885624735323e-06 0.0 -2.318744688002123e-07 -4.10198154182715e-06 0.0 0.0 0.0 0.0 0.0 0.0 0.0 -2.999753266495657e-07 8.128974243282052e-06 0.0 -1.401867522815718e-06 1.579850149466671e-05 0.0 -3.080061951053077e-06 2.298219965676679e-05 0.0 -5.303437089304116e-06 2.966309362032351e-05 0.0 -8.01771076898383e-06 3.583270037611195e-05 0.0 -1.116776597529896e-05 4.148949106922392e-05 0.0 -1.470201353052227e-05 4.66375741078982e-05 0.0 -1.857294346320108e-05 5.128551294075248e-05 0.0 -2.273700390310214e-05 5.544525880046873e-05 0.0 -2.715434509499543e-05 5.913119363385822e-05 0.0 -3.178852611516011e-05 6.235928127504693e-05 0.0 -3.660620785569448e-05 6.514632544827367e-05 0.0 -4.157684234425982e-05 6.750933307798854e-05 0.0 -4.667236510298126e-05 6.946498093743305e-05 0.0 -5.186689570266411e-05 7.102918297258604e-05 0.0 -5.71364505454739e-05 7.221675476384626e-05 0.0 -6.245867096303886e-05 7.30411706054063e-05 0.0 -6.781256889278749e-05 7.351440766862455e-05 0.0 -7.317829167454434e-05 7.364687074679612e-05 0.0 -7.85369068829487e-05 7.344739022420427e-05 0.0 -8.387020757466807e-05 7.292328523052155e-05 0.0 -8.916053788104825e-05 7.208048347569102e-05 0.0 -9.439063851686783e-05 7.092368903598773e-05 0.0 -9.954351150497277e-05 6.945658938637241e-05 0.0 -0.0001046023032351522 6.768209323726553e-05 0.0 -0.0001095502048829464 6.560259120973843e-05 0.0 -0.000114370369207667 6.322023203358841e-05 0.0 -0.0001190458428241189 6.053720773072689e-05 0.0 -0.0001235595131923789 5.755604209964562e-05 0.0 -0.0001278940697851629 5.427987769204019e-05 0.0 -0.0001320319791613019 5.071275731864142e-05 0.0 -0.0001359554739831495 4.685989689144657e-05 0.0 -0.0001396465563502716 4.272794706431107e-05 0.0 -0.0001430870161650908 3.832524164207656e-05 0.0 -0.0001462584655808574 3.366203106806892e-05 0.0 -0.000149142390890176 2.875069945838651e-05 0.0 -0.000151720223474329 2.360596362589067e-05 0.0 -0.0001539734316296148 1.824505233362005e-05 0.0 -0.0001558836351923339 1.268786365277943e-05 0.0 -0.0001574327448753093 6.957097796606265e-06 0.0 -0.0001586031279000959 1.078362223695055e-06 0.0 -0.0001593778020441566 -4.91975573690981e-06 0.0 -0.00015974066196773 -1.10056478058724e-05 0.0 -0.0001596767273228535 -1.714469070331922e-05 0.0 -0.0001591724327179931 -2.329930416984702e-05 0.0 -0.0001582159375028491 -2.942905850225256e-05 0.0 -0.0001567974644906985 -3.549084362809785e-05 0.0 -0.0001549096609657411 -4.143910636068176e-05 0.0 -0.0001525479768699408 -4.722616217432557e-05 0.0 -0.0001497110533020838 -5.280258710129844e-05 0.0 -0.0001464011126402706 -5.811769408391819e-05 0.0 -0.0001426243398161684 -6.312009631782476e-05 0.0 -0.0001383912425733809 -6.775835777969156e-05 0.0 -0.0001337169770362021 -7.19817282539939e-05 0.0 -0.0001286216237239348 -7.574095680457776e-05 0.0 -0.000123130398406643 -7.898917386699538e-05 0.0 -0.0001172737820497418 -8.16828281042799e-05 0.0 -0.0001110875546672344 -8.378266005833156e-05 0.0 -0.0001046127193042378 -8.525469067294663e-05 0.0 -9.789530466920485e-05 -8.607119923045135e-05 0.0 -9.098603815378878e-05 -8.621166242074783e-05 0.0 -8.393988506813079e-05 -8.566362443852187e-05 0.0 -7.681545476258717e-05 -8.44234674454549e-05 0.0 -6.96742797079616e-05 -8.249705265007955e-05 0.0 -6.257997929665403e-05 -7.990020477707219e-05 0.0 -5.559732577731824e-05 -7.665901684189086e-05 0.0 -4.879123497527267e-05 -7.28099578120877e-05 0.0 -4.222570889579432e-05 -6.839977268657924e-05 0.0 -3.596276059111692e-05 -6.34851723938647e-05 0.0 -3.006135347856772e-05 -5.813231922628958e-05 0.0 -2.457638738894569e-05 -5.24161217414134e-05 0.0 -1.955776184456916e-05 -4.64193605948376e-05 0.0 -1.504954322590641e-05 -4.023167306724202e-05 0.0 -1.108925557657795e-05 -3.394842864760489e-05 0.0 -7.707298192027574e-06 -2.766953068107159e-05 0.0 -4.926425463839464e-06 -2.149818021501017e-05 0.0 -2.760853474079931e-06 -1.55396415733398e-05 0.0 -1.212401900885494e-06 -9.90007763124739e-06 0.0 -2.518554870905784e-07 -4.685671959764756e-06 0.0 0.0 0.0 0.0 0.0 0.0 0.0 -3.0829315533402e-07 8.863436795884686e-06 0.0 -1.440596321538396e-06 1.719401614912673e-05 0.0 -3.164655237469819e-06 2.496994522525224e-05 0.0 -5.448176653840996e-06 3.217898357294166e-05 0.0 -8.235109529706131e-06 3.881735561215826e-05 0.0 -1.146859288598623e-05 4.488813365737542e-05 0.0 -1.509544332837695e-05 5.039985308506306e-05 0.0 -1.906672601419452e-05 5.536527759239566e-05 0.0 -2.333763463658995e-05 5.980029364189287e-05 0.0 -2.786723233541407e-05 6.372292723974111e-05 0.0 -3.261815337473002e-05 6.715247916470087e-05 0.0 -3.755628953356284e-05 7.01087755419381e-05 0.0 -4.265047143661615e-05 7.261153077106631e-05 0.0 -4.787215170898969e-05 7.467981955725673e-05 0.0 -5.319509532515095e-05 7.633165425393836e-05 0.0 -5.859508141108472e-05 7.758366298050946e-05 0.0 -6.404961980116328e-05 7.845086310784736e-05 0.0 -6.953768479855343e-05 7.89465237908224e-05 0.0 -7.503946782768647e-05 7.908211035134918e-05 0.0 -8.053614999654404e-05 7.886730255119321e-05 0.0 -8.60096950059949e-05 7.831007820182314e-05 0.0 -9.144266235562858e-05 7.741685318381974e-05 0.0 -9.681804040344935e-05 7.619266881689654e-05 0.0 -0.0001021190985428904 7.464141764035807e-05 0.0 -0.0001073292575660316 7.27660990213519e-05 0.0 -0.0001124319771858646 7.056909657695956e-05 0.0 -0.0001174106596898158 6.80524701355246e-05 0.0 -0.0001222485687858477 6.52182558230933e-05 0.0 -0.0001269287628731446 6.206876878789477e-05 0.0 -0.000131434042211112 5.860690401375474e-05 0.0 -0.0001357469097605945 5.48364315688954e-05 0.0 -0.0001398495458155202 5.076228344156853e-05 0.0 -0.0001437237969159302 4.639082978753117e-05 0.0 -0.0001473511799178336 4.173014292430852e-05 0.0 -0.0001507129024740489 3.679024773072268e-05 0.0 -0.0001537899015350022 3.158335723412064e-05 0.0 -0.0001565629017904799 2.612409208824781e-05 0.0 -0.0001590124962224818 2.0429682366492e-05 0.0 -0.0001611192511034737 1.452014963033368e-05 0.0 -0.0001628638378218039 8.418466596653223e-06 0.0 -0.0001642271938806676 2.150690978983908e-06 0.0 -0.0001651907138778662 -4.253930907162435e-06 0.0 -0.0001657364813799073 -1.076289076908859e-05 0.0 -0.0001658475185112135 -1.73403915268181e-05 0.0 -0.0001655080917252578 -2.394737296863267e-05 0.0 -0.0001647040383643271 -3.05415887283117e-05 0.0 -0.0001634231298800993 -3.707774734382002e-05 0.0 -0.0001616554643404394 -4.350772558877315e-05 0.0 -0.0001593938835971712 -4.978086219817933e-05 0.0 -0.0001566344084836532 -5.584433947034326e-05 0.0 -0.0001533766832965397 -6.164365902307712e-05 0.0 -0.0001496244186968259 -6.712321618366496e-05 0.0 -0.0001453858200714377 -7.222697504934734e-05 0.0 -0.0001406739864388225 -7.689924315137831e-05 0.0 -0.0001355072633036138 -8.108554091726992e-05 0.0 -0.0001299095316299531 -8.473355683068695e-05 0.0 -0.00012391041448393 -8.779417447317706e-05 0.0 -0.0001175453830637223 -9.022255269544118e-05 0.0 -0.0001108557449436961 -9.197923526814967e-05 0.0 -0.0001038884995215255 -9.303126181659039e-05 0.0 -9.669604893481219e-05 -9.335324800065801e-05 0.0 -8.933575709120726e-05 -9.292840012725539e-05 0.0 -8.186935483068099e-05 -9.174942802555073e-05 0.0 -7.436219541092086e-05 -8.981932037486275e-05 0.0 -6.68823711815559e-05 -8.715194895984008e-05 0.0 -5.949970910980829e-05 -8.377247262436664e-05 0.0 -5.22846692959954e-05 -7.97175179397336e-05 0.0 -4.530717629754972e-05 -7.503512156321288e-05 0.0 -3.863541749844238e-05 -6.978442854353915e-05 0.0 -3.2334645501109e-05 -6.403515088628313e-05 0.0 -2.64660222526275e-05 -5.786680087151076e-05 0.0 -2.108554111884039e-05 -5.136772320967993e-05 0.0 -1.624305914538715e-05 -4.463395843170792e-05 0.0 -1.198146418478476e-05 -3.776797632989541e-05 0.0 -8.335983240106898e-06 -3.087732242499311e-05 0.0 -5.333564393575118e-06 -2.407322271111413e-05 0.0 -2.991861272638389e-06 -1.746919634741758e-05 0.0 -1.315007887340232e-06 -1.117975702046565e-05 0.0 -2.733526743536285e-07 -5.319444556299334e-06 0.0 0.0 0.0 0.0 0.0 0.0 0.0 -3.157905060714865e-07 9.617030406412319e-06 0.0 -1.47552722897048e-06 1.862553775806586e-05 0.0 -3.241008353615568e-06 2.700848755106184e-05 0.0 -5.578921654039508e-06 3.47585412070969e-05 0.0 -8.431654985508563e-06 4.187679529760517e-05 0.0 -1.174080317468052e-05 4.837108690187693e-05 0.0 -1.545176765536133e-05 5.425454113085661e-05 0.0 -1.951434559958169e-05 5.954428347512836e-05 0.0 -2.388261203377145e-05 6.426029506784373e-05 0.0 -2.851465951532699e-05 6.842440210825574e-05 0.0 -3.33722970426264e-05 7.205939378117143e-05 0.0 -3.842073232705794e-05 7.518826401050771e-05 0.0 -4.362824767181449e-05 7.78335726930742e-05 0.0 -4.896587641168592e-05 8.001692195046855e-05 0.0 -5.440708541356752e-05 8.175854251804066e-05 0.0 -5.992746806079056e-05 8.307698474594938e-05 0.0 -6.550445119642602e-05 8.398890790621854e-05 0.0 -7.111701863728012e-05 8.45089606705168e-05 0.0 -7.674545308542465e-05 8.464974483172044e-05 0.0 -8.237109756089818e-05 8.44218536647332e-05 0.0 -8.79761368636893e-05 8.383397582125816e-05 0.0 -9.354339905198762e-05 8.289305537445103e-05 0.0 -9.905617650305517e-05 8.160449859817266e-05 0.0 -0.0001044980658074256 7.997241828731363e-05 0.0 -0.0001098528255386664 7.799990688677403e-05 0.0 -0.0001151042508390911 7.568933036700284e-05 0.0 -0.0001202360637631029 7.304263562030599e-05 0.0 -0.0001252318184178921 7.006166510218376e-05 0.0 -0.0001300748201269379 6.674847344869974e-05 0.0 -0.0001347480581037496 6.310564180647023e-05 0.0 -0.0001392341514481964 5.913658656117242e-05 0.0 -0.0001435153086508049 5.484585999394834e-05 0.0 -0.0001475733011956745 5.023944109083459e-05 0.0 -0.0001513894522735699 4.532501524544652e-05 0.0 -0.0001549446420361946 4.01122419062709e-05 0.0 -0.0001582193312231352 3.461300931339604e-05 0.0 -0.0001611936053566266 2.884167534081863e-05 0.0 -0.0001638472420078437 2.281529311316234e-05 0.0 -0.0001661598038748629 1.655381950940393e-05 0.0 -0.0001681107605435075 1.00803039132165e-05 0.0 -0.0001696796419850839 3.421053673429657e-06 0.0 -0.0001708462233182272 -3.394228294549191e-06 0.0 -0.0001715907590846376 -1.033233416875456e-05 0.0 -0.0001718942299845875 -1.735648597654476e-05 0.0 -0.0001717386616869461 -2.442632295886398e-05 0.0 -0.000171107464948632 -3.149794210637325e-05 0.0 -0.0001699858202499316 -3.852400417571961e-05 0.0 -0.0001683610993796294 -4.545391538808616e-05 0.0 -0.0001662233200107982 -5.223409495518345e-05 0.0 -0.000163565627098078 -5.880833802033882e-05 0.0 -0.0001603847925505145 -6.511828253350718e-05 0.0 -0.0001566817221729153 -7.110398686007642e-05 0.0 -0.000152461956343382 -7.67046224552659e-05 0.0 -0.0001477361484252264 -8.185928266712254e-05 0.0 -0.0001425205026597917 -8.650790466032444e-05 0.0 -0.0001368371514439536 -9.059229663789643e-05 0.0 -0.0001307144506736379 -9.405725710557205e-05 0.0 -0.0001241871714508156 -9.685176707831345e-05 0.0 -0.0001172965671130932 -9.89302301548236e-05 0.0 -0.0001100902964256413 -0.0001002537296429451 0.0 -0.0001026221869899747 -0.0001007912668258737 0.0 -9.495182750526112e-05 -0.0001005209404701435 0.0 -8.714398339320862e-05 -9.943102524487514e-05 0.0 -7.926783727580011e-05 -9.752090625732712e-05 0.0 -7.139606356101547e-05 -9.480182872997432e-05 0.0 -6.360375451442833e-05 -9.129742612763645e-05 0.0 -5.596722315038339e-05 -8.704399678874429e-05 0.0 -4.856271548498772e-05 -8.209050811577233e-05 0.0 -4.146507056531211e-05 -7.649831821597408e-05 0.0 -3.47463706813595e-05 -7.034061693741426e-05 0.0 -2.847462583266505e-05 -6.3701600743109e-05 0.0 -2.271253553360818e-05 -5.667540794120793e-05 0.0 -1.751636707766919e-05 -4.936485156401072e-05 0.0 -1.293498120862709e-05 -4.187999587538432e-05 0.0 -9.009015973195002e-06 -3.43366285531234e-05 0.0 -5.770158682948222e-06 -2.685468433895838e-05 0.0 -3.239997399357535e-06 -1.955668163107873e-05 0.0 -1.425402499273225e-06 -1.256626748378231e-05 0.0 -2.965126082935236e-07 -6.007140088582879e-06 0.0 0.0 0.0 0.0 0.0 0.0 0.0 -3.224352347521013e-07 1.038773477604798e-05 0.0 -1.506514341430025e-06 2.008930648230437e-05 0.0 -3.308810179547894e-06 2.909258972303456e-05 0.0 -5.695149934404808e-06 3.739529301833899e-05 0.0 -8.606573357905702e-06 4.500352594263452e-05 0.0 -1.198333405145524e-05 5.193002951255427e-05 0.0 -1.576959867024482e-05 5.819265742143127e-05 0.0 -1.991405326062675e-05 6.381303588974728e-05 0.0 -2.436978897558548e-05 6.881537944697056e-05 0.0 -2.909404271046275e-05 7.322545218784318e-05 0.0 -3.404789574791015e-05 7.706966724317086e-05 0.0 -3.919595454037641e-05 8.037431841002609e-05 0.0 -4.450602377109556e-05 8.316493835525486e-05 0.0 -4.994877862610649e-05 8.546577781483546e-05 0.0 -5.549744183769452e-05 8.729939987978432e-05 0.0 -6.112747003787962e-05 8.868638288613671e-05 0.0 -6.681625303969825e-05 8.964512471017497e-05 0.0 -7.254282880504276e-05 9.01917405069201e-05 0.0 -7.828761606094772e-05 9.034004521020669e-05 0.0 -8.403216580058128e-05 9.01016115155332e-05 0.0 -8.975893226214512e-05 8.948589365582275e-05 0.0 -9.545106342947953e-05 8.850040709980413e-05 0.0 -0.0001010922106517758 8.715095437672156e-05 0.0 -0.0001066663566431116 8.544188756237746e-05 0.0 -0.0001121576608989889 8.337639853346154e-05 0.0 -0.000117550321456575 8.095682887633428e-05 0.0 -0.0001228284519243362 7.818499227648507e-05 0.0 -0.0001279759728083393 7.506250326057213e-05 0.0 -0.0001329765163569898 7.159110725465394e-05 0.0 -0.0001378133444213532 6.777300800000587e-05 0.0 -0.0001424692791707211 6.36111893750866e-05 0.0 -0.0001469266468977795 5.910972955813008e-05 0.0 -0.0001511672355789398 5.427410618689399e-05 0.0 -0.0001551722673070265 4.911149169695188e-05 0.0 -0.0001589223871693219 4.363103832396547e-05 0.0 -0.0001623976705875256 3.784415232467743e-05 0.0 -0.0001655776515510239 3.176475680113988e-05 0.0 -0.0001684413745449059 2.540954210642871e-05 0.0 -0.0001709674732883635 1.879820217795013e-05 0.0 -0.0001731342796306575 1.195365429841069e-05 0.0 -0.0001749199663776152 4.902238742504013e-06 0.0 -0.0001763027225596536 -2.326106542382738e-06 0.0 -0.000177260986326567 -9.697698451328782e-06 0.0 -0.0001777736836772151 -1.717499863865345e-05 0.0 -0.0001778205567761813 -2.471655591616696e-05 0.0 -0.0001773825136535737 -3.227700536654538e-05 0.0 -0.0001764420299048178 -3.980713163678989e-05 0.0 -0.0001749835958161418 -4.725401057881992e-05 0.0 -0.0001729942055682834 -5.456124151452014e-05 0.0 -0.0001704638830762347 -6.1669281957177e-05 0.0 -0.0001673862364494222 -6.851589582838439e-05 0.0 -0.0001637590302526357 -7.503672468482313e-05 0.0 -0.0001595847617637575 -8.11659890768911e-05 0.0 -0.0001548712243886808 -8.683732381481435e-05 0.0 -0.0001496320384837267 -9.198474658089471e-05 0.0 -0.0001438871272686287 -9.654375402500446e-05 0.0 -0.0001376631135397273 -0.0001004525333196852 0.0 -0.000130993611784838 -0.0001036532703302062 0.0 -0.0001239193903300974 -0.0001060935283746606 0.0 -0.0001164883795606773 -0.0001077276644119707 0.0 -0.0001087555052402746 -0.0001085182428929242 0.0 -0.0001007823306077334 -0.000108437401995538 0.0 -9.263649723159189e-05 -0.0001074681231188269 0.0 -8.439096238892072e-05 -0.0001056053528770909 0.0 -7.612303968055805e-05 -0.0001028569278790921 0.0 -6.791325922372269e-05 -9.924425659934106e-05 0.0 -5.984407346523516e-05 -9.48027197487506e-05 0.0 -5.199844373214472e-05 -8.95817605734091e-05 0.0 -4.445835034411714e-05 -8.364464902549504e-05 0.0 -3.730327474897859e-05 -7.706791806973532e-05 0.0 -3.060870510587325e-05 -6.994048560305879e-05 0.0 -2.444471656711335e-05 -6.236249051916658e-05 0.0 -1.887467376473878e-05 -5.444388524297311e-05 0.0 -1.395409430378884e-05 -4.6302838571619e-05 0.0 -9.72968993821426e-06 -3.806401114759505e-05 0.0 -6.238513796623762e-06 -2.985677153242727e-05 0.0 -3.50666550813785e-06 -2.181342813095141e-05 0.0 -1.544249629513679e-06 -1.406758952642951e-05 0.0 -3.214809887207024e-07 -6.752953277734732e-06 0.0 0.0 0.0 0.0 0.0 0.0 0.0 -3.281975179014455e-07 1.117345498405489e-05 0.0 -1.533422589138773e-06 2.158142876084415e-05 0.0 -3.36777327751392e-06 3.121683287866078e-05 0.0 -5.796379668770121e-06 4.008254231830227e-05 0.0 -8.759150770658235e-06 4.818979359634776e-05 0.0 -1.219520411294712e-05 5.555634411513372e-05 0.0 -1.604765221738742e-05 6.220488940882442e-05 0.0 -2.026422569108457e-05 6.816167159546378e-05 0.0 -2.47971644625336e-05 7.345525584494993e-05 0.0 -2.960296192365179e-05 7.811546294118575e-05 0.0 -3.464206607009628e-05 8.217244930279374e-05 0.0 -3.987856160115503e-05 8.565592720584573e-05 0.0 -4.527984291240129e-05 8.859451854666833e-05 0.0 -5.081628481741466e-05 9.101523557016232e-05 0.0 -5.646091656647425e-05 9.294308170739158e-05 0.0 -6.218910378097349e-05 9.440076513093355e-05 0.0 -6.797824204360606e-05 9.540851695770671e-05 0.0 -7.380746504252469e-05 9.598400531104672e-05 0.0 -7.965736936918252e-05 9.614233579161224e-05 0.0 -8.550975732964726e-05 9.589612838136812e-05 0.0 -9.134739846455908e-05 9.525566047981722e-05 0.0 -9.715380989908346e-05 9.422906568969413e-05 0.0 -0.0001029130551739299 9.282257815144968e-05 0.0 -0.0001086095608507908 9.104081267135482e-05 0.0 -0.0001142279499452341 8.888707157639096e-05 0.0 -0.0001197528911176966 8.636367012296179e-05 0.0 -0.0001251689625452532 8.347227333577151e-05 0.0 -0.0001304605294961502 8.021423829955944e-05 0.0 -0.0001356116348255928 7.659095710753667e-05 0.0 -0.000140605901892636 7.260419682444647e-05 0.0 -0.0001454264497503462 6.825643389115618e-05 0.0 -0.0001500558208699442 6.355118133018329e-05 0.0 -0.0001544759221092971 5.84933078646481e-05 0.0 -0.0001586679801118043 5.308934860341383e-05 0.0 -0.000162612512808454 4.734780724901253e-05 0.0 -0.0001662893191787094 4.127944983827595e-05 0.0 -0.0001696774898898608 3.489758982329051e-05 0.0 -0.0001727554418646026 2.821836384583271e-05 0.0 -0.0001755009802136829 2.126099686440415e-05 0.0 -0.0001778913912963039 1.404805438530055e-05 0.0 -0.000179903571281159 6.60567845942068e-06 0.0 -0.0001815141888426016 -1.036197006126216e-06 0.0 -0.0001826999111461312 -8.843660768760117e-06 0.0 -0.0001834376317616682 -1.677866209927905e-05 0.0 -0.0001837048012054059 -2.479890084229337e-05 0.0 -0.0001834797823836471 -3.285778158883797e-05 0.0 -0.0001827422636463155 -4.090442557786252e-05 0.0 -0.0001814737268294942 -4.888376334741409e-05 0.0 -0.0001796579669598556 -5.673672189876787e-05 0.0 -0.0001772816593103204 -6.440052048691472e-05 0.0 -0.0001743349667509752 -7.180908887283338e-05 0.0 -0.0001708121771731815 -7.889362067376745e-05 0.0 -0.0001667123573033398 -8.558327225252364e-05 0.0 -0.0001620400055791692 -9.180601428020038e-05 0.0 -0.0001568056831158467 -9.748963860525331e-05 0.0 -0.0001510265983799972 -0.0001025629173443857 0.0 -0.0001447271183064122 -0.0001069569042446369 0.0 -0.0001379391765645475 -0.0001106063605290542 0.0 -0.0001307025488556825 -0.00011345127893516 0.0 -0.0001230649658305504 -0.0001154384709239284 0.0 -0.0001150820367440943 -0.0001165231736407517 0.0 -0.0001068169614989507 -0.0001166706258135796 0.0 -9.834001532759994e-05 -0.000115857556099584 0.0 -8.972779890890378e-05 -0.0001140735241594859 0.0 -8.106225689647868e-05 -0.0001113220545885932 0.0 -7.242947914117905e-05 -0.0001076215072453099 0.0 -6.391831062092782e-05 -0.0001030056347308625 0.0 -5.561880740980286e-05 -9.75237887229713e-05 0.0 -4.762058601109587e-05 -9.124075114297439e-05 0.0 -4.001112114145256e-05 -8.423618298788052e-05 0.0 -3.287405177881467e-05 -7.66037020297899e-05 0.0 -2.62875563290009e-05 -6.844961919897938e-05 0.0 -2.032285453230648e-05 -5.989138094919254e-05 0.0 -1.504288463869089e-05 -5.105577993813548e-05 0.0 -1.050118022258367e-05 -4.207700792603026e-05 0.0 -6.740874607358651e-06 -3.309463289902994e-05 0.0 -3.793243205039203e-06 -2.425159175510621e-05 0.0 -1.672204885164899e-06 -1.569233098866114e-05 0.0 -3.48402281810408e-07 -7.561430347423367e-06 0.0 0.0 0.0 0.0 0.0 0.0 0.0 -3.330509246103408e-07 1.197202838218499e-05 0.0 -1.55613255854117e-06 2.309789020185405e-05 0.0 -3.417643961309621e-06 3.337563406951018e-05 0.0 -5.882185766039219e-06 4.281339096393574e-05 0.0 -8.888756670752421e-06 5.142760826894898e-05 0.0 -1.237554412855916e-05 5.92411431582151e-05 0.0 -1.628478609370145e-05 6.628161898894982e-05 0.0 -2.056341095407437e-05 7.257998402154641e-05 0.0 -2.516293668021607e-05 7.816924909092665e-05 0.0 -3.003922138922754e-05 8.3083391127172e-05 0.0 -3.51521700115579e-05 8.735641277187512e-05 0.0 -4.046542070294605e-05 9.102154985513645e-05 0.0 -4.594602064000323e-05 9.411061917749232e-05 0.0 -5.156409788185361e-05 9.665349916473573e-05 0.0 -5.729253483557288e-05 9.867773569178057e-05 0.0 -6.310664800237333e-05 0.0001002082648386646 0.0 -6.898387785778954e-05 0.0001012672436709116 0.0 -7.490349190482739e-05 0.0001018739794406461 0.0 -8.084630314720666e-05 0.0001020449469835494 0.0 -8.679440548191646e-05 0.0001017938836224776 0.0 -9.273092682853375e-05 0.0001011319506437392 0.0 -9.863980021713984e-05 0.0001000679504267616 0.0 -0.0001045055525633901 9.860858859919568e-05 0.0 -0.0001103131104797808 9.675877115217646e-05 0.0 -0.0001160476222127294 9.452192725915096e-05 0.0 -0.000121694294657025 9.190034955454342e-05 0.0 -0.000127238244379197 8.889554479134602e-05 0.0 -0.0001326643616721687 8.55085890476955e-05 0.0 -0.0001379571868549055 8.174048292676799e-05 0.0 -0.000143100798310198 7.75925034282181e-05 0.0 -0.0001480787121074724 7.306655030386824e-05 0.0 -0.0001528737934713627 6.816548569365509e-05 0.0 -0.0001574681808165196 6.289346662715225e-05 0.0 -0.0001618432235610814 5.725627053826756e-05 0.0 -0.0001659794354423099 5.1261614252718e-05 0.0 -0.00016985646557548 4.491946695565517e-05 0.0 -0.0001734530900087325 3.824235742488466e-05 0.0 -0.0001767472270191449 3.124567532603923e-05 0.0 -0.0001797159798554367 2.394796562144743e-05 0.0 -0.0001823357110300564 1.637121417300141e-05 0.0 -0.000184582152706474 8.54112145078064e-06 0.0 -0.0001864305554152715 4.873601844824552e-07 0.0 -0.0001878558860734548 -7.75619596869454e-06 0.0 -0.0001888330775414787 -1.615125651641671e-05 0.0 -0.0001893373172773401 -2.465494773576205e-05 0.0 -0.000189344419122343 -3.321971286432015e-05 0.0 -0.0001888312392358425 -4.179326547938308e-05 0.0 -0.0001877761591548096 -5.031862420389119e-05 0.0 -0.0001861596302844297 -5.873424425907653e-05 0.0 -0.000183964777252394 -6.697426251284149e-05 0.0 -0.0001811780545102744 -7.496887293767877e-05 0.0 -0.0001777899470201522 -8.264484862849266e-05 0.0 -0.0001737957019425785 -8.992622467763524e-05 0.0 -0.0001691960739760653 -9.673515309256799e-05 0.0 -0.000163998062557698 -0.0001029929364215146 0.0 -0.0001582156147724571 -0.0001086212407372149 0.0 -0.0001518702638623813 -0.0001135434811271073 0.0 -0.0001449916700647125 -0.0001176863639857579 0.0 -0.0001376180285699817 -0.0001209815604914315 0.0 -0.0001297963091132883 -0.000123367475132578 0.0 -0.0001215822934946082 -0.0001247910626616253 0.0 -0.0001130403814771989 -0.0001252096371734027 0.0 -0.0001042431422018954 -0.0001245926090206083 0.0 -9.527059744622608e-05 -0.0001229230799126376 0.0 -8.620923447932746e-05 -0.0001201992246660358 0.0 -7.71507593871702e-05 -0.0001164353903942648 0.0 -6.819061578894244e-05 -0.0001116628508835029 0.0 -5.942630784843012e-05 -0.0001059301655800938 0.0 -5.095557928500219e-05 -9.930310866740904e-05 0.0 -4.287451055771601e-05 -9.186415334096827e-05 0.0 -3.527560346732814e-05 -8.3711518392568e-05 0.0 -2.824592520234196e-05 -7.495780705670947e-05 0.0 -2.186538153858971e-05 -6.572829004892523e-05 0.0 -1.62051796513389e-05 -5.615890414705719e-05 0.0 -1.132651478060899e-05 -4.639405315658789e-05 0.0 -7.279409848245705e-06 -3.658430940383564e-05 0.0 -4.101074935397028e-06 -2.688412587897434e-05 0.0 -1.809913161652782e-06 -1.744971461344325e-05 0.0 -3.77419334767775e-07 -8.437465677143394e-06 0.0 0.0 0.0 0.0 0.0 0.0 0.0 -3.369735353158351e-07 1.278123413871403e-05 0.0 -1.574545544374311e-06 2.463457312472978e-05 0.0 -3.45821289929439e-06 3.55632702033155e-05 0.0 -5.952217241109164e-06 4.558076810256177e-05 0.0 -8.994868767568494e-06 5.470877591978361e-05 0.0 -1.252363000451111e-05 6.29753026445348e-05 0.0 -1.648004123886127e-05 7.041295655263306e-05 0.0 -2.081037792915716e-05 7.705745630315645e-05 0.0 -2.546556063903324e-05 8.294633056142277e-05 0.0 -3.040091531033591e-05 8.811779220209255e-05 0.0 -3.557588875864613e-05 9.260977652097248e-05 0.0 -4.09537425775968e-05 9.645913449794599e-05 0.0 -4.650123472579602e-05 9.970097286949274e-05 0.0 -5.218829528397869e-05 0.000102368132881348 0.0 -5.798770186777019e-05 0.0001044907992854647 0.0 -6.38747594229315e-05 0.0001060962305756638 0.0 -6.982698837199298e-05 0.0001072086007610999 0.0 -7.582382430272308e-05 0.0001078489422776586 0.0 -8.184633160995253e-05 0.0001080351790384058 0.0 -8.787693275084809e-05 0.0001077822382084868 0.0 -9.389915407766552e-05 0.0001071022291178691 0.0 -9.989738859592379e-05 0.0001060046778333385 0.0 -0.0001058566754795147 0.0001044968063112057 0.0 -0.000111762495771382 0.000102583845733465 0.0 -0.0001176005834169253 0.0001002693745617526 0.0 -0.0001233567506193028 9.755567297830169e-05 0.0 -0.0001290167264683067 9.444408666248347e-05 0.0 -0.0001345660078702528 9.093539421004108e-05 0.0 -0.0001399897219850186 8.703017387232184e-05 0.0 -0.0001452724996455879 8.272916660940261e-05 0.0 -0.0001503983595818115 7.80336336542627e-05 0.0 -0.0001553506036800615 7.294570782337352e-05 0.0 -0.0001601117239710419 6.746873864002615e-05 0.0 -0.0001646633225372478 6.160763192821706e-05 0.0 -0.0001689860460585 5.536918486456694e-05 0.0 -0.000173059537258593 4.876241753011842e-05 0.0 -0.000176862406068558 4.179890177727079e-05 0.0 -0.0001803722238714242 3.449308772030997e-05 0.0 -0.0001835655447252856 2.686262737645007e-05 0.0 -0.0001864179579510863 1.8928693935751e-05 0.0 -0.0001889041768937019 1.07162937958296e-05 0.0 -0.0001909981688247227 2.254566942295075e-06 0.0 -0.0001926733265679071 -6.422933607331652e-06 0.0 -0.0001939027179427677 -1.527797406982961e-05 0.0 -0.0001946593419991308 -2.426741465421726e-05 0.0 -0.0001949165036130719 -3.334304397976477e-05 0.0 -0.0001946482258680673 -4.245146802631155e-05 0.0 -0.0001938297405862498 -5.153407797380046e-05 0.0 -0.0001924380503631284 -6.052711512123799e-05 0.0 -0.0001904525615963749 -6.936185244006613e-05 0.0 -0.0001878557847856937 -7.796491298976638e-05 0.0 -0.0001846340945477478 -8.625874520381048e-05 0.0 -0.0001807785374530976 -9.416227371877066e-05 0.0 -0.0001762856709113016 -0.0001015917416994384 0.0 -0.0001711584110553354 -0.0001084617562708241 0.0 -0.0001654068621658454 -0.000114686542530022 0.0 -0.0001590490949857909 -0.0001201814036032331 0.0 -0.0001521118367531894 -0.0001248643744027821 0.0 -0.0001446310324413494 -0.0001286580453729785 0.0 -0.0001366522350962295 -0.0001314915200499534 0.0 -0.00012823078384017 -0.00013330245738114 0.0 -0.000119431731533997 -0.0001340391373501274 0.0 -0.0001103294905699686 -0.0001336624775990548 0.0 -0.0001010071748990409 -0.0001321479205965169 0.0 -9.155562898637842e-05 -0.0001294871066155307 0.0 -8.207214942408915e-05 -0.0001256892483713077 0.0 -7.265892156514906e-05 -0.0001207821293438873 0.0 -6.34212106386714e-05 -0.0001148126598773023 0.0 -5.446536301195417e-05 -0.0001078469428823173 0.0 -4.589668713423795e-05 -9.996982357671069e-05 0.0 -3.781729383797807e-05 -9.12839238218624e-05 0.0 -3.032398087053934e-05 -8.190818944242793e-05 0.0 -2.350624568088748e-05 -7.19760063422177e-05 0.0 -1.74445014298258e-05 -6.163296609976335e-05 0.0 -1.220854296129092e-05 -5.103438219772076e-05 0.0 -7.856194940613418e-06 -4.034267349813746e-05 0.0 -4.431464050395386e-06 -2.972474699035319e-05 0.0 -1.958005891626197e-06 -1.934956238237828e-05 0.0 -4.086729280814933e-07 -9.386297460301231e-06 0.0 0.0 0.0 0.0 0.0 0.0 0.0 -3.399491014105923e-07 1.359880553772913e-05 0.0 -1.588588802309507e-06 2.618727897566974e-05 0.0 -3.489326183269627e-06 3.777390840691769e-05 0.0 -6.006215427520888e-06 4.837746639561333e-05 0.0 -9.077099293937623e-06 5.802493858158218e-05 0.0 -1.263891764049775e-05 6.674950434662877e-05 0.0 -1.663268546060791e-05 7.458878364754829e-05 0.0 -2.100416898737139e-05 8.158330291340612e-05 0.0 -2.570380976359459e-05 8.777515747544973e-05 0.0 -3.068649827729143e-05 9.320685613645439e-05 0.0 -3.591130184955452e-05 9.79203368361189e-05 0.0 -4.134116938459872e-05 0.0001019561440231005 0.0 -4.694262183864634e-05 0.0001053527590402403 0.0 -5.268543467664035e-05 0.0001081460748756494 0.0 -5.85423177433737e-05 0.0001103690062420777 0.0 -6.448859733148158e-05 0.0001120512252979607 0.0 -7.050190454517902e-05 0.0001132190125688718 0.0 -7.656187332216366e-05 0.0001138952118984451 0.0 -8.264985071432025e-05 0.0001140992776607939 0.0 -8.874862127557038e-05 0.0001138474020851684 0.0 -9.484214669612148e-05 0.0001131527104355667 0.0 -0.0001009153211858091 0.0001120255119845225 0.0 -0.0001069537425684363 0.0001104735952272807 0.0 -0.000112943498620368 0.0001085025565826335 0.0 -0.0001188709678795471 0.0001061161528825117 0.0 -0.0001247226339685058 0.0001033166692110882 0.0 -0.0001304849124141818 0.0001001052950520691 0.0 -0.0001361439890012895 9.648250317084291e-05 0.0 -0.000141685668854343 9.244842712622028e-05 0.0 -0.0001470952356939671 8.800323470796678e-05 0.0 -0.0001523573210429578 8.314749587113878e-05 0.0 -0.0001574557835540366 7.788254483517465e-05 0.0 -0.0001623735990827842 7.221083689364092e-05 0.0 -0.0001670927626257553 6.613630110865936e-05 0.0 -0.0001715942037767185 5.96646904212662e-05 0.0 -0.000175857717916134 5.2803930782698e-05 0.0 -0.0001798619159337487 4.556447069611488e-05 0.0 -0.0001835841958845655 3.795963205245313e-05 0.0 -0.000187000740586052 3.000596234792762e-05 0.0 -0.0001900865457761533 2.172358727789794e-05 0.0 -0.00019281548403248 1.313656127398718e-05 0.0 -0.0001951604108317708 4.273211806035253e-06 0.0 -0.000197093309511136 -4.833529093283024e-06 0.0 -0.0001985855232722811 -1.414580452900107e-05 0.0 -0.0001996079830490524 -2.362054351664151e-05 0.0 -0.0002001315727112645 -3.320922295809795e-05 0.0 -0.0002001275307042008 -4.2857685868449e-05 0.0 -0.0001995679388813251 -5.250603320665313e-05 0.0 -0.0001984262932021515 -6.208861083937595e-05 0.0 -0.0001966781579522706 -7.153411417344043e-05 0.0 -0.0001943019020685192 -8.076583407645175e-05 0.0 -0.0001912795122181931 -8.970206820829478e-05 0.0 -0.0001875974726201093 -9.82567212852506e-05 0.0 -0.0001832476961430769 -0.0001063401157099485 0.0 -0.0001782284851018125 -0.0001138600300864912 0.0 -0.0001725454936424486 -0.0001207229771202337 0.0 -0.0001662126570422935 -0.0001268357240918305 0.0 -0.0001592530471371653 -0.0001321070484602758 0.0 -0.0001516996080398089 -0.0001364497083591386 0.0 -0.000143595723006949 -0.0001397825932267495 0.0 -0.0001349955624556557 -0.0001420330042629295 0.0 -0.0001259641653755642 -0.0001431389988301583 0.0 -0.0001165772122439509 -0.00014305171857103 0.0 -0.0001069204572989742 -0.0001417376093312638 0.0 -9.708880160667058e-05 -0.0001391804334501782 0.0 -8.71850053164129e-05 -0.0001353829729955555 0.0 -7.731805695717271e-05 -0.0001303683271746275 0.0 -6.760123829787985e-05 -0.0001241807190699237 0.0 -5.814994357076148e-05 -0.0001168857460192137 0.0 -4.907932994328445e-05 -0.000108570033646358 0.0 -4.050189022307532e-05 -9.934028427982872e-05 0.0 -3.252504725703811e-05 -8.93217441460995e-05 0.0 -2.524887084473828e-05 -7.86561477222358e-05 0.0 -1.876400963970745e-05 -6.749922924468106e-05 0.0 -1.314990043066172e-05 -5.601791815298965e-05 0.0 -8.473192652997078e-06 -4.438735609167431e-05 0.0 -4.785663735394252e-06 -3.278789298023251e-05 0.0 -2.11709782485837e-06 -2.140227619222081e-05 0.0 -4.423012348597724e-07 -1.041350218053459e-05 0.0 0.0 0.0 0.0 0.0 0.0 0.0 -3.419682403238362e-07 1.442244512576338e-05 0.0 -1.598220976991551e-06 2.775175581163126e-05 0.0 -3.510896806003977e-06 4.000164311152588e-05 0.0 -6.044032928649981e-06 5.119618612506648e-05 0.0 -9.135222424823883e-06 6.136762311618473e-05 0.0 -1.27210794379763e-05 7.055428707645179e-05 0.0 -1.674225936204176e-05 7.879880487446473e-05 0.0 -2.114415545451273e-05 8.614652054746548e-05 0.0 -2.587684087248049e-05 9.264412136896198e-05 0.0 -3.089485967665222e-05 9.833845231107517e-05 0.0 -3.61569709179948e-05 0.0001032755077805588 0.0 -4.162586773772393e-05 0.0001074995911335052 0.0 -4.726787988636106e-05 0.0001110526330829928 0.0 -5.305266570623229e-05 0.0001139736600323087 0.0 -5.895289895511197e-05 0.0001162984028375899 0.0 -6.494395532910772e-05 0.0001180590357289983 0.0 -7.100360294025129e-05 0.0001192840342675836 0.0 -7.711170031380223e-05 0.000119998140425099 0.0 -8.324990472780305e-05 0.0001202224222569356 0.0 -8.94013929650376e-05 0.0001199744152760874 0.0 -9.555059582506435e-05 0.0001192683325819487 0.0 -0.0001016829470855969 0.0001181153310768971 0.0 -0.0001077846470350469 0.0001165238217146745 0.0 -0.000113842440240402 0.000114499812642541 0.0 -0.0001198434068777534 0.0001120472752794765 0.0 -0.0001257747667405083 0.0001091685247559867 0.0 -0.0001316236949502975 0.0001058646076584924 0.0 -0.0001373771484208276 0.0001021356915997562 0.0 -0.0001430217022552069 9.79814527038465e-05 0.0 -0.0001485433954806442 9.340145858193002e-05 0.0 -0.0001539275858285317 8.839554572370805e-05 0.0 -0.0001591588136411553 8.296419138833126e-05 0.0 -0.000164220675418539 7.710888100862773e-05 0.0 -0.000169095708002188 7.083247279454271e-05 0.0 -0.0001737652849208392 6.41395616165396e-05 0.0 -0.0001782095269926876 5.703684435608565e-05 0.0 -0.0001824072298860954 4.953348872290775e-05 0.0 -0.0001863358119842717 4.164150705564855e-05 0.0 -0.000189971286577902 3.337613584274527e-05 0.0 -0.0001932882631379045 2.475622061945901e-05 0.0 -0.0001962599831819595 1.580460450073579e-05 0.0 -0.0001988583978953242 6.548516878584967e-06 0.0 -0.0002010542829117904 -2.980043208524094e-06 0.0 -0.0002028174445843191 -1.274393524932921e-05 0.0 -0.0002041169142661863 -2.270051769609629e-05 0.0 -0.0002049212943868904 -3.280133202694806e-05 0.0 -0.0002051991414585692 -4.299184622157417e-05 0.0 -0.0002049194425931458 -5.321126114463576e-05 0.0 -0.0002040521845551576 -6.339240821006688e-05 0.0 -0.0002025690188161092 -7.346176333482263e-05 0.0 -0.0002004440239633116 -8.333960400925084e-05 0.0 -0.0001976545629910719 -9.29403378537676e-05 0.0 -0.0001941822281233295 -0.000102173031424581 0.0 -0.0001900138598746992 -0.0001109421668520196 0.0 -0.0001851426201400322 -0.0001191486507134743 0.0 -0.0001795690914318676 -0.0001266910939545317 0.0 -0.0001733023663289243 -0.0001334673733516894 0.0 -0.0001663610832862941 -0.0001393764737809724 0.0 -0.0001587743578753658 -0.0001443205964644979 0.0 -0.0001505825530843684 -0.0001482075017524235 0.0 -0.0001418378294089817 -0.0001509530365543146 0.0 -0.0001326044159780034 -0.0001524837773361533 0.0 -0.0001229585486548828 -0.0001527397010863261 0.0 -0.0001129880304524281 -0.0001516767805582844 0.0 -0.0001027913838465774 -0.0001492693883107171 0.0 -9.247658335149913e-05 -0.0001455123884468315 0.0 -8.215937915730824e-05 -0.0001404227970941196 0.0 -7.196124732454112e-05 -0.0001340409036391632 0.0 -6.200702709761525e-05 -0.0001264307648684754 0.0 -5.242232914740949e-05 -0.0001176800128887945 0.0 -4.33308176852922e-05 -0.0001078989534651526 0.0 -3.485148223770327e-05 -9.721897178577283e-05 0.0 -2.709601941200104e-05 -8.579030452468339e-05 0.0 -2.016643807816355e-05 -7.377927698806498e-05 0.0 -1.415296978308075e-05 -6.136513888054834e-05 0.0 -9.132231107327767e-06 -4.873666003422932e-05 0.0 -5.164866514168548e-06 -3.608867315463091e-05 0.0 -2.287783208212513e-06 -2.361881430884504e-05 0.0 -4.784391591631362e-07 -1.152498764886804e-05 0.0 0.0 0.0 0.0 0.0 0.0 0.0 -3.430296617570067e-07 1.524984278645104e-05 0.0 -1.603437685724691e-06 2.932373102528319e-05 0.0 -3.522916503034132e-06 4.22405401276058e-05 0.0 -6.065653227109264e-06 5.402958753883521e-05 0.0 -9.169202723663548e-06 6.472829903407186e-05 0.0 -1.27700422647062e-05 7.438010749936098e-05 0.0 -1.680862419289058e-05 8.30326095456347e-05 0.0 -2.123009548411661e-05 9.07359488030328e-05 0.0 -2.598426205148708e-05 9.754140629038344e-05 0.0 -3.102540145870332e-05 0.0001035001840161622 0.0 -3.631202722888026e-05 0.0001086623710565829 0.0 -4.180662591879995e-05 0.0001130760828724515 0.0 -4.747537490006277e-05 0.0001167867650713428 0.0 -5.328784668013295e-05 0.0001198366525424117 0.0 -5.921670511937459e-05 0.0001222643741632505 0.0 -6.52373985130901e-05 0.0001241046923271377 0.0 -7.13278539900834e-05 0.0001253883655489579 0.0 -7.746817703650828e-05 0.0001261421215263034 0.0 -8.364035923058127e-05 0.0001263887273716396 0.0 -8.982799652004136e-05 0.0001261471433716429 0.0 -9.601601963627072e-05 0.0001254327466186905 0.0 -0.0001021904375559492 0.0001242576112146103 0.0 -0.0001083380943235474 0.0001226308324582857 0.0 -0.0001144464390572507 0.0001205588834629287 0.0 -0.0001205033085895668 0.0001180459939530708 0.0 -0.0001264967219464897 0.0001150945424992248 0.0 -0.0001324146857437151 0.0001117054550852553 0.0 -0.0001382450095680982 0.0001078786045926746 0.0 -0.0001439751305072124 0.0001036132074524386 0.0 -0.0001495919461777898 9.890821528966696e-05 0.0 -0.0001550816558732588 9.376270081044336e-05 0.0 -0.0001604296097909257 8.817623840370321e-05 0.0 -0.0001656201667020729 8.214928091784205e-05 0.0 -0.0001706365608874611 7.568353479464711e-05 0.0 -0.000175460779673334 6.878233618562143e-05 0.0 -0.0001800734534684303 6.145103082837115e-05 0.0 -0.0001844537608219689 5.369736031914141e-05 0.0 -0.0001885793516984178 4.553185698001514e-05 0.0 -0.0001924262929004404 3.696824878483024e-05 0.0 -0.0001959690403829328 2.802387477828382e-05 0.0 -0.000199180444082202 1.872011011934276e-05 0.0 -0.000202031792570342 9.08279831168335e-06 0.0 -0.000204492895247436 -8.573131807393359e-07 0.0 -0.0002065322497284004 -1.106415291277759e-05 0.0 -0.0002081172103490267 -2.149589088940765e-05 0.0 -0.0002092142914329173 -3.210453983906875e-05 0.0 -0.0002097895283872277 -4.283562141336299e-05 0.0 -0.0002098089297626731 -5.362787784484356e-05 0.0 -0.0002092390332258131 -6.441306962879911e-05 0.0 -0.0002080475692392353 -7.511588518839913e-05 0.0 -0.0002062042372597848 -8.56539922363613e-05 0.0 -0.000203681595613002 -9.593826348029975e-05 0.0 -0.0002004560611940579 -0.0001058732109520555 0.0 -0.0001965090088431614 -0.0001153576632695669 0.0 -0.0001918279526264546 -0.0001242857180463752 0.0 -0.0001864077824756403 -0.0001325479968986733 0.0 -0.0001802520200361888 -0.0001400332225626089 0.0 -0.0001733740476834083 -0.0001466301261599684 0.0 -0.0001657982552381684 -0.0001522296775042325 0.0 -0.0001575610408946959 -0.0001567276127187272 0.0 -0.0001487115973509384 -0.0001600272119636407 0.0 -0.0001393124122522982 -0.0001620422568425716 0.0 -0.0001294394148956189 -0.0001627000736825232 0.0 -0.0001191817095384749 -0.0001619445473958619 0.0 -0.0001086408500691047 -0.000159738973385344 0.0 -9.79296311113896e-05 -0.0001560686043750717 0.0 -8.717039609484e-05 -0.0001509427473671788 0.0 -7.649289192685284e-05 -0.0001443962748284255 0.0 -6.6031730518959e-05 -0.0001364904345403546 0.0 -5.592354689551478e-05 -0.0001273128740278745 0.0 -4.630396906174712e-05 -0.0001169768365948928 0.0 -3.730453338296287e-05 -0.0001056195340094429 0.0 -2.90496882212724e-05 -9.339975207289595e-05 0.0 -2.165402412189113e-05 -8.049479538670805e-05 0.0 -1.52198362565153e-05 -6.709692239783422e-05 0.0 -9.8349787207525e-06 -5.340945857674716e-05 0.0 -5.570192081350977e-06 -3.964280887676686e-05 0.0 -2.470631250435861e-06 -2.601066291556953e-05 0.0 -5.172175282750003e-07 -1.27269842801875e-05 0.0 0.0 0.0 0.0 0.0 0.0 0.0 -3.431414223868943e-07 1.607869681573586e-05 0.0 -1.604277245897245e-06 3.089894946817722e-05 0.0 -3.525467931632084e-06 4.448468795247255e-05 0.0 -6.071210900999818e-06 5.687035175544651e-05 0.0 -9.179224527885313e-06 6.809844575924226e-05 0.0 -1.27860267333544e-05 7.821741091456939e-05 0.0 -1.683201140918408e-05 8.72797435454828e-05 0.0 -2.126219402943109e-05 9.53403410935343e-05 0.0 -2.602620299170038e-05 0.0001024550571306728 0.0 -3.107811869386296e-05 0.0001086794529291299 0.0 -3.637626227343738e-05 0.0001140677356959977 0.0 -4.18829543617659e-05 0.0001186718748885456 0.0 -4.756425133991453e-05 0.0001225408882175028 0.0 -5.338966475235368e-05 0.0001257202883900089 0.0 -5.933186925910377e-05 0.0001282516806500772 0.0 -6.536640425790529e-05 0.0001301724999919996 0.0 -7.147137387719364e-05 0.0001315158757501561 0.0 -7.762714944468752e-05 0.0001323106102614239 0.0 -8.381607783004887e-05 0.0001325812575674687 0.0 -9.002219830165735e-05 0.0001323482877495076 0.0 -9.623096978010566e-05 0.0001316283225084542 0.0 -0.0001024290096589796 0.0001304344280272988 0.0 -0.0001086038447311558 0.0001287764519604256 0.0 -0.0001147436742301255 0.0001266613925428954 0.0 -0.0001208371445847562 0.0001240937892398757 0.0 -0.000126873135197771 0.0001210761259883437 0.0 -0.0001328405543913705 0.000117609239839516 0.0 -0.0001387281446109687 0.0001136927296099096 0.0 -0.0001445242960298683 0.0001093253609143002 0.0 -0.0001502168678423794 0.0001045054656157922 0.0 -0.0001557930167591488 9.92313352279556e-05 0.0 -0.0001612390325166941 9.350160909471618e-05 0.0 -0.0001665401805763056 8.731565922079677e-05 0.0 -0.0001716805526118245 8.067397440571359e-05 0.0 -0.0001766429258710424 7.357854683391445e-05 0.0 -0.0001814086330446776 6.603326448597794e-05 0.0 -0.0001859574448959899 5.804431265848613e-05 0.0 -0.0001902674686010399 4.962058751223647e-05 0.0 -0.0001943150655326847 4.077412390826039e-05 0.0 -0.0001980747930979032 3.152053883691303e-05 0.0 -0.0002015193761825679 2.187949050646975e-05 0.0 -0.0002046197148744141 1.187515158783216e-05 0.0 -0.0002073449340320031 1.536693592428635e-06 0.0 -0.0002096624789774529 -9.101236654804028e-06 0.0 -0.0002115383137984536 -1.999801556194466e-05 0.0 -0.0002129371102084319 -3.110656360810697e-05 0.0 -0.0002138226033528837 -4.23729210005525e-05 0.0 -0.0002141580047090157 -5.373586035906959e-05 0.0 -0.0002139065321828794 -6.512657531175724e-05 0.0 -0.0002130320583258728 -7.646847280546106e-05 0.0 -0.0002114998857070706 -8.767710183883838e-05 0.0 -0.000209277654905429 -9.866025545042719e-05 0.0 -0.0002063363856034022 -0.0001093182858436703 0.0 -0.000202651644817676 -0.0001195446740864701 0.0 -0.0001982048281676608 -0.0001292268952277591 0.0 -0.000192984530311711 -0.0001382476162058339 0.0 -0.0001869879695458459 -0.000146486256874082 0.0 -0.0001802224195748226 -0.0001538209332369601 0.0 -0.0001727065894163483 -0.000160130786193681 0.0 -0.0001644718813436523 -0.000165298678705613 0.0 -0.0001555634480010157 -0.0001692142197997948 0.0 -0.0001460409647788925 -0.000171777046254704 0.0 -0.0001359790336534816 -0.0001729002638974352 0.0 -0.0001254671412414213 -0.0001725139225151817 0.0 -0.0001146091076542288 -0.0001705683742928707 0.0 -0.0001035219840982069 -0.0001670373485397907 0.0 -9.233438548685937e-05 -0.0001619205682830929 0.0 -8.118427813578868e-05 -0.000155245739600732 0.0 -7.021627951567514e-05 -0.0001470697639095873 0.0 -5.957856391972165e-05 -0.0001374790570530688 0.0 -4.941950117014079e-05 -0.0001265889056024799 0.0 -3.988418146025911e-05 -0.0001145418473312198 0.0 -3.111099450756907e-05 -0.000101505124963365 0.0 -2.322843056291873e-05 -8.766732473256783e-05 0.0 -1.635223811483015e-05 -7.323436858476324e-05 0.0 -1.058291576131467e-05 -5.842507713118805e-05 0.0 -6.002673263610056e-06 -4.346656361399702e-05 0.0 -2.666180776911715e-06 -2.858980197192634e-05 0.0 -5.587621179044818e-07 -1.402603423205758e-05 0.0 0.0 0.0 0.0 0.0 0.0 0.0 -3.42322208770895e-07 1.690673806698086e-05 0.0 -1.600826545429214e-06 3.247321712328007e-05 0.0 -3.518737183457042e-06 4.672825654183908e-05 0.0 -6.061012433855398e-06 5.971125052621884e-05 0.0 -9.165722238160577e-06 7.146962968368322e-05 0.0 -1.276958771817013e-05 8.205671236725222e-05 0.0 -1.681307380180659e-05 9.15297917538171e-05 0.0 -2.124116468492049e-05 9.994844612534227e-05 0.0 -2.600338744464988e-05 0.0001073730583702978 0.0 -3.105368242299561e-05 0.0001138635337899637 0.0 -3.63502207529547e-05 0.0001194782077258913 0.0 -4.185518853314926e-05 0.0001242729355114422 0.0 -4.753454471957057e-05 0.0001283003570856081 0.0 -5.335775827197393e-05 0.000131609327687529 0.0 -5.92975300275189e-05 0.0001342445047168401 0.0 -6.532950466545104e-05 0.0001362460793716634 0.0 -7.143197778100978e-05 0.000137649640275432 0.0 -7.758560253365114e-05 0.000138486155135536 0.0 -8.377309963990575e-05 0.000138782055653761 0.0 -8.997897371216943e-05 0.0001385594105009602 0.0 -9.618923816171334e-05 0.0001378361712083763 0.0 -0.0001023911501370714 0.000136626476313534 0.0 -0.0001085729562958909 0.00013494099999867 0.0 -0.0001147236496357305 0.0001327873327198796 0.0 -0.0001208327371526095 0.0001301703828740011 0.0 -0.0001268900177613728 0.0001270927903054403 0.0 -0.0001328853696975974 0.0001235553443299243 0.0 -0.0001388085465199057 0.0001195574008610604 0.0 -0.0001446489808339879 0.00011509729508912 0.0 -0.0001503955949539748 0.0001101727479099657 0.0 -0.0001560366178922091 0.0001047812658779017 0.0 -0.0001615594083161319 9.892053581508088e-05 0.0 -0.0001669502834252246 9.258881632063304e-05 0.0 -0.0001721943540798687 8.578532926538326e-05 0.0 -0.0001772753669598284 7.851065492302332e-05 0.0 -0.0001821755550490897 7.076713467279559e-05 0.0 -0.0001868754983456807 6.255928521255534e-05 0.0 -0.0001913539973918187 5.389422794496695e-05 0.0 -0.0001955879630234575 4.478213664048475e-05 0.0 -0.0001995523266584892 3.523670562661537e-05 0.0 -0.0002032199764868861 2.527563956932447e-05 0.0 -0.0002065617260758961 1.492116425432535e-05 0.0 -0.000209546323934221 4.200555517572198e-06 0.0 -0.0002121404996562572 -6.853321671147971e-06 0.0 -0.0002143091205809083 -1.820145488468381e-05 0.0 -0.00021601532364152 -2.979812755558886e-05 0.0 -0.0002172208270950724 -4.159039287580796e-05 0.0 -0.0002178862963162585 -5.351758526260226e-05 0.0 -0.0002179718336883633 -6.551089210555198e-05 0.0 -0.0002174375959918014 -7.749301672354595e-05 0.0 -0.000216244552452409 -8.937796815802263e-05 0.0 -0.0002143553937039027 -0.0001010710184630989 0.0 -0.0002117355973434264 -0.0001124688728088725 0.0 -0.0002083546494361484 -0.0001234601011370869 0.0 -0.0002041874129130817 -0.0001339258814619292 0.0 -0.0001992156232394644 -0.0001437411032859356 0.0 -0.0001934294791732309 -0.0001527758740585331 0.0 -0.0001868292823273238 -0.0001608974612552876 0.0 -0.0001794270643711379 -0.0001679726868034475 0.0 -0.0001712481261908558 -0.0001738707688863557 0.0 -0.000162332400655507 -0.0001784665788278858 0.0 -0.0001527355415526759 -0.000181644248698201 0.0 -0.000142529637633292 -0.0001833010302315468 0.0 -0.0001318034543110896 -0.0001833512702021328 0.0 -0.0001206621178020254 -0.0001817303349262349 0.0 -0.000109226178098119 -0.0001783982909257719 0.0 -9.763001794255823e-05 -0.0001733431339960481 0.0 -8.601961356457986e-05 -0.0001665833585538616 0.0 -7.454969680319967e-05 -0.0001581696757894508 0.0 -6.338041378201476e-05 -0.000148185723839106 0.0 -5.267361811106386e-05 -0.0001367476649968053 0.0 -4.258897198097091e-05 -0.0001240026308194324 0.0 -3.328005174405205e-05 -0.0001101260508055976 0.0 -2.489065960030435e-05 -9.53179776588067e-05 0.0 -1.755151144124672e-05 -7.979859502502267e-05 0.0 -1.137730230759946e-05 -6.380315655141587e-05 0.0 -6.463239971428727e-06 -4.757666106719335e-05 0.0 -2.874934006034118e-06 -3.136866452242469e-05 0.0 -6.031924947391332e-07 -1.542897798499452e-05 0.0 0.0 0.0 0.0 0.0 0.0 0.0 -3.406026516060198e-07 1.77317572392751e-05 0.0 -1.593227070981065e-06 3.404245048456801e-05 0.0 -3.503026659271724e-06 4.896556378075939e-05 0.0 -6.035557655512717e-06 6.254522514814079e-05 0.0 -9.129411544456745e-06 7.483359133427771e-05 0.0 -1.27216561177443e-05 8.588868841333831e-05 0.0 -1.675293814944703e-05 9.577247131996761e-05 0.0 -2.116829326820581e-05 0.0001045491001676384 0.0 -2.591720754603009e-05 0.0001122834233905091 0.0 -3.095352439804795e-05 0.0001190396593256379 0.0 -3.62352953574994e-05 0.0001248802697578507 0.0 -4.17245933918867e-05 0.0001298650194826483 0.0 -4.738729547781721e-05 0.0001340502153061572 0.0 -5.319283993971788e-05 0.0001374881165191633 0.0 -5.911396420841695e-05 0.00014022650712912 0.0 -6.512642868571925e-05 0.0001423084183056134 0.0 -7.120873213535125e-05 0.0001437719878158248 0.0 -7.734182350292331e-05 0.000144650441860336 0.0 -8.35088143758273e-05 0.0001449721837759595 0.0 -8.969469550556027e-05 0.0001447609736138259 0.0 -9.588605999782055e-05 0.0001440361826489806 0.0 -0.0001020708349854426 0.0001428131074178946 0.0 -0.0001082380228779612 0.0001411033288687468 0.0 -0.0001143774526582267 0.0001389151035795217 0.0 -0.0001204795411878487 0.0001362537756685061 0.0 -0.0001265350640958708 0.0001331221998994756 0.0 -0.0001325349355574695 0.0001295211684763089 0.0 -0.0001384699961144739 0.0001254498360390924 0.0 -0.0001443308076366941 0.0001209061393343797 0.0 -0.0001501074545609492 0.0001158872098663233 0.0 -0.0001557893506626413 0.0001103897794868498 0.0 -0.0001613650508045247 0.0001044105803104189 0.0 -0.0001668220673642864 9.794674151469776e-05 0.0 -0.0001721466913663811 9.099618649752727e-05 0.0 -0.0001773238187386198 8.355803449744802e-05 0.0 -0.0001823367825892849 7.563301115086101e-05 0.0 -0.0001871671929691442 6.722387255738087e-05 0.0 -0.0001917947862609098 5.833584725845377e-05 0.0 -0.0001961972871448328 4.897710009921342e-05 0.0 -0.0002003502870443346 3.915922122384252e-05 0.0 -0.0002042271441057195 2.889774241030924e-05 0.0 -0.0002077989111244038 1.82126814888964e-05 0.0 -0.000211034300805039 7.129113606965829e-06 0.0 -0.0002138996817057077 -4.322234263600759e-06 0.0 -0.0002163591798327948 -1.610437115854598e-05 0.0 -0.0002183747538166441 -2.817340566293928e-05 0.0 -0.0002199064484389821 -4.047791944512159e-05 0.0 -0.0002209127031333583 -5.295837533056501e-05 0.0 -0.0002213507864955245 -6.554656532277862e-05 0.0 -0.0002211773663657277 -7.816513386323728e-05 0.0 -0.00022034923227255 -9.07272137729012e-05 0.0 -0.0002188241856435052 -0.000103136218572371 0.0 -0.0002165621094547363 -0.0001152858414658632 0.0 -0.0002135262231223718 -0.0001270603169127961 0.0 -0.0002096845200780818 -0.0001383350044769422 0.0 -0.0002050113744122136 -0.0001489773554667039 0.0 -0.0001994892892182426 -0.000158848319569298 0.0 -0.0001931107431435206 -0.0001678042400195488 0.0 -0.0001858800738456562 -0.0001756992707413762 0.0 -0.0001778153187287588 -0.0001823883265979567 0.0 -0.0001689499161201851 -0.0001877305481929737 0.0 -0.0001593341559995349 -0.0001915932261977079 0.0 -0.0001490362608425661 -0.0001938560885685696 0.0 -0.0001381429764719502 -0.000194415810026878 0.0 -0.0001267595621081418 -0.0001931905606520893 0.0 -0.0001150090895094328 -0.0001901243741146759 0.0 -0.0001030309935411746 -0.0001851910910965797 0.0 -9.097885969949456e-05 -0.0001783976247577634 0.0 -7.901748546428413e-05 -0.0001697863066739915 0.0 -6.731930780325185e-05 -0.0001594361057046296 0.0 -5.606034343945807e-05 -0.0001474625685566732 0.0 -4.541583570522681e-05 -0.0001340164064349317 0.0 -3.555583576652735e-05 -0.0001192807414447187 0.0 -2.664095907808778e-05 -0.0001034671215285853 0.0 -1.881852930437239e-05 -8.68105048469303e-05 0.0 -1.221914253920085e-05 -6.956349612475313e-05 0.0 -6.952701079850467e-06 -5.199019001001111e-05 0.0 -3.097349412685608e-06 -3.436008854891746e-05 0.0 -6.506206678194203e-07 -1.694293791457132e-05 0.0 0.0 0.0 0.0 0.0 0.0 0.0 -3.380266791176824e-07 1.855163539598976e-05 0.0 -1.581681129314972e-06 3.560273182476707e-05 0.0 -3.478768376073067e-06 5.119114991423794e-05 0.0 -5.995561916567352e-06 6.536547483692534e-05 0.0 -9.071321709722689e-06 7.818234297275609e-05 0.0 -1.264358197807212e-05 8.970427982865174e-05 0.0 -1.665325947021037e-05 9.999773601325125e-05 0.0 -2.104550313748324e-05 0.0001091313302427961 0.0 -2.57697998813376e-05 0.0001171742943560144 0.0 -3.077992342144818e-05 0.0001241951152954653 0.0 -3.603382284115537e-05 0.0001302603702314917 0.0 -4.14934686837845e-05 0.0001354337509333244 0.0 -4.712466307043012e-05 0.000139775272253347 0.0 -5.289681943094439e-05 0.0001433406576378532 0.0 -5.878271780727459e-05 0.0001461808923168598 0.0 -6.475824185126915e-05 0.0001483419325731118 0.0 -7.080210344323254e-05 0.0001498645574807391 0.0 -7.689556036324904e-05 0.000150784347901439 0.0 -8.30221317460751e-05 0.0001511317764348952 0.0 -8.916731523029496e-05 0.0001509323914930131 0.0 -9.531830884968741e-05 0.0001502070787127414 0.0 -0.0001014637398709499 0.0001489723835109981 0.0 -0.0001075934020032621 0.0001472408796592099 0.0 -0.0001136980017230095 0.0001450215702340466 0.0 -0.0001197689138893774 0.0001423203090908777 0.0 -0.0001257979463803732 0.0001391402330065263 0.0 -0.0001317771131524691 0.0001354821967475607 0.0 -0.0001376984149128737 0.0001313452054452778 0.0 -0.0001435536264805647 0.0001267268407150371 0.0 -0.0001493340898888083 0.0001216236788759375 0.0 -0.0001550305123372443 0.0001160317013528263 0.0 -0.0001606327682277581 0.0001099466988380965 0.0 -0.0001661297047113146 0.0001033646720324388 0.0 -0.0001715089504335192 9.628223276138266e-05 0.0 -0.0001767567275009848 8.86970099777524e-05 0.0 -0.0001818576671099927 8.06080656149771e-05 0.0 -0.000186794629799772 7.201632546046741e-05 0.0 -0.000191548531935578 6.292503017737186e-05 0.0 -0.000196098180815879 5.33402113150214e-05 0.0 -0.0002004201217623873 4.327119659985163e-05 0.0 -0.0002044885017462869 3.273114796394591e-05 0.0 -0.0002082749555629201 2.173763463243175e-05 0.0 -0.0002117485234628504 1.031324211222647e-05 0.0 -0.0002148755964085854 -1.513783212343344e-06 0.0 -0.0002176199526077841 -1.370887548698587e-05 0.0 -0.0002199427789252107 -2.623043278292776e-05 0.0 -0.0002218028480089073 -3.902909229142579e-05 0.0 -0.0002231567615229248 -5.20470375405139e-05 0.0 -0.0002239593142448405 -6.521731704131236e-05 0.0 -0.0002241640001344227 -7.846321997613729e-05 0.0 -0.0002237236796018807 -9.16977455897319e-05 0.0 -0.0002225914290165574 -0.0001048232118671202 0.0 -0.0002207215908599402 -0.0001177310579845639 0.0 -0.0002180710378258991 -0.0001303019031691748 0.0 -0.0002146006562696554 -0.0001424059312238487 0.0 -0.0002102770432790699 -0.0001539036738750012 0.0 -0.0002050743970767768 -0.0001646472658374472 0.0 -0.0001989765625678059 -0.0001744822384814742 0.0 -0.0001919791731734342 -0.0001832499056754815 0.0 -0.0001840918077366038 -0.0001907903734665507 0.0 -0.0001753400589628917 -0.0001969461740081338 0.0 -0.0001657673898986315 -0.000201566483688919 0.0 -0.0001554366401638186 -0.0002045118370975326 0.0 -0.0001444310371213487 -0.0002056591950406937 0.0 -0.0001328545718184547 -0.0002049071705832818 0.0 -0.0001208316177128329 -0.0002021811675953721 0.0 -0.0001085057030862954 -0.0001974381480511478 0.0 -9.603739521871461e-05 -0.0001906707239433734 0.0 -8.360131345574034e-05 -0.0001819102729399723 0.0 -7.138235484557472e-05 -0.0001712288077076205 0.0 -5.957128387958381e-05 -0.0001587393881917634 0.0 -4.835989970843451e-05 -0.0001445949515910092 0.0 -3.793604207416128e-05 -0.0001289855401660116 0.0 -2.847872142811823e-05 -0.0001121340231235048 0.0 -2.015363551134931e-05 -9.429052454383666e-05 0.0 -1.310914544743649e-05 -7.572587450568112e-05 0.0 -7.471724269316593e-06 -5.672449447082122e-05 0.0 -3.333833686093774e-06 -3.757726045189573e-05 0.0 -7.011495490683495e-07 -1.857529839633838e-05 0.0 0.0 0.0 0.0 0.0 0.0 0.0 -3.346529234169953e-07 1.936437782742441e-05 0.0 -1.566458324055494e-06 3.715037057758442e-05 0.0 -3.44653783101892e-06 5.339986024887484e-05 0.0 -5.941979182423107e-06 6.816555491245635e-05 0.0 -8.992829142631404e-06 8.150827697018979e-05 0.0 -1.253717922253074e-05 9.349480554184015e-05 0.0 -1.65162770925797e-05 0.0001041958918216096 0.0 -2.087542239091726e-05 0.0001136844682653844 0.0 -2.556412331399081e-05 0.0001220340525283821 0.0 -3.053609312695484e-05 0.0001293173453343027 0.0 -3.574918100897459e-05 0.0001356050218037815 0.0 -4.116525441278066e-05 0.0001409647149211397 0.0 -4.675003931083228e-05 0.0001454601878311087 0.0 -5.247292416464863e-05 0.0001491506890137403 0.0 -5.83067340330071e-05 0.0001520904815218287 0.0 -6.422748151852294e-05 0.0001543285347149875 0.0 -7.021410111042865e-05 0.0001559083645291346 0.0 -7.624817299322346e-05 0.0001568680064418466 0.0 -8.23136416627177e-05 0.0001572401040287541 0.0 -8.839653382270959e-05 0.0001570520953935594 0.0 -9.448467911221942e-05 0.0001563264797871066 0.0 -0.0001005674363027678 0.0001550811473638139 0.0 -0.0001066354267579448 0.0001533297561819818 0.0 -0.0001126802761972229 0.000151082142142809 0.0 -0.0001186943651717158 0.0001483447494742648 0.0 -0.0001246705881484149 0.0001451210714891975 0.0 -0.0001306021207092179 0.000141412093574281 0.0 -0.000136482194093491 0.0001372167325985928 0.0 -0.0001423038761363197 0.0001325322690821263 0.0 -0.0001480598575665251 0.0001273547704658504 0.0 -0.0001537422426178263 0.0001216795056240794 0.0 -0.0001593423429651144 0.0001155013523223189 0.0 -0.0001648504741219365 0.0001088152006309007 0.0 -0.000170255753626454 0.0001016163563516669 0.0 -0.0001755459006085856 9.390094930704329e-05 0.0 -0.0001807070366840253 8.566635188957967e-05 0.0 -0.0001857234885805305 7.691161358864964e-05 0.0 -0.0001905775934932709 6.763791730952176e-05 0.0 -0.000195249508919545 5.78490631805016e-05 0.0 -0.0001997170296740967 4.755198519673613e-05 0.0 -0.0002039554159767177 3.675730545343939e-05 0.0 -0.0002079372379412025 2.547992986186108e-05 0.0 -0.0002116322437182553 1.373968800954669e-05 0.0 -0.0002150072575018786 1.562018654159016e-06 0.0 -0.0002180261128609442 -1.102131922391347e-05 0.0 -0.000220649695106846 -2.397146551653857e-05 0.0 -0.0002228359540334482 -3.724164673387107e-05 0.0 -0.0002245401049009006 -5.077637349262211e-05 0.0 -0.0002257149048713871 -6.451063172762863e-05 0.0 -0.0002263110782697012 -7.836910667336725e-05 0.0 -0.0002262779081966601 -9.226547592261345e-05 0.0 -0.0002255640216748892 -0.0001061018182946899 0.0 -0.0002241183939502642 -0.0001197681961282927 0.0 -0.0002218915936040432 -0.000133142479422734 0.0 -0.0002188372832055435 -0.0001460904901258818 0.0 -0.0002149139795947136 -0.0001584665524804461 0.0 -0.000210087063042335 -0.0001701145390058714 0.0 -0.0002043310053257509 -0.0001808694994477059 0.0 -0.000197631763480303 -0.0001905599497863307 0.0 -0.0001899892595728979 -0.0001990108782108195 0.0 -0.0001814198389914436 -0.0002060474933618378 0.0 -0.00017195857297381 -0.0002114996965665944 0.0 -0.0001616612486956698 -0.0002152072050201681 0.0 -0.0001506058760173649 -0.0002170251894465156 0.0 -0.0001388935379016022 -0.0002168302222053895 0.0 -0.0001266484250483627 -0.0002145262665266151 0.0 -0.000114016926797485 -0.0002100503824855186 0.0 -0.0001011657003281686 -0.0002033777891020065 0.0 -8.827870674691166e-05 -0.0001945259126688718 0.0 -7.55532812548356e-05 -0.0001835570753026604 0.0 -6.319538818227131e-05 -0.0001705795376756434 0.0 -5.141429133935629e-05 -0.0001557467044706734 0.0 -4.041693575194568e-05 -0.0001392544240114775 0.0 -3.040237618223021e-05 -0.0001213364540346519 0.0 -2.155657344807215e-05 -0.0001022583099776253 0.0 -1.40476822430527e-05 -8.230984694864537e-05 0.0 -8.020813966794976e-06 -6.179704795977537e-05 0.0 -3.584732839404296e-06 -4.103364928278953e-05 0.0 -7.548712340739691e-07 -2.033368199900737e-05 0.0 0.0 0.0 0.0 0.0 0.0 0.0 -3.305562014259674e-07 2.016815141502775e-05 0.0 -1.547902384263241e-06 3.868197113390985e-05 0.0 -3.407068614721153e-06 5.55869365208981e-05 0.0 -5.876026337185543e-06 7.09394852240182e-05 0.0 -8.895692627769555e-06 8.480428534596686e-05 0.0 -1.240477239758636e-05 9.725208807780923e-05 0.0 -1.634487294370813e-05 0.0001083577239263464 0.0 -2.066145327551752e-05 0.0001181982760572613 0.0 -2.530403876992407e-05 0.0001268514387107757 0.0 -3.022627120022235e-05 0.0001343940650557197 0.0 -3.538588636007136e-05 0.0001409009081091575 0.0 -4.074463592771883e-05 0.0001464435565259855 0.0 -4.626816004793994e-05 0.0001510895641620152 0.0 -5.192581691928447e-05 0.0001549017688470186 0.0 -5.769047645297294e-05 0.0001579377922333781 0.0 -6.353828545488487e-05 0.0001602497092594522 0.0 -6.944841167137619e-05 0.0001618838729284261 0.0 -7.540277353340823e-05 0.00016288087790977 0.0 -8.138576165486146e-05 0.0001632756450053472 0.0 -8.738395720272698e-05 0.0001630976078091916 0.0 -9.338585125378545e-05 0.0001623709829032302 0.0 -9.938156825891036e-05 0.0001611151056061789 0.0 -0.0001053625958067691 0.000159344814536297 0.0 -0.0001113215220494172 0.0001570708699488042 0.0 -0.0001172517814429701 0.0001543003928443166 0.0 -0.0001231474088740258 0.0001510373140935361 0.0 -0.0001290028017838594 0.0001472828251698257 0.0 -0.0001348124895582237 0.0001430358244214184 0.0 -0.0001405709092080582 0.0001382933550612226 0.0 -0.0001462721862120289 0.0001330510331354437 0.0 -0.0001519099193136243 0.0001273034656029925 0.0 -0.0001574769680548575 0.000121044660285264 0.0 -0.0001629652418814631 0.000114268430816871 0.0 -0.0001683654897723551 0.0001069688008431242 0.0 -0.0001736670895367672 9.914041258097045e-05 0.0 -0.0001788578362000947 9.077894550457748e-05 0.0 -0.0001839237292848193 8.188155135425931e-05 0.0 -0.0001888487593132131 7.24473119139886e-05 0.0 -0.0001936146945469305 6.24777260657774e-05 0.0 -0.0001982008698727183 5.197723250239414e-05 0.0 -0.0002025839808836336 4.095377413610141e-05 0.0 -0.000206737887634353 2.941940961624688e-05 0.0 -0.0002106334343170795 1.739097623962693e-05 0.0 -0.0002142382941096659 4.890806630456073e-06 0.0 -0.0002175168349135438 -8.052504482993362e-06 0.0 -0.0002204300896057465 -2.14032728514015e-05 0.0 -0.0002229356895196376 -3.511783726421201e-05 0.0 -0.0002249879738374519 -4.914364246005313e-05 0.0 -0.0002265381716047862 -6.34183083068579e-05 0.0 -0.0002275347294812297 -7.78687014360724e-05 0.0 -0.0002279238075491551 -9.241004591638569e-05 0.0 -0.0002276499758201438 -0.0001069451197685134 0.0 -0.0002266571443827699 -0.0001213635965729866 0.0 -0.0002248897578827247 -0.0001355416049650551 0.0 -0.0002222942796298607 -0.000149341592257496 0.0 -0.0002188209811137288 -0.0001626125903449718 0.0 -0.0002144260382832714 -0.0001751909905336888 0.0 -0.0002090739160822529 -0.0001869019366771128 0.0 -0.000202739997367598 -0.0001975614403350815 0.0 -0.0001954133821007207 -0.0002069793048987317 0.0 -0.0001870997491255981 -0.0002149629153556291 0.0 -0.0001778241385226475 -0.0002213219050777057 0.0 -0.0001676334811260245 -0.0002258736506218149 0.0 -0.0001565986778960623 -0.0002284494720067396 0.0 -0.0001448160205293077 -0.0002289013337329754 0.0 -0.000132407750882388 -0.0002271087580462875 0.0 -0.0001195215843671666 -0.0002229855860568694 0.0 -0.0001063290733421499 -0.0002164861652472978 0.0 -9.302275973311765e-05 -0.0002076105146629797 0.0 -7.98121573259411e-05 -0.0001964080309960025 0.0 -6.691870561600559e-05 -0.0001829793555205509 0.0 -5.456993812382197e-05 -0.0001674761237775858 0.0 -4.299319602799574e-05 -0.000150098461123275 0.0 -3.240927734760036e-05 -0.0001310902556755996 0.0 -2.302641081674236e-05 -0.000110732419101553 0.0 -1.5034740946581e-05 -8.933451741277752e-05 0.0 -8.600287651850152e-06 -6.72253105854161e-05 0.0 -3.850322586536521e-06 -4.474293093839598e-05 0.0 -8.11865126909825e-07 -2.222592136434317e-05 0.0 0.0 0.0 0.0 0.0 0.0 0.0 -3.258291017281807e-07 2.096132571968311e-05 0.0 -1.526438483968607e-06 4.01945074594752e-05 0.0 -3.361268051124715e-06 5.774811745041174e-05 0.0 -5.799209115913083e-06 7.36818693569748e-05 0.0 -8.782090748459025e-06 8.806389094180346e-05 0.0 -1.224924603821866e-05 0.0001009685908271418 0.0 -1.614263266334628e-05 0.0001124746351457641 0.0 -2.040784434411609e-05 0.0001226630810613194 0.0 -2.499439137065323e-05 0.0001316156833494845 0.0 -2.98558102101096e-05 0.0001394133846357391 0.0 -3.494969226922946e-05 0.0001461349978144832 0.0 -4.023764815990291e-05 0.0001518560861525035 0.0 -4.568521432129843e-05 0.0001566480425795766 0.0 -5.126170900254629e-05 0.0001605773652312207 0.0 -5.694004556676758e-05 0.0001637051219179469 0.0 -6.269651153433374e-05 0.0001660865922089897 0.0 -6.851052167091166e-05 0.0001677710724781777 0.0 -7.436435286856305e-05 0.0001688018267114272 0.0 -8.024286770790262e-05 0.0001692161641867832 0.0 -8.613323255309964e-05 0.0001690456243124177 0.0 -9.202463492427311e-05 0.0001683162488977842 0.0 -9.790800379499669e-05 0.0001670489228515819 0.0 -0.0001037757354348179 0.0001652597656333177 0.0 -0.0001096214264958537 0.0001629605576027772 0.0 -0.0001154396152489223 0.0001601591875770962 0.0 -0.0001212255312144613 0.0001568601102843792 0.0 -0.000126974852902443 0.000153064804871852 0.0 -0.0001326834729626353 0.0001487722280766435 0.0 -0.0001383472697374629 0.0001439792580089135 0.0 -0.000143961883989368 0.0001386811266617665 0.0 -0.0001495224994296859 0.0001328718412033084 0.0 -0.0001550236255968944 0.0001265445957968918 0.0 -0.0001604588816137992 0.0001196921771278903 0.0 -0.0001658207793967333 0.0001123073679961328 0.0 -0.0001711005050025437 0.0001043833542804535 0.0 -0.0001762876969952365 9.59141413203127e-05 0.0 -0.000181370221014886 8.689498631542076e-05 0.0 -0.0001863339401651041 7.732285374040368e-05 0.0 -0.0001911624814371839 6.719690102110617e-05 0.0 -0.0001958369992008761 5.651900181982712e-05 0.0 -0.0002003359378637625 4.529431420196867e-05 0.0 -0.0002046347972150976 3.353190064002887e-05 0.0 -0.0002087059058042526 2.124540611426614e-05 0.0 -0.0002125182114581684 8.453799317953088e-06 0.0 -0.000216037084081669 -4.817819494678018e-06 0.0 -0.000219224200724527 -1.853735072909525e-05 0.0 -0.0002220374088099342 -3.266473967371158e-05 0.0 -0.0002244307295176872 -4.715095823795479e-05 0.0 -0.0002263544370910662 -6.193695703372966e-05 0.0 -0.0002277552737611455 -7.695258711948845e-05 0.0 -0.0002285768303968844 -9.21155267612543e-05 0.0 -0.0002287601300717589 -0.0001073302578015527 0.0 -0.0002282444545916039 -0.0001224871505363835 0.0 -0.0002269684540351039 -0.0001374617323431916 0.0 -0.0002248715760926661 -0.0001521142325129012 0.0 -0.0002218958443451847 -0.0001662895124232153 0.0 -0.0002179880014688966 -0.0001798175043470749 0.0 -0.0002131020137281088 -0.0001925142911741558 0.0 -0.0002072019064793348 -0.0002041839599234666 0.0 -0.0002002648669203957 -0.0002146213505932216 0.0 -0.0001922845111571433 -0.0002236157951583269 0.0 -0.0001832741702999661 -0.0002309558965980922 0.0 -0.0001732700086543344 -0.0002364353333813174 0.0 -0.0001623337514224837 -0.000239859591804488 0.0 -0.0001505547759856607 -0.0002410534309570286 0.0 -0.0001380513163836187 -0.0002398687803423425 0.0 -0.0001249705509016211 -0.0002361926691866695 0.0 -0.000111487391569579 -0.0002299547027124465 0.0 -9.780187247986913e-05 -0.0002211335486882286 0.0 -8.413513753695366e-05 -0.0002097618907577293 0.0 -7.072414937481117e-05 -0.0001959293529690276 0.0 -5.781536734140772e-05 -0.0001797830058819544 0.0 -4.565775802894797e-05 -0.0001615252239483265 0.0 -3.449558737182232e-05 -0.0001414088634737706 0.0 -2.456146140517244e-05 -0.0001197299503781363 0.0 -1.606987887233382e-05 -9.681828442054798e-05 0.0 -9.21025093024339e-06 -7.302656812552455e-05 0.0 -4.130798167858526e-06 -4.871890167660112e-05 0.0 -8.721959473553485e-07 -2.426002644842843e-05 0.0 0.0 0.0 0.0 0.0 0.0 0.0 -3.205837208103194e-07 2.174251810823122e-05 0.0 -1.502581244562086e-06 4.168540509248476e-05 0.0 -3.310234244870687e-06 5.987974917529466e-05 0.0 -5.713350239326003e-06 7.638802532315425e-05 0.0 -8.654662237364395e-06 9.128139081859379e-05 0.0 -1.207409748770177e-05 0.0001046375675082163 0.0 -1.591391039584886e-05 0.0001165387959115798 0.0 -2.011976613849798e-05 0.0001270699224614444 0.0 -2.464109552445142e-05 0.0001363166456177902 0.0 -2.943127040315396e-05 0.0001443639388195514 0.0 -3.444768772370982e-05 0.0001512946645467078 0.0 -3.965177862717949e-05 0.0001571883892855008 0.0 -4.500895015757227e-05 0.0001621204038794531 0.0 -5.048846765078198e-05 0.000166160948176577 0.0 -5.606328696175604e-05 0.0001693746335498203 0.0 -6.17098461772689e-05 0.0001718200521332269 0.0 -6.740782630289668e-05 0.0001735495577139186 0.0 -7.313988976044218e-05 0.0001746092002797071 0.0 -7.889140454932187e-05 0.0001750387942898197 0.0 -8.465016075504232e-05 0.0001748720997905279 0.0 -9.040608484583365e-05 0.0001741370954647746 0.0 -9.615095597328893e-05 0.0001728563234731509 0.0 -0.00010187812734705 0.0001710472873754098 0.0 -0.0001075822547266543 0.0001687228863664261 0.0 -0.0001132590331856828 0.0001658918713649113 0.0 -0.0001189049425591651 0.0001625593110106162 0.0 -0.0001245170013786034 0.0001587270582233789 0.0 -0.0001300925286167887 0.000154394210541457 0.0 -0.0001356289121901445 0.0001495575598957185 0.0 -0.0001411233828825529 0.0001442120297228503 0.0 -0.000146572792146362 0.0001383510993307533 0.0 -0.0001519733920921459 0.0001319672171807303 0.0 -0.0001573206158924839 0.0001250522062412905 0.0 -0.0001626088567962165 0.0001175976658105648 0.0 -0.0001678312439845998 0.0001095953752232537 0.0 -0.0001729794136128773 0.0001010377056854865 0.0 -0.0001780432735907804 9.191804715059022e-05 0.0 -0.0001830107609919028 8.22312576906376e-05 0.0 -0.0001878675914813781 7.197414325342406e-05 0.0 -0.0001925970008593273 6.114597602716862e-05 0.0 -0.0001971794797910231 4.974905984829603e-05 0.0 -0.000201592504121347 3.778935113650984e-05 0.0 -0.0002058102649383698 2.527714367118128e-05 0.0 -0.0002098034057453524 1.222782502025257e-05 0.0 -0.0002135387662445111 -1.337287799874012e-06 0.0 -0.0002169791758701905 -1.539004744334718e-05 0.0 -0.0002200832585614939 -2.989446386264178e-05 0.0 -0.0002228053125698947 -4.480560081440086e-05 0.0 -0.0002250952838879255 -6.006841933387202e-05 0.0 -0.0002268988555411952 -7.561655654382378e-05 0.0 -0.0002281576957211813 -9.137107220821994e-05 0.0 -0.0002288099051724391 -0.0001072392028217503 0.0 -0.0002287907105846108 -0.0001231131794902613 0.0 -0.0002280334533312023 -0.0001388691848785174 0.0 -0.0002264709223293612 -0.0001543665454750192 0.0 -0.000224037074820912 -0.0001694472771742575 0.0 -0.000220669177986235 -0.0001839361227126334 0.0 -0.0002163103860430633 -0.0001976412359533092 0.0 -0.0002109127407074744 -0.0002103556766749805 0.0 -0.0002044405471234921 -0.000221859875965696 0.0 -0.000196874033199062 -0.0002319252118454874 0.0 -0.0001882131498145827 -0.0002403187930005449 0.0 -0.000178481316510492 -0.0002468094824656886 0.0 -0.0001677288678509828 -0.0002511751021104624 0.0 -0.0001560359172150811 -0.0002532106457706282 0.0 -0.0001435143357685116 -0.0002527372011296872 0.0 -0.0001303085530889431 -0.0002496111500105821 0.0 -0.0001165949288291904 -0.000243733099739749 0.0 -0.0001025795248566936 -0.0002350559133509562 0.0 -8.849422239840524e-05 -0.0002235911720884307 0.0 -7.459127079252807e-05 -0.0002094134348520898 0.0 -6.113650956381639e-05 -0.000192661763700629 0.0 -4.840165478792081e-05 -0.0001735381601573206 0.0 -3.665615983403327e-05 -0.0001523027905325363 0.0 -2.615920534541331e-05 -0.0001292661464032797 0.0 -1.715217395162404e-05 -0.0001047785599527348 0.0 -9.850571926382971e-06 -7.921775241900012e-05 0.0 -4.426263879271129e-06 -5.297538052541384e-05 0.0 -9.359116752769956e-07 -2.644414691301063e-05 0.0 0.0 0.0 0.0 0.0 0.0 0.0 -3.149536070385817e-07 2.251064335702353e-05 0.0 -1.47694367640142e-06 4.315263128318462e-05 0.0 -3.255275042648051e-06 6.197890649056879e-05 0.0 -5.620620511479927e-06 7.905412865161839e-05 0.0 -8.516550226280294e-06 9.445201262157094e-05 0.0 -1.188349427403517e-05 0.000108253224261708 0.0 -1.566389838942814e-05 0.0001205433058139487 0.0 -1.980339143951102e-05 0.0001314107072817487 0.0 -2.425122381303625e-05 0.0001409449605704852 0.0 -2.896051498916885e-05 0.0001492350229642239 0.0 -3.388839674300883e-05 0.0001563678108645386 0.0 -3.899606886003713e-05 0.0001624269384776448 0.0 -4.42487761393024e-05 0.0001674916692754711 0.0 -4.961571623083321e-05 0.0001716360811661511 0.0 -5.506988904781657e-05 0.0001749284398994753 0.0 -6.058789895247999e-05 0.000177430769657047 0.0 -6.614972064873777e-05 0.0001791986052524263 0.0 -7.173843890902319e-05 0.0001802809069998116 0.0 -7.733997110457773e-05 0.0001807201171186966 0.0 -8.294278015793014e-05 0.0001805523354747923 0.0 -8.853758412110782e-05 0.00017980759241006 0.0 -9.411706719895588e-05 0.0001785101972457151 0.0 -9.967559574989504e-05 0.0001766791425877801 0.0 -0.0001052089416468187 0.0001743285466519656 0.0 -0.0001107140143876214 0.0001714681182819917 0.0 -0.0001161886025106582 0.0001681036320027513 0.0 -0.0001216311241862159 0.0001642374031850305 0.0 -0.0001270403863045807 0.0001598687560829804 0.0 -0.0001324153509448812 0.0001549944800460764 0.0 -0.0001377549077667215 0.0001496092715373365 0.0 -0.0001430576506010431 0.0001437061616681989 0.0 -0.0001483216563140399 0.0001372769307703354 0.0 -0.0001535442638699227 0.0001303125130688393 0.0 -0.0001587218514226226 0.0001228033958192528 0.0 -0.0001638496092275919 0.0001147400183545162 0.0 -0.000168921306194338 0.0001061131773962343 0.0 -0.000173929048017536 9.69144457590825e-05 0.0 -0.0001788630250571373 8.713661225606837e-05 0.0 -0.0001837112485226082 7.677415122534677e-05 0.0 -0.0001884592741004495 6.582373066124877e-05 0.0 -0.0001930899130065618 5.428476843758929e-05 0.0 -0.0001975829316216864 4.216004653028388e-05 0.0 -0.0002019147424497476 2.945639343175843e-05 0.0 -0.0002060580913920904 1.618544493550871e-05 0.0 -0.0002099817473066303 2.364493278949399e-06 0.0 -0.000213650196475243 -1.198258090951069e-05 0.0 -0.0002170234125986424 -2.682426063569283e-05 0.0 -0.0002200565889866035 -4.212022497361972e-05 0.0 -0.0002227000095870041 -5.78200899004804e-05 0.0 -0.0002248990029420285 -7.386205815815744e-05 0.0 -0.0002265940431109524 -9.017149522158599e-05 0.0 -0.0002277210398170027 -0.0001066594654013068 0.0 -0.0002282118704733106 -0.0001232212794525557 0.0 -0.0002279952121204452 -0.0001397351261487022 0.0 -0.0002269977339848234 -0.0001560608847522916 0.0 -0.0002251457098863724 -0.0001720392421877095 0.0 -0.000222367102195267 -0.0001874912661289786 0.0 -0.0002185941534727755 -0.0002022186102343917 0.0 -0.0002137664964866664 -0.0002160045462737929 0.0 -0.0002078347566633567 -0.0002286160246685397 0.0 -0.0002007645729800486 -0.0002398069539641645 0.0 -0.0001925409052032531 -0.0002493228548213375 0.0 -0.0001831724308204882 -0.0002569069800164548 0.0 -0.0001726957700938036 -0.0002623078957991887 0.0 -0.000161179220983192 -0.0002652883927793246 0.0 -0.0001487256477340333 -0.0002656354426734956 0.0 -0.0001354741588115877 -0.0002631707533235342 0.0 -0.0001216002414428646 -0.0002577613170787093 0.0 -0.0001073140975689787 -0.0002493292201514488 0.0 -9.285704996297177e-05 -0.0002378599076673835 0.0 -7.849605058004783e-05 -0.0002234081028112641 0.0 -6.451651082199748e-05 -0.0002061006730482341 0.0 -5.121386294164785e-05 -0.0001861359241960738 0.0 -3.888442335310803e-05 -0.0001637790718548225 0.0 -2.781620962303582e-05 -0.0001393539628580326 0.0 -1.828017607575344e-05 -0.0001132314611447893 0.0 -1.052085570215109e-05 -8.581524282955215e-05 0.0 -4.736722638659535e-06 -5.752610043958961e-05 0.0 -1.003041505090371e-06 -2.878652961200431e-05 0.0 0.0 0.0 0.0 0.0 0.0 0.0 -3.090959888714556e-07 2.326496833627282e-05 0.0 -1.450247394179362e-06 4.459479430409296e-05 0.0 -3.197929565853118e-06 6.404352612085924e-05 0.0 -5.52357386177828e-06 8.16773690722453e-05 0.0 -8.371451641621517e-06 9.757208485975236e-05 0.0 -1.168233744997455e-05 0.0001118108949083211 0.0 -1.539870283698572e-05 0.0001244823667143286 0.0 -1.946598140152426e-05 0.0001356783758696632 0.0 -2.383310073316271e-05 0.0001454921931645647 0.0 -2.845280859291098e-05 0.0001540167333293623 0.0 -3.32818786675612e-05 0.0001613429939573014 0.0 -3.828121386804103e-05 0.0001675587047969493 0.0 -4.34158577442996e-05 0.0001727471989135895 0.0 -4.865492559509012e-05 0.0001769865088043979 0.0 -5.39714680679487e-05 0.0001803486829193638 0.0 -5.934228039365755e-05 0.0001828993115257901 0.0 -6.474766994523345e-05 0.0001846972456493516 0.0 -7.017119377614078e-05 0.00018579448900283 0.0 -7.559937639069096e-05 0.0001862362403566983 0.0 -8.102141641076413e-05 0.0001860610626249166 0.0 -8.642888916720098e-05 0.0001853011548941577 0.0 -9.18154506640828e-05 0.0001839827045403067 0.0 -9.71765469084979e-05 0.0001821262982589783 0.0 -0.0001025091313072887 0.000179747373088834 0.0 -0.0001078113917223748 0.0001768566911366446 0.0 -0.0001130824878466303 0.0001734608245467931 0.0 -0.0001183222987998573 0.0001695626401438882 0.0 -0.0001235311802287287 0.0001651617759914252 0.0 -0.0001287097297021207 0.0001602551047574269 0.0 -0.0001338585588005426 0.0001548371811945113 0.0 -0.0001389780699845563 0.0001489006731894098 0.0 -0.0001440682360756075 0.0001424367777031541 0.0 -0.0001491283799825315 0.0001354356245168449 0.0 -0.0001541569521533157 0.0001278866720451814 0.0 -0.0001591513031264147 0.0001197791006194519 0.0 -0.0001641074485081033 0.0001111022096199643 0.0 -0.0001690198237287945 0.0001018458257043358 0.0 -0.0001738810260571232 9.20007301797767e-05 0.0 -0.0001786815416104837 8.155911434391198e-05 0.0 -0.0001834094555397562 7.051507239579925e-05 0.0 -0.0001880501442411456 5.88651423028717e-05 0.0 -0.0001925859494301711 4.660890577903641e-05 0.0 -0.0001969958352924829 3.37496592193807e-05 0.0 -0.0002012550318447468 2.029516785059732e-05 0.0 -0.0002053346709260074 6.258515178405117e-06 0.0 -0.0002092014135508783 -8.340943047973504e-06 0.0 -0.0002128171241016284 -2.347651306388813e-05 0.0 -0.0002161385225238955 -3.911295242779037e-05 0.0 -0.000219116921778274 -5.520512338622012e-05 0.0 -0.0002216980450259578 -7.169653072790394e-05 0.0 -0.0002238219681717405 -8.851774243685901e-05 0.0 -0.000225423235267416 -0.0001055847191726153 0.0 -0.0002264312037730117 -0.0001227970964438354 0.0 -0.0002267706852201838 -0.0001400364858829663 0.0 -0.0002263629532660405 -0.0001571648894954864 0.0 -0.0002251271938949913 -0.0001740233524888873 0.0 -0.0002229824694702957 -0.0001904310147397081 0.0 -0.0002198502569439492 -0.0002061847553408218 0.0 -0.0002156575981901571 -0.0002210596546837368 0.0 -0.0002103408648396973 -0.0002348105182559854 0.0 -0.0002038500897882049 -0.0002471747084239608 0.0 -0.0001961537530349572 -0.0002578765067499379 0.0 -0.0001872438334616384 -0.0002666331719803643 0.0 -0.0001771408565119697 -0.0002731627618295629 0.0 -0.0001658985898517542 -0.0002771936481984227 0.0 -0.0001536079774258505 -0.0002784754798312997 0.0 -0.0001403998711908947 -0.0002767911458339487 0.0 -0.0001264461331919731 -0.000271969088641265 0.0 -0.0001119587493501305 -0.0002638951339795819 0.0 -9.71867247130426e-05 -0.0002525228802842885 0.0 -8.241071324640294e-05 -0.0002378816519828191 0.0 -6.793555818406146e-05 -0.0002200810935173212 0.0 -5.408115576861284e-05 -0.0001993116734234577 0.0 -4.117226946557025e-05 -0.0001758406710262775 0.0 -2.952805086090302e-05 -0.0001500036035601852 0.0 -1.945185986417327e-05 -0.0001221914750976835 0.0 -1.122041956959062e-05 -9.283464899371887e-05 0.0 -5.062066008636251e-06 -6.2384588413987e-05 0.0 -1.073593903124795e-06 -3.129547132135325e-05 0.0 0.0 0.0 0.0 0.0 0.0 0.0 -3.031943858676544e-07 2.40051725931047e-05 0.0 -1.42333453488855e-06 4.601125330219076e-05 0.0 -3.139993151612489e-06 6.60725536363478e-05 0.0 -5.425187571725037e-06 8.42561223285496e-05 0.0 -8.22367330790091e-06 0.000100639222288975 0.0 -1.14763326429301e-05 0.0001153072300021165 0.0 -1.512542771803376e-05 0.0001283514673649076 0.0 -1.911597916281608e-05 0.0001398670759433547 0.0 -2.339640254391774e-05 0.0001499509975671086 0.0 -2.791891963119005e-05 0.0001587001093263345 0.0 -3.263982946467303e-05 0.0001662095501554016 0.0 -3.751965909908085e-05 0.0001725712652967156 0.0 -4.252320716251934e-05 0.0001778727840960789 0.0 -4.761949453294412e-05 0.0001821962364072876 0.0 -5.278163757288255e-05 0.0001856176038681736 0.0 -5.798665949252211e-05 0.0001882061947577908 0.0 -6.321525466050717e-05 0.0001900243252052713 0.0 -6.845151931708325e-05 0.0001911271852242755 0.0 -7.368266041165478e-05 0.0001915628653287825 0.0 -7.889869238673504e-05 0.00019137251821201 0.0 -8.409212981555324e-05 0.0001905906299570974 0.0 -8.925768198013117e-05 0.0001892453762820837 0.0 -9.439195382072952e-05 0.0001873590411756139 0.0 -9.949315623422736e-05 0.0001849484777280544 0.0 -0.0001045608274607997 0.0001820255937930406 0.0 -0.0001095955662689894 0.0001785978481372443 0.0 -0.000114598776810132 0.0001746687457903711 0.0 -0.0001195724243381116 0.0001702383242642789 0.0 -0.0001245188004508742 0.000165303625074052 0.0 -0.0001294402960779524 0.0001598591475014879 0.0 -0.0001343391800885584 0.0001538972837592173 0.0 -0.0001392173811074602 0.0001474087366343365 0.0 -0.0001440762698865501 0.0001403829223289452 0.0 -0.0001489164393807879 0.0001328083626039524 0.0 -0.0001537374795168268 0.0001246730715175247 0.0 -0.0001585377435269046 0.0001159649430844266 0.0 -0.000163314102662828 0.0001066721471245294 0.0 -0.0001680616861266317 9.678354147381069e-05 0.0 -0.0001727736031867019 8.628910964864897e-05 0.0 -0.0001774406447326258 7.518043402147644e-05 0.0 -0.0001820509620136511 6.345121560170325e-05 0.0 -0.0001865897210759456 5.109785261181844e-05 0.0 -0.0001910387325665751 3.812009115554297e-05 0.0 -0.000195376058252643 2.452176228307386e-05 0.0 -0.0001995755986662139 1.031162049620772e-05 0.0 -0.0002036066624986058 -4.495700408072362e-06 0.0 -0.0002074335455595801 -1.987861270225656e-05 0.0 -0.0002110151141473896 -3.580734019512403e-05 0.0 -0.0002143044073977129 -5.22425124707762e-05 0.0 -0.0002172483170488754 -6.913360842391622e-05 0.0 -0.0002197873653113121 -8.641724252489907e-05 0.0 -0.0002218556324002093 -0.0001040153064352255 0.0 -0.000223380893692535 -0.0001218329994751308 0.0 -0.0002242850378481965 -0.0001397568048418349 0.0 -0.0002244848477566698 -0.0001576524981351937 0.0 -0.0002238932338472045 -0.0001753633107101687 0.0 -0.000222421011792036 -0.0001927084116186156 0.0 -0.0002199793109637594 -0.0002094819160362575 0.0 -0.0002164826827830712 -0.0002254526708915204 0.0 -0.0002118529459020249 -0.0002403651035856633 0.0 -0.0002060237552453966 -0.0002539414387054925 0.0 -0.0001989458130674869 -0.0002658855802171757 0.0 -0.0001905925538006537 -0.0002758889118653295 0.0 -0.0001809660357110281 -0.0002836381766578801 0.0 -0.0001701026708385789 -0.0002888254514478369 0.0 -0.0001580783345166023 -0.0002911600355541245 0.0 -0.0001450123346053644 -0.0002903818334812075 0.0 -0.000131069707340041 -0.000286275552766232 0.0 -0.0001164613580048786 -0.000278684791443643 0.0 -0.0001014416905676643 -0.0002675248961154186 0.0 -8.630357031918813e-05 -0.0002527933735569473 0.0 -7.13707232906322e-05 -0.0002345766720718075 0.0 -5.698796720331248e-05 -0.0002130523337015248 0.0 -4.350994735096535e-05 -0.0001884858519992705 0.0 -3.128924259732758e-05 -0.0001612220230303364 0.0 -2.066458046613637e-05 -0.0001316710977028277 0.0 -1.194827032475789e-05 -0.0001002905755961153 0.0 -5.402065184571769e-06 -6.756403519197113e-05 0.0 -1.147554882435671e-06 -3.397926711494989e-05 0.0 0.0 0.0 0.0 0.0 0.0 0.0 -2.974617277637128e-07 2.473141592503429e-05 0.0 -1.397181920472319e-06 4.740224049718679e-05 0.0 -3.083546752061765e-06 6.806610609865034e-05 0.0 -5.328909227559183e-06 8.679013907397663e-05 0.0 -8.078196678127717e-06 0.000103652527870104 0.0 -1.127207092905125e-05 0.0001187404004094723 0.0 -1.485226873171744e-05 0.0001321475793650805 0.0 -1.876311276991196e-05 0.0001439723440725727 0.0 -2.295226459392812e-05 0.0001543152796782681 0.0 -2.737122734691676e-05 0.0001632772747956034 0.0 -3.197568400453335e-05 0.0001709577145879871 0.0 -3.672569397645537e-05 0.0001774529022555688 0.0 -4.158576476386824e-05 0.0001828547285257721 0.0 -4.65248165771553e-05 0.0001872495965467363 0.0 -5.151605873293514e-05 0.0001907175990105234 0.0 -5.653679641076214e-05 0.000193331935641347 0.0 -6.15681851593531e-05 0.0001951585524651402 0.0 -6.659494871883051e-05 0.0001962559794998253 0.0 -7.160507355107104e-05 0.0001966753405476695 0.0 -7.658949116798338e-05 0.0001964605074421352 0.0 -8.15417570829126e-05 0.0001956483711671631 0.0 -8.645773309712603e-05 0.0001942692034681705 0.0 -9.13352777410275e-05 0.0001923470846462867 0.0 -9.617394805192599e-05 0.0001899003759144703 0.0 -0.0001009747144927183 0.0001869422177611556 0.0 -0.0001057396896848048 0.0001834810390085063 0.0 -0.0001104718707172859 0.0001795210644977338 0.0 -0.00011517489406958 0.0001750628124500917 0.0 -0.000119852801610671 0.0001701035754431279 0.0 -0.0001245098156813896 0.0001646378815467848 0.0 -0.0001291501208965712 0.0001586579344539549 0.0 -0.0001337776499972257 0.0001521540334136266 0.0 -0.0001383958708208278 0.0001451149754530631 0.0 -0.0001430075712289506 0.000137528443797786 0.0 -0.0001476146386308731 0.000129381387616873 0.0 -0.0001522178305715099 0.0001206603992971237 0.0 -0.0001568165327212184 0.0001113520964478818 0.0 -0.0001614085005308088 0.0001014435168231293 0.0 -0.0001659895808235918 9.092253537823176e-05 0.0 -0.0001705534097247616 7.977831380470849e-05 0.0 -0.0001750910836279033 6.800179414102493e-05 0.0 -0.0001795908004382431 5.558624945099723e-05 0.0 -0.0001840374692106186 4.252790607277614e-05 0.0 -0.0001884122876483356 2.882665351629565e-05 0.0 -0.0001926922891277971 1.448685959390416e-05 0.0 -0.0001968498621369259 -4.816900677944408e-07 0.0 -0.0002008522459227525 -1.606271835719981e-05 0.0 -0.0002046610456096984 -3.223222045540004e-05 0.0 -0.0002082317122828128 -4.895702841584488e-05 0.0 -0.0002115130851634025 -6.619318223551774e-05 0.0 -0.0002144470044628943 -8.388410858101613e-05 0.0 -0.0002169680433597458 -0.0001019586005053055 0.0 -0.0002190034212249185 -0.0001203286191506671 0.0 -0.0002204731729674019 -0.0001388869613225511 0.0 -0.0002212906640769928 -0.0001575048675529128 0.0 -0.0002213635539963675 -0.0001760296844444839 0.0 -0.0002205953194204205 -0.000194282742365039 0.0 -0.0002188874506918896 -0.0002120576632605744 0.0 -0.0002161424245152205 -0.0002291193697526994 0.0 -0.0002122675301644992 -0.0002452041194202152 0.0 -0.0002071795798335264 -0.0002600209278850887 0.0 -0.0002008104636073569 -0.000273254758798779 0.0 -0.0001931134151506133 -0.0002845718338394936 0.0 -0.0001840697391503113 -0.0002936273370960271 0.0 -0.0001736956248424515 -0.0003000756443942677 0.0 -0.0001620485468054852 -0.0003035829947485065 0.0 -0.0001492326555175849 -0.0003038422447410834 0.0 -0.0001354025103418284 -0.0003005890281372067 0.0 -0.0001207645304921932 -0.0002936183187740958 0.0 -0.0001055756530137355 -0.0002828001141798575 0.0 -9.013889683791492e-05 -0.0002680927764982582 0.0 -7.479582771634485e-05 -0.0002495525383309957 0.0 -5.99162701415628e-05 -0.000227337839971362 0.0 -4.588596822187832e-05 -0.000201707519203817 0.0 -3.309316937947817e-05 -0.0001730123985547226 0.0 -2.191503417200275e-05 -0.0001416804479673087 0.0 -1.270308458590577e-05 -0.0001081963704989776 0.0 -5.756363552021561e-06 -7.307715571087698e-05 0.0 -1.22488663338817e-06 -3.684615510022001e-05 0.0 0.0 0.0 0.0 0.0 0.0 0.0 -2.921441392090628e-07 2.544441438173374e-05 0.0 -1.372918142885063e-06 4.876899806956819e-05 0.0 -3.030992092372635e-06 7.002565310498919e-05 0.0 -5.238712285464712e-06 8.928075330052852e-05 0.0 -7.940753505413262e-06 0.0001066128130853342 0.0 -1.107712203128697e-05 0.0001221103162140178 0.0 -1.458861972294526e-05 0.0001358693640936626 0.0 -1.841850943376469e-05 0.0001479912930180781 0.0 -2.251339750302922e-05 0.0001585803601341878 0.0 -2.682383401977926e-05 0.0001677415745471356 0.0 -3.13047188185489e-05 0.0001755787313716711 0.0 -3.591554042791463e-05 0.0001821926889207186 0.0 -4.06204695007246e-05 0.0001876799128525181 0.0 -4.538832933694026e-05 0.0001921312965626011 0.0 -5.019246660543345e-05 0.0001956312547895185 0.0 -5.501054456285563e-05 0.0001982570774752473 0.0 -5.982427924875734e-05 0.00020007852339177 0.0 -6.461913668713536e-05 0.0002011576278035481 0.0 -6.938400636805104e-05 0.0002015486952832398 0.0 -7.411086346620549e-05 0.0002012984474763327 0.0 -7.87944295534276e-05 0.0002004462958240073 0.0 -8.343183909497702e-05 0.0001990247106917195 0.0 -8.802231685082737e-05 0.0001970596607060483 0.0 -9.256686945807186e-05 0.0001945710990850531 0.0 -9.706799294484447e-05 0.0001915734770984784 0.0 -0.0001015293966947234 0.0001880762682921726 0.0 -0.0001059557434060956 0.0001840844905764661 0.0 -0.000110352403830219 0.0001795992165743847 0.0 -0.0001147252244807875 0.0001746180656572215 0.0 -0.0001190803060456196 0.0001691356738050676 0.0 -0.0001234237898617796 0.0001631441397948707 0.0 -0.0001277616495095818 0.0001566334482433703 0.0 -0.0001320994843160647 0.0001495918717449182 0.0 -0.0001364423113191534 0.0001420063557907308 0.0 -0.0001407943520211311 0.0001338628913956453 0.0 -0.0001451588100521575 0.0001251468814586317 0.0 -0.0001495376356760472 0.000115843507916175 0.0 -0.0001539312729133495 0.0001059381077856068 0.0 -0.000158338384951339 9.54165673074338e-05 0.0 -0.0001627555534877309 8.426574464288867e-05 0.0 -0.0001671769477590128 7.247393301400725e-05 0.0 -0.0001715939592972166 6.00313778189256e-05 0.0 -0.0001759947990276577 4.693086311992557e-05 0.0 -0.0001803640542859343 3.316838495809682e-05 0.0 -0.0001846822049156221 1.874393108646385e-05 0.0 -0.0001889251000809167 3.662388724916327e-06 0.0 -0.0001930633964974913 -1.206539869360486e-05 0.0 -0.0001970619816178805 -2.842141242714803e-05 0.0 -0.0002008793754103529 -4.537902108171049e-05 0.0 -0.0002044671276941233 -6.290130950465694e-05 0.0 -0.0002077692723576154 -8.09391801888191e-05 0.0 -0.0002107218624473617 -9.942920368850134e-05 0.0 -0.0002132526504419538 -0.0001182912237074315 0.0 -0.0002152809893697627 -0.0001374257441783477 0.0 -0.0002167180492239505 -0.0001567111562833669 0.0 -0.0002174674617459881 -0.0001760009043284419 0.0 -0.0002174265227490374 -0.0001951207413698593 0.0 -0.0002164880912998239 -0.0002138662878694664 0.0 -0.0002145433245630494 -0.0002320011766316348 0.0 -0.0002114853702233905 -0.0002492561390028463 0.0 -0.0002072140990010918 -0.0002653294511337358 0.0 -0.0002016418923715425 -0.000279889201194808 0.0 -0.0001947004019225589 -0.000292577841309685 0.0 -0.0001863480678160061 -0.0003030194322016633 0.0 -0.0001765780318894452 -0.0003108298560848284 0.0 -0.0001654259213167932 -0.0003156300522969244 0.0 -0.0001529768350117107 -0.0003170620206318218 0.0 -0.0001393707672465576 -0.0003148069567364849 0.0 -0.0001248056837329706 -0.0003086044704642345 0.0 -0.0001095375527748605 -0.000298271449842496 0.0 -9.387684375355108e-05 -0.0002837188419871213 0.0 -7.818133281031596e-05 -0.0002649645008271746 0.0 -6.284547164987722e-05 -0.0002421403576319499 0.0 -4.828702189420474e-05 -0.0002154925295204719 0.0 -3.49320299661901e-05 -0.0001853735741337121 0.0 -2.319922572859613e-05 -0.0001522268598605203 0.0 -1.348319356746362e-05 -0.0001165638581694584 0.0 -6.124471518388377e-06 -7.893604200361706e-05 0.0 -1.305526674626093e-06 -3.990425860030385e-05 0.0 0.0 0.0 0.0 0.0 0.0 0.0 -2.875255868241812e-07 2.614552656667952e-05 0.0 -1.351844411425826e-06 5.011393274748876e-05 0.0 -2.985094181526021e-06 7.195421959933498e-05 0.0 -5.159162528553437e-06 9.17311133186626e-05 0.0 -7.817915198126286e-06 0.0001095228387169546 0.0 -1.090014272474694e-05 0.0001254188617538925 0.0 -1.434519426003564e-05 0.0001395173899275725 0.0 -1.809482319113355e-05 0.0001519228027140029 0.0 -2.209421337016845e-05 0.0001627431341506257 0.0 -2.629268237538565e-05 0.0001720877012979129 0.0 -3.064415404362789e-05 0.0001800649484890641 0.0 -3.510743370509149e-05 0.0001867805552088948 0.0 -3.964631412591572e-05 0.0001923358355341576 0.0 -4.422954087079883e-05 0.0001968264398451951 0.0 -4.883066560075351e-05 0.0002003413552561054 0.0 -5.342781417319244e-05 0.0002029621899593434 0.0 -5.800339371611178e-05 0.000204762718334213 0.0 -6.254375955904083e-05 0.0002058086580090574 0.0 -6.703885938866463e-05 0.0002061576467994031 0.0 -7.148186852840778e-05 0.0002058593862252894 0.0 -7.586882700480018e-05 0.0002049559187723213 0.0 -8.019828617316002e-05 0.0002034820078314562 0.0 -8.447097018720985e-05 0.0002014655919764964 0.0 -8.868945552363833e-05 0.000198928288590303 0.0 -9.285787009357261e-05 0.0001958859255463511 0.0 -9.698161214802666e-05 0.0001923490834541281 0.0 -0.0001010670881617968 0.0001883236346974837 0.0 -0.0001051214681040137 0.0001838112689958329 0.0 -0.0001091524559188773 0.0001788099984063064 0.0 -0.0001131680725970669 0.0001733146375087144 0.0 -0.0001171764488739424 0.0001673172569578529 0.0 -0.0001211856243098184 0.000160807610661657 0.0 -0.0001252033492631608 0.0001537735385844735 0.0 -0.0001292368860399304 0.0001462013486353693 0.0 -0.0001332928052788199 0.0001380761823476616 0.0 -0.0001373767734066167 0.0001293823701618548 0.0 -0.0001414933267704498 0.0001201037831685064 0.0 -0.0001456456278308378 0.0001102241892298477 0.0 -0.0001498351985953264 9.972762255687662e-05 0.0 -0.0001540616263105126 8.859877714442387e-05 0.0 -0.0001583222363462044 7.682343602361116e-05 0.0 -0.0001626117272515668 6.438895012879134e-05 0.0 -0.0001669217632140621 5.128478272451591e-05 0.0 -0.0001712405197130241 3.750313779972431e-05 0.0 -0.0001755521792074186 2.303969357046661e-05 0.0 -0.0001798363754902068 7.894465119697375e-06 0.0 -0.0001840675896218834 -7.927176683247267e-06 0.0 -0.0001882144893288738 -2.441331667494998e-05 0.0 -0.000192239270212045 -4.154408278179769e-05 0.0 -0.0001960969185627673 -5.928997025772161e-05 0.0 -0.0001997345167947195 -7.760989754984447e-05 0.0 -0.0002030905875076244 -9.64489661648885e-05 0.0 -0.0002060945393745324 -0.0001157359099951995 0.0 -0.0002086662887603414 -0.0001353802417313317 0.0 -0.0002107161529922951 -0.0001552691331700775 0.0 -0.0002121451351522457 -0.0001752641071248894 0.0 -0.0002128457438015698 -0.0001951976734043144 0.0 -0.0002127035107948504 -0.000214870110688582 0.0 -0.0002115993812258331 -0.0002340466787263567 0.0 -0.0002094131449032052 -0.0002524556364164825 0.0 -0.0002060280506878477 -0.0002697875318196759 0.0 -0.000201336685423811 -0.0002856963052497577 0.0 -0.0001952481014448999 -0.000299802785940839 0.0 -0.0001876960380739785 -0.0003117011415744425 0.0 -0.0001786479073646721 -0.0003209687322186284 0.0 -0.0001681140164072779 -0.0003271796044111945 0.0 -0.0001561563029122815 -0.000329921527510258 0.0 -0.0001428957031026628 -0.0003288160333236033 0.0 -0.0001285171932986382 -0.0003235404081881691 0.0 -0.0001132715899151644 -0.0003138500693827459 0.0 -9.747338623480153e-05 -0.0002995993236613894 0.0 -8.149425481650906e-05 -0.0002807582531751528 0.0 -6.575232652255731e-05 -0.0002574234902781351 0.0 -5.069790744751988e-05 -0.0002298209795408402 0.0 -3.679679174220765e-05 -0.0001982994788411471 0.0 -2.451244430520826e-05 -0.0001633144541180156 0.0 -1.428657375873369e-05 -0.0001254030609672978 0.0 -6.505764431451257e-06 -8.51520109236153e-05 0.0 -1.389387718603636e-06 -4.316152731311399e-05 0.0 0.0 0.0 0.0 0.0 0.0 0.0 -2.839336325540316e-07 2.683685265013399e-05 0.0 -1.335460195858752e-06 5.144079191426954e-05 0.0 -2.949033111825619e-06 7.385661464915653e-05 0.0 -5.095498134692656e-06 9.414643894459321e-05 0.0 -7.717199049814386e-06 0.0001123875784921413 0.0 -1.075100368307906e-05 0.0001286701474832191 0.0 -1.413416516683446e-05 0.0001430943585173816 0.0 -1.780637789057322e-05 0.0001557677117496134 0.0 -2.171096265827387e-05 0.0001668022233255766 0.0 -2.579567728616894e-05 0.0001763118066752441 0.0 -3.00132519076378e-05 0.0001844098899242888 0.0 -3.432169103585807e-05 0.0001912073251924006 0.0 -3.868437897540817e-05 0.0001968106214396959 0.0 -4.307002515055458e-05 0.0002013205122098221 0.0 -4.745248465181965e-05 0.0002048308532035491 0.0 -5.181048645231339e-05 0.0002074278319772624 0.0 -5.612729784890032e-05 0.0002091894629291506 0.0 -6.039034928015071e-05 0.0002101853347512701 0.0 -6.45908391808617e-05 0.0002104765742695619 0.0 -6.872333424649546e-05 0.0002101159896175924 0.0 -7.278537659006847e-05 0.0002091483565379771 0.0 -7.677710588388028e-05 0.0002076108138370743 0.0 -8.070090172826385e-05 0.0002055333372242958 0.0 -8.456104917024164e-05 0.0002029392645830942 0.0 -8.836342846465629e-05 0.0001998458498361511 0.0 -9.211522876726042e-05 0.0001962648267305141 0.0 -9.582468440231688e-05 0.0001922029678859107 0.0 -9.950083158401712e-05 0.0001876626281831496 0.0 -0.0001031532829231972 0.0001826422649315676 0.0 -0.0001067920166577622 0.000177136930200602 0.0 -0.0001104271772556555 0.0001711387332228604 0.0 -0.000114068883811706 0.0001646372728958881 0.0 -0.0001177270424622604 0.0001576200421711137 0.0 -0.0001214111588505496 0.000150072807581771 0.0 -0.0001251301464748568 0.0001419799683993377 0.0 -0.0001288921265306909 0.0001333249010004389 0.0 -0.0001327042146130997 0.0001240902950577859 0.0 -0.0001365722893773576 0.0001142584892253697 0.0 -0.0001405007379731086 0.0001038118151548951 0.0 -0.0001444921727841654 9.273296003950619e-05 0.0 -0.0001485471137498521 8.100535950866676e-05 0.0 -0.0001526636303551374 6.861363466240653e-05 0.0 -0.00015683693731715 5.554408938830855e-05 0.0 -0.0001610589381492238 4.17852868834268e-05 0.0 -0.0001653177112831296 2.732872750554374e-05 0.0 -0.000169596934153528 1.216965364491e-05 0.0 -0.0001738752490463112 -3.691988777696386e-06 0.0 -0.0001781255388056652 -2.025040379508393e-05 0.0 -0.0001823142151376591 -3.749258552897498e-05 0.0 -0.0001864003697324792 -5.539667580270869e-05 0.0 -0.0001903349436678206 -7.39300075410434e-05 0.0 -0.0001940598936750551 -9.304681871775371e-05 0.0 -0.0001975074102214423 -0.0001126855942739377 0.0 -0.0002005992577193471 -0.0001327660225703707 0.0 -0.0002032463302814677 -0.0001531855781990599 0.0 -0.0002053485451477714 -0.00017381578151008 0.0 -0.0002067952267810364 -0.0001944982402511168 0.0 -0.0002074661645234451 -0.0002150406525332442 0.0 -0.0002072335505639326 -0.0002352130434478399 0.0 -0.0002059650154680107 -0.0002547446173083833 0.0 -0.0002035279662174973 -0.0002733217258795037 0.0 -0.0001997953857699922 -0.000290587565528799 0.0 -0.0001946531630640572 -0.0003061443005822945 0.0 -0.0001880088807484685 -0.0003195583363660635 0.0 -0.0001798017941249024 -0.0003303693988072718 0.0 -0.0001700134992421991 -0.0003381038845246336 0.0 -0.0001586785354517169 -0.00034229260279137 0.0 -0.0001458939379999678 -0.0003424925368099668 0.0 -0.0001318266016094189 -0.0003383116368292861 0.0 -0.00011671729279399 -0.0003294349908319484 0.0 -0.0001008803043725132 -0.0003156501053741977 0.0 -8.469810348503437e-05 -0.0002968685979340191 0.0 -6.861086889686914e-05 -0.0002731414783694402 0.0 -5.310147890126408e-05 -0.0002446654708442467 0.0 -3.867715804310446e-05 -0.0002117785218492561 0.0 -2.584925002360083e-05 -0.0001749436926449548 0.0 -1.511084509971129e-05 -0.0001347219114383969 0.0 -6.899484514789874e-06 -9.173544977599415e-05 0.0 -1.476358479856868e-06 -4.662567950104866e-05 0.0 0.0 0.0 0.0 0.0 0.0 0.0 -2.817465946934176e-07 2.752134917367414e-05 0.0 -1.325494930150053e-06 5.275486604301471e-05 0.0 -2.926467479627719e-06 7.573969135468628e-05 0.0 -5.053726559102059e-06 9.653430923619153e-05 0.0 -7.647194984071764e-06 0.0001152145082221786 0.0 -1.064093826822969e-05 0.0001318707790311134 0.0 -1.39693247610321e-05 0.0001466053380283163 0.0 -1.756932693538905e-05 0.0001595290048661691 0.0 -2.138188140280361e-05 0.0001707581128053638 0.0 -2.535280929410723e-05 0.0001804115879935699 0.0 -2.94334069836563e-05 0.000188608295542158 0.0 -3.358076098649448e-05 0.0001954647161137432 0.0 -3.775783491123234e-05 0.0002010929876307052 0.0 -4.193337509146017e-05 0.0002055993228571939 0.0 -4.608167866505541e-05 0.0002090827948388512 0.0 -5.018226333368436e-05 0.0002116344681327836 0.0 -5.421947251466265e-05 0.0002133368439349844 0.0 -5.81820437326881e-05 0.0002142635810624148 0.0 -6.206266235936231e-05 0.0002144794516947898 0.0 -6.58575175067436e-05 0.0002140404902477771 0.0 -6.956587220225765e-05 0.0002129942951753549 0.0 -7.318965600132319e-05 0.000211380446362994 0.0 -7.673308494217463e-05 0.0002092310046066089 0.0 -8.02023111740279e-05 0.0002065710640701137 0.0 -8.36051026215955e-05 0.0002034193332417984 0.0 -8.695055159524886e-05 0.0001997887245024338 0.0 -9.02488102205009e-05 0.0001956869367799018 0.0 -9.351084984952356e-05 0.0001911170197624159 0.0 -9.674824114619834e-05 0.0001860779116956838 0.0 -9.997295123136502e-05 0.0001805649458651149 0.0 -0.0001031971540758195 0.0001745703234658408 0.0 -0.0001064330501870463 0.0001680835527232299 0.0 -0.0001096926915149064 0.0001610918558985162 0.0 -0.0001129878073743762 0.000153580547266825 0.0 -0.000116329627030347 0.0001455333863673203 0.0 -0.000119728694396993 0.0001369329118834434 0.0 -0.0001231946700644437 0.0001277607625053593 0.0 -0.0001267361155752628 0.0001179979921473539 0.0 -0.0001303602545338483 0.0001076253880310807 0.0 -0.0001340727047508582 9.662380149161289e-05 0.0 -0.0001378771752179731 8.49745030045047e-05 0.0 -0.0001417751213034039 7.265957495244162e-05 0.0 -0.000145765351201076 5.966235812663265e-05 0.0 -0.0001498435764251944 4.596797095333962e-05 0.0 -0.0001540018991347679 3.156392397862967e-05 0.0 -0.000158228229265307 1.644085621224265e-05 0.0 -0.000162505630064862 5.934241238718107e-07 0.0 -0.0001668115728849379 -1.597861318156066e-05 0.0 -0.0001711171329387203 -3.326910704090057e-05 0.0 -0.0001753861044134053 -5.126394204833841e-05 0.0 -0.0001795740308308277 -6.993910934336623e-05 0.0 -0.0001836272153698665 -8.925842058290915e-05 0.0 -0.0001874817259890696 -0.0001091707962973065 0.0 -0.0001910624625528929 -0.0001296070926076372 0.0 -0.0001942823723967499 -0.000150476449830724 0.0 -0.0001970419335149025 -0.0001716621804271717 0.0 -0.0001992290621467403 -0.0001930172661597842 0.0 -0.0002007196414998448 -0.0002143596092456281 0.0 -0.0002013789061066099 -0.0002354672825872136 0.0 -0.0002010639443807114 -0.0002560741498042405 0.0 -0.0001996275897076485 -0.0002758663715138246 0.0 -0.0001969239444924343 -0.0002944804671391193 0.0 -0.0001928157072818634 -0.0003115037384472599 0.0 -0.0001871833372047188 -0.0003264779479676019 0.0 -0.0001799358853410837 -0.0003389071389202908 0.0 -0.0001710230536240436 -0.0003482703359243083 0.0 -0.0001604477299974984 -0.0003540395366392119 0.0 -0.0001482779359357572 -0.0003557028736791315 0.0 -0.0001346568708265652 -0.0003527921107061257 0.0 -0.0001198096208303646 -0.0003449128034765991 0.0 -0.0001040451883120836 -0.0003317746258457353 0.0 -8.775283894758128e-05 -0.000313218693818259 0.0 -7.139235922683778e-05 -0.0002892383915016175 0.0 -5.54786053791431e-05 -0.0002599903545352893 0.0 -4.056154941985321e-05 -0.0002257929655274445 0.0 -2.720347282221824e-05 -0.0001871109180465595 0.0 -1.595327835259023e-05 -0.0001445259592551374 0.0 -7.304747881015292e-06 -9.869566371699626e-05 0.0 -1.566305694317215e-06 -5.030414788261331e-05 0.0 0.0 0.0 0.0 0.0 0.0 0.0 -2.814024878893254e-07 2.820296355230988e-05 0.0 -1.323947318343093e-06 5.406322344949392e-05 0.0 -2.92161221708044e-06 7.761264416790453e-05 0.0 -5.04074195865924e-06 9.890498581578388e-05 0.0 -7.617716869675744e-06 0.0001180139231340714 0.0 -1.058271687887377e-05 0.0001350301431861081 0.0 -1.386626817959919e-05 0.0001500579999168351 0.0 -1.740183021684327e-05 0.0001632119900561155 0.0 -2.112734666904788e-05 0.0001746132648525068 0.0 -2.49862750003265e-05 0.0001843863398806293 0.0 -2.892822020071479e-05 0.000192656116468145 0.0 -3.290924246398345e-05 0.0001995452859921516 0.0 -3.689190144347235e-05 0.0002051721532428699 0.0 -4.084509650942996e-05 0.0002096488871481039 0.0 -4.474375727894636e-05 0.0002130801858557718 0.0 -4.856843181943921e-05 0.0002155623277536388 0.0 -5.230481223497425e-05 0.0002171825696683807 0.0 -5.594322958128431e-05 0.0002180188474260757 0.0 -5.947814273984188e-05 0.0002181397313914172 0.0 -6.29076393342955e-05 0.000217604589793128 0.0 -6.623296115883191e-05 0.0002164639149048145 0.0 -6.945806195639172e-05 0.0002147597708706592 0.0 -7.258920170201318e-05 0.0002125263266113691 0.0 -7.563457872627577e-05 0.0002097904423720496 0.0 -7.860399893879497e-05 0.000206572283722956 0.0 -8.150857995237754e-05 0.0002028859419245381 0.0 -8.436048693575525e-05 0.0001987400443265259 0.0 -8.71726964171513e-05 0.000194138342762821 0.0 -8.995878391730223e-05 0.0001890802716638276 0.0 -9.273273112091917e-05 0.0001835614708170346 0.0 -9.550874822897023e-05 0.0001775742703833928 0.0 -9.830110711546677e-05 0.0001711081379671485 0.0 -0.0001011239809006651 0.0001641500893060941 0.0 -0.0001039912855180801 0.0001566850655752486 0.0 -0.0001069165187736114 0.0001486962814654226 0.0 -0.0001099125922551518 0.0001401655492001867 0.0 -0.0001129916512397662 0.0001310735845862643 0.0 -0.0001161648774564411 0.0001214003021470318 0.0 -0.0001194422691913225 0.0001111251074616892 0.0 -0.0001228323927697726 0.0001002271961206058 0.0 -0.0001263420989211328 8.86858703045054e-05 0.0 -0.0001299761969414485 7.648088599872243e-05 0.0 -0.0001337370789456902 6.359284636124207e-05 0.0 -0.0001376242858972025 5.00036598690844e-05 0.0 -0.0001416340066151181 3.569708565736043e-05 0.0 -0.0001457585007144031 2.065939304396386e-05 0.0 -0.0001499854374620861 4.880167524910098e-06 0.0 -0.0001542971489693413 -1.16466919128978e-05 0.0 -0.0001586697519427175 -2.892176975057215e-05 0.0 -0.0001630722475079959 -4.693864705465673e-05 0.0 -0.0001674654387463081 -6.568205467606478e-05 0.0 -0.0001718008090017713 -8.512563201789861e-05 0.0 -0.0001760193373461089 -0.0001052292193102806 0.0 -0.0001800503111743135 -0.0001259356223695275 0.0 -0.0001838102113370903 -0.0001471668026231852 0.0 -0.0001872017805730174 -0.0001688194725114766 0.0 -0.0001901134290371736 -0.000190760122949873 0.0 -0.0001924191799407773 -0.0002128195814843928 0.0 -0.0001939794100768708 -0.0002347873027046168 0.0 -0.0001946426872591282 -0.0002564057297895631 0.0 -0.0001942490383121983 -0.0002773652362786099 0.0 -0.0001926349817895389 -0.0002973003505970655 0.0 -0.0001896406101981889 -0.0003157881609334763 0.0 -0.0001851188875317771 -0.0003323499584104924 0.0 -0.000178947123764317 -0.0003464572506708058 0.0 -0.0001710402940928696 -0.000357543203732978 0.0 -0.0001613655017399234 -0.0003650202848004486 0.0 -0.0001499564797258473 -0.0003683043375211952 0.0 -0.000136926658393134 -0.0003668445184581188 0.0 -0.000122479083619596 -0.0003601575146995594 0.0 -0.0001069114543565483 -0.0003478633762467255 0.0 -9.061483721783646e-05 -0.0003297193287005288 0.0 -7.406524069065533e-05 -0.0003056473139357048 0.0 -5.780814319464738e-05 -0.0002757509537837498 0.0 -4.243709885888122e-05 -0.0002403182763905014 0.0 -2.856822513873201e-05 -0.000199807880230141 0.0 -1.681081345174673e-05 -0.0001548180767842086 0.0 -7.720557833507826e-06 -0.0001060407296204529 0.0 -1.659077666598158e-06 -5.420403262773049e-05 0.0 0.0 0.0 0.0 0.0 0.0 0.0 -2.834101991006183e-07 2.888679319848125e-05 0.0 -1.333134116071391e-06 5.537498477059308e-05 0.0 -2.939334149523005e-06 7.948735114611599e-05 0.0 -5.064467432493633e-06 0.00010127177746647 0.0 -7.639982789206825e-06 0.0001207992858839361 0.0 -1.05908503188874e-05 0.000138160709382939 0.0 -1.38426013003856e-05 0.0001534628537781676 0.0 -1.732424690188406e-05 0.0001668244560937934 0.0 -2.097003541022576e-05 0.0001783721965897786 0.0 -2.472058555651327e-05 0.0001882369562934302 0.0 -2.852354378347523e-05 0.0001965504501393914 0.0 -3.233385655067912e-05 0.0002034423134322336 0.0 -3.611373950484671e-05 0.0002090376772103904 0.0 -3.983241914629938e-05 0.0002134552356079079 0.0 -4.34657141967053e-05 0.0002168057843764292 0.0 -4.699551381235145e-05 0.0002191911931064076 0.0 -5.040919921860365e-05 0.000220703763155803 0.0 -5.369904513451489e-05 0.0002214259177160587 0.0 -5.686162807206944e-05 0.0002214301687756399 0.0 -5.989726054112573e-05 0.0002207793070418851 0.0 -6.280946348965531e-05 0.0002195267643227438 0.0 -6.560448394718025e-05 0.0002177171027352714 0.0 -6.82908607170671e-05 0.0002153865907980429 0.0 -7.087903792803999e-05 0.0002125638324960238 0.0 -7.338102413005075e-05 0.0002092704214055212 0.0 -7.581009322373001e-05 0.0002055215976618143 0.0 -7.818052267548303e-05 0.0002013268907605439 0.0 -8.050736404017018e-05 0.0001966907357991824 0.0 -8.280624066164604e-05 0.0001916130547414508 0.0 -8.509316744379938e-05 0.000186089797627599 0.0 -8.738438769956213e-05 0.0001801134413944624 0.0 -8.969622223059733e-05 0.000173673446173243 0.0 -9.204492592185326e-05 0.0001667566706813138 0.0 -9.444654722266987e-05 0.0001593477497043398 0.0 -9.691678590743431e-05 0.0001514294377686356 0.0 -9.947084444534349e-05 0.0001429829240254427 0.0 -0.0001021232681481272 0.0001339881242117148 0.0 -0.0001048877689990194 0.0001244239564117485 0.0 -0.0001077770276878783 0.0001142686083173603 0.0 -0.0001108024678816979 0.000103499804872868 0.0 -0.0001139739961431085 9.209508669000116e-05 0.0 -0.0001172997001713885 8.003211153557862e-05 0.0 -0.0001207854971936858 6.728899364611341e-05 0.0 -0.0001244347234085949 5.384469873086183e-05 0.0 -0.0001282476544283471 3.967951642429756e-05 0.0 -0.0001322209457513079 2.477563682450289e-05 0.0 -0.0001363469810249577 9.117863827564645e-06 0.0 -0.0001406131287798525 -7.30549352970179e-06 0.0 -0.0001450008419862562 -2.450151440326852e-05 0.0 -0.0001494847312921484 -4.247129487112371e-05 0.0 -0.0001540314141266672 -6.120822320811487e-05 0.0 -0.0001585982870511949 -8.069582871197987e-05 0.0 -0.0001631321825587033 -0.0001009051376165832 0.0 -0.0001675679554268369 -0.0001217914486325083 0.0 -0.0001718270598185276 -0.0001432904496714845 0.0 -0.0001758162140151095 -0.0001653136157426824 0.0 -0.000179426296246103 -0.0001877428653278011 0.0 -0.0001825316719643587 -0.0002104245169347616 0.0 -0.0001849902177792853 -0.0002331626874413706 0.0 -0.0001866443741854068 -0.000255712416680165 0.0 -0.0001873236174307009 -0.0002777729919565553 0.0 -0.0001868487737436391 -0.0002989821773841967 0.0 -0.0001850385842179099 -0.0003189123085000737 0.0 -0.0001817188395975723 -0.00033706945678731 0.0 -0.000176734215535761 -0.0003528970443568837 0.0 -0.0001699626340452654 -0.0003657853192485692 0.0 -0.0001613315589319016 -0.0003750878995582892 0.0 -0.0001508351360158675 -0.000380146082193819 0.0 -0.000138550585334007 -0.0003803207498458525 0.0 -0.0001246518516014094 -0.0003750305283759784 0.0 -0.0001094183519875593 -0.0003637934724663817 0.0 -9.323684913305831e-05 -0.0003462682164569802 0.0 -7.65950948834809e-05 -0.0003222895186980054 0.0 -6.006691450658e-05 -0.0002918927593128234 0.0 -4.428965951239911e-05 -0.0002553224509883826 0.0 -2.993592941828864e-05 -0.0002130212507809627 0.0 -1.768009066966637e-05 -0.0001655981673560678 0.0 -8.145825843165675e-06 -0.0001137773619971617 0.0 -1.754509722577335e-06 -5.833206572844008e-05 0.0 0.0 0.0 0.0 0.0 0.0 0.0 -2.883634623006005e-07 2.957927544799061e-05 0.0 -1.355750661621081e-06 5.670164625901771e-05 0.0 -2.985269192734956e-06 8.137877003183218e-05 0.0 -5.134026902069752e-06 0.0001036514521898662 0.0 -7.726828802650225e-06 0.0001235876070707976 0.0 -1.068182506092072e-05 0.0001412783433538597 0.0 -1.391817313070435e-05 0.0001568334717591149 0.0 -1.735933982916429e-05 0.0001703767974047701 0.0 -2.093507757927274e-05 0.0001820415052010074 0.0 -2.458264879070173e-05 0.0001919658637172441 0.0 -2.824747725918408e-05 0.000200289394483712 0.0 -3.188334613231144e-05 0.0002071495887972388 0.0 -3.545224909566387e-05 0.0002126792035589305 0.0 -3.892399081198746e-05 0.000217004130089623 0.0 -4.227561961658774e-05 0.0002202418033138809 0.0 -4.549076108728339e-05 0.0002225001012202152 0.0 -4.855890676100175e-05 0.0002238766742997729 0.0 -5.147469894987944e-05 0.0002244586401528115 0.0 -5.423724089619866e-05 0.0002243225782549534 0.0 -5.684945166114524e-05 0.0002235347628117369 0.0 -5.931747720695763e-05 0.0002221515767007694 0.0 -6.165016299628905e-05 0.0002202200558782643 0.0 -6.38585888970252e-05 0.0002177785206454426 0.0 -6.595566400053476e-05 0.0002148572573153579 0.0 -6.79557768791122e-05 0.0002114792207134434 0.0 -6.987449557728184e-05 0.0002076607343258177 0.0 -7.172831102941173e-05 0.0002034121706186731 0.0 -7.353441743276929e-05 0.0001987385990115116 0.0 -7.531052322534414e-05 0.0001936403931805257 0.0 -7.70746865996183e-05 0.0001881137928265983 0.0 -7.884516983568758e-05 0.0001821514178274833 0.0 -8.064030709115154e-05 0.0001757427348859732 0.0 -8.247838059481558e-05 0.0001688744784876841 0.0 -8.43775004290183e-05 0.0001615310292921021 0.0 -8.635548323274976e-05 0.0001536947540971932 0.0 -8.842972519457306e-05 0.0001453463123329249 0.0 -9.061706461384536e-05 0.0001364649347636613 0.0 -9.293362908469695e-05 0.0001270286808166436 0.0 -9.539466199343774e-05 0.000117014681798903 0.0 -9.801432251006026e-05 0.0001063993783184267 0.0 -0.0001008054525836249 9.515876157585139e-05 0.0 -0.0001037793036040072 8.326862996136933e-05 0.0 -0.0001069452143661904 7.070487470504897e-05 0.0 -0.0001103102307746779 5.74438113282379e-05 0.0 -0.0001138786563640063 4.346257748843385e-05 0.0 -0.0001176515211919581 2.873962267325028e-05 0.0 -0.0001216259543618448 1.325532124564002e-05 0.0 -0.0001257944572248988 -3.007252848856527e-06 0.0 -0.0001301440124266569 -2.006132941648752e-05 0.0 -0.0001346551361589106 -3.791521003194821e-05 0.0 -0.0001393007014099122 -5.657069813474936e-05 0.0 -0.0001440446332230846 -7.602108147466346e-05 0.0 -0.0001488404435991667 -9.624861152603756e-05 0.0 -0.0001536296284698017 -0.0001172213643559128 0.0 -0.0001583399713637129 -0.00013888937557004 0.0 -0.0001628838314758418 -0.0001611799484234985 0.0 -0.000167156541769674 -0.0001839920588811623 0.0 -0.0001710351049749462 -0.0002071898334786294 0.0 -0.0001743774513013479 -0.0002305951662585462 0.0 -0.0001770226073702966 -0.0002539796815912368 0.0 -0.0001787922119133959 -0.0002770564497153353 0.0 -0.0001794938836527976 -0.0002994721241106101 0.0 -0.0001789269755226292 -0.0003208004838317418 0.0 -0.0001768912044763319 -0.0003405386982825526 0.0 -0.0001731984913303638 -0.0003581079277011137 0.0 -0.0001676880489242641 -0.000372860040721659 0.0 -0.0001602443057409513 -0.0003840921578766906 0.0 -0.0001508166664265776 -0.0003910702996195488 0.0 -0.0001394394591609123 -0.0003930625423761686 0.0 -0.0001262498252432912 -0.0003893807541875027 0.0 -0.0001115009339371466 -0.0003794282987591479 0.0 -9.556793066381435e-05 -0.0003627493101146661 0.0 -7.894458117619137e-05 -0.0003390736196923314 0.0 -6.222968344147865e-05 -0.0003083505873708909 0.0 -4.610382143230387e-05 -0.0002707653097586753 0.0 -3.129836071524936e-05 -0.0002267321236569797 0.0 -1.855749644745157e-05 -0.0001768628800314972 0.0 -8.579401797265962e-06 -0.000121910797478787 0.0 -1.852432021109514e-06 -6.269459206225386e-05 0.0 0.0 0.0 0.0 0.0 0.0 0.0 -2.969583267748544e-07 3.028841601997493e-05 0.0 -1.394945917381288e-06 5.805746297613764e-05 0.0 -3.065965786261217e-06 8.330539849708695e-05 0.0 -5.259951964718905e-06 0.0001060647031131913 0.0 -7.892960610596405e-06 0.0001263998586630115 0.0 -1.087437201524413e-05 0.0001444026265550917 0.0 -1.41153297410861e-05 0.0001601866895455446 0.0 -1.753248267893321e-05 0.0001738820876330505 0.0 -2.105018784546873e-05 0.0001856298176967208 0.0 -2.460180210722794e-05 0.0001955768599757386 0.0 -2.813028452255365e-05 0.0002038717944994802 0.0 -3.158826659195859e-05 0.0002106610901929468 0.0 -3.493772904440921e-05 0.0002160860889345932 0.0 -3.814940670297071e-05 0.0002202806637249094 0.0 -4.120202353136865e-05 0.000223369501192425 0.0 -4.408143976696697e-05 0.0002254669409544898 0.0 -4.677977378309057e-05 0.00022667629528355 0.0 -4.929454408360736e-05 0.0002270895699350826 0.0 -5.162786216784106e-05 0.000226787509072271 0.0 -5.378569507699774e-05 0.0002258398925003088 0.0 -5.577720714625146e-05 0.0002243060207077683 0.0 -5.761418358117798e-05 0.0002222353315604492 0.0 -5.931053361071821e-05 0.000219668101181195 0.0 -6.088186776936588e-05 0.0002166361900466029 0.0 -6.234514196552095e-05 0.0002131638032724305 0.0 -6.37183600702707e-05 0.0002092682412147842 0.0 -6.502032652622596e-05 0.0002049606227643792 0.0 -6.627044069556748e-05 0.0002002465690214698 0.0 -6.748852515559215e-05 0.000195126839433812 0.0 -6.869468076950335e-05 0.0001895979160284137 0.0 -6.990916201238343e-05 0.0001836525341644349 0.0 -7.115226664337298e-05 0.0001772801603768205 0.0 -7.244423433668366e-05 0.0001704674194983528 0.0 -7.380514929546984e-05 0.0001631984744577862 0.0 -7.525484216854719e-05 0.0001554553630616301 0.0 -7.681278675443583e-05 0.0001472182967507935 0.0 -7.849798697373568e-05 0.0001384659268837071 0.0 -8.032884941381971e-05 0.0001291755846858952 0.0 -8.232303641855015e-05 0.0001193235017111511 0.0 -8.449729420246384e-05 0.0001088850185452638 0.0 -8.686724977643095e-05 9.78347906375873e-05 0.0 -8.944716955149974e-05 8.614700170728031e-05 0.0 -9.224967132589635e-05 7.379559727095694e-05 0.0 -9.528537994245122e-05 6.075455362612373e-05 0.0 -9.856251521964564e-05 4.699820127462639e-05 0.0 -0.000102086398818987 3.250162647075805e-05 0.0 -0.0001058588643401186 1.724118054076391e-05 0.0 -0.0001098775575409772 1.195133405773532e-06 0.0 -0.0001141351036005892 -1.565546282601814e-05 0.0 -0.000118618097601331 -3.332569025129559e-05 0.0 -0.000123305992023552 -5.182537004982809e-05 0.0 -0.0001281697261720885 -7.11572291282388e-05 0.0 -0.0001331701816037413 -9.131455597143613e-05 0.0 -0.0001382564337909914 -0.0001122782195292131 0.0 -0.0001433638280002922 -0.0001340129163277713 0.0 -0.0001484119331263125 -0.0001564625049410652 0.0 -0.0001533024742263042 -0.0001795442964946995 0.0 -0.0001579174090870535 -0.0002031422050906398 0.0 -0.0001621173980438654 -0.0002270987361182092 0.0 -0.0001657410181975529 -0.0002512059194294044 0.0 -0.0001686051863680473 -0.0002751954942805099 0.0 -0.0001705073646561877 -0.0002987289354591513 0.0 -0.0001712302026773381 -0.0003213882748489007 0.0 -0.0001705492840861989 -0.0003426690975039761 0.0 -0.0001682445451105033 -0.0003619775212276413 0.0 -0.0001641156708548424 -0.000378633307159319 0.0 -0.0001580013154827347 -0.0003918813588939239 0.0 -0.0001498013333356489 -0.0004009135874477047 0.0 -0.0001395004047332012 -0.0004049023007937342 0.0 -0.0001271906205853312 -0.0004030448424724555 0.0 -0.0001130899522440044 -0.0003946172139507191 0.0 -9.755331398488179e-05 -0.0003790321170326942 0.0 -8.10733370445223e-05 -0.0003558946836633401 0.0 -6.426911553483452e-05 -0.0003250476823082315 0.0 -4.786293091121186e-05 -0.000286597745965595 0.0 -3.264670354123264e-05 -0.0002409154973272568 0.0 -1.943922568039541e-05 -0.0001886053338325436 0.0 -9.020115373118016e-06 -0.0001304447053229949 0.0 -1.952680277054049e-06 -6.729757373630783e-05 0.0 0.0 0.0 0.0 0.0 0.0 0.0 -3.100149811566208e-07 3.10240656698548e-05 0.0 -1.454415381769527e-06 5.945990531037223e-05 0.0 -3.18905993247714e-06 8.528981034326556e-05 0.0 -5.45442946544945e-06 0.000108536674294031 0.0 -8.155246898683736e-06 0.0001292614182023845 0.0 -1.118976810364154e-05 0.0001475571702524646 0.0 -1.445918230539782e-05 0.0001635427643878871 0.0 -1.787185403958091e-05 0.0001773560754544186 0.0 -2.134575059535114e-05 0.0001891476338974229 0.0 -2.480976109123621e-05 0.0001990748245659396 0.0 -2.820418744258281e-05 0.0002072968464194333 0.0 -3.148061437446503e-05 0.0002139705103931418 0.0 -3.460133807852698e-05 0.0002192468807085866 0.0 -3.753850670266549e-05 0.0002232687160413739 0.0 -4.027309756106084e-05 0.0002261686362814745 0.0 -4.279382800785351e-05 0.0002280679237608424 0.0 -4.509607131919925e-05 0.0002290758611351401 0.0 -4.718082681449724e-05 0.0002292895086554743 0.0 -4.905377526523539e-05 0.0002287938290268213 0.0 -5.072443636275931e-05 0.0002276620766020876 0.0 -5.220543432381981e-05 0.0002259563779027561 0.0 -5.35118701241861e-05 0.0002237284413361208 0.0 -5.466079382092084e-05 0.0002210203447341831 0.0 -5.567076740966328e-05 0.0002178653594508237 0.0 -5.656150716438114e-05 0.0002142887788976615 0.0 -5.735359398972116e-05 0.0002103087274037435 0.0 -5.806824062135752e-05 0.0002059369320937631 0.0 -5.872710525607872e-05 0.0002011794461238393 0.0 -5.935214216642792e-05 0.000196037316169609 0.0 -5.996548089910604e-05 0.0001905071906506104 0.0 -6.058932667518899e-05 0.0001845818679344531 0.0 -6.124587553127201e-05 0.0001782507858070577 0.0 -6.19572385061954e-05 0.0001715004549689588 0.0 -6.274536977293381e-05 0.0001643148403872604 0.0 -6.363199407141534e-05 0.0001566756951279044 0.0 -6.463852913560834e-05 0.0001485628518467583 0.0 -6.578599891070538e-05 0.0001399544774060044 0.0 -6.70949331943456e-05 0.0001308272964953043 0.0 -6.858524905345145e-05 0.0001211567907514612 0.0 -7.027610893681423e-05 0.0001109173805366243 0.0 -7.218574971583754e-05 0.0001000825974471762 0.0 -7.433127592688346e-05 8.862525693357527e-05 0.0 -7.672840924356853e-05 7.651764223588113e-05 0.0 -7.939118464468062e-05 6.373171332931265e-05 0.0 -8.233158183224327e-05 5.023935791874703e-05 0.0 -8.555907817460583e-05 3.601270596161618e-05 0.0 -8.908010673014718e-05 2.102453509499192e-05 0.0 -9.289740023624427e-05 5.248802081777308e-06 0.0 -9.700921049547925e-05 -1.133864703144425e-05 0.0 -0.0001014083192884929 -2.875914534368554e-05 0.0 -0.0001060809535550264 -4.702999729640185e-05 0.0 -0.0001110054150350716 -6.616287413733945e-05 0.0 -0.0001161504937111858 -8.616169306655145e-05 0.0 -0.0001214736239016926 -0.0001070198622051134 0.0 -0.0001269187867144061 -0.0001287167320137004 0.0 -0.0001324141856267444 -0.0001512130755740579 0.0 -0.0001378697650433737 -0.0001744454126572524 0.0 -0.0001431747050360542 -0.0001983190069911309 0.0 -0.0001481951130478553 -0.0002226994172494289 0.0 -0.0001527722473776844 -0.0002474025895693585 0.0 -0.0001567217447204102 -0.000272183666195074 0.0 -0.000159834473199239 -0.0002967249726570747 0.0 -0.0001618797691820044 -0.0003206240475443392 0.0 -0.0001626119011971788 -0.0003433830864542892 0.0 -0.0001617805815101642 -0.0003644017417752307 0.0 -0.000159146148889972 -0.0003829757564861141 0.0 -0.0001544996123644658 -0.0003983042578057989 0.0 -0.000147687042071127 -0.0004095084875482243 0.0 -0.0001386368478618245 -0.0004156640788768057 0.0 -0.0001273874189538953 -0.0004158475352995505 0.0 -0.0001141116323862583 -0.0004091953059212865 0.0 -9.91341780851233e-05 -0.0003949709941689245 0.0 -8.293780747252233e-05 -0.0003726332743337492 0.0 -6.615569952341865e-05 -0.0003418947359893541 0.0 -4.954910196958888e-05 -0.0003027609085434681 0.0 -3.397162044334654e-05 -0.0002555397283104334 0.0 -2.032136207448813e-05 -0.0002008148527694073 0.0 -9.466830700682982e-06 -0.0001393811323264766 0.0 -2.05511007562777e-06 -7.21466258645247e-05 0.0 0.0 0.0 0.0 0.0 0.0 0.0 -3.285050116853669e-07 3.179825710342875e-05 0.0 -1.53851598127874e-06 6.093020500211586e-05 0.0 -3.363488086311569e-06 8.735928078168141e-05 0.0 -5.731595744530068e-06 0.0001110975512263225 0.0 -8.533056744059456e-06 0.0001322025373628405 0.0 -1.165216603133193e-05 0.0001507699059701381 0.0 -1.497787472407834e-05 0.0001669254611474672 0.0 -1.840859186316891e-05 0.000180817065230469 0.0 -2.18548186653266e-05 0.0001926070197385226 0.0 -2.52404311275843e-05 0.0002024652550793395 0.0 -2.850297089414191e-05 0.0002105635141074871 0.0 -3.159321716440298e-05 0.0002170705915420423 0.0 -3.447427143674283e-05 0.0002221486061638559 0.0 -3.712034714251525e-05 0.0002259502283119603 0.0 -3.9515415772707e-05 0.0002286167540427901 0.0 -4.16518229109818e-05 0.0002302769030474389 0.0 -4.35289539144481e-05 0.0002310462149633925 0.0 -4.515200090989148e-05 0.0002310269241453711 0.0 -4.653086050418062e-05 0.0002303082033027907 0.0 -4.767917478985015e-05 0.0002289666794542513 0.0 -4.861351619362154e-05 0.0002270671397782294 0.0 -4.935270866135888e-05 0.0002246633590169446 0.0 -4.991727277227814e-05 0.0002217989933583686 0.0 -5.032897985811676e-05 0.0002185084977163977 0.0 -5.061049939753877e-05 0.0002148180338133233 0.0 -5.07851243059753e-05 0.0002107463453666075 0.0 -5.087655980376922e-05 0.0002063055840318781 0.0 -5.090876299220563e-05 0.0002015020756800807 0.0 -5.090582185598293e-05 0.0001963370212278317 0.0 -5.089186397418056e-05 0.0001908071297920162 0.0 -5.089098666848549e-05 0.0001849051845869186 0.0 -5.092720161196345e-05 0.0001786205438907538 0.0 -5.102438796716591e-05 0.0001719395806155533 0.0 -5.120624887789859e-05 0.0001648460648827578 0.0 -5.149626672925714e-05 0.0001573214947059368 0.0 -5.191765320754942e-05 0.0001493453804306047 0.0 -5.249329044299399e-05 0.000140895488278649 0.0 -5.324565922847652e-05 0.0001319480485525329 0.0 -5.419675010764419e-05 0.0001224779348319431 0.0 -5.536795284916756e-05 0.0001124588207723961 0.0 -5.677991913543631e-05 0.000101863321752178 0.0 -5.845239232112967e-05 9.066312964245977e-05 0.0 -6.040399683558342e-05 7.882915048293072e-05 0.0 -6.265197815957511e-05 6.633165697317248e-05 0.0 -6.521188224300455e-05 5.314047063570263e-05 0.0 -6.809716067612056e-05 3.922519253616476e-05 0.0 -7.131868474972392e-05 2.455550693547396e-05 0.0 -7.48841471530536e-05 9.101589687040485e-06 0.0 -7.879733772717942e-05 -7.165336580021385e-06 0.0 -8.305722473846962e-05 -2.42722345588752e-05 0.0 -8.765688844452211e-05 -4.224324408835116e-05 0.0 -9.258220375652455e-05 -6.109832830514275e-05 0.0 -9.781025063735547e-05 -8.085141990613101e-05 0.0 -0.0001033074270401396 -0.0001015079530473259 0.0 -0.0001090272387399577 -0.0001230616050989676 0.0 -0.0001149077639292975 -0.0001454900399244513 0.0 -0.0001208688269762358 -0.0001687494182902207 0.0 -0.0001268089742175325 -0.0001927674319136273 0.0 -0.000132602430617406 -0.0002174346405464009 0.0 -0.0001380963365465979 -0.0002425939658548911 0.0 -0.000143108720684633 -0.0002680283554502731 0.0 -0.0001474278503830272 -0.0002934469052038376 0.0 -0.0001508137957803753 -0.0003184701455388874 0.0 -0.0001530032104436105 -0.0003426157702956803 0.0 -0.0001537184071511408 -0.000365286791704307 0.0 -0.0001526817096200124 -0.0003857648571679969 0.0 -0.0001496356971996427 -0.0004032121006991062 0.0 -0.0001443692556232963 -0.0004166851744795957 0.0 -0.0001367482879180107 -0.0004251647116122465 0.0 -0.0001267486175682255 -0.0004276021222893154 0.0 -0.0001144872647030707 -0.0004229831754241112 0.0 -0.0001002472643604541 -0.0004104043932077698 0.0 -8.449095944639767e-05 -0.0003891543894597347 0.0 -6.785760120560926e-05 -0.0003587887833165301 0.0 -5.114320375547667e-05 -0.000319185286159348 0.0 -3.526332728778122e-05 -0.0002705659384625086 0.0 -2.119997781415025e-05 -0.0002134767101673184 0.0 -9.918516855986506e-06 -0.0001487204913841936 0.0 -2.159615626585038e-06 -7.724709387952952e-05 0.0 0.0 0.0 0.0 0.0 0.0 0.0 -3.535854604479567e-07 3.262561726300463e-05 0.0 -1.652408008948623e-06 6.249401008069709e-05 0.0 -3.599745129225649e-06 8.954651492761009e-05 0.0 -6.107883375627537e-06 0.0001137832181404431 0.0 -9.048640834748284e-06 0.0001352588215178846 0.0 -1.22889413103769e-05 0.0001540733232415081 0.0 -1.570282539556986e-05 0.0001703620236939419 0.0 -1.917686591783901e-05 0.0001842856297887334 0.0 -2.261296544970589e-05 0.0001960210922779348 0.0 -2.592950404557458e-05 0.0002057535692014738 0.0 -2.90613049792904e-05 0.0002136696987145856 0.0 -3.195877728474056e-05 0.0002199522127807864 0.0 -3.458653292082775e-05 0.0002247758237282886 0.0 -3.692171773383669e-05 0.0002283042567988115 0.0 -3.89522383949802e-05 0.0002306882724656587 0.0 -4.067501588485556e-05 0.000232064513360924 0.0 -4.20943522775696e-05 0.0002325550151393084 0.0 -4.322046237201846e-05 0.0002322672333380822 0.0 -4.406819486820017e-05 0.0002312944555243654 0.0 -4.465594840244099e-05 0.0002297164871111665 0.0 -4.50047746456649e-05 0.0002276005183721804 0.0 -4.513765256437543e-05 0.0002250020982289752 0.0 -4.507891363951187e-05 0.0002219661566372189 0.0 -4.485379627181479e-05 0.0002185280315258651 0.0 -4.448810789351329e-05 0.0002147144681596278 0.0 -4.400797476040757e-05 0.0002105445685734887 0.0 -4.343966148472493e-05 0.0002060306765418506 0.0 -4.280944471785153e-05 0.0002011791896473147 0.0 -4.214352774129934e-05 0.0001959912946192651 0.0 -4.14679849103662e-05 0.0001904636255164043 0.0 -4.080872679278089e-05 0.0001845888467128386 0.0 -4.019147860408975e-05 0.0001783561645196128 0.0 -3.964176593668096e-05 0.0001717517719102199 0.0 -3.918490259915837e-05 0.0001647592313891194 0.0 -3.884597596931331e-05 0.0001573598016978855 0.0 -3.864982642780811e-05 0.0001495327151306661 0.0 -3.862101797068317e-05 0.0001412554104203409 0.0 -3.878379624364626e-05 0.0001325037261211876 0.0 -3.916203024146758e-05 0.0001232520612026365 0.0 -3.977913401334395e-05 0.0001134735088505135 0.0 -4.065796391212786e-05 0.0001031399698873238 0.0 -4.182068596118116e-05 9.222225297829285e-05 0.0 -4.328860663900679e-05 8.069016995625675e-05 0.0 -4.508195871559842e-05 6.851263631517187e-05 0.0 -4.72196316310215e-05 5.565778938641308e-05 0.0 -4.971883318661646e-05 4.209314018801548e-05 0.0 -5.259466587152321e-05 2.778577977247688e-05 0.0 -5.585959650262374e-05 1.270266751804425e-05 0.0 -5.952279878842359e-05 -3.18896314985928e-06 0.0 -6.358933020420894e-05 -1.992101324982779e-05 0.0 -6.805909445231844e-05 -3.752371396594815e-05 0.0 -7.292561660996929e-05 -5.602453241697123e-05 0.0 -7.81744901316602e-05 -7.54466212820806e-05 0.0 -8.378149859609073e-05 -9.580668781533725e-05 0.0 -8.971035718987357e-05 -0.0001171121018473209 0.0 -9.591004171642199e-05 -0.0001393570115438103 0.0 -0.0001023117011597348 -0.0001625171903510525 0.0 -0.0001088252006270593 -0.0001865433041951012 0.0 -0.0001153354192410901 -0.0002113522813395027 0.0 -0.00012169854719657 -0.0002368164948719231 0.0 -0.0001277387960287673 -0.0002627505873312656 0.0 -0.0001332461499420495 -0.0002888960088065097 0.0 -0.0001379760356663716 -0.0003149037448290598 0.0 -0.0001416520415650024 -0.0003403163214944258 0.0 -0.0001439730091167217 -0.0003645509951580474 0.0 -0.0001446258564763434 -0.0003868870039714782 0.0 -0.000143305252083911 -0.0004064607259222974 0.0 -0.0001397406135484052 -0.0004222732746976687 0.0 -0.0001337297872493635 -0.0004332150878804501 0.0 -0.0001251772054013083 -0.0004381109905557844 0.0 -0.0001141325368144835 -0.0004357867275172996 0.0 -0.0001008242656575785 -0.0004251540170565519 0.0 -8.568182145801791e-05 -0.000405306237827283 0.0 -6.93404061900519e-05 -0.0003756119163858437 0.0 -5.262479931777015e-05 -0.000335789644023278 0.0 -3.651166641533389e-05 -0.0002859473473169716 0.0 -2.207125305552918e-05 -0.0002265718761939925 0.0 -1.037433717664436e-05 -0.0001584616035907384 0.0 -2.266154033386414e-06 -8.260418493978171e-05 0.0 0.0 0.0 0.0 0.0 0.0 0.0 -3.866414398925788e-07 3.352387398961839e-05 0.0 -1.802230423763185e-06 6.4182171888236e-05 0.0 -3.910195773232175e-06 9.189049398135166e-05 0.0 -6.60242545503819e-06 0.00011663597914992 0.0 -9.72755168456229e-06 0.000138471696075903 0.0 -1.313103552714573e-05 0.0001575046095995009 0.0 -1.666890105584102e-05 0.0001738829693998214 0.0 -2.021380223067929e-05 0.0001877840812806 0.0 -2.365789972087427e-05 0.0001994032164634251 0.0 -2.691372558767295e-05 0.0002089440919024903 0.0 -2.99136491853618e-05 0.0002166110851761128 0.0 -3.260841532857791e-05 0.0002226031614787349 0.0 -3.496513531525001e-05 0.0002271093758827629 0.0 -3.696502611147776e-05 0.0002303057532120392 0.0 -3.860111366267938e-05 0.0002323533241999666 0.0 -3.987604731570415e-05 0.0002333970972099952 0.0 -4.08001159932168e-05 0.0002335657601610801 0.0 -4.138951327311137e-05 0.0002329719306779956 0.0 -4.166486681430833e-05 0.0002317127992461905 0.0 -4.16500258952198e-05 0.0002298710372363881 0.0 -4.137108722575836e-05 0.0002275158671686392 0.0 -4.085563174243602e-05 0.0002247042154312196 0.0 -4.01321420920432e-05 0.0002214818873620513 0.0 -3.922957052612521e-05 0.000217884721040595 0.0 -3.817702884472905e-05 0.0002139396894913364 0.0 -3.700357500295803e-05 0.0002096659315541721 0.0 -3.573807442148342e-05 0.0002050756998047453 0.0 -3.440911751420211e-05 0.000200175219989404 0.0 -3.304497819748227e-05 0.0001949654608467606 0.0 -3.167360109863049e-05 0.0001894428163167251 0.0 -3.032260742228499e-05 0.0001835997038541787 0.0 -2.901931181048441e-05 0.0001774250850125797 0.0 -2.779074446676313e-05 0.0001709049137150904 0.0 -2.66636734556573e-05 0.0001640225177839832 0.0 -2.566462229228917e-05 0.0001567589199668251 0.0 -2.481988021944569e-05 0.000149093107782101 0.0 -2.415550371433747e-05 0.0001410022559979816 0.0 -2.369730531786738e-05 0.0001324619052426972 0.0 -2.347082643972815e-05 0.0001234461051719782 0.0 -2.350129170255664e-05 0.000113927527195273 0.0 -2.381354109061167e-05 0.0001038775523379188 0.0 -2.443193528808821e-05 9.326634033881107e-05 0.0 -2.538022837800418e-05 8.206288689051554e-05 0.0 -2.668140043898186e-05 7.023507719803633e-05 0.0 -2.835744043116368e-05 5.774974595641188e-05 0.0 -3.042906698940124e-05 4.457275667682693e-05 0.0 -3.29153711923445e-05 3.066911736981473e-05 0.0 -3.583336076981827e-05 1.600315540497436e-05 0.0 -3.919738025145958e-05 5.387821547147439e-07 0.0 -4.301838938583035e-05 -1.576009929558257e-05 0.0 -4.730299602403465e-05 -3.292899095338871e-05 0.0 -5.205232546336241e-05 -5.100196778440185e-05 0.0 -5.726055460638737e-05 -7.001045241516444e-05 0.0 -6.291309055032436e-05 -8.998146013542722e-05 0.0 -6.898432832226846e-05 -0.0001109351353306072 0.0 -7.543492418288916e-05 -0.0001328813364110496 0.0 -8.220854068208155e-05 -0.0001558149597437867 0.0 -8.922806254074998e-05 -0.0001797096317893689 0.0 -9.639134322791979e-05 -0.0002045093712125106 0.0 -0.0001035666523145834 -0.0002301177808112972 0.0 -0.0001105881716126952 -0.0002563844014782764 0.0 -0.0001172521168479046 -0.0002830880515199245 0.0 -0.0001233143569678475 -0.0003099173283946185 0.0 -0.0001284907425990234 -0.0003364490652694835 0.0 -0.0001324616753317895 -0.0003621264313008572 0.0 -0.0001348826526953743 -0.0003862395345792248 0.0 -0.0001354024608668576 -0.000407912702970774 0.0 -0.0001336901836387545 -0.0004261038034437817 0.0 -0.0001294710967644121 -0.0004396215606515106 0.0 -0.0001225697746461634 -0.0004471662636131442 0.0 -0.0001129565117902014 -0.0004473969495082016 0.0 -0.0001007908952953631 -0.0004390238419362913 0.0 -8.645476618805954e-05 -0.0004209187874031652 0.0 -7.056669023868435e-05 -0.0003922297383267424 0.0 -5.397199909216981e-05 -0.0003524797433947202 0.0 -3.77061629837935e-05 -0.0003016284848237507 0.0 -2.29316144214762e-05 -0.0002400767552075311 0.0 -1.083376090263664e-05 -0.0001686018040332402 0.0 -2.374776460169136e-06 -8.822316912259844e-05 0.0 0.0 0.0 0.0 0.0 0.0 0.0 -4.293395934570105e-07 3.451448113037459e-05 0.0 -1.995317489728576e-06 6.603169176804343e-05 0.0 -4.309448976955982e-06 9.443745268851869e-05 0.0 -7.23752070837376e-06 0.0001197053315830863 0.0 -1.059909038050832e-05 0.0001418888184504772 0.0 -1.421325904342841e-05 0.0001611056240732834 0.0 -1.791445530045229e-05 0.0001775216164535403 0.0 -2.155915844937896e-05 0.0001913355964231194 0.0 -2.502870838000171e-05 0.0002027658049388979 0.0 -2.822966772969588e-05 0.0002120386214324294 0.0 -3.109254558304622e-05 0.0002193795671232866 0.0 -3.35694993918808e-05 0.0002250065012711386 0.0 -3.563149821084481e-05 0.0002291247704287802 0.0 -3.726530779494091e-05 0.0002319240129318507 0.0 -3.847054885267091e-05 0.0002335763092277595 0.0 -3.925698859858445e-05 0.0002342353851488058 0.0 -3.964215432095101e-05 0.0002340366070841087 0.0 -3.964930498655328e-05 0.0002330975465601832 0.0 -3.930576049119826e-05 0.0002315189314278473 0.0 -3.864156497996811e-05 0.0002293858382974758 0.0 -3.768844761964089e-05 0.0002267690142265991 0.0 -3.64790385127616e-05 0.0002237262441484203 0.0 -3.504629675190077e-05 0.00022030370402119 0.0 -3.3423110061921e-05 0.0002165372584721515 0.0 -3.164202968603302e-05 0.0002124536763544833 0.0 -2.973510914899709e-05 0.000208071748714597 0.0 -2.773382068193484e-05 0.0002034033019087169 0.0 -2.566902790449276e-05 0.0001984541042522433 0.0 -2.357099760215168e-05 0.0001932246686751304 0.0 -2.146943746494167e-05 0.0001877109566429547 0.0 -1.939354880700849e-05 0.0001819049884829072 0.0 -1.737208650520154e-05 0.0001757953702372985 0.0 -1.543342132628777e-05 0.0001693677430892592 0.0 -1.360559974722126e-05 0.0001626051611670241 0.0 -1.191639580885696e-05 0.0001554884042297427 0.0 -1.039335351360747e-05 0.0001479962393406709 0.0 -9.063820358771345e-06 0.0001401056328978436 0.0 -7.954967514228053e-06 0.0001317919138752348 0.0 -7.093793811554966e-06 0.0001230289006487865 0.0 -6.50711274082408e-06 0.0001137889944107912 0.0 -6.221519309864233e-06 0.0001040432440366974 0.0 -6.263333044819957e-06 9.376138753678776e-05 0.0 -6.658512293348769e-06 8.291187563606666e-05 0.0 -7.432533431224397e-06 7.146188382939907e-05 0.0 -8.610226492547081e-06 5.937732061554001e-05 0.0 -1.021555601595779e-05 4.66228417453721e-05 0.0 -1.22713323446323e-05 3.316188355625955e-05 0.0 -1.479883392373197e-05 1.895673331544949e-05 0.0 -1.781731476115878e-05 3.96866171229985e-06 0.0 -2.134337431204919e-05 -1.184184614209773e-05 0.0 -2.539012594726068e-05 -2.851468614549504e-05 0.0 -2.996613037780041e-05 -4.608956740319248e-05 0.0 -3.507407428115533e-05 -6.460510915098242e-05 0.0 -4.070904781368494e-05 -8.40974917735559e-05 0.0 -4.685638021490535e-05 -0.0001045984666856898 0.0 -5.3488938371768e-05 -0.0001261324898822756 0.0 -6.056380317919346e-05 -0.0001487126474465362 0.0 -6.801827907896945e-05 -0.0001723349473861022 0.0 -7.576522392804214e-05 -0.0001969705352011685 0.0 -8.368777659175157e-05 -0.0002225552347397337 0.0 -9.163374625185126e-05 -0.0002489758470062509 0.0 -9.941014861820044e-05 -0.0002760527723208363 0.0 -0.000106778701520236 -0.0003035187658603454 0.0 -0.0001134535108473116 -0.000330994226599851 0.0 -0.0001191026265775933 -0.0003579603281556483 0.0 -0.0001233555425836042 -0.0003837326349158222 0.0 -0.0001258188864706238 -0.0004074394904417934 0.0 -0.0001261022732201329 -0.0004280112181344901 0.0 -0.000123855328516133 -0.0004441875050246985 0.0 -0.0001188150619824614 -0.000454550536269811 0.0 -0.0001108601332730004 -0.0004575896604808392 0.0 -0.0001000655138291673 -0.0004517989545541548 0.0 -8.674842474185042e-05 -0.0004358019982803915 0.0 -7.14953301074718e-05 -0.0004084894505671719 0.0 -5.516117449704431e-05 -0.0003691467442417962 0.0 -3.88360407135678e-05 -0.0003175442167771713 0.0 -2.377788927052893e-05 -0.000253962888179404 0.0 -1.129670117270935e-05 -0.0001791371209052873 0.0 -2.485667977035455e-06 -9.410967010891645e-05 0.0 0.0 0.0 0.0 0.0 0.0 0.0 -4.836954121126811e-07 3.562339289638529e-05 0.0 -2.24046700345503e-06 6.808686013685177e-05 0.0 -4.814806288391711e-06 9.7241998648605e-05 0.0 -8.03915910885647e-06 0.0001230487653286151 0.0 -1.169675480330021e-05 0.0001455643685474686 0.0 -1.557449154469204e-05 0.0001649226005158527 0.0 -1.948112587324246e-05 0.0001813132136663815 0.0 -2.325459687464497e-05 0.0001949628513647224 0.0 -2.676452804547981e-05 0.0002061185735951511 0.0 -2.991176587005278e-05 0.0002150344341638049 0.0 -3.262602731069409e-05 0.0002219611246170949 0.0 -3.486246040987965e-05 0.000227138429773674 0.0 -3.659772592894937e-05 0.0002307901029960193 0.0 -3.782603363608566e-05 0.0002331207235046279 0.0 -3.855541802500955e-05 0.0002343141085756007 0.0 -3.880441935876717e-05 0.0002345328953113655 0.0 -3.859924697351278e-05 0.0002339189628891629 0.0 -3.797143956353313e-05 0.0002325944259570597 0.0 -3.695599701769113e-05 0.0002306629867219499 0.0 -3.558993526917466e-05 0.0002282114838207513 0.0 -3.391120489530628e-05 0.0002253115188476121 0.0 -3.195791191232523e-05 0.0002220210762420699 0.0 -2.976778222493934e-05 0.0002183860796758226 0.0 -2.737781716974339e-05 0.0002144418490242239 0.0 -2.482409489836056e-05 0.0002102144375528122 0.0 -2.214167980716021e-05 0.0002057218400643301 0.0 -1.936460960944061e-05 0.0002009750710444066 0.0 -1.652593594233099e-05 0.0001959791159736807 0.0 -1.365779952766263e-05 0.0001907337630438646 0.0 -1.079152668231973e-05 0.0001852343250167261 0.0 -7.957735347557963e-06 0.0001794722563957557 0.0 -5.186442810146522e-06 0.000173435682646432 0.0 -2.507171822888245e-06 0.0001671098473816925 0.0 5.095035621151282e-08 0.0001604774837942187 0.0 2.45910343089155e-06 0.000153519113477931 0.0 4.688696798899901e-06 0.0001462133001665459 0.0 6.711304774711144e-06 0.0001385368522915044 0.0 8.498615712238002e-06 0.0001304649678010405 0.0 1.002239627588487e-05 0.0001219713460798126 0.0 1.125447218941743e-05 0.0001130282635444504 0.0 1.21667274064426e-05 0.0001036066178712884 0.0 1.273112439745804e-05 9.367594514539954e-05 0.0 1.291974932318371e-05 8.320441419229117e-05 0.0 1.270488733025884e-05 7.215880270143638e-05 0.0 1.205913516661396e-05 6.050446054405779e-05 0.0 1.095556091104226e-05 4.820526710529843e-05 0.0 9.36792403908163e-06 3.522359177839065e-05 0.0 7.270973615285366e-06 2.152027044474347e-05 0.0 4.640848817236289e-06 7.054616452686797e-06 0.0 1.455613486301523e-06 -8.215507710746315e-06 0.0 -2.304058531759611e-06 -2.43334790184806e-05 0.0 -6.653901421710041e-06 -4.134362445312305e-05 0.0 -1.16049123889249e-05 -5.929059328853604e-05 0.0 -1.716175656010685e-05 -7.821844919677651e-05 0.0 -2.332074094178643e-05 -9.816917564798144e-05 0.0 -3.006721687767533e-05 -0.0001191804156059936 0.0 -3.737228808546021e-05 -0.0001412821019803603 0.0 -4.518874301087192e-05 -0.0001644914979542637 0.0 -5.344612235795216e-05 -0.0001888062152599967 0.0 -6.204489178958305e-05 -0.0002141944447035629 0.0 -7.08498897062375e-05 -0.0002405816390237436 0.0 -7.968340159920798e-05 -0.0002678329809337068 0.0 -8.831855642641173e-05 -0.0002957310077563335 0.0 -9.647422278117492e-05 -0.0003239483312712425 0.0 -0.0001038131481356086 -0.0003520161997072374 0.0 -0.0001099456784097367 -0.0003792911177570954 0.0 -0.0001144418527493476 -0.0004049236111474041 0.0 -0.0001168547266828033 -0.0004278356058895516 0.0 -0.000116757077401863 -0.0004467150561647274 0.0 -0.0001137918949500534 -0.0004600377341102223 0.0 -0.0001077341091726226 -0.0004661252322396385 0.0 -9.855715318769479e-05 -0.000463244154116747 0.0 -8.649407949883441e-05 -0.0004497436355595177 0.0 -7.20804305621256e-05 -0.0004242174328075546 0.0 -5.616645012770875e-05 -0.0003856651511307251 0.0 -3.989015894797104e-05 -0.0003336184817719818 0.0 -2.460746827171469e-05 -0.0002681965777726994 0.0 -1.176368384129369e-05 -0.0001900625356448353 0.0 -2.599198308309586e-06 -0.0001002700702737554 0.0 0.0 0.0 0.0 0.0 0.0 0.0 -5.521584199660261e-07 3.688202749428468e-05 0.0 -2.548273552828715e-06 7.040062664189727e-05 0.0 -5.446796355683371e-06 0.0001003683773153862 0.0 -9.03760103563972e-06 0.000126732538311339 0.0 -1.305864355406317e-05 0.0001495591107718312 0.0 -1.725767982770223e-05 0.0001690054254897461 0.0 -2.141322581621716e-05 0.0001852934852716936 0.0 -2.534232391571344e-05 0.0001986859647684118 0.0 -2.890235236066478e-05 0.0002094660543796325 0.0 -3.198927502385193e-05 0.0002179215457996105 0.0 -3.453375538748499e-05 0.0002243329967368069 0.0 -3.649617783965034e-05 0.0002289654966777053 0.0 -3.786133253668064e-05 0.0002320634208059531 0.0 -3.863327447343601e-05 0.0002338475409333408 0.0 -3.883066700018377e-05 0.0002345139108672249 0.0 -3.848276740851657e-05 0.0002342340246739927 0.0 -3.762610398924888e-05 0.0002331558377599504 0.0 -3.630182316751402e-05 0.000231405329491624 0.0 -3.455364375609601e-05 0.0002290883652645336 0.0 -3.242633513898639e-05 0.0002262926825476065 0.0 -2.996463050114823e-05 0.0002230898790387252 0.0 -2.721248965463759e-05 0.000219537322607176 0.0 -2.421263455497668e-05 0.0002156799338096575 0.0 -2.100629147872963e-05 0.0002115518143254876 0.0 -1.763308517321641e-05 0.0002071777102772916 0.0 -1.413104051849543e-05 0.0002025743096875425 0.0 -1.053665775029326e-05 0.0001977513823832807 0.0 -6.88503497361528e-06 0.0001927127702645971 0.0 -3.210017437048037e-06 0.0001874572418066601 0.0 4.55639627696263e-07 0.0001819792267610603 0.0 4.080104860442738e-06 0.0001762694309712153 0.0 7.632309482340336e-06 0.0001703153638858774 0.0 1.108179529503515e-05 0.0001641017797233482 0.0 1.439857512535123e-05 0.0001576110342367536 0.0 1.755300579683868e-05 0.0001508233760018426 0.0 2.051567502754877e-05 0.0001437171837875581 0.0 2.325730536966621e-05 0.0001362691519251072 0.0 2.574867297149131e-05 0.0001284544243656775 0.0 2.79605406416747e-05 0.0001202466899582573 0.0 2.986360727089253e-05 0.0001116182411208853 0.0 3.14284742692887e-05 0.0001025399994996752 0.0 3.262563065679737e-05 9.2981511939715e-05 0.0 3.342545947463598e-05 8.291091981956404e-05 0.0 3.379826953999277e-05 7.229490474381953e-05 0.0 3.371435837110596e-05 6.109861384610368e-05 0.0 3.314411451302664e-05 4.928556867606191e-05 0.0 3.20581706792721e-05 3.681756306378959e-05 0.0 3.042762331847506e-05 2.365455782316572e-05 0.0 2.822434000584438e-05 9.754584064699283e-06 0.0 2.542139472395484e-05 -4.92632859621603e-06 0.0 2.199360052808322e-05 -2.043413952694025e-05 0.0 1.791839645465625e-05 -3.681670375552408e-05 0.0 1.317679404241071e-05 -5.412349606335958e-05 0.0 7.75481207368278e-06 -7.240508394307289e-05 0.0 1.64532085486054e-06 -9.171214488416378e-05 0.0 -5.149532132124464e-06 -0.0001120938502343574 0.0 -1.261517609815652e-05 -0.0001335952899511534 0.0 -2.072059638470336e-05 -0.0001562533447425055 0.0 -2.941329318505785e-05 -0.0001800907511030865 0.0 -3.861310406050058e-05 -0.0002051073397511267 0.0 -4.820492775910933e-05 -0.0002312675439256931 0.0 -5.803053611411924e-05 -0.0002584833336159845 0.0 -6.788000472275246e-05 -0.0002865914313958068 0.0 -7.748380032955751e-05 -0.0003153242802539445 0.0 -8.650723050522112e-05 -0.000344274733356985 0.0 -9.454973600888129e-05 -0.0003728560818902081 0.0 -0.0001011522878192112 -0.0004002608656567879 0.0 -0.0001058166372748787 -0.0004254250498318914 0.0 -0.0001080398852529226 -0.0004470070915592519 0.0 -0.0001073663965564259 -0.0004633941606359632 0.0 -0.0001034559881486029 -0.0004727483091895307 0.0 -9.616272687720722e-05 -0.0004731022781448733 0.0 -8.561332482785996e-05 -0.0004625065397045547 0.0 -7.22696889394261e-05 -0.0004392161319990216 0.0 -5.695885217879856e-05 -0.000401890106992769 0.0 -4.085681020127764e-05 -0.0003497625896671019 0.0 -2.541846143536497e-05 -0.0002827383660865168 0.0 -1.223605177083827e-05 -0.0002013723273665818 0.0 -2.715986147069273e-06 -0.0001067120620090736 0.0 0.0 0.0 0.0 0.0 0.0 0.0 -6.377209122753026e-07 3.832847303043006e-05 0.0 -2.931544921350889e-06 7.303624689949547e-05 0.0 -6.229808847339248e-06 0.0001038918733757843 0.0 -1.026799080824674e-05 0.0001308323397235349 0.0 -1.47277355317811e-05 0.000153940059250788 0.0 -1.930947017831531e-05 0.0001734062591006415 0.0 -2.375647248411329e-05 0.0001894963216573931 0.0 -2.786274734425921e-05 0.0002025194700658512 0.0 -3.147354388106946e-05 0.0002128040999716339 0.0 -3.448164753801612e-05 0.0002206789942005252 0.0 -3.682133881853214e-05 0.0002264599546637539 0.0 -3.846136170817598e-05 0.0002304410316236444 0.0 -3.939782760268499e-05 0.0002328894194735064 0.0 -3.964763788837005e-05 0.0002340431235904556 0.0 -3.924274217923811e-05 0.000234110613832794 0.0 -3.822535734782361e-05 0.0002332718204195607 0.0 -3.66441451283584e-05 0.000231679969323596 0.0 -3.455126992305371e-05 0.0002294638819352369 0.0 -3.200021996118003e-05 0.0002267304710485722 0.0 -2.9044262169409e-05 0.0002235672507391532 0.0 -2.573540441922155e-05 0.0002200447430022859 0.0 -2.212375111058729e-05 0.0002162187119316179 0.0 -1.825715435835502e-05 0.0002121321900559788 0.0 -1.418108048549671e-05 0.0002078172847036907 0.0 -9.938627904217963e-06 0.0002032967662445918 0.0 -5.570645118175504e-06 0.0001985854484273024 0.0 -1.115913032012955e-06 0.0001936913832547779 0.0 3.388636581033949e-06 0.0001886168808673223 0.0 7.907686077056441e-06 0.000183359375299751 0.0 1.240729387023728e-05 0.0001779121624558501 0.0 1.685466351409631e-05 0.0001722650127308485 0.0 2.121792533923816e-05 0.0001664046839107622 0.0 2.546593613091348e-05 0.000160315345813984 0.0 2.956809670729442e-05 0.00015397892373784 0.0 3.349418639055489e-05 0.0001473753745632779 0.0 3.721421563460537e-05 0.0001404829065659446 0.0 4.06982975233604e-05 0.0001332781474579887 0.0 4.391653604507945e-05 0.0001257362640077223 0.0 4.683892985108301e-05 0.0001178310414413127 0.0 4.943529185321518e-05 0.0001095349260577103 0.0 5.167518466099647e-05 0.0001008190341056019 0.0 5.35278725228884e-05 9.165312940499396e-05 0.0 5.49622913482015e-05 8.2005571660679e-05 0.0 5.594703960602145e-05 7.184323699267818e-05 0.0 5.645039452366219e-05 6.113141197466531e-05 0.0 5.644036017996572e-05 4.983366253658719e-05 0.0 5.588475698263958e-05 3.79116796430584e-05 0.0 5.475136577098403e-05 2.532510502502131e-05 0.0 5.300814472765006e-05 1.203134291877694e-05 0.0 5.062356172440058e-05 -2.01463138630542e-06 0.0 4.756697483526974e-05 -1.686045088969125e-05 0.0 4.380941274282044e-05 -3.255645436602139e-05 0.0 3.932432235301498e-05 -4.915569234480958e-05 0.0 3.408880249888409e-05 -6.671379942702593e-05 0.0 2.808523372916935e-05 -8.528851362548547e-05 0.0 2.1303470783305e-05 -0.000104938694189062 0.0 1.374375560827691e-05 -0.0001257225305713731 0.0 5.420568211695657e-06 -0.0001476944720611495 0.0 -3.632388381313719e-06 -0.0001709004050793164 0.0 -1.335589884178915e-05 -0.0001953702332333398 0.0 -2.365748850513091e-05 -0.0002211065800225605 0.0 -3.440222667400573e-05 -0.0002480688650117602 0.0 -4.540245310819808e-05 -0.0002761509047060536 0.0 -5.640717984340595e-05 -0.0003051511472117567 0.0 -6.709275333456078e-05 -0.0003347344645339117 0.0 -7.705722128784711e-05 -0.0003643864880669997 0.0 -8.582199806167845e-05 -0.0003933626359791177 0.0 -9.284540484163044e-05 -0.0004206382552184631 0.0 -9.755293202999583e-05 -0.0004448695676516394 0.0 -9.938827547298327e-05 -0.0004643798470143354 0.0 -9.788619596385787e-05 -0.0004771876014643554 0.0 -9.276314676883278e-05 -0.0004810922354131385 0.0 -8.401470353116147e-05 -0.0004738252188479802 0.0 -7.200193865834484e-05 -0.000453260024015946 0.0 -5.750492794716924e-05 -0.0004176537631921472 0.0 -4.172328077129038e-05 -0.0003658728595853145 0.0 -2.620981993482984e-05 -0.0002975422516978859 0.0 -1.27162090688977e-05 -0.0002130604958561157 0.0 -2.836980496356017e-06 -0.0001134453865258447 0.0 0.0 0.0 0.0 0.0 0.0 0.0 -7.440593131322107e-07 4.000900716593267e-05 0.0 -3.405826681361242e-06 7.60692584169138e-05 0.0 -7.19284072537031e-06 0.0001079003147486411 0.0 -1.177096306936898e-05 0.0001354336901041998 0.0 -1.675190755360076e-05 0.0001587794832733935 0.0 -2.177921275513562e-05 0.0001781771539032342 0.0 -2.655565623635699e-05 0.0001939502308769513 0.0 -3.085062469749516e-05 0.0002064679325153392 0.0 -3.449841591687067e-05 0.0002161150295727403 0.0 -3.739161765620738e-05 0.0002232698480075581 0.0 -3.947207313969792e-05 0.0002282894443178596 0.0 -4.072114374034147e-05 0.0002315006166059397 0.0 -4.115037627363771e-05 0.0002331953679572357 0.0 -4.0793209528487e-05 0.000233629570582269 0.0 -3.96980075064285e-05 0.0002330237896247526 0.0 -3.792247259919234e-05 0.0002315654530041596 0.0 -3.552934940431662e-05 0.0002294117641663892 0.0 -3.258325553843532e-05 0.000226692932641657 0.0 -2.914844819252158e-05 0.000223515438573909 0.0 -2.528733677166606e-05 0.0002199651537779371 0.0 -2.105956979369016e-05 0.0002161102185621515 0.0 -1.652154937241201e-05 0.0002120036262723106 0.0 -1.172625315640496e-05 0.0002076855020112912 0.0 -6.723269674122904e-06 0.0002031850848612704 0.0 -1.558974865514078e-06 0.0001985224315487938 0.0 3.723208197455191e-06 0.0001937098675367023 0.0 9.082500941666277e-06 0.000188753224293602 0.0 1.448043795404864e-05 0.0001836528687028488 0.0 1.988053539110433e-05 0.000178404580573568 0.0 2.524797168360942e-05 0.0001730002738789552 0.0 3.05492881582991e-05 0.0001674285940711851 0.0 3.575211228784958e-05 0.0001616754109967396 0.0 4.082490637864406e-05 0.0001557242214176788 0.0 4.573674107007324e-05 0.0001495564719361178 0.0 5.045709195253994e-05 0.0001431518150962463 0.0 5.49556585715269e-05 0.0001364883086858592 0.0 5.920220465053998e-05 0.0001295425645230817 0.0 6.316641720715684e-05 0.0001222898516120621 0.0 6.681778256418158e-05 0.0001147041594811518 0.0 7.012547815326572e-05 0.0001067582253356175 0.0 7.30582792558135e-05 9.84235276425132e-05 0.0 7.558448040190611e-05 8.967024790414928e-05 0.0 7.767183195447707e-05 8.046720158158258e-05 0.0 7.928749347927303e-05 7.078173838651769e-05 0.0 8.039800692112941e-05 6.057961149357175e-05 0.0 8.096929449955586e-05 4.982481469990104e-05 0.0 8.096668877671444e-05 3.847938631410961e-05 0.0 8.035500574911042e-05 2.650317886909912e-05 0.0 7.909867661136669e-05 1.385359523172195e-05 0.0 7.716196994857347e-05 4.852961029790179e-07 0.0 7.450929100997281e-05 -1.365013990473977e-05 0.0 7.110569652057366e-05 -2.86044932246137e-05 0.0 6.691758918723032e-05 -4.443315820793369e-05 0.0 6.191366997007503e-05 -6.119537816998986e-05 0.0 5.606632817306269e-05 -7.895423856954832e-05 0.0 4.935354737082124e-05 -9.777630877011904e-05 0.0 4.17615228604964e-05 -0.0001177306630868851 0.0 3.328822146578389e-05 -0.0001388868736590082 0.0 2.394813451641243e-05 -0.0001613114502724288 0.0 1.377847394604033e-05 -0.0001850618860244565 0.0 2.847110890616709e-06 -0.0002101771462987289 0.0 -8.737595295324482e-06 -0.00023666337788384 0.0 -2.081516706330629e-05 -0.0002644726668831312 0.0 -3.315998118094705e-05 -0.0002934737819249699 0.0 -4.546827527339712e-05 -0.0003234123088507155 0.0 -5.734729268679805e-05 -0.0003538607225555396 0.0 -6.831035829322936e-05 -0.0003841583694822337 0.0 -7.77830782343933e-05 -0.000413347563722617 0.0 -8.512683169278552e-05 -0.0004401143827908525 0.0 -8.96860002015766e-05 -0.0004627503944381236 0.0 -9.086274017262012e-05 -0.0004791559003191046 0.0 -8.821797605105721e-05 -0.0004869067787623184 0.0 -8.158891197061257e-05 -0.0004834016259478828 0.0 -7.12034944636653e-05 -0.000466090349537382 0.0 -5.776455374849713e-05 -0.000432760349616619 0.0 -4.247501723629245e-05 -0.0003818272686886126 0.0 -2.698137343918177e-05 -0.0003125544635876868 0.0 -1.320790878699849e-05 -0.0002251212396530423 0.0 -2.963565270334531e-06 -0.0001204828139686509 0.0 0.0 0.0 0.0 0.0 0.0 0.0 -8.757234529358175e-07 4.198002787435223e-05 0.0 -3.990069511365228e-06 7.95898442204684e-05 0.0 -8.370363553945477e-06 0.0001124956011084733 0.0 -1.359315896076572e-05 0.0001406318251960322 0.0 -1.918345414827974e-05 0.0001641528426602415 0.0 -2.471691194964841e-05 0.000183366158448652 0.0 -2.985062596422855e-05 0.0001986730012819309 0.0 -3.432890394479969e-05 0.0002105196862744597 0.0 -3.797794857784892e-05 0.000219360960500251 0.0 -4.069496755819705e-05 0.0002256345802319831 0.0 -4.243502907299566e-05 0.0002297453397476706 0.0 -4.319780676124443e-05 0.0002320564409739188 0.0 -4.301549210061596e-05 0.0002328861839469293 0.0 -4.194250934941878e-05 0.0002325082553918062 0.0 -4.004722663591768e-05 0.0002311542576627185 0.0 -3.740558323275822e-05 0.0002290174737121616 0.0 -3.409640649855782e-05 0.0002262571671830041 0.0 -3.019813290295399e-05 0.0002230029575527743 0.0 -2.578664326146427e-05 0.0002193589900724841 0.0 -2.093394826754134e-05 0.0002154077474404282 0.0 -1.570749999684594e-05 0.00021121343574377 0.0 -1.016994783995603e-05 0.0002068249311584733 0.0 -4.379196353339729e-06 0.0002022783054597957 0.0 1.611338989507315e-06 0.0001975989694755649 0.0 7.752363952221611e-06 0.0001928034790669424 0.0 1.399827547608139e-05 0.0001879010203163466 0.0 2.030670226032531e-05 0.0001828946817775075 0.0 2.663804958784818e-05 0.0001777824842516864 0.0 3.295506443138796e-05 0.0001725582334351923 0.0 3.922243112969983e-05 0.0001672122183261903 0.0 4.540639980607252e-05 0.0001617317811704117 0.0 5.147444948213143e-05 0.0001561017803901663 0.0 5.73949858184366e-05 0.0001503049631762242 0.0 6.313707138193242e-05 0.000144322260996132 0.0 6.867018553798651e-05 0.0001381330202219118 0.0 7.396401132091018e-05 0.0001317151775796899 0.0 7.898824650830958e-05 0.0001250453874641313 0.0 8.371243582340849e-05 0.0001180991065484309 0.0 8.810582145015391e-05 0.0001108506404320611 0.0 9.213720962835751e-05 0.0001032731556472482 0.0 9.577485155794961e-05 9.533865916710604e-05 0.0 9.898633741395724e-05 8.701794650960147e-05 0.0 0.0001017385030049339 7.828051852754263e-05 0.0 0.0001039973495430727 6.909446596783021e-05 0.0 0.0001057279782067201 5.942631985722356e-05 0.0 0.0001068945427792056 4.924086474402529e-05 0.0 0.0001074602258138921 3.850091086586871e-05 0.0 0.0001073872467592042 2.716702058342193e-05 0.0 0.0001066369147692356 1.519718424904303e-05 0.0 0.0001051697473515655 2.546441493202246e-06 0.0 0.0001029456794552955 -1.083357039229776e-05 0.0 9.992435335913412e-05 -2.499506512515192e-05 0.0 9.606571516773545e-05 -3.999458897520987e-05 0.0 9.13306988310657e-05 -5.589355258787132e-05 0.0 8.56823537164637e-05 -7.275866081855745e-05 0.0 7.908742692699915e-05 -9.066214271126476e-05 0.0 7.151861680855325e-05 -0.0001096815645800571 0.0 6.29577354865472e-05 -0.0001298988812932143 0.0 5.34000723307038e-05 -0.0001513982136009055 0.0 4.286029755666826e-05 -0.0001742615549131319 0.0 3.138029677779535e-05 -0.000198561261753097 0.0 1.903925604818182e-05 -0.0002243478620066821 0.0 5.966226536708315e-06 -0.0002516311053215372 0.0 -7.645003669359467e-06 -0.0002803523172357612 0.0 -2.151952507201776e-05 -0.0003103440709357848 0.0 -3.528515275208852e-05 -0.0003412782614405126 0.0 -4.846042704690857e-05 -0.0003725983783950546 0.0 -6.045193351549863e-05 -0.000403442543184695 0.0 -7.056840680144447e-05 -0.0004325630196218117 0.0 -7.806062529731118e-05 -0.0004582596044986565 0.0 -8.219422071913983e-05 -0.0004783505798783428 0.0 -8.23581278710462e-05 -0.0004902101406825766 0.0 -7.820200469140305e-05 -0.0004909000064671221 0.0 -6.978274528726687e-05 -0.0004774082568599186 0.0 -5.768749568683506e-05 -0.0004469794255503444 0.0 -4.30941427845164e-05 -0.0003974806236214351 0.0 -2.77336916229128e-05 -0.0003277114987654294 0.0 -1.371658333989808e-05 -0.0002375494313011797 0.0 -3.097700118592294e-06 -0.0001278414332659162 0.0 0.0 0.0 0.0 0.0 0.0 0.0 -1.038395020842067e-06 4.431052851220134e-05 0.0 -4.707483876775975e-06 8.370564504445719e-05 0.0 -9.803306196249751e-06 0.0001177950994640182 0.0 -1.578749101892456e-05 0.0001465306419836372 0.0 -2.20777027881265e-05 0.0001701350117250568 0.0 -2.816942497938227e-05 0.0001890111407224943 0.0 -3.366960923906128e-05 0.0002036637947365493 0.0 -3.829903805912973e-05 0.0002146379849797151 0.0 -4.188125673463635e-05 0.0002224747512967217 0.0 -4.43255069658016e-05 0.0002276823902021597 0.0 -4.560800903050327e-05 0.0002307200476518463 0.0 -4.575421285848178e-05 0.0002319904189561953 0.0 -4.482340679590784e-05 0.0002318386537771478 0.0 -4.289621681277227e-05 0.0002305551362475505 0.0 -4.006498853996106e-05 0.000228380409544518 0.0 -3.642674781512372e-05 0.0002255110443693539 0.0 -3.207830838795849e-05 0.0002221056742240964 0.0 -2.711307465923305e-05 0.0002182907348486514 0.0 -2.16191249310417e-05 0.0002141656641344615 0.0 -1.567822433882309e-05 0.0002098074630377921 0.0 -9.365486844901003e-06 0.0002052746062819596 0.0 -2.749471072923387e-06 0.0002006103403878423 0.0 4.107451288797359e-06 0.0001958454313653719 0.0 1.114857305667729e-05 0.0001910004524240531 0.0 1.83222504292603e-05 0.0001860876121408886 0.0 2.558126853601176e-05 0.000181112315006671 0.0 3.288221850417013e-05 0.0001760743991851446 0.0 4.018491151822755e-05 0.0001709691415094899 0.0 4.74518357945577e-05 0.00016578807335672 0.0 5.464766272239111e-05 0.0001605196382448245 0.0 6.173880253725885e-05 0.0001551497199767789 0.0 6.869300806957315e-05 0.0001496620645427093 0.0 7.54790234841231e-05 0.0001440386141585485 0.0 8.206627381286787e-05 0.000138259768022888 0.0 8.842459068526775e-05 0.0001323045818531902 0.0 9.452396982882578e-05 0.0001261509157032439 0.0 0.0001003343560828695 0.0001197755372272386 0.0 0.0001058254518382561 0.0001131541858042619 0.0 0.0001109665451889798 0.0001062616016557611 0.0 0.0001157263546101361 9.907152279410648e-05 0.0 0.0001200728875171607 9.15566514183189e-05 0.0 0.0001239733106446516 8.368859022089114e-05 0.0 0.0001273938308578079 7.54377479219538e-05 0.0 0.0001302995858215161 6.677321214266412e-05 0.0 0.0001326545449665203 5.766258642228107e-05 0.0 0.0001344214225075542 4.807178674589598e-05 0.0 0.0001355616060330316 3.79647913845953e-05 0.0 0.000136035106608105 2.730333620277933e-05 0.0 0.0001358005396470533 1.604654595765903e-05 0.0 0.0001348151510227612 4.150490435812283e-06 0.0 0.0001330349211762838 -8.432349169843966e-06 0.0 0.0001304146955171536 -2.175367495210834e-05 0.0 0.0001269086218979458 -3.587004352411431e-05 0.0 0.0001224705981782822 -5.084364086341004e-05 0.0 0.0001170551217994833 -6.674309300549612e-05 0.0 0.0001106185253720822 -8.364422673312219e-05 0.0 0.000103120814669067 -0.0001016306199516945 0.0 9.452834724217811e-05 -0.0001207936650162547 0.0 8.481766717413736e-05 -0.0001412316929553963 0.0 7.398089515230651e-05 -0.0001630474364552132 0.0 6.203315656688167e-05 -0.0001863427403084002 0.0 4.902255784742368e-05 -0.0002112089702136886 0.0 3.504317997463811e-05 -0.0002377109455511681 0.0 2.02512372968537e-05 -0.000265861752242088 0.0 4.884267500919654e-06 -0.0002955848981154823 0.0 -1.071808693184838e-05 -0.0003266615466498793 0.0 -2.609453112659255e-05 -0.0003586571628194524 0.0 -4.064926175418109e-05 -0.0003908344188069906 0.0 -5.365432108596355e-05 -0.0004220513243582538 0.0 -6.427801133972332e-05 -0.000450663338271575 0.0 -7.165070255359799e-05 -0.0004744550227401873 0.0 -7.497596351335518e-05 -0.0004906358101538773 0.0 -7.368580150908376e-05 -0.0004959407725021163 0.0 -6.762217584529541e-05 -0.0004868659183140931 0.0 -5.720804623910271e-05 -0.0004600365992380394 0.0 -4.355690261207756e-05 -0.0004126575279602438 0.0 -2.846760330911139e-05 -0.0003429369526950887 0.0 -1.424970034707246e-05 -0.0002503409684567402 0.0 -3.242114736535381e-06 -0.0001355443325846902 0.0 0.0 0.0 0.0 0.0 0.0 0.0 -1.239226998804684e-06 4.70853059280051e-05 0.0 -5.586633250936583e-06 8.854507769142874e-05 0.0 -1.154011156367918e-05 0.0001239326069221851 0.0 -1.841284782792372e-05 0.0001532400030008463 0.0 -2.549001496506739e-05 0.0001767937844663221 0.0 -3.21737516699358e-05 0.0001951301923609852 0.0 -3.801830323467056e-05 0.0002088915718488046 0.0 -4.272590512265525e-05 0.0002187486366272386 0.0 -4.612676633917238e-05 0.0002253478664832851 0.0 -4.815317419262042e-05 0.0002292800400152369 0.0 -4.88133359708729e-05 0.0002310647644685919 0.0 -4.816802775656971e-05 0.0002311460657538739 0.0 -4.631139550532738e-05 0.0002298949409436325 0.0 -4.335614988109205e-05 0.0002276157918129163 0.0 -3.942277606628978e-05 0.0002245546030481918 0.0 -3.463210094428411e-05 0.000220907497087822 0.0 -2.910049599720309e-05 0.0002168288669109127 0.0 -2.293704825783472e-05 0.0002124386805225882 0.0 -1.624213659452376e-05 0.0002078288004330982 0.0 -9.106968558226037e-06 0.0002030683135335089 0.0 -1.613744562870343e-06 0.0001982079445218792 0.0 6.163798752549437e-06 0.0001932836705991396 0.0 1.415963796356682e-05 0.0001883196400759101 0.0 2.231461421943371e-05 0.000183330508125068 0.0 3.057555376768771e-05 0.0001783233459778007 0.0 3.889441475925806e-05 0.0001732991442125951 0.0 4.722749557491426e-05 0.000168254009774206 0.0 5.553470926482325e-05 0.0001631801170387059 0.0 6.37789296680419e-05 0.0001580664630255343 0.0 7.192540927297071e-05 0.0001528994647992868 0.0 7.99412649471742e-05 0.0001476634302601187 0.0 8.779502602362514e-05 0.0001423409269760186 0.0 9.545623835350694e-05 0.0001369130683627486 0.0 0.0001028951176103727 0.0001313597322804689 0.0 0.0001100822452519604 0.0001256597238928353 0.0 0.0001169883009709694 0.0001197908919256116 0.0 0.0001235838259579182 0.0001137302051864489 0.0 0.0001298390118017682 0.000107453794390761 0.0 0.0001357235104044506 0.0001009369628696143 0.0 0.0001412062608779019 9.415416843473634e-05 0.0 0.0001462553299875614 8.707897744756486e-05 0.0 0.0001508377633023698 7.968399094496865e-05 0.0 0.0001549194448399045 7.194074144677547e-05 0.0 0.0001584649636953585 6.381955773768692e-05 0.0 0.0001614374869685828 5.528939340949611e-05 0.0 0.0001637986393329009 4.631761320603185e-05 0.0 0.0001655083909365784 3.686972918237896e-05 0.0 0.000166524957136496 2.690907634475762e-05 0.0 0.0001668047158891509 1.639641479695243e-05 0.0 0.0001663021522735566 5.289442556463287e-06 0.0 0.0001649698636299616 -6.457798772138534e-06 0.0 0.000162758554078444 -1.889563004357194e-05 0.0 0.0001596173007865322 -3.207955091186654e-05 0.0 0.0001554937873087531 -4.607120871864478e-05 0.0 0.0001503348705275331 -6.093952300463575e-05 0.0 0.0001440874598293166 -7.676190047544294e-05 0.0 0.0001366999074816844 -9.362543821634736e-05 0.0 0.0001281241386096992 -0.0001116279137529346 0.0 0.000118318840598511 -0.0001308781989953959 0.0 0.000107254142094602 -0.000151495482064404 0.0 9.491833593908825e-05 -0.0001736063080992414 0.0 8.132731015397674e-05 -0.0001973379300520883 0.0 6.653740489566293e-05 -0.0002228057603117905 0.0 5.066229443442706e-05 -0.0002500919129177038 0.0 3.389418025377258e-05 -0.0002792108661544178 0.0 1.652852593797487e-05 -0.0003100581314134239 0.0 -1.009445465744124e-06 -0.000342337193034709 0.0 -1.814137045051636e-05 -0.0003754616734482022 0.0 -3.412347221582248e-05 -0.0004084359090266962 0.0 -4.80591701766636e-05 -0.0004397252396318038 0.0 -5.895192074043086e-05 -0.0004671416636381812 0.0 -6.581194783195687e-05 -0.000487784988806401 0.0 -6.78243825845943e-05 -0.000498093518219426 0.0 -6.456660065775977e-05 -0.0004940551465894872 0.0 -5.623667500376428e-05 -0.0004716007491134926 0.0 -4.382934259796494e-05 -0.0004271420595317274 0.0 -2.918307388283363e-05 -0.0003581363860861429 0.0 -1.481708212229472e-05 -0.0002634927740933858 0.0 -3.400543777477505e-06 -0.000143622763907618 0.0 0.0 0.0 0.0 0.0 0.0 0.0 -1.487235808390229e-06 5.040920002961556e-05 0.0 -6.662826230879765e-06 9.42612032179681e-05 0.0 -1.363775015080228e-05 0.000131058316844034 0.0 -2.153264467661186e-05 0.0001608702114006245 0.0 -2.946991501458992e-05 0.0001841790685062309 0.0 -3.674546912782173e-05 0.0002017069211465846 0.0 -4.286222207058363e-05 0.0002142783283899759 0.0 -4.751445632264921e-05 0.0002227229492738014 0.0 -5.055408313536874e-05 0.0002278144064771628 0.0 -5.195230214585497e-05 0.0002302378523125804 0.0 -5.176372470189758e-05 0.0002305778730631308 0.0 -5.009629085936911e-05 0.000229319377569181 0.0 -4.708795302818799e-05 0.0002268558071135411 0.0 -4.288975215621541e-05 0.0002235007176036619 0.0 -3.765428199954489e-05 0.0002195002212772391 0.0 -3.152836030918584e-05 0.0002150448448947729 0.0 -2.464879720938228e-05 0.0002102800914491394 0.0 -1.71403336261828e-05 0.0002053154517718133 0.0 -9.115025762938659e-06 0.000200231865324467 0.0 -6.725432524955834e-07 0.0001950877753504689 0.0 8.099003403668364e-06 0.0001899239891652904 0.0 1.712196265846388e-05 0.0001847674919915063 0.0 2.632792317665662e-05 0.0001796344594099621 0.0 3.565648146266548e-05 0.0001745326445239861 0.0 4.505406875071439e-05 0.0001694632118848867 0.0 5.44728744253943e-05 0.000164422169847828 0.0 6.386987463381682e-05 0.0001594014823193962 0.0 7.320596805128085e-05 0.0001543899311726074 0.0 8.244521547538184e-05 0.0001493737844467302 0.0 9.155417585589445e-05 0.0001443373125899186 0.0 0.0001005013292826373 0.0001392631855865247 0.0 0.000109256576833795 0.0001341327762736017 0.0 0.000117790807294923 0.0001289263892364662 0.0 0.0001260755212732875 0.0001236234300777237 0.0 0.00013408250397817 0.0001182025263112332 0.0 0.0001417835387921448 0.0001126416083325594 0.0 0.0001491501546088863 0.000106917956671042 0.0 0.0001561534007128597 0.0001010082199252793 0.0 0.0001627636437248739 9.48884063007753e-05 0.0 0.0001689503818402988 8.853385038590128e-05 0.0 0.0001746820722414303 8.191915560512376e-05 0.0 0.0001799259681753569 7.501811160438865e-05 0.0 0.0001846479627764575 6.780358457600598e-05 0.0 0.0001888124373092786 6.024737713805197e-05 0.0 0.0001923821121544251 5.232005276107403e-05 0.0 0.000195317899614989 4.399071779468718e-05 0.0 0.0001975787585650682 3.522675180089719e-05 0.0 0.0001991215521884774 2.599347407405975e-05 0.0 0.0001999009115290266 1.625373088544914e-05 0.0 0.0001998691101513664 5.967384214505684e-06 0.0 0.0001989759791514977 -4.90932077880616e-06 0.0 0.0001971687890120051 -1.642453741913966e-05 0.0 0.0001943923393210408 -2.863173556001634e-05 0.0 0.0001905890053857929 -4.159081299962747e-05 0.0 0.0001856990273397753 -5.536946127939726e-05 0.0 0.0001796610362576901 -7.004474483424977e-05 0.0 0.0001724129838058135 -8.570484891114687e-05 0.0 0.0001638936828775493 -0.0001024508743564671 0.0 0.0001540452639098458 -0.0001203984216657593 0.0 0.000142816979323069 -0.0001396784818886734 0.0 0.0001301709485847205 -0.0001604367978384571 0.0 0.000116090616383713 -0.0001828303267794796 0.0 0.0001005928612036508 -0.0002070186770130456 0.0 8.374476018867816e-05 -0.0002331473897042784 0.0 6.568586705287403e-05 -0.0002613187218432282 0.0 4.665618076311115e-05 -0.0002915445045700832 0.0 2.70286584659162e-05 -0.0003236747195601158 0.0 7.342790199275225e-06 -0.000357296597443804 0.0 -1.166813794885508e-05 -0.0003916027416629699 0.0 -2.906849748177884e-05 -0.0004252252542253398 0.0 -4.375221703599912e-05 -0.0004560777308820767 0.0 -5.453678594095934e-05 -0.0004812266883928691 0.0 -6.033512264124916e-05 -0.0004968696115443139 0.0 -6.040579659927607e-05 -0.000498493074555533 0.0 -5.464701024713147e-05 -0.0004812664557401323 0.0 -4.386005941121891e-05 -0.0004406625212507536 0.0 -2.987692015180448e-05 -0.0003731889985967406 0.0 -1.543105834574384e-05 -0.0002770020540173335 0.0 -3.577885104943423e-06 -0.0001521189412300044 0.0 0.0 0.0 0.0 0.0 0.0 0.0 -1.793726615698204e-06 5.441289373377937e-05 0.0 -7.979927834377052e-06 0.0001010361189274604 0.0 -1.616241180283294e-05 0.0001393367052849454 0.0 -2.52110583486054e-05 0.0001695216218238986 0.0 -3.405007088633805e-05 0.0001923052372739444 0.0 -4.185898883162898e-05 0.0002086681388427755 0.0 -4.809822411028172e-05 0.0002196751018445198 0.0 -5.247365368762971e-05 0.0002263546143556561 0.0 -5.48821311838838e-05 0.0002296306297456163 0.0 -5.535593531188699e-05 0.0002302928072083169 0.0 -5.401461757962976e-05 0.000228991882989226 0.0 -5.102730114427316e-05 0.0002262494356903228 0.0 -4.658540150684438e-05 0.0002224744538655742 0.0 -4.088425667790464e-05 0.0002179818827819784 0.0 -3.41116828865593e-05 0.000213010421548219 0.0 -2.644154901015498e-05 0.0002077382505192167 0.0 -1.803077933764578e-05 0.0002022962464393119 0.0 -9.018578663390243e-06 0.00019677872735981 0.0 4.729937459460912e-07 0.0001912519628042324 0.0 1.033771832209082e-05 0.0001857608533580529 0.0 2.048355731134774e-05 0.0001803340216671194 0.0 3.083087166039129e-05 0.0001749877636580101 0.0 4.131066761304846e-05 0.0001697290625957269 0.0 5.18629648427984e-05 0.0001645578553272656 0.0 6.243532401335856e-05 0.0001594687494206776 0.0 7.298153965835279e-05 0.000154452320762351 0.0 8.346049608639182e-05 0.0001494960917148478 0.0 9.383517549719039e-05 0.0001445852673685907 0.0 0.0001040718037619047 0.0001397032884293817 0.0 0.0001141391178430137 0.0001348322447616004 0.0 0.000124007738874647 0.0001299531826608114 0.0 0.0001336496358364295 0.0001250463306313093 0.0 0.0001430376660734866 0.0001200912621552347 0.0 0.0001521451803728768 0.000115067009181013 0.0 0.0001609456817579077 0.0001099521364524398 0.0 0.0001694125285275811 0.0001047247840391063 0.0 0.0001775186733029159 9.936268328062925e-05 0.0 0.0001852364309292138 9.38431496543795e-05 0.0 0.000192537269030633 8.814305468173905e-05 0.0 0.0001993916158373838 8.223877778582547e-05 0.0 0.0002057686806216675 7.610613789418582e-05 0.0 0.0002116362827000335 6.972030345617691e-05 0.0 0.0002169606855075945 6.305567833290985e-05 0.0 0.0002217064327480728 5.60857596302845e-05 0.0 0.0002258361841027152 4.878296188794504e-05 0.0 0.0002293105484795437 4.111840000462026e-05 0.0 0.0002320879133556531 3.306162075992425e-05 0.0 0.0002341242694653619 2.458026966946416e-05 0.0 0.0002353730308326808 1.563967609089478e-05 0.0 0.000235784851702883 6.202334980757816e-06 0.0 0.0002353074622625467 -3.772741570716751e-06 0.0 0.0002338854615056748 -1.43308458042753e-05 0.0 0.0002314602311427116 -2.552255276199769e-05 0.0 0.0002279698254788069 -3.740492374777451e-05 0.0 0.0002233489966201417 -5.004303784102313e-05 0.0 0.0002175293829266114 -6.351183668288912e-05 0.0 0.0002104399828999878 -7.789829188451738e-05 0.0 0.0002020080910339214 -9.330385167729695e-05 0.0 0.0001921609670317437 -0.0001098470207374958 0.0 0.0001808286446600374 -0.0001276657426166888 0.0 0.0001679484705641766 -0.0001469189421358792 0.0 0.0001534721984370099 -0.0001677860826744454 0.0 0.0001373767330752809 -0.0001904628254848178 0.0 0.0001196798672623094 -0.0002151497713662999 0.0 0.000100462459047414 -0.0002420297913630757 0.0 7.989821241204839e-05 -0.0002712277206929804 0.0 5.829120851415358e-05 -0.0003027444898273901 0.0 3.611907478136259e-05 -0.0003363571098806671 0.0 1.407534227385645e-05 -0.0003714778461387449 0.0 -6.899831636600512e-06 -0.000406971694827411 0.0 -2.562158226790156e-05 -0.0004409352748082775 0.0 -4.072771739369902e-05 -0.000470501116642074 0.0 -5.084214354504664e-05 -0.000491715410814528 0.0 -5.484882657868981e-05 -0.0004996046934692503 0.0 -5.225544297916307e-05 -0.0004885299836332128 0.0 -4.35680323844865e-05 -0.0004528687757863597 0.0 -3.05384599984032e-05 -0.000387934038289389 0.0 -1.610630975774768e-05 -0.0002908641065960974 0.0 -3.780113766419413e-06 -0.0001610898260811236 0.0 0.0 0.0 0.0 0.0 0.0 0.0 -2.173144365699744e-06 5.926114352533656e-05 0.0 -9.592890136477272e-06 0.0001090855212963443 0.0 -1.918918514560803e-05 0.0001489401912217217 0.0 -2.950459488070296e-05 0.0001792658556294876 0.0 -3.922592146058152e-05 0.000201122624449813 0.0 -4.741389154081892e-05 0.0002158503495355793 0.0 -5.350857911371958e-05 0.0002248281686134763 0.0 -5.726088098264228e-05 0.0002293291688414145 0.0 -5.864716877287131e-05 0.0002304497338938656 0.0 -5.779062631332254e-05 0.0002290893780430473 0.0 -5.489843047032931e-05 0.0002259601381909693 0.0 -5.021632587446283e-05 0.0002216102895985927 0.0 -4.399844616909631e-05 0.0002164526813366399 0.0 -3.64889524524747e-05 0.000210792257483251 0.0 -2.79120885749094e-05 0.0002048502214284481 0.0 -1.846782553870476e-05 0.0001987839963055548 0.0 -8.330974746446866e-06 0.0001927030993931642 0.0 2.347673708000451e-06 0.0001866814525824563 0.0 1.343919786119888e-05 0.0001807667340687067 0.0 2.48339762779429e-05 0.0001749873094158083 0.0 3.643901955593459e-05 0.0001693574995664887 0.0 4.817543276182716e-05 0.0001638814243111832 0.0 5.997611439650396e-05 0.0001585558191321229 0.0 7.178372342979812e-05 0.0001533720991392219 0.0 8.354891147546925e-05 0.0001483178642254483 0.0 9.522880443626057e-05 0.0001433779935032435 0.0 0.0001067857094855846 0.0001385354380612283 0.0 0.0001181860199365698 0.0001337717925419552 0.0 0.0001293992907339175 0.0001290677045422299 0.0 0.0001403974591297427 0.0001244031649357501 0.0 0.0001511541876685197 0.0001197577104979081 0.0 0.0001616443093796246 0.0001151105616130397 0.0 0.0001718433577761757 0.0001104407115283996 0.0 0.0001817271667359127 0.0001057269789737584 0.0 0.0001912715275332557 0.0001009480325343697 0.0 0.0002004518921896228 9.60823926088582e-05 0.0 0.0002092431139239269 9.110841484632074e-05 0.0 0.0002176192168410781 8.600425744940213e-05 0.0 0.0002255531881243682 8.074783350694565e-05 0.0 0.0002330167869305451 7.531674846432285e-05 0.0 0.0002399803649529977 6.968822184860275e-05 0.0 0.0002464126942423108 6.383899135019609e-05 0.0 0.0002522807983760844 5.774519623746209e-05 0.0 0.0002575497834714975 5.138223575718359e-05 0.0 0.0002621826658543656 4.472459655335522e-05 0.0 0.0002661401934596591 3.774564110658791e-05 0.0 0.0002693806582698325 3.041734662621781e-05 0.0 0.0002718596973237628 2.27099805696036e-05 0.0 0.0002735300799368316 1.459169486429558e-05 0.0 0.000274341479305876 6.028015859545092e-06 0.0 0.0002742402419306281 -3.018799473970701e-06 0.0 0.00027316911253178 -1.259058978055804e-05 0.0 0.000271066982806518 -2.273428950239963e-05 0.0 0.0002678686528833185 -3.350317773746502e-05 0.0 0.0002635046152448415 -4.495849978643753e-05 0.0 0.0002579009313024306 -5.717147562606751e-05 0.0 0.0002509792711878419 -7.022575160114414e-05 0.0 0.0002426572546540643 -8.422032393798382e-05 0.0 0.0002328493157280595 -9.927289646288629e-05 0.0 0.0002214684446835087 -0.000115523499793478 0.0 0.00020842935308994 -0.000133137949068533 0.0 0.0001936538768072588 -0.0001523102820955697 0.0 0.0001770797832305188 -0.000173262603367948 0.0 0.0001586745599840157 -0.0001962396423068858 0.0 0.0001384561458649636 -0.0002214937029758211 0.0 0.0001165227192027124 -0.000249253489258813 0.0 9.309319839247186e-05 -0.0002796677024843806 0.0 6.855839752883334e-05 -0.0003127119607111048 0.0 4.353887107325544e-05 -0.0003480469625063812 0.0 1.893879643051558e-05 -0.0003848190662829191 0.0 -4.022825765499161e-06 -0.000421406872821068 0.0 -2.383750827572534e-05 -0.0004551289735176113 0.0 -3.883936374293605e-05 -0.0004820082804101368 0.0 -4.748603997259944e-05 -0.0004967027139941985 0.0 -4.878894313239773e-05 -0.0004927568626099066 0.0 -4.282198596724294e-05 -0.0004632983924392859 0.0 -3.114137073786863e-05 -0.000402148298703653 0.0 -1.685939763996233e-05 -0.0003050671366506218 0.0 -4.014422975592518e-06 -0.0001706125685327175 0.0 0.0 0.0 0.0 0.0 0.0 0.0 -2.645970836631932e-06 6.51643159935768e-05 0.0 -1.157134726891588e-05 0.0001186620003838368 0.0 -2.279881824521002e-05 0.0001600343111205104 0.0 -3.44440797078433e-05 0.0001901124983948529 0.0 -4.491805148059786e-05 0.0002104718743896244 0.0 -5.3177332666357e-05 0.0002229500810189372 0.0 -5.868677979356512e-05 0.0002293325633647634 0.0 -6.129649647397263e-05 0.0002311852877131521 0.0 -6.11116955206267e-05 0.0002297928484550142 0.0 -5.838451973970512e-05 0.0002261601929080157 0.0 -5.343541389993487e-05 0.0002210459937693434 0.0 -4.660162158833982e-05 0.0002150070464052573 0.0 -3.820673593185644e-05 0.0002084422647482125 0.0 -2.854492981057302e-05 0.0002016310422475133 0.0 -1.787462415977409e-05 0.000194764415335258 0.0 -6.417745118632297e-06 0.0001879691865934682 0.0 5.638005842240915e-06 0.0001813261009444067 0.0 1.813547258390833e-05 0.0001748833366250449 0.0 3.094392221560376e-05 0.0001686660306492945 0.0 4.39549730883998e-05 0.0001626834107181402 0.0 5.70788507986874e-05 0.0001569337319729371 0.0 7.024109810823251e-05 0.0001514077855090405 0.0 8.33797407896084e-05 0.0001460913665088936 0.0 9.644288363345103e-05 0.000140966997499254 0.0 0.0001093866925691074 0.0001360151225926022 0.0 0.000122173712449344 0.0001312149275946903 0.0 0.0001347714705020948 0.0001265448962733145 0.0 0.0001471513194179721 0.0001219831811357042 0.0 0.0001592874794860381 0.0001175078441651595 0.0 0.0001711562449000336 0.000113097006618165 0.0 0.0001827353247374915 0.0001087289353246359 0.0 0.0001940032939076778 0.0001043820846456345 0.0 0.0002049391335006113 0.0001000351073482053 0.0 0.000215521843461726 9.566684345688324e-05 0.0 0.0002257301134214662 9.125629313489133e-05 0.0 0.0002355420398991719 8.678257747613355e-05 0.0 0.0002449348800506762 8.222488949048499e-05 0.0 0.0002538848337076793 7.756243634864812e-05 0.0 0.0002623668467248101 7.277437297631065e-05 0.0 0.0002703544296590977 6.78397262389228e-05 0.0 0.0002778194865981543 6.273730814395423e-05 0.0 0.0002847321495595518 5.744561562352093e-05 0.0 0.0002910606143284604 5.194271346628688e-05 0.0 0.0002967709739006095 4.62060957585425e-05 0.0 0.0003018270458643247 4.021251967406804e-05 0.0 0.0003061901900963434 3.393780350671154e-05 0.0 0.0003098191130680819 2.735657832979234e-05 0.0 0.000312669654855218 2.044197942189164e-05 0.0 0.0003146945544628396 1.316525940845512e-05 0.0 0.0003158431886302295 5.495299688094978e-06 0.0 0.0003160612901299542 -2.602010366215888e-06 0.0 0.0003152906203404253 -1.116457181777718e-05 0.0 0.0003134685772284525 -2.023506258468501e-05 0.0 0.0003105278511810157 -2.986218987165084e-05 0.0 0.0003063959985131782 -4.01023290114021e-05 0.0 0.0003009950403366813 -5.102159521759799e-05 0.0 0.000294241104818338 -6.26984417607939e-05 0.0 0.0002860442071412822 -7.522687366226058e-05 0.0 0.0002763083295643907 -8.872033606490933e-05 0.0 0.0002649320801860032 -0.0001033162549106079 0.0 0.0002518103918015611 -0.000119181032418408 0.0 0.0002368379992591428 -0.0001365149618361091 0.0 0.0002199158326791143 -0.0001555559189285639 0.0 0.0002009619991842913 -0.000176579660460238 0.0 0.0001799296664931588 -0.0001998929224629156 0.0 0.0001568347744519264 -0.0002258130702250196 0.0 0.0001317967496865418 -0.0002546247350367844 0.0 0.0001050946216448011 -0.0002864999524661641 0.0 7.723801885488415e-05 -0.0003213648867061637 0.0 4.904598572465528e-05 -0.000358695713430873 0.0 2.171517481309052e-05 -0.0003972333787649044 0.0 -3.15569961099448e-06 -0.0004346296654997195 0.0 -2.363969928442806e-05 -0.0004670594370631854 0.0 -3.773293581562961e-05 -0.00048896678417922 0.0 -4.383393554257199e-05 -0.0004931392852128545 0.0 -4.14047685315495e-05 -0.0004713261546982263 0.0 -3.162790527048378e-05 -0.0004155082789258002 0.0 -1.770767921039503e-05 -0.0003195802374306987 0.0 -4.292133296978034e-06 -0.0001807917847383932 0.0 0.0 0.0 0.0 0.0 0.0 0.0 -3.245755799631821e-06 7.239269613773304e-05 0.0 -1.400299829957174e-05 0.0001300532328338978 0.0 -2.706630790128422e-05 0.0001727463249708496 0.0 -3.999675637286996e-05 0.0002019508369764001 0.0 -5.090239666823e-05 0.0002200116078438708 0.0 -5.86850971613658e-05 0.0002294518226237862 0.0 -6.29177573203362e-05 0.0002325707098367232 0.0 -6.363330631993863e-05 0.0002312691505461544 0.0 -6.113225451877076e-05 0.0002270198117713483 0.0 -5.584023614569176e-05 0.0002209113128826299 0.0 -4.821591450966657e-05 0.0002137196344430192 0.0 -3.869834645176406e-05 0.0002059811972641957 0.0 -2.768126635488306e-05 0.0001980561617164193 0.0 -1.550390268572059e-05 0.0001901786833506866 0.0 -2.451081359645678e-06 0.0001824948545442699 0.0 1.124211713208918e-05 0.0001750902112025993 0.0 2.538388624521783e-05 0.0001680093409647804 0.0 3.981888681379279e-05 0.0001612695434101316 0.0 5.4421884624972e-05 0.0001548703052776082 0.0 6.90921272750211e-05 0.0001487997342200678 0.0 8.37485785250526e-05 0.0001430389001951276 0.0 9.832593616995321e-05 0.0001375647404151979 0.0 0.0001127713525821493 0.0001323519761919149 0.0 0.0001270417566065087 0.0001273743558613076 0.0 0.0001411016774919243 0.0001226054414212839 0.0 0.000154921481380408 0.0001180190884857263 0.0 0.0001684759433689952 0.0001135897219097634 0.0 0.0001817430907064715 0.0001092924767967792 0.0 0.0001947032640969889 0.0001051032521197704 0.0 0.0002073383539309478 0.0001009987087364846 0.0 0.0002196311764963037 9.695623296706702e-05 0.0 0.000231564961969523 9.29538796346572e-05 0.0 0.0002431229314444923 8.897030349707023e-05 0.0 0.0002542879446371365 8.498468459669269e-05 0.0 0.0002650422033948053 8.097665072381331e-05 0.0 0.0002753669989090513 7.692619857686387e-05 0.0 0.0002852424927173582 7.281361406595486e-05 0.0 0.0002946475232966687 6.86193913686379e-05 0.0 0.0003035594313892861 6.43241496811825e-05 0.0 0.0003119538982303915 5.990854601692329e-05 0.0 0.0003198047916194589 5.535318180471372e-05 0.0 0.0003270840153336943 5.063850036303882e-05 0.0 0.0003337613577458269 4.574467149800695e-05 0.0 0.0003398043356953828 4.065145841978503e-05 0.0 0.0003451780296759197 3.533806080320592e-05 0.0 0.0003498449062351053 2.978292602563984e-05 0.0 0.0003537646231256135 2.396351826138416e-05 0.0 0.0003568938121485253 1.785603201764317e-05 0.0 0.0003591858335709164 1.143503260892914e-05 0.0 0.0003605904946519478 4.673000566553869e-06 0.0 0.0003610537338177066 -2.460250074482802e-06 0.0 0.0003605172497759787 -9.998314550426145e-06 0.0 0.0003589180085319088 -1.79791387275818e-05 0.0 0.0003561878086398023 -2.644623741216619e-05 0.0 0.0003522526826586522 -3.54502835673563e-05 0.0 0.0003470322588894289 -4.505114917078735e-05 0.0 0.0003404390554946766 -5.53205168421368e-05 0.0 0.0003323777556700195 -6.634519658131792e-05 0.0 0.0003227445595637298 -7.823128463980926e-05 0.0 0.0003114268009302418 -9.110927214854747e-05 0.0 0.0002983031730386428 -0.0001051401155619452 0.0 0.0002832451648745245 -0.0001205220582687173 0.0 0.0002661207112409487 -0.0001374975404470202 0.0 0.0002468016599419536 -0.0001563586896425395 0.0 0.0002251774898675178 -0.0001774484079734225 0.0 0.0002011787410689597 -0.0002011516477362472 0.0 0.00017481463263711 -0.0002278677661743325 0.0 0.0001462297864308254 -0.0002579497094939161 0.0 0.0001157836858730972 -0.0002915896501865653 0.0 8.415149529354568e-05 -0.0003286254583797746 0.0 5.243343867487973e-05 -0.0003682425546673944 0.0 2.223966178810064e-05 -0.0004085598601526559 0.0 -4.3077671398968e-06 -0.0004461295853600314 0.0 -2.474795111198271e-05 -0.0004754271337697559 0.0 -3.675497425450785e-05 -0.0004886429301850832 0.0 -3.895109693298625e-05 -0.0004760898939634076 0.0 -3.187666347885393e-05 -0.0004275266476900657 0.0 -1.86638426642788e-05 -0.0003343262147251238 0.0 -4.637647768573229e-06 -0.0001917652582808986 0.0 0.0 0.0 0.0 0.0 0.0 0.0 -4.024237886038312e-06 8.12906766801595e-05 0.0 -1.698899194676236e-05 0.0001435682274099403 0.0 -3.202859660400787e-05 0.0001871027042501544 0.0 -4.598732910057315e-05 0.00021444909029039 0.0 -5.668022418342506e-05 0.0002291056866470005 0.0 -6.307128893509675e-05 0.0002345272965627675 0.0 -6.498540540531315e-05 0.0002336371711601075 0.0 -6.27597287704733e-05 0.0002286879921091522 0.0 -5.697165175833724e-05 0.0002213084543450398 0.0 -4.826435647223882e-05 0.0002126215555408466 0.0 -3.725103353722814e-05 0.0002033715162448464 0.0 -2.447136505457648e-05 0.0001940331650632836 0.0 -1.037856148464193e-05 0.0001848963629819335 0.0 4.657878744417479e-06 0.0001761273417357477 0.0 2.034248028431151e-05 0.0001678118148344286 0.0 3.644199627702098e-05 0.0001599837831454528 0.0 5.277391787943146e-05 0.00015264532107823 0.0 6.919630706690933e-05 0.0001457792801623429 0.0 8.559924347185866e-05 0.0001393575496192713 0.0 0.0001018978376171757 0.0001333463454542643 0.0 0.0001180266187562423 0.0001277095134079721 0.0 0.0001339350708516938 0.0001224105394921047 0.0 0.0001495841050741795 0.0001174137233028163 0.0 0.0001649432812329229 0.0001126848151889202 0.0 0.0001799886214613042 0.0001081913153303399 0.0 0.0001947008891488081 0.0001039025642327549 0.0 0.000209064231968942 9.97897087175468e-05 0.0 0.000223065109290145 9.582559745430135e-05 0.0 0.0002366914415214056 9.198464029819708e-05 0.0 0.0002499319326126994 8.824265270095342e-05 0.0 0.0002627755276323047 8.457669796641472e-05 0.0 0.0002752109756641576 8.096493460013409e-05 0.0 0.000287226474711222 7.738647244368497e-05 0.0 0.0002988093802660354 7.382123901321602e-05 0.0 0.0003099459630439236 7.02498560262028e-05 0.0 0.0003206212043236142 6.665352519703677e-05 0.0 0.0003308186196018936 6.301392180510824e-05 0.0 0.000340520102994771 5.93130941462398e-05 0.0 0.0003497057861216617 5.55333666686381e-05 0.0 0.0003583539061764832 5.165724429204997e-05 0.0 0.0003664406785818191 4.766731505148063e-05 0.0 0.0003739401700814859 4.354614773824868e-05 0.0 0.0003808241683784201 3.92761805740553e-05 0.0 0.0003870620444795831 3.483959608401431e-05 0.0 0.0003926206037645203 3.021817615504832e-05 0.0 0.0003974639214324865 2.53931296793119e-05 0.0 0.0004015531573717972 2.034488306184373e-05 0.0 0.0004048463445492332 1.505282104957448e-05 0.0 0.0004072981433836643 9.49496156453988e-06 0.0 0.0004088595524437728 3.647542980207212e-06 0.0 0.0004094775763322999 -2.515504224607517e-06 0.0 0.0004090948148575995 -9.023224212710963e-06 0.0 0.0004076489216892683 -1.590850626996262e-05 0.0 0.0004050720871228497 -2.320923343156677e-05 0.0 0.0004012903116958312 -3.096976361318549e-05 0.0 0.0003962225761010323 -3.924285591425588e-05 0.0 0.0003897798472633594 -4.809217435261402e-05 0.0 0.0003818639242778835 -5.759553120363247e-05 0.0 0.0003723661523962118 -6.784906087470803e-05 0.0 0.0003611660952236206 -7.897253105365304e-05 0.0 0.0003481303719049945 -9.111597687245954e-05 0.0 0.0003331120755793527 -0.0001044677394935495 0.0 0.0003159515485048734 -0.0001192637168813186 0.0 0.0002964798771933303 -0.0001357970405704315 0.0 0.0002745273827546207 -0.0001544262274111214 0.0 0.0002499406969880677 -0.0001755777326891161 0.0 0.0002226137103397132 -0.0001997352155639825 0.0 0.0001925394396878868 -0.0002274021123915944 0.0 0.0001598907442490732 -0.0002590159353046078 0.0 0.0001251357275079314 -0.0002947827415363872 0.0 8.918488627449283e-05 -0.0003343917171265179 0.0 5.354636811691358e-05 -0.0003765711785708933 0.0 2.042872109008985e-05 -0.0004184745087558191 0.0 -7.315163223352737e-06 -0.0004549630445902851 0.0 -2.65663297389381e-05 -0.0004779464729863892 0.0 -3.483934566682441e-05 -0.0004763848170431284 0.0 -3.163681131411498e-05 -0.0004374485928211379 0.0 -1.971142190735913e-05 -0.0003491265905582062 0.0 -5.093074397677297e-06 -0.0002036980714480671 0.0 0.0 0.0 0.0 0.0 0.0 0.0 -5.020983667109083e-06 9.229414161893032e-05 0.0 -2.061239904787552e-05 0.0001595032750488374 0.0 -3.760554028567191e-05 0.0002029083053160508 0.0 -5.193539397951386e-05 0.000226881430364931 0.0 -6.12353489104632e-05 0.000236652442610847 0.0 -6.477607127486801e-05 0.0002369042609026531 0.0 -6.286733624290753e-05 0.0002312597395933175 0.0 -5.631014684081522e-05 0.0002222792361497539 0.0 -4.604183254603702e-05 0.0002116602747756191 0.0 -3.294994204826078e-05 0.0002004725105612763 0.0 -1.779551815411926e-05 0.0001893566780593956 0.0 -1.195802915865885e-06 0.0001786736812372651 0.0 1.636531614832084e-05 0.0001686076235025758 0.0 3.451681567511669e-05 0.0001592341284874132 0.0 5.297848275511101e-05 0.0001505646607953349 0.0 7.154108028373971e-05 0.0001425743433902722 0.0 9.004981115089957e-05 0.0001352191345510231 0.0 0.0001083911720442938 0.0001284462142193719 0.0 0.0001264826942250331 0.0001222001263661436 0.0 0.0001442650635737069 0.0001164262698257174 0.0 0.0001616961159526266 0.0001110727530372486 0.0 0.0001787462789939485 0.0001060912597883444 0.0 0.0001953951172061025 0.0001014373299808467 0.0 0.0002116287127996966 9.707030650115878e-05 0.0 0.0002274376773280877 9.295310277519038e-05 0.0 0.0002428156388335824 8.905188485785314e-05 0.0 0.0002577580874319596 8.533572381844416e-05 0.0 0.0002722614913070207 8.177625040931309e-05 0.0 0.0002863226169410331 7.834732928812117e-05 0.0 0.000299938003775756 7.502476106384335e-05 0.0 0.000313103555729024 7.178601503525834e-05 0.0 0.0003258142211211315 6.860999234397996e-05 0.0 0.0003380637393792628 6.547681751687517e-05 0.0 0.0003498444379754588 6.236765547968985e-05 0.0 0.0003611470668517402 5.926455073670808e-05 0.0 0.0003719606604190422 5.615028530744113e-05 0.0 0.0003822724193235146 5.300825204693692e-05 0.0 0.0003920676057298237 4.982234005694424e-05 0.0 0.0004013294470038894 4.657682895651047e-05 0.0 0.0004100390434783033 4.325628877535523e-05 0.0 0.0004181752765157892 3.98454821224063e-05 0.0 0.0004257147133903588 3.63292650277315e-05 0.0 0.0004326315056044146 3.269248241782715e-05 0.0 0.0004388972771583757 2.891985351272997e-05 0.0 0.0004444809989767778 2.499584146626987e-05 0.0 0.0004493488451438366 2.090450022583823e-05 0.0 0.0004534640257640425 1.662928975555597e-05 0.0 0.000456786590020733 1.215284830223743e-05 0.0 0.0004592731908929842 7.456707110503209e-06 0.0 0.000460876800393084 2.520928724495911e-06 0.0 0.0004615463781612729 -2.676354771612258e-06 0.0 0.0004612264235693623 -8.159521527614252e-06 0.0 0.0004598564426243096 -1.395624094491092e-05 0.0 0.0004573703544317358 -2.00985165634055e-05 0.0 0.0004536956838936165 -2.662401162658449e-05 0.0 0.0004487525888055843 -3.357779142360775e-05 0.0 0.0004424526466411231 -4.101461555237623e-05 0.0 0.0004346973629773748 -4.900195234879232e-05 0.0 0.0004253763671265795 -5.76239342000572e-05 0.0 0.0004143652895467706 -6.698652214659423e-05 0.0 0.000401523384029562 -7.722418803485067e-05 0.0 0.0003866911001112549 -8.850842365952862e-05 0.0 0.000369688084914297 -0.0001010582883718398 0.0 0.0003503125907461341 -0.0001151528910369062 0.0 0.0003283441223555618 -0.0001311449491853723 0.0 0.0003035525564648675 -0.000149472992108637 0.0 0.0002757190887397918 -0.0001706667436174584 0.0 0.0002446772535235144 -0.0001953347960344577 0.0 0.0002103854795350815 -0.0002241147035871702 0.0 0.0001730445806844945 -0.0002575521790071805 0.0 0.0001332703696848762 -0.000295858967376246 0.0 9.231591806983573e-05 -0.0003384838532124831 0.0 5.229918148569706e-05 -0.000383434008648793 0.0 1.632065257943303e-05 -0.0004263368170471691 0.0 -1.173172464108748e-05 -0.0004593861913630206 0.0 -2.80067710707376e-05 -0.0004705187846625602 0.0 -3.040370892540196e-05 -0.0004440881800368826 0.0 -2.073426097193466e-05 -0.000363608700923843 0.0 -5.665077243998424e-06 -0.0002167616205608131 0.0 0.0 0.0 0.0 0.0 0.0 0.0 -6.145372674665234e-06 0.0001059911241020395 0.0 -2.486395256419404e-05 0.0001780697259030378 0.0 -4.342531924444892e-05 0.0002195066324708054 0.0 -5.672093845471071e-05 0.0002378324630500799 0.0 -6.258011433276061e-05 0.0002408405134862832 0.0 -6.105005101155883e-05 0.0002347204498844474 0.0 -5.326411344876985e-05 0.0002237488336746324 0.0 -4.065744525989289e-05 0.0002106309198223021 0.0 -2.457382849456668e-05 0.0001969648853004452 0.0 -6.122951651881916e-06 0.0001836356649731784 0.0 1.383743920548834e-05 0.0001710903048791975 0.0 3.467030280607316e-05 0.0001595193830464611 0.0 5.591462348801879e-05 0.0001489680027288551 0.0 7.724333463087975e-05 0.0001394040394030574 0.0 9.842840536400864e-05 0.0001307572490769891 0.0 0.0001193137784707952 0.0001229417493256464 0.0 0.0001397950832826403 0.0001158684504561627 0.0 0.0001598047273224962 0.0001094515499164672 0.0 0.0001793010517003188 0.0001036116231119385 0.0 0.0001982604898696957 9.827679343978372e-05 0.0 0.0002166719120450456 9.338285243607375e-05 0.0 0.000234532548799128 8.887283847875405e-05 0.0 0.0002518450521529641 8.469636649536467e-05 0.0 0.0002686153751892324 8.080887324041885e-05 0.0 0.0002848512408041212 7.717086735795913e-05 0.0 0.0003005610348817998 7.374722945670141e-05 0.0 0.0003157530055826474 7.050658211642325e-05 0.0 0.0003304346836451216 6.742073552283189e-05 0.0 0.0003446124623504098 6.446420675718017e-05 0.0 0.0003582912927965064 6.16138069301213e-05 0.0 0.000371474462310752 5.884828872083007e-05 0.0 0.0003841634325749647 5.614804649035796e-05 0.0 0.000396357720323762 5.34948614036892e-05 0.0 0.0004080548079995247 5.087168457572177e-05 0.0 0.0004192500750004136 4.826245195239068e-05 0.0 0.000429936742491657 4.565192533433055e-05 0.0 0.0004401058264139801 4.302555458173062e-05 0.0 0.0004497460944926196 4.036935656864574e-05 0.0 0.0004588440238492827 3.766980686129323e-05 0.0 0.0004673837563324274 3.491374036262532e-05 0.0 0.0004753470489641116 3.208825728047781e-05 0.0 0.0004827132169874008 2.918063072154266e-05 0.0 0.0004894590669011802 2.617821196475969e-05 0.0 0.0004955588165863264 2.306832899272079e-05 0.0 0.0005009839991384883 1.983817311283587e-05 0.0 0.0005057033462886483 1.647466741789765e-05 0.0 0.0005096826462463052 1.29643093279086e-05 0.0 0.0005128845692933883 9.292977385409447e-06 0.0 0.0005152684521014424 5.445689706184394e-06 0.0 0.0005167900296412474 1.406298913347868e-06 0.0 0.0005174011184084073 -2.842890291359777e-06 0.0 0.0005170491423256423 -7.321612524723234e-06 0.0 0.0005156766527641501 -1.205232385178432e-05 0.0 0.0005132206723217271 -1.706110029962117e-05 0.0 0.0005096118513675788 -2.237877410317346e-05 0.0 0.0005047734050087462 -2.804243992116313e-05 0.0 0.0004986197560382759 -3.409745463463262e-05 0.0 0.0004910548101042619 -4.060009688883974e-05 0.0 0.0004819697761090943 -4.76211077420131e-05 0.0 0.0004712404423566941 -5.525040339371753e-05 0.0 0.0004587238377340179 -6.360333173509623e-05 0.0 0.0004442542730053868 -7.282892479265924e-05 0.0 0.0004276389177939912 -8.312064717220137e-05 0.0 0.0004086534099281398 -9.473008265846941e-05 0.0 0.0003870386629892833 -0.0001079836810877882 0.0 0.0003625012727241599 -0.0001233017945082792 0.0 0.0003347220700474268 -0.0001412171790812267 0.0 0.0003033808444616385 -0.0001623858888647633 0.0 0.0002682103401641265 -0.0001875753565120921 0.0 0.0002290988141378539 -0.0002176000941852002 0.0 0.0001862650857938222 -0.000253152523941676 0.0 0.0001405258007947681 -0.0002944452323292146 0.0 9.364645611049135e-05 -0.0003405508086405296 0.0 4.86915958506101e-05 -0.0003883274002119233 0.0 1.014291811341721e-05 -0.0004309226198001331 0.0 -1.663111599228016e-05 -0.0004561178379054585 0.0 -2.720285461540739e-05 -0.00044556069922749 0.0 -2.139704777988628e-05 -0.0003770636559943611 0.0 -6.142503590603893e-06 -0.0002311512460448324 0.0 0.0 0.0 0.0 0.0 0.0 0.0 -7.069718714377136e-06 0.0001233143981946516 0.0 -2.95572660593616e-05 0.0001991782920425179 0.0 -4.843346038593185e-05 0.0002352718754059012 0.0 -5.787915250655145e-05 0.0002447068080141202 0.0 -5.690902036242733e-05 0.0002388470637222764 0.0 -4.713843671176121e-05 0.0002254275592877398 0.0 -3.091249314009233e-05 0.0002090514090017948 0.0 -1.038640653078157e-05 0.0001922203723988752 0.0 1.275639057375951e-05 0.0001761746624088677 0.0 3.730294601186251e-05 0.0001614538318931856 0.0 6.24188203033214e-05 0.0001482198644345374 0.0 8.754927801164564e-05 0.0001364476993183015 0.0 0.0001123369876258769 0.0001260255281168258 0.0 0.0001365601637437129 0.0001168093281039582 0.0 0.0001600884386758012 0.0001086504781257592 0.0 0.000182852134702536 0.0001014088597720176 0.0 0.0002048212667956833 9.495823832676323e-05 0.0 0.0002259913214241865 8.91876780439814e-05 0.0 0.0002463736684885851 8.400102887194785e-05 0.0 0.0002659891186551006 7.931556177862794e-05 0.0 0.0002848636101477356 7.50603135727776e-05 0.0 0.0003030253360495917 7.117442368432236e-05 0.0 0.0003205028455050696 6.760559523101561e-05 0.0 0.0003373238027470179 6.43087325431628e-05 0.0 0.0003535141896611372 6.124476584303378e-05 0.0 0.0003690978064463672 5.837965357086455e-05 0.0 0.0003840959715400085 5.568354413057347e-05 0.0 0.0003985273535898955 5.313007613943579e-05 0.0 0.000412407889747687 5.069579660518912e-05 0.0 0.0004257507591988605 4.835967818953803e-05 0.0 0.0004385663908328356 4.610271897548726e-05 0.0 0.0004508624907708385 4.390761048367279e-05 0.0 0.0004626440801112147 4.175846185794851e-05 0.0 0.0004739135364022344 3.964057006722059e-05 0.0 0.0004846706344742467 3.754022761985781e-05 0.0 0.0004949125836720322 3.544456066293107e-05 0.0 0.0005046340594392238 3.334139145933089e-05 0.0 0.000513827227764975 3.121912012370944e-05 0.0 0.0005224817613053703 2.906662117374625e-05 0.0 0.0005305848461005281 2.687315093221925e-05 0.0 0.0005381211777597521 2.462826210697397e-05 0.0 0.0005450729457987907 2.232172198153474e-05 0.0 0.000551419804486455 1.994343056149621e-05 0.0 0.0005571388280786519 1.74833347241182e-05 0.0 0.0005622044476558013 1.493133388348125e-05 0.0 0.0005665883658814209 1.227717187188089e-05 0.0 0.0005702594447653618 9.51030859087002e-06 0.0 0.0005731835597188534 6.619763371772591e-06 0.0 0.0005753234107783408 3.593919554978464e-06 0.0 0.0005766382822931178 4.20277908330202e-07 0.0 0.0005770837456091496 -2.914836624892502e-06 0.0 0.0005766111982480056 -6.426682658867121e-06 0.0 0.0005751674412821932 -1.013268348068216e-05 0.0 0.000572693995511163 -1.405314318834991e-05 0.0 0.0005691262592877308 -1.821217625480209e-05 0.0 0.0005643924127136016 -2.263894437061874e-05 0.0 0.000558411996800454 -2.736930851834757e-05 0.0 0.0005510940681820243 -3.244804364330097e-05 0.0 0.0005423348040441604 -3.793181852174509e-05 0.0 0.0005320144032114558 -4.389321865247156e-05 0.0 0.0005199931039249981 -5.042618927617758e-05 0.0 0.0005061061308779178 -5.765340080523764e-05 0.0 0.0004901574242070007 -6.5736183297165e-05 0.0 0.0004719121541481813 -7.488781150104537e-05 0.0 0.0004510884096207977 -8.539096841708933e-05 0.0 0.0004273492963309042 -9.761998491884483e-05 0.0 0.0004002983956129408 -0.0001120675308727714 0.0 0.0003694847807581974 -0.0001293729566969409 0.0 0.0003344294992295706 -0.0001503437646799006 0.0 0.000294694557893353 -0.0001759496762148652 0.0 0.0002500279088942821 -0.0002072455954890979 0.0 0.0002006297898629503 -0.0002451393752602561 0.0 0.0001475833153499051 -0.0002898595148692667 0.0 9.344244471577819e-05 -0.0003399095688671058 0.0 4.28128205460072e-05 -0.0003902794542424164 0.0 2.439007322401499e-06 -0.0004298784134721788 0.0 -2.018774375519174e-05 -0.000438787604038891 0.0 -2.106782448298853e-05 -0.000388138538847226 0.0 -5.968332121472522e-06 -0.000247274337421 0.0 0.0 0.0 0.0 0.0 0.0 0.0 -7.776009130885848e-06 0.0001457556588495995 0.0 -3.423102702209202e-05 0.0002216212604472185 0.0 -4.986763013497643e-05 0.0002465290460877898 0.0 -5.006783554811157e-05 0.0002430176129360651 0.0 -3.70624565754379e-05 0.0002266178001170681 0.0 -1.502750642067276e-05 0.0002059230219925178 0.0 1.230823637863168e-05 0.0001850593157824822 0.0 4.227459815955431e-05 0.0001657783950665685 0.0 7.314136941032394e-05 0.0001486596423110015 0.0 0.0001038524214223337 0.0001337556992033087 0.0 0.0001337965548743651 0.0001208933824493859 0.0 0.0001626449482235263 0.0001098225752956949 0.0 0.0001902436422153338 0.0001002846512257168 0.0 0.0002165438174802209 9.204170305486718e-05 0.0 0.0002415577971471498 8.488630783471558e-05 0.0 0.0002653317426747836 7.864243541678307e-05 0.0 0.000287928960469691 7.316274154170391e-05 0.0 0.0003094198230344063 6.832469981295943e-05 0.0 0.0003298757841848821 6.402664949981793e-05 0.0 0.0003493659249712911 6.018419313545086e-05 0.0 0.000367955060161527 5.67270862447108e-05 0.0 0.0003857027993497727 5.359663053925072e-05 0.0 0.0004026631828126678 5.074352630370537e-05 0.0 0.0004188846543132815 4.812612057886438e-05 0.0 0.0004344102227644914 4.570898607186965e-05 0.0 0.0004492777213123323 4.346177155890869e-05 0.0 0.0004635201081349847 4.135827286547148e-05 0.0 0.0004771657757680172 3.937568198308839e-05 0.0 0.0004902388499074664 3.749397956041218e-05 0.0 0.000502759467458058 3.569544258987232e-05 0.0 0.000514744029013335 3.396424458381268e-05 0.0 0.0005262054242077326 3.228612999833417e-05 0.0 0.0005371532302562249 3.064814826070517e-05 0.0 0.0005475938850012192 2.903843563133814e-05 0.0 0.0005575308362432065 2.744603541410498e-05 0.0 0.0005669646692478495 2.586074882942758e-05 0.0 0.0005758932142277167 2.427301027290184e-05 0.0 0.0005843116353713623 2.26737817690607e-05 0.0 0.0005922125026820482 2.105446224948554e-05 0.0 0.0005995858475162333 1.940680787658336e-05 0.0 0.0006064192022848474 1.772286002599223e-05 0.0 0.000612697624292616 1.599487774738143e-05 0.0 0.0006184037031261344 1.42152715505677e-05 0.0 0.0006235175503335898 1.237653520723931e-05 0.0 0.0006280167693298847 1.047117190656667e-05 0.0 0.000631876402452101 8.491610539493635e-06 0.0 0.0006350688507522826 6.430107091558008e-06 0.0 0.0006375637600788945 4.278625071691425e-06 0.0 0.0006393278647931543 2.028687756469744e-06 0.0 0.0006403247886102037 -3.288046722822289e-07 0.0 0.0006405147197955447 -2.803794450089774e-06 0.0 0.000639854129611973 -5.407393139763643e-06 0.0 0.0006382952676465269 -8.152334720177982e-06 0.0 0.0006357855509485719 -1.10535096256137e-05 0.0 0.0006322667488347805 -1.412867967070577e-05 0.0 0.0006276739155819136 -1.739943044520451e-05 0.0 0.0006219339877541497 -2.08924478003514e-05 0.0 0.0006149639356187406 -2.464123798287062e-05 0.0 0.000606668321737058 -2.868845934010541e-05 0.0 0.0005969360730373834 -3.308910225918584e-05 0.0 0.0005856362143890552 -3.791485110229633e-05 0.0 0.000572612244683223 -4.326009703197965e-05 0.0 0.0005576747718349949 -4.925025378301867e-05 0.0 0.0005405919914024223 -5.605326501901418e-05 0.0 0.0005210776668135828 -6.389546970431273e-05 0.0 0.0004987766064983876 -7.30832491148895e-05 0.0 0.0004732485673035567 -8.40319277962823e-05 0.0 0.0004439537047686873 -9.73027497533585e-05 0.0 0.0004102473591378058 -0.0001136462191662068 0.0 0.000371401132696459 -0.0001340430470936348 0.0 0.0003266836365048699 -0.0001597169931403836 0.0 0.0002755601244330816 -0.0001920571352437288 0.0 0.0002181019718105468 -0.0002323149042570754 0.0 0.0001557111108670718 -0.0002808155779181436 0.0 9.218619918591622e-05 -0.0003352466090350362 0.0 3.481652936823125e-05 -0.0003874574993918313 0.0 -5.647148849420162e-06 -0.0004185569083011795 0.0 -1.877859839150297e-05 -0.0003938046045977272 0.0 -5.106885500831406e-06 -0.0002659417364633585 0.0 0.0 0.0 0.0 0.0 0.0 0.0 -1.062926381958079e-05 0.0001743134959619448 0.0 -3.708094890169432e-05 0.0002404567254529125 0.0 -4.024120220827766e-05 0.0002456291271706088 0.0 -2.181484406780983e-05 0.0002257848391148857 0.0 1.002016936588403e-05 0.0001991962003376731 0.0 4.819494167498208e-05 0.0001732857074859415 0.0 8.825903910696202e-05 0.0001504149154015853 0.0 0.0001277998640897977 0.0001310045995441463 0.0 0.0001656360636074987 0.0001147937014428493 0.0 0.0002012640480800521 0.0001013254476286569 0.0 0.0002345435048843423 9.012712634545656e-05 0.0 0.0002655222911613407 8.077687173787839e-05 0.0 0.0002943386491051013 7.292199128645102e-05 0.0 0.0003211668917428392 6.627669963883954e-05 0.0 0.0003461884869203381 6.061247406371786e-05 0.0 0.000369577612477778 5.574729211217648e-05 0.0 0.000391494628949863 5.153607370095778e-05 0.0 0.0004120837325877358 4.786283702149861e-05 0.0 0.0004314727569933564 4.463444935857642e-05 0.0 0.0004497740314208499 4.177571257727346e-05 0.0 0.0004670857028514256 3.922552498799811e-05 0.0 0.0004834931998864234 3.693389410920672e-05 0.0 0.0004990706694155718 3.485961298392342e-05 0.0 0.0005138823043104886 3.296844987960507e-05 0.0 0.0005279835291853891 3.123173405761919e-05 0.0 0.0005414220374911211 2.962524724308722e-05 0.0 0.0005542386865479581 2.812835153769995e-05 0.0 0.0005664682632745494 2.672330072247405e-05 0.0 0.0005781401355768467 2.539469425267271e-05 0.0 0.0005892788044525898 2.41290426530494e-05 0.0 0.0005999043708865443 2.291442018060473e-05 0.0 0.0006100329301528001 2.174018607365993e-05 0.0 0.0006196769045336654 2.059675986285644e-05 0.0 0.0006288453238852609 1.947543939476008e-05 0.0 0.0006375440620123246 1.836825264748293e-05 0.0 0.00064577603549163 1.7267836276001e-05 0.0 0.0006535413704082699 1.61673352434767e-05 0.0 0.0006608375414292931 1.506031897074176e-05 0.0 0.0006676594867134112 1.394071024020435e-05 0.0 0.0006739997013173922 1.280272367395078e-05 0.0 0.0006798483109797676 1.164081100414179e-05 0.0 0.0006851931274083556 1.044961058956606e-05 0.0 0.0006900196854343865 9.223898717327039e-06 0.0 0.0006943112615829214 7.958540166841226e-06 0.0 0.000698048872698662 6.648435304854001e-06 0.0 0.0007012112521874196 5.288460631108962e-06 0.0 0.0007037748000385903 3.873399230282352e-06 0.0 0.000705713500873611 2.397857108346752e-06 0.0 0.0007069988030512271 8.561618914086878e-07 0.0 0.0007075994560020648 -7.577545679113319e-07 0.0 0.0007074812295758203 -2.45052480095719e-06 0.0 0.000706606710903261 -4.229592047195728e-06 0.0 0.0007049348171295296 -6.103505815248972e-06 0.0 0.0007024202594704064 -8.082300347742355e-06 0.0 0.0006990127976664484 -1.017799843407784e-05 0.0 0.0006946562596353301 -1.240528297292482e-05 0.0 0.000689287239454131 -1.47823983244169e-05 0.0 0.0006828333638988058 -1.733236864910043e-05 0.0 0.0006752109769423447 -2.008465733696841e-05 0.0 0.0006663220363765525 -2.307744563254324e-05 0.0 0.0006560499405295857 -2.63607880074172e-05 0.0 0.0006442539000952066 -3.000101854812502e-05 0.0 0.0006307613349845954 -3.40869532522541e-05 0.0 0.0006153576084954388 -3.873867986230134e-05 0.0 0.0005977722264530441 -4.412007669202399e-05 0.0 0.0005776604854708013 -5.045668068102822e-05 0.0 0.0005545796171679861 -5.806113421848141e-05 0.0 0.0005279591605972376 -6.736907703784508e-05 0.0 0.000497067564414428 -7.898856290060748e-05 0.0 0.0004609829027909927 -9.376445412304644e-05 0.0 0.0004185890126066958 -0.0001128520865149499 0.0 0.0003686463103782617 -0.0001377733688585117 0.0 0.0003100398372275478 -0.0001703753464691255 0.0 0.0002423951584199831 -0.0002124876025521987 0.0 0.0001673497372782942 -0.000264802847407234 0.0 9.069540768822045e-05 -0.000323977931649204 0.0 2.480064271332342e-05 -0.0003762675930214012 0.0 -1.185679155194955e-05 -0.0003863684915418178 0.0 -6.780457338113165e-06 -0.0002867953474964163 0.0 0.0 0.0 0.0 0.0 0.0 0.0 -2.045879694188062e-05 0.0002032467296136656 0.0 -2.799329401348323e-05 0.000241248835674188 0.0 7.874842187475475e-07 0.0002190902847900585 0.0 5.043924337189175e-05 0.0001844686109947189 0.0 0.0001066176061968429 0.0001526680767168233 0.0 0.0001616844732475743 0.0001266595849007149 0.0 0.0002126734204976128 0.0001060027749477923 0.0 0.0002588410641956027 8.968191892159616e-05 0.0 0.0003003140179936566 7.675995891599827e-05 0.0 0.0003375187008927475 6.646767509953281e-05 0.0 0.0003709626170691672 5.819684032278115e-05 0.0 0.0004011441171449778 5.148055180688963e-05 0.0 0.0004285139980904528 4.596699850747873e-05 0.0 0.0004534630689774889 4.139220127817005e-05 0.0 0.000476322983843275 3.755695874490803e-05 0.0 0.0004973725308242596 3.430956517693843e-05 0.0 0.0005168452457272625 3.153341014151289e-05 0.0 0.0005349366541659076 2.913806538328374e-05 0.0 0.0005518106262090362 2.705278667616041e-05 0.0 0.0005676047643617241 2.52217286227219e-05 0.0 0.0005824348857255632 2.360040134979148e-05 0.0 0.0005963987056445855 2.215303314951304e-05 0.0 0.000609578843348503 2.085059435959125e-05 0.0 0.0006220452658733577 1.966930551991421e-05 0.0 0.0006338572732435561 1.858950272338182e-05 0.0 0.0006450651117910422 1.759476862318271e-05 0.0 0.0006557112870815854 1.667126256100089e-05 0.0 0.0006658316345177707 1.580720099463082e-05 0.0 0.0006754561944854902 1.499245211851658e-05 0.0 0.0006846099297169976 1.421821778890608e-05 0.0 0.0006933133150820494 1.347678259256485e-05 0.0 0.0007015828240077218 1.27613148357599e-05 0.0 0.0007094313309056599 1.206570787672396e-05 0.0 0.0007168684451228935 1.138445293417949e-05 0.0 0.0007239007888349922 1.071253652812705e-05 0.0 0.0007305322288086983 1.004535722598113e-05 0.0 0.0007367640699454606 9.37865750540246e-06 0.0 0.0007425952168718958 8.708467396840028e-06 0.0 0.0007480223084816405 8.03105719984919e-06 0.0 0.0007530398291832456 7.342897024573886e-06 0.0 0.0007576401996092774 6.64062122589228e-06 0.0 0.000761813848638127 5.920995993882834e-06 0.0 0.0007655492677220989 5.180888452608177e-06 0.0 0.000768833047654818 4.417235605680792e-06 0.0 0.0007716498969969822 3.627011359212749e-06 0.0 0.0007739826403401779 2.807189679845363e-06 0.0 0.000775812193285967 1.954701816651172e-06 0.0 0.0007771175095950249 1.066385784867208e-06 0.0 0.0007778754969870188 1.389274637861055e-07 0.0 0.0007780608720481364 -8.312081566993599e-07 0.0 0.0007776460109137459 -1.847896604430868e-06 0.0 0.0007766007082175263 -2.91551094865481e-06 0.0 0.0007748918020309347 -4.039082220087187e-06 0.0 0.0007724827199862988 -5.224538280915053e-06 0.0 0.0007693328489833672 -6.479015824187232e-06 0.0 0.0007653966984221759 -7.811274637787381e-06 0.0 0.000760622780597345 -9.232253141332974e-06 0.0 0.0007549521101364997 -1.075582031698876e-05 0.0 0.0007483161857285451 -1.239980261852622e-05 0.0 0.0007406342633549687 -1.41873998883118e-05 0.0 0.0007318096522925572 -1.614915787467634e-05 0.0 0.0007217246529062884 -1.832574627945527e-05 0.0 0.0007102335936523237 -2.077191533358155e-05 0.0 0.0006971531933012436 -2.356219355229951e-05 0.0 0.0006822491466828161 -2.67991793749908e-05 0.0 0.0006652173789847849 -3.062572467137576e-05 0.0 0.0006456578229615174 -3.524299908157519e-05 0.0 0.0006230379250926802 -4.093749933839846e-05 0.0 0.0005966427493600632 -4.812164474391659e-05 0.0 0.0005655095742302219 -5.739441498110454e-05 0.0 0.0005283497012742313 -6.962901219811636e-05 0.0 0.0004834743068635391 -8.6089831032786e-05 0.0 0.0004287790522079076 -0.0001085636144162893 0.0 0.0003619439501005263 -0.0001394397185450715 0.0 0.0002812548311793302 -0.0001815049727566464 0.0 0.0001878959921888746 -0.0002366057757700431 0.0 9.07092231469508e-05 -0.0003005284782479482 0.0 1.204270122048652e-05 -0.0003480301631507709 0.0 -1.635737574630664e-05 -0.0003002754090125801 0.0 0.0 0.0 0.0 0.0 0.0 0.0 -2.067204571393313e-05 0.0002035447691873715 0.0 3.700191968935613e-05 0.0001939680212857198 0.0 0.0001228673171902008 0.0001507071947998446 0.0 0.0002096945068884752 0.0001144505698206132 0.0 0.0002857914128239301 8.873911253668469e-05 0.0 0.0003495638198943066 7.042275516491234e-05 0.0 0.0004027994795843962 5.695433517752957e-05 0.0 0.0004476246431137843 4.686586989483134e-05 0.0 0.0004857688508189996 3.922774159285286e-05 0.0 0.0005185730211753093 3.337052377207924e-05 0.0 0.0005470865402201259 2.88055715204224e-05 0.0 0.0005721313573389605 2.518741850020606e-05 0.0 0.0005943478019140131 2.227510217133817e-05 0.0 0.0006142343955254124 1.989826274196116e-05 0.0 0.0006321815562613829 1.793359130729208e-05 0.0 0.0006484977817402709 1.629006699087815e-05 0.0 0.0006634290393638298 1.489956324884617e-05 0.0 0.0006771730565316202 1.371049368393749e-05 0.0 0.000689889992530225 1.268333907683229e-05 0.0 0.0007017105049058985 1.178746389100488e-05 0.0 0.0007127418893380781 1.099884288460606e-05 0.0 0.0007230727777879828 1.02984243796612e-05 0.0 0.0007327767549338037 9.670937152116318e-06 0.0 0.0007419151608112649 9.104009767735406e-06 0.0 0.0007505392776885151 8.587513642481103e-06 0.0 0.0007586920476158894 8.113068574015705e-06 0.0 0.000766409429733502 7.67366749181007e-06 0.0 0.0007737214793043723 7.263389449777606e-06 0.0 0.0007806532105222471 6.877178485002445e-06 0.0 0.000787225290354458 6.510672047483025e-06 0.0 0.0007934545996213612 6.160067026210341e-06 0.0 0.000799354689196233 5.822014488660931e-06 0.0 0.0008049361529144666 5.493536484752905e-06 0.0 0.0008102069339836741 5.171959895584447e-06 0.0 0.0008151725780034397 4.854863504407406e-06 0.0 0.0008198364428536333 4.540035351571503e-06 0.0 0.0008241998734848779 4.225438090230405e-06 0.0 0.0008282623478874665 3.909180544458559e-06 0.0 0.0008320215991066031 3.589494027786365e-06 0.0 0.0008354737170197706 3.264712237366913e-06 0.0 0.0008386132326225783 2.933253717366939e-06 0.0 0.0008414331867215345 2.593605998087988e-06 0.0 0.0008439251841530639 2.244310571949532e-06 0.0 0.0008460794338908615 1.883947866249157e-06 0.0 0.0008478847746250175 1.511121322816493e-06 0.0 0.0008493286845548117 1.124439641385409e-06 0.0 0.0008503972732395015 7.224963693166298e-07 0.0 0.0008510752525556805 3.038469654247723e-07 0.0 0.0008513458830629316 -1.330158538151263e-07 0.0 0.0008511908714950465 -5.89702517665273e-07 0.0 0.0008505903061792827 -1.067991843767765e-06 0.0 0.0008495224093684826 -1.569894720779431e-06 0.0 0.0008479633001203743 -2.09773060401833e-06 0.0 0.0008458866462567547 -2.654245128105559e-06 0.0 0.0008432631923020014 -3.24276128565053e-06 0.0 0.000840060124701276 -3.867379140100778e-06 0.0 0.0008362402186504836 -4.533243172857088e-06 0.0 0.0008317606904668713 -5.246904218783159e-06 0.0 0.0008265716488242927 -6.01681427845988e-06 0.0 0.0008206139942861827 -6.854010087321712e-06 0.0 0.0008138165519939074 -7.77306837262884e-06 0.0 0.0008060921264161246 -8.793457708413309e-06 0.0 0.0007973320231239694 -9.94147775200146e-06 0.0 0.0007873983649322 -1.125308054595888e-05 0.0 0.0007761131971682933 -1.277803174769616e-05 0.0 0.0007632428593879449 -1.458612657374573e-05 0.0 0.0007484752807979435 -1.677660044128781e-05 0.0 0.0007313865683126784 -1.949265715678062e-05 0.0 0.0007113913749542866 -2.294456412684324e-05 0.0 0.000687669176744611 -2.744737716976614e-05 0.0 0.0006590560015401883 -3.34821637915877e-05 0.0 0.000623887425170358 -4.1789091804048e-05 0.0 0.0005797715301631837 -5.349619839485282e-05 0.0 0.0005232770590086109 -7.030407029937375e-05 0.0 0.0004496698831194309 -9.483742328248698e-05 0.0 0.0003535150659776495 -0.0001312626812166533 0.0 0.0002325838404866575 -0.0001847492345901061 0.0 9.830098523791002e-05 -0.0002512865723592664 0.0 -1.130400868224048e-05 -0.0002721482826511911 0.0 0.0 0.0 0.0 0.0 0.0 0.0 0.0001317627043101172 9.929940442854808e-05 0.0 0.0002908728357180782 6.825839112429113e-05 0.0 0.0004218079537303151 3.97642363619754e-05 0.0 0.0005163046241583425 2.702375225040066e-05 0.0 0.000583071308305961 2.107115191795589e-05 0.0 0.0006320544847663148 1.685386476335863e-05 0.0 0.0006697150096045127 1.340359911051434e-05 0.0 0.000699672439619914 1.076270653046352e-05 0.0 0.0007240682643956145 8.84341462659796e-06 0.0 0.0007443287836302952 7.438191628195426e-06 0.0 0.0007614637866372773 6.371790555770435e-06 0.0 0.0007761954341791878 5.536970851796002e-06 0.0 0.0007890427571783538 4.870906152129553e-06 0.0 0.0008003850097169909 4.332226640041404e-06 0.0 0.00081050548109643 3.890803226789801e-06 0.0 0.000819619922613273 3.524199966992219e-06 0.0 0.0008278951338045026 3.215813270162962e-06 0.0 0.0008354616814125681 2.953320306059494e-06 0.0 0.0008424229326867169 2.727438235937259e-06 0.0 0.0008488615821051829 2.531051194660749e-06 0.0 0.0008548444092081213 2.358624427970577e-06 0.0 0.0008604257819013421 2.205801034590628e-06 0.0 0.0008656502676189568 2.069112538069326e-06 0.0 0.0008705546031230635 1.945766244336217e-06 0.0 0.0008751691963138333 1.833487760413874e-06 0.0 0.0008795192819467785 1.730403724028108e-06 0.0 0.0008836258186741449 1.634953761382806e-06 0.0 0.0008875061910080985 1.54582375019601e-06 0.0 0.000891174762933905 1.461894776251294e-06 0.0 0.0008946433178036174 1.382203788981289e-06 0.0 0.0008979214103991463 1.305913063528546e-06 0.0 0.0009010166506830497 1.232286341984487e-06 0.0 0.0009039349340657714 1.160670073079247e-06 0.0 0.0009066806295303034 1.090478566221402e-06 0.0 0.0009092567343359239 1.021182165238306e-06 0.0 0.0009116650020364384 9.522977590431666e-07 0.0 0.0009139060490263066 8.833811019778724e-07 0.0 0.000915979443647065 8.140205307735276e-07 0.0 0.000917883780955524 7.438317483859731e-07 0.0 0.0009196167455057337 6.724534047214903e-07 0.0 0.0009211751638756011 5.995432457108547e-07 0.0 0.0009225550481335055 5.247746289725738e-07 0.0 0.0009237516309540796 4.478332171742816e-07 0.0 0.000924759392624999 3.68413653616059e-07 0.0 0.0009255720797174578 2.862159913522313e-07 0.0 0.0009261827147467826 2.00941632138241e-07 0.0 0.000926583596031567 1.122887736367273e-07 0.0 0.0009267662861389227 1.994812490807283e-08 0.0 0.0009267215823593021 -7.640139906056159e-08 0.0 0.0009264394865534095 -1.771069938952071e-07 0.0 0.0009259091203300938 -2.825574302823227e-07 0.0 0.0009251186157900582 -3.931895992474198e-07 0.0 0.0009240549798105838 -5.095104608621069e-07 0.0 0.0009227038953300262 -6.321241185984046e-07 0.0 0.0009210494516682515 -7.617662010555273e-07 0.0 0.0009190737795561418 -8.993492081507111e-07 0.0 0.0009167565598582321 -1.046023280083964e-06 0.0 0.0009140743621528259 -1.203258510444238e-06 0.0 0.0009109997515895061 -1.37295748477827e-06 0.0 0.0009075000767102391 -1.557610760175499e-06 0.0 0.0009035358127229962 -1.760514184619426e-06 0.0 0.0008990582769876876 -1.986076716358447e-06 0.0 0.0008940064450346932 -2.240263561620095e-06 0.0 0.0008883024587387191 -2.531246482962175e-06 0.0 0.0008818452045710262 -2.870374193717112e-06 0.0 0.0008745009952753889 -3.273624914630048e-06 0.0 0.0008660897988678496 -3.76375361236588e-06 0.0 0.0008563644004986389 -4.373494289608428e-06 0.0 0.0008449780496108568 -5.150897218165438e-06 0.0 0.0008314334348537566 -6.170045620027605e-06 0.0 0.000815002524091376 -7.553138477806389e-06 0.0 0.0007946007545157995 -9.504167332114444e-06 0.0 0.0007685735838983141 -1.232152947371782e-05 0.0 0.0007342609543441666 -1.631871983766111e-05 0.0 0.0006870176093357968 -2.175742024104958e-05 0.0 0.0006183807240417865 -2.972229653844157e-05 0.0 0.0005144870965955823 -4.563769029338336e-05 0.0 0.0003601990733132768 -8.147577144987001e-05 0.0 0.0001595298835728017 -0.0001254409935229486 0.0 0.0 0.0 0.0 0.00100339507947787 0.0 0.0 0.001003395079494256 0.0 0.0 0.001003395079506832 0.0 0.0 0.001003395079510458 0.0 0.0 0.001003395079508654 0.0 0.0 0.001003395079502664 0.0 0.0 0.001003395079493323 0.0 0.0 0.001003395079481505 0.0 0.0 0.001003395079468118 0.0 0.0 0.001003395079454058 0.0 0.0 0.001003395079440149 0.0 0.0 0.001003395079427089 0.0 0.0 0.001003395079415432 0.0 0.0 0.001003395079405592 0.0 0.0 0.001003395079397862 0.0 0.0 0.001003395079392426 0.0 0.0 0.001003395079389376 0.0 0.0 0.001003395079388728 0.0 0.0 0.001003395079390434 0.0 0.0 0.00100339507939439 0.0 0.0 0.001003395079400452 0.0 0.0 0.001003395079408439 0.0 0.0 0.001003395079418146 0.0 0.0 0.001003395079429347 0.0 0.0 0.001003395079441801 0.0 0.0 0.001003395079455262 0.0 0.0 0.001003395079469476 0.0 0.0 0.00100339507948419 0.0 0.0 0.001003395079499156 0.0 0.0 0.001003395079514129 0.0 0.0 0.001003395079528874 0.0 0.0 0.001003395079543167 0.0 0.0 0.001003395079556797 0.0 0.0 0.001003395079569567 0.0 0.0 0.001003395079581296 0.0 0.0 0.001003395079591821 0.0 0.0 0.001003395079600997 0.0 0.0 0.001003395079608698 0.0 0.0 0.001003395079614818 0.0 0.0 0.001003395079619274 0.0 0.0 0.001003395079622002 0.0 0.0 0.001003395079622959 0.0 0.0 0.001003395079622125 0.0 0.0 0.001003395079619499 0.0 0.0 0.001003395079615105 0.0 0.0 0.001003395079608984 0.0 0.0 0.001003395079601198 0.0 0.0 0.001003395079591828 0.0 0.0 0.001003395079580974 0.0 0.0 0.001003395079568751 0.0 0.0 0.001003395079555292 0.0 0.0 0.001003395079540741 0.0 0.0 0.001003395079525256 0.0 0.0 0.001003395079509003 0.0 0.0 0.001003395079492158 0.0 0.0 0.001003395079474902 0.0 0.0 0.001003395079457418 0.0 0.0 0.001003395079439891 0.0 0.0 0.001003395079422504 0.0 0.0 0.001003395079405434 0.0 0.0 0.001003395079388853 0.0 0.0 0.00100339507937292 0.0 0.0 0.001003395079357785 0.0 0.0 0.00100339507934358 0.0 0.0 0.001003395079330421 0.0 0.0 0.001003395079318402 0.0 0.0 0.001003395079307597 0.0 0.0 0.001003395079298055 0.0 0.0 0.001003395079289797 0.0 0.0 0.001003395079282815 0.0 0.0 0.001003395079277071 0.0 0.0 0.001003395079272492 0.0 0.0 0.001003395079268971 0.0 0.0 0.001003395079266369 0.0 0.0 0.001003395079264519 0.0 0.0 0.001003395079263215 0.0 0.0 0.001003395079262128 0.0 0.0 0.001003395079260735 0.0 0.0 0.001003395079258759 0.0 0.0 0.001003395079257874 0.0 0.0 0.001003395079313598 0.0 0.0
</DataArray>
<DataArray type="Float64" Name="pressure [Pa]" NumberOfComponents="1" format="ascii">
1.211036474925611e-05 1.215754052506788e-05 1.213757133526958e-05 1.20288388457089e-05 1.18497908681011e-05 1.162614607158223e-05 1.137779978231795e-05 1.111862180916957e-05 1.08586926160047e-05 1.060567649906879e-05 1.036544091473766e-05 1.014241517407961e-05 9.939882072216484e-06 9.760228384362401e-06 9.605151029120498e-06 9.475822640646966e-06 9.373024075735175e-06 9.29725025926945e-06 9.248793829032316e-06 9.22780979737037e-06 9.234363797534103e-06 9.268466105129865e-06 9.330093361329635e-06 9.419199723955584e-06 9.53571901656275e-06 9.679559320962023e-06 9.85059135493825e-06 1.004863188740161e-05 1.027342336391814e-05 1.052461084433769e-05 1.080171728984241e-05 1.110411817833186e-05 1.143101637384185e-05 1.178141812667525e-05 1.215411103466676e-05 1.254764475034362e-05 1.296031517105329e-05 1.339015279897901e-05 1.383491591279501e-05 1.429208916461891e-05 1.4758888171554e-05 1.523227042256022e-05 1.570895214300955e-05 1.618543170135427e-05 1.665802034366457e-05 1.712287967185732e-05 1.757606530725757e-05 1.801357633144502e-05 1.843140992180953e-05 1.882562037319187e-05 1.919238150666188e-05 1.952805131026264e-05 1.982923752787503e-05 2.00928628149781e-05 2.031622802201579e-05 2.049707215500735e-05 2.063362760501121e-05 2.072466933734555e-05 2.076955689046747e-05 2.076826825346171e-05 2.072142496846282e-05 2.063030813641541e-05 2.049686538624229e-05 2.032370929243268e-05 2.011410818662796e-05 1.987197079628506e-05 1.960182665488394e-05 1.930880478848805e-05 1.899861386535049e-05 1.867752780635866e-05 1.83523812646577e-05 1.803057781408537e-05 1.772010959220908e-05 1.742959063248246e-05 1.716834932785731e-05 1.694671568501644e-05 1.677653595829052e-05 1.667085625759557e-05 1.663905089230955e-05 1.667332265420349e-05 1.673796066640819e-05 1.206790964801021e-05 1.211367105702445e-05 1.208552397396467e-05 1.200627760565499e-05 1.188381239746295e-05 1.172902380552694e-05 1.155254298321429e-05 1.136362300076008e-05 1.117002688251919e-05 1.097815247423933e-05 1.079319188755749e-05 1.061929664606489e-05 1.045974039319786e-05 1.031707039935222e-05 1.019324243466408e-05 1.008973751929227e-05 1.000766115885461e-05 9.947826341736899e-06 9.910821681601728e-06 9.897066062130859e-06 9.906851097218058e-06 9.940372673100572e-06 9.99775279015381e-06 1.007905287316161e-05 1.018427967121789e-05 1.031338482227728e-05 1.046625911252701e-05 1.064272241703963e-05 1.084251026563295e-05 1.106525793668469e-05 1.131048294198857e-05 1.157756672762833e-05 1.186573637907877e-05 1.217404708280523e-05 1.250136606064568e-05 1.284635865596956e-05 1.320747721048325e-05 1.358295332617881e-05 1.397079405755526e-05 1.436878252399774e-05 1.477448336775773e-05 1.518525385374345e-05 1.559825941834621e-05 1.60104943462724e-05 1.641880903952941e-05 1.681994256477854e-05 1.721056013414006e-05 1.758729527579411e-05 1.794679614196359e-05 1.828577524710238e-05 1.860106178805351e-05 1.888965557420624e-05 1.914878149402245e-05 1.937594337041329e-05 1.956897601720727e-05 1.972609430755975e-05 1.9845938106615e-05 1.992761200750981e-05 1.99707189425537e-05 1.997538691873241e-05 1.994228834492995e-05 1.987265167146683e-05 1.976826534224404e-05 1.963147435475438e-05 1.946517001891242e-05 1.927277378300215e-05 1.905821622883148e-05 1.882591249415217e-05 1.85807354049219e-05 1.832798738193925e-05 1.807337146466765e-05 1.782296005842342e-05 1.758315665132951e-05 1.736064083220708e-05 1.716228028894151e-05 1.699497768747201e-05 1.686535123997773e-05 1.677893280322806e-05 1.673823184974739e-05 1.673967834512064e-05 1.680510196091145e-05 1.208955008644933e-05 1.214236600570234e-05 1.211387370430326e-05 1.204153214507152e-05 1.193334541171527e-05 1.179771316155774e-05 1.164294158783744e-05 1.147662404879071e-05 1.130539980939696e-05 1.113491447458291e-05 1.096987079830066e-05 1.081412021086174e-05 1.067077067136417e-05 1.054229679922134e-05 1.043064428206758e-05 1.033732453193963e-05 1.026349792377613e-05 1.02100452100286e-05 1.017762734949992e-05 1.01667343248046e-05 1.017772370418479e-05 1.021084980073924e-05 1.026628433056656e-05 1.03441294902258e-05 1.044442437451219e-05 1.056714564450129e-05 1.071220333723476e-05 1.087943268499494e-05 1.106858278572003e-05 1.127930293809243e-05 1.151112742610688e-05 1.176345950902584e-05 1.20355553436915e-05 1.23265085369274e-05 1.263523599556832e-05 1.296046570947389e-05 1.330072706737819e-05 1.365434426509871e-05 1.401943331880059e-05 1.439390314060662e-05 1.477546107056216e-05 1.516162386875951e-05 1.554973242559556e-05 1.593697123789864e-05 1.632039437575542e-05 1.669695609661811e-05 1.706354605334729e-05 1.741702885076195e-05 1.775428742297998e-05 1.807226956369002e-05 1.836803681094796e-05 1.86388147720211e-05 1.888204387823122e-05 1.90954294904617e-05 1.927699023843169e-05 1.942510347568018e-05 1.953854677093995e-05 1.961653443718238e-05 1.965874822219496e-05 1.966536144712259e-05 1.963705607763392e-05 1.957503243939961e-05 1.948101153575241e-05 1.935723017792719e-05 1.920642938044549e-05 1.903183668403812e-05 1.883714321626265e-05 1.862647634330399e-05 1.840436863986004e-05 1.817572349701343e-05 1.794577680948833e-05 1.772005253375859e-05 1.750430709336087e-05 1.73044532670664e-05 1.712644740049546e-05 1.697611108721126e-05 1.685883330024159e-05 1.677906385729491e-05 1.673955110501832e-05 1.674140539556883e-05 1.684086945988434e-05 1.219904163470606e-05 1.222224609158268e-05 1.21860382434353e-05 1.211305345627435e-05 1.201058872732683e-05 1.188552895185391e-05 1.174456238804809e-05 1.15939059606951e-05 1.143912474572018e-05 1.128506152542857e-05 1.113583801020337e-05 1.099489829991727e-05 1.086507527468177e-05 1.074866697569646e-05 1.064751451347751e-05 1.056307632778403e-05 1.049649587910558e-05 1.04486612893936e-05 1.042025633329536e-05 1.041180272248674e-05 1.042369396062354e-05 1.045622125460378e-05 1.050959209600878e-05 1.058394220316145e-05 1.067934155696381e-05 1.07957952839052e-05 1.093324014478846e-05 1.109153738280385e-05 1.127046267304133e-05 1.146969389978621e-05 1.168879746963571e-05 1.192721384863032e-05 1.218424299069476e-05 1.245903030270938e-05 1.275055376800694e-05 1.305761282411605e-05 1.337881956091494e-05 1.371259277050504e-05 1.405715533825841e-05 1.441053541386386e-05 1.477057174377609e-05 1.513492434452355e-05 1.550108826263126e-05 1.586641188662345e-05 1.62281217494847e-05 1.658335147814127e-05 1.692917513620705e-05 1.726264470039684e-05 1.758083116906402e-05 1.788086866657045e-05 1.816000078029773e-05 1.841562825334873e-05 1.864535706155039e-05 1.884704583406305e-05 1.901885153806336e-05 1.915927234410876e-05 1.926718662321742e-05 1.934188710113623e-05 1.938310930954806e-05 1.939105362572038e-05 1.936640037652374e-05 1.931031769239214e-05 1.922446202131681e-05 1.911097143876619e-05 1.897245209909727e-05 1.881195834530192e-05 1.86329670979246e-05 1.843934714202734e-05 1.823532376923392e-05 1.802543883292112e-05 1.781450553252368e-05 1.760755603825605e-05 1.740977832942676e-05 1.72264363582718e-05 1.706276537795462e-05 1.692383159022723e-05 1.681434487756417e-05 1.673843067133636e-05 1.669946666431475e-05 1.670118691897681e-05 1.681143935126176e-05 1.238069836352361e-05 1.234629095337536e-05 1.229453883293978e-05 1.221406608171645e-05 1.211051530367682e-05 1.198938822033517e-05 1.185601407568417e-05 1.171540947313828e-05 1.157214427076862e-05 1.143026740670568e-05 1.129328497162795e-05 1.116417498359296e-05 1.104542549882176e-05 1.093908572377599e-05 1.084682256944002e-05 1.076997745138155e-05 1.070961998139511e-05 1.066659652607645e-05 1.064157252285245e-05 1.063506806072884e-05 1.06474866455084e-05 1.067913734380781e-05 1.07302506814753e-05 1.080098878983581e-05 1.08914503676548e-05 1.1001671071445e-05 1.113161997108596e-05 1.128119271818402e-05 1.145020207574196e-05 1.16383664527602e-05 1.18452970785765e-05 1.207048444050398e-05 1.231328459540477e-05 1.257290595141596e-05 1.284839709976551e-05 1.313863625766106e-05 1.344232286038854e-05 1.375797181248555e-05 1.408391087231299e-05 1.441828160022348e-05 1.4759044249589e-05 1.510398790852939e-05 1.545074326634555e-05 1.579679982899724e-05 1.613952964284389e-05 1.647621481803689e-05 1.680407935832704e-05 1.712032501834356e-05 1.742217071017969e-05 1.770689484690032e-05 1.797187988264212e-05 1.821465819324001e-05 1.84329583440303e-05 1.862475071859057e-05 1.878829143912722e-05 1.892216350061131e-05 1.902531406994489e-05 1.909708697014423e-05 1.913724947751308e-05 1.914601270454311e-05 1.912404501781186e-05 1.907247814074485e-05 1.899290580522246e-05 1.888737503006816e-05 1.875837030163541e-05 1.860879109159082e-05 1.844192324502706e-05 1.826140477894067e-05 1.807118651254217e-05 1.787548766951729e-05 1.76787461185389e-05 1.748556226127866e-05 1.730063484835824e-05 1.712868649170068e-05 1.697437690256082e-05 1.684220431939907e-05 1.6736402746893e-05 1.666086462075841e-05 1.661918817246344e-05 1.661577004585758e-05 1.671074695365324e-05 1.261083695522186e-05 1.250438751773094e-05 1.243147605896129e-05 1.233808430323385e-05 1.222800332603182e-05 1.210545523861501e-05 1.197457286858994e-05 1.183930563981248e-05 1.170330926641998e-05 1.156987248129523e-05 1.144188366227594e-05 1.132182867429052e-05 1.121181042307801e-05 1.111358197951125e-05 1.102858686638971e-05 1.095800176693808e-05 1.09027783409956e-05 1.086368195993497e-05 1.08413260115009e-05 1.083620103289868e-05 1.084869836072451e-05 1.087912828712126e-05 1.092773291919151e-05 1.099469407994031e-05 1.108013668319716e-05 1.118412807597855e-05 1.130667387957523e-05 1.144771088246675e-05 1.160709754916123e-05 1.178460271294745e-05 1.197989301992737e-05 1.219251968827214e-05 1.242190514135458e-05 1.266733006654286e-05 1.292792144268365e-05 1.320264206784487e-05 1.349028210347065e-05 1.378945313011942e-05 1.40985851815124e-05 1.441592718669558e-05 1.473955120505289e-05 1.506736181748369e-05 1.539710791209472e-05 1.572639889438094e-05 1.605272737557768e-05 1.637349549703693e-05 1.668604556540913e-05 1.698769470423347e-05 1.727577306342916e-05 1.754766499104771e-05 1.78008524390893e-05 1.803295975405677e-05 1.824179889962053e-05 1.842541407949446e-05 1.85821246791188e-05 1.871056542988343e-05 1.880972272301888e-05 1.887896606386947e-05 1.891807376095417e-05 1.892725208559664e-05 1.890714731199729e-05 1.885885024677543e-05 1.878389307086972e-05 1.868423853221428e-05 1.856226172928628e-05 1.842072489572984e-05 1.826274571550257e-05 1.809175974671825e-05 1.791147749330104e-05 1.772583652804575e-05 1.753894885220616e-05 1.735504343717657e-05 1.717840378395809e-05 1.701330064175462e-05 1.68639212299933e-05 1.67342994215436e-05 1.662825792304746e-05 1.654938837498503e-05 1.650112536784361e-05 1.648744998628178e-05 1.654865974468492e-05 1.287093005117035e-05 1.268645301174784e-05 1.258885745660361e-05 1.247860206704332e-05 1.235783324938987e-05 1.222965791162326e-05 1.209716142837797e-05 1.196334518728585e-05 1.183103214324897e-05 1.170279675930942e-05 1.158092679116571e-05 1.146741167208066e-05 1.136395038340292e-05 1.127197228287919e-05 1.119266551129188e-05 1.112700881419826e-05 1.107580372224387e-05 1.10397049589146e-05 1.101924767560328e-05 1.101487066943827e-05 1.102693515042036e-05 1.105573892259291e-05 1.110152605659881e-05 1.11644922801006e-05 1.124478641523716e-05 1.134250826152113e-05 1.145770336806e-05 1.15903551679513e-05 1.174037496551184e-05 1.190759027756841e-05 1.209173203612368e-05 1.229242116314465e-05 1.250915503001205e-05 1.27412943146232e-05 1.298805076792375e-05 1.324847639786721e-05 1.352145457110499e-05 1.380569351935909e-05 1.40997227163999e-05 1.440189256189534e-05 1.471037776858066e-05 1.502318579471931e-05 1.533816768849588e-05 1.565303337797209e-05 1.596537333898259e-05 1.627268392785563e-05 1.657239709821586e-05 1.686191420554194e-05 1.713864345719139e-05 1.740004042275632e-05 1.764365087979021e-05 1.786715514078436e-05 1.806841289547552e-05 1.824550751472176e-05 1.839678870446974e-05 1.852091237607228e-05 1.861687661644872e-05 1.86840527006431e-05 1.872221019047774e-05 1.873153530408611e-05 1.871264191741391e-05 1.866657476290939e-05 1.859480461261662e-05 1.849921546041387e-05 1.838208393702313e-05 1.824605138636027e-05 1.80940891876363e-05 1.792945801136592e-05 1.7755661741734e-05 1.757639678690324e-05 1.739549745877759e-05 1.721687809702013e-05 1.704447275594517e-05 1.68821737562589e-05 1.673377151054056e-05 1.660290024727348e-05 1.649299824732246e-05 1.640729819234714e-05 1.634887278847503e-05 1.632090645261996e-05 1.633747130067808e-05 1.314791410564257e-05 1.28834526814283e-05 1.275911495843083e-05 1.262929492021144e-05 1.249478666083185e-05 1.235776733866421e-05 1.222041858790729e-05 1.208490542891959e-05 1.195329854521632e-05 1.182751033926486e-05 1.17092565291129e-05 1.160004025239732e-05 1.150115320247449e-05 1.141368849516404e-05 1.133856075813882e-05 1.127652985230752e-05 1.122822550730151e-05 1.119417091204565e-05 1.117480392388211e-05 1.117049504958513e-05 1.118156172540046e-05 1.120827870164372e-05 1.125088454053444e-05 1.130958438141221e-05 1.138454922976772e-05 1.147591209716519e-05 1.15837613671291e-05 1.17081317943331e-05 1.184899356619244e-05 1.200623987111137e-05 1.217967342893298e-05 1.236899244840159e-05 1.257377648465378e-05 1.279347267714619e-05 1.302738285456728e-05 1.327465199714316e-05 1.353425854680976e-05 1.380500705006106e-05 1.408552360468335e-05 1.437425455893668e-05 1.466946887688523e-05 1.496926541511992e-05 1.527158287195372e-05 1.557421422589269e-05 1.587482737391012e-05 1.617098965025666e-05 1.646019685506392e-05 1.67399065131947e-05 1.700757493484682e-05 1.726069749843353e-05 1.749685142717115e-05 1.771374019156603e-05 1.790923854773412e-05 1.808143712329846e-05 1.82286853952271e-05 1.834963187331029e-05 1.844326031365654e-05 1.850892084151036e-05 1.854635496261158e-05 1.85557135855412e-05 1.85375673596917e-05 1.849290884764045e-05 1.842314628724384e-05 1.833008894597446e-05 1.82159243146397e-05 1.808318761581379e-05 1.793472430109202e-05 1.777364637049731e-05 1.760328346265341e-05 1.742712974112027e-05 1.724878766110758e-05 1.70719097829732e-05 1.690013997036089e-05 1.673705566125753e-05 1.658611353945117e-05 1.645060200188597e-05 1.633360549730611e-05 1.623798889272815e-05 1.616641646176092e-05 1.612124837930346e-05 1.608721041795342e-05 1.343193498476247e-05 1.30874479066561e-05 1.293528687151132e-05 1.278415813654265e-05 1.263375661793771e-05 1.248550101058393e-05 1.234080041699797e-05 1.220108560496281e-05 1.206775148506783e-05 1.194210224444813e-05 1.182531621666817e-05 1.17184293918963e-05 1.162233339530175e-05 1.153778363319814e-05 1.146541384915443e-05 1.140575403335192e-05 1.135924932477797e-05 1.132627817011143e-05 1.13071685291121e-05 1.130221134025963e-05 1.131167079068112e-05 1.133579118477546e-05 1.137480039133388e-05 1.142890998339455e-05 1.149831228073924e-05 1.158317457195899e-05 1.168363083953037e-05 1.179977134378336e-05 1.193163044495981e-05 1.207917306047646e-05 1.224228016966416e-05 1.242073379236948e-05 1.261420188174007e-05 1.282222358537788e-05 1.304419534223227e-05 1.327935829390992e-05 1.352678749675547e-05 1.378538342295858e-05 1.405386623261838e-05 1.433077328264399e-05 1.461446030856416e-05 1.490310735543494e-05 1.519472786860767e-05 1.548718232852648e-05 1.577819782760215e-05 1.606539191372083e-05 1.634630111173768e-05 1.661841387940078e-05 1.687920758198814e-05 1.712618890874803e-05 1.735693699433423e-05 1.756914835749048e-05 1.776068263489336e-05 1.792960797799255e-05 1.807424490229674e-05 1.819320733845846e-05 1.828543963806715e-05 1.835024833786654e-05 1.838732758557784e-05 1.83967772775241e-05 1.837911314896133e-05 1.833526828580178e-05 1.826658578204915e-05 1.817480253931704e-05 1.806202448033488e-05 1.793069371385109e-05 1.778354843105231e-05 1.762357652312465e-05 1.745396407978411e-05 1.727804005980851e-05 1.709921852529314e-05 1.692093991847176e-05 1.67466129558174e-05 1.657955883812736e-05 1.642295963111096e-05 1.627981285207015e-05 1.615289469605735e-05 1.60447371136195e-05 1.595763794440246e-05 1.589323951812213e-05 1.580547081793844e-05 1.371494782212976e-05 1.329144087040935e-05 1.311103108278795e-05 1.293756056338268e-05 1.276981706611415e-05 1.260860269836934e-05 1.24546666278365e-05 1.230879494774345e-05 1.217177635304173e-05 1.204435872186422e-05 1.192721972499278e-05 1.182095231216669e-05 1.172606206106223e-05 1.164297295814025e-05 1.157203851683109e-05 1.151355566723652e-05 1.146777940669265e-05 1.143493671405306e-05 1.141523867308341e-05 1.140889011344036e-05 1.141609636456757e-05 1.143706693759049e-05 1.147201611422758e-05 1.152116054122426e-05 1.158471401419364e-05 1.16628796949173e-05 1.175584004847296e-05 1.186374481694308e-05 1.198669736954417e-05 1.212473978829117e-05 1.227783706624139e-05 1.244586081349639e-05 1.262857288517565e-05 1.282560936543384e-05 1.303646536146957e-05 1.326048107993287e-05 1.349682967319423e-05 1.374450735218204e-05 1.400232626322298e-05 1.42689106164199e-05 1.454269652881881e-05 1.482193642164238e-05 1.510470726545488e-05 1.538892343509608e-05 1.567235517211478e-05 1.595265184346848e-05 1.622737008516431e-05 1.649400663861608e-05 1.675003547738121e-05 1.699294864885618e-05 1.72203000836033e-05 1.742975146099811e-05 1.76191190720203e-05 1.778642049660355e-05 1.792991982217208e-05 1.804817007925313e-05 1.814005156558547e-05 1.82048047763726e-05 1.824205675746874e-05 1.825183984990521e-05 1.823460199497723e-05 1.819120801286637e-05 1.812293154544791e-05 1.803143765405298e-05 1.791875637228235e-05 1.77872478183267e-05 1.763955975661224e-05 1.747857875227447e-05 1.73073762737596e-05 1.712915126183069e-05 1.694717079362348e-05 1.676471052554116e-05 1.658499659222042e-05 1.641115055146881e-05 1.624613875857549e-05 1.609272721945725e-05 1.595344302447214e-05 1.583054821521731e-05 1.572605761377023e-05 1.564103662864304e-05 1.549805232343161e-05 1.399011459439448e-05 1.348921626704752e-05 1.328057434064502e-05 1.308424774161685e-05 1.289825615595392e-05 1.272289490864022e-05 1.255834491253707e-05 1.240482300378453e-05 1.226257239922126e-05 1.213183222831791e-05 1.201281548147162e-05 1.190569816629948e-05 1.181061773605017e-05 1.172767814550458e-05 1.165695903985686e-05 1.159852696255703e-05 1.1552446903478e-05 1.151879292778607e-05 1.149765699575782e-05 1.148915539208362e-05 1.149343242927394e-05 1.15106612793505e-05 1.154104192965809e-05 1.158479636170935e-05 1.164216112538512e-05 1.171337753246199e-05 1.179867973002385e-05 1.189828094130828e-05 1.201235818325601e-05 1.214103578972218e-05 1.228436808923629e-05 1.244232160771989e-05 1.261475719019179e-05 1.280141246091654e-05 1.300188506766012e-05 1.321561718102247e-05 1.344188174198348e-05 1.367977096714641e-05 1.392818762873336e-05 1.418583962223498e-05 1.445123831666963e-05 1.472270122893465e-05 1.499835939739526e-05 1.52761694539083e-05 1.555393090012595e-05 1.582930881496811e-05 1.609986169512264e-05 1.636307429480018e-05 1.661639507812778e-05 1.685727771139492e-05 1.708322583748299e-05 1.729184019660262e-05 1.748086699470632e-05 1.764824628269458e-05 1.779215900477479e-05 1.791107131143043e-05 1.800377471859905e-05 1.806942073526369e-05 1.810754867986512e-05 1.811810556212192e-05 1.810145711833069e-05 1.805838934912921e-05 1.799010021006505e-05 1.789818143531497e-05 1.77845908194956e-05 1.765161562611366e-05 1.750182811759199e-05 1.733803449497443e-05 1.71632187802573e-05 1.698048335681652e-05 1.67929879899486e-05 1.660388916458607e-05 1.641628147911993e-05 1.623314259004063e-05 1.605728277444498e-05 1.589129963360857e-05 1.57375387580136e-05 1.55980689066402e-05 1.547471888099581e-05 1.536811546282595e-05 1.516938071367237e-05 1.425149892597587e-05 1.367520129995236e-05 1.343864077539879e-05 1.321931882033164e-05 1.301458533517186e-05 1.282430975267344e-05 1.264817620402941e-05 1.248589346623755e-05 1.233721048064114e-05 1.220189951185715e-05 1.207974231975394e-05 1.197052400097182e-05 1.187403357253205e-05 1.179006937739114e-05 1.171844736970185e-05 1.165901058463889e-05 1.161163842640322e-05 1.157625474306404e-05 1.155283396180441e-05 1.154140481681989e-05 1.154205141055058e-05 1.15549115099773e-05 1.158017209974967e-05 1.161806230062771e-05 1.166884382284041e-05 1.173279916659808e-05 1.181021781227646e-05 1.190138066581748e-05 1.200654304469206e-05 1.21259165093749e-05 1.225964986675231e-05 1.240780969638644e-05 1.257036077838844e-05 1.274714683231286e-05 1.293787200871183e-05 1.314208360686759e-05 1.335915652125681e-05 1.358827994255524e-05 1.382844685326936e-05 1.407844685937819e-05 1.433686288884632e-05 1.460207195091861e-05 1.487225155724687e-05 1.514539097806753e-05 1.541930724662e-05 1.569166728301347e-05 1.596001544886143e-05 1.622180645162862e-05 1.647444323189177e-05 1.671531926692483e-05 1.694186452534876e-05 1.715159411406778e-05 1.73421584796758e-05 1.751139387176139e-05 1.765737165495115e-05 1.77784449795058e-05 1.787329129511226e-05 1.794094922575662e-05 1.798084841941552e-05 1.799283114609052e-05 1.797716463945676e-05 1.79345434556035e-05 1.786608144799159e-05 1.777329331847244e-05 1.765806608479276e-05 1.752262118797543e-05 1.736946832936537e-05 1.720135245724323e-05 1.702119559681185e-05 1.68320354150395e-05 1.663696251265615e-05 1.643905841677185e-05 1.624133608196535e-05 1.604668436351807e-05 1.585781738898254e-05 1.567722919227083e-05 1.550715479848127e-05 1.534954995926147e-05 1.520615338976435e-05 1.507727621183697e-05 1.482274126710296e-05 1.449384628779913e-05 1.384434381376696e-05 1.358037792931321e-05 1.333819192765497e-05 1.311453396832163e-05 1.290890477516223e-05 1.272054541646544e-05 1.254870470225847e-05 1.239267918891493e-05 1.225181001792244e-05 1.212547765801617e-05 1.201310094277504e-05 1.191414041095877e-05 1.182810470243867e-05 1.175455858250609e-05 1.169313129191648e-05 1.164352415064256e-05 1.160551660094274e-05 1.157897012025636e-05 1.156382964714968e-05 1.156012233691944e-05 1.156795359779188e-05 1.158750045827851e-05 1.161900238737086e-05 1.166274973855757e-05 1.171907002251221e-05 1.17883122373814e-05 1.187082950465616e-05 1.196696027641818e-05 1.207700839913779e-05 1.220122234204342e-05 1.233977392535858e-05 1.249273691551789e-05 1.266006589012701e-05 1.284157581344711e-05 1.303692280142317e-05 1.324558659100981e-05 1.346685525859951e-05 1.369981275332805e-05 1.394332981763959e-05 1.419605886564891e-05 1.445643263296141e-05 1.472266949157013e-05 1.499278382402988e-05 1.526460066303126e-05 1.553577712365603e-05 1.580382962872571e-05 1.606616687512668e-05 1.632012819993492e-05 1.656302679211268e-05 1.679219698238814e-05 1.700504463405747e-05 1.719909946064863e-05 1.737206792323416e-05 1.752188522151874e-05 1.764676479919062e-05 1.774524374495214e-05 1.781622249398292e-05 1.785899732579063e-05 1.787328431588144e-05 1.785923362929075e-05 1.781743333869088e-05 1.774890229944541e-05 1.765507200556471e-05 1.753775776742758e-05 1.739911997474104e-05 1.724161661458544e-05 1.706794858105112e-05 1.688099961553684e-05 1.668377293037856e-05 1.647932666778761e-05 1.627071030497013e-05 1.606090390772149e-05 1.585276173512063e-05 1.564896112133094e-05 1.545195707569021e-05 1.526394448325656e-05 1.508684406880193e-05 1.492239274466926e-05 1.477069033910053e-05 1.446045572013331e-05 1.471241192339303e-05 1.399201078568728e-05 1.370128921105356e-05 1.343656690042452e-05 1.319403661766854e-05 1.297286924169057e-05 1.277190188897801e-05 1.258996017376346e-05 1.242592169922951e-05 1.227872624054679e-05 1.214737903856367e-05 1.203095519139279e-05 1.192860601307577e-05 1.183956674083004e-05 1.176316464946237e-05 1.169882664270441e-05 1.164608552954591e-05 1.160458437778767e-05 1.157407852472376e-05 1.155443499369518e-05 1.154562920524412e-05 1.154773898056527e-05 1.156093591529137e-05 1.158547425812457e-05 1.162167746708732e-05 1.166992264189449e-05 1.173062304932155e-05 1.180420897388674e-05 1.189110714222556e-05 1.199171898884092e-05 1.210639805516932e-05 1.223542684391776e-05 1.237899348633137e-05 1.253716862056255e-05 1.270988292297033e-05 1.289690577864707e-05 1.30978256198261e-05 1.331203249768028e-05 1.353870348080781e-05 1.377679148570724e-05 1.402501815260068e-05 1.4281870192351e-05 1.454560334848225e-05 1.481425178631433e-05 1.508564127663032e-05 1.535740974222922e-05 1.56270340460919e-05 1.589186295035574e-05 1.614915593793155e-05 1.639612736385446e-05 1.662999517520665e-05 1.684803321120202e-05 1.704762587886937e-05 1.722632380604869e-05 1.738189891399377e-05 1.751239723852694e-05 1.761618777235308e-05 1.769200561114441e-05 1.773898776925323e-05 1.775670019111744e-05 1.774515472145057e-05 1.770481510665772e-05 1.763659147249385e-05 1.754182314502498e-05 1.742225013538652e-05 1.727997407172855e-05 1.711740980911103e-05 1.693722935277147e-05 1.674230006367832e-05 1.653561934873955e-05 1.632024814294706e-05 1.609924543973178e-05 1.587560589436851e-05 1.565220209963791e-05 1.543173255456863e-05 1.521667597364267e-05 1.500925464178268e-05 1.481142698076599e-05 1.462500658711514e-05 1.44499683137459e-05 1.408404342176238e-05 1.490283375770813e-05 1.411390789212774e-05 1.379717676032051e-05 1.351039054963135e-05 1.324921789098062e-05 1.301252510582567e-05 1.27987730256471e-05 1.260639154990727e-05 1.24338654966596e-05 1.227975760091542e-05 1.214272012293348e-05 1.202150452324275e-05 1.191497087102263e-05 1.182209695909801e-05 1.174198664757396e-05 1.167387686386905e-05 1.161714273721563e-05 1.157130045860285e-05 1.153600758883082e-05 1.15110606630832e-05 1.149639004768818e-05 1.149205208902726e-05 1.149821865635435e-05 1.151516422288944e-05 1.15432506575447e-05 1.158290991795565e-05 1.163462484879533e-05 1.169890830171909e-05 1.177628080801696e-05 1.186724705457068e-05 1.197227143956264e-05 1.209175301721477e-05 1.222600018042491e-05 1.237520547548482e-05 1.253942099229199e-05 1.271853482412444e-05 1.291224914005037e-05 1.312006045684514e-05 1.334124273217919e-05 1.357483391860664e-05 1.38196266367798e-05 1.407416203278017e-05 1.43367320259804e-05 1.460538756923354e-05 1.487795029843122e-05 1.515203190199151e-05 1.542506029507753e-05 1.56943124312675e-05 1.595695348527983e-05 1.621008190713786e-05 1.645077960430631e-05 1.667616626273067e-05 1.68834565804924e-05 1.707001897103494e-05 1.723343410956066e-05 1.737155155936091e-05 1.748254263702043e-05 1.756494766765884e-05 1.761771585224426e-05 1.764023612381386e-05 1.7632357609291e-05 1.759439863477817e-05 1.752714360577988e-05 1.743182754539714e-05 1.731010856357946e-05 1.716402903478522e-05 1.699596675180552e-05 1.680857776922343e-05 1.660473301870134e-05 1.638745103761484e-05 1.615982927149145e-05 1.592497636143658e-05 1.568594758869116e-05 1.544568521482712e-05 1.520696489237315e-05 1.497234906286814e-05 1.474415090720472e-05 1.452443298141595e-05 1.431515436505881e-05 1.411623527902184e-05 1.369436650295413e-05 1.506104318665179e-05 1.420601824619332e-05 1.386409570617521e-05 1.355582707106568e-05 1.327637795256862e-05 1.302432567561355e-05 1.279777384108114e-05 1.259477681506355e-05 1.241344684728617e-05 1.225198929453312e-05 1.210872219704304e-05 1.198209103300449e-05 1.187068106326708e-05 1.177322780230443e-05 1.168862558456845e-05 1.161593400251559e-05 1.155438195817382e-05 1.150336911302071e-05 1.14624645968403e-05 1.143140291870305e-05 1.141007709758579e-05 1.139852908977734e-05 1.139693763371508e-05 1.140560366205736e-05 1.142493344907766e-05 1.145541967298211e-05 1.149762058159529e-05 1.15521374597055e-05 1.161959061021559e-05 1.170059408132718e-05 1.179572939966286e-05 1.190551860500479e-05 1.203039692585e-05 1.217068548509868e-05 1.232656447998042e-05 1.249804733719493e-05 1.268495640001703e-05 1.288690075512613e-05 1.310325684937359e-05 1.333315257094173e-05 1.357545549938515e-05 1.382876410159236e-05 1.409140776683179e-05 1.436145374887727e-05 1.463671722818543e-05 1.491477910410878e-05 1.519301130457402e-05 1.546860923489481e-05 1.573863115095082e-05 1.600004400565853e-05 1.624977505781625e-05 1.648476826755821e-05 1.670204424257845e-05 1.689876225674975e-05 1.707228265180274e-05 1.722022776789856e-05 1.734053944446376e-05 1.743153110152119e-05 1.749193246455263e-05 1.752092513985496e-05 1.751816748512113e-05 1.748380754898457e-05 1.741848326497335e-05 1.73233095649315e-05 1.719985260358457e-05 1.705009183303074e-05 1.687637120237581e-05 1.668134124901647e-05 1.646789425808884e-05 1.623909495949281e-05 1.599810937428135e-05 1.574813438571029e-05 1.549233037566672e-05 1.523375883680167e-05 1.497532632805353e-05 1.471973599368539e-05 1.446945107997789e-05 1.422669853649655e-05 1.399364318005355e-05 1.377020745304604e-05 1.32917562362465e-05 1.518320397601631e-05 1.426455725952747e-05 1.389831923095383e-05 1.356923457914494e-05 1.32719804491361e-05 1.300485399410831e-05 1.276561440275086e-05 1.25519551839704e-05 1.236163156582231e-05 1.219250736744961e-05 1.204258215909699e-05 1.19100108258371e-05 1.179311865345593e-05 1.169041301380364e-05 1.160059205458778e-05 1.152255051285121e-05 1.145538265487227e-05 1.139838231879219e-05 1.135104005600458e-05 1.131303740577786e-05 1.128423837829873e-05 1.126467825574362e-05 1.125454984592904e-05 1.125418733883729e-05 1.126404792512624e-05 1.128469134083556e-05 1.131675750732927e-05 1.136094244328166e-05 1.141797263888258e-05 1.148857810339007e-05 1.157346432686909e-05 1.167328343579268e-05 1.178860486967924e-05 1.191988596086648e-05 1.206744285988316e-05 1.223142231204265e-05 1.241177485362041e-05 1.260823005457811e-05 1.282027448542394e-05 1.304713311769131e-05 1.328775490799819e-05 1.354080118612455e-05 1.38046428188883e-05 1.407736559503981e-05 1.435677868365413e-05 1.464043032874273e-05 1.492563196470944e-05 1.520949000513548e-05 1.54889451525543e-05 1.576081884552244e-05 1.602186618318855e-05 1.626883438271807e-05 1.64985255402136e-05 1.670786219450033e-05 1.689395395043636e-05 1.70541632203406e-05 1.718616800485077e-05 1.728801957320441e-05 1.735819293054176e-05 1.739562808586137e-05 1.739976036349386e-05 1.737053833233678e-05 1.730842835290419e-05 1.721440524759715e-05 1.708992916248476e-05 1.693690928062734e-05 1.675765563334623e-05 1.655482079864613e-05 1.633133373512587e-05 1.609032833564399e-05 1.58350694615848e-05 1.556887920630285e-05 1.529506591727909e-05 1.501685808821779e-05 1.473734471446235e-05 1.445942366314476e-05 1.418576337954848e-05 1.391881001497022e-05 1.366098737082828e-05 1.341226587856586e-05 1.287612209112334e-05 1.526567137379788e-05 1.428594064694669e-05 1.389631322801706e-05 1.354714782488653e-05 1.323264369604874e-05 1.295082218153781e-05 1.269910656007484e-05 1.247484019063576e-05 1.22754333221282e-05 1.20984210851233e-05 1.194149785448552e-05 1.180254132949856e-05 1.167963012784221e-05 1.157105649664109e-05 1.147533497397357e-05 1.139120746031298e-05 1.131764496296871e-05 1.125384618126856e-05 1.119923306317589e-05 1.115344345736178e-05 1.111632099068544e-05 1.108790230930118e-05 1.106840182734742e-05 1.105819412915433e-05 1.105779417016777e-05 1.106783542057946e-05 1.108904609668693e-05 1.112222363095138e-05 1.116820754485597e-05 1.122785091067963e-05 1.130199062017377e-05 1.139141672008093e-05 1.149684112590792e-05 1.161886608507927e-05 1.175795282653404e-05 1.191439090336676e-05 1.208826880504878e-05 1.227944648240778e-05 1.248753048808161e-05 1.271185247646143e-05 1.295145185610313e-05 1.320506126105356e-05 1.347110000622597e-05 1.374767761977464e-05 1.403260072777e-05 1.432338600142358e-05 1.461728266450874e-05 1.491130323631043e-05 1.52022624323202e-05 1.548682392919718e-05 1.57615544079124e-05 1.60229839836706e-05 1.626767182019232e-05 1.649227542286453e-05 1.669362182627766e-05 1.686877865439823e-05 1.701512285431114e-05 1.713040480477438e-05 1.721280549448586e-05 1.726098456429669e-05 1.727411722001361e-05 1.725191834899892e-05 1.719465260818464e-05 1.71031297788724e-05 1.69786852820415e-05 1.682314638622303e-05 1.663878528106382e-05 1.642826079144026e-05 1.619455102499413e-05 1.594087963655438e-05 1.56706386164874e-05 1.538731053503189e-05 1.509439298324619e-05 1.479532755448161e-05 1.449343522233203e-05 1.419186003485553e-05 1.389352737559216e-05 1.360115298736031e-05 1.33174675188997e-05 1.304252622436919e-05 1.244704664908797e-05 1.530496611864062e-05 1.426676306452782e-05 1.385471920633001e-05 1.348626670120405e-05 1.315513540430257e-05 1.285907243958289e-05 1.259517087811677e-05 1.236043193940217e-05 1.215193044540787e-05 1.196688346010358e-05 1.180269149752478e-05 1.165696682883034e-05 1.152755334205153e-05 1.141254007277986e-05 1.131026966274558e-05 1.12193425450031e-05 1.11386173800789e-05 1.106720810363946e-05 1.100447785182014e-05 1.095002997745829e-05 1.090369634035136e-05 1.086552303560954e-05 1.083575370976993e-05 1.081481060190964e-05 1.080327343631369e-05 1.08018562855595e-05 1.081138252007971e-05 1.083275796442814e-05 1.086694239342808e-05 1.091491952449215e-05 1.097766569642577e-05 1.105611747003411e-05 1.115113844121057e-05 1.126348562158991e-05 1.13937758133125e-05 1.154245248040992e-05 1.170975369667161e-05 1.189568182500311e-05 1.209997565249854e-05 1.232208575853208e-05 1.256115394723137e-05 1.281599574441065e-05 1.30850891183897e-05 1.33665757979268e-05 1.365826666224115e-05 1.395765115899619e-05 1.426191770130677e-05 1.456798288225041e-05 1.487252951878457e-05 1.517205334887675e-05 1.546291789634021e-05 1.57414166920653e-05 1.600384170170866e-05 1.624655647204146e-05 1.646607218808447e-05 1.665912455009018e-05 1.682274915381429e-05 1.695435290980966e-05 1.70517789866339e-05 1.711336282462348e-05 1.713797695198615e-05 1.712506264739151e-05 1.707464692883508e-05 1.698734389391245e-05 1.686434006882065e-05 1.670736411020784e-05 1.651864190524856e-05 1.630083878493803e-05 1.605699115446242e-05 1.579043030403341e-05 1.550470144979842e-05 1.520348113258226e-05 1.489049595309908e-05 1.456944525925112e-05 1.42439299514292e-05 1.391738974720393e-05 1.359305615533775e-05 1.327396164483325e-05 1.296318776213989e-05 1.266090436267697e-05 1.200386927945669e-05 1.529775977641674e-05 1.420378534843477e-05 1.377034416031945e-05 1.338344993881817e-05 1.30363708938462e-05 1.272658004442478e-05 1.245084433800715e-05 1.220582919833724e-05 1.198828193624902e-05 1.179511061725525e-05 1.162343178877624e-05 1.147060274171197e-05 1.13342434019293e-05 1.121225047685488e-05 1.110280553424456e-05 1.100437815089153e-05 1.091572491854845e-05 1.083588486261889e-05 1.076417167698589e-05 1.070016307823578e-05 1.064368751513108e-05 1.059480842158356e-05 1.055380616575935e-05 1.052115782024558e-05 1.049751485695541e-05 1.048367885583697e-05 1.048057530953232e-05 1.048922560832386e-05 1.051071730232381e-05 1.054617276192215e-05 1.059671639350236e-05 1.066344061529975e-05 1.074737085730018e-05 1.084942991796862e-05 1.097040208744207e-05 1.111089752917548e-05 1.12713174969428e-05 1.145182104815209e-05 1.165229399398031e-05 1.187232089441008e-05 1.21111609601446e-05 1.236772757819748e-05 1.264057110341267e-05 1.292787750662801e-05 1.322747238076116e-05 1.353682593628312e-05 1.385307069045019e-05 1.417302856414591e-05 1.449324750774714e-05 1.481004762772883e-05 1.511957646025766e-05 1.541787269257211e-05 1.570093726600216e-05 1.596481041916934e-05 1.620565286392679e-05 1.641982895064465e-05 1.660398939626869e-05 1.675515094171724e-05 1.687077019730429e-05 1.694880894582828e-05 1.698778831766573e-05 1.698682953852286e-05 1.694567937741572e-05 1.686471897860537e-05 1.67449554242502e-05 1.658799611122455e-05 1.639600679301352e-05 1.617165488557629e-05 1.591804031020329e-05 1.563861669233004e-05 1.533710610344828e-05 1.50174106842403e-05 1.46835243988191e-05 1.433944785654234e-05 1.398910873882354e-05 1.363629066642574e-05 1.328457885622173e-05 1.293736758517041e-05 1.259813101120951e-05 1.226717795261906e-05 1.154576087844041e-05 1.52408688556533e-05 1.409392870756593e-05 1.364015625288591e-05 1.323571332901095e-05 1.287341454843483e-05 1.255045840581963e-05 1.226328910437697e-05 1.20082417701908e-05 1.178174318487844e-05 1.158040050359043e-05 1.140105520579474e-05 1.124081906192267e-05 1.109709784067421e-05 1.09676058824326e-05 1.085037363296372e-05 1.074374961402098e-05 1.064639788268262e-05 1.055729173237001e-05 1.047570417841731e-05 1.040119562301155e-05 1.033359898856762e-05 1.027300253128116e-05 1.021973048864667e-05 1.017432167077734e-05 1.013750607274152e-05 1.011017956296144e-05 1.009337669118624e-05 1.008824165935584e-05 1.009599751059683e-05 1.011791361624881e-05 1.015527157843771e-05 1.020932971606089e-05 1.028128636437353e-05 1.037224229139348e-05 1.04831626162845e-05 1.06148387034586e-05 1.076785059861486e-05 1.094253066614732e-05 1.113892917764694e-05 1.135678268574621e-05 1.159548606316567e-05 1.185406910151603e-05 1.213117212440302e-05 1.242504133538049e-05 1.27335315091512e-05 1.3054105657904e-05 1.338384929569429e-05 1.371949470970857e-05 1.405745548098239e-05 1.439387140535324e-05 1.47246636281423e-05 1.504559944292711e-05 1.535236580978799e-05 1.564065023369322e-05 1.590622722726354e-05 1.614504818599822e-05 1.635333215321737e-05 1.652765467334068e-05 1.666503175256197e-05 1.676299589021931e-05 1.681966123230243e-05 1.683377514351425e-05 1.68047538995272e-05 1.673270075846778e-05 1.66184053595577e-05 1.646332418378422e-05 1.626954265130363e-05 1.60397202685288e-05 1.577702101430745e-05 1.548503180809375e-05 1.516767237689756e-05 1.482910008620052e-05 1.447361329614617e-05 1.410555656113528e-05 1.372923065935941e-05 1.334881087496251e-05 1.296828310928944e-05 1.259144767390371e-05 1.222221208960458e-05 1.18610445268758e-05 1.107179155037363e-05 1.513125578591946e-05 1.393427452323637e-05 1.346128529698546e-05 1.304023180618817e-05 1.266348416258534e-05 1.232796610460375e-05 1.20298024691235e-05 1.176500338386267e-05 1.152968171649799e-05 1.132015129613263e-05 1.113298681907595e-05 1.096506329559548e-05 1.081358138013216e-05 1.06760822043205e-05 1.055045422077522e-05 1.043493387237621e-05 1.03281014045588e-05 1.02288727730988e-05 1.013648833212622e-05 1.005049879069363e-05 9.9707487813045e-06 9.897358275745806e-06 9.83070200221339e-06 9.771386956512438e-06 9.720228055220084e-06 9.678221948194294e-06 9.646518990983865e-06 9.626393374517524e-06 9.61921142012648e-06 9.62639807267794e-06 9.649401663301539e-06 9.689657065487861e-06 9.748547433424144e-06 9.8273647880917e-06 9.92726980324156e-06 1.004925123781747e-05 1.019408556123029e-05 1.036229742019041e-05 1.055412169694196e-05 1.076946801177464e-05 1.100788855360766e-05 1.126855170906523e-05 1.15502095855155e-05 1.185118900413199e-05 1.216939268150471e-05 1.250229297696173e-05 1.284694179358107e-05 1.319999118449339e-05 1.355772494388849e-05 1.391610153874205e-05 1.427080840195465e-05 1.461732722971331e-05 1.495100950471643e-05 1.526716101209137e-05 1.556113364416386e-05 1.58284223266797e-05 1.606476446993535e-05 1.626623898388052e-05 1.642936162819804e-05 1.65511733270524e-05 1.662931809007303e-05 1.666210736561354e-05 1.66485680188447e-05 1.658847167264113e-05 1.648234385602464e-05 1.633145224064743e-05 1.613777416370859e-05 1.590394457719856e-05 1.563318646188598e-05 1.532922653075153e-05 1.499619965511328e-05 1.463854582293362e-05 1.426090354875631e-05 1.386800350804157e-05 1.346456592617521e-05 1.3055205846542e-05 1.264435723868246e-05 1.223627099675106e-05 1.183532907962172e-05 1.14421767251245e-05 1.058099284503655e-05 1.496603527797526e-05 1.372206864027526e-05 1.323102714522963e-05 1.279434474710694e-05 1.240395777574572e-05 1.205651571157137e-05 1.17478279410762e-05 1.147358519851066e-05 1.122959313670691e-05 1.101187972547037e-05 1.081676086628995e-05 1.064088311804174e-05 1.048125048222148e-05 1.03352393541058e-05 1.020060455745673e-05 1.007547861391974e-05 9.958365830592502e-06 9.848132359371033e-06 9.743993056801516e-06 9.645495728331137e-06 9.55250315623829e-06 9.465173170910708e-06 9.383936919438876e-06 9.309475406057283e-06 9.242694320861497e-06 9.184697133517904e-06 9.136756405760107e-06 9.100283269553844e-06 9.076795026531163e-06 9.067880848378537e-06 9.075165596953776e-06 9.100271836445558e-06 9.144780177031895e-06 9.210188169112724e-06 9.297868057821324e-06 9.409023807339969e-06 9.544647911315037e-06 9.705478616628908e-06 9.891958299216782e-06 1.010419385085164e-05 1.03419199710009e-05 1.06044692608287e-05 1.089073222049881e-05 1.11991416690884e-05 1.152767138807459e-05 1.18738246288976e-05 1.22346381526151e-05 1.260669818668353e-05 1.29861681173042e-05 1.336882848656544e-05 1.375012956655426e-05 1.412525639408856e-05 1.448920570658087e-05 1.483687372566331e-05 1.516315320761339e-05 1.546303764202967e-05 1.573172996187605e-05 1.596475266278754e-05 1.615805585403973e-05 1.630811951474851e-05 1.641204614073471e-05 1.646764006760734e-05 1.647347006143149e-05 1.642891228369216e-05 1.63341714498702e-05 1.619027888096879e-05 1.599906714763094e-05 1.576312206475557e-05 1.548571383733362e-05 1.517071010694051e-05 1.482247442637408e-05 1.444575423133058e-05 1.404556263848781e-05 1.362705838220235e-05 1.319542807604552e-05 1.275577576209202e-05 1.231303228022311e-05 1.187194512850466e-05 1.143741332158191e-05 1.101027539908272e-05 1.007241598127319e-05 1.474248489175912e-05 1.345472920871936e-05 1.294685119987406e-05 1.249556387550437e-05 1.209238256004565e-05 1.173368411646457e-05 1.141496734735077e-05 1.113160989321921e-05 1.087911732667276e-05 1.065323941333725e-05 1.045004120777625e-05 1.026594887942559e-05 1.009777781048778e-05 9.942747551399395e-06 9.798486955855847e-06 9.663031980100583e-06 9.534817995182225e-06 9.412667967709682e-06 9.295777483519548e-06 9.183697295679434e-06 9.076313853718956e-06 8.973828099245948e-06 8.87673268227611e-06 8.785787654049693e-06 8.701994619875032e-06 8.6265692857122e-06 8.560912302308001e-06 8.50657829919594e-06 8.465243006788484e-06 8.438668387400048e-06 8.428665734660754e-06 8.437056754696516e-06 8.465632710779871e-06 8.51611179488451e-06 8.590094983477883e-06 8.689020739533877e-06 8.814119036459484e-06 8.966365300407792e-06 9.14643499258761e-06 9.354659687504658e-06 9.590985575138552e-06 9.854937084889261e-06 1.0145576017203e-05 1.046147283935809e-05 1.080069885694331e-05 1.116081543541103e-05 1.153886841818552e-05 1.193139833717717e-05 1.233446313272059e-05 1.274367411215853e-05 1.315424573602611e-05 1.356105941885276e-05 1.395874106780702e-05 1.434175155052233e-05 1.470448869743923e-05 1.504139882683231e-05 1.534709516274779e-05 1.56164799343143e-05 1.584486644118228e-05 1.602809698833718e-05 1.616265237720753e-05 1.624574862642776e-05 1.627541681260186e-05 1.625056238241783e-05 1.61710009880506e-05 1.603746881313105e-05 1.585160644084478e-05 1.561591650379321e-05 1.53336965666266e-05 1.500894983769699e-05 1.464627729497124e-05 1.42507555633633e-05 1.382780533695966e-05 1.338305529331732e-05 1.292220647208142e-05 1.245090307990407e-05 1.197462404358674e-05 1.149866209011629e-05 1.102847862244389e-05 1.056512136082206e-05 9.545187351154407e-06 1.445805885184575e-05 1.312985726413057e-05 1.260641033616792e-05 1.2141583191174e-05 1.172648531263095e-05 1.135722404351147e-05 1.102899373322689e-05 1.073686621956697e-05 1.047605483415836e-05 1.024203921780265e-05 1.003064168508469e-05 9.83807599298906e-06 9.66097663460112e-06 9.496413713486121e-06 9.341897118461244e-06 9.195372812880677e-06 9.0552133505005e-06 8.920204175319583e-06 8.789526826631846e-06 8.662739829969497e-06 8.53975779023534e-06 8.420828999140458e-06 8.306511712501717e-06 8.197649134508515e-06 8.095343058842704e-06 8.000926055688001e-06 7.915932055870953e-06 7.842065166368023e-06 7.781166553600808e-06 7.735179251128988e-06 7.706110785537792e-06 7.695993567604521e-06 7.70684306431141e-06 7.740613850056757e-06 7.799153731543752e-06 7.884156249276153e-06 7.99711197823618e-06 8.139259179850529e-06 8.311534495094848e-06 8.51452451498564e-06 8.748419194479252e-06 9.012968523918835e-06 9.307441320106575e-06 9.630581063949787e-06 9.980590533681882e-06 1.035512216059925e-05 1.075126119933462e-05 1.116552896775973e-05 1.159389931764173e-05 1.203182924338557e-05 1.247430458801948e-05 1.291590139671126e-05 1.335086299257579e-05 1.377319228566133e-05 1.417675818347949e-05 1.455541427157298e-05 1.490312720601092e-05 1.521411154585755e-05 1.548296709959321e-05 1.570481431711239e-05 1.587542288151017e-05 1.59913284920765e-05 1.604993292261733e-05 1.60495828137336e-05 1.59896233208395e-05 1.587042367486063e-05 1.569337287784103e-05 1.546084508465463e-05 1.517613562734468e-05 1.48433700187528e-05 1.446738952059028e-05 1.405361787816953e-05 1.360791453191203e-05 1.313641999202642e-05 1.264539928261325e-05 1.214109060236905e-05 1.162957556695357e-05 1.111674447386067e-05 1.060867030712534e-05 1.010662657760361e-05 8.998562502270812e-06 1.411040429466623e-05 1.274524932701194e-05 1.220755259222253e-05 1.173029036715959e-05 1.130418409406011e-05 1.092507639101319e-05 1.058786478549395e-05 1.028732381645892e-05 1.001838331884248e-05 9.776261487642204e-06 9.556546312046624e-06 9.355247149644528e-06 9.16882512455701e-06 8.994207864163169e-06 8.828792683748708e-06 8.670441357140403e-06 8.5174688457682e-06 8.368627744476409e-06 8.223089712678164e-06 8.080424772205036e-06 7.94057904931973e-06 7.803851301639543e-06 7.670868388010249e-06 7.542559700398106e-06 7.420130473871504e-06 7.305033818014789e-06 7.19894126651657e-06 7.103711618218128e-06 7.021357840391556e-06 6.954011821774284e-06 6.903886797585692e-06 6.873237320297511e-06 6.864316717396721e-06 6.879332059981581e-06 6.920396763081026e-06 6.989481049462478e-06 7.088360632770006e-06 7.218564112363232e-06 7.381319720328025e-06 7.577502219160179e-06 7.807580929332064e-06 8.071569926040922e-06 8.368984600704142e-06 8.698781543930232e-06 9.059335608863353e-06 9.448429505394599e-06 9.863224941882744e-06 1.030025757567353e-05 1.075544578720331e-05 1.122411442634135e-05 1.170103491013717e-05 1.218048264797289e-05 1.265631229580679e-05 1.312205075534336e-05 1.357100714071287e-05 1.399639815295779e-05 1.439148646085079e-05 1.47497288263181e-05 1.506492988567101e-05 1.533139676393919e-05 1.554408912346486e-05 1.569875889350592e-05 1.5792073851951e-05 1.582171947643158e-05 1.578647407249925e-05 1.568625311698396e-05 1.552211999089821e-05 1.529626175313092e-05 1.501193023046602e-05 1.467335035652565e-05 1.42855992562585e-05 1.385446092001603e-05 1.338626233900248e-05 1.288769763742303e-05 1.236564720704449e-05 1.182700039042469e-05 1.127850041394451e-05 1.072669230179599e-05 1.017831480647527e-05 9.634885643758271e-06 8.431979734094298e-06 1.369737922756053e-05 1.229891136636178e-05 1.174833402159028e-05 1.12597790765882e-05 1.082360054664721e-05 1.043538300174642e-05 1.008973645422669e-05 9.781148021937349e-06 9.504273835622417e-06 9.254080046686718e-06 9.025929144348684e-06 8.815634218849158e-06 8.619490398447053e-06 8.434289421158886e-06 8.257321830503237e-06 8.086370250461993e-06 7.919696368389481e-06 7.756023583327687e-06 7.594516735629574e-06 7.434759901007174e-06 7.276732889328886e-06 7.120786819360737e-06 6.967618931562786e-06 6.818246641057349e-06 6.673980713443026e-06 6.536397360724659e-06 6.407308998351058e-06 6.288733373515863e-06 6.182860766680699e-06 6.092018980572673e-06 6.018635862018942e-06 5.96519915061045e-06 5.934213513363283e-06 5.928154705595326e-06 5.949420894726571e-06 6.000281295438949e-06 6.082822391502367e-06 6.198892161472499e-06 6.350042882245223e-06 6.537473252958679e-06 6.761970804729814e-06 7.023855467880225e-06 7.32293353666397e-06 7.658420635344783e-06 8.028910027450794e-06 8.432360480980354e-06 8.866054438453126e-06 9.326583202911074e-06 9.809846418808896e-06 1.03110672524914e-05 1.082482511212609e-05 1.134510737565083e-05 1.186538113739894e-05 1.237868539000693e-05 1.287774332469292e-05 1.335509357321646e-05 1.380323825531628e-05 1.421480467708269e-05 1.458271650376126e-05 1.490036927267677e-05 1.516180429511703e-05 1.536187440039895e-05 1.54963946775524e-05 1.556227143439924e-05 1.555760306353161e-05 1.548174739373828e-05 1.533535139229069e-05 1.512034070825047e-05 1.483986841256439e-05 1.449822426910145e-05 1.410070781380368e-05 1.365347027395248e-05 1.316333179030916e-05 1.263758143659461e-05 1.208376832305331e-05 1.150949397331755e-05 1.092222734941515e-05 1.032923125527729e-05 9.73797052881409e-06 9.15022838883535e-06 7.845114412364728e-06 1.321707154174002e-05 1.178907351630194e-05 1.122703213425745e-05 1.072836172228816e-05 1.02830724192878e-05 9.886499445512887e-06 9.53297640665769e-06 9.216714362503207e-06 8.932106675709045e-06 8.673877658381441e-06 8.43717359888108e-06 8.217619618767491e-06 8.01135210977292e-06 7.815033143164029e-06 7.625851709354976e-06 7.441515552016274e-06 7.260236476570205e-06 7.080711287087773e-06 6.902099914203251e-06 6.72400181971778e-06 6.546431382676492e-06 6.3697926704977e-06 6.194853763208085e-06 6.022720617470188e-06 5.854810320634547e-06 5.692823486261528e-06 5.5387154757936e-06 5.394666091963916e-06 5.263047374700547e-06 5.146389137101819e-06 5.047341905479438e-06 4.968636971980981e-06 4.913043329866317e-06 4.883321339553109e-06 4.882173067867561e-06 4.912189353737551e-06 4.975793781254176e-06 5.075183886043106e-06 5.212270083724036e-06 5.388612986050841e-06 5.605360029557229e-06 5.863182152986279e-06 6.162224588865799e-06 6.502013757080048e-06 6.881414179146842e-06 7.298612773063778e-06 7.751064554580947e-06 8.235466095196527e-06 8.747743950025091e-06 9.283059382602508e-06 9.835831693861265e-06 1.039978218338502e-05 1.09680003468217e-05 1.153303333095743e-05 1.208699891111006e-05 1.262172132933685e-05 1.312888825773307e-05 1.360022596742642e-05 1.40276885476775e-05 1.440365580529859e-05 1.472113337159187e-05 1.497394765052676e-05 1.515692765749736e-05 1.526606561337044e-05 1.529864844418151e-05 1.52533531318848e-05 1.513030016426269e-05 1.493106109362137e-05 1.465861833714269e-05 1.431727769605164e-05 1.391253646301097e-05 1.345091223929035e-05 1.293973951772701e-05 1.238694258835304e-05 1.180079452930952e-05 1.118967439088633e-05 1.056184700947795e-05 9.92536297913188e-06 9.288480812211304e-06 8.653274513802355e-06 7.237935097194332e-06 1.266781846051067e-05 1.121420496388287e-05 1.064215937126993e-05 1.013458204905622e-05 9.681165817840793e-06 9.277007373617814e-06 8.916176912373481e-06 8.592622355030085e-06 8.30048643105075e-06 8.034262659869372e-06 7.788890928489814e-06 7.559816869862839e-06 7.343025289174302e-06 7.135054444604724e-06 6.932996395949018e-06 6.73448748492765e-06 6.537692072102196e-06 6.34128187766175e-06 6.144412634337318e-06 5.94669924119961e-06 5.748190189136302e-06 5.549341696022084e-06 5.350991727730265e-06 5.15433387816829e-06 4.960890927605514e-06 4.772487785779899e-06 4.59122344830007e-06 4.419441546694401e-06 4.259699050127656e-06 4.114732677181254e-06 3.987422596769166e-06 3.880753036485671e-06 3.79776947331232e-06 3.741532155147359e-06 3.71506579211008e-06 3.721305364595002e-06 3.763038121484762e-06 3.842841987599783e-06 3.963020764880554e-06 4.125536693081087e-06 4.331941211919486e-06 4.583304620414687e-06 4.880161075370949e-06 5.222406069759736e-06 5.609235544170368e-06 6.039121919995057e-06 6.509752434800449e-06 7.017987338351872e-06 7.559835349310252e-06 8.130445881882604e-06 8.724120746949487e-06 9.33434797912921e-06 9.953860070263216e-06 1.057471834691839e-05 1.118842447337113e-05 1.178605908726387e-05 1.235844639653911e-05 1.289634221666224e-05 1.339064146227685e-05 1.383259960642251e-05 1.421406118407082e-05 1.452768716243827e-05 1.476717205409953e-05 1.492744113280062e-05 1.500481813134315e-05 1.49971544291486e-05 1.490391200134659e-05 1.472619427210209e-05 1.446672140136383e-05 1.412974928568758e-05 1.372093447062982e-05 1.324715002489128e-05 1.271625998544358e-05 1.213686207841561e-05 1.151801015713194e-05 1.086893069196858e-05 1.019876125574454e-05 9.516418226710598e-06 8.83102980452156e-06 8.144991183847764e-06 6.6107625901909e-06 1.20482258288078e-05 1.057302844543529e-05 9.992476070908044e-06 9.47722712187546e-06 9.016686692919182e-06 8.60572598690527e-06 8.238166730568428e-06 7.907708218703188e-06 7.608255902311757e-06 7.334084403490209e-06 7.079937501641944e-06 6.841089986365889e-06 6.613382092913553e-06 6.393233721208816e-06 6.177643992378433e-06 5.964180495382746e-06 5.750961586556689e-06 5.5366342785998e-06 5.320349571422434e-06 5.101736517022599e-06 4.880875856733477e-06 4.658273705494225e-06 4.434835469819e-06 4.211839961478764e-06 3.99091349719399e-06 3.774003647354692e-06 3.563352206980803e-06 3.361466904195818e-06 3.171091330860561e-06 2.995172573082695e-06 2.836826033274093e-06 2.699296968251235e-06 2.585918318284614e-06 2.500064469552931e-06 2.445100677404805e-06 2.42432798125981e-06 2.440923565612092e-06 2.497876667774962e-06 2.597920304736299e-06 2.743459289746124e-06 2.936495275392268e-06 3.178549632274674e-06 3.470591543571946e-06 3.812954371479177e-06 4.205235737840431e-06 4.646251236463948e-06 5.133988510694511e-06 5.665539237132003e-06 6.237059727216361e-06 6.843748674473881e-06 7.479844856311801e-06 8.138648188311806e-06 8.812567201143878e-06 9.493195519363392e-06 1.017141918901861e-05 1.083755570332083e-05 1.14815243121713e-05 1.209304569467062e-05 1.266186737380225e-05 1.317800943939606e-05 1.363202332943648e-05 1.401525473721919e-05 1.432010031731822e-05 1.454024691655999e-05 1.467088170566941e-05 1.470886195085396e-05 1.465283431044746e-05 1.450329547150098e-05 1.426258857931281e-05 1.393483310432464e-05 1.352578930958664e-05 1.304266205137233e-05 1.249385197260449e-05 1.188866499400002e-05 1.123699342534078e-05 1.054898559790417e-05 9.834735976298849e-06 9.104113672964263e-06 8.367202168227483e-06 7.626754546340419e-06 5.964333027734103e-06 1.135718666642136e-05 9.864533802111016e-06 9.27700239295518e-06 8.755338155178868e-06 8.28869107067423e-06 7.87172214427227e-06 7.498021547246577e-06 7.161056064212093e-06 6.854508434104994e-06 6.572447101856635e-06 6.309430490608335e-06 6.060571310795278e-06 5.821572058312484e-06 5.588739274533127e-06 5.358982445628734e-06 5.129802170221977e-06 4.899271187945487e-06 4.666010990089268e-06 4.429166007043769e-06 4.188376768331967e-06 3.943752942692234e-06 3.695846771897302e-06 3.445627098260176e-06 3.194453939430914e-06 2.944053374334294e-06 2.69649236190945e-06 2.454153012157191e-06 2.219705760686288e-06 1.996080858361287e-06 1.786437572666562e-06 1.594130503789454e-06 1.422672443841852e-06 1.275693250643998e-06 1.156894267595673e-06 1.069997898787675e-06 1.018692045098139e-06 1.006569224872115e-06 1.037060345087621e-06 1.113363259599376e-06 1.238366454205271e-06 1.414568446386763e-06 1.643993790277442e-06 1.928107564680749e-06 2.267742214294746e-06 2.662964312197717e-06 3.113007866432917e-06 3.616235393759956e-06 4.170045927978825e-06 4.770818846434721e-06 5.41387478921793e-06 6.093456716807765e-06 6.802735254012901e-06 7.533842236184425e-06 8.277935982873405e-06 9.02530115904262e-06 9.76548510221816e-06 1.048747117846457e-05 1.117988808809738e-05 1.18312521124893e-05 1.243023715209181e-05 1.296596516852721e-05 1.342830746388763e-05 1.380818529275112e-05 1.409785680895998e-05 1.429117650047335e-05 1.438381323675106e-05 1.437341396805021e-05 1.425970202288699e-05 1.404450180238304e-05 1.373168531841924e-05 1.332704021738935e-05 1.283806334446541e-05 1.227368816610437e-05 1.164395815318545e-05 1.095966151607139e-05 1.023194712550786e-05 9.471958167141317e-06 8.690613282260875e-06 7.89904755677102e-06 7.100416183893598e-06 5.29986617606676e-06 1.059389842003408e-05 9.087990055633181e-06 8.495028674429995e-06 7.968219679862303e-06 7.496493527621239e-06 7.07431862761441e-06 6.69507249308769e-06 6.352007104630791e-06 6.038598233553079e-06 5.748721641046068e-06 5.476761536892187e-06 5.217677359136671e-06 4.967040426371084e-06 4.721048381228991e-06 4.476523606600202e-06 4.230900506067547e-06 3.982205461671909e-06 3.729032369555559e-06 3.470515888319168e-06 3.20630389962837e-06 2.936530159348302e-06 2.661787694568848e-06 2.383103162859173e-06 2.101912122165468e-06 1.820034951827515e-06 1.539653007778459e-06 1.26328448007647e-06 9.93759341744146e-07 7.341927288022347e-07 4.879560677437067e-07 2.586452648033518e-07 5.004528855599265e-08 -1.339094880869967e-07 -2.891797690975634e-07 -4.11671153800425e-07 -4.97289719139007e-07 -5.420036831971812e-07 -5.419113330908838e-07 -4.933152363247579e-07 -3.928025555736549e-07 -2.373310541067723e-07 -2.431996828057309e-08 2.482545963095678e-07 5.817869179870234e-07 9.768837396640208e-07 1.433279130535397e-06 1.949791698522269e-06 2.524212240626206e-06 3.153228844750601e-06 3.832368620037756e-06 4.555959369136564e-06 5.317116070803e-06 6.107756983721188e-06 6.918653937114053e-06 7.739520825944674e-06 8.559143413896021e-06 9.36555222710324e-06 1.014623858212698e-05 1.088841165393604e-05 1.157929201837844e-05 1.220643441348203e-05 1.275806972140162e-05 1.322345359156632e-05 1.359320695361447e-05 1.385963216758227e-05 1.401698797491619e-05 1.406170694497705e-05 1.399254087260873e-05 1.38106225752736e-05 1.351943663375182e-05 1.312469655426579e-05 1.263413122042323e-05 1.205718889420382e-05 1.140467197871868e-05 1.0688320155804e-05 9.920365049502132e-06 9.113098197719965e-06 8.278595175316281e-06 7.429150857002319e-06 6.56837555292233e-06 4.619140113675474e-06 9.757878362044154e-06 8.242955475133746e-06 7.64612369692746e-06 7.115446537343603e-06 6.639673408427031e-06 6.21310007225321e-06 5.828912261335033e-06 5.480166417171887e-06 5.160148209793804e-06 4.862554905454483e-06 4.581607939677479e-06 4.312122219742766e-06 4.04954406578269e-06 3.789966025161685e-06 3.530125023487687e-06 3.267388990340072e-06 2.999735982896269e-06 2.725728881393206e-06 2.444487928916124e-06 2.15566271890394e-06 1.859404681350224e-06 1.556340667715918e-06 1.247547870833659e-06 9.345300267625198e-07 6.191946193617387e-07 3.038306354939731e-07 -8.913709230777006e-09 -3.160539446517031e-07 -6.142937496621511e-07 -9.000515474318895e-07 -1.169490065139357e-06 -1.418549622820911e-06 -1.642985890723294e-06 -1.838412813133434e-06 -2.000351338633431e-06 -2.124284520301703e-06 -2.205719451621747e-06 -2.24025638070899e-06 -2.223665192253125e-06 -2.151969257591156e-06 -2.021536435322289e-06 -1.829176564863422e-06 -1.572245539335102e-06 -1.248722742701142e-06 -8.573845839298225e-07 -3.979115309266774e-07 1.290574521428352e-07 7.217972037842097e-07 1.377399958488481e-06 2.091695589332808e-06 2.85919115768824e-06 3.67303525894327e-06 4.52501290616076e-06 5.405576633708759e-06 6.303919129789021e-06 7.208091922367958e-06 8.105173380924563e-06 8.981487515856256e-06 9.822872753387101e-06 1.061499708050316e-05 1.134371279632435e-05 1.199544074519134e-05 1.255757058124999e-05 1.301886061964204e-05 1.336981849580046e-05 1.360304251420072e-05 1.37135035140025e-05 1.369874851817134e-05 1.355901044195625e-05 1.329721262979131e-05 1.291886270242303e-05 1.243183669660346e-05 1.184606121337661e-05 1.117310768666647e-05 1.042571869493586e-05 9.617293169808562e-06 8.76137823203707e-06 7.87132499430269e-06 6.960709236953041e-06 6.033659495000417e-06 3.924573512354272e-06 8.848976599873958e-06 7.329285116971735e-06 6.730140353631956e-06 6.196868194296021e-06 5.718078286265728e-06 5.287916069231903e-06 4.899398339591216e-06 4.545406777397704e-06 4.219054863013562e-06 3.913876148016976e-06 3.623940902877038e-06 3.343928038707818e-06 3.069164522108269e-06 2.795640799603445e-06 2.52000895135966e-06 2.239568940670189e-06 1.952247180564508e-06 1.656570658090134e-06 1.351639023641654e-06 1.037096352737081e-06 7.131037060852064e-07 3.803131360307091e-07 3.984339968133191e-08 -3.067426714367812e-07 -6.574594398013413e-07 -1.009918851473186e-06 -1.361350571227705e-06 -1.708622589506992e-06 -2.048263096609299e-06 -2.376484461657253e-06 -2.689210173680267e-06 -2.982105603194921e-06 -3.25061342734404e-06 -3.489994531013361e-06 -3.695375150048056e-06 -3.8618009589353e-06 -3.984298720932156e-06 -4.057946009230263e-06 -4.077949368447149e-06 -4.039731111206304e-06 -3.93902473965937e-06 -3.77197857289635e-06 -3.535267599213987e-06 -3.226184309418624e-06 -2.84280593133632e-06 -2.384136421037159e-06 -1.850184937772646e-06 -1.24209339984609e-06 -5.622609702191538e-07 1.855525137843047e-07 9.961413799651688e-07 1.862793057515277e-06 2.777257802424799e-06 3.729756064208894e-06 4.709030209599709e-06 5.702446736435739e-06 6.696153984664637e-06 7.675298606754475e-06 8.624301656227084e-06 9.52719210209413e-06 1.036799196035041e-05 1.113114321670862e-05 1.180196255263801e-05 1.236710591898827e-05 1.281502163209002e-05 1.313636832897113e-05 1.332437322252152e-05 1.337510697386573e-05 1.328765433422956e-05 1.306416449190236e-05 1.270977155175493e-05 1.223238330451679e-05 1.164234475128183e-05 1.095199100610661e-05 1.017511178993879e-05 9.326358433440916e-06 8.4206478417285e-06 7.472736815659811e-06 6.497617077573193e-06 5.500009939204467e-06 3.219316745610104e-06 7.867386180031568e-06 6.347135332586373e-06 5.747218213721125e-06 5.212609878021246e-06 4.731824168875698e-06 4.298880947333457e-06 3.90665286969981e-06 3.547869087484172e-06 3.215489752132014e-06 2.902899941209433e-06 2.604030379649185e-06 2.31343212947394e-06 2.026317722443477e-06 1.7385774944093e-06 1.446778067881088e-06 1.1481485567748e-06 8.405588992146512e-07 5.22493717850107e-07 1.930242468434569e-07 -1.482198627904721e-07 -5.010776562217905e-07 -8.648822060736331e-07 -1.238483872837902e-06 -1.620271536631601e-06 -2.008192105184688e-06 -2.399768807158902e-06 -2.792118934714964e-06 -3.181971812778153e-06 -3.565687851912355e-06 -3.939279593339918e-06 -4.298435683698144e-06 -4.638548727684245e-06 -4.954747961664526e-06 -5.241937672001714e-06 -5.494842248185994e-06 -5.708058711060439e-06 -5.87611748706727e-06 -5.993552105244453e-06 -6.054978367558104e-06 -6.05518337550992e-06 -5.989224579729825e-06 -5.852538692007116e-06 -5.641060151343993e-06 -5.351342926484572e-06 -4.980676253864049e-06 -4.527290722496777e-06 -3.990481913012006e-06 -3.370703165689655e-06 -2.669732692100262e-06 -1.890802386585071e-06 -1.038709831893471e-06 -1.199078574532869e-07 8.574360615517344e-07 1.88341864902977e-06 2.946426134726936e-06 4.033213928860464e-06 5.129047670367683e-06 6.217911045273437e-06 7.282783364311025e-06 8.305986648030181e-06 9.269597935706265e-06 1.015591785380908e-05 1.094798140810955e-05 1.163009187595776e-05 1.218835405006256e-05 1.261117946731173e-05 1.288973420027585e-05 1.301829978385473e-05 1.299452023443987e-05 1.281951300453793e-05 1.249782892496109e-05 1.203725523288914e-05 1.144846590452029e-05 1.074453379473845e-05 9.940328903046338e-06 9.05183804288641e-06 8.095467908358648e-06 7.087522705097106e-06 6.044559899724539e-06 4.971980936252218e-06 2.50735305755681e-06 6.813649797766963e-06 5.296964754997944e-06 4.697782493186714e-06 4.163070040433377e-06 3.681291959329576e-06 3.246369747742459e-06 2.85105865546334e-06 2.4879589274204e-06 2.149897080267335e-06 1.83012525768302e-06 1.522446070509354e-06 1.221290265554555e-06 9.217598906219151e-07 6.196459108015499e-07 3.114274150070514e-07 -5.741830130215173e-09 -3.340549043995978e-07 -6.75077786633472e-07 -1.029777268318384e-06 -1.398548811769186e-06 -1.781243069053686e-06 -2.177190304719822e-06 -2.585222398839785e-06 -3.00369245864187e-06 -3.430492347899957e-06 -3.863068663327724e-06 -4.29843785570501e-06 -4.733201318791627e-06 -5.163561358918025e-06 -5.585339019280241e-06 -5.993994771226353e-06 -6.384653104876084e-06 -6.752132056636003e-06 -7.090978703420369e-06 -7.395511632901291e-06 -7.659871364376227e-06 -7.878079642505149e-06 -8.044108451061053e-06 -8.151959488954111e-06 -8.195754707295594e-06 -8.169838313545481e-06 -8.068890392350451e-06 -7.888051793619725e-06 -7.623060110651337e-06 -7.270356470967239e-06 -6.827320037175716e-06 -6.292421433328456e-06 -5.665319842708084e-06 -4.947056300315294e-06 -4.140209361048316e-06 -3.249036454077819e-06 -2.279595038576718e-06 -1.239835073990899e-06 -1.396535888726816e-07 1.009098373961502e-06 2.192666220035188e-06 3.395508897707094e-06 4.600490500071484e-06 5.789151966929694e-06 6.942065165695701e-06 8.03926726951594e-06 9.060768041194686e-06 9.987116611378476e-06 1.080000800348339e-05 1.148290355146435e-05 1.202163414392096e-05 1.24049516302321e-05 1.262499242932905e-05 1.267761893509688e-05 1.256260900517932e-05 1.228367159327195e-05 1.184827697637031e-05 1.126730218579538e-05 1.055450506381886e-05 9.725852943606677e-06 8.79874576152517e-06 7.791203967945497e-06 6.721232047733918e-06 5.607118422367514e-06 4.455046177925886e-06 1.79361101391842e-06 5.688662656132024e-06 4.179531291988403e-06 3.582538953215383e-06 3.048913667263962e-06 2.567119687646864e-06 2.131009911857359e-06 1.733250847867522e-06 1.366338771882862e-06 1.022986956140943e-06 6.963302544119275e-07 3.800541625709575e-07 6.847575299501861e-08 -2.434107283697674e-07 -5.59914504844606e-07 -8.846478606283417e-07 -1.220538769437678e-06 -1.569851835229984e-06 -1.934213855530783e-06 -2.314641215343098e-06 -2.711567089683813e-06 -3.1248670865184e-06 -3.553882510586469e-06 -3.997440883496893e-06 -4.453873727329531e-06 -4.921031918084684e-06 -5.396299151434353e-06 -5.876604245569833e-06 -6.358433143204444e-06 -6.837841575032673e-06 -7.310469417506967e-06 -7.771557825082018e-06 -8.215970246392474e-06 -8.638218449140998e-06 -9.032494682197072e-06 -9.392711096271748e-06 -9.712547525421296e-06 -9.985508697531623e-06 -1.020499188792383e-05 -1.036436594950898e-05 -1.045706253703048e-05 -1.047668018070551e-05 -1.041710166184097e-05 -1.027262461185342e-05 -1.00381065841173e-05 -9.70907694740023e-06 -9.281981519527455e-06 -8.754363560586887e-06 -8.124981211928774e-06 -7.394018370007205e-06 -6.563268672493285e-06 -5.636307963210338e-06 -4.618649630154401e-06 -3.517873776476724e-06 -2.343719975773592e-06 -1.108132431341084e-06 1.747541676780828e-07 1.488699701725781e-06 2.815525253497744e-06 4.13536998579961e-06 5.427043706748235e-06 6.668476014570392e-06 7.837257066043136e-06 8.911258056762506e-06 9.869311825507e-06 1.069192619420771e-05 1.136199551068469e-05 1.186547027944115e-05 1.219194167487031e-05 1.233509794563064e-05 1.229301378590326e-05 1.206824180537406e-05 1.166768690015464e-05 1.110225870429581e-05 1.038631307005343e-05 9.536909480348574e-06 8.572928700479826e-06 7.514130200630486e-06 6.380381817696629e-06 5.191883903893812e-06 3.955718157120343e-06 1.084089427120875e-06 4.493671057151566e-06 2.995884671842039e-06 2.402464258481612e-06 1.871060956512922e-06 1.390190035875167e-06 9.536682111299788e-07 5.541038502303532e-07 1.839154347186254e-07 -1.642760832448504e-07 -4.974376296767023e-07 -8.219905571990486e-07 -1.143726066383065e-06 -1.467756673235389e-06 -1.798494546526078e-06 -2.139649319378657e-06 -2.494239342415839e-06 -2.864611524769291e-06 -3.25246594528816e-06 -3.658882321564589e-06 -4.084346207991808e-06 -4.528773465278627e-06 -4.991532112231982e-06 -5.471461145840147e-06 -5.966886307283206e-06 -6.475633088885505e-06 -6.995037529440222e-06 -7.521955541849963e-06 -8.052771666431893e-06 -8.58340825396082e-06 -9.109336162392787e-06 -9.625588107269484e-06 -1.012677584398666e-05 -1.060711238506458e-05 -1.10604404703297e-05 -1.148026851382472e-05 -1.185981524770868e-05 -1.219206426780454e-05 -1.246982965324252e-05 -1.268583377741162e-05 -1.2832798341568e-05 -1.290354953719013e-05 -1.28911380866236e-05 -1.278897446766902e-05 -1.259098050913553e-05 -1.229171698203079e-05 -1.188661534736095e-05 -1.13721927280719e-05 -1.074620352868378e-05 -1.00078539641069e-05 -9.158017831186617e-06 -8.199441297440306e-06 -7.136934388056048e-06 -5.977539963888278e-06 -4.730669075886871e-06 -3.408190179163823e-06 -2.024458610113513e-06 -5.962722446878862e-07 8.572603656855084e-07 2.314951561176135e-06 3.753875092884844e-06 5.149820304092791e-06 6.477858457175975e-06 7.713011882683846e-06 8.831007580826252e-06 9.809087234055224e-06 1.06268361752849e-05 1.126698579925631e-05 1.171613841200487e-05 1.19653617372553e-05 1.201060313524772e-05 1.185288147451437e-05 1.149822733734025e-05 1.095735893645477e-05 1.024510026668226e-05 9.379568051968156e-06 8.381175938972612e-06 7.271545312017876e-06 6.072578975850895e-06 4.806585926176815e-06 3.481680114994084e-06 3.859958989690098e-07 3.230266351253173e-06 1.747354103354443e-06 1.158791335274579e-06 6.306708935303196e-07 1.516126823871087e-07 -2.84567545567399e-07 -6.852870009200468e-07 -1.05817767427807e-06 -1.410689669376685e-06 -1.749876606448474e-06 -2.082257523158839e-06 -2.413728159155176e-06 -2.749508857044024e-06 -3.09411990003522e-06 -3.451376843029924e-06 -3.824399723484529e-06 -4.215631195066172e-06 -4.626859651819354e-06 -5.059244314541772e-06 -5.513340041654446e-06 -5.989120311210795e-06 -6.485997406218682e-06 -7.00283932978034e-06 -7.537983387582569e-06 -8.089246711151445e-06 -8.65393426446994e-06 -9.228845087729823e-06 -9.810277693921678e-06 -1.039403565535376e-05 -1.097543450632902e-05 -1.15493111527569e-05 -1.211003702604581e-05 -1.265153625258923e-05 -1.316731013525845e-05 -1.365046926156742e-05 -1.409377456458569e-05 -1.448968866520387e-05 -1.483043881370414e-05 -1.510809271805849e-05 -1.531464848658766e-05 -1.544213981080329e-05 -1.548275736265892e-05 -1.542898708512436e-05 -1.527376606693308e-05 -1.501064803380385e-05 -1.463396550374744e-05 -1.413911096639446e-05 -1.352274757908171e-05 -1.27829844913248e-05 -1.191964011992925e-05 -1.093447948645497e-05 -9.831442693723818e-06 -8.616855970386554e-06 -7.299613404439488e-06 -5.891315647733932e-06 -4.406350214291564e-06 -2.86189682824706e-06 -1.277840930983042e-06 3.234207073464276e-07 1.91729594001739e-06 3.477444162879476e-06 4.976357243516627e-06 6.386069021702054e-06 7.678977584736536e-06 8.828752871329294e-06 9.811290165207184e-06 1.06056589898645e-05 1.119498832379758e-05 1.156722448110246e-05 1.171569879961643e-05 1.163944931496583e-05 1.134325399603475e-05 1.083735209015914e-05 1.01368530242746e-05 9.260857191235154e-06 8.231340390526373e-06 7.071901590121034e-06 5.806656202591061e-06 4.460233781446477e-06 3.041931903521183e-06 -2.920999420299383e-07 1.900373916637736e-06 4.355306219748081e-07 -1.470107306184173e-07 -6.708807545503863e-07 -1.147299012913547e-06 -1.582412490130329e-06 -1.983629412408827e-06 -2.358603871785964e-06 -2.714835660407057e-06 -3.059450790771468e-06 -3.399058384188736e-06 -3.739657183877662e-06 -4.086579100131047e-06 -4.444460694490666e-06 -4.817235180099051e-06 -5.208138791319944e-06 -5.619726492400758e-06 -6.053892993878316e-06 -6.51189593703067e-06 -6.994378896352675e-06 -7.501392542394577e-06 -8.032412907021e-06 -8.586356205279366e-06 -9.16159009831522e-06 -9.755941636600954e-06 -1.036670240945243e-05 -1.099063165343188e-05 -1.162395824735869e-05 -1.226238265411199e-05 -1.29010799679427e-05 -1.353470529885251e-05 -1.41574027800803e-05 -1.476281952696782e-05 -1.53441259099828e-05 -1.589404353423084e-05 -1.640488234315942e-05 -1.686858828406136e-05 -1.727680298391768e-05 -1.762093688033198e-05 -1.789225722570389e-05 -1.808199232276024e-05 -1.818145324330545e-05 -1.818217410361336e-05 -1.80760715381409e-05 -1.785562399478408e-05 -1.751402457628559e-05 -1.704547585722768e-05 -1.644543558025348e-05 -1.571080621802259e-05 -1.484022123248781e-05 -1.383431451478502e-05 -1.26959867198768e-05 -1.143066007509852e-05 -1.004650952773985e-05 -8.554655692091246e-06 -6.969302718070156e-06 -5.307802234273102e-06 -3.590623278952949e-06 -1.84120805181355e-06 -8.569487393014347e-08 1.647506595196781e-06 3.328296674560841e-06 4.925623436199516e-06 6.408365370812194e-06 7.746333749981899e-06 8.911354682611113e-06 9.878376313118903e-06 1.062653414907198e-05 1.114009916789728e-05 1.140923106761805e-05 1.143046425712507e-05 1.120686754497615e-05 1.074783946988561e-05 1.006852812552002e-05 9.188894851262064e-06 8.132475379070206e-06 6.924948453855352e-06 5.592822186737154e-06 4.163272618219072e-06 2.646950867185487e-06 -9.400975132955552e-07 5.0623688421828e-07 -9.377563066420385e-07 -1.513262729278114e-06 -2.03202952032833e-06 -2.505057477045142e-06 -2.938414830353747e-06 -3.339464196802775e-06 -3.715852472351568e-06 -4.075107961646956e-06 -4.424415999879754e-06 -4.770470324992573e-06 -5.119374005736299e-06 -5.476577644435905e-06 -5.846845956566781e-06 -6.234245406521047e-06 -6.642146776469279e-06 -7.073237600260377e-06 -7.52954034976477e-06 -8.012433126785274e-06 -8.522670392861516e-06 -9.06040196351011e-06 -9.625189103940574e-06 -1.021601709183973e-05 -1.083130406227563e-05 -1.146890632436109e-05 -1.212612064473236e-05 -1.279968423622155e-05 -1.348577337949148e-05 -1.418000174972654e-05 -1.487741962881068e-05 -1.557251526457692e-05 -1.625921970072923e-05 -1.69309164507999e-05 -1.758045743236852e-05 -1.820018661733594e-05 -1.878197289197429e-05 -1.93172536563723e-05 -1.979709072425626e-05 -2.021224010633e-05 -2.055323726631632e-05 -2.081049941957806e-05 -2.097444638676265e-05 -2.103564142044715e-05 -2.098495301891216e-05 -2.081374008430714e-05 -2.05140149558255e-05 -2.007872805894323e-05 -1.950204028646419e-05 -1.877954591994497e-05 -1.790857071468542e-05 -1.688847229330816e-05 -1.572094378110063e-05 -1.441031283235522e-05 -1.29638240779398e-05 -1.139189001875102e-05 -9.708292360664494e-06 -7.93031294282463e-06 -6.078771135076156e-06 -4.177943358211216e-06 -2.255340792465393e-06 -3.413240138121831e-07 1.531461170051689e-06 3.328833575149693e-06 5.016006785740858e-06 6.558678732473981e-06 7.924242112965987e-06 9.083058568678144e-06 1.000972240623536e-05 1.068422644296813e-05 1.109293589550057e-05 1.122927836440925e-05 1.109407024413148e-05 1.069542229639529e-05 1.004819809783361e-05 9.173035977115006e-06 8.094987431308534e-06 6.841891837253965e-06 5.442827704913744e-06 3.92775549855073e-06 2.308868821429553e-06 -1.546179757428783e-06 -9.496056390539647e-07 -2.370468372549346e-06 -2.938107801233147e-06 -3.451056927261686e-06 -3.920037075619003e-06 -4.350992637233438e-06 -4.751201855394938e-06 -5.128274362971405e-06 -5.489746369153658e-06 -5.84285126208697e-06 -6.194364781512584e-06 -6.5504993212866e-06 -6.916835556176858e-06 -7.29828282129055e-06 -7.699061124402833e-06 -8.12269876008654e-06 -8.572040461258805e-06 -9.04926191400027e-06 -9.555887284815017e-06 -1.009280716665165e-05 -1.066029503877343e-05 -1.125802095294604e-05 -1.188506170201518e-05 -1.25399071959509e-05 -1.322046316612265e-05 -1.39240506445018e-05 -1.464740292638897e-05 -1.538666093059734e-05 -1.613736802852642e-05 -1.689446553254982e-05 -1.765229012396952e-05 -1.840457457019308e-05 -1.914445313745959e-05 -1.986447315559321e-05 -2.055661423938734e-05 -2.121231671992134e-05 -2.182252088897305e-05 -2.237771870925868e-05 -2.286801968895664e-05 -2.328323265509422e-05 -2.361296517913728e-05 -2.384674239933729e-05 -2.397414695152207e-05 -2.398498146686113e-05 -2.386945586321314e-05 -2.361837073949195e-05 -2.322337154634127e-05 -2.267724693089661e-05 -2.197419549864204e-05 -2.111012370331704e-05 -2.008297714426664e-05 -1.889307982062173e-05 -1.754347653517194e-05 -1.604026716416101e-05 -1.439291783391683e-05 -1.261453035350195e-05 -1.07220475080616e-05 -8.73636840168756e-06 -6.682345474199309e-06 -4.588633773247871e-06 -2.487364326409349e-06 -4.136178505247315e-07 1.595316708112398e-06 3.500901717921277e-06 5.26451447901256e-06 6.848780313227382e-06 8.21901777693022e-06 9.344716090816868e-06 1.020094559420262e-05 1.076958944916769e-05 1.104028218614408e-05 1.101095036193119e-05 1.068787340355241e-05 1.008521746180493e-05 9.22403899662896e-06 8.13080682419236e-06 6.835570780911095e-06 5.370148743382841e-06 3.767532521275463e-06 2.041666184869959e-06 -2.096610220056853e-06 -2.464346072202155e-06 -3.86039468844219e-06 -4.419550919452917e-06 -4.926132391753811e-06 -5.390517539290394e-06 -5.818477826295464e-06 -6.217166140209823e-06 -6.594124230551081e-06 -6.956876661802304e-06 -7.312696130436137e-06 -7.668441520266586e-06 -8.030444249641644e-06 -8.404431778673624e-06 -8.795480190204114e-06 -9.207989044759495e-06 -9.645672651648657e-06 -1.011156274366125e-05 -1.060801834099879e-05 -1.113673935075425e-05 -1.169878116937646e-05 -1.229456823025852e-05 -1.292390505850501e-05 -1.358598395237576e-05 -1.427938890033273e-05 -1.500209576152723e-05 -1.575146908669169e-05 -1.652425623962322e-05 -1.73165797032243e-05 -1.812392862677244e-05 -1.894115080220317e-05 -1.976244635653823e-05 -2.058136452460661e-05 -2.139080492939991e-05 -2.218302485387422e-05 -2.294965404319157e-05 -2.368171863386216e-05 -2.436967586764918e-05 -2.500346131309593e-05 -2.557255038373757e-05 -2.606603600478761e-05 -2.647272433214369e-05 -2.678125045855244e-05 -2.698021604472527e-05 -2.705835071902218e-05 -2.700469917055582e-05 -2.680883016486711e-05 -2.64610456793498e-05 -2.595270476948687e-05 -2.527653825533023e-05 -2.442693648948529e-05 -2.340031120149831e-05 -2.219546744154384e-05 -2.081398715713029e-05 -1.926061429671648e-05 -1.754362698350648e-05 -1.567517803044142e-05 -1.367158045921543e-05 -1.155351008526873e-05 -9.346093169882692e-06 -7.078844355170536e-06 -4.785419514378023e-06 -2.503150825501974e-06 -2.72338373461137e-07 1.86471522289546e-06 3.864922855164414e-06 5.685856229126437e-06 7.287359920311397e-06 8.633253049844183e-06 9.6930088464655e-06 1.044328209256606e-05 1.086914496955624e-05 1.096489684332596e-05 1.073433510587308e-05 1.019041193027772e-05 9.354253006004157e-06 8.2535774493345e-06 6.920652632978166e-06 5.390187943425485e-06 3.698458183688769e-06 1.861384317146213e-06 -2.575512006784931e-06 -4.034941810848352e-06 -5.405195312052395e-06 -5.95550605040333e-06 -6.455363046052735e-06 -6.914735356039021e-06 -7.33916795330276e-06 -7.735645101831408e-06 -8.111609804348577e-06 -8.474557141112376e-06 -8.831793832631268e-06 -9.190267951931544e-06 -9.556445616375585e-06 -9.936224442106894e-06 -1.033487635367815e-05 -1.075701341272096e-05 -1.120657107734009e-05 -1.168680398663181e-05 -1.220029003764753e-05 -1.274893919547689e-05 -1.333400414542551e-05 -1.395609054687736e-05 -1.461516526619566e-05 -1.531056153647848e-05 -1.604098050360388e-05 -1.68044890633596e-05 -1.759851427065157e-05 -1.841983491026018e-05 -1.926457106439564e-05 -2.01281727032006e-05 -2.100540846984629e-05 -2.189035594223341e-05 -2.277639473866648e-05 -2.365620390456707e-05 -2.452176507933982e-05 -2.5364373003319e-05 -2.617465498890154e-05 -2.694260105028401e-05 -2.765760646357641e-05 -2.830852861255675e-05 -2.888376006211088e-05 -2.937131988665385e-05 -2.975896535735289e-05 -3.003432615041764e-05 -3.018506325807943e-05 -3.019905464903136e-05 -3.006460983134982e-05 -2.977068151525821e-05 -2.93071728005007e-05 -2.866527529439587e-05 -2.783778636784233e-05 -2.681948114250315e-05 -2.56075130841912e-05 -2.420183569517718e-05 -2.260563606786937e-05 -2.082576701126183e-05 -1.887315966756403e-05 -1.676319311282626e-05 -1.451599165407368e-05 -1.215661488778662e-05 -9.715100824124948e-06 -7.226319538918008e-06 -4.729595165830684e-06 -2.268058994961121e-06 1.122926549978926e-07 2.363844301734379e-06 4.438894441552133e-06 6.291428301594169e-06 7.879047446777295e-06 9.164938412179996e-06 1.011973266500737e-05 1.072309138408239e-05 1.096484623269506e-05 1.084554528225547e-05 1.037629247961019e-05 9.577827393745053e-06 8.478867571359728e-06 7.113848302947049e-06 5.52049570220831e-06 3.738618199818048e-06 1.786357138116047e-06 -2.964627968292228e-06 -5.658154884458065e-06 -7.002452734684138e-06 -7.543851825845032e-06 -8.036852355774481e-06 -8.490943970460087e-06 -8.911386566235682e-06 -9.304950212018045e-06 -9.678948511834007e-06 -1.004083180643599e-05 -1.03979402306035e-05 -1.075732344983507e-05 -1.112560552181475e-05 -1.150888587525358e-05 -1.191266991315535e-05 -1.234182354061672e-05 -1.280054641147903e-05 -1.329235915683872e-05 -1.382010036511327e-05 -1.438592963931439e-05 -1.499133365270262e-05 -1.563713273909873e-05 -1.632348616495831e-05 -1.704989481379198e-05 -1.781520055040966e-05 -1.861758200909289e-05 -1.945454695858444e-05 -2.032292173597711e-05 -2.121883851434264e-05 -2.213772138220904e-05 -2.307427237614847e-05 -2.402245873143352e-05 -2.497550271078714e-05 -2.592587544790989e-05 -2.686529630969464e-05 -2.778473934626226e-05 -2.867444846684875e-05 -2.952396305607743e-05 -3.032215583147296e-05 -3.105728483982675e-05 -3.171706159612391e-05 -3.228873748139101e-05 -3.275921062997401e-05 -3.31151556444917e-05 -3.334317857396818e-05 -3.342999956801152e-05 -3.336266631231328e-05 -3.312877985799448e-05 -3.271677304126515e-05 -3.211625825853607e-05 -3.131838177785246e-05 -3.031620010118297e-05 -2.910510363436989e-05 -2.768327187184052e-05 -2.605215133970671e-05 -2.421694468553939e-05 -2.218709418880197e-05 -1.997673687317557e-05 -1.760510154216018e-05 -1.509681083220863e-05 -1.248204450138004e-05 -9.796514725876895e-06 -7.081201611307025e-06 -4.3817991883211e-06 -1.747830713638642e-06 7.685912167181851e-07 3.114358442864918e-06 5.237278948410266e-06 7.088228982459972e-06 8.623423613756036e-06 9.806642334933462e-06 1.061121535166499e-05 1.102156318507742e-05 1.103409333341737e-05 1.065729601939154e-05 9.910945577013945e-06 8.824403068059512e-06 7.434149071993897e-06 5.781012347648626e-06 3.908577083883805e-06 1.837463175117261e-06 -3.243061493689052e-06 -7.330598164130587e-06 -8.649732255813051e-06 -9.182496793451213e-06 -9.66876864392501e-06 -1.011748384858124e-05 -1.053355303391047e-05 -1.09234842769519e-05 -1.129443201482878e-05 -1.165379036180938e-05 -1.20089385155357e-05 -1.236704834746987e-05 -1.273493464935389e-05 -1.311894059926737e-05 -1.352485315553548e-05 -1.395784352132829e-05 -1.442242798809717e-05 -1.492244465635829e-05 -1.546104182228243e-05 -1.604067422076903e-05 -1.666310381501924e-05 -1.732940238955975e-05 -1.803995380317715e-05 -1.879445435613393e-05 -1.959191029329187e-05 -2.043063197970092e-05 -2.130822473428687e-05 -2.222157668467886e-05 -2.316684431269197e-05 -2.41394366012883e-05 -2.513399887914243e-05 -2.614439759923879e-05 -2.716370739482817e-05 -2.818420184071984e-05 -2.919734942030203e-05 -3.019381626738177e-05 -3.116347732370775e-05 -3.209543763302187e-05 -3.297806558420157e-05 -3.379904002159834e-05 -3.454541326069114e-05 -3.52036921807733e-05 -3.575993971073086e-05 -3.619989917383041e-05 -3.650914411075421e-05 -3.667325631562947e-05 -3.667803515971627e-05 -3.650973577971385e-05 -3.61553246594646e-05 -3.560282112903689e-05 -3.484168202054077e-05 -3.386318711092303e-05 -3.26608773582861e-05 -3.123103784830782e-05 -2.957321464136619e-05 -2.769075595850393e-05 -2.559136304974912e-05 -2.328762952664542e-05 -2.079754019119973e-05 -1.814489170477212e-05 -1.535958843104525e-05 -1.247775851056282e-05 -9.541629230395335e-06 -6.5990990770123e-06 -3.702948884491026e-06 -9.096486219045772e-07 1.722258480058257e-06 4.13417584414168e-06 6.269811389582597e-06 8.077752846371644e-06 9.514085385755956e-06 1.054483020646862e-05 1.114795499541291e-05 1.131470712467244e-05 1.10500540991418e-05 1.037208441574291e-05 9.310324753298684e-06 7.903086557453762e-06 6.194332947271679e-06 4.231647965569378e-06 2.038399327460137e-06 -3.386997263179919e-06 -9.048788622965195e-06 -1.034465247147553e-05 -1.086945565264083e-05 -1.134942496932023e-05 -1.179286377213696e-05 -1.220426302414079e-05 -1.258981904181502e-05 -1.295649920290369e-05 -1.33116352863844e-05 -1.366265953157026e-05 -1.401689719900475e-05 -1.43813986350336e-05 -1.476280541900916e-05 -1.516724685058219e-05 -1.560026300766646e-05 -1.606675034658488e-05 -1.657092564760024e-05 -1.711630412026152e-05 -1.770568768799413e-05 -1.834115984758139e-05 -1.902408400457313e-05 -1.975510277063862e-05 -2.05341363250113e-05 -2.13603785478087e-05 -2.223229019636328e-05 -2.314758889569025e-05 -2.410323613994093e-05 -2.509542185081674e-05 -2.611954731575626e-05 -2.717020754204904e-05 -2.824117422433076e-05 -2.932538064457972e-05 -3.041490991802206e-05 -3.150098807642562e-05 -3.257398355181687e-05 -3.362341469668618e-05 -3.463796705762337e-05 -3.560552221289215e-05 -3.65132000942895e-05 -3.734741684214845e-05 -3.809396039084757e-05 -3.873808615071268e-05 -3.926463533932552e-05 -3.965817871938968e-05 -3.990318870760704e-05 -3.998424303850315e-05 -3.988626269706374e-05 -3.95947721313193e-05 -3.909620951093912e-05 -3.837832207129235e-05 -3.743058043719059e-05 -3.624461759906687e-05 -3.481473306628466e-05 -3.313844203883397e-05 -3.121706215438642e-05 -2.905632590949804e-05 -2.666700006932302e-05 -2.406548499829441e-05 -2.127435692460621e-05 -1.832280513927687e-05 -1.524690495853903e-05 -1.208965749030792e-05 -8.900721067919142e-06 -5.73575949700121e-06 -2.655342211744835e-06 2.766459139916774e-07 2.995089964704024e-06 5.436178272431511e-06 7.540272238173077e-06 9.254931992976861e-06 1.053785271827797e-05 1.135941942277392e-05 1.170457130759795e-05 1.157369070264594e-05 1.098230072307511e-05 9.959471409426893e-06 8.545017575119567e-06 6.785996533428581e-06 4.734186359850994e-06 2.415977883559172e-06 -3.369401192219553e-06 -1.080920840900498e-05 -1.208496754393764e-05 -1.26029383554353e-05 -1.30773722719446e-05 -1.351585514619903e-05 -1.392238115230445e-05 -1.430278364620332e-05 -1.466381838396772e-05 -1.501275627012766e-05 -1.535710760825417e-05 -1.570439580611789e-05 -1.606196668968175e-05 -1.643683056684092e-05 -1.683553526809453e-05 -1.726406777003284e-05 -1.772778120281269e-05 -1.823134341563278e-05 -1.877870293119735e-05 -1.937306807658046e-05 -2.001689530085725e-05 -2.07118831205348e-05 -2.145896870353918e-05 -2.22583247443745e-05 -2.310935493935855e-05 -2.401068699691508e-05 -2.496016268327187e-05 -2.595482489133822e-05 -2.699090212395281e-05 -2.806379110463607e-05 -2.916803847788884e-05 -3.029732274890773e-05 -3.144443775281284e-05 -3.260127904964093e-05 -3.375883472597391e-05 -3.490718215817869e-05 -3.603549236513716e-05 -3.713204365771827e-05 -3.818424638430341e-05 -3.917868068139667e-05 -4.010114926985281e-05 -4.093674749382646e-05 -4.166995298364031e-05 -4.228473753664671e-05 -4.276470405172114e-05 -4.309325161829775e-05 -4.325377217321597e-05 -4.322988229255701e-05 -4.300569535452995e-05 -4.256609596491596e-05 -4.189713134567541e-05 -4.098645468426617e-05 -3.982376083236793e-05 -3.840130415050648e-05 -3.671447234854664e-05 -3.476241077809589e-05 -3.254868851345286e-05 -3.008199090268278e-05 -2.737681459652735e-05 -2.445413026616822e-05 -2.13419655033296e-05 -1.807584646816891e-05 -1.469902311852807e-05 -1.126239159094919e-05 -7.82402170711279e-06 -4.448201614406402e-06 -1.203929484504477e-06 1.837182362140737e-06 4.603570763193762e-06 7.026859670790942e-06 9.045295426372433e-06 1.060721651239191e-05 1.167422367801278e-05 1.222367651482969e-05 1.225014968876703e-05 1.17655461112356e-05 1.079769021045154e-05 9.387435867896575e-06 7.584801865641828e-06 5.445910009400009e-06 3.000448719379858e-06 -3.15969855180041e-06 -1.26083748852181e-05 -1.386866353572764e-05 -1.438145460395561e-05 -1.485150833066156e-05 -1.528560167229643e-05 -1.568714779119018e-05 -1.606156544210086e-05 -1.641537964069019e-05 -1.675581242815759e-05 -1.709049179229351e-05 -1.742720144577202e-05 -1.777366154164047e-05 -1.813734070027663e-05 -1.852530004945573e-05 -1.894406859114037e-05 -1.939954770428591e-05 -1.989694138256003e-05 -2.044070801741464e-05 -2.103452918528498e-05 -2.168129093494433e-05 -2.238307341568319e-05 -2.314114524514001e-05 -2.395595969641922e-05 -2.48271505093214e-05 -2.57535258392866e-05 -2.673305950780613e-05 -2.77628792846619e-05 -2.883925240489541e-05 -2.995756890244931e-05 -3.111232363611331e-05 -3.229709810448336e-05 -3.350454330996329e-05 -3.472636505257634e-05 -3.595331312671723e-05 -3.717517597054542e-05 -3.838078238926477e-05 -3.955801204917563e-05 -4.06938165267893e-05 -4.177425280273937e-05 -4.278453121937206e-05 -4.370908007888779e-05 -4.45316292500701e-05 -4.523531537913517e-05 -4.580281156542719e-05 -4.62164846627491e-05 -4.645858377707394e-05 -4.651146360888531e-05 -4.635786297779602e-05 -4.598115666450273e-05 -4.536572751009239e-05 -4.449742494896845e-05 -4.336400383625788e-05 -4.195564644259842e-05 -4.026555273434991e-05 -3.829059318965516e-05 -3.603201896596068e-05 -3.349621815714676e-05 -3.069549829863502e-05 -2.764886406181661e-05 -2.438274511575093e-05 -2.093161281519613e-05 -1.733840682302845e-05 -1.36546761233814e-05 -9.940326479619169e-06 -6.262862819402378e-06 -2.696025749649682e-06 6.82248102147273e-07 3.792557885755857e-06 6.557399455973018e-06 8.904993213400943e-06 1.077330812588507e-05 1.211391078050261e-05 1.289519783797758e-05 1.310455184226261e-05 1.274901121001432e-05 1.18541763232893e-05 1.046131300878857e-05 8.623152352510933e-06 6.400247506969714e-06 3.825849205030683e-06 -2.723428821844844e-06 -1.444292137056975e-05 -1.569407194053967e-05 -1.620393716328567e-05 -1.667120593134506e-05 -1.710174749888615e-05 -1.749830265847619e-05 -1.786582515527984e-05 -1.821059863065412e-05 -1.853982286863552e-05 -1.886130240680634e-05 -1.91831656779312e-05 -1.951360965230707e-05 -1.986067441043105e-05 -2.023205142207965e-05 -2.063492692949139e-05 -2.107585943330874e-05 -2.156068833288176e-05 -2.209446942999948e-05 -2.268143227812843e-05 -2.332495417802326e-05 -2.402754587243613e-05 -2.479084455028701e-05 -2.561561051204657e-05 -2.650172466876826e-05 -2.744818486613509e-05 -2.845309978552593e-05 -2.951367984231111e-05 -3.062622506180106e-05 -3.178611036399109e-05 -3.298776903764758e-05 -3.422467544636331e-05 -3.548932820069559e-05 -3.677323516876029e-05 -3.806690179906167e-05 -3.935982430833221e-05 -4.064048935611642e-05 -4.189638189750624e-05 -4.311400298529098e-05 -4.427889939009688e-05 -4.537570702893187e-05 -4.638821034618607e-05 -4.729941998279134e-05 -4.809167130512638e-05 -4.874674665113059e-05 -4.924602448960913e-05 -4.957065913476466e-05 -4.970179489540558e-05 -4.962083034796082e-05 -4.930969399835107e-05 -4.875116518879882e-05 -4.792931655986518e-05 -4.68299885967219e-05 -4.544129675720478e-05 -4.375423005602825e-05 -4.176332313411506e-05 -3.94673998895503e-05 -3.687038202716088e-05 -3.398214776821332e-05 -3.081941482149601e-05 -2.740660709466718e-05 -2.37766465018442e-05 -1.997159029027739e-05 -1.604301233654343e-05 -1.205200708750339e-05 -8.068682182871618e-06 -4.171006821268351e-06 -4.429050195682484e-07 3.028467147688163e-06 6.156239551192894e-06 8.85800870148041e-06 1.106041638623396e-05 1.270372758007996e-05 1.374589972926646e-05 1.416558080320409e-05 1.396350008621187e-05 1.316184366331476e-05 1.180147128842453e-05 9.937433483874672e-06 7.63471926263332e-06 4.930385227160528e-06 -2.021875158352627e-06 -1.630969114588169e-05 -1.756000470394686e-05 -1.806988860614037e-05 -1.853646478346874e-05 -1.896458796799521e-05 -1.935622862117261e-05 -1.971582898551175e-05 -2.004943351450944e-05 -2.03642664079709e-05 -2.066839293244213e-05 -2.097039906825035e-05 -2.12790905466269e-05 -2.160322076251074e-05 -2.195125511739299e-05 -2.23311756875587e-05 -2.275032657311484e-05 -2.321529741196275e-05 -2.373184051909544e-05 -2.430481593617153e-05 -2.493815824697026e-05 -2.563485917544323e-05 -2.639696056275143e-05 -2.72255531554438e-05 -2.812077759103608e-05 -2.90818249335325e-05 -3.010693501602078e-05 -3.119339164555207e-05 -3.233751439602594e-05 -3.35346472544183e-05 -3.477914480327039e-05 -3.606435693389298e-05 -3.738261330965644e-05 -3.872520895719267e-05 -4.008239247487352e-05 -4.144335842909144e-05 -4.279624557385491e-05 -4.412814259027019e-05 -4.542510311218367e-05 -4.667217188987671e-05 -4.785342405342781e-05 -4.895201958147268e-05 -4.995027526615799e-05 -5.082975670001687e-05 -5.157139310461851e-05 -5.215561818224001e-05 -5.256254062149043e-05 -5.277214838887497e-05 -5.276455358040494e-05 -5.252029676656603e-05 -5.202061915489366e-05 -5.124787523841152e-05 -5.018603849696818e-05 -4.882119099846252e-05 -4.714212254764111e-05 -4.514101249845319e-05 -4.281419560169851e-05 -4.016301005982491e-05 -3.719471873159444e-05 -3.392348391465494e-05 -3.037136154964247e-05 -2.656926155037965e-05 -2.255779740825987e-05 -1.838792142878689e-05 -1.412121473835388e-05 -9.829678480248374e-06 -5.59486166692432e-06 -1.506171171125792e-06 2.341749900064572e-06 5.852609864032052e-06 8.932936229704387e-06 1.149718301417901e-05 1.347306659009625e-05 1.480656301166964e-05 1.546589635373196e-05 1.544383549665816e-05 1.475772909304026e-05 1.344699212610821e-05 1.156842716345513e-05 9.191355605759732e-06 6.356848003391513e-06 -1.011665337813534e-06 -1.820584845482446e-05 -1.946591660175216e-05 -1.997955771451594e-05 -2.044809323957018e-05 -2.087524840329582e-05 -2.126212022978324e-05 -2.161260103490447e-05 -2.193251721760538e-05 -2.22291915086338e-05 -2.251106729696093e-05 -2.278733712218619e-05 -2.306758398965614e-05 -2.336145125791506e-05 -2.367835324161629e-05 -2.402723335763979e-05 -2.441637165249474e-05 -2.485323952737446e-05 -2.534439662707275e-05 -2.589542316003029e-05 -2.651088021857651e-05 -2.719429075587482e-05 -2.794813451778487e-05 -2.87738512088897e-05 -2.967184731251738e-05 -3.064150314775526e-05 -3.168117783784396e-05 -3.278821082715723e-05 -3.39589193916463e-05 -3.518859223577843e-05 -3.647147976822153e-05 -3.780078201811043e-05 -3.916863541699884e-05 -4.056609985183694e-05 -4.198314751642549e-05 -4.340865517133312e-05 -4.483040148162714e-05 -4.623507115051251e-05 -4.76082676240326e-05 -4.893453621269619e-05 -5.019739956851369e-05 -5.137940758680557e-05 -5.24622039736294e-05 -5.342661194369311e-05 -5.425274180072638e-05 -5.49201235126288e-05 -5.540786783764451e-05 -5.56948601920594e-05 -5.575999184445263e-05 -5.558246824230981e-05 -5.514205989944076e-05 -5.441948520667985e-05 -5.33969152232168e-05 -5.205845604250878e-05 -5.039074125511896e-05 -4.83836144591118e-05 -4.603090619538862e-05 -4.333130816332227e-05 -4.028934163503744e-05 -3.691640762349339e-05 -3.323189255886088e-05 -2.926428399977303e-05 -2.505222577513989e-05 -2.06454113030423e-05 -1.610517969504243e-05 -1.150464609818258e-05 -6.928173042705149e-06 -2.469983977055308e-06 1.768253548169079e-06 5.680977040042847e-06 9.163389817745344e-06 1.211703935301529e-05 1.445591137923022e-05 1.611242802841787e-05 1.704257265566414e-05 1.722929544662695e-05 1.668343284029724e-05 1.544166458200623e-05 1.356176879603627e-05 1.111715853869016e-05 8.15307316411727e-06 3.55660440609767e-07 -2.012901185087902e-05 -2.141210297291848e-05 -2.193415391827791e-05 -2.240792788322206e-05 -2.283589812490575e-05 -2.321818288537452e-05 -2.35581004669241e-05 -2.38613078838744e-05 -2.41353378594241e-05 -2.438917276787777e-05 -2.463280667867255e-05 -2.487681361288665e-05 -2.513194546693976e-05 -2.540877724470442e-05 -2.571740978299078e-05 -2.606723333227036e-05 -2.646674991392864e-05 -2.692344853905643e-05 -2.744372508174658e-05 -2.803283763019812e-05 -2.869488819404689e-05 -2.943282241558275e-05 -3.024844013319823e-05 -3.114241104522257e-05 -3.211429114710875e-05 -3.316253694682459e-05 -3.428451563276425e-05 -3.547651034416134e-05 -3.673372047202608e-05 -3.805025751306515e-05 -3.94191374343562e-05 -4.083227081228561e-05 -4.228045221035907e-05 -4.375335039234842e-05 -4.523950104923918e-05 -4.672630377082674e-05 -4.820002502384775e-05 -4.964580893934286e-05 -5.104769776487346e-05 -5.23886639080498e-05 -5.365065561455298e-05 -5.481465847573227e-05 -5.586077516800998e-05 -5.67683260994254e-05 -5.751597398754868e-05 -5.80818758234764e-05 -5.844386630317057e-05 -5.85796770434901e-05 -5.846723234694908e-05 -5.808490610292391e-05 -5.741186896428651e-05 -5.642856587666718e-05 -5.511720331331875e-05 -5.346232752786673e-05 -5.145149995255657e-05 -4.907607501431345e-05 -4.633208752411499e-05 -4.322125247674091e-05 -3.975207231422368e-05 -3.594103441148401e-05 -3.181386319861759e-05 -2.740676589318306e-05 -2.276757768590013e-05 -1.795667233015945e-05 -1.304746097408018e-05 -8.126262744153337e-06 -3.291306449696824e-06 1.349370817081524e-06 5.681308188998123e-06 9.58835190623157e-06 1.295861088628066e-05 1.569127258299365e-05 1.770364607405883e-05 1.893755803608851e-05 1.936408141790843e-05 1.898559863576288e-05 1.783448000408371e-05 1.596845502217874e-05 1.346461607077146e-05 1.037245110198491e-05 2.134121634462152e-06 -2.207741747294344e-05 -2.339994367792328e-05 -2.393611103468454e-05 -2.441910171582334e-05 -2.485000915285509e-05 -2.522787033332839e-05 -2.555542907625316e-05 -2.583826117917076e-05 -2.608427141528412e-05 -2.630319874188289e-05 -2.650609192253682e-05 -2.670478541914905e-05 -2.691140840422545e-05 -2.713795101418565e-05 -2.739590174678339e-05 -2.769596077818218e-05 -2.804782680522426e-05 -2.846005002988425e-05 -2.893994096639193e-05 -2.949352353989935e-05 -3.012552104705137e-05 -3.083936454737904e-05 -3.163721478063929e-05 -3.251999046190726e-05 -3.348739757552484e-05 -3.45379559269965e-05 -3.566902063678016e-05 -3.687679743726926e-05 -3.815635156415876e-05 -3.950161073496394e-05 -4.090536321370759e-05 -4.235925231208158e-05 -4.385376889413591e-05 -4.537824358957788e-05 -4.69208404979389e-05 -4.846855421176888e-05 -5.00072119966041e-05 -5.1521482977299e-05 -5.29948962126395e-05 -5.44098695909485e-05 -5.574775158171934e-05 -5.698887800347124e-05 -5.811264615524932e-05 -5.909760891758464e-05 -5.992159177140743e-05 -6.056183612191193e-05 -6.099517289762315e-05 -6.11982308747288e-05 -6.114769772174877e-05 -6.082062898811711e-05 -6.019474153481599e-05 -5.924883044028705e-05 -5.796329175327111e-05 -5.632067226256308e-05 -5.430633173766165e-05 -5.190921312917616e-05 -4.912273140363348e-05 -4.594578945803128e-05 -4.238392360961497e-05 -3.845057096846755e-05 -3.416843445588577e-05 -2.957089684153953e-05 -2.470340126079483e-05 -1.962467177835239e-05 -1.440759593098066e-05 -9.139537402659162e-06 -3.921802419638322e-06 1.132034907184986e-06 5.899213219331114e-06 1.025243516135967e-05 1.406606762859095e-05 1.72235985192981e-05 1.962572904079713e-05 2.119815176251981e-05 2.189781858131586e-05 2.171643809770519e-05 2.068018085401786e-05 1.884541280918404e-05 1.629228140719838e-05 1.307450110980176e-05 4.383819050269815e-06 -2.405012288942993e-05 -2.543220803474211e-05 -2.598941543738326e-05 -2.648637520486995e-05 -2.692267203566128e-05 -2.729617047087312e-05 -2.760907653875015e-05 -2.786702904625553e-05 -2.807853513224457e-05 -2.825438176408086e-05 -2.840699898645483e-05 -2.854981931447829e-05 -2.869667745354641e-05 -2.886128194238746e-05 -2.905677654863024e-05 -2.929539724599004e-05 -2.958822135603093e-05 -2.99449991402752e-05 -3.037405453495734e-05 -3.088224034964918e-05 -3.147493353293873e-05 -3.215605748826687e-05 -3.292812042158061e-05 -3.379226094407184e-05 -3.474829437026189e-05 -3.579475517340602e-05 -3.692893279477397e-05 -3.814689941650962e-05 -3.944352941048554e-05 -4.081251099173334e-05 -4.224635118258573e-05 -4.373637559168021e-05 -4.52727247365606e-05 -4.684434877000909e-05 -4.84390025330907e-05 -5.004324290084201e-05 -5.164243039803332e-05 -5.322073698605524e-05 -5.476116192880031e-05 -5.624555771997633e-05 -5.765466811950731e-05 -5.896818043712368e-05 -6.016479436569534e-05 -6.122230990359444e-05 -6.211773722608667e-05 -6.282743178389637e-05 -6.33272584462968e-05 -6.359278917597782e-05 -6.359954182082913e-05 -6.332330106576192e-05 -6.274039878957944e-05 -6.182808305076653e-05 -6.056503035007497e-05 -5.89318845204958e-05 -5.691190144704137e-05 -5.449170445980047e-05 -5.166216449508924e-05 -4.841941831516926e-05 -4.476603411852683e-05 -4.071232622287628e-05 -3.627780667848945e-05 -3.149273961147447e-05 -2.639973125551836e-05 -2.105524294823096e-05 -1.553085661330437e-05 -9.914055466125549e-06 -4.308217405860509e-06 1.168528294795069e-06 6.385932624109582e-06 1.120602648712796e-05 1.548939435189294e-05 1.910314072537024e-05 2.192998451893831e-05 2.387749182812881e-05 2.488608829180564e-05 2.493430529490309e-05 2.403987449479713e-05 2.225614446976805e-05 1.96654338905529e-05 1.632552671897308e-05 7.171520071505123e-06 -2.604726632952776e-05 -2.751344074047886e-05 -2.810001897710454e-05 -2.861654914817772e-05 -2.906098512430718e-05 -2.942995237513374e-05 -2.972521255320244e-05 -2.995269058059954e-05 -3.012181800189361e-05 -3.024481699234562e-05 -3.033591771883642e-05 -3.041057132551797e-05 -3.048471620003385e-05 -3.057413749507049e-05 -3.069394157571688e-05 -3.085815152094082e-05 -3.10794181194842e-05 -3.136883307676055e-05 -3.173582695762127e-05 -3.218813302479011e-05 -3.273179880906768e-05 -3.33712292282935e-05 -3.410924774135069e-05 -3.494716491344198e-05 -3.588484655792443e-05 -3.692077611345878e-05 -3.805210801656333e-05 -3.927471050857789e-05 -4.058319760977524e-05 -4.197095092219111e-05 -4.343013256608614e-05 -4.495169098816726e-05 -4.652536162771681e-05 -4.81396644992288e-05 -4.978190078077342e-05 -5.143815053199085e-05 -5.309327384468455e-05 -5.473091731295717e-05 -5.63335276764367e-05 -5.788237482214884e-05 -5.935758619777695e-05 -6.073819476404158e-05 -6.200220275842827e-05 -6.312666375633129e-05 -6.408778581102345e-05 -6.486105884515499e-05 -6.542140996980318e-05 -6.574339107631625e-05 -6.58014039904379e-05 -6.557000389997476e-05 -6.502419796794045e-05 -6.4139779637932e-05 -6.289379457454804e-05 -6.126508186892352e-05 -5.923489915137901e-05 -5.678765835307205e-05 -5.391178947381405e-05 -5.060074968231881e-05 -4.68541931212565e-05 -4.267931128142919e-05 -3.809234418400627e-05 -3.312024361780804e-05 -2.780243961159782e-05 -2.219261647422764e-05 -1.636034403003491e-05 -1.039233255394773e-05 -4.392995677182921e-06 1.516071748642313e-06 7.198134330940565e-06 1.250527780784522e-05 1.728454957370662e-05 2.138625012523781e-05 2.467392011286433e-05 2.703504587683067e-05 2.839099309854743e-05 2.870432925812293e-05 2.798172640496654e-05 2.627146845360567e-05 2.365684497171776e-05 2.019937644273516e-05 1.057132720294693e-05 -2.807040184241638e-05 -2.965045593766812e-05 -3.027636398928174e-05 -3.081898456085499e-05 -3.127453868205294e-05 -3.163839114736017e-05 -3.191203740252175e-05 -3.210202180797445e-05 -3.221914516585268e-05 -3.227757586934649e-05 -3.22938784061356e-05 -3.228604328225793e-05 -3.227259173398795e-05 -3.227180420379037e-05 -3.230109749704176e-05 -3.23765556917174e-05 -3.251260539465031e-05 -3.272181675663582e-05 -3.301480704771772e-05 -3.340022252561621e-05 -3.388477572612668e-05 -3.447331819365999e-05 -3.51689322705489e-05 -3.597302930381221e-05 -3.688544513235543e-05 -3.79045267770186e-05 -3.902720677792145e-05 -4.024906358775271e-05 -4.156436792631435e-05 -4.296611602461015e-05 -4.444605139609779e-05 -4.599467715190857e-05 -4.760126132120062e-05 -4.925383743330432e-05 -5.09392026027143e-05 -5.26429152987535e-05 -5.434929603775307e-05 -5.604143255615427e-05 -5.770119090964717e-05 -5.930923544936632e-05 -6.084505956455615e-05 -6.228702932611759e-05 -6.36124422925981e-05 -6.479760393203869e-05 -6.581792438537105e-05 -6.664803866491311e-05 -6.726195385804446e-05 -6.763322751759588e-05 -6.773518210649292e-05 -6.754117934002578e-05 -6.702494984336871e-05 -6.616090523474941e-05 -6.492454069883823e-05 -6.329298195250233e-05 -6.124559151062058e-05 -5.876468243064315e-05 -5.583636052729628e-05 -5.245151574708779e-05 -4.860698396150827e-05 -4.430689357112174e-05 -3.95642106218549e-05 -3.440247898897115e-05 -2.885772574935489e-05 -2.298046160255107e-05 -1.683764556398696e-05 -1.05143996084572e-05 -4.115159619019757e-06 2.236158280973875e-06 8.39747904407776e-06 1.421190232601386e-05 1.95134757025157e-05 2.413557342261516e-05 2.79215959816886e-05 3.073709467655582e-05 3.24817542049424e-05 3.30991145173807e-05 3.25817521751151e-05 3.097038293369607e-05 2.834768129216606e-05 2.477834357998598e-05 1.466545792935545e-05 -3.01229387933284e-05 -3.185297638024411e-05 -3.253005725495126e-05 -3.310626316095128e-05 -3.357602183762995e-05 -3.393349177991348e-05 -3.418020511753272e-05 -3.432381212337755e-05 -3.437709160311556e-05 -3.435682866157953e-05 -3.428259973530211e-05 -3.417557517619382e-05 -3.405743058084552e-05 -3.394942487695861e-05 -3.387167189786461e-05 -3.384260721354808e-05 -3.387863445324617e-05 -3.399392484962243e-05 -3.420033907624494e-05 -3.450744015184009e-05 -3.492256877587052e-05 -3.545095667487426e-05 -3.609585840107231e-05 -3.685868685377349e-05 -3.773914216772041e-05 -3.873532733036553e-05 -3.984384687101246e-05 -4.105988722407707e-05 -4.237727905391369e-05 -4.378854290675781e-05 -4.52849204038643e-05 -4.685639307576881e-05 -4.849169241589594e-05 -5.0178303415856e-05 -5.190246386095246e-05 -5.364916112476523e-05 -5.540213249787971e-05 -5.714386921173435e-05 -5.885562406566902e-05 -6.0517428189174e-05 -6.210811792136531e-05 -6.360537401935718e-05 -6.498577547297342e-05 -6.622487036842316e-05 -6.729726649295568e-05 -6.817674471724552e-05 -6.883639864539823e-05 -6.924880459288919e-05 -6.938622660736735e-05 -6.922086552271321e-05 -6.872520121704085e-05 -6.78723103803068e-05 -6.663620825076982e-05 -6.499238338725493e-05 -6.291839347437927e-05 -6.039455716945787e-05 -5.740477176333072e-05 -5.393748062051516e-05 -4.998682073457203e-05 -4.555395827412257e-05 -4.064864523744908e-05 -3.529100764045404e-05 -2.951355071508979e-05 -2.336333977905895e-05 -1.690425397919152e-05 -1.021912692125231e-05 -3.411478136301252e-06 3.393593538147842e-06 1.004990764060563e-05 1.639272703108129e-05 2.224391385275214e-05 2.742011083068952e-05 3.174389780468345e-05 3.505719339020206e-05 3.723534043323518e-05 3.819952247967941e-05 3.792473405702653e-05 3.644108895705532e-05 3.382858914342567e-05 3.015425194532638e-05 1.95451755057819e-05 -3.221072492981682e-05 -3.413446818701555e-05 -3.487674284167963e-05 -3.549503329469171e-05 -3.598198901817123e-05 -3.63307389219934e-05 -3.654333627042295e-05 -3.662923563117124e-05 -3.660402063750741e-05 -3.648796822507769e-05 -3.63045215258905e-05 -3.60788126487804e-05 -3.583634595181398e-05 -3.560190780081033e-05 -3.539872860370217e-05 -3.524789204215714e-05 -3.516796577320254e-05 -3.517481646624569e-05 -3.528156800435118e-05 -3.549866288197377e-05 -3.583399128848513e-05 -3.629305845335607e-05 -3.6879167354194e-05 -3.759360007331311e-05 -3.843578648054048e-05 -3.940345337457963e-05 -4.049275064064752e-05 -4.169835359397554e-05 -4.301354239868761e-05 -4.443026057138078e-05 -4.593915593294347e-05 -4.752960511466389e-05 -4.918972827275436e-05 -5.090639544276674e-05 -5.266522643875467e-05 -5.445058457477337e-05 -5.624557701793797e-05 -5.803205814289718e-05 -5.979063180278727e-05 -6.150066472637436e-05 -6.314030920174327e-05 -6.468653756773285e-05 -6.61151908411776e-05 -6.74010439360757e-05 -6.851789015183262e-05 -6.943864792453081e-05 -7.013549325802297e-05 -7.058002179426933e-05 -7.074344515989569e-05 -7.059682784274196e-05 -7.0111403567388e-05 -6.925893544884858e-05 -6.801200995398871e-05 -6.63445339064164e-05 -6.423232888965044e-05 -6.165380428298846e-05 -5.859074882266848e-05 -5.502926869072018e-05 -5.096092474493763e-05 -4.638403955305935e-05 -4.130524751552684e-05 -3.574131001581982e-05 -2.972118149669439e-05 -2.328832733890856e-05 -1.650321402350346e-05 -9.445827826501772e-06 -2.217953358139135e-06 5.05519881835409e-06 1.222459576617951e-05 1.911894120126608e-05 2.554896442048204e-05 3.131508413476259e-05 3.621869230345673e-05 4.007658931175874e-05 4.273712565314539e-05 4.409554945836062e-05 4.410529613632674e-05 4.278222315530801e-05 4.0201021491802e-05 3.642979295437463e-05 2.531192677626299e-05 -3.434282700003047e-05 -3.651324055374795e-05 -3.733724183131827e-05 -3.800710140619339e-05 -3.851383372565252e-05 -3.884990620805657e-05 -3.901864007011285e-05 -3.903228490470945e-05 -3.891034543168322e-05 -3.867772693600412e-05 -3.836281086897248e-05 -3.79956373359322e-05 -3.760632482303389e-05 -3.72237982119856e-05 -3.687484513899441e-05 -3.658348338823816e-05 -3.637059859083704e-05 -3.625380008716977e-05 -3.624744050648706e-05 -3.636274840548488e-05 -3.660803054136557e-05 -3.698890899785586e-05 -3.750856703108704e-05 -3.816798531206217e-05 -3.896615677586193e-05 -3.990027352267958e-05 -4.096588289840635e-05 -4.215701324998481e-05 -4.346627080974652e-05 -4.488491068356037e-05 -4.640288782757382e-05 -4.800888504065862e-05 -4.96903320687302e-05 -5.143341432347843e-05 -5.32230705337542e-05 -5.504298848462709e-05 -5.687560032339381e-05 -5.870207991923628e-05 -6.050234440686336e-05 -6.225506282881734e-05 -6.393767393292339e-05 -6.552641543165663e-05 -6.699636705814495e-05 -6.832150987588806e-05 -6.947480450890801e-05 -7.042829125888029e-05 -7.115321547395544e-05 -7.162018204102881e-05 -7.179934349620553e-05 -7.166062696518203e-05 -7.117401237768863e-05 -7.030994246640344e-05 -6.903962140108207e-05 -6.733539459069385e-05 -6.51713861927441e-05 -6.252415225355374e-05 -5.937344376672731e-05 -5.570310723214751e-05 -5.150223270836769e-05 -4.676640948072697e-05 -4.149925501317296e-05 -3.571425137714107e-05 -2.943683134886764e-05 -2.270679923522809e-05 -1.558099884378913e-05 -8.136158961640725e-06 -4.716598013873835e-07 7.288124842659034e-06 1.499250890047011e-05 2.246496526805127e-05 2.950631698298185e-05 3.590154654463361e-05 4.143081231864676e-05 4.58845641604582e-05 4.908156723024726e-05 5.088731999618781e-05 5.122918277070946e-05 5.010436795641037e-05 4.757889237987363e-05 4.372020572100517e-05 3.207876614726272e-05 -3.653258283841438e-05 -3.901390650268026e-05 -3.993905229344641e-05 -4.067085000069255e-05 -4.119903205973009e-05 -4.151606657385507e-05 -4.162766703360003e-05 -4.155027145304836e-05 -4.130880519372164e-05 -4.093427064361228e-05 -4.046132186860558e-05 -3.992603987222997e-05 -3.936405642685497e-05 -3.880909654485259e-05 -3.829194605375816e-05 -3.783980679575802e-05 -3.747597686356858e-05 -3.721978351505573e-05 -3.708669758162014e-05 -3.708856609664057e-05 -3.723391106156563e-05 -3.752825427774092e-05 -3.797443942291357e-05 -3.857293220452401e-05 -3.932208719942884e-05 -4.021837594881964e-05 -4.125657410653857e-05 -4.242991135875188e-05 -4.373018474588026e-05 -4.514784059244712e-05 -4.667203393185927e-05 -4.82906640082608e-05 -4.999039243289486e-05 -5.175664934400733e-05 -5.357363061293645e-05 -5.54242947740763e-05 -5.729035175951319e-05 -5.915225293905795e-05 -6.098919154404232e-05 -6.277910565784484e-05 -6.449869042955839e-05 -6.612342150429467e-05 -6.76275919996734e-05 -6.898436548787615e-05 -7.016584764761065e-05 -7.114317954053736e-05 -7.188665584969715e-05 -7.236587189940205e-05 -7.254990386471589e-05 -7.240752662909024e-05 -7.190745230365024e-05 -7.101878428170943e-05 -6.97113327146283e-05 -6.795588040988173e-05 -6.572485590216595e-05 -6.299296734232761e-05 -5.973795584419377e-05 -5.594149186208729e-05 -5.159023937161214e-05 -4.667712386414485e-05 -4.120281025262515e-05 -3.517758088076279e-05 -2.862338932778504e-05 -2.157637164373723e-05 -1.408962315844852e-05 -6.23633926926126e-06 1.887022677682229e-06 1.015771329557881e-05 1.842447505217036e-05 2.650684335778408e-05 3.419704847869425e-05 4.126564035869395e-05 4.747179556649406e-05 5.257865198949115e-05 5.637288948082167e-05 5.868621589850927e-05 5.94147981300194e-05 5.853193162622731e-05 5.609067674458989e-05 5.215542914897293e-05 3.997217624882354e-05 -3.879902708422581e-05 -4.166933934222465e-05 -4.271833898643036e-05 -4.352309175836384e-05 -4.407273703419699e-05 -4.436085309823035e-05 -4.439721235398556e-05 -4.420438907478262e-05 -4.381473542261903e-05 -4.326723926173032e-05 -4.260447499108664e-05 -4.186990242689057e-05 -4.110567263798168e-05 -4.035099877249269e-05 -3.964107236688567e-05 -3.900645610745073e-05 -3.84728595684805e-05 -3.806119912129179e-05 -3.778785046787428e-05 -3.766501638098749e-05 -3.770114881931011e-05 -3.790138084911715e-05 -3.826793807593711e-05 -3.880051082243197e-05 -3.949657756143751e-05 -4.03516762890008e-05 -4.135962119718993e-05 -4.251267697593013e-05 -4.380168417285568e-05 -4.521615765779301e-05 -4.674434647682736e-05 -4.837327437861902e-05 -5.00887555471295e-05 -5.187539657304068e-05 -5.371659314129916e-05 -5.559452016575302e-05 -5.749011741576761e-05 -5.938307600576961e-05 -6.125183078991902e-05 -6.307355768766781e-05 -6.482417967973425e-05 -6.6478383765569e-05 -6.800965125417778e-05 -6.939030386735914e-05 -7.059156832499678e-05 -7.158366236408573e-05 -7.233590552635592e-05 -7.281685854766039e-05 -7.299449581624372e-05 -7.283641488422851e-05 -7.231004605995085e-05 -7.1383120789658e-05 -7.002398670220424e-05 -6.820185048036885e-05 -6.588741701169772e-05 -6.305351844664868e-05 -5.967585905942071e-05 -5.573390716398042e-05 -5.121188558121239e-05 -4.610006000072301e-05 -4.039622517932973e-05 -3.410746577144016e-05 -2.725224044093343e-05 -1.986300717477942e-05 -1.198900527051471e-05 -3.699716381766773e-06 4.911732130041858e-06 1.372482939847829e-05 2.258867159080058e-05 3.132003486930805e-05 3.970385460876643e-05 4.749737180873308e-05 5.443926668744699e-05 6.026465640842893e-05 6.47257402572908e-05 6.761616034973669e-05 6.879508065135893e-05 6.820552371921745e-05 6.58821210087685e-05 6.188290902550614e-05 4.913444011377321e-05 -4.116883908442113e-05 -4.452331701401615e-05 -4.572259467088059e-05 -4.661150929866766e-05 -4.717982817371156e-05 -4.742402672791742e-05 -4.736038284766477e-05 -4.702031908600081e-05 -4.644628880632745e-05 -4.568767924145295e-05 -4.479699877887685e-05 -4.382663712707272e-05 -4.282635355025311e-05 -4.184152019569829e-05 -4.09120561387291e-05 -4.007193574917935e-05 -3.934913564766291e-05 -3.876588809655533e-05 -3.833912574009575e-05 -3.808102564100272e-05 -3.79995841358668e-05 -3.809917538909823e-05 -3.838106403892994e-05 -3.884385529182035e-05 -3.948387778041465e-05 -4.02954976003166e-05 -4.127135657178254e-05 -4.240257491006933e-05 -4.367889145639728e-05 -4.508876472989945e-05 -4.661943313452782e-05 -4.825695203619558e-05 -4.998620886415315e-05 -5.17909224074786e-05 -5.365363299958659e-05 -5.555568594392477e-05 -5.747721148308963e-05 -5.939710533073812e-05 -6.129301335097851e-05 -6.31413219623919e-05 -6.491715699282427e-05 -6.65943933601619e-05 -6.81456779544156e-05 -6.95424681895012e-05 -7.075508887606167e-05 -7.175281033701463e-05 -7.25039510463871e-05 -7.297600852514434e-05 -7.313582281705585e-05 -7.294977688790628e-05 -7.238401855300152e-05 -7.140483111912877e-05 -6.997901873689977e-05 -6.807419178264228e-05 -6.565927118738543e-05 -6.270515275793128e-05 -5.91854261020375e-05 -5.507723330200406e-05 -5.036227455460997e-05 -4.502805540527267e-05 -3.906939313615873e-05 -3.249010642171299e-05 -2.530518943335668e-05 -1.754329619336681e-05 -9.249595744118461e-06 -4.897104162826068e-07 8.64694758748492e-06 1.804257397807006e-05 2.754739784615736e-05 3.697644476375886e-05 4.610853341218297e-05 5.468872022430878e-05 6.243580039953339e-05 6.905634713592096e-05 7.42657603880503e-05 7.781506923889443e-05 7.951980449997912e-05 7.928499691035599e-05 7.711979830300408e-05 7.307132395842093e-05 5.972679421344213e-05 -4.367904653260602e-05 -4.763413448831004e-05 -4.901423212612657e-05 -4.999788561095491e-05 -5.057754919558481e-05 -5.07554090010112e-05 -5.055782073000864e-05 -5.002882277300306e-05 -4.922452321926919e-05 -4.820777255039136e-05 -4.704343963838536e-05 -4.579459523270674e-05 -4.451972600755046e-05 -4.327094387590214e-05 -4.209305336865741e-05 -4.102329219618844e-05 -4.009155365417262e-05 -3.932091876791456e-05 -3.872835796736827e-05 -3.832549716637518e-05 -3.811937519910845e-05 -3.811314661356192e-05 -3.830670441262675e-05 -3.869720991913675e-05 -3.927953725586353e-05 -4.004660368808345e-05 -4.098966521312498e-05 -4.209851924089328e-05 -4.336165493355447e-05 -4.476634670900693e-05 -4.629871648007535e-05 -4.794376611342795e-05 -4.968538678728021e-05 -5.150635171925433e-05 -5.338829820137075e-05 -5.531170284774338e-05 -5.725585379054285e-05 -5.919882339944716e-05 -6.111744463529746e-05 -6.29872934087059e-05 -6.4782679382662e-05 -6.647664756137154e-05 -6.804099300256508e-05 -6.944629107943226e-05 -7.066194589726201e-05 -7.165625973435484e-05 -7.239652672482758e-05 -7.284915443503244e-05 -7.297981753646202e-05 -7.275364827195626e-05 -7.213546443285723e-05 -7.109005299255773e-05 -6.958260992129081e-05 -6.75790630755798e-05 -6.504646278822528e-05 -6.195366457355262e-05 -5.827202298672732e-05 -5.397622200758194e-05 -4.904526757829167e-05 -4.346369739951565e-05 -3.722305098444203e-05 -3.032362505657232e-05 -2.277666594616149e-05 -1.460681676067463e-05 -5.855263278726678e-06 3.41681990683587e-06 1.312424661244358e-05 2.315227788998746e-05 3.335298104994845e-05 4.354048993167714e-05 5.348847985625348e-05 6.293082538004102e-05 7.156702640479934e-05 7.907464659406766e-05 8.512995603699835e-05 8.943646203226641e-05 9.175841852748059e-05 9.195338747294707e-05 8.999584242787206e-05 8.591561904511902e-05 7.193373923822644e-05 -4.638085139871927e-05 -5.107959855163101e-05 -5.267548077547888e-05 -5.376240744763866e-05 -5.43388981394346e-05 -5.441722656821759e-05 -5.403903370223535e-05 -5.326620368859959e-05 -5.217320423342449e-05 -5.084020092357261e-05 -4.934728825881397e-05 -4.777011554406244e-05 -4.617694688216994e-05 -4.462700770705794e-05 -4.316986794000226e-05 -4.184558184989453e-05 -4.068532386871389e-05 -3.971230405671458e-05 -3.894279994061065e-05 -3.838719152194189e-05 -3.805092807650488e-05 -3.793538808292948e-05 -3.803861571337566e-05 -3.83559239413785e-05 -3.888037346742301e-05 -3.960316729044757e-05 -4.051395589628986e-05 -4.160103362363799e-05 -4.285148583239534e-05 -4.425128297240027e-05 -4.578533528611121e-05 -4.74375158791798e-05 -4.919066017542336e-05 -5.10265485626157e-05 -5.292587801969968e-05 -5.48682272482864e-05 -5.683201919609458e-05 -5.879448437965507e-05 -6.073162793897089e-05 -6.261820294127899e-05 -6.44276922630437e-05 -6.613230130371562e-05 -6.770296378396294e-05 -6.910936297076486e-05 -7.0319970849661e-05 -7.130210802712857e-05 -7.20220274919052e-05 -7.24450257946565e-05 -7.253558573822535e-05 -7.225755532722544e-05 -7.157436627997911e-05 -7.044926899610931e-05 -6.884578597955464e-05 -6.672804994161495e-05 -6.40611331825404e-05 -6.081171610364949e-05 -5.694875308333318e-05 -5.244427209468915e-05 -4.727433762932301e-05 -4.142022174451971e-05 -3.486983542792804e-05 -2.761948150988802e-05 -1.967603094862815e-05 -1.105955251567855e-05 -1.806646595560812e-06 8.026251695852929e-06 1.835804360920462e-05 2.907865693822619e-05 4.004263811880081e-05 5.106395251210758e-05 6.191187391896983e-05 7.230989531975898e-05 8.193862255118815e-05 9.044600796403974e-05 9.746667876599776e-05 0.0001026511808732218 0.0001057035461646392 0.0001064220667536279 0.0001047343398153664 0.0001006439271829415 8.596914038109213e-05 -4.934503845684118e-05 -5.496401644526978e-05 -5.681513449723447e-05 -5.800943149724671e-05 -5.855696347952614e-05 -5.848687351021016e-05 -5.786369137815995e-05 -5.677440923943973e-05 -5.531805408220541e-05 -5.359688069151278e-05 -5.170948664992083e-05 -4.974601593131047e-05 -4.778531589416112e-05 -4.589371091034696e-05 -4.412497606796537e-05 -4.252110605612463e-05 -4.111353862007518e-05 -3.992457402077077e-05 -3.896881334829735e-05 -3.825450425058382e-05 -3.778473597871058e-05 -3.755846209522869e-05 -3.757132507441789e-05 -3.78163286425636e-05 -3.828437386608941e-05 -3.896468237698151e-05 -3.984506618795844e-05 -4.091213402811753e-05 -4.215142918148484e-05 -4.354751184974854e-05 -4.508399952235161e-05 -4.674357544946709e-05 -4.850797384201477e-05 -5.035794887764947e-05 -5.227323331950389e-05 -5.423249143110236e-05 -5.621327005863567e-05 -5.819195114259371e-05 -6.01437084366525e-05 -6.204247086227677e-05 -6.386089470144017e-05 -6.557034674215827e-05 -6.71409004933931e-05 -6.854134767694749e-05 -6.973922738011499e-05 -7.070087551031434e-05 -7.139149752931826e-05 -7.177526785934276e-05 -7.181545986325024e-05 -7.14746110276334e-05 -7.07147263711749e-05 -6.949747985303613e-05 -6.778464861929456e-05 -6.553845976567179e-05 -6.272188784702203e-05 -5.929928172426508e-05 -5.523699536759896e-05 -5.050414783274752e-05 -4.507354223725527e-05 -3.892278732606097e-05 -3.203567919718309e-05 -2.440391875682793e-05 -1.602926439556065e-05 -6.926225406546622e-06 2.874546727737119e-06 1.332225818392449e-05 2.43409098083223e-05 3.58249195919744e-05 4.763224815576579e-05 5.95793444266834e-05 7.143116525613656e-05 8.29013428308288e-05 9.36516758338031e-05 0.0001032995142983287 0.0001114348730974021 0.0001176490794184485 0.0001215752667495797 0.0001229375167607294 0.0001216000628081561 0.0001175272240252118 0.00010208496023496 -5.266923466616e-05 -5.942808050905572e-05 -6.1577967144628e-05 -6.28752541464624e-05 -6.335041176434698e-05 -6.305999389991915e-05 -6.210257371938215e-05 -6.060034233578564e-05 -5.868499159329417e-05 -5.648664753049906e-05 -5.412596180281896e-05 -5.170924924780947e-05 -4.932620848333943e-05 -4.704958691056433e-05 -4.493614047759875e-05 -4.302833227000265e-05 -4.135634992141642e-05 -3.994015578088168e-05 -3.87914011608145e-05 -3.791510950607662e-05 -3.7311106221571e-05 -3.69751545486493e-05 -3.689988774550988e-05 -3.707554688213126e-05 -3.749053367852967e-05 -3.813178839691168e-05 -3.898506735569906e-05 -4.003513168740497e-05 -4.126586346021631e-05 -4.266032607968657e-05 -4.420078297060493e-05 -4.586868562219929e-05 -4.764463992586174e-05 -4.950835794732316e-05 -5.143860084239695e-05 -5.341311748299883e-05 -5.540858248408537e-05 -5.740053666870153e-05 -5.936333252545106e-05 -6.127008688052578e-05 -6.309264279196436e-05 -6.480154258413125e-05 -6.636601394589725e-05 -6.775397110752974e-05 -6.893203328225812e-05 -6.98655628039589e-05 -7.051872570889923e-05 -7.085457789481888e-05 -7.083518046494236e-05 -7.042174858450764e-05 -6.957483617274599e-05 -6.825451209692765e-05 -6.642074545809891e-05 -6.403375614049629e-05 -6.105430230785711e-05 -5.744423741550344e-05 -5.316709527432794e-05 -4.818879648916718e-05 -4.247850569041049e-05 -3.600968345733965e-05 -2.876139413966465e-05 -2.071995406394086e-05 -1.188103242194224e-05 -2.252346544070058e-06 8.142881232595453e-06 1.926157202588387e-05 3.103534653198966e-05 4.336429771024093e-05 5.61106007208551e-05 6.909176366938063e-05 8.207434075817777e-05 9.47614792844203e-05 0.0001067956510186092 0.000117761959371021 0.0001272020049804813 0.0001346403766810784 0.0001396262634880688 0.0001417902742446995 0.0001409105196631612 0.0001368928969247967 0.0001205830914556916 -5.648691628546338e-05 -6.466307674097793e-05 -6.715808861199496e-05 -6.853863869094307e-05 -6.887028860286899e-05 -6.825355260027335e-05 -6.683752738813632e-05 -6.479361464579418e-05 -6.229661513844086e-05 -5.951124908714392e-05 -5.658368211583563e-05 -5.363735407131739e-05 -5.077207103528814e-05 -4.806526897772631e-05 -4.557449915779454e-05 -4.33404246161291e-05 -4.138985187852203e-05 -3.973852327720024e-05 -3.839355505604641e-05 -3.735545640153108e-05 -3.661971040535545e-05 -3.617807316980693e-05 -3.601957074801901e-05 -3.613122610295168e-05 -3.649856399905697e-05 -3.710597906738961e-05 -3.793698235320739e-05 -3.89743539253056e-05 -4.020022383642541e-05 -4.159609983863244e-05 -4.314285631293811e-05 -4.482069572830555e-05 -4.660909145606342e-05 -4.848671881772803e-05 -5.043137973241423e-05 -5.241992517269624e-05 -5.442817876237578e-05 -5.643086420652534e-05 -5.840153878555113e-05 -6.031253483763651e-05 -6.213491096598286e-05 -6.383841462930017e-05 -6.539145778635975e-05 -6.67611073561642e-05 -6.791309241606682e-05 -6.881183028484411e-05 -6.942047392160141e-05 -6.970098341097966e-05 -6.961422472151954e-05 -6.91200995792971e-05 -6.817770827898586e-05 -6.67455046944873e-05 -6.478160873079979e-05 -6.224415390509404e-05 -5.909157880624921e-05 -5.528308725598666e-05 -5.077917397423103e-05 -4.554225919310911e-05 -3.953746106007471e-05 -3.273354892831846e-05 -2.510414041494522e-05 -1.662923295924445e-05 -7.297196893796753e-06 2.892598494287881e-06 1.392631235805382e-05 2.577107244870849e-05 3.836909802113047e-05 5.163043021577888e-05 6.542453574571164e-05 7.957106891300536e-05 9.383494528988361e-05 0.000107916110847207 0.0001214378831223194 0.0001339497424785958 0.0001449396570442383 0.0001538560511849619 0.0001601478189625431 0.0001633267867076031 0.0001630527926141636 0.0001591439468922236 0.0001418296433680795 -6.097998920620567e-05 -7.093210513841458e-05 -7.38183280259728e-05 -7.523512818891149e-05 -7.530809072332884e-05 -7.420805681133238e-05 -7.215917816510378e-05 -6.940141430974596e-05 -6.616575042335903e-05 -6.265871895834607e-05 -5.90545737741684e-05 -5.549326270255987e-05 -5.208221004101013e-05 -4.890019571755334e-05 -4.600204833803127e-05 -4.342334619674295e-05 -4.118465392826748e-05 -3.929511655728446e-05 -3.775543249984424e-05 -3.656004683019762e-05 -3.569898380635251e-05 -3.515918442892677e-05 -3.492545146134459e-05 -3.49811134781054e-05 -3.530849421490702e-05 -3.588922173387075e-05 -3.670441551691102e-05 -3.773478329953785e-05 -3.896065203472995e-05 -4.036195171327251e-05 -4.19181662693498e-05 -4.360826238326191e-05 -4.541060436755514e-05 -4.730286133809583e-05 -4.926191138069918e-05 -5.126374631666e-05 -5.328337985653239e-05 -5.529476134800538e-05 -5.727069692040307e-05 -5.91827795671184e-05 -6.100132955806505e-05 -6.269534651940918e-05 -6.423247454094025e-05 -6.557898176000233e-05 -6.669975601567893e-05 -6.755831836064394e-05 -6.811685645479793e-05 -6.833628013937625e-05 -6.817630182236547e-05 -6.759554485297545e-05 -6.655168133662783e-05 -6.500156555111963e-05 -6.290145999419253e-05 -6.020737046255329e-05 -5.687534345292291e-05 -5.28618079495732e-05 -4.812402576721166e-05 -4.262063258194771e-05 -3.631229741757557e-05 -2.916254055203988e-05 -2.113877137365929e-05 -1.221363922886105e-05 -2.36683499441914e-06 8.412459130523434e-06 2.012220424474378e-05 3.274288621946399e-05 4.623127714896475e-05 6.051226498799575e-05 7.546870259754833e-05 9.092961439656578e-05 0.0001066584817424019 0.0001223477856103877 0.0001376085299495896 0.0001519558078567371 0.0001648150376962941 0.0001755460116774518 0.0001834763344980301 0.0001879652194024925 0.0001885076548359354 0.0001847871015847174 0.0001662731987431736 -6.640781327583973e-05 -7.860394471139653e-05 -8.191907012035532e-05 -8.327637798142343e-05 -8.290443242473738e-05 -8.108703816355183e-05 -7.816006526884065e-05 -7.445829136320697e-05 -7.028431304021035e-05 -6.589290682285644e-05 -6.148653623387728e-05 -5.721805387318688e-05 -5.319719399301977e-05 -4.949841340942685e-05 -4.61685497928171e-05 -4.323359736139112e-05 -4.070421875705228e-05 -3.858011304575463e-05 -3.685330658901652e-05 -3.551062378993094e-05 -3.453551771273886e-05 -3.390927640023456e-05 -3.361187688096596e-05 -3.362256076315036e-05 -3.392019854643487e-05 -3.448349912656467e-05 -3.529110826291659e-05 -3.632162864216214e-05 -3.755358555464015e-05 -3.896535581517106e-05 -4.053507283933745e-05 -4.224051732990271e-05 -4.405900048462033e-05 -4.596724478116324e-05 -4.794126604916246e-05 -4.995625957292252e-05 -5.198649228311353e-05 -5.400520262217952e-05 -5.598450935502976e-05 -5.789533040572433e-05 -5.970731270412492e-05 -6.138877400439418e-05 -6.2906657674612e-05 -6.422650154158213e-05 -6.531242199753056e-05 -6.612711472768888e-05 -6.66318735922377e-05 -6.678662938549024e-05 -6.655001041720508e-05 -6.58794272707131e-05 -6.473118263608414e-05 -6.306057775113221e-05 -6.082205256550712e-05 -5.796949646745946e-05 -5.445653708583674e-05 -5.023675290360702e-05 -4.526403106790728e-05 -3.949299119438041e-05 -3.287950058084179e-05 -2.538131451951446e-05 -1.695889751270401e-05 -7.576514454632289e-06 2.796268356660214e-06 1.41824587257096e-05 2.659457769047081e-05 4.003022925698645e-05 5.446575672285267e-05 6.98473922052419e-05 8.607945351417888e-05 0.0001030096052466483 0.0001204122325937566 0.0001379730149663661 0.0001552827239625475 0.0001718295432421623 0.000186975465782112 0.0001999725080238507 0.0002099991385606732 0.0002162163672707328 0.0002178853401248147 0.0002144776205037962 0.0001944867354636516 -7.318711529331057e-05 -8.820987187370885e-05 -9.196160468684416e-05 -9.307538811361472e-05 -9.19559672773767e-05 -8.906981586362111e-05 -8.491904295403138e-05 -7.996743845852109e-05 -7.460512013033388e-05 -6.913778343525155e-05 -6.37909168275399e-05 -5.872148673549502e-05 -5.403196983991439e-05 -4.978370024553132e-05 -4.600812858277959e-05 -4.27158600571321e-05 -3.990316902353534e-05 -3.755705911631622e-05 -3.565861694801277e-05 -3.418550313818721e-05 -3.311345951542718e-05 -3.241736963840916e-05 -3.207192261336533e-05 -3.205200219688473e-05 -3.233288503539323e-05 -3.289030848373359e-05 -3.370045080211102e-05 -3.473985377608917e-05 -3.598530881982606e-05 -3.741372127951621e-05 -3.900196319833518e-05 -4.072672168267789e-05 -4.256434782034812e-05 -4.449070957400687e-05 -4.648105101523849e-05 -4.850985954094193e-05 -5.055074222870753e-05 -5.257631217470015e-05 -5.455808546927011e-05 -5.646638936824241e-05 -5.827028218729178e-05 -5.993748546541551e-05 -6.14343289978926e-05 -6.272570941830167e-05 -6.3775063103696e-05 -6.454435427804842e-05 -6.499407928749234e-05 -6.508328810671188e-05 -6.476962422740555e-05 -6.40093843461696e-05 -6.275759763578126e-05 -6.096809547089037e-05 -5.859358122007927e-05 -5.558590364322544e-05 -5.189630435018401e-05 -4.747550532511507e-05 -4.227395702574303e-05 -3.624212175781939e-05 -2.933081292903363e-05 -2.149161396537946e-05 -1.267742138374182e-05 -2.843188501915807e-06 8.053001217623725e-06 2.004831963407723e-05 3.31727032530243e-05 4.744497980169214e-05 6.286689489927643e-05 7.941411631614638e-05 9.702322277859193e-05 0.0001155739755444585 0.0001348671531092309 0.000154600259204352 0.0001743464029860657 0.0001935502000337661 0.000211521836616286 0.0002273939950915615 0.0002401559960251225 0.0002487094883084022 0.0002519790861182877 0.000249096489928493 0.000227293446903578 -8.204267198874178e-05 -0.0001005353010290196 -0.0001046519975842161 -0.000105176602192823 -0.0001028144595853389 -9.832970549723477e-05 -9.247001709648354e-05 -8.586863515903001e-05 -7.901397859389709e-05 -7.22554882002452e-05 -6.582643552408667e-05 -5.987082783688614e-05 -5.446840214547676e-05 -4.965472711128682e-05 -4.543621079782574e-05 -4.180090167446102e-05 -3.872586851935707e-05 -3.618207047215119e-05 -3.413749818737586e-05 -3.255911582553741e-05 -3.141405080668938e-05 -3.067027514701628e-05 -3.029693921823052e-05 -3.026448356915127e-05 -3.054461052078247e-05 -3.111016958581747e-05 -3.193499226463649e-05 -3.29936994667923e-05 -3.426149668063231e-05 -3.571396662932259e-05 -3.732686559927278e-05 -3.907592729288859e-05 -4.093667653238327e-05 -4.288425415652788e-05 -4.489325382927782e-05 -4.693757109924792e-05 -4.899026483231401e-05 -5.10234310327513e-05 -5.300808903517706e-05 -5.491408006519884e-05 -5.670997821343966e-05 -5.836301393252717e-05 -5.983901023931637e-05 -6.110233187588174e-05 -6.211584774374696e-05 -6.284090696705841e-05 -6.323732895133402e-05 -6.326340777246017e-05 -6.287593118050668e-05 -6.203021463523668e-05 -6.068014823082676e-05 -5.877821850364439e-05 -5.627553430857151e-05 -5.312204997154877e-05 -4.926672514113882e-05 -4.465750688218164e-05 -3.924145265924781e-05 -3.296485346097923e-05 -2.577336900498499e-05 -1.761218524081266e-05 -8.426221073838344e-06 1.83956188476845e-06 1.323964480378845e-05 2.582704884185217e-05 3.965172629845223e-05 5.475771818652974e-05 7.117824615223292e-05 8.892751331518164e-05 0.0001079875907986451 0.0001282886069960109 0.0001496810243288919 0.0001719008209963389 0.0001945323650760719 0.0002169793887551187 0.0002384669275554208 0.0002580318297901195 0.0002744286508916293 0.0002862180582562091 0.000291839575842377 0.0002898764183498451 0.0002660258406035294 -9.405755124218555e-05 -0.0001167473444984946 -0.0001209920965930122 -0.0001202852473783355 -0.000115864357410816 -0.0001089833578492367 -0.0001007445428506022 -9.198720708640537e-05 -8.329023715575824e-05 -7.501861124591678e-05 -6.738112041491949e-05 -6.047981215829363e-05 -5.434898366193931e-05 -4.898157810619124e-05 -4.434755456087902e-05 -4.040484658077129e-05 -3.710642545878429e-05 -3.440412113042916e-05 -3.225090431695269e-05 -3.060204042000925e-05 -2.941557711041645e-05 -2.865243966818855e-05 -2.827630121993999e-05 -2.825333231798983e-05 -2.855189216129679e-05 -2.914219824062702e-05 -2.999599560509529e-05 -3.108623750051731e-05 -3.238678346604944e-05 -3.387211761972426e-05 -3.551708792341413e-05 -3.729666614114434e-05 -3.91857276506972e-05 -4.115885002760409e-05 -4.319012926421337e-05 -4.525301253560497e-05 -4.732014653030722e-05 -4.93632404974597e-05 -5.135294330500636e-05 -5.325873394405702e-05 -5.504882504464685e-05 -5.6690079081357e-05 -5.814793703749966e-05 -5.938635935702946e-05 -6.036777903584441e-05 -6.105306667877334e-05 -6.140150726303474e-05 -6.137078818974439e-05 -6.091699800883079e-05 -5.999463516703848e-05 -5.855662195519102e-05 -5.65542716463692e-05 -5.393729791309763e-05 -5.065397475194255e-05 -4.665116338337193e-05 -4.187421871173103e-05 -3.62669759057253e-05 -2.977170011481994e-05 -2.232899772249898e-05 -1.387768264884488e-05 -4.354601029103296e-06 6.305564686145305e-06 1.817045516103598e-05 3.131003182194892e-05 4.579616327505709e-05 6.170133450899838e-05 7.909565359229376e-05 9.804077498680042e-05 0.0001185785921885179 0.0001407117055392671 0.0001643722208602542 0.000189376470982415 0.0002153674386900229 0.0002417550910365962 0.0002676753829400956 0.0002920058270667991 0.0003133047177813835 0.0003296733540084494 0.0003388612111245007 0.000338558815666054 0.0003126664986715568 -0.0001100549018455889 -0.0001385581775380968 -0.0001424136387955878 -0.0001392813418735307 -0.0001314507909099695 -0.0001209872215600956 -0.0001094750449079047 -9.796020800380411e-05 -8.705763949634127e-05 -7.708084361896645e-05 -6.815669920711373e-05 -6.030144730347335e-05 -5.347400471160031e-05 -4.760570145062041e-05 -4.26179484136841e-05 -3.843144293524001e-05 -3.497080148984574e-05 -3.216656740948543e-05 -2.995579080963314e-05 -2.8281845838367e-05 -2.709389329983288e-05 -2.634620345200142e-05 -2.599745110006135e-05 -2.601003849474146e-05 -2.634947056428419e-05 -2.698379059183452e-05 -2.78830761183567e-05 -2.90189909614089e-05 -3.036438773281461e-05 -3.189295496235764e-05 -3.357890326076655e-05 -3.539668554197858e-05 -3.732074699118562e-05 -3.93253011199967e-05 -4.138412885095348e-05 -4.347039810461283e-05 -4.555650182078567e-05 -4.761391273467415e-05 -4.961305355396655e-05 -5.152318144968472e-05 -5.331228598543286e-05 -5.494699976831553e-05 -5.639252120911695e-05 -5.761254882538035e-05 -5.856922650142475e-05 -5.922309902288648e-05 -5.953307701461256e-05 -5.945641011692722e-05 -5.894866688544478e-05 -5.796371946700842e-05 -5.645372482534219e-05 -5.436904400671373e-05 -5.165824922109587e-05 -4.826820360877079e-05 -4.414393708349942e-05 -3.922850334239506e-05 -3.346282623071287e-05 -2.678547273469262e-05 -1.913233327491285e-05 -1.043618395970834e-05 -6.26105921054058e-07 1.037325809579053e-05 2.264261257159855e-05 3.626904468325563e-05 5.134705856724119e-05 6.797930204781967e-05 8.627633997179778e-05 0.000106354216370083 0.0001283275188419772 0.0001522941028660062 0.000178305696923518 0.0002063172013967676 0.0002361090621513747 0.0002671858431037144 0.0002986728897587113 0.0003292538741862676 0.0003572066996204312 0.0003801599605160671 0.000394872014247998 0.0003975072113249927 0.0003689429750540468 -0.0001291851215097338 -0.0001685883200540774 -0.0001710065733570427 -0.0001631778695804013 -0.0001497009252515899 -0.0001339456836275527 -0.0001180484694527654 -0.0001031448213674738 -8.973580212231694e-05 -7.795639257571058e-05 -6.776236179725725e-05 -5.902951515529517e-05 -5.160766373964436e-05 -4.534744934592375e-05 -4.011136432255355e-05 -3.577779088996445e-05 -3.224115654414934e-05 -2.941051117635982e-05 -2.720758760948656e-05 -2.556482756421603e-05 -2.442357487001102e-05 -2.373249997540035e-05 -2.344625907971363e-05 -2.352436584432025e-05 -2.39302456643349e-05 -2.463044236111333e-05 -2.55939502698506e-05 -2.679164878608093e-05 -2.819582047885485e-05 -2.977973747542202e-05 -3.151730386144237e-05 -3.338274433680503e-05 -3.535033138323962e-05 -3.739414481236582e-05 -3.948785884517244e-05 -4.160455289037057e-05 -4.371654299272279e-05 -4.579523155546087e-05 -4.781097343568366e-05 -4.973295689209038e-05 -5.152909814708026e-05 -5.316594852027783e-05 -5.460861320226126e-05 -5.582068076466804e-05 -5.676416243952606e-05 -5.739944003400509e-05 -5.768522105626544e-05 -5.757849920110476e-05 -5.703451781698314e-05 -5.600673241665934e-05 -5.444675776020568e-05 -5.230427124382226e-05 -4.952700602714604e-05 -4.606071723449967e-05 -4.184895312202364e-05 -3.683286350087046e-05 -3.095091413923488e-05 -2.413849208134439e-05 -1.632736492883933e-05 -7.444948991192752e-06 2.586668707952997e-06 1.385201940706469e-05 2.644392389017396e-05 4.046561301232963e-05 5.603333252603028e-05 7.327937300436748e-05 9.235523853436212e-05 0.0001134341725248697 0.0001367112538943842 0.0001623973828020686 0.0001907002427144115 0.0002217806541681793 0.0002556681301697906 0.000292120473212481 0.0003304303061152511 0.000369224859122525 0.0004063710947360311 0.0004389161389842425 0.0004623176971321907 0.0004698790332486062 0.0004339553316326056 -0.0001512251710732724 -0.0002117378255080245 -0.0002099006086122465 -0.0001928811737687972 -0.0001701259063634104 -0.0001467938879392923 -0.0001253206532117886 -0.0001065356251232283 -9.051340559314705e-05 -7.702076498237545e-05 -6.573093207588647e-05 -5.631963171660746e-05 -4.849792926962642e-05 -4.202226294406831e-05 -3.669203873866133e-05 -3.234344640627913e-05 -2.884265529527233e-05 -2.607974944204182e-05 -2.396371789089787e-05 -2.241844664700733e-05 -2.137955411572365e-05 -2.079190354597502e-05 -2.060764619528797e-05 -2.07846750748142e-05 -2.128539441157455e-05 -2.207573163606311e-05 -2.312433611816928e-05 -2.440192236453039e-05 -2.588072565573332e-05 -2.753404585701768e-05 -2.933586098070492e-05 -3.126049648170682e-05 -3.328233958780805e-05 -3.537559047535575e-05 -3.751404400177315e-05 -3.967089715004343e-05 -4.181857843846822e-05 -4.392859638321049e-05 -4.597140473055078e-05 -4.791628264237211e-05 -4.973122835074429e-05 -5.138286501359715e-05 -5.283635761245916e-05 -5.405533973682508e-05 -5.500184899305457e-05 -5.563626954883951e-05 -5.59172799671412e-05 -5.580180402359384e-05 -5.524496161832438e-05 -5.420001237743508e-05 -5.261825374815405e-05 -5.044898409341029e-05 -4.763944653210025e-05 -4.413459500397126e-05 -3.987691907855509e-05 -3.480615654621041e-05 -2.885889881043099e-05 -2.196805169305396e-05 -1.406210318353519e-05 -5.06413400698295e-06 5.109512347012532e-06 1.655100851717048e-05 2.93634108007535e-05 4.366379185791357e-05 5.958735216004957e-05 7.729274456690666e-05 9.696880803085647e-05 0.0001188427057034159 0.000143188867047699 0.0001703366518222701 0.0002006713434431069 0.0002346164226681725 0.0002725735371266582 0.0003147815612205689 0.0003610497383145688 0.0004103540202552559 0.0004603924877316334 0.0005072991966420008 0.0005448589909802436 0.0005609943292411205 0.0005064603036083537 -0.0001978060158495397 -0.0002792328581237815 -0.0002634618487244436 -0.0002283133977251514 -0.0001908301168826469 -0.0001573693218604769 -0.0001294464317517061 -0.0001067287905948343 -8.838045945973497e-05 -7.356520885438549e-05 -6.157109200236685e-05 -5.183134938310693e-05 -4.390711866989969e-05 -3.746254160159684e-05 -3.224034684376721e-05 -2.804181114680975e-05 -2.471157363473966e-05 -2.212651235447698e-05 -2.018763888978378e-05 -1.881415950443473e-05 -1.793909029858521e-05 -1.750599349338541e-05 -1.746652527480341e-05 -1.777857282225748e-05 -1.840482129851248e-05 -1.931163695316901e-05 -2.046818464938343e-05 -2.18457208183532e-05 -2.341701894528281e-05 -2.515589620268363e-05 -2.703681813666035e-05 -2.903456431605345e-05 -3.112394222736872e-05 -3.327953990192996e-05 -3.547551012143141e-05 -3.768538079447491e-05 -3.988188739270509e-05 -4.203682429632215e-05 -4.412091260631057e-05 -4.610368249125501e-05 -4.79533684880714e-05 -4.963681639222448e-05 -5.111940046651014e-05 -5.236494967135965e-05 -5.333568146866665e-05 -5.39921414626878e-05 -5.429314670058382e-05 -5.419572986374058e-05 -5.365508052567385e-05 -5.262447463424301e-05 -5.105516955868096e-05 -4.889637436422305e-05 -4.609512090970865e-05 -4.259595331004955e-05 -3.834076514507181e-05 -3.326844166744531e-05 -2.731438516415916e-05 -2.040986818867931e-05 -1.248115800123776e-05 -3.448332855523861e-06 6.776316012453407e-06 1.829044087580397e-05 3.12045497743373e-05 4.564594605654107e-05 6.176406940728955e-05 7.973775085709786e-05 9.978506929069942e-05 0.000122176685710121 0.0001472536353189987 0.0001754502655983599 0.0002073214677960966 0.0002435684722168661 0.0002850448648354289 0.0003326970715282616 0.0003873469217602704 0.0004491777283537379 0.0005168168185647003 0.0005860821161627672 0.0006483265308658878 0.0006836992428463541 0.0006123474469435203 -0.0003649196479401033 -0.0003948240381857119 -0.000335343515155955 -0.0002660541886679586 -0.0002072431595999883 -0.0001619648011469187 -0.0001278684145933648 -0.0001020557218441428 -8.226855398225888e-05 -6.690728488319862e-05 -5.484366588470538e-05 -4.527911917719072e-05 -3.764702520514606e-05 -3.154216831938094e-05 -2.667010315460327e-05 -2.281254852987105e-05 -1.980438026935019e-05 -1.751824234887945e-05 -1.585401678477696e-05 -1.473146690098078e-05 -1.408502283763704e-05 -1.386003986954449e-05 -1.40100767966786e-05 -1.44948858453758e-05 -1.527890411712335e-05 -1.633010296744559e-05 -1.761909590594524e-05 -1.91184353397083e-05 -2.080204882715046e-05 -2.264477963127579e-05 -2.462200625446702e-05 -2.670932261798348e-05 -2.888226551244985e-05 -3.111607950159725e-05 -3.338551202752133e-05 -3.566463332780904e-05 -3.792667713046084e-05 -4.014389907845957e-05 -4.228745054660951e-05 -4.432726601363208e-05 -4.623196248512086e-05 -4.796874965435784e-05 -4.950334955173865e-05 -5.079992437259016e-05 -5.182101098163619e-05 -5.252746025795195e-05 -5.287837895355481e-05 -5.283107103301012e-05 -5.234097351600664e-05 -5.136157473974038e-05 -4.984435196026708e-05 -4.773869665436162e-05 -4.499168715045467e-05 -4.154786032265211e-05 -3.734899299411937e-05 -3.233371256586778e-05 -2.643697830737738e-05 -1.958937604810557e-05 -1.171616377153256e-05 -2.73598020605971e-06 7.440903300905885e-06 1.891495385739898e-05 3.180060504300972e-05 4.623067615469692e-05 6.236246716542985e-05 8.038624117804474e-05 0.0001005371533812737 0.0001231122190567999 0.0001484947252674613 0.0001771896604338244 0.0002098751409379838 0.0002474755308574443 0.0002912586564197884 0.0003429427908569796 0.0004047470010782048 0.0004791937445138365 0.0005682470554972092 0.0006710777001000198 0.0007793908490399019 0.0008680141743856352 0.0008706955542468069 -0.000834782772248681 -0.0005903823643751398 -0.0004202354285810482 -0.0002945649337960375 -0.0002108469932353123 -0.0001555727688341431 -0.0001177910535647417 -9.093688684082151e-05 -7.127034914545373e-05 -5.652728221302586e-05 -4.525424749100842e-05 -3.649814848859294e-05 -2.962711851307514e-05 -2.421316187054515e-05 -1.995745072478819e-05 -1.664501505767026e-05 -1.411718042581463e-05 -1.225405476696428e-05 -1.096291843620826e-05 -1.017035075449391e-05 -9.816824062852656e-06 -9.852940511605394e-06 -1.023676499351155e-05 -1.093189757337637e-05 -1.19060533849116e-05 -1.312999653904931e-05 -1.457672435665415e-05 -1.622083076758415e-05 -1.803799956563344e-05 -2.000459307661367e-05 -2.209731198082227e-05 -2.429290905865352e-05 -2.656794452392269e-05 -2.889857405307712e-05 -3.126036306011337e-05 -3.362812250817538e-05 -3.597576279397842e-05 -3.827616312993682e-05 -4.050105447584236e-05 -4.262091450094874e-05 -4.46048733295091e-05 -4.642062896310911e-05 -4.803437129339959e-05 -4.941071351964516e-05 -5.051262955804174e-05 -5.130139565884893e-05 -5.173653390185686e-05 -5.177575438158891e-05 -5.137489172558981e-05 -5.048783290919935e-05 -4.906647480468377e-05 -4.706059279731671e-05 -4.441759498251257e-05 -4.108238378606503e-05 -3.699708096277422e-05 -3.210064359592653e-05 -2.632834295453165e-05 -1.961105675686835e-05 -1.187431088907608e-05 -3.036982406859723e-06 6.99045758798761e-06 1.83083312888942e-05 3.103101408333332e-05 4.529141887543004e-05 6.124722576030764e-05 7.908964345951145e-05 9.905591511889056e-05 0.0001214474898374211 0.0001466570141962406 0.0001752095016780573 0.0002078268846412036 0.0002455313657033591 0.0002898121745162882 0.0003428936991344682 0.0004081616640027964 0.0004908070993570299 0.0005985874542586685 0.0007417295028344563 0.0009283591022571827 0.001152076013314145 0.001497115029884825 -0.001583717999172923 -0.0008663334594989629 -0.0004751158762092087 -0.0002836214797308416 -0.0001873729081233408 -0.0001320366432495212 -9.623270570045555e-05 -7.173612575819371e-05 -5.44800640972225e-05 -4.194877353618272e-05 -3.256210804481195e-05 -2.536740388891191e-05 -1.978519361278659e-05 -1.544181258609532e-05 -1.208151175950014e-05 -9.522756913663602e-06 -7.63359790779047e-06 -6.315705070000409e-06 -5.493643382547924e-06 -5.107774830612373e-06 -5.109576856970183e-06 -5.458487221969436e-06 -6.119711500972183e-06 -7.062659148345741e-06 -8.259804124407833e-06 -9.685837408270927e-06 -1.131702204289134e-05 -1.313069019964117e-05 -1.510484128457733e-05 -1.721781315953283e-05 -1.944800723495005e-05 -2.177365403798041e-05 -2.417260986037094e-05 -2.662217786131909e-05 -2.909894893223144e-05 -3.157865898230008e-05 -3.40360602510196e-05 -3.644480491425865e-05 -3.87773397027004e-05 -4.10048105468858e-05 -4.309697643392511e-05 -4.502213172563764e-05 -4.674703615397453e-05 -4.823685157387036e-05 -4.945508430222433e-05 -5.036353148686616e-05 -5.092222939153861e-05 -5.108940044728775e-05 -5.082139710241308e-05 -5.007265407749358e-05 -4.87956202255223e-05 -4.694061252494155e-05 -4.445566399419748e-05 -4.128636381927729e-05 -3.737560015744873e-05 -3.266321086193057e-05 -2.708550432071056e-05 -2.057460773223748e-05 -1.305758418894572e-05 -4.4552386326037e-06 5.319497418391566e-06 1.636375617680206e-05 2.878771778904828e-05 4.271870696926496e-05 5.830687687782612e-05 7.573320199949603e-05 9.522089132070682e-05 0.0001170519681939358 0.0001415919367186378 0.0001693279732594561 0.0002009314737375098 0.000237365043948257 0.0002800638806569145 0.000331227946115328 0.0003943119488932029 0.0004751504150393643 0.0005853652853864883 0.0007517101251970322 0.001033588703214994 0.001537040456445926 0.002433388201108315 -0.00178321336826931 -0.0006951873271150882 -0.0001566046656474539 -2.055372026397869e-05 -1.556124671959569e-05 -1.95156558443855e-05 -1.425349230739607e-05 -7.152021627485973e-06 -2.186502725556807e-06 9.102714007991691e-07 3.121345248238132e-06 4.899999681874924e-06 6.329111326621415e-06 7.407462788322023e-06 8.146273895952957e-06 8.567224123352958e-06 8.690078804459287e-06 8.530303950051885e-06 8.101170645430155e-06 7.415464677152796e-06 6.486072520385123e-06 5.32607534516967e-06 3.948772390652813e-06 2.367726551119638e-06 5.96818319578774e-07 -1.349702222983078e-06 -3.457162237649413e-06 -5.710407011591693e-06 -8.093733281532952e-06 -1.059081567967766e-05 -1.31846277527355e-05 -1.585735908602969e-05 -1.85903299982397e-05 -2.136390518844509e-05 -2.415740761447204e-05 -2.694903375902772e-05 -2.971577130860783e-05 -3.243332013867504e-05 -3.507601736938486e-05 -3.761676712632665e-05 -4.00269755047311e-05 -4.22764910872523e-05 -4.433355119888346e-05 -4.616473388241833e-05 -4.773491528302221e-05 -4.900723159849558e-05 -4.994304395400965e-05 -5.050190445549114e-05 -5.064152481648239e-05 -5.031775187458819e-05 -4.948453361039589e-05 -4.80938457920672e-05 -4.609560084410675e-05 -4.34375492513856e-05 -4.006513916696153e-05 -3.592131378105251e-05 -3.094622394847802e-05 -2.507683151305483e-05 -1.824637101045473e-05 -1.038362666823856e-05 -1.411968286933709e-06 8.751927036209897e-06 2.019976277546805e-05 3.303385164355828e-05 4.737008156131453e-05 6.334191666004983e-05 8.110578407925078e-05 0.0001008479431248482 0.0001227923811015181 0.0001472108313377622 0.000174447358619818 0.0002049953165058638 0.0002396535929695897 0.0002795555262570081 0.0003252658150994316 0.0003743292071830904 0.0004224335824671367 0.0004902981485161451 0.000706282989088657 0.001378138738256353 0.002709829312039543
</DataArray>
</PointData>
</Piece>
</UnstructuredGrid>
</VTKFile>
