<?xml version="1.0"?>
<!-- forge presentation artifact, not evidence: {"case": "flagship", "execution": "f7bb9114e8c4ed7d02f99dd1d3cfe3f0f23475641a00a6c944dc2848c06471e0", "fields": {"displacement": "m", "temperature": "K", "von_mises": "Pa"}, "mesh_digest": "7668efb385175d26f565862fc2d083ac46209184fde30f8f53a5e8298bd552bb", "provider": "fenicsx"} -->
<VTKFile type="UnstructuredGrid" version="0.1" byte_order="LittleEndian">
<UnstructuredGrid>
<Piece NumberOfPoints="1377" NumberOfCells="2560">
<Points>
<DataArray type="Float64" NumberOfComponents="3" format="ascii">
0.0 0.0 0.0 0.0025 0.0 0.0 0.005 0.0 0.0 0.0075 0.0 0.0 0.01 0.0 0.0 0.0125 0.0 0.0 0.015 0.0 0.0 0.0175 0.0 0.0 0.02 0.0 0.0 0.0225 0.0 0.0 0.025 0.0 0.0 0.0275 0.0 0.0 0.03 0.0 0.0 0.0325 0.0 0.0 0.035 0.0 0.0 0.0375 0.0 0.0 0.04 0.0 0.0 0.0425 0.0 0.0 0.045 0.0 0.0 0.0475 0.0 0.0 0.05 0.0 0.0 0.0525 0.0 0.0 0.055 0.0 0.0 0.0575 0.0 0.0 0.06 0.0 0.0 0.0625 0.0 0.0 0.065 0.0 0.0 0.0675 0.0 0.0 0.07 0.0 0.0 0.0725 0.0 0.0 0.075 0.0 0.0 0.0775 0.0 0.0 0.08 0.0 0.0 0.0825 0.0 0.0 0.085 0.0 0.0 0.08750000000000001 0.0 0.0 0.09 0.0 0.0 0.0925 0.0 0.0 0.095 0.0 0.0 0.0975 0.0 0.0 0.1 0.0 0.0 0.10250000000000001 0.0 0.0 0.105 0.0 0.0 0.1075 0.0 0.0 0.11 0.0 0.0 0.1125 0.0 0.0 0.115 0.0 0.0 0.11750000000000001 0.0 0.0 0.12 0.0 0.0 0.1225 0.0 0.0 0.125 0.0 0.0 0.1275 0.0 0.0 0.13 0.0 0.0 0.1325 0.0 0.0 0.135 0.0 0.0 0.1375 0.0 0.0 0.14 0.0 0.0 0.14250000000000002 0.0 0.0 0.145 0.0 0.0 0.1475 0.0 0.0 0.15 0.0 0.0 0.1525 0.0 0.0 0.155 0.0 0.0 0.1575 0.0 0.0 0.16 0.0 0.0 0.1625 0.0 0.0 0.165 0.0 0.0 0.1675 0.0 0.0 0.17 0.0 0.0 0.17250000000000001 0.0 0.0 0.17500000000000002 0.0 0.0 0.1775 0.0 0.0 0.18 0.0 0.0 0.1825 0.0 0.0 0.185 0.0 0.0 0.1875 0.0 0.0 0.19 0.0 0.0 0.1925 0.0 0.0 0.195 0.0 0.0 0.1975 0.0 0.0 0.2 0.0 0.0 0.0 0.00125 0.0 0.0025 0.00125 0.0 0.005 0.00125 0.0 0.0075 0.00125 0.0 0.01 0.00125 0.0 0.0125 0.00125 0.0 0.015 0.00125 0.0 0.0175 0.00125 0.0 0.02 0.00125 0.0 0.0225 0.00125 0.0 0.025 0.00125 0.0 0.0275 0.00125 0.0 0.03 0.00125 0.0 0.0325 0.00125 0.0 0.035 0.00125 0.0 0.0375 0.00125 0.0 0.04 0.00125 0.0 0.0425 0.00125 0.0 0.045 0.00125 0.0 0.0475 0.00125 0.0 0.05 0.00125 0.0 0.0525 0.00125 0.0 0.055 0.00125 0.0 0.0575 0.00125 0.0 0.06 0.00125 0.0 0.0625 0.00125 0.0 0.065 0.00125 0.0 0.0675 0.00125 0.0 0.07 0.00125 0.0 0.0725 0.00125 0.0 0.075 0.00125 0.0 0.0775 0.00125 0.0 0.08 0.00125 0.0 0.0825 0.00125 0.0 0.085 0.00125 0.0 0.08750000000000001 0.00125 0.0 0.09 0.00125 0.0 0.0925 0.00125 0.0 0.095 0.00125 0.0 0.0975 0.00125 0.0 0.1 0.00125 0.0 0.10250000000000001 0.00125 0.0 0.105 0.00125 0.0 0.1075 0.00125 0.0 0.11 0.00125 0.0 0.1125 0.00125 0.0 0.115 0.00125 0.0 0.11750000000000001 0.00125 0.0 0.12 0.00125 0.0 0.1225 0.00125 0.0 0.125 0.00125 0.0 0.1275 0.00125 0.0 0.13 0.00125 0.0 0.1325 0.00125 0.0 0.135 0.00125 0.0 0.1375 0.00125 0.0 0.14 0.00125 0.0 0.14250000000000002 0.00125 0.0 0.145 0.00125 0.0 0.1475 0.00125 0.0 0.15 0.00125 0.0 0.1525 0.00125 0.0 0.155 0.00125 0.0 0.1575 0.00125 0.0 0.16 0.00125 0.0 0.1625 0.00125 0.0 0.165 0.00125 0.0 0.1675 0.00125 0.0 0.17 0.00125 0.0 0.17250000000000001 0.00125 0.0 0.17500000000000002 0.00125 0.0 0.1775 0.00125 0.0 0.18 0.00125 0.0 0.1825 0.00125 0.0 0.185 0.00125 0.0 0.1875 0.00125 0.0 0.19 0.00125 0.0 0.1925 0.00125 0.0 0.195 0.00125 0.0 0.1975 0.00125 0.0 0.2 0.00125 0.0 0.0 0.0025 0.0 0.0025 0.0025 0.0 0.005 0.0025 0.0 0.0075 0.0025 0.0 0.01 0.0025 0.0 0.0125 0.0025 0.0 0.015 0.0025 0.0 0.0175 0.0025 0.0 0.02 0.0025 0.0 0.0225 0.0025 0.0 0.025 0.0025 0.0 0.0275 0.0025 0.0 0.03 0.0025 0.0 0.0325 0.0025 0.0 0.035 0.0025 0.0 0.0375 0.0025 0.0 0.04 0.0025 0.0 0.0425 0.0025 0.0 0.045 0.0025 0.0 0.0475 0.0025 0.0 0.05 0.0025 0.0 0.0525 0.0025 0.0 0.055 0.0025 0.0 0.0575 0.0025 0.0 0.06 0.0025 0.0 0.0625 0.0025 0.0 0.065 0.0025 0.0 0.0675 0.0025 0.0 0.07 0.0025 0.0 0.0725 0.0025 0.0 0.075 0.0025 0.0 0.0775 0.0025 0.0 0.08 0.0025 0.0 0.0825 0.0025 0.0 0.085 0.0025 0.0 0.08750000000000001 0.0025 0.0 0.09 0.0025 0.0 0.0925 0.0025 0.0 0.095 0.0025 0.0 0.0975 0.0025 0.0 0.1 0.0025 0.0 0.10250000000000001 0.0025 0.0 0.105 0.0025 0.0 0.1075 0.0025 0.0 0.11 0.0025 0.0 0.1125 0.0025 0.0 0.115 0.0025 0.0 0.11750000000000001 0.0025 0.0 0.12 0.0025 0.0 0.1225 0.0025 0.0 0.125 0.0025 0.0 0.1275 0.0025 0.0 0.13 0.0025 0.0 0.1325 0.0025 0.0 0.135 0.0025 0.0 0.1375 0.0025 0.0 0.14 0.0025 0.0 0.14250000000000002 0.0025 0.0 0.145 0.0025 0.0 0.1475 0.0025 0.0 0.15 0.0025 0.0 0.1525 0.0025 0.0 0.155 0.0025 0.0 0.1575 0.0025 0.0 0.16 0.0025 0.0 0.1625 0.0025 0.0 0.165 0.0025 0.0 0.1675 0.0025 0.0 0.17 0.0025 0.0 0.17250000000000001 0.0025 0.0 0.17500000000000002 0.0025 0.0 0.1775 0.0025 0.0 0.18 0.0025 0.0 0.1825 0.0025 0.0 0.185 0.0025 0.0 0.1875 0.0025 0.0 0.19 0.0025 0.0 0.1925 0.0025 0.0 0.195 0.0025 0.0 0.1975 0.0025 0.0 0.2 0.0025 0.0 0.0 0.00375 0.0 0.0025 0.00375 0.0 0.005 0.00375 0.0 0.0075 0.00375 0.0 0.01 0.00375 0.0 0.0125 0.00375 0.0 0.015 0.00375 0.0 0.0175 0.00375 0.0 0.02 0.00375 0.0 0.0225 0.00375 0.0 0.025 0.00375 0.0 0.0275 0.00375 0.0 0.03 0.00375 0.0 0.0325 0.00375 0.0 0.035 0.00375 0.0 0.0375 0.00375 0.0 0.04 0.00375 0.0 0.0425 0.00375 0.0 0.045 0.00375 0.0 0.0475 0.00375 0.0 0.05 0.00375 0.0 0.0525 0.00375 0.0 0.055 0.00375 0.0 0.0575 0.00375 0.0 0.06 0.00375 0.0 0.0625 0.00375 0.0 0.065 0.00375 0.0 0.0675 0.00375 0.0 0.07 0.00375 0.0 0.0725 0.00375 0.0 0.075 0.00375 0.0 0.0775 0.00375 0.0 0.08 0.00375 0.0 0.0825 0.00375 0.0 0.085 0.00375 0.0 0.08750000000000001 0.00375 0.0 0.09 0.00375 0.0 0.0925 0.00375 0.0 0.095 0.00375 0.0 0.0975 0.00375 0.0 0.1 0.00375 0.0 0.10250000000000001 0.00375 0.0 0.105 0.00375 0.0 0.1075 0.00375 0.0 0.11 0.00375 0.0 0.1125 0.00375 0.0 0.115 0.00375 0.0 0.11750000000000001 0.00375 0.0 0.12 0.00375 0.0 0.1225 0.00375 0.0 0.125 0.00375 0.0 0.1275 0.00375 0.0 0.13 0.00375 0.0 0.1325 0.00375 0.0 0.135 0.00375 0.0 0.1375 0.00375 0.0 0.14 0.00375 0.0 0.14250000000000002 0.00375 0.0 0.145 0.00375 0.0 0.1475 0.00375 0.0 0.15 0.00375 0.0 0.1525 0.00375 0.0 0.155 0.00375 0.0 0.1575 0.00375 0.0 0.16 0.00375 0.0 0.1625 0.00375 0.0 0.165 0.00375 0.0 0.1675 0.00375 0.0 0.17 0.00375 0.0 0.17250000000000001 0.00375 0.0 0.17500000000000002 0.00375 0.0 0.1775 0.00375 0.0 0.18 0.00375 0.0 0.1825 0.00375 0.0 0.185 0.00375 0.0 0.1875 0.00375 0.0 0.19 0.00375 0.0 0.1925 0.00375 0.0 0.195 0.00375 0.0 0.1975 0.00375 0.0 0.2 0.00375 0.0 0.0 0.005 0.0 0.0025 0.005 0.0 0.005 0.005 0.0 0.0075 0.005 0.0 0.01 0.005 0.0 0.0125 0.005 0.0 0.015 0.005 0.0 0.0175 0.005 0.0 0.02 0.005 0.0 0.0225 0.005 0.0 0.025 0.005 0.0 0.0275 0.005 0.0 0.03 0.005 0.0 0.0325 0.005 0.0 0.035 0.005 0.0 0.0375 0.005 0.0 0.04 0.005 0.0 0.0425 0.005 0.0 0.045 0.005 0.0 0.0475 0.005 0.0 0.05 0.005 0.0 0.0525 0.005 0.0 0.055 0.005 0.0 0.0575 0.005 0.0 0.06 0.005 0.0 0.0625 0.005 0.0 0.065 0.005 0.0 0.0675 0.005 0.0 0.07 0.005 0.0 0.0725 0.005 0.0 0.075 0.005 0.0 0.0775 0.005 0.0 0.08 0.005 0.0 0.0825 0.005 0.0 0.085 0.005 0.0 0.08750000000000001 0.005 0.0 0.09 0.005 0.0 0.0925 0.005 0.0 0.095 0.005 0.0 0.0975 0.005 0.0 0.1 0.005 0.0 0.10250000000000001 0.005 0.0 0.105 0.005 0.0 0.1075 0.005 0.0 0.11 0.005 0.0 0.1125 0.005 0.0 0.115 0.005 0.0 0.11750000000000001 0.005 0.0 0.12 0.005 0.0 0.1225 0.005 0.0 0.125 0.005 0.0 0.1275 0.005 0.0 0.13 0.005 0.0 0.1325 0.005 0.0 0.135 0.005 0.0 0.1375 0.005 0.0 0.14 0.005 0.0 0.14250000000000002 0.005 0.0 0.145 0.005 0.0 0.1475 0.005 0.0 0.15 0.005 0.0 0.1525 0.005 0.0 0.155 0.005 0.0 0.1575 0.005 0.0 0.16 0.005 0.0 0.1625 0.005 0.0 0.165 0.005 0.0 0.1675 0.005 0.0 0.17 0.005 0.0 0.17250000000000001 0.005 0.0 0.17500000000000002 0.005 0.0 0.1775 0.005 0.0 0.18 0.005 0.0 0.1825 0.005 0.0 0.185 0.005 0.0 0.1875 0.005 0.0 0.19 0.005 0.0 0.1925 0.005 0.0 0.195 0.005 0.0 0.1975 0.005 0.0 0.2 0.005 0.0 0.0 0.00625 0.0 0.0025 0.00625 0.0 0.005 0.00625 0.0 0.0075 0.00625 0.0 0.01 0.00625 0.0 0.0125 0.00625 0.0 0.015 0.00625 0.0 0.0175 0.00625 0.0 0.02 0.00625 0.0 0.0225 0.00625 0.0 0.025 0.00625 0.0 0.0275 0.00625 0.0 0.03 0.00625 0.0 0.0325 0.00625 0.0 0.035 0.00625 0.0 0.0375 0.00625 0.0 0.04 0.00625 0.0 0.0425 0.00625 0.0 0.045 0.00625 0.0 0.0475 0.00625 0.0 0.05 0.00625 0.0 0.0525 0.00625 0.0 0.055 0.00625 0.0 0.0575 0.00625 0.0 0.06 0.00625 0.0 0.0625 0.00625 0.0 0.065 0.00625 0.0 0.0675 0.00625 0.0 0.07 0.00625 0.0 0.0725 0.00625 0.0 0.075 0.00625 0.0 0.0775 0.00625 0.0 0.08 0.00625 0.0 0.0825 0.00625 0.0 0.085 0.00625 0.0 0.08750000000000001 0.00625 0.0 0.09 0.00625 0.0 0.0925 0.00625 0.0 0.095 0.00625 0.0 0.0975 0.00625 0.0 0.1 0.00625 0.0 0.10250000000000001 0.00625 0.0 0.105 0.00625 0.0 0.1075 0.00625 0.0 0.11 0.00625 0.0 0.1125 0.00625 0.0 0.115 0.00625 0.0 0.11750000000000001 0.00625 0.0 0.12 0.00625 0.0 0.1225 0.00625 0.0 0.125 0.00625 0.0 0.1275 0.00625 0.0 0.13 0.00625 0.0 0.1325 0.00625 0.0 0.135 0.00625 0.0 0.1375 0.00625 0.0 0.14 0.00625 0.0 0.14250000000000002 0.00625 0.0 0.145 0.00625 0.0 0.1475 0.00625 0.0 0.15 0.00625 0.0 0.1525 0.00625 0.0 0.155 0.00625 0.0 0.1575 0.00625 0.0 0.16 0.00625 0.0 0.1625 0.00625 0.0 0.165 0.00625 0.0 0.1675 0.00625 0.0 0.17 0.00625 0.0 0.17250000000000001 0.00625 0.0 0.17500000000000002 0.00625 0.0 0.1775 0.00625 0.0 0.18 0.00625 0.0 0.1825 0.00625 0.0 0.185 0.00625 0.0 0.1875 0.00625 0.0 0.19 0.00625 0.0 0.1925 0.00625 0.0 0.195 0.00625 0.0 0.1975 0.00625 0.0 0.2 0.00625 0.0 0.0 0.0075 0.0 0.0025 0.0075 0.0 0.005 0.0075 0.0 0.0075 0.0075 0.0 0.01 0.0075 0.0 0.0125 0.0075 0.0 0.015 0.0075 0.0 0.0175 0.0075 0.0 0.02 0.0075 0.0 0.0225 0.0075 0.0 0.025 0.0075 0.0 0.0275 0.0075 0.0 0.03 0.0075 0.0 0.0325 0.0075 0.0 0.035 0.0075 0.0 0.0375 0.0075 0.0 0.04 0.0075 0.0 0.0425 0.0075 0.0 0.045 0.0075 0.0 0.0475 0.0075 0.0 0.05 0.0075 0.0 0.0525 0.0075 0.0 0.055 0.0075 0.0 0.0575 0.0075 0.0 0.06 0.0075 0.0 0.0625 0.0075 0.0 0.065 0.0075 0.0 0.0675 0.0075 0.0 0.07 0.0075 0.0 0.0725 0.0075 0.0 0.075 0.0075 0.0 0.0775 0.0075 0.0 0.08 0.0075 0.0 0.0825 0.0075 0.0 0.085 0.0075 0.0 0.08750000000000001 0.0075 0.0 0.09 0.0075 0.0 0.0925 0.0075 0.0 0.095 0.0075 0.0 0.0975 0.0075 0.0 0.1 0.0075 0.0 0.10250000000000001 0.0075 0.0 0.105 0.0075 0.0 0.1075 0.0075 0.0 0.11 0.0075 0.0 0.1125 0.0075 0.0 0.115 0.0075 0.0 0.11750000000000001 0.0075 0.0 0.12 0.0075 0.0 0.1225 0.0075 0.0 0.125 0.0075 0.0 0.1275 0.0075 0.0 0.13 0.0075 0.0 0.1325 0.0075 0.0 0.135 0.0075 0.0 0.1375 0.0075 0.0 0.14 0.0075 0.0 0.14250000000000002 0.0075 0.0 0.145 0.0075 0.0 0.1475 0.0075 0.0 0.15 0.0075 0.0 0.1525 0.0075 0.0 0.155 0.0075 0.0 0.1575 0.0075 0.0 0.16 0.0075 0.0 0.1625 0.0075 0.0 0.165 0.0075 0.0 0.1675 0.0075 0.0 0.17 0.0075 0.0 0.17250000000000001 0.0075 0.0 0.17500000000000002 0.0075 0.0 0.1775 0.0075 0.0 0.18 0.0075 0.0 0.1825 0.0075 0.0 0.185 0.0075 0.0 0.1875 0.0075 0.0 0.19 0.0075 0.0 0.1925 0.0075 0.0 0.195 0.0075 0.0 0.1975 0.0075 0.0 0.2 0.0075 0.0 0.0 0.00875 0.0 0.0025 0.00875 0.0 0.005 0.00875 0.0 0.0075 0.00875 0.0 0.01 0.00875 0.0 0.0125 0.00875 0.0 0.015 0.00875 0.0 0.0175 0.00875 0.0 0.02 0.00875 0.0 0.0225 0.00875 0.0 0.025 0.00875 0.0 0.0275 0.00875 0.0 0.03 0.00875 0.0 0.0325 0.00875 0.0 0.035 0.00875 0.0 0.0375 0.00875 0.0 0.04 0.00875 0.0 0.0425 0.00875 0.0 0.045 0.00875 0.0 0.0475 0.00875 0.0 0.05 0.00875 0.0 0.0525 0.00875 0.0 0.055 0.00875 0.0 0.0575 0.00875 0.0 0.06 0.00875 0.0 0.0625 0.00875 0.0 0.065 0.00875 0.0 0.0675 0.00875 0.0 0.07 0.00875 0.0 0.0725 0.00875 0.0 0.075 0.00875 0.0 0.0775 0.00875 0.0 0.08 0.00875 0.0 0.0825 0.00875 0.0 0.085 0.00875 0.0 0.08750000000000001 0.00875 0.0 0.09 0.00875 0.0 0.0925 0.00875 0.0 0.095 0.00875 0.0 0.0975 0.00875 0.0 0.1 0.00875 0.0 0.10250000000000001 0.00875 0.0 0.105 0.00875 0.0 0.1075 0.00875 0.0 0.11 0.00875 0.0 0.1125 0.00875 0.0 0.115 0.00875 0.0 0.11750000000000001 0.00875 0.0 0.12 0.00875 0.0 0.1225 0.00875 0.0 0.125 0.00875 0.0 0.1275 0.00875 0.0 0.13 0.00875 0.0 0.1325 0.00875 0.0 0.135 0.00875 0.0 0.1375 0.00875 0.0 0.14 0.00875 0.0 0.14250000000000002 0.00875 0.0 0.145 0.00875 0.0 0.1475 0.00875 0.0 0.15 0.00875 0.0 0.1525 0.00875 0.0 0.155 0.00875 0.0 0.1575 0.00875 0.0 0.16 0.00875 0.0 0.1625 0.00875 0.0 0.165 0.00875 0.0 0.1675 0.00875 0.0 0.17 0.00875 0.0 0.17250000000000001 0.00875 0.0 0.17500000000000002 0.00875 0.0 0.1775 0.00875 0.0 0.18 0.00875 0.0 0.1825 0.00875 0.0 0.185 0.00875 0.0 0.1875 0.00875 0.0 0.19 0.00875 0.0 0.1925 0.00875 0.0 0.195 0.00875 0.0 0.1975 0.00875 0.0 0.2 0.00875 0.0 0.0 0.01 0.0 0.0025 0.01 0.0 0.005 0.01 0.0 0.0075 0.01 0.0 0.01 0.01 0.0 0.0125 0.01 0.0 0.015 0.01 0.0 0.0175 0.01 0.0 0.02 0.01 0.0 0.0225 0.01 0.0 0.025 0.01 0.0 0.0275 0.01 0.0 0.03 0.01 0.0 0.0325 0.01 0.0 0.035 0.01 0.0 0.0375 0.01 0.0 0.04 0.01 0.0 0.0425 0.01 0.0 0.045 0.01 0.0 0.0475 0.01 0.0 0.05 0.01 0.0 0.0525 0.01 0.0 0.055 0.01 0.0 0.0575 0.01 0.0 0.06 0.01 0.0 0.0625 0.01 0.0 0.065 0.01 0.0 0.0675 0.01 0.0 0.07 0.01 0.0 0.0725 0.01 0.0 0.075 0.01 0.0 0.0775 0.01 0.0 0.08 0.01 0.0 0.0825 0.01 0.0 0.085 0.01 0.0 0.08750000000000001 0.01 0.0 0.09 0.01 0.0 0.0925 0.01 0.0 0.095 0.01 0.0 0.0975 0.01 0.0 0.1 0.01 0.0 0.10250000000000001 0.01 0.0 0.105 0.01 0.0 0.1075 0.01 0.0 0.11 0.01 0.0 0.1125 0.01 0.0 0.115 0.01 0.0 0.11750000000000001 0.01 0.0 0.12 0.01 0.0 0.1225 0.01 0.0 0.125 0.01 0.0 0.1275 0.01 0.0 0.13 0.01 0.0 0.1325 0.01 0.0 0.135 0.01 0.0 0.1375 0.01 0.0 0.14 0.01 0.0 0.14250000000000002 0.01 0.0 0.145 0.01 0.0 0.1475 0.01 0.0 0.15 0.01 0.0 0.1525 0.01 0.0 0.155 0.01 0.0 0.1575 0.01 0.0 0.16 0.01 0.0 0.1625 0.01 0.0 0.165 0.01 0.0 0.1675 0.01 0.0 0.17 0.01 0.0 0.17250000000000001 0.01 0.0 0.17500000000000002 0.01 0.0 0.1775 0.01 0.0 0.18 0.01 0.0 0.1825 0.01 0.0 0.185 0.01 0.0 0.1875 0.01 0.0 0.19 0.01 0.0 0.1925 0.01 0.0 0.195 0.01 0.0 0.1975 0.01 0.0 0.2 0.01 0.0 0.0 0.01125 0.0 0.0025 0.01125 0.0 0.005 0.01125 0.0 0.0075 0.01125 0.0 0.01 0.01125 0.0 0.0125 0.01125 0.0 0.015 0.01125 0.0 0.0175 0.01125 0.0 0.02 0.01125 0.0 0.0225 0.01125 0.0 0.025 0.01125 0.0 0.0275 0.01125 0.0 0.03 0.01125 0.0 0.0325 0.01125 0.0 0.035 0.01125 0.0 0.0375 0.01125 0.0 0.04 0.01125 0.0 0.0425 0.01125 0.0 0.045 0.01125 0.0 0.0475 0.01125 0.0 0.05 0.01125 0.0 0.0525 0.01125 0.0 0.055 0.01125 0.0 0.0575 0.01125 0.0 0.06 0.01125 0.0 0.0625 0.01125 0.0 0.065 0.01125 0.0 0.0675 0.01125 0.0 0.07 0.01125 0.0 0.0725 0.01125 0.0 0.075 0.01125 0.0 0.0775 0.01125 0.0 0.08 0.01125 0.0 0.0825 0.01125 0.0 0.085 0.01125 0.0 0.08750000000000001 0.01125 0.0 0.09 0.01125 0.0 0.0925 0.01125 0.0 0.095 0.01125 0.0 0.0975 0.01125 0.0 0.1 0.01125 0.0 0.10250000000000001 0.01125 0.0 0.105 0.01125 0.0 0.1075 0.01125 0.0 0.11 0.01125 0.0 0.1125 0.01125 0.0 0.115 0.01125 0.0 0.11750000000000001 0.01125 0.0 0.12 0.01125 0.0 0.1225 0.01125 0.0 0.125 0.01125 0.0 0.1275 0.01125 0.0 0.13 0.01125 0.0 0.1325 0.01125 0.0 0.135 0.01125 0.0 0.1375 0.01125 0.0 0.14 0.01125 0.0 0.14250000000000002 0.01125 0.0 0.145 0.01125 0.0 0.1475 0.01125 0.0 0.15 0.01125 0.0 0.1525 0.01125 0.0 0.155 0.01125 0.0 0.1575 0.01125 0.0 0.16 0.01125 0.0 0.1625 0.01125 0.0 0.165 0.01125 0.0 0.1675 0.01125 0.0 0.17 0.01125 0.0 0.17250000000000001 0.01125 0.0 0.17500000000000002 0.01125 0.0 0.1775 0.01125 0.0 0.18 0.01125 0.0 0.1825 0.01125 0.0 0.185 0.01125 0.0 0.1875 0.01125 0.0 0.19 0.01125 0.0 0.1925 0.01125 0.0 0.195 0.01125 0.0 0.1975 0.01125 0.0 0.2 0.01125 0.0 0.0 0.0125 0.0 0.0025 0.0125 0.0 0.005 0.0125 0.0 0.0075 0.0125 0.0 0.01 0.0125 0.0 0.0125 0.0125 0.0 0.015 0.0125 0.0 0.0175 0.0125 0.0 0.02 0.0125 0.0 0.0225 0.0125 0.0 0.025 0.0125 0.0 0.0275 0.0125 0.0 0.03 0.0125 0.0 0.0325 0.0125 0.0 0.035 0.0125 0.0 0.0375 0.0125 0.0 0.04 0.0125 0.0 0.0425 0.0125 0.0 0.045 0.0125 0.0 0.0475 0.0125 0.0 0.05 0.0125 0.0 0.0525 0.0125 0.0 0.055 0.0125 0.0 0.0575 0.0125 0.0 0.06 0.0125 0.0 0.0625 0.0125 0.0 0.065 0.0125 0.0 0.0675 0.0125 0.0 0.07 0.0125 0.0 0.0725 0.0125 0.0 0.075 0.0125 0.0 0.0775 0.0125 0.0 0.08 0.0125 0.0 0.0825 0.0125 0.0 0.085 0.0125 0.0 0.08750000000000001 0.0125 0.0 0.09 0.0125 0.0 0.0925 0.0125 0.0 0.095 0.0125 0.0 0.0975 0.0125 0.0 0.1 0.0125 0.0 0.10250000000000001 0.0125 0.0 0.105 0.0125 0.0 0.1075 0.0125 0.0 0.11 0.0125 0.0 0.1125 0.0125 0.0 0.115 0.0125 0.0 0.11750000000000001 0.0125 0.0 0.12 0.0125 0.0 0.1225 0.0125 0.0 0.125 0.0125 0.0 0.1275 0.0125 0.0 0.13 0.0125 0.0 0.1325 0.0125 0.0 0.135 0.0125 0.0 0.1375 0.0125 0.0 0.14 0.0125 0.0 0.14250000000000002 0.0125 0.0 0.145 0.0125 0.0 0.1475 0.0125 0.0 0.15 0.0125 0.0 0.1525 0.0125 0.0 0.155 0.0125 0.0 0.1575 0.0125 0.0 0.16 0.0125 0.0 0.1625 0.0125 0.0 0.165 0.0125 0.0 0.1675 0.0125 0.0 0.17 0.0125 0.0 0.17250000000000001 0.0125 0.0 0.17500000000000002 0.0125 0.0 0.1775 0.0125 0.0 0.18 0.0125 0.0 0.1825 0.0125 0.0 0.185 0.0125 0.0 0.1875 0.0125 0.0 0.19 0.0125 0.0 0.1925 0.0125 0.0 0.195 0.0125 0.0 0.1975 0.0125 0.0 0.2 0.0125 0.0 0.0 0.01375 0.0 0.0025 0.01375 0.0 0.005 0.01375 0.0 0.0075 0.01375 0.0 0.01 0.01375 0.0 0.0125 0.01375 0.0 0.015 0.01375 0.0 0.0175 0.01375 0.0 0.02 0.01375 0.0 0.0225 0.01375 0.0 0.025 0.01375 0.0 0.0275 0.01375 0.0 0.03 0.01375 0.0 0.0325 0.01375 0.0 0.035 0.01375 0.0 0.0375 0.01375 0.0 0.04 0.01375 0.0 0.0425 0.01375 0.0 0.045 0.01375 0.0 0.0475 0.01375 0.0 0.05 0.01375 0.0 0.0525 0.01375 0.0 0.055 0.01375 0.0 0.0575 0.01375 0.0 0.06 0.01375 0.0 0.0625 0.01375 0.0 0.065 0.01375 0.0 0.0675 0.01375 0.0 0.07 0.01375 0.0 0.0725 0.01375 0.0 0.075 0.01375 0.0 0.0775 0.01375 0.0 0.08 0.01375 0.0 0.0825 0.01375 0.0 0.085 0.01375 0.0 0.08750000000000001 0.01375 0.0 0.09 0.01375 0.0 0.0925 0.01375 0.0 0.095 0.01375 0.0 0.0975 0.01375 0.0 0.1 0.01375 0.0 0.10250000000000001 0.01375 0.0 0.105 0.01375 0.0 0.1075 0.01375 0.0 0.11 0.01375 0.0 0.1125 0.01375 0.0 0.115 0.01375 0.0 0.11750000000000001 0.01375 0.0 0.12 0.01375 0.0 0.1225 0.01375 0.0 0.125 0.01375 0.0 0.1275 0.01375 0.0 0.13 0.01375 0.0 0.1325 0.01375 0.0 0.135 0.01375 0.0 0.1375 0.01375 0.0 0.14 0.01375 0.0 0.14250000000000002 0.01375 0.0 0.145 0.01375 0.0 0.1475 0.01375 0.0 0.15 0.01375 0.0 0.1525 0.01375 0.0 0.155 0.01375 0.0 0.1575 0.01375 0.0 0.16 0.01375 0.0 0.1625 0.01375 0.0 0.165 0.01375 0.0 0.1675 0.01375 0.0 0.17 0.01375 0.0 0.17250000000000001 0.01375 0.0 0.17500000000000002 0.01375 0.0 0.1775 0.01375 0.0 0.18 0.01375 0.0 0.1825 0.01375 0.0 0.185 0.01375 0.0 0.1875 0.01375 0.0 0.19 0.01375 0.0 0.1925 0.01375 0.0 0.195 0.01375 0.0 0.1975 0.01375 0.0 0.2 0.01375 0.0 0.0 0.015 0.0 0.0025 0.015 0.0 0.005 0.015 0.0 0.0075 0.015 0.0 0.01 0.015 0.0 0.0125 0.015 0.0 0.015 0.015 0.0 0.0175 0.015 0.0 0.02 0.015 0.0 0.0225 0.015 0.0 0.025 0.015 0.0 0.0275 0.015 0.0 0.03 0.015 0.0 0.0325 0.015 0.0 0.035 0.015 0.0 0.0375 0.015 0.0 0.04 0.015 0.0 0.0425 0.015 0.0 0.045 0.015 0.0 0.0475 0.015 0.0 0.05 0.015 0.0 0.0525 0.015 0.0 0.055 0.015 0.0 0.0575 0.015 0.0 0.06 0.015 0.0 0.0625 0.015 0.0 0.065 0.015 0.0 0.0675 0.015 0.0 0.07 0.015 0.0 0.0725 0.015 0.0 0.075 0.015 0.0 0.0775 0.015 0.0 0.08 0.015 0.0 0.0825 0.015 0.0 0.085 0.015 0.0 0.08750000000000001 0.015 0.0 0.09 0.015 0.0 0.0925 0.015 0.0 0.095 0.015 0.0 0.0975 0.015 0.0 0.1 0.015 0.0 0.10250000000000001 0.015 0.0 0.105 0.015 0.0 0.1075 0.015 0.0 0.11 0.015 0.0 0.1125 0.015 0.0 0.115 0.015 0.0 0.11750000000000001 0.015 0.0 0.12 0.015 0.0 0.1225 0.015 0.0 0.125 0.015 0.0 0.1275 0.015 0.0 0.13 0.015 0.0 0.1325 0.015 0.0 0.135 0.015 0.0 0.1375 0.015 0.0 0.14 0.015 0.0 0.14250000000000002 0.015 0.0 0.145 0.015 0.0 0.1475 0.015 0.0 0.15 0.015 0.0 0.1525 0.015 0.0 0.155 0.015 0.0 0.1575 0.015 0.0 0.16 0.015 0.0 0.1625 0.015 0.0 0.165 0.015 0.0 0.1675 0.015 0.0 0.17 0.015 0.0 0.17250000000000001 0.015 0.0 0.17500000000000002 0.015 0.0 0.1775 0.015 0.0 0.18 0.015 0.0 0.1825 0.015 0.0 0.185 0.015 0.0 0.1875 0.015 0.0 0.19 0.015 0.0 0.1925 0.015 0.0 0.195 0.015 0.0 0.1975 0.015 0.0 0.2 0.015 0.0 0.0 0.01625 0.0 0.0025 0.01625 0.0 0.005 0.01625 0.0 0.0075 0.01625 0.0 0.01 0.01625 0.0 0.0125 0.01625 0.0 0.015 0.01625 0.0 0.0175 0.01625 0.0 0.02 0.01625 0.0 0.0225 0.01625 0.0 0.025 0.01625 0.0 0.0275 0.01625 0.0 0.03 0.01625 0.0 0.0325 0.01625 0.0 0.035 0.01625 0.0 0.0375 0.01625 0.0 0.04 0.01625 0.0 0.0425 0.01625 0.0 0.045 0.01625 0.0 0.0475 0.01625 0.0 0.05 0.01625 0.0 0.0525 0.01625 0.0 0.055 0.01625 0.0 0.0575 0.01625 0.0 0.06 0.01625 0.0 0.0625 0.01625 0.0 0.065 0.01625 0.0 0.0675 0.01625 0.0 0.07 0.01625 0.0 0.0725 0.01625 0.0 0.075 0.01625 0.0 0.0775 0.01625 0.0 0.08 0.01625 0.0 0.0825 0.01625 0.0 0.085 0.01625 0.0 0.08750000000000001 0.01625 0.0 0.09 0.01625 0.0 0.0925 0.01625 0.0 0.095 0.01625 0.0 0.0975 0.01625 0.0 0.1 0.01625 0.0 0.10250000000000001 0.01625 0.0 0.105 0.01625 0.0 0.1075 0.01625 0.0 0.11 0.01625 0.0 0.1125 0.01625 0.0 0.115 0.01625 0.0 0.11750000000000001 0.01625 0.0 0.12 0.01625 0.0 0.1225 0.01625 0.0 0.125 0.01625 0.0 0.1275 0.01625 0.0 0.13 0.01625 0.0 0.1325 0.01625 0.0 0.135 0.01625 0.0 0.1375 0.01625 0.0 0.14 0.01625 0.0 0.14250000000000002 0.01625 0.0 0.145 0.01625 0.0 0.1475 0.01625 0.0 0.15 0.01625 0.0 0.1525 0.01625 0.0 0.155 0.01625 0.0 0.1575 0.01625 0.0 0.16 0.01625 0.0 0.1625 0.01625 0.0 0.165 0.01625 0.0 0.1675 0.01625 0.0 0.17 0.01625 0.0 0.17250000000000001 0.01625 0.0 0.17500000000000002 0.01625 0.0 0.1775 0.01625 0.0 0.18 0.01625 0.0 0.1825 0.01625 0.0 0.185 0.01625 0.0 0.1875 0.01625 0.0 0.19 0.01625 0.0 0.1925 0.01625 0.0 0.195 0.01625 0.0 0.1975 0.01625 0.0 0.2 0.01625 0.0 0.0 0.0175 0.0 0.0025 0.0175 0.0 0.005 0.0175 0.0 0.0075 0.0175 0.0 0.01 0.0175 0.0 0.0125 0.0175 0.0 0.015 0.0175 0.0 0.0175 0.0175 0.0 0.02 0.0175 0.0 0.0225 0.0175 0.0 0.025 0.0175 0.0 0.0275 0.0175 0.0 0.03 0.0175 0.0 0.0325 0.0175 0.0 0.035 0.0175 0.0 0.0375 0.0175 0.0 0.04 0.0175 0.0 0.0425 0.0175 0.0 0.045 0.0175 0.0 0.0475 0.0175 0.0 0.05 0.0175 0.0 0.0525 0.0175 0.0 0.055 0.0175 0.0 0.0575 0.0175 0.0 0.06 0.0175 0.0 0.0625 0.0175 0.0 0.065 0.0175 0.0 0.0675 0.0175 0.0 0.07 0.0175 0.0 0.0725 0.0175 0.0 0.075 0.0175 0.0 0.0775 0.0175 0.0 0.08 0.0175 0.0 0.0825 0.0175 0.0 0.085 0.0175 0.0 0.08750000000000001 0.0175 0.0 0.09 0.0175 0.0 0.0925 0.0175 0.0 0.095 0.0175 0.0 0.0975 0.0175 0.0 0.1 0.0175 0.0 0.10250000000000001 0.0175 0.0 0.105 0.0175 0.0 0.1075 0.0175 0.0 0.11 0.0175 0.0 0.1125 0.0175 0.0 0.115 0.0175 0.0 0.11750000000000001 0.0175 0.0 0.12 0.0175 0.0 0.1225 0.0175 0.0 0.125 0.0175 0.0 0.1275 0.0175 0.0 0.13 0.0175 0.0 0.1325 0.0175 0.0 0.135 0.0175 0.0 0.1375 0.0175 0.0 0.14 0.0175 0.0 0.14250000000000002 0.0175 0.0 0.145 0.0175 0.0 0.1475 0.0175 0.0 0.15 0.0175 0.0 0.1525 0.0175 0.0 0.155 0.0175 0.0 0.1575 0.0175 0.0 0.16 0.0175 0.0 0.1625 0.0175 0.0 0.165 0.0175 0.0 0.1675 0.0175 0.0 0.17 0.0175 0.0 0.17250000000000001 0.0175 0.0 0.17500000000000002 0.0175 0.0 0.1775 0.0175 0.0 0.18 0.0175 0.0 0.1825 0.0175 0.0 0.185 0.0175 0.0 0.1875 0.0175 0.0 0.19 0.0175 0.0 0.1925 0.0175 0.0 0.195 0.0175 0.0 0.1975 0.0175 0.0 0.2 0.0175 0.0 0.0 0.01875 0.0 0.0025 0.01875 0.0 0.005 0.01875 0.0 0.0075 0.01875 0.0 0.01 0.01875 0.0 0.0125 0.01875 0.0 0.015 0.01875 0.0 0.0175 0.01875 0.0 0.02 0.01875 0.0 0.0225 0.01875 0.0 0.025 0.01875 0.0 0.0275 0.01875 0.0 0.03 0.01875 0.0 0.0325 0.01875 0.0 0.035 0.01875 0.0 0.0375 0.01875 0.0 0.04 0.01875 0.0 0.0425 0.01875 0.0 0.045 0.01875 0.0 0.0475 0.01875 0.0 0.05 0.01875 0.0 0.0525 0.01875 0.0 0.055 0.01875 0.0 0.0575 0.01875 0.0 0.06 0.01875 0.0 0.0625 0.01875 0.0 0.065 0.01875 0.0 0.0675 0.01875 0.0 0.07 0.01875 0.0 0.0725 0.01875 0.0 0.075 0.01875 0.0 0.0775 0.01875 0.0 0.08 0.01875 0.0 0.0825 0.01875 0.0 0.085 0.01875 0.0 0.08750000000000001 0.01875 0.0 0.09 0.01875 0.0 0.0925 0.01875 0.0 0.095 0.01875 0.0 0.0975 0.01875 0.0 0.1 0.01875 0.0 0.10250000000000001 0.01875 0.0 0.105 0.01875 0.0 0.1075 0.01875 0.0 0.11 0.01875 0.0 0.1125 0.01875 0.0 0.115 0.01875 0.0 0.11750000000000001 0.01875 0.0 0.12 0.01875 0.0 0.1225 0.01875 0.0 0.125 0.01875 0.0 0.1275 0.01875 0.0 0.13 0.01875 0.0 0.1325 0.01875 0.0 0.135 0.01875 0.0 0.1375 0.01875 0.0 0.14 0.01875 0.0 0.14250000000000002 0.01875 0.0 0.145 0.01875 0.0 0.1475 0.01875 0.0 0.15 0.01875 0.0 0.1525 0.01875 0.0 0.155 0.01875 0.0 0.1575 0.01875 0.0 0.16 0.01875 0.0 0.1625 0.01875 0.0 0.165 0.01875 0.0 0.1675 0.01875 0.0 0.17 0.01875 0.0 0.17250000000000001 0.01875 0.0 0.17500000000000002 0.01875 0.0 0.1775 0.01875 0.0 0.18 0.01875 0.0 0.1825 0.01875 0.0 0.185 0.01875 0.0 0.1875 0.01875 0.0 0.19 0.01875 0.0 0.1925 0.01875 0.0 0.195 0.01875 0.0 0.1975 0.01875 0.0 0.2 0.01875 0.0 0.0 0.02 0.0 0.0025 0.02 0.0 0.005 0.02 0.0 0.0075 0.02 0.0 0.01 0.02 0.0 0.0125 0.02 0.0 0.015 0.02 0.0 0.0175 0.02 0.0 0.02 0.02 0.0 0.0225 0.02 0.0 0.025 0.02 0.0 0.0275 0.02 0.0 0.03 0.02 0.0 0.0325 0.02 0.0 0.035 0.02 0.0 0.0375 0.02 0.0 0.04 0.02 0.0 0.0425 0.02 0.0 0.045 0.02 0.0 0.0475 0.02 0.0 0.05 0.02 0.0 0.0525 0.02 0.0 0.055 0.02 0.0 0.0575 0.02 0.0 0.06 0.02 0.0 0.0625 0.02 0.0 0.065 0.02 0.0 0.0675 0.02 0.0 0.07 0.02 0.0 0.0725 0.02 0.0 0.075 0.02 0.0 0.0775 0.02 0.0 0.08 0.02 0.0 0.0825 0.02 0.0 0.085 0.02 0.0 0.08750000000000001 0.02 0.0 0.09 0.02 0.0 0.0925 0.02 0.0 0.095 0.02 0.0 0.0975 0.02 0.0 0.1 0.02 0.0 0.10250000000000001 0.02 0.0 0.105 0.02 0.0 0.1075 0.02 0.0 0.11 0.02 0.0 0.1125 0.02 0.0 0.115 0.02 0.0 0.11750000000000001 0.02 0.0 0.12 0.02 0.0 0.1225 0.02 0.0 0.125 0.02 0.0 0.1275 0.02 0.0 0.13 0.02 0.0 0.1325 0.02 0.0 0.135 0.02 0.0 0.1375 0.02 0.0 0.14 0.02 0.0 0.14250000000000002 0.02 0.0 0.145 0.02 0.0 0.1475 0.02 0.0 0.15 0.02 0.0 0.1525 0.02 0.0 0.155 0.02 0.0 0.1575 0.02 0.0 0.16 0.02 0.0 0.1625 0.02 0.0 0.165 0.02 0.0 0.1675 0.02 0.0 0.17 0.02 0.0 0.17250000000000001 0.02 0.0 0.17500000000000002 0.02 0.0 0.1775 0.02 0.0 0.18 0.02 0.0 0.1825 0.02 0.0 0.185 0.02 0.0 0.1875 0.02 0.0 0.19 0.02 0.0 0.1925 0.02 0.0 0.195 0.02 0.0 0.1975 0.02 0.0 0.2 0.02 0.0
</DataArray>
</Points>
<Cells>
<DataArray type="Int64" Name="connectivity" format="ascii">
0 1 82 0 82 81 1 2 83 1 83 82 2 3 84 2 84 83 3 4 85 3 85 84 4 5 86 4 86 85 5 6 87 5 87 86 6 7 88 6 88 87 7 8 89 7 89 88 8 9 90 8 90 89 9 10 91 9 91 90 10 11 92 10 92 91 11 12 93 11 93 92 12 13 94 12 94 93 13 14 95 13 95 94 14 15 96 14 96 95 15 16 97 15 97 96 16 17 98 16 98 97 17 18 99 17 99 98 18 19 100 18 100 99 19 20 101 19 101 100 20 21 102 20 102 101 21 22 103 21 103 102 22 23 104 22 104 103 23 24 105 23 105 104 24 25 106 24 106 105 25 26 107 25 107 106 26 27 108 26 108 107 27 28 109 27 109 108 28 29 110 28 110 109 29 30 111 29 111 110 30 31 112 30 112 111 31 32 113 31 113 112 32 33 114 32 114 113 33 34 115 33 115 114 34 35 116 34 116 115 35 36 117 35 117 116 36 37 118 36 118 117 37 38 119 37 119 118 38 39 120 38 120 119 39 40 121 39 121 120 40 41 122 40 122 121 41 42 123 41 123 122 42 43 124 42 124 123 43 44 125 43 125 124 44 45 126 44 126 125 45 46 127 45 127 126 46 47 128 46 128 127 47 48 129 47 129 128 48 49 130 48 130 129 49 50 131 49 131 130 50 51 132 50 132 131 51 52 133 51 133 132 52 53 134 52 134 133 53 54 135 53 135 134 54 55 136 54 136 135 55 56 137 55 137 136 56 57 138 56 138 137 57 58 139 57 139 138 58 59 140 58 140 139 59 60 141 59 141 140 60 61 142 60 142 141 61 62 143 61 143 142 62 63 144 62 144 143 63 64 145 63 145 144 64 65 146 64 146 145 65 66 147 65 147 146 66 67 148 66 148 147 67 68 149 67 149 148 68 69 150 68 150 149 69 70 151 69 151 150 70 71 152 70 152 151 71 72 153 71 153 152 72 73 154 72 154 153 73 74 155 73 155 154 74 75 156 74 156 155 75 76 157 75 157 156 76 77 158 76 158 157 77 78 159 77 159 158 78 79 160 78 160 159 79 80 161 79 161 160 81 82 163 81 163 162 82 83 164 82 164 163 83 84 165 83 165 164 84 85 166 84 166 165 85 86 167 85 167 166 86 87 168 86 168 167 87 88 169 87 169 168 88 89 170 88 170 169 89 90 171 89 171 170 90 91 172 90 172 171 91 92 173 91 173 172 92 93 174 92 174 173 93 94 175 93 175 174 94 95 176 94 176 175 95 96 177 95 177 176 96 97 178 96 178 177 97 98 179 97 179 178 98 99 180 98 180 179 99 100 181 99 181 180 100 101 182 100 182 181 101 102 183 101 183 182 102 103 184 102 184 183 103 104 185 103 185 184 104 105 186 104 186 185 105 106 187 105 187 186 106 107 188 106 188 187 107 108 189 107 189 188 108 109 190 108 190 189 109 110 191 109 191 190 110 111 192 110 192 191 111 112 193 111 193 192 112 113 194 112 194 193 113 114 195 113 195 194 114 115 196 114 196 195 115 116 197 115 197 196 116 117 198 116 198 197 117 118 199 117 199 198 118 119 200 118 200 199 119 120 201 119 201 200 120 121 202 120 202 201 121 122 203 121 203 202 122 123 204 122 204 203 123 124 205 123 205 204 124 125 206 124 206 205 125 126 207 125 207 206 126 127 208 126 208 207 127 128 209 127 209 208 128 129 210 128 210 209 129 130 211 129 211 210 130 131 212 130 212 211 131 132 213 131 213 212 132 133 214 132 214 213 133 134 215 133 215 214 134 135 216 134 216 215 135 136 217 135 217 216 136 137 218 136 218 217 137 138 219 137 219 218 138 139 220 138 220 219 139 140 221 139 221 220 140 141 222 140 222 221 141 142 223 141 223 222 142 143 224 142 224 223 143 144 225 143 225 224 144 145 226 144 226 225 145 146 227 145 227 226 146 147 228 146 228 227 147 148 229 147 229 228 148 149 230 148 230 229 149 150 231 149 231 230 150 151 232 150 232 231 151 152 233 151 233 232 152 153 234 152 234 233 153 154 235 153 235 234 154 155 236 154 236 235 155 156 237 155 237 236 156 157 238 156 238 237 157 158 239 157 239 238 158 159 240 158 240 239 159 160 241 159 241 240 160 161 242 160 242 241 162 163 244 162 244 243 163 164 245 163 245 244 164 165 246 164 246 245 165 166 247 165 247 246 166 167 248 166 248 247 167 168 249 167 249 248 168 169 250 168 250 249 169 170 251 169 251 250 170 171 252 170 252 251 171 172 253 171 253 252 172 173 254 172 254 253 173 174 255 173 255 254 174 175 256 174 256 255 175 176 257 175 257 256 176 177 258 176 258 257 177 178 259 177 259 258 178 179 260 178 260 259 179 180 261 179 261 260 180 181 262 180 262 261 181 182 263 181 263 262 182 183 264 182 264 263 183 184 265 183 265 264 184 185 266 184 266 265 185 186 267 185 267 266 186 187 268 186 268 267 187 188 269 187 269 268 188 189 270 188 270 269 189 190 271 189 271 270 190 191 272 190 272 271 191 192 273 191 273 272 192 193 274 192 274 273 193 194 275 193 275 274 194 195 276 194 276 275 195 196 277 195 277 276 196 197 278 196 278 277 197 198 279 197 279 278 198 199 280 198 280 279 199 200 281 199 281 280 200 201 282 200 282 281 201 202 283 201 283 282 202 203 284 202 284 283 203 204 285 203 285 284 204 205 286 204 286 285 205 206 287 205 287 286 206 207 288 206 288 287 207 208 289 207 289 288 208 209 290 208 290 289 209 210 291 209 291 290 210 211 292 210 292 291 211 212 293 211 293 292 212 213 294 212 294 293 213 214 295 213 295 294 214 215 296 214 296 295 215 216 297 215 297 296 216 217 298 216 298 297 217 218 299 217 299 298 218 219 300 218 300 299 219 220 301 219 301 300 220 221 302 220 302 301 221 222 303 221 303 302 222 223 304 222 304 303 223 224 305 223 305 304 224 225 306 224 306 305 225 226 307 225 307 306 226 227 308 226 308 307 227 228 309 227 309 308 228 229 310 228 310 309 229 230 311 229 311 310 230 231 312 230 312 311 231 232 313 231 313 312 232 233 314 232 314 313 233 234 315 233 315 314 234 235 316 234 316 315 235 236 317 235 317 316 236 237 318 236 318 317 237 238 319 237 319 318 238 239 320 238 320 319 239 240 321 239 321 320 240 241 322 240 322 321 241 242 323 241 323 322 243 244 325 243 325 324 244 245 326 244 326 325 245 246 327 245 327 326 246 247 328 246 328 327 247 248 329 247 329 328 248 249 330 248 330 329 249 250 331 249 331 330 250 251 332 250 332 331 251 252 333 251 333 332 252 253 334 252 334 333 253 254 335 253 335 334 254 255 336 254 336 335 255 256 337 255 337 336 256 257 338 256 338 337 257 258 339 257 339 338 258 259 340 258 340 339 259 260 341 259 341 340 260 261 342 260 342 341 261 262 343 261 343 342 262 263 344 262 344 343 263 264 345 263 345 344 264 265 346 264 346 345 265 266 347 265 347 346 266 267 348 266 348 347 267 268 349 267 349 348 268 269 350 268 350 349 269 270 351 269 351 350 270 271 352 270 352 351 271 272 353 271 353 352 272 273 354 272 354 353 273 274 355 273 355 354 274 275 356 274 356 355 275 276 357 275 357 356 276 277 358 276 358 357 277 278 359 277 359 358 278 279 360 278 360 359 279 280 361 279 361 360 280 281 362 280 362 361 281 282 363 281 363 362 282 283 364 282 364 363 283 284 365 283 365 364 284 285 366 284 366 365 285 286 367 285 367 366 286 287 368 286 368 367 287 288 369 287 369 368 288 289 370 288 370 369 289 290 371 289 371 370 290 291 372 290 372 371 291 292 373 291 373 372 292 293 374 292 374 373 293 294 375 293 375 374 294 295 376 294 376 375 295 296 377 295 377 376 296 297 378 296 378 377 297 298 379 297 379 378 298 299 380 298 380 379 299 300 381 299 381 380 300 301 382 300 382 381 301 302 383 301 383 382 302 303 384 302 384 383 303 304 385 303 385 384 304 305 386 304 386 385 305 306 387 305 387 386 306 307 388 306 388 387 307 308 389 307 389 388 308 309 390 308 390 389 309 310 391 309 391 390 310 311 392 310 392 391 311 312 393 311 393 392 312 313 394 312 394 393 313 314 395 313 395 394 314 315 396 314 396 395 315 316 397 315 397 396 316 317 398 316 398 397 317 318 399 317 399 398 318 319 400 318 400 399 319 320 401 319 401 400 320 321 402 320 402 401 321 322 403 321 403 402 322 323 404 322 404 403 324 325 406 324 406 405 325 326 407 325 407 406 326 327 408 326 408 407 327 328 409 327 409 408 328 329 410 328 410 409 329 330 411 329 411 410 330 331 412 330 412 411 331 332 413 331 413 412 332 333 414 332 414 413 333 334 415 333 415 414 334 335 416 334 416 415 335 336 417 335 417 416 336 337 418 336 418 417 337 338 419 337 419 418 338 339 420 338 420 419 339 340 421 339 421 420 340 341 422 340 422 421 341 342 423 341 423 422 342 343 424 342 424 423 343 344 425 343 425 424 344 345 426 344 426 425 345 346 427 345 427 426 346 347 428 346 428 427 347 348 429 347 429 428 348 349 430 348 430 429 349 350 431 349 431 430 350 351 432 350 432 431 351 352 433 351 433 432 352 353 434 352 434 433 353 354 435 353 435 434 354 355 436 354 436 435 355 356 437 355 437 436 356 357 438 356 438 437 357 358 439 357 439 438 358 359 440 358 440 439 359 360 441 359 441 440 360 361 442 360 442 441 361 362 443 361 443 442 362 363 444 362 444 443 363 364 445 363 445 444 364 365 446 364 446 445 365 366 447 365 447 446 366 367 448 366 448 447 367 368 449 367 449 448 368 369 450 368 450 449 369 370 451 369 451 450 370 371 452 370 452 451 371 372 453 371 453 452 372 373 454 372 454 453 373 374 455 373 455 454 374 375 456 374 456 455 375 376 457 375 457 456 376 377 458 376 458 457 377 378 459 377 459 458 378 379 460 378 460 459 379 380 461 379 461 460 380 381 462 380 462 461 381 382 463 381 463 462 382 383 464 382 464 463 383 384 465 383 465 464 384 385 466 384 466 465 385 386 467 385 467 466 386 387 468 386 468 467 387 388 469 387 469 468 388 389 470 388 470 469 389 390 471 389 471 470 390 391 472 390 472 471 391 392 473 391 473 472 392 393 474 392 474 473 393 394 475 393 475 474 394 395 476 394 476 475 395 396 477 395 477 476 396 397 478 396 478 477 397 398 479 397 479 478 398 399 480 398 480 479 399 400 481 399 481 480 400 401 482 400 482 481 401 402 483 401 483 482 402 403 484 402 484 483 403 404 485 403 485 484 405 406 487 405 487 486 406 407 488 406 488 487 407 408 489 407 489 488 408 409 490 408 490 489 409 410 491 409 491 490 410 411 492 410 492 491 411 412 493 411 493 492 412 413 494 412 494 493 413 414 495 413 495 494 414 415 496 414 496 495 415 416 497 415 497 496 416 417 498 416 498 497 417 418 499 417 499 498 418 419 500 418 500 499 419 420 501 419 501 500 420 421 502 420 502 501 421 422 503 421 503 502 422 423 504 422 504 503 423 424 505 423 505 504 424 425 506 424 506 505 425 426 507 425 507 506 426 427 508 426 508 507 427 428 509 427 509 508 428 429 510 428 510 509 429 430 511 429 511 510 430 431 512 430 512 511 431 432 513 431 513 512 432 433 514 432 514 513 433 434 515 433 515 514 434 435 516 434 516 515 435 436 517 435 517 516 436 437 518 436 518 517 437 438 519 437 519 518 438 439 520 438 520 519 439 440 521 439 521 520 440 441 522 440 522 521 441 442 523 441 523 522 442 443 524 442 524 523 443 444 525 443 525 524 444 445 526 444 526 525 445 446 527 445 527 526 446 447 528 446 528 527 447 448 529 447 529 528 448 449 530 448 530 529 449 450 531 449 531 530 450 451 532 450 532 531 451 452 533 451 533 532 452 453 534 452 534 533 453 454 535 453 535 534 454 455 536 454 536 535 455 456 537 455 537 536 456 457 538 456 538 537 457 458 539 457 539 538 458 459 540 458 540 539 459 460 541 459 541 540 460 461 542 460 542 541 461 462 543 461 543 542 462 463 544 462 544 543 463 464 545 463 545 544 464 465 546 464 546 545 465 466 547 465 547 546 466 467 548 466 548 547 467 468 549 467 549 548 468 469 550 468 550 549 469 470 551 469 551 550 470 471 552 470 552 551 471 472 553 471 553 552 472 473 554 472 554 553 473 474 555 473 555 554 474 475 556 474 556 555 475 476 557 475 557 556 476 477 558 476 558 557 477 478 559 477 559 558 478 479 560 478 560 559 479 480 561 479 561 560 480 481 562 480 562 561 481 482 563 481 563 562 482 483 564 482 564 563 483 484 565 483 565 564 484 485 566 484 566 565 486 487 568 486 568 567 487 488 569 487 569 568 488 489 570 488 570 569 489 490 571 489 571 570 490 491 572 490 572 571 491 492 573 491 573 572 492 493 574 492 574 573 493 494 575 493 575 574 494 495 576 494 576 575 495 496 577 495 577 576 496 497 578 496 578 577 497 498 579 497 579 578 498 499 580 498 580 579 499 500 581 499 581 580 500 501 582 500 582 581 501 502 583 501 583 582 502 503 584 502 584 583 503 504 585 503 585 584 504 505 586 504 586 585 505 506 587 505 587 586 506 507 588 506 588 587 507 508 589 507 589 588 508 509 590 508 590 589 509 510 591 509 591 590 510 511 592 510 592 591 511 512 593 511 593 592 512 513 594 512 594 593 513 514 595 513 595 594 514 515 596 514 596 595 515 516 597 515 597 596 516 517 598 516 598 597 517 518 599 517 599 598 518 519 600 518 600 599 519 520 601 519 601 600 520 521 602 520 602 601 521 522 603 521 603 602 522 523 604 522 604 603 523 524 605 523 605 604 524 525 606 524 606 605 525 526 607 525 607 606 526 527 608 526 608 607 527 528 609 527 609 608 528 529 610 528 610 609 529 530 611 529 611 610 530 531 612 530 612 611 531 532 613 531 613 612 532 533 614 532 614 613 533 534 615 533 615 614 534 535 616 534 616 615 535 536 617 535 617 616 536 537 618 536 618 617 537 538 619 537 619 618 538 539 620 538 620 619 539 540 621 539 621 620 540 541 622 540 622 621 541 542 623 541 623 622 542 543 624 542 624 623 543 544 625 543 625 624 544 545 626 544 626 625 545 546 627 545 627 626 546 547 628 546 628 627 547 548 629 547 629 628 548 549 630 548 630 629 549 550 631 549 631 630 550 551 632 550 632 631 551 552 633 551 633 632 552 553 634 552 634 633 553 554 635 553 635 634 554 555 636 554 636 635 555 556 637 555 637 636 556 557 638 556 638 637 557 558 639 557 639 638 558 559 640 558 640 639 559 560 641 559 641 640 560 561 642 560 642 641 561 562 643 561 643 642 562 563 644 562 644 643 563 564 645 563 645 644 564 565 646 564 646 645 565 566 647 565 647 646 567 568 649 567 649 648 568 569 650 568 650 649 569 570 651 569 651 650 570 571 652 570 652 651 571 572 653 571 653 652 572 573 654 572 654 653 573 574 655 573 655 654 574 575 656 574 656 655 575 576 657 575 657 656 576 577 658 576 658 657 577 578 659 577 659 658 578 579 660 578 660 659 579 580 661 579 661 660 580 581 662 580 662 661 581 582 663 581 663 662 582 583 664 582 664 663 583 584 665 583 665 664 584 585 666 584 666 665 585 586 667 585 667 666 586 587 668 586 668 667 587 588 669 587 669 668 588 589 670 588 670 669 589 590 671 589 671 670 590 591 672 590 672 671 591 592 673 591 673 672 592 593 674 592 674 673 593 594 675 593 675 674 594 595 676 594 676 675 595 596 677 595 677 676 596 597 678 596 678 677 597 598 679 597 679 678 598 599 680 598 680 679 599 600 681 599 681 680 600 601 682 600 682 681 601 602 683 601 683 682 602 603 684 602 684 683 603 604 685 603 685 684 604 605 686 604 686 685 605 606 687 605 687 686 606 607 688 606 688 687 607 608 689 607 689 688 608 609 690 608 690 689 609 610 691 609 691 690 610 611 692 610 692 691 611 612 693 611 693 692 612 613 694 612 694 693 613 614 695 613 695 694 614 615 696 614 696 695 615 616 697 615 697 696 616 617 698 616 698 697 617 618 699 617 699 698 618 619 700 618 700 699 619 620 701 619 701 700 620 621 702 620 702 701 621 622 703 621 703 702 622 623 704 622 704 703 623 624 705 623 705 704 624 625 706 624 706 705 625 626 707 625 707 706 626 627 708 626 708 707 627 628 709 627 709 708 628 629 710 628 710 709 629 630 711 629 711 710 630 631 712 630 712 711 631 632 713 631 713 712 632 633 714 632 714 713 633 634 715 633 715 714 634 635 716 634 716 715 635 636 717 635 717 716 636 637 718 636 718 717 637 638 719 637 719 718 638 639 720 638 720 719 639 640 721 639 721 720 640 641 722 640 722 721 641 642 723 641 723 722 642 643 724 642 724 723 643 644 725 643 725 724 644 645 726 644 726 725 645 646 727 645 727 726 646 647 728 646 728 727 648 649 730 648 730 729 649 650 731 649 731 730 650 651 732 650 732 731 651 652 733 651 733 732 652 653 734 652 734 733 653 654 735 653 735 734 654 655 736 654 736 735 655 656 737 655 737 736 656 657 738 656 738 737 657 658 739 657 739 738 658 659 740 658 740 739 659 660 741 659 741 740 660 661 742 660 742 741 661 662 743 661 743 742 662 663 744 662 744 743 663 664 745 663 745 744 664 665 746 664 746 745 665 666 747 665 747 746 666 667 748 666 748 747 667 668 749 667 749 748 668 669 750 668 750 749 669 670 751 669 751 750 670 671 752 670 752 751 671 672 753 671 753 752 672 673 754 672 754 753 673 674 755 673 755 754 674 675 756 674 756 755 675 676 757 675 757 756 676 677 758 676 758 757 677 678 759 677 759 758 678 679 760 678 760 759 679 680 761 679 761 760 680 681 762 680 762 761 681 682 763 681 763 762 682 683 764 682 764 763 683 684 765 683 765 764 684 685 766 684 766 765 685 686 767 685 767 766 686 687 768 686 768 767 687 688 769 687 769 768 688 689 770 688 770 769 689 690 771 689 771 770 690 691 772 690 772 771 691 692 773 691 773 772 692 693 774 692 774 773 693 694 775 693 775 774 694 695 776 694 776 775 695 696 777 695 777 776 696 697 778 696 778 777 697 698 779 697 779 778 698 699 780 698 780 779 699 700 781 699 781 780 700 701 782 700 782 781 701 702 783 701 783 782 702 703 784 702 784 783 703 704 785 703 785 784 704 705 786 704 786 785 705 706 787 705 787 786 706 707 788 706 788 787 707 708 789 707 789 788 708 709 790 708 790 789 709 710 791 709 791 790 710 711 792 710 792 791 711 712 793 711 793 792 712 713 794 712 794 793 713 714 795 713 795 794 714 715 796 714 796 795 715 716 797 715 797 796 716 717 798 716 798 797 717 718 799 717 799 798 718 719 800 718 800 799 719 720 801 719 801 800 720 721 802 720 802 801 721 722 803 721 803 802 722 723 804 722 804 803 723 724 805 723 805 804 724 725 806 724 806 805 725 726 807 725 807 806 726 727 808 726 808 807 727 728 809 727 809 808 729 730 811 729 811 810 730 731 812 730 812 811 731 732 813 731 813 812 732 733 814 732 814 813 733 734 815 733 815 814 734 735 816 734 816 815 735 736 817 735 817 816 736 737 818 736 818 817 737 738 819 737 819 818 738 739 820 738 820 819 739 740 821 739 821 820 740 741 822 740 822 821 741 742 823 741 823 822 742 743 824 742 824 823 743 744 825 743 825 824 744 745 826 744 826 825 745 746 827 745 827 826 746 747 828 746 828 827 747 748 829 747 829 828 748 749 830 748 830 829 749 750 831 749 831 830 750 751 832 750 832 831 751 752 833 751 833 832 752 753 834 752 834 833 753 754 835 753 835 834 754 755 836 754 836 835 755 756 837 755 837 836 756 757 838 756 838 837 757 758 839 757 839 838 758 759 840 758 840 839 759 760 841 759 841 840 760 761 842 760 842 841 761 762 843 761 843 842 762 763 844 762 844 843 763 764 845 763 845 844 764 765 846 764 846 845 765 766 847 765 847 846 766 767 848 766 848 847 767 768 849 767 849 848 768 769 850 768 850 849 769 770 851 769 851 850 770 771 852 770 852 851 771 772 853 771 853 852 772 773 854 772 854 853 773 774 855 773 855 854 774 775 856 774 856 855 775 776 857 775 857 856 776 777 858 776 858 857 777 778 859 777 859 858 778 779 860 778 860 859 779 780 861 779 861 860 780 781 862 780 862 861 781 782 863 781 863 862 782 783 864 782 864 863 783 784 865 783 865 864 784 785 866 784 866 865 785 786 867 785 867 866 786 787 868 786 868 867 787 788 869 787 869 868 788 789 870 788 870 869 789 790 871 789 871 870 790 791 872 790 872 871 791 792 873 791 873 872 792 793 874 792 874 873 793 794 875 793 875 874 794 795 876 794 876 875 795 796 877 795 877 876 796 797 878 796 878 877 797 798 879 797 879 878 798 799 880 798 880 879 799 800 881 799 881 880 800 801 882 800 882 881 801 802 883 801 883 882 802 803 884 802 884 883 803 804 885 803 885 884 804 805 886 804 886 885 805 806 887 805 887 886 806 807 888 806 888 887 807 808 889 807 889 888 808 809 890 808 890 889 810 811 892 810 892 891 811 812 893 811 893 892 812 813 894 812 894 893 813 814 895 813 895 894 814 815 896 814 896 895 815 816 897 815 897 896 816 817 898 816 898 897 817 818 899 817 899 898 818 819 900 818 900 899 819 820 901 819 901 900 820 821 902 820 902 901 821 822 903 821 903 902 822 823 904 822 904 903 823 824 905 823 905 904 824 825 906 824 906 905 825 826 907 825 907 906 826 827 908 826 908 907 827 828 909 827 909 908 828 829 910 828 910 909 829 830 911 829 911 910 830 831 912 830 912 911 831 832 913 831 913 912 832 833 914 832 914 913 833 834 915 833 915 914 834 835 916 834 916 915 835 836 917 835 917 916 836 837 918 836 918 917 837 838 919 837 919 918 838 839 920 838 920 919 839 840 921 839 921 920 840 841 922 840 922 921 841 842 923 841 923 922 842 843 924 842 924 923 843 844 925 843 925 924 844 845 926 844 926 925 845 846 927 845 927 926 846 847 928 846 928 927 847 848 929 847 929 928 848 849 930 848 930 929 849 850 931 849 931 930 850 851 932 850 932 931 851 852 933 851 933 932 852 853 934 852 934 933 853 854 935 853 935 934 854 855 936 854 936 935 855 856 937 855 937 936 856 857 938 856 938 937 857 858 939 857 939 938 858 859 940 858 940 939 859 860 941 859 941 940 860 861 942 860 942 941 861 862 943 861 943 942 862 863 944 862 944 943 863 864 945 863 945 944 864 865 946 864 946 945 865 866 947 865 947 946 866 867 948 866 948 947 867 868 949 867 949 948 868 869 950 868 950 949 869 870 951 869 951 950 870 871 952 870 952 951 871 872 953 871 953 952 872 873 954 872 954 953 873 874 955 873 955 954 874 875 956 874 956 955 875 876 957 875 957 956 876 877 958 876 958 957 877 878 959 877 959 958 878 879 960 878 960 959 879 880 961 879 961 960 880 881 962 880 962 961 881 882 963 881 963 962 882 883 964 882 964 963 883 884 965 883 965 964 884 885 966 884 966 965 885 886 967 885 967 966 886 887 968 886 968 967 887 888 969 887 969 968 888 889 970 888 970 969 889 890 971 889 971 970 891 892 973 891 973 972 892 893 974 892 974 973 893 894 975 893 975 974 894 895 976 894 976 975 895 896 977 895 977 976 896 897 978 896 978 977 897 898 979 897 979 978 898 899 980 898 980 979 899 900 981 899 981 980 900 901 982 900 982 981 901 902 983 901 983 982 902 903 984 902 984 983 903 904 985 903 985 984 904 905 986 904 986 985 905 906 987 905 987 986 906 907 988 906 988 987 907 908 989 907 989 988 908 909 990 908 990 989 909 910 991 909 991 990 910 911 992 910 992 991 911 912 993 911 993 992 912 913 994 912 994 993 913 914 995 913 995 994 914 915 996 914 996 995 915 916 997 915 997 996 916 917 998 916 998 997 917 918 999 917 999 998 918 919 1000 918 1000 999 919 920 1001 919 1001 1000 920 921 1002 920 1002 1001 921 922 1003 921 1003 1002 922 923 1004 922 1004 1003 923 924 1005 923 1005 1004 924 925 1006 924 1006 1005 925 926 1007 925 1007 1006 926 927 1008 926 1008 1007 927 928 1009 927 1009 1008 928 929 1010 928 1010 1009 929 930 1011 929 1011 1010 930 931 1012 930 1012 1011 931 932 1013 931 1013 1012 932 933 1014 932 1014 1013 933 934 1015 933 1015 1014 934 935 1016 934 1016 1015 935 936 1017 935 1017 1016 936 937 1018 936 1018 1017 937 938 1019 937 1019 1018 938 939 1020 938 1020 1019 939 940 1021 939 1021 1020 940 941 1022 940 1022 1021 941 942 1023 941 1023 1022 942 943 1024 942 1024 1023 943 944 1025 943 1025 1024 944 945 1026 944 1026 1025 945 946 1027 945 1027 1026 946 947 1028 946 1028 1027 947 948 1029 947 1029 1028 948 949 1030 948 1030 1029 949 950 1031 949 1031 1030 950 951 1032 950 1032 1031 951 952 1033 951 1033 1032 952 953 1034 952 1034 1033 953 954 1035 953 1035 1034 954 955 1036 954 1036 1035 955 956 1037 955 1037 1036 956 957 1038 956 1038 1037 957 958 1039 957 1039 1038 958 959 1040 958 1040 1039 959 960 1041 959 1041 1040 960 961 1042 960 1042 1041 961 962 1043 961 1043 1042 962 963 1044 962 1044 1043 963 964 1045 963 1045 1044 964 965 1046 964 1046 1045 965 966 1047 965 1047 1046 966 967 1048 966 1048 1047 967 968 1049 967 1049 1048 968 969 1050 968 1050 1049 969 970 1051 969 1051 1050 970 971 1052 970 1052 1051 972 973 1054 972 1054 1053 973 974 1055 973 1055 1054 974 975 1056 974 1056 1055 975 976 1057 975 1057 1056 976 977 1058 976 1058 1057 977 978 1059 977 1059 1058 978 979 1060 978 1060 1059 979 980 1061 979 1061 1060 980 981 1062 980 1062 1061 981 982 1063 981 1063 1062 982 983 1064 982 1064 1063 983 984 1065 983 1065 1064 984 985 1066 984 1066 1065 985 986 1067 985 1067 1066 986 987 1068 986 1068 1067 987 988 1069 987 1069 1068 988 989 1070 988 1070 1069 989 990 1071 989 1071 1070 990 991 1072 990 1072 1071 991 992 1073 991 1073 1072 992 993 1074 992 1074 1073 993 994 1075 993 1075 1074 994 995 1076 994 1076 1075 995 996 1077 995 1077 1076 996 997 1078 996 1078 1077 997 998 1079 997 1079 1078 998 999 1080 998 1080 1079 999 1000 1081 999 1081 1080 1000 1001 1082 1000 1082 1081 1001 1002 1083 1001 1083 1082 1002 1003 1084 1002 1084 1083 1003 1004 1085 1003 1085 1084 1004 1005 1086 1004 1086 1085 1005 1006 1087 1005 1087 1086 1006 1007 1088 1006 1088 1087 1007 1008 1089 1007 1089 1088 1008 1009 1090 1008 1090 1089 1009 1010 1091 1009 1091 1090 1010 1011 1092 1010 1092 1091 1011 1012 1093 1011 1093 1092 1012 1013 1094 1012 1094 1093 1013 1014 1095 1013 1095 1094 1014 1015 1096 1014 1096 1095 1015 1016 1097 1015 1097 1096 1016 1017 1098 1016 1098 1097 1017 1018 1099 1017 1099 1098 1018 1019 1100 1018 1100 1099 1019 1020 1101 1019 1101 1100 1020 1021 1102 1020 1102 1101 1021 1022 1103 1021 1103 1102 1022 1023 1104 1022 1104 1103 1023 1024 1105 1023 1105 1104 1024 1025 1106 1024 1106 1105 1025 1026 1107 1025 1107 1106 1026 1027 1108 1026 1108 1107 1027 1028 1109 1027 1109 1108 1028 1029 1110 1028 1110 1109 1029 1030 1111 1029 1111 1110 1030 1031 1112 1030 1112 1111 1031 1032 1113 1031 1113 1112 1032 1033 1114 1032 1114 1113 1033 1034 1115 1033 1115 1114 1034 1035 1116 1034 1116 1115 1035 1036 1117 1035 1117 1116 1036 1037 1118 1036 1118 1117 1037 1038 1119 1037 1119 1118 1038 1039 1120 1038 1120 1119 1039 1040 1121 1039 1121 1120 1040 1041 1122 1040 1122 1121 1041 1042 1123 1041 1123 1122 1042 1043 1124 1042 1124 1123 1043 1044 1125 1043 1125 1124 1044 1045 1126 1044 1126 1125 1045 1046 1127 1045 1127 1126 1046 1047 1128 1046 1128 1127 1047 1048 1129 1047 1129 1128 1048 1049 1130 1048 1130 1129 1049 1050 1131 1049 1131 1130 1050 1051 1132 1050 1132 1131 1051 1052 1133 1051 1133 1132 1053 1054 1135 1053 1135 1134 1054 1055 1136 1054 1136 1135 1055 1056 1137 1055 1137 1136 1056 1057 1138 1056 1138 1137 1057 1058 1139 1057 1139 1138 1058 1059 1140 1058 1140 1139 1059 1060 1141 1059 1141 1140 1060 1061 1142 1060 1142 1141 1061 1062 1143 1061 1143 1142 1062 1063 1144 1062 1144 1143 1063 1064 1145 1063 1145 1144 1064 1065 1146 1064 1146 1145 1065 1066 1147 1065 1147 1146 1066 1067 1148 1066 1148 1147 1067 1068 1149 1067 1149 1148 1068 1069 1150 1068 1150 1149 1069 1070 1151 1069 1151 1150 1070 1071 1152 1070 1152 1151 1071 1072 1153 1071 1153 1152 1072 1073 1154 1072 1154 1153 1073 1074 1155 1073 1155 1154 1074 1075 1156 1074 1156 1155 1075 1076 1157 1075 1157 1156 1076 1077 1158 1076 1158 1157 1077 1078 1159 1077 1159 1158 1078 1079 1160 1078 1160 1159 1079 1080 1161 1079 1161 1160 1080 1081 1162 1080 1162 1161 1081 1082 1163 1081 1163 1162 1082 1083 1164 1082 1164 1163 1083 1084 1165 1083 1165 1164 1084 1085 1166 1084 1166 1165 1085 1086 1167 1085 1167 1166 1086 1087 1168 1086 1168 1167 1087 1088 1169 1087 1169 1168 1088 1089 1170 1088 1170 1169 1089 1090 1171 1089 1171 1170 1090 1091 1172 1090 1172 1171 1091 1092 1173 1091 1173 1172 1092 1093 1174 1092 1174 1173 1093 1094 1175 1093 1175 1174 1094 1095 1176 1094 1176 1175 1095 1096 1177 1095 1177 1176 1096 1097 1178 1096 1178 1177 1097 1098 1179 1097 1179 1178 1098 1099 1180 1098 1180 1179 1099 1100 1181 1099 1181 1180 1100 1101 1182 1100 1182 1181 1101 1102 1183 1101 1183 1182 1102 1103 1184 1102 1184 1183 1103 1104 1185 1103 1185 1184 1104 1105 1186 1104 1186 1185 1105 1106 1187 1105 1187 1186 1106 1107 1188 1106 1188 1187 1107 1108 1189 1107 1189 1188 1108 1109 1190 1108 1190 1189 1109 1110 1191 1109 1191 1190 1110 1111 1192 1110 1192 1191 1111 1112 1193 1111 1193 1192 1112 1113 1194 1112 1194 1193 1113 1114 1195 1113 1195 1194 1114 1115 1196 1114 1196 1195 1115 1116 1197 1115 1197 1196 1116 1117 1198 1116 1198 1197 1117 1118 1199 1117 1199 1198 1118 1119 1200 1118 1200 1199 1119 1120 1201 1119 1201 1200 1120 1121 1202 1120 1202 1201 1121 1122 1203 1121 1203 1202 1122 1123 1204 1122 1204 1203 1123 1124 1205 1123 1205 1204 1124 1125 1206 1124 1206 1205 1125 1126 1207 1125 1207 1206 1126 1127 1208 1126 1208 1207 1127 1128 1209 1127 1209 1208 1128 1129 1210 1128 1210 1209 1129 1130 1211 1129 1211 1210 1130 1131 1212 1130 1212 1211 1131 1132 1213 1131 1213 1212 1132 1133 1214 1132 1214 1213 1134 1135 1216 1134 1216 1215 1135 1136 1217 1135 1217 1216 1136 1137 1218 1136 1218 1217 1137 1138 1219 1137 1219 1218 1138 1139 1220 1138 1220 1219 1139 1140 1221 1139 1221 1220 1140 1141 1222 1140 1222 1221 1141 1142 1223 1141 1223 1222 1142 1143 1224 1142 1224 1223 1143 1144 1225 1143 1225 1224 1144 1145 1226 1144 1226 1225 1145 1146 1227 1145 1227 1226 1146 1147 1228 1146 1228 1227 1147 1148 1229 1147 1229 1228 1148 1149 1230 1148 1230 1229 1149 1150 1231 1149 1231 1230 1150 1151 1232 1150 1232 1231 1151 1152 1233 1151 1233 1232 1152 1153 1234 1152 1234 1233 1153 1154 1235 1153 1235 1234 1154 1155 1236 1154 1236 1235 1155 1156 1237 1155 1237 1236 1156 1157 1238 1156 1238 1237 1157 1158 1239 1157 1239 1238 1158 1159 1240 1158 1240 1239 1159 1160 1241 1159 1241 1240 1160 1161 1242 1160 1242 1241 1161 1162 1243 1161 1243 1242 1162 1163 1244 1162 1244 1243 1163 1164 1245 1163 1245 1244 1164 1165 1246 1164 1246 1245 1165 1166 1247 1165 1247 1246 1166 1167 1248 1166 1248 1247 1167 1168 1249 1167 1249 1248 1168 1169 1250 1168 1250 1249 1169 1170 1251 1169 1251 1250 1170 1171 1252 1170 1252 1251 1171 1172 1253 1171 1253 1252 1172 1173 1254 1172 1254 1253 1173 1174 1255 1173 1255 1254 1174 1175 1256 1174 1256 1255 1175 1176 1257 1175 1257 1256 1176 1177 1258 1176 1258 1257 1177 1178 1259 1177 1259 1258 1178 1179 1260 1178 1260 1259 1179 1180 1261 1179 1261 1260 1180 1181 1262 1180 1262 1261 1181 1182 1263 1181 1263 1262 1182 1183 1264 1182 1264 1263 1183 1184 1265 1183 1265 1264 1184 1185 1266 1184 1266 1265 1185 1186 1267 1185 1267 1266 1186 1187 1268 1186 1268 1267 1187 1188 1269 1187 1269 1268 1188 1189 1270 1188 1270 1269 1189 1190 1271 1189 1271 1270 1190 1191 1272 1190 1272 1271 1191 1192 1273 1191 1273 1272 1192 1193 1274 1192 1274 1273 1193 1194 1275 1193 1275 1274 1194 1195 1276 1194 1276 1275 1195 1196 1277 1195 1277 1276 1196 1197 1278 1196 1278 1277 1197 1198 1279 1197 1279 1278 1198 1199 1280 1198 1280 1279 1199 1200 1281 1199 1281 1280 1200 1201 1282 1200 1282 1281 1201 1202 1283 1201 1283 1282 1202 1203 1284 1202 1284 1283 1203 1204 1285 1203 1285 1284 1204 1205 1286 1204 1286 1285 1205 1206 1287 1205 1287 1286 1206 1207 1288 1206 1288 1287 1207 1208 1289 1207 1289 1288 1208 1209 1290 1208 1290 1289 1209 1210 1291 1209 1291 1290 1210 1211 1292 1210 1292 1291 1211 1212 1293 1211 1293 1292 1212 1213 1294 1212 1294 1293 1213 1214 1295 1213 1295 1294 1215 1216 1297 1215 1297 1296 1216 1217 1298 1216 1298 1297 1217 1218 1299 1217 1299 1298 1218 1219 1300 1218 1300 1299 1219 1220 1301 1219 1301 1300 1220 1221 1302 1220 1302 1301 1221 1222 1303 1221 1303 1302 1222 1223 1304 1222 1304 1303 1223 1224 1305 1223 1305 1304 1224 1225 1306 1224 1306 1305 1225 1226 1307 1225 1307 1306 1226 1227 1308 1226 1308 1307 1227 1228 1309 1227 1309 1308 1228 1229 1310 1228 1310 1309 1229 1230 1311 1229 1311 1310 1230 1231 1312 1230 1312 1311 1231 1232 1313 1231 1313 1312 1232 1233 1314 1232 1314 1313 1233 1234 1315 1233 1315 1314 1234 1235 1316 1234 1316 1315 1235 1236 1317 1235 1317 1316 1236 1237 1318 1236 1318 1317 1237 1238 1319 1237 1319 1318 1238 1239 1320 1238 1320 1319 1239 1240 1321 1239 1321 1320 1240 1241 1322 1240 1322 1321 1241 1242 1323 1241 1323 1322 1242 1243 1324 1242 1324 1323 1243 1244 1325 1243 1325 1324 1244 1245 1326 1244 1326 1325 1245 1246 1327 1245 1327 1326 1246 1247 1328 1246 1328 1327 1247 1248 1329 1247 1329 1328 1248 1249 1330 1248 1330 1329 1249 1250 1331 1249 1331 1330 1250 1251 1332 1250 1332 1331 1251 1252 1333 1251 1333 1332 1252 1253 1334 1252 1334 1333 1253 1254 1335 1253 1335 1334 1254 1255 1336 1254 1336 1335 1255 1256 1337 1255 1337 1336 1256 1257 1338 1256 1338 1337 1257 1258 1339 1257 1339 1338 1258 1259 1340 1258 1340 1339 1259 1260 1341 1259 1341 1340 1260 1261 1342 1260 1342 1341 1261 1262 1343 1261 1343 1342 1262 1263 1344 1262 1344 1343 1263 1264 1345 1263 1345 1344 1264 1265 1346 1264 1346 1345 1265 1266 1347 1265 1347 1346 1266 1267 1348 1266 1348 1347 1267 1268 1349 1267 1349 1348 1268 1269 1350 1268 1350 1349 1269 1270 1351 1269 1351 1350 1270 1271 1352 1270 1352 1351 1271 1272 1353 1271 1353 1352 1272 1273 1354 1272 1354 1353 1273 1274 1355 1273 1355 1354 1274 1275 1356 1274 1356 1355 1275 1276 1357 1275 1357 1356 1276 1277 1358 1276 1358 1357 1277 1278 1359 1277 1359 1358 1278 1279 1360 1278 1360 1359 1279 1280 1361 1279 1361 1360 1280 1281 1362 1280 1362 1361 1281 1282 1363 1281 1363 1362 1282 1283 1364 1282 1364 1363 1283 1284 1365 1283 1365 1364 1284 1285 1366 1284 1366 1365 1285 1286 1367 1285 1367 1366 1286 1287 1368 1286 1368 1367 1287 1288 1369 1287 1369 1368 1288 1289 1370 1288 1370 1369 1289 1290 1371 1289 1371 1370 1290 1291 1372 1290 1372 1371 1291 1292 1373 1291 1373 1372 1292 1293 1374 1292 1374 1373 1293 1294 1375 1293 1375 1374 1294 1295 1376 1294 1376 1375
</DataArray>
<DataArray type="Int64" Name="offsets" format="ascii">
3 6 9 12 15 18 21 24 27 30 33 36 39 42 45 48 51 54 57 60 63 66 69 72 75 78 81 84 87 90 93 96 99 102 105 108 111 114 117 120 123 126 129 132 135 138 141 144 147 150 153 156 159 162 165 168 171 174 177 180 183 186 189 192 195 198 201 204 207 210 213 216 219 222 225 228 231 234 237 240 243 246 249 252 255 258 261 264 267 270 273 276 279 282 285 288 291 294 297 300 303 306 309 312 315 318 321 324 327 330 333 336 339 342 345 348 351 354 357 360 363 366 369 372 375 378 381 384 387 390 393 396 399 402 405 408 411 414 417 420 423 426 429 432 435 438 441 444 447 450 453 456 459 462 465 468 471 474 477 480 483 486 489 492 495 498 501 504 507 510 513 516 519 522 525 528 531 534 537 540 543 546 549 552 555 558 561 564 567 570 573 576 579 582 585 588 591 594 597 600 603 606 609 612 615 618 621 624 627 630 633 636 639 642 645 648 651 654 657 660 663 666 669 672 675 678 681 684 687 690 693 696 699 702 705 708 711 714 717 720 723 726 729 732 735 738 741 744 747 750 753 756 759 762 765 768 771 774 777 780 783 786 789 792 795 798 801 804 807 810 813 816 819 822 825 828 831 834 837 840 843 846 849 852 855 858 861 864 867 870 873 876 879 882 885 888 891 894 897 900 903 906 909 912 915 918 921 924 927 930 933 936 939 942 945 948 951 954 957 960 963 966 969 972 975 978 981 984 987 990 993 996 999 1002 1005 1008 1011 1014 1017 1020 1023 1026 1029 1032 1035 1038 1041 1044 1047 1050 1053 1056 1059 1062 1065 1068 1071 1074 1077 1080 1083 1086 1089 1092 1095 1098 1101 1104 1107 1110 1113 1116 1119 1122 1125 1128 1131 1134 1137 1140 1143 1146 1149 1152 1155 1158 1161 1164 1167 1170 1173 1176 1179 1182 1185 1188 1191 1194 1197 1200 1203 1206 1209 1212 1215 1218 1221 1224 1227 1230 1233 1236 1239 1242 1245 1248 1251 1254 1257 1260 1263 1266 1269 1272 1275 1278 1281 1284 1287 1290 1293 1296 1299 1302 1305 1308 1311 1314 1317 1320 1323 1326 1329 1332 1335 1338 1341 1344 1347 1350 1353 1356 1359 1362 1365 1368 1371 1374 1377 1380 1383 1386 1389 1392 1395 1398 1401 1404 1407 1410 1413 1416 1419 1422 1425 1428 1431 1434 1437 1440 1443 1446 1449 1452 1455 1458 1461 1464 1467 1470 1473 1476 1479 1482 1485 1488 1491 1494 1497 1500 1503 1506 1509 1512 1515 1518 1521 1524 1527 1530 1533 1536 1539 1542 1545 1548 1551 1554 1557 1560 1563 1566 1569 1572 1575 1578 1581 1584 1587 1590 1593 1596 1599 1602 1605 1608 1611 1614 1617 1620 1623 1626 1629 1632 1635 1638 1641 1644 1647 1650 1653 1656 1659 1662 1665 1668 1671 1674 1677 1680 1683 1686 1689 1692 1695 1698 1701 1704 1707 1710 1713 1716 1719 1722 1725 1728 1731 1734 1737 1740 1743 1746 1749 1752 1755 1758 1761 1764 1767 1770 1773 1776 1779 1782 1785 1788 1791 1794 1797 1800 1803 1806 1809 1812 1815 1818 1821 1824 1827 1830 1833 1836 1839 1842 1845 1848 1851 1854 1857 1860 1863 1866 1869 1872 1875 1878 1881 1884 1887 1890 1893 1896 1899 1902 1905 1908 1911 1914 1917 1920 1923 1926 1929 1932 1935 1938 1941 1944 1947 1950 1953 1956 1959 1962 1965 1968 1971 1974 1977 1980 1983 1986 1989 1992 1995 1998 2001 2004 2007 2010 2013 2016 2019 2022 2025 2028 2031 2034 2037 2040 2043 2046 2049 2052 2055 2058 2061 2064 2067 2070 2073 2076 2079 2082 2085 2088 2091 2094 2097 2100 2103 2106 2109 2112 2115 2118 2121 2124 2127 2130 2133 2136 2139 2142 2145 2148 2151 2154 2157 2160 2163 2166 2169 2172 2175 2178 2181 2184 2187 2190 2193 2196 2199 2202 2205 2208 2211 2214 2217 2220 2223 2226 2229 2232 2235 2238 2241 2244 2247 2250 2253 2256 2259 2262 2265 2268 2271 2274 2277 2280 2283 2286 2289 2292 2295 2298 2301 2304 2307 2310 2313 2316 2319 2322 2325 2328 2331 2334 2337 2340 2343 2346 2349 2352 2355 2358 2361 2364 2367 2370 2373 2376 2379 2382 2385 2388 2391 2394 2397 2400 2403 2406 2409 2412 2415 2418 2421 2424 2427 2430 2433 2436 2439 2442 2445 2448 2451 2454 2457 2460 2463 2466 2469 2472 2475 2478 2481 2484 2487 2490 2493 2496 2499 2502 2505 2508 2511 2514 2517 2520 2523 2526 2529 2532 2535 2538 2541 2544 2547 2550 2553 2556 2559 2562 2565 2568 2571 2574 2577 2580 2583 2586 2589 2592 2595 2598 2601 2604 2607 2610 2613 2616 2619 2622 2625 2628 2631 2634 2637 2640 2643 2646 2649 2652 2655 2658 2661 2664 2667 2670 2673 2676 2679 2682 2685 2688 2691 2694 2697 2700 2703 2706 2709 2712 2715 2718 2721 2724 2727 2730 2733 2736 2739 2742 2745 2748 2751 2754 2757 2760 2763 2766 2769 2772 2775 2778 2781 2784 2787 2790 2793 2796 2799 2802 2805 2808 2811 2814 2817 2820 2823 2826 2829 2832 2835 2838 2841 2844 2847 2850 2853 2856 2859 2862 2865 2868 2871 2874 2877 2880 2883 2886 2889 2892 2895 2898 2901 2904 2907 2910 2913 2916 2919 2922 2925 2928 2931 2934 2937 2940 2943 2946 2949 2952 2955 2958 2961 2964 2967 2970 2973 2976 2979 2982 2985 2988 2991 2994 2997 3000 3003 3006 3009 3012 3015 3018 3021 3024 3027 3030 3033 3036 3039 3042 3045 3048 3051 3054 3057 3060 3063 3066 3069 3072 3075 3078 3081 3084 3087 3090 3093 3096 3099 3102 3105 3108 3111 3114 3117 3120 3123 3126 3129 3132 3135 3138 3141 3144 3147 3150 3153 3156 3159 3162 3165 3168 3171 3174 3177 3180 3183 3186 3189 3192 3195 3198 3201 3204 3207 3210 3213 3216 3219 3222 3225 3228 3231 3234 3237 3240 3243 3246 3249 3252 3255 3258 3261 3264 3267 3270 3273 3276 3279 3282 3285 3288 3291 3294 3297 3300 3303 3306 3309 3312 3315 3318 3321 3324 3327 3330 3333 3336 3339 3342 3345 3348 3351 3354 3357 3360 3363 3366 3369 3372 3375 3378 3381 3384 3387 3390 3393 3396 3399 3402 3405 3408 3411 3414 3417 3420 3423 3426 3429 3432 3435 3438 3441 3444 3447 3450 3453 3456 3459 3462 3465 3468 3471 3474 3477 3480 3483 3486 3489 3492 3495 3498 3501 3504 3507 3510 3513 3516 3519 3522 3525 3528 3531 3534 3537 3540 3543 3546 3549 3552 3555 3558 3561 3564 3567 3570 3573 3576 3579 3582 3585 3588 3591 3594 3597 3600 3603 3606 3609 3612 3615 3618 3621 3624 3627 3630 3633 3636 3639 3642 3645 3648 3651 3654 3657 3660 3663 3666 3669 3672 3675 3678 3681 3684 3687 3690 3693 3696 3699 3702 3705 3708 3711 3714 3717 3720 3723 3726 3729 3732 3735 3738 3741 3744 3747 3750 3753 3756 3759 3762 3765 3768 3771 3774 3777 3780 3783 3786 3789 3792 3795 3798 3801 3804 3807 3810 3813 3816 3819 3822 3825 3828 3831 3834 3837 3840 3843 3846 3849 3852 3855 3858 3861 3864 3867 3870 3873 3876 3879 3882 3885 3888 3891 3894 3897 3900 3903 3906 3909 3912 3915 3918 3921 3924 3927 3930 3933 3936 3939 3942 3945 3948 3951 3954 3957 3960 3963 3966 3969 3972 3975 3978 3981 3984 3987 3990 3993 3996 3999 4002 4005 4008 4011 4014 4017 4020 4023 4026 4029 4032 4035 4038 4041 4044 4047 4050 4053 4056 4059 4062 4065 4068 4071 4074 4077 4080 4083 4086 4089 4092 4095 4098 4101 4104 4107 4110 4113 4116 4119 4122 4125 4128 4131 4134 4137 4140 4143 4146 4149 4152 4155 4158 4161 4164 4167 4170 4173 4176 4179 4182 4185 4188 4191 4194 4197 4200 4203 4206 4209 4212 4215 4218 4221 4224 4227 4230 4233 4236 4239 4242 4245 4248 4251 4254 4257 4260 4263 4266 4269 4272 4275 4278 4281 4284 4287 4290 4293 4296 4299 4302 4305 4308 4311 4314 4317 4320 4323 4326 4329 4332 4335 4338 4341 4344 4347 4350 4353 4356 4359 4362 4365 4368 4371 4374 4377 4380 4383 4386 4389 4392 4395 4398 4401 4404 4407 4410 4413 4416 4419 4422 4425 4428 4431 4434 4437 4440 4443 4446 4449 4452 4455 4458 4461 4464 4467 4470 4473 4476 4479 4482 4485 4488 4491 4494 4497 4500 4503 4506 4509 4512 4515 4518 4521 4524 4527 4530 4533 4536 4539 4542 4545 4548 4551 4554 4557 4560 4563 4566 4569 4572 4575 4578 4581 4584 4587 4590 4593 4596 4599 4602 4605 4608 4611 4614 4617 4620 4623 4626 4629 4632 4635 4638 4641 4644 4647 4650 4653 4656 4659 4662 4665 4668 4671 4674 4677 4680 4683 4686 4689 4692 4695 4698 4701 4704 4707 4710 4713 4716 4719 4722 4725 4728 4731 4734 4737 4740 4743 4746 4749 4752 4755 4758 4761 4764 4767 4770 4773 4776 4779 4782 4785 4788 4791 4794 4797 4800 4803 4806 4809 4812 4815 4818 4821 4824 4827 4830 4833 4836 4839 4842 4845 4848 4851 4854 4857 4860 4863 4866 4869 4872 4875 4878 4881 4884 4887 4890 4893 4896 4899 4902 4905 4908 4911 4914 4917 4920 4923 4926 4929 4932 4935 4938 4941 4944 4947 4950 4953 4956 4959 4962 4965 4968 4971 4974 4977 4980 4983 4986 4989 4992 4995 4998 5001 5004 5007 5010 5013 5016 5019 5022 5025 5028 5031 5034 5037 5040 5043 5046 5049 5052 5055 5058 5061 5064 5067 5070 5073 5076 5079 5082 5085 5088 5091 5094 5097 5100 5103 5106 5109 5112 5115 5118 5121 5124 5127 5130 5133 5136 5139 5142 5145 5148 5151 5154 5157 5160 5163 5166 5169 5172 5175 5178 5181 5184 5187 5190 5193 5196 5199 5202 5205 5208 5211 5214 5217 5220 5223 5226 5229 5232 5235 5238 5241 5244 5247 5250 5253 5256 5259 5262 5265 5268 5271 5274 5277 5280 5283 5286 5289 5292 5295 5298 5301 5304 5307 5310 5313 5316 5319 5322 5325 5328 5331 5334 5337 5340 5343 5346 5349 5352 5355 5358 5361 5364 5367 5370 5373 5376 5379 5382 5385 5388 5391 5394 5397 5400 5403 5406 5409 5412 5415 5418 5421 5424 5427 5430 5433 5436 5439 5442 5445 5448 5451 5454 5457 5460 5463 5466 5469 5472 5475 5478 5481 5484 5487 5490 5493 5496 5499 5502 5505 5508 5511 5514 5517 5520 5523 5526 5529 5532 5535 5538 5541 5544 5547 5550 5553 5556 5559 5562 5565 5568 5571 5574 5577 5580 5583 5586 5589 5592 5595 5598 5601 5604 5607 5610 5613 5616 5619 5622 5625 5628 5631 5634 5637 5640 5643 5646 5649 5652 5655 5658 5661 5664 5667 5670 5673 5676 5679 5682 5685 5688 5691 5694 5697 5700 5703 5706 5709 5712 5715 5718 5721 5724 5727 5730 5733 5736 5739 5742 5745 5748 5751 5754 5757 5760 5763 5766 5769 5772 5775 5778 5781 5784 5787 5790 5793 5796 5799 5802 5805 5808 5811 5814 5817 5820 5823 5826 5829 5832 5835 5838 5841 5844 5847 5850 5853 5856 5859 5862 5865 5868 5871 5874 5877 5880 5883 5886 5889 5892 5895 5898 5901 5904 5907 5910 5913 5916 5919 5922 5925 5928 5931 5934 5937 5940 5943 5946 5949 5952 5955 5958 5961 5964 5967 5970 5973 5976 5979 5982 5985 5988 5991 5994 5997 6000 6003 6006 6009 6012 6015 6018 6021 6024 6027 6030 6033 6036 6039 6042 6045 6048 6051 6054 6057 6060 6063 6066 6069 6072 6075 6078 6081 6084 6087 6090 6093 6096 6099 6102 6105 6108 6111 6114 6117 6120 6123 6126 6129 6132 6135 6138 6141 6144 6147 6150 6153 6156 6159 6162 6165 6168 6171 6174 6177 6180 6183 6186 6189 6192 6195 6198 6201 6204 6207 6210 6213 6216 6219 6222 6225 6228 6231 6234 6237 6240 6243 6246 6249 6252 6255 6258 6261 6264 6267 6270 6273 6276 6279 6282 6285 6288 6291 6294 6297 6300 6303 6306 6309 6312 6315 6318 6321 6324 6327 6330 6333 6336 6339 6342 6345 6348 6351 6354 6357 6360 6363 6366 6369 6372 6375 6378 6381 6384 6387 6390 6393 6396 6399 6402 6405 6408 6411 6414 6417 6420 6423 6426 6429 6432 6435 6438 6441 6444 6447 6450 6453 6456 6459 6462 6465 6468 6471 6474 6477 6480 6483 6486 6489 6492 6495 6498 6501 6504 6507 6510 6513 6516 6519 6522 6525 6528 6531 6534 6537 6540 6543 6546 6549 6552 6555 6558 6561 6564 6567 6570 6573 6576 6579 6582 6585 6588 6591 6594 6597 6600 6603 6606 6609 6612 6615 6618 6621 6624 6627 6630 6633 6636 6639 6642 6645 6648 6651 6654 6657 6660 6663 6666 6669 6672 6675 6678 6681 6684 6687 6690 6693 6696 6699 6702 6705 6708 6711 6714 6717 6720 6723 6726 6729 6732 6735 6738 6741 6744 6747 6750 6753 6756 6759 6762 6765 6768 6771 6774 6777 6780 6783 6786 6789 6792 6795 6798 6801 6804 6807 6810 6813 6816 6819 6822 6825 6828 6831 6834 6837 6840 6843 6846 6849 6852 6855 6858 6861 6864 6867 6870 6873 6876 6879 6882 6885 6888 6891 6894 6897 6900 6903 6906 6909 6912 6915 6918 6921 6924 6927 6930 6933 6936 6939 6942 6945 6948 6951 6954 6957 6960 6963 6966 6969 6972 6975 6978 6981 6984 6987 6990 6993 6996 6999 7002 7005 7008 7011 7014 7017 7020 7023 7026 7029 7032 7035 7038 7041 7044 7047 7050 7053 7056 7059 7062 7065 7068 7071 7074 7077 7080 7083 7086 7089 7092 7095 7098 7101 7104 7107 7110 7113 7116 7119 7122 7125 7128 7131 7134 7137 7140 7143 7146 7149 7152 7155 7158 7161 7164 7167 7170 7173 7176 7179 7182 7185 7188 7191 7194 7197 7200 7203 7206 7209 7212 7215 7218 7221 7224 7227 7230 7233 7236 7239 7242 7245 7248 7251 7254 7257 7260 7263 7266 7269 7272 7275 7278 7281 7284 7287 7290 7293 7296 7299 7302 7305 7308 7311 7314 7317 7320 7323 7326 7329 7332 7335 7338 7341 7344 7347 7350 7353 7356 7359 7362 7365 7368 7371 7374 7377 7380 7383 7386 7389 7392 7395 7398 7401 7404 7407 7410 7413 7416 7419 7422 7425 7428 7431 7434 7437 7440 7443 7446 7449 7452 7455 7458 7461 7464 7467 7470 7473 7476 7479 7482 7485 7488 7491 7494 7497 7500 7503 7506 7509 7512 7515 7518 7521 7524 7527 7530 7533 7536 7539 7542 7545 7548 7551 7554 7557 7560 7563 7566 7569 7572 7575 7578 7581 7584 7587 7590 7593 7596 7599 7602 7605 7608 7611 7614 7617 7620 7623 7626 7629 7632 7635 7638 7641 7644 7647 7650 7653 7656 7659 7662 7665 7668 7671 7674 7677 7680
</DataArray>
<DataArray type="UInt8" Name="types" format="ascii">
5 5 5 5 5 5 5 5 5 5 5 5 5 5 5 5 5 5 5 5 5 5 5 5 5 5 5 5 5 5 5 5 5 5 5 5 5 5 5 5 5 5 5 5 5 5 5 5 5 5 5 5 5 5 5 5 5 5 5 5 5 5 5 5 5 5 5 5 5 5 5 5 5 5 5 5 5 5 5 5 5 5 5 5 5 5 5 5 5 5 5 5 5 5 5 5 5 5 5 5 5 5 5 5 5 5 5 5 5 5 5 5 5 5 5 5 5 5 5 5 5 5 5 5 5 5 5 5 5 5 5 5 5 5 5 5 5 5 5 5 5 5 5 5 5 5 5 5 5 5 5 5 5 5 5 5 5 5 5 5 5 5 5 5 5 5 5 5 5 5 5 5 5 5 5 5 5 5 5 5 5 5 5 5 5 5 5 5 5 5 5 5 5 5 5 5 5 5 5 5 5 5 5 5 5 5 5 5 5 5 5 5 5 5 5 5 5 5 5 5 5 5 5 5 5 5 5 5 5 5 5 5 5 5 5 5 5 5 5 5 5 5 5 5 5 5 5 5 5 5 5 5 5 5 5 5 5 5 5 5 5 5 5 5 5 5 5 5 5 5 5 5 5 5 5 5 5 5 5 5 5 5 5 5 5 5 5 5 5 5 5 5 5 5 5 5 5 5 5 5 5 5 5 5 5 5 5 5 5 5 5 5 5 5 5 5 5 5 5 5 5 5 5 5 5 5 5 5 5 5 5 5 5 5 5 5 5 5 5 5 5 5 5 5 5 5 5 5 5 5 5 5 5 5 5 5 5 5 5 5 5 5 5 5 5 5 5 5 5 5 5 5 5 5 5 5 5 5 5 5 5 5 5 5 5 5 5 5 5 5 5 5 5 5 5 5 5 5 5 5 5 5 5 5 5 5 5 5 5 5 5 5 5 5 5 5 5 5 5 5 5 5 5 5 5 5 5 5 5 5 5 5 5 5 5 5 5 5 5 5 5 5 5 5 5 5 5 5 5 5 5 5 5 5 5 5 5 5 5 5 5 5 5 5 5 5 5 5 5 5 5 5 5 5 5 5 5 5 5 5 5 5 5 5 5 5 5 5 5 5 5 5 5 5 5 5 5 5 5 5 5 5 5 5 5 5 5 5 5 5 5 5 5 5 5 5 5 5 5 5 5 5 5 5 5 5 5 5 5 5 5 5 5 5 5 5 5 5 5 5 5 5 5 5 5 5 5 5 5 5 5 5 5 5 5 5 5 5 5 5 5 5 5 5 5 5 5 5 5 5 5 5 5 5 5 5 5 5 5 5 5 5 5 5 5 5 5 5 5 5 5 5 5 5 5 5 5 5 5 5 5 5 5 5 5 5 5 5 5 5 5 5 5 5 5 5 5 5 5 5 5 5 5 5 5 5 5 5 5 5 5 5 5 5 5 5 5 5 5 5 5 5 5 5 5 5 5 5 5 5 5 5 5 5 5 5 5 5 5 5 5 5 5 5 5 5 5 5 5 5 5 5 5 5 5 5 5 5 5 5 5 5 5 5 5 5 5 5 5 5 5 5 5 5 5 5 5 5 5 5 5 5 5 5 5 5 5 5 5 5 5 5 5 5 5 5 5 5 5 5 5 5 5 5 5 5 5 5 5 5 5 5 5 5 5 5 5 5 5 5 5 5 5 5 5 5 5 5 5 5 5 5 5 5 5 5 5 5 5 5 5 5 5 5 5 5 5 5 5 5 5 5 5 5 5 5 5 5 5 5 5 5 5 5 5 5 5 5 5 5 5 5 5 5 5 5 5 5 5 5 5 5 5 5 5 5 5 5 5 5 5 5 5 5 5 5 5 5 5 5 5 5 5 5 5 5 5 5 5 5 5 5 5 5 5 5 5 5 5 5 5 5 5 5 5 5 5 5 5 5 5 5 5 5 5 5 5 5 5 5 5 5 5 5 5 5 5 5 5 5 5 5 5 5 5 5 5 5 5 5 5 5 5 5 5 5 5 5 5 5 5 5 5 5 5 5 5 5 5 5 5 5 5 5 5 5 5 5 5 5 5 5 5 5 5 5 5 5 5 5 5 5 5 5 5 5 5 5 5 5 5 5 5 5 5 5 5 5 5 5 5 5 5 5 5 5 5 5 5 5 5 5 5 5 5 5 5 5 5 5 5 5 5 5 5 5 5 5 5 5 5 5 5 5 5 5 5 5 5 5 5 5 5 5 5 5 5 5 5 5 5 5 5 5 5 5 5 5 5 5 5 5 5 5 5 5 5 5 5 5 5 5 5 5 5 5 5 5 5 5 5 5 5 5 5 5 5 5 5 5 5 5 5 5 5 5 5 5 5 5 5 5 5 5 5 5 5 5 5 5 5 5 5 5 5 5 5 5 5 5 5 5 5 5 5 5 5 5 5 5 5 5 5 5 5 5 5 5 5 5 5 5 5 5 5 5 5 5 5 5 5 5 5 5 5 5 5 5 5 5 5 5 5 5 5 5 5 5 5 5 5 5 5 5 5 5 5 5 5 5 5 5 5 5 5 5 5 5 5 5 5 5 5 5 5 5 5 5 5 5 5 5 5 5 5 5 5 5 5 5 5 5 5 5 5 5 5 5 5 5 5 5 5 5 5 5 5 5 5 5 5 5 5 5 5 5 5 5 5 5 5 5 5 5 5 5 5 5 5 5 5 5 5 5 5 5 5 5 5 5 5 5 5 5 5 5 5 5 5 5 5 5 5 5 5 5 5 5 5 5 5 5 5 5 5 5 5 5 5 5 5 5 5 5 5 5 5 5 5 5 5 5 5 5 5 5 5 5 5 5 5 5 5 5 5 5 5 5 5 5 5 5 5 5 5 5 5 5 5 5 5 5 5 5 5 5 5 5 5 5 5 5 5 5 5 5 5 5 5 5 5 5 5 5 5 5 5 5 5 5 5 5 5 5 5 5 5 5 5 5 5 5 5 5 5 5 5 5 5 5 5 5 5 5 5 5 5 5 5 5 5 5 5 5 5 5 5 5 5 5 5 5 5 5 5 5 5 5 5 5 5 5 5 5 5 5 5 5 5 5 5 5 5 5 5 5 5 5 5 5 5 5 5 5 5 5 5 5 5 5 5 5 5 5 5 5 5 5 5 5 5 5 5 5 5 5 5 5 5 5 5 5 5 5 5 5 5 5 5 5 5 5 5 5 5 5 5 5 5 5 5 5 5 5 5 5 5 5 5 5 5 5 5 5 5 5 5 5 5 5 5 5 5 5 5 5 5 5 5 5 5 5 5 5 5 5 5 5 5 5 5 5 5 5 5 5 5 5 5 5 5 5 5 5 5 5 5 5 5 5 5 5 5 5 5 5 5 5 5 5 5 5 5 5 5 5 5 5 5 5 5 5 5 5 5 5 5 5 5 5 5 5 5 5 5 5 5 5 5 5 5 5 5 5 5 5 5 5 5 5 5 5 5 5 5 5 5 5 5 5 5 5 5 5 5 5 5 5 5 5 5 5 5 5 5 5 5 5 5 5 5 5 5 5 5 5 5 5 5 5 5 5 5 5 5 5 5 5 5 5 5 5 5 5 5 5 5 5 5 5 5 5 5 5 5 5 5 5 5 5 5 5 5 5 5 5 5 5 5 5 5 5 5 5 5 5 5 5 5 5 5 5 5 5 5 5 5 5 5 5 5 5 5 5 5 5 5 5 5 5 5 5 5 5 5 5 5 5 5 5 5 5 5 5 5 5 5 5 5 5 5 5 5 5 5 5 5 5 5 5 5 5 5 5 5 5 5 5 5 5 5 5 5 5 5 5 5 5 5 5 5 5 5 5 5 5 5 5 5 5 5 5 5 5 5 5 5 5 5 5 5 5 5 5 5 5 5 5 5 5 5 5 5 5 5 5 5 5 5 5 5 5 5 5 5 5 5 5 5 5 5 5 5 5 5 5 5 5 5 5 5 5 5 5 5 5 5 5 5 5 5 5 5 5 5 5 5 5 5 5 5 5 5 5 5 5 5 5 5 5 5 5 5 5 5 5 5 5 5 5 5 5 5 5 5 5 5 5 5 5 5 5 5 5 5 5 5 5 5 5 5 5 5 5 5 5 5 5 5 5 5 5 5 5 5 5 5 5 5 5 5 5 5 5 5 5 5 5 5 5 5 5 5 5 5 5 5 5 5 5 5 5 5 5 5 5 5 5 5 5 5 5 5 5 5 5 5 5 5 5 5 5 5 5 5 5 5 5 5 5 5 5 5 5 5 5 5 5 5 5 5 5 5 5 5 5 5 5 5 5 5 5 5 5 5 5 5 5 5 5 5 5 5 5 5 5 5 5 5 5 5 5 5 5 5 5 5 5 5 5 5 5 5 5 5 5 5 5 5 5 5 5 5 5 5 5 5 5 5 5 5 5 5 5 5 5 5 5 5 5 5 5 5 5 5 5 5 5 5 5 5 5 5 5 5 5 5 5 5 5 5 5 5 5 5 5 5 5 5 5 5 5 5 5 5 5 5 5 5 5 5 5 5 5 5 5 5 5 5 5 5 5 5 5 5 5 5 5 5 5 5 5 5 5 5 5 5 5 5 5 5 5 5 5 5 5 5 5 5 5 5 5 5 5 5 5 5 5 5 5 5 5 5 5 5 5 5 5 5 5 5 5 5 5 5 5 5 5 5 5 5 5 5 5 5 5 5 5 5 5 5 5 5 5 5 5 5 5 5 5 5 5 5 5 5 5 5 5 5 5 5 5 5 5 5 5 5 5 5 5 5 5 5 5 5 5 5 5 5 5 5 5 5 5 5 5 5 5 5 5 5 5 5 5 5 5 5 5 5 5 5 5 5 5 5 5 5 5 5 5 5 5 5 5 5 5 5 5 5 5 5 5 5 5 5 5 5 5 5 5 5 5 5 5 5 5 5 5 5 5 5 5 5 5 5 5 5 5 5 5 5 5 5 5 5 5 5 5 5 5 5 5 5 5 5 5 5 5 5 5 5 5 5 5 5 5 5 5 5 5 5 5 5 5 5 5 5 5 5 5 5 5 5 5 5 5 5 5 5 5 5 5 5 5 5 5 5 5 5 5 5 5 5 5 5 5 5 5 5 5 5 5 5 5 5 5 5 5 5 5 5 5 5 5 5 5 5 5 5 5 5 5 5 5 5 5 5 5 5 5 5 5 5 5 5 5 5 5 5 5 5 5 5 5 5 5 5 5 5 5 5 5 5 5 5 5 5 5 5 5 5 5 5 5 5 5 5 5 5 5 5 5 5 5 5 5 5 5 5 5 5 5 5 5 5 5 5 5 5 5 5 5 5 5 5 5 5 5 5 5 5 5 5 5 5 5 5 5 5 5 5 5 5 5 5 5 5 5 5 5 5 5 5 5 5 5 5 5 5 5 5 5 5 5 5 5 5 5 5 5 5 5 5 5 5 5 5 5 5 5 5 5 5 5 5 5 5 5 5 5 5 5 5 5 5 5 5 5 5 5 5 5 5 5 5 5 5 5 5 5 5 5 5 5 5 5 5 5 5 5 5 5 5 5 5 5 5 5 5 5 5 5 5 5 5 5 5 5 5 5 5 5 5 5 5 5 5 5 5 5 5 5 5 5 5 5 5 5 5 5 5 5 5 5 5 5 5 5 5 5 5 5 5 5 5 5 5 5 5 5 5 5 5 5 5 5 5 5 5 5 5 5 5 5 5 5 5 5 5 5 5 5 5 5 5 5 5 5 5 5 5 5 5 5 5 5 5 5 5 5 5 5 5 5 5 5 5 5 5 5
</DataArray>
</Cells>
<PointData>
<DataArray type="Float64" Name="temperature [K]" NumberOfComponents="1" format="ascii">
351.05419161712393 350.45538922191446 349.8565868267049 349.2577844314957 348.6589820362863 348.0601796410771 347.46137724586754 346.86257485065835 346.2637724554488 345.6649700602391 345.06616766502964 344.4673652698197 343.86856287461 343.2697604794002 342.6709580841903 342.07215568897993 341.4733532937694 340.8745508985588 340.27574850334776 339.6769461081372 339.07814371292625 338.47934131771507 337.88053892250383 337.2817365272926 336.6829341320807 336.0841317368688 335.4853293416567 334.8865269464443 334.2877245512316 333.6889221560198 333.0901197608082 332.4913173655964 331.8925149703843 331.2937125751726 330.6949101799599 330.0961077847468 329.4973053895337 328.89850299432067 328.2997005991075 327.70089820389404 327.10209580868025 326.50329341346617 325.904491018252 325.3056886230381 324.70688622782353 324.1080838326088 323.5092814373939 322.9104790421787 322.3116766469633 321.7128742517479 321.11407185653223 320.5152694613162 319.9164670661 319.3176646708845 318.7188622756687 318.12005988045263 317.5212574852363 316.9224550900198 316.3236526948034 315.7248502995869 315.1260479043702 314.5272455091535 313.9284431139367 313.3296407187198 312.7308383235022 312.1320359282845 311.53323353306655 310.93443113784843 310.3356287426302 309.7368263474118 309.13802395219295 308.5392215569739 307.9404191617548 307.34161676653576 306.7428143713167 306.1440119760974 305.54520958087824 304.9464071856589 304.3476047904394 303.74880239521985 303.15 351.0541916171239 350.4553892219144 349.8565868267048 349.2577844314957 348.6589820362863 348.0601796410771 347.4613772458676 346.86257485065835 346.26377245544876 345.66497006023906 345.0661676650297 344.4673652698197 343.86856287461006 343.2697604794002 342.6709580841903 342.07215568897993 341.47335329376943 340.8745508985588 340.2757485033479 339.67694610813726 339.07814371292625 338.479341317715 337.8805389225038 337.28173652729265 336.68293413208073 336.08413173686887 335.48532934165667 334.88652694644435 334.2877245512316 333.6889221560199 333.09011976080825 332.4913173655964 331.8925149703844 331.2937125751727 330.69491017995995 330.09610778474683 329.4973053895338 328.8985029943207 328.29970059910755 327.7008982038941 327.10209580868025 326.5032934134662 325.90449101825203 325.3056886230382 324.70688622782353 324.1080838326088 323.5092814373939 322.9104790421787 322.31167664696335 321.71287425174796 321.11407185653223 320.5152694613163 319.91646706609987 319.31766467088454 318.71886227566876 318.12005988045263 317.5212574852364 316.9224550900199 316.3236526948035 315.7248502995869 315.1260479043701 314.5272455091535 313.92844311393674 313.3296407187197 312.73083832350216 312.1320359282845 311.53323353306655 310.93443113784843 310.3356287426302 309.73682634741186 309.138023952193 308.53922155697404 307.9404191617548 307.3416167665357 306.7428143713166 306.1440119760974 305.54520958087824 304.9464071856589 304.3476047904394 303.74880239521985 303.15 351.0541916171239 350.4553892219145 349.8565868267049 349.25778443149574 348.65898203628626 348.06017964107696 347.4613772458675 346.8625748506582 346.2637724554488 345.6649700602391 345.06616766502975 344.4673652698197 343.86856287461 343.2697604794002 342.6709580841903 342.0721556889799 341.47335329376943 340.8745508985588 340.27574850334804 339.67694610813726 339.0781437129263 338.47934131771495 337.8805389225037 337.2817365272925 336.6829341320807 336.08413173686876 335.4853293416567 334.88652694644435 334.2877245512317 333.6889221560201 333.09011976080836 332.49131736559644 331.8925149703844 331.29371257517244 330.6949101799602 330.0961077847469 329.4973053895339 328.89850299432084 328.29970059910767 327.70089820389404 327.1020958086803 326.5032934134662 325.90449101825243 325.30568862303824 324.70688622782365 324.10808383260877 323.5092814373939 322.9104790421787 322.3116766469634 321.7128742517479 321.11407185653235 320.5152694613164 319.91646706610004 319.3176646708847 318.71886227566887 318.1200598804528 317.52125748523645 316.92245509002004 316.32365269480385 315.72485029958693 315.1260479043702 314.5272455091535 313.92844311393674 313.3296407187197 312.7308383235022 312.13203592828455 311.53323353306655 310.9344311378485 310.3356287426303 309.73682634741215 309.1380239521932 308.53922155697416 307.94041916175485 307.3416167665356 306.7428143713167 306.14401197609743 305.5452095808783 304.9464071856589 304.34760479043945 303.74880239521985 303.15 351.0541916171239 350.4553892219144 349.85658682670487 349.2577844314958 348.6589820362863 348.06017964107696 347.4613772458676 346.8625748506583 346.2637724554489 345.6649700602392 345.06616766502975 344.46736526981965 343.86856287461 343.26976047940025 342.6709580841903 342.0721556889799 341.4733532937693 340.8745508985588 340.2757485033481 339.6769461081372 339.0781437129263 338.4793413177149 337.8805389225037 337.28173652729237 336.6829341320807 336.08413173686876 335.48532934165667 334.88652694644435 334.28772455123175 333.68892215602017 333.0901197608083 332.4913173655964 331.89251497038424 331.29371257517226 330.69491017995983 330.09610778474695 329.49730538953395 328.89850299432084 328.29970059910767 327.7008982038941 327.1020958086803 326.5032934134664 325.9044910182526 325.3056886230382 324.7068862278237 324.1080838326088 323.50928143739395 322.9104790421788 322.31167664696346 321.712874251748 321.11407185653235 320.51526946131645 319.91646706610015 319.31766467088477 318.7188622756689 318.12005988045286 317.52125748523645 316.9224550900202 316.32365269480385 315.72485029958676 315.12604790436995 314.52724550915343 313.9284431139367 313.3296407187196 312.73083832350227 312.1320359282845 311.53323353306655 310.9344311378484 310.3356287426303 309.73682634741226 309.1380239521931 308.53922155697427 307.94041916175473 307.3416167665356 306.7428143713166 306.1440119760974 305.54520958087824 304.94640718565887 304.3476047904394 303.74880239521974 303.15 351.0541916171236 350.45538922191423 349.856586826705 349.25778443149574 348.6589820362864 348.060179641077 347.4613772458677 346.8625748506582 346.26377245544876 345.6649700602393 345.06616766502975 344.4673652698199 343.8685628746103 343.2697604794004 342.6709580841905 342.0721556889798 341.4733532937693 340.8745508985587 340.27574850334804 339.6769461081371 339.07814371292625 338.4793413177149 337.8805389225037 337.2817365272924 336.6829341320806 336.0841317368688 335.4853293416567 334.88652694644446 334.28772455123226 333.68892215602045 333.09011976080853 332.4913173655965 331.89251497038424 331.29371257517215 330.6949101799597 330.09610778474695 329.49730538953395 328.8985029943211 328.29970059910784 327.7008982038941 327.1020958086803 326.5032934134665 325.90449101825266 325.30568862303824 324.7068862278238 324.1080838326089 323.50928143739407 322.910479042179 322.3116766469637 321.7128742517481 321.1140718565324 320.5152694613166 319.91646706610055 319.317664670885 318.71886227566904 318.1200598804529 317.5212574852366 316.9224550900203 316.3236526948039 315.7248502995868 315.1260479043699 314.5272455091535 313.9284431139367 313.32964071871965 312.7308383235022 312.13203592828455 311.5332335330666 310.9344311378484 310.33562874263026 309.736826347412 309.1380239521931 308.5392215569741 307.9404191617546 307.34161676653554 306.7428143713166 306.14401197609743 305.5452095808783 304.94640718565887 304.34760479043945 303.74880239521974 303.15 351.0541916171236 350.4553892219142 349.856586826705 349.2577844314959 348.65898203628643 348.060179641077 347.46137724586777 346.8625748506581 346.2637724554489 345.66497006023917 345.0661676650298 344.4673652698201 343.86856287461046 343.2697604794004 342.6709580841904 342.07215568897976 341.47335329376926 340.8745508985586 340.27574850334787 339.67694610813703 339.07814371292625 338.47934131771495 337.8805389225038 337.2817365272924 336.6829341320808 336.08413173686887 335.4853293416569 334.88652694644463 334.28772455123243 333.6889221560207 333.09011976080865 332.4913173655965 331.8925149703843 331.2937125751721 330.69491017995966 330.0961077847471 329.4973053895343 328.8985029943214 328.299700599108 327.70089820389416 327.1020958086804 326.50329341346674 325.9044910182529 325.3056886230383 324.7068862278239 324.10808383260905 323.50928143739424 322.9104790421794 322.311676646964 321.7128742517483 321.1140718565326 320.51526946131673 319.9164670661008 319.31766467088516 318.7188622756692 318.120059880453 317.52125748523684 316.9224550900206 316.32365269480397 315.724850299587 315.12604790437024 314.5272455091537 313.9284431139369 313.32964071871976 312.73083832350216 312.13203592828444 311.53323353306655 310.93443113784843 310.33562874263026 309.73682634741186 309.1380239521932 308.53922155697427 307.9404191617549 307.34161676653565 306.7428143713167 306.1440119760975 305.54520958087835 304.94640718565887 304.3476047904395 303.74880239521974 303.15 351.0541916171236 350.4553892219142 349.8565868267051 349.2577844314959 348.65898203628655 348.06017964107707 347.4613772458677 346.86257485065795 346.2637724554488 345.6649700602391 345.0661676650299 344.4673652698202 343.8685628746105 343.2697604794005 342.6709580841903 342.0721556889799 341.4733532937693 340.87455089855854 340.2757485033475 339.676946108137 339.07814371292613 338.47934131771495 337.88053892250383 337.2817365272924 336.68293413208096 336.08413173686904 335.48532934165706 334.88652694644486 334.28772455123254 333.68892215602085 333.0901197608088 332.4913173655966 331.8925149703844 331.2937125751721 330.6949101799596 330.09610778474723 329.4973053895344 328.89850299432146 328.2997005991083 327.7008982038943 327.1020958086807 326.50329341346685 325.9044910182527 325.30568862303835 324.70688622782393 324.1080838326092 323.50928143739446 322.9104790421796 322.3116766469644 321.71287425174864 321.114071856533 320.51526946131696 319.91646706610084 319.31766467088545 318.71886227566944 318.1200598804532 317.521257485237 316.9224550900209 316.32365269480425 315.7248502995872 315.1260479043705 314.52724550915383 313.92844311393713 313.3296407187197 312.73083832350227 312.1320359282845 311.53323353306655 310.9344311378484 310.3356287426303 309.7368263474119 309.13802395219335 308.53922155697444 307.9404191617551 307.34161676653594 306.74281437131657 306.1440119760976 305.5452095808784 304.946407185659 304.3476047904395 303.7488023952198 303.15 351.0541916171236 350.455389221914 349.8565868267049 349.25778443149574 348.65898203628655 348.0601796410772 347.4613772458677 346.86257485065806 346.26377245544876 345.6649700602392 345.0661676650299 344.4673652698202 343.8685628746106 343.2697604794005 342.6709580841903 342.0721556889798 341.4733532937693 340.8745508985585 340.27574850334753 339.6769461081369 339.07814371292625 338.47934131771507 337.8805389225039 337.28173652729254 336.68293413208096 336.084131736869 335.48532934165723 334.8865269464451 334.2877245512329 333.68892215602114 333.09011976080893 332.49131736559673 331.89251497038447 331.2937125751722 330.6949101799596 330.0961077847471 329.49730538953446 328.89850299432135 328.29970059910806 327.7008982038944 327.10209580868076 326.50329341346685 325.90449101825294 325.30568862303846 324.70688622782404 324.1080838326094 323.5092814373945 322.91047904217976 322.31167664696443 321.7128742517489 321.11407185653314 320.51526946131725 319.91646706610123 319.31766467088573 318.7188622756696 318.1200598804534 317.52125748523713 316.92245509002106 316.32365269480437 315.72485029958744 315.12604790437064 314.5272455091538 313.92844311393696 313.32964071871965 312.7308383235024 312.13203592828455 311.5332335330665 310.93443113784843 310.3356287426304 309.736826347412 309.13802395219346 308.53922155697455 307.9404191617553 307.3416167665361 306.74281437131674 306.1440119760977 305.54520958087835 304.9464071856589 304.34760479043945 303.74880239521974 303.15 351.0541916171236 350.4553892219139 349.8565868267048 349.25778443149574 348.65898203628666 348.06017964107724 347.46137724586777 346.8625748506581 346.26377245544876 345.6649700602392 345.0661676650298 344.4673652698202 343.8685628746105 343.2697604794005 342.6709580841903 342.07215568897976 341.47335329376926 340.8745508985584 340.2757485033476 339.6769461081369 339.0781437129262 338.4793413177152 337.88053892250406 337.2817365272925 336.6829341320811 336.0841317368692 335.48532934165735 334.88652694644526 334.2877245512334 333.68892215602125 333.09011976080905 332.4913173655968 331.89251497038447 331.2937125751723 330.69491017995966 330.0961077847472 329.4973053895343 328.8985029943213 328.29970059910806 327.70089820389444 327.10209580868076 326.503293413467 325.904491018253 325.3056886230385 324.70688622782416 324.1080838326096 323.50928143739475 322.91047904218004 322.3116766469646 321.71287425174904 321.11407185653337 320.5152694613175 319.91646706610175 319.3176646708859 318.7188622756699 318.1200598804536 317.5212574852373 316.9224550900211 316.3236526948045 315.72485029958756 315.1260479043707 314.52724550915383 313.9284431139369 313.3296407187197 312.73083832350255 312.13203592828455 311.5332335330665 310.9344311378485 310.33562874263055 309.7368263474121 309.1380239521936 308.5392215569747 307.9404191617554 307.3416167665362 306.74281437131697 306.1440119760978 305.54520958087835 304.9464071856589 304.34760479043945 303.7488023952198 303.15 351.05419161712354 350.45538922191395 349.85658682670476 349.25778443149574 348.6589820362865 348.0601796410771 347.46137724586777 346.86257485065823 346.2637724554488 345.6649700602393 345.06616766502987 344.4673652698202 343.8685628746105 343.2697604794004 342.6709580841903 342.07215568897976 341.4733532937693 340.87455089855837 340.27574850334764 339.676946108137 339.07814371292613 338.4793413177152 337.880538922504 337.2817365272925 336.68293413208113 336.08413173686927 335.48532934165746 334.88652694644543 334.2877245512336 333.68892215602136 333.0901197608092 332.49131736559696 331.89251497038435 331.29371257517215 330.6949101799596 330.0961077847471 329.497305389534 328.8985029943213 328.2997005991081 327.7008982038943 327.10209580868076 326.503293413467 325.90449101825305 325.3056886230387 324.7068862278242 324.10808383260974 323.509281437395 322.9104790421802 322.31167664696477 321.7128742517491 321.1140718565336 320.51526946131764 319.91646706610214 319.31766467088613 318.71886227567 318.12005988045377 317.52125748523724 316.9224550900212 316.3236526948046 315.7248502995876 315.12604790437064 314.5272455091539 313.9284431139369 313.32964071871965 312.7308383235024 312.13203592828455 311.5332335330666 310.93443113784866 310.33562874263066 309.73682634741226 309.13802395219363 308.5392215569747 307.94041916175564 307.34161676653633 306.7428143713171 306.1440119760979 305.54520958087835 304.9464071856589 304.3476047904396 303.74880239521985 303.15 351.0541916171235 350.45538922191395 349.8565868267048 349.25778443149574 348.6589820362864 348.060179641077 347.46137724586765 346.8625748506582 346.2637724554489 345.66497006023934 345.0661676650297 344.4673652698201 343.8685628746104 343.26976047940036 342.6709580841904 342.0721556889799 341.4733532937694 340.8745508985586 340.2757485033479 339.676946108137 339.07814371292636 338.4793413177152 337.880538922504 337.28173652729265 336.6829341320811 336.08413173686944 335.4853293416577 334.8865269464456 334.2877245512338 333.68892215602165 333.09011976080933 332.49131736559696 331.8925149703844 331.2937125751721 330.6949101799596 330.09610778474695 329.4973053895339 328.89850299432106 328.29970059910795 327.7008982038943 327.10209580868076 326.50329341346696 325.9044910182531 325.3056886230388 324.70688622782444 324.1080838326098 323.50928143739515 322.91047904218027 322.311676646965 321.7128742517494 321.11407185653377 320.5152694613179 319.9164670661023 319.31766467088624 318.7188622756701 318.12005988045377 317.5212574852373 316.9224550900212 316.3236526948047 315.7248502995876 315.12604790437064 314.5272455091539 313.92844311393696 313.32964071871965 312.7308383235023 312.13203592828467 311.53323353306666 310.93443113784895 310.3356287426308 309.7368263474124 309.1380239521938 308.53922155697484 307.94041916175576 307.3416167665365 306.74281437131725 306.1440119760979 305.54520958087846 304.94640718565904 304.3476047904398 303.7488023952199 303.15 351.0541916171235 350.455389221914 349.85658682670487 349.2577844314956 348.6589820362863 348.06017964107707 347.46137724586765 346.8625748506581 346.263772455449 345.66497006023945 345.0661676650298 344.46736526982016 343.86856287461006 343.2697604794003 342.6709580841903 342.0721556889799 341.47335329376943 340.8745508985587 340.275748503348 339.67694610813686 339.07814371292613 338.4793413177151 337.88053892250406 337.2817365272927 336.68293413208124 336.08413173686967 335.485329341658 334.88652694644577 334.287724551234 333.6889221560219 333.0901197608095 332.491317365597 331.89251497038447 331.29371257517204 330.6949101799597 330.0961077847469 329.4973053895338 328.89850299432095 328.2997005991079 327.7008982038943 327.10209580868076 326.5032934134672 325.90449101825317 325.3056886230389 324.7068862278244 324.10808383260996 323.5092814373953 322.91047904218027 322.31167664696517 321.7128742517496 321.11407185653394 320.5152694613182 319.9164670661025 319.3176646708864 318.7188622756702 318.12005988045377 317.5212574852374 316.92245509002123 316.32365269480465 315.7248502995877 315.12604790437064 314.5272455091539 313.928443113937 313.32964071871976 312.73083832350244 312.1320359282848 311.53323353306683 310.9344311378493 310.3356287426311 309.7368263474127 309.13802395219403 308.53922155697506 307.9404191617559 307.3416167665366 306.7428143713173 306.144011976098 305.54520958087863 304.9464071856591 304.3476047904397 303.7488023952199 303.15 351.05419161712354 350.45538922191406 349.85658682670487 349.2577844314957 348.6589820362863 348.060179641077 347.46137724586765 346.86257485065823 346.263772455449 345.6649700602395 345.06616766502964 344.4673652698203 343.8685628746102 343.26976047940036 342.67095808419026 342.07215568898 341.47335329376955 340.87455089855905 340.2757485033481 339.6769461081371 339.0781437129261 338.4793413177152 337.8805389225042 337.2817365272927 336.68293413208124 336.08413173686984 335.48532934165814 334.88652694644605 334.2877245512342 333.6889221560221 333.0901197608097 332.4913173655971 331.8925149703847 331.2937125751722 330.6949101799598 330.09610778474683 329.4973053895337 328.8985029943209 328.29970059910784 327.7008982038944 327.1020958086808 326.5032934134671 325.9044910182531 325.3056886230389 324.70688622782444 324.1080838326102 323.50928143739543 322.91047904218027 322.3116766469651 321.7128742517498 321.11407185653434 320.5152694613185 319.916467066103 319.31766467088664 318.71886227567023 318.120059880454 317.5212574852376 316.9224550900213 316.3236526948047 315.72485029958784 315.12604790437086 314.52724550915406 313.9284431139371 313.3296407187199 312.7308383235026 312.13203592828495 311.53323353306706 310.9344311378493 310.3356287426314 309.7368263474131 309.1380239521942 308.5392215569751 307.94041916175615 307.3416167665369 306.7428143713174 306.14401197609806 305.5452095808788 304.94640718565927 304.34760479043973 303.74880239521985 303.15 351.05419161712354 350.45538922191406 349.8565868267049 349.2577844314956 348.6589820362864 348.06017964107707 347.46137724586765 346.86257485065823 346.2637724554488 345.66497006023957 345.0661676650297 344.4673652698201 343.8685628746101 343.2697604794004 342.67095808419026 342.0721556889803 341.4733532937697 340.8745508985594 340.27574850334815 339.6769461081373 339.0781437129263 338.4793413177152 337.88053892250423 337.2817365272929 336.6829341320814 336.08413173687006 335.48532934165826 334.88652694644617 334.28772455123436 333.68892215602216 333.09011976080984 332.4913173655973 331.8925149703848 331.2937125751722 330.6949101799596 330.0961077847466 329.4973053895336 328.89850299432084 328.2997005991078 327.7008982038943 327.10209580868093 326.5032934134669 325.90449101825305 325.3056886230389 324.7068862278246 324.1080838326104 323.5092814373955 322.9104790421801 322.31167664696505 321.71287425174984 321.11407185653434 320.5152694613186 319.9164670661031 319.31766467088676 318.7188622756704 318.120059880454 317.52125748523764 316.92245509002123 316.32365269480454 315.7248502995879 315.12604790437086 314.5272455091541 313.92844311393725 313.32964071872 312.7308383235029 312.1320359282851 311.5332335330672 310.9344311378494 310.33562874263146 309.7368263474132 309.1380239521944 308.5392215569754 307.9404191617562 307.34161676653684 306.7428143713175 306.14401197609806 305.54520958087875 304.9464071856594 304.3476047904397 303.74880239521985 303.15 351.0541916171236 350.455389221914 349.8565868267049 349.2577844314957 348.6589820362864 348.0601796410771 347.4613772458676 346.86257485065823 346.2637724554487 345.66497006023934 345.06616766502975 344.4673652698199 343.86856287461 343.2697604794003 342.67095808419043 342.0721556889803 341.47335329376995 340.8745508985597 340.2757485033483 339.6769461081375 339.0781437129264 338.4793413177153 337.88053892250423 337.2817365272929 336.6829341320814 336.0841317368702 335.4853293416583 334.8865269464462 334.2877245512343 333.6889221560222 333.0901197608099 332.4913173655973 331.89251497038487 331.2937125751723 330.69491017995955 330.09610778474655 329.49730538953355 328.8985029943208 328.2997005991078 327.7008982038944 327.1020958086808 326.50329341346685 325.9044910182531 325.3056886230391 324.7068862278247 324.10808383261036 323.5092814373955 322.91047904218004 322.311676646965 321.7128742517499 321.11407185653445 320.51526946131867 319.91646706610305 319.3176646708868 318.7188622756706 318.12005988045405 317.5212574852377 316.9224550900211 316.3236526948045 315.72485029958773 315.12604790437075 314.52724550915406 313.9284431139373 313.3296407187201 312.73083832350284 312.1320359282852 311.53323353306735 310.9344311378497 310.33562874263146 309.73682634741317 309.1380239521946 308.5392215569755 307.9404191617561 307.3416167665367 306.7428143713175 306.14401197609806 305.5452095808787 304.9464071856594 304.3476047904396 303.74880239521985 303.15 351.05419161712365 350.45538922191406 349.85658682670487 349.25778443149574 348.6589820362865 348.0601796410769 347.46137724586754 346.8625748506581 346.2637724554486 345.66497006023917 345.06616766502964 344.4673652698198 343.86856287461 343.2697604794004 342.6709580841905 342.07215568898033 341.4733532937701 340.87455089855996 340.27574850334855 339.67694610813754 339.07814371292653 338.4793413177153 337.8805389225043 337.2817365272929 336.68293413208147 336.0841317368702 335.48532934165837 334.8865269464463 334.2877245512343 333.6889221560223 333.09011976080996 332.4913173655975 331.892514970385 331.29371257517244 330.6949101799596 330.0961077847465 329.4973053895336 328.8985029943208 328.2997005991077 327.7008982038944 327.10209580868053 326.50329341346674 325.90449101825317 325.3056886230391 324.70688622782484 324.1080838326103 323.5092814373955 322.9104790421802 322.3116766469649 321.71287425174995 321.1140718565345 320.5152694613187 319.91646706610317 319.3176646708869 318.71886227567063 318.1200598804542 317.52125748523775 316.92245509002106 316.3236526948044 315.7248502995877 315.12604790437086 314.5272455091541 313.9284431139373 313.3296407187202 312.73083832350295 312.13203592828523 311.53323353306735 310.9344311378497 310.3356287426315 309.7368263474131 309.13802395219454 308.5392215569757 307.9404191617561 307.3416167665367 306.7428143713175 306.14401197609806 305.54520958087875 304.9464071856593 304.3476047904395 303.74880239521974 303.15 351.05419161712365 350.45538922191406 349.8565868267048 349.25778443149574 348.65898203628643 348.06017964107696 347.4613772458675 346.8625748506581 346.26377245544853 345.6649700602391 345.06616766502964 344.4673652698198 343.86856287460995 343.2697604794003 342.6709580841905 342.0721556889803 341.4733532937702 340.87455089856 340.27574850334867 339.6769461081376 339.07814371292653 338.47934131771535 337.88053892250423 337.28173652729294 336.6829341320815 336.08413173687 335.48532934165837 334.88652694644634 334.2877245512346 333.6889221560223 333.09011976081 332.4913173655975 331.892514970385 331.29371257517255 330.69491017995955 330.0961077847465 329.4973053895336 328.8985029943208 328.2997005991078 327.7008982038944 327.1020958086806 326.5032934134667 325.90449101825317 325.30568862303926 324.7068862278249 324.1080838326103 323.5092814373955 322.91047904218016 322.31167664696477 321.71287425174984 321.1140718565345 320.5152694613188 319.9164670661032 319.317664670887 318.71886227567063 318.1200598804542 317.5212574852377 316.92245509002106 316.3236526948044 315.7248502995877 315.1260479043709 314.5272455091541 313.9284431139373 313.3296407187202 312.7308383235029 312.1320359282853 311.53323353306735 310.93443113784986 310.3356287426315 309.7368263474131 309.1380239521945 308.5392215569757 307.94041916175604 307.3416167665367 306.7428143713175 306.14401197609806 305.5452095808787 304.9464071856593 304.34760479043945 303.74880239521957 303.15
</DataArray>
<DataArray type="Float64" Name="displacement [m]" NumberOfComponents="3" format="ascii">
0.0 0.0 0.0 1.3601981800510525e-06 0.0 0.0 2.6794275772153464e-06 0.0 0.0 3.9612086794869534e-06 0.0 0.0 5.208508163266836e-06 0.0 0.0 6.423432225370629e-06 0.0 0.0 7.607248671613659e-06 0.0 0.0 8.760535394620327e-06 0.0 0.0 9.88336298703195e-06 0.0 0.0 1.097546583237012e-05 0.0 0.0 1.2036382268748842e-05 0.0 0.0 1.306555931889719e-05 0.0 0.0 1.4062425012132439e-05 0.0 0.0 1.502643432409397e-05 0.0 0.0 1.595709525622983e-05 0.0 0.0 1.685398088286047e-05 0.0 0.0 1.7716732073572282e-05 0.0 0.0 1.8545054448824565e-05 0.0 0.0 1.9338712121682877e-05 0.0 0.0 2.0097519972799807e-05 0.0 0.0 2.0821335594992594e-05 0.0 0.0 2.1510051600118068e-05 0.0 0.0 2.2163588670488455e-05 0.0 0.0 2.2781889527909957e-05 0.0 0.0 2.336491385866475e-05 0.0 0.0 2.3912634151046122e-05 0.0 0.0 2.4425032357082394e-05 0.0 0.0 2.490209726973527e-05 0.0 0.0 2.534382250233919e-05 0.0 0.0 2.57502049621332e-05 0.0 0.0 2.6121243720113853e-05 0.0 0.0 2.645693919222191e-05 0.0 0.0 2.6757292560197214e-05 0.0 0.0 2.702230537317019e-05 0.0 0.0 2.7251979282571653e-05 0.0 0.0 2.7446315872955696e-05 0.0 0.0 2.760531655977547e-05 0.0 0.0 2.772898253211142e-05 0.0 0.0 2.781731472397555e-05 0.0 0.0 2.7870313802304236e-05 0.0 0.0 2.7887980163314698e-05 0.0 0.0 2.7870313931756885e-05 0.0 0.0 2.7817314959947173e-05 0.0 0.0 2.77289828255339e-05 0.0 0.0 2.7605316828912668e-05 0.0 0.0 2.744631599328455e-05 0.0 0.0 2.7251979072731577e-05 0.0 0.0 2.7022304576583694e-05 0.0 0.0 2.675729082198482e-05 0.0 0.0 2.645693603115909e-05 0.0 0.0 2.6121238495656187e-05 0.0 0.0 2.5750196837032963e-05 0.0 0.0 2.5343810402181178e-05 0.0 0.0 2.490207984194381e-05 0.0 0.0 2.4425007933743307e-05 0.0 0.0 2.3912600722432234e-05 0.0 0.0 2.3364869067881433e-05 0.0 0.0 2.2781830701868235e-05 0.0 0.0 2.2163512908798822e-05 0.0 0.0 2.1509955951849733e-05 0.0 0.0 2.0821217363942647e-05 0.0 0.0 2.0097377205272667e-05 0.0 0.0 1.933854434684638e-05 0.0 0.0 1.854486375988598e-05 0.0 0.0 1.7716524656268044e-05 0.0 0.0 1.6853769111084386e-05 0.0 0.0 1.595690047234467e-05 0.0 0.0 1.5026290382582854e-05 0.0 0.0 1.4062382551543171e-05 0.0 0.0 1.3065690474746099e-05 0.0 0.0 1.203678505474818e-05 0.0 0.0 1.0976266585084099e-05 0.0 0.0 9.884714009416437e-06 0.0 0.0 8.762603326305072e-06 0.0 0.0 7.610187592075565e-06 0.0 0.0 6.427334958468535e-06 0.0 0.0 5.213330603286757e-06 0.0 0.0 3.966664016307743e-06 0.0 0.0 2.6848403641344677e-06 0.0 0.0 1.364251225664519e-06 0.0 0.0 0.0 0.0 0.0 0.0 2.0083320823143483e-06 0.0 1.3612756304733691e-06 2.005848724794165e-06 0.0 2.680958439812231e-06 1.9991518765256362e-06 0.0 3.963068585522304e-06 1.9888944022256038e-06 0.0 5.210667594217417e-06 1.975743309266889e-06 0.0 6.42588537544323e-06 1.960405055715356e-06 0.0 7.609990175083864e-06 1.943521709635738e-06 0.0 8.763552536666395e-06 1.9256228148869534e-06 0.0 9.886634781068612e-06 1.9071154208715399e-06 0.0 1.0978965081108608e-05 1.8882946051595721e-06 0.0 1.2040078487782539e-05 1.869362573872511e-06 0.0 1.306942143762909e-05 1.850449412419843e-06 0.0 1.4066423414228997e-05 1.8316320099833732e-06 0.0 1.503054215471848e-05 1.812949784196021e-06 0.0 1.5961289096121806e-05 1.7944169795342599e-06 0.0 1.685824094701055e-05 1.7760318597166763e-06 0.0 1.7721042090379e-05 1.7577833183967138e-06 0.0 1.8549401348802738e-05 1.739655458596238e-06 0.0 1.9343085631894368e-05 1.7216306364159825e-06 0.0 2.010191218303131e-05 1.7036913810945198e-06 0.0 2.082574053749056e-05 1.685821517599426e-06 0.0 2.151446486676326e-05 1.6680067410735387e-06 0.0 2.216800707882356e-05 1.6502348284372723e-06 0.0 2.2786310839251113e-05 1.6324956214136542e-06 0.0 2.336933654650635e-05 1.614780875789673e-06 0.0 2.3917057215168575e-05 1.597084041959351e-06 0.0 2.442945517746871e-05 1.5794000198124554e-06 0.0 2.490651949405979e-05 1.5617249151476259e-06 0.0 2.5348243961031784e-05 1.5440558135738624e-06 0.0 2.5754625605583306e-05 1.5263905801614557e-06 0.0 2.6125663573287364e-05 1.50872768799213e-06 0.0 2.646135832271062e-05 1.4910660755224466e-06 0.0 2.6761711056436106e-05 1.4734050307636061e-06 0.0 2.702672333020792e-05 1.4557440992823613e-06 0.0 2.725639679334615e-05 1.4380830126343178e-06 0.0 2.7450733023505325e-05 1.4204216338293524e-06 0.0 2.760973342721135e-05 1.4027599166405416e-06 0.0 2.7733399184495416e-05 1.385097875891146e-06 0.0 2.782173122150025e-05 1.3674355662146583e-06 0.0 2.787473019936594e-05 1.3497730671296263e-06 0.0 2.7892396511217208e-05 1.3321104725735652e-06 0.0 2.7874730281888575e-05 1.3144478832781633e-06 0.0 2.7821731367343525e-05 1.2967854005311735e-06 0.0 2.7733399352773934e-05 1.279123119951426e-06 0.0 2.7609733550301945e-05 1.2614611239004494e-06 0.0 2.7450732999246986e-05 1.2437994710667324e-06 0.0 2.7256396474262683e-05 1.226138181587785e-06 0.0 2.702672250949961e-05 1.2084772158276526e-06 0.0 2.6761709450524366e-05 1.190816444612452e-06 0.0 2.646135555024301e-05 1.1731556083630944e-06 0.0 2.6125659130760285e-05 1.155494262182413e-06 0.0 2.5754618840166185e-05 1.1378317036025223e-06 0.0 2.534823404184991e-05 1.1201668794513423e-06 0.0 2.4906505384199867e-05 1.1024982682640425e-06 0.0 2.4429435610425934e-05 1.084823735004133e-06 0.0 2.391703068149745e-05 1.0671403557925072e-06 0.0 2.3369301299244617e-05 1.0494442121777254e-06 0.0 2.278626493046443e-05 1.031730157633746e-06 0.0 2.2167948444612815e-05 1.0139915639990122e-06 0.0 2.1514391484550833e-05 9.962200632061747e-07 0.0 2.0825650687615827e-05 9.784053108501054e-07 0.0 2.0101804856815994e-05 9.605348141329188e-07 0.0 1.9342961140322955e-05 9.425938890709063e-07 0.0 1.8549262199163116e-05 9.245658425026564e-07 0.0 1.7720894210750083e-05 9.064325157673951e-07 0.0 1.6858095346008578e-05 8.881753816329053e-07 0.0 1.596116403874263e-05 8.697774568257582e-07 0.0 1.5030465896923627e-05 8.512263809782409e-07 0.0 1.4066437437662336e-05 8.325191169871267e-07 0.0 1.3069583909554903e-05 8.136688365399466e-07 0.0 1.204046726365973e-05 7.947146365101974e-07 0.0 1.0979678876717053e-05 7.75734716081923e-07 0.0 9.887790104810325e-06 7.568633931303538e-07 0.0 8.765272662430303e-06 7.383116245854276e-07 0.0 7.6123812327370235e-06 7.203892233445768e-07 0.0 6.428994366760956e-06 7.035245003761371e-07 0.0 5.214418844515533e-06 6.882737360138892e-07 0.0 3.9671789420976645e-06 6.75309616729123e-07 0.0 2.684834953957691e-06 6.653765641910802e-07 0.0 1.3639028037914105e-06 6.592051067606739e-07 0.0 0.0 6.574064856039867e-07 0.0 0.0 4.016556718109906e-06 0.0 1.3628497925889218e-06 4.01164520836192e-06 0.0 2.683891970011236e-06 3.998317737934595e-06 0.0 3.967258282775705e-06 3.977772247376581e-06 0.0 5.216085527053642e-06 3.951421775831737e-06 0.0 6.43249561735934e-06 3.920703503946378e-06 0.0 7.617726300786579e-06 3.886909470911235e-06 0.0 8.77231760558073e-06 3.851099366323949e-06 0.0 9.89631052878174e-06 3.8140846583727268e-06 0.0 1.0989423364424753e-05 3.77645187198996e-06 0.0 1.2051191437501246e-05 3.7386019542793665e-06 0.0 1.308106892452342e-05 3.7007922733729486e-06 0.0 1.4078497672998842e-05 3.6631745827002348e-06 0.0 1.5042950002136595e-05 3.625826397268316e-06 0.0 1.5973952369775644e-05 3.5887754464098216e-06 0.0 1.687109576961045e-05 3.552017906173601e-06 0.0 1.7734037454498697e-05 3.515531488047736e-06 0.0 1.856249738684286e-05 3.479284493767437e-06 0.0 1.9356251818488427e-05 3.443241826691288e-06 0.0 2.0115125623550004e-05 3.4073687794897546e-06 0.0 2.083898442766643e-05 3.3716332452118703e-06 0.0 2.1527727161233936e-05 3.336006845483234e-06 0.0 2.2181279375842244e-05 3.3004653424164796e-06 0.0 2.279958747044758e-05 3.2649885996750356e-06 0.0 2.338261385069707e-05 3.229560280042962e-06 0.0 2.3930332970971128e-05 3.1941674079763515e-06 0.0 2.4442728168803125e-05 3.158799882153736e-06 0.0 2.4919789184059976e-05 3.12344999164529e-06 0.0 2.5361510252453682e-05 3.088111967159462e-06 0.0 2.5767888668831142e-05 3.052781583608198e-06 0.0 2.613892372627759e-05 3.0174558201387903e-06 0.0 2.647461594971054e-05 2.982132577393522e-06 0.0 2.6774966555628132e-05 2.9468104479923374e-06 0.0 2.7039977081982834e-05 2.9114885342687234e-06 0.0 2.726964914321684e-05 2.876166306520452e-06 0.0 2.7463984275075806e-05 2.8408434950218876e-06 0.0 2.762298384187267e-05 2.8055200094693483e-06 0.0 2.7746648985488164e-05 2.770195880175665e-06 0.0 2.7834980600728515e-05 2.734871216047208e-06 0.0 2.7887979325905082e-05 2.6995461750657035e-06 0.0 2.790564554086144e-05 2.6642209435980524e-06 0.0 2.7887979367359664e-05 2.628895721330226e-06 0.0 2.7834980668947406e-05 2.593570708945035e-06 0.0 2.7746649049358674e-05 2.5582460958251405e-06 0.0 2.762298385034185e-05 2.522922045057727e-06 0.0 2.746398415174653e-05 2.487598672844322e-06 0.0 2.7269648778929996e-05 2.452276019082017e-06 0.0 2.7039976325257517e-05 2.4169540053929405e-06 0.0 2.6774965200877785e-05 2.381632376255621e-06 0.0 2.6474613723263898e-05 2.3463106181732793e-06 0.0 2.6138920270437738e-05 2.3109878510589396e-06 0.0 2.5767883524541197e-05 2.2756626853221094e-06 0.0 2.5361502841651665e-05 2.240333037653908e-06 0.0 2.4919778793559684e-05 2.204995898442029e-06 0.0 2.44427139386098e-05 2.1696470444179925e-06 0.0 2.3930313891427583e-05 2.1342806919854983e-06 0.0 2.338258877487207e-05 2.0988890903083e-06 0.0 2.279955515086142e-05 2.0634620594702544e-06 0.0 2.2181238538129265e-05 2.027986488959474e-06 0.0 2.1527676631830232e-05 1.9924458268185567e-06 0.0 2.083892333823198e-05 1.95681961192519e-06 0.0 2.0115053721664676e-05 1.9210831334416707e-06 0.0 1.935616992210177e-05 1.8852073455650807e-06 0.0 1.8562408028499686e-05 1.849159226147785e-06 0.0 1.7733945769152326e-05 1.8129028491699977e-06 0.0 1.687101068384939e-05 1.776401548722163e-06 0.0 1.597388814433669e-05 1.7396216913779603e-06 0.0 1.5042928151784899e-05 1.702538747972964e-06 0.0 1.4078549216704369e-05 1.665146561621948e-06 0.0 1.3081236767829091e-05 1.6274709261834911e-06 0.0 1.2051532401283059e-05 1.5895887605728593e-06 0.0 1.09900088735063e-05 1.5516541568975018e-06 0.0 9.897224185661163e-06 1.513932131970859e-06 0.0 8.773646798818208e-06 1.4768395751115446e-06 0.0 7.619543870033236e-06 1.4409900416764014e-06 0.0 6.434827132347654e-06 1.407234121211011e-06 0.0 5.218859289135903e-06 1.376680160331751e-06 0.0 3.970240509696202e-06 1.3506726755969826e-06 0.0 2.6866214521603545e-06 1.330701579555279e-06 0.0 1.3646247672035899e-06 1.318221040595214e-06 0.0 0.0 1.31439585189142e-06 0.0 0.0 6.024861055281375e-06 0.0 1.3650843083990646e-06 6.017519988591838e-06 0.0 2.6883209856290257e-06 5.997499944473171e-06 0.0 3.973865759220302e-06 5.9665683696748435e-06 0.0 5.2248527162054366e-06 5.926913764641008e-06 0.0 6.443356562110838e-06 5.880734911277567e-06 0.0 7.630550641096543e-06 5.829983214060406e-06 0.0 8.786920507931576e-06 5.776246423657673e-06 0.0 9.91247323760517e-06 5.720733392967728e-06 0.0 1.1006914594297999e-05 5.664313989269774e-06 0.0 1.2069784849361114e-05 5.6075806891892585e-06 0.0 1.3100555192775413e-05 5.550912568139578e-06 0.0 1.409869143116937e-05 5.494532370718136e-06 0.0 1.5063692709544657e-05 5.438553294858743e-06 0.0 1.5995112298077353e-05 5.383015258772738e-06 0.0 1.6892566174672097e-05 5.327911844618902e-06 0.0 1.7755733763455658e-05 5.27320959201793e-06 0.0 1.8584353989971837e-05 5.218861320423155e-06 0.0 1.937821885213086e-05 5.1648149600483945e-06 0.0 2.013716597482621e-05 5.111019107497476e-06 0.0 2.0861071080988872e-05 5.057426262209278e-06 0.0 2.154984093239717e-05 5.003994471579638e-06 0.0 2.2203407032742893e-05 4.950687924405761e-06 0.0 2.282172021239529e-05 4.897476883085656e-06 0.0 2.340474610457435e-05 4.844337229993884e-06 0.0 2.3952461457530882e-05 4.791249816812338e-06 0.0 2.446485119282219e-05 4.7381997416697875e-06 0.0 2.4941906105585783e-05 4.685175632769978e-06 0.0 2.5383621101440536e-05 4.632168984603691e-06 0.0 2.5789993871061564e-05 4.579173570471158e-06 0.0 2.6161023913986933e-05 4.5261849402114135e-06 0.0 2.6496711835427214e-05 4.473200002657417e-06 0.0 2.6797058852235034e-05 4.420216686813999e-06 0.0 2.7062066455835653e-05 4.367233672882607e-06 0.0 2.7291736190333575e-05 4.3142501831421226e-06 0.0 2.7486069512990298e-05 4.26126582268797e-06 0.0 2.7645067711792503e-05 4.2082804606692076e-06 0.0 2.776873186099246e-05 4.155294143622905e-06 0.0 2.7857062800455948e-05 4.1023070335685235e-06 0.0 2.7910061128586058e-05 4.049319364546564e-06 0.0 2.79277272016958e-05 3.996331412174943e-06 0.0 2.791006113517682e-05 3.943343471496781e-06 0.0 2.7857062803842013e-05 3.890355838872454e-06 0.0 2.776873184058958e-05 3.837368793908579e-06 0.0 2.7645067634220527e-05 3.7843825774102675e-06 0.0 2.7486069329017242e-05 3.7313973610892523e-06 0.0 2.7291735830732822e-05 3.678413204263536e-06 0.0 2.706206582613518e-05 3.6254299920635474e-06 0.0 2.6797057826384995e-05 3.572447348741282e-06 0.0 2.6496710248501348e-05 3.5194645186194388e-06 0.0 2.6161021554183405e-05 3.4664802061042623e-06 0.0 2.5789990471500014e-05 3.413492365160281e-06 0.0 2.538361633259366e-05 3.3604979279243184e-06 0.0 2.4941899569670053e-05 3.3074924620369955e-06 0.0 2.4464842422145806e-05 3.2544697472549145e-06 0.0 2.395244991971036e-05 3.2014212646209205e-06 0.0 2.3404731218742814e-05 3.148335596808451e-06 0.0 2.2821701382103415e-05 3.0951977474260555e-06 0.0 2.220338370326819e-05 3.0419884016854043e-06 0.0 2.154981268269821e-05 2.9886831730221013e-06 0.0 2.086103776361884e-05 2.93525191276683e-06 0.0 2.0137127920762098e-05 2.8816582063299097e-06 0.0 1.9378177161596326e-05 2.827859244053666e-06 0.0 1.858431093465584e-05 2.773806343462083e-06 0.0 1.7755693329414014e-05 2.7194465188135486e-06 0.0 1.6892534777299053e-05 2.664725651331854e-06 0.0 1.5995099698165148e-05 2.6095940170546194e-06 0.0 1.5063713147382713e-05 2.5540151843103567e-06 0.0 1.409876496381126e-05 2.4979795963273487e-06 0.0 1.3100709148893558e-05 2.4415244811962694e-06 0.0 1.2070055170981175e-05 2.384762006184392e-06 0.0 1.1007346552661622e-05 2.3279176392143064e-06 0.0 9.913120494544235e-06 2.2713801347452345e-06 0.0 8.787840636364456e-06 2.215762775322297e-06 0.0 7.631794025597843e-06 2.1619715015353825e-06 0.0 6.4449445366979286e-06 2.111268292915592e-06 0.0 5.226741362278124e-06 2.0653072823605433e-06 0.0 3.975897068688767e-06 2.026108452873333e-06 0.0 2.690178596676791e-06 1.9959250315677714e-06 0.0 1.3662944499647293e-06 1.976966652513746e-06 0.0 0.0 1.9709845519055166e-06 0.0 0.0 8.03339743109603e-06 0.0 1.368084579157875e-06 8.023577065501116e-06 0.0 2.6943773732412976e-06 7.996713639355278e-06 0.0 3.983035029586673e-06 7.955216294209203e-06 0.0 5.2371292493307155e-06 7.90209362123357e-06 0.0 6.4586375209609115e-06 7.840335542266147e-06 0.0 7.64863259331149e-06 7.772561605588009e-06 0.0 8.807522391961705e-06 7.700881709812293e-06 0.0 9.935269680214931e-06 7.626890068334957e-06 0.0 1.1031567579110018e-05 7.55172710129297e-06 0.0 1.2095968224874664e-05 7.476165871248938e-06 0.0 1.3127970786942258e-05 7.400698931668058e-06 0.0 1.4127077733661632e-05 7.3256144440775544e-06 0.0 1.509282788739759e-05 7.251057915080358e-06 0.0 1.602481335549154e-05 7.177079725052425e-06 0.0 1.6922685779592142e-05 7.103670275787836e-06 0.0 1.7786155884074805e-05 7.030785079132685e-06 0.0 1.8614989129680118e-05 6.958362041543676e-06 0.0 1.940899938470785e-05 6.8863329004212455e-06 0.0 2.0168041869094347e-05 6.814630405739151e-06 0.0 2.0892006156316728e-05 6.7431924935767116e-06 0.0 2.158080968945216e-05 6.6719643978895e-06 0.0 2.2234392044270583e-05 6.6008994010382076e-06 0.0 2.2852710025352987e-05 6.52995872945057e-06 0.0 2.343573358906593e-05 6.459110951430243e-06 0.0 2.3983442533383602e-05 6.388331121704028e-06 0.0 2.449582386687083e-05 6.317599834383703e-06 0.0 2.4972869758742374e-05 6.246902286135835e-06 0.0 2.541457597241312e-05 6.176227409099623e-06 0.0 2.582094069185418e-05 6.105567104091921e-06 0.0 2.6191963660290024e-05 6.034915585421075e-06 0.0 2.6527645562259586e-05 5.9642688364877926e-06 0.0 2.6827987591527785e-05 5.893624168212639e-06 0.0 2.7092991157999907e-05 5.822979868627025e-06 0.0 2.7322657696265312e-05 5.752334930542521e-06 0.0 2.7516988546521485e-05 5.681688844226101e-06 0.0 2.7675984885407064e-05 5.611041442855754e-06 0.0 2.7799647689800938e-05 5.540392789792908e-06 0.0 2.7887977721073417e-05 5.469743098102375e-06 0.0 2.7940975520775887e-05 5.399092674086525e-06 0.0 2.7958641411512142e-05 5.328441877764489e-06 0.0 2.794097549891809e-05 5.257791094141329e-06 0.0 2.788797767246518e-05 5.187140709739473e-06 0.0 2.779964760435392e-05 5.116491089178577e-06 0.0 2.767598474723926e-05 5.04584254658339e-06 0.0 2.7516988333084893e-05 4.975195306270056e-06 0.0 2.7322657377236387e-05 4.904549446515438e-06 0.0 2.7092990693999666e-05 4.833904819276153e-06 0.0 2.6827986932780643e-05 4.763260937529043e-06 0.0 2.6527644647364405e-05 4.69261682052512e-06 0.0 2.6191962415366914e-05 4.621970785798888e-06 0.0 2.5820939030455675e-05 4.551320175437928e-06 0.0 2.541457379675714e-05 4.480661003175378e-06 0.0 2.497286696304683e-05 4.409987508732233e-06 0.0 2.4495820343856015e-05 4.339291607108384e-06 0.0 2.3983438185369697e-05 4.268562224037253e-06 0.0 2.343572834553682e-05 4.19778451574185e-06 0.0 2.2852703869389078e-05 4.126938983024138e-06 0.0 2.223438505086819e-05 4.056000508677006e-06 0.0 2.1580802079433463e-05 3.984937375971822e-06 0.0 2.089199837026203e-05 3.913710368095511e-06 0.0 2.0168034666454343e-05 3.842272108435872e-06 0.0 1.9408993973931826e-05 3.770566885269871e-06 0.0 1.8614987335804967e-05 3.6985313188000257e-06 0.0 1.7786160360840623e-05 3.626096382179973e-06 0.0 1.6922700274105252e-05 3.5531914910298417e-06 0.0 1.6024843035502648e-05 3.4797516381751006e-06 0.0 1.5092879745711615e-05 3.405728879797918e-06 0.0 1.4127161092407345e-05 3.331109874652855e-06 0.0 1.3128097935174798e-05 3.2559416140830423e-06 0.0 1.2096155224153078e-05 3.180367875983927e-06 0.0 1.1031835220288583e-05 3.1046790914970133e-06 0.0 9.935644359779481e-06 3.029377803394809e-06 0.0 8.808036079253518e-06 2.9552599093753877e-06 0.0 7.64931979838401e-06 2.88350708848987e-06 0.0 6.459525254303308e-06 2.815776488046783e-06 0.0 5.238214635521705e-06 2.7542587382855306e-06 0.0 3.984248280294526e-06 2.7016562623551248e-06 0.0 2.695539847901953e-06 2.6610180504156573e-06 0.0 1.3688849555219013e-06 2.635369963178139e-06 0.0 0.0 2.6271264195858106e-06 0.0 0.0 1.0042294403549148e-05 0.0 1.3719471794546272e-06 1.0029900540079293e-05 0.0 2.7022229127175032e-06 9.995964893352423e-06 0.0 3.994970506953694e-06 9.943641231418933e-06 0.0 5.253149489239052e-06 9.876826727690877e-06 0.0 6.47858788389725e-06 9.799335749856937e-06 0.0 7.672220644694854e-06 9.714461600966147e-06 0.0 8.834357691928374e-06 9.624825112865832e-06 0.0 9.964911314854173e-06 9.532388169377927e-06 0.0 1.1063566070750393e-05 9.43854412603543e-06 0.0 1.2129896290446052e-05 9.344232098475847e-06 0.0 1.3163442494933824e-05 9.25004748745615e-06 0.0 1.4163757989232712e-05 9.156336854293049e-06 0.0 1.5130434857871857e-05 9.06327389652605e-06 0.0 1.6063116280002115e-05 8.970917459752186e-06 0.0 1.6961500115013613e-05 8.879254206733331e-06 0.0 1.7825337200215365e-05 8.788228965179718e-06 0.0 1.865442669851812e-05 8.697765582812504e-06 0.0 1.9448610045870923e-05 8.607780698799425e-06 0.0 2.0207764492909338e-05 8.518192374915758e-06 0.0 2.0931796848690446e-05 8.428925098296734e-06 0.0 2.1620637769293113e-05 8.339912299999989e-06 0.0 2.2274236756200142e-05 8.251097235020704e-06 0.0 2.289255791384216e-05 8.16243283453204e-06 0.0 2.3475576444228466e-05 8.073880960771818e-06 0.0 2.4023275815810214e-05 7.985411359348439e-06 0.0 2.4535645523775636e-05 7.89700050371438e-06 0.0 2.5012679352704893e-05 7.808630454315136e-06 0.0 2.5454374054771956e-05 7.72028780394812e-06 0.0 2.586072836385591e-05 7.63196274588507e-06 0.0 2.623174227553585e-05 7.543648278138598e-06 0.0 2.656741653335806e-05 7.455339542625034e-06 0.0 2.6867752271949732e-05 7.36703328938706e-06 0.0 2.713275077691772e-05 7.278727451602626e-06 0.0 2.7362413329713724e-05 7.190420815419915e-06 0.0 2.7556741112668123e-05 7.10211276870245e-06 0.0 2.7715735155217746e-05 7.013803113816256e-06 0.0 2.7839396307078848e-05 6.92549193113731e-06 0.0 2.7927725227883283e-05 6.8371794816589e-06 0.0 2.7980722385759172e-05 6.748866138707442e-06 0.0 2.7998388059658062e-05 6.6605523401921635e-06 0.0 2.798072234205906e-05 6.572238553927301e-06 0.0 2.7927725140170223e-05 6.483925249328853e-06 0.0 2.7839396175032557e-05 6.395612869171424e-06 0.0 2.771573497915281e-05 6.3073017950842285e-06 0.0 2.7556740894578207e-05 6.2189923000679995e-06 0.0 2.7362413074815083e-05 6.1306844805331e-06 0.0 2.7132750495825683e-05 6.042378159222872e-06 0.0 2.6867751983657356e-05 5.954072748938162e-06 0.0 2.6567416269222154e-05 5.865767065306543e-06 0.0 2.6231742084507698e-05 5.777459075080119e-06 0.0 2.5860728319217686e-05 5.689145564822591e-06 0.0 2.5454374262647743e-05 5.6008217136976325e-06 0.0 2.501267996259533e-05 5.5124805538972106e-06 0.0 2.4535646741298887e-05 5.4241123037732874e-06 0.0 2.4023277917695886e-05 5.335703562974203e-06 0.0 2.3475579795369032e-05 5.247236367236721e-06 0.0 2.2892562985809376e-05 5.158687114838104e-06 0.0 2.2274244146018385e-05 5.070025399585885e-06 0.0 2.1620648216345793e-05 4.9812128199140755e-06 0.0 2.0931811246328147e-05 4.892201884420659e-06 0.0 2.020778388954719e-05 4.8029352064527105e-06 0.0 1.9448635628097625e-05 4.713345280938563e-06 0.0 1.865445974617993e-05 4.623355274003691e-06 0.0 1.7825379001255286e-05 4.532881440137232e-06 0.0 1.696155182770745e-05 4.441838024529003e-06 0.0 1.6063178735704733e-05 4.350145822121387e-06 0.0 1.5130508315227203e-05 4.257745960512894e-06 0.0 1.4163841892296337e-05 4.164620953437268e-06 0.0 1.3163535368302867e-05 4.070825614455093e-06 0.0 1.2129996037236849e-05 3.976530951210682e-06 0.0 1.10636711105885e-05 3.882084483356953e-06 0.0 9.965023109913369e-06 3.788090100455729e-06 0.0 8.834484969127835e-06 3.6955086972871994e-06 0.0 7.67238445656729e-06 3.6057757454800706e-06 0.0 6.478823907414961e-06 3.5209211775885393e-06 0.0 5.2535000240838265e-06 3.4436579131387646e-06 0.0 3.995456914051063e-06 3.377378308694068e-06 0.0 2.702795391618769e-06 3.3259709725669413e-06 0.0 1.3724217303129495e-06 3.293364268588563e-06 0.0 0.0 3.2827488368121496e-06 0.0 0.0 1.2051660057738357e-05 0.0 1.376781135530141e-06 1.2036554266118445e-05 0.0 2.7120596693190853e-06 1.1995239945080262e-05 0.0 4.009944315611093e-06 1.1931750735497146e-05 0.0 5.27323059989627e-06 1.1850964389262755e-05 0.0 6.503544229557816e-06 1.1757557718679846e-05 0.0 7.701647344583933e-06 1.1655498563479698e-05 0.0 8.867736951631386e-06 1.1547900484004585e-05 0.0 1.000167532629564e-05 1.1437068996463725e-05 0.0 1.1103148520872628e-05 1.1324627936579167e-05 0.0 1.21717679459846e-05 1.1211664666346821e-05 0.0 1.320713187410962e-05 1.1098864808782165e-05 0.0 1.420886035044903e-05 1.098662524081712e-05 0.0 1.517661306776125e-05 1.0875143285980532e-05 0.0 1.6110096622254787e-05 1.0764484197887025e-05 0.0 1.7009065359924324e-05 1.0654630504985819e-05 0.0 1.78733185483974e-05 1.0545516972663173e-05 0.0 1.870269563955533e-05 1.0437054567542135e-05 0.0 1.94970707480575e-05 1.0329146251240826e-05 0.0 2.0256347044280236e-05 1.022169686030899e-05 0.0 2.098045147395053e-05 1.0114618817974502e-05 0.0 2.1669330025138882e-05 1.0007834994899027e-05 0.0 2.2322943636886127e-05 9.90127969102095e-06 0.0 2.2941264762927758e-05 9.794898440132737e-06 0.0 2.352427455505374e-05 9.688647131520577e-06 0.0 2.4071960603779315e-05 9.582490787136664e-06 0.0 2.458431516205262e-05 9.47640221784199e-06 0.0 2.506133377548664e-05 9.370360699230355e-06 0.0 2.5503014246331433e-05 9.264350748950226e-06 0.0 2.590935586546087e-05 9.158361047228652e-06 0.0 2.6280358855230605e-05 9.052383515670543e-06 0.0 2.661602397498815e-05 8.946412552606793e-06 0.0 2.691635224954616e-05 8.840444413416568e-06 0.0 2.718134478865349e-05 8.734476719177815e-06 0.0 2.7411002672224403e-05 8.628508075094076e-06 0.0 2.7605326881764113e-05 8.522537780227941e-06 0.0 2.7764318263104168e-05 8.416565611307176e-06 0.0 2.788797750932969e-05 8.310591665173705e-06 0.0 2.7976305155764543e-05 8.204616246425133e-06 0.0 2.8029301581213255e-05 8.09863978869078e-06 0.0 2.804696701147139e-05 7.992662799627952e-06 0.0 2.8029301522534865e-05 7.886685821016604e-06 0.0 2.7976305042084702e-05 7.780709396215866e-06 0.0 2.788797734880666e-05 7.674734037692267e-06 0.0 2.776431807003525e-05 7.568760187324391e-06 0.0 2.7605326679194093e-05 7.462788161731043e-06 0.0 2.7411002495645752e-05 7.356818073969331e-06 0.0 2.7181344690977705e-05 7.250849721636585e-06 0.0 2.6916352307552267e-05 7.144882429737953e-06 0.0 2.661602429746271e-05 7.0389148347490845e-06 0.0 2.628035959299252e-05 6.9329445942687076e-06 0.0 2.5909357223398488e-05 6.826968004777472e-06 0.0 2.5503016497447542e-05 6.720979508686126e-06 0.0 2.5061337276719685e-05 6.614971071645314e-06 0.0 2.4584320371277965e-05 6.508931412833234e-06 0.0 2.4071968096842278e-05 6.4028450758055386e-06 0.0 2.3524285040875482e-05 6.296691337092505e-06 0.0 2.2941279093566054e-05 6.190442966236261e-06 0.0 2.2322962807817418e-05 6.084064877263373e-06 0.0 2.1669355158822682e-05 5.977512751458296e-06 0.0 2.098048377680592e-05 5.870731769601968e-06 0.0 2.0256387723434143e-05 5.763655674738362e-06 0.0 1.9497120869623656e-05 5.656206501745851e-06 0.0 1.8702755905086515e-05 5.548295467012832e-06 0.0 1.7873388961546992e-05 5.439825721764604e-06 0.0 1.700914475375351e-05 5.330697949320403e-06 0.0 1.6110182024366022e-05 5.220820144193949e-06 0.0 1.5176698905900905e-05 5.110123362945476e-06 0.0 1.4208937563823536e-05 4.998585790151807e-06 0.0 1.3207187124446444e-05 4.88626810590413e-06 0.0 1.2171783354607334e-05 4.773363814724659e-06 0.0 1.1103102719274344e-05 4.660268731994143e-06 0.0 1.0001547046543855e-05 4.547673818078975e-06 0.0 8.86751261666161e-06 4.436684105577264e-06 0.0 7.70133337380569e-06 4.328961749473376e-06 0.0 6.503181647887046e-06 4.226879952360764e-06 0.0 5.272902825905961e-06 4.133652133799994e-06 0.0 4.0097606355600545e-06 4.053364463563153e-06 0.0 2.7120952002537175e-06 3.990796618143346e-06 0.0 1.3769692072277586e-06 3.95089106832307e-06 0.0 0.0 3.937769146833962e-06 0.0 0.0 1.4061580659264436e-05 0.0 1.3827218054834294e-06 1.4043577624954326e-05 0.0 2.724145821043713e-06 1.3994496406792378e-05 0.0 4.028310294968237e-06 1.3919425982919061e-05 0.0 5.2977851924658274e-06 1.3824338762254764e-05 0.0 6.533940336633193e-06 1.3714813956597747e-05 0.0 7.737335894801525e-06 1.3595487351872123e-05 0.0 8.90805023952514e-06 1.346993834575353e-05 0.0 1.0045905572061551e-05 1.3340785157340146e-05 0.0 1.1150607355610907e-05 1.3209855035704682e-05 0.0 1.2221824561800634e-05 1.3078363052882692e-05 0.0 1.325923309217354e-05 1.2947071018837485e-05 0.0 1.4262537450991423e-05 1.28164174699338e-05 0.0 1.5231479936987278e-05 1.2686618712121935e-05 0.0 1.616584282009104e-05 1.255774453892577e-05 0.0 1.7065446690051355e-05 1.2429773266351504e-05 0.0 1.793014684617225e-05 1.2302630581511862e-05 0.0 1.8759828836955904e-05 1.2176216107623899e-05 0.0 1.9554403809500445e-05 1.20504208820112e-05 0.0 2.0313804053875198e-05 1.1925138272125097e-05 0.0 2.103797895395276e-05 1.1800270272147047e-05 0.0 2.172689144413788e-05 1.167573064211823e-05 0.0 2.2380514999417083e-05 1.1551445967325006e-05 0.0 2.2998831141269895e-05 1.1427355415608002e-05 0.0 2.358182741588242e-05 1.130340974049255e-05 0.0 2.4129495787966995e-05 1.1179569905311812e-05 0.0 2.464183138909262e-05 1.1055805576071053e-05 0.0 2.5118831560662992e-05 1.093209363870585e-05 0.0 2.5560495136278036e-05 1.0808416831364642e-05 0.0 2.5966821914575203e-05 1.0684762537713021e-05 0.0 2.6337812280663517e-05 1.0561121757700467e-05 0.0 2.6673466941222284e-05 1.043748825359233e-05 0.0 2.6973786744803352e-05 1.0313857858159542e-05 0.0 2.723877256461714e-05 1.0190227926313583e-05 0.0 2.7468425226012285e-05 1.006659690938906e-05 0.0 2.7662745464970807e-05 9.942964031397532e-06 0.0 2.7821733907292377e-05 9.819329047977183e-06 0.0 2.7945391060817576e-05 9.6956920707922e-06 0.0 2.8033717315140138e-05 9.57205344235632e-06 0.0 2.8086712944883924e-05 9.448413648375332e-06 0.0 2.8104378113870317e-05 9.324773256543434e-06 0.0 2.8086712878469284e-05 9.201132872175199e-06 0.0 2.8033717189200715e-05 9.077493102046748e-06 0.0 2.794539089030622e-05 8.953854518319986e-06 0.0 2.782173371763063e-05 8.830217614421673e-06 0.0 2.7662745295804544e-05 8.706582744239708e-06 0.0 2.7468425136483548e-05 8.582950034997952e-06 0.0 2.7238772640355337e-05 8.459319262708059e-06 0.0 2.6973787106854494e-05 8.335689677234272e-06 0.0 2.6673467757118497e-05 8.212059761852919e-06 0.0 2.6337813777768125e-05 8.08842690992027e-06 0.0 2.5966824395699453e-05 7.964786999166636e-06 0.0 2.5560498997321645e-05 7.841133842644738e-06 0.0 2.5118837309640485e-05 7.717458495118813e-06 0.0 2.4641839665313052e-05 7.593748395613362e-06 0.0 2.412950737926559e-05 7.469986332245697e-06 0.0 2.3581843270566622e-05 7.346149226133366e-06 0.0 2.2998852369720733e-05 7.222206749504619e-06 0.0 2.2380542857944878e-05 7.098119822347726e-06 0.0 2.1726927290563977e-05 6.973839076178149e-06 0.0 2.1038024160312505e-05 6.8493034381318235e-06 0.0 2.0313859856478594e-05 6.724439080373602e-06 0.0 1.955447107034894e-05 6.599159107156452e-06 0.0 1.8759907683540893e-05 6.473364525085201e-06 0.0 1.793023615009401e-05 6.34694727358346e-06 0.0 1.706554334143381e-05 6.2197963966399895e-06 0.0 1.616594076033079e-05 6.091808829629798e-06 0.0 1.5231568938720704e-05 5.962906772511024e-06 0.0 1.4262601703105838e-05 5.833064235423067e-06 0.0 1.325924979657484e-05 5.702346074119169e-06 0.0 1.2221763034236912e-05 5.570963645633111e-06 0.0 1.1150429613002925e-05 5.4393519895051825e-06 0.0 1.0045570112042007e-05 5.308273858116996e-06 0.0 8.907521501384192e-06 5.178955203721301e-06 0.0 7.736601970468403e-06 5.053253083548819e-06 0.0 6.533038888242682e-06 4.9338465383740135e-06 0.0 5.296828945615937e-06 4.8244169900352805e-06 0.0 4.02748757063465e-06 4.729739134724867e-06 0.0 2.723657747244144e-06 4.655537422510214e-06 0.0 1.3826296457573453e-06 4.60790586223886e-06 0.0 0.0 4.592103571080528e-06 0.0 0.0 1.6072115158802763e-05 0.0 1.3899446934073215e-06 1.6050978001189698e-05 0.0 2.738816192386418e-06 1.5993653565402855e-05 0.0 4.0505248030656585e-06 1.5906513442255536e-05 0.0 5.327339089873059e-06 1.579675859973541e-05 0.0 6.570320256945354e-06 1.5670907090907796e-05 0.0 7.779808160937806e-06 1.5534244865330954e-05 0.0 8.95577082071626e-06 1.5390779865371777e-05 0.0 1.0098013099172833e-05 1.5243404994905104e-05 0.0 1.1206287497594737e-05 1.5094119834340884e-05 0.0 1.2280347431285404e-05 1.4944244735372787e-05 0.0 1.3319969960043512e-05 1.4794603025870035e-05 0.0 1.4324963430250577e-05 1.4645666280308244e-05 0.0 1.5295168108885494e-05 1.4497665490486837e-05 0.0 1.6230453787605974e-05 1.4350673583964039e-05 0.0 1.7130716242179485e-05 1.4204665062389928e-05 0.0 1.799587342302904e-05 1.405955796084107e-05 0.0 1.882586178061467e-05 1.3915242485207308e-05 0.0 1.962063290890371e-05 1.3771599831069708e-05 0.0 2.038015058333983e-05 1.3628513925007428e-05 0.0 2.11043882140863e-05 1.348587818717109e-05 0.0 2.1793326704031073e-05 1.3343598891574197e-05 0.0 2.2446952682793265e-05 1.3201596285622247e-05 0.0 2.3065257077800982e-05 1.3059804307138547e-05 0.0 2.3648233978884032e-05 1.2918169489716335e-05 0.0 2.4195879752113103e-05 1.2776649461135007e-05 0.0 2.4708192360583352e-05 1.263521130218328e-05 0.0 2.5185170853495435e-05 1.2493829933845378e-05 0.0 2.5626814989449152e-05 1.2352486630586862e-05 0.0 2.6033124964754737e-05 1.221116770925157e-05 0.0 2.64041012223735e-05 1.2069863411137898e-05 0.0 2.6739744321564072e-05 1.192856697468111e-05 0.0 2.7040054852285005e-05 1.1787273884384621e-05 0.0 2.7305033381827586e-05 1.1645981275599603e-05 0.0 2.7534680424020578e-05 1.1504687472516259e-05 0.0 2.772899642369412e-05 1.1363391636882642e-05 0.0 2.7887981750967674e-05 1.1222093506500952e-05 0.0 2.8011636701400194e-05 1.1080793204764943e-05 0.0 2.8099961499178073e-05 1.0939491104919369e-05 0.0 2.8152956301380265e-05 1.0798187735029988e-05 0.0 2.817062120201094e-05 1.0656883711653379e-05 0.0 2.8152956234982172e-05 1.0515579691770152e-05 0.0 2.8099961375613086e-05 1.0374276333624063e-05 0.0 2.8011636540528935e-05 1.023297425765565e-05 0.0 2.7887981586140046e-05 1.009167399871924e-05 0.0 2.7728996306193954e-05 9.950375940222893e-06 0.0 2.753468042926691e-05 9.809080219748066e-06 0.0 2.7305033617535693e-05 9.667786594122754e-06 0.0 2.7040055468793887e-05 9.526494249906073e-06 0.0 2.673974552449739e-05 9.38520154291009e-06 0.0 2.6404103287697778e-05 9.243905647930511e-06 0.0 2.6033128256103803e-05 9.102602097590434e-06 0.0 2.5626819977259057e-05 8.961284187591141e-06 0.0 2.518517813499008e-05 8.819942225406868e-06 0.0 2.4708202678901644e-05 8.67856260155822e-06 0.0 2.4195894011792457e-05 8.537126668456417e-06 0.0 2.3648253253407917e-05 8.39560942336093e-06 0.0 2.3065282602852395e-05 8.253978011835377e-06 0.0 2.244698582608265e-05 8.112190099666284e-06 0.0 2.179336889891311e-05 7.970192209001844e-06 0.0 2.11044408394739e-05 7.82791818419733e-06 0.0 2.038021476652267e-05 7.685288051730297e-06 0.0 1.962070922076931e-05 7.542207675488306e-06 0.0 1.882594978474828e-05 7.398569794595542e-06 0.0 1.7995971032229945e-05 7.2542572786983376e-06 0.0 1.7130818830528125e-05 7.10914976041657e-06 0.0 1.623055300870441e-05 6.9631352236128765e-06 0.0 1.529525039218953e-05 6.816128657590527e-06 0.0 1.432500818864273e-05 6.668100548827452e-06 0.0 1.3319947681784364e-05 6.519118784873783e-06 0.0 1.2280218114942773e-05 6.369408482053604e-06 0.0 1.1206000421864584e-05 6.219435260226282e-06 0.0 1.0097509821649749e-05 6.070018378168952e-06 0.0 8.954994595841598e-06 5.922480358745821e-06 0.0 7.778724183315397e-06 5.778837789881543e-06 0.0 6.568950251325003e-06 5.642030078955984e-06 0.0 5.325805631599439e-06 5.516160334310169e-06 0.0 4.04907843091361e-06 5.40667014801854e-06 0.0 2.737786323790164e-06 5.320276312129346e-06 0.0 1.3895491639062506e-06 5.264386550290303e-06 0.0 0.0 5.245673207369156e-06 0.0 0.0 1.808328456958708e-05 0.0 1.3986832277056723e-06 1.80587194443579e-05 0.0 2.756509989823834e-06 1.7992580566963282e-05 0.0 4.0771754531232885e-06 1.789281670411887e-05 0.0 5.36255495788644e-06 1.776800655289245e-05 0.0 6.613354510848105e-06 1.7625631771440624e-05 0.0 7.82969369301816e-06 1.747159464319434e-05 0.0 9.011458551032517e-06 1.731028247295383e-05 0.0 1.0158475754682115e-05 1.714481814902263e-05 0.0 1.1270583780074695e-05 1.697733960890157e-05 0.0 1.234765414500914e-05 1.680924934211684e-05 0.0 1.338959201771491e-05 1.6641417861091417e-05 0.0 1.439633017273149e-05 1.6474341889130076e-05 0.0 1.5367822072364355e-05 1.6308263611610202e-05 0.0 1.6304036014176814e-05 1.6143258421674723e-05 0.0 1.7204950703738922e-05 1.5979298029006005e-05 0.0 1.8070552069871417e-05 1.5816294749590582e-05 0.0 1.8900831023235593e-05 1.565413169898351e-05 0.0 1.9695781890027344e-05 1.5492682625140726e-05 0.0 2.0455401317507963e-05 1.533182428052876e-05 0.0 2.1179687507799533e-05 1.5171443546289296e-05 0.0 2.1868639681320708e-05 1.5011440968780338e-05 0.0 2.2522257702380745e-05 1.4851731932034257e-05 0.0 2.3140541820280054e-05 1.4692246349790616e-05 0.0 2.372349249310794e-05 1.4532927500491631e-05 0.0 2.4271110270742033e-05 1.4373730432658995e-05 0.0 2.4783395719978985e-05 1.4214620223197399e-05 0.0 2.5260349379286117e-05 1.4055570266244579e-05 0.0 2.570197173398796e-05 1.3896560695976863e-05 0.0 2.6108263205172377e-05 1.3737576995766681e-05 0.0 2.6479224147458754e-05 1.3578608812277226e-05 0.0 2.6814854852167465e-05 1.3419648971745668e-05 0.0 2.7115155553479488e-05 1.3260692683221515e-05 0.0 2.738012643595201e-05 1.3101736907120994e-05 0.0 2.7609767642323665e-05 1.2942779865085852e-05 0.0 2.780407928095092e-05 1.2783820667298372e-05 0.0 2.7963061432499102e-05 1.2624859035029111e-05 0.0 2.808671415570315e-05 1.2465895098542392e-05 0.0 2.8175037492134455e-05 1.230692925304788e-05 0.0 2.822803146998339e-05 1.2147962057835114e-05 0.0 2.824569610690205e-05 1.1988994165849602e-05 0.0 2.8228031411965207e-05 1.1830026272640903e-05 0.0 2.817503738680262e-05 1.1671059074758495e-05 0.0 2.8086714025942378e-05 1.1512093228253123e-05 0.0 2.7963061316385335e-05 1.1353129297944353e-05 0.0 2.780407923641186e-05 1.1194167687536664e-05 0.0 2.7609767753605553e-05 1.1035208539524018e-05 0.0 2.738012682207003e-05 1.0876251592150656e-05 0.0 2.711515637881892e-05 1.071729597856824e-05 0.0 2.6814856339341818e-05 1.0558339950867618e-05 0.0 2.6479226592400623e-05 1.0399380509076694e-05 0.0 2.610826699419884e-05 1.0240412912829734e-05 0.0 2.5701977362208574e-05 1.008143005172911e-05 0.0 2.526035746915207e-05 9.922421650173318e-06 0.0 2.4783407037943227e-05 9.763373284679628e-06 0.0 2.4271125738826047e-05 9.604265197967768e-06 0.0 2.3723513190548962e-05 9.445070906341315e-06 0.0 2.3140568968239658e-05 9.285755617944271e-06 0.0 2.2522292621785607e-05 9.126274512911267e-06 0.0 2.1868683710121628e-05 8.966570986972991e-06 0.0 2.117974185911336e-05 8.806575033709087e-06 0.0 2.0455466854119755e-05 8.646202044870504e-06 0.0 1.9695858783544776e-05 8.485352452252257e-06 0.0 1.89009182580191e-05 8.32391282966123e-06 0.0 1.807064674344323e-05 8.161759332855601e-06 0.0 1.7205047068526033e-05 7.998764694408508e-06 0.0 1.630412420417016e-05 7.834810426970648e-06 0.0 1.5367886470916604e-05 7.669806442222907e-06 0.0 1.4396347421081621e-05 7.503720985571074e-06 0.0 1.3389528771075404e-05 7.336624640676141e-06 0.0 1.2347464917838393e-05 7.168753192477527e-06 0.0 1.1270209701224283e-05 7.00059535558511e-06 0.0 1.0157845970787735e-05 6.833012720003748e-06 0.0 9.010497624513509e-06 6.667400477821066e-06 0.0 7.828340696099908e-06 6.505897651304169e-06 0.0 6.611601408473246e-06 6.351651642596828e-06 0.0 5.36050777243838e-06 6.209124927963384e-06 0.0 4.075118031464968e-06 6.084379370311315e-06 0.0 2.754895790074319e-06 5.985152106786405e-06 0.0 1.3979307109782477e-06 5.920345651416617e-06 0.0 0.0 5.898409098503008e-06 0.0 0.0 2.0095053663638532e-05 0.0 1.409254581716955e-06 2.0066706279810143e-05 0.0 2.7778099341071473e-06 1.9991081780888934e-05 0.0 4.1090201653424285e-06 1.9878088807912662e-05 0.0 5.404262575208848e-06 1.973783907501161e-05 0.0 6.6638591286764335e-06 1.9578779728244016e-05 0.0 7.887738994271188e-06 1.9407374232289992e-05 0.0 9.075762189354617e-06 1.9228327505338824e-05 0.0 1.0227836250820363e-05 1.904494240234286e-05 0.0 1.1343936818106904e-05 1.88594601545767e-05 0.0 1.2424093622197903e-05 1.8673343093012028e-05 0.0 1.3468369530075063e-05 1.848749605083096e-05 0.0 1.4476842696619015e-05 1.8302434488669207e-05 0.0 1.5449594136243856e-05 1.811840954934856e-05 0.0 1.6386700179162552e-05 1.7935499410015926e-05 0.0 1.7288228546074123e-05 1.7753674753124157e-05 0.0 1.8154236830679484e-05 1.7572844651928048e-05 0.0 1.89847724543958e-05 1.7392887848514013e-05 0.0 1.9779873439344e-05 1.7213673312016906e-05 0.0 2.053956957115957e-05 1.703507307730601e-05 0.0 2.126388368585265e-05 1.685696964947939e-05 0.0 2.1952832925705098e-05 1.6679259689129552e-05 0.0 2.2606429881643097e-05 1.6501855243471407e-05 0.0 2.3224683585276393e-05 1.6324683438253614e-05 0.0 2.380760034155837e-05 1.614768527684402e-05 0.0 2.435518440895204e-05 1.597081399032889e-05 0.0 2.486743854229842e-05 1.5794033232458816e-05 0.0 2.5344364417110024e-05 1.5617315304451368e-05 0.0 2.578596295463518e-05 1.5440639517578347e-05 0.0 2.619223456599603e-05 1.526399074840721e-05 0.0 2.656317933179742e-05 1.5087358206351575e-05 0.0 2.6898797131340867e-05 1.4910734410933808e-05 0.0 2.7199087733274796e-05 1.4734114363116806e-05 0.0 2.7464050857343568e-05 1.4557494888344898e-05 0.0 2.7693686214962858e-05 1.4380874126423129e-05 0.0 2.7887993534684e-05 1.4204251143499783e-05 0.0 2.804697257721635e-05 1.4027625643081353e-05 0.0 2.8170623143539007e-05 1.3850997755433813e-05 0.0 2.8258945078720075e-05 1.3674367887376046e-05 0.0 2.8311938273339636e-05 1.3497736617010364e-05 0.0 2.832960266384228e-05 1.3321104620135692e-05 0.0 2.831193823269309e-05 1.314447261682506e-05 0.0 2.8258945008840213e-05 1.2967841327839749e-05 0.0 2.8170623068662775e-05 1.2791211431159039e-05 0.0 2.804697253727342e-05 1.261458350891054e-05 0.0 2.7887993589714488e-05 1.2437957974390457e-05 0.0 2.7693686451202657e-05 1.2261334967682832e-05 0.0 2.7464051395101933e-05 1.2084714206659767e-05 0.0 2.719908873670066e-05 1.1908094777947724e-05 0.0 2.689879882009433e-05 1.1731474849906798e-05 0.0 2.6563181994489682e-05 1.1554851287008e-05 0.0 2.619223857500433e-05 1.1378219142550491e-05 0.0 2.578596878150189e-05 1.1201571004956678e-05 0.0 2.5344372647145942e-05 1.102489617268707e-05 0.0 2.486744988616827e-05 1.0848179635234107e-05 0.0 2.4355199707849426e-05 1.0671400844227257e-05 0.0 2.380762056098453e-05 1.0494532271535556e-05 0.0 2.322470979031631e-05 1.0317537773225786e-05 0.0 2.26064631838606e-05 1.0140370813076833e-05 0.0 2.195287438822825e-05 9.96297265191035e-06 0.0 2.1263934168765905e-05 9.78527068542118e-06 0.0 2.0539629493861877e-05 9.607177221155065e-06 0.0 1.97799424300492e-05 9.428589134163003e-06 0.0 1.8984848849576268e-05 9.249389041934988e-06 0.0 1.8154316979436825e-05 9.069448905765663e-06 0.0 1.728830586723687e-05 8.888637313163813e-06 0.0 1.6386763914680494e-05 8.706832142027447e-06 0.0 1.5449627748023296e-05 8.523940872553278e-06 0.0 1.4476821875522407e-05 8.339931521544128e-06 0.0 1.3468259847208453e-05 8.154878056471689e-06 0.0 1.242384800123056e-05 7.96902524471763e-06 0.0 1.1343493346121257e-05 7.782879265322326e-06 0.0 1.0227117590419515e-05 7.597332132098726e-06 0.0 9.074679422744056e-06 7.413830096707984e-06 0.0 7.886205759917304e-06 7.23459849592501e-06 0.0 6.661826722375022e-06 7.062936469496079e-06 0.0 5.4017901464149565e-06 6.903587833705484e-06 0.0 4.106379593263141e-06 6.763154236388772e-06 0.0 2.775554924233334e-06 6.650380913237315e-06 0.0 1.4080567945814044e-06 6.575848876180273e-06 0.0 0.0 6.550257481425269e-06 0.0 0.0 2.2107299955574278e-05 0.0 1.4220996611363825e-06 2.2074759729925027e-05 0.0 2.803499260877012e-06 2.198887901340419e-05 0.0 4.147040096502018e-06 2.1862026285519725e-05 0.0 5.453496414104357e-06 2.170599063122661e-05 0.0 6.7228166553437795e-06 2.1530149355665685e-05 0.0 7.95481572720601e-06 2.1341446118375475e-05 0.0 9.149419478601277e-06 2.1144830207411203e-05 0.0 1.0306697875517462e-05 2.0943731867782553e-05 0.0 1.1426826840657271e-05 2.0740462065183825e-05 0.0 1.2510039528259627e-05 2.0536523418014783e-05 0.0 1.3556587263260223e-05 2.033284491132338e-05 0.0 1.4566713644530491e-05 2.0129956536596343e-05 0.0 1.5540639753524533e-05 1.9928117811197707e-05 0.0 1.6478557302407436e-05 1.9727411192607866e-05 0.0 1.7380626931189298e-05 1.952780891065864e-05 0.0 1.8246979568786008e-05 1.932921981207486e-05 0.0 1.9077719422910155e-05 1.9131521330226368e-05 0.0 1.987292766510841e-05 1.893458053865857e-05 0.0 2.0632666234917514e-05 1.873826733463273e-05 0.0 2.135698143098376e-05 1.8542462073037052e-05 0.0 2.2045907117750466e-05 1.8347059394250235e-05 0.0 2.2699467478774367e-05 1.8151969534585634e-05 0.0 2.3317679310302912e-05 1.795711805317935e-05 0.0 2.3900553884570165e-05 1.7762444636486186e-05 0.0 2.4448098430541716e-05 1.7567901435350562e-05 0.0 2.496031728690575e-05 1.737345123656339e-05 0.0 2.543721278230486e-05 1.7179065659545918e-05 0.0 2.587878589405332e-05 1.69847234898284e-05 0.0 2.6285036730824562e-05 1.679040920652409e-05 0.0 2.665596487827051e-05 1.659611172476873e-05 0.0 2.6991569640020917e-05 1.640182335114344e-05 0.0 2.7291850200455153e-05 1.620753893658596e-05 0.0 2.7556805730269666e-05 1.6013255204290213e-05 0.0 2.77864354512695e-05 1.581897022741707e-05 0.0 2.7980738672989454e-05 1.5624683031495256e-05 0.0 2.8139714810645306e-05 1.543039329803146e-05 0.0 2.8263363391443022e-05 1.5236101148282998e-05 0.0 2.8351684054342078e-05 1.5041806988826519e-05 0.0 2.8404676546879396e-05 1.4847511403129876e-05 0.0 2.8422340721518894e-05 1.4653215075571409e-05 0.0 2.8404676533112946e-05 1.4458918736116228e-05 0.0 2.8351684038364102e-05 1.4264623115073419e-05 0.0 2.8263363397581134e-05 1.4070328897977508e-05 0.0 2.8139714878463923e-05 1.3876036670647419e-05 0.0 2.7980738861050433e-05 1.3681746843874347e-05 0.0 2.77864358422481e-05 1.3487459545994507e-05 0.0 2.755680643746833e-05 1.3293174469855297e-05 0.0 2.7291851375707587e-05 1.3098890658461856e-05 0.0 2.6991571482877923e-05 1.2904606211031367e-05 0.0 2.6655967646185775e-05 1.2710317888509109e-05 0.0 2.6285040749789475e-05 1.2516020595166514e-05 0.0 2.5878791568727962e-05 1.2321706711244503e-05 0.0 2.5437220604117727e-05 1.2127365251514602e-05 0.0 2.4960327837794883e-05 1.1932980827239635e-05 0.0 2.4448112378923652e-05 1.1738532395907003e-05 0.0 2.3900571968679056e-05 1.1543991796450549e-05 0.0 2.3317702302161204e-05 1.1349322090369513e-05 0.0 2.26994961196543e-05 1.1154475765013645e-05 0.0 2.2045942012979862e-05 1.0959392909250145e-05 0.0 2.1357022888272904e-05 1.0763999549978682e-05 0.0 2.063271402599393e-05 1.0568206448237169e-05 0.0 1.9872980685359372e-05 1.0371908805324513e-05 0.0 1.9077775218050455e-05 1.017498753364753e-05 0.0 1.8247033691527768e-05 9.977313016957292e-06 0.0 1.7380672084934482e-05 9.778752635354187e-06 0.0 1.6478582223899664e-05 9.579183779216759e-06 0.0 1.5540627783658137e-05 9.378514643333223e-06 0.0 1.4566640939321735e-05 9.176715803310986e-06 0.0 1.3556420613427148e-05 8.973866466159494e-06 0.0 1.2509733808267387e-05 8.770220412171447e-06 0.0 1.1426322259139542e-05 8.566298105346261e-06 0.0 1.0305917619204612e-05 8.36301342644066e-06 0.0 9.148269466626233e-06 8.161846294339398e-06 0.0 7.953191022837496e-06 7.965076549960345e-06 0.0 6.720625494044357e-06 7.776100115789848e-06 0.0 5.450724512448182e-06 7.599853333895863e-06 0.0 4.143885597444405e-06 7.443357874101658e-06 0.0 2.80055350241697e-06 7.316285431414515e-06 0.0 1.4203289616872437e-06 7.231044689587394e-06 0.0 0.0 7.201186228524115e-06 0.0 0.0 2.411976038494992e-05 0.0 1.4378480832607617e-06 2.4082584831387654e-05 0.0 2.834646902906714e-06 2.3985591029197505e-05 0.0 4.192511146361023e-06 2.3844267598183908e-05 0.0 5.511540528924638e-06 2.3672184924383003e-05 0.0 6.7913971411636845e-06 2.3479561574231666e-05 0.0 8.03192574721217e-06 2.3273713017856115e-05 0.0 9.233253438355273e-06 2.3059752279565292e-05 0.0 1.039571689290809e-05 2.2841186420261274e-05 0.0 1.1519764969122127e-05 2.262036745070873e-05 0.0 1.2605881835201935e-05 2.2398823563875907e-05 0.0 1.3654536949107034e-05 2.217750160740494e-05 0.0 1.4666156861803423e-05 2.1956944717055288e-05 0.0 1.564111221824815e-05 2.1737422138627587e-05 0.0 1.657971446903427e-05 2.151902338218408e-05 0.0 1.7482218335142564e-05 2.1301725606585404e-05 0.0 1.8348827349972008e-05 2.1085440933044016e-05 0.0 1.9179700745998595e-05 2.0870048819701782e-05 0.0 1.997496061147893e-05 2.0655417455206655e-05 0.0 2.0734698688771557e-05 2.0441417217266252e-05 0.0 2.1458982481519094e-05 2.0227928520567303e-05 0.0 2.2147860528820385e-05 2.001484580503175e-05 0.0 2.280136682330704e-05 1.9802078961996133e-05 0.0 2.341952441982246e-05 1.9589553141250812e-05 0.0 2.400234831843239e-05 1.9377207608397837e-05 0.0 2.4549847721170945e-05 1.9164994114581705e-05 0.0 2.5062027764183346e-05 1.895287508626802e-05 0.0 2.5538890821237036e-05 1.8740821830219502e-05 0.0 2.598043746463623e-05 1.8528812868745587e-05 0.0 2.6386667157835458e-05 1.8316832464923586e-05 0.0 2.6757578742052544e-05 1.8104869360532468e-05 0.0 2.709317076785789e-05 1.789291572592907e-05 0.0 2.73934417125638e-05 1.7680966307163406e-05 0.0 2.7658390115470877e-05 1.7469017748320054e-05 0.0 2.7888014655680364e-05 1.725706806417932e-05 0.0 2.8082314191174803e-05 1.7045116238198117e-05 0.0 2.8241287773067985e-05 1.683316192235336e-05 0.0 2.8364934645160516e-05 1.6621205217761874e-05 0.0 2.8453254236040833e-05 1.64092465176337e-05 0.0 2.8506246148775395e-05 1.6197286396668853e-05 0.0 2.8523910151581144e-05 1.598532553323539e-05 0.0 2.8506246171628276e-05 1.577336465242824e-05 0.0 2.8453254293156455e-05 1.5561404479323298e-05 0.0 2.836493476028152e-05 1.5349445692362968e-05 0.0 2.8241287984116425e-05 1.5137488866822455e-05 0.0 2.8082314553018455e-05 1.4925534397709475e-05 0.0 2.788801524379378e-05 1.471358239026208e-05 0.0 2.7658391030422277e-05 1.4501632504474976e-05 0.0 2.7393443085180586e-05 1.428968373788356e-05 0.0 2.7093172764796277e-05 1.4077734128310211e-05 0.0 2.675758157130298e-05 1.3865780355657676e-05 0.0 2.6386671073415364e-05 1.3653817219483353e-05 0.0 2.598044276932631e-05 1.3441836967553241e-05 0.0 2.5538897865676744e-05 1.322982845065865e-05 0.0 2.506203693991883e-05 1.3017776081833595e-05 0.0 2.4549859444303477e-05 1.2805658585337009e-05 0.0 2.400236299930368e-05 1.2593447534554044e-05 0.0 2.3419542412654665e-05 1.2381105701244128e-05 0.0 2.2801388347852364e-05 1.2168585275159328e-05 0.0 2.2147885553847296e-05 1.195582606790057e-05 0.0 2.145901055737444e-05 1.1742753894180446e-05 0.0 2.0734728713348305e-05 1.1529279435089906e-05 0.0 1.9974990510780166e-05 1.1315298040787983e-05 0.0 1.917972704725286e-05 1.110069113521721e-05 0.0 1.8348844622078835e-05 1.0885330155698089e-05 0.0 1.748221846818327e-05 1.0669084310076482e-05 0.0 1.6579685761453582e-05 1.04518338800083e-05 0.0 1.5641038236165775e-05 1.0233491360382051e-05 0.0 1.4666015027535399e-05 1.0014033426667864e-05 0.0 1.3654296801563968e-05 9.793547600920723e-06 0.0 1.2605502880220396e-05 9.572298606894566e-06 0.0 1.1519194013016188e-05 9.350820888209514e-06 0.0 1.0394884798362496e-05 9.1300458601985e-06 0.0 9.232071641531538e-06 8.911475683089108e-06 0.0 8.030284552029115e-06 8.697420677054403e-06 0.0 6.789173351333683e-06 8.491326723694736e-06 0.0 5.5086373873686925e-06 8.29823443092484e-06 0.0 4.18898756934271e-06 8.125432166175045e-06 0.0 2.8310096584637295e-06 7.983333705258548e-06 0.0 1.4353396979339874e-06 7.886213537723245e-06 0.0 0.0 7.851194178957554e-06 0.0 0.0 2.6131937090282227e-05 0.0 1.4574289231555654e-06 2.6089724242984633e-05 0.0 2.872737775944765e-06 2.5980712836151653e-05 0.0 4.247099432595295e-06 2.5824401171541776e-05 0.0 5.579978796140173e-06 2.563615723123958e-05 0.0 6.8709752333076595e-06 2.5426884031667982e-05 0.0 8.120199782046224e-06 2.5204138135994428e-05 0.0 9.328162910899276e-06 2.4973116868794833e-05 0.0 1.0495590617039024e-05 2.473736204057616e-05 0.0 1.1623281486125707e-05 2.449924675213462e-05 0.0 1.27120163594544e-05 2.426031691276729e-05 0.0 1.3762508409480141e-05 2.402153577043683e-05 0.0 1.4775380093720055e-05 2.3783461426695887e-05 0.0 1.5751156789083695e-05 2.3546376255134445e-05 0.0 1.6690270188400168e-05 2.331038083971474e-05 0.0 1.759306694598755e-05 2.3075461367466477e-05 0.0 1.845981969490941e-05 2.284153710500582e-05 0.0 1.9290738651090803e-05 2.2608493016882616e-05 0.0 2.00859827465703e-05 2.2376201429308296e-05 0.0 2.0845669715452973e-05 2.2144535751287104e-05 0.0 2.1569884870092695e-05 2.191337855918575e-05 0.0 2.225868850410742e-05 2.1682625787810318e-05 0.0 2.291212197899835e-05 2.145218832409718e-05 0.0 2.3530212617645898e-05 2.1221991948476923e-05 0.0 2.4112977558693708e-05 2.0991976297257745e-05 0.0 2.4660426733525036e-05 2.0762093312600497e-05 0.0 2.51725651211329e-05 2.0532305492249406e-05 0.0 2.5649394421890342e-05 2.0302584138277845e-05 0.0 2.609091427322674e-05 2.0072907723498008e-05 0.0 2.649712311123492e-05 1.9843260438225645e-05 0.0 2.6868018763956962e-05 1.96136309425765e-05 0.0 2.720359884547233e-05 1.9384011325459145e-05 0.0 2.7503861005396484e-05 1.9154396257063037e-05 0.0 2.776880307611808e-05 1.892478231397119e-05 0.0 2.7998423149986034e-05 1.869516745284077e-05 0.0 2.8192719610511096e-05 1.8465550608267998e-05 0.0 2.8351691135225595e-05 1.823593139181586e-05 0.0 2.8475336682881957e-05 1.8006309871415098e-05 0.0 2.856365547390718e-05 1.7776686412888714e-05 0.0 2.861664697022289e-05 1.7547061567826815e-05 0.0 2.8634310858472136e-05 1.7317435994214094e-05 0.0 2.8616647039166995e-05 1.708781039793706e-05 0.0 2.856365562311811e-05 1.6858185484492583e-05 0.0 2.8475336935566013e-05 1.662856191083322e-05 0.0 2.835169152756077e-05 1.6398940227300013e-05 0.0 2.8192720193189967e-05 1.616932079901302e-05 0.0 2.7998423990083455e-05 1.5939703694930445e-05 0.0 2.7768804259075122e-05 1.571008853109784e-05 0.0 2.7503862636796085e-05 1.548047425247177e-05 0.0 2.720360105212259e-05 1.5250858835268029e-05 0.0 2.6868021693575797e-05 1.5021238889284367e-05 0.0 2.6497126929733414e-05 1.4791609137455718e-05 0.0 2.6090919158197545e-05 1.4561961748569947e-05 0.0 2.564940055040439e-05 1.4332285499416256e-05 0.0 2.5172572649313692e-05 1.4102564745815625e-05 0.0 2.466043576458857e-05 1.3872778189601171e-05 0.0 2.4112988095204103e-05 1.3642897442867508e-05 0.0 2.353022449264365e-05 1.3412885414608991e-05 0.0 2.291213475942902e-05 1.3182694582033816e-05 0.0 2.2258701358663844e-05 1.2952265264259989e-05 0.0 2.1569896392271377e-05 1.272152409590478e-05 0.0 2.084567769145304e-05 1.2490383009811411e-05 0.0 2.0085983856828694e-05 1.2258739190879374e-05 0.0 1.9290728093976982e-05 1.2026476667322424e-05 0.0 1.8459790721608725e-05 1.1793470473900014e-05 0.0 1.7593010296890574e-05 1.1559594667554225e-05 0.0 1.6690173422828355e-05 1.1324735914988716e-05 0.0 1.575100349999707e-05 1.1088814922203646e-05 0.0 1.4775148992395502e-05 1.0851818661279002e-05 0.0 1.3762172241716647e-05 1.0613847205437418e-05 0.0 1.2711540554813344e-05 1.0375180074019083e-05 0.0 1.1622622312297027e-05 1.013636844480117e-05 0.0 1.0494692376186774e-05 9.898361689785384e-06 0.0 9.326953405550988e-06 9.662680033227199e-06 0.0 8.118583308476291e-06 9.431651018524926e-06 0.0 6.868824648002858e-06 9.208738691809936e-06 0.0 5.577139623400617e-06 8.999016746120505e-06 0.0 4.2434600778885766e-06 8.80988117453058e-06 0.0 2.868541732569031e-06 8.652185082167252e-06 0.0 1.4540136171519502e-06 8.541853783236379e-06 0.0 0.0 8.500327456599784e-06 0.0 0.0 2.8142924835706592e-05 0.0 1.482269860991013e-06 2.809549573570459e-05 0.0 2.919876359528148e-06 2.7973602096552542e-05 0.0 4.31298478389003e-06 2.7801992608098076e-05 0.0 5.660743966664445e-06 2.7597693596087747e-05 0.0 6.963136392608378e-06 2.7372065650974747e-05 0.0 8.220885335534918e-06 2.7132770438536204e-05 0.0 9.435105171092487e-06 2.688502539926047e-05 0.0 1.0607040263577923e-05 2.6632381420719402e-05 0.0 1.1737910813199855e-05 2.637722514190578e-05 0.0 1.2828832248812309e-05 2.6121120653474553e-05 0.0 1.3880779403211971e-05 2.5865051433768137e-05 0.0 1.4894576890090452e-05 2.5609595624958926e-05 0.0 1.587090432944457e-05 2.5355054054993436e-05 0.0 1.681030946996848e-05 2.510154347771667e-05 0.0 1.771322490933007e-05 2.484906373876897e-05 0.0 1.8579985763818744e-05 2.4597545311855162e-05 0.0 1.9410846703271425e-05 2.4346882133953354e-05 0.0 2.0205997468305304e-05 2.4096953558229408e-05 0.0 2.0965576449326796e-05 2.3847638383801944e-05 0.0 2.1689682205971878e-05 2.359882323727448e-05 0.0 2.237838299114062e-05 2.335040703240419e-05 0.0 2.3031724450253456e-05 2.3102302796608554e-05 0.0 2.3649735718793915e-05 2.2854437807734502e-05 0.0 2.423243415785972e-05 2.2606752716191145e-05 0.0 2.4779828961543192e-05 2.2359200122579712e-05 0.0 2.5291923850916624e-05 2.2111742927327478e-05 0.0 2.576871904373452e-05 2.1864352656070496e-05 0.0 2.6210212661041742e-05 2.161700788368439e-05 0.0 2.661640170446489e-05 2.136969282347004e-05 0.0 2.6987282712689113e-05 2.112239610996442e-05 0.0 2.7322852183318016e-05 2.0875109779300758e-05 0.0 2.7623106827279874e-05 2.0627828436169024e-05 0.0 2.788804370714063e-05 2.038054858830507e-05 0.0 2.8117660297873685e-05 2.0133268125856836e-05 0.0 2.8311954498476762e-05 1.98859859223199e-05 0.0 2.84709246149298e-05 1.9638701534827518e-05 0.0 2.8594569328977098e-05 1.9391414983595547e-05 0.0 2.8682887662729017e-05 1.9144126592695072e-05 0.0 2.873587894579303e-05 1.8896836876673066e-05 0.0 2.875354278927527e-05 1.8649546459623185e-05 0.0 2.873587906929515e-05 1.8402256014968646e-05 0.0 2.8682887921410664e-05 1.8154966215372156e-05 0.0 2.859456974636925e-05 1.7907677682785237e-05 0.0 2.84709252266964e-05 1.766039092866621e-05 0.0 2.831195535264402e-05 1.7413106273840762e-05 0.0 2.8117661454757336e-05 1.7165823736367473e-05 0.0 2.7888045238595752e-05 1.691854287415421e-05 0.0 2.7623108814738175e-05 1.667126256704029e-05 0.0 2.7322854713872344e-05 1.64239807207649e-05 0.0 2.69872858722239e-05 1.6176693872927955e-05 0.0 2.661640556650347e-05 1.5929396679092273e-05 0.0 2.621021726958011e-05 1.5682081256139417e-05 0.0 2.5768724387848504e-05 1.543473636069251e-05 0.0 2.529192982836783e-05 1.5187346384019946e-05 0.0 2.4779835327977715e-05 1.4939890152939491e-05 0.0 2.423244045751852e-05 1.4692339541032391e-05 0.0 2.364974119198208e-05 1.4444657918842774e-05 0.0 2.303172791222838e-05 1.4196798509446727e-05 0.0 2.2378382676699344e-05 1.3948702771636123e-05 0.0 2.168967557402629e-05 1.3700299012985908e-05 0.0 2.0965559942398468e-05 1.345150154661562e-05 0.0 2.020596622346886e-05 1.3202210857313248e-05 0.0 1.9410794213995814e-05 1.2952315445126003e-05 0.0 1.857990349675873e-05 1.27016962792371e-05 0.0 1.7713101886586293e-05 1.2450235135014545e-05 0.0 1.6810131835306567e-05 1.2197828517108317e-05 0.0 1.5870654924795584e-05 1.1944409408230714e-05 0.0 1.4894234871887728e-05 1.1689979748467071e-05 0.0 1.3880319916404853e-05 1.1434657377005093e-05 0.0 1.2828226127313173e-05 1.1178742218529371e-05 0.0 1.1737124142416429e-05 1.0922807897327657e-05 0.0 1.0606033331096468e-05 1.0667826990164122e-05 0.0 9.433829681690646e-06 1.041534139937496e-05 0.0 8.219277580284782e-06 1.0167695226895866e-05 0.0 6.961102591928905e-06 9.928359237963792e-06 0.0 5.658135568761529e-06 9.702400978188688e-06 0.0 4.30958387664855e-06 9.497210738399639e-06 0.0 2.9155306759654683e-06 9.323724715233917e-06 0.0 1.477912573287142e-06 9.198839982027365e-06 0.0 0.0 9.148714152670365e-06 0.0 0.0 3.015108108726395e-05 0.0 1.5146784869078442e-06 3.00989141328323e-05 0.0 2.9791102175106127e-06 2.9963491838824873e-05 0.0 4.39300803677196e-06 2.9776647864687097e-05 0.0 5.756149339444567e-06 2.955669393894024e-05 0.0 7.069660864312443e-06 2.931518251193474e-05 0.0 8.335318431907806e-06 2.905977380510506e-05 0.0 9.555068664077487e-06 2.879567488853727e-05 0.0 1.0730788116639277e-05 2.8526443805649824e-05 0.0 1.1864173236972016e-05 2.8254487838318492e-05 0.0 1.295669758401262e-05 2.7981398386097035e-05 0.0 1.400960436758144e-05 2.7708188025727976e-05 0.0 1.502391786713148e-05 2.7435462885143807e-05 0.0 1.6000464590012396e-05 2.7163549128327188e-05 0.0 1.6939898721208014e-05 2.689258552058345e-05 0.0 1.784272850913712e-05 2.6622590444020266e-05 0.0 1.8709341546022103e-05 2.6353509589156666e-05 0.0 1.9540027778061968e-05 2.608524910994842e-05 0.0 2.0334999676476136e-05 2.581769797012236e-05 0.0 2.1094409399489636e-05 2.555074238269585e-05 0.0 2.1818363031420308e-05 2.5284274583096366e-05 0.0 2.25069321373088e-05 2.50181976431805e-05 0.0 2.3160162949974564e-05 2.4752427606086925e-05 0.0 2.3778083534162702e-05 2.448689388324368e-05 0.0 2.436070926722696e-05 2.4221538590618102e-05 0.0 2.4908046950664682e-05 2.395631529862475e-05 0.0 2.5420097831165387e-05 2.369118751755877e-05 0.0 2.589685977011054e-05 2.342612712793999e-05 0.0 2.6338328760877396e-05 2.316111288409605e-05 0.0 2.674449995640723e-05 2.289612906242642e-05 0.0 2.7115368336667096e-05 2.263116428712904e-05 0.0 2.7450929117419625e-05 2.2366210540958825e-05 0.0 2.7751177978149128e-05 2.2101262353075263e-05 0.0 2.801611116778311e-05 2.1836316147327026e-05 0.0 2.8245725531532583e-05 2.1571369730229296e-05 0.0 2.8440018490216623e-05 2.1306421896798407e-05 0.0 2.8598987994288903e-05 2.1041472133142742e-05 0.0 2.8722632467933695e-05 2.0776520396433474e-05 0.0 2.8810950753578964e-05 2.0511566955023863e-05 0.0 2.8863942063579416e-05 2.024661227365846e-05 0.0 2.8881605943302438e-05 1.998165693066585e-05 0.0 2.88639422481093e-05 1.9716701555598573e-05 0.0 2.8810951135504582e-05 1.9451746776879874e-05 0.0 2.8722633072808843e-05 1.9186793169588866e-05 0.0 2.8598988859883693e-05 1.8921841193534602e-05 0.0 2.8440019665510687e-05 1.8656891111246603e-05 0.0 2.8245727074786237e-05 1.839194287446049e-05 0.0 2.8016113143125075e-05 1.8126995966159208e-05 0.0 2.77511804499053e-05 1.786204918333844e-05 0.0 2.7450932141145216e-05 1.75971003435572e-05 0.0 2.7115371945525822e-05 1.7332145896264236e-05 0.0 2.6744504141160933e-05 1.706718041824171e-05 0.0 2.6338333441307705e-05 1.680219597185417e-05 0.0 2.5896864755195878e-05 1.6537181305952986e-05 0.0 2.5420102764802067e-05 1.6272120883432427e-05 0.0 2.4908051239183946e-05 1.6006993728156917e-05 0.0 2.4360711984480772e-05 1.5741772099448958e-05 0.0 2.377808329962495e-05 1.5476420027389963e-05 0.0 2.3160157775269068e-05 1.5210891780551626e-05 0.0 2.2506919237032363e-05 1.4945130394147298e-05 0.0 2.181833859535041e-05 1.4679066466831115e-05 0.0 2.1094368325612026e-05 1.4412617545612019e-05 0.0 2.0334935268188876e-05 1.4145688569082589e-05 0.0 1.9539931414937738e-05 1.3878174039241298e-05 0.0 1.870920234619147e-05 1.3609962852771293e-05 0.0 1.7842533013148565e-05 1.3340947056118721e-05 0.0 1.6939630642223327e-05 1.3071036208801134e-05 0.0 1.6000104692662996e-05 1.2800179561852028e-05 0.0 1.5023444054757972e-05 1.2528398903491903e-05 0.0 1.4008992068749669e-05 1.2255835723494049e-05 0.0 1.2955920520498809e-05 1.1982817359730662e-05 0.0 1.1863204596811838e-05 1.170994813646353e-05 0.0 1.0729601978789143e-05 1.143823344901388e-05 0.0 9.553641061932112e-06 1.1169247883761654e-05 0.0 8.333626303823268e-06 1.0905364124537274e-05 0.0 7.067674419693118e-06 1.065007070342557e-05 0.0 5.753807609371696e-06 1.0408431153259273e-05 0.0 4.390160383936695e-06 1.018779403561415e-05 0.0 2.9754367043648693e-06 9.999004568150527e-06 0.0 1.5099725374468797e-06 9.858733802044686e-06 0.0 0.0 9.796651175238596e-06 0.0 0.0 3.2153362122195106e-05 0.0 1.558627904933423e-06 3.20986160741076e-05 0.0 3.054946291074331e-06 3.1949576853969325e-05 0.0 4.490808609631309e-06 3.174813960763499e-05 0.0 5.868868620191781e-06 3.1513265105717206e-05 0.0 7.19246940444532e-06 3.1256492979180176e-05 0.0 8.464874284544435e-06 3.0985456899544995e-05 0.0 9.689035153365578e-06 3.0705373459443815e-05 0.0 1.0867529396079318e-05 3.0419832705893047e-05 0.0 1.2002553878196632e-05 3.0131283567614177e-05 0.0 1.309594348295693e-05 2.9841361229404798e-05 0.0 1.4149202334779409e-05 2.955112016982254e-05 0.0 1.5163541532728955e-05 2.9261204495128797e-05 0.0 1.6139919291415607e-05 2.897197352881103e-05 0.0 1.7079080592408398e-05 2.868359416357824e-05 0.0 1.798159438446658e-05 2.83961080702141e-05 0.0 1.8847887135882527e-05 2.8109479812953876e-05 0.0 1.967827214518426e-05 2.7823630541593925e-05 0.0 2.047297446335014e-05 2.753846091051631e-05 0.0 2.1232151588234796e-05 2.7253866076644817e-05 0.0 2.1955910283974665e-05 2.6969744986932088e-05 0.0 2.2644319980668808e-05 2.6686005647107797e-05 0.0 2.32974232469768e-05 2.640256764586199e-05 0.0 2.3915243821280342e-05 2.611936287645006e-05 0.0 2.4497792652363576e-05 2.5836335137384872e-05 0.0 2.504507235071868e-05 2.5553439093305844e-05 0.0 2.5557080395518072e-05 2.5270638925411595e-05 0.0 2.603381138601135e-05 2.4987906888379507e-05 0.0 2.64752585733358e-05 2.4705221909157253e-05 0.0 2.6881414861531327e-05 2.4422568305366932e-05 0.0 2.725227342581806e-05 2.4139934661531026e-05 0.0 2.758782806204332e-05 2.3857312875232625e-05 0.0 2.788807335326743e-05 2.3574697368977592e-05 0.0 2.8153004717111785e-05 2.3292084454070625e-05 0.0 2.8382618379983806e-05 2.3009471828079146e-05 0.0 2.8576911310857593e-05 2.2726858185826095e-05 0.0 2.8735881137192726e-05 2.2444242924142455e-05 0.0 2.885952605815824e-05 2.2161625921980265e-05 0.0 2.8947844765016906e-05 2.1879007379353366e-05 0.0 2.9000836374826947e-05 2.159638770053402e-05 0.0 2.9018500381124057e-05 2.1313767408730055e-05 0.0 2.9000836623613432e-05 2.1031147080927575e-05 0.0 2.894784527784115e-05 2.0748527292613447e-05 0.0 2.885952686508121e-05 2.0465908562630304e-05 0.0 2.8735882282042745e-05 2.018329128843955e-05 0.0 2.8576912849256124e-05 1.990067566158037e-05 0.0 2.8382620375912798e-05 1.9618061552138614e-05 0.0 2.8153007237265637e-05 1.9335448349636372e-05 0.0 2.7888076458155062e-05 1.905283474602689e-05 0.0 2.7587831792472274e-05 1.877021844459469e-05 0.0 2.7252277782996362e-05 1.8487595776783797e-05 0.0 2.688141977855933e-05 1.8204961207701477e-05 0.0 2.6475263875337067e-05 1.7922306710858587e-05 0.0 2.603381673558119e-05 1.7639620994439703e-05 0.0 2.555708521958655e-05 1.7356888566220777e-05 0.0 2.5045075744384572e-05 1.7074088633759196e-05 0.0 2.4497793254850017e-05 1.679119385282515e-05 0.0 2.3915239659026352e-05 1.6508168963032698e-05 0.0 2.329741153920636e-05 1.6224969388907307e-05 0.0 2.2644296903844784e-05 1.594153994178996e-05 0.0 2.1955870693711922e-05 1.5657813838721904e-05 0.0 2.1232088700990264e-05 1.5373712365678043e-05 0.0 2.0472879506114516e-05 1.5089145662390524e-05 0.0 1.9678133990161635e-05 1.4804015303956411e-05 0.0 1.8847691949511335e-05 1.4518219611087218e-05 0.0 1.798132533682634e-05 1.4231662948001003e-05 0.0 1.707871769457668e-05 1.3944270677616926e-05 0.0 1.613943945471407e-05 1.3656011953007522e-05 0.0 1.5162918974183275e-05 1.3366933151795312e-05 0.0 1.414840948540426e-05 1.3077205537561967e-05 0.0 1.3094952586093368e-05 1.278719171784521e-05 0.0 1.2001339489656928e-05 1.249753678325727e-05 0.0 1.0866072013236034e-05 1.220929191946742e-05 0.0 9.687326207816732e-06 1.1924081362517584e-05 0.0 8.462922728443058e-06 1.164432911360159e-05 0.0 7.190309998821384e-06 1.1373572801971275e-05 0.0 5.866571093142824e-06 1.1116915459038126e-05 0.0 4.4884817936173504e-06 1.0881718815731597e-05 0.0 3.0527109489878385e-06 1.067876759601575e-05 0.0 1.5565090432905036e-06 1.0524445467671998e-05 0.0 0.0 1.0444849295899918e-05 0.0
</DataArray>
</PointData>
<CellData>
<DataArray type="Float64" Name="von_mises [Pa]" NumberOfComponents="1" format="ascii">
55763029.4194536 56011009.29943224 56013182.67953606 56314986.548180655 56141333.77292592 56482046.43150087 56165370.336441375 56537923.914767794 56113166.27160019 56510281.55985655 56012326.590418555 56427106.40317052 55885943.487342015 56312537.3848939 55751326.38732414 56185175.176838145 55620264.82868173 56058046.42997477 55499965.34717555 55939398.99075447 55394164.31314914 55833777.40402301 55304161.51320594 55743073.11146984 55229670.22869874 55667412.264603585 55169463.32005117 55605842.969967775 55121834.91883901 55556833.64982766 55084912.037386514 55518614.28593596 55056851.962636225 55489396.432867914 55035957.030852064 55467504.61559054 55020732.24994821 55451445.82530557 55009905.167849496 55439937.66168004 55002422.16052211 55431910.241911404 54997431.13619323 55426492.60989718 54994257.46520708 55422991.010564856 54992377.59404074 55420863.89918738 54991393.11568973 55419696.7585549 54991006.891020596 55419178.53609346 54991002.01701753 55419080.652327865 54991223.9154907 55419238.96377761 54991565.49052343 55419538.70420392 54991955.11535601 55419902.21573741 54992347.115201816 55420279.169198506 54992714.37981624 55420638.9275183 54993042.74511808 55420964.70262227 54993326.81101124 55421249.177977875 54993566.90141022 55421491.30393853 54993766.9152795 55421694.013424 54993932.85927578 55421862.64597346 54994071.890841976 55422003.90596647 54994191.733519964 55422125.213719636 54994300.35331449 55422234.33556654 54994405.80562735 55422339.200347275 54994516.17694765 55422447.82506252 54994639.553828806 55422568.281675555 54994783.9541262 55422708.64035412 54994957.15179423 55422876.821720265 54995166.316863686 55423080.28196803 54995417.3762558 55423325.43974477 54995713.97888828 55423616.732387275 54996055.919954166 55423955.16140527 54996436.844723 55424336.15314843 54996841.01241745 55424746.521007635 54997238.85756787 55425160.27185888 54997581.04264431 55425532.95433327 54997790.656977676 55425794.20459007 54997753.19084609 55425838.11365513 54997303.91230959 55425511.030409925 54996212.31499577 55424596.441623814 54994163.41258175 55422796.65854893 54990735.86421802 55419711.22059997 54985377.27170244 55414812.24518616 54977377.556966215 55407417.46934309 54965842.19198903 55396662.52490263 54949668.32405612 55381475.17260244 54927528.66259386 55360555.93360729 54897870.5549636 55332371.98110894 54858941.20406129 55295174.513765745 54808854.721592225 55247054.37800559 54745722.88012991 55186056.660496615 54667879.02295446 55110382.37292047 54574232.98684543 55018713.68473669 54464802.00153441 54910706.603625216 54341463.363232166 54787697.07842111 54208959.49481255 54653654.16567421 54076139.29635506 54516372.062491074 53957323.22733191 54388802.13494001 53873524.44434917 54290272.95945902 53853072.03135425 54247143.32568994 53931088.95968966 54292235.27141118 54147728.556808084 54462237.835804716 54548670.87413881 54791570.66734499 55734484.48599734 55969054.75795435 56001524.666654274 56279425.77850565 56132615.87859313 56450150.42080577 56156918.528502114 56506709.843412586 56104407.906668715 56479631.90128297 56003390.332889214 56397747.06490816 55877179.36675598 56285320.19101271 55743088.09999439 56160765.35254038 55612816.60488871 56036819.115036994 55493457.933173195 55921448.584647864 55388646.18723736 55818977.92315636 55299603.9733181 55731151.672521 55225994.293842785 55658015.778955646 55166562.76397854 55598590.07195662 55119593.58682601 55551350.71218082 55083215.58429871 55514557.621627696 55055594.98204717 55486463.86684643 55035046.74221366 55465439.57204389 55020089.80936108 55450036.564974695 55009465.45883409 55439013.673525944 55002132.700369425 55431337.21100385 54997250.54169829 55426166.90949722 54994153.770723954 55422834.30927633 54992326.6033364 55420818.2193131 54991376.89053083 55419720.148532085 54991012.42638958 55419241.407540776 54991020.1185969 55419162.76365025 54991248.27413568 55419326.99388595 54991591.9367322 55419624.34170416 54991981.03115244 55419980.68363355 54992370.979142405 55420348.10774 54992735.42158069 55420697.56462684 54993060.68815328 55421013.25030491 54993341.68437508 55421288.40257304 54993578.90483586 55421522.227212265 54993776.32424029 55421717.70982149 54993939.95936836 55421880.10868987 54994076.93306138 55422015.96066695 54994194.90393112 55422132.46398592 54994301.75225925 55422237.12847444 54994405.43305537 55422337.604229905 54994513.92167663 55422441.61465581 54994635.18570447 55422556.928694606 54994777.11918291 55422691.31030621 54994947.371718235 55422852.38072853 54995152.99541371 55423047.32064535 54995399.816948235 55423282.32512636 54995691.420210764 55423561.70373877 54996027.596847646 55423886.49167106 54996402.08809262 55424252.405085176 54996799.402123496 55424646.935950086 54997190.44875185 55425045.33959779 54997526.69039984 55425405.22487015 54997732.470211394 55425659.416274495 54997695.15247568 55425706.72698573 54997252.70939528 55425400.271449335 54996178.428305745 55424532.97193693 54994162.51941154 55422819.99692386 54990790.60944562 55419878.04127079 54985519.457538135 55415201.661154516 54977650.78797917 55408137.36780827 54966304.98311798 55397856.939669885 54950397.62675344 55383332.533304624 54928623.6746032 55363317.79017155 54899456.531560786 55336341.415051565 54861172.750822976 55300722.846196465 54811917.67408477 55254623.87737157 54749833.30392424 55196155.645381324 54673277.04259686 55123567.35549665 54581168.08909932 55035551.182370976 54473505.39665804 54931705.688994035 54352102.66964628 54813204.47984153 54221572.95258194 54683710.199842036 54090552.95958473 54550542.24244502 53973065.80424287 54426027.25674968 53889764.218613036 54328808.72762416 53868578.90494007 54284652.64192594 53944056.47894597 54325986.235333264 54154433.487124026 54489116.40377027 54534698.38315135 54807799.391066745 55694220.29009962 55911590.41830416 55966456.96232974 56223607.41555427 56099405.308713816 56394727.643520266 56123442.94076963 56451170.94393405 56071033.35304571 56424867.19443451 55971197.77791718 56345463.404648274 55847263.51330151 56237153.81715015 55716257.232779466 56117876.77238136 55589511.19490051 55999792.85743443 55473784.25235694 55890357.9736218 55372457.532501854 55793516.729715005 55286589.69907536 55710773.876863636 55215756.971489415 55642054.68426084 55158676.54903921 55586347.167088956 55113643.80915852 55542155.00814818 55078822.63503276 55507800.63198017 55052426.40142291 55481616.49206321 55032821.148484595 55462056.615851626 55018575.625161186 55447753.48035298 55008476.639870234 55437538.93516318 55001523.00770619 55430442.66666139 54996907.372542 55425677.64283639 54993992.172484726 55422618.94363155 54992283.82076909 55420780.17014601 54991407.61050151 55419790.050436646 54991084.76576557 55419370.76248909 54991112.328770615 55419318.75042934 54991346.0959727 55419488.32133707 54991686.52143853 55419778.003563106 54992067.33786772 55420119.468393974 54992446.56363313 55420468.72473621 54992799.53835385 55420799.261688836 54993113.638428 55421096.81530448 54993384.35287334 55421355.458538204 54993612.43849705 55421574.747074984 54993801.91509715 55421757.6916137 54993958.701908015 55421909.3647409 54994089.73315894 55422035.98518301 54994202.4221954 55422144.35233211 54994304.36937939 55422241.52892106 54994403.22874393 55422334.689114384 54994506.66226008 55422431.063202344 54994622.318560146 55422537.91851673 54994757.77526389 55422662.519246645 54994920.38067597 55422812.00550227 54995116.921426 55422993.12425533 54995353.02768873 55423211.73143643 54995632.20662082 55423471.96548681 54995954.3677737 55423774.96787051 54996313.67162594 55424116.99560948 54996695.49488065 55424486.735425055 54997072.26533633 55424861.58972582 54997397.877920635 55425202.6638915 54997600.366605945 55425448.146112345 54997572.48188996 55425504.741747335 54997159.82164833 55425236.813555405 54996146.20057352 55424452.90132365 54994236.043389715 55422889.36975079 54991033.7815472 55420191.08998835 54986020.565742806 55415889.33676837 54978529.135972746 55409377.531212255 54967718.4940594 55399886.14773086 54952551.201462604 55386459.12114772 54931777.80663502 55367935.55130438 54903935.25274017 55342942.55042947 54867369.32292216 55309907.88848298 54820295.46299539 55267104.86753786 54760917.8791772 55212746.81531849 54687633.714555316 55145154.91229353 54599357.056878716 55063030.77792203 54496005.28604258 54965873.88339853 54379194.55755404 54854591.70375875 54253184.74501366 54732352.68942004 54126082.80563049 54605716.69737203 54011234.21219334 54486019.65157098 53928575.70443928 54390848.27297091 53905467.73421591 54345174.35453379 53976182.41086957 54381330.45333908 54178855.267490424 54536629.590274595 54548294.967481054 54847337.13248392 55637736.601416156 55835577.63184157 55909933.76613316 56146604.1540552 56041799.088341966 56315595.37235965 56064809.328372054 56370864.063900575 56012907.86928127 56345673.17715345 55915707.91902044 56270170.424508415 55796274.88366674 56168185.07707253 55671019.249044046 56056840.92118078 55550608.74471495 55947418.62547288 55441243.80133656 55846634.6103137 55345906.697426915 55757907.16062349 55265413.51647614 55682423.738314986 55199225.47996615 55619962.688682206 55146037.132275924 55569487.93686251 55104181.23146741 55529558.437009804 55071893.344196275 55498596.74370631 55047474.17208342 55475055.38914913 55029380.2262112 55457511.83160805 55016266.17683676 55444715.19057661 55006995.99219891 55435601.68609478 55000635.04848276 55429290.780098155 54996431.63978664 55425070.31679116 54993793.54123079 55422376.24307734 54992263.27192964 55420770.53515721 54991494.2847871 55419919.5755338 54991229.32856284 55419574.26735768 54991281.56785673 55419552.52611888 54991518.619373046 55419724.365745515 54991849.4005132 55419999.53256852 54992213.538671724 55420317.48806668 54992573.01940276 55420639.464598924 54992905.73186631 55420942.291334786 54993200.58140688 55421213.69210554 54993453.86818033 55421448.779535994 54993666.668209866 55421647.5017896 54993842.99312475 55421812.83349142 54993988.54314694 55421949.537022695 54994109.90253415 55422063.35209531 54994214.056257255 55422160.49909291 54994308.130902134 55422247.404277764 54994399.28123448 55422330.57274867 54994494.656832434 55422416.5475629 54994601.39065672 55422511.90119371 54994726.55359937 55422623.20827943 54994877.015874855 55422756.94659452 54995059.14766534 55422919.26626628 54995278.27745261 55423115.55529331 54995537.807014346 55423349.71235131 54995837.85699691 55423623.01551947 54996173.28658619 55423932.448136166 54996530.89577715 55424268.31084401 54996885.58052299 55424610.913199805 54997195.1722536 55424926.10101796 54997393.658356115 55425159.340438195 54997382.45595741 55425228.0522397 54997019.408180624 55425011.878598824 54996105.20486482 55424340.582064256 54994367.01987851 55422979.34069498 54991439.33379377 55420611.33894269 54986842.21377019 55416817.794619896 54979957.80473428 55411055.952861376 54970006.516481265 55402636.176559046 54956025.45898002 55390700.14379955 54936853.194766924 55374203.41968462 54911126.98125045 55351907.41755598 54877301.53318628 55322388.14355374 54833702.13790273 55284072.29923665 54778629.90730918 55235315.5119837 54710543.23049443 55174542.94650293 54628347.152644634 55100479.69105698 54531831.10339127 55012507.562484644 54422303.63510853 54911196.58703119 54303476.04538887 54799072.04840147 54182633.11647677 54681684.20242717 54072072.869255334 54569023.5809288 53990653.60429481 54477215.50363484 53965003.32270287 54430149.278741226 54029510.23422137 54460198.287430406 54223733.570176825 54606584.52925404 54585587.28661119 54909622.9613234 55562120.4222926 55738319.12987475 55831178.10371955 56046564.707794435 55959381.43717822 56211568.05216766 55980476.907013044 56264903.94119815 55929688.175550126 56241510.73495102 55836853.68316915 56171753.12324471 55724405.41684752 56078679.17856797 55607761.846055895 55978202.196332715 55496616.633129634 55880406.83634301 55396394.60111208 55791055.750720665 55309549.248709835 55712918.918038584 55236593.01115376 55646814.763460465 55176859.24729069 55592370.25483174 55129037.315268636 55548549.195729785 55091531.59019991 55514004.481332436 55062690.89022248 55487303.00756841 55040946.05025003 55467061.47037635 55024884.47185268 55452021.511833176 55013282.865550324 55441084.74935495 55005113.390742935 55433322.20566695 54999533.844009615 55427968.22503258 54995869.18030383 55424405.75129661 54993589.20734446 55422147.54378187 54992285.5468652 55420816.27632204 54991649.72943333 55420125.32231085 54991453.44574563 55419861.241694696 54991531.41277632 55419868.456258886 54991766.94964963 55420036.25497604 54992080.13706194 55420288.05788106 54992418.31166682 55420572.74523186 54992748.59115284 55420857.79924076 54993052.11304755 55421123.98725941 54993319.68425109 55421361.322389655 54993548.566861115 55421566.059395194 54993740.16127375 55421738.5129762 54993898.38449603 55421881.516996406 54994028.576818354 55421999.37387485 54994136.80153873 55422097.171279475 54994229.4293954 55422180.367351264 54994312.921139285 55422254.56548734 54994393.738484755 55422325.415168434 54994478.32525347 55422398.586248696 54994573.10732512 55422479.77091642 54994684.46193473 55422574.66998312 54994818.604030214 55422688.91849462 54994981.32983077 55422827.89976841 54995177.54517654 55422996.38669183 54995410.48879829 55423197.93444765 54995680.53806854 55423433.929569885 54995983.45744639 55423702.176537335 54996307.91816335 55423994.8752428 54996632.08303691 55424295.8116142 54996919.01494068 55424576.55105247 54997110.635211684 55424791.393214874 54997119.935310155 55424870.82162195 54996821.140254915 55424713.1700089 54996037.54929016 55424174.2395744 54994526.8563341 55423054.652546816 54991963.905902475 55421084.838273615 54987921.10402506 55417907.74617631 54981847.12370988 55413059.70172646 54973045.179350145 55405950.31335432 54960653.06784009 55395843.057398744 54943628.47690552 55381839.18448804 54920744.85283181 55362868.98727699 54890605.53198485 55337696.34647539 54851687.03248113 55304944.95908376 54802426.5778586 55263157.94156173 54741374.36843073 55210906.92869344 54667438.2616177 55146973.01620855 54580258.00926101 55070631.2154552 54480758.6688643 54982084.773127615 54371947.50567887 54883118.63546768 54260028.58698425 54778072.19467639 54155889.29509517 54675253.252356365 54076903.203571565 54588865.104193166 54048697.25399439 54541260.66666564 54105970.631580696 54564708.969775416 54290712.04743224 54700879.64717261 54645597.64100149 54995398.917601205 55464692.01315653 55616835.37936332 55728306.16693584 55920923.90048429 55850847.470813505 56080642.699244455 55869480.22450412 56131902.004647285 55820839.73717794 56111645.41971451 55734576.41636122 56050122.565877564 55631999.64423389 55969081.06804926 55527111.19272643 55882771.93495442 55428317.91358574 55799768.42412561 55340072.74312446 55724695.83539575 55264199.53362885 55659593.71238378 55200873.876922876 55604896.7636061 55149310.926028825 55560105.4316783 55108228.54242329 55524228.08553183 55076147.52591011 55496063.49014065 55051577.66165659 55474374.64055142 55033125.70797725 55457990.01415246 55019551.26123297 55445857.10182441 55009788.78802924 55437065.20487232 55002948.55531893 55430849.05641597 54998305.19922734 55426581.09127022 54995279.826309614 55423757.60531065 54993419.51852152 55421982.2485005 54992376.68694942 55420949.04366345 54991889.7255196 55420426.254488066 54991765.73625367 55420241.831097834 54991865.64529656 55420270.762488045 54992091.73984339 55420424.4065981 54992377.482390046 55420641.710033804 54992679.365000114 55420882.14035691 54992970.526273936 55421120.112175874 54993235.84845923 55421340.677783966 54993468.26787316 55421536.26196294 54993666.05903041 55421704.24042806 54993830.88507985 55421845.18658966 54993966.44009404 55421961.63787381 54994077.53975527 55422057.258436166 54994169.54458194 55422136.298228346 54994248.02325284 55422203.268250674 54994318.582472265 55422262.768144436 54994386.804313876 55422319.41493044 54994458.2419517 55422377.83073611 54994538.43056134 55422442.65291577 54994632.87180589 55422518.5320588 54994746.94792719 55422610.082100935 54994885.71497113 55422721.742055155 54995053.51390745 55422857.50063496 54995253.32342013 55423020.4231937 54995485.75873424 55423211.90483161 54995747.59727525 55423430.55427627 54996029.68455999 55423670.59044089 54996314.04362153 55423919.60811626 54996569.980303265 55424155.542360805 54996748.94819957 55424342.635144964 54996777.915860854 55424426.18632652 54996550.97289991 55424325.85986414 54995918.93181835 55423927.3235324 54994676.74454457 55423072.038013026 54992548.67817859 55421545.09524683 54989171.41191305 55419061.15737854 54984075.56351723 55415248.79380567 54976666.675569825 55409633.88799031 54966207.44542289 55401623.327247545 54951804.03561837 55390490.942297116 54932400.7308052 55375368.678179346 54906789.10459927 55355247.31091713 54873640.34406616 55328992.75438162 54831572.63653044 55295386.27904405 54779269.90868015 55253200.1351837 54715674.46821694 55201324.97003357 54640285.77122006 55138973.95571125 54553613.43635735 55066004.67340119 54457858.57462169 54983430.62986089 54357934.23818005 54894248.73406561 54262965.79390805 54804785.30156761 54188366.270287596 54726806.21352129 54158305.742396764 54680462.00192788 54207688.70268312 54697412.86537071 54381587.05438556 54821984.99877039 54728896.97822251 55106448.5635783 55342413.56234612 55467462.178722456 55598624.73951192 55766312.23547361 55714084.723942 55920056.914015315 55730394.96141841 55969997.72935855 55685679.81083072 55955208.439412944 55608892.05267943 55905309.09844073 55519622.12337672 55840108.69598655 55429988.5835484 55771705.204778634 55346812.69795311 55706869.7461515 55273418.87126615 55648960.79935245 55210944.979564846 55599263.21031858 55159235.377889715 55557862.23222626 55117426.066557355 55524192.83864313 55084317.183740176 55497376.84878657 55058603.18799448 55476425.4550346 55039009.314095065 55460357.231938355 55024366.93139991 55448263.15074336 55013649.56805472 55439338.41860846 55005984.14880796 55432893.74843013 55000647.20138167 55428354.2009337 54997052.56143885 55425250.917901315 54994734.90181926 55423209.22819716 54993331.88669121 55421935.37957353 54992566.69191975 55421203.31164709 54992231.900884405 55420842.31036953 54992175.287002504 55420725.99159818 54992287.66460451 55420762.798259676 54992492.78101862 55420888.0254571 54992739.099395454 55421057.28399513 54992993.25776404 55421241.255662136 54993234.9654583 55421421.568375565 54993453.09928696 55421587.615097314 54993642.77825269 55421734.149407685 54993803.22010033 55421859.506784245 54993936.21067167 55421964.320326336 54994045.044708565 55422050.6199974 54994133.82245983 55422121.22383562 54994207.00914337 55422179.34699805 54994269.183411285 55422228.369408034 54994324.91636265 55422271.71501256 54994378.73433717 55422312.80511576 54994435.12682799 55422355.05497881 54994498.56554881 55422401.88719179 54994573.50203828 55422456.73682627 54994664.30923441 55422523.02262969 54994775.1272559 55422604.05512045 54994909.56495938 55422702.84649273 54995070.19677793 55422821.77863597 54995257.77869623 55422962.07418089 54995470.08815602 55423123.001413085 54995700.27046398 55423300.72717929 54995934.54972433 55423486.71312771 54996149.13687788 55423665.530607015 54996306.14364995 55423811.9499782 54996348.29297541 55423887.1436268 54996192.20993934 55423833.83251815 54995720.091083154 55423570.2098393 54994769.59638808 55422982.50008746 54993121.90408996 55421916.06927881 54990488.03541521 55420165.10591584 54986493.82212411 55417461.060572155 54980664.28767486 55413460.28453864 54972408.78139036 55407731.66606449 54961008.9861127 55399745.54586688 54945612.957371995 55388865.81707 54925239.6942659 55374347.89027626 54898800.457948074 55355346.154166 54865145.287146516 55330935.77044406 54823146.276970334 55300155.40005539 54771834.11183329 55262080.61193018 54710613.24993227 55215944.44424741 54639598.66270941 55161336.88138459 54560151.548782 55098549.29094309 54475753.91070367 55029201.52679389 54393451.63088824 54957419.29106602 54326151.99646682 54891996.85142542 54295875.47119025 54849989.19725537 54337246.05042763 54861485.54640921 54498762.89760609 54973237.52306515 54837174.704643846 55245601.442741655 55191495.667794906 55285454.84137533 55438567.15439449 55578346.08094245 55546218.420286156 55726260.240506396 55561377.27703703 55776926.84551925 55523458.21021627 55771317.3812699 55459996.92064804 55737604.938522436 55388156.75235405 55692883.86036955 55317688.55811219 55646601.46499761 55253571.771574974 55603500.00529942 55197910.178338625 55565627.14656793 55151161.64781452 55533567.17587269 55112894.68169789 55507150.59467236 55082240.528945275 55485849.59151921 55058158.17881603 55468994.38550922 55039586.240164585 55455889.7951162 55025526.47317311 55445876.343957625 55015085.79270858 55438360.16950245 55007492.99807256 55432825.100273766 55002100.309205286 55428834.45799088 54998376.111662455 55426027.02495227 54995893.041822754 55424109.890755974 54994314.08194148 55422849.884317584 54993378.359397545 55422064.67099535 54992887.679295644 55421614.1838975 54992694.363530084 55421392.77945169 54992690.660225056 55421322.31561246 54992799.78374287 55421346.2208827 54992968.51780453 55421424.53701601 54993161.240744434 55421529.86576021 54993355.19623851 55421644.12138923 54993536.822449625 55421755.97885653 54993698.958305985 55421858.906820945 54993838.76096619 55421949.68130534 54993956.18847053 55422027.2862844 54994052.9232243 55422092.119875506 54994131.6330103 55422145.4374887 54994195.48552876 55422188.97533727 54994247.84930375 55422224.70848215 54994292.12788649 55422254.706844114 54994331.685578905 55422281.06020722 54994369.831431605 55422305.84913829 54994409.834116355 55422331.14296686 54994454.94379031 55422359.00870898 54994508.39790895 55422391.51588732 54994573.38662861 55422430.72186148 54994652.94962323 55422478.620363384 54994749.76988312 55422537.03250385 54994865.8213296 55422607.41444038 54995001.81570944 55422690.54923846 54995156.3804028 55422786.08208794 54995324.88257078 55422891.84818502 54995497.7971233 55423002.93144931 54995658.49726084 55423110.38034154 54995780.32866017 55423199.49549164 54995822.81455322 55423247.59400099 54995726.83319136 55423221.14976054 54995408.617931135 55423072.21121098 54994752.46174864 55422734.012444414 54993602.07429918 55422115.72659322 54991750.65523533 55421096.369342566 54988929.930386014 55419517.9532893 54984798.66763007 55417178.127806455 54978931.56712427 55413822.717769034 54970809.92307432 55409138.79372595 54959816.09185359 55402749.14906042 54945234.57766442 55394209.2941288 54926263.47387604 55383008.26508401 54902041.15318518 55368574.68648164 54871694.78750787 55350289.797147214 54834420.4262112 55327510.24637679 54789611.39286167 55299607.43054873 54737068.354636714 55266042.1401129 54677362.537289225 55226525.298775144 54612504.683367796 55181392.94737787 54547221.51950672 55132491.80399142 54491336.65043726 55085173.91786047 54463770.24500568 55052314.24810739 54497888.675595134 55060891.55082586 54645533.56727259 55159143.46106742 54973176.298725836 55416918.13143864 55007000.05953969 55064479.925674215 55243492.44644511 55351325.39140623 55343599.352164075 55494848.22260107 55360254.702622406 55550136.4991652 55333501.61474668 55559275.86641165 55288424.9379945 55547773.180792786 55238942.6569759 55529106.69651033 55191978.687258616 55509628.795350485 55150500.50926534 55491948.1532352 55115395.4369673 55476882.262269184 55086528.81278561 55464468.80492678 55063308.360304035 55454448.13216545 55044974.45721967 55446476.70643146 55030745.29162583 55440213.68983821 55019886.82328984 55435351.63434541 55011743.84631545 55431624.241857134 55005750.68946386 55428805.5374462 55001431.11144015 55426706.26643311 54998392.49014871 55425169.66730176 54996317.168632686 55424067.32171123 54994952.64904988 55423295.268199645 54994101.66577248 55422770.41502022 54993612.76340929 55422427.25900356 54993371.73872214 55422214.918631755 54993294.123202115 55422094.49083648 54993318.75852732 55422036.736350864 54993402.43459745 55422020.089705326 54993515.50879224 55422028.98009916 54993638.397176735 55422052.440790266 54993758.81722388 55422082.97843363 54993869.66176173 55422115.67046388 54993967.39132198 55422147.45758946 54994050.84364324 55422176.599546045 54994120.37249213 55422202.26463645 54994177.24176762 55422224.226705946 54994223.21385326 55422242.64684713 54994260.28298194 55422257.92059121 54994290.51444418 55422270.574738085 54994315.95891624 55422281.20087256 54994338.617827296 55422290.41521364 54994360.44072619 55422298.83636643 54994383.33901124 55422307.07414127 54994409.20242409 55422315.723607786 54994439.905205205 55422325.359154195 54994477.28800542 55422336.52339487 54994523.09942692 55422349.70544924 54994578.87744195 55422365.30234695 54994645.74583472 55422383.556068406 54994724.09428339 55422404.457144015 54994813.102642596 55422427.60364791 54994910.06068366 55422452.002161495 54995009.42422326 55422475.794731446 54995101.53781876 55422495.89344607 54995170.94424639 55422507.502200834 54995194.193237446 55422503.50434015 54995137.05925042 55422473.69563237 54994951.08383069 55422403.845905036 54994569.37738582 55422274.580653764 54993901.654504254 55422060.087423444 54992828.543759905 55421726.67150258 54991195.31573437 55421231.210274085 54988805.31869464 55420519.580634125 54985413.603001304 55419525.1466154 54980721.44665001 55418167.369534805 54974372.74444111 55416350.494957365 54965953.4527583 55413962.00788413 54954995.442582734 55410870.03310486 54940986.19627024 55406917.99968042 54923385.96844337 55401913.70473509 54901655.07210855 55395608.82121743 54875298.08974068 55387665.44845288 54843944.807982646 55377612.93381805 54807523.05756111 55364822.260417044 54766665.52798032 55348594.18131418 54723684.31441791 55328633.174387105 54684795.23169318 55306581.0241357 54664638.50885684 55289989.27584385 54693709.851854764 55300515.18696901 54826385.51910848 55385776.291015044 55140850.237521484 55626066.45020357 54782326.66579758 54795872.5648618 55007392.28240987 55077825.525485195 55101776.530496605 55220507.9525716 55124684.27302883 55286995.81498467 55115444.44488477 55318886.17711799 55095271.57341344 55337341.95469621 55073950.90144685 55351278.3994761 55055219.36621285 55363668.40457433 55040009.30277845 55375083.62562337 55028129.23326335 55385360.71410542 55019039.513484634 55394263.305483006 55012168.915307865 55401680.93786698 55007021.43613974 55407644.350484975 55003197.15013363 55412284.2284173 55000383.01992013 55415784.076203875 54998336.521467164 55418343.527859084 54996870.17047374 55420154.560845345 54995839.03318974 55421388.40862082 54995131.171758324 55422190.02376379 54994660.41046432 55422677.31965703 54994360.80368277 55422943.12133606 54994182.32973499 55423058.419887364 54994087.48144032 55423076.044662744 54994048.53430499 55423034.23821065 54994045.34590392 55422959.866550416 54994063.584469475 55422871.15403122 54994093.3110323 55422779.92510164 54994127.8551204 55422693.3862197 54994162.9339549 55422615.505209975 54994195.972126484 55422548.05315755 54994225.58454725 55422491.37255417 54994251.190535344 55422444.92913862 54994272.73166855 55422407.69679132 54994290.470438376 55422378.41623148 54994304.85070647 55422355.76022355 54994316.40460661 55422338.430952124 54994325.69356972 55422325.209195584 54994333.27377795 55422314.97008136 54994339.67843041 55422306.67631405 54994345.41091066 55422299.35693501 54994350.944081634 55422292.077521294 54994356.721806504 55422283.90641167 54994363.15920551 55422273.88090794 54994370.63828688 55422260.97733017 54994379.49532668 55422244.08944192 54994389.99585676 55422222.021017365 54994402.29227143 55422193.50032265 54994416.357919596 55422157.227086134 54994431.89017966 55422111.966230124 54994448.17335771 55422056.707374215 54994463.890573174 55421990.91496702 54994476.872082606 55421914.900977045 54994483.766151205 55421830.36034429 54994479.617886655 55421741.11878857 54994457.342241585 55421654.15284612 54994407.08023253 55421580.952442996 54994315.43379156 55421539.3060394 54994164.58571808 55421555.59531352 54993931.32840147 55421667.68736079 54993586.04925354 55421928.501966186 54993091.75103357 55422410.300245896 54992403.2166151 55423209.67306772 54991466.447165616 55424453.076641485 54990218.483575575 55426302.525220156 54988587.614577696 55428960.63799523 54986493.7039848 55432673.544737585 54983847.828095555 55437729.03596159 54980549.49954252 55444445.619124144 54976478.47746826 55453145.66056281 54971476.96908237 55464102.62248686 54965318.59184825 55477449.369466364 54957667.647299916 55493034.592750326 54948058.70126775 55510226.30242251 54936003.21678809 55527708.86078005 54921529.374448135 55543466.27409266 54906924.79737713 55555555.03373769 54901271.27884204 55565297.647230364 54929812.309529275 55586207.02102017 55047412.76495857 55661336.78101904 55345688.358430326 55880975.5058599 54508472.65757424 54467473.96770704 54722507.31674572 54748161.3700623 54815513.77227624 54897050.8066695 54852431.11904209 54985189.71906395 54869581.041309275 55050928.84635416 54882500.538839996 55109003.551895276 54896003.61664828 55162971.49728976 54910498.4907919 55212470.75028272 54925084.03663386 55256431.58076329 54938799.94922723 55294169.306949735 54951003.19779505 55325574.90389664 54961393.83464579 55350997.9787544 54969931.34363406 55371069.283421226 54976738.2455423 55386548.39010542 54982022.40487593 55398216.06717275 54986023.28004542 55406807.53262524 54988978.513622075 55412976.68664121 54991105.39158855 55417281.58087358 54992592.26551776 55420183.3383544 54993596.19994158 55422052.86666888 54994244.22355677 55423181.49884756 54994636.44534482 55423793.057757124 54994849.93634885 55424055.81625613 54994942.71850348 55424093.497088514 54994957.49419211 55423994.90101368 54994924.93757354 55423822.03332105 54994866.48428787 55423616.76734849 54994796.62387344 55423406.175788 54994724.73583064 55423206.70286612 54994656.52712994 55423027.36162379 54994595.13391465 55422872.133220695 54994541.947973914 55422741.7279895 54994497.222903974 55422634.84642917 54994460.507451475 55422549.0558692 54994430.94579872 55422481.37718483 54994407.47724964 55422428.65679076 54994388.96116194 55422387.7826879 54994374.24735127 55422355.78962241 54994362.20751274 55422329.887395896 54994351.73956368 55422307.437855415 54994341.75397706 55422285.899766624 54994331.14925655 55422262.75650916 54994318.78256836 55422235.439167865 54994303.441146955 55422201.25689561 54994283.82050403 55422157.34759766 54994258.516639136 55422100.664801076 54994226.04151729 55422028.0214409 54994184.87407133 55421936.21813431 54994133.56304541 55421822.292741865 54994070.9032417 55421683.93979876 54993996.213274 55421520.16291984 54993909.75085852 55421332.24075067 54993813.31099503 55421125.107233346 54993711.062992394 55420909.26960873 54993610.693933494 55420703.41164521 54993524.93810609 55420537.85336011 54993473.58319296 55420459.05908998 54993486.052556515 55420535.39848546 54993604.6655235 55420864.36264689 54993888.6686842 55421581.40914262 54994419.10144508 55422870.53850664 54995304.49254895 55424976.56567183 54996687.25432645 55428218.80467013 54998750.4040659 55433005.47630429 55001723.826365754 55439847.49009234 55005888.58866238 55449369.2164275 55011576.680721246 55462312.27042259 55019161.77733243 55479525.92843324 55029034.05590252 55501934.291687064 55041548.80014976 55530465.4245021 55056935.35362239 55565921.45402957 55075153.14553477 55608762.18274054 55095694.53501402 55658772.87294258 55117386.68625689 55714605.13054845 55138408.93506918 55773266.95909976 55157215.41447874 55829945.02246555 55176263.51838979 55879579.4387373 55212405.41042235 55924594.99930648 55316921.874316365 55996933.249825686 55595332.47439793 56192969.79635183 54172899.36139306 54061717.64720358 54378856.24675343 54349719.01332739 54478948.60313881 54517684.394779995 54541861.70520249 54643443.79686907 54597389.529690884 54757883.05736831 54653347.09473527 54867133.05520398 54709030.444453694 54969135.678699285 54761770.16260177 55060806.028262936 54809346.61089625 55140228.67074564 54850544.29568997 55206891.71148792 54885035.90187729 55261336.90082879 54913104.52526053 55304741.348517016 54935385.45442833 55338583.01537263 54952674.166635014 55364411.3292889 54965799.36780014 55383705.59862278 54975546.83642726 55397797.43669137 54982619.08794948 55407836.52724411 54987618.675559156 55414784.02403649 54991046.17432538 55419422.37740134 54993306.62607468 55422373.91849414 54994720.29364556 55424123.152387284 54995535.06324068 55425039.587222494 54995938.87081943 55425399.23351691 54996071.23143033 55425403.79295221 54996033.413755514 55425197.13557293 54995897.09729541 55424879.02688669 54995711.52884101 55424516.2782619 54995509.29576353 55424151.60413072 54995310.8828899 55423810.51302586 54995128.196057275 55423506.561557695 54994967.23179293 55423245.27830774 54994830.05764636 55423027.030071616 54994716.24742358 55422849.063490056 54994623.89354286 55422706.91572167 54994550.297262035 55422595.35115586 54994492.41791948 55422508.94863152 54994447.14521393 55422442.43598446 54994411.44410259 55422390.84576027 54994382.41015121 55422349.54757372 54994357.26399732 55422314.1983762 54994333.30667427 55422280.64140433 54994307.8528319 55422244.77738659 54994278.156163864 55422202.42754622 54994241.34044131 55422149.20666319 54994194.3506283 55422080.4260391 54994133.94140624 55421991.05068522 54994056.72548718 55421875.74259295 54993959.31123843 55421729.03288363 54993838.568855666 55421545.68036417 54993692.076726906 55421321.29296114 54993518.814939 55421053.312067464 54993320.19130329 55420742.488278866 54993101.506537996 55420395.01031094 54992873.98909245 55420025.4864931 54992657.55535159 55419661.018885024 54992484.4758728 55419346.65116211 54992404.14979577 55419152.50860843 54992489.2028023 55419182.97506404 54992843.12154736 55419588.25688714 54993609.60814435 55420578.65236081 54994983.76531046 55422441.75382129 54997225.08081455 55425562.62609174 55000671.93089116 55430446.681609266 55005756.90883796 55437744.44202961 55013021.62045304 55448276.54117063 55023128.54374236 55463056.04555425 55036865.94037218 55483303.24753722 55055139.37507578 55510445.239348866 55078939.82999834 55546088.40957381 55109273.39330572 55591945.985336915 55147031.054284684 55649694.22292404 55192770.43132947 55720719.2649564 55246379.33019591 55805702.51598246 55306610.95331514 55903980.931413464 55370577.164544724 56012634.140661165 55433634.95350293 56125388.959445834 55491333.45571308 56232057.81890075 55548693.74265834 56322295.225595444 55646312.885935396 56407573.9999995 55900638.36616516 56578828.814460285 53757729.09116099 53552322.552985944 53963724.91828328 53866230.71959131 54086083.80529658 54075850.76180749 54192803.44986829 54262822.670532666 54302289.74157986 54444972.01902837 54412821.54775895 54618419.31341331 54518344.31660417 54776406.12616944 54613978.08494172 54914579.80396637 54697091.37541673 55031440.47284884 54766939.68994209 55127562.21129897 54824033.119613886 55204749.511994325 54869592.616557464 55265401.25528005 54905162.59369254 55312089.64117215 54932360.56179447 55347303.85147588 54952728.05910305 55373308.22242159 54967651.035844065 55392076.246997885 54978325.61751519 55405272.79627493 54985752.163644075 55414265.42934974 54990745.90034144 55420151.79688651 54993956.29105285 55423794.51555079 54995890.058306165 55425857.984864146 54996934.683459885 55426843.78544264 54997380.52391129 55427122.78958254 54997440.56923051 55426963.1156789 54997267.4338857 55426553.703869954 54996967.545528844 55426023.684622906 54996612.700356744 55425457.93160419 54996249.26889528 55424909.29215855 54995905.38108764 55424408.01460862 54995596.423414744 55423968.87091224 54995329.15992375 55423596.42664473 54995104.75521899 55423288.851626374 54994920.93830576 55423040.60279776 54994773.506629884 55422844.25162401 54994657.332557775 55422691.67454685 54994567.00145675 55422574.77812323 54994497.18221032 55422485.89106367 54994442.8074041 55422417.92303168 54994399.12144704 55422364.36439652 54994361.64017202 55422319.18131113 54994326.05453706 55422276.64603211 54994288.1035479 55422231.1324032 54994243.43727506 55422176.90080073 54994187.489468396 55422107.89503915 54994115.38088618 55422017.57569364 54994021.8790856 55421898.82031532 54993901.44825374 55421743.931074224 54993748.43401001 55421544.80527936 54993557.44345287 55421293.34417847 54993324.000399955 55420982.20161351 54993045.58025194 55420606.00668703 54992723.15841978 55420163.23450308 54992363.44075662 55419658.94629878 54991981.983290166 55419108.67452397 54991607.45041956 55418543.78833645 54991287.302856065 55418018.73753451 54991095.24439068 55417620.633020304 54991140.782999896 55417481.67105597 54991581.26588419 55417794.93388247 54992636.713916466 55418834.08164043 54994607.68558527 55420977.36251459 54997896.2107607 55424736.170730986 55003029.50357419 55430788.02190076 55010685.62409144 55440013.217657 55021719.4142707 55453533.53508439 55037185.746677965 55472749.86015319 55058355.19555245 55499373.59266615 55086714.382678695 55535443.60317239 55123939.057708964 55583316.10686144 55171821.88119588 55645608.39664066 55232128.1727473 55725067.908779815 55306340.89133565 55824323.83440192 55395241.18363699 55945456.55191883 55498258.42923811 56089286.47025603 55612540.26937525 56254236.724384606 55731847.18915706 56434586.79538148 55846093.17071413 56618066.33771041 55946191.430561386 56783731.12966842 56051295.7253514 56913011.88259832 56277633.703257106 57064809.86651508 53236770.339221634 52898269.12802813 53461306.221254304 53277345.58928271 53631996.75395537 53567346.17459951 53808002.80735675 53848976.42594398 53990692.37583357 54121589.31907778 54168288.186075285 54372546.41555197 54330896.74455218 54593347.12569236 54473133.39326175 54780870.64953259 54593279.5062608 54935718.325506106 54691965.14887373 55060598.51606143 54771120.94533091 55159211.41815751 54833271.71715555 55235554.310622826 54881095.61710035 55293513.01161 54917165.6554341 55336638.43307752 54943811.032947585 55368041.1317249 54963055.18940435 55390359.92840495 54976601.56329971 55405775.456597164 54985847.64491238 55416049.12341298 54991914.408398144 55422574.47277464 54995682.66943927 55426432.46934945 54997830.99855539 55428445.410145596 54998871.94980921 55429226.402574636 54999184.81872246 55429222.879397854 54999044.11428389 55428753.637558825 54998643.555707194 55428039.529705286 54998115.78641267 55427228.31187951 54997548.210123025 55426414.34046242 54996995.45206675 55425653.87771924 54996488.97218733 55424976.753366135 54996044.33551296 55424395.07194256 54995666.59762251 55423909.57470777 54995354.203931816 55423514.17533307 54995101.73927373 55423199.100205384 54994901.80432959 55422952.9823286 54994746.24110969 55422764.1853531 54994626.882229544 55422621.57246012 54994535.95873255 55422514.88340032 54994466.268394835 55422434.84146043 54994411.18035045 55422373.07940018 54994364.53173303 55422321.94842118 54994320.457326144 55422274.25600197 54994273.18307068 55422222.966068365 54994216.80859641 55422160.88782011 54994145.102174155 55422080.37729912 54994051.33359613 55421973.07811863 54993928.17676857 55421829.73509539 54993767.72424164 55421640.12694751 54993561.6713579 55421393.18262032 54993301.74833927 55421077.37084967 54992980.50567819 55420681.48540543 54992592.59181742 55420195.99004953 54992136.70323603 55419615.13862152 54991618.43566983 55418940.147451885 54991054.32088282 55418183.76953346 54990477.39472032 55417376.70151324 54989944.70592829 55416576.34270381 54989547.2360236 55415878.51467351 54989422.749554016 55415432.83130825 54989772.11802322 55415462.46828361 54990879.63996288 55416289.09623189 54993137.786182135 55418363.68279562 54997076.59390782 55422303.692342475 55003397.56283141 55428936.860146135 55013011.29624472 55439351.11253461 55027077.18181397 55454949.244016245 55047041.981315434 55477505.51355387 55074672.10520605 55509219.21001763 55112071.309323594 55552757.22299357 55161671.15133481 55611273.39159333 55226175.124497235 55688386.327134565 55308427.84564785 55788088.48941044 55411166.116481386 55914545.48186996 55536585.88397978 56071721.43298772 55685623.386409044 56262724.419942155 55856797.46974976 56488684.91555774 56044417.18866287 56746821.12683981 56236100.191174366 57027055.21086627 56410613.134992145 57306181.38571297 56553258.331051305 57536538.36920781 56751412.744320296 57695272.8302821 52570435.882627524 52032148.8606414 52853103.617661715 52559748.44506327 53115549.82794206 52995295.051066235 53395500.31398989 53415822.211348906 53673340.88398966 53803021.58515417 53930034.011835545 54142753.15207839 54155440.620268725 54430518.135098584 54346305.57972865 54667836.23118276 54503471.71783775 54859274.69057857 54629922.57018541 55010686.91731702 54729582.55260585 55128223.52092472 54806613.80536519 55217785.269159034 54865018.19501202 55284733.80433181 54908426.57197534 55333758.97671033 54940003.920143664 55368843.3541799 54962425.88686326 55393286.16982748 54977897.94430156 55409761.49677265 54988198.22275768 55420393.532892674 54994731.50150616 55426837.53294165 54998586.260803565 55430359.015812054 55000589.78125002 55431906.837689914 55001358.42321397 55432177.82629518 55001341.687189154 55431672.114843294 55000859.62797334 55430739.25570478 55000133.80728089 55429615.76364878 54999312.32447459 55428455.04258006 54998489.64218265 55427350.771044806 54997721.98194275 55426354.823994 54997039.04810777 55425490.73814752 54996452.7774398 55424763.619121745 54995963.72861692 55424167.26320179 54995565.63499999 55423689.1398544 54995248.55449781 55423313.76203064 54995000.967748776 55423024.864713274 54994811.10279596 55422806.72016505 54994667.70217358 55422644.84126527 54994560.39652962 55422526.26129726 54994479.8071539 55422439.528282106 54994417.4668436 55422374.512814075 54994365.623465344 55422322.09879587 54994316.972293295 55422273.805021904 54994264.35085193 55422221.371175684 54994200.42294174 55422156.33345046 54994117.37643727 55422069.61237865 54994006.66202879 55421951.138112225 54993858.807758406 55421789.546811365 54993663.3570748 55421571.9961566 54993408.997157454 55421284.16945846 54993083.97007353 55420910.56728181 54992676.89315304 55420435.224511154 54992178.15771997 55419843.040762626 54991582.12810508 55419121.974637546 54990890.426231705 55418266.42879937 54990116.66105744 55417282.243930876 54989293.04554525 55416193.8250768 54988479.43368449 55415054.04141044 54987775.40070145 55413957.66535955 54987336.071467966 55413059.24025668 54987392.460427865 55412596.37272767 54988277.09910615 55412919.514621526 54990455.663035445 55414529.29695224 54994565.1253074 55418122.359942056 55001458.60053013 55424646.32787908 55012256.42353803 55435364.02616841 55028402.03200735 55451926.13127008 55051719.76214019 55476450.061769634 55084469.553797 55511600.91783193 55129390.56698076 55560667.48860109 55189721.4975464 55627622.56137488 55269179.38671089 55717151.66970628 55371869.90088428 55834627.417146064 55502088.27226079 55985996.246051885 55663946.696432754 56177527.53217073 55860720.74454822 56415342.09239775 56093722.05670622 56704564.269066885 56360332.645471245 57047762.468386635 56650509.07778582 57441873.97995621 56940590.966155 57871537.766252086 57179419.15035624 58293370.93717615 57364674.97682774 58553322.82539472 51696816.759519756 50836061.92485398 52120945.402648 51694029.7079171 52545168.59059294 52381412.63318485 52972235.48501539 52990940.998391256 53366768.15929113 53511971.59224597 53711632.641314 53945918.09334459 54002491.21967287 54300210.71894462 54241480.020420685 54584439.39294442 54433683.329766445 54808666.65735654 54585314.31438682 54982620.20026411 54702759.774724305 55115267.245568044 54792070.982222855 55214594.282378815 54858702.722738594 55287518.007180974 54907400.18405361 55339885.396928735 54942176.729093194 55376532.880536966 54966346.78840543 55401381.43108617 54982590.02192965 55417549.858976975 54993030.561393954 55427473.35891995 54999320.512314335 55433018.4452337 55002720.78985819 55435588.72638896 55004175.18984535 55436218.518464126 55004375.60453294 55435653.14599813 55003817.66844755 55434416.03649933 55002847.01338297 55432863.503356665 55001696.848660536 55431228.54772148 55000517.864238024 55429655.19440199 54999401.56025373 55428224.892381005 54998398.098500736 55426976.420635164 54997529.69423022 55425920.591366164 54996800.45293842 55425050.86805475 54996203.428448536 55424350.83681144 54995725.54991923 55423799.29983864 54995350.94509745 55423373.60678022 54995063.079834744 55423051.707042776 54994846.0414778 55422813.29427179 54994685.21649036 55422640.32227187 54994567.54959516 55422517.09779755 54994481.52151106 55422430.09761557 54994416.94331583 55422367.61265517 54994364.63605147 55422319.2887647 54994316.04290759 55422275.60972904 54994262.807127625 55422227.35226634 54994196.34064633 55422165.033569135 54994107.406117246 55422078.36899661 54993985.73796515 55421955.76051257 54993819.73692658 55421783.84555772 54993596.28742106 55421547.1519352 54993300.769213334 55421227.92803681 54992917.365108185 55420806.250803225 54992429.80648478 55420260.55798534 54991822.74974855 55419568.80880936 54991084.04094877 55418710.550090596 54990208.20414628 55417670.25565523 54989201.58234221 55416442.41715334 54988089.66754125 55415038.995008744 54986927.27653443 55413499.9884175 54985812.35616253 55411908.04946348 54984904.32694851 55410408.241011545 54984447.98196001 55409234.20744481 54984804.02576261 55408742.170034796 54986487.333056904 55409454.24239981 54990213.88220478 55412112.540368736 54996957.01373382 55417745.372837424 55008013.099105544 55427746.36652161 55025075.78240905 55443966.60158825 55050316.56037605 55468818.608856685 55086467.4588703 55505389.29377187 55136898.79192082 55557556.419568695 55205681.262600824 55630100.16629446 55297616.703350395 55728797.53963636 55418215.011267304 55860483.20667098 55573585.01337765 56033055.90891369 55770190.71783746 56255404.80237323 56014392.5768062 56537222.682658605 56311621.016962886 56888652.30362601 56664846.04382783 57319633.722097345 57071505.79772294 57838508.962017775 57516608.39242146 58448186.82110214 57955487.16457272 59133108.760639526 58198629.510627605 59816615.3754525
</DataArray>
</CellData>
</Piece>
</UnstructuredGrid>
</VTKFile>
