<?xml version="1.0"?>
<!-- forge presentation artifact, not evidence: {"case": "flagship", "execution": "ce8767adbeefcdb2a5acbdfa2e8cf910caa56ab19a01f9a2f670acc9b1386ab1", "fields": {"temperature": "K"}, "mesh_digest": "7668efb385175d26f565862fc2d083ac46209184fde30f8f53a5e8298bd552bb", "provider": "fenicsx 0.11.0"} -->
<VTKFile type="UnstructuredGrid" version="0.1" byte_order="LittleEndian">
<UnstructuredGrid>
<Piece NumberOfPoints="1377" NumberOfCells="2560">
<Points>
<DataArray type="Float64" NumberOfComponents="3" format="ascii">
0.0 0.0 0.0 0.0025 0.0 0.0 0.005 0.0 0.0 0.0075 0.0 0.0 0.01 0.0 0.0 0.0125 0.0 0.0 0.015 0.0 0.0 0.0175 0.0 0.0 0.02 0.0 0.0 0.0225 0.0 0.0 0.025 0.0 0.0 0.0275 0.0 0.0 0.03 0.0 0.0 0.0325 0.0 0.0 0.035 0.0 0.0 0.0375 0.0 0.0 0.04 0.0 0.0 0.0425 0.0 0.0 0.045 0.0 0.0 0.0475 0.0 0.0 0.05 0.0 0.0 0.0525 0.0 0.0 0.055 0.0 0.0 0.0575 0.0 0.0 0.06 0.0 0.0 0.0625 0.0 0.0 0.065 0.0 0.0 0.0675 0.0 0.0 0.07 0.0 0.0 0.0725 0.0 0.0 0.075 0.0 0.0 0.0775 0.0 0.0 0.08 0.0 0.0 0.0825 0.0 0.0 0.085 0.0 0.0 0.08750000000000001 0.0 0.0 0.09 0.0 0.0 0.0925 0.0 0.0 0.095 0.0 0.0 0.0975 0.0 0.0 0.1 0.0 0.0 0.10250000000000001 0.0 0.0 0.105 0.0 0.0 0.1075 0.0 0.0 0.11 0.0 0.0 0.1125 0.0 0.0 0.115 0.0 0.0 0.11750000000000001 0.0 0.0 0.12 0.0 0.0 0.1225 0.0 0.0 0.125 0.0 0.0 0.1275 0.0 0.0 0.13 0.0 0.0 0.1325 0.0 0.0 0.135 0.0 0.0 0.1375 0.0 0.0 0.14 0.0 0.0 0.14250000000000002 0.0 0.0 0.145 0.0 0.0 0.1475 0.0 0.0 0.15 0.0 0.0 0.1525 0.0 0.0 0.155 0.0 0.0 0.1575 0.0 0.0 0.16 0.0 0.0 0.1625 0.0 0.0 0.165 0.0 0.0 0.1675 0.0 0.0 0.17 0.0 0.0 0.17250000000000001 0.0 0.0 0.17500000000000002 0.0 0.0 0.1775 0.0 0.0 0.18 0.0 0.0 0.1825 0.0 0.0 0.185 0.0 0.0 0.1875 0.0 0.0 0.19 0.0 0.0 0.1925 0.0 0.0 0.195 0.0 0.0 0.1975 0.0 0.0 0.2 0.0 0.0 0.0 0.00125 0.0 0.0025 0.00125 0.0 0.005 0.00125 0.0 0.0075 0.00125 0.0 0.01 0.00125 0.0 0.0125 0.00125 0.0 0.015 0.00125 0.0 0.0175 0.00125 0.0 0.02 0.00125 0.0 0.0225 0.00125 0.0 0.025 0.00125 0.0 0.0275 0.00125 0.0 0.03 0.00125 0.0 0.0325 0.00125 0.0 0.035 0.00125 0.0 0.0375 0.00125 0.0 0.04 0.00125 0.0 0.0425 0.00125 0.0 0.045 0.00125 0.0 0.0475 0.00125 0.0 0.05 0.00125 0.0 0.0525 0.00125 0.0 0.055 0.00125 0.0 0.0575 0.00125 0.0 0.06 0.00125 0.0 0.0625 0.00125 0.0 0.065 0.00125 0.0 0.0675 0.00125 0.0 0.07 0.00125 0.0 0.0725 0.00125 0.0 0.075 0.00125 0.0 0.0775 0.00125 0.0 0.08 0.00125 0.0 0.0825 0.00125 0.0 0.085 0.00125 0.0 0.08750000000000001 0.00125 0.0 0.09 0.00125 0.0 0.0925 0.00125 0.0 0.095 0.00125 0.0 0.0975 0.00125 0.0 0.1 0.00125 0.0 0.10250000000000001 0.00125 0.0 0.105 0.00125 0.0 0.1075 0.00125 0.0 0.11 0.00125 0.0 0.1125 0.00125 0.0 0.115 0.00125 0.0 0.11750000000000001 0.00125 0.0 0.12 0.00125 0.0 0.1225 0.00125 0.0 0.125 0.00125 0.0 0.1275 0.00125 0.0 0.13 0.00125 0.0 0.1325 0.00125 0.0 0.135 0.00125 0.0 0.1375 0.00125 0.0 0.14 0.00125 0.0 0.14250000000000002 0.00125 0.0 0.145 0.00125 0.0 0.1475 0.00125 0.0 0.15 0.00125 0.0 0.1525 0.00125 0.0 0.155 0.00125 0.0 0.1575 0.00125 0.0 0.16 0.00125 0.0 0.1625 0.00125 0.0 0.165 0.00125 0.0 0.1675 0.00125 0.0 0.17 0.00125 0.0 0.17250000000000001 0.00125 0.0 0.17500000000000002 0.00125 0.0 0.1775 0.00125 0.0 0.18 0.00125 0.0 0.1825 0.00125 0.0 0.185 0.00125 0.0 0.1875 0.00125 0.0 0.19 0.00125 0.0 0.1925 0.00125 0.0 0.195 0.00125 0.0 0.1975 0.00125 0.0 0.2 0.00125 0.0 0.0 0.0025 0.0 0.0025 0.0025 0.0 0.005 0.0025 0.0 0.0075 0.0025 0.0 0.01 0.0025 0.0 0.0125 0.0025 0.0 0.015 0.0025 0.0 0.0175 0.0025 0.0 0.02 0.0025 0.0 0.0225 0.0025 0.0 0.025 0.0025 0.0 0.0275 0.0025 0.0 0.03 0.0025 0.0 0.0325 0.0025 0.0 0.035 0.0025 0.0 0.0375 0.0025 0.0 0.04 0.0025 0.0 0.0425 0.0025 0.0 0.045 0.0025 0.0 0.0475 0.0025 0.0 0.05 0.0025 0.0 0.0525 0.0025 0.0 0.055 0.0025 0.0 0.0575 0.0025 0.0 0.06 0.0025 0.0 0.0625 0.0025 0.0 0.065 0.0025 0.0 0.0675 0.0025 0.0 0.07 0.0025 0.0 0.0725 0.0025 0.0 0.075 0.0025 0.0 0.0775 0.0025 0.0 0.08 0.0025 0.0 0.0825 0.0025 0.0 0.085 0.0025 0.0 0.08750000000000001 0.0025 0.0 0.09 0.0025 0.0 0.0925 0.0025 0.0 0.095 0.0025 0.0 0.0975 0.0025 0.0 0.1 0.0025 0.0 0.10250000000000001 0.0025 0.0 0.105 0.0025 0.0 0.1075 0.0025 0.0 0.11 0.0025 0.0 0.1125 0.0025 0.0 0.115 0.0025 0.0 0.11750000000000001 0.0025 0.0 0.12 0.0025 0.0 0.1225 0.0025 0.0 0.125 0.0025 0.0 0.1275 0.0025 0.0 0.13 0.0025 0.0 0.1325 0.0025 0.0 0.135 0.0025 0.0 0.1375 0.0025 0.0 0.14 0.0025 0.0 0.14250000000000002 0.0025 0.0 0.145 0.0025 0.0 0.1475 0.0025 0.0 0.15 0.0025 0.0 0.1525 0.0025 0.0 0.155 0.0025 0.0 0.1575 0.0025 0.0 0.16 0.0025 0.0 0.1625 0.0025 0.0 0.165 0.0025 0.0 0.1675 0.0025 0.0 0.17 0.0025 0.0 0.17250000000000001 0.0025 0.0 0.17500000000000002 0.0025 0.0 0.1775 0.0025 0.0 0.18 0.0025 0.0 0.1825 0.0025 0.0 0.185 0.0025 0.0 0.1875 0.0025 0.0 0.19 0.0025 0.0 0.1925 0.0025 0.0 0.195 0.0025 0.0 0.1975 0.0025 0.0 0.2 0.0025 0.0 0.0 0.00375 0.0 0.0025 0.00375 0.0 0.005 0.00375 0.0 0.0075 0.00375 0.0 0.01 0.00375 0.0 0.0125 0.00375 0.0 0.015 0.00375 0.0 0.0175 0.00375 0.0 0.02 0.00375 0.0 0.0225 0.00375 0.0 0.025 0.00375 0.0 0.0275 0.00375 0.0 0.03 0.00375 0.0 0.0325 0.00375 0.0 0.035 0.00375 0.0 0.0375 0.00375 0.0 0.04 0.00375 0.0 0.0425 0.00375 0.0 0.045 0.00375 0.0 0.0475 0.00375 0.0 0.05 0.00375 0.0 0.0525 0.00375 0.0 0.055 0.00375 0.0 0.0575 0.00375 0.0 0.06 0.00375 0.0 0.0625 0.00375 0.0 0.065 0.00375 0.0 0.0675 0.00375 0.0 0.07 0.00375 0.0 0.0725 0.00375 0.0 0.075 0.00375 0.0 0.0775 0.00375 0.0 0.08 0.00375 0.0 0.0825 0.00375 0.0 0.085 0.00375 0.0 0.08750000000000001 0.00375 0.0 0.09 0.00375 0.0 0.0925 0.00375 0.0 0.095 0.00375 0.0 0.0975 0.00375 0.0 0.1 0.00375 0.0 0.10250000000000001 0.00375 0.0 0.105 0.00375 0.0 0.1075 0.00375 0.0 0.11 0.00375 0.0 0.1125 0.00375 0.0 0.115 0.00375 0.0 0.11750000000000001 0.00375 0.0 0.12 0.00375 0.0 0.1225 0.00375 0.0 0.125 0.00375 0.0 0.1275 0.00375 0.0 0.13 0.00375 0.0 0.1325 0.00375 0.0 0.135 0.00375 0.0 0.1375 0.00375 0.0 0.14 0.00375 0.0 0.14250000000000002 0.00375 0.0 0.145 0.00375 0.0 0.1475 0.00375 0.0 0.15 0.00375 0.0 0.1525 0.00375 0.0 0.155 0.00375 0.0 0.1575 0.00375 0.0 0.16 0.00375 0.0 0.1625 0.00375 0.0 0.165 0.00375 0.0 0.1675 0.00375 0.0 0.17 0.00375 0.0 0.17250000000000001 0.00375 0.0 0.17500000000000002 0.00375 0.0 0.1775 0.00375 0.0 0.18 0.00375 0.0 0.1825 0.00375 0.0 0.185 0.00375 0.0 0.1875 0.00375 0.0 0.19 0.00375 0.0 0.1925 0.00375 0.0 0.195 0.00375 0.0 0.1975 0.00375 0.0 0.2 0.00375 0.0 0.0 0.005 0.0 0.0025 0.005 0.0 0.005 0.005 0.0 0.0075 0.005 0.0 0.01 0.005 0.0 0.0125 0.005 0.0 0.015 0.005 0.0 0.0175 0.005 0.0 0.02 0.005 0.0 0.0225 0.005 0.0 0.025 0.005 0.0 0.0275 0.005 0.0 0.03 0.005 0.0 0.0325 0.005 0.0 0.035 0.005 0.0 0.0375 0.005 0.0 0.04 0.005 0.0 0.0425 0.005 0.0 0.045 0.005 0.0 0.0475 0.005 0.0 0.05 0.005 0.0 0.0525 0.005 0.0 0.055 0.005 0.0 0.0575 0.005 0.0 0.06 0.005 0.0 0.0625 0.005 0.0 0.065 0.005 0.0 0.0675 0.005 0.0 0.07 0.005 0.0 0.0725 0.005 0.0 0.075 0.005 0.0 0.0775 0.005 0.0 0.08 0.005 0.0 0.0825 0.005 0.0 0.085 0.005 0.0 0.08750000000000001 0.005 0.0 0.09 0.005 0.0 0.0925 0.005 0.0 0.095 0.005 0.0 0.0975 0.005 0.0 0.1 0.005 0.0 0.10250000000000001 0.005 0.0 0.105 0.005 0.0 0.1075 0.005 0.0 0.11 0.005 0.0 0.1125 0.005 0.0 0.115 0.005 0.0 0.11750000000000001 0.005 0.0 0.12 0.005 0.0 0.1225 0.005 0.0 0.125 0.005 0.0 0.1275 0.005 0.0 0.13 0.005 0.0 0.1325 0.005 0.0 0.135 0.005 0.0 0.1375 0.005 0.0 0.14 0.005 0.0 0.14250000000000002 0.005 0.0 0.145 0.005 0.0 0.1475 0.005 0.0 0.15 0.005 0.0 0.1525 0.005 0.0 0.155 0.005 0.0 0.1575 0.005 0.0 0.16 0.005 0.0 0.1625 0.005 0.0 0.165 0.005 0.0 0.1675 0.005 0.0 0.17 0.005 0.0 0.17250000000000001 0.005 0.0 0.17500000000000002 0.005 0.0 0.1775 0.005 0.0 0.18 0.005 0.0 0.1825 0.005 0.0 0.185 0.005 0.0 0.1875 0.005 0.0 0.19 0.005 0.0 0.1925 0.005 0.0 0.195 0.005 0.0 0.1975 0.005 0.0 0.2 0.005 0.0 0.0 0.00625 0.0 0.0025 0.00625 0.0 0.005 0.00625 0.0 0.0075 0.00625 0.0 0.01 0.00625 0.0 0.0125 0.00625 0.0 0.015 0.00625 0.0 0.0175 0.00625 0.0 0.02 0.00625 0.0 0.0225 0.00625 0.0 0.025 0.00625 0.0 0.0275 0.00625 0.0 0.03 0.00625 0.0 0.0325 0.00625 0.0 0.035 0.00625 0.0 0.0375 0.00625 0.0 0.04 0.00625 0.0 0.0425 0.00625 0.0 0.045 0.00625 0.0 0.0475 0.00625 0.0 0.05 0.00625 0.0 0.0525 0.00625 0.0 0.055 0.00625 0.0 0.0575 0.00625 0.0 0.06 0.00625 0.0 0.0625 0.00625 0.0 0.065 0.00625 0.0 0.0675 0.00625 0.0 0.07 0.00625 0.0 0.0725 0.00625 0.0 0.075 0.00625 0.0 0.0775 0.00625 0.0 0.08 0.00625 0.0 0.0825 0.00625 0.0 0.085 0.00625 0.0 0.08750000000000001 0.00625 0.0 0.09 0.00625 0.0 0.0925 0.00625 0.0 0.095 0.00625 0.0 0.0975 0.00625 0.0 0.1 0.00625 0.0 0.10250000000000001 0.00625 0.0 0.105 0.00625 0.0 0.1075 0.00625 0.0 0.11 0.00625 0.0 0.1125 0.00625 0.0 0.115 0.00625 0.0 0.11750000000000001 0.00625 0.0 0.12 0.00625 0.0 0.1225 0.00625 0.0 0.125 0.00625 0.0 0.1275 0.00625 0.0 0.13 0.00625 0.0 0.1325 0.00625 0.0 0.135 0.00625 0.0 0.1375 0.00625 0.0 0.14 0.00625 0.0 0.14250000000000002 0.00625 0.0 0.145 0.00625 0.0 0.1475 0.00625 0.0 0.15 0.00625 0.0 0.1525 0.00625 0.0 0.155 0.00625 0.0 0.1575 0.00625 0.0 0.16 0.00625 0.0 0.1625 0.00625 0.0 0.165 0.00625 0.0 0.1675 0.00625 0.0 0.17 0.00625 0.0 0.17250000000000001 0.00625 0.0 0.17500000000000002 0.00625 0.0 0.1775 0.00625 0.0 0.18 0.00625 0.0 0.1825 0.00625 0.0 0.185 0.00625 0.0 0.1875 0.00625 0.0 0.19 0.00625 0.0 0.1925 0.00625 0.0 0.195 0.00625 0.0 0.1975 0.00625 0.0 0.2 0.00625 0.0 0.0 0.0075 0.0 0.0025 0.0075 0.0 0.005 0.0075 0.0 0.0075 0.0075 0.0 0.01 0.0075 0.0 0.0125 0.0075 0.0 0.015 0.0075 0.0 0.0175 0.0075 0.0 0.02 0.0075 0.0 0.0225 0.0075 0.0 0.025 0.0075 0.0 0.0275 0.0075 0.0 0.03 0.0075 0.0 0.0325 0.0075 0.0 0.035 0.0075 0.0 0.0375 0.0075 0.0 0.04 0.0075 0.0 0.0425 0.0075 0.0 0.045 0.0075 0.0 0.0475 0.0075 0.0 0.05 0.0075 0.0 0.0525 0.0075 0.0 0.055 0.0075 0.0 0.0575 0.0075 0.0 0.06 0.0075 0.0 0.0625 0.0075 0.0 0.065 0.0075 0.0 0.0675 0.0075 0.0 0.07 0.0075 0.0 0.0725 0.0075 0.0 0.075 0.0075 0.0 0.0775 0.0075 0.0 0.08 0.0075 0.0 0.0825 0.0075 0.0 0.085 0.0075 0.0 0.08750000000000001 0.0075 0.0 0.09 0.0075 0.0 0.0925 0.0075 0.0 0.095 0.0075 0.0 0.0975 0.0075 0.0 0.1 0.0075 0.0 0.10250000000000001 0.0075 0.0 0.105 0.0075 0.0 0.1075 0.0075 0.0 0.11 0.0075 0.0 0.1125 0.0075 0.0 0.115 0.0075 0.0 0.11750000000000001 0.0075 0.0 0.12 0.0075 0.0 0.1225 0.0075 0.0 0.125 0.0075 0.0 0.1275 0.0075 0.0 0.13 0.0075 0.0 0.1325 0.0075 0.0 0.135 0.0075 0.0 0.1375 0.0075 0.0 0.14 0.0075 0.0 0.14250000000000002 0.0075 0.0 0.145 0.0075 0.0 0.1475 0.0075 0.0 0.15 0.0075 0.0 0.1525 0.0075 0.0 0.155 0.0075 0.0 0.1575 0.0075 0.0 0.16 0.0075 0.0 0.1625 0.0075 0.0 0.165 0.0075 0.0 0.1675 0.0075 0.0 0.17 0.0075 0.0 0.17250000000000001 0.0075 0.0 0.17500000000000002 0.0075 0.0 0.1775 0.0075 0.0 0.18 0.0075 0.0 0.1825 0.0075 0.0 0.185 0.0075 0.0 0.1875 0.0075 0.0 0.19 0.0075 0.0 0.1925 0.0075 0.0 0.195 0.0075 0.0 0.1975 0.0075 0.0 0.2 0.0075 0.0 0.0 0.00875 0.0 0.0025 0.00875 0.0 0.005 0.00875 0.0 0.0075 0.00875 0.0 0.01 0.00875 0.0 0.0125 0.00875 0.0 0.015 0.00875 0.0 0.0175 0.00875 0.0 0.02 0.00875 0.0 0.0225 0.00875 0.0 0.025 0.00875 0.0 0.0275 0.00875 0.0 0.03 0.00875 0.0 0.0325 0.00875 0.0 0.035 0.00875 0.0 0.0375 0.00875 0.0 0.04 0.00875 0.0 0.0425 0.00875 0.0 0.045 0.00875 0.0 0.0475 0.00875 0.0 0.05 0.00875 0.0 0.0525 0.00875 0.0 0.055 0.00875 0.0 0.0575 0.00875 0.0 0.06 0.00875 0.0 0.0625 0.00875 0.0 0.065 0.00875 0.0 0.0675 0.00875 0.0 0.07 0.00875 0.0 0.0725 0.00875 0.0 0.075 0.00875 0.0 0.0775 0.00875 0.0 0.08 0.00875 0.0 0.0825 0.00875 0.0 0.085 0.00875 0.0 0.08750000000000001 0.00875 0.0 0.09 0.00875 0.0 0.0925 0.00875 0.0 0.095 0.00875 0.0 0.0975 0.00875 0.0 0.1 0.00875 0.0 0.10250000000000001 0.00875 0.0 0.105 0.00875 0.0 0.1075 0.00875 0.0 0.11 0.00875 0.0 0.1125 0.00875 0.0 0.115 0.00875 0.0 0.11750000000000001 0.00875 0.0 0.12 0.00875 0.0 0.1225 0.00875 0.0 0.125 0.00875 0.0 0.1275 0.00875 0.0 0.13 0.00875 0.0 0.1325 0.00875 0.0 0.135 0.00875 0.0 0.1375 0.00875 0.0 0.14 0.00875 0.0 0.14250000000000002 0.00875 0.0 0.145 0.00875 0.0 0.1475 0.00875 0.0 0.15 0.00875 0.0 0.1525 0.00875 0.0 0.155 0.00875 0.0 0.1575 0.00875 0.0 0.16 0.00875 0.0 0.1625 0.00875 0.0 0.165 0.00875 0.0 0.1675 0.00875 0.0 0.17 0.00875 0.0 0.17250000000000001 0.00875 0.0 0.17500000000000002 0.00875 0.0 0.1775 0.00875 0.0 0.18 0.00875 0.0 0.1825 0.00875 0.0 0.185 0.00875 0.0 0.1875 0.00875 0.0 0.19 0.00875 0.0 0.1925 0.00875 0.0 0.195 0.00875 0.0 0.1975 0.00875 0.0 0.2 0.00875 0.0 0.0 0.01 0.0 0.0025 0.01 0.0 0.005 0.01 0.0 0.0075 0.01 0.0 0.01 0.01 0.0 0.0125 0.01 0.0 0.015 0.01 0.0 0.0175 0.01 0.0 0.02 0.01 0.0 0.0225 0.01 0.0 0.025 0.01 0.0 0.0275 0.01 0.0 0.03 0.01 0.0 0.0325 0.01 0.0 0.035 0.01 0.0 0.0375 0.01 0.0 0.04 0.01 0.0 0.0425 0.01 0.0 0.045 0.01 0.0 0.0475 0.01 0.0 0.05 0.01 0.0 0.0525 0.01 0.0 0.055 0.01 0.0 0.0575 0.01 0.0 0.06 0.01 0.0 0.0625 0.01 0.0 0.065 0.01 0.0 0.0675 0.01 0.0 0.07 0.01 0.0 0.0725 0.01 0.0 0.075 0.01 0.0 0.0775 0.01 0.0 0.08 0.01 0.0 0.0825 0.01 0.0 0.085 0.01 0.0 0.08750000000000001 0.01 0.0 0.09 0.01 0.0 0.0925 0.01 0.0 0.095 0.01 0.0 0.0975 0.01 0.0 0.1 0.01 0.0 0.10250000000000001 0.01 0.0 0.105 0.01 0.0 0.1075 0.01 0.0 0.11 0.01 0.0 0.1125 0.01 0.0 0.115 0.01 0.0 0.11750000000000001 0.01 0.0 0.12 0.01 0.0 0.1225 0.01 0.0 0.125 0.01 0.0 0.1275 0.01 0.0 0.13 0.01 0.0 0.1325 0.01 0.0 0.135 0.01 0.0 0.1375 0.01 0.0 0.14 0.01 0.0 0.14250000000000002 0.01 0.0 0.145 0.01 0.0 0.1475 0.01 0.0 0.15 0.01 0.0 0.1525 0.01 0.0 0.155 0.01 0.0 0.1575 0.01 0.0 0.16 0.01 0.0 0.1625 0.01 0.0 0.165 0.01 0.0 0.1675 0.01 0.0 0.17 0.01 0.0 0.17250000000000001 0.01 0.0 0.17500000000000002 0.01 0.0 0.1775 0.01 0.0 0.18 0.01 0.0 0.1825 0.01 0.0 0.185 0.01 0.0 0.1875 0.01 0.0 0.19 0.01 0.0 0.1925 0.01 0.0 0.195 0.01 0.0 0.1975 0.01 0.0 0.2 0.01 0.0 0.0 0.01125 0.0 0.0025 0.01125 0.0 0.005 0.01125 0.0 0.0075 0.01125 0.0 0.01 0.01125 0.0 0.0125 0.01125 0.0 0.015 0.01125 0.0 0.0175 0.01125 0.0 0.02 0.01125 0.0 0.0225 0.01125 0.0 0.025 0.01125 0.0 0.0275 0.01125 0.0 0.03 0.01125 0.0 0.0325 0.01125 0.0 0.035 0.01125 0.0 0.0375 0.01125 0.0 0.04 0.01125 0.0 0.0425 0.01125 0.0 0.045 0.01125 0.0 0.0475 0.01125 0.0 0.05 0.01125 0.0 0.0525 0.01125 0.0 0.055 0.01125 0.0 0.0575 0.01125 0.0 0.06 0.01125 0.0 0.0625 0.01125 0.0 0.065 0.01125 0.0 0.0675 0.01125 0.0 0.07 0.01125 0.0 0.0725 0.01125 0.0 0.075 0.01125 0.0 0.0775 0.01125 0.0 0.08 0.01125 0.0 0.0825 0.01125 0.0 0.085 0.01125 0.0 0.08750000000000001 0.01125 0.0 0.09 0.01125 0.0 0.0925 0.01125 0.0 0.095 0.01125 0.0 0.0975 0.01125 0.0 0.1 0.01125 0.0 0.10250000000000001 0.01125 0.0 0.105 0.01125 0.0 0.1075 0.01125 0.0 0.11 0.01125 0.0 0.1125 0.01125 0.0 0.115 0.01125 0.0 0.11750000000000001 0.01125 0.0 0.12 0.01125 0.0 0.1225 0.01125 0.0 0.125 0.01125 0.0 0.1275 0.01125 0.0 0.13 0.01125 0.0 0.1325 0.01125 0.0 0.135 0.01125 0.0 0.1375 0.01125 0.0 0.14 0.01125 0.0 0.14250000000000002 0.01125 0.0 0.145 0.01125 0.0 0.1475 0.01125 0.0 0.15 0.01125 0.0 0.1525 0.01125 0.0 0.155 0.01125 0.0 0.1575 0.01125 0.0 0.16 0.01125 0.0 0.1625 0.01125 0.0 0.165 0.01125 0.0 0.1675 0.01125 0.0 0.17 0.01125 0.0 0.17250000000000001 0.01125 0.0 0.17500000000000002 0.01125 0.0 0.1775 0.01125 0.0 0.18 0.01125 0.0 0.1825 0.01125 0.0 0.185 0.01125 0.0 0.1875 0.01125 0.0 0.19 0.01125 0.0 0.1925 0.01125 0.0 0.195 0.01125 0.0 0.1975 0.01125 0.0 0.2 0.01125 0.0 0.0 0.0125 0.0 0.0025 0.0125 0.0 0.005 0.0125 0.0 0.0075 0.0125 0.0 0.01 0.0125 0.0 0.0125 0.0125 0.0 0.015 0.0125 0.0 0.0175 0.0125 0.0 0.02 0.0125 0.0 0.0225 0.0125 0.0 0.025 0.0125 0.0 0.0275 0.0125 0.0 0.03 0.0125 0.0 0.0325 0.0125 0.0 0.035 0.0125 0.0 0.0375 0.0125 0.0 0.04 0.0125 0.0 0.0425 0.0125 0.0 0.045 0.0125 0.0 0.0475 0.0125 0.0 0.05 0.0125 0.0 0.0525 0.0125 0.0 0.055 0.0125 0.0 0.0575 0.0125 0.0 0.06 0.0125 0.0 0.0625 0.0125 0.0 0.065 0.0125 0.0 0.0675 0.0125 0.0 0.07 0.0125 0.0 0.0725 0.0125 0.0 0.075 0.0125 0.0 0.0775 0.0125 0.0 0.08 0.0125 0.0 0.0825 0.0125 0.0 0.085 0.0125 0.0 0.08750000000000001 0.0125 0.0 0.09 0.0125 0.0 0.0925 0.0125 0.0 0.095 0.0125 0.0 0.0975 0.0125 0.0 0.1 0.0125 0.0 0.10250000000000001 0.0125 0.0 0.105 0.0125 0.0 0.1075 0.0125 0.0 0.11 0.0125 0.0 0.1125 0.0125 0.0 0.115 0.0125 0.0 0.11750000000000001 0.0125 0.0 0.12 0.0125 0.0 0.1225 0.0125 0.0 0.125 0.0125 0.0 0.1275 0.0125 0.0 0.13 0.0125 0.0 0.1325 0.0125 0.0 0.135 0.0125 0.0 0.1375 0.0125 0.0 0.14 0.0125 0.0 0.14250000000000002 0.0125 0.0 0.145 0.0125 0.0 0.1475 0.0125 0.0 0.15 0.0125 0.0 0.1525 0.0125 0.0 0.155 0.0125 0.0 0.1575 0.0125 0.0 0.16 0.0125 0.0 0.1625 0.0125 0.0 0.165 0.0125 0.0 0.1675 0.0125 0.0 0.17 0.0125 0.0 0.17250000000000001 0.0125 0.0 0.17500000000000002 0.0125 0.0 0.1775 0.0125 0.0 0.18 0.0125 0.0 0.1825 0.0125 0.0 0.185 0.0125 0.0 0.1875 0.0125 0.0 0.19 0.0125 0.0 0.1925 0.0125 0.0 0.195 0.0125 0.0 0.1975 0.0125 0.0 0.2 0.0125 0.0 0.0 0.01375 0.0 0.0025 0.01375 0.0 0.005 0.01375 0.0 0.0075 0.01375 0.0 0.01 0.01375 0.0 0.0125 0.01375 0.0 0.015 0.01375 0.0 0.0175 0.01375 0.0 0.02 0.01375 0.0 0.0225 0.01375 0.0 0.025 0.01375 0.0 0.0275 0.01375 0.0 0.03 0.01375 0.0 0.0325 0.01375 0.0 0.035 0.01375 0.0 0.0375 0.01375 0.0 0.04 0.01375 0.0 0.0425 0.01375 0.0 0.045 0.01375 0.0 0.0475 0.01375 0.0 0.05 0.01375 0.0 0.0525 0.01375 0.0 0.055 0.01375 0.0 0.0575 0.01375 0.0 0.06 0.01375 0.0 0.0625 0.01375 0.0 0.065 0.01375 0.0 0.0675 0.01375 0.0 0.07 0.01375 0.0 0.0725 0.01375 0.0 0.075 0.01375 0.0 0.0775 0.01375 0.0 0.08 0.01375 0.0 0.0825 0.01375 0.0 0.085 0.01375 0.0 0.08750000000000001 0.01375 0.0 0.09 0.01375 0.0 0.0925 0.01375 0.0 0.095 0.01375 0.0 0.0975 0.01375 0.0 0.1 0.01375 0.0 0.10250000000000001 0.01375 0.0 0.105 0.01375 0.0 0.1075 0.01375 0.0 0.11 0.01375 0.0 0.1125 0.01375 0.0 0.115 0.01375 0.0 0.11750000000000001 0.01375 0.0 0.12 0.01375 0.0 0.1225 0.01375 0.0 0.125 0.01375 0.0 0.1275 0.01375 0.0 0.13 0.01375 0.0 0.1325 0.01375 0.0 0.135 0.01375 0.0 0.1375 0.01375 0.0 0.14 0.01375 0.0 0.14250000000000002 0.01375 0.0 0.145 0.01375 0.0 0.1475 0.01375 0.0 0.15 0.01375 0.0 0.1525 0.01375 0.0 0.155 0.01375 0.0 0.1575 0.01375 0.0 0.16 0.01375 0.0 0.1625 0.01375 0.0 0.165 0.01375 0.0 0.1675 0.01375 0.0 0.17 0.01375 0.0 0.17250000000000001 0.01375 0.0 0.17500000000000002 0.01375 0.0 0.1775 0.01375 0.0 0.18 0.01375 0.0 0.1825 0.01375 0.0 0.185 0.01375 0.0 0.1875 0.01375 0.0 0.19 0.01375 0.0 0.1925 0.01375 0.0 0.195 0.01375 0.0 0.1975 0.01375 0.0 0.2 0.01375 0.0 0.0 0.015 0.0 0.0025 0.015 0.0 0.005 0.015 0.0 0.0075 0.015 0.0 0.01 0.015 0.0 0.0125 0.015 0.0 0.015 0.015 0.0 0.0175 0.015 0.0 0.02 0.015 0.0 0.0225 0.015 0.0 0.025 0.015 0.0 0.0275 0.015 0.0 0.03 0.015 0.0 0.0325 0.015 0.0 0.035 0.015 0.0 0.0375 0.015 0.0 0.04 0.015 0.0 0.0425 0.015 0.0 0.045 0.015 0.0 0.0475 0.015 0.0 0.05 0.015 0.0 0.0525 0.015 0.0 0.055 0.015 0.0 0.0575 0.015 0.0 0.06 0.015 0.0 0.0625 0.015 0.0 0.065 0.015 0.0 0.0675 0.015 0.0 0.07 0.015 0.0 0.0725 0.015 0.0 0.075 0.015 0.0 0.0775 0.015 0.0 0.08 0.015 0.0 0.0825 0.015 0.0 0.085 0.015 0.0 0.08750000000000001 0.015 0.0 0.09 0.015 0.0 0.0925 0.015 0.0 0.095 0.015 0.0 0.0975 0.015 0.0 0.1 0.015 0.0 0.10250000000000001 0.015 0.0 0.105 0.015 0.0 0.1075 0.015 0.0 0.11 0.015 0.0 0.1125 0.015 0.0 0.115 0.015 0.0 0.11750000000000001 0.015 0.0 0.12 0.015 0.0 0.1225 0.015 0.0 0.125 0.015 0.0 0.1275 0.015 0.0 0.13 0.015 0.0 0.1325 0.015 0.0 0.135 0.015 0.0 0.1375 0.015 0.0 0.14 0.015 0.0 0.14250000000000002 0.015 0.0 0.145 0.015 0.0 0.1475 0.015 0.0 0.15 0.015 0.0 0.1525 0.015 0.0 0.155 0.015 0.0 0.1575 0.015 0.0 0.16 0.015 0.0 0.1625 0.015 0.0 0.165 0.015 0.0 0.1675 0.015 0.0 0.17 0.015 0.0 0.17250000000000001 0.015 0.0 0.17500000000000002 0.015 0.0 0.1775 0.015 0.0 0.18 0.015 0.0 0.1825 0.015 0.0 0.185 0.015 0.0 0.1875 0.015 0.0 0.19 0.015 0.0 0.1925 0.015 0.0 0.195 0.015 0.0 0.1975 0.015 0.0 0.2 0.015 0.0 0.0 0.01625 0.0 0.0025 0.01625 0.0 0.005 0.01625 0.0 0.0075 0.01625 0.0 0.01 0.01625 0.0 0.0125 0.01625 0.0 0.015 0.01625 0.0 0.0175 0.01625 0.0 0.02 0.01625 0.0 0.0225 0.01625 0.0 0.025 0.01625 0.0 0.0275 0.01625 0.0 0.03 0.01625 0.0 0.0325 0.01625 0.0 0.035 0.01625 0.0 0.0375 0.01625 0.0 0.04 0.01625 0.0 0.0425 0.01625 0.0 0.045 0.01625 0.0 0.0475 0.01625 0.0 0.05 0.01625 0.0 0.0525 0.01625 0.0 0.055 0.01625 0.0 0.0575 0.01625 0.0 0.06 0.01625 0.0 0.0625 0.01625 0.0 0.065 0.01625 0.0 0.0675 0.01625 0.0 0.07 0.01625 0.0 0.0725 0.01625 0.0 0.075 0.01625 0.0 0.0775 0.01625 0.0 0.08 0.01625 0.0 0.0825 0.01625 0.0 0.085 0.01625 0.0 0.08750000000000001 0.01625 0.0 0.09 0.01625 0.0 0.0925 0.01625 0.0 0.095 0.01625 0.0 0.0975 0.01625 0.0 0.1 0.01625 0.0 0.10250000000000001 0.01625 0.0 0.105 0.01625 0.0 0.1075 0.01625 0.0 0.11 0.01625 0.0 0.1125 0.01625 0.0 0.115 0.01625 0.0 0.11750000000000001 0.01625 0.0 0.12 0.01625 0.0 0.1225 0.01625 0.0 0.125 0.01625 0.0 0.1275 0.01625 0.0 0.13 0.01625 0.0 0.1325 0.01625 0.0 0.135 0.01625 0.0 0.1375 0.01625 0.0 0.14 0.01625 0.0 0.14250000000000002 0.01625 0.0 0.145 0.01625 0.0 0.1475 0.01625 0.0 0.15 0.01625 0.0 0.1525 0.01625 0.0 0.155 0.01625 0.0 0.1575 0.01625 0.0 0.16 0.01625 0.0 0.1625 0.01625 0.0 0.165 0.01625 0.0 0.1675 0.01625 0.0 0.17 0.01625 0.0 0.17250000000000001 0.01625 0.0 0.17500000000000002 0.01625 0.0 0.1775 0.01625 0.0 0.18 0.01625 0.0 0.1825 0.01625 0.0 0.185 0.01625 0.0 0.1875 0.01625 0.0 0.19 0.01625 0.0 0.1925 0.01625 0.0 0.195 0.01625 0.0 0.1975 0.01625 0.0 0.2 0.01625 0.0 0.0 0.0175 0.0 0.0025 0.0175 0.0 0.005 0.0175 0.0 0.0075 0.0175 0.0 0.01 0.0175 0.0 0.0125 0.0175 0.0 0.015 0.0175 0.0 0.0175 0.0175 0.0 0.02 0.0175 0.0 0.0225 0.0175 0.0 0.025 0.0175 0.0 0.0275 0.0175 0.0 0.03 0.0175 0.0 0.0325 0.0175 0.0 0.035 0.0175 0.0 0.0375 0.0175 0.0 0.04 0.0175 0.0 0.0425 0.0175 0.0 0.045 0.0175 0.0 0.0475 0.0175 0.0 0.05 0.0175 0.0 0.0525 0.0175 0.0 0.055 0.0175 0.0 0.0575 0.0175 0.0 0.06 0.0175 0.0 0.0625 0.0175 0.0 0.065 0.0175 0.0 0.0675 0.0175 0.0 0.07 0.0175 0.0 0.0725 0.0175 0.0 0.075 0.0175 0.0 0.0775 0.0175 0.0 0.08 0.0175 0.0 0.0825 0.0175 0.0 0.085 0.0175 0.0 0.08750000000000001 0.0175 0.0 0.09 0.0175 0.0 0.0925 0.0175 0.0 0.095 0.0175 0.0 0.0975 0.0175 0.0 0.1 0.0175 0.0 0.10250000000000001 0.0175 0.0 0.105 0.0175 0.0 0.1075 0.0175 0.0 0.11 0.0175 0.0 0.1125 0.0175 0.0 0.115 0.0175 0.0 0.11750000000000001 0.0175 0.0 0.12 0.0175 0.0 0.1225 0.0175 0.0 0.125 0.0175 0.0 0.1275 0.0175 0.0 0.13 0.0175 0.0 0.1325 0.0175 0.0 0.135 0.0175 0.0 0.1375 0.0175 0.0 0.14 0.0175 0.0 0.14250000000000002 0.0175 0.0 0.145 0.0175 0.0 0.1475 0.0175 0.0 0.15 0.0175 0.0 0.1525 0.0175 0.0 0.155 0.0175 0.0 0.1575 0.0175 0.0 0.16 0.0175 0.0 0.1625 0.0175 0.0 0.165 0.0175 0.0 0.1675 0.0175 0.0 0.17 0.0175 0.0 0.17250000000000001 0.0175 0.0 0.17500000000000002 0.0175 0.0 0.1775 0.0175 0.0 0.18 0.0175 0.0 0.1825 0.0175 0.0 0.185 0.0175 0.0 0.1875 0.0175 0.0 0.19 0.0175 0.0 0.1925 0.0175 0.0 0.195 0.0175 0.0 0.1975 0.0175 0.0 0.2 0.0175 0.0 0.0 0.01875 0.0 0.0025 0.01875 0.0 0.005 0.01875 0.0 0.0075 0.01875 0.0 0.01 0.01875 0.0 0.0125 0.01875 0.0 0.015 0.01875 0.0 0.0175 0.01875 0.0 0.02 0.01875 0.0 0.0225 0.01875 0.0 0.025 0.01875 0.0 0.0275 0.01875 0.0 0.03 0.01875 0.0 0.0325 0.01875 0.0 0.035 0.01875 0.0 0.0375 0.01875 0.0 0.04 0.01875 0.0 0.0425 0.01875 0.0 0.045 0.01875 0.0 0.0475 0.01875 0.0 0.05 0.01875 0.0 0.0525 0.01875 0.0 0.055 0.01875 0.0 0.0575 0.01875 0.0 0.06 0.01875 0.0 0.0625 0.01875 0.0 0.065 0.01875 0.0 0.0675 0.01875 0.0 0.07 0.01875 0.0 0.0725 0.01875 0.0 0.075 0.01875 0.0 0.0775 0.01875 0.0 0.08 0.01875 0.0 0.0825 0.01875 0.0 0.085 0.01875 0.0 0.08750000000000001 0.01875 0.0 0.09 0.01875 0.0 0.0925 0.01875 0.0 0.095 0.01875 0.0 0.0975 0.01875 0.0 0.1 0.01875 0.0 0.10250000000000001 0.01875 0.0 0.105 0.01875 0.0 0.1075 0.01875 0.0 0.11 0.01875 0.0 0.1125 0.01875 0.0 0.115 0.01875 0.0 0.11750000000000001 0.01875 0.0 0.12 0.01875 0.0 0.1225 0.01875 0.0 0.125 0.01875 0.0 0.1275 0.01875 0.0 0.13 0.01875 0.0 0.1325 0.01875 0.0 0.135 0.01875 0.0 0.1375 0.01875 0.0 0.14 0.01875 0.0 0.14250000000000002 0.01875 0.0 0.145 0.01875 0.0 0.1475 0.01875 0.0 0.15 0.01875 0.0 0.1525 0.01875 0.0 0.155 0.01875 0.0 0.1575 0.01875 0.0 0.16 0.01875 0.0 0.1625 0.01875 0.0 0.165 0.01875 0.0 0.1675 0.01875 0.0 0.17 0.01875 0.0 0.17250000000000001 0.01875 0.0 0.17500000000000002 0.01875 0.0 0.1775 0.01875 0.0 0.18 0.01875 0.0 0.1825 0.01875 0.0 0.185 0.01875 0.0 0.1875 0.01875 0.0 0.19 0.01875 0.0 0.1925 0.01875 0.0 0.195 0.01875 0.0 0.1975 0.01875 0.0 0.2 0.01875 0.0 0.0 0.02 0.0 0.0025 0.02 0.0 0.005 0.02 0.0 0.0075 0.02 0.0 0.01 0.02 0.0 0.0125 0.02 0.0 0.015 0.02 0.0 0.0175 0.02 0.0 0.02 0.02 0.0 0.0225 0.02 0.0 0.025 0.02 0.0 0.0275 0.02 0.0 0.03 0.02 0.0 0.0325 0.02 0.0 0.035 0.02 0.0 0.0375 0.02 0.0 0.04 0.02 0.0 0.0425 0.02 0.0 0.045 0.02 0.0 0.0475 0.02 0.0 0.05 0.02 0.0 0.0525 0.02 0.0 0.055 0.02 0.0 0.0575 0.02 0.0 0.06 0.02 0.0 0.0625 0.02 0.0 0.065 0.02 0.0 0.0675 0.02 0.0 0.07 0.02 0.0 0.0725 0.02 0.0 0.075 0.02 0.0 0.0775 0.02 0.0 0.08 0.02 0.0 0.0825 0.02 0.0 0.085 0.02 0.0 0.08750000000000001 0.02 0.0 0.09 0.02 0.0 0.0925 0.02 0.0 0.095 0.02 0.0 0.0975 0.02 0.0 0.1 0.02 0.0 0.10250000000000001 0.02 0.0 0.105 0.02 0.0 0.1075 0.02 0.0 0.11 0.02 0.0 0.1125 0.02 0.0 0.115 0.02 0.0 0.11750000000000001 0.02 0.0 0.12 0.02 0.0 0.1225 0.02 0.0 0.125 0.02 0.0 0.1275 0.02 0.0 0.13 0.02 0.0 0.1325 0.02 0.0 0.135 0.02 0.0 0.1375 0.02 0.0 0.14 0.02 0.0 0.14250000000000002 0.02 0.0 0.145 0.02 0.0 0.1475 0.02 0.0 0.15 0.02 0.0 0.1525 0.02 0.0 0.155 0.02 0.0 0.1575 0.02 0.0 0.16 0.02 0.0 0.1625 0.02 0.0 0.165 0.02 0.0 0.1675 0.02 0.0 0.17 0.02 0.0 0.17250000000000001 0.02 0.0 0.17500000000000002 0.02 0.0 0.1775 0.02 0.0 0.18 0.02 0.0 0.1825 0.02 0.0 0.185 0.02 0.0 0.1875 0.02 0.0 0.19 0.02 0.0 0.1925 0.02 0.0 0.195 0.02 0.0 0.1975 0.02 0.0 0.2 0.02 0.0
</DataArray>
</Points>
<Cells>
<DataArray type="Int64" Name="connectivity" format="ascii">
0 1 82 0 82 81 1 2 83 1 83 82 2 3 84 2 84 83 3 4 85 3 85 84 4 5 86 4 86 85 5 6 87 5 87 86 6 7 88 6 88 87 7 8 89 7 89 88 8 9 90 8 90 89 9 10 91 9 91 90 10 11 92 10 92 91 11 12 93 11 93 92 12 13 94 12 94 93 13 14 95 13 95 94 14 15 96 14 96 95 15 16 97 15 97 96 16 17 98 16 98 97 17 18 99 17 99 98 18 19 100 18 100 99 19 20 101 19 101 100 20 21 102 20 102 101 21 22 103 21 103 102 22 23 104 22 104 103 23 24 105 23 105 104 24 25 106 24 106 105 25 26 107 25 107 106 26 27 108 26 108 107 27 28 109 27 109 108 28 29 110 28 110 109 29 30 111 29 111 110 30 31 112 30 112 111 31 32 113 31 113 112 32 33 114 32 114 113 33 34 115 33 115 114 34 35 116 34 116 115 35 36 117 35 117 116 36 37 118 36 118 117 37 38 119 37 119 118 38 39 120 38 120 119 39 40 121 39 121 120 40 41 122 40 122 121 41 42 123 41 123 122 42 43 124 42 124 123 43 44 125 43 125 124 44 45 126 44 126 125 45 46 127 45 127 126 46 47 128 46 128 127 47 48 129 47 129 128 48 49 130 48 130 129 49 50 131 49 131 130 50 51 132 50 132 131 51 52 133 51 133 132 52 53 134 52 134 133 53 54 135 53 135 134 54 55 136 54 136 135 55 56 137 55 137 136 56 57 138 56 138 137 57 58 139 57 139 138 58 59 140 58 140 139 59 60 141 59 141 140 60 61 142 60 142 141 61 62 143 61 143 142 62 63 144 62 144 143 63 64 145 63 145 144 64 65 146 64 146 145 65 66 147 65 147 146 66 67 148 66 148 147 67 68 149 67 149 148 68 69 150 68 150 149 69 70 151 69 151 150 70 71 152 70 152 151 71 72 153 71 153 152 72 73 154 72 154 153 73 74 155 73 155 154 74 75 156 74 156 155 75 76 157 75 157 156 76 77 158 76 158 157 77 78 159 77 159 158 78 79 160 78 160 159 79 80 161 79 161 160 81 82 163 81 163 162 82 83 164 82 164 163 83 84 165 83 165 164 84 85 166 84 166 165 85 86 167 85 167 166 86 87 168 86 168 167 87 88 169 87 169 168 88 89 170 88 170 169 89 90 171 89 171 170 90 91 172 90 172 171 91 92 173 91 173 172 92 93 174 92 174 173 93 94 175 93 175 174 94 95 176 94 176 175 95 96 177 95 177 176 96 97 178 96 178 177 97 98 179 97 179 178 98 99 180 98 180 179 99 100 181 99 181 180 100 101 182 100 182 181 101 102 183 101 183 182 102 103 184 102 184 183 103 104 185 103 185 184 104 105 186 104 186 185 105 106 187 105 187 186 106 107 188 106 188 187 107 108 189 107 189 188 108 109 190 108 190 189 109 110 191 109 191 190 110 111 192 110 192 191 111 112 193 111 193 192 112 113 194 112 194 193 113 114 195 113 195 194 114 115 196 114 196 195 115 116 197 115 197 196 116 117 198 116 198 197 117 118 199 117 199 198 118 119 200 118 200 199 119 120 201 119 201 200 120 121 202 120 202 201 121 122 203 121 203 202 122 123 204 122 204 203 123 124 205 123 205 204 124 125 206 124 206 205 125 126 207 125 207 206 126 127 208 126 208 207 127 128 209 127 209 208 128 129 210 128 210 209 129 130 211 129 211 210 130 131 212 130 212 211 131 132 213 131 213 212 132 133 214 132 214 213 133 134 215 133 215 214 134 135 216 134 216 215 135 136 217 135 217 216 136 137 218 136 218 217 137 138 219 137 219 218 138 139 220 138 220 219 139 140 221 139 221 220 140 141 222 140 222 221 141 142 223 141 223 222 142 143 224 142 224 223 143 144 225 143 225 224 144 145 226 144 226 225 145 146 227 145 227 226 146 147 228 146 228 227 147 148 229 147 229 228 148 149 230 148 230 229 149 150 231 149 231 230 150 151 232 150 232 231 151 152 233 151 233 232 152 153 234 152 234 233 153 154 235 153 235 234 154 155 236 154 236 235 155 156 237 155 237 236 156 157 238 156 238 237 157 158 239 157 239 238 158 159 240 158 240 239 159 160 241 159 241 240 160 161 242 160 242 241 162 163 244 162 244 243 163 164 245 163 245 244 164 165 246 164 246 245 165 166 247 165 247 246 166 167 248 166 248 247 167 168 249 167 249 248 168 169 250 168 250 249 169 170 251 169 251 250 170 171 252 170 252 251 171 172 253 171 253 252 172 173 254 172 254 253 173 174 255 173 255 254 174 175 256 174 256 255 175 176 257 175 257 256 176 177 258 176 258 257 177 178 259 177 259 258 178 179 260 178 260 259 179 180 261 179 261 260 180 181 262 180 262 261 181 182 263 181 263 262 182 183 264 182 264 263 183 184 265 183 265 264 184 185 266 184 266 265 185 186 267 185 267 266 186 187 268 186 268 267 187 188 269 187 269 268 188 189 270 188 270 269 189 190 271 189 271 270 190 191 272 190 272 271 191 192 273 191 273 272 192 193 274 192 274 273 193 194 275 193 275 274 194 195 276 194 276 275 195 196 277 195 277 276 196 197 278 196 278 277 197 198 279 197 279 278 198 199 280 198 280 279 199 200 281 199 281 280 200 201 282 200 282 281 201 202 283 201 283 282 202 203 284 202 284 283 203 204 285 203 285 284 204 205 286 204 286 285 205 206 287 205 287 286 206 207 288 206 288 287 207 208 289 207 289 288 208 209 290 208 290 289 209 210 291 209 291 290 210 211 292 210 292 291 211 212 293 211 293 292 212 213 294 212 294 293 213 214 295 213 295 294 214 215 296 214 296 295 215 216 297 215 297 296 216 217 298 216 298 297 217 218 299 217 299 298 218 219 300 218 300 299 219 220 301 219 301 300 220 221 302 220 302 301 221 222 303 221 303 302 222 223 304 222 304 303 223 224 305 223 305 304 224 225 306 224 306 305 225 226 307 225 307 306 226 227 308 226 308 307 227 228 309 227 309 308 228 229 310 228 310 309 229 230 311 229 311 310 230 231 312 230 312 311 231 232 313 231 313 312 232 233 314 232 314 313 233 234 315 233 315 314 234 235 316 234 316 315 235 236 317 235 317 316 236 237 318 236 318 317 237 238 319 237 319 318 238 239 320 238 320 319 239 240 321 239 321 320 240 241 322 240 322 321 241 242 323 241 323 322 243 244 325 243 325 324 244 245 326 244 326 325 245 246 327 245 327 326 246 247 328 246 328 327 247 248 329 247 329 328 248 249 330 248 330 329 249 250 331 249 331 330 250 251 332 250 332 331 251 252 333 251 333 332 252 253 334 252 334 333 253 254 335 253 335 334 254 255 336 254 336 335 255 256 337 255 337 336 256 257 338 256 338 337 257 258 339 257 339 338 258 259 340 258 340 339 259 260 341 259 341 340 260 261 342 260 342 341 261 262 343 261 343 342 262 263 344 262 344 343 263 264 345 263 345 344 264 265 346 264 346 345 265 266 347 265 347 346 266 267 348 266 348 347 267 268 349 267 349 348 268 269 350 268 350 349 269 270 351 269 351 350 270 271 352 270 352 351 271 272 353 271 353 352 272 273 354 272 354 353 273 274 355 273 355 354 274 275 356 274 356 355 275 276 357 275 357 356 276 277 358 276 358 357 277 278 359 277 359 358 278 279 360 278 360 359 279 280 361 279 361 360 280 281 362 280 362 361 281 282 363 281 363 362 282 283 364 282 364 363 283 284 365 283 365 364 284 285 366 284 366 365 285 286 367 285 367 366 286 287 368 286 368 367 287 288 369 287 369 368 288 289 370 288 370 369 289 290 371 289 371 370 290 291 372 290 372 371 291 292 373 291 373 372 292 293 374 292 374 373 293 294 375 293 375 374 294 295 376 294 376 375 295 296 377 295 377 376 296 297 378 296 378 377 297 298 379 297 379 378 298 299 380 298 380 379 299 300 381 299 381 380 300 301 382 300 382 381 301 302 383 301 383 382 302 303 384 302 384 383 303 304 385 303 385 384 304 305 386 304 386 385 305 306 387 305 387 386 306 307 388 306 388 387 307 308 389 307 389 388 308 309 390 308 390 389 309 310 391 309 391 390 310 311 392 310 392 391 311 312 393 311 393 392 312 313 394 312 394 393 313 314 395 313 395 394 314 315 396 314 396 395 315 316 397 315 397 396 316 317 398 316 398 397 317 318 399 317 399 398 318 319 400 318 400 399 319 320 401 319 401 400 320 321 402 320 402 401 321 322 403 321 403 402 322 323 404 322 404 403 324 325 406 324 406 405 325 326 407 325 407 406 326 327 408 326 408 407 327 328 409 327 409 408 328 329 410 328 410 409 329 330 411 329 411 410 330 331 412 330 412 411 331 332 413 331 413 412 332 333 414 332 414 413 333 334 415 333 415 414 334 335 416 334 416 415 335 336 417 335 417 416 336 337 418 336 418 417 337 338 419 337 419 418 338 339 420 338 420 419 339 340 421 339 421 420 340 341 422 340 422 421 341 342 423 341 423 422 342 343 424 342 424 423 343 344 425 343 425 424 344 345 426 344 426 425 345 346 427 345 427 426 346 347 428 346 428 427 347 348 429 347 429 428 348 349 430 348 430 429 349 350 431 349 431 430 350 351 432 350 432 431 351 352 433 351 433 432 352 353 434 352 434 433 353 354 435 353 435 434 354 355 436 354 436 435 355 356 437 355 437 436 356 357 438 356 438 437 357 358 439 357 439 438 358 359 440 358 440 439 359 360 441 359 441 440 360 361 442 360 442 441 361 362 443 361 443 442 362 363 444 362 444 443 363 364 445 363 445 444 364 365 446 364 446 445 365 366 447 365 447 446 366 367 448 366 448 447 367 368 449 367 449 448 368 369 450 368 450 449 369 370 451 369 451 450 370 371 452 370 452 451 371 372 453 371 453 452 372 373 454 372 454 453 373 374 455 373 455 454 374 375 456 374 456 455 375 376 457 375 457 456 376 377 458 376 458 457 377 378 459 377 459 458 378 379 460 378 460 459 379 380 461 379 461 460 380 381 462 380 462 461 381 382 463 381 463 462 382 383 464 382 464 463 383 384 465 383 465 464 384 385 466 384 466 465 385 386 467 385 467 466 386 387 468 386 468 467 387 388 469 387 469 468 388 389 470 388 470 469 389 390 471 389 471 470 390 391 472 390 472 471 391 392 473 391 473 472 392 393 474 392 474 473 393 394 475 393 475 474 394 395 476 394 476 475 395 396 477 395 477 476 396 397 478 396 478 477 397 398 479 397 479 478 398 399 480 398 480 479 399 400 481 399 481 480 400 401 482 400 482 481 401 402 483 401 483 482 402 403 484 402 484 483 403 404 485 403 485 484 405 406 487 405 487 486 406 407 488 406 488 487 407 408 489 407 489 488 408 409 490 408 490 489 409 410 491 409 491 490 410 411 492 410 492 491 411 412 493 411 493 492 412 413 494 412 494 493 413 414 495 413 495 494 414 415 496 414 496 495 415 416 497 415 497 496 416 417 498 416 498 497 417 418 499 417 499 498 418 419 500 418 500 499 419 420 501 419 501 500 420 421 502 420 502 501 421 422 503 421 503 502 422 423 504 422 504 503 423 424 505 423 505 504 424 425 506 424 506 505 425 426 507 425 507 506 426 427 508 426 508 507 427 428 509 427 509 508 428 429 510 428 510 509 429 430 511 429 511 510 430 431 512 430 512 511 431 432 513 431 513 512 432 433 514 432 514 513 433 434 515 433 515 514 434 435 516 434 516 515 435 436 517 435 517 516 436 437 518 436 518 517 437 438 519 437 519 518 438 439 520 438 520 519 439 440 521 439 521 520 440 441 522 440 522 521 441 442 523 441 523 522 442 443 524 442 524 523 443 444 525 443 525 524 444 445 526 444 526 525 445 446 527 445 527 526 446 447 528 446 528 527 447 448 529 447 529 528 448 449 530 448 530 529 449 450 531 449 531 530 450 451 532 450 532 531 451 452 533 451 533 532 452 453 534 452 534 533 453 454 535 453 535 534 454 455 536 454 536 535 455 456 537 455 537 536 456 457 538 456 538 537 457 458 539 457 539 538 458 459 540 458 540 539 459 460 541 459 541 540 460 461 542 460 542 541 461 462 543 461 543 542 462 463 544 462 544 543 463 464 545 463 545 544 464 465 546 464 546 545 465 466 547 465 547 546 466 467 548 466 548 547 467 468 549 467 549 548 468 469 550 468 550 549 469 470 551 469 551 550 470 471 552 470 552 551 471 472 553 471 553 552 472 473 554 472 554 553 473 474 555 473 555 554 474 475 556 474 556 555 475 476 557 475 557 556 476 477 558 476 558 557 477 478 559 477 559 558 478 479 560 478 560 559 479 480 561 479 561 560 480 481 562 480 562 561 481 482 563 481 563 562 482 483 564 482 564 563 483 484 565 483 565 564 484 485 566 484 566 565 486 487 568 486 568 567 487 488 569 487 569 568 488 489 570 488 570 569 489 490 571 489 571 570 490 491 572 490 572 571 491 492 573 491 573 572 492 493 574 492 574 573 493 494 575 493 575 574 494 495 576 494 576 575 495 496 577 495 577 576 496 497 578 496 578 577 497 498 579 497 579 578 498 499 580 498 580 579 499 500 581 499 581 580 500 501 582 500 582 581 501 502 583 501 583 582 502 503 584 502 584 583 503 504 585 503 585 584 504 505 586 504 586 585 505 506 587 505 587 586 506 507 588 506 588 587 507 508 589 507 589 588 508 509 590 508 590 589 509 510 591 509 591 590 510 511 592 510 592 591 511 512 593 511 593 592 512 513 594 512 594 593 513 514 595 513 595 594 514 515 596 514 596 595 515 516 597 515 597 596 516 517 598 516 598 597 517 518 599 517 599 598 518 519 600 518 600 599 519 520 601 519 601 600 520 521 602 520 602 601 521 522 603 521 603 602 522 523 604 522 604 603 523 524 605 523 605 604 524 525 606 524 606 605 525 526 607 525 607 606 526 527 608 526 608 607 527 528 609 527 609 608 528 529 610 528 610 609 529 530 611 529 611 610 530 531 612 530 612 611 531 532 613 531 613 612 532 533 614 532 614 613 533 534 615 533 615 614 534 535 616 534 616 615 535 536 617 535 617 616 536 537 618 536 618 617 537 538 619 537 619 618 538 539 620 538 620 619 539 540 621 539 621 620 540 541 622 540 622 621 541 542 623 541 623 622 542 543 624 542 624 623 543 544 625 543 625 624 544 545 626 544 626 625 545 546 627 545 627 626 546 547 628 546 628 627 547 548 629 547 629 628 548 549 630 548 630 629 549 550 631 549 631 630 550 551 632 550 632 631 551 552 633 551 633 632 552 553 634 552 634 633 553 554 635 553 635 634 554 555 636 554 636 635 555 556 637 555 637 636 556 557 638 556 638 637 557 558 639 557 639 638 558 559 640 558 640 639 559 560 641 559 641 640 560 561 642 560 642 641 561 562 643 561 643 642 562 563 644 562 644 643 563 564 645 563 645 644 564 565 646 564 646 645 565 566 647 565 647 646 567 568 649 567 649 648 568 569 650 568 650 649 569 570 651 569 651 650 570 571 652 570 652 651 571 572 653 571 653 652 572 573 654 572 654 653 573 574 655 573 655 654 574 575 656 574 656 655 575 576 657 575 657 656 576 577 658 576 658 657 577 578 659 577 659 658 578 579 660 578 660 659 579 580 661 579 661 660 580 581 662 580 662 661 581 582 663 581 663 662 582 583 664 582 664 663 583 584 665 583 665 664 584 585 666 584 666 665 585 586 667 585 667 666 586 587 668 586 668 667 587 588 669 587 669 668 588 589 670 588 670 669 589 590 671 589 671 670 590 591 672 590 672 671 591 592 673 591 673 672 592 593 674 592 674 673 593 594 675 593 675 674 594 595 676 594 676 675 595 596 677 595 677 676 596 597 678 596 678 677 597 598 679 597 679 678 598 599 680 598 680 679 599 600 681 599 681 680 600 601 682 600 682 681 601 602 683 601 683 682 602 603 684 602 684 683 603 604 685 603 685 684 604 605 686 604 686 685 605 606 687 605 687 686 606 607 688 606 688 687 607 608 689 607 689 688 608 609 690 608 690 689 609 610 691 609 691 690 610 611 692 610 692 691 611 612 693 611 693 692 612 613 694 612 694 693 613 614 695 613 695 694 614 615 696 614 696 695 615 616 697 615 697 696 616 617 698 616 698 697 617 618 699 617 699 698 618 619 700 618 700 699 619 620 701 619 701 700 620 621 702 620 702 701 621 622 703 621 703 702 622 623 704 622 704 703 623 624 705 623 705 704 624 625 706 624 706 705 625 626 707 625 707 706 626 627 708 626 708 707 627 628 709 627 709 708 628 629 710 628 710 709 629 630 711 629 711 710 630 631 712 630 712 711 631 632 713 631 713 712 632 633 714 632 714 713 633 634 715 633 715 714 634 635 716 634 716 715 635 636 717 635 717 716 636 637 718 636 718 717 637 638 719 637 719 718 638 639 720 638 720 719 639 640 721 639 721 720 640 641 722 640 722 721 641 642 723 641 723 722 642 643 724 642 724 723 643 644 725 643 725 724 644 645 726 644 726 725 645 646 727 645 727 726 646 647 728 646 728 727 648 649 730 648 730 729 649 650 731 649 731 730 650 651 732 650 732 731 651 652 733 651 733 732 652 653 734 652 734 733 653 654 735 653 735 734 654 655 736 654 736 735 655 656 737 655 737 736 656 657 738 656 738 737 657 658 739 657 739 738 658 659 740 658 740 739 659 660 741 659 741 740 660 661 742 660 742 741 661 662 743 661 743 742 662 663 744 662 744 743 663 664 745 663 745 744 664 665 746 664 746 745 665 666 747 665 747 746 666 667 748 666 748 747 667 668 749 667 749 748 668 669 750 668 750 749 669 670 751 669 751 750 670 671 752 670 752 751 671 672 753 671 753 752 672 673 754 672 754 753 673 674 755 673 755 754 674 675 756 674 756 755 675 676 757 675 757 756 676 677 758 676 758 757 677 678 759 677 759 758 678 679 760 678 760 759 679 680 761 679 761 760 680 681 762 680 762 761 681 682 763 681 763 762 682 683 764 682 764 763 683 684 765 683 765 764 684 685 766 684 766 765 685 686 767 685 767 766 686 687 768 686 768 767 687 688 769 687 769 768 688 689 770 688 770 769 689 690 771 689 771 770 690 691 772 690 772 771 691 692 773 691 773 772 692 693 774 692 774 773 693 694 775 693 775 774 694 695 776 694 776 775 695 696 777 695 777 776 696 697 778 696 778 777 697 698 779 697 779 778 698 699 780 698 780 779 699 700 781 699 781 780 700 701 782 700 782 781 701 702 783 701 783 782 702 703 784 702 784 783 703 704 785 703 785 784 704 705 786 704 786 785 705 706 787 705 787 786 706 707 788 706 788 787 707 708 789 707 789 788 708 709 790 708 790 789 709 710 791 709 791 790 710 711 792 710 792 791 711 712 793 711 793 792 712 713 794 712 794 793 713 714 795 713 795 794 714 715 796 714 796 795 715 716 797 715 797 796 716 717 798 716 798 797 717 718 799 717 799 798 718 719 800 718 800 799 719 720 801 719 801 800 720 721 802 720 802 801 721 722 803 721 803 802 722 723 804 722 804 803 723 724 805 723 805 804 724 725 806 724 806 805 725 726 807 725 807 806 726 727 808 726 808 807 727 728 809 727 809 808 729 730 811 729 811 810 730 731 812 730 812 811 731 732 813 731 813 812 732 733 814 732 814 813 733 734 815 733 815 814 734 735 816 734 816 815 735 736 817 735 817 816 736 737 818 736 818 817 737 738 819 737 819 818 738 739 820 738 820 819 739 740 821 739 821 820 740 741 822 740 822 821 741 742 823 741 823 822 742 743 824 742 824 823 743 744 825 743 825 824 744 745 826 744 826 825 745 746 827 745 827 826 746 747 828 746 828 827 747 748 829 747 829 828 748 749 830 748 830 829 749 750 831 749 831 830 750 751 832 750 832 831 751 752 833 751 833 832 752 753 834 752 834 833 753 754 835 753 835 834 754 755 836 754 836 835 755 756 837 755 837 836 756 757 838 756 838 837 757 758 839 757 839 838 758 759 840 758 840 839 759 760 841 759 841 840 760 761 842 760 842 841 761 762 843 761 843 842 762 763 844 762 844 843 763 764 845 763 845 844 764 765 846 764 846 845 765 766 847 765 847 846 766 767 848 766 848 847 767 768 849 767 849 848 768 769 850 768 850 849 769 770 851 769 851 850 770 771 852 770 852 851 771 772 853 771 853 852 772 773 854 772 854 853 773 774 855 773 855 854 774 775 856 774 856 855 775 776 857 775 857 856 776 777 858 776 858 857 777 778 859 777 859 858 778 779 860 778 860 859 779 780 861 779 861 860 780 781 862 780 862 861 781 782 863 781 863 862 782 783 864 782 864 863 783 784 865 783 865 864 784 785 866 784 866 865 785 786 867 785 867 866 786 787 868 786 868 867 787 788 869 787 869 868 788 789 870 788 870 869 789 790 871 789 871 870 790 791 872 790 872 871 791 792 873 791 873 872 792 793 874 792 874 873 793 794 875 793 875 874 794 795 876 794 876 875 795 796 877 795 877 876 796 797 878 796 878 877 797 798 879 797 879 878 798 799 880 798 880 879 799 800 881 799 881 880 800 801 882 800 882 881 801 802 883 801 883 882 802 803 884 802 884 883 803 804 885 803 885 884 804 805 886 804 886 885 805 806 887 805 887 886 806 807 888 806 888 887 807 808 889 807 889 888 808 809 890 808 890 889 810 811 892 810 892 891 811 812 893 811 893 892 812 813 894 812 894 893 813 814 895 813 895 894 814 815 896 814 896 895 815 816 897 815 897 896 816 817 898 816 898 897 817 818 899 817 899 898 818 819 900 818 900 899 819 820 901 819 901 900 820 821 902 820 902 901 821 822 903 821 903 902 822 823 904 822 904 903 823 824 905 823 905 904 824 825 906 824 906 905 825 826 907 825 907 906 826 827 908 826 908 907 827 828 909 827 909 908 828 829 910 828 910 909 829 830 911 829 911 910 830 831 912 830 912 911 831 832 913 831 913 912 832 833 914 832 914 913 833 834 915 833 915 914 834 835 916 834 916 915 835 836 917 835 917 916 836 837 918 836 918 917 837 838 919 837 919 918 838 839 920 838 920 919 839 840 921 839 921 920 840 841 922 840 922 921 841 842 923 841 923 922 842 843 924 842 924 923 843 844 925 843 925 924 844 845 926 844 926 925 845 846 927 845 927 926 846 847 928 846 928 927 847 848 929 847 929 928 848 849 930 848 930 929 849 850 931 849 931 930 850 851 932 850 932 931 851 852 933 851 933 932 852 853 934 852 934 933 853 854 935 853 935 934 854 855 936 854 936 935 855 856 937 855 937 936 856 857 938 856 938 937 857 858 939 857 939 938 858 859 940 858 940 939 859 860 941 859 941 940 860 861 942 860 942 941 861 862 943 861 943 942 862 863 944 862 944 943 863 864 945 863 945 944 864 865 946 864 946 945 865 866 947 865 947 946 866 867 948 866 948 947 867 868 949 867 949 948 868 869 950 868 950 949 869 870 951 869 951 950 870 871 952 870 952 951 871 872 953 871 953 952 872 873 954 872 954 953 873 874 955 873 955 954 874 875 956 874 956 955 875 876 957 875 957 956 876 877 958 876 958 957 877 878 959 877 959 958 878 879 960 878 960 959 879 880 961 879 961 960 880 881 962 880 962 961 881 882 963 881 963 962 882 883 964 882 964 963 883 884 965 883 965 964 884 885 966 884 966 965 885 886 967 885 967 966 886 887 968 886 968 967 887 888 969 887 969 968 888 889 970 888 970 969 889 890 971 889 971 970 891 892 973 891 973 972 892 893 974 892 974 973 893 894 975 893 975 974 894 895 976 894 976 975 895 896 977 895 977 976 896 897 978 896 978 977 897 898 979 897 979 978 898 899 980 898 980 979 899 900 981 899 981 980 900 901 982 900 982 981 901 902 983 901 983 982 902 903 984 902 984 983 903 904 985 903 985 984 904 905 986 904 986 985 905 906 987 905 987 986 906 907 988 906 988 987 907 908 989 907 989 988 908 909 990 908 990 989 909 910 991 909 991 990 910 911 992 910 992 991 911 912 993 911 993 992 912 913 994 912 994 993 913 914 995 913 995 994 914 915 996 914 996 995 915 916 997 915 997 996 916 917 998 916 998 997 917 918 999 917 999 998 918 919 1000 918 1000 999 919 920 1001 919 1001 1000 920 921 1002 920 1002 1001 921 922 1003 921 1003 1002 922 923 1004 922 1004 1003 923 924 1005 923 1005 1004 924 925 1006 924 1006 1005 925 926 1007 925 1007 1006 926 927 1008 926 1008 1007 927 928 1009 927 1009 1008 928 929 1010 928 1010 1009 929 930 1011 929 1011 1010 930 931 1012 930 1012 1011 931 932 1013 931 1013 1012 932 933 1014 932 1014 1013 933 934 1015 933 1015 1014 934 935 1016 934 1016 1015 935 936 1017 935 1017 1016 936 937 1018 936 1018 1017 937 938 1019 937 1019 1018 938 939 1020 938 1020 1019 939 940 1021 939 1021 1020 940 941 1022 940 1022 1021 941 942 1023 941 1023 1022 942 943 1024 942 1024 1023 943 944 1025 943 1025 1024 944 945 1026 944 1026 1025 945 946 1027 945 1027 1026 946 947 1028 946 1028 1027 947 948 1029 947 1029 1028 948 949 1030 948 1030 1029 949 950 1031 949 1031 1030 950 951 1032 950 1032 1031 951 952 1033 951 1033 1032 952 953 1034 952 1034 1033 953 954 1035 953 1035 1034 954 955 1036 954 1036 1035 955 956 1037 955 1037 1036 956 957 1038 956 1038 1037 957 958 1039 957 1039 1038 958 959 1040 958 1040 1039 959 960 1041 959 1041 1040 960 961 1042 960 1042 1041 961 962 1043 961 1043 1042 962 963 1044 962 1044 1043 963 964 1045 963 1045 1044 964 965 1046 964 1046 1045 965 966 1047 965 1047 1046 966 967 1048 966 1048 1047 967 968 1049 967 1049 1048 968 969 1050 968 1050 1049 969 970 1051 969 1051 1050 970 971 1052 970 1052 1051 972 973 1054 972 1054 1053 973 974 1055 973 1055 1054 974 975 1056 974 1056 1055 975 976 1057 975 1057 1056 976 977 1058 976 1058 1057 977 978 1059 977 1059 1058 978 979 1060 978 1060 1059 979 980 1061 979 1061 1060 980 981 1062 980 1062 1061 981 982 1063 981 1063 1062 982 983 1064 982 1064 1063 983 984 1065 983 1065 1064 984 985 1066 984 1066 1065 985 986 1067 985 1067 1066 986 987 1068 986 1068 1067 987 988 1069 987 1069 1068 988 989 1070 988 1070 1069 989 990 1071 989 1071 1070 990 991 1072 990 1072 1071 991 992 1073 991 1073 1072 992 993 1074 992 1074 1073 993 994 1075 993 1075 1074 994 995 1076 994 1076 1075 995 996 1077 995 1077 1076 996 997 1078 996 1078 1077 997 998 1079 997 1079 1078 998 999 1080 998 1080 1079 999 1000 1081 999 1081 1080 1000 1001 1082 1000 1082 1081 1001 1002 1083 1001 1083 1082 1002 1003 1084 1002 1084 1083 1003 1004 1085 1003 1085 1084 1004 1005 1086 1004 1086 1085 1005 1006 1087 1005 1087 1086 1006 1007 1088 1006 1088 1087 1007 1008 1089 1007 1089 1088 1008 1009 1090 1008 1090 1089 1009 1010 1091 1009 1091 1090 1010 1011 1092 1010 1092 1091 1011 1012 1093 1011 1093 1092 1012 1013 1094 1012 1094 1093 1013 1014 1095 1013 1095 1094 1014 1015 1096 1014 1096 1095 1015 1016 1097 1015 1097 1096 1016 1017 1098 1016 1098 1097 1017 1018 1099 1017 1099 1098 1018 1019 1100 1018 1100 1099 1019 1020 1101 1019 1101 1100 1020 1021 1102 1020 1102 1101 1021 1022 1103 1021 1103 1102 1022 1023 1104 1022 1104 1103 1023 1024 1105 1023 1105 1104 1024 1025 1106 1024 1106 1105 1025 1026 1107 1025 1107 1106 1026 1027 1108 1026 1108 1107 1027 1028 1109 1027 1109 1108 1028 1029 1110 1028 1110 1109 1029 1030 1111 1029 1111 1110 1030 1031 1112 1030 1112 1111 1031 1032 1113 1031 1113 1112 1032 1033 1114 1032 1114 1113 1033 1034 1115 1033 1115 1114 1034 1035 1116 1034 1116 1115 1035 1036 1117 1035 1117 1116 1036 1037 1118 1036 1118 1117 1037 1038 1119 1037 1119 1118 1038 1039 1120 1038 1120 1119 1039 1040 1121 1039 1121 1120 1040 1041 1122 1040 1122 1121 1041 1042 1123 1041 1123 1122 1042 1043 1124 1042 1124 1123 1043 1044 1125 1043 1125 1124 1044 1045 1126 1044 1126 1125 1045 1046 1127 1045 1127 1126 1046 1047 1128 1046 1128 1127 1047 1048 1129 1047 1129 1128 1048 1049 1130 1048 1130 1129 1049 1050 1131 1049 1131 1130 1050 1051 1132 1050 1132 1131 1051 1052 1133 1051 1133 1132 1053 1054 1135 1053 1135 1134 1054 1055 1136 1054 1136 1135 1055 1056 1137 1055 1137 1136 1056 1057 1138 1056 1138 1137 1057 1058 1139 1057 1139 1138 1058 1059 1140 1058 1140 1139 1059 1060 1141 1059 1141 1140 1060 1061 1142 1060 1142 1141 1061 1062 1143 1061 1143 1142 1062 1063 1144 1062 1144 1143 1063 1064 1145 1063 1145 1144 1064 1065 1146 1064 1146 1145 1065 1066 1147 1065 1147 1146 1066 1067 1148 1066 1148 1147 1067 1068 1149 1067 1149 1148 1068 1069 1150 1068 1150 1149 1069 1070 1151 1069 1151 1150 1070 1071 1152 1070 1152 1151 1071 1072 1153 1071 1153 1152 1072 1073 1154 1072 1154 1153 1073 1074 1155 1073 1155 1154 1074 1075 1156 1074 1156 1155 1075 1076 1157 1075 1157 1156 1076 1077 1158 1076 1158 1157 1077 1078 1159 1077 1159 1158 1078 1079 1160 1078 1160 1159 1079 1080 1161 1079 1161 1160 1080 1081 1162 1080 1162 1161 1081 1082 1163 1081 1163 1162 1082 1083 1164 1082 1164 1163 1083 1084 1165 1083 1165 1164 1084 1085 1166 1084 1166 1165 1085 1086 1167 1085 1167 1166 1086 1087 1168 1086 1168 1167 1087 1088 1169 1087 1169 1168 1088 1089 1170 1088 1170 1169 1089 1090 1171 1089 1171 1170 1090 1091 1172 1090 1172 1171 1091 1092 1173 1091 1173 1172 1092 1093 1174 1092 1174 1173 1093 1094 1175 1093 1175 1174 1094 1095 1176 1094 1176 1175 1095 1096 1177 1095 1177 1176 1096 1097 1178 1096 1178 1177 1097 1098 1179 1097 1179 1178 1098 1099 1180 1098 1180 1179 1099 1100 1181 1099 1181 1180 1100 1101 1182 1100 1182 1181 1101 1102 1183 1101 1183 1182 1102 1103 1184 1102 1184 1183 1103 1104 1185 1103 1185 1184 1104 1105 1186 1104 1186 1185 1105 1106 1187 1105 1187 1186 1106 1107 1188 1106 1188 1187 1107 1108 1189 1107 1189 1188 1108 1109 1190 1108 1190 1189 1109 1110 1191 1109 1191 1190 1110 1111 1192 1110 1192 1191 1111 1112 1193 1111 1193 1192 1112 1113 1194 1112 1194 1193 1113 1114 1195 1113 1195 1194 1114 1115 1196 1114 1196 1195 1115 1116 1197 1115 1197 1196 1116 1117 1198 1116 1198 1197 1117 1118 1199 1117 1199 1198 1118 1119 1200 1118 1200 1199 1119 1120 1201 1119 1201 1200 1120 1121 1202 1120 1202 1201 1121 1122 1203 1121 1203 1202 1122 1123 1204 1122 1204 1203 1123 1124 1205 1123 1205 1204 1124 1125 1206 1124 1206 1205 1125 1126 1207 1125 1207 1206 1126 1127 1208 1126 1208 1207 1127 1128 1209 1127 1209 1208 1128 1129 1210 1128 1210 1209 1129 1130 1211 1129 1211 1210 1130 1131 1212 1130 1212 1211 1131 1132 1213 1131 1213 1212 1132 1133 1214 1132 1214 1213 1134 1135 1216 1134 1216 1215 1135 1136 1217 1135 1217 1216 1136 1137 1218 1136 1218 1217 1137 1138 1219 1137 1219 1218 1138 1139 1220 1138 1220 1219 1139 1140 1221 1139 1221 1220 1140 1141 1222 1140 1222 1221 1141 1142 1223 1141 1223 1222 1142 1143 1224 1142 1224 1223 1143 1144 1225 1143 1225 1224 1144 1145 1226 1144 1226 1225 1145 1146 1227 1145 1227 1226 1146 1147 1228 1146 1228 1227 1147 1148 1229 1147 1229 1228 1148 1149 1230 1148 1230 1229 1149 1150 1231 1149 1231 1230 1150 1151 1232 1150 1232 1231 1151 1152 1233 1151 1233 1232 1152 1153 1234 1152 1234 1233 1153 1154 1235 1153 1235 1234 1154 1155 1236 1154 1236 1235 1155 1156 1237 1155 1237 1236 1156 1157 1238 1156 1238 1237 1157 1158 1239 1157 1239 1238 1158 1159 1240 1158 1240 1239 1159 1160 1241 1159 1241 1240 1160 1161 1242 1160 1242 1241 1161 1162 1243 1161 1243 1242 1162 1163 1244 1162 1244 1243 1163 1164 1245 1163 1245 1244 1164 1165 1246 1164 1246 1245 1165 1166 1247 1165 1247 1246 1166 1167 1248 1166 1248 1247 1167 1168 1249 1167 1249 1248 1168 1169 1250 1168 1250 1249 1169 1170 1251 1169 1251 1250 1170 1171 1252 1170 1252 1251 1171 1172 1253 1171 1253 1252 1172 1173 1254 1172 1254 1253 1173 1174 1255 1173 1255 1254 1174 1175 1256 1174 1256 1255 1175 1176 1257 1175 1257 1256 1176 1177 1258 1176 1258 1257 1177 1178 1259 1177 1259 1258 1178 1179 1260 1178 1260 1259 1179 1180 1261 1179 1261 1260 1180 1181 1262 1180 1262 1261 1181 1182 1263 1181 1263 1262 1182 1183 1264 1182 1264 1263 1183 1184 1265 1183 1265 1264 1184 1185 1266 1184 1266 1265 1185 1186 1267 1185 1267 1266 1186 1187 1268 1186 1268 1267 1187 1188 1269 1187 1269 1268 1188 1189 1270 1188 1270 1269 1189 1190 1271 1189 1271 1270 1190 1191 1272 1190 1272 1271 1191 1192 1273 1191 1273 1272 1192 1193 1274 1192 1274 1273 1193 1194 1275 1193 1275 1274 1194 1195 1276 1194 1276 1275 1195 1196 1277 1195 1277 1276 1196 1197 1278 1196 1278 1277 1197 1198 1279 1197 1279 1278 1198 1199 1280 1198 1280 1279 1199 1200 1281 1199 1281 1280 1200 1201 1282 1200 1282 1281 1201 1202 1283 1201 1283 1282 1202 1203 1284 1202 1284 1283 1203 1204 1285 1203 1285 1284 1204 1205 1286 1204 1286 1285 1205 1206 1287 1205 1287 1286 1206 1207 1288 1206 1288 1287 1207 1208 1289 1207 1289 1288 1208 1209 1290 1208 1290 1289 1209 1210 1291 1209 1291 1290 1210 1211 1292 1210 1292 1291 1211 1212 1293 1211 1293 1292 1212 1213 1294 1212 1294 1293 1213 1214 1295 1213 1295 1294 1215 1216 1297 1215 1297 1296 1216 1217 1298 1216 1298 1297 1217 1218 1299 1217 1299 1298 1218 1219 1300 1218 1300 1299 1219 1220 1301 1219 1301 1300 1220 1221 1302 1220 1302 1301 1221 1222 1303 1221 1303 1302 1222 1223 1304 1222 1304 1303 1223 1224 1305 1223 1305 1304 1224 1225 1306 1224 1306 1305 1225 1226 1307 1225 1307 1306 1226 1227 1308 1226 1308 1307 1227 1228 1309 1227 1309 1308 1228 1229 1310 1228 1310 1309 1229 1230 1311 1229 1311 1310 1230 1231 1312 1230 1312 1311 1231 1232 1313 1231 1313 1312 1232 1233 1314 1232 1314 1313 1233 1234 1315 1233 1315 1314 1234 1235 1316 1234 1316 1315 1235 1236 1317 1235 1317 1316 1236 1237 1318 1236 1318 1317 1237 1238 1319 1237 1319 1318 1238 1239 1320 1238 1320 1319 1239 1240 1321 1239 1321 1320 1240 1241 1322 1240 1322 1321 1241 1242 1323 1241 1323 1322 1242 1243 1324 1242 1324 1323 1243 1244 1325 1243 1325 1324 1244 1245 1326 1244 1326 1325 1245 1246 1327 1245 1327 1326 1246 1247 1328 1246 1328 1327 1247 1248 1329 1247 1329 1328 1248 1249 1330 1248 1330 1329 1249 1250 1331 1249 1331 1330 1250 1251 1332 1250 1332 1331 1251 1252 1333 1251 1333 1332 1252 1253 1334 1252 1334 1333 1253 1254 1335 1253 1335 1334 1254 1255 1336 1254 1336 1335 1255 1256 1337 1255 1337 1336 1256 1257 1338 1256 1338 1337 1257 1258 1339 1257 1339 1338 1258 1259 1340 1258 1340 1339 1259 1260 1341 1259 1341 1340 1260 1261 1342 1260 1342 1341 1261 1262 1343 1261 1343 1342 1262 1263 1344 1262 1344 1343 1263 1264 1345 1263 1345 1344 1264 1265 1346 1264 1346 1345 1265 1266 1347 1265 1347 1346 1266 1267 1348 1266 1348 1347 1267 1268 1349 1267 1349 1348 1268 1269 1350 1268 1350 1349 1269 1270 1351 1269 1351 1350 1270 1271 1352 1270 1352 1351 1271 1272 1353 1271 1353 1352 1272 1273 1354 1272 1354 1353 1273 1274 1355 1273 1355 1354 1274 1275 1356 1274 1356 1355 1275 1276 1357 1275 1357 1356 1276 1277 1358 1276 1358 1357 1277 1278 1359 1277 1359 1358 1278 1279 1360 1278 1360 1359 1279 1280 1361 1279 1361 1360 1280 1281 1362 1280 1362 1361 1281 1282 1363 1281 1363 1362 1282 1283 1364 1282 1364 1363 1283 1284 1365 1283 1365 1364 1284 1285 1366 1284 1366 1365 1285 1286 1367 1285 1367 1366 1286 1287 1368 1286 1368 1367 1287 1288 1369 1287 1369 1368 1288 1289 1370 1288 1370 1369 1289 1290 1371 1289 1371 1370 1290 1291 1372 1290 1372 1371 1291 1292 1373 1291 1373 1372 1292 1293 1374 1292 1374 1373 1293 1294 1375 1293 1375 1374 1294 1295 1376 1294 1376 1375
</DataArray>
<DataArray type="Int64" Name="offsets" format="ascii">
3 6 9 12 15 18 21 24 27 30 33 36 39 42 45 48 51 54 57 60 63 66 69 72 75 78 81 84 87 90 93 96 99 102 105 108 111 114 117 120 123 126 129 132 135 138 141 144 147 150 153 156 159 162 165 168 171 174 177 180 183 186 189 192 195 198 201 204 207 210 213 216 219 222 225 228 231 234 237 240 243 246 249 252 255 258 261 264 267 270 273 276 279 282 285 288 291 294 297 300 303 306 309 312 315 318 321 324 327 330 333 336 339 342 345 348 351 354 357 360 363 366 369 372 375 378 381 384 387 390 393 396 399 402 405 408 411 414 417 420 423 426 429 432 435 438 441 444 447 450 453 456 459 462 465 468 471 474 477 480 483 486 489 492 495 498 501 504 507 510 513 516 519 522 525 528 531 534 537 540 543 546 549 552 555 558 561 564 567 570 573 576 579 582 585 588 591 594 597 600 603 606 609 612 615 618 621 624 627 630 633 636 639 642 645 648 651 654 657 660 663 666 669 672 675 678 681 684 687 690 693 696 699 702 705 708 711 714 717 720 723 726 729 732 735 738 741 744 747 750 753 756 759 762 765 768 771 774 777 780 783 786 789 792 795 798 801 804 807 810 813 816 819 822 825 828 831 834 837 840 843 846 849 852 855 858 861 864 867 870 873 876 879 882 885 888 891 894 897 900 903 906 909 912 915 918 921 924 927 930 933 936 939 942 945 948 951 954 957 960 963 966 969 972 975 978 981 984 987 990 993 996 999 1002 1005 1008 1011 1014 1017 1020 1023 1026 1029 1032 1035 1038 1041 1044 1047 1050 1053 1056 1059 1062 1065 1068 1071 1074 1077 1080 1083 1086 1089 1092 1095 1098 1101 1104 1107 1110 1113 1116 1119 1122 1125 1128 1131 1134 1137 1140 1143 1146 1149 1152 1155 1158 1161 1164 1167 1170 1173 1176 1179 1182 1185 1188 1191 1194 1197 1200 1203 1206 1209 1212 1215 1218 1221 1224 1227 1230 1233 1236 1239 1242 1245 1248 1251 1254 1257 1260 1263 1266 1269 1272 1275 1278 1281 1284 1287 1290 1293 1296 1299 1302 1305 1308 1311 1314 1317 1320 1323 1326 1329 1332 1335 1338 1341 1344 1347 1350 1353 1356 1359 1362 1365 1368 1371 1374 1377 1380 1383 1386 1389 1392 1395 1398 1401 1404 1407 1410 1413 1416 1419 1422 1425 1428 1431 1434 1437 1440 1443 1446 1449 1452 1455 1458 1461 1464 1467 1470 1473 1476 1479 1482 1485 1488 1491 1494 1497 1500 1503 1506 1509 1512 1515 1518 1521 1524 1527 1530 1533 1536 1539 1542 1545 1548 1551 1554 1557 1560 1563 1566 1569 1572 1575 1578 1581 1584 1587 1590 1593 1596 1599 1602 1605 1608 1611 1614 1617 1620 1623 1626 1629 1632 1635 1638 1641 1644 1647 1650 1653 1656 1659 1662 1665 1668 1671 1674 1677 1680 1683 1686 1689 1692 1695 1698 1701 1704 1707 1710 1713 1716 1719 1722 1725 1728 1731 1734 1737 1740 1743 1746 1749 1752 1755 1758 1761 1764 1767 1770 1773 1776 1779 1782 1785 1788 1791 1794 1797 1800 1803 1806 1809 1812 1815 1818 1821 1824 1827 1830 1833 1836 1839 1842 1845 1848 1851 1854 1857 1860 1863 1866 1869 1872 1875 1878 1881 1884 1887 1890 1893 1896 1899 1902 1905 1908 1911 1914 1917 1920 1923 1926 1929 1932 1935 1938 1941 1944 1947 1950 1953 1956 1959 1962 1965 1968 1971 1974 1977 1980 1983 1986 1989 1992 1995 1998 2001 2004 2007 2010 2013 2016 2019 2022 2025 2028 2031 2034 2037 2040 2043 2046 2049 2052 2055 2058 2061 2064 2067 2070 2073 2076 2079 2082 2085 2088 2091 2094 2097 2100 2103 2106 2109 2112 2115 2118 2121 2124 2127 2130 2133 2136 2139 2142 2145 2148 2151 2154 2157 2160 2163 2166 2169 2172 2175 2178 2181 2184 2187 2190 2193 2196 2199 2202 2205 2208 2211 2214 2217 2220 2223 2226 2229 2232 2235 2238 2241 2244 2247 2250 2253 2256 2259 2262 2265 2268 2271 2274 2277 2280 2283 2286 2289 2292 2295 2298 2301 2304 2307 2310 2313 2316 2319 2322 2325 2328 2331 2334 2337 2340 2343 2346 2349 2352 2355 2358 2361 2364 2367 2370 2373 2376 2379 2382 2385 2388 2391 2394 2397 2400 2403 2406 2409 2412 2415 2418 2421 2424 2427 2430 2433 2436 2439 2442 2445 2448 2451 2454 2457 2460 2463 2466 2469 2472 2475 2478 2481 2484 2487 2490 2493 2496 2499 2502 2505 2508 2511 2514 2517 2520 2523 2526 2529 2532 2535 2538 2541 2544 2547 2550 2553 2556 2559 2562 2565 2568 2571 2574 2577 2580 2583 2586 2589 2592 2595 2598 2601 2604 2607 2610 2613 2616 2619 2622 2625 2628 2631 2634 2637 2640 2643 2646 2649 2652 2655 2658 2661 2664 2667 2670 2673 2676 2679 2682 2685 2688 2691 2694 2697 2700 2703 2706 2709 2712 2715 2718 2721 2724 2727 2730 2733 2736 2739 2742 2745 2748 2751 2754 2757 2760 2763 2766 2769 2772 2775 2778 2781 2784 2787 2790 2793 2796 2799 2802 2805 2808 2811 2814 2817 2820 2823 2826 2829 2832 2835 2838 2841 2844 2847 2850 2853 2856 2859 2862 2865 2868 2871 2874 2877 2880 2883 2886 2889 2892 2895 2898 2901 2904 2907 2910 2913 2916 2919 2922 2925 2928 2931 2934 2937 2940 2943 2946 2949 2952 2955 2958 2961 2964 2967 2970 2973 2976 2979 2982 2985 2988 2991 2994 2997 3000 3003 3006 3009 3012 3015 3018 3021 3024 3027 3030 3033 3036 3039 3042 3045 3048 3051 3054 3057 3060 3063 3066 3069 3072 3075 3078 3081 3084 3087 3090 3093 3096 3099 3102 3105 3108 3111 3114 3117 3120 3123 3126 3129 3132 3135 3138 3141 3144 3147 3150 3153 3156 3159 3162 3165 3168 3171 3174 3177 3180 3183 3186 3189 3192 3195 3198 3201 3204 3207 3210 3213 3216 3219 3222 3225 3228 3231 3234 3237 3240 3243 3246 3249 3252 3255 3258 3261 3264 3267 3270 3273 3276 3279 3282 3285 3288 3291 3294 3297 3300 3303 3306 3309 3312 3315 3318 3321 3324 3327 3330 3333 3336 3339 3342 3345 3348 3351 3354 3357 3360 3363 3366 3369 3372 3375 3378 3381 3384 3387 3390 3393 3396 3399 3402 3405 3408 3411 3414 3417 3420 3423 3426 3429 3432 3435 3438 3441 3444 3447 3450 3453 3456 3459 3462 3465 3468 3471 3474 3477 3480 3483 3486 3489 3492 3495 3498 3501 3504 3507 3510 3513 3516 3519 3522 3525 3528 3531 3534 3537 3540 3543 3546 3549 3552 3555 3558 3561 3564 3567 3570 3573 3576 3579 3582 3585 3588 3591 3594 3597 3600 3603 3606 3609 3612 3615 3618 3621 3624 3627 3630 3633 3636 3639 3642 3645 3648 3651 3654 3657 3660 3663 3666 3669 3672 3675 3678 3681 3684 3687 3690 3693 3696 3699 3702 3705 3708 3711 3714 3717 3720 3723 3726 3729 3732 3735 3738 3741 3744 3747 3750 3753 3756 3759 3762 3765 3768 3771 3774 3777 3780 3783 3786 3789 3792 3795 3798 3801 3804 3807 3810 3813 3816 3819 3822 3825 3828 3831 3834 3837 3840 3843 3846 3849 3852 3855 3858 3861 3864 3867 3870 3873 3876 3879 3882 3885 3888 3891 3894 3897 3900 3903 3906 3909 3912 3915 3918 3921 3924 3927 3930 3933 3936 3939 3942 3945 3948 3951 3954 3957 3960 3963 3966 3969 3972 3975 3978 3981 3984 3987 3990 3993 3996 3999 4002 4005 4008 4011 4014 4017 4020 4023 4026 4029 4032 4035 4038 4041 4044 4047 4050 4053 4056 4059 4062 4065 4068 4071 4074 4077 4080 4083 4086 4089 4092 4095 4098 4101 4104 4107 4110 4113 4116 4119 4122 4125 4128 4131 4134 4137 4140 4143 4146 4149 4152 4155 4158 4161 4164 4167 4170 4173 4176 4179 4182 4185 4188 4191 4194 4197 4200 4203 4206 4209 4212 4215 4218 4221 4224 4227 4230 4233 4236 4239 4242 4245 4248 4251 4254 4257 4260 4263 4266 4269 4272 4275 4278 4281 4284 4287 4290 4293 4296 4299 4302 4305 4308 4311 4314 4317 4320 4323 4326 4329 4332 4335 4338 4341 4344 4347 4350 4353 4356 4359 4362 4365 4368 4371 4374 4377 4380 4383 4386 4389 4392 4395 4398 4401 4404 4407 4410 4413 4416 4419 4422 4425 4428 4431 4434 4437 4440 4443 4446 4449 4452 4455 4458 4461 4464 4467 4470 4473 4476 4479 4482 4485 4488 4491 4494 4497 4500 4503 4506 4509 4512 4515 4518 4521 4524 4527 4530 4533 4536 4539 4542 4545 4548 4551 4554 4557 4560 4563 4566 4569 4572 4575 4578 4581 4584 4587 4590 4593 4596 4599 4602 4605 4608 4611 4614 4617 4620 4623 4626 4629 4632 4635 4638 4641 4644 4647 4650 4653 4656 4659 4662 4665 4668 4671 4674 4677 4680 4683 4686 4689 4692 4695 4698 4701 4704 4707 4710 4713 4716 4719 4722 4725 4728 4731 4734 4737 4740 4743 4746 4749 4752 4755 4758 4761 4764 4767 4770 4773 4776 4779 4782 4785 4788 4791 4794 4797 4800 4803 4806 4809 4812 4815 4818 4821 4824 4827 4830 4833 4836 4839 4842 4845 4848 4851 4854 4857 4860 4863 4866 4869 4872 4875 4878 4881 4884 4887 4890 4893 4896 4899 4902 4905 4908 4911 4914 4917 4920 4923 4926 4929 4932 4935 4938 4941 4944 4947 4950 4953 4956 4959 4962 4965 4968 4971 4974 4977 4980 4983 4986 4989 4992 4995 4998 5001 5004 5007 5010 5013 5016 5019 5022 5025 5028 5031 5034 5037 5040 5043 5046 5049 5052 5055 5058 5061 5064 5067 5070 5073 5076 5079 5082 5085 5088 5091 5094 5097 5100 5103 5106 5109 5112 5115 5118 5121 5124 5127 5130 5133 5136 5139 5142 5145 5148 5151 5154 5157 5160 5163 5166 5169 5172 5175 5178 5181 5184 5187 5190 5193 5196 5199 5202 5205 5208 5211 5214 5217 5220 5223 5226 5229 5232 5235 5238 5241 5244 5247 5250 5253 5256 5259 5262 5265 5268 5271 5274 5277 5280 5283 5286 5289 5292 5295 5298 5301 5304 5307 5310 5313 5316 5319 5322 5325 5328 5331 5334 5337 5340 5343 5346 5349 5352 5355 5358 5361 5364 5367 5370 5373 5376 5379 5382 5385 5388 5391 5394 5397 5400 5403 5406 5409 5412 5415 5418 5421 5424 5427 5430 5433 5436 5439 5442 5445 5448 5451 5454 5457 5460 5463 5466 5469 5472 5475 5478 5481 5484 5487 5490 5493 5496 5499 5502 5505 5508 5511 5514 5517 5520 5523 5526 5529 5532 5535 5538 5541 5544 5547 5550 5553 5556 5559 5562 5565 5568 5571 5574 5577 5580 5583 5586 5589 5592 5595 5598 5601 5604 5607 5610 5613 5616 5619 5622 5625 5628 5631 5634 5637 5640 5643 5646 5649 5652 5655 5658 5661 5664 5667 5670 5673 5676 5679 5682 5685 5688 5691 5694 5697 5700 5703 5706 5709 5712 5715 5718 5721 5724 5727 5730 5733 5736 5739 5742 5745 5748 5751 5754 5757 5760 5763 5766 5769 5772 5775 5778 5781 5784 5787 5790 5793 5796 5799 5802 5805 5808 5811 5814 5817 5820 5823 5826 5829 5832 5835 5838 5841 5844 5847 5850 5853 5856 5859 5862 5865 5868 5871 5874 5877 5880 5883 5886 5889 5892 5895 5898 5901 5904 5907 5910 5913 5916 5919 5922 5925 5928 5931 5934 5937 5940 5943 5946 5949 5952 5955 5958 5961 5964 5967 5970 5973 5976 5979 5982 5985 5988 5991 5994 5997 6000 6003 6006 6009 6012 6015 6018 6021 6024 6027 6030 6033 6036 6039 6042 6045 6048 6051 6054 6057 6060 6063 6066 6069 6072 6075 6078 6081 6084 6087 6090 6093 6096 6099 6102 6105 6108 6111 6114 6117 6120 6123 6126 6129 6132 6135 6138 6141 6144 6147 6150 6153 6156 6159 6162 6165 6168 6171 6174 6177 6180 6183 6186 6189 6192 6195 6198 6201 6204 6207 6210 6213 6216 6219 6222 6225 6228 6231 6234 6237 6240 6243 6246 6249 6252 6255 6258 6261 6264 6267 6270 6273 6276 6279 6282 6285 6288 6291 6294 6297 6300 6303 6306 6309 6312 6315 6318 6321 6324 6327 6330 6333 6336 6339 6342 6345 6348 6351 6354 6357 6360 6363 6366 6369 6372 6375 6378 6381 6384 6387 6390 6393 6396 6399 6402 6405 6408 6411 6414 6417 6420 6423 6426 6429 6432 6435 6438 6441 6444 6447 6450 6453 6456 6459 6462 6465 6468 6471 6474 6477 6480 6483 6486 6489 6492 6495 6498 6501 6504 6507 6510 6513 6516 6519 6522 6525 6528 6531 6534 6537 6540 6543 6546 6549 6552 6555 6558 6561 6564 6567 6570 6573 6576 6579 6582 6585 6588 6591 6594 6597 6600 6603 6606 6609 6612 6615 6618 6621 6624 6627 6630 6633 6636 6639 6642 6645 6648 6651 6654 6657 6660 6663 6666 6669 6672 6675 6678 6681 6684 6687 6690 6693 6696 6699 6702 6705 6708 6711 6714 6717 6720 6723 6726 6729 6732 6735 6738 6741 6744 6747 6750 6753 6756 6759 6762 6765 6768 6771 6774 6777 6780 6783 6786 6789 6792 6795 6798 6801 6804 6807 6810 6813 6816 6819 6822 6825 6828 6831 6834 6837 6840 6843 6846 6849 6852 6855 6858 6861 6864 6867 6870 6873 6876 6879 6882 6885 6888 6891 6894 6897 6900 6903 6906 6909 6912 6915 6918 6921 6924 6927 6930 6933 6936 6939 6942 6945 6948 6951 6954 6957 6960 6963 6966 6969 6972 6975 6978 6981 6984 6987 6990 6993 6996 6999 7002 7005 7008 7011 7014 7017 7020 7023 7026 7029 7032 7035 7038 7041 7044 7047 7050 7053 7056 7059 7062 7065 7068 7071 7074 7077 7080 7083 7086 7089 7092 7095 7098 7101 7104 7107 7110 7113 7116 7119 7122 7125 7128 7131 7134 7137 7140 7143 7146 7149 7152 7155 7158 7161 7164 7167 7170 7173 7176 7179 7182 7185 7188 7191 7194 7197 7200 7203 7206 7209 7212 7215 7218 7221 7224 7227 7230 7233 7236 7239 7242 7245 7248 7251 7254 7257 7260 7263 7266 7269 7272 7275 7278 7281 7284 7287 7290 7293 7296 7299 7302 7305 7308 7311 7314 7317 7320 7323 7326 7329 7332 7335 7338 7341 7344 7347 7350 7353 7356 7359 7362 7365 7368 7371 7374 7377 7380 7383 7386 7389 7392 7395 7398 7401 7404 7407 7410 7413 7416 7419 7422 7425 7428 7431 7434 7437 7440 7443 7446 7449 7452 7455 7458 7461 7464 7467 7470 7473 7476 7479 7482 7485 7488 7491 7494 7497 7500 7503 7506 7509 7512 7515 7518 7521 7524 7527 7530 7533 7536 7539 7542 7545 7548 7551 7554 7557 7560 7563 7566 7569 7572 7575 7578 7581 7584 7587 7590 7593 7596 7599 7602 7605 7608 7611 7614 7617 7620 7623 7626 7629 7632 7635 7638 7641 7644 7647 7650 7653 7656 7659 7662 7665 7668 7671 7674 7677 7680
</DataArray>
<DataArray type="UInt8" Name="types" format="ascii">
5 5 5 5 5 5 5 5 5 5 5 5 5 5 5 5 5 5 5 5 5 5 5 5 5 5 5 5 5 5 5 5 5 5 5 5 5 5 5 5 5 5 5 5 5 5 5 5 5 5 5 5 5 5 5 5 5 5 5 5 5 5 5 5 5 5 5 5 5 5 5 5 5 5 5 5 5 5 5 5 5 5 5 5 5 5 5 5 5 5 5 5 5 5 5 5 5 5 5 5 5 5 5 5 5 5 5 5 5 5 5 5 5 5 5 5 5 5 5 5 5 5 5 5 5 5 5 5 5 5 5 5 5 5 5 5 5 5 5 5 5 5 5 5 5 5 5 5 5 5 5 5 5 5 5 5 5 5 5 5 5 5 5 5 5 5 5 5 5 5 5 5 5 5 5 5 5 5 5 5 5 5 5 5 5 5 5 5 5 5 5 5 5 5 5 5 5 5 5 5 5 5 5 5 5 5 5 5 5 5 5 5 5 5 5 5 5 5 5 5 5 5 5 5 5 5 5 5 5 5 5 5 5 5 5 5 5 5 5 5 5 5 5 5 5 5 5 5 5 5 5 5 5 5 5 5 5 5 5 5 5 5 5 5 5 5 5 5 5 5 5 5 5 5 5 5 5 5 5 5 5 5 5 5 5 5 5 5 5 5 5 5 5 5 5 5 5 5 5 5 5 5 5 5 5 5 5 5 5 5 5 5 5 5 5 5 5 5 5 5 5 5 5 5 5 5 5 5 5 5 5 5 5 5 5 5 5 5 5 5 5 5 5 5 5 5 5 5 5 5 5 5 5 5 5 5 5 5 5 5 5 5 5 5 5 5 5 5 5 5 5 5 5 5 5 5 5 5 5 5 5 5 5 5 5 5 5 5 5 5 5 5 5 5 5 5 5 5 5 5 5 5 5 5 5 5 5 5 5 5 5 5 5 5 5 5 5 5 5 5 5 5 5 5 5 5 5 5 5 5 5 5 5 5 5 5 5 5 5 5 5 5 5 5 5 5 5 5 5 5 5 5 5 5 5 5 5 5 5 5 5 5 5 5 5 5 5 5 5 5 5 5 5 5 5 5 5 5 5 5 5 5 5 5 5 5 5 5 5 5 5 5 5 5 5 5 5 5 5 5 5 5 5 5 5 5 5 5 5 5 5 5 5 5 5 5 5 5 5 5 5 5 5 5 5 5 5 5 5 5 5 5 5 5 5 5 5 5 5 5 5 5 5 5 5 5 5 5 5 5 5 5 5 5 5 5 5 5 5 5 5 5 5 5 5 5 5 5 5 5 5 5 5 5 5 5 5 5 5 5 5 5 5 5 5 5 5 5 5 5 5 5 5 5 5 5 5 5 5 5 5 5 5 5 5 5 5 5 5 5 5 5 5 5 5 5 5 5 5 5 5 5 5 5 5 5 5 5 5 5 5 5 5 5 5 5 5 5 5 5 5 5 5 5 5 5 5 5 5 5 5 5 5 5 5 5 5 5 5 5 5 5 5 5 5 5 5 5 5 5 5 5 5 5 5 5 5 5 5 5 5 5 5 5 5 5 5 5 5 5 5 5 5 5 5 5 5 5 5 5 5 5 5 5 5 5 5 5 5 5 5 5 5 5 5 5 5 5 5 5 5 5 5 5 5 5 5 5 5 5 5 5 5 5 5 5 5 5 5 5 5 5 5 5 5 5 5 5 5 5 5 5 5 5 5 5 5 5 5 5 5 5 5 5 5 5 5 5 5 5 5 5 5 5 5 5 5 5 5 5 5 5 5 5 5 5 5 5 5 5 5 5 5 5 5 5 5 5 5 5 5 5 5 5 5 5 5 5 5 5 5 5 5 5 5 5 5 5 5 5 5 5 5 5 5 5 5 5 5 5 5 5 5 5 5 5 5 5 5 5 5 5 5 5 5 5 5 5 5 5 5 5 5 5 5 5 5 5 5 5 5 5 5 5 5 5 5 5 5 5 5 5 5 5 5 5 5 5 5 5 5 5 5 5 5 5 5 5 5 5 5 5 5 5 5 5 5 5 5 5 5 5 5 5 5 5 5 5 5 5 5 5 5 5 5 5 5 5 5 5 5 5 5 5 5 5 5 5 5 5 5 5 5 5 5 5 5 5 5 5 5 5 5 5 5 5 5 5 5 5 5 5 5 5 5 5 5 5 5 5 5 5 5 5 5 5 5 5 5 5 5 5 5 5 5 5 5 5 5 5 5 5 5 5 5 5 5 5 5 5 5 5 5 5 5 5 5 5 5 5 5 5 5 5 5 5 5 5 5 5 5 5 5 5 5 5 5 5 5 5 5 5 5 5 5 5 5 5 5 5 5 5 5 5 5 5 5 5 5 5 5 5 5 5 5 5 5 5 5 5 5 5 5 5 5 5 5 5 5 5 5 5 5 5 5 5 5 5 5 5 5 5 5 5 5 5 5 5 5 5 5 5 5 5 5 5 5 5 5 5 5 5 5 5 5 5 5 5 5 5 5 5 5 5 5 5 5 5 5 5 5 5 5 5 5 5 5 5 5 5 5 5 5 5 5 5 5 5 5 5 5 5 5 5 5 5 5 5 5 5 5 5 5 5 5 5 5 5 5 5 5 5 5 5 5 5 5 5 5 5 5 5 5 5 5 5 5 5 5 5 5 5 5 5 5 5 5 5 5 5 5 5 5 5 5 5 5 5 5 5 5 5 5 5 5 5 5 5 5 5 5 5 5 5 5 5 5 5 5 5 5 5 5 5 5 5 5 5 5 5 5 5 5 5 5 5 5 5 5 5 5 5 5 5 5 5 5 5 5 5 5 5 5 5 5 5 5 5 5 5 5 5 5 5 5 5 5 5 5 5 5 5 5 5 5 5 5 5 5 5 5 5 5 5 5 5 5 5 5 5 5 5 5 5 5 5 5 5 5 5 5 5 5 5 5 5 5 5 5 5 5 5 5 5 5 5 5 5 5 5 5 5 5 5 5 5 5 5 5 5 5 5 5 5 5 5 5 5 5 5 5 5 5 5 5 5 5 5 5 5 5 5 5 5 5 5 5 5 5 5 5 5 5 5 5 5 5 5 5 5 5 5 5 5 5 5 5 5 5 5 5 5 5 5 5 5 5 5 5 5 5 5 5 5 5 5 5 5 5 5 5 5 5 5 5 5 5 5 5 5 5 5 5 5 5 5 5 5 5 5 5 5 5 5 5 5 5 5 5 5 5 5 5 5 5 5 5 5 5 5 5 5 5 5 5 5 5 5 5 5 5 5 5 5 5 5 5 5 5 5 5 5 5 5 5 5 5 5 5 5 5 5 5 5 5 5 5 5 5 5 5 5 5 5 5 5 5 5 5 5 5 5 5 5 5 5 5 5 5 5 5 5 5 5 5 5 5 5 5 5 5 5 5 5 5 5 5 5 5 5 5 5 5 5 5 5 5 5 5 5 5 5 5 5 5 5 5 5 5 5 5 5 5 5 5 5 5 5 5 5 5 5 5 5 5 5 5 5 5 5 5 5 5 5 5 5 5 5 5 5 5 5 5 5 5 5 5 5 5 5 5 5 5 5 5 5 5 5 5 5 5 5 5 5 5 5 5 5 5 5 5 5 5 5 5 5 5 5 5 5 5 5 5 5 5 5 5 5 5 5 5 5 5 5 5 5 5 5 5 5 5 5 5 5 5 5 5 5 5 5 5 5 5 5 5 5 5 5 5 5 5 5 5 5 5 5 5 5 5 5 5 5 5 5 5 5 5 5 5 5 5 5 5 5 5 5 5 5 5 5 5 5 5 5 5 5 5 5 5 5 5 5 5 5 5 5 5 5 5 5 5 5 5 5 5 5 5 5 5 5 5 5 5 5 5 5 5 5 5 5 5 5 5 5 5 5 5 5 5 5 5 5 5 5 5 5 5 5 5 5 5 5 5 5 5 5 5 5 5 5 5 5 5 5 5 5 5 5 5 5 5 5 5 5 5 5 5 5 5 5 5 5 5 5 5 5 5 5 5 5 5 5 5 5 5 5 5 5 5 5 5 5 5 5 5 5 5 5 5 5 5 5 5 5 5 5 5 5 5 5 5 5 5 5 5 5 5 5 5 5 5 5 5 5 5 5 5 5 5 5 5 5 5 5 5 5 5 5 5 5 5 5 5 5 5 5 5 5 5 5 5 5 5 5 5 5 5 5 5 5 5 5 5 5 5 5 5 5 5 5 5 5 5 5 5 5 5 5 5 5 5 5 5 5 5 5 5 5 5 5 5 5 5 5 5 5 5 5 5 5 5 5 5 5 5 5 5 5 5 5 5 5 5 5 5 5 5 5 5 5 5 5 5 5 5 5 5 5 5 5 5 5 5 5 5 5 5 5 5 5 5 5 5 5 5 5 5 5 5 5 5 5 5 5 5 5 5 5 5 5 5 5 5 5 5 5 5 5 5 5 5 5 5 5 5 5 5 5 5 5 5 5 5 5 5 5 5 5 5 5 5 5 5 5 5 5 5 5 5 5 5 5 5 5 5 5 5 5 5 5 5 5 5 5 5 5 5 5 5 5 5 5 5 5 5 5 5 5 5 5 5 5 5 5 5 5 5 5 5 5 5 5 5 5 5 5 5 5 5 5 5 5 5 5 5 5 5 5 5 5 5 5 5 5 5 5 5 5 5 5 5 5 5 5 5 5 5 5 5 5 5 5 5 5 5 5 5 5 5 5 5 5 5 5 5 5 5 5 5 5 5 5 5 5 5 5 5 5 5 5 5 5 5 5 5 5 5 5 5 5 5 5 5 5 5 5 5 5 5 5 5 5 5 5 5 5 5 5 5 5 5 5 5 5 5 5 5 5 5 5 5 5 5 5 5 5 5 5 5 5 5 5 5 5 5 5 5 5 5 5 5 5 5 5 5 5 5 5 5 5 5 5 5 5 5 5 5 5 5 5 5 5 5 5 5 5 5 5 5 5 5 5 5 5 5 5 5 5 5 5 5 5 5 5 5 5 5 5 5 5 5 5 5 5 5 5 5 5 5 5 5 5 5 5 5 5 5 5 5 5 5 5 5 5 5 5 5 5 5 5 5 5 5 5 5 5 5 5 5 5 5 5 5 5 5 5 5 5 5 5 5 5 5 5 5 5 5 5 5 5 5 5 5 5 5 5 5 5 5 5 5 5 5 5 5 5 5 5 5 5 5 5 5 5 5 5 5 5 5 5 5 5 5 5 5 5 5 5 5 5 5 5 5 5 5 5 5 5 5 5 5 5 5 5 5 5 5 5 5 5 5 5 5 5 5 5 5 5 5 5 5 5 5 5 5 5 5 5 5 5 5 5 5 5 5 5 5 5 5 5 5 5 5 5 5 5 5 5 5 5 5 5 5 5 5 5 5 5 5 5 5 5 5 5 5 5 5 5 5 5 5 5 5 5 5 5 5 5 5 5 5 5 5 5 5 5 5 5 5 5 5 5 5 5 5 5 5 5 5 5 5 5 5 5 5 5 5 5 5 5 5 5 5 5 5 5 5 5 5 5 5 5 5 5 5 5 5 5 5 5 5 5 5 5 5 5 5 5 5 5 5 5 5 5 5 5 5 5 5 5 5 5 5 5 5 5 5 5 5 5 5 5 5 5 5 5 5 5 5 5 5 5 5 5 5 5 5 5 5 5 5 5 5 5 5 5 5 5 5 5 5 5 5 5 5 5 5 5 5 5 5 5 5 5 5 5 5 5 5 5 5 5 5 5 5 5 5 5 5 5 5 5 5 5 5 5 5 5 5 5 5 5 5 5 5 5 5 5 5 5
</DataArray>
</Cells>
<PointData>
<DataArray type="Float64" Name="temperature [K]" NumberOfComponents="1" format="ascii">
351.05419161712393 350.45538922191446 349.8565868267049 349.2577844314957 348.6589820362863 348.0601796410771 347.46137724586754 346.86257485065835 346.2637724554488 345.6649700602391 345.06616766502964 344.4673652698197 343.86856287461 343.2697604794002 342.6709580841903 342.07215568897993 341.4733532937694 340.8745508985588 340.27574850334776 339.6769461081372 339.07814371292625 338.47934131771507 337.88053892250383 337.2817365272926 336.6829341320807 336.0841317368688 335.4853293416567 334.8865269464443 334.2877245512316 333.6889221560198 333.0901197608082 332.4913173655964 331.8925149703843 331.2937125751726 330.6949101799599 330.0961077847468 329.4973053895337 328.89850299432067 328.2997005991075 327.70089820389404 327.10209580868025 326.50329341346617 325.904491018252 325.3056886230381 324.70688622782353 324.1080838326088 323.5092814373939 322.9104790421787 322.3116766469633 321.7128742517479 321.11407185653223 320.5152694613162 319.9164670661 319.3176646708845 318.7188622756687 318.12005988045263 317.5212574852363 316.9224550900198 316.3236526948034 315.7248502995869 315.1260479043702 314.5272455091535 313.9284431139367 313.3296407187198 312.7308383235022 312.1320359282845 311.53323353306655 310.93443113784843 310.3356287426302 309.7368263474118 309.13802395219295 308.5392215569739 307.9404191617548 307.34161676653576 306.7428143713167 306.1440119760974 305.54520958087824 304.9464071856589 304.3476047904394 303.74880239521985 303.15 351.0541916171239 350.4553892219144 349.8565868267048 349.2577844314957 348.6589820362863 348.0601796410771 347.4613772458676 346.86257485065835 346.26377245544876 345.66497006023906 345.0661676650297 344.4673652698197 343.86856287461006 343.2697604794002 342.6709580841903 342.07215568897993 341.47335329376943 340.8745508985588 340.2757485033479 339.67694610813726 339.07814371292625 338.479341317715 337.8805389225038 337.28173652729265 336.68293413208073 336.08413173686887 335.48532934165667 334.88652694644435 334.2877245512316 333.6889221560199 333.09011976080825 332.4913173655964 331.8925149703844 331.2937125751727 330.69491017995995 330.09610778474683 329.4973053895338 328.8985029943207 328.29970059910755 327.7008982038941 327.10209580868025 326.5032934134662 325.90449101825203 325.3056886230382 324.70688622782353 324.1080838326088 323.5092814373939 322.9104790421787 322.31167664696335 321.71287425174796 321.11407185653223 320.5152694613163 319.91646706609987 319.31766467088454 318.71886227566876 318.12005988045263 317.5212574852364 316.9224550900199 316.3236526948035 315.7248502995869 315.1260479043701 314.5272455091535 313.92844311393674 313.3296407187197 312.73083832350216 312.1320359282845 311.53323353306655 310.93443113784843 310.3356287426302 309.73682634741186 309.138023952193 308.53922155697404 307.9404191617548 307.3416167665357 306.7428143713166 306.1440119760974 305.54520958087824 304.9464071856589 304.3476047904394 303.74880239521985 303.15 351.0541916171239 350.4553892219145 349.8565868267049 349.25778443149574 348.65898203628626 348.06017964107696 347.4613772458675 346.8625748506582 346.2637724554488 345.6649700602391 345.06616766502975 344.4673652698197 343.86856287461 343.2697604794002 342.6709580841903 342.0721556889799 341.47335329376943 340.8745508985588 340.27574850334804 339.67694610813726 339.0781437129263 338.47934131771495 337.8805389225037 337.2817365272925 336.6829341320807 336.08413173686876 335.4853293416567 334.88652694644435 334.2877245512317 333.6889221560201 333.09011976080836 332.49131736559644 331.8925149703844 331.29371257517244 330.6949101799602 330.0961077847469 329.4973053895339 328.89850299432084 328.29970059910767 327.70089820389404 327.1020958086803 326.5032934134662 325.90449101825243 325.30568862303824 324.70688622782365 324.10808383260877 323.5092814373939 322.9104790421787 322.3116766469634 321.7128742517479 321.11407185653235 320.5152694613164 319.91646706610004 319.3176646708847 318.71886227566887 318.1200598804528 317.52125748523645 316.92245509002004 316.32365269480385 315.72485029958693 315.1260479043702 314.5272455091535 313.92844311393674 313.3296407187197 312.7308383235022 312.13203592828455 311.53323353306655 310.9344311378485 310.3356287426303 309.73682634741215 309.1380239521932 308.53922155697416 307.94041916175485 307.3416167665356 306.7428143713167 306.14401197609743 305.5452095808783 304.9464071856589 304.34760479043945 303.74880239521985 303.15 351.0541916171239 350.4553892219144 349.85658682670487 349.2577844314958 348.6589820362863 348.06017964107696 347.4613772458676 346.8625748506583 346.2637724554489 345.6649700602392 345.06616766502975 344.46736526981965 343.86856287461 343.26976047940025 342.6709580841903 342.0721556889799 341.4733532937693 340.8745508985588 340.2757485033481 339.6769461081372 339.0781437129263 338.4793413177149 337.8805389225037 337.28173652729237 336.6829341320807 336.08413173686876 335.48532934165667 334.88652694644435 334.28772455123175 333.68892215602017 333.0901197608083 332.4913173655964 331.89251497038424 331.29371257517226 330.69491017995983 330.09610778474695 329.49730538953395 328.89850299432084 328.29970059910767 327.7008982038941 327.1020958086803 326.5032934134664 325.9044910182526 325.3056886230382 324.7068862278237 324.1080838326088 323.50928143739395 322.9104790421788 322.31167664696346 321.712874251748 321.11407185653235 320.51526946131645 319.91646706610015 319.31766467088477 318.7188622756689 318.12005988045286 317.52125748523645 316.9224550900202 316.32365269480385 315.72485029958676 315.12604790436995 314.52724550915343 313.9284431139367 313.3296407187196 312.73083832350227 312.1320359282845 311.53323353306655 310.9344311378484 310.3356287426303 309.73682634741226 309.1380239521931 308.53922155697427 307.94041916175473 307.3416167665356 306.7428143713166 306.1440119760974 305.54520958087824 304.94640718565887 304.3476047904394 303.74880239521974 303.15 351.0541916171236 350.45538922191423 349.856586826705 349.25778443149574 348.6589820362864 348.060179641077 347.4613772458677 346.8625748506582 346.26377245544876 345.6649700602393 345.06616766502975 344.4673652698199 343.8685628746103 343.2697604794004 342.6709580841905 342.0721556889798 341.4733532937693 340.8745508985587 340.27574850334804 339.6769461081371 339.07814371292625 338.4793413177149 337.8805389225037 337.2817365272924 336.6829341320806 336.0841317368688 335.4853293416567 334.88652694644446 334.28772455123226 333.68892215602045 333.09011976080853 332.4913173655965 331.89251497038424 331.29371257517215 330.6949101799597 330.09610778474695 329.49730538953395 328.8985029943211 328.29970059910784 327.7008982038941 327.1020958086803 326.5032934134665 325.90449101825266 325.30568862303824 324.7068862278238 324.1080838326089 323.50928143739407 322.910479042179 322.3116766469637 321.7128742517481 321.1140718565324 320.5152694613166 319.91646706610055 319.317664670885 318.71886227566904 318.1200598804529 317.5212574852366 316.9224550900203 316.3236526948039 315.7248502995868 315.1260479043699 314.5272455091535 313.9284431139367 313.32964071871965 312.7308383235022 312.13203592828455 311.5332335330666 310.9344311378484 310.33562874263026 309.736826347412 309.1380239521931 308.5392215569741 307.9404191617546 307.34161676653554 306.7428143713166 306.14401197609743 305.5452095808783 304.94640718565887 304.34760479043945 303.74880239521974 303.15 351.0541916171236 350.4553892219142 349.856586826705 349.2577844314959 348.65898203628643 348.060179641077 347.46137724586777 346.8625748506581 346.2637724554489 345.66497006023917 345.0661676650298 344.4673652698201 343.86856287461046 343.2697604794004 342.6709580841904 342.07215568897976 341.47335329376926 340.8745508985586 340.27574850334787 339.67694610813703 339.07814371292625 338.47934131771495 337.8805389225038 337.2817365272924 336.6829341320808 336.08413173686887 335.4853293416569 334.88652694644463 334.28772455123243 333.6889221560207 333.09011976080865 332.4913173655965 331.8925149703843 331.2937125751721 330.69491017995966 330.0961077847471 329.4973053895343 328.8985029943214 328.299700599108 327.70089820389416 327.1020958086804 326.50329341346674 325.9044910182529 325.3056886230383 324.7068862278239 324.10808383260905 323.50928143739424 322.9104790421794 322.311676646964 321.7128742517483 321.1140718565326 320.51526946131673 319.9164670661008 319.31766467088516 318.7188622756692 318.120059880453 317.52125748523684 316.9224550900206 316.32365269480397 315.724850299587 315.12604790437024 314.5272455091537 313.9284431139369 313.32964071871976 312.73083832350216 312.13203592828444 311.53323353306655 310.93443113784843 310.33562874263026 309.73682634741186 309.1380239521932 308.53922155697427 307.9404191617549 307.34161676653565 306.7428143713167 306.1440119760975 305.54520958087835 304.94640718565887 304.3476047904395 303.74880239521974 303.15 351.0541916171236 350.4553892219142 349.8565868267051 349.2577844314959 348.65898203628655 348.06017964107707 347.4613772458677 346.86257485065795 346.2637724554488 345.6649700602391 345.0661676650299 344.4673652698202 343.8685628746105 343.2697604794005 342.6709580841903 342.0721556889799 341.4733532937693 340.87455089855854 340.2757485033475 339.676946108137 339.07814371292613 338.47934131771495 337.88053892250383 337.2817365272924 336.68293413208096 336.08413173686904 335.48532934165706 334.88652694644486 334.28772455123254 333.68892215602085 333.0901197608088 332.4913173655966 331.8925149703844 331.2937125751721 330.6949101799596 330.09610778474723 329.4973053895344 328.89850299432146 328.2997005991083 327.7008982038943 327.1020958086807 326.50329341346685 325.9044910182527 325.30568862303835 324.70688622782393 324.1080838326092 323.50928143739446 322.9104790421796 322.3116766469644 321.71287425174864 321.114071856533 320.51526946131696 319.91646706610084 319.31766467088545 318.71886227566944 318.1200598804532 317.521257485237 316.9224550900209 316.32365269480425 315.7248502995872 315.1260479043705 314.52724550915383 313.92844311393713 313.3296407187197 312.73083832350227 312.1320359282845 311.53323353306655 310.9344311378484 310.3356287426303 309.7368263474119 309.13802395219335 308.53922155697444 307.9404191617551 307.34161676653594 306.74281437131657 306.1440119760976 305.5452095808784 304.946407185659 304.3476047904395 303.7488023952198 303.15 351.0541916171236 350.455389221914 349.8565868267049 349.25778443149574 348.65898203628655 348.0601796410772 347.4613772458677 346.86257485065806 346.26377245544876 345.6649700602392 345.0661676650299 344.4673652698202 343.8685628746106 343.2697604794005 342.6709580841903 342.0721556889798 341.4733532937693 340.8745508985585 340.27574850334753 339.6769461081369 339.07814371292625 338.47934131771507 337.8805389225039 337.28173652729254 336.68293413208096 336.084131736869 335.48532934165723 334.8865269464451 334.2877245512329 333.68892215602114 333.09011976080893 332.49131736559673 331.89251497038447 331.2937125751722 330.6949101799596 330.0961077847471 329.49730538953446 328.89850299432135 328.29970059910806 327.7008982038944 327.10209580868076 326.50329341346685 325.90449101825294 325.30568862303846 324.70688622782404 324.1080838326094 323.5092814373945 322.91047904217976 322.31167664696443 321.7128742517489 321.11407185653314 320.51526946131725 319.91646706610123 319.31766467088573 318.7188622756696 318.1200598804534 317.52125748523713 316.92245509002106 316.32365269480437 315.72485029958744 315.12604790437064 314.5272455091538 313.92844311393696 313.32964071871965 312.7308383235024 312.13203592828455 311.5332335330665 310.93443113784843 310.3356287426304 309.736826347412 309.13802395219346 308.53922155697455 307.9404191617553 307.3416167665361 306.74281437131674 306.1440119760977 305.54520958087835 304.9464071856589 304.34760479043945 303.74880239521974 303.15 351.0541916171236 350.4553892219139 349.8565868267048 349.25778443149574 348.65898203628666 348.06017964107724 347.46137724586777 346.8625748506581 346.26377245544876 345.6649700602392 345.0661676650298 344.4673652698202 343.8685628746105 343.2697604794005 342.6709580841903 342.07215568897976 341.47335329376926 340.8745508985584 340.2757485033476 339.6769461081369 339.0781437129262 338.4793413177152 337.88053892250406 337.2817365272925 336.6829341320811 336.0841317368692 335.48532934165735 334.88652694644526 334.2877245512334 333.68892215602125 333.09011976080905 332.4913173655968 331.89251497038447 331.2937125751723 330.69491017995966 330.0961077847472 329.4973053895343 328.8985029943213 328.29970059910806 327.70089820389444 327.10209580868076 326.503293413467 325.904491018253 325.3056886230385 324.70688622782416 324.1080838326096 323.50928143739475 322.91047904218004 322.3116766469646 321.71287425174904 321.11407185653337 320.5152694613175 319.91646706610175 319.3176646708859 318.7188622756699 318.1200598804536 317.5212574852373 316.9224550900211 316.3236526948045 315.72485029958756 315.1260479043707 314.52724550915383 313.9284431139369 313.3296407187197 312.73083832350255 312.13203592828455 311.5332335330665 310.9344311378485 310.33562874263055 309.7368263474121 309.1380239521936 308.5392215569747 307.9404191617554 307.3416167665362 306.74281437131697 306.1440119760978 305.54520958087835 304.9464071856589 304.34760479043945 303.7488023952198 303.15 351.05419161712354 350.45538922191395 349.85658682670476 349.25778443149574 348.6589820362865 348.0601796410771 347.46137724586777 346.86257485065823 346.2637724554488 345.6649700602393 345.06616766502987 344.4673652698202 343.8685628746105 343.2697604794004 342.6709580841903 342.07215568897976 341.4733532937693 340.87455089855837 340.27574850334764 339.676946108137 339.07814371292613 338.4793413177152 337.880538922504 337.2817365272925 336.68293413208113 336.08413173686927 335.48532934165746 334.88652694644543 334.2877245512336 333.68892215602136 333.0901197608092 332.49131736559696 331.89251497038435 331.29371257517215 330.6949101799596 330.0961077847471 329.497305389534 328.8985029943213 328.2997005991081 327.7008982038943 327.10209580868076 326.503293413467 325.90449101825305 325.3056886230387 324.7068862278242 324.10808383260974 323.509281437395 322.9104790421802 322.31167664696477 321.7128742517491 321.1140718565336 320.51526946131764 319.91646706610214 319.31766467088613 318.71886227567 318.12005988045377 317.52125748523724 316.9224550900212 316.3236526948046 315.7248502995876 315.12604790437064 314.5272455091539 313.9284431139369 313.32964071871965 312.7308383235024 312.13203592828455 311.5332335330666 310.93443113784866 310.33562874263066 309.73682634741226 309.13802395219363 308.5392215569747 307.94041916175564 307.34161676653633 306.7428143713171 306.1440119760979 305.54520958087835 304.9464071856589 304.3476047904396 303.74880239521985 303.15 351.0541916171235 350.45538922191395 349.8565868267048 349.25778443149574 348.6589820362864 348.060179641077 347.46137724586765 346.8625748506582 346.2637724554489 345.66497006023934 345.0661676650297 344.4673652698201 343.8685628746104 343.26976047940036 342.6709580841904 342.0721556889799 341.4733532937694 340.8745508985586 340.2757485033479 339.676946108137 339.07814371292636 338.4793413177152 337.880538922504 337.28173652729265 336.6829341320811 336.08413173686944 335.4853293416577 334.8865269464456 334.2877245512338 333.68892215602165 333.09011976080933 332.49131736559696 331.8925149703844 331.2937125751721 330.6949101799596 330.09610778474695 329.4973053895339 328.89850299432106 328.29970059910795 327.7008982038943 327.10209580868076 326.50329341346696 325.9044910182531 325.3056886230388 324.70688622782444 324.1080838326098 323.50928143739515 322.91047904218027 322.311676646965 321.7128742517494 321.11407185653377 320.5152694613179 319.9164670661023 319.31766467088624 318.7188622756701 318.12005988045377 317.5212574852373 316.9224550900212 316.3236526948047 315.7248502995876 315.12604790437064 314.5272455091539 313.92844311393696 313.32964071871965 312.7308383235023 312.13203592828467 311.53323353306666 310.93443113784895 310.3356287426308 309.7368263474124 309.1380239521938 308.53922155697484 307.94041916175576 307.3416167665365 306.74281437131725 306.1440119760979 305.54520958087846 304.94640718565904 304.3476047904398 303.7488023952199 303.15 351.0541916171235 350.455389221914 349.85658682670487 349.2577844314956 348.6589820362863 348.06017964107707 347.46137724586765 346.8625748506581 346.263772455449 345.66497006023945 345.0661676650298 344.46736526982016 343.86856287461006 343.2697604794003 342.6709580841903 342.0721556889799 341.47335329376943 340.8745508985587 340.275748503348 339.67694610813686 339.07814371292613 338.4793413177151 337.88053892250406 337.2817365272927 336.68293413208124 336.08413173686967 335.485329341658 334.88652694644577 334.287724551234 333.6889221560219 333.0901197608095 332.491317365597 331.89251497038447 331.29371257517204 330.6949101799597 330.0961077847469 329.4973053895338 328.89850299432095 328.2997005991079 327.7008982038943 327.10209580868076 326.5032934134672 325.90449101825317 325.3056886230389 324.7068862278244 324.10808383260996 323.5092814373953 322.91047904218027 322.31167664696517 321.7128742517496 321.11407185653394 320.5152694613182 319.9164670661025 319.3176646708864 318.7188622756702 318.12005988045377 317.5212574852374 316.92245509002123 316.32365269480465 315.7248502995877 315.12604790437064 314.5272455091539 313.928443113937 313.32964071871976 312.73083832350244 312.1320359282848 311.53323353306683 310.9344311378493 310.3356287426311 309.7368263474127 309.13802395219403 308.53922155697506 307.9404191617559 307.3416167665366 306.7428143713173 306.144011976098 305.54520958087863 304.9464071856591 304.3476047904397 303.7488023952199 303.15 351.05419161712354 350.45538922191406 349.85658682670487 349.2577844314957 348.6589820362863 348.060179641077 347.46137724586765 346.86257485065823 346.263772455449 345.6649700602395 345.06616766502964 344.4673652698203 343.8685628746102 343.26976047940036 342.67095808419026 342.07215568898 341.47335329376955 340.87455089855905 340.2757485033481 339.6769461081371 339.0781437129261 338.4793413177152 337.8805389225042 337.2817365272927 336.68293413208124 336.08413173686984 335.48532934165814 334.88652694644605 334.2877245512342 333.6889221560221 333.0901197608097 332.4913173655971 331.8925149703847 331.2937125751722 330.6949101799598 330.09610778474683 329.4973053895337 328.8985029943209 328.29970059910784 327.7008982038944 327.1020958086808 326.5032934134671 325.9044910182531 325.3056886230389 324.70688622782444 324.1080838326102 323.50928143739543 322.91047904218027 322.3116766469651 321.7128742517498 321.11407185653434 320.5152694613185 319.916467066103 319.31766467088664 318.71886227567023 318.120059880454 317.5212574852376 316.9224550900213 316.3236526948047 315.72485029958784 315.12604790437086 314.52724550915406 313.9284431139371 313.3296407187199 312.7308383235026 312.13203592828495 311.53323353306706 310.9344311378493 310.3356287426314 309.7368263474131 309.1380239521942 308.5392215569751 307.94041916175615 307.3416167665369 306.7428143713174 306.14401197609806 305.5452095808788 304.94640718565927 304.34760479043973 303.74880239521985 303.15 351.05419161712354 350.45538922191406 349.8565868267049 349.2577844314956 348.6589820362864 348.06017964107707 347.46137724586765 346.86257485065823 346.2637724554488 345.66497006023957 345.0661676650297 344.4673652698201 343.8685628746101 343.2697604794004 342.67095808419026 342.0721556889803 341.4733532937697 340.8745508985594 340.27574850334815 339.6769461081373 339.0781437129263 338.4793413177152 337.88053892250423 337.2817365272929 336.6829341320814 336.08413173687006 335.48532934165826 334.88652694644617 334.28772455123436 333.68892215602216 333.09011976080984 332.4913173655973 331.8925149703848 331.2937125751722 330.6949101799596 330.0961077847466 329.4973053895336 328.89850299432084 328.2997005991078 327.7008982038943 327.10209580868093 326.5032934134669 325.90449101825305 325.3056886230389 324.7068862278246 324.1080838326104 323.5092814373955 322.9104790421801 322.31167664696505 321.71287425174984 321.11407185653434 320.5152694613186 319.9164670661031 319.31766467088676 318.7188622756704 318.120059880454 317.52125748523764 316.92245509002123 316.32365269480454 315.7248502995879 315.12604790437086 314.5272455091541 313.92844311393725 313.32964071872 312.7308383235029 312.1320359282851 311.5332335330672 310.9344311378494 310.33562874263146 309.7368263474132 309.1380239521944 308.5392215569754 307.9404191617562 307.34161676653684 306.7428143713175 306.14401197609806 305.54520958087875 304.9464071856594 304.3476047904397 303.74880239521985 303.15 351.0541916171236 350.455389221914 349.8565868267049 349.2577844314957 348.6589820362864 348.0601796410771 347.4613772458676 346.86257485065823 346.2637724554487 345.66497006023934 345.06616766502975 344.4673652698199 343.86856287461 343.2697604794003 342.67095808419043 342.0721556889803 341.47335329376995 340.8745508985597 340.2757485033483 339.6769461081375 339.0781437129264 338.4793413177153 337.88053892250423 337.2817365272929 336.6829341320814 336.0841317368702 335.4853293416583 334.8865269464462 334.2877245512343 333.6889221560222 333.0901197608099 332.4913173655973 331.89251497038487 331.2937125751723 330.69491017995955 330.09610778474655 329.49730538953355 328.8985029943208 328.2997005991078 327.7008982038944 327.1020958086808 326.50329341346685 325.9044910182531 325.3056886230391 324.7068862278247 324.10808383261036 323.5092814373955 322.91047904218004 322.311676646965 321.7128742517499 321.11407185653445 320.51526946131867 319.91646706610305 319.3176646708868 318.7188622756706 318.12005988045405 317.5212574852377 316.9224550900211 316.3236526948045 315.72485029958773 315.12604790437075 314.52724550915406 313.9284431139373 313.3296407187201 312.73083832350284 312.1320359282852 311.53323353306735 310.9344311378497 310.33562874263146 309.73682634741317 309.1380239521946 308.5392215569755 307.9404191617561 307.3416167665367 306.7428143713175 306.14401197609806 305.5452095808787 304.9464071856594 304.3476047904396 303.74880239521985 303.15 351.05419161712365 350.45538922191406 349.85658682670487 349.25778443149574 348.6589820362865 348.0601796410769 347.46137724586754 346.8625748506581 346.2637724554486 345.66497006023917 345.06616766502964 344.4673652698198 343.86856287461 343.2697604794004 342.6709580841905 342.07215568898033 341.4733532937701 340.87455089855996 340.27574850334855 339.67694610813754 339.07814371292653 338.4793413177153 337.8805389225043 337.2817365272929 336.68293413208147 336.0841317368702 335.48532934165837 334.8865269464463 334.2877245512343 333.6889221560223 333.09011976080996 332.4913173655975 331.892514970385 331.29371257517244 330.6949101799596 330.0961077847465 329.4973053895336 328.8985029943208 328.2997005991077 327.7008982038944 327.10209580868053 326.50329341346674 325.90449101825317 325.3056886230391 324.70688622782484 324.1080838326103 323.5092814373955 322.9104790421802 322.3116766469649 321.71287425174995 321.1140718565345 320.5152694613187 319.91646706610317 319.3176646708869 318.71886227567063 318.1200598804542 317.52125748523775 316.92245509002106 316.3236526948044 315.7248502995877 315.12604790437086 314.5272455091541 313.9284431139373 313.3296407187202 312.73083832350295 312.13203592828523 311.53323353306735 310.9344311378497 310.3356287426315 309.7368263474131 309.13802395219454 308.5392215569757 307.9404191617561 307.3416167665367 306.7428143713175 306.14401197609806 305.54520958087875 304.9464071856593 304.3476047904395 303.74880239521974 303.15 351.05419161712365 350.45538922191406 349.8565868267048 349.25778443149574 348.65898203628643 348.06017964107696 347.4613772458675 346.8625748506581 346.26377245544853 345.6649700602391 345.06616766502964 344.4673652698198 343.86856287460995 343.2697604794003 342.6709580841905 342.0721556889803 341.4733532937702 340.87455089856 340.27574850334867 339.6769461081376 339.07814371292653 338.47934131771535 337.88053892250423 337.28173652729294 336.6829341320815 336.08413173687 335.48532934165837 334.88652694644634 334.2877245512346 333.6889221560223 333.09011976081 332.4913173655975 331.892514970385 331.29371257517255 330.69491017995955 330.0961077847465 329.4973053895336 328.8985029943208 328.2997005991078 327.7008982038944 327.1020958086806 326.5032934134667 325.90449101825317 325.30568862303926 324.7068862278249 324.1080838326103 323.5092814373955 322.91047904218016 322.31167664696477 321.71287425174984 321.1140718565345 320.5152694613188 319.9164670661032 319.317664670887 318.71886227567063 318.1200598804542 317.5212574852377 316.92245509002106 316.3236526948044 315.7248502995877 315.1260479043709 314.5272455091541 313.9284431139373 313.3296407187202 312.7308383235029 312.1320359282853 311.53323353306735 310.93443113784986 310.3356287426315 309.7368263474131 309.1380239521945 308.5392215569757 307.94041916175604 307.3416167665367 306.7428143713175 306.14401197609806 305.5452095808787 304.9464071856593 304.34760479043945 303.74880239521957 303.15
</DataArray>
</PointData>
</Piece>
</UnstructuredGrid>
</VTKFile>
