<?xml version="1.0"?>
<!-- forge presentation artifact, not evidence: {"case": "flagship", "execution": "de2fed8085944f35200ee96fae62bde12f77f4c8730f472d8e0c7d6f8fe93e6b", "fields": {"displacement": "m", "temperature": "K", "von_mises": "Pa"}, "mesh_digest": "7668efb385175d26f565862fc2d083ac46209184fde30f8f53a5e8298bd552bb", "provider": "calculix"} -->
<VTKFile type="UnstructuredGrid" version="0.1" byte_order="LittleEndian">
<UnstructuredGrid>
<Piece NumberOfPoints="1377" NumberOfCells="2560">
<Points>
<DataArray type="Float64" NumberOfComponents="3" format="ascii">
0.0 0.0 0.0 0.0025 0.0 0.0 0.005 0.0 0.0 0.0075 0.0 0.0 0.01 0.0 0.0 0.0125 0.0 0.0 0.015 0.0 0.0 0.0175 0.0 0.0 0.02 0.0 0.0 0.0225 0.0 0.0 0.025 0.0 0.0 0.0275 0.0 0.0 0.03 0.0 0.0 0.0325 0.0 0.0 0.035 0.0 0.0 0.0375 0.0 0.0 0.04 0.0 0.0 0.0425 0.0 0.0 0.045 0.0 0.0 0.0475 0.0 0.0 0.05 0.0 0.0 0.0525 0.0 0.0 0.055 0.0 0.0 0.0575 0.0 0.0 0.06 0.0 0.0 0.0625 0.0 0.0 0.065 0.0 0.0 0.0675 0.0 0.0 0.07 0.0 0.0 0.0725 0.0 0.0 0.075 0.0 0.0 0.0775 0.0 0.0 0.08 0.0 0.0 0.0825 0.0 0.0 0.085 0.0 0.0 0.08750000000000001 0.0 0.0 0.09 0.0 0.0 0.0925 0.0 0.0 0.095 0.0 0.0 0.0975 0.0 0.0 0.1 0.0 0.0 0.10250000000000001 0.0 0.0 0.105 0.0 0.0 0.1075 0.0 0.0 0.11 0.0 0.0 0.1125 0.0 0.0 0.115 0.0 0.0 0.11750000000000001 0.0 0.0 0.12 0.0 0.0 0.1225 0.0 0.0 0.125 0.0 0.0 0.1275 0.0 0.0 0.13 0.0 0.0 0.1325 0.0 0.0 0.135 0.0 0.0 0.1375 0.0 0.0 0.14 0.0 0.0 0.14250000000000002 0.0 0.0 0.145 0.0 0.0 0.1475 0.0 0.0 0.15 0.0 0.0 0.1525 0.0 0.0 0.155 0.0 0.0 0.1575 0.0 0.0 0.16 0.0 0.0 0.1625 0.0 0.0 0.165 0.0 0.0 0.1675 0.0 0.0 0.17 0.0 0.0 0.17250000000000001 0.0 0.0 0.17500000000000002 0.0 0.0 0.1775 0.0 0.0 0.18 0.0 0.0 0.1825 0.0 0.0 0.185 0.0 0.0 0.1875 0.0 0.0 0.19 0.0 0.0 0.1925 0.0 0.0 0.195 0.0 0.0 0.1975 0.0 0.0 0.2 0.0 0.0 0.0 0.00125 0.0 0.0025 0.00125 0.0 0.005 0.00125 0.0 0.0075 0.00125 0.0 0.01 0.00125 0.0 0.0125 0.00125 0.0 0.015 0.00125 0.0 0.0175 0.00125 0.0 0.02 0.00125 0.0 0.0225 0.00125 0.0 0.025 0.00125 0.0 0.0275 0.00125 0.0 0.03 0.00125 0.0 0.0325 0.00125 0.0 0.035 0.00125 0.0 0.0375 0.00125 0.0 0.04 0.00125 0.0 0.0425 0.00125 0.0 0.045 0.00125 0.0 0.0475 0.00125 0.0 0.05 0.00125 0.0 0.0525 0.00125 0.0 0.055 0.00125 0.0 0.0575 0.00125 0.0 0.06 0.00125 0.0 0.0625 0.00125 0.0 0.065 0.00125 0.0 0.0675 0.00125 0.0 0.07 0.00125 0.0 0.0725 0.00125 0.0 0.075 0.00125 0.0 0.0775 0.00125 0.0 0.08 0.00125 0.0 0.0825 0.00125 0.0 0.085 0.00125 0.0 0.08750000000000001 0.00125 0.0 0.09 0.00125 0.0 0.0925 0.00125 0.0 0.095 0.00125 0.0 0.0975 0.00125 0.0 0.1 0.00125 0.0 0.10250000000000001 0.00125 0.0 0.105 0.00125 0.0 0.1075 0.00125 0.0 0.11 0.00125 0.0 0.1125 0.00125 0.0 0.115 0.00125 0.0 0.11750000000000001 0.00125 0.0 0.12 0.00125 0.0 0.1225 0.00125 0.0 0.125 0.00125 0.0 0.1275 0.00125 0.0 0.13 0.00125 0.0 0.1325 0.00125 0.0 0.135 0.00125 0.0 0.1375 0.00125 0.0 0.14 0.00125 0.0 0.14250000000000002 0.00125 0.0 0.145 0.00125 0.0 0.1475 0.00125 0.0 0.15 0.00125 0.0 0.1525 0.00125 0.0 0.155 0.00125 0.0 0.1575 0.00125 0.0 0.16 0.00125 0.0 0.1625 0.00125 0.0 0.165 0.00125 0.0 0.1675 0.00125 0.0 0.17 0.00125 0.0 0.17250000000000001 0.00125 0.0 0.17500000000000002 0.00125 0.0 0.1775 0.00125 0.0 0.18 0.00125 0.0 0.1825 0.00125 0.0 0.185 0.00125 0.0 0.1875 0.00125 0.0 0.19 0.00125 0.0 0.1925 0.00125 0.0 0.195 0.00125 0.0 0.1975 0.00125 0.0 0.2 0.00125 0.0 0.0 0.0025 0.0 0.0025 0.0025 0.0 0.005 0.0025 0.0 0.0075 0.0025 0.0 0.01 0.0025 0.0 0.0125 0.0025 0.0 0.015 0.0025 0.0 0.0175 0.0025 0.0 0.02 0.0025 0.0 0.0225 0.0025 0.0 0.025 0.0025 0.0 0.0275 0.0025 0.0 0.03 0.0025 0.0 0.0325 0.0025 0.0 0.035 0.0025 0.0 0.0375 0.0025 0.0 0.04 0.0025 0.0 0.0425 0.0025 0.0 0.045 0.0025 0.0 0.0475 0.0025 0.0 0.05 0.0025 0.0 0.0525 0.0025 0.0 0.055 0.0025 0.0 0.0575 0.0025 0.0 0.06 0.0025 0.0 0.0625 0.0025 0.0 0.065 0.0025 0.0 0.0675 0.0025 0.0 0.07 0.0025 0.0 0.0725 0.0025 0.0 0.075 0.0025 0.0 0.0775 0.0025 0.0 0.08 0.0025 0.0 0.0825 0.0025 0.0 0.085 0.0025 0.0 0.08750000000000001 0.0025 0.0 0.09 0.0025 0.0 0.0925 0.0025 0.0 0.095 0.0025 0.0 0.0975 0.0025 0.0 0.1 0.0025 0.0 0.10250000000000001 0.0025 0.0 0.105 0.0025 0.0 0.1075 0.0025 0.0 0.11 0.0025 0.0 0.1125 0.0025 0.0 0.115 0.0025 0.0 0.11750000000000001 0.0025 0.0 0.12 0.0025 0.0 0.1225 0.0025 0.0 0.125 0.0025 0.0 0.1275 0.0025 0.0 0.13 0.0025 0.0 0.1325 0.0025 0.0 0.135 0.0025 0.0 0.1375 0.0025 0.0 0.14 0.0025 0.0 0.14250000000000002 0.0025 0.0 0.145 0.0025 0.0 0.1475 0.0025 0.0 0.15 0.0025 0.0 0.1525 0.0025 0.0 0.155 0.0025 0.0 0.1575 0.0025 0.0 0.16 0.0025 0.0 0.1625 0.0025 0.0 0.165 0.0025 0.0 0.1675 0.0025 0.0 0.17 0.0025 0.0 0.17250000000000001 0.0025 0.0 0.17500000000000002 0.0025 0.0 0.1775 0.0025 0.0 0.18 0.0025 0.0 0.1825 0.0025 0.0 0.185 0.0025 0.0 0.1875 0.0025 0.0 0.19 0.0025 0.0 0.1925 0.0025 0.0 0.195 0.0025 0.0 0.1975 0.0025 0.0 0.2 0.0025 0.0 0.0 0.00375 0.0 0.0025 0.00375 0.0 0.005 0.00375 0.0 0.0075 0.00375 0.0 0.01 0.00375 0.0 0.0125 0.00375 0.0 0.015 0.00375 0.0 0.0175 0.00375 0.0 0.02 0.00375 0.0 0.0225 0.00375 0.0 0.025 0.00375 0.0 0.0275 0.00375 0.0 0.03 0.00375 0.0 0.0325 0.00375 0.0 0.035 0.00375 0.0 0.0375 0.00375 0.0 0.04 0.00375 0.0 0.0425 0.00375 0.0 0.045 0.00375 0.0 0.0475 0.00375 0.0 0.05 0.00375 0.0 0.0525 0.00375 0.0 0.055 0.00375 0.0 0.0575 0.00375 0.0 0.06 0.00375 0.0 0.0625 0.00375 0.0 0.065 0.00375 0.0 0.0675 0.00375 0.0 0.07 0.00375 0.0 0.0725 0.00375 0.0 0.075 0.00375 0.0 0.0775 0.00375 0.0 0.08 0.00375 0.0 0.0825 0.00375 0.0 0.085 0.00375 0.0 0.08750000000000001 0.00375 0.0 0.09 0.00375 0.0 0.0925 0.00375 0.0 0.095 0.00375 0.0 0.0975 0.00375 0.0 0.1 0.00375 0.0 0.10250000000000001 0.00375 0.0 0.105 0.00375 0.0 0.1075 0.00375 0.0 0.11 0.00375 0.0 0.1125 0.00375 0.0 0.115 0.00375 0.0 0.11750000000000001 0.00375 0.0 0.12 0.00375 0.0 0.1225 0.00375 0.0 0.125 0.00375 0.0 0.1275 0.00375 0.0 0.13 0.00375 0.0 0.1325 0.00375 0.0 0.135 0.00375 0.0 0.1375 0.00375 0.0 0.14 0.00375 0.0 0.14250000000000002 0.00375 0.0 0.145 0.00375 0.0 0.1475 0.00375 0.0 0.15 0.00375 0.0 0.1525 0.00375 0.0 0.155 0.00375 0.0 0.1575 0.00375 0.0 0.16 0.00375 0.0 0.1625 0.00375 0.0 0.165 0.00375 0.0 0.1675 0.00375 0.0 0.17 0.00375 0.0 0.17250000000000001 0.00375 0.0 0.17500000000000002 0.00375 0.0 0.1775 0.00375 0.0 0.18 0.00375 0.0 0.1825 0.00375 0.0 0.185 0.00375 0.0 0.1875 0.00375 0.0 0.19 0.00375 0.0 0.1925 0.00375 0.0 0.195 0.00375 0.0 0.1975 0.00375 0.0 0.2 0.00375 0.0 0.0 0.005 0.0 0.0025 0.005 0.0 0.005 0.005 0.0 0.0075 0.005 0.0 0.01 0.005 0.0 0.0125 0.005 0.0 0.015 0.005 0.0 0.0175 0.005 0.0 0.02 0.005 0.0 0.0225 0.005 0.0 0.025 0.005 0.0 0.0275 0.005 0.0 0.03 0.005 0.0 0.0325 0.005 0.0 0.035 0.005 0.0 0.0375 0.005 0.0 0.04 0.005 0.0 0.0425 0.005 0.0 0.045 0.005 0.0 0.0475 0.005 0.0 0.05 0.005 0.0 0.0525 0.005 0.0 0.055 0.005 0.0 0.0575 0.005 0.0 0.06 0.005 0.0 0.0625 0.005 0.0 0.065 0.005 0.0 0.0675 0.005 0.0 0.07 0.005 0.0 0.0725 0.005 0.0 0.075 0.005 0.0 0.0775 0.005 0.0 0.08 0.005 0.0 0.0825 0.005 0.0 0.085 0.005 0.0 0.08750000000000001 0.005 0.0 0.09 0.005 0.0 0.0925 0.005 0.0 0.095 0.005 0.0 0.0975 0.005 0.0 0.1 0.005 0.0 0.10250000000000001 0.005 0.0 0.105 0.005 0.0 0.1075 0.005 0.0 0.11 0.005 0.0 0.1125 0.005 0.0 0.115 0.005 0.0 0.11750000000000001 0.005 0.0 0.12 0.005 0.0 0.1225 0.005 0.0 0.125 0.005 0.0 0.1275 0.005 0.0 0.13 0.005 0.0 0.1325 0.005 0.0 0.135 0.005 0.0 0.1375 0.005 0.0 0.14 0.005 0.0 0.14250000000000002 0.005 0.0 0.145 0.005 0.0 0.1475 0.005 0.0 0.15 0.005 0.0 0.1525 0.005 0.0 0.155 0.005 0.0 0.1575 0.005 0.0 0.16 0.005 0.0 0.1625 0.005 0.0 0.165 0.005 0.0 0.1675 0.005 0.0 0.17 0.005 0.0 0.17250000000000001 0.005 0.0 0.17500000000000002 0.005 0.0 0.1775 0.005 0.0 0.18 0.005 0.0 0.1825 0.005 0.0 0.185 0.005 0.0 0.1875 0.005 0.0 0.19 0.005 0.0 0.1925 0.005 0.0 0.195 0.005 0.0 0.1975 0.005 0.0 0.2 0.005 0.0 0.0 0.00625 0.0 0.0025 0.00625 0.0 0.005 0.00625 0.0 0.0075 0.00625 0.0 0.01 0.00625 0.0 0.0125 0.00625 0.0 0.015 0.00625 0.0 0.0175 0.00625 0.0 0.02 0.00625 0.0 0.0225 0.00625 0.0 0.025 0.00625 0.0 0.0275 0.00625 0.0 0.03 0.00625 0.0 0.0325 0.00625 0.0 0.035 0.00625 0.0 0.0375 0.00625 0.0 0.04 0.00625 0.0 0.0425 0.00625 0.0 0.045 0.00625 0.0 0.0475 0.00625 0.0 0.05 0.00625 0.0 0.0525 0.00625 0.0 0.055 0.00625 0.0 0.0575 0.00625 0.0 0.06 0.00625 0.0 0.0625 0.00625 0.0 0.065 0.00625 0.0 0.0675 0.00625 0.0 0.07 0.00625 0.0 0.0725 0.00625 0.0 0.075 0.00625 0.0 0.0775 0.00625 0.0 0.08 0.00625 0.0 0.0825 0.00625 0.0 0.085 0.00625 0.0 0.08750000000000001 0.00625 0.0 0.09 0.00625 0.0 0.0925 0.00625 0.0 0.095 0.00625 0.0 0.0975 0.00625 0.0 0.1 0.00625 0.0 0.10250000000000001 0.00625 0.0 0.105 0.00625 0.0 0.1075 0.00625 0.0 0.11 0.00625 0.0 0.1125 0.00625 0.0 0.115 0.00625 0.0 0.11750000000000001 0.00625 0.0 0.12 0.00625 0.0 0.1225 0.00625 0.0 0.125 0.00625 0.0 0.1275 0.00625 0.0 0.13 0.00625 0.0 0.1325 0.00625 0.0 0.135 0.00625 0.0 0.1375 0.00625 0.0 0.14 0.00625 0.0 0.14250000000000002 0.00625 0.0 0.145 0.00625 0.0 0.1475 0.00625 0.0 0.15 0.00625 0.0 0.1525 0.00625 0.0 0.155 0.00625 0.0 0.1575 0.00625 0.0 0.16 0.00625 0.0 0.1625 0.00625 0.0 0.165 0.00625 0.0 0.1675 0.00625 0.0 0.17 0.00625 0.0 0.17250000000000001 0.00625 0.0 0.17500000000000002 0.00625 0.0 0.1775 0.00625 0.0 0.18 0.00625 0.0 0.1825 0.00625 0.0 0.185 0.00625 0.0 0.1875 0.00625 0.0 0.19 0.00625 0.0 0.1925 0.00625 0.0 0.195 0.00625 0.0 0.1975 0.00625 0.0 0.2 0.00625 0.0 0.0 0.0075 0.0 0.0025 0.0075 0.0 0.005 0.0075 0.0 0.0075 0.0075 0.0 0.01 0.0075 0.0 0.0125 0.0075 0.0 0.015 0.0075 0.0 0.0175 0.0075 0.0 0.02 0.0075 0.0 0.0225 0.0075 0.0 0.025 0.0075 0.0 0.0275 0.0075 0.0 0.03 0.0075 0.0 0.0325 0.0075 0.0 0.035 0.0075 0.0 0.0375 0.0075 0.0 0.04 0.0075 0.0 0.0425 0.0075 0.0 0.045 0.0075 0.0 0.0475 0.0075 0.0 0.05 0.0075 0.0 0.0525 0.0075 0.0 0.055 0.0075 0.0 0.0575 0.0075 0.0 0.06 0.0075 0.0 0.0625 0.0075 0.0 0.065 0.0075 0.0 0.0675 0.0075 0.0 0.07 0.0075 0.0 0.0725 0.0075 0.0 0.075 0.0075 0.0 0.0775 0.0075 0.0 0.08 0.0075 0.0 0.0825 0.0075 0.0 0.085 0.0075 0.0 0.08750000000000001 0.0075 0.0 0.09 0.0075 0.0 0.0925 0.0075 0.0 0.095 0.0075 0.0 0.0975 0.0075 0.0 0.1 0.0075 0.0 0.10250000000000001 0.0075 0.0 0.105 0.0075 0.0 0.1075 0.0075 0.0 0.11 0.0075 0.0 0.1125 0.0075 0.0 0.115 0.0075 0.0 0.11750000000000001 0.0075 0.0 0.12 0.0075 0.0 0.1225 0.0075 0.0 0.125 0.0075 0.0 0.1275 0.0075 0.0 0.13 0.0075 0.0 0.1325 0.0075 0.0 0.135 0.0075 0.0 0.1375 0.0075 0.0 0.14 0.0075 0.0 0.14250000000000002 0.0075 0.0 0.145 0.0075 0.0 0.1475 0.0075 0.0 0.15 0.0075 0.0 0.1525 0.0075 0.0 0.155 0.0075 0.0 0.1575 0.0075 0.0 0.16 0.0075 0.0 0.1625 0.0075 0.0 0.165 0.0075 0.0 0.1675 0.0075 0.0 0.17 0.0075 0.0 0.17250000000000001 0.0075 0.0 0.17500000000000002 0.0075 0.0 0.1775 0.0075 0.0 0.18 0.0075 0.0 0.1825 0.0075 0.0 0.185 0.0075 0.0 0.1875 0.0075 0.0 0.19 0.0075 0.0 0.1925 0.0075 0.0 0.195 0.0075 0.0 0.1975 0.0075 0.0 0.2 0.0075 0.0 0.0 0.00875 0.0 0.0025 0.00875 0.0 0.005 0.00875 0.0 0.0075 0.00875 0.0 0.01 0.00875 0.0 0.0125 0.00875 0.0 0.015 0.00875 0.0 0.0175 0.00875 0.0 0.02 0.00875 0.0 0.0225 0.00875 0.0 0.025 0.00875 0.0 0.0275 0.00875 0.0 0.03 0.00875 0.0 0.0325 0.00875 0.0 0.035 0.00875 0.0 0.0375 0.00875 0.0 0.04 0.00875 0.0 0.0425 0.00875 0.0 0.045 0.00875 0.0 0.0475 0.00875 0.0 0.05 0.00875 0.0 0.0525 0.00875 0.0 0.055 0.00875 0.0 0.0575 0.00875 0.0 0.06 0.00875 0.0 0.0625 0.00875 0.0 0.065 0.00875 0.0 0.0675 0.00875 0.0 0.07 0.00875 0.0 0.0725 0.00875 0.0 0.075 0.00875 0.0 0.0775 0.00875 0.0 0.08 0.00875 0.0 0.0825 0.00875 0.0 0.085 0.00875 0.0 0.08750000000000001 0.00875 0.0 0.09 0.00875 0.0 0.0925 0.00875 0.0 0.095 0.00875 0.0 0.0975 0.00875 0.0 0.1 0.00875 0.0 0.10250000000000001 0.00875 0.0 0.105 0.00875 0.0 0.1075 0.00875 0.0 0.11 0.00875 0.0 0.1125 0.00875 0.0 0.115 0.00875 0.0 0.11750000000000001 0.00875 0.0 0.12 0.00875 0.0 0.1225 0.00875 0.0 0.125 0.00875 0.0 0.1275 0.00875 0.0 0.13 0.00875 0.0 0.1325 0.00875 0.0 0.135 0.00875 0.0 0.1375 0.00875 0.0 0.14 0.00875 0.0 0.14250000000000002 0.00875 0.0 0.145 0.00875 0.0 0.1475 0.00875 0.0 0.15 0.00875 0.0 0.1525 0.00875 0.0 0.155 0.00875 0.0 0.1575 0.00875 0.0 0.16 0.00875 0.0 0.1625 0.00875 0.0 0.165 0.00875 0.0 0.1675 0.00875 0.0 0.17 0.00875 0.0 0.17250000000000001 0.00875 0.0 0.17500000000000002 0.00875 0.0 0.1775 0.00875 0.0 0.18 0.00875 0.0 0.1825 0.00875 0.0 0.185 0.00875 0.0 0.1875 0.00875 0.0 0.19 0.00875 0.0 0.1925 0.00875 0.0 0.195 0.00875 0.0 0.1975 0.00875 0.0 0.2 0.00875 0.0 0.0 0.01 0.0 0.0025 0.01 0.0 0.005 0.01 0.0 0.0075 0.01 0.0 0.01 0.01 0.0 0.0125 0.01 0.0 0.015 0.01 0.0 0.0175 0.01 0.0 0.02 0.01 0.0 0.0225 0.01 0.0 0.025 0.01 0.0 0.0275 0.01 0.0 0.03 0.01 0.0 0.0325 0.01 0.0 0.035 0.01 0.0 0.0375 0.01 0.0 0.04 0.01 0.0 0.0425 0.01 0.0 0.045 0.01 0.0 0.0475 0.01 0.0 0.05 0.01 0.0 0.0525 0.01 0.0 0.055 0.01 0.0 0.0575 0.01 0.0 0.06 0.01 0.0 0.0625 0.01 0.0 0.065 0.01 0.0 0.0675 0.01 0.0 0.07 0.01 0.0 0.0725 0.01 0.0 0.075 0.01 0.0 0.0775 0.01 0.0 0.08 0.01 0.0 0.0825 0.01 0.0 0.085 0.01 0.0 0.08750000000000001 0.01 0.0 0.09 0.01 0.0 0.0925 0.01 0.0 0.095 0.01 0.0 0.0975 0.01 0.0 0.1 0.01 0.0 0.10250000000000001 0.01 0.0 0.105 0.01 0.0 0.1075 0.01 0.0 0.11 0.01 0.0 0.1125 0.01 0.0 0.115 0.01 0.0 0.11750000000000001 0.01 0.0 0.12 0.01 0.0 0.1225 0.01 0.0 0.125 0.01 0.0 0.1275 0.01 0.0 0.13 0.01 0.0 0.1325 0.01 0.0 0.135 0.01 0.0 0.1375 0.01 0.0 0.14 0.01 0.0 0.14250000000000002 0.01 0.0 0.145 0.01 0.0 0.1475 0.01 0.0 0.15 0.01 0.0 0.1525 0.01 0.0 0.155 0.01 0.0 0.1575 0.01 0.0 0.16 0.01 0.0 0.1625 0.01 0.0 0.165 0.01 0.0 0.1675 0.01 0.0 0.17 0.01 0.0 0.17250000000000001 0.01 0.0 0.17500000000000002 0.01 0.0 0.1775 0.01 0.0 0.18 0.01 0.0 0.1825 0.01 0.0 0.185 0.01 0.0 0.1875 0.01 0.0 0.19 0.01 0.0 0.1925 0.01 0.0 0.195 0.01 0.0 0.1975 0.01 0.0 0.2 0.01 0.0 0.0 0.01125 0.0 0.0025 0.01125 0.0 0.005 0.01125 0.0 0.0075 0.01125 0.0 0.01 0.01125 0.0 0.0125 0.01125 0.0 0.015 0.01125 0.0 0.0175 0.01125 0.0 0.02 0.01125 0.0 0.0225 0.01125 0.0 0.025 0.01125 0.0 0.0275 0.01125 0.0 0.03 0.01125 0.0 0.0325 0.01125 0.0 0.035 0.01125 0.0 0.0375 0.01125 0.0 0.04 0.01125 0.0 0.0425 0.01125 0.0 0.045 0.01125 0.0 0.0475 0.01125 0.0 0.05 0.01125 0.0 0.0525 0.01125 0.0 0.055 0.01125 0.0 0.0575 0.01125 0.0 0.06 0.01125 0.0 0.0625 0.01125 0.0 0.065 0.01125 0.0 0.0675 0.01125 0.0 0.07 0.01125 0.0 0.0725 0.01125 0.0 0.075 0.01125 0.0 0.0775 0.01125 0.0 0.08 0.01125 0.0 0.0825 0.01125 0.0 0.085 0.01125 0.0 0.08750000000000001 0.01125 0.0 0.09 0.01125 0.0 0.0925 0.01125 0.0 0.095 0.01125 0.0 0.0975 0.01125 0.0 0.1 0.01125 0.0 0.10250000000000001 0.01125 0.0 0.105 0.01125 0.0 0.1075 0.01125 0.0 0.11 0.01125 0.0 0.1125 0.01125 0.0 0.115 0.01125 0.0 0.11750000000000001 0.01125 0.0 0.12 0.01125 0.0 0.1225 0.01125 0.0 0.125 0.01125 0.0 0.1275 0.01125 0.0 0.13 0.01125 0.0 0.1325 0.01125 0.0 0.135 0.01125 0.0 0.1375 0.01125 0.0 0.14 0.01125 0.0 0.14250000000000002 0.01125 0.0 0.145 0.01125 0.0 0.1475 0.01125 0.0 0.15 0.01125 0.0 0.1525 0.01125 0.0 0.155 0.01125 0.0 0.1575 0.01125 0.0 0.16 0.01125 0.0 0.1625 0.01125 0.0 0.165 0.01125 0.0 0.1675 0.01125 0.0 0.17 0.01125 0.0 0.17250000000000001 0.01125 0.0 0.17500000000000002 0.01125 0.0 0.1775 0.01125 0.0 0.18 0.01125 0.0 0.1825 0.01125 0.0 0.185 0.01125 0.0 0.1875 0.01125 0.0 0.19 0.01125 0.0 0.1925 0.01125 0.0 0.195 0.01125 0.0 0.1975 0.01125 0.0 0.2 0.01125 0.0 0.0 0.0125 0.0 0.0025 0.0125 0.0 0.005 0.0125 0.0 0.0075 0.0125 0.0 0.01 0.0125 0.0 0.0125 0.0125 0.0 0.015 0.0125 0.0 0.0175 0.0125 0.0 0.02 0.0125 0.0 0.0225 0.0125 0.0 0.025 0.0125 0.0 0.0275 0.0125 0.0 0.03 0.0125 0.0 0.0325 0.0125 0.0 0.035 0.0125 0.0 0.0375 0.0125 0.0 0.04 0.0125 0.0 0.0425 0.0125 0.0 0.045 0.0125 0.0 0.0475 0.0125 0.0 0.05 0.0125 0.0 0.0525 0.0125 0.0 0.055 0.0125 0.0 0.0575 0.0125 0.0 0.06 0.0125 0.0 0.0625 0.0125 0.0 0.065 0.0125 0.0 0.0675 0.0125 0.0 0.07 0.0125 0.0 0.0725 0.0125 0.0 0.075 0.0125 0.0 0.0775 0.0125 0.0 0.08 0.0125 0.0 0.0825 0.0125 0.0 0.085 0.0125 0.0 0.08750000000000001 0.0125 0.0 0.09 0.0125 0.0 0.0925 0.0125 0.0 0.095 0.0125 0.0 0.0975 0.0125 0.0 0.1 0.0125 0.0 0.10250000000000001 0.0125 0.0 0.105 0.0125 0.0 0.1075 0.0125 0.0 0.11 0.0125 0.0 0.1125 0.0125 0.0 0.115 0.0125 0.0 0.11750000000000001 0.0125 0.0 0.12 0.0125 0.0 0.1225 0.0125 0.0 0.125 0.0125 0.0 0.1275 0.0125 0.0 0.13 0.0125 0.0 0.1325 0.0125 0.0 0.135 0.0125 0.0 0.1375 0.0125 0.0 0.14 0.0125 0.0 0.14250000000000002 0.0125 0.0 0.145 0.0125 0.0 0.1475 0.0125 0.0 0.15 0.0125 0.0 0.1525 0.0125 0.0 0.155 0.0125 0.0 0.1575 0.0125 0.0 0.16 0.0125 0.0 0.1625 0.0125 0.0 0.165 0.0125 0.0 0.1675 0.0125 0.0 0.17 0.0125 0.0 0.17250000000000001 0.0125 0.0 0.17500000000000002 0.0125 0.0 0.1775 0.0125 0.0 0.18 0.0125 0.0 0.1825 0.0125 0.0 0.185 0.0125 0.0 0.1875 0.0125 0.0 0.19 0.0125 0.0 0.1925 0.0125 0.0 0.195 0.0125 0.0 0.1975 0.0125 0.0 0.2 0.0125 0.0 0.0 0.01375 0.0 0.0025 0.01375 0.0 0.005 0.01375 0.0 0.0075 0.01375 0.0 0.01 0.01375 0.0 0.0125 0.01375 0.0 0.015 0.01375 0.0 0.0175 0.01375 0.0 0.02 0.01375 0.0 0.0225 0.01375 0.0 0.025 0.01375 0.0 0.0275 0.01375 0.0 0.03 0.01375 0.0 0.0325 0.01375 0.0 0.035 0.01375 0.0 0.0375 0.01375 0.0 0.04 0.01375 0.0 0.0425 0.01375 0.0 0.045 0.01375 0.0 0.0475 0.01375 0.0 0.05 0.01375 0.0 0.0525 0.01375 0.0 0.055 0.01375 0.0 0.0575 0.01375 0.0 0.06 0.01375 0.0 0.0625 0.01375 0.0 0.065 0.01375 0.0 0.0675 0.01375 0.0 0.07 0.01375 0.0 0.0725 0.01375 0.0 0.075 0.01375 0.0 0.0775 0.01375 0.0 0.08 0.01375 0.0 0.0825 0.01375 0.0 0.085 0.01375 0.0 0.08750000000000001 0.01375 0.0 0.09 0.01375 0.0 0.0925 0.01375 0.0 0.095 0.01375 0.0 0.0975 0.01375 0.0 0.1 0.01375 0.0 0.10250000000000001 0.01375 0.0 0.105 0.01375 0.0 0.1075 0.01375 0.0 0.11 0.01375 0.0 0.1125 0.01375 0.0 0.115 0.01375 0.0 0.11750000000000001 0.01375 0.0 0.12 0.01375 0.0 0.1225 0.01375 0.0 0.125 0.01375 0.0 0.1275 0.01375 0.0 0.13 0.01375 0.0 0.1325 0.01375 0.0 0.135 0.01375 0.0 0.1375 0.01375 0.0 0.14 0.01375 0.0 0.14250000000000002 0.01375 0.0 0.145 0.01375 0.0 0.1475 0.01375 0.0 0.15 0.01375 0.0 0.1525 0.01375 0.0 0.155 0.01375 0.0 0.1575 0.01375 0.0 0.16 0.01375 0.0 0.1625 0.01375 0.0 0.165 0.01375 0.0 0.1675 0.01375 0.0 0.17 0.01375 0.0 0.17250000000000001 0.01375 0.0 0.17500000000000002 0.01375 0.0 0.1775 0.01375 0.0 0.18 0.01375 0.0 0.1825 0.01375 0.0 0.185 0.01375 0.0 0.1875 0.01375 0.0 0.19 0.01375 0.0 0.1925 0.01375 0.0 0.195 0.01375 0.0 0.1975 0.01375 0.0 0.2 0.01375 0.0 0.0 0.015 0.0 0.0025 0.015 0.0 0.005 0.015 0.0 0.0075 0.015 0.0 0.01 0.015 0.0 0.0125 0.015 0.0 0.015 0.015 0.0 0.0175 0.015 0.0 0.02 0.015 0.0 0.0225 0.015 0.0 0.025 0.015 0.0 0.0275 0.015 0.0 0.03 0.015 0.0 0.0325 0.015 0.0 0.035 0.015 0.0 0.0375 0.015 0.0 0.04 0.015 0.0 0.0425 0.015 0.0 0.045 0.015 0.0 0.0475 0.015 0.0 0.05 0.015 0.0 0.0525 0.015 0.0 0.055 0.015 0.0 0.0575 0.015 0.0 0.06 0.015 0.0 0.0625 0.015 0.0 0.065 0.015 0.0 0.0675 0.015 0.0 0.07 0.015 0.0 0.0725 0.015 0.0 0.075 0.015 0.0 0.0775 0.015 0.0 0.08 0.015 0.0 0.0825 0.015 0.0 0.085 0.015 0.0 0.08750000000000001 0.015 0.0 0.09 0.015 0.0 0.0925 0.015 0.0 0.095 0.015 0.0 0.0975 0.015 0.0 0.1 0.015 0.0 0.10250000000000001 0.015 0.0 0.105 0.015 0.0 0.1075 0.015 0.0 0.11 0.015 0.0 0.1125 0.015 0.0 0.115 0.015 0.0 0.11750000000000001 0.015 0.0 0.12 0.015 0.0 0.1225 0.015 0.0 0.125 0.015 0.0 0.1275 0.015 0.0 0.13 0.015 0.0 0.1325 0.015 0.0 0.135 0.015 0.0 0.1375 0.015 0.0 0.14 0.015 0.0 0.14250000000000002 0.015 0.0 0.145 0.015 0.0 0.1475 0.015 0.0 0.15 0.015 0.0 0.1525 0.015 0.0 0.155 0.015 0.0 0.1575 0.015 0.0 0.16 0.015 0.0 0.1625 0.015 0.0 0.165 0.015 0.0 0.1675 0.015 0.0 0.17 0.015 0.0 0.17250000000000001 0.015 0.0 0.17500000000000002 0.015 0.0 0.1775 0.015 0.0 0.18 0.015 0.0 0.1825 0.015 0.0 0.185 0.015 0.0 0.1875 0.015 0.0 0.19 0.015 0.0 0.1925 0.015 0.0 0.195 0.015 0.0 0.1975 0.015 0.0 0.2 0.015 0.0 0.0 0.01625 0.0 0.0025 0.01625 0.0 0.005 0.01625 0.0 0.0075 0.01625 0.0 0.01 0.01625 0.0 0.0125 0.01625 0.0 0.015 0.01625 0.0 0.0175 0.01625 0.0 0.02 0.01625 0.0 0.0225 0.01625 0.0 0.025 0.01625 0.0 0.0275 0.01625 0.0 0.03 0.01625 0.0 0.0325 0.01625 0.0 0.035 0.01625 0.0 0.0375 0.01625 0.0 0.04 0.01625 0.0 0.0425 0.01625 0.0 0.045 0.01625 0.0 0.0475 0.01625 0.0 0.05 0.01625 0.0 0.0525 0.01625 0.0 0.055 0.01625 0.0 0.0575 0.01625 0.0 0.06 0.01625 0.0 0.0625 0.01625 0.0 0.065 0.01625 0.0 0.0675 0.01625 0.0 0.07 0.01625 0.0 0.0725 0.01625 0.0 0.075 0.01625 0.0 0.0775 0.01625 0.0 0.08 0.01625 0.0 0.0825 0.01625 0.0 0.085 0.01625 0.0 0.08750000000000001 0.01625 0.0 0.09 0.01625 0.0 0.0925 0.01625 0.0 0.095 0.01625 0.0 0.0975 0.01625 0.0 0.1 0.01625 0.0 0.10250000000000001 0.01625 0.0 0.105 0.01625 0.0 0.1075 0.01625 0.0 0.11 0.01625 0.0 0.1125 0.01625 0.0 0.115 0.01625 0.0 0.11750000000000001 0.01625 0.0 0.12 0.01625 0.0 0.1225 0.01625 0.0 0.125 0.01625 0.0 0.1275 0.01625 0.0 0.13 0.01625 0.0 0.1325 0.01625 0.0 0.135 0.01625 0.0 0.1375 0.01625 0.0 0.14 0.01625 0.0 0.14250000000000002 0.01625 0.0 0.145 0.01625 0.0 0.1475 0.01625 0.0 0.15 0.01625 0.0 0.1525 0.01625 0.0 0.155 0.01625 0.0 0.1575 0.01625 0.0 0.16 0.01625 0.0 0.1625 0.01625 0.0 0.165 0.01625 0.0 0.1675 0.01625 0.0 0.17 0.01625 0.0 0.17250000000000001 0.01625 0.0 0.17500000000000002 0.01625 0.0 0.1775 0.01625 0.0 0.18 0.01625 0.0 0.1825 0.01625 0.0 0.185 0.01625 0.0 0.1875 0.01625 0.0 0.19 0.01625 0.0 0.1925 0.01625 0.0 0.195 0.01625 0.0 0.1975 0.01625 0.0 0.2 0.01625 0.0 0.0 0.0175 0.0 0.0025 0.0175 0.0 0.005 0.0175 0.0 0.0075 0.0175 0.0 0.01 0.0175 0.0 0.0125 0.0175 0.0 0.015 0.0175 0.0 0.0175 0.0175 0.0 0.02 0.0175 0.0 0.0225 0.0175 0.0 0.025 0.0175 0.0 0.0275 0.0175 0.0 0.03 0.0175 0.0 0.0325 0.0175 0.0 0.035 0.0175 0.0 0.0375 0.0175 0.0 0.04 0.0175 0.0 0.0425 0.0175 0.0 0.045 0.0175 0.0 0.0475 0.0175 0.0 0.05 0.0175 0.0 0.0525 0.0175 0.0 0.055 0.0175 0.0 0.0575 0.0175 0.0 0.06 0.0175 0.0 0.0625 0.0175 0.0 0.065 0.0175 0.0 0.0675 0.0175 0.0 0.07 0.0175 0.0 0.0725 0.0175 0.0 0.075 0.0175 0.0 0.0775 0.0175 0.0 0.08 0.0175 0.0 0.0825 0.0175 0.0 0.085 0.0175 0.0 0.08750000000000001 0.0175 0.0 0.09 0.0175 0.0 0.0925 0.0175 0.0 0.095 0.0175 0.0 0.0975 0.0175 0.0 0.1 0.0175 0.0 0.10250000000000001 0.0175 0.0 0.105 0.0175 0.0 0.1075 0.0175 0.0 0.11 0.0175 0.0 0.1125 0.0175 0.0 0.115 0.0175 0.0 0.11750000000000001 0.0175 0.0 0.12 0.0175 0.0 0.1225 0.0175 0.0 0.125 0.0175 0.0 0.1275 0.0175 0.0 0.13 0.0175 0.0 0.1325 0.0175 0.0 0.135 0.0175 0.0 0.1375 0.0175 0.0 0.14 0.0175 0.0 0.14250000000000002 0.0175 0.0 0.145 0.0175 0.0 0.1475 0.0175 0.0 0.15 0.0175 0.0 0.1525 0.0175 0.0 0.155 0.0175 0.0 0.1575 0.0175 0.0 0.16 0.0175 0.0 0.1625 0.0175 0.0 0.165 0.0175 0.0 0.1675 0.0175 0.0 0.17 0.0175 0.0 0.17250000000000001 0.0175 0.0 0.17500000000000002 0.0175 0.0 0.1775 0.0175 0.0 0.18 0.0175 0.0 0.1825 0.0175 0.0 0.185 0.0175 0.0 0.1875 0.0175 0.0 0.19 0.0175 0.0 0.1925 0.0175 0.0 0.195 0.0175 0.0 0.1975 0.0175 0.0 0.2 0.0175 0.0 0.0 0.01875 0.0 0.0025 0.01875 0.0 0.005 0.01875 0.0 0.0075 0.01875 0.0 0.01 0.01875 0.0 0.0125 0.01875 0.0 0.015 0.01875 0.0 0.0175 0.01875 0.0 0.02 0.01875 0.0 0.0225 0.01875 0.0 0.025 0.01875 0.0 0.0275 0.01875 0.0 0.03 0.01875 0.0 0.0325 0.01875 0.0 0.035 0.01875 0.0 0.0375 0.01875 0.0 0.04 0.01875 0.0 0.0425 0.01875 0.0 0.045 0.01875 0.0 0.0475 0.01875 0.0 0.05 0.01875 0.0 0.0525 0.01875 0.0 0.055 0.01875 0.0 0.0575 0.01875 0.0 0.06 0.01875 0.0 0.0625 0.01875 0.0 0.065 0.01875 0.0 0.0675 0.01875 0.0 0.07 0.01875 0.0 0.0725 0.01875 0.0 0.075 0.01875 0.0 0.0775 0.01875 0.0 0.08 0.01875 0.0 0.0825 0.01875 0.0 0.085 0.01875 0.0 0.08750000000000001 0.01875 0.0 0.09 0.01875 0.0 0.0925 0.01875 0.0 0.095 0.01875 0.0 0.0975 0.01875 0.0 0.1 0.01875 0.0 0.10250000000000001 0.01875 0.0 0.105 0.01875 0.0 0.1075 0.01875 0.0 0.11 0.01875 0.0 0.1125 0.01875 0.0 0.115 0.01875 0.0 0.11750000000000001 0.01875 0.0 0.12 0.01875 0.0 0.1225 0.01875 0.0 0.125 0.01875 0.0 0.1275 0.01875 0.0 0.13 0.01875 0.0 0.1325 0.01875 0.0 0.135 0.01875 0.0 0.1375 0.01875 0.0 0.14 0.01875 0.0 0.14250000000000002 0.01875 0.0 0.145 0.01875 0.0 0.1475 0.01875 0.0 0.15 0.01875 0.0 0.1525 0.01875 0.0 0.155 0.01875 0.0 0.1575 0.01875 0.0 0.16 0.01875 0.0 0.1625 0.01875 0.0 0.165 0.01875 0.0 0.1675 0.01875 0.0 0.17 0.01875 0.0 0.17250000000000001 0.01875 0.0 0.17500000000000002 0.01875 0.0 0.1775 0.01875 0.0 0.18 0.01875 0.0 0.1825 0.01875 0.0 0.185 0.01875 0.0 0.1875 0.01875 0.0 0.19 0.01875 0.0 0.1925 0.01875 0.0 0.195 0.01875 0.0 0.1975 0.01875 0.0 0.2 0.01875 0.0 0.0 0.02 0.0 0.0025 0.02 0.0 0.005 0.02 0.0 0.0075 0.02 0.0 0.01 0.02 0.0 0.0125 0.02 0.0 0.015 0.02 0.0 0.0175 0.02 0.0 0.02 0.02 0.0 0.0225 0.02 0.0 0.025 0.02 0.0 0.0275 0.02 0.0 0.03 0.02 0.0 0.0325 0.02 0.0 0.035 0.02 0.0 0.0375 0.02 0.0 0.04 0.02 0.0 0.0425 0.02 0.0 0.045 0.02 0.0 0.0475 0.02 0.0 0.05 0.02 0.0 0.0525 0.02 0.0 0.055 0.02 0.0 0.0575 0.02 0.0 0.06 0.02 0.0 0.0625 0.02 0.0 0.065 0.02 0.0 0.0675 0.02 0.0 0.07 0.02 0.0 0.0725 0.02 0.0 0.075 0.02 0.0 0.0775 0.02 0.0 0.08 0.02 0.0 0.0825 0.02 0.0 0.085 0.02 0.0 0.08750000000000001 0.02 0.0 0.09 0.02 0.0 0.0925 0.02 0.0 0.095 0.02 0.0 0.0975 0.02 0.0 0.1 0.02 0.0 0.10250000000000001 0.02 0.0 0.105 0.02 0.0 0.1075 0.02 0.0 0.11 0.02 0.0 0.1125 0.02 0.0 0.115 0.02 0.0 0.11750000000000001 0.02 0.0 0.12 0.02 0.0 0.1225 0.02 0.0 0.125 0.02 0.0 0.1275 0.02 0.0 0.13 0.02 0.0 0.1325 0.02 0.0 0.135 0.02 0.0 0.1375 0.02 0.0 0.14 0.02 0.0 0.14250000000000002 0.02 0.0 0.145 0.02 0.0 0.1475 0.02 0.0 0.15 0.02 0.0 0.1525 0.02 0.0 0.155 0.02 0.0 0.1575 0.02 0.0 0.16 0.02 0.0 0.1625 0.02 0.0 0.165 0.02 0.0 0.1675 0.02 0.0 0.17 0.02 0.0 0.17250000000000001 0.02 0.0 0.17500000000000002 0.02 0.0 0.1775 0.02 0.0 0.18 0.02 0.0 0.1825 0.02 0.0 0.185 0.02 0.0 0.1875 0.02 0.0 0.19 0.02 0.0 0.1925 0.02 0.0 0.195 0.02 0.0 0.1975 0.02 0.0 0.2 0.02 0.0
</DataArray>
</Points>
<Cells>
<DataArray type="Int64" Name="connectivity" format="ascii">
0 1 82 0 82 81 1 2 83 1 83 82 2 3 84 2 84 83 3 4 85 3 85 84 4 5 86 4 86 85 5 6 87 5 87 86 6 7 88 6 88 87 7 8 89 7 89 88 8 9 90 8 90 89 9 10 91 9 91 90 10 11 92 10 92 91 11 12 93 11 93 92 12 13 94 12 94 93 13 14 95 13 95 94 14 15 96 14 96 95 15 16 97 15 97 96 16 17 98 16 98 97 17 18 99 17 99 98 18 19 100 18 100 99 19 20 101 19 101 100 20 21 102 20 102 101 21 22 103 21 103 102 22 23 104 22 104 103 23 24 105 23 105 104 24 25 106 24 106 105 25 26 107 25 107 106 26 27 108 26 108 107 27 28 109 27 109 108 28 29 110 28 110 109 29 30 111 29 111 110 30 31 112 30 112 111 31 32 113 31 113 112 32 33 114 32 114 113 33 34 115 33 115 114 34 35 116 34 116 115 35 36 117 35 117 116 36 37 118 36 118 117 37 38 119 37 119 118 38 39 120 38 120 119 39 40 121 39 121 120 40 41 122 40 122 121 41 42 123 41 123 122 42 43 124 42 124 123 43 44 125 43 125 124 44 45 126 44 126 125 45 46 127 45 127 126 46 47 128 46 128 127 47 48 129 47 129 128 48 49 130 48 130 129 49 50 131 49 131 130 50 51 132 50 132 131 51 52 133 51 133 132 52 53 134 52 134 133 53 54 135 53 135 134 54 55 136 54 136 135 55 56 137 55 137 136 56 57 138 56 138 137 57 58 139 57 139 138 58 59 140 58 140 139 59 60 141 59 141 140 60 61 142 60 142 141 61 62 143 61 143 142 62 63 144 62 144 143 63 64 145 63 145 144 64 65 146 64 146 145 65 66 147 65 147 146 66 67 148 66 148 147 67 68 149 67 149 148 68 69 150 68 150 149 69 70 151 69 151 150 70 71 152 70 152 151 71 72 153 71 153 152 72 73 154 72 154 153 73 74 155 73 155 154 74 75 156 74 156 155 75 76 157 75 157 156 76 77 158 76 158 157 77 78 159 77 159 158 78 79 160 78 160 159 79 80 161 79 161 160 81 82 163 81 163 162 82 83 164 82 164 163 83 84 165 83 165 164 84 85 166 84 166 165 85 86 167 85 167 166 86 87 168 86 168 167 87 88 169 87 169 168 88 89 170 88 170 169 89 90 171 89 171 170 90 91 172 90 172 171 91 92 173 91 173 172 92 93 174 92 174 173 93 94 175 93 175 174 94 95 176 94 176 175 95 96 177 95 177 176 96 97 178 96 178 177 97 98 179 97 179 178 98 99 180 98 180 179 99 100 181 99 181 180 100 101 182 100 182 181 101 102 183 101 183 182 102 103 184 102 184 183 103 104 185 103 185 184 104 105 186 104 186 185 105 106 187 105 187 186 106 107 188 106 188 187 107 108 189 107 189 188 108 109 190 108 190 189 109 110 191 109 191 190 110 111 192 110 192 191 111 112 193 111 193 192 112 113 194 112 194 193 113 114 195 113 195 194 114 115 196 114 196 195 115 116 197 115 197 196 116 117 198 116 198 197 117 118 199 117 199 198 118 119 200 118 200 199 119 120 201 119 201 200 120 121 202 120 202 201 121 122 203 121 203 202 122 123 204 122 204 203 123 124 205 123 205 204 124 125 206 124 206 205 125 126 207 125 207 206 126 127 208 126 208 207 127 128 209 127 209 208 128 129 210 128 210 209 129 130 211 129 211 210 130 131 212 130 212 211 131 132 213 131 213 212 132 133 214 132 214 213 133 134 215 133 215 214 134 135 216 134 216 215 135 136 217 135 217 216 136 137 218 136 218 217 137 138 219 137 219 218 138 139 220 138 220 219 139 140 221 139 221 220 140 141 222 140 222 221 141 142 223 141 223 222 142 143 224 142 224 223 143 144 225 143 225 224 144 145 226 144 226 225 145 146 227 145 227 226 146 147 228 146 228 227 147 148 229 147 229 228 148 149 230 148 230 229 149 150 231 149 231 230 150 151 232 150 232 231 151 152 233 151 233 232 152 153 234 152 234 233 153 154 235 153 235 234 154 155 236 154 236 235 155 156 237 155 237 236 156 157 238 156 238 237 157 158 239 157 239 238 158 159 240 158 240 239 159 160 241 159 241 240 160 161 242 160 242 241 162 163 244 162 244 243 163 164 245 163 245 244 164 165 246 164 246 245 165 166 247 165 247 246 166 167 248 166 248 247 167 168 249 167 249 248 168 169 250 168 250 249 169 170 251 169 251 250 170 171 252 170 252 251 171 172 253 171 253 252 172 173 254 172 254 253 173 174 255 173 255 254 174 175 256 174 256 255 175 176 257 175 257 256 176 177 258 176 258 257 177 178 259 177 259 258 178 179 260 178 260 259 179 180 261 179 261 260 180 181 262 180 262 261 181 182 263 181 263 262 182 183 264 182 264 263 183 184 265 183 265 264 184 185 266 184 266 265 185 186 267 185 267 266 186 187 268 186 268 267 187 188 269 187 269 268 188 189 270 188 270 269 189 190 271 189 271 270 190 191 272 190 272 271 191 192 273 191 273 272 192 193 274 192 274 273 193 194 275 193 275 274 194 195 276 194 276 275 195 196 277 195 277 276 196 197 278 196 278 277 197 198 279 197 279 278 198 199 280 198 280 279 199 200 281 199 281 280 200 201 282 200 282 281 201 202 283 201 283 282 202 203 284 202 284 283 203 204 285 203 285 284 204 205 286 204 286 285 205 206 287 205 287 286 206 207 288 206 288 287 207 208 289 207 289 288 208 209 290 208 290 289 209 210 291 209 291 290 210 211 292 210 292 291 211 212 293 211 293 292 212 213 294 212 294 293 213 214 295 213 295 294 214 215 296 214 296 295 215 216 297 215 297 296 216 217 298 216 298 297 217 218 299 217 299 298 218 219 300 218 300 299 219 220 301 219 301 300 220 221 302 220 302 301 221 222 303 221 303 302 222 223 304 222 304 303 223 224 305 223 305 304 224 225 306 224 306 305 225 226 307 225 307 306 226 227 308 226 308 307 227 228 309 227 309 308 228 229 310 228 310 309 229 230 311 229 311 310 230 231 312 230 312 311 231 232 313 231 313 312 232 233 314 232 314 313 233 234 315 233 315 314 234 235 316 234 316 315 235 236 317 235 317 316 236 237 318 236 318 317 237 238 319 237 319 318 238 239 320 238 320 319 239 240 321 239 321 320 240 241 322 240 322 321 241 242 323 241 323 322 243 244 325 243 325 324 244 245 326 244 326 325 245 246 327 245 327 326 246 247 328 246 328 327 247 248 329 247 329 328 248 249 330 248 330 329 249 250 331 249 331 330 250 251 332 250 332 331 251 252 333 251 333 332 252 253 334 252 334 333 253 254 335 253 335 334 254 255 336 254 336 335 255 256 337 255 337 336 256 257 338 256 338 337 257 258 339 257 339 338 258 259 340 258 340 339 259 260 341 259 341 340 260 261 342 260 342 341 261 262 343 261 343 342 262 263 344 262 344 343 263 264 345 263 345 344 264 265 346 264 346 345 265 266 347 265 347 346 266 267 348 266 348 347 267 268 349 267 349 348 268 269 350 268 350 349 269 270 351 269 351 350 270 271 352 270 352 351 271 272 353 271 353 352 272 273 354 272 354 353 273 274 355 273 355 354 274 275 356 274 356 355 275 276 357 275 357 356 276 277 358 276 358 357 277 278 359 277 359 358 278 279 360 278 360 359 279 280 361 279 361 360 280 281 362 280 362 361 281 282 363 281 363 362 282 283 364 282 364 363 283 284 365 283 365 364 284 285 366 284 366 365 285 286 367 285 367 366 286 287 368 286 368 367 287 288 369 287 369 368 288 289 370 288 370 369 289 290 371 289 371 370 290 291 372 290 372 371 291 292 373 291 373 372 292 293 374 292 374 373 293 294 375 293 375 374 294 295 376 294 376 375 295 296 377 295 377 376 296 297 378 296 378 377 297 298 379 297 379 378 298 299 380 298 380 379 299 300 381 299 381 380 300 301 382 300 382 381 301 302 383 301 383 382 302 303 384 302 384 383 303 304 385 303 385 384 304 305 386 304 386 385 305 306 387 305 387 386 306 307 388 306 388 387 307 308 389 307 389 388 308 309 390 308 390 389 309 310 391 309 391 390 310 311 392 310 392 391 311 312 393 311 393 392 312 313 394 312 394 393 313 314 395 313 395 394 314 315 396 314 396 395 315 316 397 315 397 396 316 317 398 316 398 397 317 318 399 317 399 398 318 319 400 318 400 399 319 320 401 319 401 400 320 321 402 320 402 401 321 322 403 321 403 402 322 323 404 322 404 403 324 325 406 324 406 405 325 326 407 325 407 406 326 327 408 326 408 407 327 328 409 327 409 408 328 329 410 328 410 409 329 330 411 329 411 410 330 331 412 330 412 411 331 332 413 331 413 412 332 333 414 332 414 413 333 334 415 333 415 414 334 335 416 334 416 415 335 336 417 335 417 416 336 337 418 336 418 417 337 338 419 337 419 418 338 339 420 338 420 419 339 340 421 339 421 420 340 341 422 340 422 421 341 342 423 341 423 422 342 343 424 342 424 423 343 344 425 343 425 424 344 345 426 344 426 425 345 346 427 345 427 426 346 347 428 346 428 427 347 348 429 347 429 428 348 349 430 348 430 429 349 350 431 349 431 430 350 351 432 350 432 431 351 352 433 351 433 432 352 353 434 352 434 433 353 354 435 353 435 434 354 355 436 354 436 435 355 356 437 355 437 436 356 357 438 356 438 437 357 358 439 357 439 438 358 359 440 358 440 439 359 360 441 359 441 440 360 361 442 360 442 441 361 362 443 361 443 442 362 363 444 362 444 443 363 364 445 363 445 444 364 365 446 364 446 445 365 366 447 365 447 446 366 367 448 366 448 447 367 368 449 367 449 448 368 369 450 368 450 449 369 370 451 369 451 450 370 371 452 370 452 451 371 372 453 371 453 452 372 373 454 372 454 453 373 374 455 373 455 454 374 375 456 374 456 455 375 376 457 375 457 456 376 377 458 376 458 457 377 378 459 377 459 458 378 379 460 378 460 459 379 380 461 379 461 460 380 381 462 380 462 461 381 382 463 381 463 462 382 383 464 382 464 463 383 384 465 383 465 464 384 385 466 384 466 465 385 386 467 385 467 466 386 387 468 386 468 467 387 388 469 387 469 468 388 389 470 388 470 469 389 390 471 389 471 470 390 391 472 390 472 471 391 392 473 391 473 472 392 393 474 392 474 473 393 394 475 393 475 474 394 395 476 394 476 475 395 396 477 395 477 476 396 397 478 396 478 477 397 398 479 397 479 478 398 399 480 398 480 479 399 400 481 399 481 480 400 401 482 400 482 481 401 402 483 401 483 482 402 403 484 402 484 483 403 404 485 403 485 484 405 406 487 405 487 486 406 407 488 406 488 487 407 408 489 407 489 488 408 409 490 408 490 489 409 410 491 409 491 490 410 411 492 410 492 491 411 412 493 411 493 492 412 413 494 412 494 493 413 414 495 413 495 494 414 415 496 414 496 495 415 416 497 415 497 496 416 417 498 416 498 497 417 418 499 417 499 498 418 419 500 418 500 499 419 420 501 419 501 500 420 421 502 420 502 501 421 422 503 421 503 502 422 423 504 422 504 503 423 424 505 423 505 504 424 425 506 424 506 505 425 426 507 425 507 506 426 427 508 426 508 507 427 428 509 427 509 508 428 429 510 428 510 509 429 430 511 429 511 510 430 431 512 430 512 511 431 432 513 431 513 512 432 433 514 432 514 513 433 434 515 433 515 514 434 435 516 434 516 515 435 436 517 435 517 516 436 437 518 436 518 517 437 438 519 437 519 518 438 439 520 438 520 519 439 440 521 439 521 520 440 441 522 440 522 521 441 442 523 441 523 522 442 443 524 442 524 523 443 444 525 443 525 524 444 445 526 444 526 525 445 446 527 445 527 526 446 447 528 446 528 527 447 448 529 447 529 528 448 449 530 448 530 529 449 450 531 449 531 530 450 451 532 450 532 531 451 452 533 451 533 532 452 453 534 452 534 533 453 454 535 453 535 534 454 455 536 454 536 535 455 456 537 455 537 536 456 457 538 456 538 537 457 458 539 457 539 538 458 459 540 458 540 539 459 460 541 459 541 540 460 461 542 460 542 541 461 462 543 461 543 542 462 463 544 462 544 543 463 464 545 463 545 544 464 465 546 464 546 545 465 466 547 465 547 546 466 467 548 466 548 547 467 468 549 467 549 548 468 469 550 468 550 549 469 470 551 469 551 550 470 471 552 470 552 551 471 472 553 471 553 552 472 473 554 472 554 553 473 474 555 473 555 554 474 475 556 474 556 555 475 476 557 475 557 556 476 477 558 476 558 557 477 478 559 477 559 558 478 479 560 478 560 559 479 480 561 479 561 560 480 481 562 480 562 561 481 482 563 481 563 562 482 483 564 482 564 563 483 484 565 483 565 564 484 485 566 484 566 565 486 487 568 486 568 567 487 488 569 487 569 568 488 489 570 488 570 569 489 490 571 489 571 570 490 491 572 490 572 571 491 492 573 491 573 572 492 493 574 492 574 573 493 494 575 493 575 574 494 495 576 494 576 575 495 496 577 495 577 576 496 497 578 496 578 577 497 498 579 497 579 578 498 499 580 498 580 579 499 500 581 499 581 580 500 501 582 500 582 581 501 502 583 501 583 582 502 503 584 502 584 583 503 504 585 503 585 584 504 505 586 504 586 585 505 506 587 505 587 586 506 507 588 506 588 587 507 508 589 507 589 588 508 509 590 508 590 589 509 510 591 509 591 590 510 511 592 510 592 591 511 512 593 511 593 592 512 513 594 512 594 593 513 514 595 513 595 594 514 515 596 514 596 595 515 516 597 515 597 596 516 517 598 516 598 597 517 518 599 517 599 598 518 519 600 518 600 599 519 520 601 519 601 600 520 521 602 520 602 601 521 522 603 521 603 602 522 523 604 522 604 603 523 524 605 523 605 604 524 525 606 524 606 605 525 526 607 525 607 606 526 527 608 526 608 607 527 528 609 527 609 608 528 529 610 528 610 609 529 530 611 529 611 610 530 531 612 530 612 611 531 532 613 531 613 612 532 533 614 532 614 613 533 534 615 533 615 614 534 535 616 534 616 615 535 536 617 535 617 616 536 537 618 536 618 617 537 538 619 537 619 618 538 539 620 538 620 619 539 540 621 539 621 620 540 541 622 540 622 621 541 542 623 541 623 622 542 543 624 542 624 623 543 544 625 543 625 624 544 545 626 544 626 625 545 546 627 545 627 626 546 547 628 546 628 627 547 548 629 547 629 628 548 549 630 548 630 629 549 550 631 549 631 630 550 551 632 550 632 631 551 552 633 551 633 632 552 553 634 552 634 633 553 554 635 553 635 634 554 555 636 554 636 635 555 556 637 555 637 636 556 557 638 556 638 637 557 558 639 557 639 638 558 559 640 558 640 639 559 560 641 559 641 640 560 561 642 560 642 641 561 562 643 561 643 642 562 563 644 562 644 643 563 564 645 563 645 644 564 565 646 564 646 645 565 566 647 565 647 646 567 568 649 567 649 648 568 569 650 568 650 649 569 570 651 569 651 650 570 571 652 570 652 651 571 572 653 571 653 652 572 573 654 572 654 653 573 574 655 573 655 654 574 575 656 574 656 655 575 576 657 575 657 656 576 577 658 576 658 657 577 578 659 577 659 658 578 579 660 578 660 659 579 580 661 579 661 660 580 581 662 580 662 661 581 582 663 581 663 662 582 583 664 582 664 663 583 584 665 583 665 664 584 585 666 584 666 665 585 586 667 585 667 666 586 587 668 586 668 667 587 588 669 587 669 668 588 589 670 588 670 669 589 590 671 589 671 670 590 591 672 590 672 671 591 592 673 591 673 672 592 593 674 592 674 673 593 594 675 593 675 674 594 595 676 594 676 675 595 596 677 595 677 676 596 597 678 596 678 677 597 598 679 597 679 678 598 599 680 598 680 679 599 600 681 599 681 680 600 601 682 600 682 681 601 602 683 601 683 682 602 603 684 602 684 683 603 604 685 603 685 684 604 605 686 604 686 685 605 606 687 605 687 686 606 607 688 606 688 687 607 608 689 607 689 688 608 609 690 608 690 689 609 610 691 609 691 690 610 611 692 610 692 691 611 612 693 611 693 692 612 613 694 612 694 693 613 614 695 613 695 694 614 615 696 614 696 695 615 616 697 615 697 696 616 617 698 616 698 697 617 618 699 617 699 698 618 619 700 618 700 699 619 620 701 619 701 700 620 621 702 620 702 701 621 622 703 621 703 702 622 623 704 622 704 703 623 624 705 623 705 704 624 625 706 624 706 705 625 626 707 625 707 706 626 627 708 626 708 707 627 628 709 627 709 708 628 629 710 628 710 709 629 630 711 629 711 710 630 631 712 630 712 711 631 632 713 631 713 712 632 633 714 632 714 713 633 634 715 633 715 714 634 635 716 634 716 715 635 636 717 635 717 716 636 637 718 636 718 717 637 638 719 637 719 718 638 639 720 638 720 719 639 640 721 639 721 720 640 641 722 640 722 721 641 642 723 641 723 722 642 643 724 642 724 723 643 644 725 643 725 724 644 645 726 644 726 725 645 646 727 645 727 726 646 647 728 646 728 727 648 649 730 648 730 729 649 650 731 649 731 730 650 651 732 650 732 731 651 652 733 651 733 732 652 653 734 652 734 733 653 654 735 653 735 734 654 655 736 654 736 735 655 656 737 655 737 736 656 657 738 656 738 737 657 658 739 657 739 738 658 659 740 658 740 739 659 660 741 659 741 740 660 661 742 660 742 741 661 662 743 661 743 742 662 663 744 662 744 743 663 664 745 663 745 744 664 665 746 664 746 745 665 666 747 665 747 746 666 667 748 666 748 747 667 668 749 667 749 748 668 669 750 668 750 749 669 670 751 669 751 750 670 671 752 670 752 751 671 672 753 671 753 752 672 673 754 672 754 753 673 674 755 673 755 754 674 675 756 674 756 755 675 676 757 675 757 756 676 677 758 676 758 757 677 678 759 677 759 758 678 679 760 678 760 759 679 680 761 679 761 760 680 681 762 680 762 761 681 682 763 681 763 762 682 683 764 682 764 763 683 684 765 683 765 764 684 685 766 684 766 765 685 686 767 685 767 766 686 687 768 686 768 767 687 688 769 687 769 768 688 689 770 688 770 769 689 690 771 689 771 770 690 691 772 690 772 771 691 692 773 691 773 772 692 693 774 692 774 773 693 694 775 693 775 774 694 695 776 694 776 775 695 696 777 695 777 776 696 697 778 696 778 777 697 698 779 697 779 778 698 699 780 698 780 779 699 700 781 699 781 780 700 701 782 700 782 781 701 702 783 701 783 782 702 703 784 702 784 783 703 704 785 703 785 784 704 705 786 704 786 785 705 706 787 705 787 786 706 707 788 706 788 787 707 708 789 707 789 788 708 709 790 708 790 789 709 710 791 709 791 790 710 711 792 710 792 791 711 712 793 711 793 792 712 713 794 712 794 793 713 714 795 713 795 794 714 715 796 714 796 795 715 716 797 715 797 796 716 717 798 716 798 797 717 718 799 717 799 798 718 719 800 718 800 799 719 720 801 719 801 800 720 721 802 720 802 801 721 722 803 721 803 802 722 723 804 722 804 803 723 724 805 723 805 804 724 725 806 724 806 805 725 726 807 725 807 806 726 727 808 726 808 807 727 728 809 727 809 808 729 730 811 729 811 810 730 731 812 730 812 811 731 732 813 731 813 812 732 733 814 732 814 813 733 734 815 733 815 814 734 735 816 734 816 815 735 736 817 735 817 816 736 737 818 736 818 817 737 738 819 737 819 818 738 739 820 738 820 819 739 740 821 739 821 820 740 741 822 740 822 821 741 742 823 741 823 822 742 743 824 742 824 823 743 744 825 743 825 824 744 745 826 744 826 825 745 746 827 745 827 826 746 747 828 746 828 827 747 748 829 747 829 828 748 749 830 748 830 829 749 750 831 749 831 830 750 751 832 750 832 831 751 752 833 751 833 832 752 753 834 752 834 833 753 754 835 753 835 834 754 755 836 754 836 835 755 756 837 755 837 836 756 757 838 756 838 837 757 758 839 757 839 838 758 759 840 758 840 839 759 760 841 759 841 840 760 761 842 760 842 841 761 762 843 761 843 842 762 763 844 762 844 843 763 764 845 763 845 844 764 765 846 764 846 845 765 766 847 765 847 846 766 767 848 766 848 847 767 768 849 767 849 848 768 769 850 768 850 849 769 770 851 769 851 850 770 771 852 770 852 851 771 772 853 771 853 852 772 773 854 772 854 853 773 774 855 773 855 854 774 775 856 774 856 855 775 776 857 775 857 856 776 777 858 776 858 857 777 778 859 777 859 858 778 779 860 778 860 859 779 780 861 779 861 860 780 781 862 780 862 861 781 782 863 781 863 862 782 783 864 782 864 863 783 784 865 783 865 864 784 785 866 784 866 865 785 786 867 785 867 866 786 787 868 786 868 867 787 788 869 787 869 868 788 789 870 788 870 869 789 790 871 789 871 870 790 791 872 790 872 871 791 792 873 791 873 872 792 793 874 792 874 873 793 794 875 793 875 874 794 795 876 794 876 875 795 796 877 795 877 876 796 797 878 796 878 877 797 798 879 797 879 878 798 799 880 798 880 879 799 800 881 799 881 880 800 801 882 800 882 881 801 802 883 801 883 882 802 803 884 802 884 883 803 804 885 803 885 884 804 805 886 804 886 885 805 806 887 805 887 886 806 807 888 806 888 887 807 808 889 807 889 888 808 809 890 808 890 889 810 811 892 810 892 891 811 812 893 811 893 892 812 813 894 812 894 893 813 814 895 813 895 894 814 815 896 814 896 895 815 816 897 815 897 896 816 817 898 816 898 897 817 818 899 817 899 898 818 819 900 818 900 899 819 820 901 819 901 900 820 821 902 820 902 901 821 822 903 821 903 902 822 823 904 822 904 903 823 824 905 823 905 904 824 825 906 824 906 905 825 826 907 825 907 906 826 827 908 826 908 907 827 828 909 827 909 908 828 829 910 828 910 909 829 830 911 829 911 910 830 831 912 830 912 911 831 832 913 831 913 912 832 833 914 832 914 913 833 834 915 833 915 914 834 835 916 834 916 915 835 836 917 835 917 916 836 837 918 836 918 917 837 838 919 837 919 918 838 839 920 838 920 919 839 840 921 839 921 920 840 841 922 840 922 921 841 842 923 841 923 922 842 843 924 842 924 923 843 844 925 843 925 924 844 845 926 844 926 925 845 846 927 845 927 926 846 847 928 846 928 927 847 848 929 847 929 928 848 849 930 848 930 929 849 850 931 849 931 930 850 851 932 850 932 931 851 852 933 851 933 932 852 853 934 852 934 933 853 854 935 853 935 934 854 855 936 854 936 935 855 856 937 855 937 936 856 857 938 856 938 937 857 858 939 857 939 938 858 859 940 858 940 939 859 860 941 859 941 940 860 861 942 860 942 941 861 862 943 861 943 942 862 863 944 862 944 943 863 864 945 863 945 944 864 865 946 864 946 945 865 866 947 865 947 946 866 867 948 866 948 947 867 868 949 867 949 948 868 869 950 868 950 949 869 870 951 869 951 950 870 871 952 870 952 951 871 872 953 871 953 952 872 873 954 872 954 953 873 874 955 873 955 954 874 875 956 874 956 955 875 876 957 875 957 956 876 877 958 876 958 957 877 878 959 877 959 958 878 879 960 878 960 959 879 880 961 879 961 960 880 881 962 880 962 961 881 882 963 881 963 962 882 883 964 882 964 963 883 884 965 883 965 964 884 885 966 884 966 965 885 886 967 885 967 966 886 887 968 886 968 967 887 888 969 887 969 968 888 889 970 888 970 969 889 890 971 889 971 970 891 892 973 891 973 972 892 893 974 892 974 973 893 894 975 893 975 974 894 895 976 894 976 975 895 896 977 895 977 976 896 897 978 896 978 977 897 898 979 897 979 978 898 899 980 898 980 979 899 900 981 899 981 980 900 901 982 900 982 981 901 902 983 901 983 982 902 903 984 902 984 983 903 904 985 903 985 984 904 905 986 904 986 985 905 906 987 905 987 986 906 907 988 906 988 987 907 908 989 907 989 988 908 909 990 908 990 989 909 910 991 909 991 990 910 911 992 910 992 991 911 912 993 911 993 992 912 913 994 912 994 993 913 914 995 913 995 994 914 915 996 914 996 995 915 916 997 915 997 996 916 917 998 916 998 997 917 918 999 917 999 998 918 919 1000 918 1000 999 919 920 1001 919 1001 1000 920 921 1002 920 1002 1001 921 922 1003 921 1003 1002 922 923 1004 922 1004 1003 923 924 1005 923 1005 1004 924 925 1006 924 1006 1005 925 926 1007 925 1007 1006 926 927 1008 926 1008 1007 927 928 1009 927 1009 1008 928 929 1010 928 1010 1009 929 930 1011 929 1011 1010 930 931 1012 930 1012 1011 931 932 1013 931 1013 1012 932 933 1014 932 1014 1013 933 934 1015 933 1015 1014 934 935 1016 934 1016 1015 935 936 1017 935 1017 1016 936 937 1018 936 1018 1017 937 938 1019 937 1019 1018 938 939 1020 938 1020 1019 939 940 1021 939 1021 1020 940 941 1022 940 1022 1021 941 942 1023 941 1023 1022 942 943 1024 942 1024 1023 943 944 1025 943 1025 1024 944 945 1026 944 1026 1025 945 946 1027 945 1027 1026 946 947 1028 946 1028 1027 947 948 1029 947 1029 1028 948 949 1030 948 1030 1029 949 950 1031 949 1031 1030 950 951 1032 950 1032 1031 951 952 1033 951 1033 1032 952 953 1034 952 1034 1033 953 954 1035 953 1035 1034 954 955 1036 954 1036 1035 955 956 1037 955 1037 1036 956 957 1038 956 1038 1037 957 958 1039 957 1039 1038 958 959 1040 958 1040 1039 959 960 1041 959 1041 1040 960 961 1042 960 1042 1041 961 962 1043 961 1043 1042 962 963 1044 962 1044 1043 963 964 1045 963 1045 1044 964 965 1046 964 1046 1045 965 966 1047 965 1047 1046 966 967 1048 966 1048 1047 967 968 1049 967 1049 1048 968 969 1050 968 1050 1049 969 970 1051 969 1051 1050 970 971 1052 970 1052 1051 972 973 1054 972 1054 1053 973 974 1055 973 1055 1054 974 975 1056 974 1056 1055 975 976 1057 975 1057 1056 976 977 1058 976 1058 1057 977 978 1059 977 1059 1058 978 979 1060 978 1060 1059 979 980 1061 979 1061 1060 980 981 1062 980 1062 1061 981 982 1063 981 1063 1062 982 983 1064 982 1064 1063 983 984 1065 983 1065 1064 984 985 1066 984 1066 1065 985 986 1067 985 1067 1066 986 987 1068 986 1068 1067 987 988 1069 987 1069 1068 988 989 1070 988 1070 1069 989 990 1071 989 1071 1070 990 991 1072 990 1072 1071 991 992 1073 991 1073 1072 992 993 1074 992 1074 1073 993 994 1075 993 1075 1074 994 995 1076 994 1076 1075 995 996 1077 995 1077 1076 996 997 1078 996 1078 1077 997 998 1079 997 1079 1078 998 999 1080 998 1080 1079 999 1000 1081 999 1081 1080 1000 1001 1082 1000 1082 1081 1001 1002 1083 1001 1083 1082 1002 1003 1084 1002 1084 1083 1003 1004 1085 1003 1085 1084 1004 1005 1086 1004 1086 1085 1005 1006 1087 1005 1087 1086 1006 1007 1088 1006 1088 1087 1007 1008 1089 1007 1089 1088 1008 1009 1090 1008 1090 1089 1009 1010 1091 1009 1091 1090 1010 1011 1092 1010 1092 1091 1011 1012 1093 1011 1093 1092 1012 1013 1094 1012 1094 1093 1013 1014 1095 1013 1095 1094 1014 1015 1096 1014 1096 1095 1015 1016 1097 1015 1097 1096 1016 1017 1098 1016 1098 1097 1017 1018 1099 1017 1099 1098 1018 1019 1100 1018 1100 1099 1019 1020 1101 1019 1101 1100 1020 1021 1102 1020 1102 1101 1021 1022 1103 1021 1103 1102 1022 1023 1104 1022 1104 1103 1023 1024 1105 1023 1105 1104 1024 1025 1106 1024 1106 1105 1025 1026 1107 1025 1107 1106 1026 1027 1108 1026 1108 1107 1027 1028 1109 1027 1109 1108 1028 1029 1110 1028 1110 1109 1029 1030 1111 1029 1111 1110 1030 1031 1112 1030 1112 1111 1031 1032 1113 1031 1113 1112 1032 1033 1114 1032 1114 1113 1033 1034 1115 1033 1115 1114 1034 1035 1116 1034 1116 1115 1035 1036 1117 1035 1117 1116 1036 1037 1118 1036 1118 1117 1037 1038 1119 1037 1119 1118 1038 1039 1120 1038 1120 1119 1039 1040 1121 1039 1121 1120 1040 1041 1122 1040 1122 1121 1041 1042 1123 1041 1123 1122 1042 1043 1124 1042 1124 1123 1043 1044 1125 1043 1125 1124 1044 1045 1126 1044 1126 1125 1045 1046 1127 1045 1127 1126 1046 1047 1128 1046 1128 1127 1047 1048 1129 1047 1129 1128 1048 1049 1130 1048 1130 1129 1049 1050 1131 1049 1131 1130 1050 1051 1132 1050 1132 1131 1051 1052 1133 1051 1133 1132 1053 1054 1135 1053 1135 1134 1054 1055 1136 1054 1136 1135 1055 1056 1137 1055 1137 1136 1056 1057 1138 1056 1138 1137 1057 1058 1139 1057 1139 1138 1058 1059 1140 1058 1140 1139 1059 1060 1141 1059 1141 1140 1060 1061 1142 1060 1142 1141 1061 1062 1143 1061 1143 1142 1062 1063 1144 1062 1144 1143 1063 1064 1145 1063 1145 1144 1064 1065 1146 1064 1146 1145 1065 1066 1147 1065 1147 1146 1066 1067 1148 1066 1148 1147 1067 1068 1149 1067 1149 1148 1068 1069 1150 1068 1150 1149 1069 1070 1151 1069 1151 1150 1070 1071 1152 1070 1152 1151 1071 1072 1153 1071 1153 1152 1072 1073 1154 1072 1154 1153 1073 1074 1155 1073 1155 1154 1074 1075 1156 1074 1156 1155 1075 1076 1157 1075 1157 1156 1076 1077 1158 1076 1158 1157 1077 1078 1159 1077 1159 1158 1078 1079 1160 1078 1160 1159 1079 1080 1161 1079 1161 1160 1080 1081 1162 1080 1162 1161 1081 1082 1163 1081 1163 1162 1082 1083 1164 1082 1164 1163 1083 1084 1165 1083 1165 1164 1084 1085 1166 1084 1166 1165 1085 1086 1167 1085 1167 1166 1086 1087 1168 1086 1168 1167 1087 1088 1169 1087 1169 1168 1088 1089 1170 1088 1170 1169 1089 1090 1171 1089 1171 1170 1090 1091 1172 1090 1172 1171 1091 1092 1173 1091 1173 1172 1092 1093 1174 1092 1174 1173 1093 1094 1175 1093 1175 1174 1094 1095 1176 1094 1176 1175 1095 1096 1177 1095 1177 1176 1096 1097 1178 1096 1178 1177 1097 1098 1179 1097 1179 1178 1098 1099 1180 1098 1180 1179 1099 1100 1181 1099 1181 1180 1100 1101 1182 1100 1182 1181 1101 1102 1183 1101 1183 1182 1102 1103 1184 1102 1184 1183 1103 1104 1185 1103 1185 1184 1104 1105 1186 1104 1186 1185 1105 1106 1187 1105 1187 1186 1106 1107 1188 1106 1188 1187 1107 1108 1189 1107 1189 1188 1108 1109 1190 1108 1190 1189 1109 1110 1191 1109 1191 1190 1110 1111 1192 1110 1192 1191 1111 1112 1193 1111 1193 1192 1112 1113 1194 1112 1194 1193 1113 1114 1195 1113 1195 1194 1114 1115 1196 1114 1196 1195 1115 1116 1197 1115 1197 1196 1116 1117 1198 1116 1198 1197 1117 1118 1199 1117 1199 1198 1118 1119 1200 1118 1200 1199 1119 1120 1201 1119 1201 1200 1120 1121 1202 1120 1202 1201 1121 1122 1203 1121 1203 1202 1122 1123 1204 1122 1204 1203 1123 1124 1205 1123 1205 1204 1124 1125 1206 1124 1206 1205 1125 1126 1207 1125 1207 1206 1126 1127 1208 1126 1208 1207 1127 1128 1209 1127 1209 1208 1128 1129 1210 1128 1210 1209 1129 1130 1211 1129 1211 1210 1130 1131 1212 1130 1212 1211 1131 1132 1213 1131 1213 1212 1132 1133 1214 1132 1214 1213 1134 1135 1216 1134 1216 1215 1135 1136 1217 1135 1217 1216 1136 1137 1218 1136 1218 1217 1137 1138 1219 1137 1219 1218 1138 1139 1220 1138 1220 1219 1139 1140 1221 1139 1221 1220 1140 1141 1222 1140 1222 1221 1141 1142 1223 1141 1223 1222 1142 1143 1224 1142 1224 1223 1143 1144 1225 1143 1225 1224 1144 1145 1226 1144 1226 1225 1145 1146 1227 1145 1227 1226 1146 1147 1228 1146 1228 1227 1147 1148 1229 1147 1229 1228 1148 1149 1230 1148 1230 1229 1149 1150 1231 1149 1231 1230 1150 1151 1232 1150 1232 1231 1151 1152 1233 1151 1233 1232 1152 1153 1234 1152 1234 1233 1153 1154 1235 1153 1235 1234 1154 1155 1236 1154 1236 1235 1155 1156 1237 1155 1237 1236 1156 1157 1238 1156 1238 1237 1157 1158 1239 1157 1239 1238 1158 1159 1240 1158 1240 1239 1159 1160 1241 1159 1241 1240 1160 1161 1242 1160 1242 1241 1161 1162 1243 1161 1243 1242 1162 1163 1244 1162 1244 1243 1163 1164 1245 1163 1245 1244 1164 1165 1246 1164 1246 1245 1165 1166 1247 1165 1247 1246 1166 1167 1248 1166 1248 1247 1167 1168 1249 1167 1249 1248 1168 1169 1250 1168 1250 1249 1169 1170 1251 1169 1251 1250 1170 1171 1252 1170 1252 1251 1171 1172 1253 1171 1253 1252 1172 1173 1254 1172 1254 1253 1173 1174 1255 1173 1255 1254 1174 1175 1256 1174 1256 1255 1175 1176 1257 1175 1257 1256 1176 1177 1258 1176 1258 1257 1177 1178 1259 1177 1259 1258 1178 1179 1260 1178 1260 1259 1179 1180 1261 1179 1261 1260 1180 1181 1262 1180 1262 1261 1181 1182 1263 1181 1263 1262 1182 1183 1264 1182 1264 1263 1183 1184 1265 1183 1265 1264 1184 1185 1266 1184 1266 1265 1185 1186 1267 1185 1267 1266 1186 1187 1268 1186 1268 1267 1187 1188 1269 1187 1269 1268 1188 1189 1270 1188 1270 1269 1189 1190 1271 1189 1271 1270 1190 1191 1272 1190 1272 1271 1191 1192 1273 1191 1273 1272 1192 1193 1274 1192 1274 1273 1193 1194 1275 1193 1275 1274 1194 1195 1276 1194 1276 1275 1195 1196 1277 1195 1277 1276 1196 1197 1278 1196 1278 1277 1197 1198 1279 1197 1279 1278 1198 1199 1280 1198 1280 1279 1199 1200 1281 1199 1281 1280 1200 1201 1282 1200 1282 1281 1201 1202 1283 1201 1283 1282 1202 1203 1284 1202 1284 1283 1203 1204 1285 1203 1285 1284 1204 1205 1286 1204 1286 1285 1205 1206 1287 1205 1287 1286 1206 1207 1288 1206 1288 1287 1207 1208 1289 1207 1289 1288 1208 1209 1290 1208 1290 1289 1209 1210 1291 1209 1291 1290 1210 1211 1292 1210 1292 1291 1211 1212 1293 1211 1293 1292 1212 1213 1294 1212 1294 1293 1213 1214 1295 1213 1295 1294 1215 1216 1297 1215 1297 1296 1216 1217 1298 1216 1298 1297 1217 1218 1299 1217 1299 1298 1218 1219 1300 1218 1300 1299 1219 1220 1301 1219 1301 1300 1220 1221 1302 1220 1302 1301 1221 1222 1303 1221 1303 1302 1222 1223 1304 1222 1304 1303 1223 1224 1305 1223 1305 1304 1224 1225 1306 1224 1306 1305 1225 1226 1307 1225 1307 1306 1226 1227 1308 1226 1308 1307 1227 1228 1309 1227 1309 1308 1228 1229 1310 1228 1310 1309 1229 1230 1311 1229 1311 1310 1230 1231 1312 1230 1312 1311 1231 1232 1313 1231 1313 1312 1232 1233 1314 1232 1314 1313 1233 1234 1315 1233 1315 1314 1234 1235 1316 1234 1316 1315 1235 1236 1317 1235 1317 1316 1236 1237 1318 1236 1318 1317 1237 1238 1319 1237 1319 1318 1238 1239 1320 1238 1320 1319 1239 1240 1321 1239 1321 1320 1240 1241 1322 1240 1322 1321 1241 1242 1323 1241 1323 1322 1242 1243 1324 1242 1324 1323 1243 1244 1325 1243 1325 1324 1244 1245 1326 1244 1326 1325 1245 1246 1327 1245 1327 1326 1246 1247 1328 1246 1328 1327 1247 1248 1329 1247 1329 1328 1248 1249 1330 1248 1330 1329 1249 1250 1331 1249 1331 1330 1250 1251 1332 1250 1332 1331 1251 1252 1333 1251 1333 1332 1252 1253 1334 1252 1334 1333 1253 1254 1335 1253 1335 1334 1254 1255 1336 1254 1336 1335 1255 1256 1337 1255 1337 1336 1256 1257 1338 1256 1338 1337 1257 1258 1339 1257 1339 1338 1258 1259 1340 1258 1340 1339 1259 1260 1341 1259 1341 1340 1260 1261 1342 1260 1342 1341 1261 1262 1343 1261 1343 1342 1262 1263 1344 1262 1344 1343 1263 1264 1345 1263 1345 1344 1264 1265 1346 1264 1346 1345 1265 1266 1347 1265 1347 1346 1266 1267 1348 1266 1348 1347 1267 1268 1349 1267 1349 1348 1268 1269 1350 1268 1350 1349 1269 1270 1351 1269 1351 1350 1270 1271 1352 1270 1352 1351 1271 1272 1353 1271 1353 1352 1272 1273 1354 1272 1354 1353 1273 1274 1355 1273 1355 1354 1274 1275 1356 1274 1356 1355 1275 1276 1357 1275 1357 1356 1276 1277 1358 1276 1358 1357 1277 1278 1359 1277 1359 1358 1278 1279 1360 1278 1360 1359 1279 1280 1361 1279 1361 1360 1280 1281 1362 1280 1362 1361 1281 1282 1363 1281 1363 1362 1282 1283 1364 1282 1364 1363 1283 1284 1365 1283 1365 1364 1284 1285 1366 1284 1366 1365 1285 1286 1367 1285 1367 1366 1286 1287 1368 1286 1368 1367 1287 1288 1369 1287 1369 1368 1288 1289 1370 1288 1370 1369 1289 1290 1371 1289 1371 1370 1290 1291 1372 1290 1372 1371 1291 1292 1373 1291 1373 1372 1292 1293 1374 1292 1374 1373 1293 1294 1375 1293 1375 1374 1294 1295 1376 1294 1376 1375
</DataArray>
<DataArray type="Int64" Name="offsets" format="ascii">
3 6 9 12 15 18 21 24 27 30 33 36 39 42 45 48 51 54 57 60 63 66 69 72 75 78 81 84 87 90 93 96 99 102 105 108 111 114 117 120 123 126 129 132 135 138 141 144 147 150 153 156 159 162 165 168 171 174 177 180 183 186 189 192 195 198 201 204 207 210 213 216 219 222 225 228 231 234 237 240 243 246 249 252 255 258 261 264 267 270 273 276 279 282 285 288 291 294 297 300 303 306 309 312 315 318 321 324 327 330 333 336 339 342 345 348 351 354 357 360 363 366 369 372 375 378 381 384 387 390 393 396 399 402 405 408 411 414 417 420 423 426 429 432 435 438 441 444 447 450 453 456 459 462 465 468 471 474 477 480 483 486 489 492 495 498 501 504 507 510 513 516 519 522 525 528 531 534 537 540 543 546 549 552 555 558 561 564 567 570 573 576 579 582 585 588 591 594 597 600 603 606 609 612 615 618 621 624 627 630 633 636 639 642 645 648 651 654 657 660 663 666 669 672 675 678 681 684 687 690 693 696 699 702 705 708 711 714 717 720 723 726 729 732 735 738 741 744 747 750 753 756 759 762 765 768 771 774 777 780 783 786 789 792 795 798 801 804 807 810 813 816 819 822 825 828 831 834 837 840 843 846 849 852 855 858 861 864 867 870 873 876 879 882 885 888 891 894 897 900 903 906 909 912 915 918 921 924 927 930 933 936 939 942 945 948 951 954 957 960 963 966 969 972 975 978 981 984 987 990 993 996 999 1002 1005 1008 1011 1014 1017 1020 1023 1026 1029 1032 1035 1038 1041 1044 1047 1050 1053 1056 1059 1062 1065 1068 1071 1074 1077 1080 1083 1086 1089 1092 1095 1098 1101 1104 1107 1110 1113 1116 1119 1122 1125 1128 1131 1134 1137 1140 1143 1146 1149 1152 1155 1158 1161 1164 1167 1170 1173 1176 1179 1182 1185 1188 1191 1194 1197 1200 1203 1206 1209 1212 1215 1218 1221 1224 1227 1230 1233 1236 1239 1242 1245 1248 1251 1254 1257 1260 1263 1266 1269 1272 1275 1278 1281 1284 1287 1290 1293 1296 1299 1302 1305 1308 1311 1314 1317 1320 1323 1326 1329 1332 1335 1338 1341 1344 1347 1350 1353 1356 1359 1362 1365 1368 1371 1374 1377 1380 1383 1386 1389 1392 1395 1398 1401 1404 1407 1410 1413 1416 1419 1422 1425 1428 1431 1434 1437 1440 1443 1446 1449 1452 1455 1458 1461 1464 1467 1470 1473 1476 1479 1482 1485 1488 1491 1494 1497 1500 1503 1506 1509 1512 1515 1518 1521 1524 1527 1530 1533 1536 1539 1542 1545 1548 1551 1554 1557 1560 1563 1566 1569 1572 1575 1578 1581 1584 1587 1590 1593 1596 1599 1602 1605 1608 1611 1614 1617 1620 1623 1626 1629 1632 1635 1638 1641 1644 1647 1650 1653 1656 1659 1662 1665 1668 1671 1674 1677 1680 1683 1686 1689 1692 1695 1698 1701 1704 1707 1710 1713 1716 1719 1722 1725 1728 1731 1734 1737 1740 1743 1746 1749 1752 1755 1758 1761 1764 1767 1770 1773 1776 1779 1782 1785 1788 1791 1794 1797 1800 1803 1806 1809 1812 1815 1818 1821 1824 1827 1830 1833 1836 1839 1842 1845 1848 1851 1854 1857 1860 1863 1866 1869 1872 1875 1878 1881 1884 1887 1890 1893 1896 1899 1902 1905 1908 1911 1914 1917 1920 1923 1926 1929 1932 1935 1938 1941 1944 1947 1950 1953 1956 1959 1962 1965 1968 1971 1974 1977 1980 1983 1986 1989 1992 1995 1998 2001 2004 2007 2010 2013 2016 2019 2022 2025 2028 2031 2034 2037 2040 2043 2046 2049 2052 2055 2058 2061 2064 2067 2070 2073 2076 2079 2082 2085 2088 2091 2094 2097 2100 2103 2106 2109 2112 2115 2118 2121 2124 2127 2130 2133 2136 2139 2142 2145 2148 2151 2154 2157 2160 2163 2166 2169 2172 2175 2178 2181 2184 2187 2190 2193 2196 2199 2202 2205 2208 2211 2214 2217 2220 2223 2226 2229 2232 2235 2238 2241 2244 2247 2250 2253 2256 2259 2262 2265 2268 2271 2274 2277 2280 2283 2286 2289 2292 2295 2298 2301 2304 2307 2310 2313 2316 2319 2322 2325 2328 2331 2334 2337 2340 2343 2346 2349 2352 2355 2358 2361 2364 2367 2370 2373 2376 2379 2382 2385 2388 2391 2394 2397 2400 2403 2406 2409 2412 2415 2418 2421 2424 2427 2430 2433 2436 2439 2442 2445 2448 2451 2454 2457 2460 2463 2466 2469 2472 2475 2478 2481 2484 2487 2490 2493 2496 2499 2502 2505 2508 2511 2514 2517 2520 2523 2526 2529 2532 2535 2538 2541 2544 2547 2550 2553 2556 2559 2562 2565 2568 2571 2574 2577 2580 2583 2586 2589 2592 2595 2598 2601 2604 2607 2610 2613 2616 2619 2622 2625 2628 2631 2634 2637 2640 2643 2646 2649 2652 2655 2658 2661 2664 2667 2670 2673 2676 2679 2682 2685 2688 2691 2694 2697 2700 2703 2706 2709 2712 2715 2718 2721 2724 2727 2730 2733 2736 2739 2742 2745 2748 2751 2754 2757 2760 2763 2766 2769 2772 2775 2778 2781 2784 2787 2790 2793 2796 2799 2802 2805 2808 2811 2814 2817 2820 2823 2826 2829 2832 2835 2838 2841 2844 2847 2850 2853 2856 2859 2862 2865 2868 2871 2874 2877 2880 2883 2886 2889 2892 2895 2898 2901 2904 2907 2910 2913 2916 2919 2922 2925 2928 2931 2934 2937 2940 2943 2946 2949 2952 2955 2958 2961 2964 2967 2970 2973 2976 2979 2982 2985 2988 2991 2994 2997 3000 3003 3006 3009 3012 3015 3018 3021 3024 3027 3030 3033 3036 3039 3042 3045 3048 3051 3054 3057 3060 3063 3066 3069 3072 3075 3078 3081 3084 3087 3090 3093 3096 3099 3102 3105 3108 3111 3114 3117 3120 3123 3126 3129 3132 3135 3138 3141 3144 3147 3150 3153 3156 3159 3162 3165 3168 3171 3174 3177 3180 3183 3186 3189 3192 3195 3198 3201 3204 3207 3210 3213 3216 3219 3222 3225 3228 3231 3234 3237 3240 3243 3246 3249 3252 3255 3258 3261 3264 3267 3270 3273 3276 3279 3282 3285 3288 3291 3294 3297 3300 3303 3306 3309 3312 3315 3318 3321 3324 3327 3330 3333 3336 3339 3342 3345 3348 3351 3354 3357 3360 3363 3366 3369 3372 3375 3378 3381 3384 3387 3390 3393 3396 3399 3402 3405 3408 3411 3414 3417 3420 3423 3426 3429 3432 3435 3438 3441 3444 3447 3450 3453 3456 3459 3462 3465 3468 3471 3474 3477 3480 3483 3486 3489 3492 3495 3498 3501 3504 3507 3510 3513 3516 3519 3522 3525 3528 3531 3534 3537 3540 3543 3546 3549 3552 3555 3558 3561 3564 3567 3570 3573 3576 3579 3582 3585 3588 3591 3594 3597 3600 3603 3606 3609 3612 3615 3618 3621 3624 3627 3630 3633 3636 3639 3642 3645 3648 3651 3654 3657 3660 3663 3666 3669 3672 3675 3678 3681 3684 3687 3690 3693 3696 3699 3702 3705 3708 3711 3714 3717 3720 3723 3726 3729 3732 3735 3738 3741 3744 3747 3750 3753 3756 3759 3762 3765 3768 3771 3774 3777 3780 3783 3786 3789 3792 3795 3798 3801 3804 3807 3810 3813 3816 3819 3822 3825 3828 3831 3834 3837 3840 3843 3846 3849 3852 3855 3858 3861 3864 3867 3870 3873 3876 3879 3882 3885 3888 3891 3894 3897 3900 3903 3906 3909 3912 3915 3918 3921 3924 3927 3930 3933 3936 3939 3942 3945 3948 3951 3954 3957 3960 3963 3966 3969 3972 3975 3978 3981 3984 3987 3990 3993 3996 3999 4002 4005 4008 4011 4014 4017 4020 4023 4026 4029 4032 4035 4038 4041 4044 4047 4050 4053 4056 4059 4062 4065 4068 4071 4074 4077 4080 4083 4086 4089 4092 4095 4098 4101 4104 4107 4110 4113 4116 4119 4122 4125 4128 4131 4134 4137 4140 4143 4146 4149 4152 4155 4158 4161 4164 4167 4170 4173 4176 4179 4182 4185 4188 4191 4194 4197 4200 4203 4206 4209 4212 4215 4218 4221 4224 4227 4230 4233 4236 4239 4242 4245 4248 4251 4254 4257 4260 4263 4266 4269 4272 4275 4278 4281 4284 4287 4290 4293 4296 4299 4302 4305 4308 4311 4314 4317 4320 4323 4326 4329 4332 4335 4338 4341 4344 4347 4350 4353 4356 4359 4362 4365 4368 4371 4374 4377 4380 4383 4386 4389 4392 4395 4398 4401 4404 4407 4410 4413 4416 4419 4422 4425 4428 4431 4434 4437 4440 4443 4446 4449 4452 4455 4458 4461 4464 4467 4470 4473 4476 4479 4482 4485 4488 4491 4494 4497 4500 4503 4506 4509 4512 4515 4518 4521 4524 4527 4530 4533 4536 4539 4542 4545 4548 4551 4554 4557 4560 4563 4566 4569 4572 4575 4578 4581 4584 4587 4590 4593 4596 4599 4602 4605 4608 4611 4614 4617 4620 4623 4626 4629 4632 4635 4638 4641 4644 4647 4650 4653 4656 4659 4662 4665 4668 4671 4674 4677 4680 4683 4686 4689 4692 4695 4698 4701 4704 4707 4710 4713 4716 4719 4722 4725 4728 4731 4734 4737 4740 4743 4746 4749 4752 4755 4758 4761 4764 4767 4770 4773 4776 4779 4782 4785 4788 4791 4794 4797 4800 4803 4806 4809 4812 4815 4818 4821 4824 4827 4830 4833 4836 4839 4842 4845 4848 4851 4854 4857 4860 4863 4866 4869 4872 4875 4878 4881 4884 4887 4890 4893 4896 4899 4902 4905 4908 4911 4914 4917 4920 4923 4926 4929 4932 4935 4938 4941 4944 4947 4950 4953 4956 4959 4962 4965 4968 4971 4974 4977 4980 4983 4986 4989 4992 4995 4998 5001 5004 5007 5010 5013 5016 5019 5022 5025 5028 5031 5034 5037 5040 5043 5046 5049 5052 5055 5058 5061 5064 5067 5070 5073 5076 5079 5082 5085 5088 5091 5094 5097 5100 5103 5106 5109 5112 5115 5118 5121 5124 5127 5130 5133 5136 5139 5142 5145 5148 5151 5154 5157 5160 5163 5166 5169 5172 5175 5178 5181 5184 5187 5190 5193 5196 5199 5202 5205 5208 5211 5214 5217 5220 5223 5226 5229 5232 5235 5238 5241 5244 5247 5250 5253 5256 5259 5262 5265 5268 5271 5274 5277 5280 5283 5286 5289 5292 5295 5298 5301 5304 5307 5310 5313 5316 5319 5322 5325 5328 5331 5334 5337 5340 5343 5346 5349 5352 5355 5358 5361 5364 5367 5370 5373 5376 5379 5382 5385 5388 5391 5394 5397 5400 5403 5406 5409 5412 5415 5418 5421 5424 5427 5430 5433 5436 5439 5442 5445 5448 5451 5454 5457 5460 5463 5466 5469 5472 5475 5478 5481 5484 5487 5490 5493 5496 5499 5502 5505 5508 5511 5514 5517 5520 5523 5526 5529 5532 5535 5538 5541 5544 5547 5550 5553 5556 5559 5562 5565 5568 5571 5574 5577 5580 5583 5586 5589 5592 5595 5598 5601 5604 5607 5610 5613 5616 5619 5622 5625 5628 5631 5634 5637 5640 5643 5646 5649 5652 5655 5658 5661 5664 5667 5670 5673 5676 5679 5682 5685 5688 5691 5694 5697 5700 5703 5706 5709 5712 5715 5718 5721 5724 5727 5730 5733 5736 5739 5742 5745 5748 5751 5754 5757 5760 5763 5766 5769 5772 5775 5778 5781 5784 5787 5790 5793 5796 5799 5802 5805 5808 5811 5814 5817 5820 5823 5826 5829 5832 5835 5838 5841 5844 5847 5850 5853 5856 5859 5862 5865 5868 5871 5874 5877 5880 5883 5886 5889 5892 5895 5898 5901 5904 5907 5910 5913 5916 5919 5922 5925 5928 5931 5934 5937 5940 5943 5946 5949 5952 5955 5958 5961 5964 5967 5970 5973 5976 5979 5982 5985 5988 5991 5994 5997 6000 6003 6006 6009 6012 6015 6018 6021 6024 6027 6030 6033 6036 6039 6042 6045 6048 6051 6054 6057 6060 6063 6066 6069 6072 6075 6078 6081 6084 6087 6090 6093 6096 6099 6102 6105 6108 6111 6114 6117 6120 6123 6126 6129 6132 6135 6138 6141 6144 6147 6150 6153 6156 6159 6162 6165 6168 6171 6174 6177 6180 6183 6186 6189 6192 6195 6198 6201 6204 6207 6210 6213 6216 6219 6222 6225 6228 6231 6234 6237 6240 6243 6246 6249 6252 6255 6258 6261 6264 6267 6270 6273 6276 6279 6282 6285 6288 6291 6294 6297 6300 6303 6306 6309 6312 6315 6318 6321 6324 6327 6330 6333 6336 6339 6342 6345 6348 6351 6354 6357 6360 6363 6366 6369 6372 6375 6378 6381 6384 6387 6390 6393 6396 6399 6402 6405 6408 6411 6414 6417 6420 6423 6426 6429 6432 6435 6438 6441 6444 6447 6450 6453 6456 6459 6462 6465 6468 6471 6474 6477 6480 6483 6486 6489 6492 6495 6498 6501 6504 6507 6510 6513 6516 6519 6522 6525 6528 6531 6534 6537 6540 6543 6546 6549 6552 6555 6558 6561 6564 6567 6570 6573 6576 6579 6582 6585 6588 6591 6594 6597 6600 6603 6606 6609 6612 6615 6618 6621 6624 6627 6630 6633 6636 6639 6642 6645 6648 6651 6654 6657 6660 6663 6666 6669 6672 6675 6678 6681 6684 6687 6690 6693 6696 6699 6702 6705 6708 6711 6714 6717 6720 6723 6726 6729 6732 6735 6738 6741 6744 6747 6750 6753 6756 6759 6762 6765 6768 6771 6774 6777 6780 6783 6786 6789 6792 6795 6798 6801 6804 6807 6810 6813 6816 6819 6822 6825 6828 6831 6834 6837 6840 6843 6846 6849 6852 6855 6858 6861 6864 6867 6870 6873 6876 6879 6882 6885 6888 6891 6894 6897 6900 6903 6906 6909 6912 6915 6918 6921 6924 6927 6930 6933 6936 6939 6942 6945 6948 6951 6954 6957 6960 6963 6966 6969 6972 6975 6978 6981 6984 6987 6990 6993 6996 6999 7002 7005 7008 7011 7014 7017 7020 7023 7026 7029 7032 7035 7038 7041 7044 7047 7050 7053 7056 7059 7062 7065 7068 7071 7074 7077 7080 7083 7086 7089 7092 7095 7098 7101 7104 7107 7110 7113 7116 7119 7122 7125 7128 7131 7134 7137 7140 7143 7146 7149 7152 7155 7158 7161 7164 7167 7170 7173 7176 7179 7182 7185 7188 7191 7194 7197 7200 7203 7206 7209 7212 7215 7218 7221 7224 7227 7230 7233 7236 7239 7242 7245 7248 7251 7254 7257 7260 7263 7266 7269 7272 7275 7278 7281 7284 7287 7290 7293 7296 7299 7302 7305 7308 7311 7314 7317 7320 7323 7326 7329 7332 7335 7338 7341 7344 7347 7350 7353 7356 7359 7362 7365 7368 7371 7374 7377 7380 7383 7386 7389 7392 7395 7398 7401 7404 7407 7410 7413 7416 7419 7422 7425 7428 7431 7434 7437 7440 7443 7446 7449 7452 7455 7458 7461 7464 7467 7470 7473 7476 7479 7482 7485 7488 7491 7494 7497 7500 7503 7506 7509 7512 7515 7518 7521 7524 7527 7530 7533 7536 7539 7542 7545 7548 7551 7554 7557 7560 7563 7566 7569 7572 7575 7578 7581 7584 7587 7590 7593 7596 7599 7602 7605 7608 7611 7614 7617 7620 7623 7626 7629 7632 7635 7638 7641 7644 7647 7650 7653 7656 7659 7662 7665 7668 7671 7674 7677 7680
</DataArray>
<DataArray type="UInt8" Name="types" format="ascii">
5 5 5 5 5 5 5 5 5 5 5 5 5 5 5 5 5 5 5 5 5 5 5 5 5 5 5 5 5 5 5 5 5 5 5 5 5 5 5 5 5 5 5 5 5 5 5 5 5 5 5 5 5 5 5 5 5 5 5 5 5 5 5 5 5 5 5 5 5 5 5 5 5 5 5 5 5 5 5 5 5 5 5 5 5 5 5 5 5 5 5 5 5 5 5 5 5 5 5 5 5 5 5 5 5 5 5 5 5 5 5 5 5 5 5 5 5 5 5 5 5 5 5 5 5 5 5 5 5 5 5 5 5 5 5 5 5 5 5 5 5 5 5 5 5 5 5 5 5 5 5 5 5 5 5 5 5 5 5 5 5 5 5 5 5 5 5 5 5 5 5 5 5 5 5 5 5 5 5 5 5 5 5 5 5 5 5 5 5 5 5 5 5 5 5 5 5 5 5 5 5 5 5 5 5 5 5 5 5 5 5 5 5 5 5 5 5 5 5 5 5 5 5 5 5 5 5 5 5 5 5 5 5 5 5 5 5 5 5 5 5 5 5 5 5 5 5 5 5 5 5 5 5 5 5 5 5 5 5 5 5 5 5 5 5 5 5 5 5 5 5 5 5 5 5 5 5 5 5 5 5 5 5 5 5 5 5 5 5 5 5 5 5 5 5 5 5 5 5 5 5 5 5 5 5 5 5 5 5 5 5 5 5 5 5 5 5 5 5 5 5 5 5 5 5 5 5 5 5 5 5 5 5 5 5 5 5 5 5 5 5 5 5 5 5 5 5 5 5 5 5 5 5 5 5 5 5 5 5 5 5 5 5 5 5 5 5 5 5 5 5 5 5 5 5 5 5 5 5 5 5 5 5 5 5 5 5 5 5 5 5 5 5 5 5 5 5 5 5 5 5 5 5 5 5 5 5 5 5 5 5 5 5 5 5 5 5 5 5 5 5 5 5 5 5 5 5 5 5 5 5 5 5 5 5 5 5 5 5 5 5 5 5 5 5 5 5 5 5 5 5 5 5 5 5 5 5 5 5 5 5 5 5 5 5 5 5 5 5 5 5 5 5 5 5 5 5 5 5 5 5 5 5 5 5 5 5 5 5 5 5 5 5 5 5 5 5 5 5 5 5 5 5 5 5 5 5 5 5 5 5 5 5 5 5 5 5 5 5 5 5 5 5 5 5 5 5 5 5 5 5 5 5 5 5 5 5 5 5 5 5 5 5 5 5 5 5 5 5 5 5 5 5 5 5 5 5 5 5 5 5 5 5 5 5 5 5 5 5 5 5 5 5 5 5 5 5 5 5 5 5 5 5 5 5 5 5 5 5 5 5 5 5 5 5 5 5 5 5 5 5 5 5 5 5 5 5 5 5 5 5 5 5 5 5 5 5 5 5 5 5 5 5 5 5 5 5 5 5 5 5 5 5 5 5 5 5 5 5 5 5 5 5 5 5 5 5 5 5 5 5 5 5 5 5 5 5 5 5 5 5 5 5 5 5 5 5 5 5 5 5 5 5 5 5 5 5 5 5 5 5 5 5 5 5 5 5 5 5 5 5 5 5 5 5 5 5 5 5 5 5 5 5 5 5 5 5 5 5 5 5 5 5 5 5 5 5 5 5 5 5 5 5 5 5 5 5 5 5 5 5 5 5 5 5 5 5 5 5 5 5 5 5 5 5 5 5 5 5 5 5 5 5 5 5 5 5 5 5 5 5 5 5 5 5 5 5 5 5 5 5 5 5 5 5 5 5 5 5 5 5 5 5 5 5 5 5 5 5 5 5 5 5 5 5 5 5 5 5 5 5 5 5 5 5 5 5 5 5 5 5 5 5 5 5 5 5 5 5 5 5 5 5 5 5 5 5 5 5 5 5 5 5 5 5 5 5 5 5 5 5 5 5 5 5 5 5 5 5 5 5 5 5 5 5 5 5 5 5 5 5 5 5 5 5 5 5 5 5 5 5 5 5 5 5 5 5 5 5 5 5 5 5 5 5 5 5 5 5 5 5 5 5 5 5 5 5 5 5 5 5 5 5 5 5 5 5 5 5 5 5 5 5 5 5 5 5 5 5 5 5 5 5 5 5 5 5 5 5 5 5 5 5 5 5 5 5 5 5 5 5 5 5 5 5 5 5 5 5 5 5 5 5 5 5 5 5 5 5 5 5 5 5 5 5 5 5 5 5 5 5 5 5 5 5 5 5 5 5 5 5 5 5 5 5 5 5 5 5 5 5 5 5 5 5 5 5 5 5 5 5 5 5 5 5 5 5 5 5 5 5 5 5 5 5 5 5 5 5 5 5 5 5 5 5 5 5 5 5 5 5 5 5 5 5 5 5 5 5 5 5 5 5 5 5 5 5 5 5 5 5 5 5 5 5 5 5 5 5 5 5 5 5 5 5 5 5 5 5 5 5 5 5 5 5 5 5 5 5 5 5 5 5 5 5 5 5 5 5 5 5 5 5 5 5 5 5 5 5 5 5 5 5 5 5 5 5 5 5 5 5 5 5 5 5 5 5 5 5 5 5 5 5 5 5 5 5 5 5 5 5 5 5 5 5 5 5 5 5 5 5 5 5 5 5 5 5 5 5 5 5 5 5 5 5 5 5 5 5 5 5 5 5 5 5 5 5 5 5 5 5 5 5 5 5 5 5 5 5 5 5 5 5 5 5 5 5 5 5 5 5 5 5 5 5 5 5 5 5 5 5 5 5 5 5 5 5 5 5 5 5 5 5 5 5 5 5 5 5 5 5 5 5 5 5 5 5 5 5 5 5 5 5 5 5 5 5 5 5 5 5 5 5 5 5 5 5 5 5 5 5 5 5 5 5 5 5 5 5 5 5 5 5 5 5 5 5 5 5 5 5 5 5 5 5 5 5 5 5 5 5 5 5 5 5 5 5 5 5 5 5 5 5 5 5 5 5 5 5 5 5 5 5 5 5 5 5 5 5 5 5 5 5 5 5 5 5 5 5 5 5 5 5 5 5 5 5 5 5 5 5 5 5 5 5 5 5 5 5 5 5 5 5 5 5 5 5 5 5 5 5 5 5 5 5 5 5 5 5 5 5 5 5 5 5 5 5 5 5 5 5 5 5 5 5 5 5 5 5 5 5 5 5 5 5 5 5 5 5 5 5 5 5 5 5 5 5 5 5 5 5 5 5 5 5 5 5 5 5 5 5 5 5 5 5 5 5 5 5 5 5 5 5 5 5 5 5 5 5 5 5 5 5 5 5 5 5 5 5 5 5 5 5 5 5 5 5 5 5 5 5 5 5 5 5 5 5 5 5 5 5 5 5 5 5 5 5 5 5 5 5 5 5 5 5 5 5 5 5 5 5 5 5 5 5 5 5 5 5 5 5 5 5 5 5 5 5 5 5 5 5 5 5 5 5 5 5 5 5 5 5 5 5 5 5 5 5 5 5 5 5 5 5 5 5 5 5 5 5 5 5 5 5 5 5 5 5 5 5 5 5 5 5 5 5 5 5 5 5 5 5 5 5 5 5 5 5 5 5 5 5 5 5 5 5 5 5 5 5 5 5 5 5 5 5 5 5 5 5 5 5 5 5 5 5 5 5 5 5 5 5 5 5 5 5 5 5 5 5 5 5 5 5 5 5 5 5 5 5 5 5 5 5 5 5 5 5 5 5 5 5 5 5 5 5 5 5 5 5 5 5 5 5 5 5 5 5 5 5 5 5 5 5 5 5 5 5 5 5 5 5 5 5 5 5 5 5 5 5 5 5 5 5 5 5 5 5 5 5 5 5 5 5 5 5 5 5 5 5 5 5 5 5 5 5 5 5 5 5 5 5 5 5 5 5 5 5 5 5 5 5 5 5 5 5 5 5 5 5 5 5 5 5 5 5 5 5 5 5 5 5 5 5 5 5 5 5 5 5 5 5 5 5 5 5 5 5 5 5 5 5 5 5 5 5 5 5 5 5 5 5 5 5 5 5 5 5 5 5 5 5 5 5 5 5 5 5 5 5 5 5 5 5 5 5 5 5 5 5 5 5 5 5 5 5 5 5 5 5 5 5 5 5 5 5 5 5 5 5 5 5 5 5 5 5 5 5 5 5 5 5 5 5 5 5 5 5 5 5 5 5 5 5 5 5 5 5 5 5 5 5 5 5 5 5 5 5 5 5 5 5 5 5 5 5 5 5 5 5 5 5 5 5 5 5 5 5 5 5 5 5 5 5 5 5 5 5 5 5 5 5 5 5 5 5 5 5 5 5 5 5 5 5 5 5 5 5 5 5 5 5 5 5 5 5 5 5 5 5 5 5 5 5 5 5 5 5 5 5 5 5 5 5 5 5 5 5 5 5 5 5 5 5 5 5 5 5 5 5 5 5 5 5 5 5 5 5 5 5 5 5 5 5 5 5 5 5 5 5 5 5 5 5 5 5 5 5 5 5 5 5 5 5 5 5 5 5 5 5 5 5 5 5 5 5 5 5 5 5 5 5 5 5 5 5 5 5 5 5 5 5 5 5 5 5 5 5 5 5 5 5 5 5 5 5 5 5 5 5 5 5 5 5 5 5 5 5 5 5 5 5 5 5 5 5 5 5 5 5 5 5 5 5 5 5 5 5 5 5 5 5 5 5 5 5 5 5 5 5 5 5 5 5 5 5 5 5 5 5 5 5 5 5 5 5 5 5 5 5 5 5 5 5 5 5 5 5 5 5 5 5 5 5 5 5 5 5 5 5 5 5 5 5 5 5 5 5 5 5 5 5 5 5 5 5 5 5 5 5 5 5 5 5 5 5 5 5 5 5 5 5 5 5 5 5 5 5 5 5 5 5 5 5 5 5 5 5 5 5 5 5 5 5 5 5 5 5 5 5 5 5 5 5 5 5 5 5 5 5 5 5 5 5 5 5 5 5 5 5 5 5 5 5 5 5 5 5 5 5 5 5 5 5 5 5 5 5 5 5 5 5 5 5 5 5 5 5 5 5 5 5 5 5 5 5 5 5 5 5 5 5 5 5 5 5 5 5 5 5 5 5 5 5 5 5 5 5 5 5 5 5 5 5 5 5 5 5 5 5 5 5 5 5 5 5 5 5 5 5 5 5 5 5 5 5 5 5 5 5 5 5 5 5 5 5 5 5 5 5 5 5 5 5 5 5 5 5 5 5 5 5 5 5 5 5 5 5 5 5 5 5 5 5 5 5 5 5 5 5 5 5 5 5 5 5 5 5 5 5 5 5 5 5 5 5 5 5 5 5 5 5 5 5 5 5 5 5 5 5 5 5 5 5 5 5 5 5 5 5 5 5 5 5 5 5 5 5 5 5 5 5 5 5 5 5 5 5 5 5 5 5 5 5 5 5 5 5 5 5 5 5 5 5 5 5 5 5 5 5 5 5 5 5 5 5 5 5 5 5 5 5 5 5 5 5 5 5 5 5 5 5 5 5 5 5 5 5 5 5 5 5 5 5 5 5 5 5 5 5 5 5 5 5 5 5 5 5 5 5 5 5 5 5 5 5 5 5 5 5 5 5 5 5 5 5 5 5 5 5 5 5 5 5 5 5 5 5 5 5 5 5 5 5 5 5 5 5 5 5 5 5 5 5 5 5 5 5 5 5 5 5 5 5 5 5 5 5 5 5 5 5 5 5 5 5 5 5 5 5 5 5 5 5 5 5 5 5 5 5 5 5 5 5 5 5 5 5 5 5 5 5 5 5 5 5 5 5 5 5 5 5 5 5 5 5 5 5 5 5 5 5 5 5 5 5 5 5 5 5 5 5 5 5 5 5 5 5 5 5 5
</DataArray>
</Cells>
<PointData>
<DataArray type="Float64" Name="temperature [K]" NumberOfComponents="1" format="ascii">
351.05419161712393 350.45538922191446 349.8565868267049 349.2577844314957 348.6589820362863 348.0601796410771 347.46137724586754 346.86257485065835 346.2637724554488 345.6649700602391 345.06616766502964 344.4673652698197 343.86856287461 343.2697604794002 342.6709580841903 342.07215568897993 341.4733532937694 340.8745508985588 340.27574850334776 339.6769461081372 339.07814371292625 338.47934131771507 337.88053892250383 337.2817365272926 336.6829341320807 336.0841317368688 335.4853293416567 334.8865269464443 334.2877245512316 333.6889221560198 333.0901197608082 332.4913173655964 331.8925149703843 331.2937125751726 330.6949101799599 330.0961077847468 329.4973053895337 328.89850299432067 328.2997005991075 327.70089820389404 327.10209580868025 326.50329341346617 325.904491018252 325.3056886230381 324.70688622782353 324.1080838326088 323.5092814373939 322.9104790421787 322.3116766469633 321.7128742517479 321.11407185653223 320.5152694613162 319.9164670661 319.3176646708845 318.7188622756687 318.12005988045263 317.5212574852363 316.9224550900198 316.3236526948034 315.7248502995869 315.1260479043702 314.5272455091535 313.9284431139367 313.3296407187198 312.7308383235022 312.1320359282845 311.53323353306655 310.93443113784843 310.3356287426302 309.7368263474118 309.13802395219295 308.5392215569739 307.9404191617548 307.34161676653576 306.7428143713167 306.1440119760974 305.54520958087824 304.9464071856589 304.3476047904394 303.74880239521985 303.15 351.0541916171239 350.4553892219144 349.8565868267048 349.2577844314957 348.6589820362863 348.0601796410771 347.4613772458676 346.86257485065835 346.26377245544876 345.66497006023906 345.0661676650297 344.4673652698197 343.86856287461006 343.2697604794002 342.6709580841903 342.07215568897993 341.47335329376943 340.8745508985588 340.2757485033479 339.67694610813726 339.07814371292625 338.479341317715 337.8805389225038 337.28173652729265 336.68293413208073 336.08413173686887 335.48532934165667 334.88652694644435 334.2877245512316 333.6889221560199 333.09011976080825 332.4913173655964 331.8925149703844 331.2937125751727 330.69491017995995 330.09610778474683 329.4973053895338 328.8985029943207 328.29970059910755 327.7008982038941 327.10209580868025 326.5032934134662 325.90449101825203 325.3056886230382 324.70688622782353 324.1080838326088 323.5092814373939 322.9104790421787 322.31167664696335 321.71287425174796 321.11407185653223 320.5152694613163 319.91646706609987 319.31766467088454 318.71886227566876 318.12005988045263 317.5212574852364 316.9224550900199 316.3236526948035 315.7248502995869 315.1260479043701 314.5272455091535 313.92844311393674 313.3296407187197 312.73083832350216 312.1320359282845 311.53323353306655 310.93443113784843 310.3356287426302 309.73682634741186 309.138023952193 308.53922155697404 307.9404191617548 307.3416167665357 306.7428143713166 306.1440119760974 305.54520958087824 304.9464071856589 304.3476047904394 303.74880239521985 303.15 351.0541916171239 350.4553892219145 349.8565868267049 349.25778443149574 348.65898203628626 348.06017964107696 347.4613772458675 346.8625748506582 346.2637724554488 345.6649700602391 345.06616766502975 344.4673652698197 343.86856287461 343.2697604794002 342.6709580841903 342.0721556889799 341.47335329376943 340.8745508985588 340.27574850334804 339.67694610813726 339.0781437129263 338.47934131771495 337.8805389225037 337.2817365272925 336.6829341320807 336.08413173686876 335.4853293416567 334.88652694644435 334.2877245512317 333.6889221560201 333.09011976080836 332.49131736559644 331.8925149703844 331.29371257517244 330.6949101799602 330.0961077847469 329.4973053895339 328.89850299432084 328.29970059910767 327.70089820389404 327.1020958086803 326.5032934134662 325.90449101825243 325.30568862303824 324.70688622782365 324.10808383260877 323.5092814373939 322.9104790421787 322.3116766469634 321.7128742517479 321.11407185653235 320.5152694613164 319.91646706610004 319.3176646708847 318.71886227566887 318.1200598804528 317.52125748523645 316.92245509002004 316.32365269480385 315.72485029958693 315.1260479043702 314.5272455091535 313.92844311393674 313.3296407187197 312.7308383235022 312.13203592828455 311.53323353306655 310.9344311378485 310.3356287426303 309.73682634741215 309.1380239521932 308.53922155697416 307.94041916175485 307.3416167665356 306.7428143713167 306.14401197609743 305.5452095808783 304.9464071856589 304.34760479043945 303.74880239521985 303.15 351.0541916171239 350.4553892219144 349.85658682670487 349.2577844314958 348.6589820362863 348.06017964107696 347.4613772458676 346.8625748506583 346.2637724554489 345.6649700602392 345.06616766502975 344.46736526981965 343.86856287461 343.26976047940025 342.6709580841903 342.0721556889799 341.4733532937693 340.8745508985588 340.2757485033481 339.6769461081372 339.0781437129263 338.4793413177149 337.8805389225037 337.28173652729237 336.6829341320807 336.08413173686876 335.48532934165667 334.88652694644435 334.28772455123175 333.68892215602017 333.0901197608083 332.4913173655964 331.89251497038424 331.29371257517226 330.69491017995983 330.09610778474695 329.49730538953395 328.89850299432084 328.29970059910767 327.7008982038941 327.1020958086803 326.5032934134664 325.9044910182526 325.3056886230382 324.7068862278237 324.1080838326088 323.50928143739395 322.9104790421788 322.31167664696346 321.712874251748 321.11407185653235 320.51526946131645 319.91646706610015 319.31766467088477 318.7188622756689 318.12005988045286 317.52125748523645 316.9224550900202 316.32365269480385 315.72485029958676 315.12604790436995 314.52724550915343 313.9284431139367 313.3296407187196 312.73083832350227 312.1320359282845 311.53323353306655 310.9344311378484 310.3356287426303 309.73682634741226 309.1380239521931 308.53922155697427 307.94041916175473 307.3416167665356 306.7428143713166 306.1440119760974 305.54520958087824 304.94640718565887 304.3476047904394 303.74880239521974 303.15 351.0541916171236 350.45538922191423 349.856586826705 349.25778443149574 348.6589820362864 348.060179641077 347.4613772458677 346.8625748506582 346.26377245544876 345.6649700602393 345.06616766502975 344.4673652698199 343.8685628746103 343.2697604794004 342.6709580841905 342.0721556889798 341.4733532937693 340.8745508985587 340.27574850334804 339.6769461081371 339.07814371292625 338.4793413177149 337.8805389225037 337.2817365272924 336.6829341320806 336.0841317368688 335.4853293416567 334.88652694644446 334.28772455123226 333.68892215602045 333.09011976080853 332.4913173655965 331.89251497038424 331.29371257517215 330.6949101799597 330.09610778474695 329.49730538953395 328.8985029943211 328.29970059910784 327.7008982038941 327.1020958086803 326.5032934134665 325.90449101825266 325.30568862303824 324.7068862278238 324.1080838326089 323.50928143739407 322.910479042179 322.3116766469637 321.7128742517481 321.1140718565324 320.5152694613166 319.91646706610055 319.317664670885 318.71886227566904 318.1200598804529 317.5212574852366 316.9224550900203 316.3236526948039 315.7248502995868 315.1260479043699 314.5272455091535 313.9284431139367 313.32964071871965 312.7308383235022 312.13203592828455 311.5332335330666 310.9344311378484 310.33562874263026 309.736826347412 309.1380239521931 308.5392215569741 307.9404191617546 307.34161676653554 306.7428143713166 306.14401197609743 305.5452095808783 304.94640718565887 304.34760479043945 303.74880239521974 303.15 351.0541916171236 350.4553892219142 349.856586826705 349.2577844314959 348.65898203628643 348.060179641077 347.46137724586777 346.8625748506581 346.2637724554489 345.66497006023917 345.0661676650298 344.4673652698201 343.86856287461046 343.2697604794004 342.6709580841904 342.07215568897976 341.47335329376926 340.8745508985586 340.27574850334787 339.67694610813703 339.07814371292625 338.47934131771495 337.8805389225038 337.2817365272924 336.6829341320808 336.08413173686887 335.4853293416569 334.88652694644463 334.28772455123243 333.6889221560207 333.09011976080865 332.4913173655965 331.8925149703843 331.2937125751721 330.69491017995966 330.0961077847471 329.4973053895343 328.8985029943214 328.299700599108 327.70089820389416 327.1020958086804 326.50329341346674 325.9044910182529 325.3056886230383 324.7068862278239 324.10808383260905 323.50928143739424 322.9104790421794 322.311676646964 321.7128742517483 321.1140718565326 320.51526946131673 319.9164670661008 319.31766467088516 318.7188622756692 318.120059880453 317.52125748523684 316.9224550900206 316.32365269480397 315.724850299587 315.12604790437024 314.5272455091537 313.9284431139369 313.32964071871976 312.73083832350216 312.13203592828444 311.53323353306655 310.93443113784843 310.33562874263026 309.73682634741186 309.1380239521932 308.53922155697427 307.9404191617549 307.34161676653565 306.7428143713167 306.1440119760975 305.54520958087835 304.94640718565887 304.3476047904395 303.74880239521974 303.15 351.0541916171236 350.4553892219142 349.8565868267051 349.2577844314959 348.65898203628655 348.06017964107707 347.4613772458677 346.86257485065795 346.2637724554488 345.6649700602391 345.0661676650299 344.4673652698202 343.8685628746105 343.2697604794005 342.6709580841903 342.0721556889799 341.4733532937693 340.87455089855854 340.2757485033475 339.676946108137 339.07814371292613 338.47934131771495 337.88053892250383 337.2817365272924 336.68293413208096 336.08413173686904 335.48532934165706 334.88652694644486 334.28772455123254 333.68892215602085 333.0901197608088 332.4913173655966 331.8925149703844 331.2937125751721 330.6949101799596 330.09610778474723 329.4973053895344 328.89850299432146 328.2997005991083 327.7008982038943 327.1020958086807 326.50329341346685 325.9044910182527 325.30568862303835 324.70688622782393 324.1080838326092 323.50928143739446 322.9104790421796 322.3116766469644 321.71287425174864 321.114071856533 320.51526946131696 319.91646706610084 319.31766467088545 318.71886227566944 318.1200598804532 317.521257485237 316.9224550900209 316.32365269480425 315.7248502995872 315.1260479043705 314.52724550915383 313.92844311393713 313.3296407187197 312.73083832350227 312.1320359282845 311.53323353306655 310.9344311378484 310.3356287426303 309.7368263474119 309.13802395219335 308.53922155697444 307.9404191617551 307.34161676653594 306.74281437131657 306.1440119760976 305.5452095808784 304.946407185659 304.3476047904395 303.7488023952198 303.15 351.0541916171236 350.455389221914 349.8565868267049 349.25778443149574 348.65898203628655 348.0601796410772 347.4613772458677 346.86257485065806 346.26377245544876 345.6649700602392 345.0661676650299 344.4673652698202 343.8685628746106 343.2697604794005 342.6709580841903 342.0721556889798 341.4733532937693 340.8745508985585 340.27574850334753 339.6769461081369 339.07814371292625 338.47934131771507 337.8805389225039 337.28173652729254 336.68293413208096 336.084131736869 335.48532934165723 334.8865269464451 334.2877245512329 333.68892215602114 333.09011976080893 332.49131736559673 331.89251497038447 331.2937125751722 330.6949101799596 330.0961077847471 329.49730538953446 328.89850299432135 328.29970059910806 327.7008982038944 327.10209580868076 326.50329341346685 325.90449101825294 325.30568862303846 324.70688622782404 324.1080838326094 323.5092814373945 322.91047904217976 322.31167664696443 321.7128742517489 321.11407185653314 320.51526946131725 319.91646706610123 319.31766467088573 318.7188622756696 318.1200598804534 317.52125748523713 316.92245509002106 316.32365269480437 315.72485029958744 315.12604790437064 314.5272455091538 313.92844311393696 313.32964071871965 312.7308383235024 312.13203592828455 311.5332335330665 310.93443113784843 310.3356287426304 309.736826347412 309.13802395219346 308.53922155697455 307.9404191617553 307.3416167665361 306.74281437131674 306.1440119760977 305.54520958087835 304.9464071856589 304.34760479043945 303.74880239521974 303.15 351.0541916171236 350.4553892219139 349.8565868267048 349.25778443149574 348.65898203628666 348.06017964107724 347.46137724586777 346.8625748506581 346.26377245544876 345.6649700602392 345.0661676650298 344.4673652698202 343.8685628746105 343.2697604794005 342.6709580841903 342.07215568897976 341.47335329376926 340.8745508985584 340.2757485033476 339.6769461081369 339.0781437129262 338.4793413177152 337.88053892250406 337.2817365272925 336.6829341320811 336.0841317368692 335.48532934165735 334.88652694644526 334.2877245512334 333.68892215602125 333.09011976080905 332.4913173655968 331.89251497038447 331.2937125751723 330.69491017995966 330.0961077847472 329.4973053895343 328.8985029943213 328.29970059910806 327.70089820389444 327.10209580868076 326.503293413467 325.904491018253 325.3056886230385 324.70688622782416 324.1080838326096 323.50928143739475 322.91047904218004 322.3116766469646 321.71287425174904 321.11407185653337 320.5152694613175 319.91646706610175 319.3176646708859 318.7188622756699 318.1200598804536 317.5212574852373 316.9224550900211 316.3236526948045 315.72485029958756 315.1260479043707 314.52724550915383 313.9284431139369 313.3296407187197 312.73083832350255 312.13203592828455 311.5332335330665 310.9344311378485 310.33562874263055 309.7368263474121 309.1380239521936 308.5392215569747 307.9404191617554 307.3416167665362 306.74281437131697 306.1440119760978 305.54520958087835 304.9464071856589 304.34760479043945 303.7488023952198 303.15 351.05419161712354 350.45538922191395 349.85658682670476 349.25778443149574 348.6589820362865 348.0601796410771 347.46137724586777 346.86257485065823 346.2637724554488 345.6649700602393 345.06616766502987 344.4673652698202 343.8685628746105 343.2697604794004 342.6709580841903 342.07215568897976 341.4733532937693 340.87455089855837 340.27574850334764 339.676946108137 339.07814371292613 338.4793413177152 337.880538922504 337.2817365272925 336.68293413208113 336.08413173686927 335.48532934165746 334.88652694644543 334.2877245512336 333.68892215602136 333.0901197608092 332.49131736559696 331.89251497038435 331.29371257517215 330.6949101799596 330.0961077847471 329.497305389534 328.8985029943213 328.2997005991081 327.7008982038943 327.10209580868076 326.503293413467 325.90449101825305 325.3056886230387 324.7068862278242 324.10808383260974 323.509281437395 322.9104790421802 322.31167664696477 321.7128742517491 321.1140718565336 320.51526946131764 319.91646706610214 319.31766467088613 318.71886227567 318.12005988045377 317.52125748523724 316.9224550900212 316.3236526948046 315.7248502995876 315.12604790437064 314.5272455091539 313.9284431139369 313.32964071871965 312.7308383235024 312.13203592828455 311.5332335330666 310.93443113784866 310.33562874263066 309.73682634741226 309.13802395219363 308.5392215569747 307.94041916175564 307.34161676653633 306.7428143713171 306.1440119760979 305.54520958087835 304.9464071856589 304.3476047904396 303.74880239521985 303.15 351.0541916171235 350.45538922191395 349.8565868267048 349.25778443149574 348.6589820362864 348.060179641077 347.46137724586765 346.8625748506582 346.2637724554489 345.66497006023934 345.0661676650297 344.4673652698201 343.8685628746104 343.26976047940036 342.6709580841904 342.0721556889799 341.4733532937694 340.8745508985586 340.2757485033479 339.676946108137 339.07814371292636 338.4793413177152 337.880538922504 337.28173652729265 336.6829341320811 336.08413173686944 335.4853293416577 334.8865269464456 334.2877245512338 333.68892215602165 333.09011976080933 332.49131736559696 331.8925149703844 331.2937125751721 330.6949101799596 330.09610778474695 329.4973053895339 328.89850299432106 328.29970059910795 327.7008982038943 327.10209580868076 326.50329341346696 325.9044910182531 325.3056886230388 324.70688622782444 324.1080838326098 323.50928143739515 322.91047904218027 322.311676646965 321.7128742517494 321.11407185653377 320.5152694613179 319.9164670661023 319.31766467088624 318.7188622756701 318.12005988045377 317.5212574852373 316.9224550900212 316.3236526948047 315.7248502995876 315.12604790437064 314.5272455091539 313.92844311393696 313.32964071871965 312.7308383235023 312.13203592828467 311.53323353306666 310.93443113784895 310.3356287426308 309.7368263474124 309.1380239521938 308.53922155697484 307.94041916175576 307.3416167665365 306.74281437131725 306.1440119760979 305.54520958087846 304.94640718565904 304.3476047904398 303.7488023952199 303.15 351.0541916171235 350.455389221914 349.85658682670487 349.2577844314956 348.6589820362863 348.06017964107707 347.46137724586765 346.8625748506581 346.263772455449 345.66497006023945 345.0661676650298 344.46736526982016 343.86856287461006 343.2697604794003 342.6709580841903 342.0721556889799 341.47335329376943 340.8745508985587 340.275748503348 339.67694610813686 339.07814371292613 338.4793413177151 337.88053892250406 337.2817365272927 336.68293413208124 336.08413173686967 335.485329341658 334.88652694644577 334.287724551234 333.6889221560219 333.0901197608095 332.491317365597 331.89251497038447 331.29371257517204 330.6949101799597 330.0961077847469 329.4973053895338 328.89850299432095 328.2997005991079 327.7008982038943 327.10209580868076 326.5032934134672 325.90449101825317 325.3056886230389 324.7068862278244 324.10808383260996 323.5092814373953 322.91047904218027 322.31167664696517 321.7128742517496 321.11407185653394 320.5152694613182 319.9164670661025 319.3176646708864 318.7188622756702 318.12005988045377 317.5212574852374 316.92245509002123 316.32365269480465 315.7248502995877 315.12604790437064 314.5272455091539 313.928443113937 313.32964071871976 312.73083832350244 312.1320359282848 311.53323353306683 310.9344311378493 310.3356287426311 309.7368263474127 309.13802395219403 308.53922155697506 307.9404191617559 307.3416167665366 306.7428143713173 306.144011976098 305.54520958087863 304.9464071856591 304.3476047904397 303.7488023952199 303.15 351.05419161712354 350.45538922191406 349.85658682670487 349.2577844314957 348.6589820362863 348.060179641077 347.46137724586765 346.86257485065823 346.263772455449 345.6649700602395 345.06616766502964 344.4673652698203 343.8685628746102 343.26976047940036 342.67095808419026 342.07215568898 341.47335329376955 340.87455089855905 340.2757485033481 339.6769461081371 339.0781437129261 338.4793413177152 337.8805389225042 337.2817365272927 336.68293413208124 336.08413173686984 335.48532934165814 334.88652694644605 334.2877245512342 333.6889221560221 333.0901197608097 332.4913173655971 331.8925149703847 331.2937125751722 330.6949101799598 330.09610778474683 329.4973053895337 328.8985029943209 328.29970059910784 327.7008982038944 327.1020958086808 326.5032934134671 325.9044910182531 325.3056886230389 324.70688622782444 324.1080838326102 323.50928143739543 322.91047904218027 322.3116766469651 321.7128742517498 321.11407185653434 320.5152694613185 319.916467066103 319.31766467088664 318.71886227567023 318.120059880454 317.5212574852376 316.9224550900213 316.3236526948047 315.72485029958784 315.12604790437086 314.52724550915406 313.9284431139371 313.3296407187199 312.7308383235026 312.13203592828495 311.53323353306706 310.9344311378493 310.3356287426314 309.7368263474131 309.1380239521942 308.5392215569751 307.94041916175615 307.3416167665369 306.7428143713174 306.14401197609806 305.5452095808788 304.94640718565927 304.34760479043973 303.74880239521985 303.15 351.05419161712354 350.45538922191406 349.8565868267049 349.2577844314956 348.6589820362864 348.06017964107707 347.46137724586765 346.86257485065823 346.2637724554488 345.66497006023957 345.0661676650297 344.4673652698201 343.8685628746101 343.2697604794004 342.67095808419026 342.0721556889803 341.4733532937697 340.8745508985594 340.27574850334815 339.6769461081373 339.0781437129263 338.4793413177152 337.88053892250423 337.2817365272929 336.6829341320814 336.08413173687006 335.48532934165826 334.88652694644617 334.28772455123436 333.68892215602216 333.09011976080984 332.4913173655973 331.8925149703848 331.2937125751722 330.6949101799596 330.0961077847466 329.4973053895336 328.89850299432084 328.2997005991078 327.7008982038943 327.10209580868093 326.5032934134669 325.90449101825305 325.3056886230389 324.7068862278246 324.1080838326104 323.5092814373955 322.9104790421801 322.31167664696505 321.71287425174984 321.11407185653434 320.5152694613186 319.9164670661031 319.31766467088676 318.7188622756704 318.120059880454 317.52125748523764 316.92245509002123 316.32365269480454 315.7248502995879 315.12604790437086 314.5272455091541 313.92844311393725 313.32964071872 312.7308383235029 312.1320359282851 311.5332335330672 310.9344311378494 310.33562874263146 309.7368263474132 309.1380239521944 308.5392215569754 307.9404191617562 307.34161676653684 306.7428143713175 306.14401197609806 305.54520958087875 304.9464071856594 304.3476047904397 303.74880239521985 303.15 351.0541916171236 350.455389221914 349.8565868267049 349.2577844314957 348.6589820362864 348.0601796410771 347.4613772458676 346.86257485065823 346.2637724554487 345.66497006023934 345.06616766502975 344.4673652698199 343.86856287461 343.2697604794003 342.67095808419043 342.0721556889803 341.47335329376995 340.8745508985597 340.2757485033483 339.6769461081375 339.0781437129264 338.4793413177153 337.88053892250423 337.2817365272929 336.6829341320814 336.0841317368702 335.4853293416583 334.8865269464462 334.2877245512343 333.6889221560222 333.0901197608099 332.4913173655973 331.89251497038487 331.2937125751723 330.69491017995955 330.09610778474655 329.49730538953355 328.8985029943208 328.2997005991078 327.7008982038944 327.1020958086808 326.50329341346685 325.9044910182531 325.3056886230391 324.7068862278247 324.10808383261036 323.5092814373955 322.91047904218004 322.311676646965 321.7128742517499 321.11407185653445 320.51526946131867 319.91646706610305 319.3176646708868 318.7188622756706 318.12005988045405 317.5212574852377 316.9224550900211 316.3236526948045 315.72485029958773 315.12604790437075 314.52724550915406 313.9284431139373 313.3296407187201 312.73083832350284 312.1320359282852 311.53323353306735 310.9344311378497 310.33562874263146 309.73682634741317 309.1380239521946 308.5392215569755 307.9404191617561 307.3416167665367 306.7428143713175 306.14401197609806 305.5452095808787 304.9464071856594 304.3476047904396 303.74880239521985 303.15 351.05419161712365 350.45538922191406 349.85658682670487 349.25778443149574 348.6589820362865 348.0601796410769 347.46137724586754 346.8625748506581 346.2637724554486 345.66497006023917 345.06616766502964 344.4673652698198 343.86856287461 343.2697604794004 342.6709580841905 342.07215568898033 341.4733532937701 340.87455089855996 340.27574850334855 339.67694610813754 339.07814371292653 338.4793413177153 337.8805389225043 337.2817365272929 336.68293413208147 336.0841317368702 335.48532934165837 334.8865269464463 334.2877245512343 333.6889221560223 333.09011976080996 332.4913173655975 331.892514970385 331.29371257517244 330.6949101799596 330.0961077847465 329.4973053895336 328.8985029943208 328.2997005991077 327.7008982038944 327.10209580868053 326.50329341346674 325.90449101825317 325.3056886230391 324.70688622782484 324.1080838326103 323.5092814373955 322.9104790421802 322.3116766469649 321.71287425174995 321.1140718565345 320.5152694613187 319.91646706610317 319.3176646708869 318.71886227567063 318.1200598804542 317.52125748523775 316.92245509002106 316.3236526948044 315.7248502995877 315.12604790437086 314.5272455091541 313.9284431139373 313.3296407187202 312.73083832350295 312.13203592828523 311.53323353306735 310.9344311378497 310.3356287426315 309.7368263474131 309.13802395219454 308.5392215569757 307.9404191617561 307.3416167665367 306.7428143713175 306.14401197609806 305.54520958087875 304.9464071856593 304.3476047904395 303.74880239521974 303.15 351.05419161712365 350.45538922191406 349.8565868267048 349.25778443149574 348.65898203628643 348.06017964107696 347.4613772458675 346.8625748506581 346.26377245544853 345.6649700602391 345.06616766502964 344.4673652698198 343.86856287460995 343.2697604794003 342.6709580841905 342.0721556889803 341.4733532937702 340.87455089856 340.27574850334867 339.6769461081376 339.07814371292653 338.47934131771535 337.88053892250423 337.28173652729294 336.6829341320815 336.08413173687 335.48532934165837 334.88652694644634 334.2877245512346 333.6889221560223 333.09011976081 332.4913173655975 331.892514970385 331.29371257517255 330.69491017995955 330.0961077847465 329.4973053895336 328.8985029943208 328.2997005991078 327.7008982038944 327.1020958086806 326.5032934134667 325.90449101825317 325.30568862303926 324.7068862278249 324.1080838326103 323.5092814373955 322.91047904218016 322.31167664696477 321.71287425174984 321.1140718565345 320.5152694613188 319.9164670661032 319.317664670887 318.71886227567063 318.1200598804542 317.5212574852377 316.92245509002106 316.3236526948044 315.7248502995877 315.1260479043709 314.5272455091541 313.9284431139373 313.3296407187202 312.7308383235029 312.1320359282853 311.53323353306735 310.93443113784986 310.3356287426315 309.7368263474131 309.1380239521945 308.5392215569757 307.94041916175604 307.3416167665367 306.7428143713175 306.14401197609806 305.5452095808787 304.9464071856593 304.34760479043945 303.74880239521957 303.15
</DataArray>
<DataArray type="Float64" Name="displacement [m]" NumberOfComponents="3" format="ascii">
0.0 0.0 0.0 1.361553e-06 0.0 0.0 2.680585e-06 0.0 0.0 3.962447e-06 0.0 0.0 5.209934e-06 0.0 0.0 6.425085e-06 0.0 0.0 7.609116e-06 0.0 0.0 8.762577e-06 0.0 0.0 9.88553e-06 0.0 0.0 1.097771e-05 0.0 0.0 1.203867e-05 0.0 0.0 1.306785e-05 0.0 0.0 1.40647e-05 0.0 0.0 1.502869e-05 0.0 0.0 1.595932e-05 0.0 0.0 1.685617e-05 0.0 0.0 1.771889e-05 0.0 0.0 1.854719e-05 0.0 0.0 1.934082e-05 0.0 0.0 2.009961e-05 0.0 0.0 2.082341e-05 0.0 0.0 2.151211e-05 0.0 0.0 2.216564e-05 0.0 0.0 2.278393e-05 0.0 0.0 2.336695e-05 0.0 0.0 2.391467e-05 0.0 0.0 2.442707e-05 0.0 0.0 2.490413e-05 0.0 0.0 2.534586e-05 0.0 0.0 2.575224e-05 0.0 0.0 2.612328e-05 0.0 0.0 2.645898e-05 0.0 0.0 2.675933e-05 0.0 0.0 2.702434e-05 0.0 0.0 2.725402e-05 0.0 0.0 2.744836e-05 0.0 0.0 2.760736e-05 0.0 0.0 2.773102e-05 0.0 0.0 2.781936e-05 0.0 0.0 2.787236e-05 0.0 0.0 2.789002e-05 0.0 0.0 2.787236e-05 0.0 0.0 2.781936e-05 0.0 0.0 2.773102e-05 0.0 0.0 2.760736e-05 0.0 0.0 2.744836e-05 0.0 0.0 2.725402e-05 0.0 0.0 2.702434e-05 0.0 0.0 2.675933e-05 0.0 0.0 2.645897e-05 0.0 0.0 2.612327e-05 0.0 0.0 2.575223e-05 0.0 0.0 2.534584e-05 0.0 0.0 2.490411e-05 0.0 0.0 2.442703e-05 0.0 0.0 2.391463e-05 0.0 0.0 2.336689e-05 0.0 0.0 2.278385e-05 0.0 0.0 2.216553e-05 0.0 0.0 2.151197e-05 0.0 0.0 2.082323e-05 0.0 0.0 2.00994e-05 0.0 0.0 1.934057e-05 0.0 0.0 1.854689e-05 0.0 0.0 1.771857e-05 0.0 0.0 1.685583e-05 0.0 0.0 1.595898e-05 0.0 0.0 1.502841e-05 0.0 0.0 1.406454e-05 0.0 0.0 1.306791e-05 0.0 0.0 1.203907e-05 0.0 0.0 1.097864e-05 0.0 0.0 9.887197e-06 0.0 0.0 8.765206e-06 0.0 0.0 7.612922e-06 0.0 0.0 6.430203e-06 0.0 0.0 5.21632e-06 0.0 0.0 3.969757e-06 0.0 0.0 2.687892e-06 0.0 0.0 1.367794e-06 0.0 0.0 0.0 0.0 0.0 0.0 2.008795e-06 0.0 1.363161e-06 2.006323e-06 0.0 2.682381e-06 1.999321e-06 0.0 3.964536e-06 1.98891e-06 0.0 5.212269e-06 1.975645e-06 0.0 6.427663e-06 1.960238e-06 0.0 7.611939e-06 1.943322e-06 0.0 8.765642e-06 1.925415e-06 0.0 9.888824e-06 1.906913e-06 0.0 1.098121e-05 1.888105e-06 0.0 1.204235e-05 1.869187e-06 0.0 1.30717e-05 1.850287e-06 0.0 1.406868e-05 1.831481e-06 0.0 1.503278e-05 1.812808e-06 0.0 1.596349e-05 1.794282e-06 0.0 1.686042e-05 1.775901e-06 0.0 1.772319e-05 1.757655e-06 0.0 1.855152e-05 1.739528e-06 0.0 1.934518e-05 1.721504e-06 0.0 2.010399e-05 1.703565e-06 0.0 2.082781e-05 1.685695e-06 0.0 2.151652e-05 1.667879e-06 0.0 2.217006e-05 1.650107e-06 0.0 2.278835e-05 1.632367e-06 0.0 2.337138e-05 1.614651e-06 0.0 2.391909e-05 1.596954e-06 0.0 2.443149e-05 1.57927e-06 0.0 2.490856e-05 1.561594e-06 0.0 2.535028e-05 1.543925e-06 0.0 2.575666e-05 1.526259e-06 0.0 2.61277e-05 1.508596e-06 0.0 2.64634e-05 1.490935e-06 0.0 2.676375e-05 1.473273e-06 0.0 2.702876e-05 1.455612e-06 0.0 2.725844e-05 1.437951e-06 0.0 2.745277e-05 1.42029e-06 0.0 2.761177e-05 1.402628e-06 0.0 2.773544e-05 1.384966e-06 0.0 2.782377e-05 1.367304e-06 0.0 2.787677e-05 1.349642e-06 0.0 2.789444e-05 1.331979e-06 0.0 2.787677e-05 1.314316e-06 0.0 2.782377e-05 1.296654e-06 0.0 2.773544e-05 1.278992e-06 0.0 2.761177e-05 1.26133e-06 0.0 2.745277e-05 1.243668e-06 0.0 2.725844e-05 1.226007e-06 0.0 2.702876e-05 1.208346e-06 0.0 2.676375e-05 1.190685e-06 0.0 2.646339e-05 1.173025e-06 0.0 2.612769e-05 1.155363e-06 0.0 2.575665e-05 1.137701e-06 0.0 2.535027e-05 1.120036e-06 0.0 2.490854e-05 1.102367e-06 0.0 2.443146e-05 1.084692e-06 0.0 2.391906e-05 1.067008e-06 0.0 2.337133e-05 1.049311e-06 0.0 2.278829e-05 1.031596e-06 0.0 2.216997e-05 1.013856e-06 0.0 2.151641e-05 9.960823e-07 0.0 2.082767e-05 9.78265e-07 0.0 2.010383e-05 9.603914e-07 0.0 1.934499e-05 9.424466e-07 0.0 1.85513e-05 9.24414e-07 0.0 1.772295e-05 9.062753e-07 0.0 1.686017e-05 8.88012e-07 0.0 1.596326e-05 8.696072e-07 0.0 1.50326e-05 8.510488e-07 0.0 1.406861e-05 8.323339e-07 0.0 1.307181e-05 8.134765e-07 0.0 1.204276e-05 7.945162e-07 0.0 1.098205e-05 7.755326e-07 0.0 9.890242e-06 7.566613e-07 0.0 8.767817e-06 7.381152e-07 0.0 7.615019e-06 7.202056e-07 0.0 6.431718e-06 7.033619e-07 0.0 5.217208e-06 6.881407e-07 0.0 3.970004e-06 6.752163e-07 0.0 2.687576e-06 6.653363e-07 0.0 1.366856e-06 6.592973e-07 0.0 0.0 6.577179e-07 0.0 0.0 4.017368e-06 0.0 1.364971e-06 4.012379e-06 0.0 2.685544e-06 3.998647e-06 0.0 3.968933e-06 3.977837e-06 0.0 5.217856e-06 3.951303e-06 0.0 6.434403e-06 3.920479e-06 0.0 7.619766e-06 3.886639e-06 0.0 8.774463e-06 3.850823e-06 0.0 9.898528e-06 3.813824e-06 0.0 1.099168e-05 3.776217e-06 0.0 1.205346e-05 3.738393e-06 0.0 1.308333e-05 3.700607e-06 0.0 1.408074e-05 3.663008e-06 0.0 1.504517e-05 3.625673e-06 0.0 1.597614e-05 3.588631e-06 0.0 1.687325e-05 3.551879e-06 0.0 1.773617e-05 3.515395e-06 0.0 1.856461e-05 3.479148e-06 0.0 1.935834e-05 3.443105e-06 0.0 2.01172e-05 3.40723e-06 0.0 2.084104e-05 3.371492e-06 0.0 2.152978e-05 3.335864e-06 0.0 2.218332e-05 3.30032e-06 0.0 2.280163e-05 3.264842e-06 0.0 2.338465e-05 3.229412e-06 0.0 2.393237e-05 3.194018e-06 0.0 2.444476e-05 3.158649e-06 0.0 2.492182e-05 3.123298e-06 0.0 2.536355e-05 3.08796e-06 0.0 2.576993e-05 3.052629e-06 0.0 2.614096e-05 3.017303e-06 0.0 2.647665e-05 2.981979e-06 0.0 2.677701e-05 2.946657e-06 0.0 2.704202e-05 2.911335e-06 0.0 2.727169e-05 2.876013e-06 0.0 2.746603e-05 2.84069e-06 0.0 2.762503e-05 2.805367e-06 0.0 2.774869e-05 2.770043e-06 0.0 2.783702e-05 2.734718e-06 0.0 2.789002e-05 2.699393e-06 0.0 2.790769e-05 2.664068e-06 0.0 2.789002e-05 2.628743e-06 0.0 2.783702e-05 2.593418e-06 0.0 2.774869e-05 2.558093e-06 0.0 2.762503e-05 2.52277e-06 0.0 2.746603e-05 2.487446e-06 0.0 2.727169e-05 2.452124e-06 0.0 2.704202e-05 2.416802e-06 0.0 2.6777e-05 2.38148e-06 0.0 2.647665e-05 2.346159e-06 0.0 2.614096e-05 2.310836e-06 0.0 2.576992e-05 2.275511e-06 0.0 2.536354e-05 2.240181e-06 0.0 2.492181e-05 2.204843e-06 0.0 2.444474e-05 2.169494e-06 0.0 2.393234e-05 2.134126e-06 0.0 2.338462e-05 2.098733e-06 0.0 2.280158e-05 2.063304e-06 0.0 2.218326e-05 2.027826e-06 0.0 2.15297e-05 1.992282e-06 0.0 2.084095e-05 1.956652e-06 0.0 2.011709e-05 1.92091e-06 0.0 1.935821e-05 1.885028e-06 0.0 1.856446e-05 1.848973e-06 0.0 1.773601e-05 1.812708e-06 0.0 1.68731e-05 1.776197e-06 0.0 1.5976e-05 1.739407e-06 0.0 1.504507e-05 1.702313e-06 0.0 1.408073e-05 1.66491e-06 0.0 1.308347e-05 1.627225e-06 0.0 1.205382e-05 1.589335e-06 0.0 1.099235e-05 1.551395e-06 0.0 9.899632e-06 1.513674e-06 0.0 8.77612e-06 1.47659e-06 0.0 7.622077e-06 1.440758e-06 0.0 6.43741e-06 1.407027e-06 0.0 5.221468e-06 1.376506e-06 0.0 3.972848e-06 1.350537e-06 0.0 2.689128e-06 1.330617e-06 0.0 1.36732e-06 1.318273e-06 0.0 0.0 1.314666e-06 0.0 0.0 6.02597e-06 0.0 1.367337e-06 6.01845e-06 0.0 2.690147e-06 5.99797e-06 0.0 3.975725e-06 5.96669e-06 0.0 5.226784e-06 5.926793e-06 0.0 6.445392e-06 5.880479e-06 0.0 7.632682e-06 5.829674e-06 0.0 8.789125e-06 5.775936e-06 0.0 9.914721e-06 5.720448e-06 0.0 1.100918e-05 5.664065e-06 0.0 1.207205e-05 5.607368e-06 0.0 1.31028e-05 5.55073e-06 0.0 1.410092e-05 5.494374e-06 0.0 1.506589e-05 5.438411e-06 0.0 1.599728e-05 5.382883e-06 0.0 1.689471e-05 5.327785e-06 0.0 1.775785e-05 5.273084e-06 0.0 1.858645e-05 5.218734e-06 0.0 1.93803e-05 5.164685e-06 0.0 2.013923e-05 5.110886e-06 0.0 2.086312e-05 5.057289e-06 0.0 2.155189e-05 5.003854e-06 0.0 2.220545e-05 4.950544e-06 0.0 2.282376e-05 4.89733e-06 0.0 2.340678e-05 4.844188e-06 0.0 2.39545e-05 4.791098e-06 0.0 2.446689e-05 4.738046e-06 0.0 2.494394e-05 4.685021e-06 0.0 2.538566e-05 4.632013e-06 0.0 2.579203e-05 4.579017e-06 0.0 2.616306e-05 4.526028e-06 0.0 2.649875e-05 4.473043e-06 0.0 2.67991e-05 4.42006e-06 0.0 2.706411e-05 4.367077e-06 0.0 2.729378e-05 4.314093e-06 0.0 2.748811e-05 4.261109e-06 0.0 2.764711e-05 4.208123e-06 0.0 2.777077e-05 4.155137e-06 0.0 2.78591e-05 4.10215e-06 0.0 2.79121e-05 4.049163e-06 0.0 2.792977e-05 3.996175e-06 0.0 2.79121e-05 3.943187e-06 0.0 2.78591e-05 3.8902e-06 0.0 2.777077e-05 3.837213e-06 0.0 2.764711e-05 3.784227e-06 0.0 2.748811e-05 3.731242e-06 0.0 2.729378e-05 3.678258e-06 0.0 2.706411e-05 3.625275e-06 0.0 2.67991e-05 3.572292e-06 0.0 2.649875e-05 3.519309e-06 0.0 2.616306e-05 3.466325e-06 0.0 2.579203e-05 3.413337e-06 0.0 2.538565e-05 3.360342e-06 0.0 2.494393e-05 3.307336e-06 0.0 2.446687e-05 3.254312e-06 0.0 2.395448e-05 3.201263e-06 0.0 2.340676e-05 3.148175e-06 0.0 2.282373e-05 3.095034e-06 0.0 2.220541e-05 3.041822e-06 0.0 2.155184e-05 2.988512e-06 0.0 2.086307e-05 2.935075e-06 0.0 2.013917e-05 2.881475e-06 0.0 1.938023e-05 2.827667e-06 0.0 1.858637e-05 2.773605e-06 0.0 1.775777e-05 2.719235e-06 0.0 1.689463e-05 2.664502e-06 0.0 1.599722e-05 2.609358e-06 0.0 1.506586e-05 2.553766e-06 0.0 1.410095e-05 2.497718e-06 0.0 1.310293e-05 2.441252e-06 0.0 1.207232e-05 2.384481e-06 0.0 1.100965e-05 2.327633e-06 0.0 9.915473e-06 2.271098e-06 0.0 8.790233e-06 2.215491e-06 0.0 7.63422e-06 2.161718e-06 0.0 6.44739e-06 2.111041e-06 0.0 5.229188e-06 2.065107e-06 0.0 3.978325e-06 2.025934e-06 0.0 2.69251e-06 1.995781e-06 0.0 1.368845e-06 1.976925e-06 0.0 0.0 1.971131e-06 0.0 0.0 8.034776e-06 0.0 1.370427e-06 8.02468e-06 0.0 2.69634e-06 7.997301e-06 0.0 3.985055e-06 7.955385e-06 0.0 5.239211e-06 7.901974e-06 0.0 6.460796e-06 7.84006e-06 0.0 7.650854e-06 7.772228e-06 0.0 8.809783e-06 7.700552e-06 0.0 9.937547e-06 7.626595e-06 0.0 1.103384e-05 7.551477e-06 0.0 1.209823e-05 7.47596e-06 0.0 1.31302e-05 7.400529e-06 0.0 1.412928e-05 7.325471e-06 0.0 1.5095e-05 7.250932e-06 0.0 1.602696e-05 7.176964e-06 0.0 1.692481e-05 7.103559e-06 0.0 1.778825e-05 7.030673e-06 0.0 1.861707e-05 6.958247e-06 0.0 1.941107e-05 6.886213e-06 0.0 2.01701e-05 6.814506e-06 0.0 2.089405e-05 6.743062e-06 0.0 2.158285e-05 6.671829e-06 0.0 2.223643e-05 6.600759e-06 0.0 2.285475e-05 6.529814e-06 0.0 2.343777e-05 6.458963e-06 0.0 2.398548e-05 6.38818e-06 0.0 2.449786e-05 6.317447e-06 0.0 2.49749e-05 6.246747e-06 0.0 2.541661e-05 6.176071e-06 0.0 2.582298e-05 6.10541e-06 0.0 2.6194e-05 6.034758e-06 0.0 2.652968e-05 5.964111e-06 0.0 2.683003e-05 5.893466e-06 0.0 2.709503e-05 5.822822e-06 0.0 2.73247e-05 5.752177e-06 0.0 2.751903e-05 5.681531e-06 0.0 2.767803e-05 5.610884e-06 0.0 2.780169e-05 5.540235e-06 0.0 2.789002e-05 5.469586e-06 0.0 2.794302e-05 5.398935e-06 0.0 2.796068e-05 5.328285e-06 0.0 2.794302e-05 5.257634e-06 0.0 2.789002e-05 5.186984e-06 0.0 2.780169e-05 5.116335e-06 0.0 2.767803e-05 5.045686e-06 0.0 2.751903e-05 4.975039e-06 0.0 2.73247e-05 4.904394e-06 0.0 2.709503e-05 4.833749e-06 0.0 2.683003e-05 4.763106e-06 0.0 2.652968e-05 4.692461e-06 0.0 2.6194e-05 4.621815e-06 0.0 2.582298e-05 4.551165e-06 0.0 2.541661e-05 4.480505e-06 0.0 2.49749e-05 4.409831e-06 0.0 2.449785e-05 4.339133e-06 0.0 2.398547e-05 4.268402e-06 0.0 2.343776e-05 4.197622e-06 0.0 2.285474e-05 4.126773e-06 0.0 2.223642e-05 4.05583e-06 0.0 2.158284e-05 3.984762e-06 0.0 2.089404e-05 3.913528e-06 0.0 2.017008e-05 3.842081e-06 0.0 1.941105e-05 3.770366e-06 0.0 1.861705e-05 3.69832e-06 0.0 1.778824e-05 3.625872e-06 0.0 1.69248e-05 3.552954e-06 0.0 1.602696e-05 3.4795e-06 0.0 1.509503e-05 3.405463e-06 0.0 1.412934e-05 3.330831e-06 0.0 1.31303e-05 3.255651e-06 0.0 1.209839e-05 3.18007e-06 0.0 1.10341e-05 3.104379e-06 0.0 9.937934e-06 3.029082e-06 0.0 8.810344e-06 2.954976e-06 0.0 7.651636e-06 2.883243e-06 0.0 6.46184e-06 2.815535e-06 0.0 5.240513e-06 2.754035e-06 0.0 3.986524e-06 2.70144e-06 0.0 2.697734e-06 2.6608e-06 0.0 1.371336e-06 2.635205e-06 0.0 0.0 2.627115e-06 0.0 0.0 1.004393e-05 0.0 1.374361e-06 1.003116e-05 0.0 2.7043e-06 9.996646e-06 0.0 3.997133e-06 9.943843e-06 0.0 5.255369e-06 9.876706e-06 0.0 6.480861e-06 9.799047e-06 0.0 7.674525e-06 9.714116e-06 0.0 8.836669e-06 9.62449e-06 0.0 9.967212e-06 9.532096e-06 0.0 1.106584e-05 9.438304e-06 0.0 1.213214e-05 9.34404e-06 0.0 1.316566e-05 9.249895e-06 0.0 1.416594e-05 9.156213e-06 0.0 1.513259e-05 9.063167e-06 0.0 1.606524e-05 8.97082e-06 0.0 1.69636e-05 8.879159e-06 0.0 1.782742e-05 8.788132e-06 0.0 1.865649e-05 8.697663e-06 0.0 1.945067e-05 8.607671e-06 0.0 2.020981e-05 8.518076e-06 0.0 2.093384e-05 8.428801e-06 0.0 2.162268e-05 8.339781e-06 0.0 2.227627e-05 8.25096e-06 0.0 2.289459e-05 8.162291e-06 0.0 2.347761e-05 8.073734e-06 0.0 2.402531e-05 7.985261e-06 0.0 2.453768e-05 7.896848e-06 0.0 2.501471e-05 7.808476e-06 0.0 2.545641e-05 7.720132e-06 0.0 2.586277e-05 7.631806e-06 0.0 2.623378e-05 7.543491e-06 0.0 2.656946e-05 7.455181e-06 0.0 2.686979e-05 7.366875e-06 0.0 2.713479e-05 7.278569e-06 0.0 2.736445e-05 7.190263e-06 0.0 2.755878e-05 7.101955e-06 0.0 2.771778e-05 7.013645e-06 0.0 2.784144e-05 6.925334e-06 0.0 2.792977e-05 6.837022e-06 0.0 2.798276e-05 6.748709e-06 0.0 2.800043e-05 6.660395e-06 0.0 2.798276e-05 6.572082e-06 0.0 2.792977e-05 6.483769e-06 0.0 2.784144e-05 6.395456e-06 0.0 2.771778e-05 6.307146e-06 0.0 2.755878e-05 6.218836e-06 0.0 2.736445e-05 6.130529e-06 0.0 2.713479e-05 6.042223e-06 0.0 2.686979e-05 5.953917e-06 0.0 2.656946e-05 5.865612e-06 0.0 2.623378e-05 5.777304e-06 0.0 2.586277e-05 5.68899e-06 0.0 2.545641e-05 5.600666e-06 0.0 2.501472e-05 5.512323e-06 0.0 2.453768e-05 5.423954e-06 0.0 2.402531e-05 5.335543e-06 0.0 2.347762e-05 5.247072e-06 0.0 2.28946e-05 5.158519e-06 0.0 2.227628e-05 5.069852e-06 0.0 2.162269e-05 4.981033e-06 0.0 2.093386e-05 4.892014e-06 0.0 2.020984e-05 4.802738e-06 0.0 1.94507e-05 4.713137e-06 0.0 1.865653e-05 4.623135e-06 0.0 1.782746e-05 4.532647e-06 0.0 1.696365e-05 4.441589e-06 0.0 1.60653e-05 4.349882e-06 0.0 1.513265e-05 4.257467e-06 0.0 1.416601e-05 4.164329e-06 0.0 1.316572e-05 4.070524e-06 0.0 1.21322e-05 3.976224e-06 0.0 1.106589e-05 3.881777e-06 0.0 9.967246e-06 3.78779e-06 0.0 8.836706e-06 3.695221e-06 0.0 7.674593e-06 3.605506e-06 0.0 6.481012e-06 3.520668e-06 0.0 5.255662e-06 3.44341e-06 0.0 3.997597e-06 3.377113e-06 0.0 2.704874e-06 3.325664e-06 0.0 1.374794e-06 3.293053e-06 0.0 0.0 3.282552e-06 0.0 0.0 1.205354e-05 0.0 1.379259e-06 1.203796e-05 0.0 2.714241e-06 1.199599e-05 0.0 4.012236e-06 1.193197e-05 0.0 5.275576e-06 1.185084e-05 0.0 6.50592e-06 1.175726e-05 0.0 7.704023e-06 1.165515e-05 0.0 8.870089e-06 1.154757e-05 0.0 1.000399e-05 1.143679e-05 0.0 1.110542e-05 1.132441e-05 0.0 1.2174e-05 1.121149e-05 0.0 1.320932e-05 1.109873e-05 0.0 1.421102e-05 1.098652e-05 0.0 1.517874e-05 1.087506e-05 0.0 1.61122e-05 1.076441e-05 0.0 1.701115e-05 1.065455e-05 0.0 1.787539e-05 1.054543e-05 0.0 1.870475e-05 1.043696e-05 0.0 1.949912e-05 1.032905e-05 0.0 2.025839e-05 1.022159e-05 0.0 2.098249e-05 1.01145e-05 0.0 2.167137e-05 1.000771e-05 0.0 2.232498e-05 9.901146e-06 0.0 2.29433e-05 9.794758e-06 0.0 2.352631e-05 9.688502e-06 0.0 2.4074e-05 9.582342e-06 0.0 2.458635e-05 9.47625e-06 0.0 2.506337e-05 9.370206e-06 0.0 2.550505e-05 9.264195e-06 0.0 2.591139e-05 9.158204e-06 0.0 2.62824e-05 9.052225e-06 0.0 2.661806e-05 8.946254e-06 0.0 2.691839e-05 8.840286e-06 0.0 2.718339e-05 8.734318e-06 0.0 2.741304e-05 8.62835e-06 0.0 2.760737e-05 8.522379e-06 0.0 2.776636e-05 8.416407e-06 0.0 2.789002e-05 8.310434e-06 0.0 2.797835e-05 8.204459e-06 0.0 2.803134e-05 8.098482e-06 0.0 2.804901e-05 7.992506e-06 0.0 2.803134e-05 7.886529e-06 0.0 2.797835e-05 7.780553e-06 0.0 2.789002e-05 7.674578e-06 0.0 2.776636e-05 7.568604e-06 0.0 2.760737e-05 7.462632e-06 0.0 2.741304e-05 7.356663e-06 0.0 2.718339e-05 7.250694e-06 0.0 2.691839e-05 7.144727e-06 0.0 2.661806e-05 7.03876e-06 0.0 2.62824e-05 6.932789e-06 0.0 2.59114e-05 6.826812e-06 0.0 2.550506e-05 6.720823e-06 0.0 2.506338e-05 6.614814e-06 0.0 2.458636e-05 6.508772e-06 0.0 2.407401e-05 6.402683e-06 0.0 2.352632e-05 6.296526e-06 0.0 2.294332e-05 6.190273e-06 0.0 2.232501e-05 6.083889e-06 0.0 2.16714e-05 5.97733e-06 0.0 2.098253e-05 5.87054e-06 0.0 2.025844e-05 5.763453e-06 0.0 1.949918e-05 5.655992e-06 0.0 1.870483e-05 5.548067e-06 0.0 1.787547e-05 5.439583e-06 0.0 1.701124e-05 5.33044e-06 0.0 1.61123e-05 5.220547e-06 0.0 1.517883e-05 5.109836e-06 0.0 1.421108e-05 4.998287e-06 0.0 1.320935e-05 4.885961e-06 0.0 1.217395e-05 4.773054e-06 0.0 1.110527e-05 4.659962e-06 0.0 1.00037e-05 4.547376e-06 0.0 8.869647e-06 4.4364e-06 0.0 7.703437e-06 4.328692e-06 0.0 6.505249e-06 4.226618e-06 0.0 5.274935e-06 4.133379e-06 0.0 4.011774e-06 4.053044e-06 0.0 2.714067e-06 3.990388e-06 0.0 1.379268e-06 3.950414e-06 0.0 0.0 3.937359e-06 0.0 0.0 1.406371e-05 0.0 1.385264e-06 1.404512e-05 0.0 2.726427e-06 1.399529e-05 0.0 4.030722e-06 1.391965e-05 0.0 5.300244e-06 1.382421e-05 0.0 6.536404e-06 1.371452e-05 0.0 7.739767e-06 1.359515e-05 0.0 8.910429e-06 1.346963e-05 0.0 1.004822e-05 1.334053e-05 0.0 1.115287e-05 1.320966e-05 0.0 1.222403e-05 1.307822e-05 0.0 1.32614e-05 1.294697e-05 0.0 1.426467e-05 1.281634e-05 0.0 1.523358e-05 1.268655e-05 0.0 1.616792e-05 1.255768e-05 0.0 1.706751e-05 1.242971e-05 0.0 1.79322e-05 1.230256e-05 0.0 1.876187e-05 1.217614e-05 0.0 1.955644e-05 1.205033e-05 0.0 2.031584e-05 1.192504e-05 0.0 2.104001e-05 1.180016e-05 0.0 2.172892e-05 1.167561e-05 0.0 2.238255e-05 1.155131e-05 0.0 2.300086e-05 1.142722e-05 0.0 2.358386e-05 1.130327e-05 0.0 2.413153e-05 1.117942e-05 0.0 2.464387e-05 1.105565e-05 0.0 2.512087e-05 1.093194e-05 0.0 2.556253e-05 1.080826e-05 0.0 2.596886e-05 1.068461e-05 0.0 2.633985e-05 1.056096e-05 0.0 2.667551e-05 1.043733e-05 0.0 2.697583e-05 1.03137e-05 0.0 2.724081e-05 1.019007e-05 0.0 2.747047e-05 1.006644e-05 0.0 2.766479e-05 9.942805e-06 0.0 2.782378e-05 9.819171e-06 0.0 2.794743e-05 9.695534e-06 0.0 2.803576e-05 9.571896e-06 0.0 2.808876e-05 9.448256e-06 0.0 2.810642e-05 9.324616e-06 0.0 2.808876e-05 9.200976e-06 0.0 2.803576e-05 9.077337e-06 0.0 2.794743e-05 8.953698e-06 0.0 2.782378e-05 8.830062e-06 0.0 2.766479e-05 8.706427e-06 0.0 2.747047e-05 8.582795e-06 0.0 2.724081e-05 8.459164e-06 0.0 2.697583e-05 8.335535e-06 0.0 2.667551e-05 8.211905e-06 0.0 2.633985e-05 8.088272e-06 0.0 2.596886e-05 7.964631e-06 0.0 2.556254e-05 7.840978e-06 0.0 2.512088e-05 7.717301e-06 0.0 2.464388e-05 7.593589e-06 0.0 2.413155e-05 7.469824e-06 0.0 2.358389e-05 7.345983e-06 0.0 2.30009e-05 7.222035e-06 0.0 2.238259e-05 7.097942e-06 0.0 2.172898e-05 6.973653e-06 0.0 2.104008e-05 6.849108e-06 0.0 2.031592e-05 6.724232e-06 0.0 1.955654e-05 6.59894e-06 0.0 1.876198e-05 6.473131e-06 0.0 1.793232e-05 6.346698e-06 0.0 1.706764e-05 6.219532e-06 0.0 1.616805e-05 6.09153e-06 0.0 1.523369e-05 5.962615e-06 0.0 1.426473e-05 5.832762e-06 0.0 1.326138e-05 5.702039e-06 0.0 1.222389e-05 5.570657e-06 0.0 1.115254e-05 5.439051e-06 0.0 1.004766e-05 5.307985e-06 0.0 8.909571e-06 5.17868e-06 0.0 7.738604e-06 5.052988e-06 0.0 6.53499e-06 4.933579e-06 0.0 5.298735e-06 4.824117e-06 0.0 4.029377e-06 4.729358e-06 0.0 2.725523e-06 4.655016e-06 0.0 1.384853e-06 4.607241e-06 0.0 0.0 4.591445e-06 0.0 0.0 1.607449e-05 0.0 1.392556e-06 1.605264e-05 0.0 2.741199e-06 1.599447e-05 0.0 4.053051e-06 1.590673e-05 0.0 5.329896e-06 1.579662e-05 0.0 6.572853e-06 1.567062e-05 0.0 7.782277e-06 1.553393e-05 0.0 8.958159e-06 1.53905e-05 0.0 1.010032e-05 1.524319e-05 0.0 1.120853e-05 1.509396e-05 0.0 1.228253e-05 1.494414e-05 0.0 1.332211e-05 1.479453e-05 0.0 1.432707e-05 1.464561e-05 0.0 1.529725e-05 1.449762e-05 0.0 1.623252e-05 1.435063e-05 0.0 1.713277e-05 1.420462e-05 0.0 1.799792e-05 1.40595e-05 0.0 1.88279e-05 1.391517e-05 0.0 1.962267e-05 1.377152e-05 0.0 2.038218e-05 1.362842e-05 0.0 2.110642e-05 1.348577e-05 0.0 2.179536e-05 1.334348e-05 0.0 2.244899e-05 1.320147e-05 0.0 2.306729e-05 1.305967e-05 0.0 2.365027e-05 1.291803e-05 0.0 2.419792e-05 1.27765e-05 0.0 2.471023e-05 1.263506e-05 0.0 2.518721e-05 1.249368e-05 0.0 2.562885e-05 1.235233e-05 0.0 2.603517e-05 1.221101e-05 0.0 2.640614e-05 1.20697e-05 0.0 2.674179e-05 1.192841e-05 0.0 2.70421e-05 1.178711e-05 0.0 2.730708e-05 1.164582e-05 0.0 2.753672e-05 1.150453e-05 0.0 2.773104e-05 1.136323e-05 0.0 2.789002e-05 1.122194e-05 0.0 2.801368e-05 1.108064e-05 0.0 2.8102e-05 1.093933e-05 0.0 2.8155e-05 1.079803e-05 0.0 2.817266e-05 1.065673e-05 0.0 2.8155e-05 1.051542e-05 0.0 2.8102e-05 1.037412e-05 0.0 2.801368e-05 1.023282e-05 0.0 2.789002e-05 1.009152e-05 0.0 2.773104e-05 9.95022e-06 0.0 2.753672e-05 9.808925e-06 0.0 2.730708e-05 9.667632e-06 0.0 2.70421e-05 9.526339e-06 0.0 2.674179e-05 9.385047e-06 0.0 2.640615e-05 9.243751e-06 0.0 2.603517e-05 9.102447e-06 0.0 2.562886e-05 8.961128e-06 0.0 2.518722e-05 8.819784e-06 0.0 2.471025e-05 8.678402e-06 0.0 2.419794e-05 8.536963e-06 0.0 2.36503e-05 8.395442e-06 0.0 2.306733e-05 8.253805e-06 0.0 2.244903e-05 8.11201e-06 0.0 2.179542e-05 7.970004e-06 0.0 2.11065e-05 7.82772e-06 0.0 2.038228e-05 7.685078e-06 0.0 1.962278e-05 7.541984e-06 0.0 1.882802e-05 7.398332e-06 0.0 1.799805e-05 7.254004e-06 0.0 1.713291e-05 7.108881e-06 0.0 1.623265e-05 6.962853e-06 0.0 1.529735e-05 6.815835e-06 0.0 1.432711e-05 6.6678e-06 0.0 1.332204e-05 6.518816e-06 0.0 1.22823e-05 6.36911e-06 0.0 1.120806e-05 6.219147e-06 0.0 1.009953e-05 6.069745e-06 0.0 8.956963e-06 5.922222e-06 0.0 7.78063e-06 5.778585e-06 0.0 6.570789e-06 5.641761e-06 0.0 5.327587e-06 5.515835e-06 0.0 4.05084e-06 5.406225e-06 0.0 2.739538e-06 5.31963e-06 0.0 1.391688e-06 5.263513e-06 0.0 0.0 5.24472e-06 0.0 0.0 1.808592e-05 0.0 1.401372e-06 1.806048e-05 0.0 2.758999e-06 1.79934e-05 0.0 4.079808e-06 1.789301e-05 0.0 5.365194e-06 1.776787e-05 0.0 6.615933e-06 1.762537e-05 0.0 7.832176e-06 1.747132e-05 0.0 9.013838e-06 1.731005e-05 0.0 1.016076e-05 1.714465e-05 0.0 1.127279e-05 1.697722e-05 0.0 1.234981e-05 1.680918e-05 0.0 1.33917e-05 1.664137e-05 0.0 1.439841e-05 1.647431e-05 0.0 1.536988e-05 1.630824e-05 0.0 1.630608e-05 1.614323e-05 0.0 1.720699e-05 1.597926e-05 0.0 1.807259e-05 1.581625e-05 0.0 1.890286e-05 1.565407e-05 0.0 1.969781e-05 1.54926e-05 0.0 2.045743e-05 1.533173e-05 0.0 2.118172e-05 1.517134e-05 0.0 2.187067e-05 1.501132e-05 0.0 2.252429e-05 1.48516e-05 0.0 2.314258e-05 1.469211e-05 0.0 2.372553e-05 1.453278e-05 0.0 2.427315e-05 1.437358e-05 0.0 2.478544e-05 1.421447e-05 0.0 2.526239e-05 1.405542e-05 0.0 2.570401e-05 1.38964e-05 0.0 2.61103e-05 1.373742e-05 0.0 2.648127e-05 1.357845e-05 0.0 2.68169e-05 1.341949e-05 0.0 2.71172e-05 1.326053e-05 0.0 2.738217e-05 1.310158e-05 0.0 2.761181e-05 1.294262e-05 0.0 2.780612e-05 1.278366e-05 0.0 2.79651e-05 1.26247e-05 0.0 2.808876e-05 1.246574e-05 0.0 2.817708e-05 1.230677e-05 0.0 2.823007e-05 1.21478e-05 0.0 2.824774e-05 1.198884e-05 0.0 2.823007e-05 1.182987e-05 0.0 2.817708e-05 1.16709e-05 0.0 2.808876e-05 1.151194e-05 0.0 2.79651e-05 1.135297e-05 0.0 2.780612e-05 1.119401e-05 0.0 2.761181e-05 1.103505e-05 0.0 2.738217e-05 1.08761e-05 0.0 2.71172e-05 1.071714e-05 0.0 2.68169e-05 1.055819e-05 0.0 2.648127e-05 1.039923e-05 0.0 2.611031e-05 1.024026e-05 0.0 2.570402e-05 1.008127e-05 0.0 2.52624e-05 9.922263e-06 0.0 2.478545e-05 9.763213e-06 0.0 2.427317e-05 9.604101e-06 0.0 2.372556e-05 9.444902e-06 0.0 2.314262e-05 9.285581e-06 0.0 2.252434e-05 9.126093e-06 0.0 2.187074e-05 8.966381e-06 0.0 2.11818e-05 8.806374e-06 0.0 2.045753e-05 8.645989e-06 0.0 1.969792e-05 8.485126e-06 0.0 1.890299e-05 8.323672e-06 0.0 1.807272e-05 8.161504e-06 0.0 1.720712e-05 7.998495e-06 0.0 1.63062e-05 7.834528e-06 0.0 1.536996e-05 7.669515e-06 0.0 1.439842e-05 7.503425e-06 0.0 1.339158e-05 7.336331e-06 0.0 1.23495e-05 7.168469e-06 0.0 1.127221e-05 7.000326e-06 0.0 1.01598e-05 6.832762e-06 0.0 9.012389e-06 6.667166e-06 0.0 7.830156e-06 6.505666e-06 0.0 6.613334e-06 6.35139e-06 0.0 5.362166e-06 6.20878e-06 0.0 4.076745e-06 6.083871e-06 0.0 2.756519e-06 5.984373e-06 0.0 1.399969e-06 5.919238e-06 0.0 0.0 5.897097e-06 0.0 0.0 2.009795e-05 0.0 1.412034e-06 2.006854e-05 0.0 2.780409e-06 1.999188e-05 0.0 4.111749e-06 1.987826e-05 0.0 5.406959e-06 1.973771e-05 0.0 6.666456e-06 1.957856e-05 0.0 7.890209e-06 1.940716e-05 0.0 9.078112e-06 1.922815e-05 0.0 1.023009e-05 1.904482e-05 0.0 1.134611e-05 1.885939e-05 0.0 1.242621e-05 1.867331e-05 0.0 1.347045e-05 1.848748e-05 0.0 1.44789e-05 1.830243e-05 0.0 1.545163e-05 1.811841e-05 0.0 1.638873e-05 1.793549e-05 0.0 1.729026e-05 1.775365e-05 0.0 1.815626e-05 1.75728e-05 0.0 1.89868e-05 1.739283e-05 0.0 1.97819e-05 1.72136e-05 0.0 2.05416e-05 1.703498e-05 0.0 2.126592e-05 1.685687e-05 0.0 2.195487e-05 1.667914e-05 0.0 2.260847e-05 1.650173e-05 0.0 2.322672e-05 1.632455e-05 0.0 2.380964e-05 1.614754e-05 0.0 2.435723e-05 1.597067e-05 0.0 2.486948e-05 1.579388e-05 0.0 2.534641e-05 1.561716e-05 0.0 2.578801e-05 1.544048e-05 0.0 2.619428e-05 1.526383e-05 0.0 2.656522e-05 1.50872e-05 0.0 2.690084e-05 1.491057e-05 0.0 2.720113e-05 1.473395e-05 0.0 2.746609e-05 1.455734e-05 0.0 2.769573e-05 1.438071e-05 0.0 2.789004e-05 1.420409e-05 0.0 2.804902e-05 1.402747e-05 0.0 2.817267e-05 1.385084e-05 0.0 2.826099e-05 1.367421e-05 0.0 2.831398e-05 1.349758e-05 0.0 2.833165e-05 1.332095e-05 0.0 2.831398e-05 1.314432e-05 0.0 2.826099e-05 1.296768e-05 0.0 2.817267e-05 1.279106e-05 0.0 2.804902e-05 1.261443e-05 0.0 2.789004e-05 1.24378e-05 0.0 2.769573e-05 1.226118e-05 0.0 2.746609e-05 1.208456e-05 0.0 2.720113e-05 1.190794e-05 0.0 2.690084e-05 1.173132e-05 0.0 2.656523e-05 1.15547e-05 0.0 2.619428e-05 1.137806e-05 0.0 2.578801e-05 1.120141e-05 0.0 2.534642e-05 1.102474e-05 0.0 2.48695e-05 1.084802e-05 0.0 2.435725e-05 1.067124e-05 0.0 2.380967e-05 1.049436e-05 0.0 2.322676e-05 1.031736e-05 0.0 2.260852e-05 1.014019e-05 0.0 2.195493e-05 9.962781e-06 0.0 2.126599e-05 9.785068e-06 0.0 2.054169e-05 9.606963e-06 0.0 1.9782e-05 9.428361e-06 0.0 1.898691e-05 9.249147e-06 0.0 1.815638e-05 9.069193e-06 0.0 1.729037e-05 8.888368e-06 0.0 1.638882e-05 8.706552e-06 0.0 1.545168e-05 8.523655e-06 0.0 1.447886e-05 8.339645e-06 0.0 1.347027e-05 8.154598e-06 0.0 1.242583e-05 7.968759e-06 0.0 1.134543e-05 7.782634e-06 0.0 1.0229e-05 7.597111e-06 0.0 9.076496e-06 7.413628e-06 0.0 7.887937e-06 7.234397e-06 0.0 6.663461e-06 7.062695e-06 0.0 5.403329e-06 6.903235e-06 0.0 4.107863e-06 6.762587e-06 0.0 2.777029e-06 6.649462e-06 0.0 1.40997e-06 6.57448e-06 0.0 0.0 6.548498e-06 0.0 0.0 2.211046e-05 0.0 1.424986e-06 2.207665e-05 0.0 2.806211e-06 2.198964e-05 0.0 4.149846e-06 2.186219e-05 0.0 5.456218e-06 2.17059e-05 0.0 6.725397e-06 2.152999e-05 0.0 7.957246e-06 2.13413e-05 0.0 9.15172e-06 2.114472e-05 0.0 1.03089e-05 2.094367e-05 0.0 1.142896e-05 2.074044e-05 0.0 1.251212e-05 2.053653e-05 0.0 1.355864e-05 2.033286e-05 0.0 1.456875e-05 2.012998e-05 0.0 1.554267e-05 1.992813e-05 0.0 1.648058e-05 1.972741e-05 0.0 1.738265e-05 1.952779e-05 0.0 1.824901e-05 1.932919e-05 0.0 1.907975e-05 1.913147e-05 0.0 1.987496e-05 1.893451e-05 0.0 2.06347e-05 1.873818e-05 0.0 2.135902e-05 1.854236e-05 0.0 2.204795e-05 1.834694e-05 0.0 2.270151e-05 1.815184e-05 0.0 2.331972e-05 1.795698e-05 0.0 2.39026e-05 1.77623e-05 0.0 2.445014e-05 1.756775e-05 0.0 2.496236e-05 1.73733e-05 0.0 2.543926e-05 1.717891e-05 0.0 2.588083e-05 1.698457e-05 0.0 2.628708e-05 1.679025e-05 0.0 2.665801e-05 1.659595e-05 0.0 2.699361e-05 1.640166e-05 0.0 2.729389e-05 1.620738e-05 0.0 2.755885e-05 1.60131e-05 0.0 2.778848e-05 1.581881e-05 0.0 2.798278e-05 1.562452e-05 0.0 2.814176e-05 1.543023e-05 0.0 2.826541e-05 1.523594e-05 0.0 2.835373e-05 1.504165e-05 0.0 2.840672e-05 1.484735e-05 0.0 2.842438e-05 1.465306e-05 0.0 2.840672e-05 1.445876e-05 0.0 2.835373e-05 1.426447e-05 0.0 2.826541e-05 1.407017e-05 0.0 2.814176e-05 1.387588e-05 0.0 2.798278e-05 1.368159e-05 0.0 2.778848e-05 1.34873e-05 0.0 2.755885e-05 1.329302e-05 0.0 2.72939e-05 1.309874e-05 0.0 2.699362e-05 1.290445e-05 0.0 2.665801e-05 1.271016e-05 0.0 2.628709e-05 1.251586e-05 0.0 2.588084e-05 1.232155e-05 0.0 2.543927e-05 1.212721e-05 0.0 2.496238e-05 1.193282e-05 0.0 2.445016e-05 1.173837e-05 0.0 2.390262e-05 1.154382e-05 0.0 2.331976e-05 1.134915e-05 0.0 2.270155e-05 1.115429e-05 0.0 2.2048e-05 1.09592e-05 0.0 2.135908e-05 1.07638e-05 0.0 2.063477e-05 1.056799e-05 0.0 1.987504e-05 1.037168e-05 0.0 1.907983e-05 1.017475e-05 0.0 1.824909e-05 9.977058e-06 0.0 1.738272e-05 9.778486e-06 0.0 1.648062e-05 9.578909e-06 0.0 1.554265e-05 9.378237e-06 0.0 1.456864e-05 9.176441e-06 0.0 1.355839e-05 8.973603e-06 0.0 1.251166e-05 8.769977e-06 0.0 1.14282e-05 8.566081e-06 0.0 1.030773e-05 8.362827e-06 0.0 9.150011e-06 8.161684e-06 0.0 7.954842e-06 7.964916e-06 0.0 6.722169e-06 7.775894e-06 0.0 5.452152e-06 7.599512e-06 0.0 4.145222e-06 7.442747e-06 0.0 2.801854e-06 7.315224e-06 0.0 1.422082e-06 7.229383e-06 0.0 0.0 7.198852e-06 0.0 0.0 2.41232e-05 0.0 1.44086e-06 2.408449e-05 0.0 2.837465e-06 2.398631e-05 0.0 4.195362e-06 2.384443e-05 0.0 5.514244e-06 2.367215e-05 0.0 6.793922e-06 2.347948e-05 0.0 8.034287e-06 2.327364e-05 0.0 9.235487e-06 2.305972e-05 0.0 1.039786e-05 2.284118e-05 0.0 1.152185e-05 2.262039e-05 0.0 1.260793e-05 2.239886e-05 0.0 1.365656e-05 2.217754e-05 0.0 1.466818e-05 2.195698e-05 0.0 1.564313e-05 2.173745e-05 0.0 1.658173e-05 2.151903e-05 0.0 1.748424e-05 2.130172e-05 0.0 1.835086e-05 2.108541e-05 0.0 1.918173e-05 2.087e-05 0.0 1.9977e-05 2.065535e-05 0.0 2.073674e-05 2.044133e-05 0.0 2.146103e-05 2.022783e-05 0.0 2.214991e-05 2.001473e-05 0.0 2.280341e-05 1.980195e-05 0.0 2.342157e-05 1.958942e-05 0.0 2.40044e-05 1.937706e-05 0.0 2.45519e-05 1.916485e-05 0.0 2.506408e-05 1.895272e-05 0.0 2.554094e-05 1.874067e-05 0.0 2.598248e-05 1.852866e-05 0.0 2.638871e-05 1.831667e-05 0.0 2.675962e-05 1.810471e-05 0.0 2.709522e-05 1.789276e-05 0.0 2.739549e-05 1.768081e-05 0.0 2.766043e-05 1.746886e-05 0.0 2.789006e-05 1.725691e-05 0.0 2.808436e-05 1.704496e-05 0.0 2.824333e-05 1.6833e-05 0.0 2.836698e-05 1.662105e-05 0.0 2.84553e-05 1.640909e-05 0.0 2.850829e-05 1.619713e-05 0.0 2.852595e-05 1.598517e-05 0.0 2.850829e-05 1.577321e-05 0.0 2.84553e-05 1.556125e-05 0.0 2.836698e-05 1.534929e-05 0.0 2.824333e-05 1.513733e-05 0.0 2.808436e-05 1.492538e-05 0.0 2.789006e-05 1.471343e-05 0.0 2.766044e-05 1.450148e-05 0.0 2.739549e-05 1.428953e-05 0.0 2.709522e-05 1.407758e-05 0.0 2.675963e-05 1.386562e-05 0.0 2.638872e-05 1.365366e-05 0.0 2.598249e-05 1.344168e-05 0.0 2.554095e-05 1.322967e-05 0.0 2.506409e-05 1.301761e-05 0.0 2.455191e-05 1.280549e-05 0.0 2.400442e-05 1.259328e-05 0.0 2.34216e-05 1.238093e-05 0.0 2.280345e-05 1.21684e-05 0.0 2.214994e-05 1.195563e-05 0.0 2.146107e-05 1.174255e-05 0.0 2.073679e-05 1.152906e-05 0.0 1.997704e-05 1.131507e-05 0.0 1.918178e-05 1.110045e-05 0.0 1.835088e-05 1.088508e-05 0.0 1.748425e-05 1.066882e-05 0.0 1.658169e-05 1.045157e-05 0.0 1.564302e-05 1.023322e-05 0.0 1.466797e-05 1.001377e-05 0.0 1.365621e-05 9.793305e-06 0.0 1.260737e-05 9.572081e-06 0.0 1.1521e-05 9.350637e-06 0.0 1.039663e-05 9.129899e-06 0.0 9.233733e-06 8.91136e-06 0.0 8.031853e-06 8.697313e-06 0.0 6.790634e-06 8.491174e-06 0.0 5.509968e-06 8.297934e-06 0.0 4.190184e-06 8.12481e-06 0.0 2.832113e-06 7.982141e-06 0.0 1.436885e-06 7.884221e-06 0.0 0.0 7.848106e-06 0.0 0.0 2.613567e-05 0.0 1.46059e-06 2.609162e-05 0.0 2.875641e-06 2.598138e-05 0.0 4.249946e-06 2.58246e-05 0.0 5.582612e-06 2.56362e-05 0.0 6.873405e-06 2.54269e-05 0.0 8.122468e-06 2.520416e-05 0.0 9.330319e-06 2.497315e-05 0.0 1.049767e-05 2.473741e-05 0.0 1.162532e-05 2.449931e-05 0.0 1.271403e-05 2.426038e-05 0.0 1.376452e-05 2.40216e-05 0.0 1.477739e-05 2.378351e-05 0.0 1.575317e-05 2.354641e-05 0.0 1.669229e-05 2.33104e-05 0.0 1.75951e-05 2.307546e-05 0.0 1.846186e-05 2.284151e-05 0.0 1.929278e-05 2.260845e-05 0.0 2.008803e-05 2.237613e-05 0.0 2.084772e-05 2.214445e-05 0.0 2.157194e-05 2.191328e-05 0.0 2.226074e-05 2.168251e-05 0.0 2.291418e-05 2.145206e-05 0.0 2.353227e-05 2.122186e-05 0.0 2.411503e-05 2.099183e-05 0.0 2.466248e-05 2.076195e-05 0.0 2.517462e-05 2.053215e-05 0.0 2.565144e-05 2.030243e-05 0.0 2.609296e-05 2.007275e-05 0.0 2.649917e-05 1.98431e-05 0.0 2.687007e-05 1.961347e-05 0.0 2.720564e-05 1.938385e-05 0.0 2.750591e-05 1.915424e-05 0.0 2.777085e-05 1.892462e-05 0.0 2.800047e-05 1.869501e-05 0.0 2.819476e-05 1.846539e-05 0.0 2.835373e-05 1.823577e-05 0.0 2.847738e-05 1.800615e-05 0.0 2.85657e-05 1.777653e-05 0.0 2.861869e-05 1.75469e-05 0.0 2.863635e-05 1.731728e-05 0.0 2.861869e-05 1.708765e-05 0.0 2.85657e-05 1.685803e-05 0.0 2.847738e-05 1.662841e-05 0.0 2.835373e-05 1.639879e-05 0.0 2.819476e-05 1.616917e-05 0.0 2.800047e-05 1.593955e-05 0.0 2.777085e-05 1.570993e-05 0.0 2.750591e-05 1.548032e-05 0.0 2.720565e-05 1.52507e-05 0.0 2.687007e-05 1.502108e-05 0.0 2.649918e-05 1.479145e-05 0.0 2.609297e-05 1.45618e-05 0.0 2.565145e-05 1.433213e-05 0.0 2.517463e-05 1.41024e-05 0.0 2.466249e-05 1.387261e-05 0.0 2.411505e-05 1.364273e-05 0.0 2.353228e-05 1.341271e-05 0.0 2.29142e-05 1.318251e-05 0.0 2.226076e-05 1.295207e-05 0.0 2.157196e-05 1.272132e-05 0.0 2.084773e-05 1.249017e-05 0.0 2.008803e-05 1.225851e-05 0.0 1.929277e-05 1.202624e-05 0.0 1.846182e-05 1.179322e-05 0.0 1.759502e-05 1.155934e-05 0.0 1.669216e-05 1.132448e-05 0.0 1.575295e-05 1.108856e-05 0.0 1.477706e-05 1.085158e-05 0.0 1.376403e-05 1.061363e-05 0.0 1.271334e-05 1.037499e-05 0.0 1.162435e-05 1.013622e-05 0.0 1.049634e-05 9.898261e-06 0.0 9.328522e-06 9.66262e-06 0.0 8.12006e-06 9.431608e-06 0.0 6.870199e-06 9.208659e-06 0.0 5.57839e-06 8.998792e-06 0.0 4.244549e-06 8.809302e-06 0.0 2.869449e-06 8.6509e-06 0.0 1.455285e-06 8.539487e-06 0.0 0.0 8.496233e-06 0.0 0.0 2.814695e-05 0.0 1.485611e-06 2.809731e-05 0.0 2.922818e-06 2.797424e-05 0.0 4.315754e-06 2.780227e-05 0.0 5.663248e-06 2.759785e-05 0.0 6.965437e-06 2.737219e-05 0.0 8.223047e-06 2.713288e-05 0.0 9.437181e-06 2.688513e-05 0.0 1.060907e-05 2.663248e-05 0.0 1.173992e-05 2.637732e-05 0.0 1.283083e-05 2.612121e-05 0.0 1.388278e-05 2.586513e-05 0.0 1.489659e-05 2.560966e-05 0.0 1.587292e-05 2.53551e-05 0.0 1.681234e-05 2.510157e-05 0.0 1.771526e-05 2.484906e-05 0.0 1.858203e-05 2.459752e-05 0.0 1.94129e-05 2.434684e-05 0.0 2.020805e-05 2.409689e-05 0.0 2.096764e-05 2.384756e-05 0.0 2.169174e-05 2.359872e-05 0.0 2.238044e-05 2.33503e-05 0.0 2.303378e-05 2.310218e-05 0.0 2.365179e-05 2.285431e-05 0.0 2.423449e-05 2.260661e-05 0.0 2.478188e-05 2.235906e-05 0.0 2.529398e-05 2.211159e-05 0.0 2.577077e-05 2.18642e-05 0.0 2.621226e-05 2.161685e-05 0.0 2.661845e-05 2.136954e-05 0.0 2.698933e-05 2.112224e-05 0.0 2.73249e-05 2.087495e-05 0.0 2.762515e-05 2.062767e-05 0.0 2.789009e-05 2.038039e-05 0.0 2.81197e-05 2.013311e-05 0.0 2.8314e-05 1.988583e-05 0.0 2.847297e-05 1.963855e-05 0.0 2.859661e-05 1.939126e-05 0.0 2.868493e-05 1.914397e-05 0.0 2.873792e-05 1.889668e-05 0.0 2.875559e-05 1.864939e-05 0.0 2.873792e-05 1.84021e-05 0.0 2.868493e-05 1.815481e-05 0.0 2.859661e-05 1.790753e-05 0.0 2.847297e-05 1.766024e-05 0.0 2.8314e-05 1.741295e-05 0.0 2.811971e-05 1.716567e-05 0.0 2.789009e-05 1.691839e-05 0.0 2.762516e-05 1.667111e-05 0.0 2.73249e-05 1.642383e-05 0.0 2.698933e-05 1.617654e-05 0.0 2.661846e-05 1.592924e-05 0.0 2.621227e-05 1.568193e-05 0.0 2.577078e-05 1.543458e-05 0.0 2.529399e-05 1.518719e-05 0.0 2.478189e-05 1.493973e-05 0.0 2.42345e-05 1.469217e-05 0.0 2.36518e-05 1.444448e-05 0.0 2.303379e-05 1.419662e-05 0.0 2.238045e-05 1.394851e-05 0.0 2.169174e-05 1.37001e-05 0.0 2.096762e-05 1.345129e-05 0.0 2.020801e-05 1.320199e-05 0.0 1.941283e-05 1.295209e-05 0.0 1.858192e-05 1.270146e-05 0.0 1.771509e-05 1.244999e-05 0.0 1.681209e-05 1.219759e-05 0.0 1.587257e-05 1.194417e-05 0.0 1.489609e-05 1.168976e-05 0.0 1.388211e-05 1.143447e-05 0.0 1.282995e-05 1.117859e-05 0.0 1.173876e-05 1.092271e-05 0.0 1.060758e-05 1.066778e-05 0.0 9.435284e-06 1.041535e-05 0.0 8.220638e-06 1.016773e-05 0.0 6.962369e-06 9.928371e-06 0.0 5.659302e-06 9.702286e-06 0.0 4.310619e-06 9.496753e-06 0.0 2.916318e-06 9.322452e-06 0.0 1.478837e-06 9.196068e-06 0.0 0.0 9.143282e-06 0.0 0.0 3.01552e-05 0.0 1.518285e-06 3.010046e-05 0.0 2.982004e-06 2.996408e-05 0.0 4.395611e-06 2.9777e-05 0.0 5.758473e-06 2.955695e-05 0.0 7.071816e-06 2.931539e-05 0.0 8.337377e-06 2.905995e-05 0.0 9.557077e-06 2.879584e-05 0.0 1.073278e-05 2.852659e-05 0.0 1.186616e-05 2.825462e-05 0.0 1.295869e-05 2.798152e-05 0.0 1.401161e-05 2.770829e-05 0.0 1.502594e-05 2.743555e-05 0.0 1.60025e-05 2.716362e-05 0.0 1.694194e-05 2.689263e-05 0.0 1.784478e-05 2.662261e-05 0.0 1.87114e-05 2.635351e-05 0.0 1.95421e-05 2.608523e-05 0.0 2.033707e-05 2.581765e-05 0.0 2.109648e-05 2.555068e-05 0.0 2.182043e-05 2.52842e-05 0.0 2.2509e-05 2.501811e-05 0.0 2.316223e-05 2.475233e-05 0.0 2.378015e-05 2.448678e-05 0.0 2.436277e-05 2.422142e-05 0.0 2.491011e-05 2.395619e-05 0.0 2.542215e-05 2.369106e-05 0.0 2.589891e-05 2.3426e-05 0.0 2.634038e-05 2.316098e-05 0.0 2.674655e-05 2.2896e-05 0.0 2.711742e-05 2.263103e-05 0.0 2.745298e-05 2.236608e-05 0.0 2.775322e-05 2.210113e-05 0.0 2.801816e-05 2.183618e-05 0.0 2.824777e-05 2.157124e-05 0.0 2.844206e-05 2.130629e-05 0.0 2.860103e-05 2.104134e-05 0.0 2.872468e-05 2.077639e-05 0.0 2.881299e-05 2.051143e-05 0.0 2.886598e-05 2.024648e-05 0.0 2.888365e-05 1.998153e-05 0.0 2.886598e-05 1.971657e-05 0.0 2.881299e-05 1.945162e-05 0.0 2.872468e-05 1.918666e-05 0.0 2.860103e-05 1.892171e-05 0.0 2.844206e-05 1.865676e-05 0.0 2.824777e-05 1.839181e-05 0.0 2.801816e-05 1.812687e-05 0.0 2.775323e-05 1.786192e-05 0.0 2.745298e-05 1.759697e-05 0.0 2.711742e-05 1.733202e-05 0.0 2.674656e-05 1.706705e-05 0.0 2.634039e-05 1.680206e-05 0.0 2.589892e-05 1.653705e-05 0.0 2.542216e-05 1.627198e-05 0.0 2.491011e-05 1.600685e-05 0.0 2.436278e-05 1.574162e-05 0.0 2.378015e-05 1.547627e-05 0.0 2.316222e-05 1.521073e-05 0.0 2.250899e-05 1.494496e-05 0.0 2.18204e-05 1.467889e-05 0.0 2.109642e-05 1.441243e-05 0.0 2.033698e-05 1.414549e-05 0.0 1.954196e-05 1.387797e-05 0.0 1.871121e-05 1.360975e-05 0.0 1.78445e-05 1.334073e-05 0.0 1.694156e-05 1.307083e-05 0.0 1.600198e-05 1.279998e-05 0.0 1.502525e-05 1.252822e-05 0.0 1.401072e-05 1.225569e-05 0.0 1.295755e-05 1.198272e-05 0.0 1.186474e-05 1.170991e-05 0.0 1.073102e-05 1.143826e-05 0.0 9.554951e-06 1.116934e-05 0.0 8.33483e-06 1.09055e-05 0.0 7.068784e-06 1.065021e-05 0.0 5.754845e-06 1.040848e-05 0.0 4.391146e-06 1.018754e-05 0.0 2.976331e-06 9.997983e-06 0.0 1.510606e-06 9.855687e-06 0.0 0.0 9.789559e-06 0.0 0.0 3.215592e-05 0.0 1.56291e-06 3.2099e-05 0.0 3.057661e-06 3.194977e-05 0.0 4.493177e-06 3.174835e-05 0.0 5.871004e-06 3.151348e-05 0.0 7.194503e-06 3.125671e-05 0.0 8.466861e-06 3.098567e-05 0.0 9.691005e-06 3.070559e-05 0.0 1.08695e-05 3.042006e-05 0.0 1.200454e-05 3.013151e-05 0.0 1.309794e-05 2.984159e-05 0.0 1.415122e-05 2.955134e-05 0.0 1.516558e-05 2.926142e-05 0.0 1.614197e-05 2.897217e-05 0.0 1.708115e-05 2.868377e-05 0.0 1.798367e-05 2.839626e-05 0.0 1.884997e-05 2.810961e-05 0.0 1.968036e-05 2.782374e-05 0.0 2.047506e-05 2.753855e-05 0.0 2.123424e-05 2.725394e-05 0.0 2.195799e-05 2.69698e-05 0.0 2.26464e-05 2.668605e-05 0.0 2.32995e-05 2.64026e-05 0.0 2.391731e-05 2.611939e-05 0.0 2.449986e-05 2.583635e-05 0.0 2.504714e-05 2.555345e-05 0.0 2.555914e-05 2.527064e-05 0.0 2.603587e-05 2.498791e-05 0.0 2.647731e-05 2.470522e-05 0.0 2.688347e-05 2.442257e-05 0.0 2.725432e-05 2.413993e-05 0.0 2.758988e-05 2.385731e-05 0.0 2.789012e-05 2.35747e-05 0.0 2.815505e-05 2.329208e-05 0.0 2.838466e-05 2.300947e-05 0.0 2.857895e-05 2.272686e-05 0.0 2.873792e-05 2.244424e-05 0.0 2.886157e-05 2.216162e-05 0.0 2.894989e-05 2.187901e-05 0.0 2.900288e-05 2.159639e-05 0.0 2.902054e-05 2.131377e-05 0.0 2.900288e-05 2.103115e-05 0.0 2.894989e-05 2.074853e-05 0.0 2.886157e-05 2.046591e-05 0.0 2.873793e-05 2.018329e-05 0.0 2.857896e-05 1.990068e-05 0.0 2.838467e-05 1.961806e-05 0.0 2.815505e-05 1.933545e-05 0.0 2.789012e-05 1.905284e-05 0.0 2.758988e-05 1.877022e-05 0.0 2.725433e-05 1.84876e-05 0.0 2.688347e-05 1.820496e-05 0.0 2.647732e-05 1.79223e-05 0.0 2.603588e-05 1.763962e-05 0.0 2.555915e-05 1.735688e-05 0.0 2.504714e-05 1.707408e-05 0.0 2.449986e-05 1.679118e-05 0.0 2.391731e-05 1.650814e-05 0.0 2.329948e-05 1.622494e-05 0.0 2.264637e-05 1.59415e-05 0.0 2.195794e-05 1.565776e-05 0.0 2.123415e-05 1.537365e-05 0.0 2.047493e-05 1.508907e-05 0.0 1.968016e-05 1.480394e-05 0.0 1.884969e-05 1.451813e-05 0.0 1.798328e-05 1.423157e-05 0.0 1.708062e-05 1.394419e-05 0.0 1.614128e-05 1.365594e-05 0.0 1.516467e-05 1.336689e-05 0.0 1.415006e-05 1.30772e-05 0.0 1.309649e-05 1.278724e-05 0.0 1.200275e-05 1.249766e-05 0.0 1.086734e-05 1.22095e-05 0.0 9.688451e-06 1.192438e-05 0.0 8.463909e-06 1.164472e-05 0.0 7.19118e-06 1.137402e-05 0.0 5.86737e-06 1.111736e-05 0.0 4.489306e-06 1.088199e-05 0.0 3.053743e-06 1.067845e-05 0.0 1.558008e-06 1.052235e-05 0.0 0.0 1.043644e-05 0.0
</DataArray>
</PointData>
<CellData>
<DataArray type="Float64" Name="von_mises [Pa]" NumberOfComponents="1" format="ascii">
55734620.49536932 56060602.72637714 56013902.031101994 56338854.796379074 56145731.850127205 56479337.51730866 56174672.81758926 56517990.84342599 56127149.01345135 56478489.577209346 56030546.414894834 56388201.931716114 55907670.128275275 56270026.01298922 55775702.356957115 56141428.24912631 55646439.63726324 56014506.263580926 55527180.88350987 55896853.30217799 55421814.65887139 55792563.29361957 55331806.69849391 55703275.12223132 55257010.762636796 55628939.73656009 55196319.90775608 55568541.978803664 55148133.7841615 55520518.1345182 55110623.39717817 55483108.01322622 55082013.94132567 55454522.45804964 55060615.53216513 55433127.36800279 55044949.95188565 55417446.596587084 55033750.66349436 55406223.66262231 55025969.77449828 55398401.217597246 55020727.405121274 55393134.07319934 55017365.206906155 55389731.698196806 55015346.01637318 55387672.943528995 55014251.85891802 55386556.33545241 55013780.839576595 55386067.49172883 55013723.30841382 55385985.313337065 55013908.235574186 55386157.14383505 55014229.78907203 55386464.148229405 55014604.36279122 55386827.105996594 55014987.704224825 55387202.362970345 55015352.98455505 55387568.44280192 55015688.91780328 55387893.41888989 55015968.27676353 55388172.33655095 55016216.85240034 55388415.69712261 55016422.565024205 55388617.63983189 55016594.86911578 55388795.18293506 55016734.160059504 55388937.2650425 55016861.62512507 55389054.03666496 55016968.74955267 55389166.45629466 55017077.21627659 55389276.038333565 55017188.80802089 55389384.60016982 55017314.91185779 55389513.80730357 55017466.667584926 55389655.32585077 55017644.27514626 55389830.36706646 55017856.796176024 55390039.53692574 55018111.3618229 55390292.280803345 55018412.52932918 55390596.782777876 55018751.143005006 55390938.75515095 55019142.79873772 55391321.08478967 55019556.211010955 55391742.32026293 55019970.73613396 55392145.31105868 55020333.74946562 55392505.3396344 55020557.23075037 55392747.85451725 55020553.80711491 55392745.495875 55020152.4572876 55392355.17412421 55019113.82752021 55391344.044127606 55017135.51559573 55389405.78824152 55013797.92658791 55386126.66011388 55008561.85149795 55380971.596761055 55000718.379530445 55373232.12568506 54989373.53205292 55362035.62038058 54973440.54239253 55346278.79274359 54951582.52818825 55324666.63207235 54922261.5552207 55295650.00740807 54883709.74533454 55257466.11211928 54834031.66273574 55208226.92201706 54771297.149759516 55146011.93839069 54693778.102819435 55069074.75401184 54600320.60540899 54976222.76632994 54490784.18968727 54867302.79531253 54366891.45258194 54743943.173325196 54233124.85447903 54610512.79428441 54098072.10164171 54475346.78516382 53975694.75397105 54352062.65956055 53886712.02225223 54260704.525849596 53859150.5104151 54228144.21940582 53929183.968973495 54289212.55255012 54131881.86936154 54470513.97482267 54561159.173053905 54885476.608047605 55684067.758097515 56010356.38341281 56007469.44010023 56297750.58977676 56140611.41674826 56446683.18216396 56172573.69103651 56487340.446122535 56126259.92678046 56449700.724070705 56030285.089809395 56361615.55396682 55907860.20434534 56246171.60788898 55776351.726556405 56120714.57633745 55647609.48980208 55997139.94144978 55528911.66437956 55882807.95871616 55424132.47863797 55781657.95237918 55334690.23553189 55695201.53738471 55260415.14532025 55623340.86339189 55200194.89625954 55565026.50579415 55152397.32079353 55518726.659565575 55115220.54852951 55482689.749007106 55086872.56824724 55455200.8792296 55065689.461110875 55434645.15088611 55050190.486478046 55419599.033429556 55039116.82255682 55408841.44127252 55031427.98411316 55401352.207578234 55026260.91537307 55396324.792033955 55022942.90340862 55393077.968176514 55020951.67493537 55391130.5588276 55019883.40374324 55390081.298734255 55019429.2616468 55389626.38022874 55019382.085288845 55389565.07436105 55019572.85707681 55389735.182505004 55019887.14066684 55390038.45556178 55020262.36107091 55390395.97743537 55020655.13574878 55390764.51489484 55021019.14978366 55391112.923177056 55021343.42596631 55391429.46370548 55021630.990799665 55391709.375694185 55021867.788095236 55391943.30842565 55022071.83806299 55392135.5508477 55022242.59560344 55392303.222343154 55022380.45576806 55392435.26223583 55022506.506386176 55392551.87250413 55022612.28171462 55392664.11385006 55022719.365722045 55392763.50155209 55022839.491817735 55392871.75206689 55022954.048402876 55392990.68270945 55023104.02728106 55393131.90826287 55023279.679452375 55393296.69035648 55023480.018367335 55393495.58387934 55023732.32388143 55393738.235904835 55024031.15285095 55394022.629809186 55024367.59431698 55394354.78302855 55024757.58437715 55394727.58831558 55025160.321254976 55395119.755870044 55025565.8843689 55395514.35234432 55025922.75754627 55395856.88755179 55026154.3602533 55396093.1491339 55026145.28434246 55396096.284416296 55025747.18761908 55395733.580638275 55024734.05365743 55394782.900678694 55022797.862097844 55392948.72257938 55019534.53206639 55389838.04316916 55014391.34311641 55384936.859691165 55006697.33191801 55377577.643057995 54995567.62953191 55366918.77451523 54979935.50461125 55351927.823807165 54958484.479988664 55331350.28846856 54929696.53776853 55303697.00793152 54891851.34895143 55267304.322059214 54843055.79734113 55220331.62971619 54781443.13532647 55160943.72497827 54705303.058897875 55087455.948547736 54613446.84448851 54998652.09793937 54505747.59075333 54894297.20973873 54383803.05360952 54775806.48248143 54251962.91123556 54647189.36078987 54118508.890465066 54516181.38068758 53997028.26608695 54395660.20429471 53907734.05979372 54304859.73447032 53878199.321081534 54269980.388408 53943360.20571731 54325049.79552207 54140987.075562745 54497279.69153603 54522137.037264444 54889092.63989093 55636340.34632287 55948297.424573496 55973459.36410327 56238207.2144298 56110312.74141434 56389345.372969314 56142723.60839554 56430688.66741644 56096789.728204325 56394374.350854486 56001929.53455623 56309223.90277642 55881493.85234551 56198192.68076061 55752668.70604473 56078181.032530665 55627019.19950747 55960549.59462124 55511551.898414366 55852184.07698382 55409896.27451147 55756669.80198338 55323334.30795434 55675289.1713829 55251612.84703866 55607835.84578387 55193562.46116777 55553247.200475484 55147572.86480001 55510002.00397787 55111866.99769869 55476419.0536772 55084685.82265448 55450859.205556825 55064403.01436984 55431774.076100655 55049587.67367157 55417834.31863977 55039031.38907132 55407897.862381905 55031713.86494156 55400996.40598279 55026811.01280809 55396376.79362297 55023678.228656344 55393422.0144898 55021809.87988971 55391655.127882876 55020807.60575333 55390708.78472154 55020407.016843066 55390322.74999536 55020384.41776312 55390289.35744125 55020573.390695386 55390468.99838883 55020901.63194892 55390765.48350175 55021267.892465696 55391111.62137656 55021639.953776374 55391465.36176889 55022002.21044419 55391796.652329914 55022314.19117835 55392084.399412334 55022589.324248455 55392344.59308226 55022823.655420884 55392568.08147769 55023025.354705416 55392749.50641608 55023183.82772813 55392896.13931677 55023319.567865215 55393027.07150803 55023433.56372001 55393142.55687332 55023537.24990731 55393233.65759906 55023642.26013501 55393331.88900632 55023750.08082363 55393429.06929705 55023872.15005945 55393536.91457825 55024009.3627016 55393667.039263375 55024172.02006722 55393820.75476036 55024369.086992435 55394008.61544691 55024607.99293631 55394230.26853176 55024893.64022158 55394493.89996523 55025217.31304104 55394805.63088541 55025585.78282749 55395148.561449796 55025978.97813449 55395521.764583915 55026368.54327328 55395888.82767417 55026714.71326247 55396215.9406548 55026933.485548235 55396439.73461883 55026932.89948015 55396454.51856548 55026569.073258065 55396129.01501726 55025601.75242662 55395263.054795675 55023760.06935903 55393593.37370972 55020648.92552716 55390739.681888685 55015746.30671889 55386241.31468528 55008403.632868074 55379464.33202704 54997780.11087699 55369651.196693495 54982844.12942535 55355823.66029786 54962344.22796337 55336831.03074967 54934825.337156095 55311277.34934558 54898625.20828934 55277620.02235131 54851948.699651815 55234146.41452181 54792970.111771286 55179113.59881732 54720023.65307912 55110890.34176952 54631935.28853067 55028290.07212341 54528509.45770906 54930957.367951795 54411150.036027946 54819988.01546331 54283857.93399033 54698844.78713876 54154396.32989853 54574443.68092635 54035649.13730954 54458585.914006285 53947058.84868346 54369391.73518468 53915525.42677286 54332225.29093642 53975339.60699624 54380896.12710683 54164042.32737641 54543975.69512877 54527083.7413341 54924104.914108515 55577146.67685121 55868733.67197146 55917481.25690365 56157713.776492044 56054611.70832568 56307323.33626708 56087020.333114214 56348365.44384263 56041703.560062826 56313931.51555965 55949325.64420481 56233250.974168986 55833028.03718983 56128924.14115758 55709508.17895967 56017063.149678 55589731.02019691 55908184.9424134 55480208.44535321 55808510.49792455 55384207.30361165 55721108.24832249 55302759.074116684 55646978.26135697 55235474.97736469 55585784.58800578 55181184.989006616 55536420.13221846 55138283.48188029 55497438.872250296 55105055.3536098 55467256.21826712 55079814.5900469 55444332.848905094 55061034.06018963 55427276.371352755 55047355.252975516 55414854.01816829 55037622.91617742 55406026.63103404 55030909.65818963 55399922.601801485 55026423.16396309 55395846.96879271 55023578.926372975 55393261.20368203 55021900.10529843 55391726.465672225 55021015.2722967 55390932.879778855 55020675.90068857 55390616.48004584 55020682.74334231 55390614.999519736 55020892.81705297 55390803.14766036 55021206.44211851 55391078.217127815 55021554.38345976 55391405.857426606 55021915.68331005 55391726.064563476 55022255.79093395 55392030.38567578 55022554.986429125 55392298.98019521 55022806.95102323 55392538.48969171 55023028.1285608 55392730.46727257 55023216.73946326 55392900.00836185 55023362.33787926 55393034.58750232 55023495.21833028 55393153.34759521 55023596.51786983 55393246.79657111 55023697.47226973 55393335.89605376 55023789.61662771 55393422.21319109 55023894.38784879 55393507.51589145 55024003.126172714 55393603.469682105 55024126.72737103 55393721.73893986 55024285.345271416 55393853.53387618 55024468.19389811 55394019.50884392 55024692.75259062 55394219.361490935 55024954.319530606 55394461.429787055 55025254.81971729 55394732.039409935 55025601.71199469 55395044.74904101 55025966.49857615 55395379.09467137 55026332.48888153 55395719.434627146 55026652.563080676 55396013.04067366 55026876.33870583 55396227.98899632 55026886.446898654 55396260.50243789 55026555.10568312 55395991.79197778 55025679.90898839 55395244.808232 55023999.72818825 55393780.04825715 55021141.38460662 55391282.14274507 55016637.061682485 55387305.92409648 55009864.81377272 55381323.90836504 55000052.30471702 55372635.82372033 54986247.479153655 55360370.91362112 54967288.126120314 55343496.06104338 54941805.22640568 55320771.45078398 54908255.1841338 55290778.18964699 54864958.003160626 55251992.04240275 54810169.71935609 55202779.88607382 54742309.81099118 55141656.05622774 54660216.54418528 55067417.96878686 54563543.32285753 54979571.948508695 54453443.14027256 54878860.67224875 54333363.06838626 54768015.30173001 54210250.49380027 54652893.45153135 54095944.01849831 54543859.6852364 54008763.193260774 54457553.89460017 53974737.8993798 54418226.62625896 54027958.538901456 54459803.08944257 54207039.25793061 54613099.203373685 54559644.05131583 54984253.35293322 55500794.94345135 55768172.151183814 55839668.13131344 56054001.03219635 55973950.25482422 56199829.514729895 56005347.14334903 56239889.5444516 55961315.67515469 56208227.76994442 55873102.26022749 56134036.15763453 55763390.45258975 56039115.392527394 55647986.37639113 55938391.27866607 55537004.03696954 55841272.00953313 55436207.93358407 55753060.87535473 55348367.18291134 55676253.08898319 55274202.40924012 55611474.74844551 55213210.31889469 55558263.55613369 55164179.2828262 55515531.33842972 55125563.1499565 55481915.901516296 55095747.41745485 55455978.837583624 55073179.57076275 55436357.02985193 55056423.82933537 55421794.89476438 55044266.41987082 55411239.483662665 55035658.15595115 55403749.176458746 55029737.05067429 55398603.75587593 55025814.93661827 55395201.10804481 55023339.64604041 55393045.63173403 55021894.63950286 55391790.363463216 55021167.18332662 55391155.96503925 55020905.53967212 55390917.38924493 55020935.88867061 55390949.80633558 55021149.46481407 55391134.12597857 55021449.65109027 55391392.29323178 55021779.56848178 55391673.71534563 55022120.06105818 55391961.19551516 55022427.630383216 55392228.49077113 55022693.40529107 55392467.16705908 55022931.615153566 55392665.07473383 55023129.00309356 55392844.52237664 55023293.88872478 55392981.06119836 55023425.92459981 55393102.519462034 55023545.454362296 55393198.24404993 55023643.416117236 55393278.74383562 55023731.04577932 55393355.03224714 55023809.72951993 55393428.67721313 55023900.8056843 55393501.34595841 55023995.46665609 55393584.75450806 55024114.60907377 55393680.41559256 55024248.388665035 55393799.53830649 55024416.06950778 55393942.87783412 55024615.3798165 55394110.13138399 55024852.06293985 55394319.8894895 55025128.7353502 55394548.731981546 55025434.03982049 55394820.72594286 55025761.00412739 55395106.17166241 55026095.29881188 55395400.44825954 55026393.09664297 55395662.25883213 55026608.18597787 55395861.67519259 55026629.18299529 55395907.43268005 55026355.65280109 55395694.28076243 55025604.83376394 55395089.28602952 55024137.63033058 55393888.455874965 55021625.330487534 55391802.88499685 55017637.71195347 55388475.296647616 55011642.919896446 55383447.30658915 55002941.19466541 55376128.74923297 54990674.236787334 55365769.80880756 54973783.04103951 55351488.05251196 54951067.98612351 55332213.20351517 54921105.837746024 55306732.12351144 54882370.35637952 55273699.89776625 54833273.2482701 55231701.02425817 54772326.17578854 55179358.79387686 54698374.58451522 55115550.863557704 54610939.959667094 55039631.41260941 54510809.6406466 54951951.54843589 54400750.85251027 54854443.19291168 54286636.278948 54751674.121287905 54178884.037347436 54652235.60030521 54094306.05641435 54570793.86119921 54057801.014971875 54530138.132561825 54103496.96235166 54564180.41260009 54272197.54867055 54706620.70370446 54616101.08095808 55068676.12578635 55403711.43447285 55643274.609507985 55738335.544980556 55924311.96353469 55867470.33856617 56065010.56385018 55897022.85457665 56104061.86313682 55855229.22861363 56076689.368573375 55773317.907378905 56011636.12945302 55673001.1743651 55929322.633506194 55568817.21621549 55843084.312951386 55469676.90686035 55760902.04919931 55380458.83966826 55687002.66879897 55303275.749810405 55623208.50020652 55238523.47684338 55569793.93510804 55185570.35372322 55526189.35427118 55143196.34646684 55491365.407779224 55109972.262089744 55464087.741737984 55084414.07725233 55443137.29079616 55065154.5840046 55427346.49956284 55050911.404557586 55415679.21747665 55040618.272732526 55407246.48626861 55033364.40162472 55401299.13509423 55028405.69638793 55397243.32560695 55025150.18393384 55394564.54251186 55023109.68952861 55392894.026867166 55021949.68180441 55391930.2858239 55021377.09141407 55391457.487882085 55021198.040172525 55391311.95773873 55021264.864256434 55391358.244642116 55021473.55033825 55391524.684966266 55021751.030631065 55391749.30138284 55022043.123060994 55391996.02386152 55022342.51843269 55392231.176538534 55022607.163470544 55392450.931436 55022848.98406999 55392648.97080837 55023052.905871145 55392814.25415495 55023225.870481096 55392950.15087349 55023366.544231825 55393062.6669365 55023484.52926291 55393159.98601762 55023580.218342684 55393241.75930077 55023664.35057183 55393308.497303754 55023738.16150377 55393371.2650586 55023812.83902874 55393421.530398175 55023879.67290044 55393480.910198145 55023969.6573251 55393551.0700048 55024063.64122431 55393623.47198024 55024181.83050786 55393719.32425424 55024323.49092428 55393829.280729204 55024496.74757178 55393973.23938722 55024697.74052511 55394129.993549675 55024929.9765133 55394326.42574875 55025203.38219929 55394537.26283109 55025492.761434585 55394773.717895426 55025786.59524899 55395012.390585266 55026044.65123373 55395233.81463113 55026235.83624307 55395400.35426719 55026285.354953274 55395454.10649978 55026071.520109944 55395303.902709946 55025462.567361005 55394852.22146386 55024243.23795864 55393921.71947061 55022141.78752397 55392301.74085057 55018808.14254491 55389704.777117915 55013753.84205693 55385763.96094771 55006405.205203205 55379991.93552503 54996001.59041976 55371812.75423501 54981671.00207533 55360497.77347849 54962346.83276207 55345198.98158076 54936808.8030197 55324941.49565768 54903725.24436804 55298600.43076541 54861691.25080156 55265016.536332645 54809352.99949208 55223017.001459256 54745598.019251 55171548.792018704 54669837.31202416 55109924.77983834 54582443.14618381 55038083.441177845 54485400.324202515 54957149.41408256 54383317.523901716 54870259.799445964 54284866.7162433 54783942.629006386 54204862.394933745 54710360.92212808 54166629.26655115 54670113.5348247 54204273.5005979 54696718.10403335 54361429.83005661 54826993.314696774 54696245.75920623 55178592.65668053 55282520.78776658 55490156.89930507 55610836.40935524 55765169.25488433 55733248.00021921 55900203.58371136 55760803.29315751 55939192.42612164 55722848.630377665 55918620.4242614 55649985.37241366 55866193.822938666 55562379.92881483 55800348.99429141 55472856.27795223 55732350.82227849 55388822.31859909 55668462.34073569 55314060.461935595 55611749.89167219 55249997.3659403 55563313.78812295 55196688.47965789 55523146.53764663 55153386.34520152 55490590.19383568 55118950.202302136 55464762.29919407 55092088.17474804 55444647.29209918 55071538.54735797 55429263.7608709 55056121.60141137 55417732.0576981 55044781.02324128 55409239.76938107 55036620.45719981 55403137.28990266 55030909.774354436 55398853.30544358 55027034.753704816 55395945.26642913 55024511.086290784 55394040.6492248 55022956.20070278 55392861.52947129 55022088.53977117 55392205.08574231 55021685.66487394 55391891.46668681 55021582.181960754 55391800.52464579 55021667.210491486 55391857.927550405 55021861.822873235 55391990.76968768 55022106.88738341 55392173.92077868 55022361.060051486 55392356.60036839 55022609.12164222 55392539.21417223 55022830.36112539 55392700.80881227 55023027.74731641 55392847.13504631 55023196.85043581 55392968.81892195 55023335.05785784 55393070.03892736 55023451.035092704 55393157.509627834 55023544.58175147 55393229.871086806 55023625.99040241 55393286.87718766 55023685.99988158 55393329.09048415 55023745.64685029 55393377.677854836 55023805.92137677 55393414.007187605 55023858.01425511 55393459.594625965 55023932.87089479 55393506.004944816 55024001.19282549 55393564.598591544 55024103.08762254 55393626.5332401 55024208.12018748 55393712.46128446 55024354.56466022 55393812.53312057 55024519.10715979 55393925.54108983 55024706.244786456 55394059.07506999 55024927.14045871 55394218.31662815 55025158.82244103 55394385.542511545 55025402.53651092 55394568.82093578 55025622.24536395 55394730.764616564 55025792.280576624 55394856.578207314 55025845.19024621 55394901.912768364 55025698.94076675 55394810.576192625 55025233.87532092 55394501.24811312 55024299.98244424 55393854.41867239 55022664.34625474 55392719.00754449 55020039.15242452 55390889.038236015 55016062.08178561 55388091.05300612 55010248.46897158 55384003.01594672 55001998.78231818 55378185.21716624 54990601.83702032 55370125.70348858 54975197.51417402 55359201.23475215 54954792.30035817 55344697.23474553 54928291.6888888 55325810.12162381 54894525.694297664 55301656.29446923 54852333.96336168 55271313.34287352 54800700.47386393 55233940.15500556 54738941.827971056 55188814.38492541 54667074.975171946 55135609.071535856 54586279.393355995 55074675.14413017 54499729.33306768 55007701.549139455 54414067.64129383 54938903.60665317 54341562.69057627 54877367.753251575 54303328.27604269 54840596.48069826 54332944.75138512 54860696.464619316 54477130.95158895 54977514.93003619 54801385.61883574 55316563.05455838 55133330.41195475 55303867.82798786 55453640.48122488 55572093.370998815 55568486.41850503 55701908.26796155 55594945.10031807 55743177.87799883 55563419.58045804 55733271.97533176 55503248.22050158 55698100.64198934 55432356.17811396 55653371.001332514 55361343.30618157 55607792.56662614 55295842.77172794 55565758.156815276 55238442.805155486 55529079.98220955 55189877.00169176 55498224.19034536 55149894.40317881 55472954.58056798 55117701.71620278 55452686.96404985 55092299.82539345 55436735.51381704 55072627.48243389 55424392.324192196 55057658.491221 55415007.268540874 55046503.67648424 55407994.357918315 55038345.40815391 55402861.34658704 55032519.21919368 55399174.21058913 55028467.61699545 55396604.91464065 55025747.37685877 55394857.18119202 55023993.337806925 55393724.64992393 55022939.30516798 55393023.6351788 55022357.26519883 55392632.6429137 55022116.07796226 55392460.228447154 55022079.30645932 55392411.42489198 55022172.9837877 55392454.20649908 55022333.600925766 55392535.50405707 55022526.00056407 55392647.85574949 55022721.91701184 55392766.2840015 55022908.16571491 55392875.53637334 55023085.67139383 55392977.99200555 55023228.29524914 55393061.57500233 55023352.25041754 55393138.47837687 55023455.319585085 55393203.99397227 55023536.36547637 55393255.54584999 55023605.235910505 55393292.12954619 55023662.17337769 55393333.65189183 55023717.81647788 55393360.82871966 55023753.00431017 55393384.727206826 55023798.67661977 55393406.61454775 55023835.77712995 55393437.95694464 55023885.15289942 55393460.11737014 55023937.35734711 55393494.45578297 55024012.59864318 55393532.02829969 55024090.39322472 55393573.53744127 55024189.363750964 55393639.08160724 55024306.84096398 55393697.907122195 55024448.06574615 55393777.90573136 55024605.736877345 55393875.11717492 55024779.0598659 55393962.778079934 55024962.24838818 55394070.72500325 55025133.56612114 55394163.69453698 55025253.22480298 55394229.97722725 55025301.37665433 55394249.373363875 55025216.20470359 55394191.05644916 55024900.925493225 55394010.54230884 55024251.843246266 55393627.08448604 55023095.991417624 55392970.19534931 55021239.528697476 55391896.88312719 55018408.08293486 55390278.77312078 55014248.52438505 55387900.83065922 55008345.2948921 55384541.89606395 55000151.13593344 55379878.81603783 54989066.51273619 55373575.43704021 54974358.58931247 55365209.44968027 54955194.75071829 55354309.99673925 54930714.97885456 55340349.28844614 54899997.55937805 55322753.82104241 54862207.27958542 55300940.112620175 54816677.94355479 55274352.74020696 54763102.832361646 55242475.08735082 54701922.024895705 55205070.797234125 54634889.120004006 55162469.225727715 54566344.966353275 55116519.124403626 54505490.31435722 55072710.38663357 54470260.476516016 55044249.800824605 54492741.73891518 55060266.29775251 54622560.951885305 55162720.67493318 54934019.445476465 55486448.19635839 54951162.48376245 55077876.0280837 55262167.305957064 55339313.15566546 55369594.064221025 55465828.24366435 55397291.80518139 55513639.9857294 55376223.552431904 55520111.52921675 55333541.63823992 55508219.26053729 55284140.917370334 55490138.49261713 55235922.974198475 55471636.28955559 55192571.58908487 55455088.62586972 55155411.2123229 55441190.48710343 55124579.95543928 55429898.90576967 55099585.831196815 55420922.37094319 55079737.28838474 55413880.13787038 55064243.78574946 55408415.72120331 55052360.38554917 55404226.74656776 55043410.97164948 55401044.025225244 55036780.15545435 55398664.26749131 55031971.182194754 55396913.34078352 55028573.246927604 55395639.648430556 55026222.47702303 55394744.1464511 55024667.63876789 55394111.34130795 55023683.02133637 55393694.626314506 55023099.13545508 55393427.3095786 55022801.879171886 55393261.68207885 55022691.533460036 55393176.22597003 55022690.543909684 55393142.5052106 55022772.084919035 55393141.68600457 55022878.001192376 55393151.311171636 55023007.19757966 55393172.0555781 55023134.379523516 55393205.05704842 55023248.441246636 55393239.7139682 55023351.84088956 55393261.6426101 55023449.47713947 55393291.24499844 55023518.106922805 55393312.28412292 55023585.906785764 55393331.2162769 55023631.936640486 55393346.023771994 55023676.04302576 55393366.15876535 55023708.41816628 55393371.682065226 55023739.6506486 55393383.36051509 55023760.331438296 55393392.16170199 55023791.3013224 55393399.35341516 55023813.30615303 55393406.09936951 55023836.99552364 55393413.762236305 55023872.92314919 55393423.55056462 55023911.150259234 55393436.36836001 55023961.34241927 55393443.06903391 55024022.42137729 55393453.75016827 55024092.115850314 55393467.95927109 55024166.708818056 55393483.991085745 55024260.287181504 55393498.641054906 55024364.13844082 55393516.45607401 55024475.64683002 55393528.7864258 55024567.235991046 55393532.789760344 55024645.05694868 55393519.98640026 55024667.17900717 55393494.6178295 55024622.02125828 55393441.410127886 55024436.09562117 55393343.40047262 55024042.449924916 55393188.97812117 55023368.59700298 55392949.21336566 55022275.69374997 55392604.8891192 55020598.42544348 55392113.82474216 55018156.86763467 55391419.496286735 55014681.382107645 55390490.819390066 55009861.63704937 55389255.136448435 55003341.95877054 55387645.18632769 54994694.90243651 55385582.80964516 54983426.09309148 55382961.19264171 54968993.2745184 55379689.45241963 54950844.085885406 55375613.22511904 54928388.12051948 55370535.67730409 54901073.015235245 55364185.767494656 54868464.55278596 55356122.26154541 54830385.480625205 55345730.86422222 54787278.19769849 55332308.36046888 54741103.42694354 55315454.69232519 54697489.2689309 55296768.325940296 54670050.29276014 55283892.64045165 54687729.987735346 55300540.458092965 54802140.77241928 55388754.56586044 55097854.194287874 55693689.164955646 54729476.692577496 54803290.2379075 55030533.347765155 55059401.63841806 55132168.69416705 55186820.42409611 55165449.26374535 55248186.1880638 55160767.13289831 55279122.53540912 55141800.1109154 55298201.17857026 55119557.51656669 55313214.7928139 55098860.78525683 55326779.2478561 55081337.450904824 55339348.562106214 55067191.901400335 55350717.03012584 55056072.49758432 55360637.74850072 55047463.06437299 55368964.792079434 55040887.91924474 55375722.22263383 55035916.238935694 55381040.1093602 55032206.9192723 55385098.95032584 55029468.74241207 55388115.198881015 55027473.24643563 55390290.17473799 55026046.249530226 55391807.3527828 55025061.38655781 55392824.38981082 55024378.66193953 55393466.57576289 55023938.74096996 55393853.222582065 55023675.216473676 55394050.30758861 55023514.98526374 55394120.432257436 55023437.62872891 55394121.01609594 55023414.32226286 55394071.633531205 55023426.46682717 55393991.17408999 55023453.961745046 55393904.576252185 55023493.839919776 55393820.16501385 55023539.008017726 55393746.96687595 55023576.837429024 55393672.49755059 55023618.44372773 55393620.66070263 55023647.61749245 55393570.56600917 55023680.144627266 55393524.89547602 55023703.47230072 55393489.13384193 55023716.07271638 55393470.54965463 55023737.15191596 55393448.037592426 55023746.60570858 55393431.203538746 55023754.52635161 55393420.412617825 55023761.40297913 55393406.28175631 55023767.67773952 55393399.779038295 55023784.04285956 55393392.02133858 55023790.99686413 55393384.07169301 55023799.09053215 55393367.091014914 55023798.68046104 55393352.13607952 55023809.8279125 55393340.11044065 55023822.299071796 55393311.76617942 55023845.16551246 55393277.35140357 55023856.65370557 55393236.56361317 55023873.94030538 55393178.35207609 55023902.4036628 55393120.11501013 55023915.31734138 55393037.5573528 55023933.14134362 55392953.84127202 55023952.41647592 55392848.44059702 55023954.99750992 55392746.29920882 55023936.63761967 55392635.93877753 55023885.86555643 55392548.07636376 55023792.36704289 55392483.24911141 55023635.67115494 55392489.455886014 55023383.91037471 55392599.48129043 55023003.22952667 55392878.52282516 55022457.69572403 55393391.24760126 55021681.226203576 55394270.39028409 55020631.25121666 55395645.85075364 55019216.30640134 55397706.63694667 55017347.64475176 55400685.67901168 55014927.93744561 55404850.247207314 55011857.81836292 55410539.153914824 55007983.19852347 55418120.02868443 55003166.45138861 55427969.302842066 54997213.92712619 55440399.086334795 54989838.00811953 55455615.14524523 54980656.71875976 55473494.698678076 54969128.11132119 55493418.178569116 54954639.672416724 55514056.460957356 54936983.5481645 55533295.484851405 54917892.424019404 55548956.60567197 54905397.18834559 55562080.20026718 54922937.06752443 55587753.333156966 55021899.03487885 55664014.68614173 55298133.59659948 55945992.339911185 54459354.695028715 54467761.965827055 54751107.27927581 54722715.11726642 54850945.922029406 54858993.380324475 54897024.87826642 54944750.740241446 54917112.07128785 55011251.36841573 54929761.95884084 55070812.81452662 54941259.92333661 55126216.25981299 54953130.01862217 55176991.388023235 54965086.25850718 55222068.266216375 54976435.82044658 55260783.03586694 54986660.5963274 55293055.987219356 54995447.68894659 55319223.25568455 55002727.45823067 55339938.48727688 55008561.84211087 55355940.32536209 55013111.97185774 55368047.91386211 55016566.16501852 55376982.5388824 55019124.84240082 55383424.11158877 55020976.95498938 55387943.34016833 55022270.34783106 55390994.10661452 55023138.04852036 55392980.3853483 55023701.669218965 55394189.328530766 55024042.956662185 55394861.653560854 55024224.36890341 55395160.32972926 55024308.094443545 55395218.68626151 55024315.77377446 55395127.791777946 55024286.79454455 55394963.99613686 55024237.41201294 55394756.03524188 55024179.48555053 55394543.033555225 55024109.51623777 55394342.28059938 55024047.53322732 55394157.37517263 55023996.522673436 55393996.88446426 55023951.45540981 55393863.06147806 55023909.10253918 55393750.920626804 55023877.40237997 55393667.36725455 55023855.0229061 55393590.73557551 55023831.51587462 55393540.42757501 55023816.57778424 55393496.40526787 55023800.35027611 55393459.035046935 55023793.12407545 55393429.035535246 55023785.29188905 55393407.17347643 55023767.24937554 55393384.46502604 55023759.44468424 55393361.821854375 55023752.13206289 55393330.2030114 55023735.61873708 55393290.513993084 55023719.917194664 55393243.65828458 55023694.69538342 55393180.23577477 55023669.27377755 55393100.64551936 55023622.376141004 55393004.83610548 55023581.72706118 55392882.107848175 55023524.047604345 55392730.66363416 55023454.45024618 55392557.363500945 55023366.080184504 55392356.97803047 55023279.25549319 55392131.44327002 55023181.24771998 55391898.81787977 55023085.06370734 55391672.14483766 55023008.66978082 55391497.86621143 55022954.26245944 55391403.9981587 55022957.196250424 55391478.06945756 55023055.37679116 55391824.78840182 55023299.045009494 55392583.451242074 55023771.146842584 55393945.829030484 55024568.85675597 55396173.91652171 55025806.86047358 55399608.96602185 55027663.19319215 55404681.92656637 55030348.281826995 55411936.63279724 55034118.89237259 55422036.562505975 55039277.80554826 55435757.54936513 55046150.99803392 55453997.66024715 55055083.81503567 55477747.25496391 55066407.786398 55507991.67879782 55080292.207804546 55545570.766068734 55096638.48354938 55591000.686263725 55114911.83444583 55644090.96188384 55133877.540603444 55703512.756710045 55151593.47225647 55766183.6856803 55166100.07150452 55827074.55099176 55178791.49636131 55880414.80293243 55204440.6140056 55929116.44960849 55290049.891653955 56000058.117580004 55542226.193584114 56254336.18939223 54128350.088110276 54053540.390012175 54414065.01822513 54316876.04211068 54519973.37199671 54475990.89887912 54590064.862728946 54602385.75198922 54646364.66658191 54719124.54061266 54700360.79699603 54830509.77110051 54752983.94218543 54934150.37764217 54802585.70323625 55027085.25489542 54847379.471948236 55107507.558302835 54886287.45239912 55174987.943972714 54918994.62153075 55230106.35216026 54945696.5218433 55274057.65158605 54966962.16575593 55308343.7948417 54983510.055783704 55334536.998647965 54996100.7291729 55354117.23187085 55005485.030006446 55368432.61623873 55012312.89589255 55378636.30766244 55017145.467250064 55385705.36946192 55020482.84545068 55390435.581914134 55022678.979053095 55393453.1077174 55024064.2963174 55395244.75222194 55024876.92930281 55396186.524463885 55025282.82274379 55396562.106395625 55025415.59025963 55396570.44423116 55025395.91318031 55396363.840405256 55025270.29638071 55396045.42881698 55025090.58712604 55395677.46115812 55024902.96048232 55395309.37273263 55024716.85780179 55394956.22257755 55024534.76218412 55394647.447651155 55024381.17920932 55394375.82939013 55024252.25765916 55394156.61591655 55024145.504986726 55393976.85272797 55024049.251966506 55393824.81642553 55023982.51064128 55393709.75425582 55023924.88148162 55393621.47565706 55023876.06073897 55393550.19649592 55023846.18963349 55393496.3345076 55023815.36176025 55393460.558119215 55023793.82086783 55393413.53373014 55023761.86391472 55393386.02435847 55023739.69147128 55393348.84125491 55023707.45891509 55393302.792040356 55023675.324321665 55393238.63097477 55023633.10257707 55393167.05955026 55023570.610439375 55393068.72845152 55023497.16946704 55392954.08647234 55023401.85168838 55392793.3342024 55023282.980126426 55392606.12245615 55023138.27187489 55392361.35747104 55022974.48275867 55392076.952881716 55022776.901674636 55391759.284372024 55022569.4821124 55391392.49490672 55022354.0303807 55390997.70099072 55022139.98035916 55390622.25603887 55021973.964520715 55390298.011265025 55021899.38243847 55390100.19024422 55021976.06758077 55390135.47183752 55022310.06560855 55390569.79325552 55023044.08928163 55391616.39268458 55024367.9941857 55393583.3046469 55026510.62426601 55396871.302967615 55029812.52621759 55401992.38723376 55034670.66646315 55409649.02822282 55041625.28155991 55420665.70607775 55051280.328625716 55436122.34895688 55064397.154276155 55457272.751608275 55081843.63187495 55485587.34198944 55104548.087920874 55522744.24717063 55133459.376280054 55570508.64790073 55169404.060251914 55630615.05992143 55212903.69446447 55704525.48331498 55263795.158224605 55792943.12243262 55320843.825304754 55895252.97671244 55381149.14652268 56008551.448835365 55439907.62145426 56126489.06275429 55491748.838900335 56238135.3804689 55539302.246338986 56332072.89661467 55617858.28535171 56412932.70551782 55840670.97897623 56635090.85108377 53718548.22537933 53534168.62525702 54006753.35903838 53826007.61549526 54132857.770250775 54031806.848393515 54243799.38343611 54222450.83556933 54351379.01785994 54408091.326624386 54458217.03483262 54584035.29953401 54559834.370765924 54743695.37441783 54652081.1495011 54883019.18239797 54732514.77999759 55000678.70290034 54800359.4546033 55097388.00619859 54856002.20190778 55174992.03127066 54900543.9994281 55235950.936420985 54935414.384195484 55282863.48643253 54962159.55773378 55318239.523354106 54982234.076380275 55344365.10144456 54996991.81085786 55363217.62319731 55007580.12123361 55376466.79431573 55014979.01968702 55385493.83201278 55019967.46592288 55391400.337314405 55023196.641592495 55395056.19235112 55025162.465509504 55397117.90925667 55026236.3195321 55398096.32931159 55026715.395036064 55398364.64882936 55026802.55177755 55398196.36574184 55026645.6430328 55397773.53582655 55026367.2212916 55397235.244184256 55026033.56740164 55396656.01555989 55025674.219135 55396094.650595665 55025341.35050303 55395583.38146321 55025039.15045535 55395136.83398974 55024773.44346931 55394751.553000525 55024551.40649406 55394445.43060879 55024371.08466794 55394187.14057082 55024221.15171169 55393986.27938309 55024110.91523998 55393832.70504068 55024019.87639895 55393706.582768135 55023947.92972902 55393618.22986283 55023895.0192866 55393548.21596706 55023851.2388965 55393497.0072625 55023806.6847708 55393445.118020736 55023771.405837655 55393403.2608958 55023735.50411584 55393351.94395456 55023689.03540115 55393291.77299928 55023631.95947018 55393223.45207173 55023563.9913415 55393127.5828448 55023474.89799059 55393004.765549414 55023354.051087074 55392835.50029483 55023200.67259876 55392630.08725984 55023013.63348648 55392368.580160804 55022781.30099981 55392040.587677196 55022511.67956912 55391644.925577484 55022202.00599112 55391189.371613264 55021848.834682435 55390660.12085314 55021477.871033125 55390091.19114505 55021113.94863304 55389513.583387494 55020800.90091209 55388974.39442815 55020621.625584066 55388575.28177331 55020668.346183725 55388451.344076484 55021102.97544573 55388798.958070025 55022137.79793634 55389914.04616309 55024066.64335077 55392179.78195841 55027266.84776303 55396124.36115165 55032261.82567146 55402458.9733964 55039705.06241538 55412086.38001796 55050415.62974403 55426160.2405239 55065415.72480339 55446126.46092115 55085920.26109579 55473746.72777995 55113359.643317394 55511105.8158705 55149354.87385907 55560633.52902477 55195615.43660732 55625013.12581308 55253819.136900656 55707047.17284573 55325393.562977046 55809445.02168265 55411063.0914979 55934366.81520451 55510256.99614718 56082689.28290348 55620207.87680902 56252922.17431322 55734798.42388344 56439475.797862016 55843529.85468201 56630005.83166688 55934786.32765378 56801736.67349621 56020809.84773646 56924606.064291514 56209232.04987545 57114208.53572175 53202841.65370202 52867596.18983275 53512920.30381736 53230141.63953974 53683696.21981529 53522648.48837071 53859904.36261402 53810655.42009071 54037805.78481538 54087491.47318733 54210296.45445508 54341062.06762095 54368610.898210414 54563447.79726594 54507646.11359865 54751916.82905744 54625555.05745889 54907299.28550599 54722739.66627517 55032464.68810199 54800946.184563085 55131198.88749578 54862532.9182456 55207564.6191576 54910045.62344997 55265497.269405074 54945984.03205541 55308570.26005746 54972616.58368829 55339899.81920464 54991906.55759362 55362152.183758385 55005533.59629397 55377503.99955687 55014881.02363212 55387715.52166356 55021050.56388431 55394185.37896258 55024905.58477568 55397996.64162025 55027132.66604884 55399973.6052808 55028242.57688061 55400709.60760711 55028610.36432424 55400674.91826872 55028505.307185456 55400175.244626224 55028140.60918312 55399440.452354364 55027632.964567296 55398603.42847657 55027081.83245301 55397769.47186767 55026539.359003186 55396995.64971792 55026039.4058561 55396310.11300944 55025597.666115716 55395711.87349415 55025220.88531203 55395220.58502165 55024906.92200645 55394816.28043453 55024654.260523416 55394499.05858143 55024451.868869394 55394249.38169465 55024299.20269621 55394057.56544557 55024175.86291252 55393904.028574415 55024081.69573378 55393799.23958812 55024006.64672708 55393713.615770504 55023950.662184685 55393647.52124899 55023903.83903959 55393601.41845081 55023866.07826695 55393545.666634545 55023817.33337039 55393490.72262865 55023757.56021349 55393427.04125535 55023686.46996218 55393345.17600746 55023593.776679985 55393225.57813731 55023469.097587295 55393078.848900594 55023311.902531914 55392885.53995072 55023101.36487089 55392626.05334042 55022846.60549799 55392290.89608497 55022526.54230326 55391880.026876315 55022149.88392611 55391373.21434579 55021705.2720547 55390779.43603477 55021191.12211754 55390076.68527363 55020646.054585494 55389301.322903186 55020078.77871442 55388477.789121866 55019568.61173856 55387657.508835085 55019185.797685295 55386957.90365064 55019082.2645515 55386521.31191473 55019442.33360973 55386593.21058237 55020544.12789485 55387500.60762417 55022781.103902675 55389699.85236931 55026664.28158789 55393844.33413767 55032875.16899265 55400782.03877162 55042299.312564686 55411623.34259794 55056071.13002753 55427818.8694985 55075579.68784917 55451178.460565455 55102545.962234125 55483950.90449244 55138991.10695868 55528866.16540105 55187276.48965731 55589150.01679242 55250013.632536106 55668482.01000573 55329924.644675404 55770948.49526448 55429640.59258224 55900801.55881425 55551276.2490621 56062087.778700545 55695713.9142625 56258034.872929655 55861539.023586325 56489911.0623014 56043328.478103325 56755163.211454645 56229120.188824505 57044169.62812796 56396097.45639081 57334534.913282596 56520148.89318346 57562833.04570928 56673560.377972566 57737509.68533636 52536233.58637637 51977845.582872294 52911497.49149777 52504409.65959036 53168567.75394983 52950265.62803765 53444319.4973905 53379697.94739453 53715202.55063457 53771896.382779956 53966416.81457699 54114576.60383846 54188061.21845934 54403990.591217555 54376565.0248449 54642152.29807249 54532373.92017241 54833924.598387554 54658126.67198532 54985348.922144786 54757529.243493535 55102724.594159804 54834565.40452675 55192033.37795874 54893132.3408169 55258712.99267217 54936781.210953735 55307469.8080298 54968637.61983529 55342306.848324195 54991336.147435576 55366532.574798 55007059.65464819 55382815.97801356 55017585.89827984 55393296.858180985 55024311.637009986 55399608.66390606 55028315.21233511 55403023.97842038 55030447.88157044 55404480.92818382 55031304.72366053 55404671.08722628 55031354.546368055 55404107.91847328 55030929.923385516 55403125.7208051 55030236.65232197 55401969.009017326 55029433.615738235 55400772.11611744 55028632.151151575 55399638.95773594 55027865.66978394 55398622.957860865 55027189.17212621 55397747.08085976 55026599.112083085 55397003.616025455 55026102.90890306 55396394.57014767 55025698.7074705 55395911.40824191 55025385.383268714 55395525.401547186 55025132.15099983 55395237.42083419 55024938.46727888 55395008.137233146 55024784.08342377 55394848.1196954 55024678.847917184 55394727.73460751 55024592.70898291 55394637.39671032 55024525.56523866 55394567.26620144 55024477.41557084 55394517.6017974 55024428.16181813 55394468.761577 55024367.608509175 55394410.94987837 55024305.61127716 55394344.47018909 55024221.78105098 55394249.77638779 55024105.78023174 55394127.22008989 55023967.02536957 55393957.455665536 55023764.886233695 55393730.93578634 55023518.58398272 55393428.367122546 55023187.19209186 55393040.35819478 55022789.87985168 55392547.472132705 55022295.71329233 55391930.02755581 55021713.7976067 55391188.15237423 55021033.76697541 55390301.13301456 55020275.72497635 55389297.571402535 55019470.72808441 55388184.38442808 55018681.36257145 55387016.662308775 55018002.61495856 55385916.52046595 55017602.48876089 55385022.15883995 55017683.757248215 55384586.3685838 55018595.31649549 55384975.09813499 55020784.388272375 55386715.22205894 55024869.33403704 55390502.22498026 55031702.61097852 55397317.50258711 55042355.00108262 55408465.19133598 55058259.935402915 55425619.08924291 55081169.15222737 55450949.376778126 55113298.57792262 55487179.637753524 55157285.29998116 55537664.46612633 55216294.78565457 55606448.251301564 55293908.74728818 55698295.05632647 55394092.595548 55818680.886527464 55521002.554607145 55973667.9283703 55678591.22968165 56169652.376328915 55869989.47628617 56412929.2269705 56096442.988315664 56708803.60760639 56355471.3060636 57060113.818675704 56637683.150344566 57464282.70733619 56920943.453224614 57907458.079569325 57144190.48408143 58348105.63447154 57281751.56745384 58601655.84448782 51628507.07066267 50689279.03971968 52172208.22437688 51616321.120937936 52586507.0168592 52324316.17899941 53008414.895522505 52949895.51923987 53397467.80356832 53480094.310288504 53739460.53533164 53919887.19163142 54029163.08730411 54277739.5170102 54268030.95496905 54564015.31796373 54460693.49048825 54789289.79974761 54613052.02910147 54963659.09739767 54731335.37791341 55096333.95535369 54821493.2244197 55195473.41552821 54888927.50970353 55268097.86202914 54938339.930414245 55320115.59059108 54973731.122528926 55356418.452816464 54998413.79245816 55380939.44017863 55015081.80935715 55396816.99711311 55025855.976379156 55406484.636596814 55032408.02723215 55411803.83396624 55036002.55857452 55414189.33180411 55037598.33248066 55414666.06303884 55037898.70055924 55413967.61944487 55037411.3943832 55412624.99204311 55036478.37222745 55410986.335328385 55035355.273383126 55409286.94082636 55034180.82759443 55407659.1678723 55033066.46116339 55406183.03425461 55032065.6582648 55404896.45826036 55031183.66814206 55403815.40213632 55030447.11150761 55402924.472705446 55029843.53928529 55402207.01805836 55029351.385459185 55401645.478588335 55028969.522882216 55401211.63784548 55028677.2661834 55400886.62160532 55028444.3230098 55400641.301435366 55028280.447909094 55400466.14251882 55028155.49390516 55400341.45681821 55028069.51095094 55400257.503789335 55028002.35127033 55400194.33956327 55027944.065069705 55400142.11946232 55027894.45551079 55400090.99781963 55027843.37606575 55400041.1278288 55027770.582691126 55399982.66214015 55027685.63370548 55399885.95545082 55027557.99087157 55399761.46253569 55027397.067244574 55399579.588729255 55027172.03076236 55399331.093116514 55026871.902313165 55398996.73642083 55026495.60511441 55398557.28130042 55026012.06426247 55397993.846893266 55025410.1551929 55397277.25393374 55024678.85138749 55396388.42983577 55023807.717066884 55395308.00689672 55022816.952761404 55394046.02123864 55021727.836281866 55392601.66421813 55020593.804232106 55391022.729298934 55019500.93689315 55389394.85907228 55018629.28020021 55387860.64064991 55018214.66060051 55386678.347590365 55018600.394300655 55386190.33041836 55020310.18024018 55386960.848843575 55024031.04232435 55389733.806539096 55030737.40985595 55395569.21989247 55041685.61088259 55405889.9905342 55058529.38622227 55422587.160078965 55083405.91672591 55448125.3124976 55118972.96509326 55485657.06147892 55168516.52205797 55539127.171784334 55236009.336359575 55613426.661683716 55326131.008554935 55714446.67969606 55444229.86432092 55849182.04059449 55596259.670902885 56025704.78883562 55788484.836063996 56253175.44784229 56027072.26916829 56541581.57398083 56317240.50757775 56901459.87173291 56661810.05415224 57343187.17262471 57058350.85809011 57875481.06719145 57493464.53932221 58501647.40238641 57927501.560004145 59208524.759557925 58146811.74106534 59967784.103753895
</DataArray>
</CellData>
</Piece>
</UnstructuredGrid>
</VTKFile>
