<?xml version="1.0"?>
<!-- forge presentation artifact, not evidence: {"case": "flagship", "execution": "625740852da5417ad4fc9859e646402d359abb8481f73080526490f3362b8904", "fields": {"displacement": "m", "temperature": "K", "von_mises": "Pa"}, "mesh_digest": "7668efb385175d26f565862fc2d083ac46209184fde30f8f53a5e8298bd552bb", "provider": "code_aster"} -->
<VTKFile type="UnstructuredGrid" version="0.1" byte_order="LittleEndian">
<UnstructuredGrid>
<Piece NumberOfPoints="1377" NumberOfCells="2560">
<Points>
<DataArray type="Float64" NumberOfComponents="3" format="ascii">
0.0 0.0 0.0 0.0025 0.0 0.0 0.005 0.0 0.0 0.0075 0.0 0.0 0.01 0.0 0.0 0.0125 0.0 0.0 0.015 0.0 0.0 0.0175 0.0 0.0 0.02 0.0 0.0 0.0225 0.0 0.0 0.025 0.0 0.0 0.0275 0.0 0.0 0.03 0.0 0.0 0.0325 0.0 0.0 0.035 0.0 0.0 0.0375 0.0 0.0 0.04 0.0 0.0 0.0425 0.0 0.0 0.045 0.0 0.0 0.0475 0.0 0.0 0.05 0.0 0.0 0.0525 0.0 0.0 0.055 0.0 0.0 0.0575 0.0 0.0 0.06 0.0 0.0 0.0625 0.0 0.0 0.065 0.0 0.0 0.0675 0.0 0.0 0.07 0.0 0.0 0.0725 0.0 0.0 0.075 0.0 0.0 0.0775 0.0 0.0 0.08 0.0 0.0 0.0825 0.0 0.0 0.085 0.0 0.0 0.08750000000000001 0.0 0.0 0.09 0.0 0.0 0.0925 0.0 0.0 0.095 0.0 0.0 0.0975 0.0 0.0 0.1 0.0 0.0 0.10250000000000001 0.0 0.0 0.105 0.0 0.0 0.1075 0.0 0.0 0.11 0.0 0.0 0.1125 0.0 0.0 0.115 0.0 0.0 0.11750000000000001 0.0 0.0 0.12 0.0 0.0 0.1225 0.0 0.0 0.125 0.0 0.0 0.1275 0.0 0.0 0.13 0.0 0.0 0.1325 0.0 0.0 0.135 0.0 0.0 0.1375 0.0 0.0 0.14 0.0 0.0 0.14250000000000002 0.0 0.0 0.145 0.0 0.0 0.1475 0.0 0.0 0.15 0.0 0.0 0.1525 0.0 0.0 0.155 0.0 0.0 0.1575 0.0 0.0 0.16 0.0 0.0 0.1625 0.0 0.0 0.165 0.0 0.0 0.1675 0.0 0.0 0.17 0.0 0.0 0.17250000000000001 0.0 0.0 0.17500000000000002 0.0 0.0 0.1775 0.0 0.0 0.18 0.0 0.0 0.1825 0.0 0.0 0.185 0.0 0.0 0.1875 0.0 0.0 0.19 0.0 0.0 0.1925 0.0 0.0 0.195 0.0 0.0 0.1975 0.0 0.0 0.2 0.0 0.0 0.0 0.00125 0.0 0.0025 0.00125 0.0 0.005 0.00125 0.0 0.0075 0.00125 0.0 0.01 0.00125 0.0 0.0125 0.00125 0.0 0.015 0.00125 0.0 0.0175 0.00125 0.0 0.02 0.00125 0.0 0.0225 0.00125 0.0 0.025 0.00125 0.0 0.0275 0.00125 0.0 0.03 0.00125 0.0 0.0325 0.00125 0.0 0.035 0.00125 0.0 0.0375 0.00125 0.0 0.04 0.00125 0.0 0.0425 0.00125 0.0 0.045 0.00125 0.0 0.0475 0.00125 0.0 0.05 0.00125 0.0 0.0525 0.00125 0.0 0.055 0.00125 0.0 0.0575 0.00125 0.0 0.06 0.00125 0.0 0.0625 0.00125 0.0 0.065 0.00125 0.0 0.0675 0.00125 0.0 0.07 0.00125 0.0 0.0725 0.00125 0.0 0.075 0.00125 0.0 0.0775 0.00125 0.0 0.08 0.00125 0.0 0.0825 0.00125 0.0 0.085 0.00125 0.0 0.08750000000000001 0.00125 0.0 0.09 0.00125 0.0 0.0925 0.00125 0.0 0.095 0.00125 0.0 0.0975 0.00125 0.0 0.1 0.00125 0.0 0.10250000000000001 0.00125 0.0 0.105 0.00125 0.0 0.1075 0.00125 0.0 0.11 0.00125 0.0 0.1125 0.00125 0.0 0.115 0.00125 0.0 0.11750000000000001 0.00125 0.0 0.12 0.00125 0.0 0.1225 0.00125 0.0 0.125 0.00125 0.0 0.1275 0.00125 0.0 0.13 0.00125 0.0 0.1325 0.00125 0.0 0.135 0.00125 0.0 0.1375 0.00125 0.0 0.14 0.00125 0.0 0.14250000000000002 0.00125 0.0 0.145 0.00125 0.0 0.1475 0.00125 0.0 0.15 0.00125 0.0 0.1525 0.00125 0.0 0.155 0.00125 0.0 0.1575 0.00125 0.0 0.16 0.00125 0.0 0.1625 0.00125 0.0 0.165 0.00125 0.0 0.1675 0.00125 0.0 0.17 0.00125 0.0 0.17250000000000001 0.00125 0.0 0.17500000000000002 0.00125 0.0 0.1775 0.00125 0.0 0.18 0.00125 0.0 0.1825 0.00125 0.0 0.185 0.00125 0.0 0.1875 0.00125 0.0 0.19 0.00125 0.0 0.1925 0.00125 0.0 0.195 0.00125 0.0 0.1975 0.00125 0.0 0.2 0.00125 0.0 0.0 0.0025 0.0 0.0025 0.0025 0.0 0.005 0.0025 0.0 0.0075 0.0025 0.0 0.01 0.0025 0.0 0.0125 0.0025 0.0 0.015 0.0025 0.0 0.0175 0.0025 0.0 0.02 0.0025 0.0 0.0225 0.0025 0.0 0.025 0.0025 0.0 0.0275 0.0025 0.0 0.03 0.0025 0.0 0.0325 0.0025 0.0 0.035 0.0025 0.0 0.0375 0.0025 0.0 0.04 0.0025 0.0 0.0425 0.0025 0.0 0.045 0.0025 0.0 0.0475 0.0025 0.0 0.05 0.0025 0.0 0.0525 0.0025 0.0 0.055 0.0025 0.0 0.0575 0.0025 0.0 0.06 0.0025 0.0 0.0625 0.0025 0.0 0.065 0.0025 0.0 0.0675 0.0025 0.0 0.07 0.0025 0.0 0.0725 0.0025 0.0 0.075 0.0025 0.0 0.0775 0.0025 0.0 0.08 0.0025 0.0 0.0825 0.0025 0.0 0.085 0.0025 0.0 0.08750000000000001 0.0025 0.0 0.09 0.0025 0.0 0.0925 0.0025 0.0 0.095 0.0025 0.0 0.0975 0.0025 0.0 0.1 0.0025 0.0 0.10250000000000001 0.0025 0.0 0.105 0.0025 0.0 0.1075 0.0025 0.0 0.11 0.0025 0.0 0.1125 0.0025 0.0 0.115 0.0025 0.0 0.11750000000000001 0.0025 0.0 0.12 0.0025 0.0 0.1225 0.0025 0.0 0.125 0.0025 0.0 0.1275 0.0025 0.0 0.13 0.0025 0.0 0.1325 0.0025 0.0 0.135 0.0025 0.0 0.1375 0.0025 0.0 0.14 0.0025 0.0 0.14250000000000002 0.0025 0.0 0.145 0.0025 0.0 0.1475 0.0025 0.0 0.15 0.0025 0.0 0.1525 0.0025 0.0 0.155 0.0025 0.0 0.1575 0.0025 0.0 0.16 0.0025 0.0 0.1625 0.0025 0.0 0.165 0.0025 0.0 0.1675 0.0025 0.0 0.17 0.0025 0.0 0.17250000000000001 0.0025 0.0 0.17500000000000002 0.0025 0.0 0.1775 0.0025 0.0 0.18 0.0025 0.0 0.1825 0.0025 0.0 0.185 0.0025 0.0 0.1875 0.0025 0.0 0.19 0.0025 0.0 0.1925 0.0025 0.0 0.195 0.0025 0.0 0.1975 0.0025 0.0 0.2 0.0025 0.0 0.0 0.00375 0.0 0.0025 0.00375 0.0 0.005 0.00375 0.0 0.0075 0.00375 0.0 0.01 0.00375 0.0 0.0125 0.00375 0.0 0.015 0.00375 0.0 0.0175 0.00375 0.0 0.02 0.00375 0.0 0.0225 0.00375 0.0 0.025 0.00375 0.0 0.0275 0.00375 0.0 0.03 0.00375 0.0 0.0325 0.00375 0.0 0.035 0.00375 0.0 0.0375 0.00375 0.0 0.04 0.00375 0.0 0.0425 0.00375 0.0 0.045 0.00375 0.0 0.0475 0.00375 0.0 0.05 0.00375 0.0 0.0525 0.00375 0.0 0.055 0.00375 0.0 0.0575 0.00375 0.0 0.06 0.00375 0.0 0.0625 0.00375 0.0 0.065 0.00375 0.0 0.0675 0.00375 0.0 0.07 0.00375 0.0 0.0725 0.00375 0.0 0.075 0.00375 0.0 0.0775 0.00375 0.0 0.08 0.00375 0.0 0.0825 0.00375 0.0 0.085 0.00375 0.0 0.08750000000000001 0.00375 0.0 0.09 0.00375 0.0 0.0925 0.00375 0.0 0.095 0.00375 0.0 0.0975 0.00375 0.0 0.1 0.00375 0.0 0.10250000000000001 0.00375 0.0 0.105 0.00375 0.0 0.1075 0.00375 0.0 0.11 0.00375 0.0 0.1125 0.00375 0.0 0.115 0.00375 0.0 0.11750000000000001 0.00375 0.0 0.12 0.00375 0.0 0.1225 0.00375 0.0 0.125 0.00375 0.0 0.1275 0.00375 0.0 0.13 0.00375 0.0 0.1325 0.00375 0.0 0.135 0.00375 0.0 0.1375 0.00375 0.0 0.14 0.00375 0.0 0.14250000000000002 0.00375 0.0 0.145 0.00375 0.0 0.1475 0.00375 0.0 0.15 0.00375 0.0 0.1525 0.00375 0.0 0.155 0.00375 0.0 0.1575 0.00375 0.0 0.16 0.00375 0.0 0.1625 0.00375 0.0 0.165 0.00375 0.0 0.1675 0.00375 0.0 0.17 0.00375 0.0 0.17250000000000001 0.00375 0.0 0.17500000000000002 0.00375 0.0 0.1775 0.00375 0.0 0.18 0.00375 0.0 0.1825 0.00375 0.0 0.185 0.00375 0.0 0.1875 0.00375 0.0 0.19 0.00375 0.0 0.1925 0.00375 0.0 0.195 0.00375 0.0 0.1975 0.00375 0.0 0.2 0.00375 0.0 0.0 0.005 0.0 0.0025 0.005 0.0 0.005 0.005 0.0 0.0075 0.005 0.0 0.01 0.005 0.0 0.0125 0.005 0.0 0.015 0.005 0.0 0.0175 0.005 0.0 0.02 0.005 0.0 0.0225 0.005 0.0 0.025 0.005 0.0 0.0275 0.005 0.0 0.03 0.005 0.0 0.0325 0.005 0.0 0.035 0.005 0.0 0.0375 0.005 0.0 0.04 0.005 0.0 0.0425 0.005 0.0 0.045 0.005 0.0 0.0475 0.005 0.0 0.05 0.005 0.0 0.0525 0.005 0.0 0.055 0.005 0.0 0.0575 0.005 0.0 0.06 0.005 0.0 0.0625 0.005 0.0 0.065 0.005 0.0 0.0675 0.005 0.0 0.07 0.005 0.0 0.0725 0.005 0.0 0.075 0.005 0.0 0.0775 0.005 0.0 0.08 0.005 0.0 0.0825 0.005 0.0 0.085 0.005 0.0 0.08750000000000001 0.005 0.0 0.09 0.005 0.0 0.0925 0.005 0.0 0.095 0.005 0.0 0.0975 0.005 0.0 0.1 0.005 0.0 0.10250000000000001 0.005 0.0 0.105 0.005 0.0 0.1075 0.005 0.0 0.11 0.005 0.0 0.1125 0.005 0.0 0.115 0.005 0.0 0.11750000000000001 0.005 0.0 0.12 0.005 0.0 0.1225 0.005 0.0 0.125 0.005 0.0 0.1275 0.005 0.0 0.13 0.005 0.0 0.1325 0.005 0.0 0.135 0.005 0.0 0.1375 0.005 0.0 0.14 0.005 0.0 0.14250000000000002 0.005 0.0 0.145 0.005 0.0 0.1475 0.005 0.0 0.15 0.005 0.0 0.1525 0.005 0.0 0.155 0.005 0.0 0.1575 0.005 0.0 0.16 0.005 0.0 0.1625 0.005 0.0 0.165 0.005 0.0 0.1675 0.005 0.0 0.17 0.005 0.0 0.17250000000000001 0.005 0.0 0.17500000000000002 0.005 0.0 0.1775 0.005 0.0 0.18 0.005 0.0 0.1825 0.005 0.0 0.185 0.005 0.0 0.1875 0.005 0.0 0.19 0.005 0.0 0.1925 0.005 0.0 0.195 0.005 0.0 0.1975 0.005 0.0 0.2 0.005 0.0 0.0 0.00625 0.0 0.0025 0.00625 0.0 0.005 0.00625 0.0 0.0075 0.00625 0.0 0.01 0.00625 0.0 0.0125 0.00625 0.0 0.015 0.00625 0.0 0.0175 0.00625 0.0 0.02 0.00625 0.0 0.0225 0.00625 0.0 0.025 0.00625 0.0 0.0275 0.00625 0.0 0.03 0.00625 0.0 0.0325 0.00625 0.0 0.035 0.00625 0.0 0.0375 0.00625 0.0 0.04 0.00625 0.0 0.0425 0.00625 0.0 0.045 0.00625 0.0 0.0475 0.00625 0.0 0.05 0.00625 0.0 0.0525 0.00625 0.0 0.055 0.00625 0.0 0.0575 0.00625 0.0 0.06 0.00625 0.0 0.0625 0.00625 0.0 0.065 0.00625 0.0 0.0675 0.00625 0.0 0.07 0.00625 0.0 0.0725 0.00625 0.0 0.075 0.00625 0.0 0.0775 0.00625 0.0 0.08 0.00625 0.0 0.0825 0.00625 0.0 0.085 0.00625 0.0 0.08750000000000001 0.00625 0.0 0.09 0.00625 0.0 0.0925 0.00625 0.0 0.095 0.00625 0.0 0.0975 0.00625 0.0 0.1 0.00625 0.0 0.10250000000000001 0.00625 0.0 0.105 0.00625 0.0 0.1075 0.00625 0.0 0.11 0.00625 0.0 0.1125 0.00625 0.0 0.115 0.00625 0.0 0.11750000000000001 0.00625 0.0 0.12 0.00625 0.0 0.1225 0.00625 0.0 0.125 0.00625 0.0 0.1275 0.00625 0.0 0.13 0.00625 0.0 0.1325 0.00625 0.0 0.135 0.00625 0.0 0.1375 0.00625 0.0 0.14 0.00625 0.0 0.14250000000000002 0.00625 0.0 0.145 0.00625 0.0 0.1475 0.00625 0.0 0.15 0.00625 0.0 0.1525 0.00625 0.0 0.155 0.00625 0.0 0.1575 0.00625 0.0 0.16 0.00625 0.0 0.1625 0.00625 0.0 0.165 0.00625 0.0 0.1675 0.00625 0.0 0.17 0.00625 0.0 0.17250000000000001 0.00625 0.0 0.17500000000000002 0.00625 0.0 0.1775 0.00625 0.0 0.18 0.00625 0.0 0.1825 0.00625 0.0 0.185 0.00625 0.0 0.1875 0.00625 0.0 0.19 0.00625 0.0 0.1925 0.00625 0.0 0.195 0.00625 0.0 0.1975 0.00625 0.0 0.2 0.00625 0.0 0.0 0.0075 0.0 0.0025 0.0075 0.0 0.005 0.0075 0.0 0.0075 0.0075 0.0 0.01 0.0075 0.0 0.0125 0.0075 0.0 0.015 0.0075 0.0 0.0175 0.0075 0.0 0.02 0.0075 0.0 0.0225 0.0075 0.0 0.025 0.0075 0.0 0.0275 0.0075 0.0 0.03 0.0075 0.0 0.0325 0.0075 0.0 0.035 0.0075 0.0 0.0375 0.0075 0.0 0.04 0.0075 0.0 0.0425 0.0075 0.0 0.045 0.0075 0.0 0.0475 0.0075 0.0 0.05 0.0075 0.0 0.0525 0.0075 0.0 0.055 0.0075 0.0 0.0575 0.0075 0.0 0.06 0.0075 0.0 0.0625 0.0075 0.0 0.065 0.0075 0.0 0.0675 0.0075 0.0 0.07 0.0075 0.0 0.0725 0.0075 0.0 0.075 0.0075 0.0 0.0775 0.0075 0.0 0.08 0.0075 0.0 0.0825 0.0075 0.0 0.085 0.0075 0.0 0.08750000000000001 0.0075 0.0 0.09 0.0075 0.0 0.0925 0.0075 0.0 0.095 0.0075 0.0 0.0975 0.0075 0.0 0.1 0.0075 0.0 0.10250000000000001 0.0075 0.0 0.105 0.0075 0.0 0.1075 0.0075 0.0 0.11 0.0075 0.0 0.1125 0.0075 0.0 0.115 0.0075 0.0 0.11750000000000001 0.0075 0.0 0.12 0.0075 0.0 0.1225 0.0075 0.0 0.125 0.0075 0.0 0.1275 0.0075 0.0 0.13 0.0075 0.0 0.1325 0.0075 0.0 0.135 0.0075 0.0 0.1375 0.0075 0.0 0.14 0.0075 0.0 0.14250000000000002 0.0075 0.0 0.145 0.0075 0.0 0.1475 0.0075 0.0 0.15 0.0075 0.0 0.1525 0.0075 0.0 0.155 0.0075 0.0 0.1575 0.0075 0.0 0.16 0.0075 0.0 0.1625 0.0075 0.0 0.165 0.0075 0.0 0.1675 0.0075 0.0 0.17 0.0075 0.0 0.17250000000000001 0.0075 0.0 0.17500000000000002 0.0075 0.0 0.1775 0.0075 0.0 0.18 0.0075 0.0 0.1825 0.0075 0.0 0.185 0.0075 0.0 0.1875 0.0075 0.0 0.19 0.0075 0.0 0.1925 0.0075 0.0 0.195 0.0075 0.0 0.1975 0.0075 0.0 0.2 0.0075 0.0 0.0 0.00875 0.0 0.0025 0.00875 0.0 0.005 0.00875 0.0 0.0075 0.00875 0.0 0.01 0.00875 0.0 0.0125 0.00875 0.0 0.015 0.00875 0.0 0.0175 0.00875 0.0 0.02 0.00875 0.0 0.0225 0.00875 0.0 0.025 0.00875 0.0 0.0275 0.00875 0.0 0.03 0.00875 0.0 0.0325 0.00875 0.0 0.035 0.00875 0.0 0.0375 0.00875 0.0 0.04 0.00875 0.0 0.0425 0.00875 0.0 0.045 0.00875 0.0 0.0475 0.00875 0.0 0.05 0.00875 0.0 0.0525 0.00875 0.0 0.055 0.00875 0.0 0.0575 0.00875 0.0 0.06 0.00875 0.0 0.0625 0.00875 0.0 0.065 0.00875 0.0 0.0675 0.00875 0.0 0.07 0.00875 0.0 0.0725 0.00875 0.0 0.075 0.00875 0.0 0.0775 0.00875 0.0 0.08 0.00875 0.0 0.0825 0.00875 0.0 0.085 0.00875 0.0 0.08750000000000001 0.00875 0.0 0.09 0.00875 0.0 0.0925 0.00875 0.0 0.095 0.00875 0.0 0.0975 0.00875 0.0 0.1 0.00875 0.0 0.10250000000000001 0.00875 0.0 0.105 0.00875 0.0 0.1075 0.00875 0.0 0.11 0.00875 0.0 0.1125 0.00875 0.0 0.115 0.00875 0.0 0.11750000000000001 0.00875 0.0 0.12 0.00875 0.0 0.1225 0.00875 0.0 0.125 0.00875 0.0 0.1275 0.00875 0.0 0.13 0.00875 0.0 0.1325 0.00875 0.0 0.135 0.00875 0.0 0.1375 0.00875 0.0 0.14 0.00875 0.0 0.14250000000000002 0.00875 0.0 0.145 0.00875 0.0 0.1475 0.00875 0.0 0.15 0.00875 0.0 0.1525 0.00875 0.0 0.155 0.00875 0.0 0.1575 0.00875 0.0 0.16 0.00875 0.0 0.1625 0.00875 0.0 0.165 0.00875 0.0 0.1675 0.00875 0.0 0.17 0.00875 0.0 0.17250000000000001 0.00875 0.0 0.17500000000000002 0.00875 0.0 0.1775 0.00875 0.0 0.18 0.00875 0.0 0.1825 0.00875 0.0 0.185 0.00875 0.0 0.1875 0.00875 0.0 0.19 0.00875 0.0 0.1925 0.00875 0.0 0.195 0.00875 0.0 0.1975 0.00875 0.0 0.2 0.00875 0.0 0.0 0.01 0.0 0.0025 0.01 0.0 0.005 0.01 0.0 0.0075 0.01 0.0 0.01 0.01 0.0 0.0125 0.01 0.0 0.015 0.01 0.0 0.0175 0.01 0.0 0.02 0.01 0.0 0.0225 0.01 0.0 0.025 0.01 0.0 0.0275 0.01 0.0 0.03 0.01 0.0 0.0325 0.01 0.0 0.035 0.01 0.0 0.0375 0.01 0.0 0.04 0.01 0.0 0.0425 0.01 0.0 0.045 0.01 0.0 0.0475 0.01 0.0 0.05 0.01 0.0 0.0525 0.01 0.0 0.055 0.01 0.0 0.0575 0.01 0.0 0.06 0.01 0.0 0.0625 0.01 0.0 0.065 0.01 0.0 0.0675 0.01 0.0 0.07 0.01 0.0 0.0725 0.01 0.0 0.075 0.01 0.0 0.0775 0.01 0.0 0.08 0.01 0.0 0.0825 0.01 0.0 0.085 0.01 0.0 0.08750000000000001 0.01 0.0 0.09 0.01 0.0 0.0925 0.01 0.0 0.095 0.01 0.0 0.0975 0.01 0.0 0.1 0.01 0.0 0.10250000000000001 0.01 0.0 0.105 0.01 0.0 0.1075 0.01 0.0 0.11 0.01 0.0 0.1125 0.01 0.0 0.115 0.01 0.0 0.11750000000000001 0.01 0.0 0.12 0.01 0.0 0.1225 0.01 0.0 0.125 0.01 0.0 0.1275 0.01 0.0 0.13 0.01 0.0 0.1325 0.01 0.0 0.135 0.01 0.0 0.1375 0.01 0.0 0.14 0.01 0.0 0.14250000000000002 0.01 0.0 0.145 0.01 0.0 0.1475 0.01 0.0 0.15 0.01 0.0 0.1525 0.01 0.0 0.155 0.01 0.0 0.1575 0.01 0.0 0.16 0.01 0.0 0.1625 0.01 0.0 0.165 0.01 0.0 0.1675 0.01 0.0 0.17 0.01 0.0 0.17250000000000001 0.01 0.0 0.17500000000000002 0.01 0.0 0.1775 0.01 0.0 0.18 0.01 0.0 0.1825 0.01 0.0 0.185 0.01 0.0 0.1875 0.01 0.0 0.19 0.01 0.0 0.1925 0.01 0.0 0.195 0.01 0.0 0.1975 0.01 0.0 0.2 0.01 0.0 0.0 0.01125 0.0 0.0025 0.01125 0.0 0.005 0.01125 0.0 0.0075 0.01125 0.0 0.01 0.01125 0.0 0.0125 0.01125 0.0 0.015 0.01125 0.0 0.0175 0.01125 0.0 0.02 0.01125 0.0 0.0225 0.01125 0.0 0.025 0.01125 0.0 0.0275 0.01125 0.0 0.03 0.01125 0.0 0.0325 0.01125 0.0 0.035 0.01125 0.0 0.0375 0.01125 0.0 0.04 0.01125 0.0 0.0425 0.01125 0.0 0.045 0.01125 0.0 0.0475 0.01125 0.0 0.05 0.01125 0.0 0.0525 0.01125 0.0 0.055 0.01125 0.0 0.0575 0.01125 0.0 0.06 0.01125 0.0 0.0625 0.01125 0.0 0.065 0.01125 0.0 0.0675 0.01125 0.0 0.07 0.01125 0.0 0.0725 0.01125 0.0 0.075 0.01125 0.0 0.0775 0.01125 0.0 0.08 0.01125 0.0 0.0825 0.01125 0.0 0.085 0.01125 0.0 0.08750000000000001 0.01125 0.0 0.09 0.01125 0.0 0.0925 0.01125 0.0 0.095 0.01125 0.0 0.0975 0.01125 0.0 0.1 0.01125 0.0 0.10250000000000001 0.01125 0.0 0.105 0.01125 0.0 0.1075 0.01125 0.0 0.11 0.01125 0.0 0.1125 0.01125 0.0 0.115 0.01125 0.0 0.11750000000000001 0.01125 0.0 0.12 0.01125 0.0 0.1225 0.01125 0.0 0.125 0.01125 0.0 0.1275 0.01125 0.0 0.13 0.01125 0.0 0.1325 0.01125 0.0 0.135 0.01125 0.0 0.1375 0.01125 0.0 0.14 0.01125 0.0 0.14250000000000002 0.01125 0.0 0.145 0.01125 0.0 0.1475 0.01125 0.0 0.15 0.01125 0.0 0.1525 0.01125 0.0 0.155 0.01125 0.0 0.1575 0.01125 0.0 0.16 0.01125 0.0 0.1625 0.01125 0.0 0.165 0.01125 0.0 0.1675 0.01125 0.0 0.17 0.01125 0.0 0.17250000000000001 0.01125 0.0 0.17500000000000002 0.01125 0.0 0.1775 0.01125 0.0 0.18 0.01125 0.0 0.1825 0.01125 0.0 0.185 0.01125 0.0 0.1875 0.01125 0.0 0.19 0.01125 0.0 0.1925 0.01125 0.0 0.195 0.01125 0.0 0.1975 0.01125 0.0 0.2 0.01125 0.0 0.0 0.0125 0.0 0.0025 0.0125 0.0 0.005 0.0125 0.0 0.0075 0.0125 0.0 0.01 0.0125 0.0 0.0125 0.0125 0.0 0.015 0.0125 0.0 0.0175 0.0125 0.0 0.02 0.0125 0.0 0.0225 0.0125 0.0 0.025 0.0125 0.0 0.0275 0.0125 0.0 0.03 0.0125 0.0 0.0325 0.0125 0.0 0.035 0.0125 0.0 0.0375 0.0125 0.0 0.04 0.0125 0.0 0.0425 0.0125 0.0 0.045 0.0125 0.0 0.0475 0.0125 0.0 0.05 0.0125 0.0 0.0525 0.0125 0.0 0.055 0.0125 0.0 0.0575 0.0125 0.0 0.06 0.0125 0.0 0.0625 0.0125 0.0 0.065 0.0125 0.0 0.0675 0.0125 0.0 0.07 0.0125 0.0 0.0725 0.0125 0.0 0.075 0.0125 0.0 0.0775 0.0125 0.0 0.08 0.0125 0.0 0.0825 0.0125 0.0 0.085 0.0125 0.0 0.08750000000000001 0.0125 0.0 0.09 0.0125 0.0 0.0925 0.0125 0.0 0.095 0.0125 0.0 0.0975 0.0125 0.0 0.1 0.0125 0.0 0.10250000000000001 0.0125 0.0 0.105 0.0125 0.0 0.1075 0.0125 0.0 0.11 0.0125 0.0 0.1125 0.0125 0.0 0.115 0.0125 0.0 0.11750000000000001 0.0125 0.0 0.12 0.0125 0.0 0.1225 0.0125 0.0 0.125 0.0125 0.0 0.1275 0.0125 0.0 0.13 0.0125 0.0 0.1325 0.0125 0.0 0.135 0.0125 0.0 0.1375 0.0125 0.0 0.14 0.0125 0.0 0.14250000000000002 0.0125 0.0 0.145 0.0125 0.0 0.1475 0.0125 0.0 0.15 0.0125 0.0 0.1525 0.0125 0.0 0.155 0.0125 0.0 0.1575 0.0125 0.0 0.16 0.0125 0.0 0.1625 0.0125 0.0 0.165 0.0125 0.0 0.1675 0.0125 0.0 0.17 0.0125 0.0 0.17250000000000001 0.0125 0.0 0.17500000000000002 0.0125 0.0 0.1775 0.0125 0.0 0.18 0.0125 0.0 0.1825 0.0125 0.0 0.185 0.0125 0.0 0.1875 0.0125 0.0 0.19 0.0125 0.0 0.1925 0.0125 0.0 0.195 0.0125 0.0 0.1975 0.0125 0.0 0.2 0.0125 0.0 0.0 0.01375 0.0 0.0025 0.01375 0.0 0.005 0.01375 0.0 0.0075 0.01375 0.0 0.01 0.01375 0.0 0.0125 0.01375 0.0 0.015 0.01375 0.0 0.0175 0.01375 0.0 0.02 0.01375 0.0 0.0225 0.01375 0.0 0.025 0.01375 0.0 0.0275 0.01375 0.0 0.03 0.01375 0.0 0.0325 0.01375 0.0 0.035 0.01375 0.0 0.0375 0.01375 0.0 0.04 0.01375 0.0 0.0425 0.01375 0.0 0.045 0.01375 0.0 0.0475 0.01375 0.0 0.05 0.01375 0.0 0.0525 0.01375 0.0 0.055 0.01375 0.0 0.0575 0.01375 0.0 0.06 0.01375 0.0 0.0625 0.01375 0.0 0.065 0.01375 0.0 0.0675 0.01375 0.0 0.07 0.01375 0.0 0.0725 0.01375 0.0 0.075 0.01375 0.0 0.0775 0.01375 0.0 0.08 0.01375 0.0 0.0825 0.01375 0.0 0.085 0.01375 0.0 0.08750000000000001 0.01375 0.0 0.09 0.01375 0.0 0.0925 0.01375 0.0 0.095 0.01375 0.0 0.0975 0.01375 0.0 0.1 0.01375 0.0 0.10250000000000001 0.01375 0.0 0.105 0.01375 0.0 0.1075 0.01375 0.0 0.11 0.01375 0.0 0.1125 0.01375 0.0 0.115 0.01375 0.0 0.11750000000000001 0.01375 0.0 0.12 0.01375 0.0 0.1225 0.01375 0.0 0.125 0.01375 0.0 0.1275 0.01375 0.0 0.13 0.01375 0.0 0.1325 0.01375 0.0 0.135 0.01375 0.0 0.1375 0.01375 0.0 0.14 0.01375 0.0 0.14250000000000002 0.01375 0.0 0.145 0.01375 0.0 0.1475 0.01375 0.0 0.15 0.01375 0.0 0.1525 0.01375 0.0 0.155 0.01375 0.0 0.1575 0.01375 0.0 0.16 0.01375 0.0 0.1625 0.01375 0.0 0.165 0.01375 0.0 0.1675 0.01375 0.0 0.17 0.01375 0.0 0.17250000000000001 0.01375 0.0 0.17500000000000002 0.01375 0.0 0.1775 0.01375 0.0 0.18 0.01375 0.0 0.1825 0.01375 0.0 0.185 0.01375 0.0 0.1875 0.01375 0.0 0.19 0.01375 0.0 0.1925 0.01375 0.0 0.195 0.01375 0.0 0.1975 0.01375 0.0 0.2 0.01375 0.0 0.0 0.015 0.0 0.0025 0.015 0.0 0.005 0.015 0.0 0.0075 0.015 0.0 0.01 0.015 0.0 0.0125 0.015 0.0 0.015 0.015 0.0 0.0175 0.015 0.0 0.02 0.015 0.0 0.0225 0.015 0.0 0.025 0.015 0.0 0.0275 0.015 0.0 0.03 0.015 0.0 0.0325 0.015 0.0 0.035 0.015 0.0 0.0375 0.015 0.0 0.04 0.015 0.0 0.0425 0.015 0.0 0.045 0.015 0.0 0.0475 0.015 0.0 0.05 0.015 0.0 0.0525 0.015 0.0 0.055 0.015 0.0 0.0575 0.015 0.0 0.06 0.015 0.0 0.0625 0.015 0.0 0.065 0.015 0.0 0.0675 0.015 0.0 0.07 0.015 0.0 0.0725 0.015 0.0 0.075 0.015 0.0 0.0775 0.015 0.0 0.08 0.015 0.0 0.0825 0.015 0.0 0.085 0.015 0.0 0.08750000000000001 0.015 0.0 0.09 0.015 0.0 0.0925 0.015 0.0 0.095 0.015 0.0 0.0975 0.015 0.0 0.1 0.015 0.0 0.10250000000000001 0.015 0.0 0.105 0.015 0.0 0.1075 0.015 0.0 0.11 0.015 0.0 0.1125 0.015 0.0 0.115 0.015 0.0 0.11750000000000001 0.015 0.0 0.12 0.015 0.0 0.1225 0.015 0.0 0.125 0.015 0.0 0.1275 0.015 0.0 0.13 0.015 0.0 0.1325 0.015 0.0 0.135 0.015 0.0 0.1375 0.015 0.0 0.14 0.015 0.0 0.14250000000000002 0.015 0.0 0.145 0.015 0.0 0.1475 0.015 0.0 0.15 0.015 0.0 0.1525 0.015 0.0 0.155 0.015 0.0 0.1575 0.015 0.0 0.16 0.015 0.0 0.1625 0.015 0.0 0.165 0.015 0.0 0.1675 0.015 0.0 0.17 0.015 0.0 0.17250000000000001 0.015 0.0 0.17500000000000002 0.015 0.0 0.1775 0.015 0.0 0.18 0.015 0.0 0.1825 0.015 0.0 0.185 0.015 0.0 0.1875 0.015 0.0 0.19 0.015 0.0 0.1925 0.015 0.0 0.195 0.015 0.0 0.1975 0.015 0.0 0.2 0.015 0.0 0.0 0.01625 0.0 0.0025 0.01625 0.0 0.005 0.01625 0.0 0.0075 0.01625 0.0 0.01 0.01625 0.0 0.0125 0.01625 0.0 0.015 0.01625 0.0 0.0175 0.01625 0.0 0.02 0.01625 0.0 0.0225 0.01625 0.0 0.025 0.01625 0.0 0.0275 0.01625 0.0 0.03 0.01625 0.0 0.0325 0.01625 0.0 0.035 0.01625 0.0 0.0375 0.01625 0.0 0.04 0.01625 0.0 0.0425 0.01625 0.0 0.045 0.01625 0.0 0.0475 0.01625 0.0 0.05 0.01625 0.0 0.0525 0.01625 0.0 0.055 0.01625 0.0 0.0575 0.01625 0.0 0.06 0.01625 0.0 0.0625 0.01625 0.0 0.065 0.01625 0.0 0.0675 0.01625 0.0 0.07 0.01625 0.0 0.0725 0.01625 0.0 0.075 0.01625 0.0 0.0775 0.01625 0.0 0.08 0.01625 0.0 0.0825 0.01625 0.0 0.085 0.01625 0.0 0.08750000000000001 0.01625 0.0 0.09 0.01625 0.0 0.0925 0.01625 0.0 0.095 0.01625 0.0 0.0975 0.01625 0.0 0.1 0.01625 0.0 0.10250000000000001 0.01625 0.0 0.105 0.01625 0.0 0.1075 0.01625 0.0 0.11 0.01625 0.0 0.1125 0.01625 0.0 0.115 0.01625 0.0 0.11750000000000001 0.01625 0.0 0.12 0.01625 0.0 0.1225 0.01625 0.0 0.125 0.01625 0.0 0.1275 0.01625 0.0 0.13 0.01625 0.0 0.1325 0.01625 0.0 0.135 0.01625 0.0 0.1375 0.01625 0.0 0.14 0.01625 0.0 0.14250000000000002 0.01625 0.0 0.145 0.01625 0.0 0.1475 0.01625 0.0 0.15 0.01625 0.0 0.1525 0.01625 0.0 0.155 0.01625 0.0 0.1575 0.01625 0.0 0.16 0.01625 0.0 0.1625 0.01625 0.0 0.165 0.01625 0.0 0.1675 0.01625 0.0 0.17 0.01625 0.0 0.17250000000000001 0.01625 0.0 0.17500000000000002 0.01625 0.0 0.1775 0.01625 0.0 0.18 0.01625 0.0 0.1825 0.01625 0.0 0.185 0.01625 0.0 0.1875 0.01625 0.0 0.19 0.01625 0.0 0.1925 0.01625 0.0 0.195 0.01625 0.0 0.1975 0.01625 0.0 0.2 0.01625 0.0 0.0 0.0175 0.0 0.0025 0.0175 0.0 0.005 0.0175 0.0 0.0075 0.0175 0.0 0.01 0.0175 0.0 0.0125 0.0175 0.0 0.015 0.0175 0.0 0.0175 0.0175 0.0 0.02 0.0175 0.0 0.0225 0.0175 0.0 0.025 0.0175 0.0 0.0275 0.0175 0.0 0.03 0.0175 0.0 0.0325 0.0175 0.0 0.035 0.0175 0.0 0.0375 0.0175 0.0 0.04 0.0175 0.0 0.0425 0.0175 0.0 0.045 0.0175 0.0 0.0475 0.0175 0.0 0.05 0.0175 0.0 0.0525 0.0175 0.0 0.055 0.0175 0.0 0.0575 0.0175 0.0 0.06 0.0175 0.0 0.0625 0.0175 0.0 0.065 0.0175 0.0 0.0675 0.0175 0.0 0.07 0.0175 0.0 0.0725 0.0175 0.0 0.075 0.0175 0.0 0.0775 0.0175 0.0 0.08 0.0175 0.0 0.0825 0.0175 0.0 0.085 0.0175 0.0 0.08750000000000001 0.0175 0.0 0.09 0.0175 0.0 0.0925 0.0175 0.0 0.095 0.0175 0.0 0.0975 0.0175 0.0 0.1 0.0175 0.0 0.10250000000000001 0.0175 0.0 0.105 0.0175 0.0 0.1075 0.0175 0.0 0.11 0.0175 0.0 0.1125 0.0175 0.0 0.115 0.0175 0.0 0.11750000000000001 0.0175 0.0 0.12 0.0175 0.0 0.1225 0.0175 0.0 0.125 0.0175 0.0 0.1275 0.0175 0.0 0.13 0.0175 0.0 0.1325 0.0175 0.0 0.135 0.0175 0.0 0.1375 0.0175 0.0 0.14 0.0175 0.0 0.14250000000000002 0.0175 0.0 0.145 0.0175 0.0 0.1475 0.0175 0.0 0.15 0.0175 0.0 0.1525 0.0175 0.0 0.155 0.0175 0.0 0.1575 0.0175 0.0 0.16 0.0175 0.0 0.1625 0.0175 0.0 0.165 0.0175 0.0 0.1675 0.0175 0.0 0.17 0.0175 0.0 0.17250000000000001 0.0175 0.0 0.17500000000000002 0.0175 0.0 0.1775 0.0175 0.0 0.18 0.0175 0.0 0.1825 0.0175 0.0 0.185 0.0175 0.0 0.1875 0.0175 0.0 0.19 0.0175 0.0 0.1925 0.0175 0.0 0.195 0.0175 0.0 0.1975 0.0175 0.0 0.2 0.0175 0.0 0.0 0.01875 0.0 0.0025 0.01875 0.0 0.005 0.01875 0.0 0.0075 0.01875 0.0 0.01 0.01875 0.0 0.0125 0.01875 0.0 0.015 0.01875 0.0 0.0175 0.01875 0.0 0.02 0.01875 0.0 0.0225 0.01875 0.0 0.025 0.01875 0.0 0.0275 0.01875 0.0 0.03 0.01875 0.0 0.0325 0.01875 0.0 0.035 0.01875 0.0 0.0375 0.01875 0.0 0.04 0.01875 0.0 0.0425 0.01875 0.0 0.045 0.01875 0.0 0.0475 0.01875 0.0 0.05 0.01875 0.0 0.0525 0.01875 0.0 0.055 0.01875 0.0 0.0575 0.01875 0.0 0.06 0.01875 0.0 0.0625 0.01875 0.0 0.065 0.01875 0.0 0.0675 0.01875 0.0 0.07 0.01875 0.0 0.0725 0.01875 0.0 0.075 0.01875 0.0 0.0775 0.01875 0.0 0.08 0.01875 0.0 0.0825 0.01875 0.0 0.085 0.01875 0.0 0.08750000000000001 0.01875 0.0 0.09 0.01875 0.0 0.0925 0.01875 0.0 0.095 0.01875 0.0 0.0975 0.01875 0.0 0.1 0.01875 0.0 0.10250000000000001 0.01875 0.0 0.105 0.01875 0.0 0.1075 0.01875 0.0 0.11 0.01875 0.0 0.1125 0.01875 0.0 0.115 0.01875 0.0 0.11750000000000001 0.01875 0.0 0.12 0.01875 0.0 0.1225 0.01875 0.0 0.125 0.01875 0.0 0.1275 0.01875 0.0 0.13 0.01875 0.0 0.1325 0.01875 0.0 0.135 0.01875 0.0 0.1375 0.01875 0.0 0.14 0.01875 0.0 0.14250000000000002 0.01875 0.0 0.145 0.01875 0.0 0.1475 0.01875 0.0 0.15 0.01875 0.0 0.1525 0.01875 0.0 0.155 0.01875 0.0 0.1575 0.01875 0.0 0.16 0.01875 0.0 0.1625 0.01875 0.0 0.165 0.01875 0.0 0.1675 0.01875 0.0 0.17 0.01875 0.0 0.17250000000000001 0.01875 0.0 0.17500000000000002 0.01875 0.0 0.1775 0.01875 0.0 0.18 0.01875 0.0 0.1825 0.01875 0.0 0.185 0.01875 0.0 0.1875 0.01875 0.0 0.19 0.01875 0.0 0.1925 0.01875 0.0 0.195 0.01875 0.0 0.1975 0.01875 0.0 0.2 0.01875 0.0 0.0 0.02 0.0 0.0025 0.02 0.0 0.005 0.02 0.0 0.0075 0.02 0.0 0.01 0.02 0.0 0.0125 0.02 0.0 0.015 0.02 0.0 0.0175 0.02 0.0 0.02 0.02 0.0 0.0225 0.02 0.0 0.025 0.02 0.0 0.0275 0.02 0.0 0.03 0.02 0.0 0.0325 0.02 0.0 0.035 0.02 0.0 0.0375 0.02 0.0 0.04 0.02 0.0 0.0425 0.02 0.0 0.045 0.02 0.0 0.0475 0.02 0.0 0.05 0.02 0.0 0.0525 0.02 0.0 0.055 0.02 0.0 0.0575 0.02 0.0 0.06 0.02 0.0 0.0625 0.02 0.0 0.065 0.02 0.0 0.0675 0.02 0.0 0.07 0.02 0.0 0.0725 0.02 0.0 0.075 0.02 0.0 0.0775 0.02 0.0 0.08 0.02 0.0 0.0825 0.02 0.0 0.085 0.02 0.0 0.08750000000000001 0.02 0.0 0.09 0.02 0.0 0.0925 0.02 0.0 0.095 0.02 0.0 0.0975 0.02 0.0 0.1 0.02 0.0 0.10250000000000001 0.02 0.0 0.105 0.02 0.0 0.1075 0.02 0.0 0.11 0.02 0.0 0.1125 0.02 0.0 0.115 0.02 0.0 0.11750000000000001 0.02 0.0 0.12 0.02 0.0 0.1225 0.02 0.0 0.125 0.02 0.0 0.1275 0.02 0.0 0.13 0.02 0.0 0.1325 0.02 0.0 0.135 0.02 0.0 0.1375 0.02 0.0 0.14 0.02 0.0 0.14250000000000002 0.02 0.0 0.145 0.02 0.0 0.1475 0.02 0.0 0.15 0.02 0.0 0.1525 0.02 0.0 0.155 0.02 0.0 0.1575 0.02 0.0 0.16 0.02 0.0 0.1625 0.02 0.0 0.165 0.02 0.0 0.1675 0.02 0.0 0.17 0.02 0.0 0.17250000000000001 0.02 0.0 0.17500000000000002 0.02 0.0 0.1775 0.02 0.0 0.18 0.02 0.0 0.1825 0.02 0.0 0.185 0.02 0.0 0.1875 0.02 0.0 0.19 0.02 0.0 0.1925 0.02 0.0 0.195 0.02 0.0 0.1975 0.02 0.0 0.2 0.02 0.0
</DataArray>
</Points>
<Cells>
<DataArray type="Int64" Name="connectivity" format="ascii">
0 1 82 0 82 81 1 2 83 1 83 82 2 3 84 2 84 83 3 4 85 3 85 84 4 5 86 4 86 85 5 6 87 5 87 86 6 7 88 6 88 87 7 8 89 7 89 88 8 9 90 8 90 89 9 10 91 9 91 90 10 11 92 10 92 91 11 12 93 11 93 92 12 13 94 12 94 93 13 14 95 13 95 94 14 15 96 14 96 95 15 16 97 15 97 96 16 17 98 16 98 97 17 18 99 17 99 98 18 19 100 18 100 99 19 20 101 19 101 100 20 21 102 20 102 101 21 22 103 21 103 102 22 23 104 22 104 103 23 24 105 23 105 104 24 25 106 24 106 105 25 26 107 25 107 106 26 27 108 26 108 107 27 28 109 27 109 108 28 29 110 28 110 109 29 30 111 29 111 110 30 31 112 30 112 111 31 32 113 31 113 112 32 33 114 32 114 113 33 34 115 33 115 114 34 35 116 34 116 115 35 36 117 35 117 116 36 37 118 36 118 117 37 38 119 37 119 118 38 39 120 38 120 119 39 40 121 39 121 120 40 41 122 40 122 121 41 42 123 41 123 122 42 43 124 42 124 123 43 44 125 43 125 124 44 45 126 44 126 125 45 46 127 45 127 126 46 47 128 46 128 127 47 48 129 47 129 128 48 49 130 48 130 129 49 50 131 49 131 130 50 51 132 50 132 131 51 52 133 51 133 132 52 53 134 52 134 133 53 54 135 53 135 134 54 55 136 54 136 135 55 56 137 55 137 136 56 57 138 56 138 137 57 58 139 57 139 138 58 59 140 58 140 139 59 60 141 59 141 140 60 61 142 60 142 141 61 62 143 61 143 142 62 63 144 62 144 143 63 64 145 63 145 144 64 65 146 64 146 145 65 66 147 65 147 146 66 67 148 66 148 147 67 68 149 67 149 148 68 69 150 68 150 149 69 70 151 69 151 150 70 71 152 70 152 151 71 72 153 71 153 152 72 73 154 72 154 153 73 74 155 73 155 154 74 75 156 74 156 155 75 76 157 75 157 156 76 77 158 76 158 157 77 78 159 77 159 158 78 79 160 78 160 159 79 80 161 79 161 160 81 82 163 81 163 162 82 83 164 82 164 163 83 84 165 83 165 164 84 85 166 84 166 165 85 86 167 85 167 166 86 87 168 86 168 167 87 88 169 87 169 168 88 89 170 88 170 169 89 90 171 89 171 170 90 91 172 90 172 171 91 92 173 91 173 172 92 93 174 92 174 173 93 94 175 93 175 174 94 95 176 94 176 175 95 96 177 95 177 176 96 97 178 96 178 177 97 98 179 97 179 178 98 99 180 98 180 179 99 100 181 99 181 180 100 101 182 100 182 181 101 102 183 101 183 182 102 103 184 102 184 183 103 104 185 103 185 184 104 105 186 104 186 185 105 106 187 105 187 186 106 107 188 106 188 187 107 108 189 107 189 188 108 109 190 108 190 189 109 110 191 109 191 190 110 111 192 110 192 191 111 112 193 111 193 192 112 113 194 112 194 193 113 114 195 113 195 194 114 115 196 114 196 195 115 116 197 115 197 196 116 117 198 116 198 197 117 118 199 117 199 198 118 119 200 118 200 199 119 120 201 119 201 200 120 121 202 120 202 201 121 122 203 121 203 202 122 123 204 122 204 203 123 124 205 123 205 204 124 125 206 124 206 205 125 126 207 125 207 206 126 127 208 126 208 207 127 128 209 127 209 208 128 129 210 128 210 209 129 130 211 129 211 210 130 131 212 130 212 211 131 132 213 131 213 212 132 133 214 132 214 213 133 134 215 133 215 214 134 135 216 134 216 215 135 136 217 135 217 216 136 137 218 136 218 217 137 138 219 137 219 218 138 139 220 138 220 219 139 140 221 139 221 220 140 141 222 140 222 221 141 142 223 141 223 222 142 143 224 142 224 223 143 144 225 143 225 224 144 145 226 144 226 225 145 146 227 145 227 226 146 147 228 146 228 227 147 148 229 147 229 228 148 149 230 148 230 229 149 150 231 149 231 230 150 151 232 150 232 231 151 152 233 151 233 232 152 153 234 152 234 233 153 154 235 153 235 234 154 155 236 154 236 235 155 156 237 155 237 236 156 157 238 156 238 237 157 158 239 157 239 238 158 159 240 158 240 239 159 160 241 159 241 240 160 161 242 160 242 241 162 163 244 162 244 243 163 164 245 163 245 244 164 165 246 164 246 245 165 166 247 165 247 246 166 167 248 166 248 247 167 168 249 167 249 248 168 169 250 168 250 249 169 170 251 169 251 250 170 171 252 170 252 251 171 172 253 171 253 252 172 173 254 172 254 253 173 174 255 173 255 254 174 175 256 174 256 255 175 176 257 175 257 256 176 177 258 176 258 257 177 178 259 177 259 258 178 179 260 178 260 259 179 180 261 179 261 260 180 181 262 180 262 261 181 182 263 181 263 262 182 183 264 182 264 263 183 184 265 183 265 264 184 185 266 184 266 265 185 186 267 185 267 266 186 187 268 186 268 267 187 188 269 187 269 268 188 189 270 188 270 269 189 190 271 189 271 270 190 191 272 190 272 271 191 192 273 191 273 272 192 193 274 192 274 273 193 194 275 193 275 274 194 195 276 194 276 275 195 196 277 195 277 276 196 197 278 196 278 277 197 198 279 197 279 278 198 199 280 198 280 279 199 200 281 199 281 280 200 201 282 200 282 281 201 202 283 201 283 282 202 203 284 202 284 283 203 204 285 203 285 284 204 205 286 204 286 285 205 206 287 205 287 286 206 207 288 206 288 287 207 208 289 207 289 288 208 209 290 208 290 289 209 210 291 209 291 290 210 211 292 210 292 291 211 212 293 211 293 292 212 213 294 212 294 293 213 214 295 213 295 294 214 215 296 214 296 295 215 216 297 215 297 296 216 217 298 216 298 297 217 218 299 217 299 298 218 219 300 218 300 299 219 220 301 219 301 300 220 221 302 220 302 301 221 222 303 221 303 302 222 223 304 222 304 303 223 224 305 223 305 304 224 225 306 224 306 305 225 226 307 225 307 306 226 227 308 226 308 307 227 228 309 227 309 308 228 229 310 228 310 309 229 230 311 229 311 310 230 231 312 230 312 311 231 232 313 231 313 312 232 233 314 232 314 313 233 234 315 233 315 314 234 235 316 234 316 315 235 236 317 235 317 316 236 237 318 236 318 317 237 238 319 237 319 318 238 239 320 238 320 319 239 240 321 239 321 320 240 241 322 240 322 321 241 242 323 241 323 322 243 244 325 243 325 324 244 245 326 244 326 325 245 246 327 245 327 326 246 247 328 246 328 327 247 248 329 247 329 328 248 249 330 248 330 329 249 250 331 249 331 330 250 251 332 250 332 331 251 252 333 251 333 332 252 253 334 252 334 333 253 254 335 253 335 334 254 255 336 254 336 335 255 256 337 255 337 336 256 257 338 256 338 337 257 258 339 257 339 338 258 259 340 258 340 339 259 260 341 259 341 340 260 261 342 260 342 341 261 262 343 261 343 342 262 263 344 262 344 343 263 264 345 263 345 344 264 265 346 264 346 345 265 266 347 265 347 346 266 267 348 266 348 347 267 268 349 267 349 348 268 269 350 268 350 349 269 270 351 269 351 350 270 271 352 270 352 351 271 272 353 271 353 352 272 273 354 272 354 353 273 274 355 273 355 354 274 275 356 274 356 355 275 276 357 275 357 356 276 277 358 276 358 357 277 278 359 277 359 358 278 279 360 278 360 359 279 280 361 279 361 360 280 281 362 280 362 361 281 282 363 281 363 362 282 283 364 282 364 363 283 284 365 283 365 364 284 285 366 284 366 365 285 286 367 285 367 366 286 287 368 286 368 367 287 288 369 287 369 368 288 289 370 288 370 369 289 290 371 289 371 370 290 291 372 290 372 371 291 292 373 291 373 372 292 293 374 292 374 373 293 294 375 293 375 374 294 295 376 294 376 375 295 296 377 295 377 376 296 297 378 296 378 377 297 298 379 297 379 378 298 299 380 298 380 379 299 300 381 299 381 380 300 301 382 300 382 381 301 302 383 301 383 382 302 303 384 302 384 383 303 304 385 303 385 384 304 305 386 304 386 385 305 306 387 305 387 386 306 307 388 306 388 387 307 308 389 307 389 388 308 309 390 308 390 389 309 310 391 309 391 390 310 311 392 310 392 391 311 312 393 311 393 392 312 313 394 312 394 393 313 314 395 313 395 394 314 315 396 314 396 395 315 316 397 315 397 396 316 317 398 316 398 397 317 318 399 317 399 398 318 319 400 318 400 399 319 320 401 319 401 400 320 321 402 320 402 401 321 322 403 321 403 402 322 323 404 322 404 403 324 325 406 324 406 405 325 326 407 325 407 406 326 327 408 326 408 407 327 328 409 327 409 408 328 329 410 328 410 409 329 330 411 329 411 410 330 331 412 330 412 411 331 332 413 331 413 412 332 333 414 332 414 413 333 334 415 333 415 414 334 335 416 334 416 415 335 336 417 335 417 416 336 337 418 336 418 417 337 338 419 337 419 418 338 339 420 338 420 419 339 340 421 339 421 420 340 341 422 340 422 421 341 342 423 341 423 422 342 343 424 342 424 423 343 344 425 343 425 424 344 345 426 344 426 425 345 346 427 345 427 426 346 347 428 346 428 427 347 348 429 347 429 428 348 349 430 348 430 429 349 350 431 349 431 430 350 351 432 350 432 431 351 352 433 351 433 432 352 353 434 352 434 433 353 354 435 353 435 434 354 355 436 354 436 435 355 356 437 355 437 436 356 357 438 356 438 437 357 358 439 357 439 438 358 359 440 358 440 439 359 360 441 359 441 440 360 361 442 360 442 441 361 362 443 361 443 442 362 363 444 362 444 443 363 364 445 363 445 444 364 365 446 364 446 445 365 366 447 365 447 446 366 367 448 366 448 447 367 368 449 367 449 448 368 369 450 368 450 449 369 370 451 369 451 450 370 371 452 370 452 451 371 372 453 371 453 452 372 373 454 372 454 453 373 374 455 373 455 454 374 375 456 374 456 455 375 376 457 375 457 456 376 377 458 376 458 457 377 378 459 377 459 458 378 379 460 378 460 459 379 380 461 379 461 460 380 381 462 380 462 461 381 382 463 381 463 462 382 383 464 382 464 463 383 384 465 383 465 464 384 385 466 384 466 465 385 386 467 385 467 466 386 387 468 386 468 467 387 388 469 387 469 468 388 389 470 388 470 469 389 390 471 389 471 470 390 391 472 390 472 471 391 392 473 391 473 472 392 393 474 392 474 473 393 394 475 393 475 474 394 395 476 394 476 475 395 396 477 395 477 476 396 397 478 396 478 477 397 398 479 397 479 478 398 399 480 398 480 479 399 400 481 399 481 480 400 401 482 400 482 481 401 402 483 401 483 482 402 403 484 402 484 483 403 404 485 403 485 484 405 406 487 405 487 486 406 407 488 406 488 487 407 408 489 407 489 488 408 409 490 408 490 489 409 410 491 409 491 490 410 411 492 410 492 491 411 412 493 411 493 492 412 413 494 412 494 493 413 414 495 413 495 494 414 415 496 414 496 495 415 416 497 415 497 496 416 417 498 416 498 497 417 418 499 417 499 498 418 419 500 418 500 499 419 420 501 419 501 500 420 421 502 420 502 501 421 422 503 421 503 502 422 423 504 422 504 503 423 424 505 423 505 504 424 425 506 424 506 505 425 426 507 425 507 506 426 427 508 426 508 507 427 428 509 427 509 508 428 429 510 428 510 509 429 430 511 429 511 510 430 431 512 430 512 511 431 432 513 431 513 512 432 433 514 432 514 513 433 434 515 433 515 514 434 435 516 434 516 515 435 436 517 435 517 516 436 437 518 436 518 517 437 438 519 437 519 518 438 439 520 438 520 519 439 440 521 439 521 520 440 441 522 440 522 521 441 442 523 441 523 522 442 443 524 442 524 523 443 444 525 443 525 524 444 445 526 444 526 525 445 446 527 445 527 526 446 447 528 446 528 527 447 448 529 447 529 528 448 449 530 448 530 529 449 450 531 449 531 530 450 451 532 450 532 531 451 452 533 451 533 532 452 453 534 452 534 533 453 454 535 453 535 534 454 455 536 454 536 535 455 456 537 455 537 536 456 457 538 456 538 537 457 458 539 457 539 538 458 459 540 458 540 539 459 460 541 459 541 540 460 461 542 460 542 541 461 462 543 461 543 542 462 463 544 462 544 543 463 464 545 463 545 544 464 465 546 464 546 545 465 466 547 465 547 546 466 467 548 466 548 547 467 468 549 467 549 548 468 469 550 468 550 549 469 470 551 469 551 550 470 471 552 470 552 551 471 472 553 471 553 552 472 473 554 472 554 553 473 474 555 473 555 554 474 475 556 474 556 555 475 476 557 475 557 556 476 477 558 476 558 557 477 478 559 477 559 558 478 479 560 478 560 559 479 480 561 479 561 560 480 481 562 480 562 561 481 482 563 481 563 562 482 483 564 482 564 563 483 484 565 483 565 564 484 485 566 484 566 565 486 487 568 486 568 567 487 488 569 487 569 568 488 489 570 488 570 569 489 490 571 489 571 570 490 491 572 490 572 571 491 492 573 491 573 572 492 493 574 492 574 573 493 494 575 493 575 574 494 495 576 494 576 575 495 496 577 495 577 576 496 497 578 496 578 577 497 498 579 497 579 578 498 499 580 498 580 579 499 500 581 499 581 580 500 501 582 500 582 581 501 502 583 501 583 582 502 503 584 502 584 583 503 504 585 503 585 584 504 505 586 504 586 585 505 506 587 505 587 586 506 507 588 506 588 587 507 508 589 507 589 588 508 509 590 508 590 589 509 510 591 509 591 590 510 511 592 510 592 591 511 512 593 511 593 592 512 513 594 512 594 593 513 514 595 513 595 594 514 515 596 514 596 595 515 516 597 515 597 596 516 517 598 516 598 597 517 518 599 517 599 598 518 519 600 518 600 599 519 520 601 519 601 600 520 521 602 520 602 601 521 522 603 521 603 602 522 523 604 522 604 603 523 524 605 523 605 604 524 525 606 524 606 605 525 526 607 525 607 606 526 527 608 526 608 607 527 528 609 527 609 608 528 529 610 528 610 609 529 530 611 529 611 610 530 531 612 530 612 611 531 532 613 531 613 612 532 533 614 532 614 613 533 534 615 533 615 614 534 535 616 534 616 615 535 536 617 535 617 616 536 537 618 536 618 617 537 538 619 537 619 618 538 539 620 538 620 619 539 540 621 539 621 620 540 541 622 540 622 621 541 542 623 541 623 622 542 543 624 542 624 623 543 544 625 543 625 624 544 545 626 544 626 625 545 546 627 545 627 626 546 547 628 546 628 627 547 548 629 547 629 628 548 549 630 548 630 629 549 550 631 549 631 630 550 551 632 550 632 631 551 552 633 551 633 632 552 553 634 552 634 633 553 554 635 553 635 634 554 555 636 554 636 635 555 556 637 555 637 636 556 557 638 556 638 637 557 558 639 557 639 638 558 559 640 558 640 639 559 560 641 559 641 640 560 561 642 560 642 641 561 562 643 561 643 642 562 563 644 562 644 643 563 564 645 563 645 644 564 565 646 564 646 645 565 566 647 565 647 646 567 568 649 567 649 648 568 569 650 568 650 649 569 570 651 569 651 650 570 571 652 570 652 651 571 572 653 571 653 652 572 573 654 572 654 653 573 574 655 573 655 654 574 575 656 574 656 655 575 576 657 575 657 656 576 577 658 576 658 657 577 578 659 577 659 658 578 579 660 578 660 659 579 580 661 579 661 660 580 581 662 580 662 661 581 582 663 581 663 662 582 583 664 582 664 663 583 584 665 583 665 664 584 585 666 584 666 665 585 586 667 585 667 666 586 587 668 586 668 667 587 588 669 587 669 668 588 589 670 588 670 669 589 590 671 589 671 670 590 591 672 590 672 671 591 592 673 591 673 672 592 593 674 592 674 673 593 594 675 593 675 674 594 595 676 594 676 675 595 596 677 595 677 676 596 597 678 596 678 677 597 598 679 597 679 678 598 599 680 598 680 679 599 600 681 599 681 680 600 601 682 600 682 681 601 602 683 601 683 682 602 603 684 602 684 683 603 604 685 603 685 684 604 605 686 604 686 685 605 606 687 605 687 686 606 607 688 606 688 687 607 608 689 607 689 688 608 609 690 608 690 689 609 610 691 609 691 690 610 611 692 610 692 691 611 612 693 611 693 692 612 613 694 612 694 693 613 614 695 613 695 694 614 615 696 614 696 695 615 616 697 615 697 696 616 617 698 616 698 697 617 618 699 617 699 698 618 619 700 618 700 699 619 620 701 619 701 700 620 621 702 620 702 701 621 622 703 621 703 702 622 623 704 622 704 703 623 624 705 623 705 704 624 625 706 624 706 705 625 626 707 625 707 706 626 627 708 626 708 707 627 628 709 627 709 708 628 629 710 628 710 709 629 630 711 629 711 710 630 631 712 630 712 711 631 632 713 631 713 712 632 633 714 632 714 713 633 634 715 633 715 714 634 635 716 634 716 715 635 636 717 635 717 716 636 637 718 636 718 717 637 638 719 637 719 718 638 639 720 638 720 719 639 640 721 639 721 720 640 641 722 640 722 721 641 642 723 641 723 722 642 643 724 642 724 723 643 644 725 643 725 724 644 645 726 644 726 725 645 646 727 645 727 726 646 647 728 646 728 727 648 649 730 648 730 729 649 650 731 649 731 730 650 651 732 650 732 731 651 652 733 651 733 732 652 653 734 652 734 733 653 654 735 653 735 734 654 655 736 654 736 735 655 656 737 655 737 736 656 657 738 656 738 737 657 658 739 657 739 738 658 659 740 658 740 739 659 660 741 659 741 740 660 661 742 660 742 741 661 662 743 661 743 742 662 663 744 662 744 743 663 664 745 663 745 744 664 665 746 664 746 745 665 666 747 665 747 746 666 667 748 666 748 747 667 668 749 667 749 748 668 669 750 668 750 749 669 670 751 669 751 750 670 671 752 670 752 751 671 672 753 671 753 752 672 673 754 672 754 753 673 674 755 673 755 754 674 675 756 674 756 755 675 676 757 675 757 756 676 677 758 676 758 757 677 678 759 677 759 758 678 679 760 678 760 759 679 680 761 679 761 760 680 681 762 680 762 761 681 682 763 681 763 762 682 683 764 682 764 763 683 684 765 683 765 764 684 685 766 684 766 765 685 686 767 685 767 766 686 687 768 686 768 767 687 688 769 687 769 768 688 689 770 688 770 769 689 690 771 689 771 770 690 691 772 690 772 771 691 692 773 691 773 772 692 693 774 692 774 773 693 694 775 693 775 774 694 695 776 694 776 775 695 696 777 695 777 776 696 697 778 696 778 777 697 698 779 697 779 778 698 699 780 698 780 779 699 700 781 699 781 780 700 701 782 700 782 781 701 702 783 701 783 782 702 703 784 702 784 783 703 704 785 703 785 784 704 705 786 704 786 785 705 706 787 705 787 786 706 707 788 706 788 787 707 708 789 707 789 788 708 709 790 708 790 789 709 710 791 709 791 790 710 711 792 710 792 791 711 712 793 711 793 792 712 713 794 712 794 793 713 714 795 713 795 794 714 715 796 714 796 795 715 716 797 715 797 796 716 717 798 716 798 797 717 718 799 717 799 798 718 719 800 718 800 799 719 720 801 719 801 800 720 721 802 720 802 801 721 722 803 721 803 802 722 723 804 722 804 803 723 724 805 723 805 804 724 725 806 724 806 805 725 726 807 725 807 806 726 727 808 726 808 807 727 728 809 727 809 808 729 730 811 729 811 810 730 731 812 730 812 811 731 732 813 731 813 812 732 733 814 732 814 813 733 734 815 733 815 814 734 735 816 734 816 815 735 736 817 735 817 816 736 737 818 736 818 817 737 738 819 737 819 818 738 739 820 738 820 819 739 740 821 739 821 820 740 741 822 740 822 821 741 742 823 741 823 822 742 743 824 742 824 823 743 744 825 743 825 824 744 745 826 744 826 825 745 746 827 745 827 826 746 747 828 746 828 827 747 748 829 747 829 828 748 749 830 748 830 829 749 750 831 749 831 830 750 751 832 750 832 831 751 752 833 751 833 832 752 753 834 752 834 833 753 754 835 753 835 834 754 755 836 754 836 835 755 756 837 755 837 836 756 757 838 756 838 837 757 758 839 757 839 838 758 759 840 758 840 839 759 760 841 759 841 840 760 761 842 760 842 841 761 762 843 761 843 842 762 763 844 762 844 843 763 764 845 763 845 844 764 765 846 764 846 845 765 766 847 765 847 846 766 767 848 766 848 847 767 768 849 767 849 848 768 769 850 768 850 849 769 770 851 769 851 850 770 771 852 770 852 851 771 772 853 771 853 852 772 773 854 772 854 853 773 774 855 773 855 854 774 775 856 774 856 855 775 776 857 775 857 856 776 777 858 776 858 857 777 778 859 777 859 858 778 779 860 778 860 859 779 780 861 779 861 860 780 781 862 780 862 861 781 782 863 781 863 862 782 783 864 782 864 863 783 784 865 783 865 864 784 785 866 784 866 865 785 786 867 785 867 866 786 787 868 786 868 867 787 788 869 787 869 868 788 789 870 788 870 869 789 790 871 789 871 870 790 791 872 790 872 871 791 792 873 791 873 872 792 793 874 792 874 873 793 794 875 793 875 874 794 795 876 794 876 875 795 796 877 795 877 876 796 797 878 796 878 877 797 798 879 797 879 878 798 799 880 798 880 879 799 800 881 799 881 880 800 801 882 800 882 881 801 802 883 801 883 882 802 803 884 802 884 883 803 804 885 803 885 884 804 805 886 804 886 885 805 806 887 805 887 886 806 807 888 806 888 887 807 808 889 807 889 888 808 809 890 808 890 889 810 811 892 810 892 891 811 812 893 811 893 892 812 813 894 812 894 893 813 814 895 813 895 894 814 815 896 814 896 895 815 816 897 815 897 896 816 817 898 816 898 897 817 818 899 817 899 898 818 819 900 818 900 899 819 820 901 819 901 900 820 821 902 820 902 901 821 822 903 821 903 902 822 823 904 822 904 903 823 824 905 823 905 904 824 825 906 824 906 905 825 826 907 825 907 906 826 827 908 826 908 907 827 828 909 827 909 908 828 829 910 828 910 909 829 830 911 829 911 910 830 831 912 830 912 911 831 832 913 831 913 912 832 833 914 832 914 913 833 834 915 833 915 914 834 835 916 834 916 915 835 836 917 835 917 916 836 837 918 836 918 917 837 838 919 837 919 918 838 839 920 838 920 919 839 840 921 839 921 920 840 841 922 840 922 921 841 842 923 841 923 922 842 843 924 842 924 923 843 844 925 843 925 924 844 845 926 844 926 925 845 846 927 845 927 926 846 847 928 846 928 927 847 848 929 847 929 928 848 849 930 848 930 929 849 850 931 849 931 930 850 851 932 850 932 931 851 852 933 851 933 932 852 853 934 852 934 933 853 854 935 853 935 934 854 855 936 854 936 935 855 856 937 855 937 936 856 857 938 856 938 937 857 858 939 857 939 938 858 859 940 858 940 939 859 860 941 859 941 940 860 861 942 860 942 941 861 862 943 861 943 942 862 863 944 862 944 943 863 864 945 863 945 944 864 865 946 864 946 945 865 866 947 865 947 946 866 867 948 866 948 947 867 868 949 867 949 948 868 869 950 868 950 949 869 870 951 869 951 950 870 871 952 870 952 951 871 872 953 871 953 952 872 873 954 872 954 953 873 874 955 873 955 954 874 875 956 874 956 955 875 876 957 875 957 956 876 877 958 876 958 957 877 878 959 877 959 958 878 879 960 878 960 959 879 880 961 879 961 960 880 881 962 880 962 961 881 882 963 881 963 962 882 883 964 882 964 963 883 884 965 883 965 964 884 885 966 884 966 965 885 886 967 885 967 966 886 887 968 886 968 967 887 888 969 887 969 968 888 889 970 888 970 969 889 890 971 889 971 970 891 892 973 891 973 972 892 893 974 892 974 973 893 894 975 893 975 974 894 895 976 894 976 975 895 896 977 895 977 976 896 897 978 896 978 977 897 898 979 897 979 978 898 899 980 898 980 979 899 900 981 899 981 980 900 901 982 900 982 981 901 902 983 901 983 982 902 903 984 902 984 983 903 904 985 903 985 984 904 905 986 904 986 985 905 906 987 905 987 986 906 907 988 906 988 987 907 908 989 907 989 988 908 909 990 908 990 989 909 910 991 909 991 990 910 911 992 910 992 991 911 912 993 911 993 992 912 913 994 912 994 993 913 914 995 913 995 994 914 915 996 914 996 995 915 916 997 915 997 996 916 917 998 916 998 997 917 918 999 917 999 998 918 919 1000 918 1000 999 919 920 1001 919 1001 1000 920 921 1002 920 1002 1001 921 922 1003 921 1003 1002 922 923 1004 922 1004 1003 923 924 1005 923 1005 1004 924 925 1006 924 1006 1005 925 926 1007 925 1007 1006 926 927 1008 926 1008 1007 927 928 1009 927 1009 1008 928 929 1010 928 1010 1009 929 930 1011 929 1011 1010 930 931 1012 930 1012 1011 931 932 1013 931 1013 1012 932 933 1014 932 1014 1013 933 934 1015 933 1015 1014 934 935 1016 934 1016 1015 935 936 1017 935 1017 1016 936 937 1018 936 1018 1017 937 938 1019 937 1019 1018 938 939 1020 938 1020 1019 939 940 1021 939 1021 1020 940 941 1022 940 1022 1021 941 942 1023 941 1023 1022 942 943 1024 942 1024 1023 943 944 1025 943 1025 1024 944 945 1026 944 1026 1025 945 946 1027 945 1027 1026 946 947 1028 946 1028 1027 947 948 1029 947 1029 1028 948 949 1030 948 1030 1029 949 950 1031 949 1031 1030 950 951 1032 950 1032 1031 951 952 1033 951 1033 1032 952 953 1034 952 1034 1033 953 954 1035 953 1035 1034 954 955 1036 954 1036 1035 955 956 1037 955 1037 1036 956 957 1038 956 1038 1037 957 958 1039 957 1039 1038 958 959 1040 958 1040 1039 959 960 1041 959 1041 1040 960 961 1042 960 1042 1041 961 962 1043 961 1043 1042 962 963 1044 962 1044 1043 963 964 1045 963 1045 1044 964 965 1046 964 1046 1045 965 966 1047 965 1047 1046 966 967 1048 966 1048 1047 967 968 1049 967 1049 1048 968 969 1050 968 1050 1049 969 970 1051 969 1051 1050 970 971 1052 970 1052 1051 972 973 1054 972 1054 1053 973 974 1055 973 1055 1054 974 975 1056 974 1056 1055 975 976 1057 975 1057 1056 976 977 1058 976 1058 1057 977 978 1059 977 1059 1058 978 979 1060 978 1060 1059 979 980 1061 979 1061 1060 980 981 1062 980 1062 1061 981 982 1063 981 1063 1062 982 983 1064 982 1064 1063 983 984 1065 983 1065 1064 984 985 1066 984 1066 1065 985 986 1067 985 1067 1066 986 987 1068 986 1068 1067 987 988 1069 987 1069 1068 988 989 1070 988 1070 1069 989 990 1071 989 1071 1070 990 991 1072 990 1072 1071 991 992 1073 991 1073 1072 992 993 1074 992 1074 1073 993 994 1075 993 1075 1074 994 995 1076 994 1076 1075 995 996 1077 995 1077 1076 996 997 1078 996 1078 1077 997 998 1079 997 1079 1078 998 999 1080 998 1080 1079 999 1000 1081 999 1081 1080 1000 1001 1082 1000 1082 1081 1001 1002 1083 1001 1083 1082 1002 1003 1084 1002 1084 1083 1003 1004 1085 1003 1085 1084 1004 1005 1086 1004 1086 1085 1005 1006 1087 1005 1087 1086 1006 1007 1088 1006 1088 1087 1007 1008 1089 1007 1089 1088 1008 1009 1090 1008 1090 1089 1009 1010 1091 1009 1091 1090 1010 1011 1092 1010 1092 1091 1011 1012 1093 1011 1093 1092 1012 1013 1094 1012 1094 1093 1013 1014 1095 1013 1095 1094 1014 1015 1096 1014 1096 1095 1015 1016 1097 1015 1097 1096 1016 1017 1098 1016 1098 1097 1017 1018 1099 1017 1099 1098 1018 1019 1100 1018 1100 1099 1019 1020 1101 1019 1101 1100 1020 1021 1102 1020 1102 1101 1021 1022 1103 1021 1103 1102 1022 1023 1104 1022 1104 1103 1023 1024 1105 1023 1105 1104 1024 1025 1106 1024 1106 1105 1025 1026 1107 1025 1107 1106 1026 1027 1108 1026 1108 1107 1027 1028 1109 1027 1109 1108 1028 1029 1110 1028 1110 1109 1029 1030 1111 1029 1111 1110 1030 1031 1112 1030 1112 1111 1031 1032 1113 1031 1113 1112 1032 1033 1114 1032 1114 1113 1033 1034 1115 1033 1115 1114 1034 1035 1116 1034 1116 1115 1035 1036 1117 1035 1117 1116 1036 1037 1118 1036 1118 1117 1037 1038 1119 1037 1119 1118 1038 1039 1120 1038 1120 1119 1039 1040 1121 1039 1121 1120 1040 1041 1122 1040 1122 1121 1041 1042 1123 1041 1123 1122 1042 1043 1124 1042 1124 1123 1043 1044 1125 1043 1125 1124 1044 1045 1126 1044 1126 1125 1045 1046 1127 1045 1127 1126 1046 1047 1128 1046 1128 1127 1047 1048 1129 1047 1129 1128 1048 1049 1130 1048 1130 1129 1049 1050 1131 1049 1131 1130 1050 1051 1132 1050 1132 1131 1051 1052 1133 1051 1133 1132 1053 1054 1135 1053 1135 1134 1054 1055 1136 1054 1136 1135 1055 1056 1137 1055 1137 1136 1056 1057 1138 1056 1138 1137 1057 1058 1139 1057 1139 1138 1058 1059 1140 1058 1140 1139 1059 1060 1141 1059 1141 1140 1060 1061 1142 1060 1142 1141 1061 1062 1143 1061 1143 1142 1062 1063 1144 1062 1144 1143 1063 1064 1145 1063 1145 1144 1064 1065 1146 1064 1146 1145 1065 1066 1147 1065 1147 1146 1066 1067 1148 1066 1148 1147 1067 1068 1149 1067 1149 1148 1068 1069 1150 1068 1150 1149 1069 1070 1151 1069 1151 1150 1070 1071 1152 1070 1152 1151 1071 1072 1153 1071 1153 1152 1072 1073 1154 1072 1154 1153 1073 1074 1155 1073 1155 1154 1074 1075 1156 1074 1156 1155 1075 1076 1157 1075 1157 1156 1076 1077 1158 1076 1158 1157 1077 1078 1159 1077 1159 1158 1078 1079 1160 1078 1160 1159 1079 1080 1161 1079 1161 1160 1080 1081 1162 1080 1162 1161 1081 1082 1163 1081 1163 1162 1082 1083 1164 1082 1164 1163 1083 1084 1165 1083 1165 1164 1084 1085 1166 1084 1166 1165 1085 1086 1167 1085 1167 1166 1086 1087 1168 1086 1168 1167 1087 1088 1169 1087 1169 1168 1088 1089 1170 1088 1170 1169 1089 1090 1171 1089 1171 1170 1090 1091 1172 1090 1172 1171 1091 1092 1173 1091 1173 1172 1092 1093 1174 1092 1174 1173 1093 1094 1175 1093 1175 1174 1094 1095 1176 1094 1176 1175 1095 1096 1177 1095 1177 1176 1096 1097 1178 1096 1178 1177 1097 1098 1179 1097 1179 1178 1098 1099 1180 1098 1180 1179 1099 1100 1181 1099 1181 1180 1100 1101 1182 1100 1182 1181 1101 1102 1183 1101 1183 1182 1102 1103 1184 1102 1184 1183 1103 1104 1185 1103 1185 1184 1104 1105 1186 1104 1186 1185 1105 1106 1187 1105 1187 1186 1106 1107 1188 1106 1188 1187 1107 1108 1189 1107 1189 1188 1108 1109 1190 1108 1190 1189 1109 1110 1191 1109 1191 1190 1110 1111 1192 1110 1192 1191 1111 1112 1193 1111 1193 1192 1112 1113 1194 1112 1194 1193 1113 1114 1195 1113 1195 1194 1114 1115 1196 1114 1196 1195 1115 1116 1197 1115 1197 1196 1116 1117 1198 1116 1198 1197 1117 1118 1199 1117 1199 1198 1118 1119 1200 1118 1200 1199 1119 1120 1201 1119 1201 1200 1120 1121 1202 1120 1202 1201 1121 1122 1203 1121 1203 1202 1122 1123 1204 1122 1204 1203 1123 1124 1205 1123 1205 1204 1124 1125 1206 1124 1206 1205 1125 1126 1207 1125 1207 1206 1126 1127 1208 1126 1208 1207 1127 1128 1209 1127 1209 1208 1128 1129 1210 1128 1210 1209 1129 1130 1211 1129 1211 1210 1130 1131 1212 1130 1212 1211 1131 1132 1213 1131 1213 1212 1132 1133 1214 1132 1214 1213 1134 1135 1216 1134 1216 1215 1135 1136 1217 1135 1217 1216 1136 1137 1218 1136 1218 1217 1137 1138 1219 1137 1219 1218 1138 1139 1220 1138 1220 1219 1139 1140 1221 1139 1221 1220 1140 1141 1222 1140 1222 1221 1141 1142 1223 1141 1223 1222 1142 1143 1224 1142 1224 1223 1143 1144 1225 1143 1225 1224 1144 1145 1226 1144 1226 1225 1145 1146 1227 1145 1227 1226 1146 1147 1228 1146 1228 1227 1147 1148 1229 1147 1229 1228 1148 1149 1230 1148 1230 1229 1149 1150 1231 1149 1231 1230 1150 1151 1232 1150 1232 1231 1151 1152 1233 1151 1233 1232 1152 1153 1234 1152 1234 1233 1153 1154 1235 1153 1235 1234 1154 1155 1236 1154 1236 1235 1155 1156 1237 1155 1237 1236 1156 1157 1238 1156 1238 1237 1157 1158 1239 1157 1239 1238 1158 1159 1240 1158 1240 1239 1159 1160 1241 1159 1241 1240 1160 1161 1242 1160 1242 1241 1161 1162 1243 1161 1243 1242 1162 1163 1244 1162 1244 1243 1163 1164 1245 1163 1245 1244 1164 1165 1246 1164 1246 1245 1165 1166 1247 1165 1247 1246 1166 1167 1248 1166 1248 1247 1167 1168 1249 1167 1249 1248 1168 1169 1250 1168 1250 1249 1169 1170 1251 1169 1251 1250 1170 1171 1252 1170 1252 1251 1171 1172 1253 1171 1253 1252 1172 1173 1254 1172 1254 1253 1173 1174 1255 1173 1255 1254 1174 1175 1256 1174 1256 1255 1175 1176 1257 1175 1257 1256 1176 1177 1258 1176 1258 1257 1177 1178 1259 1177 1259 1258 1178 1179 1260 1178 1260 1259 1179 1180 1261 1179 1261 1260 1180 1181 1262 1180 1262 1261 1181 1182 1263 1181 1263 1262 1182 1183 1264 1182 1264 1263 1183 1184 1265 1183 1265 1264 1184 1185 1266 1184 1266 1265 1185 1186 1267 1185 1267 1266 1186 1187 1268 1186 1268 1267 1187 1188 1269 1187 1269 1268 1188 1189 1270 1188 1270 1269 1189 1190 1271 1189 1271 1270 1190 1191 1272 1190 1272 1271 1191 1192 1273 1191 1273 1272 1192 1193 1274 1192 1274 1273 1193 1194 1275 1193 1275 1274 1194 1195 1276 1194 1276 1275 1195 1196 1277 1195 1277 1276 1196 1197 1278 1196 1278 1277 1197 1198 1279 1197 1279 1278 1198 1199 1280 1198 1280 1279 1199 1200 1281 1199 1281 1280 1200 1201 1282 1200 1282 1281 1201 1202 1283 1201 1283 1282 1202 1203 1284 1202 1284 1283 1203 1204 1285 1203 1285 1284 1204 1205 1286 1204 1286 1285 1205 1206 1287 1205 1287 1286 1206 1207 1288 1206 1288 1287 1207 1208 1289 1207 1289 1288 1208 1209 1290 1208 1290 1289 1209 1210 1291 1209 1291 1290 1210 1211 1292 1210 1292 1291 1211 1212 1293 1211 1293 1292 1212 1213 1294 1212 1294 1293 1213 1214 1295 1213 1295 1294 1215 1216 1297 1215 1297 1296 1216 1217 1298 1216 1298 1297 1217 1218 1299 1217 1299 1298 1218 1219 1300 1218 1300 1299 1219 1220 1301 1219 1301 1300 1220 1221 1302 1220 1302 1301 1221 1222 1303 1221 1303 1302 1222 1223 1304 1222 1304 1303 1223 1224 1305 1223 1305 1304 1224 1225 1306 1224 1306 1305 1225 1226 1307 1225 1307 1306 1226 1227 1308 1226 1308 1307 1227 1228 1309 1227 1309 1308 1228 1229 1310 1228 1310 1309 1229 1230 1311 1229 1311 1310 1230 1231 1312 1230 1312 1311 1231 1232 1313 1231 1313 1312 1232 1233 1314 1232 1314 1313 1233 1234 1315 1233 1315 1314 1234 1235 1316 1234 1316 1315 1235 1236 1317 1235 1317 1316 1236 1237 1318 1236 1318 1317 1237 1238 1319 1237 1319 1318 1238 1239 1320 1238 1320 1319 1239 1240 1321 1239 1321 1320 1240 1241 1322 1240 1322 1321 1241 1242 1323 1241 1323 1322 1242 1243 1324 1242 1324 1323 1243 1244 1325 1243 1325 1324 1244 1245 1326 1244 1326 1325 1245 1246 1327 1245 1327 1326 1246 1247 1328 1246 1328 1327 1247 1248 1329 1247 1329 1328 1248 1249 1330 1248 1330 1329 1249 1250 1331 1249 1331 1330 1250 1251 1332 1250 1332 1331 1251 1252 1333 1251 1333 1332 1252 1253 1334 1252 1334 1333 1253 1254 1335 1253 1335 1334 1254 1255 1336 1254 1336 1335 1255 1256 1337 1255 1337 1336 1256 1257 1338 1256 1338 1337 1257 1258 1339 1257 1339 1338 1258 1259 1340 1258 1340 1339 1259 1260 1341 1259 1341 1340 1260 1261 1342 1260 1342 1341 1261 1262 1343 1261 1343 1342 1262 1263 1344 1262 1344 1343 1263 1264 1345 1263 1345 1344 1264 1265 1346 1264 1346 1345 1265 1266 1347 1265 1347 1346 1266 1267 1348 1266 1348 1347 1267 1268 1349 1267 1349 1348 1268 1269 1350 1268 1350 1349 1269 1270 1351 1269 1351 1350 1270 1271 1352 1270 1352 1351 1271 1272 1353 1271 1353 1352 1272 1273 1354 1272 1354 1353 1273 1274 1355 1273 1355 1354 1274 1275 1356 1274 1356 1355 1275 1276 1357 1275 1357 1356 1276 1277 1358 1276 1358 1357 1277 1278 1359 1277 1359 1358 1278 1279 1360 1278 1360 1359 1279 1280 1361 1279 1361 1360 1280 1281 1362 1280 1362 1361 1281 1282 1363 1281 1363 1362 1282 1283 1364 1282 1364 1363 1283 1284 1365 1283 1365 1364 1284 1285 1366 1284 1366 1365 1285 1286 1367 1285 1367 1366 1286 1287 1368 1286 1368 1367 1287 1288 1369 1287 1369 1368 1288 1289 1370 1288 1370 1369 1289 1290 1371 1289 1371 1370 1290 1291 1372 1290 1372 1371 1291 1292 1373 1291 1373 1372 1292 1293 1374 1292 1374 1373 1293 1294 1375 1293 1375 1374 1294 1295 1376 1294 1376 1375
</DataArray>
<DataArray type="Int64" Name="offsets" format="ascii">
3 6 9 12 15 18 21 24 27 30 33 36 39 42 45 48 51 54 57 60 63 66 69 72 75 78 81 84 87 90 93 96 99 102 105 108 111 114 117 120 123 126 129 132 135 138 141 144 147 150 153 156 159 162 165 168 171 174 177 180 183 186 189 192 195 198 201 204 207 210 213 216 219 222 225 228 231 234 237 240 243 246 249 252 255 258 261 264 267 270 273 276 279 282 285 288 291 294 297 300 303 306 309 312 315 318 321 324 327 330 333 336 339 342 345 348 351 354 357 360 363 366 369 372 375 378 381 384 387 390 393 396 399 402 405 408 411 414 417 420 423 426 429 432 435 438 441 444 447 450 453 456 459 462 465 468 471 474 477 480 483 486 489 492 495 498 501 504 507 510 513 516 519 522 525 528 531 534 537 540 543 546 549 552 555 558 561 564 567 570 573 576 579 582 585 588 591 594 597 600 603 606 609 612 615 618 621 624 627 630 633 636 639 642 645 648 651 654 657 660 663 666 669 672 675 678 681 684 687 690 693 696 699 702 705 708 711 714 717 720 723 726 729 732 735 738 741 744 747 750 753 756 759 762 765 768 771 774 777 780 783 786 789 792 795 798 801 804 807 810 813 816 819 822 825 828 831 834 837 840 843 846 849 852 855 858 861 864 867 870 873 876 879 882 885 888 891 894 897 900 903 906 909 912 915 918 921 924 927 930 933 936 939 942 945 948 951 954 957 960 963 966 969 972 975 978 981 984 987 990 993 996 999 1002 1005 1008 1011 1014 1017 1020 1023 1026 1029 1032 1035 1038 1041 1044 1047 1050 1053 1056 1059 1062 1065 1068 1071 1074 1077 1080 1083 1086 1089 1092 1095 1098 1101 1104 1107 1110 1113 1116 1119 1122 1125 1128 1131 1134 1137 1140 1143 1146 1149 1152 1155 1158 1161 1164 1167 1170 1173 1176 1179 1182 1185 1188 1191 1194 1197 1200 1203 1206 1209 1212 1215 1218 1221 1224 1227 1230 1233 1236 1239 1242 1245 1248 1251 1254 1257 1260 1263 1266 1269 1272 1275 1278 1281 1284 1287 1290 1293 1296 1299 1302 1305 1308 1311 1314 1317 1320 1323 1326 1329 1332 1335 1338 1341 1344 1347 1350 1353 1356 1359 1362 1365 1368 1371 1374 1377 1380 1383 1386 1389 1392 1395 1398 1401 1404 1407 1410 1413 1416 1419 1422 1425 1428 1431 1434 1437 1440 1443 1446 1449 1452 1455 1458 1461 1464 1467 1470 1473 1476 1479 1482 1485 1488 1491 1494 1497 1500 1503 1506 1509 1512 1515 1518 1521 1524 1527 1530 1533 1536 1539 1542 1545 1548 1551 1554 1557 1560 1563 1566 1569 1572 1575 1578 1581 1584 1587 1590 1593 1596 1599 1602 1605 1608 1611 1614 1617 1620 1623 1626 1629 1632 1635 1638 1641 1644 1647 1650 1653 1656 1659 1662 1665 1668 1671 1674 1677 1680 1683 1686 1689 1692 1695 1698 1701 1704 1707 1710 1713 1716 1719 1722 1725 1728 1731 1734 1737 1740 1743 1746 1749 1752 1755 1758 1761 1764 1767 1770 1773 1776 1779 1782 1785 1788 1791 1794 1797 1800 1803 1806 1809 1812 1815 1818 1821 1824 1827 1830 1833 1836 1839 1842 1845 1848 1851 1854 1857 1860 1863 1866 1869 1872 1875 1878 1881 1884 1887 1890 1893 1896 1899 1902 1905 1908 1911 1914 1917 1920 1923 1926 1929 1932 1935 1938 1941 1944 1947 1950 1953 1956 1959 1962 1965 1968 1971 1974 1977 1980 1983 1986 1989 1992 1995 1998 2001 2004 2007 2010 2013 2016 2019 2022 2025 2028 2031 2034 2037 2040 2043 2046 2049 2052 2055 2058 2061 2064 2067 2070 2073 2076 2079 2082 2085 2088 2091 2094 2097 2100 2103 2106 2109 2112 2115 2118 2121 2124 2127 2130 2133 2136 2139 2142 2145 2148 2151 2154 2157 2160 2163 2166 2169 2172 2175 2178 2181 2184 2187 2190 2193 2196 2199 2202 2205 2208 2211 2214 2217 2220 2223 2226 2229 2232 2235 2238 2241 2244 2247 2250 2253 2256 2259 2262 2265 2268 2271 2274 2277 2280 2283 2286 2289 2292 2295 2298 2301 2304 2307 2310 2313 2316 2319 2322 2325 2328 2331 2334 2337 2340 2343 2346 2349 2352 2355 2358 2361 2364 2367 2370 2373 2376 2379 2382 2385 2388 2391 2394 2397 2400 2403 2406 2409 2412 2415 2418 2421 2424 2427 2430 2433 2436 2439 2442 2445 2448 2451 2454 2457 2460 2463 2466 2469 2472 2475 2478 2481 2484 2487 2490 2493 2496 2499 2502 2505 2508 2511 2514 2517 2520 2523 2526 2529 2532 2535 2538 2541 2544 2547 2550 2553 2556 2559 2562 2565 2568 2571 2574 2577 2580 2583 2586 2589 2592 2595 2598 2601 2604 2607 2610 2613 2616 2619 2622 2625 2628 2631 2634 2637 2640 2643 2646 2649 2652 2655 2658 2661 2664 2667 2670 2673 2676 2679 2682 2685 2688 2691 2694 2697 2700 2703 2706 2709 2712 2715 2718 2721 2724 2727 2730 2733 2736 2739 2742 2745 2748 2751 2754 2757 2760 2763 2766 2769 2772 2775 2778 2781 2784 2787 2790 2793 2796 2799 2802 2805 2808 2811 2814 2817 2820 2823 2826 2829 2832 2835 2838 2841 2844 2847 2850 2853 2856 2859 2862 2865 2868 2871 2874 2877 2880 2883 2886 2889 2892 2895 2898 2901 2904 2907 2910 2913 2916 2919 2922 2925 2928 2931 2934 2937 2940 2943 2946 2949 2952 2955 2958 2961 2964 2967 2970 2973 2976 2979 2982 2985 2988 2991 2994 2997 3000 3003 3006 3009 3012 3015 3018 3021 3024 3027 3030 3033 3036 3039 3042 3045 3048 3051 3054 3057 3060 3063 3066 3069 3072 3075 3078 3081 3084 3087 3090 3093 3096 3099 3102 3105 3108 3111 3114 3117 3120 3123 3126 3129 3132 3135 3138 3141 3144 3147 3150 3153 3156 3159 3162 3165 3168 3171 3174 3177 3180 3183 3186 3189 3192 3195 3198 3201 3204 3207 3210 3213 3216 3219 3222 3225 3228 3231 3234 3237 3240 3243 3246 3249 3252 3255 3258 3261 3264 3267 3270 3273 3276 3279 3282 3285 3288 3291 3294 3297 3300 3303 3306 3309 3312 3315 3318 3321 3324 3327 3330 3333 3336 3339 3342 3345 3348 3351 3354 3357 3360 3363 3366 3369 3372 3375 3378 3381 3384 3387 3390 3393 3396 3399 3402 3405 3408 3411 3414 3417 3420 3423 3426 3429 3432 3435 3438 3441 3444 3447 3450 3453 3456 3459 3462 3465 3468 3471 3474 3477 3480 3483 3486 3489 3492 3495 3498 3501 3504 3507 3510 3513 3516 3519 3522 3525 3528 3531 3534 3537 3540 3543 3546 3549 3552 3555 3558 3561 3564 3567 3570 3573 3576 3579 3582 3585 3588 3591 3594 3597 3600 3603 3606 3609 3612 3615 3618 3621 3624 3627 3630 3633 3636 3639 3642 3645 3648 3651 3654 3657 3660 3663 3666 3669 3672 3675 3678 3681 3684 3687 3690 3693 3696 3699 3702 3705 3708 3711 3714 3717 3720 3723 3726 3729 3732 3735 3738 3741 3744 3747 3750 3753 3756 3759 3762 3765 3768 3771 3774 3777 3780 3783 3786 3789 3792 3795 3798 3801 3804 3807 3810 3813 3816 3819 3822 3825 3828 3831 3834 3837 3840 3843 3846 3849 3852 3855 3858 3861 3864 3867 3870 3873 3876 3879 3882 3885 3888 3891 3894 3897 3900 3903 3906 3909 3912 3915 3918 3921 3924 3927 3930 3933 3936 3939 3942 3945 3948 3951 3954 3957 3960 3963 3966 3969 3972 3975 3978 3981 3984 3987 3990 3993 3996 3999 4002 4005 4008 4011 4014 4017 4020 4023 4026 4029 4032 4035 4038 4041 4044 4047 4050 4053 4056 4059 4062 4065 4068 4071 4074 4077 4080 4083 4086 4089 4092 4095 4098 4101 4104 4107 4110 4113 4116 4119 4122 4125 4128 4131 4134 4137 4140 4143 4146 4149 4152 4155 4158 4161 4164 4167 4170 4173 4176 4179 4182 4185 4188 4191 4194 4197 4200 4203 4206 4209 4212 4215 4218 4221 4224 4227 4230 4233 4236 4239 4242 4245 4248 4251 4254 4257 4260 4263 4266 4269 4272 4275 4278 4281 4284 4287 4290 4293 4296 4299 4302 4305 4308 4311 4314 4317 4320 4323 4326 4329 4332 4335 4338 4341 4344 4347 4350 4353 4356 4359 4362 4365 4368 4371 4374 4377 4380 4383 4386 4389 4392 4395 4398 4401 4404 4407 4410 4413 4416 4419 4422 4425 4428 4431 4434 4437 4440 4443 4446 4449 4452 4455 4458 4461 4464 4467 4470 4473 4476 4479 4482 4485 4488 4491 4494 4497 4500 4503 4506 4509 4512 4515 4518 4521 4524 4527 4530 4533 4536 4539 4542 4545 4548 4551 4554 4557 4560 4563 4566 4569 4572 4575 4578 4581 4584 4587 4590 4593 4596 4599 4602 4605 4608 4611 4614 4617 4620 4623 4626 4629 4632 4635 4638 4641 4644 4647 4650 4653 4656 4659 4662 4665 4668 4671 4674 4677 4680 4683 4686 4689 4692 4695 4698 4701 4704 4707 4710 4713 4716 4719 4722 4725 4728 4731 4734 4737 4740 4743 4746 4749 4752 4755 4758 4761 4764 4767 4770 4773 4776 4779 4782 4785 4788 4791 4794 4797 4800 4803 4806 4809 4812 4815 4818 4821 4824 4827 4830 4833 4836 4839 4842 4845 4848 4851 4854 4857 4860 4863 4866 4869 4872 4875 4878 4881 4884 4887 4890 4893 4896 4899 4902 4905 4908 4911 4914 4917 4920 4923 4926 4929 4932 4935 4938 4941 4944 4947 4950 4953 4956 4959 4962 4965 4968 4971 4974 4977 4980 4983 4986 4989 4992 4995 4998 5001 5004 5007 5010 5013 5016 5019 5022 5025 5028 5031 5034 5037 5040 5043 5046 5049 5052 5055 5058 5061 5064 5067 5070 5073 5076 5079 5082 5085 5088 5091 5094 5097 5100 5103 5106 5109 5112 5115 5118 5121 5124 5127 5130 5133 5136 5139 5142 5145 5148 5151 5154 5157 5160 5163 5166 5169 5172 5175 5178 5181 5184 5187 5190 5193 5196 5199 5202 5205 5208 5211 5214 5217 5220 5223 5226 5229 5232 5235 5238 5241 5244 5247 5250 5253 5256 5259 5262 5265 5268 5271 5274 5277 5280 5283 5286 5289 5292 5295 5298 5301 5304 5307 5310 5313 5316 5319 5322 5325 5328 5331 5334 5337 5340 5343 5346 5349 5352 5355 5358 5361 5364 5367 5370 5373 5376 5379 5382 5385 5388 5391 5394 5397 5400 5403 5406 5409 5412 5415 5418 5421 5424 5427 5430 5433 5436 5439 5442 5445 5448 5451 5454 5457 5460 5463 5466 5469 5472 5475 5478 5481 5484 5487 5490 5493 5496 5499 5502 5505 5508 5511 5514 5517 5520 5523 5526 5529 5532 5535 5538 5541 5544 5547 5550 5553 5556 5559 5562 5565 5568 5571 5574 5577 5580 5583 5586 5589 5592 5595 5598 5601 5604 5607 5610 5613 5616 5619 5622 5625 5628 5631 5634 5637 5640 5643 5646 5649 5652 5655 5658 5661 5664 5667 5670 5673 5676 5679 5682 5685 5688 5691 5694 5697 5700 5703 5706 5709 5712 5715 5718 5721 5724 5727 5730 5733 5736 5739 5742 5745 5748 5751 5754 5757 5760 5763 5766 5769 5772 5775 5778 5781 5784 5787 5790 5793 5796 5799 5802 5805 5808 5811 5814 5817 5820 5823 5826 5829 5832 5835 5838 5841 5844 5847 5850 5853 5856 5859 5862 5865 5868 5871 5874 5877 5880 5883 5886 5889 5892 5895 5898 5901 5904 5907 5910 5913 5916 5919 5922 5925 5928 5931 5934 5937 5940 5943 5946 5949 5952 5955 5958 5961 5964 5967 5970 5973 5976 5979 5982 5985 5988 5991 5994 5997 6000 6003 6006 6009 6012 6015 6018 6021 6024 6027 6030 6033 6036 6039 6042 6045 6048 6051 6054 6057 6060 6063 6066 6069 6072 6075 6078 6081 6084 6087 6090 6093 6096 6099 6102 6105 6108 6111 6114 6117 6120 6123 6126 6129 6132 6135 6138 6141 6144 6147 6150 6153 6156 6159 6162 6165 6168 6171 6174 6177 6180 6183 6186 6189 6192 6195 6198 6201 6204 6207 6210 6213 6216 6219 6222 6225 6228 6231 6234 6237 6240 6243 6246 6249 6252 6255 6258 6261 6264 6267 6270 6273 6276 6279 6282 6285 6288 6291 6294 6297 6300 6303 6306 6309 6312 6315 6318 6321 6324 6327 6330 6333 6336 6339 6342 6345 6348 6351 6354 6357 6360 6363 6366 6369 6372 6375 6378 6381 6384 6387 6390 6393 6396 6399 6402 6405 6408 6411 6414 6417 6420 6423 6426 6429 6432 6435 6438 6441 6444 6447 6450 6453 6456 6459 6462 6465 6468 6471 6474 6477 6480 6483 6486 6489 6492 6495 6498 6501 6504 6507 6510 6513 6516 6519 6522 6525 6528 6531 6534 6537 6540 6543 6546 6549 6552 6555 6558 6561 6564 6567 6570 6573 6576 6579 6582 6585 6588 6591 6594 6597 6600 6603 6606 6609 6612 6615 6618 6621 6624 6627 6630 6633 6636 6639 6642 6645 6648 6651 6654 6657 6660 6663 6666 6669 6672 6675 6678 6681 6684 6687 6690 6693 6696 6699 6702 6705 6708 6711 6714 6717 6720 6723 6726 6729 6732 6735 6738 6741 6744 6747 6750 6753 6756 6759 6762 6765 6768 6771 6774 6777 6780 6783 6786 6789 6792 6795 6798 6801 6804 6807 6810 6813 6816 6819 6822 6825 6828 6831 6834 6837 6840 6843 6846 6849 6852 6855 6858 6861 6864 6867 6870 6873 6876 6879 6882 6885 6888 6891 6894 6897 6900 6903 6906 6909 6912 6915 6918 6921 6924 6927 6930 6933 6936 6939 6942 6945 6948 6951 6954 6957 6960 6963 6966 6969 6972 6975 6978 6981 6984 6987 6990 6993 6996 6999 7002 7005 7008 7011 7014 7017 7020 7023 7026 7029 7032 7035 7038 7041 7044 7047 7050 7053 7056 7059 7062 7065 7068 7071 7074 7077 7080 7083 7086 7089 7092 7095 7098 7101 7104 7107 7110 7113 7116 7119 7122 7125 7128 7131 7134 7137 7140 7143 7146 7149 7152 7155 7158 7161 7164 7167 7170 7173 7176 7179 7182 7185 7188 7191 7194 7197 7200 7203 7206 7209 7212 7215 7218 7221 7224 7227 7230 7233 7236 7239 7242 7245 7248 7251 7254 7257 7260 7263 7266 7269 7272 7275 7278 7281 7284 7287 7290 7293 7296 7299 7302 7305 7308 7311 7314 7317 7320 7323 7326 7329 7332 7335 7338 7341 7344 7347 7350 7353 7356 7359 7362 7365 7368 7371 7374 7377 7380 7383 7386 7389 7392 7395 7398 7401 7404 7407 7410 7413 7416 7419 7422 7425 7428 7431 7434 7437 7440 7443 7446 7449 7452 7455 7458 7461 7464 7467 7470 7473 7476 7479 7482 7485 7488 7491 7494 7497 7500 7503 7506 7509 7512 7515 7518 7521 7524 7527 7530 7533 7536 7539 7542 7545 7548 7551 7554 7557 7560 7563 7566 7569 7572 7575 7578 7581 7584 7587 7590 7593 7596 7599 7602 7605 7608 7611 7614 7617 7620 7623 7626 7629 7632 7635 7638 7641 7644 7647 7650 7653 7656 7659 7662 7665 7668 7671 7674 7677 7680
</DataArray>
<DataArray type="UInt8" Name="types" format="ascii">
5 5 5 5 5 5 5 5 5 5 5 5 5 5 5 5 5 5 5 5 5 5 5 5 5 5 5 5 5 5 5 5 5 5 5 5 5 5 5 5 5 5 5 5 5 5 5 5 5 5 5 5 5 5 5 5 5 5 5 5 5 5 5 5 5 5 5 5 5 5 5 5 5 5 5 5 5 5 5 5 5 5 5 5 5 5 5 5 5 5 5 5 5 5 5 5 5 5 5 5 5 5 5 5 5 5 5 5 5 5 5 5 5 5 5 5 5 5 5 5 5 5 5 5 5 5 5 5 5 5 5 5 5 5 5 5 5 5 5 5 5 5 5 5 5 5 5 5 5 5 5 5 5 5 5 5 5 5 5 5 5 5 5 5 5 5 5 5 5 5 5 5 5 5 5 5 5 5 5 5 5 5 5 5 5 5 5 5 5 5 5 5 5 5 5 5 5 5 5 5 5 5 5 5 5 5 5 5 5 5 5 5 5 5 5 5 5 5 5 5 5 5 5 5 5 5 5 5 5 5 5 5 5 5 5 5 5 5 5 5 5 5 5 5 5 5 5 5 5 5 5 5 5 5 5 5 5 5 5 5 5 5 5 5 5 5 5 5 5 5 5 5 5 5 5 5 5 5 5 5 5 5 5 5 5 5 5 5 5 5 5 5 5 5 5 5 5 5 5 5 5 5 5 5 5 5 5 5 5 5 5 5 5 5 5 5 5 5 5 5 5 5 5 5 5 5 5 5 5 5 5 5 5 5 5 5 5 5 5 5 5 5 5 5 5 5 5 5 5 5 5 5 5 5 5 5 5 5 5 5 5 5 5 5 5 5 5 5 5 5 5 5 5 5 5 5 5 5 5 5 5 5 5 5 5 5 5 5 5 5 5 5 5 5 5 5 5 5 5 5 5 5 5 5 5 5 5 5 5 5 5 5 5 5 5 5 5 5 5 5 5 5 5 5 5 5 5 5 5 5 5 5 5 5 5 5 5 5 5 5 5 5 5 5 5 5 5 5 5 5 5 5 5 5 5 5 5 5 5 5 5 5 5 5 5 5 5 5 5 5 5 5 5 5 5 5 5 5 5 5 5 5 5 5 5 5 5 5 5 5 5 5 5 5 5 5 5 5 5 5 5 5 5 5 5 5 5 5 5 5 5 5 5 5 5 5 5 5 5 5 5 5 5 5 5 5 5 5 5 5 5 5 5 5 5 5 5 5 5 5 5 5 5 5 5 5 5 5 5 5 5 5 5 5 5 5 5 5 5 5 5 5 5 5 5 5 5 5 5 5 5 5 5 5 5 5 5 5 5 5 5 5 5 5 5 5 5 5 5 5 5 5 5 5 5 5 5 5 5 5 5 5 5 5 5 5 5 5 5 5 5 5 5 5 5 5 5 5 5 5 5 5 5 5 5 5 5 5 5 5 5 5 5 5 5 5 5 5 5 5 5 5 5 5 5 5 5 5 5 5 5 5 5 5 5 5 5 5 5 5 5 5 5 5 5 5 5 5 5 5 5 5 5 5 5 5 5 5 5 5 5 5 5 5 5 5 5 5 5 5 5 5 5 5 5 5 5 5 5 5 5 5 5 5 5 5 5 5 5 5 5 5 5 5 5 5 5 5 5 5 5 5 5 5 5 5 5 5 5 5 5 5 5 5 5 5 5 5 5 5 5 5 5 5 5 5 5 5 5 5 5 5 5 5 5 5 5 5 5 5 5 5 5 5 5 5 5 5 5 5 5 5 5 5 5 5 5 5 5 5 5 5 5 5 5 5 5 5 5 5 5 5 5 5 5 5 5 5 5 5 5 5 5 5 5 5 5 5 5 5 5 5 5 5 5 5 5 5 5 5 5 5 5 5 5 5 5 5 5 5 5 5 5 5 5 5 5 5 5 5 5 5 5 5 5 5 5 5 5 5 5 5 5 5 5 5 5 5 5 5 5 5 5 5 5 5 5 5 5 5 5 5 5 5 5 5 5 5 5 5 5 5 5 5 5 5 5 5 5 5 5 5 5 5 5 5 5 5 5 5 5 5 5 5 5 5 5 5 5 5 5 5 5 5 5 5 5 5 5 5 5 5 5 5 5 5 5 5 5 5 5 5 5 5 5 5 5 5 5 5 5 5 5 5 5 5 5 5 5 5 5 5 5 5 5 5 5 5 5 5 5 5 5 5 5 5 5 5 5 5 5 5 5 5 5 5 5 5 5 5 5 5 5 5 5 5 5 5 5 5 5 5 5 5 5 5 5 5 5 5 5 5 5 5 5 5 5 5 5 5 5 5 5 5 5 5 5 5 5 5 5 5 5 5 5 5 5 5 5 5 5 5 5 5 5 5 5 5 5 5 5 5 5 5 5 5 5 5 5 5 5 5 5 5 5 5 5 5 5 5 5 5 5 5 5 5 5 5 5 5 5 5 5 5 5 5 5 5 5 5 5 5 5 5 5 5 5 5 5 5 5 5 5 5 5 5 5 5 5 5 5 5 5 5 5 5 5 5 5 5 5 5 5 5 5 5 5 5 5 5 5 5 5 5 5 5 5 5 5 5 5 5 5 5 5 5 5 5 5 5 5 5 5 5 5 5 5 5 5 5 5 5 5 5 5 5 5 5 5 5 5 5 5 5 5 5 5 5 5 5 5 5 5 5 5 5 5 5 5 5 5 5 5 5 5 5 5 5 5 5 5 5 5 5 5 5 5 5 5 5 5 5 5 5 5 5 5 5 5 5 5 5 5 5 5 5 5 5 5 5 5 5 5 5 5 5 5 5 5 5 5 5 5 5 5 5 5 5 5 5 5 5 5 5 5 5 5 5 5 5 5 5 5 5 5 5 5 5 5 5 5 5 5 5 5 5 5 5 5 5 5 5 5 5 5 5 5 5 5 5 5 5 5 5 5 5 5 5 5 5 5 5 5 5 5 5 5 5 5 5 5 5 5 5 5 5 5 5 5 5 5 5 5 5 5 5 5 5 5 5 5 5 5 5 5 5 5 5 5 5 5 5 5 5 5 5 5 5 5 5 5 5 5 5 5 5 5 5 5 5 5 5 5 5 5 5 5 5 5 5 5 5 5 5 5 5 5 5 5 5 5 5 5 5 5 5 5 5 5 5 5 5 5 5 5 5 5 5 5 5 5 5 5 5 5 5 5 5 5 5 5 5 5 5 5 5 5 5 5 5 5 5 5 5 5 5 5 5 5 5 5 5 5 5 5 5 5 5 5 5 5 5 5 5 5 5 5 5 5 5 5 5 5 5 5 5 5 5 5 5 5 5 5 5 5 5 5 5 5 5 5 5 5 5 5 5 5 5 5 5 5 5 5 5 5 5 5 5 5 5 5 5 5 5 5 5 5 5 5 5 5 5 5 5 5 5 5 5 5 5 5 5 5 5 5 5 5 5 5 5 5 5 5 5 5 5 5 5 5 5 5 5 5 5 5 5 5 5 5 5 5 5 5 5 5 5 5 5 5 5 5 5 5 5 5 5 5 5 5 5 5 5 5 5 5 5 5 5 5 5 5 5 5 5 5 5 5 5 5 5 5 5 5 5 5 5 5 5 5 5 5 5 5 5 5 5 5 5 5 5 5 5 5 5 5 5 5 5 5 5 5 5 5 5 5 5 5 5 5 5 5 5 5 5 5 5 5 5 5 5 5 5 5 5 5 5 5 5 5 5 5 5 5 5 5 5 5 5 5 5 5 5 5 5 5 5 5 5 5 5 5 5 5 5 5 5 5 5 5 5 5 5 5 5 5 5 5 5 5 5 5 5 5 5 5 5 5 5 5 5 5 5 5 5 5 5 5 5 5 5 5 5 5 5 5 5 5 5 5 5 5 5 5 5 5 5 5 5 5 5 5 5 5 5 5 5 5 5 5 5 5 5 5 5 5 5 5 5 5 5 5 5 5 5 5 5 5 5 5 5 5 5 5 5 5 5 5 5 5 5 5 5 5 5 5 5 5 5 5 5 5 5 5 5 5 5 5 5 5 5 5 5 5 5 5 5 5 5 5 5 5 5 5 5 5 5 5 5 5 5 5 5 5 5 5 5 5 5 5 5 5 5 5 5 5 5 5 5 5 5 5 5 5 5 5 5 5 5 5 5 5 5 5 5 5 5 5 5 5 5 5 5 5 5 5 5 5 5 5 5 5 5 5 5 5 5 5 5 5 5 5 5 5 5 5 5 5 5 5 5 5 5 5 5 5 5 5 5 5 5 5 5 5 5 5 5 5 5 5 5 5 5 5 5 5 5 5 5 5 5 5 5 5 5 5 5 5 5 5 5 5 5 5 5 5 5 5 5 5 5 5 5 5 5 5 5 5 5 5 5 5 5 5 5 5 5 5 5 5 5 5 5 5 5 5 5 5 5 5 5 5 5 5 5 5 5 5 5 5 5 5 5 5 5 5 5 5 5 5 5 5 5 5 5 5 5 5 5 5 5 5 5 5 5 5 5 5 5 5 5 5 5 5 5 5 5 5 5 5 5 5 5 5 5 5 5 5 5 5 5 5 5 5 5 5 5 5 5 5 5 5 5 5 5 5 5 5 5 5 5 5 5 5 5 5 5 5 5 5 5 5 5 5 5 5 5 5 5 5 5 5 5 5 5 5 5 5 5 5 5 5 5 5 5 5 5 5 5 5 5 5 5 5 5 5 5 5 5 5 5 5 5 5 5 5 5 5 5 5 5 5 5 5 5 5 5 5 5 5 5 5 5 5 5 5 5 5 5 5 5 5 5 5 5 5 5 5 5 5 5 5 5 5 5 5 5 5 5 5 5 5 5 5 5 5 5 5 5 5 5 5 5 5 5 5 5 5 5 5 5 5 5 5 5 5 5 5 5 5 5 5 5 5 5 5 5 5 5 5 5 5 5 5 5 5 5 5 5 5 5 5 5 5 5 5 5 5 5 5 5 5 5 5 5 5 5 5 5 5 5 5 5 5 5 5 5 5 5 5 5 5 5 5 5 5 5 5 5 5 5 5 5 5 5 5 5 5 5 5 5 5 5 5 5 5 5 5 5 5 5 5 5 5 5 5 5 5 5 5 5 5 5 5 5 5 5 5 5 5 5 5 5 5 5 5 5 5 5 5 5 5 5 5 5 5 5 5 5 5 5 5 5 5 5 5 5 5 5 5 5 5 5 5 5 5 5 5 5 5 5 5 5 5 5 5 5 5 5 5 5 5 5 5 5 5 5 5 5 5 5 5 5 5 5 5 5 5 5 5 5 5 5 5 5 5 5 5 5 5 5 5 5 5 5 5 5 5 5 5 5 5 5 5 5 5 5 5 5 5 5 5 5 5 5 5 5 5 5 5 5 5 5 5 5 5 5 5 5 5 5 5 5 5 5 5 5 5 5 5 5 5 5 5 5 5 5 5 5 5 5 5 5 5 5 5 5 5 5 5 5 5 5 5 5 5 5 5 5 5 5 5 5 5 5 5 5 5 5 5 5 5 5 5 5 5 5 5 5 5 5 5 5 5 5 5 5 5 5 5 5 5 5 5 5 5 5 5 5 5 5 5 5 5 5 5 5 5 5 5 5 5 5 5 5 5 5 5 5 5 5 5 5 5 5 5 5 5 5 5 5 5 5 5 5 5 5 5 5 5 5 5 5 5 5 5 5 5 5 5 5 5 5 5 5 5 5 5 5 5 5 5 5 5 5 5 5 5 5 5 5 5 5 5 5 5 5 5 5 5 5 5 5 5 5 5 5 5 5 5 5 5 5 5 5 5 5 5 5 5 5 5 5 5 5 5 5 5 5 5 5
</DataArray>
</Cells>
<PointData>
<DataArray type="Float64" Name="temperature [K]" NumberOfComponents="1" format="ascii">
351.05419161712393 350.45538922191446 349.8565868267049 349.2577844314957 348.6589820362863 348.0601796410771 347.46137724586754 346.86257485065835 346.2637724554488 345.6649700602391 345.06616766502964 344.4673652698197 343.86856287461 343.2697604794002 342.6709580841903 342.07215568897993 341.4733532937694 340.8745508985588 340.27574850334776 339.6769461081372 339.07814371292625 338.47934131771507 337.88053892250383 337.2817365272926 336.6829341320807 336.0841317368688 335.4853293416567 334.8865269464443 334.2877245512316 333.6889221560198 333.0901197608082 332.4913173655964 331.8925149703843 331.2937125751726 330.6949101799599 330.0961077847468 329.4973053895337 328.89850299432067 328.2997005991075 327.70089820389404 327.10209580868025 326.50329341346617 325.904491018252 325.3056886230381 324.70688622782353 324.1080838326088 323.5092814373939 322.9104790421787 322.3116766469633 321.7128742517479 321.11407185653223 320.5152694613162 319.9164670661 319.3176646708845 318.7188622756687 318.12005988045263 317.5212574852363 316.9224550900198 316.3236526948034 315.7248502995869 315.1260479043702 314.5272455091535 313.9284431139367 313.3296407187198 312.7308383235022 312.1320359282845 311.53323353306655 310.93443113784843 310.3356287426302 309.7368263474118 309.13802395219295 308.5392215569739 307.9404191617548 307.34161676653576 306.7428143713167 306.1440119760974 305.54520958087824 304.9464071856589 304.3476047904394 303.74880239521985 303.15 351.0541916171239 350.4553892219144 349.8565868267048 349.2577844314957 348.6589820362863 348.0601796410771 347.4613772458676 346.86257485065835 346.26377245544876 345.66497006023906 345.0661676650297 344.4673652698197 343.86856287461006 343.2697604794002 342.6709580841903 342.07215568897993 341.47335329376943 340.8745508985588 340.2757485033479 339.67694610813726 339.07814371292625 338.479341317715 337.8805389225038 337.28173652729265 336.68293413208073 336.08413173686887 335.48532934165667 334.88652694644435 334.2877245512316 333.6889221560199 333.09011976080825 332.4913173655964 331.8925149703844 331.2937125751727 330.69491017995995 330.09610778474683 329.4973053895338 328.8985029943207 328.29970059910755 327.7008982038941 327.10209580868025 326.5032934134662 325.90449101825203 325.3056886230382 324.70688622782353 324.1080838326088 323.5092814373939 322.9104790421787 322.31167664696335 321.71287425174796 321.11407185653223 320.5152694613163 319.91646706609987 319.31766467088454 318.71886227566876 318.12005988045263 317.5212574852364 316.9224550900199 316.3236526948035 315.7248502995869 315.1260479043701 314.5272455091535 313.92844311393674 313.3296407187197 312.73083832350216 312.1320359282845 311.53323353306655 310.93443113784843 310.3356287426302 309.73682634741186 309.138023952193 308.53922155697404 307.9404191617548 307.3416167665357 306.7428143713166 306.1440119760974 305.54520958087824 304.9464071856589 304.3476047904394 303.74880239521985 303.15 351.0541916171239 350.4553892219145 349.8565868267049 349.25778443149574 348.65898203628626 348.06017964107696 347.4613772458675 346.8625748506582 346.2637724554488 345.6649700602391 345.06616766502975 344.4673652698197 343.86856287461 343.2697604794002 342.6709580841903 342.0721556889799 341.47335329376943 340.8745508985588 340.27574850334804 339.67694610813726 339.0781437129263 338.47934131771495 337.8805389225037 337.2817365272925 336.6829341320807 336.08413173686876 335.4853293416567 334.88652694644435 334.2877245512317 333.6889221560201 333.09011976080836 332.49131736559644 331.8925149703844 331.29371257517244 330.6949101799602 330.0961077847469 329.4973053895339 328.89850299432084 328.29970059910767 327.70089820389404 327.1020958086803 326.5032934134662 325.90449101825243 325.30568862303824 324.70688622782365 324.10808383260877 323.5092814373939 322.9104790421787 322.3116766469634 321.7128742517479 321.11407185653235 320.5152694613164 319.91646706610004 319.3176646708847 318.71886227566887 318.1200598804528 317.52125748523645 316.92245509002004 316.32365269480385 315.72485029958693 315.1260479043702 314.5272455091535 313.92844311393674 313.3296407187197 312.7308383235022 312.13203592828455 311.53323353306655 310.9344311378485 310.3356287426303 309.73682634741215 309.1380239521932 308.53922155697416 307.94041916175485 307.3416167665356 306.7428143713167 306.14401197609743 305.5452095808783 304.9464071856589 304.34760479043945 303.74880239521985 303.15 351.0541916171239 350.4553892219144 349.85658682670487 349.2577844314958 348.6589820362863 348.06017964107696 347.4613772458676 346.8625748506583 346.2637724554489 345.6649700602392 345.06616766502975 344.46736526981965 343.86856287461 343.26976047940025 342.6709580841903 342.0721556889799 341.4733532937693 340.8745508985588 340.2757485033481 339.6769461081372 339.0781437129263 338.4793413177149 337.8805389225037 337.28173652729237 336.6829341320807 336.08413173686876 335.48532934165667 334.88652694644435 334.28772455123175 333.68892215602017 333.0901197608083 332.4913173655964 331.89251497038424 331.29371257517226 330.69491017995983 330.09610778474695 329.49730538953395 328.89850299432084 328.29970059910767 327.7008982038941 327.1020958086803 326.5032934134664 325.9044910182526 325.3056886230382 324.7068862278237 324.1080838326088 323.50928143739395 322.9104790421788 322.31167664696346 321.712874251748 321.11407185653235 320.51526946131645 319.91646706610015 319.31766467088477 318.7188622756689 318.12005988045286 317.52125748523645 316.9224550900202 316.32365269480385 315.72485029958676 315.12604790436995 314.52724550915343 313.9284431139367 313.3296407187196 312.73083832350227 312.1320359282845 311.53323353306655 310.9344311378484 310.3356287426303 309.73682634741226 309.1380239521931 308.53922155697427 307.94041916175473 307.3416167665356 306.7428143713166 306.1440119760974 305.54520958087824 304.94640718565887 304.3476047904394 303.74880239521974 303.15 351.0541916171236 350.45538922191423 349.856586826705 349.25778443149574 348.6589820362864 348.060179641077 347.4613772458677 346.8625748506582 346.26377245544876 345.6649700602393 345.06616766502975 344.4673652698199 343.8685628746103 343.2697604794004 342.6709580841905 342.0721556889798 341.4733532937693 340.8745508985587 340.27574850334804 339.6769461081371 339.07814371292625 338.4793413177149 337.8805389225037 337.2817365272924 336.6829341320806 336.0841317368688 335.4853293416567 334.88652694644446 334.28772455123226 333.68892215602045 333.09011976080853 332.4913173655965 331.89251497038424 331.29371257517215 330.6949101799597 330.09610778474695 329.49730538953395 328.8985029943211 328.29970059910784 327.7008982038941 327.1020958086803 326.5032934134665 325.90449101825266 325.30568862303824 324.7068862278238 324.1080838326089 323.50928143739407 322.910479042179 322.3116766469637 321.7128742517481 321.1140718565324 320.5152694613166 319.91646706610055 319.317664670885 318.71886227566904 318.1200598804529 317.5212574852366 316.9224550900203 316.3236526948039 315.7248502995868 315.1260479043699 314.5272455091535 313.9284431139367 313.32964071871965 312.7308383235022 312.13203592828455 311.5332335330666 310.9344311378484 310.33562874263026 309.736826347412 309.1380239521931 308.5392215569741 307.9404191617546 307.34161676653554 306.7428143713166 306.14401197609743 305.5452095808783 304.94640718565887 304.34760479043945 303.74880239521974 303.15 351.0541916171236 350.4553892219142 349.856586826705 349.2577844314959 348.65898203628643 348.060179641077 347.46137724586777 346.8625748506581 346.2637724554489 345.66497006023917 345.0661676650298 344.4673652698201 343.86856287461046 343.2697604794004 342.6709580841904 342.07215568897976 341.47335329376926 340.8745508985586 340.27574850334787 339.67694610813703 339.07814371292625 338.47934131771495 337.8805389225038 337.2817365272924 336.6829341320808 336.08413173686887 335.4853293416569 334.88652694644463 334.28772455123243 333.6889221560207 333.09011976080865 332.4913173655965 331.8925149703843 331.2937125751721 330.69491017995966 330.0961077847471 329.4973053895343 328.8985029943214 328.299700599108 327.70089820389416 327.1020958086804 326.50329341346674 325.9044910182529 325.3056886230383 324.7068862278239 324.10808383260905 323.50928143739424 322.9104790421794 322.311676646964 321.7128742517483 321.1140718565326 320.51526946131673 319.9164670661008 319.31766467088516 318.7188622756692 318.120059880453 317.52125748523684 316.9224550900206 316.32365269480397 315.724850299587 315.12604790437024 314.5272455091537 313.9284431139369 313.32964071871976 312.73083832350216 312.13203592828444 311.53323353306655 310.93443113784843 310.33562874263026 309.73682634741186 309.1380239521932 308.53922155697427 307.9404191617549 307.34161676653565 306.7428143713167 306.1440119760975 305.54520958087835 304.94640718565887 304.3476047904395 303.74880239521974 303.15 351.0541916171236 350.4553892219142 349.8565868267051 349.2577844314959 348.65898203628655 348.06017964107707 347.4613772458677 346.86257485065795 346.2637724554488 345.6649700602391 345.0661676650299 344.4673652698202 343.8685628746105 343.2697604794005 342.6709580841903 342.0721556889799 341.4733532937693 340.87455089855854 340.2757485033475 339.676946108137 339.07814371292613 338.47934131771495 337.88053892250383 337.2817365272924 336.68293413208096 336.08413173686904 335.48532934165706 334.88652694644486 334.28772455123254 333.68892215602085 333.0901197608088 332.4913173655966 331.8925149703844 331.2937125751721 330.6949101799596 330.09610778474723 329.4973053895344 328.89850299432146 328.2997005991083 327.7008982038943 327.1020958086807 326.50329341346685 325.9044910182527 325.30568862303835 324.70688622782393 324.1080838326092 323.50928143739446 322.9104790421796 322.3116766469644 321.71287425174864 321.114071856533 320.51526946131696 319.91646706610084 319.31766467088545 318.71886227566944 318.1200598804532 317.521257485237 316.9224550900209 316.32365269480425 315.7248502995872 315.1260479043705 314.52724550915383 313.92844311393713 313.3296407187197 312.73083832350227 312.1320359282845 311.53323353306655 310.9344311378484 310.3356287426303 309.7368263474119 309.13802395219335 308.53922155697444 307.9404191617551 307.34161676653594 306.74281437131657 306.1440119760976 305.5452095808784 304.946407185659 304.3476047904395 303.7488023952198 303.15 351.0541916171236 350.455389221914 349.8565868267049 349.25778443149574 348.65898203628655 348.0601796410772 347.4613772458677 346.86257485065806 346.26377245544876 345.6649700602392 345.0661676650299 344.4673652698202 343.8685628746106 343.2697604794005 342.6709580841903 342.0721556889798 341.4733532937693 340.8745508985585 340.27574850334753 339.6769461081369 339.07814371292625 338.47934131771507 337.8805389225039 337.28173652729254 336.68293413208096 336.084131736869 335.48532934165723 334.8865269464451 334.2877245512329 333.68892215602114 333.09011976080893 332.49131736559673 331.89251497038447 331.2937125751722 330.6949101799596 330.0961077847471 329.49730538953446 328.89850299432135 328.29970059910806 327.7008982038944 327.10209580868076 326.50329341346685 325.90449101825294 325.30568862303846 324.70688622782404 324.1080838326094 323.5092814373945 322.91047904217976 322.31167664696443 321.7128742517489 321.11407185653314 320.51526946131725 319.91646706610123 319.31766467088573 318.7188622756696 318.1200598804534 317.52125748523713 316.92245509002106 316.32365269480437 315.72485029958744 315.12604790437064 314.5272455091538 313.92844311393696 313.32964071871965 312.7308383235024 312.13203592828455 311.5332335330665 310.93443113784843 310.3356287426304 309.736826347412 309.13802395219346 308.53922155697455 307.9404191617553 307.3416167665361 306.74281437131674 306.1440119760977 305.54520958087835 304.9464071856589 304.34760479043945 303.74880239521974 303.15 351.0541916171236 350.4553892219139 349.8565868267048 349.25778443149574 348.65898203628666 348.06017964107724 347.46137724586777 346.8625748506581 346.26377245544876 345.6649700602392 345.0661676650298 344.4673652698202 343.8685628746105 343.2697604794005 342.6709580841903 342.07215568897976 341.47335329376926 340.8745508985584 340.2757485033476 339.6769461081369 339.0781437129262 338.4793413177152 337.88053892250406 337.2817365272925 336.6829341320811 336.0841317368692 335.48532934165735 334.88652694644526 334.2877245512334 333.68892215602125 333.09011976080905 332.4913173655968 331.89251497038447 331.2937125751723 330.69491017995966 330.0961077847472 329.4973053895343 328.8985029943213 328.29970059910806 327.70089820389444 327.10209580868076 326.503293413467 325.904491018253 325.3056886230385 324.70688622782416 324.1080838326096 323.50928143739475 322.91047904218004 322.3116766469646 321.71287425174904 321.11407185653337 320.5152694613175 319.91646706610175 319.3176646708859 318.7188622756699 318.1200598804536 317.5212574852373 316.9224550900211 316.3236526948045 315.72485029958756 315.1260479043707 314.52724550915383 313.9284431139369 313.3296407187197 312.73083832350255 312.13203592828455 311.5332335330665 310.9344311378485 310.33562874263055 309.7368263474121 309.1380239521936 308.5392215569747 307.9404191617554 307.3416167665362 306.74281437131697 306.1440119760978 305.54520958087835 304.9464071856589 304.34760479043945 303.7488023952198 303.15 351.05419161712354 350.45538922191395 349.85658682670476 349.25778443149574 348.6589820362865 348.0601796410771 347.46137724586777 346.86257485065823 346.2637724554488 345.6649700602393 345.06616766502987 344.4673652698202 343.8685628746105 343.2697604794004 342.6709580841903 342.07215568897976 341.4733532937693 340.87455089855837 340.27574850334764 339.676946108137 339.07814371292613 338.4793413177152 337.880538922504 337.2817365272925 336.68293413208113 336.08413173686927 335.48532934165746 334.88652694644543 334.2877245512336 333.68892215602136 333.0901197608092 332.49131736559696 331.89251497038435 331.29371257517215 330.6949101799596 330.0961077847471 329.497305389534 328.8985029943213 328.2997005991081 327.7008982038943 327.10209580868076 326.503293413467 325.90449101825305 325.3056886230387 324.7068862278242 324.10808383260974 323.509281437395 322.9104790421802 322.31167664696477 321.7128742517491 321.1140718565336 320.51526946131764 319.91646706610214 319.31766467088613 318.71886227567 318.12005988045377 317.52125748523724 316.9224550900212 316.3236526948046 315.7248502995876 315.12604790437064 314.5272455091539 313.9284431139369 313.32964071871965 312.7308383235024 312.13203592828455 311.5332335330666 310.93443113784866 310.33562874263066 309.73682634741226 309.13802395219363 308.5392215569747 307.94041916175564 307.34161676653633 306.7428143713171 306.1440119760979 305.54520958087835 304.9464071856589 304.3476047904396 303.74880239521985 303.15 351.0541916171235 350.45538922191395 349.8565868267048 349.25778443149574 348.6589820362864 348.060179641077 347.46137724586765 346.8625748506582 346.2637724554489 345.66497006023934 345.0661676650297 344.4673652698201 343.8685628746104 343.26976047940036 342.6709580841904 342.0721556889799 341.4733532937694 340.8745508985586 340.2757485033479 339.676946108137 339.07814371292636 338.4793413177152 337.880538922504 337.28173652729265 336.6829341320811 336.08413173686944 335.4853293416577 334.8865269464456 334.2877245512338 333.68892215602165 333.09011976080933 332.49131736559696 331.8925149703844 331.2937125751721 330.6949101799596 330.09610778474695 329.4973053895339 328.89850299432106 328.29970059910795 327.7008982038943 327.10209580868076 326.50329341346696 325.9044910182531 325.3056886230388 324.70688622782444 324.1080838326098 323.50928143739515 322.91047904218027 322.311676646965 321.7128742517494 321.11407185653377 320.5152694613179 319.9164670661023 319.31766467088624 318.7188622756701 318.12005988045377 317.5212574852373 316.9224550900212 316.3236526948047 315.7248502995876 315.12604790437064 314.5272455091539 313.92844311393696 313.32964071871965 312.7308383235023 312.13203592828467 311.53323353306666 310.93443113784895 310.3356287426308 309.7368263474124 309.1380239521938 308.53922155697484 307.94041916175576 307.3416167665365 306.74281437131725 306.1440119760979 305.54520958087846 304.94640718565904 304.3476047904398 303.7488023952199 303.15 351.0541916171235 350.455389221914 349.85658682670487 349.2577844314956 348.6589820362863 348.06017964107707 347.46137724586765 346.8625748506581 346.263772455449 345.66497006023945 345.0661676650298 344.46736526982016 343.86856287461006 343.2697604794003 342.6709580841903 342.0721556889799 341.47335329376943 340.8745508985587 340.275748503348 339.67694610813686 339.07814371292613 338.4793413177151 337.88053892250406 337.2817365272927 336.68293413208124 336.08413173686967 335.485329341658 334.88652694644577 334.287724551234 333.6889221560219 333.0901197608095 332.491317365597 331.89251497038447 331.29371257517204 330.6949101799597 330.0961077847469 329.4973053895338 328.89850299432095 328.2997005991079 327.7008982038943 327.10209580868076 326.5032934134672 325.90449101825317 325.3056886230389 324.7068862278244 324.10808383260996 323.5092814373953 322.91047904218027 322.31167664696517 321.7128742517496 321.11407185653394 320.5152694613182 319.9164670661025 319.3176646708864 318.7188622756702 318.12005988045377 317.5212574852374 316.92245509002123 316.32365269480465 315.7248502995877 315.12604790437064 314.5272455091539 313.928443113937 313.32964071871976 312.73083832350244 312.1320359282848 311.53323353306683 310.9344311378493 310.3356287426311 309.7368263474127 309.13802395219403 308.53922155697506 307.9404191617559 307.3416167665366 306.7428143713173 306.144011976098 305.54520958087863 304.9464071856591 304.3476047904397 303.7488023952199 303.15 351.05419161712354 350.45538922191406 349.85658682670487 349.2577844314957 348.6589820362863 348.060179641077 347.46137724586765 346.86257485065823 346.263772455449 345.6649700602395 345.06616766502964 344.4673652698203 343.8685628746102 343.26976047940036 342.67095808419026 342.07215568898 341.47335329376955 340.87455089855905 340.2757485033481 339.6769461081371 339.0781437129261 338.4793413177152 337.8805389225042 337.2817365272927 336.68293413208124 336.08413173686984 335.48532934165814 334.88652694644605 334.2877245512342 333.6889221560221 333.0901197608097 332.4913173655971 331.8925149703847 331.2937125751722 330.6949101799598 330.09610778474683 329.4973053895337 328.8985029943209 328.29970059910784 327.7008982038944 327.1020958086808 326.5032934134671 325.9044910182531 325.3056886230389 324.70688622782444 324.1080838326102 323.50928143739543 322.91047904218027 322.3116766469651 321.7128742517498 321.11407185653434 320.5152694613185 319.916467066103 319.31766467088664 318.71886227567023 318.120059880454 317.5212574852376 316.9224550900213 316.3236526948047 315.72485029958784 315.12604790437086 314.52724550915406 313.9284431139371 313.3296407187199 312.7308383235026 312.13203592828495 311.53323353306706 310.9344311378493 310.3356287426314 309.7368263474131 309.1380239521942 308.5392215569751 307.94041916175615 307.3416167665369 306.7428143713174 306.14401197609806 305.5452095808788 304.94640718565927 304.34760479043973 303.74880239521985 303.15 351.05419161712354 350.45538922191406 349.8565868267049 349.2577844314956 348.6589820362864 348.06017964107707 347.46137724586765 346.86257485065823 346.2637724554488 345.66497006023957 345.0661676650297 344.4673652698201 343.8685628746101 343.2697604794004 342.67095808419026 342.0721556889803 341.4733532937697 340.8745508985594 340.27574850334815 339.6769461081373 339.0781437129263 338.4793413177152 337.88053892250423 337.2817365272929 336.6829341320814 336.08413173687006 335.48532934165826 334.88652694644617 334.28772455123436 333.68892215602216 333.09011976080984 332.4913173655973 331.8925149703848 331.2937125751722 330.6949101799596 330.0961077847466 329.4973053895336 328.89850299432084 328.2997005991078 327.7008982038943 327.10209580868093 326.5032934134669 325.90449101825305 325.3056886230389 324.7068862278246 324.1080838326104 323.5092814373955 322.9104790421801 322.31167664696505 321.71287425174984 321.11407185653434 320.5152694613186 319.9164670661031 319.31766467088676 318.7188622756704 318.120059880454 317.52125748523764 316.92245509002123 316.32365269480454 315.7248502995879 315.12604790437086 314.5272455091541 313.92844311393725 313.32964071872 312.7308383235029 312.1320359282851 311.5332335330672 310.9344311378494 310.33562874263146 309.7368263474132 309.1380239521944 308.5392215569754 307.9404191617562 307.34161676653684 306.7428143713175 306.14401197609806 305.54520958087875 304.9464071856594 304.3476047904397 303.74880239521985 303.15 351.0541916171236 350.455389221914 349.8565868267049 349.2577844314957 348.6589820362864 348.0601796410771 347.4613772458676 346.86257485065823 346.2637724554487 345.66497006023934 345.06616766502975 344.4673652698199 343.86856287461 343.2697604794003 342.67095808419043 342.0721556889803 341.47335329376995 340.8745508985597 340.2757485033483 339.6769461081375 339.0781437129264 338.4793413177153 337.88053892250423 337.2817365272929 336.6829341320814 336.0841317368702 335.4853293416583 334.8865269464462 334.2877245512343 333.6889221560222 333.0901197608099 332.4913173655973 331.89251497038487 331.2937125751723 330.69491017995955 330.09610778474655 329.49730538953355 328.8985029943208 328.2997005991078 327.7008982038944 327.1020958086808 326.50329341346685 325.9044910182531 325.3056886230391 324.7068862278247 324.10808383261036 323.5092814373955 322.91047904218004 322.311676646965 321.7128742517499 321.11407185653445 320.51526946131867 319.91646706610305 319.3176646708868 318.7188622756706 318.12005988045405 317.5212574852377 316.9224550900211 316.3236526948045 315.72485029958773 315.12604790437075 314.52724550915406 313.9284431139373 313.3296407187201 312.73083832350284 312.1320359282852 311.53323353306735 310.9344311378497 310.33562874263146 309.73682634741317 309.1380239521946 308.5392215569755 307.9404191617561 307.3416167665367 306.7428143713175 306.14401197609806 305.5452095808787 304.9464071856594 304.3476047904396 303.74880239521985 303.15 351.05419161712365 350.45538922191406 349.85658682670487 349.25778443149574 348.6589820362865 348.0601796410769 347.46137724586754 346.8625748506581 346.2637724554486 345.66497006023917 345.06616766502964 344.4673652698198 343.86856287461 343.2697604794004 342.6709580841905 342.07215568898033 341.4733532937701 340.87455089855996 340.27574850334855 339.67694610813754 339.07814371292653 338.4793413177153 337.8805389225043 337.2817365272929 336.68293413208147 336.0841317368702 335.48532934165837 334.8865269464463 334.2877245512343 333.6889221560223 333.09011976080996 332.4913173655975 331.892514970385 331.29371257517244 330.6949101799596 330.0961077847465 329.4973053895336 328.8985029943208 328.2997005991077 327.7008982038944 327.10209580868053 326.50329341346674 325.90449101825317 325.3056886230391 324.70688622782484 324.1080838326103 323.5092814373955 322.9104790421802 322.3116766469649 321.71287425174995 321.1140718565345 320.5152694613187 319.91646706610317 319.3176646708869 318.71886227567063 318.1200598804542 317.52125748523775 316.92245509002106 316.3236526948044 315.7248502995877 315.12604790437086 314.5272455091541 313.9284431139373 313.3296407187202 312.73083832350295 312.13203592828523 311.53323353306735 310.9344311378497 310.3356287426315 309.7368263474131 309.13802395219454 308.5392215569757 307.9404191617561 307.3416167665367 306.7428143713175 306.14401197609806 305.54520958087875 304.9464071856593 304.3476047904395 303.74880239521974 303.15 351.05419161712365 350.45538922191406 349.8565868267048 349.25778443149574 348.65898203628643 348.06017964107696 347.4613772458675 346.8625748506581 346.26377245544853 345.6649700602391 345.06616766502964 344.4673652698198 343.86856287460995 343.2697604794003 342.6709580841905 342.0721556889803 341.4733532937702 340.87455089856 340.27574850334867 339.6769461081376 339.07814371292653 338.47934131771535 337.88053892250423 337.28173652729294 336.6829341320815 336.08413173687 335.48532934165837 334.88652694644634 334.2877245512346 333.6889221560223 333.09011976081 332.4913173655975 331.892514970385 331.29371257517255 330.69491017995955 330.0961077847465 329.4973053895336 328.8985029943208 328.2997005991078 327.7008982038944 327.1020958086806 326.5032934134667 325.90449101825317 325.30568862303926 324.7068862278249 324.1080838326103 323.5092814373955 322.91047904218016 322.31167664696477 321.71287425174984 321.1140718565345 320.5152694613188 319.9164670661032 319.317664670887 318.71886227567063 318.1200598804542 317.5212574852377 316.92245509002106 316.3236526948044 315.7248502995877 315.1260479043709 314.5272455091541 313.9284431139373 313.3296407187202 312.7308383235029 312.1320359282853 311.53323353306735 310.93443113784986 310.3356287426315 309.7368263474131 309.1380239521945 308.5392215569757 307.94041916175604 307.3416167665367 306.7428143713175 306.14401197609806 305.5452095808787 304.9464071856593 304.34760479043945 303.74880239521957 303.15
</DataArray>
<DataArray type="Float64" Name="displacement [m]" NumberOfComponents="3" format="ascii">
0.0 0.0 0.0 1.36019818005101e-06 0.0 0.0 2.67942757721526e-06 0.0 0.0 3.96120867948683e-06 0.0 0.0 5.20850816326666e-06 0.0 0.0 6.4234322253704e-06 0.0 0.0 7.60724867161338e-06 0.0 0.0 8.76053539461999e-06 0.0 0.0 9.88336298703155e-06 0.0 0.0 1.09754658323697e-05 0.0 0.0 1.20363822687483e-05 0.0 0.0 1.30655593188966e-05 0.0 0.0 1.40624250121318e-05 0.0 0.0 1.50264343240933e-05 0.0 0.0 1.59570952562291e-05 0.0 0.0 1.68539808828597e-05 0.0 0.0 1.77167320735715e-05 0.0 0.0 1.85450544488238e-05 0.0 0.0 1.93387121216821e-05 0.0 0.0 2.0097519972799e-05 0.0 0.0 2.08213355949917e-05 0.0 0.0 2.15100516001172e-05 0.0 0.0 2.21635886704876e-05 0.0 0.0 2.27818895279091e-05 0.0 0.0 2.33649138586639e-05 0.0 0.0 2.39126341510454e-05 0.0 0.0 2.44250323570817e-05 0.0 0.0 2.49020972697346e-05 0.0 0.0 2.53438225023386e-05 0.0 0.0 2.57502049621326e-05 0.0 0.0 2.61212437201132e-05 0.0 0.0 2.64569391922212e-05 0.0 0.0 2.67572925601965e-05 0.0 0.0 2.70223053731694e-05 0.0 0.0 2.72519792825708e-05 0.0 0.0 2.74463158729548e-05 0.0 0.0 2.76053165597746e-05 0.0 0.0 2.77289825321106e-05 0.0 0.0 2.78173147239748e-05 0.0 0.0 2.78703138023034e-05 0.0 0.0 2.78879801633139e-05 0.0 0.0 2.78703139317561e-05 0.0 0.0 2.78173149599464e-05 0.0 0.0 2.77289828255331e-05 0.0 0.0 2.76053168289119e-05 0.0 0.0 2.74463159932838e-05 0.0 0.0 2.72519790727308e-05 0.0 0.0 2.70223045765829e-05 0.0 0.0 2.6757290821984e-05 0.0 0.0 2.64569360311583e-05 0.0 0.0 2.61212384956555e-05 0.0 0.0 2.57501968370324e-05 0.0 0.0 2.53438104021807e-05 0.0 0.0 2.49020798419433e-05 0.0 0.0 2.44250079337428e-05 0.0 0.0 2.39126007224318e-05 0.0 0.0 2.3364869067881e-05 0.0 0.0 2.27818307018678e-05 0.0 0.0 2.21635129087984e-05 0.0 0.0 2.15099559518494e-05 0.0 0.0 2.08212173639423e-05 0.0 0.0 2.00973772052723e-05 0.0 0.0 1.9338544346846e-05 0.0 0.0 1.85448637598856e-05 0.0 0.0 1.77165246562677e-05 0.0 0.0 1.68537691110841e-05 0.0 0.0 1.59569004723444e-05 0.0 0.0 1.50262903825826e-05 0.0 0.0 1.40623825515429e-05 0.0 0.0 1.30656904747459e-05 0.0 0.0 1.20367850547479e-05 0.0 0.0 1.09762665850839e-05 0.0 0.0 9.88471400941624e-06 0.0 0.0 8.76260332630489e-06 0.0 0.0 7.61018759207541e-06 0.0 0.0 6.42733495846841e-06 0.0 0.0 5.21333060328665e-06 0.0 0.0 3.96666401630767e-06 0.0 0.0 2.68484036413442e-06 0.0 0.0 1.36425122566449e-06 0.0 0.0 0.0 0.0 0.0 1.33192682176329e-22 2.00833208231434e-06 0.0 1.36127563047333e-06 2.00584872479416e-06 0.0 2.68095843981215e-06 1.99915187652563e-06 0.0 3.96306858552218e-06 1.98889440222561e-06 0.0 5.21066759421724e-06 1.9757433092669e-06 0.0 6.42588537544301e-06 1.96040505571537e-06 0.0 7.60999017508358e-06 1.94352170963576e-06 0.0 8.76355253666606e-06 1.92562281488698e-06 0.0 9.88663478106822e-06 1.90711542087157e-06 0.0 1.09789650811082e-05 1.88829460515961e-06 0.0 1.2040078487782e-05 1.86936257387256e-06 0.0 1.30694214376285e-05 1.85044941241989e-06 0.0 1.40664234142284e-05 1.83163200998343e-06 0.0 1.50305421547178e-05 1.81294978419607e-06 0.0 1.59612890961211e-05 1.7944169795343e-06 0.0 1.68582409470098e-05 1.77603185971672e-06 0.0 1.77210420903782e-05 1.75778331839676e-06 0.0 1.85494013488019e-05 1.73965545859628e-06 0.0 1.93430856318936e-05 1.72163063641603e-06 0.0 2.01019121830305e-05 1.70369138109456e-06 0.0 2.08257405374897e-05 1.68582151759946e-06 0.0 2.15144648667624e-05 1.66800674107357e-06 0.0 2.21680070788227e-05 1.65023482843731e-06 0.0 2.27863108392503e-05 1.63249562141368e-06 0.0 2.33693365465055e-05 1.61478087578969e-06 0.0 2.39170572151678e-05 1.59708404195937e-06 0.0 2.4429455177468e-05 1.57940001981247e-06 0.0 2.49065194940591e-05 1.56172491514763e-06 0.0 2.53482439610312e-05 1.54405581357389e-06 0.0 2.57546256055827e-05 1.52639058016149e-06 0.0 2.61256635732867e-05 1.50872768799217e-06 0.0 2.64613583227099e-05 1.4910660755225e-06 0.0 2.67617110564353e-05 1.47340503076367e-06 0.0 2.70267233302071e-05 1.45574409928243e-06 0.0 2.72563967933453e-05 1.43808301263437e-06 0.0 2.74507330235045e-05 1.42042163382941e-06 0.0 2.76097334272105e-05 1.40275991664059e-06 0.0 2.77333991844946e-05 1.38509787589119e-06 0.0 2.78217312214994e-05 1.3674355662147e-06 0.0 2.78747301993651e-05 1.34977306712967e-06 0.0 2.78923965112164e-05 1.33211047257362e-06 0.0 2.78747302818878e-05 1.31444788327822e-06 0.0 2.78217313673427e-05 1.29678540053124e-06 0.0 2.77333993527731e-05 1.27912311995148e-06 0.0 2.76097335503011e-05 1.2614611239005e-06 0.0 2.74507329992462e-05 1.24379947106678e-06 0.0 2.72563964742619e-05 1.22613818158784e-06 0.0 2.70267225094988e-05 1.20847721582769e-06 0.0 2.67617094505236e-05 1.19081644461248e-06 0.0 2.64613555502423e-05 1.17315560836312e-06 0.0 2.61256591307596e-05 1.15549426218242e-06 0.0 2.57546188401656e-05 1.13783170360252e-06 0.0 2.53482340418494e-05 1.12016687945134e-06 0.0 2.49065053841994e-05 1.10249826826405e-06 0.0 2.44294356104255e-05 1.08482373500413e-06 0.0 2.3917030681497e-05 1.06714035579251e-06 0.0 2.33693012992442e-05 1.04944421217774e-06 0.0 2.2786264930464e-05 1.03173015763376e-06 0.0 2.21679484446124e-05 1.01399156399902e-06 0.0 2.15143914845505e-05 9.96220063206185e-07 0.0 2.08256506876155e-05 9.78405310850118e-07 0.0 2.01018048568157e-05 9.60534814132935e-07 0.0 1.93429611403226e-05 9.42593889070923e-07 0.0 1.85492621991628e-05 9.24565842502672e-07 0.0 1.77208942107498e-05 9.06432515767412e-07 0.0 1.68580953460083e-05 8.88175381632921e-07 0.0 1.59611640387423e-05 8.69777456825774e-07 0.0 1.50304658969233e-05 8.51226380978252e-07 0.0 1.40664374376621e-05 8.32519116987142e-07 0.0 1.30695839095547e-05 8.13668836539966e-07 0.0 1.20404672636595e-05 7.94714636510215e-07 0.0 1.09796788767168e-05 7.75734716081939e-07 0.0 9.88779010481013e-06 7.56863393130371e-07 0.0 8.76527266243012e-06 7.38311624585441e-07 0.0 7.61238123273687e-06 7.20389223344588e-07 0.0 6.42899436676083e-06 7.03524500376146e-07 0.0 5.21441884451543e-06 6.88273736013894e-07 0.0 3.96717894209759e-06 6.75309616729129e-07 0.0 2.68483495395764e-06 6.65376564191086e-07 0.0 1.36390280379138e-06 6.5920510676068e-07 0.0 0.0 6.57406485603992e-07 0.0 1.33555278706264e-22 4.01655671810989e-06 0.0 1.36284979258888e-06 4.01164520836191e-06 0.0 2.68389197001115e-06 3.99831773793459e-06 0.0 3.96725828277558e-06 3.97777224737659e-06 0.0 5.21608552705347e-06 3.95142177583177e-06 0.0 6.43249561735911e-06 3.92070350394641e-06 0.0 7.6177263007863e-06 3.88690947091129e-06 0.0 8.77231760558039e-06 3.85109936632401e-06 0.0 9.89631052878134e-06 3.81408465837279e-06 0.0 1.09894233644243e-05 3.77645187199003e-06 0.0 1.20511914375007e-05 3.73860195427946e-06 0.0 1.30810689245228e-05 3.70079227337305e-06 0.0 1.40784976729982e-05 3.66317458270034e-06 0.0 1.50429500021359e-05 3.62582639726842e-06 0.0 1.59739523697749e-05 3.58877544640991e-06 0.0 1.68710957696097e-05 3.55201790617369e-06 0.0 1.77340374544979e-05 3.51553148804782e-06 0.0 1.8562497386842e-05 3.47928449376753e-06 0.0 1.93562518184876e-05 3.44324182669139e-06 0.0 2.01151256235492e-05 3.40736877948984e-06 0.0 2.08389844276656e-05 3.37163324521195e-06 0.0 2.15277271612331e-05 3.3360068454833e-06 0.0 2.21812793758414e-05 3.30046534241655e-06 0.0 2.27995874704467e-05 3.26498859967508e-06 0.0 2.33826138506963e-05 3.229560280043e-06 0.0 2.39303329709703e-05 3.19416740797639e-06 0.0 2.44427281688024e-05 3.15879988215376e-06 0.0 2.49197891840593e-05 3.12344999164531e-06 0.0 2.5361510252453e-05 3.0881119671595e-06 0.0 2.57678886688305e-05 3.05278158360827e-06 0.0 2.61389237262769e-05 3.01745582013887e-06 0.0 2.64746159497098e-05 2.98213257739362e-06 0.0 2.67749665556273e-05 2.94681044799246e-06 0.0 2.7039977081982e-05 2.91148853426885e-06 0.0 2.72696491432159e-05 2.87616630652056e-06 0.0 2.74639842750749e-05 2.84084349502199e-06 0.0 2.76229838418718e-05 2.80552000946945e-06 0.0 2.77466489854874e-05 2.77019588017576e-06 0.0 2.78349806007277e-05 2.7348712160473e-06 0.0 2.78879793259043e-05 2.6995461750658e-06 0.0 2.79056455408606e-05 2.66422094359815e-06 0.0 2.78879793673588e-05 2.62889572133034e-06 0.0 2.78349806689466e-05 2.59357070894516e-06 0.0 2.77466490493578e-05 2.55824609582524e-06 0.0 2.7622983850341e-05 2.52292204505782e-06 0.0 2.74639841517457e-05 2.48759867284441e-06 0.0 2.72696487789292e-05 2.45227601908212e-06 0.0 2.70399763252567e-05 2.41695400539302e-06 0.0 2.6774965200877e-05 2.38163237625568e-06 0.0 2.64746137232631e-05 2.34631061817332e-06 0.0 2.6138920270437e-05 2.31098785105897e-06 0.0 2.57678835245405e-05 2.27566268532211e-06 0.0 2.53615028416511e-05 2.2403330376539e-06 0.0 2.49197787935591e-05 2.20499589844204e-06 0.0 2.44427139386093e-05 2.169647044418e-06 0.0 2.39303138914271e-05 2.13428069198551e-06 0.0 2.33825887748716e-05 2.09888909030833e-06 0.0 2.2799555150861e-05 2.06346205947028e-06 0.0 2.21812385381289e-05 2.0279864889595e-06 0.0 2.15276766318299e-05 1.99244582681858e-06 0.0 2.08389233382316e-05 1.95681961192522e-06 0.0 2.01150537216643e-05 1.9210831334417e-06 0.0 1.93561699221014e-05 1.88520734556512e-06 0.0 1.85624080284993e-05 1.84915922614782e-06 0.0 1.7733945769152e-05 1.81290284917003e-06 0.0 1.68710106838491e-05 1.77640154872219e-06 0.0 1.59738881443364e-05 1.73962169137799e-06 0.0 1.50429281517846e-05 1.70253874797299e-06 0.0 1.40785492167041e-05 1.66514656162198e-06 0.0 1.30812367678288e-05 1.62747092618353e-06 0.0 1.20515324012828e-05 1.5895887605729e-06 0.0 1.09900088735061e-05 1.55165415689753e-06 0.0 9.89722418566096e-06 1.51393213197089e-06 0.0 8.77364679881803e-06 1.47683957511157e-06 0.0 7.61954387003308e-06 1.44099004167642e-06 0.0 6.43482713234752e-06 1.40723412121103e-06 0.0 5.2188592891358e-06 1.37668016033176e-06 0.0 3.97024050969612e-06 1.35067267559699e-06 0.0 2.6866214521603e-06 1.33070157955529e-06 0.0 1.36462476720356e-06 1.31822104059523e-06 0.0 0.0 1.31439585189143e-06 0.0 2.67127466269577e-22 6.02486105528136e-06 0.0 1.36508430839902e-06 6.01751998859183e-06 0.0 2.68832098562894e-06 5.99749994447317e-06 0.0 3.97386575922017e-06 5.96656836967486e-06 0.0 5.22485271620525e-06 5.92691376464105e-06 0.0 6.4433565621106e-06 5.88073491127762e-06 0.0 7.63055064109626e-06 5.82998321406048e-06 0.0 8.78692050793122e-06 5.77624642365776e-06 0.0 9.91247323760475e-06 5.72073339296783e-06 0.0 1.10069145942975e-05 5.66431398926989e-06 0.0 1.20697848493606e-05 5.60758068918939e-06 0.0 1.31005551927748e-05 5.55091256813972e-06 0.0 1.40986914311687e-05 5.4945323707183e-06 0.0 1.5063692709544e-05 5.43855329485889e-06 0.0 1.59951122980766e-05 5.38301525877288e-06 0.0 1.68925661746713e-05 5.32791184461904e-06 0.0 1.77557337634548e-05 5.27320959201806e-06 0.0 1.8584353989971e-05 5.21886132042328e-06 0.0 1.937821885213e-05 5.16481496004854e-06 0.0 2.01371659748253e-05 5.1110191074976e-06 0.0 2.0861071080988e-05 5.0574262622094e-06 0.0 2.15498409323963e-05 5.00399447157973e-06 0.0 2.2203407032742e-05 4.95068792440586e-06 0.0 2.28217202123944e-05 4.89747688308572e-06 0.0 2.34047461045735e-05 4.84433722999394e-06 0.0 2.39524614575301e-05 4.79124981681239e-06 0.0 2.44648511928214e-05 4.73819974166983e-06 0.0 2.4941906105585e-05 4.68517563277002e-06 0.0 2.53836211014398e-05 4.63216898460375e-06 0.0 2.57899938710608e-05 4.57917357047126e-06 0.0 2.61610239139862e-05 4.52618494021154e-06 0.0 2.64967118354264e-05 4.47320000265757e-06 0.0 2.67970588522342e-05 4.42021668681419e-06 0.0 2.70620664558348e-05 4.3672336728828e-06 0.0 2.72917361903327e-05 4.31425018314228e-06 0.0 2.74860695129894e-05 4.26126582268811e-06 0.0 2.76450677117916e-05 4.20828046066935e-06 0.0 2.77687318609916e-05 4.15529414362304e-06 0.0 2.78570628004551e-05 4.10230703356866e-06 0.0 2.79100611285852e-05 4.04931936454671e-06 0.0 2.79277272016949e-05 3.99633141217509e-06 0.0 2.7910061135176e-05 3.94334347149695e-06 0.0 2.78570628038412e-05 3.89035583887263e-06 0.0 2.77687318405887e-05 3.83736879390872e-06 0.0 2.76450676342197e-05 3.78438257741041e-06 0.0 2.74860693290164e-05 3.73139736108938e-06 0.0 2.7291735830732e-05 3.67841320426368e-06 0.0 2.70620658261344e-05 3.62542999206367e-06 0.0 2.67970578263842e-05 3.57244734874137e-06 0.0 2.64967102485006e-05 3.51946451861951e-06 0.0 2.61610215541826e-05 3.4664802061043e-06 0.0 2.57899904714993e-05 3.41349236516029e-06 0.0 2.5383616332593e-05 3.36049792792431e-06 0.0 2.49418995696695e-05 3.30749246203701e-06 0.0 2.44648424221453e-05 3.25446974725492e-06 0.0 2.39524499197098e-05 3.20142126462093e-06 0.0 2.34047312187423e-05 3.14833559680849e-06 0.0 2.2821701382103e-05 3.09519774742609e-06 0.0 2.22033837032678e-05 3.04198840168544e-06 0.0 2.15498126826978e-05 2.98868317302214e-06 0.0 2.08610377636185e-05 2.93525191276687e-06 0.0 2.01371279207617e-05 2.88165820632996e-06 0.0 1.93781771615959e-05 2.82785924405372e-06 0.0 1.85843109346554e-05 2.77380634346214e-06 0.0 1.77556933294136e-05 2.7194465188136e-06 0.0 1.68925347772987e-05 2.6647256513319e-06 0.0 1.59950996981648e-05 2.60959401705467e-06 0.0 1.50637131473824e-05 2.5540151843104e-06 0.0 1.4098764963811e-05 2.4979795963274e-06 0.0 1.31007091488933e-05 2.44152448119632e-06 0.0 1.20700551709809e-05 2.38476200618445e-06 0.0 1.10073465526614e-05 2.32791763921435e-06 0.0 9.91312049454402e-06 2.27138013474528e-06 0.0 8.78784063636427e-06 2.21576277532234e-06 0.0 7.63179402559768e-06 2.16197150153541e-06 0.0 6.44494453669779e-06 2.11126829291562e-06 0.0 5.22674136227801e-06 2.06530728236056e-06 0.0 3.97589706868868e-06 2.02610845287335e-06 0.0 2.69017859667673e-06 1.99592503156779e-06 0.0 1.3662944499647e-06 1.97696665251376e-06 0.0 0.0 1.97098455190553e-06 0.0 5.34251132741937e-22 8.03339743109601e-06 0.0 1.36808457915783e-06 8.02357706550111e-06 0.0 2.6943773732412e-06 7.99671363935527e-06 0.0 3.98303502958654e-06 7.95521629420923e-06 0.0 5.23712924933053e-06 7.90209362123363e-06 0.0 6.45863752096067e-06 7.84033554226621e-06 0.0 7.64863259331119e-06 7.7725616055881e-06 0.0 8.80752239196134e-06 7.70088170981241e-06 0.0 9.9352696802145e-06 7.62689006833509e-06 0.0 1.10315675791095e-05 7.55172710129312e-06 0.0 1.20959682248741e-05 7.47616587124911e-06 0.0 1.31279707869417e-05 7.40069893166824e-06 0.0 1.4127077733661e-05 7.32561444407777e-06 0.0 1.50928278873969e-05 7.25105791508056e-06 0.0 1.60248133554908e-05 7.1770797250526e-06 0.0 1.69226857795913e-05 7.10367027578802e-06 0.0 1.7786155884074e-05 7.03078507913286e-06 0.0 1.86149891296792e-05 6.95836204154384e-06 0.0 1.9408999384707e-05 6.88633290042144e-06 0.0 2.01680418690934e-05 6.81463040573931e-06 0.0 2.08920061563158e-05 6.74319249357687e-06 0.0 2.15808096894513e-05 6.67196439788963e-06 0.0 2.22343920442697e-05 6.60089940103834e-06 0.0 2.28527100253521e-05 6.52995872945066e-06 0.0 2.3435733589065e-05 6.45911095143032e-06 0.0 2.39834425333827e-05 6.3883311217041e-06 0.0 2.449582386687e-05 6.31759983438376e-06 0.0 2.49728697587416e-05 6.2469022861359e-06 0.0 2.54145759724123e-05 6.17622740909969e-06 0.0 2.58209406918534e-05 6.10556710409204e-06 0.0 2.61919636602892e-05 6.03491558542123e-06 0.0 2.65276455622588e-05 5.96426883648799e-06 0.0 2.6827987591527e-05 5.89362416821288e-06 0.0 2.7092991157999e-05 5.82297986862727e-06 0.0 2.73226576962644e-05 5.75233493054273e-06 0.0 2.75169885465206e-05 5.6816888442263e-06 0.0 2.76759848854062e-05 5.61104144285593e-06 0.0 2.77996476898001e-05 5.5403927897931e-06 0.0 2.78879777210726e-05 5.46974309810257e-06 0.0 2.7940975520775e-05 5.39909267408673e-06 0.0 2.79586414115112e-05 5.32844187776468e-06 0.0 2.79409754989172e-05 5.25779109414154e-06 0.0 2.78879776724643e-05 5.1871407097397e-06 0.0 2.77996476043531e-05 5.11649108917877e-06 0.0 2.76759847472384e-05 5.04584254658357e-06 0.0 2.75169883330841e-05 4.97519530627023e-06 0.0 2.73226573772356e-05 4.90454944651562e-06 0.0 2.70929906939989e-05 4.83390481927631e-06 0.0 2.68279869327798e-05 4.76326093752916e-06 0.0 2.65276446473636e-05 4.69261682052522e-06 0.0 2.61919624153661e-05 4.62197078579895e-06 0.0 2.58209390304549e-05 4.55132017543795e-06 0.0 2.54145737967564e-05 4.48066100317537e-06 0.0 2.49728669630462e-05 4.40998750873224e-06 0.0 2.44958203438554e-05 4.33929160710839e-06 0.0 2.39834381853691e-05 4.26856222403727e-06 0.0 2.34357283455363e-05 4.1977845157419e-06 0.0 2.28527038693886e-05 4.12693898302418e-06 0.0 2.22343850508678e-05 4.05600050867704e-06 0.0 2.15808020794331e-05 3.98493737597187e-06 0.0 2.08919983702617e-05 3.91371036809558e-06 0.0 2.01680346664539e-05 3.84227210843595e-06 0.0 1.94089939739314e-05 3.77056688526995e-06 0.0 1.86149873358045e-05 3.69853131880009e-06 0.0 1.77861603608402e-05 3.62609638218003e-06 0.0 1.69227002741049e-05 3.5531914910299e-06 0.0 1.60248430355023e-05 3.47975163817516e-06 0.0 1.50928797457113e-05 3.40572887979798e-06 0.0 1.4127161092407e-05 3.33110987465292e-06 0.0 1.31280979351745e-05 3.25594161408311e-06 0.0 1.20961552241528e-05 3.18036787598399e-06 0.0 1.10318352202883e-05 3.10467909149707e-06 0.0 9.93564435977925e-06 3.02937780339486e-06 0.0 8.80803607925332e-06 2.95525990937544e-06 0.0 7.64931979838384e-06 2.88350708848991e-06 0.0 6.45952525430316e-06 2.81577648804682e-06 0.0 5.23821463552159e-06 2.75425873828556e-06 0.0 3.98424828029444e-06 2.70165626235515e-06 0.0 2.69553984790189e-06 2.66101805041568e-06 0.0 1.36888495552187e-06 2.63536996317816e-06 0.0 0.0 2.62712641958583e-06 0.0 -1.60275339822581e-21 1.00422944035491e-05 0.0 1.37194717945457e-06 1.00299005400793e-05 0.0 2.7022229127174e-06 9.99596489335242e-06 0.0 3.99497050695355e-06 9.94364123141895e-06 0.0 5.25314948923886e-06 9.87682672769094e-06 0.0 6.478587883897e-06 9.79933574985701e-06 0.0 7.67222064469455e-06 9.71446160096626e-06 0.0 8.834357691928e-06 9.62482511286598e-06 0.0 9.96491131485373e-06 9.53238816937809e-06 0.0 1.10635660707499e-05 9.43854412603562e-06 0.0 1.21298962904455e-05 9.34423209847605e-06 0.0 1.31634424949332e-05 9.25004748745638e-06 0.0 1.4163757989232e-05 9.15633685429329e-06 0.0 1.51304348578712e-05 9.0632738965263e-06 0.0 1.60631162800014e-05 8.97091745975241e-06 0.0 1.69615001150128e-05 8.87925420673356e-06 0.0 1.78253372002145e-05 8.78822896517994e-06 0.0 1.86544266985172e-05 8.69776558281271e-06 0.0 1.944861004587e-05 8.60778069879965e-06 0.0 2.02077644929084e-05 8.51819237491596e-06 0.0 2.09317968486895e-05 8.42892509829692e-06 0.0 2.16206377692922e-05 8.33991230000015e-06 0.0 2.22742367561992e-05 8.25109723502087e-06 0.0 2.28925579138413e-05 8.16243283453216e-06 0.0 2.34755764442276e-05 8.07388096077191e-06 0.0 2.40232758158093e-05 7.98541135934853e-06 0.0 2.45356455237748e-05 7.89700050371446e-06 0.0 2.50126793527041e-05 7.80863045431522e-06 0.0 2.54543740547712e-05 7.72028780394823e-06 0.0 2.58607283638551e-05 7.63196274588522e-06 0.0 2.6231742275535e-05 7.54364827813878e-06 0.0 2.65674165333572e-05 7.45533954262527e-06 0.0 2.68677522719489e-05 7.36703328938736e-06 0.0 2.71327507769168e-05 7.27872745160293e-06 0.0 2.73624133297128e-05 7.19042081542017e-06 0.0 2.75567411126672e-05 7.10211276870269e-06 0.0 2.77157351552169e-05 7.01380311381648e-06 0.0 2.7839396307078e-05 6.92549193113755e-06 0.0 2.79277252278824e-05 6.83717948165915e-06 0.0 2.79807223857583e-05 6.7488661387077e-06 0.0 2.79983880596571e-05 6.66055234019241e-06 0.0 2.79807223420581e-05 6.57223855392755e-06 0.0 2.79277251401693e-05 6.48392524932912e-06 0.0 2.78393961750317e-05 6.39561286917165e-06 0.0 2.77157349791519e-05 6.30730179508445e-06 0.0 2.75567408945774e-05 6.21899230006822e-06 0.0 2.73624130748143e-05 6.13068448053333e-06 0.0 2.71327504958248e-05 6.04237815922307e-06 0.0 2.68677519836565e-05 5.95407274893832e-06 0.0 2.65674162692213e-05 5.86576706530668e-06 0.0 2.62317420845069e-05 5.77745907508021e-06 0.0 2.58607283192169e-05 5.68914556482262e-06 0.0 2.5454374262647e-05 5.60082171369764e-06 0.0 2.50126799625946e-05 5.51248055389721e-06 0.0 2.45356467412983e-05 5.42411230377329e-06 0.0 2.40232779176953e-05 5.33570356297422e-06 0.0 2.34755797953685e-05 5.24723636723677e-06 0.0 2.28925629858089e-05 5.15868711483815e-06 0.0 2.22742441460179e-05 5.07002539958593e-06 0.0 2.16206482163453e-05 4.98121281991414e-06 0.0 2.09318112463277e-05 4.89220188442074e-06 0.0 2.02077838895468e-05 4.80293520645281e-06 0.0 1.94486356280972e-05 4.71334528093865e-06 0.0 1.86544597461795e-05 4.62335527400377e-06 0.0 1.78253790012549e-05 4.5328814401373e-06 0.0 1.6961551827707e-05 4.44183802452907e-06 0.0 1.60631787357044e-05 4.35014582212146e-06 0.0 1.51305083152269e-05 4.25774596051296e-06 0.0 1.4163841892296e-05 4.16462095343735e-06 0.0 1.31635353683026e-05 4.07082561445517e-06 0.0 1.21299960372365e-05 3.97653095121076e-06 0.0 1.10636711105882e-05 3.88208448335702e-06 0.0 9.96502310991312e-06 3.78809010045579e-06 0.0 8.83448496912762e-06 3.69550869728726e-06 0.0 7.67238445656711e-06 3.60577574548012e-06 0.0 6.47882390741481e-06 3.52092117758858e-06 0.0 5.25350002408371e-06 3.4436579131388e-06 0.0 3.99545691405097e-06 3.3773783086941e-06 0.0 2.7027953916187e-06 3.32597097256697e-06 0.0 1.37242173031292e-06 3.29336426858859e-06 0.0 0.0 3.28274883681218e-06 0.0 0.0 1.20516600577383e-05 0.0 1.37678113553008e-06 1.20365542661184e-05 0.0 2.71205966931898e-06 1.19952399450803e-05 0.0 4.00994431561094e-06 1.19317507354972e-05 0.0 5.27323059989607e-06 1.18509643892628e-05 0.0 6.50354422955756e-06 1.17575577186799e-05 0.0 7.70164734458361e-06 1.16554985634798e-05 0.0 8.86773695163101e-06 1.15479004840048e-05 0.0 1.00016753262952e-05 1.14370689964639e-05 0.0 1.11031485208721e-05 1.13246279365794e-05 0.0 1.2171767945984e-05 1.12116646663471e-05 0.0 1.3207131874109e-05 1.10988648087824e-05 0.0 1.42088603504483e-05 1.09866252408174e-05 0.0 1.51766130677605e-05 1.08751432859808e-05 0.0 1.6110096622254e-05 1.07644841978873e-05 0.0 1.70090653599235e-05 1.06546305049861e-05 0.0 1.78733185483965e-05 1.05455169726634e-05 0.0 1.87026956395544e-05 1.04370545675424e-05 0.0 1.94970707480566e-05 1.03291462512411e-05 0.0 2.02563470442793e-05 1.02216968603092e-05 0.0 2.09804514739496e-05 1.01146188179747e-05 0.0 2.16693300251379e-05 1.00078349948992e-05 0.0 2.23229436368852e-05 9.90127969102114e-06 0.0 2.29412647629268e-05 9.79489844013289e-06 0.0 2.35242745550528e-05 9.68864713152069e-06 0.0 2.40719606037784e-05 9.58249078713677e-06 0.0 2.45843151620517e-05 9.4764022178421e-06 0.0 2.50613337754858e-05 9.37036069923045e-06 0.0 2.55030142463306e-05 9.26435074895036e-06 0.0 2.590935586546e-05 9.15836104722883e-06 0.0 2.62803588552298e-05 9.05238351567076e-06 0.0 2.66160239749873e-05 8.94641255260707e-06 0.0 2.69163522495453e-05 8.84044441341691e-06 0.0 2.71813447886526e-05 8.73447671917817e-06 0.0 2.74110026722235e-05 8.62850807509439e-06 0.0 2.76053268817632e-05 8.52253778022822e-06 0.0 2.77643182631033e-05 8.41656561130744e-06 0.0 2.78879775093288e-05 8.31059166517398e-06 0.0 2.79763051557637e-05 8.20461624642543e-06 0.0 2.80293015812123e-05 8.09863978869109e-06 0.0 2.80469670114705e-05 7.99266279962825e-06 0.0 2.80293015225339e-05 7.8866858210169e-06 0.0 2.79763050420838e-05 7.78070939621617e-06 0.0 2.78879773488058e-05 7.67473403769254e-06 0.0 2.77643180700344e-05 7.56876018732465e-06 0.0 2.76053266791932e-05 7.4627881617313e-06 0.0 2.74110024956449e-05 7.3568180739696e-06 0.0 2.71813446909769e-05 7.25084972163683e-06 0.0 2.69163523075514e-05 7.14488242973815e-06 0.0 2.66160242974619e-05 7.03891483474925e-06 0.0 2.62803595929917e-05 6.93294459426883e-06 0.0 2.59093572233977e-05 6.82696800477752e-06 0.0 2.55030164974468e-05 6.72097950868615e-06 0.0 2.5061337276719e-05 6.61497107164532e-06 0.0 2.45843203712773e-05 6.50893141283323e-06 0.0 2.40719680968417e-05 6.40284507580556e-06 0.0 2.35242850408749e-05 6.29669133709255e-06 0.0 2.29412790935655e-05 6.19044296623631e-06 0.0 2.23229628078169e-05 6.08406487726343e-06 0.0 2.16693551588222e-05 5.97751275145837e-06 0.0 2.09804837768054e-05 5.87073176960206e-06 0.0 2.02563877234337e-05 5.76365567473848e-06 0.0 1.94971208696232e-05 5.65620650174596e-06 0.0 1.8702755905086e-05 5.54829546701292e-06 0.0 1.78733889615465e-05 5.43982572176469e-06 0.0 1.70091447537531e-05 5.33069794932048e-06 0.0 1.61101820243656e-05 5.22082014419403e-06 0.0 1.51766989059005e-05 5.11012336294556e-06 0.0 1.42089375638232e-05 4.9985857901519e-06 0.0 1.32071871244461e-05 4.88626810590422e-06 0.0 1.2171783354607e-05 4.77336381472475e-06 0.0 1.1103102719274e-05 4.66026873199422e-06 0.0 1.00015470465436e-05 4.54767381807905e-06 0.0 8.86751261666138e-06 4.43668410557733e-06 0.0 7.70133337380549e-06 4.32896174947344e-06 0.0 6.50318164788688e-06 4.22687995236081e-06 0.0 5.27290282590583e-06 4.13365213380004e-06 0.0 4.00976063555996e-06 4.05336446356319e-06 0.0 2.71209520025365e-06 3.99079661814338e-06 0.0 1.37696920722772e-06 3.9508910683231e-06 0.0 0.0 3.93776914683399e-06 0.0 -5.34251132741937e-22 1.40615806592644e-05 0.0 1.38272180548337e-06 1.40435776249543e-05 0.0 2.7241458210436e-06 1.39944964067924e-05 0.0 4.02831029496807e-06 1.39194259829191e-05 0.0 5.29778519246562e-06 1.38243387622548e-05 0.0 6.53394033663293e-06 1.37148139565979e-05 0.0 7.73733589480119e-06 1.35954873518723e-05 0.0 8.90805023952474e-06 1.34699383457537e-05 0.0 1.00459055720611e-05 1.33407851573404e-05 0.0 1.11506073556104e-05 1.32098550357049e-05 0.0 1.22218245618001e-05 1.3078363052883e-05 0.0 1.32592330921729e-05 1.29470710188378e-05 0.0 1.42625374509907e-05 1.28164174699341e-05 0.0 1.52314799369865e-05 1.26866187121223e-05 0.0 1.61658428200903e-05 1.25577445389261e-05 0.0 1.70654466900505e-05 1.24297732663518e-05 0.0 1.79301468461714e-05 1.23026305815122e-05 0.0 1.8759828836955e-05 1.21762161076242e-05 0.0 1.95544038094995e-05 1.20504208820115e-05 0.0 2.03138040538742e-05 1.19251382721254e-05 0.0 2.10379789539518e-05 1.18002702721473e-05 0.0 2.17268914441369e-05 1.16757306421184e-05 0.0 2.23805149994161e-05 1.15514459673252e-05 0.0 2.29988311412689e-05 1.14273554156082e-05 0.0 2.35818274158815e-05 1.13034097404927e-05 0.0 2.4129495787966e-05 1.11795699053119e-05 0.0 2.46418313890917e-05 1.10558055760712e-05 0.0 2.51188315606621e-05 1.0932093638706e-05 0.0 2.55604951362771e-05 1.08084168313648e-05 0.0 2.59668219145743e-05 1.06847625377132e-05 0.0 2.63378122806626e-05 1.05611217577007e-05 0.0 2.66734669412214e-05 1.04374882535926e-05 0.0 2.69737867448025e-05 1.03138578581599e-05 0.0 2.72387725646162e-05 1.0190227926314e-05 0.0 2.74684252260113e-05 1.00665969093894e-05 0.0 2.76627454649699e-05 9.94296403139786e-06 0.0 2.78217339072914e-05 9.81932904797749e-06 0.0 2.79453910608166e-05 9.69569207079252e-06 0.0 2.80337173151392e-05 9.57205344235666e-06 0.0 2.8086712944883e-05 9.44841364837569e-06 0.0 2.81043781138694e-05 9.32477325654378e-06 0.0 2.80867128784683e-05 9.20113287217553e-06 0.0 2.80337171891998e-05 9.07749310204707e-06 0.0 2.79453908903053e-05 8.9538545183203e-06 0.0 2.78217337176297e-05 8.83021761442198e-06 0.0 2.76627452958036e-05 8.70658274424e-06 0.0 2.74684251364827e-05 8.58295003499826e-06 0.0 2.72387726403545e-05 8.45931926270834e-06 0.0 2.69737871068536e-05 8.33568967723451e-06 0.0 2.66734677571176e-05 8.21205976185312e-06 0.0 2.63378137777673e-05 8.08842690992041e-06 0.0 2.59668243956986e-05 7.9647869991667e-06 0.0 2.55604989973208e-05 7.84113384264476e-06 0.0 2.51188373096398e-05 7.71745849511883e-06 0.0 2.46418396653123e-05 7.59374839561335e-06 0.0 2.41295073792649e-05 7.46998633224571e-06 0.0 2.3581843270566e-05 7.34614922613341e-06 0.0 2.29988523697202e-05 7.22220674950466e-06 0.0 2.23805428579443e-05 7.0981198223478e-06 0.0 2.17269272905634e-05 6.97383907617824e-06 0.0 2.1038024160312e-05 6.84930343813194e-06 0.0 2.03138598564781e-05 6.72443908037373e-06 0.0 1.95544710703484e-05 6.59915910715658e-06 0.0 1.87599076835404e-05 6.4733645250853e-06 0.0 1.79302361500935e-05 6.34694727358356e-06 0.0 1.70655433414333e-05 6.21979639664008e-06 0.0 1.61659407603303e-05 6.09180882962988e-06 0.0 1.52315689387203e-05 5.96290677251111e-06 0.0 1.42626017031055e-05 5.83306423542317e-06 0.0 1.32592497965745e-05 5.70234607411927e-06 0.0 1.22217630342366e-05 5.57096364563321e-06 0.0 1.11504296130026e-05 5.43935198950528e-06 0.0 1.00455701120417e-05 5.30827385811708e-06 0.0 8.90752150138395e-06 5.17895520372138e-06 0.0 7.7366019704682e-06 5.05325308354889e-06 0.0 6.53303888824252e-06 4.93384653837407e-06 0.0 5.2968289456158e-06 4.82441699003532e-06 0.0 4.02748757063455e-06 4.7297391347249e-06 0.0 2.72365774724408e-06 4.65553742251025e-06 0.0 1.38262964575731e-06 4.60790586223889e-06 0.0 0.0 4.59210357108056e-06 0.0 2.13700453096775e-21 1.60721151588028e-05 0.0 1.38994469340726e-06 1.60509780011897e-05 0.0 2.73881619238629e-06 1.59936535654028e-05 0.0 4.05052480306548e-06 1.59065134422555e-05 0.0 5.32733908987282e-06 1.57967585997355e-05 0.0 6.57032025694508e-06 1.56709070909079e-05 0.0 7.77980816093746e-06 1.55342448653312e-05 0.0 8.95577082071584e-06 1.5390779865372e-05 0.0 1.00980130991724e-05 1.52434049949054e-05 0.0 1.12062874975942e-05 1.50941198343412e-05 0.0 1.22803474312848e-05 1.49442447353731e-05 0.0 1.33199699600429e-05 1.47946030258704e-05 0.0 1.43249634302499e-05 1.46456662803086e-05 0.0 1.52951681088847e-05 1.44976654904872e-05 0.0 1.62304537876052e-05 1.43506735839644e-05 0.0 1.71307162421786e-05 1.42046650623903e-05 0.0 1.79958734230282e-05 1.40595579608414e-05 0.0 1.88258617806137e-05 1.39152424852077e-05 0.0 1.96206329089027e-05 1.377159983107e-05 0.0 2.03801505833388e-05 1.36285139250077e-05 0.0 2.11043882140853e-05 1.34858781871714e-05 0.0 2.17933267040301e-05 1.33435988915744e-05 0.0 2.24469526827923e-05 1.32015962856225e-05 0.0 2.30652570778e-05 1.30598043071388e-05 0.0 2.36482339788831e-05 1.29181694897165e-05 0.0 2.41958797521121e-05 1.27766494611352e-05 0.0 2.47081923605824e-05 1.26352113021834e-05 0.0 2.51851708534945e-05 1.24938299338455e-05 0.0 2.56268149894482e-05 1.2352486630587e-05 0.0 2.60331249647538e-05 1.22111677092518e-05 0.0 2.64041012223726e-05 1.20698634111382e-05 0.0 2.67397443215632e-05 1.19285669746814e-05 0.0 2.70400548522841e-05 1.17872738843851e-05 0.0 2.73050333818267e-05 1.16459812756001e-05 0.0 2.75346804240196e-05 1.15046874725167e-05 0.0 2.77289964236932e-05 1.1363391636883e-05 0.0 2.78879817509667e-05 1.12220935065013e-05 0.0 2.80116367013992e-05 1.10807932047653e-05 0.0 2.80999614991771e-05 1.09394911049197e-05 0.0 2.81529563013793e-05 1.07981877350304e-05 0.0 2.81706212020099e-05 1.06568837116538e-05 0.0 2.81529562349812e-05 1.05155796917705e-05 0.0 2.80999613756121e-05 1.03742763336244e-05 0.0 2.8011636540528e-05 1.0232974257656e-05 0.0 2.78879815861391e-05 1.00916739987196e-05 0.0 2.7728996306193e-05 9.95037594022323e-06 0.0 2.7534680429266e-05 9.8090802197484e-06 0.0 2.73050336175348e-05 9.66778659412307e-06 0.0 2.7040055468793e-05 9.52649424990634e-06 0.0 2.67397455244965e-05 9.38520154291033e-06 0.0 2.64041032876969e-05 9.24390564793069e-06 0.0 2.6033128256103e-05 9.10260209759052e-06 0.0 2.56268199772583e-05 8.96128418759118e-06 0.0 2.51851781349893e-05 8.81994222540689e-06 0.0 2.47082026789009e-05 8.67856260155821e-06 0.0 2.41958940117918e-05 8.53712666845642e-06 0.0 2.36482532534073e-05 8.39560942336098e-06 0.0 2.30652826028518e-05 8.25397801183543e-06 0.0 2.24469858260821e-05 8.11219009966636e-06 0.0 2.17933688989126e-05 7.97019220900195e-06 0.0 2.11044408394733e-05 7.82791818419747e-06 0.0 2.03802147665221e-05 7.68528805173044e-06 0.0 1.96207092207688e-05 7.54220767548845e-06 0.0 1.88259497847477e-05 7.39856979459566e-06 0.0 1.79959710322294e-05 7.25425727869844e-06 0.0 1.71308188305276e-05 7.10914976041667e-06 0.0 1.62305530087039e-05 6.96313522361296e-06 0.0 1.52952503921891e-05 6.81612865759062e-06 0.0 1.43250081886424e-05 6.66810054882756e-06 0.0 1.3319947681784e-05 6.51911878487391e-06 0.0 1.22802181149424e-05 6.36940848205371e-06 0.0 1.12060004218643e-05 6.21943526022639e-06 0.0 1.00975098216495e-05 6.07001837816905e-06 0.0 8.95499459584136e-06 5.92248035874591e-06 0.0 7.77872418331519e-06 5.77883778988162e-06 0.0 6.56895025132483e-06 5.64203007895604e-06 0.0 5.3258056315993e-06 5.51616033431021e-06 0.0 4.04907843091351e-06 5.40667014801858e-06 0.0 2.73778632379009e-06 5.32027631212938e-06 0.0 1.38954916390622e-06 5.26438655029034e-06 0.0 0.0 5.24567320736919e-06 0.0 1.06850226548387e-21 1.80832845695871e-05 0.0 1.39868322770561e-06 1.80587194443579e-05 0.0 2.7565099898237e-06 1.79925805669633e-05 0.0 4.0771754531231e-06 1.78928167041189e-05 0.0 5.3625549578862e-06 1.77680065528925e-05 0.0 6.61335451084781e-06 1.76256317714408e-05 0.0 7.8296936930178e-06 1.74715946431946e-05 0.0 9.01145855103209e-06 1.73102824729541e-05 0.0 1.01584757546816e-05 1.71448181490229e-05 0.0 1.12705837800742e-05 1.69773396089019e-05 0.0 1.23476541450085e-05 1.68092493421172e-05 0.0 1.33895920177143e-05 1.66414178610918e-05 0.0 1.43963301727308e-05 1.64743418891305e-05 0.0 1.53678220723636e-05 1.63082636116106e-05 0.0 1.6304036014176e-05 1.61432584216752e-05 0.0 1.72049507037381e-05 1.59792980290064e-05 0.0 1.80705520698705e-05 1.5816294749591e-05 0.0 1.89008310232347e-05 1.56541316989839e-05 0.0 1.96957818900263e-05 1.54926826251411e-05 0.0 2.04554013175069e-05 1.53318242805291e-05 0.0 2.11796875077985e-05 1.51714435462896e-05 0.0 2.18686396813197e-05 1.50114409687806e-05 0.0 2.25222577023797e-05 1.48517319320345e-05 0.0 2.31405418202791e-05 1.46922463497909e-05 0.0 2.3723492493107e-05 1.45329275004919e-05 0.0 2.42711102707411e-05 1.43737304326592e-05 0.0 2.4783395719978e-05 1.42146202231975e-05 0.0 2.52603493792852e-05 1.40555702662447e-05 0.0 2.5701971733987e-05 1.3896560695977e-05 0.0 2.61082632051715e-05 1.37375769957669e-05 0.0 2.64792241474578e-05 1.35786088122775e-05 0.0 2.68148548521665e-05 1.3419648971746e-05 0.0 2.71151555534786e-05 1.3260692683222e-05 0.0 2.73801264359511e-05 1.31017369071215e-05 0.0 2.76097676423227e-05 1.29427798650863e-05 0.0 2.780407928095e-05 1.27838206672988e-05 0.0 2.79630614324981e-05 1.26248590350295e-05 0.0 2.80867141557021e-05 1.24658950985428e-05 0.0 2.81750374921334e-05 1.23069292530483e-05 0.0 2.82280314699824e-05 1.21479620578356e-05 0.0 2.82456961069011e-05 1.198899416585e-05 0.0 2.82280314119642e-05 1.18300262726413e-05 0.0 2.81750373868016e-05 1.16710590747589e-05 0.0 2.80867140259414e-05 1.15120932282535e-05 0.0 2.79630613163844e-05 1.13531292979447e-05 0.0 2.78040792364109e-05 1.1194167687537e-05 0.0 2.76097677536046e-05 1.10352085395244e-05 0.0 2.73801268220692e-05 1.0876251592151e-05 0.0 2.71151563788181e-05 1.07172959785685e-05 0.0 2.6814856339341e-05 1.05583399508679e-05 0.0 2.64792265923998e-05 1.03993805090769e-05 0.0 2.6108266994198e-05 1.02404129128298e-05 0.0 2.57019773622078e-05 1.00814300517291e-05 0.0 2.52603574691513e-05 9.92242165017334e-06 0.0 2.47834070379425e-05 9.76337328467962e-06 0.0 2.42711257388254e-05 9.60426519796776e-06 0.0 2.37235131905483e-05 9.44507090634137e-06 0.0 2.31405689682391e-05 9.28575561794434e-06 0.0 2.2522292621785e-05 9.12627451291135e-06 0.0 2.1868683710121e-05 8.9665709869731e-06 0.0 2.11797418591128e-05 8.80657503370925e-06 0.0 2.04554668541192e-05 8.64620204487066e-06 0.0 1.96958587835442e-05 8.4853524522524e-06 0.0 1.89009182580185e-05 8.32391282966136e-06 0.0 1.80706467434427e-05 8.16175933285571e-06 0.0 1.72050470685255e-05 7.9987646944086e-06 0.0 1.63041242041697e-05 7.83481042697073e-06 0.0 1.53678864709162e-05 7.66980644222299e-06 0.0 1.43963474210813e-05 7.50372098557119e-06 0.0 1.33895287710751e-05 7.33662464067628e-06 0.0 1.2347464917838e-05 7.16875319247765e-06 0.0 1.1270209701224e-05 7.00059535558522e-06 0.0 1.01578459707875e-05 6.83301272000386e-06 0.0 9.01049762451326e-06 6.66740047782117e-06 0.0 7.8283406960997e-06 6.50589765130425e-06 0.0 6.61160140847307e-06 6.35165164259689e-06 0.0 5.36050777243824e-06 6.20912492796342e-06 0.0 4.07511803146487e-06 6.08437937031136e-06 0.0 2.75489579007425e-06 5.98515210678645e-06 0.0 1.39793071097821e-06 5.92034565141665e-06 0.0 0.0 5.89840909850304e-06 0.0 0.0 2.00950536636385e-05 0.0 1.40925458171688e-06 2.00667062798102e-05 0.0 2.77780993410701e-06 1.99910817808889e-05 0.0 4.10902016534223e-06 1.98780888079127e-05 0.0 5.40426257520859e-06 1.97378390750117e-05 0.0 6.66385912867611e-06 1.95787797282442e-05 0.0 7.88773899427081e-06 1.94073742322903e-05 0.0 9.07576218935417e-06 1.92283275053391e-05 0.0 1.02278362508199e-05 1.90449424023432e-05 0.0 1.13439368181063e-05 1.8859460154577e-05 0.0 1.24240936221973e-05 1.86733430930124e-05 0.0 1.34683695300744e-05 1.84874960508313e-05 0.0 1.44768426966183e-05 1.83024344886697e-05 0.0 1.54495941362431e-05 1.8118409549349e-05 0.0 1.63867001791617e-05 1.79354994100164e-05 0.0 1.72882285460733e-05 1.77536747531246e-05 0.0 1.81542368306786e-05 1.75728446519285e-05 0.0 1.89847724543948e-05 1.73928878485145e-05 0.0 1.9779873439343e-05 1.72136733120173e-05 0.0 2.05395695711585e-05 1.70350730773064e-05 0.0 2.12638836858516e-05 1.68569696494797e-05 0.0 2.19528329257041e-05 1.66792596891299e-05 0.0 2.26064298816421e-05 1.65018552434717e-05 0.0 2.32246835852754e-05 1.63246834382539e-05 0.0 2.38076003415574e-05 1.61476852768443e-05 0.0 2.43551844089511e-05 1.59708139903291e-05 0.0 2.48674385422975e-05 1.5794033232459e-05 0.0 2.53443644171091e-05 1.56173153044515e-05 0.0 2.57859629546342e-05 1.54406395175785e-05 0.0 2.61922345659951e-05 1.52639907484075e-05 0.0 2.65631793317965e-05 1.50873582063519e-05 0.0 2.68987971313399e-05 1.49107344109342e-05 0.0 2.71990877332739e-05 1.47341143631173e-05 0.0 2.74640508573426e-05 1.45574948883454e-05 0.0 2.76936862149619e-05 1.43808741264236e-05 0.0 2.7887993534683e-05 1.42042511435003e-05 0.0 2.80469725772154e-05 1.40276256430818e-05 0.0 2.8170623143538e-05 1.38509977554342e-05 0.0 2.82589450787191e-05 1.36743678873765e-05 0.0 2.83119382733387e-05 1.34977366170108e-05 0.0 2.83296026638413e-05 1.33211046201362e-05 0.0 2.83119382326921e-05 1.31444726168255e-05 0.0 2.82589450088392e-05 1.29678413278402e-05 0.0 2.81706230686618e-05 1.27912114311594e-05 0.0 2.80469725372725e-05 1.26145835089109e-05 0.0 2.78879935897136e-05 1.24379579743908e-05 0.0 2.76936864512017e-05 1.22613349676832e-05 0.0 2.74640513951011e-05 1.20847142066601e-05 0.0 2.71990887366998e-05 1.1908094777948e-05 0.0 2.68987988200935e-05 1.17314748499071e-05 0.0 2.65631819944889e-05 1.15548512870082e-05 0.0 2.61922385750035e-05 1.13782191425506e-05 0.0 2.57859687815011e-05 1.12015710049567e-05 0.0 2.53443726471452e-05 1.10248961726871e-05 0.0 2.48674498861675e-05 1.08481796352341e-05 0.0 2.43551997078487e-05 1.06714008442272e-05 0.0 2.38076205609839e-05 1.04945322715356e-05 0.0 2.32247097903157e-05 1.03175377732258e-05 0.0 2.260646318386e-05 1.01403708130769e-05 0.0 2.19528743882277e-05 9.96297265191048e-06 0.0 2.12639341687654e-05 9.78527068542136e-06 0.0 2.05396294938613e-05 9.60717722115524e-06 0.0 1.97799424300486e-05 9.42858913416316e-06 0.0 1.89848488495757e-05 9.24938904193513e-06 0.0 1.81543169794363e-05 9.06944890576578e-06 0.0 1.72883058672364e-05 8.88863731316391e-06 0.0 1.638676391468e-05 8.70683214202751e-06 0.0 1.54496277480229e-05 8.52394087255336e-06 0.0 1.4476821875522e-05 8.33993152154426e-06 0.0 1.34682598472081e-05 8.15487805647185e-06 0.0 1.24238480012302e-05 7.96902524471776e-06 0.0 1.13434933461209e-05 7.78287926532244e-06 0.0 1.02271175904192e-05 7.59733213209884e-06 0.0 9.07467942274382e-06 7.4138300967081e-06 0.0 7.88620575991709e-06 7.23459849592509e-06 0.0 6.66182672237485e-06 7.06293646949614e-06 0.0 5.40179014641482e-06 6.90358783370553e-06 0.0 4.10637959326304e-06 6.76315423638882e-06 0.0 2.77555492423326e-06 6.65038091323735e-06 0.0 1.40805679458137e-06 6.5758488761803e-06 0.0 0.0 6.5502574814253e-06 0.0 1.60275339822581e-21 2.21072999555743e-05 0.0 1.4220996611363e-06 2.2074759729925e-05 0.0 2.80349926087686e-06 2.19888790134042e-05 0.0 4.14704009650181e-06 2.18620262855197e-05 0.0 5.45349641410409e-06 2.17059906312267e-05 0.0 6.72281665534344e-06 2.15301493556658e-05 0.0 7.95481572720561e-06 2.13414461183758e-05 0.0 9.14941947860081e-06 2.11448302074115e-05 0.0 1.03066978755169e-05 2.09437318677829e-05 0.0 1.14268268406567e-05 2.07404620651841e-05 0.0 1.2510039528259e-05 2.05365234180151e-05 0.0 1.35565872632596e-05 2.03328449113238e-05 0.0 1.45667136445298e-05 2.01299565365968e-05 0.0 1.55406397535238e-05 1.99281178111982e-05 0.0 1.64785573024066e-05 1.97274111926084e-05 0.0 1.73806269311884e-05 1.95278089106591e-05 0.0 1.82469795687851e-05 1.93292198120754e-05 0.0 1.90777194229092e-05 1.91315213302269e-05 0.0 1.98729276651074e-05 1.8934580538659e-05 0.0 2.06326662349165e-05 1.87382673346331e-05 0.0 2.13569814309828e-05 1.85424620730374e-05 0.0 2.20459071177495e-05 1.83470593942506e-05 0.0 2.26994674787734e-05 1.8151969534586e-05 0.0 2.33176793103019e-05 1.79571180531796e-05 0.0 2.39005538845692e-05 1.77624446364864e-05 0.0 2.44480984305408e-05 1.75679014353508e-05 0.0 2.49603172869048e-05 1.73734512365636e-05 0.0 2.54372127823039e-05 1.71790656595461e-05 0.0 2.58787858940524e-05 1.69847234898286e-05 0.0 2.62850367308236e-05 1.67904092065243e-05 0.0 2.66559648782696e-05 1.65961117247691e-05 0.0 2.699156964002e-05 1.64018233511439e-05 0.0 2.72918502004542e-05 1.62075389365865e-05 0.0 2.75568057302687e-05 1.60132552042908e-05 0.0 2.77864354512685e-05 1.58189702274176e-05 0.0 2.79807386729885e-05 1.56246830314958e-05 0.0 2.81397148106443e-05 1.54303932980319e-05 0.0 2.82633633914421e-05 1.52361011482834e-05 0.0 2.83516840543411e-05 1.5041806988827e-05 0.0 2.84046765468785e-05 1.48475114031304e-05 0.0 2.84223407215179e-05 1.46532150755719e-05 0.0 2.8404676533112e-05 1.44589187361167e-05 0.0 2.83516840383632e-05 1.42646231150739e-05 0.0 2.82633633975802e-05 1.40703288979779e-05 0.0 2.8139714878463e-05 1.38760366706478e-05 0.0 2.79807388610495e-05 1.36817468438748e-05 0.0 2.77864358422472e-05 1.34874595459949e-05 0.0 2.75568064374675e-05 1.32931744698557e-05 0.0 2.72918513757068e-05 1.30988906584622e-05 0.0 2.69915714828771e-05 1.29046062110317e-05 0.0 2.6655967646185e-05 1.27103178885094e-05 0.0 2.62850407497887e-05 1.25160205951667e-05 0.0 2.58787915687272e-05 1.23217067112445e-05 0.0 2.5437220604117e-05 1.21273652515146e-05 0.0 2.49603278377942e-05 1.19329808272396e-05 0.0 2.4448112378923e-05 1.1738532395907e-05 0.0 2.39005719686784e-05 1.15439917964506e-05 0.0 2.33177023021606e-05 1.13493220903696e-05 0.0 2.26994961196537e-05 1.11544757650137e-05 0.0 2.20459420129793e-05 1.09593929092503e-05 0.0 2.13570228882724e-05 1.07639995499789e-05 0.0 2.06327140259934e-05 1.05682064482374e-05 0.0 1.98729806853588e-05 1.03719088053247e-05 0.0 1.90777752180499e-05 1.01749875336477e-05 0.0 1.82470336915272e-05 9.97731301695741e-06 0.0 1.7380672084934e-05 9.77875263535428e-06 0.0 1.64785822238992e-05 9.57918377921683e-06 0.0 1.55406277836577e-05 9.3785146433333e-06 0.0 1.45666409393214e-05 9.17671580331112e-06 0.0 1.35564206134268e-05 8.97386646615966e-06 0.0 1.25097338082671e-05 8.77022041217158e-06 0.0 1.14263222591392e-05 8.56629810534638e-06 0.0 1.03059176192044e-05 8.36301342644079e-06 0.0 9.148269466626e-06 8.16184629433952e-06 0.0 7.95319102283729e-06 7.96507654996043e-06 0.0 6.72062549404419e-06 7.77610011578991e-06 0.0 5.45072451244806e-06 7.59985333389591e-06 0.0 4.14388559744431e-06 7.44335787410171e-06 0.0 2.80055350241691e-06 7.31628543141455e-06 0.0 1.42032896168721e-06 7.23104468958742e-06 0.0 0.0 7.20118622852415e-06 0.0 0.0 2.41197603849499e-05 0.0 1.43784808326068e-06 2.40825848313877e-05 0.0 2.83464690290656e-06 2.39855910291975e-05 0.0 4.1925111463608e-06 2.38442675981839e-05 0.0 5.51154052892435e-06 2.36721849243831e-05 0.0 6.79139714116331e-06 2.34795615742318e-05 0.0 8.03192574721174e-06 2.32737130178564e-05 0.0 9.23325343835479e-06 2.30597522795656e-05 0.0 1.03957168929075e-05 2.28411864202616e-05 0.0 1.15197649691215e-05 2.2620367450709e-05 0.0 1.26058818352013e-05 2.23988235638763e-05 0.0 1.36545369491064e-05 2.21775016074054e-05 0.0 1.46661568618027e-05 2.19569447170558e-05 0.0 1.56411122182474e-05 2.17374221386282e-05 0.0 1.65797144690334e-05 2.15190233821846e-05 0.0 1.74822183351417e-05 2.13017256065859e-05 0.0 1.83488273499711e-05 2.10854409330445e-05 0.0 1.91797007459977e-05 2.08700488197023e-05 0.0 1.9974960611478e-05 2.06554174552071e-05 0.0 2.07346986887706e-05 2.04414172172667e-05 0.0 2.14589824815181e-05 2.02279285205677e-05 0.0 2.21478605288194e-05 2.00148458050321e-05 0.0 2.2801366823306e-05 1.98020789619965e-05 0.0 2.34195244198215e-05 1.95895531412511e-05 0.0 2.40023483184314e-05 1.93772076083981e-05 0.0 2.454984772117e-05 1.91649941145819e-05 0.0 2.50620277641824e-05 1.89528750862682e-05 0.0 2.55388908212361e-05 1.87408218302197e-05 0.0 2.59804374646353e-05 1.85288128687458e-05 0.0 2.63866671578345e-05 1.83168324649238e-05 0.0 2.67575787420516e-05 1.81048693605328e-05 0.0 2.7093170767857e-05 1.78929157259295e-05 0.0 2.73934417125629e-05 1.76809663071639e-05 0.0 2.765839011547e-05 1.74690177483206e-05 0.0 2.78880146556794e-05 1.72570680641799e-05 0.0 2.80823141911738e-05 1.70451162381987e-05 0.0 2.8241287773067e-05 1.68331619223538e-05 0.0 2.83649346451596e-05 1.66212052177623e-05 0.0 2.84532542360399e-05 1.64092465176341e-05 0.0 2.85062461487745e-05 1.61972863966694e-05 0.0 2.85239101515802e-05 1.59853255332359e-05 0.0 2.85062461716274e-05 1.57733646524287e-05 0.0 2.84532542931556e-05 1.55614044793238e-05 0.0 2.83649347602807e-05 1.53494456923634e-05 0.0 2.82412879841156e-05 1.51374888668229e-05 0.0 2.80823145530176e-05 1.49255343977099e-05 0.0 2.78880152437929e-05 1.47135823902625e-05 0.0 2.76583910304214e-05 1.45016325044753e-05 0.0 2.73934430851798e-05 1.42896837378839e-05 0.0 2.70931727647955e-05 1.40777341283105e-05 0.0 2.67575815713022e-05 1.38657803556579e-05 0.0 2.63866710734146e-05 1.36538172194835e-05 0.0 2.59804427693256e-05 1.34418369675533e-05 0.0 2.5538897865676e-05 1.32298284506587e-05 0.0 2.50620369399181e-05 1.30177760818336e-05 0.0 2.45498594443028e-05 1.2805658585337e-05 0.0 2.40023629993031e-05 1.25934475345541e-05 0.0 2.34195424126541e-05 1.23811057012442e-05 0.0 2.28013883478518e-05 1.21685852751594e-05 0.0 2.21478855538467e-05 1.19558260679007e-05 0.0 2.14590105573739e-05 1.17427538941806e-05 0.0 2.07347287133478e-05 1.15292794350901e-05 0.0 1.99749905107796e-05 1.13152980407882e-05 0.0 1.91797270472523e-05 1.11006911352174e-05 0.0 1.83488446220783e-05 1.08853301556982e-05 0.0 1.74822184681828e-05 1.06690843100766e-05 0.0 1.65796857614531e-05 1.04518338800084e-05 0.0 1.56410382361654e-05 1.02334913603821e-05 0.0 1.4666015027535e-05 1.0014033426668e-05 0.0 1.36542968015636e-05 9.79354760092088e-06 0.0 1.26055028802201e-05 9.5722986068947e-06 0.0 1.15191940130159e-05 9.35082088820964e-06 0.0 1.03948847983622e-05 9.13004586019863e-06 0.0 9.23207164153132e-06 8.91147568308923e-06 0.0 8.03028455202893e-06 8.69742067705449e-06 0.0 6.78917335133353e-06 8.49132672369479e-06 0.0 5.50863738736857e-06 8.29823443092487e-06 0.0 4.18898756934262e-06 8.12543216617509e-06 0.0 2.83100965846367e-06 7.98333370525859e-06 0.0 1.43533969793396e-06 7.88621353772327e-06 0.0 0.0 7.85119417895759e-06 0.0 -5.341667917347e-22 2.61319370902823e-05 0.0 1.45742892315548e-06 2.60897242429847e-05 0.0 2.87273777594461e-06 2.59807128361517e-05 0.0 4.24709943259506e-06 2.58244011715418e-05 0.0 5.57997879613987e-06 2.56361572312397e-05 0.0 6.87097523330728e-06 2.54268840316682e-05 0.0 8.12019978204577e-06 2.52041381359947e-05 0.0 9.32816291089877e-06 2.49731168687952e-05 0.0 1.04955906170385e-05 2.47373620405765e-05 0.0 1.16232814861251e-05 2.44992467521349e-05 0.0 1.27120163594537e-05 2.42603169127677e-05 0.0 1.37625084094795e-05 2.40215357704373e-05 0.0 1.47753800937193e-05 2.37834614266964e-05 0.0 1.57511567890829e-05 2.35463762551351e-05 0.0 1.66902701883993e-05 2.33103808397153e-05 0.0 1.75930669459867e-05 2.3075461367467e-05 0.0 1.84598196949085e-05 2.28415371050064e-05 0.0 1.92907386510898e-05 2.26084930168832e-05 0.0 2.00859827465693e-05 2.23762014293088e-05 0.0 2.0845669715452e-05 2.21445357512875e-05 0.0 2.15698848700917e-05 2.19133785591861e-05 0.0 2.22586885041064e-05 2.16826257878107e-05 0.0 2.29121219789973e-05 2.14521883240976e-05 0.0 2.35302126176449e-05 2.12219919484773e-05 0.0 2.41129775586928e-05 2.0991976297258e-05 0.0 2.46604267335241e-05 2.07620933126007e-05 0.0 2.5172565121132e-05 2.05323054922496e-05 0.0 2.56493944218895e-05 2.0302584138278e-05 0.0 2.60909142732258e-05 2.00729077234982e-05 0.0 2.6497123111234e-05 1.98432604382259e-05 0.0 2.6868018763956e-05 1.96136309425768e-05 0.0 2.72035988454714e-05 1.93840113254596e-05 0.0 2.75038610053956e-05 1.91543962570636e-05 0.0 2.77688030761172e-05 1.89247823139718e-05 0.0 2.79984231499851e-05 1.86951674528414e-05 0.0 2.81927196105102e-05 1.84655506082686e-05 0.0 2.83516911352247e-05 1.82359313918164e-05 0.0 2.84753366828811e-05 1.80063098714156e-05 0.0 2.85636554739063e-05 1.77766864128892e-05 0.0 2.8616646970222e-05 1.75470615678273e-05 0.0 2.86343108584713e-05 1.73174359942146e-05 0.0 2.86166470391661e-05 1.70878103979376e-05 0.0 2.85636556231173e-05 1.68581854844931e-05 0.0 2.84753369355652e-05 1.66285619108337e-05 0.0 2.83516915275599e-05 1.63989402273005e-05 0.0 2.81927201931891e-05 1.61693207990135e-05 0.0 2.79984239900826e-05 1.59397036949309e-05 0.0 2.77688042590743e-05 1.57100885310982e-05 0.0 2.75038626367953e-05 1.54804742524721e-05 0.0 2.72036010521219e-05 1.52508588352684e-05 0.0 2.68680216935751e-05 1.50212388892847e-05 0.0 2.64971269297327e-05 1.47916091374559e-05 0.0 2.60909191581969e-05 1.456196174857e-05 0.0 2.56494005504037e-05 1.43322854994163e-05 0.0 2.5172572649313e-05 1.41025647458156e-05 0.0 2.46604357645879e-05 1.38727781896012e-05 0.0 2.41129880952035e-05 1.36428974428675e-05 0.0 2.35302244926431e-05 1.3412885414609e-05 0.0 2.29121347594285e-05 1.31826945820339e-05 0.0 2.22587013586633e-05 1.29522652642602e-05 0.0 2.15698963922708e-05 1.2721524095905e-05 0.0 2.08456776914525e-05 1.24903830098116e-05 0.0 2.00859838568282e-05 1.22587391908796e-05 0.0 1.92907280939765e-05 1.20264766673226e-05 0.0 1.84597907216083e-05 1.17934704739002e-05 0.0 1.75930102968901e-05 1.15595946675543e-05 0.0 1.66901734228279e-05 1.13247359149888e-05 0.0 1.57510034999967e-05 1.10888149222037e-05 0.0 1.47751489923951e-05 1.08518186612791e-05 0.0 1.37621722417163e-05 1.06138472054376e-05 0.0 1.2711540554813e-05 1.03751800740192e-05 0.0 1.16226223122967e-05 1.01363684448013e-05 0.0 1.04946923761865e-05 9.89836168978552e-06 0.0 9.32695340555078e-06 9.66268003322732e-06 0.0 8.11858330847612e-06 9.43165101852501e-06 0.0 6.86882464800271e-06 9.20873869180999e-06 0.0 5.57713962340051e-06 8.99901674612054e-06 0.0 4.2434600778885e-06 8.80988117453063e-06 0.0 2.86854173256898e-06 8.6521850821673e-06 0.0 1.45401361715192e-06 8.54185378323641e-06 0.0 0.0 8.50032745659982e-06 0.0 1.07125455325465e-21 2.81429248357067e-05 0.0 1.48226986099092e-06 2.80954957357046e-05 0.0 2.91987635952798e-06 2.79736020965526e-05 0.0 4.31298478388979e-06 2.78019926080981e-05 0.0 5.66074396666412e-06 2.75976935960878e-05 0.0 6.96313639260798e-06 2.7372065650975e-05 0.0 8.22088533553444e-06 2.71327704385365e-05 0.0 9.43510517109196e-06 2.68850253992609e-05 0.0 1.06070402635774e-05 2.66323814207198e-05 0.0 1.17379108131992e-05 2.63772251419061e-05 0.0 1.28288322488116e-05 2.61211206534749e-05 0.0 1.38807794032112e-05 2.58650514337686e-05 0.0 1.48945768900897e-05 2.56095956249595e-05 0.0 1.58709043294438e-05 2.53550540549941e-05 0.0 1.68103094699676e-05 2.51015434777173e-05 0.0 1.77132249093292e-05 2.48490637387695e-05 0.0 1.85799857638178e-05 2.45975453118558e-05 0.0 1.94108467032705e-05 2.4346882133954e-05 0.0 2.02059974683043e-05 2.409695355823e-05 0.0 2.09655764493258e-05 2.38476383838024e-05 0.0 2.16896822059709e-05 2.35988232372749e-05 0.0 2.23783829911396e-05 2.33504070324046e-05 0.0 2.30317244502524e-05 2.3102302796609e-05 0.0 2.36497357187929e-05 2.28544378077349e-05 0.0 2.42324341578588e-05 2.26067527161914e-05 0.0 2.47798289615423e-05 2.23592001225799e-05 0.0 2.52919238509157e-05 2.21117429273277e-05 0.0 2.57687190437336e-05 2.18643526560707e-05 0.0 2.62102126610409e-05 2.16170078836846e-05 0.0 2.6616401704464e-05 2.13696928234703e-05 0.0 2.69872827126882e-05 2.11223961099648e-05 0.0 2.73228521833171e-05 2.08751097793012e-05 0.0 2.7623106827279e-05 2.06278284361696e-05 0.0 2.78880437071397e-05 2.03805485883057e-05 0.0 2.81176602978728e-05 2.01332681258575e-05 0.0 2.83119544984759e-05 1.98859859223205e-05 0.0 2.84709246149289e-05 1.9638701534828e-05 0.0 2.85945693289762e-05 1.9391414983596e-05 0.0 2.86828876627282e-05 1.91441265926955e-05 0.0 2.87358789457922e-05 1.88968368766736e-05 0.0 2.87535427892745e-05 1.86495464596238e-05 0.0 2.87358790692943e-05 1.84022560149692e-05 0.0 2.86828879214098e-05 1.81549662153726e-05 0.0 2.85945697463684e-05 1.79076776827857e-05 0.0 2.84709252266956e-05 1.76603909286667e-05 0.0 2.83119553526432e-05 1.74131062738412e-05 0.0 2.81176614547565e-05 1.71658237363679e-05 0.0 2.7888045238595e-05 1.69185428741546e-05 0.0 2.76231088147374e-05 1.66712625670406e-05 0.0 2.73228547138717e-05 1.64239807207653e-05 0.0 2.69872858722232e-05 1.61766938729283e-05 0.0 2.66164055665028e-05 1.59293966790925e-05 0.0 2.62102172695795e-05 1.56820812561395e-05 0.0 2.57687243878479e-05 1.54347363606925e-05 0.0 2.52919298283672e-05 1.51873463840199e-05 0.0 2.47798353279771e-05 1.49398901529395e-05 0.0 2.42324404575179e-05 1.46923395410324e-05 0.0 2.36497411919815e-05 1.44446579188428e-05 0.0 2.30317279122278e-05 1.41967985094468e-05 0.0 2.23783826766988e-05 1.39487027716363e-05 0.0 2.16896755740258e-05 1.37002990129861e-05 0.0 2.0965559942398e-05 1.34515015466158e-05 0.0 2.02059662234684e-05 1.32022108573134e-05 0.0 1.94107942139954e-05 1.29523154451262e-05 0.0 1.85799034967583e-05 1.27016962792373e-05 0.0 1.77131018865859e-05 1.24502351350146e-05 0.0 1.68101318353062e-05 1.21978285171084e-05 0.0 1.58706549247952e-05 1.19444094082308e-05 0.0 1.48942348718874e-05 1.16899797484672e-05 0.0 1.38803199164045e-05 1.14346573770052e-05 0.0 1.28282261273129e-05 1.11787422185295e-05 0.0 1.17371241424161e-05 1.09228078973278e-05 0.0 1.06060333310962e-05 1.06678269901643e-05 0.0 9.43382968169046e-06 1.04153413993751e-05 0.0 8.21927758028462e-06 1.0167695226896e-05 0.0 6.96110259192878e-06 9.92835923796384e-06 0.0 5.65813556876143e-06 9.70240097818872e-06 0.0 4.30958387664848e-06 9.49721073839969e-06 0.0 2.91553067596542e-06 9.32372471523397e-06 0.0 1.47791257328712e-06 9.19883998202739e-06 0.0 0.0 9.14871415267039e-06 0.0 2.0844126621086e-21 3.0151081087264e-05 0.0 1.51467848690776e-06 3.00989141328324e-05 0.0 2.97911021751043e-06 2.99634918388249e-05 0.0 4.39300803677169e-06 2.97766478646871e-05 0.0 5.75614933944421e-06 2.95566939389404e-05 0.0 7.06966086431202e-06 2.9315182511935e-05 0.0 8.33531843190731e-06 2.90597738051054e-05 0.0 9.55506866407696e-06 2.87956748885377e-05 0.0 1.07307881166387e-05 2.85264438056502e-05 0.0 1.18641732369714e-05 2.82544878383188e-05 0.0 1.29566975840119e-05 2.79813983860974e-05 0.0 1.40096043675807e-05 2.77081880257284e-05 0.0 1.50239178671307e-05 2.74354628851444e-05 0.0 1.60004645900116e-05 2.7163549128328e-05 0.0 1.69398987212071e-05 2.68925855205841e-05 0.0 1.78427285091362e-05 2.66225904440208e-05 0.0 1.87093415460212e-05 2.63535095891573e-05 0.0 1.9540027778061e-05 2.60852491099492e-05 0.0 2.03349996764752e-05 2.5817697970123e-05 0.0 2.10944093994887e-05 2.55507423826963e-05 0.0 2.18183630314193e-05 2.52842745830968e-05 0.0 2.25069321373078e-05 2.50181976431809e-05 0.0 2.31601629499736e-05 2.47524276060874e-05 0.0 2.37780835341617e-05 2.44868938832441e-05 0.0 2.4360709267226e-05 2.42215385906184e-05 0.0 2.49080469506638e-05 2.3956315298625e-05 0.0 2.54200978311645e-05 2.3691187517559e-05 0.0 2.58968597701097e-05 2.34261271279402e-05 0.0 2.63383287608765e-05 2.31611128840963e-05 0.0 2.67444999564063e-05 2.28961290624267e-05 0.0 2.71153683366662e-05 2.26311642871294e-05 0.0 2.74509291174187e-05 2.23662105409593e-05 0.0 2.77511779781482e-05 2.21012623530759e-05 0.0 2.80161111677822e-05 2.18363161473277e-05 0.0 2.82457255315317e-05 2.157136973023e-05 0.0 2.84400184902158e-05 2.13064218967991e-05 0.0 2.85989879942881e-05 2.10414721331433e-05 0.0 2.87226324679329e-05 2.0776520396434e-05 0.0 2.88109507535781e-05 2.05115669550243e-05 0.0 2.88639420635786e-05 2.0246612273659e-05 0.0 2.88816059433016e-05 1.99816569306665e-05 0.0 2.88639422481085e-05 1.97167015555991e-05 0.0 2.88109511355038e-05 1.94517467768804e-05 0.0 2.8722633072808e-05 1.91867931695894e-05 0.0 2.85989888598829e-05 1.89218411935351e-05 0.0 2.84400196655099e-05 1.86568911112471e-05 0.0 2.82457270747855e-05 1.8391942874461e-05 0.0 2.80161131431243e-05 1.81269959661596e-05 0.0 2.77511804499046e-05 1.78620491833388e-05 0.0 2.74509321411446e-05 1.75971003435576e-05 0.0 2.71153719455252e-05 1.73321458962646e-05 0.0 2.67445041411604e-05 1.70671804182419e-05 0.0 2.63383334413071e-05 1.68021959718542e-05 0.0 2.58968647551953e-05 1.6537181305953e-05 0.0 2.54201027648015e-05 1.62721208834324e-05 0.0 2.49080512391833e-05 1.60069937281569e-05 0.0 2.43607119844802e-05 1.5741772099449e-05 0.0 2.37780832996244e-05 1.547642002739e-05 0.0 2.31601577752685e-05 1.52108917805517e-05 0.0 2.25069192370318e-05 1.49451303941475e-05 0.0 2.18183385953499e-05 1.46790664668313e-05 0.0 2.10943683256115e-05 1.44126175456122e-05 0.0 2.03349352681884e-05 1.41456885690828e-05 0.0 1.95399314149373e-05 1.38781740392415e-05 0.0 1.87092023461911e-05 1.36099628527715e-05 0.0 1.78425330131482e-05 1.33409470561188e-05 0.0 1.6939630642223e-05 1.30710362088012e-05 0.0 1.60001046926626e-05 1.28001795618521e-05 0.0 1.50234440547576e-05 1.2528398903492e-05 0.0 1.40089920687493e-05 1.22558357234942e-05 0.0 1.29559205204985e-05 1.19828173597308e-05 0.0 1.18632045968116e-05 1.17099481364637e-05 0.0 1.07296019787889e-05 1.1438233449014e-05 0.0 9.55364106193193e-06 1.11692478837618e-05 0.0 8.33362630382313e-06 1.09053641245374e-05 0.0 7.06767441969301e-06 1.06500707034256e-05 0.0 5.75380760937161e-06 1.04084311532593e-05 0.0 4.39016038393663e-06 1.01877940356142e-05 0.0 2.97543670436483e-06 9.99900456815059e-06 0.0 1.50997253744686e-06 9.85873380204472e-06 0.0 0.0 9.79665117523862e-06 0.0 2.55406162604716e-21 3.21533621221952e-05 0.0 1.55862790493336e-06 3.20986160741077e-05 0.0 3.05494629107416e-06 3.19495768539693e-05 0.0 4.49080860963102e-06 3.1748139607635e-05 0.0 5.86886862019138e-06 3.15132651057173e-05 0.0 7.19246940444485e-06 3.12564929791805e-05 0.0 8.46487428454391e-06 3.09854568995453e-05 0.0 9.68903515336502e-06 3.07053734594442e-05 0.0 1.08675293960787e-05 3.04198327058935e-05 0.0 1.2002553878196e-05 3.01312835676145e-05 0.0 1.30959434829562e-05 2.98413612294052e-05 0.0 1.41492023347786e-05 2.9551120169823e-05 0.0 1.51635415327281e-05 2.92612044951294e-05 0.0 1.61399192914148e-05 2.89719735288118e-05 0.0 1.70790805924076e-05 2.86835941635789e-05 0.0 1.79815943844657e-05 2.83961080702146e-05 0.0 1.88478871358816e-05 2.81094798129545e-05 0.0 1.96782721451833e-05 2.78236305415947e-05 0.0 2.04729744633492e-05 2.75384609105169e-05 0.0 2.12321515882339e-05 2.72538660766453e-05 0.0 2.19559102839737e-05 2.69697449869325e-05 0.0 2.26443199806678e-05 2.66860056471082e-05 0.0 2.32974232469758e-05 2.64025676458624e-05 0.0 2.39152438212794e-05 2.61193628764505e-05 0.0 2.44977926523626e-05 2.58363351373852e-05 0.0 2.50450723507178e-05 2.55534390933061e-05 0.0 2.55570803955172e-05 2.52706389254118e-05 0.0 2.60338113860105e-05 2.49879068883797e-05 0.0 2.64752585733349e-05 2.47052219091575e-05 0.0 2.68814148615304e-05 2.44225683053672e-05 0.0 2.72522734258171e-05 2.41399346615314e-05 0.0 2.75878280620423e-05 2.38573128752331e-05 0.0 2.78880733532664e-05 2.35746973689782e-05 0.0 2.81530047171108e-05 2.32920844540713e-05 0.0 2.83826183799829e-05 2.30094718280799e-05 0.0 2.85769113108568e-05 2.27268581858267e-05 0.0 2.87358811371919e-05 2.2444242924143e-05 0.0 2.88595260581574e-05 2.21616259219807e-05 0.0 2.89478447650161e-05 2.18790073793538e-05 0.0 2.90008363748261e-05 2.15963877005346e-05 0.0 2.90185003811232e-05 2.13137674087307e-05 0.0 2.90008366236126e-05 2.10311470809281e-05 0.0 2.89478452778403e-05 2.0748527292614e-05 0.0 2.88595268650804e-05 2.04659085626308e-05 0.0 2.87358822820419e-05 2.01832912884401e-05 0.0 2.85769128492553e-05 1.99006756615809e-05 0.0 2.83826203759121e-05 1.96180615521391e-05 0.0 2.81530072372649e-05 1.93354483496367e-05 0.0 2.78880764581543e-05 1.90528347460272e-05 0.0 2.75878317924716e-05 1.87702184445951e-05 0.0 2.72522777829958e-05 1.84875957767841e-05 0.0 2.68814197785588e-05 1.82049612077017e-05 0.0 2.64752638753365e-05 1.79223067108586e-05 0.0 2.60338167355806e-05 1.76396209944397e-05 0.0 2.5557085219586e-05 1.73568885662208e-05 0.0 2.5045075744384e-05 1.70740886337592e-05 0.0 2.44977932548494e-05 1.67911938528252e-05 0.0 2.39152396590257e-05 1.65081689630327e-05 0.0 2.32974115392058e-05 1.62249693889074e-05 0.0 2.26442969038442e-05 1.59415399417901e-05 0.0 2.19558706937114e-05 1.56578138387221e-05 0.0 2.12320887009898e-05 1.53737123656782e-05 0.0 2.04728795061141e-05 1.50891456623907e-05 0.0 1.96781339901612e-05 1.48040153039566e-05 0.0 1.88476919495109e-05 1.45182196110874e-05 0.0 1.7981325336826e-05 1.42316629480011e-05 0.0 1.70787176945763e-05 1.3944270677617e-05 0.0 1.61394394547137e-05 1.36560119530076e-05 0.0 1.51629189741829e-05 1.33669331517954e-05 0.0 1.41484094854039e-05 1.30772055375621e-05 0.0 1.3094952586093e-05 1.27871917178453e-05 0.0 1.20013394896566e-05 1.24975367832574e-05 0.0 1.08660720132358e-05 1.22092919194676e-05 0.0 9.68732620781656e-06 1.19240813625177e-05 0.0 8.46292272844294e-06 1.16443291136017e-05 0.0 7.19030999882128e-06 1.13735728019713e-05 0.0 5.86657109314274e-06 1.11169154590382e-05 0.0 4.48848179361728e-06 1.08817188157316e-05 0.0 3.0527109489878e-06 1.06787675960158e-05 0.0 1.55650904329049e-06 1.0524445467672e-05 0.0 0.0 1.04448492958999e-05 0.0
</DataArray>
</PointData>
<CellData>
<DataArray type="Float64" Name="von_mises [Pa]" NumberOfComponents="1" format="ascii">
55763029.41945471 56011009.29943326 56013182.67953716 56314986.54818179 56141333.772927076 56482046.431502014 56165370.3364429 56537923.9147692 56113166.27160162 56510281.559857935 56012326.590420455 56427106.403172284 55885943.48734382 56312537.38489576 55751326.38732606 56185175.176839784 55620264.82868374 56058046.42997672 55499965.347177595 55939398.99075637 55394164.31315106 55833777.40402521 55304161.513208054 55743073.11147179 55229670.22870049 55667412.26460543 55169463.32005233 55605842.96996934 55121834.918840304 55556833.64982895 55084912.0373879 55518614.28593724 55056851.962637186 55489396.432869025 55035957.030852914 55467504.615591444 55020732.24994961 55451445.82530668 55009905.16785014 55439937.66168112 55002422.16052273 55431910.241912074 54997431.13619386 55426492.60989743 54994257.46520683 55422991.01056514 54992377.59403997 55420863.899186656 54991393.11568885 55419696.7585539 54991006.89101965 55419178.53609252 54991002.01701615 55419080.65232686 54991223.91548972 55419238.96377541 54991565.49052471 55419538.704205714 54991955.11535706 55419902.21573857 54992347.11520334 55420279.169200025 54992714.37981801 55420638.92752056 54993042.74512088 55420964.702625185 54993326.81101248 55421249.17797873 54993566.90141046 55421491.30393902 54993766.915279835 55421694.01342415 54993932.8592765 55421862.64597389 54994071.89084127 55422003.90596641 54994191.733520426 55422125.213720076 54994300.35331502 55422234.3355669 54994405.805628546 55422339.20034838 54994516.17694821 55422447.82506257 54994639.55382973 55422568.28167652 54994783.95412649 55422708.64035465 54994957.151794136 55422876.82172002 54995166.31686442 55423080.28196853 54995417.37625686 55423325.439746246 54995713.97888779 55423616.73238708 54996055.919953644 55423955.16140471 54996436.84472178 55424336.1531477 54996841.01241518 55424746.52100546 54997238.85756481 55425160.271855496 54997581.0426443 55425532.954333276 54997790.656977184 55425794.20458971 54997753.19084526 55425838.11365419 54997303.91230942 55425511.030409746 54996212.31499593 55424596.44162403 54994163.41258163 55422796.6585487 54990735.86421695 55419711.220598765 54985377.27170195 55414812.2451857 54977377.55696649 55407417.4693433 54965842.191989265 55396662.52490283 54949668.32405635 55381475.17260286 54927528.66259375 55360555.93360717 54897870.55496347 55332371.98110883 54858941.204061285 55295174.513765424 54808854.721591905 55247054.37800543 54745722.88012961 55186056.66049622 54667879.02295429 55110382.37292019 54574232.98684528 55018713.684736684 54464802.00153422 54910706.603625014 54341463.36323199 54787697.078420945 54208959.49481234 54653654.16567411 54076139.29635444 54516372.06249048 53957323.22733139 54388802.13493941 53873524.44434857 54290272.959458575 53853072.03135366 54247143.32568926 53931088.95968914 54292235.27141067 54147728.556807585 54462237.83580422 54548670.87413829 54791570.66734443 55734484.48599841 55969054.75795556 56001524.66665535 56279425.7785068 56132615.87859434 56450150.42080685 56156918.52850356 56506709.84341401 56104407.90667007 56479631.90128448 56003390.33289094 56397747.06490974 55877179.36675783 56285320.1910146 55743088.09999616 56160765.352542415 55612816.604890615 56036819.11503882 55493457.93317517 55921448.58464953 55388646.187239625 55818977.92315858 55299603.973320104 55731151.67252299 55225994.29384456 55658015.77895736 55166562.763980076 55598590.071958065 55119593.586827345 55551350.71218247 55083215.584300116 55514557.62162928 55055594.982048236 55486463.86684755 55035046.74221461 55465439.57204508 55020089.80936213 55450036.564975254 55009465.458835065 55439013.67352697 55002132.70036994 55431337.21100447 54997250.54169864 55426166.90949722 54994153.77072401 55422834.309276454 54992326.60333557 55420818.21931265 54991376.89052984 55419720.14853169 54991012.42638861 55419241.407539755 54991020.11859582 55419162.763649516 54991248.27413364 55419326.99388476 54991591.93673401 55419624.34170457 54991981.03115368 55419980.68363428 54992370.979143955 55420348.10774192 54992735.42158307 55420697.56462905 54993060.68815615 55421013.25030715 54993341.684375785 55421288.40257501 54993578.90483626 55421522.22721229 54993776.32424036 55421717.70982074 54993939.959368564 55421880.10868992 54994076.93306131 55422015.96066732 54994194.903931685 55422132.46398707 54994301.75225962 55422237.12847514 54994405.43305655 55422337.60423059 54994513.92167674 55422441.61465689 54994635.18570529 55422556.92869509 54994777.11918353 55422691.31030652 54994947.37171802 55422852.3807285 54995152.99541415 55423047.32064551 54995399.816949636 55423282.32512687 54995691.42021036 55423561.70373901 54996027.59684699 55423886.49167101 54996402.088091746 55424252.40508448 54996799.40212115 55424646.93594799 54997190.448748395 55425045.33959559 54997526.6903999 55425405.22486939 54997732.47021094 55425659.41627371 54997695.15247476 55425706.72698457 54997252.7093953 55425400.271449216 54996178.4283059 55424532.97193647 54994162.51941123 55422819.99692364 54990790.609444425 55419878.04126969 54985519.45753785 55415201.66115402 54977650.78797934 55408137.367808826 54966304.9831182 55397856.939670086 54950397.626753874 55383332.533304974 54928623.67460306 55363317.79017152 54899456.53156064 55336341.41505132 54861172.75082264 55300722.84619625 54811917.674084656 55254623.87737138 54749833.30392392 55196155.64538111 54673277.042596474 55123567.3554965 54581168.08909925 55035551.182370454 54473505.396657884 54931705.688994095 54352102.669646114 54813204.479841255 54221572.95258172 54683710.19984159 54090552.95958405 54550542.24244453 53973065.804242246 54426027.256749116 53889764.21861255 54328808.727623604 53868578.90493938 54284652.641925424 53944056.478945464 54325986.23533262 54154433.487123586 54489116.403769664 54534698.383150876 54807799.39106614 55694220.29010072 55911590.418305375 55966456.9623309 56223607.41555535 56099405.308714986 56394727.64352141 56123442.940771006 56451170.94393549 56071033.3530473 56424867.194436096 55971197.777918726 56345463.40464975 55847263.513303354 56237153.8171521 55716257.23278156 56117876.772383414 55589511.194902435 55999792.85743642 55473784.25235879 55890357.97362371 55372457.53250408 55793516.729716964 55286589.69907736 55710773.87686534 55215756.97149107 55642054.68426275 55158676.54904065 55586347.167090744 55113643.80916008 55542155.00814972 55078822.63503428 55507800.63198183 55052426.40142403 55481616.49206461 55032821.14848583 55462056.61585218 55018575.62516163 55447753.480354115 55008476.63987108 55437538.93516392 55001523.0077066 55430442.666662045 54996907.37254185 55425677.642836355 54993992.17248466 55422618.94363171 54992283.82076852 55420780.170145996 54991407.61050097 55419790.050435975 54991084.76576458 55419370.762488194 54991112.32877003 55419318.75042925 54991346.09597142 55419488.32133686 54991686.52143916 55419778.00356272 54992067.33786851 55420119.468394674 54992446.56363511 55420468.724737644 54992799.53835614 55420799.26169056 54993113.63843018 55421096.81530622 54993384.35287514 55421355.458539404 54993612.43849698 55421574.747075744 54993801.91509638 55421757.691613466 54993958.70190805 55421909.36474083 54994089.733159214 55422035.98518356 54994202.42219638 55422144.35233318 54994304.36938009 55422241.5289217 54994403.22874463 55422334.68911496 54994506.66226108 55422431.06320219 54994622.31856042 55422537.91851752 54994757.77526413 55422662.519247055 54994920.38067596 55422812.0055024 54995116.92142613 55422993.12425549 54995353.02768922 55423211.73143636 54995632.206620894 55423471.96548732 54995954.36777371 55423774.967871025 54996313.67162512 55424116.995608985 54996695.49487854 55424486.73542386 54997072.26533411 55424861.5897247 54997397.87791982 55425202.66388997 54997600.366605245 55425448.146110915 54997572.48188875 55425504.7417468 54997159.82164817 55425236.813554265 54996146.20057311 55424452.90132239 54994236.0433895 55422889.36975019 54991033.781546004 55420191.08998734 54986020.56574238 55415889.336768605 54978529.13597347 55409377.53121263 54967718.49405965 55399886.14773156 54952551.20146289 55386459.12114816 54931777.806634925 55367935.55130424 54903935.25273979 55342942.5504292 54867369.32292193 55309907.88848252 54820295.46299516 55267104.86753747 54760917.87917704 55212746.81531861 54687633.71455515 55145154.91229331 54599357.05687823 55063030.77792166 54496005.2860426 54965873.88339845 54379194.55755373 54854591.7037582 54253184.74501315 54732352.6894195 54126082.80563002 54605716.697371505 54011234.21219286 54486019.6515705 53928575.70443868 54390848.27297028 53905467.73421521 54345174.354533166 53976182.41086903 54381330.45333855 54178855.267489806 54536629.59027398 54548294.96748052 54847337.13248322 55637736.60141742 55835577.63184277 55909933.766134374 56146604.15405654 56041799.08834315 56315595.37236072 56064809.3283735 56370864.06390199 56012907.86928301 56345673.1771551 55915707.919021964 56270170.42451016 55796274.883668795 56168185.077074386 55671019.24904599 56056840.921182826 55550608.74471687 55947418.62547459 55441243.80133845 55846634.61031566 55345906.697429 55757907.16062563 55265413.51647792 55682423.73831692 55199225.479968 55619962.6886839 55146037.13227762 55569487.93686463 55104181.231469035 55529558.43701132 55071893.34419773 55498596.74370812 55047474.17208487 55475055.38915044 55029380.2262117 55457511.83160836 55016266.17683778 55444715.190577894 55006995.99219976 55435601.68609516 55000635.04848319 55429290.78009885 54996431.63978668 55425070.3167915 54993793.54123073 55422376.243077405 54992263.271929555 55420770.535157435 54991494.284786396 55419919.57553349 54991229.32856175 55419574.26735677 54991281.56785654 55419552.526118584 54991518.61937267 55419724.36574606 54991849.40051299 55419999.53256805 54992213.53867245 55420317.48806742 54992573.01940452 55420639.46459988 54992905.73186791 55420942.291335925 54993200.58140852 55421213.69210733 54993453.86818121 55421448.77953745 54993666.66821058 55421647.50178959 54993842.99312431 55421812.83349197 54993988.54314704 55421949.53702181 54994109.902534805 55422063.35209669 54994214.05625839 55422160.49909404 54994308.13090276 55422247.404279 54994399.281235054 55422330.572749 54994494.656832196 55422416.547562495 54994601.39065731 55422511.90119419 54994726.55359973 55422623.208280124 54994877.015875 55422756.946594685 54995059.1476654 55422919.266266316 54995278.277452506 55423115.5552935 54995537.80701464 55423349.71235163 54995837.85699731 55423623.015519924 54996173.28658551 55423932.44813592 54996530.89577609 55424268.31084335 54996885.58052165 55424610.91319921 54997195.17225217 55424926.10101638 54997393.65835458 55425159.34043676 54997382.45595699 55425228.0522387 54997019.40817953 55425011.878598 54996105.204863526 55424340.58206289 54994367.01987781 55422979.340694435 54991439.3337929 55420611.33894182 54986842.213770464 55416817.79461931 54979957.804734625 55411055.952862516 54970006.51648188 55402636.17655995 54956025.45898039 55390700.14380052 54936853.19476658 55374203.41968419 54911126.98125019 55351907.41755538 54877301.53318587 55322388.143553056 54833702.13790244 55284072.29923652 54778629.90730931 55235315.51198367 54710543.23049406 55174542.94650274 54628347.152644105 55100479.69105652 54531831.10339122 55012507.56248438 54422303.63510797 54911196.58703051 54303476.045388274 54799072.04840074 54182633.11647626 54681684.20242661 54072072.8692548 54569023.58092821 53990653.60429424 54477215.50363427 53965003.32270217 54430149.27874065 54029510.23422083 54460198.28742976 54223733.57017618 54606584.52925343 54585587.28661052 54909622.9613228 55562120.42229388 55738319.129876085 55831178.10372077 56046564.707795724 55959381.43717935 56211568.052168876 55980476.9070143 56264903.94119934 55929688.17555178 56241510.7349526 55836853.68317095 56171753.12324631 55724405.4168494 56078679.17856994 55607761.846058115 55978202.19633476 55496616.63313126 55880406.83634511 55396394.60111412 55791055.75072271 55309549.248711966 55712918.91804037 55236593.011155434 55646814.76346271 55176859.247292385 55592370.25483273 55129037.315270714 55548549.195731804 55091531.59020136 55514004.4813341 55062690.89022418 55487303.00757027 55040946.05025127 55467061.47037784 55024884.47185286 55452021.511834346 55013282.86555138 55441084.74935579 55005113.39074321 55433322.20566711 54999533.844010316 55427968.22503279 54995869.180304125 55424405.75129658 54993589.20734446 55422147.5437824 54992285.54686534 55420816.27632239 54991649.72943296 55420125.32231102 54991453.4457448 55419861.24169432 54991531.412775956 55419868.456258364 54991766.94965023 55420036.25497505 54992080.137061745 55420288.05788211 54992418.311667666 55420572.74523279 54992748.59115381 55420857.799241245 54993052.11304854 55421123.98726003 54993319.68425267 55421361.32239149 54993548.56686261 55421566.05939641 54993740.161273785 55421738.5129767 54993898.38449639 55421881.51699605 54994028.57681773 55421999.37387473 54994136.80154002 55422097.171280466 54994229.429396614 55422180.36735237 54994312.92114046 55422254.56548886 54994393.738484964 55422325.415169105 54994478.32525311 55422398.58624813 54994573.10732555 55422479.7709168 54994684.46193525 55422574.66998328 54994818.60403038 55422688.91849443 54994981.32983079 55422827.89976836 54995177.54517656 55422996.38669273 54995410.48879869 55423197.93444782 54995680.538068995 55423433.92957018 54995983.45744621 55423702.176537454 54996307.91816249 55423994.87524214 54996632.08303641 55424295.81161312 54996919.01493881 55424576.55105164 54997110.63521032 55424791.39321325 54997119.93530926 55424870.821620196 54996821.140253894 55424713.17000816 54996037.549288705 55424174.2395734 54994526.85633356 55423054.65254606 54991963.905901745 55421084.838273376 54987921.104024425 55417907.74617631 54981847.12371095 55413059.70172666 54973045.17935093 55405950.3133551 54960653.06784089 55395843.05739874 54943628.47690501 55381839.18448804 54920744.85283122 55362868.98727673 54890605.53198404 55337696.34647453 54851687.03248096 55304944.95908349 54802426.57785864 55263157.94156145 54741374.3684304 55210906.9286931 54667438.261617154 55146973.01620828 54580258.009260595 55070631.215454616 54480758.66886381 54982084.77312724 54371947.50567824 54883118.63546694 54260028.58698373 54778072.194675684 54155889.29509454 54675253.25235586 54076903.20357095 54588865.10419243 54048697.2539937 54541260.66666507 54105970.631579995 54564708.969774716 54290712.04743157 54700879.64717193 54645597.641000815 54995398.91760044 55464692.01315777 55616835.37936493 55728306.16693715 55920923.9004856 55850847.47081462 56080642.699245565 55869480.22450556 56131902.0046484 55820839.73717957 56111645.41971618 55734576.41636302 56050122.565879405 55631999.644235946 55969081.068051055 55527111.19272861 55882771.934956744 55428317.91358782 55799768.424127534 55340072.74312636 55724695.83539759 55264199.533630624 55659593.712385595 55200873.87692493 55604896.76360803 55149310.92602976 55560105.43167974 55108228.54242533 55524228.08553338 55076147.5259119 55496063.49014278 55051577.66165847 55474374.640553355 55033125.70797856 55457990.01415423 55019551.261234194 55445857.101825505 55009788.78803005 55437065.2048735 55002948.55531916 55430849.056416176 54998305.19922754 55426581.09127012 54995279.826309524 55423757.605310455 54993419.51852208 55421982.24850083 54992376.68694969 55420949.04366429 54991889.725519665 55420426.25448818 54991765.73625335 55420241.83109729 54991865.64529585 55420270.7624878 54992091.739842564 55420424.40659762 54992377.48239091 55420641.710033804 54992679.36500108 55420882.140357286 54992970.52627451 55421120.11217655 54993235.84845981 55421340.67778473 54993468.2678749 55421536.261964075 54993666.059031755 55421704.24042947 54993830.88508025 55421845.18659084 54993966.440093815 55421961.6378735 54994077.53975502 55422057.25843626 54994169.5445829 55422136.29822844 54994248.02325394 55422203.268251896 54994318.58247366 55422262.76814545 54994386.8043143 55422319.41493112 54994458.241951056 55422377.830736 54994538.430561654 55422442.65291594 54994632.87180594 55422518.53205932 54994746.94792688 55422610.08210075 54994885.71497099 55422721.74205483 54995053.513908364 55422857.5006356 54995253.323420234 55423020.42319433 54995485.758734465 55423211.90483195 54995747.59727532 55423430.55427646 54996029.68455914 55423670.59044063 54996314.04362042 55423919.60811561 54996569.98030214 55424155.54235953 54996748.94819801 55424342.63514372 54996777.91585912 55424426.18632493 54996550.97289899 55424325.85986304 54995918.93181743 55423927.323531285 54994676.74454412 55423072.03801239 54992548.67817836 55421545.095247045 54989171.41191298 55419061.15737848 54984075.56351743 55415248.79380589 54976666.6755705 55409633.88799042 54966207.44542277 55401623.32724765 54951804.03561838 55390490.94229689 54932400.73080483 55375368.67817915 54906789.104598425 55355247.310916424 54873640.34406588 55328992.754380904 54831572.636530116 55295386.279043525 54779269.90867975 55253200.13518316 54715674.468216665 55201324.970033444 54640285.77121945 55138973.95571084 54553613.43635705 55066004.673400655 54457858.57462095 54983430.629860185 54357934.23817929 54894248.73406484 54262965.7939075 54804785.30156692 54188366.270286925 54726806.213520534 54158305.742396265 54680462.00192715 54207688.70268248 54697412.86537011 54381587.05438478 54821984.998769686 54728896.97822176 55106448.563577466 55342413.56234775 55467462.17872406 55598624.73951322 55766312.23547524 55714084.72394317 55920056.914016664 55730394.96141969 55969997.72935965 55685679.81083255 55955208.43941447 55608892.052681506 55905309.09844287 55519622.12337852 55840108.69598863 55429988.58355058 55771705.20478069 55346812.69795512 55706869.74615327 55273418.871267945 55648960.79935409 55210944.97956685 55599263.2103201 55159235.37789179 55557862.23222818 55117426.06655904 55524192.83864517 55084317.183741935 55497376.848788455 55058603.18799648 55476425.45503677 55039009.31409698 55460357.2319401 55024366.93140158 55448263.15074503 55013649.56805531 55439338.41861026 55005984.14880889 55432893.74843103 55000647.201381825 55428354.200934015 54997052.561438546 55425250.91790093 54994734.90181897 55423209.22819681 54993331.88669165 55421935.37957381 54992566.69192066 55421203.311647646 54992231.90088466 55420842.31037037 54992175.287001856 55420725.99159757 54992287.66460414 55420762.798259266 54992492.78101801 55420888.02545687 54992739.09939574 55421057.2839945 54992993.2577643 55421241.255663276 54993234.965459 55421421.568375714 54993453.099287786 55421587.61509752 54993642.77825402 55421734.14940915 54993803.22010155 55421859.506785184 54993936.210672684 55421964.320327036 54994045.04470817 55422050.61999804 54994133.82245988 55422121.22383599 54994207.009143464 55422179.346998304 54994269.183412425 55422228.36940759 54994324.916363604 55422271.71501474 54994378.73433764 55422312.80511642 54994435.126827575 55422355.054978356 54994498.56554892 55422401.88719156 54994573.50203871 55422456.73682642 54994664.30923425 55422523.02263 54994775.12725548 55422604.05511979 54994909.56495988 55422702.84649296 54995070.19677847 55422821.77863629 54995257.77869653 55422962.07418152 54995470.08815609 55423123.00141333 54995700.2704637 55423300.727178864 54995934.549723476 55423486.71312763 54996149.13687659 55423665.53060511 54996306.143648505 55423811.94997753 54996348.29297375 55423887.14362562 54996192.209938265 55423833.832516454 54995720.09108207 55423570.20983841 54994769.596387476 55422982.50008677 54993121.90409001 55421916.06927886 54990488.03541538 55420165.105916366 54986493.82212435 55417461.06057239 54980664.28767491 55413460.28453857 54972408.78139033 55407731.66606451 54961008.98611243 55399745.54586657 54945612.957371786 55388865.81706958 54925239.69426515 55374347.89027566 54898800.45794739 55355346.15416503 54865145.28714597 55330935.77044307 54823146.27696983 55300155.40005493 54771834.11183305 55262080.611929834 54710613.249931864 55215944.44424698 54639598.66270882 55161336.88138393 54560151.54878136 55098549.290942445 54475753.910702854 55029201.52679331 54393451.6308875 54957419.2910651 54326151.996466 54891996.85142474 54295875.47118959 54849989.19725441 54337246.05042688 54861485.54640852 54498762.897605285 54973237.52306443 54837174.70464297 55245601.44274082 55191495.667796604 55285454.84137728 55438567.15439597 55578346.08094404 55546218.42028759 55726260.24050778 55561377.27703806 55776926.84552077 55523458.21021787 55771317.38127103 55459996.920650385 55737604.93852426 55388156.7523559 55692883.860371955 55317688.55811431 55646601.46499948 55253571.77157696 55603500.00530133 55197910.178340174 55565627.14656952 55151161.6478159 55533567.17587395 55112894.681700096 55507150.594674245 55082240.528947115 55485849.59152193 55058158.17881798 55468994.38551119 55039586.24016667 55455889.795118004 55025526.4731749 55445876.34395906 55015085.79271011 55438360.16950486 55007492.99807411 55432825.100275986 55002100.3092064 55428834.45799158 54998376.11166262 55426027.024952464 54995893.04182225 55424109.890756205 54994314.08194134 55422849.884317994 54993378.35939787 55422064.670995325 54992887.67929626 55421614.183897115 54992694.36353094 55421392.77945256 54992690.6602243 55421322.31561246 54992799.78374249 55421346.22088266 54992968.51780417 55421424.5370153 54993161.240743876 55421529.8657599 54993355.19623949 55421644.1213897 54993536.82244991 55421755.97885701 54993698.95830629 55421858.90682101 54993838.76096763 55421949.68130622 54993956.188471414 55422027.28628576 54994052.92322504 55422092.1198764 54994131.63301097 55422145.4374897 54994195.48552905 55422188.97533795 54994247.84930392 55422224.7084823 54994292.12788607 55422254.706844404 54994331.68558091 55422281.060208656 54994369.83143204 55422305.84913839 54994409.834115826 55422331.142966494 54994454.94379011 55422359.008708596 54994508.39790905 55422391.515887305 54994573.38662878 55422430.721861705 54994652.94962244 55422478.62036403 54994749.7698834 55422537.032503225 54994865.821329825 55422607.41443995 54995001.81570974 55422690.54923904 54995156.38040309 55422786.08208789 54995324.882570416 55422891.84818559 54995497.79712317 55423002.931448735 54995658.497259 55423110.38034042 54995780.32865944 55423199.49549137 54995822.81455197 55423247.59399922 54995726.833189666 55423221.14975922 54995408.6179303 55423072.21120989 54994752.46174784 55422734.01244407 54993602.07429935 55422115.726593114 54991750.6552359 55421096.369342946 54988929.9303861 55419517.953289546 54984798.66763005 55417178.1278065 54978931.56712409 55413822.7177693 54970809.92307388 55409138.79372588 54959816.09185315 55402749.14905947 54945234.57766367 55394209.29412805 54926263.473875016 55383008.26508254 54902041.1531842 55368574.6864807 54871694.78750746 55350289.797146395 54834420.426210955 55327510.24637684 54789611.39286115 55299607.43054814 54737068.35463616 55266042.14011223 54677362.53728847 55226525.29877429 54612504.683367185 55181392.94737729 54547221.519505724 55132491.80399072 54491336.65043659 55085173.91785956 54463770.24500483 55052314.24810655 54497888.67559442 55060891.55082513 54645533.56727184 55159143.46106657 54973176.29872501 55416918.13143778 55007000.059541464 55064479.925676025 55243492.44644669 55351325.391407974 55343599.35216548 55494848.222602636 55360254.70262374 55550136.49916634 55333501.61474783 55559275.866413034 55288424.937996596 55547773.18079432 55238942.65697803 55529106.696512684 55191978.68726053 55509628.79535236 55150500.50926691 55491948.15323682 55115395.43696875 55476882.26227078 55086528.81278681 55464468.80492812 55063308.36030595 55454448.13216698 55044974.457222246 55446476.70643389 55030745.29162776 55440213.68984019 55019886.82329148 55435351.63434717 55011743.84631668 55431624.241859 55005750.689466245 55428805.5374475 55001431.11144251 55426706.26643543 54998392.49014949 55425169.66730327 54996317.16863285 55424067.32171153 54994952.64905007 55423295.26819958 54994101.66577269 55422770.41502107 54993612.763409175 55422427.259002686 54993371.738721825 55422214.91863122 54993294.12320284 55422094.49083728 54993318.75852709 55422036.73635156 54993402.43459736 55422020.08970475 54993515.5087913 55422028.980099045 54993638.39717635 55422052.44078949 54993758.81722463 55422082.97843402 54993869.66176219 55422115.6704645 54993967.39132235 55422147.45758911 54994050.84364405 55422176.5995474 54994120.37249347 55422202.26463734 54994177.24176844 55422224.22670673 54994223.21385427 55422242.646847844 54994260.28298221 55422257.92059283 54994290.51444432 55422270.57473816 54994315.95891636 55422281.20087249 54994338.61782857 55422290.41521403 54994360.44072619 55422298.83636723 54994383.33901066 55422307.07414106 54994409.20242369 55422315.7236068 54994439.90520526 55422325.35915434 54994477.28800552 55422336.52339535 54994523.0994274 55422349.70544971 54994578.87744117 55422365.30234576 54994645.74583416 55422383.55606784 54994724.094283976 55422404.45714422 54994813.10264233 55422427.603648804 54994910.060684025 55422452.00216131 54995009.42422247 55422475.79473167 54995101.53781755 55422495.893444754 54995170.94424597 55422507.502200045 54995194.19323556 55422503.50433914 54995137.059249245 55422473.69563053 54994951.083829716 55422403.84590411 54994569.377385214 55422274.58065348 54993901.65450423 55422060.08742359 54992828.543760315 55421726.67150198 54991195.31573449 55421231.21027471 54988805.318694636 55420519.58063435 54985413.60300155 55419525.146615386 54980721.44664996 55418167.36953459 54974372.744440176 55416350.494957104 54965953.45275738 55413962.007882595 54954995.442581214 55410870.0331033 54940986.19626932 55406917.99967931 54923385.96844263 55401913.70473474 54901655.07210857 55395608.82121712 54875298.08974016 55387665.448452376 54843944.80798221 55377612.93381723 54807523.057560354 55364822.26041651 54766665.52797959 55348594.18131345 54723684.31441704 55328633.17438629 54684795.2316923 55306581.02413492 54664638.50885592 55289989.2758428 54693709.851853944 55300515.186968334 54826385.51910761 55385776.29101417 55140850.23752057 55626066.4502027 54782326.665799394 54795872.564863786 55007392.28241159 55077825.52548689 55101776.530498244 55220507.95257318 55124684.27303007 55286995.814986125 55115444.44488638 55318886.17711963 55095271.57341536 55337341.9546978 55073950.90144924 55351278.39947819 55055219.36621488 55363668.40457631 55040009.30277983 55375083.625625215 55028129.23326492 55385360.71410671 55019039.513485864 55394263.30548451 55012168.915309235 55401680.937868536 55007021.43614222 55407644.35048658 55003197.15013552 55412284.228419326 55000383.01992187 55415784.076205246 54998336.521469064 55418343.52786078 54996870.170475334 55420154.5608473 54995839.033191904 55421388.408622585 54995131.17175951 55422190.02376513 54994660.41046436 55422677.31965717 54994360.80368273 55422943.12133645 54994182.329735875 55423058.41988785 54994087.48143966 55423076.04466285 54994048.5343043 55423034.23821035 54994045.345904544 55422959.8665502 54994063.584470205 55422871.1540314 54994093.31103179 55422779.925101936 54994127.85512003 55422693.38621971 54994162.93395446 55422615.50520892 54994195.972127244 55422548.053158015 54994225.584547736 55422491.372554615 54994251.19053509 55422444.929138795 54994272.73166964 55422407.69679233 54994290.47043932 55422378.41623234 54994304.85070718 55422355.760224216 54994316.40460727 55422338.4309525 54994325.69357092 55422325.20919653 54994333.27377796 55422314.970081575 54994339.67843049 55422306.676313706 54994345.410911225 55422299.3569366 54994350.94408224 55422292.07752135 54994356.72180615 55422283.906411424 54994363.15920462 55422273.88090745 54994370.63828676 55422260.97733006 54994379.49532716 55422244.08944246 54994389.995857075 55422222.02101747 54994402.292270236 55422193.50032188 54994416.35791873 55422157.22708495 54994431.8901799 55422111.96623 54994448.17335859 55422056.707374536 54994463.890572764 55421990.91496776 54994476.87208264 55421914.90097735 54994483.76614991 55421830.36034285 54994479.617885865 55421741.11878729 54994457.3422406 55421654.15284521 54994407.08023046 55421580.9524417 54994315.43379049 55421539.30603859 54994164.58571777 55421555.59531302 54993931.328401744 55421667.68736049 54993586.04925321 55421928.50196587 54993091.75103397 55422410.30024636 54992403.21661553 55423209.67306781 54991466.44716565 55424453.07664215 54990218.483575314 55426302.525220096 54988587.614577144 55428960.63799428 54986493.70398327 55432673.54473617 54983847.82809396 55437729.035960086 54980549.499541596 55444445.61912332 54976478.47746812 55453145.66056235 54971476.96908195 55464102.62248664 54965318.59184781 55477449.369465455 54957667.647299066 55493034.59274977 54948058.70126721 55510226.30242194 54936003.21678718 55527708.860779606 54921529.374447376 55543466.274091765 54906924.79737631 55555555.03373679 54901271.27884102 55565297.64722958 54929812.30952844 55586207.021019354 55047412.76495768 55661336.781018116 55345688.35842948 55880975.50585903 54508472.65757616 54467473.96770922 54722507.31674718 54748161.3700642 54815513.77227775 54897050.8066709 54852431.11904358 54985189.719065435 54869581.04131116 55050928.846356034 54882500.53884161 55109003.55189702 54896003.616650335 55162971.497291505 54910498.49079369 55212470.75028468 54925084.036635295 55256431.58076486 54938799.94922849 55294169.306950614 54951003.19779661 55325574.90389796 54961393.83464727 55350997.97875593 54969931.34363612 55371069.28342282 54976738.24554406 55386548.39010765 54982022.40487703 55398216.06717368 54986023.28004708 55406807.53262664 54988978.51362384 55412976.686642766 54991105.39158984 55417281.58087487 54992592.26551882 55420183.338355474 54993596.19994156 55422052.86666939 54994244.22355686 55423181.49884734 54994636.44534547 55423793.05775758 54994849.93634886 55424055.81625621 54994942.71850304 55424093.49708828 54994957.49419174 55423994.90101304 54994924.937573634 55423822.03332073 54994866.484288014 55423616.76734833 54994796.62387362 55423406.17578856 54994724.73582972 55423206.70286593 54994656.52713023 55423027.36162385 54994595.133915454 55422872.13322135 54994541.947973855 55422741.72798989 54994497.22290474 55422634.84642911 54994460.50745249 55422549.05587009 54994430.945799336 55422481.37718574 54994407.47724985 55422428.656791024 54994388.961162515 55422387.78268827 54994374.24735142 55422355.78962224 54994362.207512535 55422329.887395754 54994351.73956489 55422307.43785683 54994341.753977 55422285.899766095 54994331.1492562 55422262.75650874 54994318.78256769 55422235.439167105 54994303.44114673 55422201.2568962 54994283.820504494 55422157.34759793 54994258.516639195 55422100.6648012 54994226.0415166 55422028.02144026 54994184.87407008 55421936.218133554 54994133.56304528 55421822.29274109 54994070.903242044 55421683.939798445 54993996.213274606 55421520.162920095 54993909.750858724 55421332.24075139 54993813.31099361 55421125.10723234 54993711.06299096 55420909.26960752 54993610.69393242 55420703.411644496 54993524.93810482 55420537.85335927 54993473.58319194 55420459.05908867 54993486.05255624 55420535.398484714 54993604.665523246 55420864.362646855 54993888.668683805 55421581.40914219 54994419.10144549 55422870.53850656 54995304.492549025 55424976.56567207 54996687.25432686 55428218.804670155 54998750.40406562 55433005.4763042 55001723.82636472 55439847.490091234 55005888.58866113 55449369.216426566 55011576.680719785 55462312.27042129 55019161.77733175 55479525.9284326 55029034.05590192 55501934.291686445 55041548.800149426 55530465.42450161 55056935.35362148 55565921.45402883 55075153.14553412 55608762.18273975 55095694.53501334 55658772.87294202 55117386.686256245 55714605.13054782 55138408.93506814 55773266.959098905 55157215.4144778 55829945.02246437 55176263.51838893 55879579.43873635 55212405.41042164 55924594.99930567 55316921.87431545 55996933.24982498 55595332.47439701 56192969.79635102 54172899.36139531 54061717.647205725 54378856.246755466 54349719.01332967 54478948.60314035 54517684.39478172 54541861.705203995 54643443.79687076 54597389.529692754 54757883.057370424 54653347.094737045 54867133.055205405 54709030.44445563 54969135.678700924 54761770.16260373 55060806.028264716 54809346.61089742 55140228.6707472 54850544.29569095 55206891.711488605 54885035.90187871 55261336.900830075 54913104.525262 55304741.34851841 54935385.454430364 55338583.015374735 54952674.16663729 55364411.32929081 54965799.36780077 55383705.5986243 54975546.83642867 55397797.43669166 54982619.08795132 55407836.527245775 54987618.67556017 55414784.02403781 54991046.17432622 55419422.37740222 54993306.62607527 55422373.9184945 54994720.29364546 55424123.152387284 54995535.063241296 55425039.58722285 54995938.87081947 55425399.23351732 54996071.23142987 55425403.79295186 54996033.41375468 55425197.1355725 54995897.09729525 55424879.0268862 54995711.52884087 55424516.27826176 54995509.29576415 55424151.60413133 54995310.88288935 55423810.513026625 54995128.1960573 55423506.561557375 54994967.23179382 55423245.278307565 54994830.05764654 55423027.03007213 54994716.247423664 55422849.06348947 54994623.89354411 55422706.91572278 54994550.29726276 55422595.351157196 54994492.417919435 55422508.948631644 54994447.145214215 55422442.435984425 54994411.4441022 55422390.84576023 54994382.410151064 55422349.547573 54994357.26399869 55422314.19837672 54994333.30667385 55422280.64140469 54994307.85283136 55422244.77738562 54994278.156163044 55422202.427545905 54994241.340441845 55422149.206663705 54994194.350628465 55422080.42603982 54994133.941406526 55421991.050685 54994056.72548641 55421875.742592804 54993959.31123743 55421729.03288247 54993838.568855144 55421545.68036283 54993692.076726496 55421321.292960964 54993518.81493925 55421053.312067226 54993320.191303745 55420742.48827885 54993101.506536834 55420395.01031123 54992873.98909128 55420025.486492105 54992657.555351116 55419661.018884085 54992484.47587183 55419346.65116104 54992404.149794504 55419152.508607425 54992489.202801734 55419182.97506368 54992843.12154767 55419588.25688658 54993609.60814383 55420578.65236101 54994983.76531042 55422441.75382105 54997225.08081478 55425562.626091644 55000671.930891305 55430446.68160896 55005756.9088379 55437744.44202966 55013021.62045198 55448276.5411701 55023128.543741465 55463056.045553274 55036865.94037096 55483303.24753654 55055139.375075184 55510445.23934841 55078939.82999761 55546088.40957282 55109273.39330511 55591945.98533601 55147031.054284 55649694.2229233 55192770.43132873 55720719.26495574 55246379.33019527 55805702.515981674 55306610.95331432 55903980.9314126 55370577.16454391 56012634.140660234 55433634.953501716 56125388.95944496 55491333.45571225 56232057.81889984 55548693.742657684 56322295.22559484 55646312.88593472 56407573.99999891 55900638.36616429 56578828.81445951 53757729.09116305 53552322.55298829 53963724.9182857 53866230.71959311 54086083.80529809 54075850.761809975 54192803.44987001 54262822.670534365 54302289.74158242 54444972.01903033 54412821.54776048 54618419.313415706 54518344.31660598 54776406.12617075 54613978.084943414 54914579.80396798 54697091.37541783 55031440.472850695 54766939.6899429 55127562.21129984 54824033.11961532 55204749.51199531 54869592.61655915 55265401.255281635 54905162.59369516 55312089.641174324 54932360.56179627 55347303.85147819 54952728.05910434 55373308.22242245 54967651.03584465 55392076.246998705 54978325.61751741 55405272.79627671 54985752.16364496 55414265.42935126 54990745.90034226 55420151.79688713 54993956.29105307 55423794.515551254 54995890.058306225 55425857.98486514 54996934.68346022 55426843.7854425 54997380.52391162 55427122.78958185 54997440.569229975 55426963.115678556 54997267.43388512 55426553.703869425 54996967.54552855 55426023.684622765 54996612.70035667 55425457.93160374 54996249.26889603 55424909.292159006 54995905.38108822 55424408.01460967 54995596.42341451 55423968.87091296 54995329.15992362 55423596.42664382 54995104.75521927 55423288.85162626 54994920.938305356 55423040.602797545 54994773.50663104 55422844.25162505 54994657.33255914 55422691.67454745 54994567.00145664 55422574.77812392 54994497.18221024 55422485.89106293 54994442.80740396 55422417.92303215 54994399.12144636 55422364.364395455 54994361.64017268 55422319.18131093 54994326.05453736 55422276.646033004 54994288.10354691 55422231.132402815 54994243.437275 55422176.900800794 54994187.48946901 55422107.89503953 54994115.380886756 55422017.5756954 54994021.87908542 55421898.82031382 54993901.448253326 55421743.93107341 54993748.43400904 55421544.805278346 54993557.4434518 55421293.34417779 54993324.00039985 55420982.20161328 54993045.58025166 55420606.006686464 54992723.15842022 55420163.234503046 54992363.44075687 55419658.946299486 54991981.983289175 55419108.674523585 54991607.45041866 55418543.78833579 54991287.30285489 55418018.73753311 54991095.24438983 55417620.633019626 54991140.782999635 55417481.6710557 54991581.26588385 55417794.93388129 54992636.71391664 55418834.08164082 54994607.685585104 55420977.36251411 54997896.2107607 55424736.17073141 55003029.50357377 55430788.02189963 55010685.624091536 55440013.217656896 55021719.41427008 55453533.53508438 55037185.74667711 55472749.860152334 55058355.19555187 55499373.59266573 55086714.38267818 55535443.60317216 55123939.05770794 55583316.10686051 55171821.881194994 55645608.396639384 55232128.172746606 55725067.90877904 55306340.891334854 55824323.83440121 55395241.18363618 55945456.55191807 55498258.42923735 56089286.47025523 55612540.26937441 56254236.72438379 55731847.18915621 56434586.795380585 55846093.170713246 56618066.33770957 55946191.430560805 56783731.12966779 56051295.72535077 56913011.88259784 56277633.7032564 57064809.86651425 53236770.33922396 52898269.12803082 53461306.221256204 53277345.58928496 53631996.753957614 53567346.17460148 53808002.807358675 53848976.425946206 53990692.37583587 54121589.31907985 54168288.18607726 54372546.41555432 54330896.744553894 54593347.125693694 54473133.39326328 54780870.6495341 54593279.50626265 54935718.32550767 54691965.14887474 55060598.51606337 54771120.94533195 55159211.41815842 54833271.71715706 55235554.31062403 54881095.617102824 55293513.011611596 54917165.65543598 55336638.43307967 54943811.03294826 55368041.131726176 54963055.18940519 55390359.92840498 54976601.56330188 55405775.45659865 54985847.64491336 55416049.12341467 54991914.40839867 55422574.472775325 54995682.66943979 55426432.46934992 54997830.99855658 55428445.41014669 54998871.94980892 55429226.40257502 54999184.81872173 55429222.879397266 54999044.114283256 55428753.63755769 54998643.55570627 55428039.529704385 54998115.786412574 55427228.311879076 54997548.21012259 55426414.34046238 54996995.45206735 55425653.87771949 54996488.972188205 55424976.75336701 54996044.33551379 55424395.0719435 54995666.59762189 55423909.57470827 54995354.20393199 55423514.1753325 54995101.73927384 55423199.10020586 54994901.8043306 55422952.98232856 54994746.24111027 55422764.185353614 54994626.88222991 55422621.57246012 54994535.95873168 55422514.88340001 54994466.26839519 55422434.84146048 54994411.180349305 55422373.079399854 54994364.53173311 55422321.94842066 54994320.45732687 55422274.25600291 54994273.18307038 55422222.96606838 54994216.80859658 55422160.88782045 54994145.10217435 55422080.37729899 54994051.333597995 55421973.078119315 54993928.176767096 55421829.73509507 54993767.72424067 55421640.12694656 54993561.671356924 55421393.18261926 54993301.748338595 55421077.370848715 54992980.50567792 55420681.48540502 54992592.5918167 55420195.99004893 54992136.70323605 55419615.138621576 54991618.43567024 55418940.14745203 54991054.32088262 55418183.76953386 54990477.39471969 55417376.701512985 54989944.70592678 55416576.34270288 54989547.23602312 55415878.51467307 54989422.74955389 55415432.83130828 54989772.1180221 55415462.4682829 54990879.639963165 55416289.09623118 54993137.786181584 55418363.68279493 54997076.59390812 55422303.69234247 55003397.56283028 55428936.860145286 55013011.29624469 55439351.112533964 55027077.18181375 55454949.244016446 55047041.98131469 55477505.51355371 55074672.1052057 55509219.210017234 55112071.30932317 55552757.2229932 55161671.151333906 55611273.391592816 55226175.124496035 55688386.32713321 55308427.84564722 55788088.48940983 55411166.11648071 55914545.48186906 55536585.88397911 56071721.43298664 55685623.38640819 56262724.419941686 55856797.46974905 56488684.91555682 56044417.18866204 56746821.12683921 56236100.191173695 57027055.2108656 56410613.13499153 57306181.3857124 56553258.33105076 57536538.369207464 56751412.7443195 57695272.83028146 52570435.88263034 52032148.86064369 52853103.617663786 52559748.445066184 53115549.82794394 52995295.05106847 53395500.31399212 53415822.21135122 53673340.88399188 53803021.5851562 53930034.01183786 54142753.15208045 54155440.62027001 54430518.13509972 54346305.579729944 54667836.23118407 54503471.71783913 54859274.690580085 54629922.570187405 55010686.91731881 54729582.55260679 55128223.52092651 54806613.805366494 55217785.26916015 54865018.195014104 55284733.80433238 54908426.57197723 55333758.97671219 54940003.92014465 55368843.35418128 54962425.88686322 55393286.16982863 54977897.94430302 55409761.49677332 54988198.22275907 55420393.532893024 54994731.50150674 55426837.532942235 54998586.260803886 55430359.01581336 55000589.78125131 55431906.83769018 55001358.42321449 55432177.82629579 55001341.68718865 55431672.11484305 55000859.62797218 55430739.25570395 55000133.807280034 55429615.76364792 54999312.324474186 55428455.04257973 54998489.642182685 55427350.7710445 54997721.98194255 55426354.82399456 54997039.04810848 55425490.73814801 54996452.777440995 55424763.61912274 54995963.72861744 55424167.2632028 54995565.634999454 55423689.13985464 54995248.554498434 55423313.76203018 54995000.96774852 55423024.86471268 54994811.10279618 55422806.72016468 54994667.70217335 55422644.84126511 54994560.39652948 55422526.261297196 54994479.807154134 55422439.52828254 54994417.46684325 55422374.51281433 54994365.623465076 55422322.098795384 54994316.97229386 55422273.80502272 54994264.35085188 55422221.371175334 54994200.42294229 55422156.33345106 54994117.376437284 55422069.612378486 54994006.662029594 55421951.138112254 54993858.80775785 55421789.54681092 54993663.357073896 55421571.99615686 54993408.99715635 55421284.16945701 54993083.97007265 55420910.56728023 54992676.89315263 55420435.22451024 54992178.15771933 55419843.04076188 54991582.128104694 55419121.974637665 54990890.42623193 55418266.428799674 54990116.66105801 55417282.243931524 54989293.045544796 55416193.8250766 54988479.4336834 55415054.041410066 54987775.40070114 55413957.665359475 54987336.07146799 55413059.24025666 54987392.46042708 55412596.37272712 54988277.09910556 55412919.51462032 54990455.66303473 55414529.296951704 54994565.12530739 55418122.35994127 55001458.60052944 55424646.32787861 55012256.423537575 55435364.02616778 55028402.032007396 55451926.13127005 55051719.76214012 55476450.06176965 55084469.55379662 55511600.91783221 55129390.566980295 55560667.4886008 55189721.49754589 55627622.561374485 55269179.386709586 55717151.66970513 55371869.90088359 55834627.41714532 55502088.272259906 55985996.246050626 55663946.69643188 56177527.53216949 55860720.74454753 56415342.09239702 56093722.056705356 56704564.269066125 56360332.64547065 57047762.468386136 56650509.077785134 57441873.979955584 56940590.96615435 57871537.76625163 57179419.15035574 58293370.937175676 57364674.97682717 58553322.8253942 51696816.75952207 50836061.924855806 52120945.402650796 51694029.70791996 52545168.59059513 52381412.63318802 52972235.48501777 52990940.998394184 53366768.15929318 53511971.59224783 53711632.64131577 53945918.09334634 54002491.21967397 54300210.718945496 54241480.02042199 54584439.39294512 54433683.32976805 54808666.65735853 54585314.31438879 54982620.20026637 54702759.774725944 55115267.24556994 54792070.98222408 55214594.28238045 54858702.72273924 55287518.0071809 54907400.18405497 55339885.39692822 54942176.72909416 55376532.880538635 54966346.78840645 55401381.43108819 54982590.02193032 55417549.858977005 54993030.561394 55427473.35891876 54999320.5123147 55433018.44523423 55002720.78985928 55435588.72639068 55004175.18984559 55436218.51846499 55004375.604533136 55435653.14599775 55003817.66844713 55434416.0364988 55002847.0133816 55432863.50335603 55001696.848659545 55431228.54772016 55000517.86423745 55429655.19440165 54999401.56025327 55428224.89238077 54998398.098501116 55426976.42063522 54997529.69423107 55425920.591368034 54996800.45293928 55425050.86805588 54996203.42844934 55424350.8368122 54995725.549919225 55423799.29983858 54995350.945096776 55423373.60677921 54995063.07983375 55423051.70704057 54994846.04147721 55422813.294270866 54994685.21649001 55422640.322271325 54994567.54959481 55422517.09779739 54994481.52151127 55422430.097616054 54994416.9433159 55422367.61265589 54994364.63605086 55422319.288764216 54994316.04290826 55422275.60972872 54994262.807127416 55422227.35226654 54994196.340646826 55422165.0335698 54994107.40611675 55422078.36899644 54993985.73796485 55421955.760511726 54993819.73692599 55421783.845556736 54993596.28742115 55421547.151934855 54993300.76921176 55421227.92803717 54992917.36510658 55420806.25080108 54992429.80648379 55420260.557982914 54991822.749747686 55419568.80880823 54991084.040948786 55418710.550090805 54990208.20414683 55417670.25565625 54989201.58234271 55416442.41715419 54988089.66754098 55415038.99500898 54986927.27653407 55413499.988417454 54985812.35616275 55411908.049463905 54984904.32694868 55410408.24101176 54984447.98195944 55409234.20744405 54984804.025761425 55408742.17003335 54986487.33305615 55409454.24239866 54990213.882204056 55412112.54036773 54996957.013733186 55417745.37283705 55008013.09910463 55427746.366521016 55025075.78240876 55443966.60158719 55050316.56037591 55468818.60885696 55086467.458870456 55505389.29377236 55136898.79192048 55557556.41956837 55205681.26260048 55630100.166293934 55297616.703349136 55728797.539635405 55418215.0112667 55860483.20667025 55573585.01337633 56033055.908912845 55770190.71783617 56255404.80237118 56014392.57680528 56537222.68265726 56311621.016962074 56888652.303625435 56664846.04382729 57319633.722097084 57071505.797722235 57838508.96201719 57516608.39242093 58448186.82110133 57955487.16457223 59133108.760638945 58198629.51062707 59816615.37545215
</DataArray>
</CellData>
</Piece>
</UnstructuredGrid>
</VTKFile>
