pt,pQ,pOCVAux
0,0,2.55470687388697
0.00200599999993756,3.04571939890863e-08,2.55585213996911
10.000006,0.000152774945895995,2.5711223543976
20.0003489999999,0.000305558121742988,2.58123887145648
30.000006,0.000458330828488007,2.59021012243322
40.000006,0.000611108660105997,2.59860874036889
50.000108,0.000763888270470997,2.60662560294385
60.000006,0.000916664655221999,2.61406983247774
70.000008,0.00106944254240501,2.62113230665092
80.0000106666598,0.00122222043904599,2.62800390314374
90.000006,0.00137499814862199,2.63449374427585
100.00001,0.00152777620569799,2.64060183004725
110.00021133333,0.00168055726440799,2.64670991581864
120.00029166666,0.00183333641241401,2.65262712390969
130.000009,0.00198610998597901,2.65835345432037
140.00038466666,0.00213889363456299,2.6638889070507
150.00010333333,0.00229166741188799,2.66923348210067
160.00000633333,0.00244444376398101,2.67438717947029
170.000006,0.002597221794189,2.67954087683991
180.00022566666,0.00275000299146499,2.68450369652917
190.000006,0.00290277754882201,2.68927563853807
200.00000733333,0.003055555515349,2.69385670286662
210.00048733333,0.00320834075618601,2.69843776719517
220.000006,0.003361111422096,2.70282795384336
230.000006,0.00351388930660301,2.70721814049155
240.00030666666,0.003666671893751,2.71122657177903
250.000006,0.00381944521128399,2.71542588074686
260.00016366666,0.00397222556707399,2.71943431203434
270.000006,0.00412500109342001,2.72344274332182
280.00000866666,0.004277778993242,2.72706941924859
290.00045566666,0.004430563830953,2.73088697285572
300.00000833333,0.00458333493736099,2.73451364878248
310.00000566666,0.00473611280620201,2.73833120238961
320.00015533333,0.00488889300721601,2.74176700063602
330.00028333333,0.00504167284133999,2.74501192120207
340.000006,0.005194446525182,2.74844771944848
350.00015266666,0.005347226752875,2.75188351769489
360.00011033333,0.00550000410631099,2.75512843826095
370.00043266666,0.00565278684482301,2.75818248114665
380.00001066666,0.00580555840543301,2.7614274017127
390.00000599999,0.00595833620150901,2.7644814445984
400.00036766666,0.006111119661803,2.7675354874841
410.00000666666,0.006263892089963,2.7705895303698
420.000006,0.006416669964181,2.77345269557514
430.000006,0.00656944782272001,2.77650673846084
440.00000666667,0.00672222583872401,2.77936990366618
450.000006,0.00687500372591901,2.78223306887152
460.000006,0.00702778155821099,2.78490535639651
470.00010466666,0.00718056114709001,2.7875776439215
480.000006,0.007333337537859,2.79044080912684
490.00000566667,0.00748611549369399,2.79311309665183
500.000006,0.00763889330522699,2.79578538417681
510.000467,0.00779167835356101,2.79826679402144
520.00041866666,0.007944455435068,2.80074820386607
530.00016933333,0.00809722965121901,2.80342049139106
540.00000633333,0.00825000500070999,2.80590190123569
550.00025999999,0.008402786739268,2.80838331108032
560.000006,0.00855556082900299,2.81086472092495
570.000006,0.008708338810473,2.81315525308922
580.00018433333,0.008861119333017,2.81563666293385
590.000505,0.00901390224172199,2.81811807277848
600.00000566666,0.009166672440135,2.8202177272624
610.00000633333,0.00931945044402499,2.82250825942668
620.000006,0.00947222835499301,2.82498966927131
630.00000666666,0.00962500638243699,2.82728020143558
640.00001133333,0.009777784360431,2.8293798559195
650.00020133333,0.009930565166091,2.83147951040342
660.000006,0.01008334018113,2.83377004256769
670.000006,0.010236118097451,2.83606057473196
680.00000566666,0.010388896003954,2.83796935153553
690.00000566666,0.010541673960213,2.84006900601944
700.00000666666,0.010694451875255,2.84216866050336
710.00006666666,0.010847230653141,2.84445919266764
720.00001033333,0.011000007629739,2.8463679694712
730.00000633333,0.011152785607413,2.84846762395511
740.00001166666,0.01130556348332,2.85056727843903
750.00049066666,0.011458348703575,2.85247605524259
760.00041433333,0.01161112558047,2.85438483204616
770.00001166666,0.011763897232998,2.85629360884972
780.00001066666,0.011916675113512,2.85820238565328
790.000198,0.01206945592097,2.8603020401372
800.00007866667,0.012222231974452,2.8620199392604
810.00039466666,0.012375014718991,2.86392871606397
820.000009,0.012527786811626,2.86583749286753
830.00041366666,0.012680570854252,2.86755539199073
840.00015566666,0.012833344892297,2.86946416879429
850.000131,0.012986122422274,2.8711820679175
860.000006,0.013138898456077,2.87309084472106
870.00001066666,0.01329167632427,2.87499962152462
880.00035833333,0.013444459650694,2.87652664296747
890.00000633333,0.013597232190242,2.87843541977103
900.000085,0.013750011278412,2.87996244121388
910.00001033333,0.013902787920962,2.88187121801744
920.000006,0.014055565888102,2.88339823946029
930.00000666666,0.014208343854437,2.88530701626386
940.000006,0.014361121671965,2.88683403770671
950.00045233333,0.014513906302524,2.88855193682991
960.000006,0.014666677493537,2.89026983595312
970.000008,0.014819455461865,2.89179685739597
980.000006,0.014972233190338,2.89351475651917
990.00000566667,0.015125011047028,2.89504177796202
1000.000006,0.015277789006209,2.89675967708523
1010.00002433333,0.015430567081405,2.89828669852808
1020.000006,0.015583344817409,2.90000459765128
1030.000006,0.015736122619505,2.90134074141377
1040.000007,0.015888900582366,2.90305864053698
1050.00000866667,0.016041678534945,2.90439478429947
1060.000006,0.016194456416768,2.90611268342268
1070.000006,0.016347234387618,2.90744882718517
1080.000006,0.016500012169478,2.90916672630838
1090.000006,0.016652790180572,2.91050287007087
1100.00004266666,0.016805568625106,2.91202989151372
1110.00000633333,0.016958345965488,2.91355691295657
1120.00000766666,0.017111123870334,2.91489305671906
1130.000006,0.017263901798007,2.91642007816191
1140.00000566666,0.017416679729573,2.91794709960476
1150.000314,0.017569462303338,2.91928324336725
1160.00000833333,0.017722235544259,2.9208102648101
1170.000006,0.017875013393133,2.9221464085726
1180.00000666666,0.018027791271571,2.92367343001545
1190.00000733333,0.01818056925764,2.92500957377794
1200.00000666666,0.018333347126185,2.92634571754043
1210.000105,0.01848612656834,2.92768186130293
1220.000006,0.018638902943068,2.92901800506542
1230.00001033333,0.018791680924662,2.93054502650827
1240.000006,0.018944458685012,2.93188117027076
1250.000006,0.019097236539432,2.9330264363529
1260.00033866666,0.019250019598538,2.93436258011539
1270.00024933333,0.019402796075624,2.93569872387788
1280.000006,0.019555570346791,2.93703486764038
1290.000006,0.019708348154698,2.93818013372251
1300.000006,0.019861126020176,2.93970715516536
1310.000006,0.020013903935713,2.9408524212475
1320.00033966666,0.020166687061727,2.94218856500999
1330.000006,0.02031945977673,2.94333383109213
1340.000006,0.020472237716271,2.94466997485462
1350.000006,0.020625015737506,2.94600611861712
1360.000006,0.020777793672221,2.94715138469925
1370.00001166666,0.02093057156448,2.94848752846175
1380.00010266666,0.021083350887817,2.94982367222424
1390.00000566667,0.021236127374976,2.95096893830638
1400.00001133333,0.021388905281476,2.95211420438851
1410.000006,0.021541683225758,2.95325947047065
1420.00018666666,0.021694463789614,2.95459561423315
1430.00000633333,0.021847239081815,2.95574088031528
1440.000006,0.022000016998298,2.95707702407778
1450.00001066666,0.022152794902386,2.95822229015991
1460.000006,0.02230557281859,2.95936755624205
1470.000006,0.022458350738149,2.96070370000454
1480.000006,0.022611128666653,2.96165808840632
1490.00000566666,0.022763906411812,2.96280335448846
1500.000234,0.022916687835811,2.96413949825095
1510.000006,0.023069462357382,2.96528476433309
1520.00000833333,0.0232222403076,2.96643003041523
1530.000006,0.023375018196432,2.96757529649736
1540.00029833333,0.023527800521607,2.9687205625795
1550.000353,0.023680579169539,2.96986582866164
1560.000152,0.023833354111666,2.97101109474378
1570.000006,0.023986129814083,2.97215636082591
1580.00033766667,0.024138912799826,2.97330162690805
1590.00001233333,0.024291685749596,2.97425601530983
1600.00018666666,0.024444466272697,2.97559215907232
1610.000012,0.024597241454853,2.9765465474741
1620.00043466666,0.024750025822785,2.97769181355624
1630.000006,0.024902797155112,2.97883707963838
1640.00000666666,0.025055575028727,2.97979146804016
1650.00026733333,0.025208356861168,2.9809367341223
1660.00039433333,0.025361136701171,2.98189112252408
1670.000006,0.025513908660991,2.98303638860621
1680.00000566666,0.02566668653433,2.983990777008
1690.000012,0.025819464533986,2.98513604309013
1700.000007,0.025972242500601,2.98609043149191
1710.000054,0.026125021121853,2.98723569757405
1720.000006,0.026277798254756,2.98819008597583
1730.00000566666,0.026430576109048,2.98933535205797
1740.000006,0.026583353904728,2.99028974045975
1750.000006,0.026736131770667,2.99143500654189
1760.00001166666,0.026888909614508,2.99238939494367
1770.00000633333,0.027041687527673,2.99334378334545
1780.00000733333,0.02719446551056,2.99448904942758
1790.00001,0.027347243397836,2.99544343782937
1800.000006,0.027500021164495,2.99639782623115
1810.000444,0.027652805734072,2.99754309231328
1820.000006,0.02780557690965,2.99830660303471
1830.000012,0.027958354888311,2.99945186911685
1840.00000600001,0.028111132706181,3.00040625751863
1850.00000866665,0.028263910649909,3.00136064592041
1860.00000599999,0.028416688458922,3.00250591200254
1870.00001100001,0.028569466478042,3.00326942272397
1880.00042166667,0.028722250657258,3.00441468880611
1890.00000599998,0.028875022212938,3.00517819952753
1900.00014466666,0.029027802253405,3.00632346560967
1910.000006,0.029180577945189,3.00727785401145
1920.00000933332,0.029333355991507,3.00823224241323
1930.00000600001,0.029486133819206,3.00918663081501
1940.00000599999,0.0296389117297,3.01014101921679
1950.00000666668,0.029791689691948,3.01090452993822
1960.00036266665,0.029944473063535,3.01185891834
1970.00001199999,0.030097245649951,3.01281330674178
1980.00001033334,0.030250023428026,3.01376769514356
1990.00000599999,0.030402801305691,3.01472208354534
2000.000006,0.030555579223661,3.01567647194712
2010.00013433335,0.03070835917902,3.0166308603489
2020.00000600001,0.030861135206772,3.01739437107033
2030.00004500001,0.031013913752275,3.01853963715246
2040.00001133332,0.031166691052776,3.01930314787389
2050.00000666665,0.031319468966591,3.02006665859531
2060.00046266667,0.031472253876355,3.02121192467745
2070.00000833332,0.031625024845376,3.02197543539887
2080.00000599999,0.031777802720087,3.0227389461203
2090.000006,0.03193058055608,3.02369333452208
2100.00000633333,0.032083358586985,3.02464772292386
2110.00000600001,0.03223613649664,3.02560211132564
2120.00039433332,0.032388920357086,3.02636562204707
2130.00000666668,0.032541692351435,3.02732001044885
2140.000006,0.032694470250054,3.02827439885063
2150.00036666666,0.032847253717774,3.02903790957205
2160.00000599998,0.033000026163126,3.02999229797383
2170.00000599999,0.033152804028404,3.03075580869526
2180.000006,0.03330558200534,3.03171019709704
2190.00000600001,0.033458359894735,3.03228283013811
2200.00000600001,0.033611137787778,3.03323721853989
2210.000012,0.033763915743896,3.03419160694167
2220.00000599999,0.033916693407535,3.03495511766309
2230.00000633333,0.034069471370058,3.03571862838452
2240.00000566665,0.034222249273995,3.0366730167863
2250.00000633334,0.034375027235516,3.03762740518808
2260.00001133332,0.03452780510779,3.0383909159095
2270.00001066668,0.034680582933636,3.03915442663093
2280.00032533333,0.034833365666394,3.03991793735235
2290.00000799999,0.034986138725756,3.04087232575413
2300.00002533332,0.03513891688532,3.04163583647556
2310.00000599999,0.035291694405897,3.04239934719698
2320.00000866667,0.035444472296666,3.04335373559876
2330.00027566665,0.035597254325834,3.04411724632019
2340.00044133333,0.035750034869628,3.04488075704161
2350.00000599999,0.035902806117434,3.04564426776304
2360.00015166665,0.036055586127971,3.04659865616482
2370.00000633333,0.03620836185935,3.04717128920589
2380.00000799999,0.036361139862715,3.04812567760767
2390.00028533335,0.03651392205647,3.04888918832909
2400.000403,0.036666701664386,3.04965269905052
2410.000006,0.036819473663886,3.05041620977194
2420.00000933332,0.036972251616434,3.05137059817372
2430.00001166667,0.037125029601297,3.05213410889515
2440.00002866667,0.037277807740417,3.05289761961657
2450.00043933333,0.037430592001414,3.05347025265764
2460.00000600001,0.037583363310882,3.05442464105942
2470.00012866667,0.037736143043775,3.05518815178085
2480.00029733333,0.037888923500671,3.05595166250227
2490.00000599999,0.038041697035106,3.0567151732237
2500.000006,0.03819447487756,3.05747868394512
2510.00000699998,0.038347252833427,3.05824219466655
2520.000008,0.038500030724283,3.05900570538797
2530.00001266665,0.038652808717667,3.05976921610939
2540.000006,0.038805586497806,3.06034184915046
2550.00000600001,0.038958364389133,3.06129623755224
2560.00042800001,0.039111148623681,3.06205974827367
2570.00017699999,0.039263922805323,3.06263238131474
2580.00000599999,0.039416698079299,3.06339589203616
2590.00016966666,0.039569478520632,3.06415940275759
2600.00000600001,0.039722254021679,3.06492291347901
2610.00000599998,0.039875031932482,3.06549554652008
2620.00001133332,0.040027809951602,3.0662590572415
2630.00000999999,0.040180587680543,3.06721344564329
2640.000014,0.040333365746025,3.06778607868435
2650.00000600001,0.040486143523499,3.06854958940578
2660.00012266666,0.040638923169929,3.0693131001272
2670.00000599999,0.040791699309906,3.07007661084863
2680.000006,0.040944477263764,3.07084012157005
2690.00045799999,0.041097262101833,3.07141275461112
2700.00000599998,0.041250033094074,3.07217626533255
2710.00022433333,0.041402814338807,3.07274889837361
2720.00000633332,0.041555588917231,3.0737032867754
2730.00012766665,0.041708368650569,3.07427591981646
2740.00001233331,0.041861144763199,3.07503943053789
2750.00000599999,0.042013922572471,3.07561206357896
2760.00000800001,0.042166700457604,3.07637557430038
2770.00027766666,0.042319482417939,3.07713908502181
2780.00000600001,0.042472256080027,3.07771171806287
2790.00028833333,0.042625038263281,3.0784752287843
2800.00000666667,0.042777811789776,3.07904786182537
2810.00000966667,0.042930589687026,3.07981137254679
2820.00000766666,0.043083367448272,3.08057488326822
2830.00000666666,0.043236145264935,3.08114751630929
2840.00000599999,0.043388923057064,3.08191102703071
2850.00000833333,0.043541700880109,3.08267453775213
2860.00000633333,0.043694478675236,3.0832471707932
2870.000302,0.043847261106001,3.08381980383427
2880.00000599998,0.044000034360406,3.0845833145557
2890.00000599999,0.044152812154464,3.08515594759677
2900.000006,0.044305589921935,3.08591945831819
2910.00000600001,0.044458367727977,3.08649209135926
2920.00046166667,0.044611152485754,3.08725560208068
2930.00000666667,0.044763923401315,3.08782823512175
2940.00000933334,0.044916701265705,3.08859174584318
2950.000006,0.045069479069291,3.0893552565646
2960.00005100001,0.045222257582898,3.08992788960567
2970.00000699999,0.04537503472465,3.09050052264674
2980.000255,0.045527816359262,3.09107315568781
2990.000006,0.045680590410996,3.09183666640923
3000.00000600001,0.045833368277824,3.09260017713066
3010.00000600001,0.045986146097505,3.09317281017172
3020.00038200001,0.046138929637373,3.09374544321279
3030.00000866666,0.046291701765698,3.09431807625386
3040.00000766666,0.046444479519198,3.09508158697529
3050.00000933332,0.046597257396637,3.09565422001635
3060.00000566666,0.046750035189079,3.09641773073778
3070.00000599999,0.04690281303427,3.09699036377885
3080.00038733335,0.047055596705198,3.09775387450027
3090.000104,0.047208370164547,3.09832650754134
3100.00000833332,0.047361146482135,3.09889914058241
3110.00030799999,0.047513928815054,3.09947177362348
3120.000151,0.047666704261752,3.10004440666455
3130.00048233332,0.047819487263627,3.10080791738597
3140.00000600001,0.047972257876681,3.10138055042704
3150.00001099999,0.048125035876283,3.10214406114846
3160.00000633331,0.048277813690586,3.10271669418953
3170.00000933335,0.048430591575448,3.1032893272306
3180.00001100001,0.048583369456046,3.10386196027167
3190.00000600001,0.048736147269205,3.10443459331274
3200.00001300001,0.048888925346954,3.10519810403416
3210.00000833333,0.049041703181378,3.10577073707523
3220.00001,0.049194481102066,3.1063433701163
3230.00000866667,0.049347259007634,3.10691600315737
3240.00001099999,0.049500036919587,3.10748863619844
3250.00000599999,0.049652814828434,3.10806126923951
3260.000006,0.049805592692643,3.10863390228057
3270.00038466665,0.049958376469477,3.109397413002
3280.00001166667,0.050111148636436,3.10997004604307
3290.00000599999,0.050263926489487,3.11054267908414
3300.00035033333,0.050416709650324,3.1111153121252
3310.000006,0.050569482300531,3.11168794516627
3320.00042266667,0.050722266537415,3.11226057820734
3330.00001033334,0.050875038147411,3.11283321124841
3340.00043200001,0.051027822506105,3.11359672196983
3350.000006,0.051180593862492,3.1141693550109
3360.00000600001,0.0513333716601143,3.11474198805197
3370.00035666665,0.0514861548093068,3.11512374341268
3380.00000733332,0.0516389272260328,3.11588725413411
3390.00000566667,0.0517917051893639,3.11645988717518
3400.00000633333,0.0519444829739821,3.11703252021625
3410.00000866667,0.0520972609047683,3.11760515325731
3420.00000733331,0.0522500387938061,3.11817778629838
3430.000007,0.0524028167172056,3.11875041933945
3440.000006,0.0525555946390484,3.11932305238052
3450.00000600001,0.0527083725977108,3.12008656310194
3460.000063,0.0528611512796536,3.12046831846266
3470.00001166667,0.0530139285103385,3.12104095150372
3480.00000599999,0.0531667061952667,3.12161358454479
3490.000006,0.0533194841587001,3.12218621758586
3500.00002800001,0.0534722624427868,3.12275885062693
3510.00000733331,0.0536250399835712,3.123331483668
3520.00000866665,0.0537778179147726,3.12390411670907
3530.000006,0.0539305956305845,3.12447674975014
3540.00026433334,0.0540833776040587,3.1250493827912
3550.00011400001,0.0542361531909491,3.12562201583227
3560.00013066665,0.0543889313811752,3.12619464887334
3570.00034833332,0.0545417127713264,3.12657640423405
3580.00014833335,0.0546944876197048,3.12714903727512
3590.00000600001,0.0548472633524579,3.12772167031619
3600.00000599998,0.0550000413218794,3.12848518103762
3610.00011566665,0.0551528208178465,3.12905781407868
3620.00042633333,0.0553056036123285,3.12963044711975
3630.00000600001,0.0554583750207639,3.13001220248047
3640.00000600001,0.0556111529795374,3.13058483552153
3650.000012,0.0557639309558407,3.1311574685626
3660.00001166665,0.0559167089670448,3.13173010160367
3670.00000700001,0.0560694868098361,3.13230273464474
3680.00000633333,0.0562222646425489,3.13268449000545
3690.00000599998,0.0563750425039212,3.13325712304652
3700.00031566666,0.0565278250779571,3.13382975608759
3710.00000633332,0.0566805982256197,3.13440238912866
3720.00000600001,0.0568333760696231,3.13497502216973
3730.000009,0.0569861540102581,3.13554765521079
3740.00000599999,0.0571389319807283,3.13592941057151
3750.00000599999,0.0572917099576815,3.13650204361257
3760.00000833334,0.0574444878625455,3.13707467665364
3770.00000600001,0.0575972657734233,3.13764730969471
3780.00000699999,0.0577500437606872,3.13821994273578
3790.00000599999,0.0579028217191801,3.13860169809649
3800.00000566667,0.0580555995726684,3.13917433113756
3810.00000600001,0.0582083774375865,3.13955608649827
3820.00000566665,0.0583611552588707,3.14012871953934
3830.00000599999,0.0585139330768063,3.14070135258041
3840.00042066668,0.0586667172612066,3.14127398562148
3850.000006,0.0588194887549094,3.14184661866255
3860.00000600001,0.0589722666598243,3.14222837402326
3870.00000599998,0.0591250445002663,3.14280100706433
3880.00004766668,0.0592778229152462,3.1433736401054
3890.00024100001,0.059430603763008,3.14375539546611
3900.00006666667,0.0595833790109995,3.14432802850718
3910.00024933334,0.0597361597168542,3.14490066154825
3920.00042833334,0.0598889403320663,3.14528241690896
3930.00000599999,0.0600417117692311,3.14585504995003
3940.00002466665,0.0601944899090867,3.14623680531074
3950.00000833331,0.0603472674655781,3.14680943835181
3960.00000766667,0.0605000454609322,3.14738207139288
3970.000012,0.0606528233839678,3.14795470443394
3980.00001233333,0.0608056012588805,3.14833645979466
3990.00000766666,0.0609583790446107,3.14871821515537
4000.00000600001,0.0611111569080529,3.14929084819644
4010.00000866665,0.061263934807622,3.14986348123751
4020.00000633332,0.0614167125685901,3.15043611427858
4030.000006,0.0615694904394877,3.15081786963929
4040.00046633334,0.0617222753614761,3.15139050268036
4050.00000599998,0.0618750461779677,3.15177225804107
4060.00038433331,0.0620278298360819,3.15215401340178
4070.00000899999,0.0621806019728065,3.15291752412321
4080.00000633333,0.0623333798279407,3.15329927948392
4090.00000733335,0.0624861576130623,3.15368103484463
4100.00000566666,0.0626389355586975,3.1542536678857
4110.00028666665,0.0627917177513503,3.15463542324641
4120.000006,0.062944491277919,3.15520805628748
4130.00000633333,0.0630972691438225,3.15578068932855
4140.00000599998,0.0632500469939601,3.15616244468926
4150.00001133332,0.0634028249272268,3.15673507773033
4160.00001200001,0.0635556028092282,3.15711683309104
4170.00014200001,0.0637083825634211,3.15749858845175
4180.00000600001,0.0638611582897318,3.15788034381247
4190.000012,0.0640139362279058,3.15845297685353
4200.00000800001,0.0641667139829775,3.1590256098946
4210.00000766666,0.0643194918152703,3.15959824293567
4220.00000799999,0.0644722697395135,3.15997999829638
4230.00000599998,0.0646250476081283,3.1603617536571
4240.00022599999,0.0647778288759511,3.16093438669816
4250.00000866666,0.0649306034323037,3.16131614205888
4260.00036399999,0.0650833867362074,3.16188877509995
4270.00000666666,0.0652361590757233,3.16227053046066
4280.00001499999,0.0653889371077763,3.16284316350173
4290.00017599999,0.0655417174539794,3.16322491886244
4300.00047466665,0.0656944999288888,3.16360667422315
4310.00000600001,0.0658472705851477,3.16398842958386
4320.00020366666,0.0660000514489237,3.16456106262493
4330.00013133334,0.0661528283168254,3.165133695666
4340.00045766665,0.0663056111157568,3.16551545102671
4350.00001166666,0.0664583820864039,3.16589720638742
4360.00040933332,0.0666111660603862,3.16627896174814
4370.00001233332,0.0667639378407529,3.16685159478921
4380.00000599999,0.0669167156294629,3.16742422783027
4390.00038966665,0.067069499308432,3.16780598319099
4400.00000799999,0.0672222712966235,3.1681877385517
4410.00000833332,0.0673750492482076,3.16876037159277
4420.00001166668,0.0675278272943889,3.16914212695348
4430.00000933335,0.0676806051312901,3.16952388231419
4440.00012999999,0.0678333849173527,3.1699056376749
4450.00000766667,0.067986161008471,3.17047827071597
4460.00013233335,0.068138940740046,3.17086002607669
4470.00045566667,0.0682917235866846,3.17143265911775
4480.00000700001,0.0684444944683358,3.17181441447847
4490.00029266668,0.0685972768224748,3.17238704751953
4500.00000599998,0.0687500503762911,3.17257792519989
4510.00000599999,0.0689028282909114,3.17315055824096
4520.00000633332,0.0690556061214045,3.17353231360167
4530.00000600001,0.069208384064498,3.17391406896238
4540.00047366665,0.0693611690798294,3.17448670200345
4550.00000633335,0.0695139397815481,3.17486845736416
4560.00000599999,0.0696667175753511,3.17525021272488
4570.00000633333,0.0698194955593462,3.17563196808559
4580.00000666666,0.0699722734378001,3.1760137234463
4590.00000599998,0.0701250513215795,3.17658635648737
4600.00034600001,0.0702778343793607,3.17696811184808
4610.000006,0.0704306070506977,3.17734986720879
4620.00000600001,0.0705833849548254,3.17773162256951
4630.00000566665,0.0707361628086437,3.17830425561058
4640.00041133335,0.0708889469314676,3.17868601097129
4650.00000566667,0.0710417186107397,3.179067766332
4660.000006,0.0711944964558872,3.17944952169271
4670.00000600001,0.0713472742709876,3.17983127705343
4680.00000599998,0.0715000520519311,3.18040391009449
4690.00000933334,0.0716528298977702,3.18078566545521
4700.00000633332,0.0718056077259322,3.18116742081592
4710.00000600001,0.0719583855494779,3.18154917617663
4720.00029533335,0.0721111677968683,3.18193093153734
4730.00000666667,0.0722639412594044,3.18231268689806
4740.00000599999,0.0724167190373871,3.18269444225877
4750.000006,0.0725694968308785,3.18326707529984
4760.00022566665,0.0727222779856359,3.18364883066055
4770.00016166665,0.0728750548625641,3.18403058602126
4780.00000800001,0.0730278303797356,3.18441234138197
4790.00000966667,0.07318060814418,3.18479409674269
4800.00000600001,0.0733333860070427,3.1851758521034
4810.00000600001,0.0734861638038392,3.18555760746411
4820.00000599999,0.0736389416530425,3.18613024050518
4830.00000599999,0.0737917195180418,3.18651199586589
4840.000006,0.0739444973474015,3.1868937512266
4850.00003633332,0.0740972756702872,3.18727550658732
4860.00000599998,0.0742500530216878,3.18765726194803
4870.00000599999,0.0744028308782263,3.18803901730874
4880.00001233333,0.0745556087819282,3.18842077266945
4890.00000600001,0.0747083865379032,3.18880252803017
4900.00000566665,0.0748611644811442,3.18918428339088
4910.00000599999,0.0750139423561003,3.18956603875159
4920.000412,0.0751667263594013,3.19013867179266
4930.00000966667,0.075319498025769,3.19052042715337
4940.00036133333,0.0754722812614837,3.19090218251408
4950.00000566666,0.0756250536643782,3.19109306019444
4960.00000599999,0.075777831523349,3.19166569323551
4970.000006,0.075930609406807,3.19204744859622
4980.00001266667,0.0760833874071102,3.19242920395693
4990.00000600001,0.0762361651292272,3.19281095931764
5000.000273,0.0763889469895963,3.19319271467836
5010.00000766665,0.076541720737589,3.19357447003907
5020.000006,0.0766944985342163,3.19395622539978
5030.00000633333,0.0768472765181613,3.19433798076049
5040.00000599998,0.0770000542704127,3.19471973612121
5050.00000599999,0.0771528320490543,3.19491061380156
5060.00026366665,0.0773056138360641,3.19548324684263
5070.00000799999,0.0774583879411474,3.19586500220334
5080.00000600001,0.077611165729589,3.19624675756406
5090.000008,0.0777639436474257,3.19662851292477
5100.00000566667,0.077916721621076,3.19681939060512
5110.00001233334,0.0780694995201543,3.19720114596584
5120.00000600001,0.0782222773837604,3.19758290132655
5130.00008866667,0.0783750565909709,3.19796465668726
5140.00000599999,0.0785278331212174,3.19834641204797
5150.000006,0.0786806110308626,3.19872816740869
5160.00000566665,0.0788333890533475,3.1991099227694
5170.00000566665,0.0789861669990628,3.19949167813011
5180.00004166666,0.0791389454662352,3.19987343349082
5190.00042299998,0.0792917292032633,3.20025518885154
5200.000006,0.0794445007528865,3.20063694421225
5210.00007766665,0.0795972797494462,3.20101869957296
5220.00003633333,0.0797500570640444,3.20120957725332
5230.000102,0.0799028359884589,3.20178221029438
5240.000006,0.0800556124198429,3.2021639656551
5250.00000666665,0.0802083903322205,3.20254572101581
5260.00000566665,0.0803611682302022,3.20273659869617
5270.00000566666,0.0805139461587187,3.20311835405688
5280.00000599999,0.0806667240915698,3.20350010941759
5290.000006,0.0808195018958317,3.2038818647783
5300.00030099999,0.0809722843441758,3.20407274245866
5310.00000566666,0.081125057673193,3.20445449781937
5320.00000800001,0.0812778355778945,3.20483625318008
5330.000011,0.0814306136378851,3.2052180085408
5340.00000566665,0.0815833914835213,3.20559976390151
5350.00000600001,0.0817361694248651,3.20598151926222
5360.00001166667,0.0818889473523656,3.20617239694258
5370.00003533333,0.0820417256971679,3.20655415230329
5380.00000566668,0.0821945031567339,3.206935907664
5390.00000933332,0.0823472812170192,3.20712678534436
5400.00001233332,0.0825000591036585,3.20769941838543
5410.00019399998,0.0826528398939183,3.20789029606578
5420.000006,0.0828056149315846,3.20827205142649
5430.00042733331,0.082958399236171,3.20865380678721
5440.00000600001,0.0831111706114701,3.20903556214792
5450.00001466666,0.0832639486183244,3.20922643982828
5460.00000633332,0.0834167264041085,3.20960819518899
5470.000006,0.0835695042045546,3.20979907286934
5480.00000600001,0.0837222821886296,3.21018082823006
5490.00026766667,0.0838750641027292,3.21056258359077
5500.00024366666,0.0840278416342646,3.21094433895148
5510.00001233333,0.0841806160256569,3.21113521663184
5520.00047999998,0.0843334009917527,3.21151697199255
5530.00000600001,0.0844861715920491,3.21170784967291
5540.00030233334,0.0846389539326596,3.21208960503362
5550.00013800001,0.0847917292662698,3.21247136039433
5560.00030199999,0.0849445096421273,3.21266223807469
5570.00001199999,0.0850972830842304,3.2130439934354
5580.00011133332,0.0852500624820728,3.21323487111576
5590.00001033335,0.0854028386959458,3.21361662647647
5600.000006,0.0855556166846542,3.21399838183718
5610.00004233333,0.0857083950971941,3.21438013719789
5620.00000600001,0.0858611724032116,3.21457101487825
5630.00011466667,0.0860139519005245,3.2147618925586
5640.00000566667,0.0861667281176652,3.21514364791932
5650.000006,0.0863195060974278,3.21533452559967
5660.00000600001,0.0864722839635884,3.21571628096039
5670.00011066667,0.0866250634141408,3.21590715864074
5680.00033633333,0.086777844702849,3.21628891400145
5690.00000733333,0.0869306175123054,3.21647979168181
5700.00000600001,0.087083395320246,3.21686154704252
5710.00000600001,0.0872361731314538,3.21705242472288
5720.00010033334,0.0873889524396435,3.21743418008359
5730.00000633332,0.0875417288577014,3.21762505776395
5740.00000933331,0.0876945068381207,3.2178159354443
5750.00049600001,0.0878472921473829,3.21819769080502
5760.00000633334,0.0880000624486479,3.21838856848537
5770.00032766665,0.0881528452517441,3.21857944616573
5780.00025166666,0.0883056221517312,3.21877032384608
5790.00021099999,0.0884583993307468,3.21896120152644
5800.00000600001,0.088611174214493,3.21934295688715
5810.00000633335,0.0887639521457758,3.21953383456751
5820.00000800001,0.0889167300580452,3.21972471224786
5830.00002066665,0.0890695080656663,3.22010646760858
5840.00000600001,0.0892222858657638,3.22029734528893
5850.00028666667,0.0893750680307824,3.22048822296929
5860.00000599999,0.0895278416071376,3.22086997833
5870.000011,0.0896806194874569,3.22086997833
5880.00000600001,0.0898333973466143,3.22106085601036
5890.00018199998,0.0899861778405424,3.22125173369071
5900.00012,0.090138954836375,3.22144261137107
5910.00000599999,0.0902917310155122,3.22163348905143
5920.000487,0.0904445162492118,3.22201524441214
5930.00000600001,0.0905972867843267,3.22201524441214
5940.00000599998,0.0907500646782788,3.22220612209249
5950.00017900001,0.0909028452275594,3.22239699977285
5960.00028833335,0.0910556248201359,3.22258787745321
5970.00000833335,0.0912083984714537,3.22296963281392
5980.00000633334,0.0913611763304947,3.22316051049428
5990.00003066665,0.0915139545842461,3.22316051049428
6000.00001066667,0.0916667321503609,3.22335138817463
6010.000006,0.091819510031727,3.22354226585499
6020.00001933333,0.0919722880645043,3.22373314353534
6030.00000599998,0.092125065880377,3.2239240212157
6040.00001233332,0.0922778438863683,3.22411489889606
6050.00012933333,0.0924306235994251,3.22430577657641
6060.00000600001,0.0925833996366071,3.22430577657641
6070.00026700001,0.0927361815253982,3.22449665425677
6080.00044766667,0.092888962120918,3.22468753193712
6090.00000599999,0.093041733322322,3.22468753193712
6100.00025599999,0.0931945150872344,3.22487840961748
6110.00013966668,0.0933472911320013,3.22506928729784
6120.00001033334,0.0935000670725161,3.22526016497819
6130.00000599999,0.0936528449178833,3.22526016497819
6140.000006,0.0938056228116976,3.22545104265855
6150.00034066666,0.0939584057619674,3.22545104265855
6160.00001400001,0.0941111786095522,3.22564192033891
6170.00033833334,0.0942639614760508,3.22583279801926
6180.00000599999,0.0944167342042011,3.22602367569962
6190.00016599999,0.0945695144236804,3.22621455337997
6200.00031733334,0.0947222945515249,3.22621455337997
6210.00000966665,0.0948750676969327,3.22640543106033
6220.00000633331,0.0950278455341422,3.22640543106033
6230.000006,0.0951806233173348,3.22659630874069
6240.00000600001,0.0953334011417978,3.22659630874069
6250.00000600001,0.0954861790247868,3.22678718642104
6260.00000599999,0.0956389568160968,3.2269780641014
6270.00000933334,0.0957917347737252,3.2269780641014
6280.000006,0.095944512552829,3.22716894178176
6290.00038133335,0.0960972961777712,3.22735981946211
6300.00024066667,0.0962500719198795,3.22735981946211
6310.00012366667,0.0964028479746405,3.22735981946211
6320.000006,0.0965556239473614,3.22735981946211
6330.00043466666,0.0967084083084165,3.22755069714247
6340.00000766667,0.0968611795442179,3.22774157482282
6350.000012,0.097013957397195,3.22774157482282
6360.000011,0.0971667351590418,3.22793245250318
6370.00007166667,0.0973195138184845,3.22793245250318
6380.00000799999,0.0974722906155334,3.22812333018354
6390.00000599998,0.0976250683477756,3.22812333018354
6400.00000599999,0.0977778462849868,3.22812333018354
6410.00007699999,0.0979306251628691,3.22831420786389
6420.00000600001,0.0980834019426612,3.22850508554425
6430.00000866668,0.0982361797801435,3.22850508554425
6440.00000599999,0.0983889575342305,3.22850508554425
6450.00012766668,0.0985417372059794,3.2286959632246
6460.00000733333,0.0986945131751743,3.2286959632246
6470.00000600001,0.0988472910023875,3.22888684090496
6480.00000866665,0.0990000688884251,3.22888684090496
6490.00000633331,0.0991528467047245,3.22907771858532
6500.000006,0.0993056245641101,3.22926859626567
6510.00042100002,0.099458408743042,3.22926859626567
6520.00000600001,0.0996111802579434,3.22926859626567
6530.00000599999,0.0997639581258308,3.22945947394603
6540.00000766665,0.0999167360139497,3.22945947394603
6550.00000866667,0.100069513844232,3.22965035162639
6560.00000600001,0.100222291577155,3.22965035162639
6570.00043200001,0.100375075843803,3.22965035162639
6580.00000566667,0.100527847107132,3.22984122930674
6590.00019666666,0.100680627806742,3.22984122930674
6600.00040666665,0.100833408843138,3.2300321069871
6610.00050466665,0.100986188119465,3.2300321069871
6620.00005033334,0.101138958915099,3.2300321069871
6630.00000633332,0.101291736043753,3.23022298466745
6640.00017866666,0.101444516454258,3.23022298466745
6650.00006500001,0.10159729253563,3.23041386234781
6660.00002099999,0.101750069692045,3.23041386234781
6670.000008,0.101902847305314,3.23041386234781
6680.00005766666,0.102055625821376,3.23041386234781
6690.00041466668,0.102208409017807,3.23041386234781
6700.00012866667,0.102361182404808,3.23060474002817
6710.00032266668,0.102513963092583,3.23060474002817
6720.00000766665,0.102666736040698,3.23079561770852
6730.00025933333,0.102819517625749,3.23079561770852
6740.00023066665,0.102972294968558,3.23079561770852
6750.00034266666,0.103125074469209,3.23098649538888
6760.00005366665,0.103277847834713,3.23098649538888
6770.000402,0.103430631037628,3.23098649538888
6780.000014,0.103583402930973,3.23117737306923
6790.00000566665,0.103736180683501,3.23117737306923
6800.00040900001,0.10388896468413,3.23117737306923
6810.00035599999,0.104041741704015,3.23136825074959
6820.00049533331,0.104194521617151,3.23155912842995
6830.00030999999,0.104347296620284,3.23155912842995
6840.00028433333,0.104500074001599,3.23155912842995
6850.00053233335,0.104652855543969,3.23155912842995
6860.00001166665,0.10480562537218,3.23155912842995
6870.00000600001,0.104958403119026,3.2317500061103
6880.00000566665,0.105111180889821,3.2317500061103
6890.00000900001,0.105263958729894,3.23194088379066
6900.00000599999,0.105416736452835,3.23194088379066
6910.00042433332,0.1055695207619,3.23194088379066
6920.00009133333,0.105722293503321,3.23213176147102
6930.000346,0.105875075305895,3.23213176147102
6940.00000900001,0.106027847970736,3.23232263915137
6950.00000633332,0.106180625911874,3.23232263915137
6960.00000600001,0.106333403822609,3.23232263915137
6970.00034966667,0.106486186847038,3.23232263915137
6980.00023466666,0.106638962950668,3.23251351683173
6990.00013466666,0.106791739324614,3.23251351683173
7000.00017033334,0.106944517792837,3.23270439451208
7010.00006500001,0.107097294113519,3.23270439451208
7020.00000599998,0.107250071172527,3.23270439451208
7030.00000599999,0.107402849050769,3.23270439451208
7040.00015866667,0.107555629265231,3.23289527219244
7050.00000799999,0.107708404881147,3.23289527219244
7060.00000766667,0.107861182763693,3.23289527219244
7070.00013566666,0.108013962621265,3.2330861498728
7080.00000599999,0.108166738515075,3.2330861498728
7090.00048199999,0.108319523671655,3.2330861498728
7100.00038199999,0.108472299977966,3.2330861498728
7110.00018466665,0.108625074805922,3.23327702755315
7120.00015700001,0.108777852198691,3.23327702755315
7130.000006,0.108930627654172,3.23327702755315
7140.00001299999,0.109083405823218,3.23346790523351
7150.00013266666,0.109236185520155,3.23346790523351
7160.00001666668,0.109388961567149,3.23346790523351
7170.00019366666,0.109541742220028,3.23346790523351
7180.000159,0.109694519563869,3.23346790523351
7190.00045200001,0.109847301920806,3.23365878291386
7200.00034899999,0.110000078197421,3.23365878291386
7210.000048,0.110152851489689,3.23384966059422
7220.00008366665,0.110305629980138,3.23384966059422
7230.00034433333,0.11045841186075,3.23384966059422
7240.000486,0.110611191900943,3.23384966059422
7250.00007666665,0.110763963603023,3.23404053827458
7260.00037866667,0.110916746125025,3.23404053827458
7270.00020633334,0.111069521463736,3.23404053827458
7280.00020400001,0.111222299340268,3.23404053827458
7290.00038033335,0.111375079903588,3.23423141595493
7300.000282,0.111527856219067,3.23423141595493
7310.00021533334,0.111680633073653,3.23423141595493
7320.00017566667,0.11183341037201,3.23423141595493
7330.00020833333,0.111986188762582,3.23442229363529
7340.00046499999,0.112138970617214,3.23442229363529
7350.00005466667,0.112291742228898,3.23461317131565
7360.00043633335,0.112444525877947,3.23461317131565
7370.00000600001,0.112597297126058,3.23461317131565
7380.00011333333,0.112750076584586,3.23461317131565
7390.00000633331,0.112902852731267,3.23461317131565
7400.00025933333,0.113055634394242,3.234804048996
7410.000392,0.113208414191459,3.234804048996
7420.00000600001,0.113361185992744,3.234804048996
7430.00013733331,0.113513965730909,3.23499492667636
7440.00000599999,0.113666741505088,3.23499492667636
7450.00033500001,0.113819524286848,3.23499492667636
7460.00021633332,0.113972300318155,3.23518580435671
7470.00019366665,0.114125077764083,3.23518580435671
7480.000043,0.114277853271779,3.23518580435671
7490.00015933332,0.114430632870685,3.23537668203707
7500.00000600001,0.11458340836517,3.23537668203707
7510.00000600001,0.11473618620124,3.23537668203707
7520.00000599999,0.11488896405085,3.23537668203707
7530.00004400001,0.115041742445831,3.23556755971743
7540.000006,0.115194519727724,3.23556755971743
7550.00000600001,0.115347297564897,3.23556755971743
7560.0004,0.115500081384922,3.23556755971743
7570.00039799999,0.115652859082462,3.23556755971743
7580.00008599999,0.115805632106703,3.23575843739778
7590.00009066668,0.11595840997135,3.23575843739778
7600.00035733334,0.116111191827727,3.23575843739778
7610.00000599999,0.116263964244336,3.23594931507814
7620.00027633332,0.116416746059668,3.23594931507814
7630.000006,0.11656951993509,3.23594931507814
7640.00020199999,0.116722300741485,3.2361401927585
7650.00049966665,0.116875083078628,3.2361401927585
7660.00032599999,0.117027858277696,3.2361401927585
7670.00000566667,0.117180631134975,3.2361401927585
7680.00016933334,0.117333411444081,3.2361401927585
7690.00017933332,0.117486189391216,3.23633107043885
7700.00000599999,0.117638964657904,3.23633107043885
7710.00000599999,0.117791742561167,3.23633107043885
7720.00002466665,0.117944520666837,3.23633107043885
7730.00000600001,0.118097298165396,3.23652194811921
7740.00049299999,0.118250083387287,3.23652194811921
7750.00033766666,0.118402858850683,3.23652194811921
7760.000011,0.118555631759499,3.23652194811921
7770.00029833333,0.118708414055624,3.23671282579956
7780.00024499998,0.118861191182838,3.23671282579956
7790.00000633335,0.119013965333672,3.23671282579956
7800.00001200001,0.119166743300301,3.23671282579956
7810.00048566667,0.11931952851431,3.23690370347992
7820.00031033332,0.119472303824125,3.23690370347992
7830.00033166667,0.119625082031477,3.23690370347992
7840.00000900001,0.119777855093516,3.23690370347992
7850.00013033334,0.119930634904413,3.23690370347992
7860.00000600001,0.120083410935154,3.23709458116028
7870.00000600001,0.120236188746901,3.23709458116028
7880.000116,0.120388968306425,3.23709458116028
7890.00000633332,0.120541744578156,3.23728545884063
7900.00042799999,0.120694529024076,3.23728545884063
7910.00000600001,0.120847300478788,3.23728545884063
7920.00000666667,0.121000078481019,3.23728545884063
7930.00000966666,0.121152856326243,3.23747633652099
7940.000006,0.12130563428614,3.23747633652099
7950.00000600001,0.121458412187176,3.23747633652099
7960.00028533334,0.121611194384147,3.23766721420134
7970.00000666667,0.121763967933558,3.23766721420134
7980.00025633334,0.121916749533421,3.23766721420134
7990.00044666668,0.122069530273101,3.23766721420134
8000.00007466666,0.12222230239017,3.23766721420134
8010.00043966667,0.122375085796496,3.23766721420134
8020.00000766665,0.122527856960292,3.2378580918817
8030.00035999999,0.122680640053685,3.2378580918817
8040.00032766667,0.122833417374303,3.23804896956206
8050.00000600001,0.122986190197446,3.23804896956206
8060.00000599999,0.123138968182659,3.23804896956206
8070.00000599999,0.12329174606644,3.23823984724241
8080.000006,0.123444523943716,3.23823984724241
8090.000446,0.123597308410305,3.23843072492277
8100.00029499999,0.123750084126107,3.23843072492277
8110.00032999999,0.123902862553203,3.23843072492277
8120.00028466667,0.124055639730543,3.23843072492277
8130.00047733332,0.124208420631045,3.23843072492277
8140.00001033333,0.124361191240956,3.23862160260313
8150.00029899999,0.124513973709686,3.23862160260313
8160.00000666668,0.124666747020848,3.23862160260313
8170.000006,0.124819524986004,3.23862160260313
8180.00047833333,0.124972310185671,3.23881248028348
8190.00008866667,0.125125082106219,3.23881248028348
8200.00000800001,0.125277858645067,3.23900335796384
8210.00031633332,0.125430641310194,3.23881248028348
8220.00000600001,0.125583414554189,3.23900335796384
8230.00000600001,0.125736192333822,3.23900335796384
8240.00000600003,0.125888970210611,3.23900335796384
8250.00050000003,0.126041755632484,3.23919423564419
8260.00000633333,0.126194525930439,3.23919423564419
8270.00032266663,0.126347308699109,3.23919423564419
8280.00014666663,0.126500083972651,3.23938511332455
8290.00000600003,0.126652859765596,3.23938511332455
8300.00006933333,0.126805638668496,3.23938511332455
8310.00006800003,0.126958416527923,3.23938511332455
8320.00010833333,0.127111195013496,3.23938511332455
8330.00027700003,0.127263975402173,3.23957599100491
8340.00044900003,0.12741675576822,3.23957599100491
8350.00022566663,0.127569530328174,3.23957599100491
8360.00025466663,0.127722308683403,3.23957599100491
8370.00028866663,0.12787508710961,3.23957599100491
8380.00025566663,0.128027864540751,3.23957599100491
8390.00000600003,0.128180638641214,3.23976686868526
8400.00024033333,0.12833342015839,3.23976686868526
8410.00000600003,0.128486194481609,3.23995774636562
8420.00049600003,0.128638979842463,3.23995774636562
8430.00019333333,0.12879175305978,3.23995774636562
8440.00032466663,0.128944532971013,3.23995774636562
8450.00001100003,0.129097306137007,3.23995774636562
8460.00000600003,0.129250083863858,3.24014862404597
8470.00000866663,0.129402861876481,3.24014862404597
8480.00001133333,0.129555639751583,3.24014862404597
8490.00015200003,0.129708419854981,3.24033950172633
8500.00018166663,0.129861198125829,3.24033950172633
8510.00004866663,0.130013974131399,3.24033950172633
8520.00039333333,0.130166757301078,3.24033950172633
8530.00035600003,0.130319534559213,3.24053037940669
8540.00017166673,0.130472309803587,3.24053037940669
8550.00000600003,0.130625085191854,3.24053037940669
8560.00022366663,0.130777866354286,3.24053037940669
8570.00001300003,0.130930641142436,3.24072125708704
8580.00047833333,0.131083426224764,3.24072125708704
8590.00009100003,0.131236198185654,3.24072125708704
8600.00009266663,0.131388976140992,3.2409121347674
8610.00001233333,0.131541752818051,3.2409121347674
8620.00046233333,0.131694537605044,3.2409121347674
8630.00000633333,0.131847308471036,3.24110301244776
8640.00040900003,0.132000092506779,3.24110301244776
8650.00042700003,0.132152870629614,3.24110301244776
8660.00000600003,0.13230564209614,3.24110301244776
8670.00042966663,0.132458426584879,3.24129389012811
8680.00048266663,0.132611205193683,3.24129389012811
8690.00004566663,0.132763976476891,3.24129389012811
8700.00000833333,0.132916753848443,3.24148476780847
8710.00000600003,0.133069531706605,3.24148476780847
8720.00015766663,0.133222311857767,3.24148476780847
8730.00031833333,0.13337509213622,3.24148476780847
8740.00018133333,0.133527867890551,3.24167564548882
8750.00000800003,0.133680643151462,3.24167564548882
8760.00000600003,0.133833420914207,3.24167564548882
8770.00020933333,0.133986201889285,3.24186652316918
8780.00015533333,0.134138979101899,3.24186652316918
8790.00016600003,0.134291757071362,3.24186652316918
8800.00015200003,0.134444534765465,3.24186652316918
8810.00048933333,0.134597317997288,3.24205740084954
8820.00024233333,0.134750092100337,3.24205740084954
8830.00031866663,0.134902871116612,3.24205740084954
8840.00010100003,0.13505564570415,3.24224827852989
8850.00050700003,0.135208429791415,3.24224827852989
8860.00000600003,0.135361200068172,3.24224827852989
8870.00013533333,0.13551397998669,3.24224827852989
8880.00009100003,0.135666757211142,3.24243915621025
8890.00002866673,0.135819534239532,3.24243915621025
8900.00000566663,0.135972311758669,3.24243915621025
8910.00025966663,0.136125093517005,3.24243915621025
8920.00013233333,0.136277869520307,3.2426300338906
8930.00001033333,0.136430645539429,3.2426300338906
8940.00044400003,0.136583430076138,3.2426300338906
8950.00000600003,0.136736201180044,3.2426300338906
8960.00045700003,0.136888985864574,3.2426300338906
8970.00000700003,0.137041756833072,3.24282091157096
8980.00037400003,0.13719454025174,3.24301178925132
8990.00000566663,0.137347312420166,3.24301178925132
9000.00009666663,0.137500091571595,3.24301178925132
9010.00000866663,0.137652868059369,3.24301178925132
9020.00000600003,0.137805645795942,3.24301178925132
9030.00000666663,0.137958423587425,3.24301178925132
9040.00030466663,0.1381112059941,3.24320266693167
9050.00025200003,0.138263982969565,3.24320266693167
9060.00027533333,0.138416761185463,3.24339354461203
9070.00000700003,0.138569534874724,3.24339354461203
9080.00000600003,0.138722312719175,3.24339354461203
9090.00001033333,0.138875090685428,3.24358442229239
9100.00041033333,0.139027874664315,3.24358442229239
9110.00020166663,0.139180649345577,3.24358442229239
9120.00046766663,0.139333431339356,3.24358442229239
9130.00001333333,0.13948620231225,3.24377529997274
9140.00000666663,0.139638980042768,3.24377529997274
9150.00007233333,0.139791758926804,3.24377529997274
9160.00000900003,0.139944535845129,3.24377529997274
9170.00013566673,0.14009731560301,3.2439661776531
9180.00000600003,0.140250091398942,3.2439661776531
9190.00042066663,0.140402875555548,3.24415705533345
9200.00027966663,0.140555651252419,3.24415705533345
9210.00042333333,0.140708431340504,3.24434793301381
9220.00022500003,0.140861206160692,3.24434793301381
9230.00001066663,0.141013980721536,3.24434793301381
9240.00000600003,0.141166758696707,3.24453881069417
9250.00007466663,0.141319537612817,3.24453881069417
9260.00019333333,0.141472317296148,3.24453881069417
9270.00000633333,0.14162509234286,3.24453881069417
9280.00004766663,0.141777870871359,3.24472968837452
9290.00000633333,0.141930648084779,3.24472968837452
9300.00049233333,0.142083433327236,3.24472968837452
9310.00013400003,0.14223620566692,3.24472968837452
9320.00000633333,0.142388981469329,3.24492056605488
9330.00024533333,0.142541762967869,3.24492056605488
9340.00000633333,0.14269453718211,3.24492056605488
9350.00000733333,0.142847315065512,3.24511144373523
9360.00000600003,0.143000092933285,3.24511144373523
9370.00000633333,0.143152870737133,3.24530232141559
9380.00030000003,0.143305653065286,3.24530232141559
9390.00033433333,0.14345843148656,3.24530232141559
9400.00020866663,0.143611207466515,3.24530232141559
9410.00000600003,0.143763982198998,3.24549319909595
9420.00001166673,0.143916760219648,3.24549319909595
9430.00029966663,0.144069542493211,3.24549319909595
9440.00005666663,0.14422231666832,3.2456840767763
9450.00007866663,0.144375094830704,3.2456840767763
9460.00016900003,0.144527874048924,3.2456840767763
9470.00000600003,0.144680649372585,3.2456840767763
9480.00000600003,0.144833427228886,3.24587495445666
9490.00020266663,0.144986208116791,3.24587495445666
9500.00000600003,0.14513898301334,3.24606583213702
9510.00007300003,0.145291761923055,3.24606583213702
9520.00017966663,0.145444541446804,3.24606583213702
9530.00000566663,0.145597316543203,3.24606583213702
9540.00044800003,0.14575010104224,3.24606583213702
9550.00001066663,0.145902872187311,3.24625670981737
9560.00000600003,0.146055649935136,3.24625670981737
9570.00000966663,0.1462084277802,3.24644758749773
9580.00000566663,0.146361205525299,3.24644758749773
9590.00029300003,0.146513987776705,3.24644758749773
9600.00000566663,0.146666761180258,3.24644758749773
9610.00000600003,0.146819539040023,3.24663846517808
9620.00000600003,0.146972316859193,3.24663846517808
9630.00049166663,0.147125102112254,3.24682934285844
9640.00035866673,0.147277877878358,3.24682934285844
9650.00003000003,0.147430650680968,3.24682934285844
9660.00000766663,0.147583428100594,3.24682934285844
9670.00011466663,0.147736207508024,3.2470202205388
9680.00000633333,0.147888983705023,3.2470202205388
9690.00007866663,0.148041762669888,3.2470202205388
9700.00049600003,0.148194546903979,3.24721109821915
9710.00022100003,0.148347320574722,3.24721109821915
9720.00034500003,0.148500100297242,3.24740197589951
9730.00013466663,0.148652874996173,3.24740197589951
9740.00027900003,0.148805655050949,3.24759285357987
9750.00050766663,0.148958436411357,3.24759285357987
9760.00001100003,0.149111206676689,3.24759285357987
9770.00004066663,0.149263984925697,3.24759285357987
9780.00021900003,0.149416765488009,3.24778373126022
9790.00035133333,0.149569545266773,3.24778373126022
9800.00000600003,0.149722317778424,3.24797460894058
9810.00050466663,0.149875103159111,3.24797460894058
9820.00000600003,0.150027873453877,3.24797460894058
9830.00017933333,0.150180653871124,3.24816548662093
9840.00033500003,0.15033343395904,3.24816548662093
9850.00002400003,0.150486206912316,3.24816548662093
9860.00040733333,0.150638990514962,3.24835636430129
9870.00027633333,0.15079176624609,3.24835636430129
9880.00000933333,0.150944539856216,3.24835636430129
9890.00050133333,0.151097325144305,3.24835636430129
9900.00046966663,0.151250102431747,3.24854724198165
9910.00001100003,0.151402873120913,3.24854724198165
9920.00047100003,0.151555657855087,3.248738119662
9930.00009300003,0.151708429821204,3.248738119662
9940.00047133333,0.151861213310939,3.248738119662
9950.00015966663,0.152013986271976,3.248738119662
9960.00000600003,0.15216676163654,3.248738119662
9970.00000766663,0.152319539456012,3.248738119662
9980.00049200003,0.152472324702893,3.24892899734236
9990.00026200003,0.152625098990367,3.24911987502271
10000.00032,0.152777877646696,3.24911987502271
10010.000006,0.152930650656963,3.24911987502271
10020.0001893333,0.153083431217473,3.24931075270307
10030.000009,0.153236206276117,3.24931075270307
10040.000312,0.153388988691467,3.24931075270307
10050.0004746666,0.153541769009891,3.24950163038343
10060.000204,0.15369454269826,3.24950163038343
10070.000305,0.153847322121166,3.24950163038343
10080.0003246666,0.154000100294271,3.24969250806378
10090.0003133333,0.154152877985605,3.24969250806378
10100.0001343333,0.154305653019515,3.24988338574414
10110.000011,0.154458429010537,3.24988338574414
10120.000316,0.154611211417671,3.24988338574414
10130.0003273333,0.154763989401822,3.24988338574414
10140.000105,0.15491676383444,3.2500742634245
10150.000006,0.155069540103424,3.2500742634245
10160.0000056666,0.155222317816867,3.25026514110485
10170.0000083333,0.155375095590118,3.25026514110485
10180.000006,0.155527873361041,3.25045601878521
10190.0001076666,0.155680652737834,3.25045601878521
10200.000367,0.155833434523865,3.25064689646556
10210.000499,0.155986214378879,3.25064689646556
10220.000505,0.156138992345967,3.25064689646556
10230.000006,0.156291762627791,3.25064689646556
10240.0000076666,0.156444540552201,3.25083777414592
10250.000503,0.156597325929971,3.25083777414592
10260.000006,0.15675009616371,3.25102865182628
10270.0000073333,0.156902874140377,3.25102865182628
10280.000006,0.157055651861267,3.25102865182628
10290.000009,0.157208429619441,3.25102865182628
10300.0004713333,0.157361214406737,3.25121952950663
10310.0000613333,0.157513985881977,3.25121952950663
10320.0004996666,0.157666770288092,3.25141040718699
10330.0003066666,0.157819545112061,3.25141040718699
10340.0004436666,0.15797232494201,3.25141040718699
10350.000006,0.158125096037763,3.25160128486734
10360.000006,0.158277873759667,3.25160128486734
10370.0000086666,0.158430651534263,3.2517921625477
10380.0000123333,0.158583429274483,3.2517921625477
10390.0004203333,0.158736213185535,3.2517921625477
10400.00041,0.158888990754735,3.2517921625477
10410.0002926666,0.159041766668559,3.25198304022806
10420.0000423333,0.159194540552495,3.25198304022806
10430.000006,0.159347317707032,3.25217391790841
10440.000328,0.159500100310447,3.25217391790841
10450.0000063333,0.159652873132627,3.25217391790841
10460.000006,0.159805650837752,3.25236479558877
10470.0004026666,0.159958434615575,3.25236479558877
10480.000249,0.160111210007479,3.25236479558877
10490.0004903333,0.160263991410076,3.25255567326913
10500.0001753333,0.160416764319645,3.25255567326913
10510.000018,0.160569539662933,3.25255567326913
10520.000482,0.160722324479644,3.25274655094948
10530.0000096666,0.160875094975883,3.25274655094948
10540.0000056666,0.161027872640134,3.25293742862984
10550.0002046667,0.161180653474065,3.25293742862984
10560.000365,0.161333433794684,3.25293742862984
10570.0000056666,0.16148620606135,3.25293742862984
10580.0004596666,0.16163899077422,3.25312830631019
10590.0000056666,0.161791761657093,3.25312830631019
10600.0004756666,0.161944546633638,3.25331918399055
10610.000247,0.162097320880887,3.25331918399055
10620.0000063333,0.162250094928317,3.25351006167091
10630.000008,0.162402872710418,3.25351006167091
10640.000007,0.162555650510717,3.25370093935126
10650.000006,0.162708428357245,3.25370093935126
10660.0000083333,0.162861206221571,3.25370093935126
10670.0000113333,0.163013984125623,3.25370093935126
10680.0000063333,0.16316676187879,3.25389181703162
10690.0000113333,0.163319539854782,3.25389181703162
10700.000006,0.163472317720773,3.25408269471197
10710.000006,0.163625095504164,3.25408269471197
10720.0000113333,0.163777873527402,3.25427357239233
10730.000006,0.163930651334022,3.25427357239233
10740.0000123333,0.164083429321743,3.25427357239233
10750.0000083333,0.164236207177916,3.25446445007269
10760.0000073333,0.164388985060181,3.25446445007269
10770.0000106666,0.164541762892629,3.25446445007269
10780.0005,0.164694548152074,3.25465532775304
10790.000006,0.164847318446844,3.2548462054334
10800.0000093333,0.165000096289074,3.25465532775304
10810.0000056666,0.165152873959135,3.2548462054334
10820.0000196666,0.16530565189986,3.2548462054334
10830.000006,0.165458429429077,3.2548462054334
10840.000006,0.16561120721833,3.25503708311376
10850.000006,0.165763984973248,3.25503708311376
10860.000006,0.165916762705877,3.25522796079411
10870.000006,0.166069540453684,3.25522796079411
10880.0000063333,0.16622231821261,3.25522796079411
10890.0000063333,0.166375095994767,3.25522796079411
10900.000447,0.166527880417131,3.25541883847447
10910.0000143333,0.166680651566074,3.25541883847447
10920.0001446666,0.166833431307002,3.25560971615482
10930.0000066666,0.166986206961334,3.25560971615482
10940.000006,0.167138984735888,3.25560971615482
10950.0004813333,0.167291769800798,3.25580059383518
10960.000006,0.167444540342508,3.25580059383518
10970.0004843333,0.167597325493925,3.25599147151554
10980.0005046666,0.167750103644589,3.25599147151554
10990.0000063333,0.167902873844357,3.25599147151554
11000.000006,0.168055651658784,3.25618234919589
11010.000006,0.168208429537949,3.25618234919589
11020.0000103333,0.168361207411907,3.25637322687625
11030.000006,0.168513985083692,3.25637322687625
11040.0000113333,0.168666763075115,3.25656410455661
11050.000006,0.16881954075995,3.25656410455661
11060.000006,0.168972318639338,3.25675498223696
11070.000006,0.169125096524157,3.25675498223696
11080.000006,0.169277874359616,3.25675498223696
11090.000504,0.169430659824323,3.25694585991732
11100.0000056667,0.169583430001116,3.25694585991732
11110.000006,0.169736207858483,3.25694585991732
11120.000011,0.169888985742826,3.25713673759767
11130.000494,0.170041770881008,3.25713673759767
11140.000006,0.170194541222139,3.25713673759767
11150.000009,0.170347319077864,3.25732761527803
11160.000006,0.170500096844456,3.25751849295839
11170.000007,0.170652874630323,3.25751849295839
11180.0004973333,0.170805660013208,3.25751849295839
11190.0004863333,0.170958437650033,3.25751849295839
11200.000006,0.171111208174346,3.25770937063874
11210.0000096666,0.171263986071419,3.2579002483191
11220.000006,0.171416763832657,3.2579002483191
11230.000006,0.171569541627786,3.2579002483191
11240.0001163333,0.171722321046415,3.2579002483191
11250.000006,0.171875097084204,3.25809112599945
11260.0000093333,0.172027874928945,3.25809112599945
11270.000006,0.172180652721773,3.25809112599945
11280.0000093333,0.172333430623694,3.25828200367981
11290.000006,0.172486208367189,3.25828200367981
11300.000006,0.172638986146991,3.25828200367981
11310.000495,0.172791771486262,3.25847288136017
11320.000012,0.172944541949443,3.25847288136017
11330.000006,0.173097319681669,3.25866375904052
11340.000006,0.173250097539817,3.25866375904052
11350.0000096666,0.173402875413185,3.25866375904052
11360.0004733333,0.173555660345254,3.25885463672088
11370.000006,0.173708431075077,3.25885463672088
11380.0000096666,0.173861209028189,3.25904551440124
11390.000465,0.174013993876554,3.25904551440124
11400.000476,0.174166771864212,3.25904551440124
11410.000006,0.174319542607891,3.25923639208159
11420.000009,0.174472320487699,3.25923639208159
11430.0000066666,0.174625098345759,3.25942726976195
11440.000007,0.174777876191862,3.25942726976195
11450.0000063333,0.174930654084736,3.2596181474423
11460.000006,0.175083431994333,3.2596181474423
11470.0000106666,0.175236209915575,3.25980902512266
11480.0000083333,0.175388987674986,3.25980902512266
11490.000006,0.175541765494875,3.25980902512266
11500.0000316666,0.175694543738604,3.25999990280302
11510.000006,0.175847321225546,3.25999990280302
11520.000006,0.17600009907409,3.26019078048337
11530.0005066666,0.176152884595752,3.26019078048337
11540.0000063333,0.176305654766754,3.26019078048337
11550.0000066666,0.176458432583047,3.26038165816373
11560.000006,0.176611210395374,3.26038165816373
11570.000006,0.176763988254946,3.26057253584408
11580.000006,0.176916766081727,3.26057253584408
11590.000006,0.17706954402507,3.26057253584408
11600.0000123333,0.177222321978856,3.26076341352444
11610.000006,0.177375099747118,3.26076341352444
11620.000009,0.177527877592066,3.2609542912048
11630.000006,0.177680655351176,3.2609542912048
11640.0000093333,0.1778334331775,3.2609542912048
11650.0001903333,0.177986213676713,3.2609542912048
11660.0003613333,0.178138994150788,3.26114516888515
11670.0004246666,0.178291772985758,3.26114516888515
11680.000033,0.178444544825857,3.26133604656551
11690.000008,0.178597322271153,3.26133604656551
11700.000046,0.17875010062452,3.26133604656551
11710.000359,0.178902883129549,3.26152692424587
11720.0000103333,0.179055655811716,3.26152692424587
11730.000266,0.179208437565253,3.26171780192622
11740.0000123333,0.179361211502851,3.26171780192622
11750.0001536666,0.179513991438706,3.26171780192622
11760.000422,0.179666773314722,3.26190867960658
11770.0000573333,0.179819545520754,3.26209955728693
11780.000102,0.179972323991002,3.26209955728693
11790.0003576666,0.180125105660929,3.26209955728693
11800.0001353333,0.180277880031562,3.26209955728693
11810.0000096666,0.180430655993689,3.26229043496729
11820.0000066666,0.180583433732627,3.26229043496729
11830.0004146666,0.180736217736359,3.26248131264765
11840.000349,0.180888994522023,3.262672190328
11850.0003826666,0.181041772910197,3.262672190328
11860.000006,0.181194544940212,3.26286306800836
11870.000408,0.181347328926945,3.26286306800836
11880.000335,0.181500105643774,3.26286306800836
11890.000011,0.181652878551205,3.26305394568872
11900.0001656666,0.181805658671482,3.26305394568872
11910.000006,0.181958434202343,3.26324482336907
11920.0000066666,0.182111212001189,3.26324482336907
11930.000412,0.182263995962084,3.26324482336907
11940.0004666666,0.18241677466092,3.26343570104943
11950.0001973333,0.182569548354092,3.26343570104943
11960.0001153333,0.182722324954672,3.26362657872978
11970.000006,0.182875101193902,3.26362657872978
11980.000006,0.18302787902652,3.26362657872978
11990.0001583333,0.183180659143874,3.26381745641014
12000.0000116666,0.18333343470863,3.26381745641014
12010.000126,0.183486214345784,3.2640083340905
12020.000011,0.183638990378088,3.2640083340905
12030.000007,0.183791768130798,3.2640083340905
12040.0000843333,0.183944547204754,3.2640083340905
12050.000006,0.184097323831701,3.26419921177085
12060.000403,0.184250107776412,3.26419921177085
12070.000251,0.18440288328189,3.26439008945121
12080.0000076666,0.184555657445137,3.26439008945121
12090.0002576666,0.184708439154873,3.26458096713156
12100.0002836667,0.184861217349066,3.26458096713156
12110.000006,0.185013990937551,3.26477184481192
12120.0000056666,0.185166768842274,3.26477184481192
12130.0002683333,0.185319550696741,3.26477184481192
12140.000006,0.185472324514216,3.26496272249228
12150.00026,0.185625106285089,3.26496272249228
12160.0000063333,0.185777880241287,3.26515360017263
12170.0000403333,0.185930658646626,3.26515360017263
12180.0002726666,0.186083439998407,3.26515360017263
12190.0003993333,0.186236219825485,3.26534447785299
12200.000009,0.186388991814143,3.26534447785299
12210.000006,0.186541769739059,3.26534447785299
12220.000443,0.186694554208455,3.26553535553335
12230.000006,0.186847325472217,3.2657262332137
12240.0004593333,0.187000110369675,3.2657262332137
12250.000006,0.187152881417463,3.26591711089406
12260.0000476666,0.187305659925675,3.26591711089406
12270.0000723333,0.18745843825875,3.26591711089406
12280.000332,0.187611220218619,3.26610798857441
12290.0000063333,0.187763993210663,3.26610798857441
12300.0004276666,0.187916777587326,3.26629886625477
12310.0003946666,0.188069555014707,3.26629886625477
12320.0006926666,0.188222337507259,3.26648974393513
12330.0000833333,0.188375106090648,3.26648974393513
12340.000094,0.188527884092363,3.26648974393513
12350.0003986666,0.188680666737899,3.26668062161548
12360.0002913333,0.188833443052168,3.26668062161548
12370.0003633333,0.188986222052491,3.26668062161548
12380.000075,0.189138995588701,3.26687149929584
12390.000006,0.18929177249647,3.26706237697619
12400.000007,0.189444550443361,3.26706237697619
12410.0000386666,0.189597328715939,3.26706237697619
12420.0003546666,0.189750111463433,3.26706237697619
12430.000009,0.189902884100589,3.26706237697619
12440.000009,0.190055662160532,3.26725325465655
12450.0003943333,0.190208445967911,3.26744413233691
12460.0000106666,0.190361217996021,3.26744413233691
12470.0000066666,0.190513995799116,3.26744413233691
12480.0000073333,0.190666773730295,3.26763501001726
12490.000442,0.190819558124284,3.26763501001726
12500.000006,0.190972329228274,3.26782588769762
12510.0004236666,0.191125113414114,3.26782588769762
12520.000006,0.191277884828528,3.26782588769762
12530.0001956666,0.191430665497798,3.26801676537798
12540.000006,0.191583440386636,3.26820764305833
12550.0000106666,0.191736218212647,3.26820764305833
12560.0000103333,0.191888995972796,3.26820764305833
12570.0004113333,0.192041779877276,3.26839852073869
12580.0000123333,0.192194551583279,3.26839852073869
12590.0000083333,0.192347329385195,3.26858939841904
12600.00006,0.192500108004774,3.26858939841904
12610.0000103333,0.192652885096147,3.26858939841904
12620.0000513333,0.19280566353887,3.2687802760994
12630.000006,0.192958440670336,3.26897115377976
12640.000006,0.193111218482951,3.26897115377976
12650.000163,0.193263998750261,3.26897115377976
12660.0000063333,0.193416774220487,3.26916203146011
12670.000497,0.193569559553639,3.26916203146011
12680.000006,0.193722329835067,3.26916203146011
12690.000147,0.193875109763562,3.26935290914047
12700.000006,0.194027885404116,3.26935290914047
12710.0000936666,0.194180664596374,3.26954378682082
12720.0000066666,0.194333441069187,3.26954378682082
12730.000006,0.194486218879207,3.26973466450118
12740.0000073333,0.194638996648402,3.26973466450118
12750.0000556666,0.194791775142528,3.26992554218154
12760.000009,0.194944552293684,3.26992554218154
12770.0000063333,0.195097330068273,3.27011641986189
12780.0000056666,0.195250107820212,3.27011641986189
12790.0004603333,0.195402892491523,3.27011641986189
12800.000006,0.195555663319491,3.27011641986189
12810.000006,0.195708441138901,3.27030729754225
12820.000012,0.195861218959757,3.27030729754225
12830.000006,0.196013996577842,3.27049817522261
12840.000006,0.196166774345708,3.27049817522261
12850.000321,0.196319556958063,3.27049817522261
12860.0004503333,0.19647233679737,3.27068905290296
12870.000163,0.196625110107558,3.27068905290296
12880.0000863333,0.196777886720203,3.27087993058332
12890.0002196666,0.196930666540333,3.27087993058332
12900.0000063333,0.197083441081004,3.27087993058332
12910.000008,0.197236218967881,3.27107080826367
12920.000223,0.197389000092752,3.27107080826367
12930.000006,0.197541774629811,3.27126168594403
12940.000277,0.197694556631676,3.27126168594403
12950.000006,0.197847330372821,3.27145256362439
12960.000479,0.198000115447832,3.27145256362439
12970.000174,0.198152888618737,3.27145256362439
12980.000006,0.198305663925178,3.27164344130474
12990.000012,0.198458441784215,3.2718343189851
13000.0003063333,0.198611224092176,3.2718343189851
13010.000465,0.198764004379273,3.2718343189851
13020.000006,0.198916775252952,3.27202519666545
13030.0003983333,0.199069559014983,3.27202519666545
13040.000006,0.199222330847545,3.27221607434581
13050.0001256667,0.199375110546968,3.27221607434581
13060.0000063333,0.199527886583949,3.27240695202617
13070.0002336666,0.199680667956403,3.27240695202617
13080.000006,0.199833442350356,3.27240695202617
13090.0002793333,0.199986224315335,3.27259782970652
13100.000399,0.200139003956258,3.27259782970652
13110.0003543333,0.20029178101987,3.27278870738688
13120.000006,0.200444553442237,3.27278870738688
13130.0000086666,0.200597331286846,3.27278870738688
13140.000007,0.200750109053621,3.27297958506724
13150.0004433333,0.200902893538869,3.27297958506724
13160.000008,0.201055664691816,3.27317046274759
13170.0003853333,0.201208448233838,3.27317046274759
13180.000006,0.201361220225092,3.27317046274759
13190.000006,0.201513998033337,3.27317046274759
13200.0004246666,0.201666782230637,3.27336134042795
13210.000283,0.201819557848911,3.27336134042795
13220.000392,0.201972337312085,3.2735522181083
13230.000006,0.202125109271614,3.2735522181083
13240.0000463333,0.202277887765733,3.2735522181083
13250.000006,0.202430664956646,3.27374309578866
13260.000023,0.202583442982311,3.27374309578866
13270.0004373333,0.20273622712524,3.27374309578866
13280.0000113333,0.202888998346013,3.27393397346902
13290.000006,0.203041775994775,3.27393397346902
13300.0003133333,0.203194558400378,3.27412485114937
13310.000372,0.203347337079947,3.27412485114937
13320.000006,0.203500109290124,3.27431572882973
13330.000006,0.203652887152751,3.27431572882973
13340.00002,0.203805665156764,3.27431572882973
13350.0000096666,0.203958442786347,3.27450660651008
13360.000006,0.204111220527291,3.27450660651008
13370.0002573333,0.204264002253135,3.27469748419044
13380.000006,0.204416776296917,3.27469748419044
13390.0000466667,0.20456955473694,3.27469748419044
13400.0000096667,0.204722331967371,3.2748883618708
13410.000349,0.204875115107566,3.2748883618708
13420.000006,0.205027887669668,3.27507923955115
13430.000006,0.205180665455772,3.27507923955115
13440.0002853333,0.205333447524298,3.27527011723151
13450.000006,0.205486221105902,3.27527011723151
13460.000009,0.205638998965598,3.27527011723151
13470.0004876666,0.205791784061612,3.27546099491187
13480.000006,0.2059445544836,3.27546099491187
13490.0000833333,0.206097333410036,3.27546099491187
13500.0000116666,0.206250110034268,3.27565187259222
13510.0002496666,0.206402891469053,3.27565187259222
13520.0000066667,0.20655566557458,3.27584275027258
13530.0001456666,0.206708445506832,3.27584275027258
13540.000012,0.206861221339095,3.27584275027258
13550.000052,0.20701399977453,3.27603362795293
13560.000006,0.207166776910908,3.27603362795293
13570.000006,0.207319554616323,3.27603362795293
13580.0001266667,0.207472334265829,3.27622450563329
13590.000083,0.207625111374454,3.27622450563329
13600.0004766666,0.207777895139076,3.27622450563329
13610.0000056666,0.207930665690492,3.27641538331365
13620.000307,0.208083448127047,3.27641538331365
13630.000006,0.20823622132816,3.276606260994
13640.000383,0.208389004875025,3.276606260994
13650.000006,0.208541776926535,3.276606260994
13660.0001336666,0.208694556689148,3.276606260994
13670.000006,0.208847332537443,3.27679713867436
13680.0003586666,0.20900011572619,3.27679713867436
13690.000006,0.209152888094167,3.27698801635472
13700.000006,0.20930566594838,3.27698801635472
13710.000267,0.209458447656648,3.27698801635472
13720.0000936666,0.209611222789037,3.27698801635472
13730.0004206666,0.209764005524381,3.27717889403507
13740.0001533333,0.209916779193591,3.27717889403507
13750.000006,0.210069554719956,3.27736977171543
13760.0003056666,0.210222336985705,3.27736977171543
13770.000006,0.210375110198437,3.27736977171543
13780.0003903333,0.210527893862296,3.27756064939578
13790.0000093333,0.210680665794905,3.27756064939578
13800.0000066666,0.210833443486989,3.27756064939578
13810.0000063333,0.210986221257904,3.27775152707614
13820.0000306666,0.211138999363848,3.2779424047565
13830.000008,0.21129177678589,3.2779424047565
13840.000006,0.211444554550392,3.2779424047565
13850.0002023333,0.211597335341798,3.27813328243685
13860.000006,0.211750110080554,3.27813328243685
13870.0002896666,0.211902892160994,3.27813328243685
13880.0002883333,0.212055669852787,3.27813328243685
13890.000007,0.212208443358846,3.27832416011721
13900.000006,0.212361221094515,3.27832416011721
13910.0000683333,0.212513999844542,3.27851503779756
13920.0001913333,0.212666779487217,3.27851503779756
13930.000006,0.212819554450525,3.27851503779756
13940.000007,0.212972332377336,3.27870591547792
13950.0000066666,0.213125110151869,3.27870591547792
13960.0002813333,0.213277892143865,3.27889679315828
13970.000175,0.213430668358073,3.27889679315828
13980.000171,0.213583446138209,3.27889679315828
13990.0000543333,0.21373622219675,3.27889679315828
14000.0003933333,0.21388900519263,3.27908767083863
14010.0000056666,0.21404177699041,3.27908767083863
14020.0003273333,0.214194559653497,3.27927854851899
14030.000006,0.214347332540202,3.27927854851899
14040.000006,0.214500110309944,3.27927854851899
14050.000006,0.214652888068395,3.27927854851899
14060.0000143333,0.214805665947649,3.27927854851899
14070.0002313333,0.214958446989093,3.27927854851899
14080.0003076666,0.215111225937092,3.27946942619935
14090.0000063333,0.215263999107666,3.2796603038797
14100.0000056666,0.215416776943925,3.2796603038797
14110.0001673333,0.215569557207281,3.2796603038797
14120.0000553333,0.2157223332807,3.2796603038797
14130.000006,0.215875110357043,3.27985118156006
14140.0001626666,0.216027890574799,3.27985118156006
14150.00001,0.216180666054838,3.27985118156006
14160.0000116666,0.216333443910656,3.28004205924041
14170.0001073333,0.216486223271237,3.28004205924041
14180.000288,0.216639003867805,3.28004205924041
14190.0001353333,0.216791779355171,3.28023293692077
14200.0000106666,0.216944555246481,3.28023293692077
14210.000081,0.217097334127912,3.28023293692077
14220.0002963333,0.217250115208002,3.28042381460113
14230.0000116666,0.217402888713182,3.28042381460113
14240.0001346666,0.217555668424459,3.28042381460113
14250.0003976666,0.217708450233241,3.28042381460113
14260.0000063333,0.21786122209669,3.28061469228148
14270.0000063333,0.218013999939993,3.28061469228148
14280.0000116666,0.21816677786262,3.28080556996184
14290.0001106666,0.218319557194185,3.28080556996184
14300.0005063333,0.218472341065828,3.28099644764219
14310.0003513333,0.218625116519554,3.28099644764219
14320.000006,0.218777889154377,3.28099644764219
14330.0003316666,0.218930671945011,3.28118732532255
14340.000006,0.219083444720003,3.28118732532255
14350.000017,0.219236222694635,3.28118732532255
14360.0003,0.219389004812934,3.28118732532255
14370.0000113333,0.219541778183292,3.28137820300291
14380.000032,0.21969455629493,3.28137820300291
14390.0000063333,0.219847333668755,3.28156908068326
14400.0002076666,0.220000114550275,3.28156908068326
14410.000006,0.220152889278887,3.28156908068326
14420.0003003333,0.220305671550391,3.28156908068326
14430.0003633333,0.220458450303604,3.28175995836362
14440.0000093333,0.22061122266679,3.28175995836362
14450.000027,0.220764000719315,3.28175995836362
14460.000006,0.220916778235394,3.28195083604398
14470.000275,0.221069560095349,3.28195083604398
14480.0000076666,0.221222333792687,3.28195083604398
14490.0000123333,0.221375111648287,3.28195083604398
14500.0003883333,0.221527895109801,3.28214171372433
14510.00001,0.221680667108706,3.28214171372433
14520.0000806666,0.221833445975567,3.28233259140469
14530.0000093333,0.221986222679944,3.28233259140469
14540.000006,0.222139000471232,3.28233259140469
14550.000006,0.22229177824981,3.28233259140469
14560.0000283333,0.222444556358685,3.28233259140469
14570.0002936666,0.222597338255793,3.28233259140469
14580.0003963333,0.222750117538862,3.28252346908504
14590.0000066666,0.222902889513601,3.28252346908504
14600.000154,0.223055669527821,3.2827143467654
14610.00001,0.22320844512152,3.2827143467654
14620.000273,0.223361226934108,3.2827143467654
14630.000006,0.223514000686906,3.2827143467654
14640.000013,0.223666778601449,3.28290522444576
14650.000006,0.223819556287393,3.28290522444576
14660.0003426666,0.223972339156638,3.28290522444576
14670.000006,0.224125111808666,3.28309610212611
14680.0004663333,0.224277896629842,3.28309610212611
14690.000006,0.224430667375133,3.28309610212611
14700.0000076666,0.224583445259513,3.28328697980647
14710.0004593333,0.224736229939702,3.28328697980647
14720.0001803333,0.224889003456308,3.28328697980647
14730.0000946666,0.225041779870355,3.28328697980647
14740.0004863333,0.225194563627301,3.28347785748683
14750.000006,0.225347334069702,3.28347785748683
14760.0001683333,0.225500114343714,3.28347785748683
14770.000006,0.225652889580014,3.28347785748683
14780.0000973333,0.225805668742417,3.28366873516718
14790.000007,0.225958445167405,3.28366873516718
14800.0003053333,0.226111227509091,3.28385961284754
14810.0002476666,0.226264004406516,3.28385961284754
14820.0001066666,0.22641678005945,3.28385961284754
14830.000006,0.226569556401345,3.28405049052789
14840.000039,0.226722334687274,3.28405049052789
14850.0001923333,0.226875114821411,3.28405049052789
14860.0000056666,0.227027889719729,3.28424136820825
14870.0002096666,0.227180670536929,3.28424136820825
14880.0000093333,0.227333445289055,3.28424136820825
14890.000493,0.227486230518619,3.28424136820825
14900.000006,0.227639000870541,3.28443224588861
14910.0000103333,0.227791778714677,3.28443224588861
14920.0000063333,0.227944556460994,3.28443224588861
14930.000044,0.228097334826756,3.28462312356896
14940.0001186666,0.22825011377306,3.28462312356896
14950.0000056666,0.228402889910074,3.28462312356896
14960.0000103333,0.228555667700207,3.28481400124932
14970.0003593333,0.228708450848602,3.28481400124932
14980.0004636667,0.228861230226169,3.28481400124932
14990.000006,0.229014001027103,3.28481400124932
15000.0003433333,0.229166784052153,3.28500487892967
15010.000006,0.229319556763764,3.28500487892967
15020.0003693333,0.229472340152145,3.28500487892967
15030.000006,0.229625112528596,3.28519575661003
15040.00022,0.229777893643188,3.28519575661003
15050.000006,0.229930668196785,3.28519575661003
15060.00009,0.230083447335802,3.28519575661003
15070.0000083333,0.230236223938834,3.28538663429039
15080.0001773333,0.230389004406054,3.28538663429039
15090.0000066666,0.230541779716679,3.28538663429039
15100.0000056666,0.230694557569209,3.28538663429039
15110.000006,0.23084733547761,3.28538663429039
15120.0001836666,0.231000116036377,3.28557751197074
15130.0000086666,0.231152891237479,3.28557751197074
15140.000112,0.231305670515259,3.28557751197074
15150.000006,0.231458446852854,3.2857683896511
15160.000317,0.231611229495468,3.2857683896511
15170.000006,0.231764002505799,3.2857683896511
15180.0000083333,0.231916780377166,3.2857683896511
15190.000006,0.232069558136711,3.2857683896511
15200.000151,0.23222233820251,3.28595926733146
15210.000012,0.232375113908886,3.28595926733146
15220.0004673333,0.232527898702999,3.28595926733146
15230.0000073333,0.232680669518613,3.28615014501181
15240.000006,0.232833447330844,3.28615014501181
15250.0002896666,0.232986229601218,3.28615014501181
15260.0003593333,0.233139008622678,3.28634102269217
15270.0000056666,0.233291781136758,3.28634102269217
15280.000011,0.233444559101326,3.28634102269217
15290.000454,0.233597343740784,3.28653190037252
15300.0000066666,0.233750114790814,3.28653190037252
15310.0000673333,0.233902893545792,3.28653190037252
15320.0000063333,0.234055670544585,3.28653190037252
15330.000006,0.234208448365418,3.28653190037252
15340.000011,0.234361226251334,3.28672277805288
15350.0000056666,0.23451400395553,3.28672277805288
15360.000006,0.234666781739267,3.28672277805288
15370.000503,0.234819567158544,3.28691365573324
15380.000029,0.234972337791467,3.28691365573324
15390.0000076666,0.235125115266289,3.28691365573324
15400.0000063333,0.235277893004392,3.28710453341359
15410.0001136666,0.235430672398692,3.28710453341359
15420.000416,0.235583454792597,3.28729541109395
15430.0001463333,0.235736228413873,3.28729541109395
15440.0002446666,0.235889007660027,3.28729541109395
15450.0004716666,0.236041788941593,3.28729541109395
15460.000006,0.236194559648722,3.28729541109395
15470.0004513333,0.236347344244718,3.2874862887743
15480.0002233333,0.236500118596952,3.2874862887743
15490.00001,0.236652893202099,3.28767716645466
15500.0000886666,0.23680567227584,3.28767716645466
15510.0002143333,0.2369584520807,3.28767716645466
15520.00001,0.237111226883596,3.28767716645466
15530.0000103333,0.237264004749798,3.28786804413502
15540.000006,0.237416782551587,3.28786804413502
15550.000439,0.237569567056839,3.28786804413502
15560.0002846666,0.237722342507341,3.28786804413502
15570.0000243333,0.237875116467401,3.28805892181537
15580.0001873333,0.238027896814702,3.28805892181537
15590.000006,0.238180671909697,3.28805892181537
15600.000006,0.238333449790727,3.28805892181537
15610.0000093333,0.238486227678698,3.28824979949573
15620.000006,0.238639005513961,3.28824979949573
15630.0000063333,0.238791783432661,3.28824979949573
15640.0001493333,0.238944563556246,3.28844067717609
15650.0000116666,0.239097339351817,3.28844067717609
15660.000386,0.239250122935546,3.28844067717609
15670.0000066666,0.239402895025399,3.28844067717609
15680.000006,0.239555672804326,3.28844067717609
15690.0000056666,0.23970845067242,3.28844067717609
15700.0002956666,0.239861232973887,3.28863155485644
15710.0000256666,0.240014006768053,3.28863155485644
15720.0002716666,0.240166788423291,3.28863155485644
15730.0004393333,0.240319568866379,3.2888224325368
15740.000009,0.240472340140763,3.2888224325368
15750.0000106666,0.2406251179638,3.2888224325368
15760.000006,0.240777895721351,3.2888224325368
15770.0000083333,0.240930673591088,3.28901331021715
15780.0000066666,0.241083451399689,3.28901331021715
15790.000006,0.241236229363011,3.28901331021715
15800.000006,0.241389007266426,3.28901331021715
15810.000006,0.241541785134027,3.28920418789751
15820.000059,0.241694563938714,3.28920418789751
15830.000006,0.241847340922381,3.28920418789751
15840.0002466666,0.242000122681979,3.28920418789751
15850.000006,0.242152896867131,3.28939506557787
15860.00008,0.242305675925669,3.28939506557787
15870.00001,0.242458452764418,3.28939506557787
15880.0000063333,0.242611230592456,3.28939506557787
15890.000006,0.24276400847585,3.28958594325822
15900.000321,0.242916791171721,3.28958594325822
15910.0000073333,0.243069564261,3.28958594325822
15920.0000063333,0.243222342067255,3.28958594325822
15930.000411,0.243375126138383,3.28958594325822
15940.000006,0.243527897776657,3.28977682093858
15950.0001086666,0.243680677194859,3.28977682093858
15960.0002923333,0.243833457812388,3.28996769861894
15970.000006,0.243986231216319,3.28996769861894
15980.0000626666,0.244139009772354,3.28996769861894
15990.0003813333,0.244291792391045,3.28996769861894
16000.000006,0.244444564547248,3.29015857629929
16010.000011,0.244597342487194,3.29015857629929
16020.00022,0.244750123551081,3.29034945397965
16030.0000086666,0.244902898209183,3.29034945397965
16040.000099,0.245055677465581,3.29034945397965
16050.000181,0.245208456490792,3.29034945397965
16060.0004486666,0.24536123850244,3.29034945397965
16070.000394,0.245514015487798,3.29034945397965
16080.000363,0.245666792807533,3.29054033166
16090.000006,0.245819565121596,3.29054033166
16100.000006,0.245972343058894,3.29054033166
16110.0002443333,0.24612512457694,3.29073120934036
16120.0000576666,0.24627789961703,3.29073120934036
16130.0000066666,0.246430676586201,3.29073120934036
16140.0000373333,0.246583454989957,3.29073120934036
16150.0000076666,0.246736232363684,3.29092208702072
16160.0003763333,0.246889015808183,3.29092208702072
16170.000006,0.247041787894733,3.29092208702072
16180.0004693333,0.247194572835949,3.29111296470107
16190.000149,0.247347345804511,3.29111296470107
16200.0004363333,0.2475001279898,3.29111296470107
16210.0001506666,0.24765290143975,3.29111296470107
16220.0002393333,0.247805680619224,3.29111296470107
16230.0000063333,0.247958454867911,3.29130384238143
16240.0000086666,0.248111232673826,3.29130384238143
16250.0002683333,0.248264014483325,3.29130384238143
16260.000214,0.248416791530483,3.29149472006178
16270.000006,0.248569566206214,3.29149472006178
16280.000121,0.248722345767104,3.29149472006178
16290.000008,0.248875121845645,3.29149472006178
16300.0000063333,0.249027899709593,3.29149472006178
16310.0001033333,0.249180679121877,3.29149472006178
16320.000006,0.249333455457727,3.29149472006178
16330.000006,0.24948623336165,3.29168559774214
16340.000295,0.249639015637314,3.29168559774214
16350.0000876666,0.249791790387465,3.2918764754225
16360.0000123333,0.249944567080985,3.2918764754225
16370.0001133333,0.250097346446733,3.2918764754225
16380.0000353333,0.250250123088735,3.2918764754225
16390.0000083333,0.250402900575838,3.2918764754225
16400.000471,0.250555685504773,3.2918764754225
16410.000225,0.250708459589564,3.29206735310285
16420.0000076666,0.250861234212692,3.29206735310285
16430.0003093333,0.25101401674035,3.29206735310285
16440.0000056666,0.251166789978046,3.29225823078321
16450.0001373333,0.251319569886319,3.29225823078321
16460.000397,0.251472351765272,3.29225823078321
16470.000007,0.251625123695306,3.29225823078321
16480.0000553333,0.251777902313692,3.29225823078321
16490.0002806666,0.25193068361851,3.29244910846357
16500.0000096666,0.252083457321507,3.29244910846357
16510.0004993333,0.252236242490424,3.29263998614392
16520.0004483333,0.252389019496632,3.29263998614392
16530.000006,0.252541790473898,3.29263998614392
16540.0001103333,0.252694569906374,3.29263998614392
16550.000007,0.252847346173711,3.29263998614392
16560.0000123333,0.253000124154072,3.29263998614392
16570.0005053333,0.253152909527615,3.29283086382428
16580.000332,0.253305684757548,3.29283086382428
16590.0004126666,0.253458463856526,3.29283086382428
16600.0000846666,0.253611236769357,3.29302174150463
16610.0004576666,0.253764020277787,3.29302174150463
16620.000006,0.253916791209265,3.29302174150463
16630.0000066666,0.254069569104451,3.29321261918499
16640.000006,0.254222346936327,3.29321261918499
16650.0000063333,0.254375124817249,3.29321261918499
16660.0000943333,0.254527904080382,3.29340349686535
16670.0000066666,0.254680680566434,3.29340349686535
16680.0002956666,0.254833462917807,3.29340349686535
16690.000006,0.254986236342553,3.29340349686535
16700.000006,0.255139014170241,3.29340349686535
16710.0002446666,0.255291795589096,3.2935943745457
16720.0000063333,0.255444569796144,3.2935943745457
16730.00004,0.255597348114099,3.2935943745457
16740.000011,0.255750125442173,3.2935943745457
16750.0001096666,0.255902904799632,3.29378525222606
16760.0000063333,0.256055681122295,3.29378525222606
16770.000074,0.256208459972176,3.29378525222606
16780.000006,0.256361236811199,3.29378525222606
16790.0003063333,0.256514019298253,3.29397612990641
16800.000006,0.25666679259383,3.29397612990641
16810.000006,0.256819570533324,3.29397612990641
16820.0002586666,0.256972352263663,3.29416700758677
16830.0000073333,0.257125126302252,3.29416700758677
16840.000006,0.257277904204871,3.29416700758677
16850.000006,0.257430682068533,3.29416700758677
16860.0001,0.257583461339863,3.29416700758677
16870.0001176666,0.257736239383993,3.29416700758677
16880.0002853333,0.257889019725708,3.29435788526713
16890.0004196666,0.258041799605179,3.29435788526713
16900.000012,0.258194571215631,3.29435788526713
16910.000067,0.258347349845687,3.29454876294748
16920.000006,0.25850012676673,3.29454876294748
16930.0003536666,0.258652909849731,3.29454876294748
16940.000006,0.258805682226198,3.29454876294748
16950.0000086666,0.258958460079091,3.29454876294748
16960.0004966666,0.259111245288736,3.29473964062784
16970.000261,0.259264019429023,3.29473964062784
16980.000009,0.259416793363868,3.29473964062784
16990.0000366666,0.259569571520674,3.2949305183082
17000.0004123333,0.25972235501366,3.2949305183082
17010.000011,0.259875126683301,3.2949305183082
17020.0000056666,0.260027904496606,3.2949305183082
17030.0002836666,0.260180686608238,3.2949305183082
17040.000006,0.260333460149052,3.2949305183082
17050.000006,0.26048623790211,3.29512139598855
17060.0000056666,0.260639015675064,3.29512139598855
17070.00001,0.260791793535126,3.29531227366891
17080.0002913333,0.260944575731167,3.29531227366891
17090.000006,0.261097349189165,3.29531227366891
17100.0001073333,0.261250128611531,3.29531227366891
17110.000006,0.261402904915955,3.29531227366891
17120.000006,0.261555682748907,3.29531227366891
17130.0004913333,0.261708467956313,3.29550315134926
17140.000484,0.261861245628975,3.29550315134926
17150.000006,0.262014016135593,3.29569402902962
17160.0001003333,0.262166795407616,3.29569402902962
17170.0001216666,0.262319573569599,3.29569402902962
17180.000006,0.262472349703338,3.29569402902962
17190.0004733333,0.262625134653592,3.29569402902962
17200.000219,0.262777908648955,3.29588490670998
17210.0001716666,0.262930685796003,3.29588490670998
17220.0004666666,0.263083468148281,3.29588490670998
17230.000006,0.263236239066164,3.29588490670998
17240.0002366666,0.263389020552851,3.29607578439033
17250.000006,0.263541794964865,3.29607578439033
17260.0000076666,0.263694572892393,3.29607578439033
17270.000292,0.26384735505075,3.29626666207069
17280.0000066666,0.264000128549314,3.29626666207069
17290.0000066666,0.264152906339721,3.29626666207069
17300.000088,0.264305685490055,3.29645753975104
17310.000295,0.264458466437693,3.29645753975104
17320.000403,0.264611245948617,3.29645753975104
17330.0004466666,0.264764024520919,3.29645753975104
17340.0000123333,0.264916795768214,3.2966484174314
17350.0000056666,0.265069573564034,3.2966484174314
17360.000019,0.265222351661312,3.2966484174314
17370.0000056666,0.265375129307765,3.2966484174314
17380.000039,0.265527907598138,3.29683929511176
17390.0004966666,0.265680692358032,3.29683929511176
17400.0004173333,0.265833468962541,3.29683929511176
17410.000006,0.265986240475605,3.29683929511176
17420.0001026667,0.266139019707494,3.29703017279211
17430.0000106666,0.266291796009986,3.29703017279211
17440.0000066666,0.266444573664197,3.29703017279211
17450.000006,0.266597351375638,3.29703017279211
17460.00001,0.266750129164836,3.29722105047247
17470.000234,0.266902910262064,3.29722105047247
17480.0002323333,0.267055687978838,3.29722105047247
17490.0001956666,0.267208465295529,3.29722105047247
17500.0000076666,0.267361240279823,3.29722105047247
17510.000006,0.267514018152954,3.29741192815283
17520.0000086666,0.267666796082148,3.29741192815283
17530.0004796666,0.267819581152458,3.29741192815283
17540.0002896666,0.267972356183445,3.29760280583318
17550.0000096666,0.268125129804222,3.29760280583318
17560.0001226666,0.268277909417145,3.29760280583318
17570.0000116666,0.26843068557258,3.29760280583318
17580.000006,0.268583463476426,3.29760280583318
17590.0000823333,0.26873624256536,3.29760280583318
17600.0000083333,0.26888901926437,3.29760280583318
17610.0000093333,0.26904179723514,3.29779368351354
17620.0004923333,0.26919458255593,3.29779368351354
17630.000006,0.269347353009239,3.29798456119389
17640.0003103333,0.269500135538479,3.29798456119389
17650.0000093333,0.269652908767462,3.29798456119389
17660.000006,0.269805686572103,3.29798456119389
17670.00044,0.269958471029925,3.29798456119389
17680.0004253333,0.270111248630541,3.29798456119389
17690.0000066666,0.27026402012075,3.29817543887425
17700.0005006666,0.270416805525434,3.29817543887425
17710.000006,0.27056957577371,3.29817543887425
17720.0000123333,0.2707223536676,3.29836631655461
17730.0000063333,0.270875131445271,3.29836631655461
17740.000006,0.271027909341427,3.29836631655461
17750.000006,0.271180687133345,3.29836631655461
17760.0000073333,0.271333464969992,3.29836631655461
17770.000468,0.271486249944306,3.29855719423496
17780.000008,0.271639020735138,3.29855719423496
17790.0000113333,0.271791798640358,3.29855719423496
17800.000006,0.271944576330361,3.29874807191532
17810.0003673333,0.272097359636977,3.29874807191532
17820.000006,0.272250131960685,3.29874807191532
17830.000418,0.272402916146537,3.29874807191532
17840.0002676667,0.272555691663465,3.29893894959567
17850.000006,0.272708465496357,3.29893894959567
17860.000006,0.272861243333147,3.29893894959567
17870.0002696666,0.27301402521406,3.29893894959567
17880.0004176666,0.27316680534047,3.29912982727603
17890.0003893333,0.273319582749362,3.29912982727603
17900.0000083333,0.273472354713541,3.29912982727603
17910.000501,0.273625140120855,3.29932070495639
17920.00003,0.27377791077198,3.29932070495639
17930.000007,0.273930688260069,3.29932070495639
17940.000006,0.274083466057032,3.29951158263674
17950.0001216666,0.274236245562306,3.29951158263674
17960.000006,0.274389021612931,3.29951158263674
17970.000309,0.274541804059155,3.29951158263674
17980.000338,0.274694582282227,3.29951158263674
17990.00001,0.274847355154711,3.29951158263674
18000.0003673333,0.275000138440267,3.2997024603171
18010.000237,0.275152914194618,3.2997024603171
18020.000168,0.275305690964617,3.29989333799746
18030.000006,0.275458466291972,3.29989333799746
18040.000006,0.27561124415521,3.29989333799746
18050.000008,0.275764022057225,3.29989333799746
18060.000006,0.275916799906784,3.30008421567781
18070.000259,0.27606958169254,3.30008421567781
18080.0000106666,0.276222355776754,3.30008421567781
18090.000006,0.276375133604886,3.30008421567781
18100.0002616666,0.276527915329485,3.30027509335817
18110.0004183333,0.276680695468382,3.30027509335817
18120.0000103333,0.276833467032118,3.30027509335817
18130.000006,0.276986244734206,3.30027509335817
18140.0000116666,0.277139022608555,3.30027509335817
18150.000268,0.277291804405334,3.30027509335817
18160.0003943333,0.277444584167072,3.30046597103852
18170.000006,0.27759735602891,3.30046597103852
18180.0000366666,0.277750134263802,3.30046597103852
18190.0000076666,0.277902911650311,3.30065684871888
18200.000006,0.278055689498856,3.30065684871888
18210.0002136666,0.278208470615939,3.30065684871888
18220.000009,0.278361245393336,3.30065684871888
18230.000006,0.278514023141577,3.30065684871888
18240.000006,0.278666801062857,3.30065684871888
18250.0005,0.278819586469094,3.30065684871888
18260.0002676666,0.278972360779722,3.30084772639924
18270.0000123333,0.279125134765636,3.30084772639924
18280.0000116666,0.27927791264917,3.30084772639924
18290.000007,0.279430690384957,3.30103860407959
18300.000006,0.279583468242782,3.30103860407959
18310.000006,0.279736246120646,3.30103860407959
18320.0002933333,0.279889028420336,3.30103860407959
18330.0003223333,0.280041806681316,3.30103860407959
18340.000192,0.280194582698493,3.30122948175995
18350.000751,0.280347369076431,3.30122948175995
18360.0000073333,0.280500135599229,3.30122948175995
18370.0002936666,0.280652917816826,3.30122948175995
18380.000006,0.280805691281886,3.30122948175995
18390.000336,0.280958474143322,3.3014203594403
18400.000006,0.281111246908942,3.3014203594403
18410.0002136666,0.281264027895183,3.3014203594403
18420.0004156666,0.28141680878104,3.30161123712066
18430.0000113333,0.281569580385901,3.30161123712066
18440.0003223333,0.28172236297242,3.30161123712066
18450.0004843333,0.281875143331369,3.30180211480102
18460.00003,0.282027914289856,3.30180211480102
18470.0000063333,0.282180691710592,3.30180211480102
18480.0003133333,0.28233347420207,3.30180211480102
18490.0002253333,0.282486250723241,3.30180211480102
18500.0002123333,0.282639028394146,3.30180211480102
18510.000255,0.282791806960355,3.30199299248137
18520.0002546666,0.282944584852763,3.30199299248137
18530.0000056666,0.28309735893469,3.30199299248137
18540.0003846666,0.283250142521253,3.30218387016173
18550.000008,0.283402914605818,3.30218387016173
18560.0000106667,0.283555692494717,3.30218387016173
18570.000006,0.283708470318698,3.30218387016173
18580.000391,0.283861254024351,3.30237474784209
18590.0002986666,0.284014030407398,3.30237474784209
18600.0002326666,0.28416680721524,3.30237474784209
18610.000011,0.284319581612264,3.30237474784209
18620.0003493333,0.284472364594279,3.30256562552244
18630.0004523333,0.284625143993629,3.30256562552244
18640.000012,0.284777915191063,3.30256562552244
18650.000006,0.284930692993237,3.30256562552244
18660.0002286666,0.285083474298307,3.30256562552244
18670.000006,0.285236248827361,3.30256562552244
18680.0000066666,0.285389026704356,3.3027565032028
18690.0003486666,0.285541809814509,3.3027565032028
18700.000006,0.285694582483063,3.3027565032028
18710.000437,0.285847367006086,3.30294738088315
18720.000006,0.286000138312957,3.30294738088315
18730.00001,0.286152916235008,3.30294738088315
18740.000101,0.286305695508148,3.30294738088315
18750.0002053333,0.286458474972228,3.30313825856351
18760.000006,0.286611249815851,3.30313825856351
18770.000198,0.286764030621621,3.30313825856351
18780.0003913333,0.28691681142075,3.30313825856351
18790.000118,0.287069585127412,3.30332913624387
18800.0003253333,0.287222366178275,3.30332913624387
18810.0000113333,0.287375139394268,3.30332913624387
18820.0004663333,0.287527924174129,3.30332913624387
18830.000006,0.287680695164586,3.30332913624387
18840.0000106666,0.287833473170213,3.30332913624387
18850.000006,0.287986251025226,3.30352001392422
18860.000096,0.288139030347807,3.30352001392422
18870.0003303333,0.288291811859755,3.30352001392422
18880.0000066666,0.288444584836591,3.30371089160458
18890.000006,0.288597362732152,3.30371089160458
18900.0003366666,0.288750145631586,3.30371089160458
18910.000007,0.28890291840641,3.30371089160458
18920.000006,0.289055696246651,3.30371089160458
18930.000009,0.289208474073931,3.30371089160458
18940.000223,0.289361255175745,3.30371089160458
18950.0002836666,0.289514033875292,3.30390176928494
18960.0003673333,0.289666812987674,3.30390176928494
18970.0002203333,0.289819588597694,3.30390176928494
18980.0002123333,0.289972366320412,3.30390176928494
18990.0004326666,0.290125147519387,3.30409264696529
19000.000358,0.290277924194855,3.30409264696529
19010.0004376666,0.290430703230705,3.30409264696529
19020.0000066666,0.290583474519288,3.30409264696529
19030.000006,0.290736252296133,3.30409264696529
19040.0000063333,0.290889030170672,3.30428352464565
19050.0004146666,0.291041814266612,3.30428352464565
19060.0004046666,0.291194591967301,3.30428352464565
19070.0000086666,0.291347363727876,3.30428352464565
19080.000006,0.291500141494348,3.304474402326
19090.0000103333,0.291652919388494,3.304474402326
19100.000144,0.291805699169383,3.304474402326
19110.000006,0.291958474876259,3.304474402326
19120.0002636666,0.292111256608625,3.304474402326
19130.000282,0.292264034700536,3.304474402326
19140.000006,0.292416808245207,3.30466528000636
19150.0001406666,0.292569588067217,3.30466528000636
19160.000006,0.292722363753356,3.30466528000636
19170.000458,0.292875148403187,3.30485615768672
19180.000006,0.293027919297776,3.30485615768672
19190.0004366666,0.293180703698642,3.30485615768672
19200.0000123333,0.293333474975782,3.30485615768672
19210.000006,0.293486252657663,3.30485615768672
19220.0003016666,0.293639034987279,3.30504703536707
19230.000454,0.293791815057599,3.30485615768672
19240.000006,0.293944586219494,3.30504703536707
19250.0002936666,0.294097368450126,3.30504703536707
19260.0000073333,0.294250141917369,3.30523791304743
19270.0000103333,0.294402919733803,3.30523791304743
19280.000006,0.294555697635122,3.30523791304743
19290.0000096666,0.294708475588583,3.30523791304743
19300.000204,0.294861256468127,3.30542879072778
19310.0004956666,0.295014038812343,3.30542879072778
19320.0000096666,0.29516680927341,3.30542879072778
19330.000006,0.295319587081542,3.30542879072778
19340.0000866666,0.295472366268265,3.30561966840814
19350.000006,0.295625142992425,3.30561966840814
19360.000006,0.295777920882905,3.30561966840814
19370.0000086666,0.295930698779053,3.30561966840814
19380.0004523333,0.296083483411957,3.30561966840814
19390.000008,0.296236254382437,3.30561966840814
19400.0002036666,0.296389035188304,3.3058105460885
19410.0000056666,0.29654180998173,3.3058105460885
19420.000341,0.296694593016638,3.3058105460885
19430.000508,0.296847373526962,3.3058105460885
19440.000008,0.297000143841583,3.30600142376885
19450.000342,0.297152926845368,3.30600142376885
19460.0000113333,0.29730569963207,3.30600142376885
19470.0004363333,0.297458483926193,3.30600142376885
19480.0000056666,0.297611255074985,3.30600142376885
19490.000008,0.297764032898021,3.30600142376885
19500.0003823333,0.297916816409227,3.30619230144921
19510.0001546667,0.298069590717299,3.30619230144921
19520.000006,0.29822236624717,3.30619230144921
19530.0001376666,0.298375146029277,3.30638317912957
19540.000241,0.298527925410153,3.30638317912957
19550.0000066666,0.298680699761765,3.30638317912957
19560.0000263333,0.298833477964489,3.30638317912957
19570.000355,0.298986260893308,3.30638317912957
19580.000267,0.299139037400331,3.30657405680992
19590.000396,0.299291817297377,3.30657405680992
19600.0000073333,0.299444589269996,3.30657405680992
19610.000061,0.299597367915795,3.30657405680992
19620.000006,0.299750144915318,3.30657405680992
19630.000006,0.299902922863179,3.30676493449028
19640.0001526666,0.300055702948109,3.30676493449028
19650.0004723333,0.30020848569545,3.30676493449028
19660.000006,0.30036125645062,3.30676493449028
19670.000006,0.300514034328005,3.30676493449028
19680.000077,0.300666813253643,3.30676493449028
19690.0004586666,0.300819597033102,3.30676493449028
19700.000236,0.300972371603175,3.30695581217063
19710.0000086667,0.301125145976743,3.30695581217063
19720.0003743333,0.301277929544292,3.30695581217063
19730.0000056666,0.30143070182182,3.30695581217063
19740.0000106666,0.301583479779731,3.30695581217063
19750.0001073333,0.301736259036322,3.30714668985099
19760.0003426666,0.301889040593203,3.30714668985099
19770.0002326666,0.302041816804955,3.30714668985099
19780.000006,0.302194591252216,3.30714668985099
19790.0004093333,0.302347375255967,3.30714668985099
19800.0000073333,0.30250014695986,3.30714668985099
19810.000113,0.302652926342507,3.30733756753135
19820.000006,0.302805702683099,3.30733756753135
19830.000008,0.302958480601523,3.30733756753135
19840.0000076666,0.303111258453413,3.3075284452117
19850.000088,0.30326403752489,3.3075284452117
19860.00046,0.303416821069341,3.3075284452117
19870.000093,0.303569593276928,3.3075284452117
19880.000006,0.303722369759053,3.3075284452117
19890.0000056666,0.303875147546867,3.3075284452117
19900.000429,0.304027931804845,3.30771932289206
19910.0004823333,0.304180710414255,3.30771932289206
19920.000317,0.30433348573549,3.30771932289206
19930.0000586667,0.304486259653523,3.30771932289206
19940.0000056666,0.304639036709024,3.30791020057241
19950.0000626666,0.304791815368085,3.30791020057241
19960.000006,0.304944592328421,3.30791020057241
19970.000008,0.305097370224199,3.30791020057241
19980.0000543333,0.305250148776265,3.30791020057241
19990.000006,0.305402925832985,3.30791020057241
20000.000006,0.30555570365683,3.30791020057241
20010.0000333333,0.305708481955229,3.30810107825277
20020.000006,0.305861259416466,3.30810107825277
20030.000355,0.306014042541745,3.30810107825277
20040.000018,0.306166815261261,3.30829195593313
20050.00021,0.30631959599158,3.30829195593313
20060.0005063333,0.306472378356671,3.30829195593313
20070.0000056666,0.306625148563754,3.30829195593313
20080.0000393333,0.30677792689226,3.30829195593313
20090.000291,0.306930708600251,3.30848283361348
20100.0004343333,0.30708348867762,3.30848283361348
20110.0004603333,0.307236266948527,3.30848283361348
20120.000006,0.307389037922194,3.30848283361348
20130.0003233333,0.307541820666486,3.30867371129384
20140.000006,0.307694593742431,3.30867371129384
20150.000395,0.307847377593818,3.30867371129384
20160.000006,0.308000149567909,3.30867371129384
20170.0003036666,0.30815293205468,3.30867371129384
20180.000272,0.308305709332001,3.30867371129384
20190.000007,0.308458483313256,3.30867371129384
20200.0002483333,0.308611264846076,3.3088645889742
20210.000006,0.308764039058555,3.3088645889742
20220.000413,0.308916823152583,3.3088645889742
20230.0000086666,0.309069594835209,3.3088645889742
20240.0001526666,0.309222374914289,3.30905546665455
20250.0000063333,0.309375150536138,3.30905546665455
20260.0004603333,0.30952793538381,3.30905546665455
20270.0000086666,0.309680706411142,3.30905546665455
20280.0003333333,0.309833489296149,3.30905546665455
20290.000006,0.309986262239446,3.30905546665455
20300.0002533333,0.310139043770461,3.30924634433491
20310.0000103333,0.310291818091016,3.30924634433491
20320.0000103333,0.310444595962054,3.30924634433491
20330.0000063333,0.310597373777171,3.30943722201526
20340.0003076666,0.310750156350844,3.30943722201526
20350.0000056666,0.310902929613271,3.30943722201526
20360.0002653333,0.311055711428163,3.30943722201526
20370.0004156666,0.311208491549167,3.30943722201526
20380.000006,0.311361263126281,3.30943722201526
20390.000006,0.311514041001078,3.30943722201526
20400.0001853333,0.311666821627683,3.30943722201526
20410.000006,0.311819596695186,3.30962809969562
20420.000006,0.311972374562991,3.30962809969562
20430.0002873333,0.312125156726116,3.30962809969562
20440.00001,0.312277930367399,3.30981897737598
20450.0000096666,0.312430708219859,3.30962809969562
20460.000006,0.312583486029727,3.30981897737598
20470.0000106666,0.312736263936924,3.30981897737598
20480.000006,0.312889041759923,3.30981897737598
20490.0002923333,0.313041824003131,3.30981897737598
20500.0003563333,0.313194602923353,3.30981897737598
20510.0004926666,0.313347382953914,3.30981897737598
20520.0002293333,0.313500156843291,3.30981897737598
20530.000007,0.313652931407049,3.30981897737598
20540.0004886666,0.313805716584166,3.31000985505633
20550.0000096666,0.313958487313493,3.31000985505633
20560.0002923333,0.314111269514838,3.31000985505633
20570.0003533333,0.31426404831158,3.31020073273669
20580.000006,0.31441682085856,3.31000985505633
20590.0000843333,0.314569599908776,3.31020073273669
20600.000006,0.314722376559068,3.31020073273669
20610.0000056666,0.314875154385133,3.31020073273669
20620.000006,0.315027932224927,3.31020073273669
20630.000007,0.315180710112067,3.31020073273669
20640.000216,0.315333491131109,3.31020073273669
20650.000006,0.315486265828591,3.31039161041704
20660.0003056666,0.315639048301793,3.31039161041704
20670.0000306666,0.315791821989647,3.31039161041704
20680.000006,0.315944599525415,3.31039161041704
20690.000011,0.316097377446898,3.31039161041704
20700.00001,0.316250155222022,3.3105824880974
20710.000006,0.316402932966024,3.3105824880974
20720.0001576666,0.316555713205687,3.3105824880974
20730.0000066666,0.316708488902212,3.3105824880974
20740.0002816666,0.316861271021435,3.3105824880974
20750.000496,0.317014052225928,3.3105824880974
20760.0000096666,0.317166822681516,3.3105824880974
20770.0000083333,0.317319600529049,3.3105824880974
20780.0004983333,0.317472385826671,3.31077336577776
20790.000009,0.317625156200819,3.31077336577776
20800.0003286666,0.317777938912308,3.31077336577776
20810.000006,0.317930711928446,3.31096424345811
20820.0000066666,0.318083489826727,3.31096424345811
20830.00026,0.318236271548792,3.31096424345811
20840.000006,0.318389045462646,3.31096424345811
20850.0000056666,0.318541823238097,3.31096424345811
20860.000006,0.31869460102332,3.31096424345811
20870.0000083333,0.318847379000085,3.31096424345811
20880.0004066666,0.31900016298048,3.31096424345811
20890.0001146666,0.319152936380806,3.31115512113847
20900.0000066666,0.319305712675467,3.31115512113847
20910.000609,0.319458499772008,3.31115512113847
20920.0001473333,0.319611270588191,3.31134599881883
20930.0000096666,0.319764046492724,3.31134599881883
20940.000469,0.319916831327204,3.31134599881883
20950.0000556666,0.320069602979934,3.31153687649918
20960.000075,0.320222381102347,3.31153687649918
20970.0002016667,0.320375160988267,3.31153687649918
20980.0004453333,0.320527942569752,3.31153687649918
20990.0000066666,0.320680713717398,3.31153687649918
21000.000006,0.320833491600725,3.31153687649918
21010.000031,0.320986269830008,3.31153687649918
21020.000006,0.321139047297313,3.31172775417954
21030.000219,0.321291828362279,3.31172775417954
21040.0004003333,0.321444608984499,3.31172775417954
21050.000006,0.321597380752966,3.31172775417954
21060.000126,0.321750160356636,3.31172775417954
21070.000006,0.321902936369322,3.31172775417954
21080.0000063333,0.322055714214684,3.31191863185989
21090.0000056666,0.322208492041843,3.31191863185989
21100.0001533333,0.322361272218865,3.31191863185989
21110.0003903333,0.322514053657653,3.31191863185989
21120.0004856666,0.322666832970161,3.31191863185989
21130.0002336666,0.322819606987675,3.31210950954025
21140.000006,0.322972381301951,3.31210950954025
21150.0002633333,0.323125163088305,3.31210950954025
21160.0000386666,0.323277937477265,3.31210950954025
21170.000006,0.323430714824735,3.31210950954025
21180.0000246666,0.32358349285404,3.31210950954025
21190.000167,0.32373627289774,3.31210950954025
21200.0003156666,0.323889053016972,3.31230038722061
21210.0000653333,0.324041826999955,3.31230038722061
21220.000006,0.324194603878853,3.31230038722061
21230.0002013333,0.324347384657124,3.31230038722061
21240.0000463333,0.324500160084385,3.31249126490096
21250.0000116666,0.324652937489688,3.31249126490096
21260.000009,0.324805715343633,3.31249126490096
21270.0004746666,0.324958500337161,3.31249126490096
21280.000006,0.325111271044443,3.31249126490096
21290.0004803333,0.325264056092075,3.31249126490096
21300.0000063333,0.325416826635637,3.31249126490096
21310.000006,0.325569604426385,3.31249126490096
21320.0000896666,0.325722383680439,3.31249126490096
21330.000009,0.32587516032537,3.31268214258132
21340.0000896666,0.326027939373099,3.31268214258132
21350.000006,0.326180716005272,3.31268214258132
21360.0000083333,0.326333493913452,3.31268214258132
21370.0001236666,0.326486273581243,3.31268214258132
21380.0000113333,0.32663904982724,3.31287302026168
21390.000006,0.326791827611435,3.31287302026168
21400.000006,0.326944605588945,3.31287302026168
21410.000006,0.327097383419693,3.31287302026168
21420.000006,0.327250161330434,3.31287302026168
21430.000006,0.327402939302631,3.31287302026168
21440.000006,0.327555717177702,3.31287302026168
21450.0003133333,0.327708499706953,3.31287302026168
21460.000006,0.32786127279987,3.31287302026168
21470.0003906666,0.328014056518284,3.31287302026168
21480.0000326666,0.328166828845169,3.31306389794203
21490.0003473333,0.328319611460369,3.31306389794203
21500.0002043333,0.328472387072044,3.31306389794203
21510.0000256666,0.328625162154475,3.31306389794203
21520.0000063333,0.328777939715615,3.31306389794203
21530.0000083333,0.328930717632801,3.31325477562239
21540.0000063333,0.329083495387327,3.31325477562239
21550.0000103333,0.329236273332527,3.31325477562239
21560.000006,0.329389051124834,3.31325477562239
21570.000006,0.329541829013485,3.31325477562239
21580.000006,0.329694606820037,3.31325477562239
21590.000006,0.329847384643781,3.31325477562239
21600.000006,0.33000016250698,3.31344565330274
21610.000006,0.330152940311558,3.31344565330274
21620.0000116666,0.330305718185192,3.31344565330274
21630.0000096666,0.330458495915499,3.31344565330274
21640.0000066666,0.330611273723131,3.31344565330274
21650.000008,0.33076405157453,3.31344565330274
21660.000008,0.330916829486161,3.3136365309831
21670.000006,0.331069607264416,3.3136365309831
21680.0000093333,0.331222385182605,3.3136365309831
21690.0003303333,0.331375167917683,3.3136365309831
21700.0000113333,0.331527940890802,3.3136365309831
21710.0002903333,0.331680722901005,3.3136365309831
21720.000012,0.331833496625528,3.3136365309831
21730.000354,0.331986279689383,3.31382740866346
21740.000311,0.332139056885803,3.31382740866346
21750.000118,0.332291831688949,3.31382740866346
21760.0000073333,0.332444607784765,3.31382740866346
21770.0000456667,0.332597386193483,3.31382740866346
21780.0004443333,0.332750170099724,3.31401828634381
21790.0002383333,0.332902944758978,3.31401828634381
21800.0004206666,0.333055725366584,3.31401828634381
21810.0000093333,0.333208496866303,3.31401828634381
21820.000006,0.333361274635978,3.31401828634381
21830.000006,0.333514052467978,3.31401828634381
21840.000006,0.333666830291638,3.31401828634381
21850.0004276666,0.333819614527335,3.31401828634381
21860.0001993333,0.333972388896224,3.31420916402417
21870.0000366666,0.334125164234528,3.31420916402417
21880.000006,0.334277941557968,3.31420916402417
21890.0000093333,0.334430719466455,3.31420916402417
21900.0000586666,0.334583497971716,3.31420916402417
21910.00001,0.334736275060315,3.31420916402417
21920.0004313333,0.334889059321023,3.31420916402417
21930.0000083333,0.335041830687991,3.31440004170452
21940.000006,0.335194608430913,3.31440004170452
21950.000006,0.335347386341937,3.31440004170452
21960.0000056666,0.335500164156676,3.31440004170452
21970.000441,0.335652948723081,3.31459091938488
21980.000114,0.33580572160978,3.31459091938488
21990.0003336666,0.335958502844025,3.31459091938488
22000.0000073333,0.336111275841894,3.31459091938488
22010.00035,0.336264059005496,3.31478179706524
22020.000061,0.336416832506656,3.31478179706524
22030.0000093333,0.336569609662856,3.31478179706524
22040.0000196666,0.33672238768819,3.31478179706524
22050.0002326666,0.336875168931889,3.31478179706524
22060.000261,0.337027947202914,3.31478179706524
22070.000422,0.337180727509541,3.31478179706524
22080.00001,0.33733349918216,3.31478179706524
22090.0003026666,0.337486281687409,3.31478179706524
22100.0002403333,0.337639058588919,3.31478179706524
22110.0003606666,0.337791838336683,3.31497267474559
22120.000435,0.33794461742135,3.31497267474559
22130.000006,0.338097388763566,3.31497267474559
22140.0004603333,0.338250173541997,3.31497267474559
22150.0002686667,0.338402948655771,3.31497267474559
22160.000012,0.338555722667584,3.31497267474559
22170.000006,0.338708500517847,3.31497267474559
22180.000011,0.338861278496342,3.31516355242595
22190.000176,0.339014059057846,3.31516355242595
22200.000006,0.33916683440416,3.31516355242595
22210.0000056666,0.33931961231014,3.31516355242595
22220.000006,0.339472390239146,3.31535443010631
22230.0000063333,0.339625168035198,3.31535443010631
22240.000044,0.339777946621271,3.31535443010631
22250.0001113333,0.339930725507749,3.31535443010631
22260.000379,0.340083507539154,3.31535443010631
22270.000006,0.340236279608328,3.31535443010631
22280.000006,0.340389057455975,3.31535443010631
22290.0000063333,0.340541835392461,3.31554530778666
22300.000006,0.340694613425917,3.31554530778666
22310.000006,0.340847391276356,3.31554530778666
22320.000011,0.341000169309629,3.31554530778666
22330.000006,0.341152947150664,3.31554530778666
22340.0000073333,0.341305725046215,3.31554530778666
22350.000006,0.341458502973944,3.31554530778666
22360.0000916666,0.341611282186076,3.31554530778666
22370.000006,0.34176405889044,3.31554530778666
22380.0000063333,0.341916836849726,3.31573618546702
22390.0002153333,0.342069617801889,3.31573618546702
22400.000006,0.342222392531561,3.31573618546702
22410.000486,0.34237517780344,3.31573618546702
22420.000006,0.34252794848041,3.31573618546702
22430.000006,0.342680726426974,3.31592706314737
22440.0000056666,0.342833504356993,3.31592706314737
22450.0000066666,0.342986282295059,3.31592706314737
22460.000006,0.343139060277417,3.31592706314737
22470.000006,0.343291838172269,3.31592706314737
22480.0000066666,0.343444616080152,3.31592706314737
22490.0000056666,0.343597394150052,3.31592706314737
22500.000008,0.343750172137505,3.31592706314737
22510.0000063333,0.34390294999496,3.31592706314737
22520.000006,0.344055727990196,3.31592706314737
22530.000011,0.344208505963171,3.31611794082773
22540.000006,0.344361283806596,3.31611794082773
22550.0001396666,0.344514063635273,3.31611794082773
22560.0000073333,0.344666839670893,3.31611794082773
22570.000006,0.344819617578459,3.31611794082773
22580.000006,0.344972395493528,3.31630881850809
22590.000006,0.34512517337317,3.31630881850809
22600.0000083333,0.345277951364622,3.31630881850809
22610.0000056666,0.345430729226388,3.31630881850809
22620.0000066666,0.345583507170187,3.31630881850809
22630.0000063333,0.345736285082411,3.31630881850809
22640.0004926666,0.345889070336383,3.31630881850809
22650.000007,0.346041840821288,3.31630881850809
22660.000006,0.346194618675418,3.31649969618844
22670.000006,0.346347396534268,3.31649969618844
22680.0000056666,0.346500174403413,3.31649969618844
22690.00001,0.346652952527658,3.31649969618844
22700.0001186666,0.34680573204687,3.31649969618844
22710.0000066666,0.346958508231101,3.31649969618844
22720.00001,0.347111286321042,3.3166905738688
22730.0000063333,0.347264064156666,3.3166905738688
22740.000006,0.347416842069611,3.3166905738688
22750.000007,0.347569619944146,3.3166905738688
22760.000006,0.347722397860475,3.3166905738688
22770.000008,0.347875175850483,3.3166905738688
22780.000009,0.348027953734439,3.31688145154915
22790.000006,0.348180731569266,3.31688145154915
22800.000007,0.348333509416622,3.31688145154915
22810.0000056666,0.348486287344267,3.31688145154915
22820.000006,0.348639065282543,3.31688145154915
22830.000006,0.348791843102802,3.31707232922951
22840.000006,0.348944621116766,3.31707232922951
22850.0000073333,0.3490973989761,3.31707232922951
22860.000006,0.349250176811922,3.31707232922951
22870.000006,0.349402954673324,3.31707232922951
22880.000006,0.349555732536759,3.31707232922951
22890.0000103333,0.349708510471451,3.31707232922951
22900.0000066666,0.349861288320014,3.31707232922951
22910.000007,0.350014066192898,3.31707232922951
22920.000006,0.350166844076209,3.31726320690987
22930.0000083333,0.350319622001714,3.31726320690987
22940.0000063333,0.350472399891442,3.31726320690987
22950.000009,0.350625177871533,3.31726320690987
22960.000006,0.35077795571701,3.31726320690987
22970.0000056666,0.350930733655963,3.31745408459022
22980.000006,0.351083511573642,3.31745408459022
22990.0000106666,0.351236289521599,3.31745408459022
23000.0000113333,0.35138906748631,3.31745408459022
23010.000006,0.351541845384017,3.31745408459022
23020.0000116666,0.351694623384774,3.31745408459022
23030.000006,0.351847401244297,3.31745408459022
23040.000006,0.352000179173861,3.31745408459022
23050.000006,0.352152957108002,3.31745408459022
23060.000006,0.352305735032718,3.31764496227058
23070.000006,0.352458512967821,3.31764496227058
23080.000006,0.352611290824369,3.31764496227058
23090.0000056666,0.352764068801588,3.31764496227058
23100.0000063333,0.352916846674448,3.31783583995094
23110.000006,0.353069624705639,3.31783583995094
23120.0000103333,0.353222402682152,3.31783583995094
23130.000006,0.353375180456524,3.31783583995094
23140.0000063333,0.353527958415525,3.31783583995094
23150.000006,0.3536807362609,3.31783583995094
23160.000006,0.353833514183501,3.31783583995094
23170.0000076666,0.353986292068984,3.31783583995094
23180.000006,0.354139069845801,3.31783583995094
23190.000006,0.354291847650947,3.31783583995094
23200.000006,0.354444625509304,3.31802671763129
23210.000007,0.354597403464448,3.31802671763129
23220.000006,0.354750181391788,3.31802671763129
23230.0000533333,0.354902960045578,3.31802671763129
23240.0000106666,0.355055737321506,3.31802671763129
23250.0000056667,0.355208515103206,3.31802671763129
23260.000012,0.355361293225711,3.31821759531165
23270.000006,0.355514071081634,3.31821759531165
23280.000006,0.3556668489772,3.31821759531165
23290.0000066666,0.355819626851184,3.31821759531165
23300.000006,0.355972404710359,3.31821759531165
23310.0000086667,0.356125182624986,3.31821759531165
23320.000006,0.356277960440921,3.31821759531165
23330.000006,0.356430738309434,3.318408472992
23340.0000116666,0.356583516325082,3.318408472992
23350.000006,0.356736293973598,3.318408472992
23360.0000113333,0.356889071928148,3.318408472992
23370.0000076666,0.357041849682699,3.318408472992
23380.000006,0.357194627544948,3.318408472992
23390.000006,0.357347405396882,3.318408472992
23400.000006,0.357500183245997,3.31859935067236
23410.000006,0.357652961079383,3.31859935067236
23420.000008,0.357805738862066,3.31859935067236
23430.000006,0.357958516740567,3.31859935067236
23440.0000073333,0.358111294596647,3.31859935067236
23450.000006,0.358264072346109,3.31859935067236
23460.000007,0.358416850160907,3.31859935067236
23470.0001403333,0.35856963005234,3.31859935067236
23480.000006,0.358722405856405,3.31859935067236
23490.0000066666,0.358875183745539,3.31879022835272
23500.000006,0.359027961631288,3.31879022835272
23510.0000116666,0.359180739601188,3.31879022835272
23520.0000183333,0.359333517560278,3.31879022835272
23530.0002063333,0.359486298350814,3.31879022835272
23540.00001,0.359639073291723,3.31879022835272
23550.000006,0.359791851131742,3.31879022835272
23560.0000066666,0.359944629085746,3.31879022835272
23570.000006,0.360097406971555,3.31879022835272
23580.00001,0.360250184962343,3.31898110603307
23590.000006,0.360402962833786,3.31898110603307
23600.0000063333,0.360555740755189,3.31898110603307
23610.000006,0.360708518640832,3.31898110603307
23620.0000143333,0.360861296790217,3.31898110603307
23630.0000123333,0.361014074708478,3.31898110603307
23640.0000116667,0.361166852520547,3.31898110603307
23650.000011,0.361319630462318,3.31898110603307
23660.000006,0.361472408264023,3.31898110603307
23670.0002133333,0.361625189480819,3.31898110603307
23680.0000063333,0.361777964162409,3.31898110603307
23690.000006,0.361930742146806,3.31898110603307
23700.000006,0.362083520016766,3.31898110603307
23710.0000063333,0.362236297852547,3.31917198371343
23720.000006,0.36238907588199,3.31917198371343
23730.000006,0.362541853783424,3.31917198371343
23740.000006,0.362694631730848,3.31917198371343
23750.000006,0.362847409623865,3.31917198371343
23760.0000113333,0.363000187520217,3.31917198371343
23770.00001,0.363152965525096,3.31917198371343
23780.0004953333,0.363305750865051,3.31917198371343
23790.000006,0.363458521215056,3.31936286139379
23800.000006,0.363611299171001,3.31936286139379
23810.000349,0.363764082262832,3.31936286139379
23820.000006,0.363916854890815,3.31936286139379
23830.0000066666,0.364069632932503,3.31936286139379
23840.0004883333,0.36422241823038,3.31936286139379
23850.0000076666,0.364375188800405,3.31936286139379
23860.000011,0.364527966808542,3.31936286139379
23870.0000056666,0.364680744693237,3.31936286139379
23880.0000093333,0.364833522597393,3.31936286139379
23890.000006,0.364986300439832,3.31936286139379
23900.00001,0.365139078454854,3.31936286139379
23910.0000093333,0.365291856363598,3.31936286139379
23920.000006,0.365444634169832,3.31955373907414
23930.0000063333,0.365597412088332,3.31955373907414
23940.0000113333,0.365750190026618,3.31955373907414
23950.0003506666,0.36590297305148,3.31955373907414
23960.0000063333,0.366055745662354,3.31955373907414
23970.0000106666,0.366208523640463,3.31955373907414
23980.0000063333,0.366361301422976,3.31955373907414
23990.0000553333,0.36651408013644,3.31955373907414
24000.000006,0.366666857198469,3.31955373907414
24010.000006,0.366819634976793,3.3197446167545
24020.0000063333,0.366972412796634,3.3197446167545
24030.000006,0.367125190577348,3.3197446167545
24040.000006,0.367277968361608,3.3197446167545
24050.0000056666,0.367430746190459,3.3197446167545
24060.0000056667,0.367583523964526,3.3197446167545
24070.0000113333,0.367736301877261,3.3197446167545
24080.0000103333,0.367889079653912,3.3197446167545
24090.000006,0.36804185742159,3.3197446167545
24100.000006,0.368194635307469,3.3197446167545
24110.0000063333,0.368347413190849,3.3197446167545
24120.0000056666,0.368500191059563,3.3197446167545
24130.000012,0.368652969005608,3.3197446167545
24140.000007,0.36880574665717,3.3197446167545
24150.0000106666,0.368958524722297,3.31993549443485
24160.000006,0.369111302583117,3.31993549443485
24170.000006,0.36926408034479,3.31993549443485
24180.0000063333,0.369416858262934,3.31993549443485
24190.0000083333,0.369569636315259,3.31993549443485
24200.0000113333,0.369722414252294,3.31993549443485
24210.0000056666,0.369875192072439,3.31993549443485
24220.000006,0.370027969966136,3.31993549443485
24230.000006,0.370180747809218,3.31993549443485
24240.000006,0.370333525758936,3.32012637211521
24250.000006,0.370486303773661,3.32012637211521
24260.0000056666,0.370639081540459,3.32012637211521
24270.0000066666,0.370791859572129,3.32012637211521
24280.000006,0.370944637460108,3.32012637211521
24290.000006,0.37109741534715,3.32012637211521
24300.000007,0.371250193161966,3.32012637211521
24310.000006,0.37140297112849,3.32012637211521
24320.0000073333,0.37155574910689,3.32012637211521
24330.0000076666,0.371708526966339,3.32012637211521
24340.000006,0.371861304957966,3.32012637211521
24350.000006,0.372014082905405,3.32012637211521
24360.0000066666,0.372166860835397,3.32012637211521
24370.0000063333,0.372319638576469,3.32012637211521
24380.000006,0.37247241649471,3.32012637211521
24390.000006,0.372625194458025,3.32031724979557
24400.000006,0.372777972360327,3.32012637211521
24410.000006,0.372930750215533,3.32012637211521
24420.000006,0.373083528154641,3.32031724979557
24430.000006,0.373236306041568,3.32031724979557
24440.000009,0.37338908412367,3.32031724979557
24450.000006,0.373541861932867,3.32031724979557
24460.000006,0.373694639818134,3.32031724979557
24470.000006,0.373847417819313,3.32031724979557
24480.000006,0.374000195658158,3.32031724979557
24490.000006,0.374152973534648,3.32031724979557
24500.0000056666,0.374305751451402,3.32031724979557
24510.000009,0.374458529432614,3.32031724979557
24520.000006,0.374611307243349,3.32031724979557
24530.00012,0.374764087077946,3.32050812747592
24540.000006,0.37491686324759,3.32050812747592
24550.0000066666,0.375069641216113,3.32050812747592
24560.000006,0.375222419094984,3.32050812747592
24570.0000063333,0.375375196947962,3.32050812747592
24580.0000106666,0.375527974926778,3.32050812747592
24590.0000106666,0.375680752864163,3.32050812747592
24600.0000103333,0.375833530658682,3.32050812747592
24610.000006,0.375986308416093,3.32050812747592
24620.00001,0.376139086321059,3.32050812747592
24630.0000086666,0.376291864112135,3.32050812747592
24640.0002946666,0.376444646336192,3.32050812747592
24650.000006,0.376597419744438,3.32050812747592
24660.000006,0.376750197661332,3.32050812747592
24670.0000056666,0.376902975590229,3.32050812747592
24680.0002676667,0.377055757491386,3.32069900515628
24690.000353,0.377208536647069,3.32069900515628
24700.000006,0.377361309148724,3.32069900515628
24710.0000056666,0.377514086982304,3.32069900515628
24720.0000103333,0.377666864836262,3.32069900515628
24730.000006,0.377819642645228,3.32069900515628
24740.0000116666,0.377972420573781,3.32069900515628
24750.0000103333,0.378125198390991,3.32069900515628
24760.0000093333,0.37827797618789,3.32069900515628
24770.000007,0.378430754042021,3.32069900515628
24780.000006,0.378583531850569,3.32069900515628
24790.000006,0.378736309630436,3.32069900515628
24800.000006,0.378889087470528,3.32088988283663
24810.000006,0.379041865228553,3.32088988283663
24820.000006,0.379194643041459,3.32088988283663
24830.000378,0.379347426525249,3.32088988283663
24840.000006,0.379500198657432,3.32088988283663
24850.000006,0.379652976476628,3.32088988283663
24860.0000063333,0.379805754422076,3.32088988283663
24870.0000083333,0.379958532254366,3.32088988283663
24880.000006,0.380111309977729,3.32088988283663
24890.0000106666,0.380264087893557,3.32088988283663
24900.000006,0.380416865607168,3.32088988283663
24910.000006,0.38056964338269,3.32088988283663
24920.000006,0.380722421231348,3.32088988283663
24930.000006,0.380875199135171,3.32088988283663
24940.000006,0.381027977061385,3.32088988283663
24950.000381,0.381180760687825,3.32088988283663
24960.0000096666,0.381333532821909,3.32088988283663
24970.000012,0.381486310745449,3.32088988283663
24980.0000066666,0.381639088545855,3.32088988283663
24990.000006,0.381791866422703,3.32088988283663
25000.000006,0.381944644335295,3.32088988283663
25010.000006,0.382097422291932,3.32088988283663
25020.0000086667,0.38225020019942,3.32108076051699
25030.0000056666,0.382402978060985,3.32088988283663
25040.000006,0.382555755938846,3.32108076051699
25050.000318,0.382708538646365,3.32108076051699
25060.000006,0.382861311793068,3.32108076051699
25070.0000066666,0.383014089834007,3.32088988283663
25080.000006,0.383166867718997,3.32108076051699
25090.000006,0.38331964558205,3.32108076051699
25100.0000076666,0.383472423517228,3.32108076051699
25110.0000523333,0.383625202157894,3.32108076051699
25120.0000063333,0.383777979387377,3.32108076051699
25130.0004483333,0.383930764145833,3.32108076051699
25140.000007,0.384083535325846,3.32108076051699
25150.000006,0.384236313166458,3.32108076051699
25160.000006,0.384389091093082,3.32108076051699
25170.000006,0.384541868960064,3.32108076051699
25180.000292,0.384694651350836,3.32108076051699
25190.0000063333,0.384847424830883,3.32108076051699
25200.000006,0.385000202775353,3.32108076051699
25210.0000056666,0.385152980608915,3.32108076051699
25220.000006,0.385305758499456,3.32127163819735
25230.000006,0.385458536471441,3.32127163819735
25240.000098,0.38561131583613,3.32127163819735
25250.0000073333,0.38576409232895,3.32127163819735
25260.000008,0.385916870333248,3.32127163819735
25270.000006,0.386069648222644,3.32127163819735
25280.0000076666,0.386222426193042,3.32127163819735
25290.0000063333,0.386375204070738,3.32127163819735
25300.000006,0.386527981978753,3.32127163819735
25310.000006,0.386680759924716,3.32127163819735
25320.0000076666,0.386833537878903,3.32127163819735
25330.000006,0.386986315786652,3.32127163819735
25340.000011,0.3871390937551,3.32127163819735
25350.000006,0.387291871559161,3.32127163819735
25360.0000056666,0.387444649450454,3.32127163819735
25370.000006,0.387597427338409,3.32127163819735
25380.000006,0.387750205252198,3.32127163819735
25390.000006,0.387902983198243,3.32127163819735
25400.000006,0.38805576107403,3.32127163819735
25410.000009,0.38820853915567,3.32127163819735
25420.000321,0.388361321865603,3.32127163819735
25430.000006,0.388514094965834,3.32127163819735
25440.0003863333,0.388666878720802,3.32127163819735
25450.000006,0.388819650821793,3.3214625158777
25460.000006,0.388972428793913,3.32127163819735
25470.000006,0.389125206688095,3.32127163819735
25480.000007,0.389277984456553,3.32127163819735
25490.0001703333,0.389430764733102,3.32127163819735
25500.00044,0.389583546792095,3.3214625158777
25510.000492,0.389736325513804,3.3214625158777
25520.0000106666,0.389889096078958,3.3214625158777
25530.0006393333,0.390041883457683,3.32127163819735
25540.00007,0.39019465282108,3.3214625158777
25550.000006,0.390347429657992,3.3214625158777
25560.000006,0.390500207537227,3.3214625158777
25570.000011,0.390652985439017,3.3214625158777
25580.0000113333,0.390805763412443,3.3214625158777
25590.000006,0.390958541250936,3.3214625158777
25600.0000063333,0.391111319170469,3.3214625158777
25610.000006,0.391264097114368,3.3214625158777
25620.0000063333,0.39141687505593,3.3214625158777
25630.0000063333,0.391569652902985,3.3214625158777
25640.0000056666,0.391722430658904,3.3214625158777
25650.000006,0.391875208676189,3.3214625158777
25660.000012,0.392027986673219,3.3214625158777
25670.0000063333,0.392180764484947,3.3214625158777
25680.000006,0.392333542315622,3.3214625158777
25690.000006,0.392486320151227,3.3214625158777
25700.000006,0.392639098124026,3.3214625158777
25710.000006,0.392791875931162,3.32165339355806
25720.000006,0.392944653706576,3.3214625158777
25730.000011,0.393097431577579,3.3214625158777
25740.000006,0.393250209346834,3.32165339355806
25750.0000063333,0.393402987119353,3.32165339355806
25760.000006,0.393555764844952,3.32165339355806
25770.000006,0.393708542638334,3.32165339355806
25780.000161,0.393861322825163,3.32165339355806
25790.000011,0.394014098401075,3.32165339355806
25800.000006,0.394166876094773,3.32165339355806
25810.0000056666,0.39431965388825,3.32165339355806
25820.000006,0.394472431794807,3.32165339355806
25830.000006,0.394625209533161,3.32165339355806
25840.0000063333,0.394777987477542,3.32165339355806
25850.000006,0.39493076532909,3.32165339355806
25860.0000093333,0.395083543149384,3.32165339355806
25870.000006,0.395236320881084,3.32165339355806
25880.000006,0.395389098753727,3.32165339355806
25890.0000076666,0.395541876677542,3.32165339355806
25900.0000113333,0.395694654588576,3.32165339355806
25910.000006,0.395847432389785,3.32165339355806
25920.0000106666,0.396000210345155,3.32165339355806
25930.0003356666,0.396152993231316,3.32165339355806
25940.0000103333,0.396305766111429,3.32165339355806
25950.000006,0.396458543921824,3.32165339355806
25960.000006,0.396611321784359,3.32165339355806
25970.000006,0.39676409960468,3.32165339355806
25980.0000063333,0.396916877427385,3.32165339355806
25990.000006,0.397069655291246,3.32165339355806
26000.0003006666,0.397222437617751,3.32165339355806
26010.000007,0.397375210996229,3.32165339355806
26020.000006,0.397527988785183,3.32165339355806
26030.0000076666,0.397680766748111,3.32165339355806
26040.000006,0.397833544521219,3.32165339355806
26050.0003903333,0.397986328163702,3.32165339355806
26060.0000123333,0.398139100167003,3.32165339355806
26070.000006,0.398291877873917,3.32165339355806
26080.000006,0.398444655622084,3.32165339355806
26090.0000093333,0.398597433463317,3.32165339355806
26100.000006,0.398750211162717,3.32184427123842
26110.000006,0.398902988907784,3.32184427123842
26120.000006,0.399055766754993,3.32165339355806
26130.000006,0.399208544554401,3.32165339355806
26140.0000113333,0.399361322479297,3.32165339355806
26150.0004873333,0.399514107564126,3.32184427123842
26160.000006,0.399666877955474,3.32184427123842
26170.00017,0.399819658172009,3.32184427123842
26180.00001,0.39997243349288,3.32184427123842
26190.000006,0.400125211220213,3.32184427123842
26200.000006,0.400277989010848,3.32184427123842
26210.0004073333,0.400430773004434,3.32184427123842
26220.000006,0.400583544738276,3.32184427123842
26230.0000096666,0.400736322610294,3.32184427123842
26240.000007,0.400889100356955,3.32184427123842
26250.000006,0.401041878184476,3.32184427123842
26260.000327,0.401194660909506,3.32184427123842
26270.0000076666,0.401347433879853,3.32184427123842
26280.0000093333,0.40150021173458,3.32184427123842
26290.0003886666,0.401652995417666,3.32184427123842
26300.000385,0.401805773240395,3.32184427123842
26310.000006,0.401958545298608,3.32184427123842
26320.000007,0.402111323269588,3.32184427123842
26330.0000056666,0.402264101167882,3.32184427123842
26340.000006,0.402416879111141,3.32184427123842
26350.0000066666,0.402569656985918,3.32184427123842
26360.000006,0.40272243484982,3.32184427123842
26370.0001473333,0.402875214894508,3.32184427123842
26380.000006,0.403027990663551,3.32184427123842
26390.0000063333,0.403180768549314,3.32184427123842
26400.0000066666,0.403333546436365,3.32184427123842
26410.000006,0.403486324210305,3.32184427123842
26420.000006,0.403639102226173,3.32184427123842
26430.0000116667,0.403791880185597,3.32184427123842
26440.000006,0.403944658033409,3.32184427123842
26450.000006,0.404097435899522,3.32203514891877
26460.000407,0.404250219933272,3.32184427123842
26470.000012,0.404402991786611,3.32184427123842
26480.000006,0.40455576961219,3.32203514891877
26490.000006,0.404708547416549,3.32184427123842
26500.000006,0.404861325309991,3.32203514891877
26510.0000103333,0.40501410318366,3.32203514891877
26520.000006,0.405166881109432,3.32203514891877
26530.000006,0.405319659017664,3.32203514891877
26540.0000063333,0.405472436887448,3.32203514891877
26550.0000063333,0.405625214768353,3.32203514891877
26560.0003403333,0.405777997795078,3.32203514891877
26570.00001,0.405930770634571,3.32203514891877
26580.0000063333,0.406083548447194,3.32203514891877
26590.000006,0.406236326258225,3.32203514891877
26600.0000106666,0.406389104230455,3.32203514891877
26610.000006,0.406541882048751,3.32203514891877
26620.0000066666,0.406694659921916,3.32203514891877
26630.0000066666,0.406847437738352,3.32203514891877
26640.0000103333,0.407000215690403,3.32203514891877
26650.000006,0.407152993507596,3.32203514891877
26660.000006,0.40730577137129,3.32203514891877
26670.000006,0.407458549231177,3.32203514891877
26680.0002103333,0.407611330181265,3.32203514891877
26690.0000063333,0.407764104960333,3.32203514891877
26700.000009,0.407916882838063,3.32203514891877
26710.000006,0.408069660738537,3.32203514891877
26720.0000093333,0.408222438653025,3.32203514891877
26730.000006,0.408375216451083,3.32203514891877
26740.000006,0.408527994269155,3.32203514891877
26750.0000056666,0.408680772156917,3.32203514891877
26760.000006,0.408833550074883,3.32203514891877
26770.000006,0.408986328007313,3.32203514891877
26780.0000063333,0.409139105888141,3.32203514891877
26790.000007,0.409291883720656,3.32203514891877
26800.0000123333,0.409444661645686,3.32203514891877
26810.000006,0.409597439501167,3.32203514891877
26820.0003093333,0.409750222134465,3.32203514891877
26830.0003013333,0.409902999876158,3.32203514891877
26840.000006,0.410055773239902,3.32203514891877
26850.0000083333,0.410208551119506,3.32203514891877
26860.0000066666,0.410361329058109,3.32203514891877
26870.00001,0.410514106998589,3.32203514891877
26880.0000103333,0.410666884891391,3.32203514891877
26890.000007,0.410819662754254,3.32203514891877
26900.0000626666,0.410972441511715,3.32203514891877
26910.000006,0.411125218458885,3.32203514891877
26920.000009,0.411277996339105,3.32203514891877
26930.000006,0.411430774183578,3.32203514891877
26940.0000056666,0.411583552030599,3.32203514891877
26950.0000083333,0.411736330032557,3.32203514891877
26960.0000063333,0.411889107860321,3.32203514891877
26970.000009,0.412041885881396,3.32203514891877
26980.0000113333,0.412194663856711,3.32203514891877
26990.0000063333,0.41234744171768,3.32203514891877
27000.0000103333,0.412500219605089,3.32203514891877
27010.0000106666,0.412652997432815,3.32203514891877
27020.0000083333,0.412805775391373,3.32203514891877
27030.000012,0.412958553369391,3.32203514891877
27040.000006,0.41311133117872,3.32203514891877
27050.000006,0.413264109051274,3.32203514891877
27060.0000066666,0.413416886917181,3.32203514891877
27070.00001,0.41356966488023,3.32203514891877
27080.000006,0.413722442600774,3.32203514891877
27090.00001,0.413875220674412,3.32203514891877
27100.000006,0.414027998582504,3.32203514891877
27110.0000063333,0.414180776492562,3.32203514891877
27120.000006,0.414333554309882,3.32203514891877
27130.0000063333,0.414486332287613,3.32203514891877
27140.0000103333,0.414639110252739,3.32203514891877
27150.000006,0.414791888087936,3.32203514891877
27160.0000063333,0.414944666072583,3.32203514891877
27170.000009,0.415097444066925,3.32222602659913
27180.000012,0.415250222011636,3.32222602659913
27190.000006,0.415402999887589,3.32222602659913
27200.0000066666,0.415555777692633,3.32222602659913
27210.000006,0.415708555669201,3.32222602659913
27220.0000173333,0.415861333828939,3.32222602659913
27230.0000066666,0.416014111594091,3.32222602659913
27240.000375,0.416166895151166,3.32222602659913
27250.00047,0.416319674412314,3.32222602659913
27260.000009,0.416472445338399,3.32222602659913
27270.000006,0.416625223182905,3.32222602659913
27280.000006,0.416778001083821,3.32222602659913
27290.0000063333,0.416930778950579,3.32222602659913
27300.0000263333,0.417083557082139,3.32222602659913
27310.0000056666,0.417236334653204,3.32222602659913
27320.000006,0.41738911259824,3.32222602659913
27330.000006,0.417541890497185,3.32222602659913
27340.000006,0.417694668336292,3.32222602659913
27350.0000063333,0.417847446309111,3.32222602659913
27360.000006,0.418000224262982,3.32222602659913
27370.0000063333,0.418153002174524,3.32222602659913
27380.0000056666,0.418305780086559,3.32222602659913
27390.000006,0.418458557972279,3.32222602659913
27400.0000063333,0.418611335923913,3.32222602659913
27410.0000063333,0.418764113836929,3.32222602659913
27420.0000063333,0.418916891767584,3.32222602659913
27430.0000063333,0.41906966972121,3.32222602659913
27440.000006,0.41922244759821,3.32241690427948
27450.0000083333,0.419375225561408,3.32222602659913
27460.00001,0.419528003506223,3.32241690427948
27470.0000063333,0.419680781365707,3.32241690427948
27480.0001256666,0.41983356105232,3.32241690427948
27490.00001,0.419986337210496,3.32222602659913
27500.000006,0.420139115077355,3.32241690427948
27510.0000116667,0.420291892920816,3.32241690427948
27520.000472,0.420444677778353,3.32241690427948
27530.000006,0.420597448485395,3.32241690427948
27540.000006,0.420750226509858,3.32241690427948
27550.000006,0.420903004446994,3.32241690427948
27560.0000063333,0.421055782396656,3.32241690427948
27570.000012,0.42120856040539,3.32241690427948
27580.00045,0.421361344889643,3.32241690427948
27590.000006,0.421514116088059,3.32241690427948
27600.000006,0.421666894084443,3.32241690427948
27610.000009,0.421819671940114,3.32241690427948
27620.0000056666,0.421972449778946,3.32241690427948
27630.0000116666,0.422125227845504,3.32241690427948
27640.0000063333,0.422278005623187,3.32241690427948
27650.000006,0.42243078350565,3.32241690427948
27660.0000063333,0.422583561400192,3.32241690427948
27670.000007,0.422736339319533,3.32241690427948
27680.000006,0.422889117197086,3.32241690427948
27690.0000063333,0.423041895036498,3.32241690427948
27700.000006,0.423194673026923,3.32241690427948
27710.000006,0.423347450852267,3.32241690427948
27720.0000083333,0.423500228772776,3.32241690427948
27730.000006,0.423653006646606,3.32241690427948
27740.0000116666,0.423805784642721,3.32241690427948
27750.0000086666,0.423958562596565,3.32241690427948
27760.0000086666,0.424111340506716,3.32241690427948
27770.000012,0.424264118513838,3.32241690427948
27780.0000106666,0.424416896363841,3.32241690427948
27790.000006,0.42456967416806,3.32241690427948
27800.000006,0.424722452041181,3.32241690427948
27810.0000066666,0.42487522994872,3.32241690427948
27820.0000123333,0.425028007910167,3.32241690427948
27830.0004916666,0.425180793095414,3.32241690427948
27840.000006,0.425333563581969,3.32241690427948
27850.0000093333,0.425486341467967,3.32241690427948
27860.0001696666,0.425639121657876,3.32241690427948
27870.0000073333,0.425791897037274,3.32241690427948
27880.000006,0.42594467488396,3.32241690427948
27890.0000106666,0.426097452821604,3.32260778195984
27900.000006,0.426250230533191,3.32241690427948
27910.0000066666,0.426403008353881,3.32241690427948
27920.0003176666,0.4265557911113,3.32241690427948
27930.000006,0.426708564225714,3.32241690427948
27940.000006,0.426861342034758,3.32241690427948
27950.000012,0.427014119994747,3.32241690427948
27960.000006,0.427166897745198,3.32241690427948
27970.0000063333,0.427319675558762,3.32241690427948
27980.000006,0.427472453406221,3.32241690427948
27990.000006,0.427625231221858,3.32260778195984
28000.000008,0.427778009088284,3.32260778195984
28010.000006,0.427930786898008,3.32260778195984
28020.000007,0.428083564676847,3.32260778195984
28030.000006,0.42823634250883,3.32260778195984
28040.0000056666,0.428389120428097,3.32260778195984
28050.000006,0.428541898315041,3.32260778195984
28060.000006,0.42869467623318,3.32260778195984
28070.0000103333,0.428847454143399,3.32260778195984
28080.000006,0.429000231926482,3.32260778195984
28090.000006,0.429153009706439,3.32260778195984
28100.0000063333,0.429305787571322,3.32260778195984
28110.000006,0.429458565433877,3.32260778195984
28120.000006,0.429611343241259,3.32260778195984
28130.0000076667,0.429764121066649,3.32260778195984
28140.0000056666,0.429916898990753,3.32260778195984
28150.000006,0.430069676923196,3.32260778195984
28160.000006,0.430222454754601,3.32260778195984
28170.000011,0.430375232841397,3.32260778195984
28180.0000063333,0.43052801080041,3.32260778195984
28190.000006,0.430680788688818,3.32260778195984
28200.000006,0.43083356658603,3.32260778195984
28210.0000093333,0.430986344572128,3.32260778195984
28220.000006,0.431139122453812,3.32260778195984
28230.0000103333,0.431291900398782,3.32260778195984
28240.000011,0.431444678180949,3.32260778195984
28250.000006,0.431597456065887,3.32260778195984
28260.0005026666,0.431750241593813,3.32260778195984
28270.0000066666,0.431903011945693,3.32260778195984
28280.000006,0.432055789842978,3.32260778195984
28290.0000093333,0.43220856780251,3.32260778195984
28300.000007,0.432361345702855,3.32260778195984
28310.000006,0.432514123608117,3.32260778195984
28320.0000056666,0.432666901436361,3.32260778195984
28330.0000056666,0.432819679395715,3.32260778195984
28340.000006,0.432972457350222,3.32260778195984
28350.0000063333,0.433125235243376,3.3227986596402
28360.0000086666,0.433278013165275,3.3227986596402
28370.0000123333,0.433430791139356,3.3227986596402
28380.000006,0.433583568978976,3.3227986596402
28390.0001713333,0.433736349360546,3.3227986596402
28400.0000086666,0.433889124835653,3.3227986596402
28410.000006,0.434041902628157,3.3227986596402
28420.000009,0.434194680607908,3.3227986596402
28430.0000066666,0.434347458471974,3.3227986596402
28440.0000116666,0.434500236596811,3.3227986596402
28450.0000106666,0.434653014521195,3.3227986596402
28460.0000073333,0.434805792401098,3.3227986596402
28470.000006,0.43495857022156,3.3227986596402
28480.0000056666,0.435111348086445,3.3227986596402
28490.000006,0.435264125933968,3.3227986596402
28500.000006,0.435416903856995,3.3227986596402
28510.000006,0.435569681729439,3.3227986596402
28520.0000096666,0.435722459734668,3.3227986596402
28530.000006,0.435875237533288,3.3227986596402
28540.000006,0.436028015535837,3.3227986596402
28550.0000113333,0.436180793441202,3.3227986596402
28560.0000063333,0.436333571324247,3.3227986596402
28570.0000103333,0.436486349283343,3.3227986596402
28580.0000063333,0.436639127122091,3.3227986596402
28590.000006,0.436791904953903,3.3227986596402
28600.000292,0.436944687306494,3.3227986596402
28610.0002496666,0.437097464537766,3.3227986596402
28620.0000106666,0.437250238771386,3.3227986596402
28630.000006,0.437403016595437,3.3227986596402
28640.000006,0.437555794455285,3.3227986596402
28650.000006,0.437708572357131,3.3227986596402
28660.0000073333,0.437861350270391,3.3227986596402
28670.0000116666,0.438014128201068,3.3227986596402
28680.0000086666,0.438166905940741,3.3227986596402
28690.000006,0.438319683779341,3.3227986596402
28700.000006,0.43847246164887,3.3227986596402
28710.0003673333,0.438625245110279,3.3227986596402
28720.00001,0.438778017381133,3.3227986596402
28730.0000093333,0.438930795387794,3.3227986596402
28740.0000506666,0.439083573936507,3.3227986596402
28750.000118,0.43923635289149,3.3227986596402
28760.000006,0.439389129033399,3.3227986596402
28770.000009,0.439541906918823,3.32298953732055
28780.000006,0.439694684806153,3.3227986596402
28790.000208,0.439847465791209,3.3227986596402
28800.0003826666,0.440000246279148,3.3227986596402
28810.000006,0.440153018391427,3.3227986596402
28820.000006,0.44030579629967,3.32298953732055
28830.0000096667,0.440458574205956,3.3227986596402
28840.0000056666,0.44061135196366,3.3227986596402
28850.000006,0.440764129819388,3.32298953732055
28860.0000123333,0.440916907731659,3.32298953732055
28870.000006,0.4410696854087,3.32298953732055
28880.000006,0.441222463281501,3.3227986596402
28890.000006,0.441375241031537,3.32298953732055
28900.0000096666,0.441528018834825,3.32298953732055
28910.000009,0.441680796611389,3.32298953732055
28920.000008,0.441833574525656,3.32298953732055
28930.0000096666,0.441986352341321,3.32298953732055
28940.0000093333,0.44213913011391,3.32298953732055
28950.0000063333,0.442291907949841,3.32298953732055
28960.000006,0.442444685734009,3.32298953732055
28970.000006,0.442597463751404,3.32298953732055
28980.000006,0.442750241656689,3.32298953732055
28990.000006,0.442903019572579,3.32298953732055
29000.0000196666,0.443055797616449,3.32298953732055
29010.000006,0.443208575238453,3.32298953732055
29020.000006,0.44336135313114,3.32298953732055
29030.000006,0.443514130895683,3.32298953732055
29040.000008,0.443666908844586,3.32318041500091
29050.0000116666,0.44381968675742,3.32298953732055
29060.0000103333,0.443972464680113,3.32298953732055
29070.0000056666,0.444125242499707,3.32298953732055
29080.000006,0.444278020306154,3.32298953732055
29090.0000663333,0.444430799146988,3.32318041500091
29100.000006,0.444583576108456,3.32298953732055
29110.000006,0.444736353847419,3.32298953732055
29120.0000073333,0.444889131662914,3.32298953732055
29130.0000056666,0.44504190954055,3.32298953732055
29140.0000066666,0.445194687452507,3.32318041500091
29150.0000086666,0.445347465336777,3.32298953732055
29160.0000056666,0.445500243160468,3.32298953732055
29170.0000089999,0.445653021051628,3.32298953732055
29180.0000123333,0.445805799000943,3.32298953732055
29190.0000116666,0.445958576883337,3.32318041500091
29200.000006,0.446111354748128,3.32318041500091
29210.000006,0.446264132638524,3.32318041500091
29220.0000126666,0.446416910622501,3.32318041500091
29230.000013,0.446569688462191,3.32318041500091
29240.0000066666,0.446722466220255,3.32318041500091
29250.000006,0.446875243992808,3.32318041500091
29260.0000086666,0.447028021772869,3.32318041500091
29270.000006,0.447180799720488,3.32318041500091
29280.000006,0.447333577580464,3.32318041500091
29290.0000073333,0.447486355538462,3.32318041500091
29300.000006,0.447639133434509,3.32318041500091
29310.000006,0.447791911323115,3.32318041500091
29320.0003103333,0.447944693787081,3.32318041500091
29330.0000063333,0.448097467089017,3.32318041500091
29340.0000123333,0.448250245024121,3.32318041500091
29350.0000096666,0.448403022838259,3.32318041500091
29360.000006,0.448555800669552,3.32318041500091
29370.0003346666,0.448708583511153,3.32318041500091
29380.0001913333,0.448861359167288,3.32318041500091
29390.000006,0.449014134180834,3.32318041500091
29400.000006,0.449166912068057,3.32318041500091
29410.000006,0.449319689940436,3.32318041500091
29420.000006,0.449472467846054,3.32318041500091
29430.0000063333,0.449625245624553,3.32318041500091
29440.0000066666,0.44977802364532,3.32318041500091
29450.000006,0.449930801536321,3.32318041500091
29460.000006,0.450083579414523,3.32318041500091
29470.0000056666,0.450236357310343,3.32318041500091
29480.000006,0.450389135173201,3.32318041500091
29490.000006,0.450541912940258,3.32318041500091
29500.000006,0.450694690941461,3.32318041500091
29510.0003603333,0.450847474254163,3.32318041500091
29520.000009,0.451000246766147,3.32318041500091
29530.000006,0.451153024591284,3.32318041500091
29540.000006,0.451305802508375,3.32318041500091
29550.0002466666,0.451458584127467,3.32318041500091
29560.000006,0.451611358334328,3.32318041500091
29570.000312,0.451764140861836,3.32318041500091
29580.000006,0.451916914035907,3.32318041500091
29590.0000063333,0.452069691949106,3.32318041500091
29600.000008,0.452222469861474,3.32318041500091
29610.000006,0.452375247773169,3.32318041500091
29620.0000066666,0.452528025641756,3.32337129268126
29630.000006,0.452680803379901,3.32318041500091
29640.0000066666,0.452833581270121,3.32318041500091
29650.000012,0.452986359173083,3.32318041500091
29660.0000093333,0.453139136862917,3.32337129268126
29670.0000056666,0.453291914627596,3.32318041500091
29680.0000056666,0.453444692440107,3.32337129268126
29690.000006,0.453597470235207,3.32318041500091
29700.000006,0.453750248118456,3.32318041500091
29710.0000063333,0.453903025950917,3.32318041500091
29720.0003776666,0.454055809454461,3.32337129268126
29730.000012,0.454208581687993,3.32318041500091
29740.000006,0.454361359323928,3.32337129268126
29750.000012,0.454514137210054,3.32337129268126
29760.0000073333,0.454666914958043,3.32337129268126
29770.000006,0.45481969272438,3.32337129268126
29780.0000076666,0.454972470540889,3.32337129268126
29790.000006,0.455125248201127,3.32337129268126
29800.000006,0.455278025910162,3.32337129268126
29810.0001083333,0.455430805211492,3.32337129268126
29820.000006,0.455583581410786,3.32337129268126
29830.0000116666,0.455736359263112,3.32337129268126
29840.0000123333,0.455889137104297,3.32337129268126
29850.0000063333,0.456041914844425,3.32337129268126
29860.0000113333,0.456194692769768,3.32337129268126
29870.0000106666,0.456347470552133,3.32337129268126
29880.0003746666,0.456500253896696,3.32337129268126
29890.000008,0.456653026205011,3.32337129268126
29900.000008,0.456805803979991,3.32337129268126
29910.000006,0.456958581819451,3.32337129268126
29920.000006,0.457111359735622,3.32337129268126
29930.000006,0.457264137599758,3.32337129268126
29940.000006,0.457416915370167,3.32337129268126
29950.000006,0.457569693204937,3.32337129268126
29960.000006,0.457722470994194,3.32356217036162
29970.000006,0.457875248821315,3.32337129268126
29980.0000056666,0.458028026601275,3.32337129268126
29990.000006,0.45818080440253,3.32337129268126
30000.000006,0.45833358224981,3.32337129268126
30010.0000103333,0.458486360106841,3.32356217036162
30020.0000066666,0.458639137893127,3.32356217036162
30030.000485,0.458791923151706,3.32356217036162
30040.000006,0.458944693734555,3.32337129268126
30050.000011,0.459097471672887,3.32337129268126
30060.0000056666,0.459250249637981,3.32337129268126
30070.000006,0.459403027505573,3.32337129268126
30080.000006,0.45955580542013,3.32356217036162
30090.0002483333,0.459708587012693,3.32356217036162
30100.000006,0.459861361299982,3.32356217036162
30110.0000056666,0.460014139169967,3.32356217036162
30120.000006,0.460166917086465,3.32356217036162
30130.000006,0.460319695007388,3.32356217036162
30140.0000266666,0.460472473242758,3.32356217036162
30150.0000063333,0.460625250809413,3.32356217036162
30160.0000573333,0.460778029388883,3.32356217036162
30170.000006,0.460930806386806,3.32356217036162
30180.000012,0.461083584280519,3.32356217036162
30190.0001766666,0.461236364572956,3.32356217036162
30200.000006,0.461389139795634,3.32356217036162
30210.000006,0.461541917680296,3.32356217036162
30220.000007,0.461694695590119,3.32356217036162
30230.000006,0.461847473421689,3.32356217036162
30240.0000123333,0.462000251321129,3.32356217036162
30250.0000106666,0.462153029089756,3.32356217036162
30260.0000116666,0.462305806894139,3.32356217036162
30270.0000113333,0.462458584665554,3.32356217036162
30280.000006,0.462611362431154,3.32356217036162
30290.000006,0.462764140233238,3.32356217036162
30300.000006,0.462916918102793,3.32356217036162
30310.000006,0.46306969589694,3.32356217036162
30320.000006,0.463222473760691,3.32356217036162
30330.0000066666,0.463375251582812,3.32356217036162
30340.000072,0.463528030451319,3.32356217036162
30350.0002283333,0.463680810683819,3.32356217036162
30360.0000063333,0.463833585234088,3.32356217036162
30370.00001,0.463986363157517,3.32356217036162
30380.0000123333,0.464139141097836,3.32356217036162
30390.000006,0.464291918838652,3.32356217036162
30400.0003173333,0.464444701464553,3.32356217036162
30410.000331,0.464597479478137,3.32356217036162
30420.000006,0.464750252275577,3.32356217036162
30430.000006,0.464903030052158,3.32356217036162
30440.000012,0.465055807902931,3.32356217036162
30450.000009,0.465208585604666,3.32356217036162
30460.000012,0.465361363448829,3.32356217036162
30470.000006,0.465514141106423,3.32356217036162
30480.000006,0.465666918872441,3.32356217036162
30490.0000093333,0.465819696789657,3.32356217036162
30500.0000093333,0.465972474689807,3.32356217036162
30510.0000103333,0.466125252531157,3.32356217036162
30520.0003126666,0.466278034965483,3.32356217036162
30530.000006,0.466430808170932,3.32356217036162
30540.0000056667,0.466583586053932,3.32356217036162
30550.0000056666,0.466736363927197,3.32356217036162
30560.0000113333,0.46688914192317,3.32356217036162
30570.000006,0.4670419195863,3.32356217036162
30580.0000063333,0.467194697385342,3.32356217036162
30590.000006,0.467347475160186,3.32356217036162
30600.0000113333,0.467500253066254,3.32356217036162
30610.000009,0.467653030873902,3.32356217036162
30620.000006,0.467805808577625,3.32375304804198
30630.000006,0.467958586363967,3.32356217036162
30640.000006,0.468111364082512,3.32356217036162
30650.000012,0.468264141945112,3.32375304804198
30660.0000113333,0.468416919629171,3.32375304804198
30670.0000056666,0.468569697339131,3.32356217036162
30680.00001,0.468722475101925,3.32375304804198
30690.000006,0.468875252786952,3.32375304804198
30700.0000056666,0.469028030564616,3.32375304804198
30710.0001996666,0.46918081133354,3.32375304804198
30720.000009,0.469333586220638,3.32375304804198
30730.0004926666,0.469486371376802,3.32375304804198
30740.000006,0.469639141732314,3.32375304804198
30750.000009,0.46979191959743,3.32356217036162
30760.0000096666,0.469944697343996,3.32375304804198
30770.000006,0.470097475060299,3.32375304804198
30780.0000056666,0.470250252800067,3.32375304804198
30790.000006,0.470403030607782,3.32375304804198
30800.000006,0.4705558084239,3.32375304804198
30810.000006,0.470708586226306,3.32375304804198
30820.0003366666,0.470861369070356,3.32375304804198
30830.000006,0.471014141785267,3.32375304804198
30840.000006,0.471166919611874,3.32375304804198
30850.0000056666,0.471319697354483,3.32375304804198
30860.0001713333,0.471472477684297,3.32375304804198
30870.0002276666,0.471625256342888,3.32375304804198
30880.000147,0.471778032949162,3.32375304804198
30890.0000083333,0.471930808657098,3.32375304804198
30900.000006,0.472083586394152,3.32375304804198
30910.0001046666,0.472236365656186,3.32375304804198
30920.000006,0.472389141909685,3.32375304804198
30930.000006,0.472541919636485,3.32375304804198
30940.0000566666,0.472694698155308,3.32375304804198
30950.0000113333,0.472847475212441,3.32375304804198
30960.000006,0.473000252867508,3.32375304804198
30970.0000076666,0.473153030617294,3.32375304804198
30980.0000116666,0.473305808436787,3.32375304804198
30990.000006,0.473458586088347,3.32375304804198
31000.00023,0.473611367266899,3.32375304804198
31010.000006,0.473764141624571,3.32375304804198
31020.000006,0.473916919395077,3.32375304804198
31030.000006,0.47406969712437,3.32375304804198
31040.0000083333,0.474222474878226,3.32375304804198
31050.0000086667,0.47437525260452,3.32375304804198
31060.0000066666,0.47452803037408,3.32394392572233
31070.0000083333,0.474680808186126,3.32375304804198
31080.000006,0.474833585910251,3.32375304804198
31090.000012,0.474986363740378,3.32394392572233
31100.0000063333,0.475139141423524,3.32375304804198
31110.000006,0.475291919192066,3.32394392572233
31120.0000056666,0.475444696933151,3.32394392572233
31130.0000063333,0.475597474701003,3.32394392572233
31140.0003086666,0.475750257035516,3.32394392572233
31150.0000056666,0.475903030145898,3.32394392572233
31160.0003786666,0.476055813609937,3.32394392572233
31170.000008,0.476208585780332,3.32394392572233
31180.00001,0.476361363557557,3.32394392572233
31190.000006,0.476514141256299,3.32394392572233
31200.0003459999,0.47666692416402,3.32394392572233
31210.0000106667,0.476819696818304,3.32394392572233
31220.000006,0.476972474528519,3.32394392572233
31230.000007,0.477125252319058,3.32394392572233
31240.000006,0.477278030068385,3.32394392572233
31250.000006,0.477430807908459,3.32394392572233
31260.0000106666,0.477583585821749,3.32394392572233
31270.0000103333,0.477736363582663,3.32394392572233
31280.000006,0.477889141279643,3.32394392572233
31290.0003436666,0.478041924198608,3.32394392572233
31300.000006,0.478194696815339,3.32394392572233
31310.000006,0.47834747466842,3.32394392572233
31320.000011,0.478500252592447,3.32394392572233
31330.000006,0.478653030289482,3.32394392572233
31340.000011,0.478805808153293,3.32394392572233
31350.000006,0.478958585884475,3.32394392572233
31360.000006,0.47911136373553,3.32394392572233
31370.0000056666,0.479264141556304,3.32394392572233
31380.0000113333,0.479416919446703,3.32394392572233
31390.0000073333,0.479569697177192,3.32394392572233
31400.000347,0.479722480134492,3.32394392572233
31410.000006,0.479875252701573,3.32394392572233
31420.0000056666,0.480028030477925,3.32394392572233
31430.0000056666,0.480180808268529,3.32394392572233
31440.0000113333,0.480333586182296,3.32394392572233
31450.000006,0.480486363932421,3.32394392572233
31460.0002446666,0.48063914539491,3.32394392572233
31470.0000056666,0.480791919448552,3.32394392572233
31480.000006,0.480944697332872,3.32394392572233
31490.0000066666,0.481097475100628,3.32394392572233
31500.000068,0.481250253831121,3.32394392572233
31510.0000073333,0.48140303064658,3.32394392572233
31520.000006,0.48155580840513,3.32394392572233
31530.00001,0.481708586308358,3.32394392572233
31540.000006,0.481861364068517,3.32394392572233
31550.0000056666,0.482014141885822,3.32394392572233
31560.000006,0.482166919724802,3.32413480340269
31570.0000126666,0.482319697553353,3.32413480340269
31580.000012,0.482472475333033,3.32394392572233
31590.000006,0.482625252982642,3.32394392572233
31600.000006,0.482778030815567,3.32394392572233
31610.0000056666,0.482930808580369,3.32413480340269
31620.0000096667,0.483083586444422,3.32413480340269
31630.000006,0.483236364189217,3.32413480340269
31640.000006,0.483389142060307,3.32413480340269
31650.0000113333,0.483541919955308,3.32394392572233
31660.0003816666,0.483694703373749,3.32394392572233
31670.0000056666,0.483847475401917,3.32413480340269
31680.0000096666,0.484000253255551,3.32413480340269
31690.000006,0.484153030951405,3.32413480340269
31700.0000073333,0.484305808739746,3.32413480340269
31710.0001876666,0.484458589275804,3.32413480340269
31720.000006,0.484611364281262,3.32413480340269
31730.0004146666,0.484764148272982,3.32413480340269
31740.000007,0.484916919812515,3.32413480340269
31750.000006,0.485069697522604,3.32413480340269
31760.000006,0.485222475259972,3.32413480340269
31770.0000066666,0.485375253032842,3.32413480340269
31780.0000123333,0.485528030844415,3.32413480340269
31790.0000113333,0.485680808573033,3.32413480340269
31800.0000296666,0.485833586578004,3.32413480340269
31810.0000096666,0.48598636401236,3.32413480340269
31820.000006,0.486139141724833,3.32413480340269
31830.000438,0.486291926110404,3.32413480340269
31840.000006,0.486444697272689,3.32413480340269
31850.000006,0.486597475017179,3.32413480340269
31860.0001366666,0.486750254814325,3.32413480340269
31870.000013,0.486903030678031,3.32413480340269
31880.0002636666,0.487055812267881,3.32413480340269
31890.000006,0.487208586107128,3.32413480340269
31900.000006,0.487361363846647,3.32413480340269
31910.0000063333,0.487514141570213,3.32413480340269
31920.000006,0.487666919295384,3.32413480340269
31930.0000076666,0.487819697048176,3.32413480340269
31940.0000113333,0.487972474833527,3.32413480340269
31950.000284,0.488125256735378,3.32413480340269
31960.000006,0.488278030238686,3.32413480340269
31970.000006,0.488430808023892,3.32432568108305
31980.0000113333,0.488583585887615,3.32432568108305
31990.000006,0.488736363578831,3.32413480340269
32000.0002103333,0.488889144549779,3.32432568108305
32010.0000083333,0.489041919258299,3.32432568108305
32020.0000063333,0.489194697043181,3.32432568108305
32030.000007,0.489347474910116,3.32432568108305
32040.000006,0.489500252676412,3.32432568108305
32050.000006,0.489653030433072,3.32432568108305
32060.000006,0.489805808282033,3.32432568108305
32070.000006,0.489958586103984,3.32432568108305
32080.0000056666,0.49011136386985,3.32432568108305
32090.000006,0.4902641416596,3.32432568108305
32100.0002726666,0.490416923498089,3.32432568108305
32110.000006,0.490569697291546,3.32432568108305
32120.000006,0.490722475057319,3.32432568108305
32130.000006,0.490875252828233,3.32432568108305
32140.000006,0.4910280306067,3.32432568108305
32150.000006,0.491180808531194,3.32432568108305
32160.000006,0.491333586411964,3.32432568108305
32170.000006,0.491486364260361,3.32432568108305
32180.0000093333,0.491639142189008,3.32432568108305
32190.0000116667,0.491791920074895,3.32432568108305
32200.0004956666,0.491944705329207,3.32432568108305
32210.000006,0.492097475748485,3.32432568108305
32220.0004253333,0.492250260013383,3.32432568108305
32230.0000123333,0.492403031656043,3.32432568108305
32240.0001596666,0.492555811856114,3.32432568108305
32250.000006,0.492708587341869,3.32432568108305
32260.000006,0.492861365361482,3.32432568108305
32270.000006,0.493014143147932,3.32432568108305
32280.0000056666,0.493166920946776,3.32432568108305
32290.0000076666,0.493319698835909,3.32432568108305
32300.000012,0.493472476757852,3.32432568108305
32310.000006,0.493625254525389,3.32432568108305
32320.000006,0.493778032387412,3.32432568108305
32330.00001,0.493930810297346,3.32432568108305
32340.000006,0.494083588078249,3.32432568108305
32350.0001243333,0.494236367690351,3.32432568108305
32360.000006,0.494389143688803,3.32432568108305
32370.000006,0.494541921422483,3.32432568108305
32380.0000103333,0.494694699242495,3.3245165587634
32390.000119,0.494847478720254,3.32432568108305
32400.000006,0.495000254752908,3.32432568108305
32410.000006,0.495153032491498,3.3245165587634
32420.0002556666,0.495305814061418,3.32432568108305
32430.0002936667,0.495458592420083,3.32432568108305
32440.0000073333,0.495611365904377,3.32432568108305
32450.0000063333,0.495764143704262,3.3245165587634
32460.00001,0.495916921527829,3.32432568108305
32470.0000063333,0.496069699238196,3.3245165587634
32480.000006,0.496222476958111,3.32432568108305
32490.000006,0.496375254758368,3.3245165587634
32500.0000063333,0.496528032496547,3.3245165587634
32510.000006,0.496680810322863,3.3245165587634
32520.000006,0.496833588220884,3.3245165587634
32530.000006,0.496986366119875,3.3245165587634
32540.000006,0.497139144033642,3.3245165587634
32550.000011,0.497291921966129,3.3245165587634
32560.000006,0.497444699805853,3.3245165587634
32570.000006,0.497597477667467,3.3245165587634
32580.000006,0.497750255538483,3.3245165587634
32590.00039,0.497903039311491,3.3245165587634
32600.0002493333,0.498055814952722,3.3245165587634
32610.000006,0.498208588960386,3.3245165587634
32620.000012,0.498361366800668,3.3245165587634
32630.000006,0.498514144427549,3.3245165587634
32640.0000116667,0.498666922255375,3.3245165587634
32650.000006,0.498819699918203,3.3245165587634
32660.0000103333,0.498972477755832,3.3245165587634
32670.00001,0.49912525554513,3.3245165587634
32680.000028,0.499278033563785,3.3245165587634
32690.000006,0.499430811035154,3.3245165587634
32700.000007,0.499583588842974,3.3245165587634
32710.0000093333,0.499736366676088,3.3245165587634
32720.000006,0.49988914434539,3.3245165587634
32730.0000063333,0.500041922100945,3.3245165587634
32740.0000073333,0.500194699919178,3.3245165587634
32750.00001,0.500347477697012,3.3245165587634
32760.000006,0.500500255447782,3.3245165587634
32770.000006,0.500653033188791,3.3245165587634
32780.000006,0.500805810924281,3.32470743644376
32790.0000119999,0.500958588812186,3.3245165587634
32800.000006,0.501111366493858,3.32470743644376
32810.0000073333,0.501264144275528,3.3245165587634
32820.000006,0.501416922033896,3.3245165587634
32830.000006,0.501569699825427,3.32470743644376
32840.000006,0.501722477612346,3.32470743644376
32850.000006,0.501875255402122,3.32470743644376
32860.000006,0.50202803318163,3.32470743644376
32870.0000063333,0.502180811062701,3.32470743644376
32880.0000066666,0.502333588901202,3.32470743644376
32890.00001,0.502486366693364,3.32470743644376
32900.0002753333,0.502639148671233,3.32470743644376
32910.0000063333,0.502791922495648,3.32470743644376
32920.000006,0.502944700405794,3.32470743644376
32930.000011,0.50309747827756,3.32470743644376
32940.0000066666,0.503250256096582,3.32470743644376
32950.0000056666,0.503403033904616,3.32470743644376
32960.0000063333,0.503555811621502,3.32470743644376
32970.0000066666,0.503708589365153,3.32470743644376
32980.000011,0.503861367212412,3.32470743644376
32990.0000876666,0.504014146194296,3.32470743644376
33000.000243,0.504166926434502,3.32470743644376
33010.0000056666,0.504319700664521,3.32470743644376
33020.000006,0.504472478483324,3.32470743644376
33030.000006,0.504625256308933,3.32470743644376
33040.000008,0.504778034137359,3.32470743644376
33050.000007,0.504930811875058,3.32470743644376
33060.000006,0.505083589631007,3.32470743644376
33070.0000083333,0.505236367450568,3.32470743644376
33080.0000073333,0.50538914519391,3.32470743644376
33090.0000066666,0.50554192294356,3.32470743644376
33100.0003243333,0.50569470556818,3.32470743644376
33110.000042,0.50584747900826,3.32470743644376
33120.0000056666,0.506000256218168,3.32470743644376
33130.000006,0.506153033960745,3.32470743644376
33140.000006,0.506305811696707,3.32470743644376
33150.000006,0.506458589454102,3.32470743644376
33160.000006,0.506611367214584,3.32470743644376
33170.0000113333,0.506764145080974,3.32470743644376
33180.0000066666,0.506916922814689,3.32470743644376
33190.0004506666,0.50706970739315,3.32470743644376
33200.0000113333,0.507222478553132,3.32470743644376
33210.000006,0.50737525634766,3.32470743644376
33220.0000073333,0.507528034149335,3.32470743644376
33230.000006,0.507680811890326,3.32470743644376
33240.000006,0.507833589648886,3.32470743644376
33250.0000076666,0.507986367414663,3.32470743644376
33260.000006,0.508139145198381,3.32470743644376
33270.000006,0.508291922954166,3.32470743644376
33280.000009,0.508444700785166,3.32470743644376
33290.000006,0.508597478507973,3.32489831412411
33300.000006,0.508750256297836,3.32470743644376
33310.0000073333,0.508903034071425,3.32470743644376
33320.0000066667,0.509055811924172,3.32470743644376
33330.0000073333,0.509208589734269,3.32470743644376
33340.0002653333,0.509361371362618,3.32470743644376
33350.0002576666,0.509514148999927,3.32489831412411
33360.0000063333,0.509666923007138,3.32489831412411
33370.00001,0.509819700967546,3.32489831412411
33380.000006,0.509972478732721,3.32489831412411
33390.000006,0.510125256542528,3.32489831412411
33400.000006,0.510278034322416,3.32489831412411
33410.000006,0.51043081210799,3.32489831412411
33420.0004,0.510583595874865,3.32489831412411
33430.000006,0.510736367571346,3.32489831412411
33440.0000073333,0.510889145392302,3.32489831412411
33450.0000096666,0.511041923168397,3.32489831412411
33460.0001823333,0.511194703665317,3.32489831412411
33470.000006,0.511347478735404,3.32489831412411
33480.000006,0.511500256457556,3.32489831412411
33490.0000063333,0.511653034186177,3.32489831412411
33500.000006,0.511805811929487,3.32489831412411
33510.000011,0.511958589805563,3.32489831412411
33520.0000063333,0.51211136748996,3.32489831412411
33530.0000113333,0.512264145420562,3.32489831412411
33540.0000103333,0.512416923291652,3.32489831412411
33550.0000056666,0.512569701115545,3.32489831412411
33560.000006,0.512722479005053,3.32489831412411
33570.0000059999,0.512875256848665,3.32489831412411
33580.0000063333,0.513028034747183,3.32489831412411
33590.0000056666,0.513180812685442,3.32489831412411
33600.000006,0.513333590675211,3.32489831412411
33610.000006,0.513486368574042,3.32489831412411
33620.0003963333,0.513639152463037,3.32508919180447
33630.000006,0.51379192435665,3.32489831412411
33640.000012,0.513944702401385,3.32489831412411
33650.0003736666,0.514097485800261,3.32508919180447
33660.000006,0.514250258198588,3.32489831412411
33670.000006,0.51440303608262,3.32508919180447
33680.0000056666,0.514555813902955,3.32489831412411
33690.0000063333,0.514708591856303,3.32489831412411
33700.000006,0.514861369736198,3.32508919180447
33710.0000123333,0.515014147715123,3.32489831412411
33720.0003286666,0.515166930398265,3.32508919180447
33730.0003073333,0.515319707904467,3.32508919180447
33740.0001263333,0.515472482910632,3.32508919180447
33750.000006,0.515625258887714,3.32508919180447
33760.0000063333,0.51577803672993,3.32508919180447
33770.0000093333,0.515930814605737,3.32508919180447
33780.000006,0.516083592373096,3.32508919180447
33790.000009,0.516236370370478,3.32508919180447
33800.0000093333,0.516389148341669,3.32508919180447
33810.000006,0.516541926139403,3.32508919180447
33820.000006,0.516694704050957,3.32508919180447
33830.0000063333,0.516847481934326,3.32508919180447
33840.000006,0.517000259846508,3.32508919180447
33850.000006,0.517153037843547,3.32508919180447
33860.000006,0.517305815768311,3.32508919180447
33870.0000093333,0.517458593777046,3.32508919180447
33880.000006,0.517611371625661,3.32508919180447
33890.000006,0.517764149466045,3.32508919180447
33900.0000073333,0.517916927476027,3.32508919180447
33910.000006,0.518069705338796,3.32508919180447
33920.000006,0.518222483245401,3.32508919180447
33930.000006,0.518375261093641,3.32508919180447
33940.0000066666,0.518528039100779,3.32508919180447
33950.0000103333,0.518680817055318,3.32508919180447
33960.000006,0.518833594928805,3.32508919180447
33970.000006,0.51898637278317,3.32508919180447
33980.0000066666,0.519139150721082,3.32508919180447
33990.000006,0.519291928549744,3.32508919180447
34000.0000073333,0.519444706402613,3.32508919180447
34010.000006,0.519597484156026,3.32508919180447
34020.0000063333,0.519750261928613,3.32508919180447
34030.0000076667,0.519903039745408,3.32508919180447
34040.000009,0.520055817570405,3.32508919180447
34050.000006,0.520208595365159,3.32508919180447
34060.0000066666,0.520361373195313,3.32508919180447
34070.000007,0.520514151139656,3.32508919180447
34080.000008,0.520666929014258,3.32508919180447
34090.000006,0.520819706808663,3.32508919180447
34100.000006,0.52097248478661,3.32508919180447
34110.0000113333,0.521125262633474,3.32508919180447
34120.0000283333,0.521278040937966,3.32508919180447
34130.000007,0.521430818488889,3.32508919180447
34140.000006,0.521583596337914,3.32508919180447
34150.0003683333,0.521736379723433,3.32508919180447
34160.000006,0.521889152030051,3.32508919180447
34170.000006,0.52204192985799,3.32508919180447
34180.000006,0.522194707600101,3.32508919180447
34190.000006,0.522347485351881,3.32508919180447
34200.0000106666,0.522500263192467,3.32508919180447
34210.000006,0.522653040895045,3.32508919180447
34220.0000056666,0.522805818695292,3.32508919180447
34230.0000063333,0.522958596499649,3.32508919180447
34240.000006,0.523111374315635,3.32508919180447
34250.0000086666,0.523264152168425,3.32508919180447
34260.0000059998,0.52341692996032,3.32508919180447
34270.0000059999,0.523569707754943,3.32508919180447
34280.000006,0.523722485535663,3.32508919180447
34290.0000106667,0.523875263372162,3.32508919180447
34300.000009,0.524028041172537,3.32508919180447
34310.0000059999,0.524180818907623,3.32508919180447
34320.0000059999,0.524333596663168,3.32508919180447
34330.0000086665,0.524486374460349,3.32528006948483
34340.0000060001,0.524639152304484,3.32528006948483
34350.0000059998,0.524791930005416,3.32528006948483
34360.0000059999,0.524944707798143,3.32528006948483
34370.000006,0.525097485601512,3.32528006948483
34380.0000060001,0.525250263409484,3.32528006948483
34390.000103,0.525403042654569,3.32528006948483
34400.0000063332,0.525555818947683,3.32528006948483
34410.0004046665,0.52570860281296,3.32528006948483
34420.000006,0.525861374616166,3.32528006948483
34430.0000060001,0.526014152532105,3.32528006948483
34440.0000066665,0.5261669303979,3.32528006948483
34450.0000059999,0.526319708167156,3.32528006948483
34460.0000093332,0.526472486066257,3.32528006948483
34470.0000060001,0.526625263847518,3.32528006948483
34480.0000076666,0.5267780416778,3.32528006948483
34490.0000059999,0.526930819572445,3.32528006948483
34500.0000059999,0.527083597406762,3.32528006948483
34510.000006,0.52723637521802,3.32528006948483
34520.0000056667,0.527389153067379,3.32528006948483
34530.0001653333,0.5275419333355,3.32528006948483
34540.0000056665,0.527694708767568,3.32528006948483
34550.000006,0.527847486545231,3.32528006948483
34560.0000060001,0.528000264312159,3.32528006948483
34570.0000060001,0.528153042142133,3.32528006948483
34580.0000066666,0.528305819986818,3.32528006948483
34590.0000066667,0.528458597756749,3.32528006948483
34600.000006,0.528611375545277,3.32528006948483
34610.0000096667,0.528764153452234,3.32528006948483
34620.0004960001,0.528916938766169,3.32528006948483
34630.0000059999,0.52906970907118,3.32547094716518
34640.0000116667,0.529222487060271,3.32528006948483
34650.0000060001,0.52937526483245,3.32528006948483
34660.0000060001,0.529528042685461,3.32528006948483
34670.0000059999,0.529680820606986,3.32547094716518
34680.0000059999,0.529833598409335,3.32547094716518
34690.0000113334,0.529986376237689,3.32547094716518
34700.0000096667,0.530139154024409,3.32547094716518
34710.0000059998,0.530291931738695,3.32547094716518
34720.0000063333,0.530444709597186,3.32547094716518
34730.0000063333,0.530597487456076,3.32547094716518
34740.0003966667,0.530750271319949,3.32547094716518
34750.0000060001,0.530903043209635,3.32547094716518
34760.0000116666,0.531055821089323,3.32547094716518
34770.0003133334,0.531208603479191,3.32547094716518
34780.000006,0.531361376586204,3.32547094716518
34790.0000060001,0.5315141544458,3.32547094716518
34800.0000059998,0.53166693227224,3.32547094716518
34810.0000059999,0.531819710239667,3.32547094716518
34820.000006,0.531972488078474,3.32547094716518
34830.0000079999,0.532125266184183,3.32547094716518
34840.0000060001,0.532278043998603,3.32547094716518
34850.0000059999,0.532430821948314,3.32547094716518
34860.0000059999,0.532583599832324,3.32547094716518
34870.0000056667,0.532736377646574,3.32547094716518
34880.0000060001,0.532889155561281,3.32547094716518
34890.0000059998,0.533041933343585,3.32547094716518
34900.0000059999,0.53319471135258,3.32547094716518
34910.000006,0.533347489311048,3.32547094716518
34920.0000060001,0.533500267240182,3.32547094716518
34930.0001739999,0.533653047622096,3.32547094716518
34940.0000059999,0.533805823077762,3.32547094716518
34950.0000059999,0.533958600967381,3.32547094716518
34960.0002923332,0.534111383226071,3.32547094716518
34970.0000093333,0.534264156771565,3.32547094716518
34980.0000123333,0.53441693483469,3.32547094716518
34990.0000059999,0.534569712553184,3.32547094716518
35000.000006,0.534722490281731,3.32547094716518
35010.00001,0.534875268248447,3.32547094716518
35020.0000060001,0.535028046053268,3.32547094716518
35030.0000123333,0.535180824019476,3.32547094716518
35040.0000066667,0.53533360178292,3.32547094716518
35050.000006,0.535486379605555,3.32547094716518
35060.0000056667,0.535639157477264,3.32547094716518
35070.0000059998,0.535791935352083,3.32547094716518
35080.0000059999,0.535944713208645,3.32547094716518
35090.0003003335,0.536097495515869,3.32547094716518
35100.0000119998,0.53625026889886,3.32547094716518
35110.0000060001,0.536403046576104,3.32547094716518
35120.0000116666,0.536555824446384,3.32566182484554
35130.0000063333,0.536708602125404,3.32547094716518
35140.0004210001,0.536861386254259,3.32547094716518
35150.0000060001,0.537014157717445,3.32547094716518
35160.0000056665,0.537166935409484,3.32566182484554
35170.0000059999,0.537319713212858,3.32566182484554
35180.0000099999,0.53747249103426,3.32547094716518
35190.0000060001,0.537625268770723,3.32566182484554
35200.00049,0.537778054117698,3.32547094716518
35210.0000059999,0.537930824539447,3.32566182484554
35220.0000059999,0.538083602300622,3.32566182484554
35230.000006,0.538236380043752,3.32566182484554
35240.0000116665,0.538389157887644,3.32566182484554
35250.0000103331,0.538541935726726,3.32566182484554
35260.0000086668,0.538694713559053,3.32566182484554
35270.0000073334,0.53884749135,3.32566182484554
35280.0000060001,0.539000269271037,3.32566182484554
35290.0004029999,0.539153053206902,3.32566182484554
35300.0000066666,0.539305825028843,3.32566182484554
35310.0000086665,0.539458602844231,3.32566182484554
35320.0000056667,0.539611380817141,3.32566182484554
35330.0000060001,0.539764158750424,3.32566182484554
35340.0000059998,0.539916936528876,3.32566182484554
35350.0000059999,0.540069714463773,3.32566182484554
35360.0000086665,0.540222492403711,3.32566182484554
35370.0000106667,0.54037527029929,3.32566182484554
35380.0000119999,0.540528048367664,3.32566182484554
35390.0000059999,0.540680826168777,3.32566182484554
35400.0000059999,0.540833604053029,3.32566182484554
35410.000006,0.540986381937578,3.32566182484554
35420.0000110001,0.541139159806069,3.32566182484554
35430.0000059998,0.541291937726339,3.32566182484554
35440.0000059999,0.54144471563841,3.32566182484554
35450.000006,0.541597493503336,3.32566182484554
35460.0000113335,0.541750271374106,3.32566182484554
35470.0000083333,0.541903049117471,3.32566182484554
35480.0000063332,0.542055826823836,3.32566182484554
35490.0000076667,0.542208604581744,3.32585270252589
35500.0000083332,0.542361382381119,3.32566182484554
35510.0000060001,0.542514160214177,3.32566182484554
35520.0000063332,0.542666938006318,3.32566182484554
35530.0000059999,0.542819715807873,3.32566182484554
35540.000006,0.542972493688177,3.32566182484554
35550.0000070001,0.54312527141224,3.32566182484554
35560.0000066665,0.543278049398792,3.32585270252589
35570.0000059999,0.54343082715393,3.32585270252589
35580.0000093332,0.543583605206973,3.32585270252589
35590.000006,0.543736383054641,3.32585270252589
35600.0000056667,0.543889161053523,3.32585270252589
35610.0000059998,0.544041939001868,3.32585270252589
35620.0000113333,0.54419471698995,3.32585270252589
35630.0000083331,0.544347494807286,3.32585270252589
35640.0000060001,0.544500272674974,3.32585270252589
35650.0000066665,0.544653050554363,3.32585270252589
35660.0000059999,0.544805828343575,3.32585270252589
35670.0002439999,0.544958610002764,3.32585270252589
35680.000006,0.545111384295531,3.32585270252589
35690.0001659999,0.545264164646772,3.32585270252589
35700.0000059998,0.54541694010413,3.32585270252589
35710.0000109999,0.545569718086217,3.32585270252589
35720.000006,0.545722495802892,3.32585270252589
35730.0000060001,0.545875273852352,3.32585270252589
35740.0000060001,0.546028051681591,3.32585270252589
35750.0000113333,0.546180829698064,3.32585270252589
35760.0000059999,0.546333607611992,3.32585270252589
35770.000006,0.546486385456256,3.32585270252589
35780.0002903331,0.546639167692678,3.32585270252589
35790.0000059998,0.546791941279293,3.32585270252589
35800.0000059999,0.546944719158872,3.32585270252589
35810.0000116667,0.547097497174079,3.32585270252589
35820.0000060001,0.547250274965588,3.32585270252589
35830.0000083333,0.547403052843598,3.32585270252589
35840.0000106665,0.547555830806632,3.32585270252589
35850.0000093332,0.547708608683683,3.32585270252589
35860.000006,0.547861386528806,3.32585270252589
35870.0000106668,0.548014164451137,3.32585270252589
35880.0000059998,0.548166942284691,3.32585270252589
35890.0000096665,0.548319720263313,3.32604358020625
35900.000006,0.548472498046825,3.32585270252589
35910.0000060001,0.548625275969619,3.32585270252589
35920.0000060001,0.54877805381915,3.32585270252589
35930.0000450001,0.548930832342427,3.32585270252589
35940.0000059999,0.54908360962492,3.32604358020625
35950.000006,0.54923638748092,3.32585270252589
35960.0000093333,0.549389165375153,3.32585270252589
35970.0000059998,0.54954194321479,3.32585270252589
35980.0000059999,0.549694721098898,3.32585270252589
35990.000006,0.549847499014336,3.32585270252589
36000.0000060001,0.550000276932118,3.32585270252589
36010.0000060001,0.550153054809824,3.32604358020625
36020.0000059999,0.550305832749865,3.32585270252589
36030.0000059999,0.550458610583161,3.32604358020625
36040.000006,0.550611388518028,3.32585270252589
36050.0000073332,0.550764166501728,3.32604358020625
36060.0000059998,0.550916944443444,3.32604358020625
36070.0000059999,0.551069722379651,3.32585270252589
36080.000006,0.551222500244865,3.32585270252589
36090.0003670001,0.551375283711658,3.32604358020625
36100.0000060001,0.551528056079508,3.32604358020625
36110.0000116666,0.551680834165214,3.32604358020625
36120.0000086665,0.551833612031267,3.32604358020625
36130.00001,0.551986389843501,3.32604358020625
36140.0000086666,0.552139167791246,3.32604358020625
36150.0002819999,0.552291949821048,3.32604358020625
36160.0000063333,0.552444723472728,3.32604358020625
36170.000006,0.552597501248771,3.32604358020625
36180.0000066668,0.5527502790668,3.32604358020625
36190.0000060001,0.552903056864468,3.32604358020625
36200.0000066666,0.553055834725238,3.32604358020625
36210.0000126668,0.553208612633364,3.32604358020625
36220.000006,0.553361390358579,3.32604358020625
36230.0000060001,0.553514168222635,3.32604358020625
36240.0000109999,0.553666946105665,3.32604358020625
36250.0000063333,0.55381972388344,3.32604358020625
36260.0000070001,0.553972501738972,3.32604358020625
36270.0004096666,0.554125285661549,3.32604358020625
36280.0002563333,0.554278061194145,3.32604358020625
36290.0000059999,0.554430835276138,3.32604358020625
36300.0000073334,0.554583613200369,3.32604358020625
36310.0000093333,0.554736391074818,3.32623445788661
36320.0000060001,0.554889168865868,3.32604358020625
36330.0000059998,0.555041946732218,3.32604358020625
36340.0000059999,0.555194724589562,3.32623445788661
36350.000006,0.555347502485943,3.32604358020625
36360.00001,0.555500280294274,3.32623445788661
36370.0000083333,0.555653058133811,3.32623445788661
36380.000008,0.55580583591459,3.32604358020625
36390.0003753333,0.555958619310902,3.32623445788661
36400.0000056667,0.556111391425376,3.32623445788661
36410.0000060001,0.556264169181582,3.32623445788661
36420.0000093334,0.556416947011926,3.32623445788661
36430.0000086668,0.556569724882454,3.32623445788661
36440.0003829999,0.55672250844175,3.32623445788661
36450.0000060001,0.556875280540881,3.32623445788661
36460.0000060001,0.557028058388408,3.32623445788661
36470.0004543334,0.55718084309595,3.32623445788661
36480.0000089998,0.557333614171165,3.32623445788661
36490.0000056667,0.55748639197073,3.32623445788661
36500.0000076665,0.557639169795972,3.32623445788661
36510.0000059998,0.557791947558377,3.32623445788661
36520.0000056665,0.557944725377223,3.32623445788661
36530.000006,0.558097503188484,3.32623445788661
36540.0000136666,0.558250281031836,3.32623445788661
36550.0000103335,0.558403058762404,3.32623445788661
36560.0000096665,0.558555836547548,3.32623445788661
36570.0000120001,0.558708614419533,3.32623445788661
36580.000006,0.558861392190146,3.32623445788661
36590.0000060001,0.559014170091365,3.32623445788661
36600.0000093334,0.559166948020551,3.32623445788661
36610.0000059999,0.559319725769763,3.32623445788661
36620.0004776666,0.559472510855383,3.32623445788661
36630.0000089999,0.559625281484149,3.32623445788661
36640.0004763333,0.559778066436987,3.32623445788661
36650.0000106665,0.559930837112912,3.32623445788661
36660.0000059999,0.560083614875748,3.32623445788661
36670.000006,0.560236392674506,3.32623445788661
36680.0000060001,0.560389170483313,3.32623445788661
36690.0000059998,0.560541948233184,3.32623445788661
36700.0000059999,0.560694726024579,3.32623445788661
36710.0000086665,0.560847503873231,3.32623445788661
36720.0000060001,0.561000281625316,3.32623445788661
36730.0000060001,0.561153059524158,3.32623445788661
36740.0000090001,0.561305837409441,3.32623445788661
36750.0000059999,0.561458615182312,3.32623445788661
36760.0000056667,0.56161139293812,3.32623445788661
36770.0000060001,0.561764170763483,3.32623445788661
36780.0000059998,0.561916948596702,3.32623445788661
36790.0000059999,0.562069726464002,3.32623445788661
36800.0000070001,0.562222504326025,3.32623445788661
36810.0000063334,0.562375282144985,3.32623445788661
36820.0000060001,0.56252806004192,3.32623445788661
36830.0000113333,0.562680838029853,3.32642533556696
36840.0000113333,0.562833615874657,3.32623445788661
36850.000006,0.562986393647361,3.32642533556696
36860.0000060001,0.563139171599373,3.32623445788661
36870.0000059998,0.563291949543614,3.32623445788661
36880.0000076667,0.563444727425291,3.32642533556696
36890.0000063333,0.563597505246464,3.32642533556696
36900.0000086666,0.563750283152889,3.32642533556696
36910.0000060001,0.563903060982615,3.32642533556696
36920.0004813334,0.564055846125196,3.32642533556696
36930.0002683334,0.564208620606403,3.32642533556696
36940.000006,0.564361394637723,3.32623445788661
36950.0001203332,0.564514174173138,3.32642533556696
36960.0000059998,0.564666950331407,3.32642533556696
36970.0000059999,0.564819728280736,3.32642533556696
36980.0000063333,0.564972506281624,3.32642533556696
36990.0000070001,0.565125284237132,3.32642533556696
37000.0000060001,0.565278061910128,3.32642533556696
37010.000008,0.565430839756071,3.32642533556696
37020.0000056666,0.56558361753551,3.32642533556696
37030.0000656668,0.565736396376836,3.32642533556696
37040.0000116665,0.565889173471058,3.32642533556696
37050.0000086667,0.56604195136186,3.32642533556696
37060.000007,0.566194729122803,3.32642533556696
37070.000006,0.566347507175488,3.32642533556696
37080.0000106667,0.566500285167853,3.32642533556696
37090.0000060001,0.566653062966992,3.32661621324732
37100.0000113333,0.566805840877498,3.32642533556696
37110.0000086665,0.566958618669477,3.32642533556696
37120.0000070001,0.567111396604687,3.32642533556696
37130.000243,0.567264178173387,3.32642533556696
37140.0000083333,0.567416952456187,3.32642533556696
37150.0000059999,0.567569730265507,3.32642533556696
37160.0002096667,0.56772251139781,3.32642533556696
37170.0000060001,0.567875286141618,3.32642533556696
37180.0000060001,0.568028064048996,3.32642533556696
37190.0000083334,0.568180841937694,3.32642533556696
37200.0005036665,0.568333627347209,3.32661621324732
37210.0000106667,0.568486397701404,3.32642533556696
37220.0000060001,0.568639175496936,3.32661621324732
37230.0000059998,0.568791953318585,3.32661621324732
37240.0000056665,0.56894473109507,3.32642533556696
37250.0000116667,0.569097509036,3.32661621324732
37260.0000056667,0.569250286738736,3.32661621324732
37270.0000083333,0.569403064715824,3.32661621324732
37280.0002790001,0.569555846618506,3.32661621324732
37290.0001663331,0.569708622666194,3.32661621324732
37300.000006,0.569861397974222,3.32661621324732
37310.0000293331,0.570014176111415,3.32661621324732
37320.0000063332,0.570166953597797,3.32661621324732
37330.0000109999,0.570319731509129,3.32661621324732
37340.0000056666,0.570472509254891,3.32661621324732
37350.0000110001,0.570625287135534,3.32661621324732
37360.0000060001,0.570778064846585,3.32661621324732
37370.0000096665,0.570930842798019,3.32661621324732
37380.0000066667,0.571083620570279,3.32661621324732
37390.0000110001,0.571236398424736,3.32661621324732
37400.0000060001,0.57138917616389,3.32661621324732
37410.0000059998,0.571541953973355,3.32661621324732
37420.0000059999,0.571694731787921,3.32661621324732
37430.000006,0.571847509598405,3.32661621324732
37440.0000119998,0.572000287535953,3.32661621324732
37450.0000060001,0.572153065274551,3.32661621324732
37460.0000069999,0.572305843092793,3.32661621324732
37470.0000059999,0.572458621058227,3.32661621324732
37480.0000063334,0.572611399000819,3.32661621324732
37490.0000093333,0.572764176902692,3.32661621324732
37500.0001866665,0.572916957470441,3.32680709092768
37510.0000059999,0.573069732590829,3.32680709092768
37520.000006,0.57322251058622,3.32680709092768
37530.0000060001,0.573375288413337,3.32661621324732
37540.0000060001,0.573528066381914,3.32680709092768
37550.0000056665,0.573680844210372,3.32661621324732
37560.0000103333,0.573833622121094,3.32661621324732
37570.0000056667,0.573986399929932,3.32661621324732
37580.0000083333,0.574139177768263,3.32680709092768
37590.0000059998,0.574291955607643,3.32680709092768
37600.0000099999,0.574444733518419,3.32680709092768
37610.000006,0.574597511296609,3.32661621324732
37620.0000063334,0.574750289105096,3.32680709092768
37630.0000060001,0.574903067006658,3.32680709092768
37640.0000059999,0.575055844804675,3.32680709092768
37650.0000080001,0.575208622589618,3.32680709092768
37660.000006,0.575361400417804,3.32680709092768
37670.0003453332,0.575514183407258,3.32680709092768
37680.0000059998,0.575666956071396,3.32680709092768
37690.0000056665,0.575819733946383,3.32680709092768
37700.000006,0.575972511819783,3.32680709092768
37710.0000060001,0.576125289646274,3.32680709092768
37720.0000060001,0.576278067505254,3.32680709092768
37730.0000096665,0.576430845397471,3.32680709092768
37740.0000056666,0.576583623113489,3.32680709092768
37750.000006,0.576736400930165,3.32680709092768
37760.0000060001,0.576889178698578,3.32680709092768
37770.0000059998,0.577041956485022,3.32680709092768
37780.0000066666,0.577194734285448,3.32680709092768
37790.0000093332,0.577347512145678,3.32680709092768
37800.0000060001,0.577500289898777,3.32680709092768
37810.0000069999,0.577653067675651,3.32699796860803
37820.0000063332,0.577805845551646,3.32680709092768
37830.0000059999,0.577958623390697,3.32680709092768
37840.0000083332,0.5781114012875,3.32699796860803
37850.0002793333,0.578264183302776,3.32680709092768
37860.0000059998,0.578416956982595,3.32680709092768
37870.0000059999,0.578569734925568,3.32699796860803
37880.0000083331,0.578722512842229,3.32699796860803
37890.0000116665,0.578875290648877,3.32699796860803
37900.0000320001,0.579028068952162,3.32699796860803
37910.0004376665,0.579180852945892,3.32699796860803
37920.0000059999,0.579333624335741,3.32699796860803
37930.0000096666,0.579486402302627,3.32699796860803
37940.0000083333,0.579639180098099,3.32699796860803
37950.0000106665,0.579791957983493,3.32699796860803
37960.0000059999,0.579944735822767,3.32699796860803
37970.0003306667,0.580097518664833,3.32699796860803
37980.0000063334,0.580250291542992,3.32699796860803
37990.0000060001,0.580403069421294,3.32699796860803
38000.0000113333,0.580555847405315,3.32699796860803
38010.0000120001,0.580708625310838,3.32699796860803
38020.000006,0.580861403072659,3.32699796860803
38030.0000123332,0.581014180989229,3.32699796860803
38040.0000059998,0.581166958767158,3.32699796860803
38050.0000073333,0.58131973663075,3.32699796860803
38060.000006,0.581472514385728,3.32699796860803
38070.0000103334,0.581625292205528,3.32699796860803
38080.0000056668,0.581778069989733,3.32699796860803
38090.0003276667,0.581930852749583,3.32699796860803
38100.0000059999,0.582083625666221,3.32699796860803
38110.000006,0.582236403503585,3.32699796860803
38120.0000060001,0.582389181297675,3.32699796860803
38130.0000056665,0.582541959151369,3.32699796860803
38140.0000059999,0.582694736931701,3.32699796860803
38150.000006,0.582847514739264,3.32699796860803
38160.0000060001,0.583000292627151,3.32699796860803
38170.0000060001,0.583153070347269,3.32699796860803
38180.0000059999,0.583305848137085,3.32699796860803
38190.0003976666,0.583458631897449,3.32699796860803
38200.0000079998,0.583611403681977,3.32699796860803
38210.0001090001,0.583764183041312,3.32718884628839
38220.0000109999,0.583916959290556,3.32699796860803
38230.0001859999,0.584069739745438,3.32699796860803
38240.0000876667,0.584222516036397,3.32699796860803
38250.0000066668,0.584375292561902,3.32699796860803
38260.0000116665,0.584528070433927,3.32699796860803
38270.000012,0.584680848238421,3.32699796860803
38280.0000076667,0.584833626012618,3.32699796860803
38290.0000089999,0.584986403801022,3.32718884628839
38300.0000103334,0.585139181573217,3.32699796860803
38310.0000059998,0.585291959272174,3.32699796860803
38320.0000056665,0.585444737102955,3.32718884628839
38330.0000099999,0.585597514967464,3.32699796860803
38340.0000066668,0.58575029269895,3.32699796860803
38350.0000060001,0.585903070424218,3.32718884628839
38360.0000123333,0.586055848320843,3.32718884628839
38370.0000083335,0.586208626104439,3.32718884628839
38380.000006,0.586361403908752,3.32718884628839
38390.0000060001,0.58651418181305,3.32718884628839
38400.0002570001,0.586666963583565,3.32699796860803
38410.0000123334,0.586819737776094,3.32718884628839
38420.0000070001,0.586972515524194,3.32718884628839
38430.0000060001,0.587125293412808,3.32718884628839
38440.0000106665,0.587278071394187,3.32718884628839
38450.0000056665,0.587430849135392,3.32718884628839
38460.0000059999,0.587583627074155,3.32718884628839
38470.000006,0.587736405084993,3.32718884628839
38480.0000060001,0.587889182928201,3.32718884628839
38490.0000059998,0.58804196084361,3.32718884628839
38500.0000123334,0.588194738965365,3.32718884628839
38510.000006,0.588347516770377,3.32718884628839
38520.0000060001,0.588500294617519,3.32718884628839
38530.0000066665,0.588653072491189,3.32718884628839
38540.0000059999,0.588805850246867,3.32718884628839
38550.0000103333,0.588958628379951,3.32718884628839
38560.0000063334,0.589111406086222,3.32718884628839
38570.0001159999,0.589264185726453,3.32718884628839
38580.0000066665,0.58941696192043,3.32718884628839
38590.000012,0.589569739802444,3.32718884628839
38600.0000123335,0.589722517643271,3.32718884628839
38610.0000060001,0.589875295403831,3.32737972396874
38620.00036,0.590028078672947,3.32718884628839
38630.000012,0.590180851210134,3.32718884628839
38640.0000089998,0.590333629042793,3.32737972396874
38650.000006,0.590486406867195,3.32718884628839
38660.0000060001,0.590639184749755,3.32718884628839
38670.0000059998,0.590791962675465,3.32718884628839
38680.000007,0.590944740533483,3.32737972396874
38690.000006,0.591097518487496,3.32737972396874
38700.0002289999,0.591250299798291,3.32737972396874
38710.0000066665,0.591403074276175,3.32718884628839
38720.0001473333,0.591555854272146,3.32737972396874
38730.0000059999,0.591708629968082,3.32737972396874
38740.000006,0.591861407896758,3.32737972396874
38750.0000060001,0.592014185769017,3.32737972396874
38760.0000063332,0.592166963610201,3.32737972396874
38770.0004416665,0.592319748117546,3.32737972396874
38780.000006,0.592472519366903,3.32737972396874
38790.0000060001,0.592625297272933,3.32737972396874
38800.000009,0.592778075201656,3.32737972396874
38810.0001866666,0.59293085576955,3.32737972396874
38820.0000063333,0.593083630848975,3.32737972396874
38830.0000123331,0.59323640888826,3.32737972396874
38840.0000096667,0.593389186651603,3.32737972396874
38850.0000100001,0.593541964580824,3.32737972396874
38860.0000059999,0.593694742383543,3.32737972396874
38870.0000103333,0.593847520400832,3.32737972396874
38880.0000066668,0.594000298262104,3.32737972396874
38890.0000063331,0.594153076162397,3.32737972396874
38900.0000059999,0.594305853963591,3.32737972396874
38910.0004973333,0.594458639296782,3.32737972396874
38920.0000173332,0.594611409854955,3.32737972396874
38930.0000060001,0.594764187526806,3.32737972396874
38940.0000123333,0.594916965505544,3.32737972396874
38950.0000063333,0.595069743259249,3.32737972396874
38960.000006,0.595222521072812,3.32737972396874
38970.0000060001,0.595375298904688,3.32737972396874
38980.0000093334,0.595528076660964,3.32737972396874
38990.0003666666,0.595680860101768,3.32737972396874
39000.0000059999,0.595833632561547,3.32737972396874
39010.0000066667,0.595986410409553,3.32737972396874
39020.0004166665,0.59613919452849,3.32737972396874
39030.0000093334,0.596291966241622,3.32737972396874
39040.0000056665,0.596444744013556,3.32737972396874
39050.0000080001,0.59659752193887,3.3275706016491
39060.0004553333,0.596750306628831,3.3275706016491
39070.0000063331,0.596903077611867,3.3275706016491
39080.0003116665,0.597055860188848,3.3275706016491
39090.0000086665,0.59720863335995,3.32737972396874
39100.0000070001,0.597361411188175,3.3275706016491
39110.0000100001,0.597514189095339,3.3275706016491
39120.000224,0.597666970176336,3.3275706016491
39130.0000059999,0.597819744734667,3.3275706016491
39140.0003779999,0.597972528207767,3.3275706016491
39150.0000060001,0.59812530039569,3.3275706016491
39160.0000060001,0.598278078222165,3.3275706016491
39170.0000059999,0.598430856057187,3.3275706016491
39180.0000063333,0.598583633906966,3.3275706016491
39190.0000089999,0.598736411751494,3.3275706016491
39200.0000123332,0.598889189681229,3.3275706016491
39210.0000076666,0.599041967535481,3.3275706016491
39220.0000063333,0.599194745307001,3.3275706016491
39230.0000106667,0.599347523183223,3.3275706016491
39240.0000066668,0.599500300909061,3.3275706016491
39250.0000060001,0.599653078654182,3.3275706016491
39260.0000059999,0.59980585646486,3.3275706016491
39270.0000059999,0.599958634217513,3.3275706016491
39280.000006,0.600111412036851,3.3275706016491
39290.0000060001,0.60026418982158,3.3275706016491
39300.0000059998,0.600416967634089,3.3275706016491
39310.0000059999,0.600569745410961,3.32776147932946
39320.000011,0.600722523192589,3.32776147932946
39330.0001946667,0.600875303848789,3.3275706016491
39340.0000066665,0.601028078801624,3.3275706016491
39350.0000059999,0.601180856629262,3.32776147932946
39360.0000059999,0.601333634398861,3.32776147932946
39370.000006,0.6014864122475,3.32776147932946
39380.0000060001,0.601639190015621,3.32776147932946
39390.0000066665,0.601791967899525,3.32776147932946
39400.0001170001,0.601944747380351,3.32776147932946
39410.000006,0.602097523595034,3.3275706016491
39420.0002373332,0.602250304885246,3.32776147932946
39430.0000060001,0.602403079160601,3.3275706016491
39440.0000056665,0.60255585698414,3.32776147932946
39450.0000059999,0.602708634734838,3.32776147932946
39460.0000076665,0.60286141252446,3.32776147932946
39470.0000060001,0.603014190340474,3.32776147932946
39480.0000083333,0.603166968149274,3.32776147932946
39490.0000059999,0.603319745976208,3.32776147932946
39500.000006,0.603472523748645,3.32776147932946
39510.0000110001,0.603625301647241,3.32776147932946
39520.0000066665,0.603778079471995,3.32776147932946
39530.0000066666,0.603930857144129,3.32776147932946
39540.0003643331,0.604083640592843,3.32776147932946
39550.0000120001,0.604236413113015,3.32776147932946
39560.0000060001,0.604389190884825,3.32776147932946
39570.0000056665,0.604541968621714,3.32776147932946
39580.0000066666,0.60469474641671,3.32776147932946
39590.000006,0.604847524207893,3.32776147932946
39600.0000060001,0.605000301989408,3.32776147932946
39610.0000083333,0.605153079798826,3.32776147932946
39620.0000059999,0.605305857561446,3.32776147932946
39630.0001713332,0.60545863797924,3.32776147932946
39640.000006,0.605611413255126,3.32776147932946
39650.0000060001,0.605764191018541,3.32776147932946
39660.0000056665,0.605916968817609,3.32776147932946
39670.0003963331,0.606069752550269,3.32776147932946
39680.0004869999,0.606222531746175,3.32776147932946
39690.0000113335,0.606375302294579,3.32776147932946
39700.0000069999,0.606528080042495,3.32776147932946
39710.0000059999,0.606680857846564,3.32776147932946
39720.0000059999,0.606833635618793,3.32776147932946
39730.0000066667,0.6069864134075,3.32776147932946
39740.0000116665,0.607139191239599,3.32776147932946
39750.0000056665,0.60729196887234,3.32776147932946
39760.0000063333,0.60744474662254,3.32776147932946
39770.0000056666,0.607597524398537,3.32776147932946
39780.0000113335,0.607750302278216,3.32795235700981
39790.000009,0.607903080059212,3.32776147932946
39800.0000059999,0.60805585783891,3.32795235700981
39810.0000059999,0.608208635645291,3.32795235700981
39820.0000110001,0.60836141356699,3.32776147932946
39830.0000103334,0.608514191321941,3.32795235700981
39840.0000059998,0.608666969092219,3.32795235700981
39850.0000059999,0.608819746881957,3.32776147932946
39860.000011,0.608972524815486,3.32795235700981
39870.0000303332,0.609125302974813,3.32795235700981
39880.0000060001,0.609278080397468,3.32795235700981
39890.0000059999,0.609430858273501,3.32795235700981
39900.0004409998,0.609583642693224,3.32795235700981
39910.0000076665,0.609736413949825,3.32795235700981
39920.0000060001,0.609889191783285,3.32795235700981
39930.0000076666,0.610041969696074,3.32795235700981
39940.000007,0.610194747540774,3.32795235700981
39950.0000083331,0.610347525454938,3.32795235700981
39960.0000063334,0.610500303267403,3.32795235700981
39970.0000060001,0.610653081116823,3.32795235700981
39980.0000063332,0.61080585906837,3.32795235700981
39990.0000300001,0.61095863728148,3.32795235700981
40000.0000089999,0.61111141486789,3.32795235700981
40010.0000063335,0.611264192678495,3.32795235700981
40020.0000056665,0.611416970472255,3.32795235700981
40030.0000059999,0.611569748335128,3.32795235700981
40040.0000066667,0.611722526107341,3.32795235700981
40050.0000076665,0.611875303907652,3.32795235700981
40060.0000060001,0.612028081675242,3.32795235700981
40070.0000093335,0.612180859563545,3.32795235700981
40080.0000066667,0.612333637287126,3.32795235700981
40090.0000063334,0.612486415162369,3.32814323469017
40100.0000056667,0.612639193010056,3.32814323469017
40110.0000063332,0.61279197086576,3.32814323469017
40120.0000066666,0.612944748687449,3.32795235700981
40130.0000120001,0.613097526629458,3.32814323469017
40140.0000066668,0.613250304486922,3.32814323469017
40150.0000096667,0.613403082434957,3.32814323469017
40160.0002380001,0.613555863813001,3.32814323469017
40170.0001403332,0.613708640208747,3.32814323469017
40180.0002756667,0.613861420073804,3.32814323469017
40190.0000060001,0.614014193697183,3.32814323469017
40200.0002833334,0.614166975827843,3.32814323469017
40210.0000086668,0.614319749502003,3.32814323469017
40220.000006,0.614472527328977,3.32814323469017
40230.0000063334,0.61462530522648,3.32814323469017
40240.0000106665,0.614778083159526,3.32814323469017
40250.0000059999,0.614930860908634,3.32814323469017
40260.0000156667,0.615083638864541,3.32814323469017
40270.0000076665,0.615236416621548,3.32814323469017
40280.0000060001,0.615389194499782,3.32814323469017
40290.000008,0.615541972438152,3.32814323469017
40300.0000059999,0.615694750335693,3.32814323469017
40310.0004003332,0.615847534283731,3.32814323469017
40320.0000060001,0.61600030623084,3.32814323469017
40330.0000056668,0.616153084130757,3.32814323469017
40340.0000059999,0.616305862020159,3.32814323469017
40350.0001593333,0.616458642231826,3.32814323469017
40360.0000056667,0.616611417716167,3.32814323469017
40370.0000060001,0.616764195500787,3.32814323469017
40380.0000063332,0.616916973407358,3.32814323469017
40390.0000059999,0.617069751277746,3.32814323469017
40400.000011,0.617222529163611,3.32814323469017
40410.0000303332,0.617375307273097,3.32814323469017
40420.0000060001,0.617528084718968,3.32814323469017
40430.0000063332,0.617680862539845,3.32814323469017
40440.0000063333,0.617833640260713,3.32814323469017
40450.000258,0.617986421920222,3.32814323469017
40460.0000060001,0.618139195918054,3.32814323469017
40470.0000119999,0.618291973812972,3.32814323469017
40480.0000073333,0.618444751525566,3.32814323469017
40490.0000099999,0.618597529368683,3.32814323469017
40500.0000063334,0.618750307151532,3.32814323469017
40510.0000083333,0.618903085004187,3.32814323469017
40520.0004659999,0.619055869793537,3.32814323469017
40530.0000056666,0.619208640735901,3.32814323469017
40540.000006,0.619361418573078,3.32814323469017
40550.0000060001,0.61951419644285,3.32814323469017
40560.0000059998,0.619666974249902,3.32814323469017
40570.000052,0.619819752756484,3.32814323469017
40580.000006,0.619972529958062,3.32814323469017
40590.0000060001,0.620125307839845,3.32814323469017
40600.0000060001,0.620278085743388,3.32814323469017
40610.0000059999,0.620430863619726,3.32833411237052
40620.0000059999,0.62058364151799,3.32814323469017
40630.0000073335,0.620736419408755,3.32833411237052
40640.0000060001,0.620889197284573,3.32814323469017
40650.0000103331,0.621041975279548,3.32833411237052
40660.0000059999,0.621194753133414,3.32833411237052
40670.0003253333,0.621347535851731,3.32833411237052
40680.0001190001,0.621500310672364,3.32833411237052
40690.0000096667,0.621653086880875,3.32833411237052
40700.0000059999,0.621805864763143,3.32833411237052
40710.0000059999,0.621958642617587,3.32833411237052
40720.000082,0.622111421672673,3.32833411237052
40730.0000113331,0.62226419852732,3.32833411237052
40740.0003253331,0.622416981105651,3.32833411237052
40750.0000059999,0.622569754251411,3.32833411237052
40760.000006,0.622722532136708,3.32833411237052
40770.0000113335,0.622875310028623,3.32833411237052
40780.0000113332,0.623028087952769,3.32833411237052
40790.000012,0.623180865928689,3.32833411237052
40800.0000086665,0.623333643780746,3.32833411237052
40810.000006,0.623486421663029,3.32852499005088
40820.0000079999,0.623639199529633,3.32833411237052
40830.0000059998,0.623791977496044,3.32833411237052
40840.0000090001,0.623944755358511,3.32852499005088
40850.000006,0.624097533170138,3.32833411237052
40860.0000060001,0.624250310965256,3.32852499005088
40870.0000060001,0.624403088874277,3.32852499005088
40880.0000056665,0.624555866686795,3.32852499005088
40890.0000059999,0.624708644506405,3.32852499005088
40900.0000066667,0.624861422393462,3.32852499005088
40910.0000066665,0.625014200290104,3.32852499005088
40920.000008,0.625166978115035,3.32852499005088
40930.0000113333,0.625319756057448,3.32852499005088
40940.0002150001,0.625472537038314,3.32852499005088
40950.0000070001,0.625625311706576,3.32852499005088
40960.0000060001,0.625778089515284,3.32852499005088
40970.0000059999,0.625930867465505,3.32852499005088
40980.0000063333,0.626083645252561,3.32852499005088
40990.000006,0.626236423095836,3.32852499005088
41000.0000073332,0.626389200945379,3.32852499005088
41010.0000093334,0.626541978868816,3.32852499005088
41020.0000059999,0.626694756696318,3.32852499005088
41030.0000080001,0.626847534549963,3.32852499005088
41040.0000993333,0.627000313791451,3.32852499005088
41050.0000060001,0.627153090200718,3.32852499005088
41060.0000059999,0.627305868088382,3.32852499005088
41070.0000113333,0.627458646050437,3.32852499005088
41080.000006,0.627611423886292,3.32852499005088
41090.0000060001,0.627764201759498,3.32852499005088
41100.0000059998,0.627916979599523,3.32852499005088
41110.0000059999,0.628069757429397,3.32852499005088
41120.000006,0.628222535231714,3.32852499005088
41130.0000060001,0.628375313138802,3.32852499005088
41140.0000119999,0.628528091068509,3.32852499005088
41150.0000096665,0.628680868857639,3.32852499005088
41160.0000080001,0.628833646655909,3.32871586773124
41170.0000056667,0.628986424515975,3.32852499005088
41180.0000103334,0.629139202321376,3.32871586773124
41190.0000059998,0.629291980272237,3.32852499005088
41200.0000059999,0.629444758130773,3.32852499005088
41210.000006,0.629597535973562,3.32871586773124
41220.0002873332,0.629750318095006,3.32871586773124
41230.0000060001,0.6299030915169,3.32871586773124
41240.0000116666,0.63005586959573,3.32871586773124
41250.0000059999,0.630208647381451,3.32871586773124
41260.000006,0.630361425208778,3.32871586773124
41270.0000063335,0.630514203147279,3.32871586773124
41280.0000100001,0.630666981057147,3.32871586773124
41290.0000063333,0.630819758869342,3.32871586773124
41300.0000063333,0.630972536731998,3.32871586773124
41310.0000060001,0.631125314613063,3.32871586773124
41320.0000056668,0.631278092411648,3.32871586773124
41330.000039,0.631430870747967,3.32871586773124
41340.0000059999,0.631583648103824,3.32871586773124
41350.000006,0.631736425987204,3.32871586773124
41360.0004493333,0.631889210587598,3.32871586773124
41370.0000066665,0.632041981733755,3.32871586773124
41380.0000103332,0.632194759577389,3.32871586773124
41390.0000063333,0.632347537384357,3.32871586773124
41400.0000060001,0.632500315243257,3.32890674541159
41410.0002696667,0.632653097159721,3.32871586773124
41420.0000083334,0.632805871069727,3.32871586773124
41430.0003993334,0.632958654849264,3.32890674541159
41440.0000089999,0.633111426712856,3.32871586773124
41450.0000056667,0.63326420450922,3.32871586773124
41460.0000063332,0.633416982520104,3.32890674541159
41470.0000059999,0.633569760340683,3.32890674541159
41480.000006,0.633722538194528,3.32890674541159
41490.0000060001,0.633875316035516,3.32890674541159
41500.0000060001,0.634028093913833,3.32871586773124
41510.0000056665,0.634180871767556,3.32890674541159
41520.0006560001,0.634333659612366,3.32890674541159
41530.000006,0.6344864275321,3.32890674541159
41540.000302,0.634639209881345,3.32890674541159
41550.0000059998,0.634791983219189,3.32890674541159
41560.0000059999,0.634944761101753,3.32890674541159
41570.000006,0.63509753897908,3.32890674541159
41580.0000060001,0.635250316870783,3.32890674541159
41590.0000069999,0.635403094740674,3.32890674541159
41600.0000059999,0.635555872555778,3.32890674541159
41610.0000063333,0.635708650459211,3.32890674541159
41620.000006,0.635861428312654,3.32890674541159
41630.0000116665,0.636014206166535,3.32890674541159
41640.0000056665,0.636166984110637,3.32890674541159
41650.0000066666,0.636319761976908,3.32890674541159
41660.000006,0.636472539917836,3.32890674541159
41670.0000060001,0.636625317818573,3.32890674541159
41680.0000060001,0.636778095678619,3.32890674541159
41690.0000059999,0.636930873545645,3.32890674541159
41700.0000059999,0.637083651476577,3.32890674541159
41710.0000093333,0.637236429451957,3.32890674541159
41720.0000083333,0.637389207353242,3.32890674541159
41730.0000059998,0.63754198515905,3.32890674541159
41740.0000059999,0.637694763149903,3.32890674541159
41750.000006,0.637847541088483,3.32890674541159
41760.0000060001,0.638000319023501,3.32890674541159
41770.0000060001,0.638153096910408,3.32909762309195
41780.0000106665,0.638305874872948,3.32890674541159
41790.0000059999,0.638458652701053,3.32909762309195
41800.0000073335,0.638611430588273,3.32890674541159
41810.0000113331,0.638764208500667,3.32909762309195
41820.0000059998,0.638916986300138,3.32890674541159
41830.0000063333,0.639069764149729,3.32909762309195
41840.0000063333,0.639222542080567,3.32909762309195
41850.0000063334,0.639375319995237,3.32909762309195
41860.0000116665,0.639528097903355,3.32909762309195
41870.0000106665,0.639680875717693,3.32909762309195
41880.0000063333,0.639833653466085,3.32909762309195
41890.000006,0.639986431225107,3.32909762309195
41900.0000060001,0.640139209262878,3.32909762309195
41910.0000109999,0.64029198726226,3.32909762309195
41920.0000059999,0.640444765086704,3.32909762309195
41930.0000123335,0.64059754308467,3.32909762309195
41940.0000073331,0.640750320894495,3.32909762309195
41950.0000060001,0.640903098725506,3.32909762309195
41960.0000059999,0.641055876608698,3.32928850077231
41970.0000123334,0.641208654582588,3.32909762309195
41980.0001343332,0.641361434235635,3.32928850077231
41990.0000100001,0.641514210193296,3.32928850077231
42000.0000056665,0.641666988027273,3.32928850077231
42010.0000066666,0.641819765938168,3.32928850077231
42020.000006,0.641972543759183,3.32928850077231
42030.0000066668,0.642125321642841,3.32928850077231
42040.0000060001,0.642278099363119,3.32928850077231
42050.0003546667,0.642430882519005,3.32928850077231
42060.0000066667,0.642583655095213,3.32928850077231
42070.0000076665,0.642736432938323,3.32928850077231
42080.0000060001,0.642889210719948,3.32928850077231
42090.0000059998,0.643041988542832,3.32928850077231
42100.0002843332,0.64319477054552,3.32928850077231
42110.0004679999,0.643347551103455,3.32928850077231
42120.0000093333,0.643500321777023,3.32928850077231
42130.0003409999,0.643653104611224,3.32928850077231
42140.0000059999,0.643805877260573,3.32928850077231
42150.0005016667,0.643958662693834,3.32928850077231
42160.000006,0.644111432921176,3.32928850077231
42170.0000060001,0.644264210672045,3.32928850077231
42180.0003386665,0.644416993510254,3.32928850077231
42190.0000066666,0.644569766254679,3.32928850077231
42200.0000056666,0.644722544056859,3.32928850077231
42210.0000060001,0.644875321812604,3.32928850077231
42220.0000109998,0.645028099695562,3.32928850077231
42230.0000063332,0.645180877411592,3.32928850077231
42240.0000099999,0.64533365531864,3.32928850077231
42250.0000063334,0.645486433011108,3.32928850077231
42260.0003480001,0.645639216073835,3.32928850077231
42270.0000069999,0.645791988611644,3.32947937845266
42280.0003026665,0.64594477096819,3.32928850077231
42290.0003763334,0.646097549938798,3.32928850077231
42300.0000116665,0.646250322224123,3.32947937845266
42310.0000060001,0.646403100059116,3.32947937845266
42320.0000059999,0.64655587794774,3.32947937845266
42330.0000073334,0.646708655883348,3.32947937845266
42340.0000076665,0.646861433774241,3.32947937845266
42350.0000060001,0.64701421156633,3.32928850077231
42360.0000059998,0.647166989525521,3.32947937845266
42370.000007,0.647319767509499,3.32947937845266
42380.0002919998,0.647472549730229,3.32947937845266
42390.0000060001,0.647625323245063,3.32947937845266
42400.0003396665,0.647778106178422,3.32947937845266
42410.0000063332,0.647930878948398,3.32947937845266
42420.0000059999,0.648083656788941,3.32947937845266
42430.0004793334,0.648236441890771,3.32947937845266
42440.0000060001,0.648389212589103,3.32947937845266
42450.0004026665,0.648541996562455,3.32947937845266
42460.0000113333,0.64869476851476,3.32947937845266
42470.0004946665,0.648847553847149,3.32947937845266
42480.0000060001,0.649000324272183,3.32967025613302
42490.0003539999,0.649153107472193,3.32967025613302
42500.0000076667,0.649305880056359,3.32967025613302
42510.0000086665,0.649458657881979,3.32947937845266
42520.000006,0.649611435666482,3.32967025613302
42530.0000103334,0.649764213698582,3.32967025613302
42540.0000059998,0.64991699146714,3.32967025613302
42550.0003763333,0.65006977505055,3.32967025613302
42560.000006,0.650222547259463,3.32967025613302
42570.0004703335,0.65037533226315,3.32967025613302
42580.0003743334,0.650528108725985,3.32967025613302
42590.0000056665,0.650680880950607,3.32967025613302
42600.0000096665,0.650833658811774,3.32967025613302
42610.0000116668,0.650986436678536,3.32967025613302
42620.0000056667,0.651139214445746,3.32967025613302
42630.0003273333,0.651291997286728,3.32967025613302
42640.0003933333,0.651444776223858,3.32967025613302
42650.000006,0.65159754820195,3.32967025613302
42660.0000060001,0.65175032606822,3.32986113381337
42670.0000079999,0.651903104119855,3.32967025613302
42680.0000059999,0.652055881992072,3.32967025613302
42690.0000059999,0.652208659903512,3.32986113381337
42700.0000056667,0.652361437811389,3.32967025613302
42710.0000100001,0.652514215805485,3.32986113381337
42720.0000059998,0.652666993698075,3.32986113381337
42730.0002966668,0.652819776004114,3.32986113381337
42740.0003410001,0.65297255442635,3.32986113381337
42750.0000070001,0.653125327006197,3.32986113381337
42760.0000060001,0.653278104739556,3.32986113381337
42770.0000059999,0.653430882485853,3.32986113381337
42780.0000063333,0.653583660201742,3.32986113381337
42790.0000113334,0.653736437980268,3.32986113381337
42800.0000060001,0.65388921571749,3.32986113381337
42810.0004283335,0.654042000081461,3.32986113381337
42820.0000059999,0.654194771418207,3.32986113381337
42830.0003916665,0.654347555158958,3.32986113381337
42840.0000060001,0.654500327124005,3.33005201149373
42850.0000060001,0.654653105030038,3.32986113381337
42860.0000059999,0.654805882947797,3.32986113381337
42870.0000059999,0.654958660767218,3.32986113381337
42880.000006,0.655111438552588,3.33005201149373
42890.0004876668,0.655264223640338,3.33005201149373
42900.0000113332,0.655416994204095,3.32986113381337
42910.0003956668,0.655569777890308,3.33005201149373
42920.0000063333,0.655722549811208,3.33005201149373
42930.0000060001,0.655875327706509,3.33005201149373
42940.0002933334,0.656028109983008,3.33005201149373
42950.000579,0.656180892217911,3.33005201149373
42960.0000066667,0.656333661480824,3.33005201149373
42970.0000113334,0.656486439460973,3.33005201149373
42980.0000106668,0.656639217371789,3.33005201149373
42990.0000059998,0.656791995043833,3.33005201149373
43000.0000059999,0.656944773057492,3.33005201149373
43010.0000106667,0.657097551009269,3.33005201149373
43020.0000060001,0.65725032884343,3.33005201149373
43030.0003653334,0.657403112237861,3.33005201149373
43040.0000083334,0.657555884593351,3.33005201149373
43050.0003136667,0.657708667074841,3.33005201149373
43060.0001233334,0.65786144201512,3.33005201149373
43070.000009,0.65801421816165,3.33005201149373
43080.0000059998,0.658166996028724,3.33005201149373
43090.0000059999,0.658319773810946,3.33005201149373
43100.0000066667,0.65847255169007,3.33005201149373
43110.0000060001,0.658625329484547,3.33024288917409
43120.0000060001,0.658778107290456,3.33024288917409
43130.0000059999,0.658930885082074,3.33005201149373
43140.0000063333,0.659083662943002,3.33005201149373
43150.000006,0.659236440828625,3.33005201149373
43160.0000119999,0.659389218757447,3.33024288917409
43170.0000059998,0.659541996556253,3.33024288917409
43180.0000059999,0.659694774426559,3.33024288917409
43190.0000063333,0.659847552238831,3.33024288917409
43200.0005016668,0.660000337729774,3.33024288917409
43210.0000060001,0.660153107981811,3.33024288917409
43220.0000059999,0.660305885825883,3.33024288917409
43230.0000123334,0.660458663723283,3.33024288917409
43240.0000073335,0.660611441425549,3.33024288917409
43250.0000060001,0.66076421916805,3.33024288917409
43260.0000059998,0.660916996920041,3.33024288917409
43270.0004463332,0.661069781467517,3.33024288917409
43280.0000056666,0.661222552482089,3.33024288917409
43290.00001,0.661375330276024,3.33024288917409
43300.0003626665,0.661528113469692,3.33024288917409
43310.0000056665,0.66168088574673,3.33024288917409
43320.0000059999,0.661833663480279,3.33024288917409
43330.000006,0.6619864412962,3.33024288917409
43340.0000060001,0.662139219096086,3.33043376685444
43350.0000100001,0.66229199693498,3.33043376685444
43360.0000059999,0.662444774615994,3.33043376685444
43370.0002289998,0.662597555746423,3.33043376685444
43380.0000066668,0.662750330110697,3.33043376685444
43390.0000060001,0.662903107923426,3.33043376685444
43400.0000059999,0.663055885682613,3.33043376685444
43410.0001806665,0.663208666164214,3.33043376685444
43420.0000086665,0.663361441389028,3.33043376685444
43430.0000119999,0.663514219350769,3.33043376685444
43440.000008,0.663666997189011,3.33043376685444
43450.0000059999,0.663819775018044,3.33043376685444
43460.0000089999,0.663972552950761,3.33043376685444
43470.0000056667,0.66412533076895,3.33043376685444
43480.0000060001,0.664278108506035,3.33043376685444
43490.0000059999,0.664430886215771,3.33043376685444
43500.0000073334,0.664583664038512,3.3306246445348
43510.000006,0.664736441786623,3.3306246445348
43520.0004996667,0.664889227116173,3.33043376685444
43530.0000059998,0.665041997358868,3.3306246445348
43540.0000059999,0.665194775137288,3.3306246445348
43550.0002996667,0.66534755738399,3.3306246445348
43560.0000060001,0.665500330718033,3.3306246445348
43570.000009,0.665653108607658,3.3306246445348
43580.0004093334,0.665805892529188,3.3306246445348
43590.0003483333,0.665958669441972,3.3306246445348
43600.000006,0.666111442067148,3.3306246445348
43610.0000096667,0.666264219971668,3.3306246445348
43620.0000059998,0.666416997740447,3.3306246445348
43630.0000059999,0.666569775620821,3.3306246445348
43640.0003626667,0.666722558947229,3.3306246445348
43650.0000060001,0.666875331405312,3.3306246445348
43660.0004396666,0.667028115855752,3.3306246445348
43670.000012,0.667180887249764,3.3306246445348
43680.0000059999,0.667333665023436,3.3306246445348
43690.000006,0.667486442825056,3.33081552221515
43700.0003323333,0.667639225599505,3.33081552221515
43710.0000056665,0.667791998478678,3.33081552221515
43720.0000056665,0.667944776291785,3.33081552221515
43730.0004819999,0.668097561437139,3.33081552221515
43740.0000060001,0.668250331988198,3.33081552221515
43750.0000060001,0.668403109799865,3.33081552221515
43760.0000063332,0.668555887577009,3.33081552221515
43770.0000063333,0.668708665421351,3.33081552221515
43780.0004260001,0.668861449680715,3.33081552221515
43790.0000060001,0.669014221110346,3.33081552221515
43800.0003269999,0.669167003897281,3.33081552221515
43810.0000056665,0.669319776872888,3.33081552221515
43820.0000056666,0.669472554694769,3.33081552221515
43830.0003353335,0.669625337587834,3.33081552221515
43840.0000106665,0.669778110468619,3.33081552221515
43850.0000059999,0.669930888295851,3.33081552221515
43860.0003773335,0.670083671866848,3.33081552221515
43870.0000063334,0.670236444160011,3.33081552221515
43880.0000060001,0.670389222046041,3.33081552221515
43890.0000106665,0.670542000046115,3.33081552221515
43900.0000059999,0.67069477783091,3.33081552221515
43910.0001303332,0.670847557681056,3.33081552221515
43920.0000060001,0.671000333653522,3.33100639989551
43930.0000119999,0.671153111655187,3.33100639989551
43940.0000099998,0.671305889450886,3.33100639989551
43950.000011,0.671458667470178,3.33100639989551
43960.000006,0.671611445310427,3.33100639989551
43970.0000096667,0.671764223295105,3.33100639989551
43980.0000059998,0.671917001084205,3.33100639989551
43990.0001156667,0.672069780690389,3.33100639989551
44000.0000076668,0.6722225569227,3.33100639989551
44010.0003673331,0.672375340274759,3.33100639989551
44020.0000060001,0.672528112499826,3.33100639989551
44030.0000059999,0.672680890512276,3.33100639989551
44040.0000093332,0.672833668355105,3.33100639989551
44050.000006,0.67298644634848,3.33100639989551
44060.0000083333,0.673139224200198,3.33100639989551
44070.0000059998,0.673292001970753,3.33119727757587
44080.0003823335,0.67344478553379,3.33119727757587
44090.000006,0.673597557572799,3.33119727757587
44100.0000060001,0.673750335355931,3.33119727757587
44110.0000083333,0.673903113194905,3.33119727757587
44120.0000873332,0.67405589214534,3.33119727757587
44130.0002033332,0.674208671740642,3.33119727757587
44140.0000063334,0.674361446540513,3.33119727757587
44150.000216,0.674514227577035,3.33119727757587
44160.0004206665,0.674667008515645,3.33119727757587
44170.0000076667,0.674819780097373,3.33119727757587
44180.0000066667,0.674972557843108,3.33119727757587
44190.0000086666,0.675125335639331,3.33119727757587
44200.0000060001,0.675278113345847,3.33119727757587
44210.0000059999,0.675430891138206,3.33119727757587
44220.0000066667,0.675583668899813,3.33119727757587
44230.000006,0.675736446797985,3.33119727757587
44240.0000069998,0.675889224618878,3.33119727757587
44250.0001923333,0.676042005322544,3.33119727757587
44260.0000059999,0.676194780240062,3.33119727757587
44270.000006,0.676347558055327,3.33119727757587
44280.0000070001,0.676500335860357,3.33119727757587
44290.0000060001,0.676653113781614,3.33119727757587
44300.0000133334,0.676805891768143,3.33138815525622
44310.0000989998,0.676958671004223,3.33138815525622
44320.000006,0.677111447460321,3.33138815525622
44330.0003876667,0.677264231157257,3.33138815525622
44340.0000059998,0.677417003175083,3.33138815525622
44350.0000059999,0.677569781038397,3.33138815525622
44360.000006,0.677722558912834,3.33138815525622
44370.0000056667,0.677875336793413,3.33138815525622
44380.0002146666,0.678028117819689,3.33138815525622
44390.0000059999,0.67818089252119,3.33138815525622
44400.0002116665,0.678333673532819,3.33157903293658
44410.000006,0.678486448299117,3.33138815525622
44420.0000060001,0.678639226049406,3.33138815525622
44430.0000056665,0.678792004040151,3.33157903293658
44440.0004196665,0.678944788276416,3.33157903293658
44450.000011,0.679097559846968,3.33157903293658
44460.0000060001,0.679250337706524,3.33157903293658
44470.0000060001,0.679403115469915,3.33157903293658
44480.0000063332,0.679555893284684,3.33157903293658
44490.0000059999,0.679708671121162,3.33157903293658
44500.0000093333,0.679861449018735,3.33157903293658
44510.0000060001,0.680014226801438,3.33157903293658
44520.0001763335,0.680167007344185,3.33157903293658
44530.0000056665,0.680319782693614,3.33157903293658
44540.0000076668,0.680472560544548,3.33157903293658
44550.0000060001,0.680625338352013,3.33157903293658
44560.0000060001,0.680778116160111,3.33176991061694
44570.0002446665,0.680930897654406,3.33157903293658
44580.0000113333,0.681083671856361,3.33157903293658
44590.0000056667,0.681236449614108,3.33157903293658
44600.0000060001,0.681389227403577,3.33176991061694
44610.0000116666,0.681542005362348,3.33176991061694
44620.0000056665,0.681694783096187,3.33176991061694
44630.0000066667,0.6818475609512,3.33176991061694
44640.0000060001,0.682000338817077,3.33176991061694
44650.0000060001,0.682153116765899,3.33176991061694
44660.0000103332,0.682305894739724,3.33176991061694
44670.0000059999,0.682458672599768,3.33176991061694
44680.000006,0.682611450427822,3.33176991061694
44690.0003063333,0.682764232929507,3.33176991061694
44700.0000059998,0.682917006367422,3.33176991061694
44710.0000113333,0.683069784393775,3.33176991061694
44720.0000093332,0.683222562247641,3.33196078829729
44730.0000060001,0.683375340080777,3.33196078829729
44740.0000086667,0.683528118091129,3.33196078829729
44750.000012,0.683680895982367,3.33196078829729
44760.0000059999,0.683833673801309,3.33196078829729
44770.0000273333,0.683986451999419,3.33196078829729
44780.0000123332,0.684139229650208,3.33196078829729
44790.0000066665,0.684292007380792,3.33196078829729
44800.0000106666,0.684444785253926,3.33196078829729
44810.0000073334,0.684597563106505,3.33196078829729
44820.0000060001,0.684750340946293,3.33196078829729
44830.0001746666,0.684903121415714,3.33196078829729
44840.0000099998,0.685055896794094,3.33196078829729
44850.0000059999,0.685208674555892,3.33196078829729
44860.0002730001,0.685361456497044,3.33196078829729
44870.0000106668,0.685514230331993,3.33215166597765
44880.0000316667,0.685667008506222,3.33196078829729
44890.0000063333,0.685819785947631,3.33215166597765
44900.000029,0.685972564153218,3.33215166597765
44910.0000060001,0.686125341653192,3.33215166597765
44920.0000083333,0.686278119569898,3.33215166597765
44930.0000059999,0.686430897359877,3.33215166597765
44940.0000093332,0.686583675308946,3.33215166597765
44950.0004586665,0.686736460067524,3.33215166597765
44960.0001370001,0.686889232988998,3.332342543658
44970.0000096668,0.687042008793032,3.332342543658
44980.0000099999,0.687194786593974,3.332342543658
44990.0001736667,0.687347566969677,3.332342543658
45000.0000086666,0.687500342240857,3.33215166597765
45010.0000063331,0.687653120037925,3.332342543658
45020.0000059999,0.687805897922836,3.332342543658
45030.0000080001,0.687958675789419,3.332342543658
45040.000006,0.688111453527476,3.332342543658
45050.0000060001,0.688264231454303,3.332342543658
45060.0002373333,0.688417012836385,3.332342543658
45070.0000086668,0.688569787138954,3.332342543658
45080.0004499999,0.688722571660534,3.332342543658
45090.0000060001,0.688875342725928,3.332342543658
45100.0004506667,0.689028127438144,3.332342543658
45110.0000059999,0.689180898558932,3.332342543658
45120.0000059999,0.689333676440483,3.332342543658
45130.000006,0.689486454300672,3.332342543658
45140.0000060001,0.689639232213264,3.33253342133836
45150.0000100001,0.689792010124019,3.33253342133836
45160.0000059999,0.689944787895336,3.33253342133836
45170.000006,0.690097565807761,3.33253342133836
45180.0000060001,0.690250343730279,3.33253342133836
45190.0000176667,0.690403121847204,3.33253342133836
45200.0000059999,0.690555899604848,3.33253342133836
45210.0000059999,0.690708677493404,3.33272429901872
45220.000006,0.690861455427659,3.33253342133836
45230.0000073332,0.691014233306453,3.33272429901872
45240.0000059998,0.691167011121807,3.33272429901872
45250.0000090001,0.691319789143868,3.33272429901872
45260.000006,0.69147256697439,3.33272429901872
45270.0000060001,0.691625344867658,3.33272429901872
45280.0000060001,0.691778122713085,3.33272429901872
45290.0000059999,0.691930900633325,3.33272429901872
45300.0000063333,0.692083678479077,3.33272429901872
45310.000006,0.692236456355427,3.33272429901872
45320.0000100001,0.692389234258423,3.33291517669907
45330.0000059998,0.692542012231839,3.33291517669907
45340.0000096665,0.692694790213466,3.33291517669907
45350.000006,0.692847568061483,3.33291517669907
45360.0003269998,0.693000350842629,3.33291517669907
45370.000009,0.693153123998107,3.33291517669907
45380.0000059999,0.693305901890657,3.33291517669907
45390.0000059999,0.693458679746049,3.33291517669907
45400.0000186666,0.693611457891155,3.33310605437943
45410.0004596667,0.693764242600487,3.33291517669907
45420.0000056665,0.693917013521408,3.33310605437943
45430.0000109999,0.694069791462122,3.33310605437943
45440.000006,0.694222569219229,3.33310605437943
45450.0000063334,0.694375347163931,3.33310605437943
45460.000009,0.694528125097926,3.33310605437943
45470.0002593333,0.694680906852072,3.33310605437943
45480.0000063333,0.694833680885507,3.33329693205979
45490.000006,0.694986458709729,3.33310605437943
45500.0000060001,0.695139236559246,3.33310605437943
45510.0000123333,0.695292014455119,3.33310605437943
45520.0000059999,0.695444792295884,3.33310605437943
45530.000006,0.695597570129141,3.33310605437943
45540.0000063334,0.695750348000034,3.33329693205979
45550.0000056668,0.695903125921738,3.33329693205979
45560.0000066666,0.696055903840255,3.33329693205979
45570.0000066667,0.696208681651737,3.33329693205979
45580.0000083332,0.696361459547672,3.33329693205979
45590.0000060001,0.696514237279039,3.33329693205979
45600.0000846667,0.696667016293161,3.33329693205979
45610.0000123334,0.696819793075351,3.33329693205979
45620.0000083331,0.696972570785915,3.33348780974014
45630.0000063334,0.697125348639879,3.33348780974014
45640.0000060001,0.697278126467882,3.33348780974014
45650.0000113333,0.69743090438128,3.33348780974014
45660.0000059999,0.697583682211112,3.33348780974014
45670.0000103333,0.697736460166707,3.33348780974014
45680.0000060001,0.697889237974574,3.33348780974014
45690.0001469999,0.698042017970821,3.33348780974014
45700.000007,0.698194793745452,3.33348780974014
45710.0000066667,0.69834757162788,3.33348780974014
45720.0000060001,0.698500349547596,3.33348780974014
45730.0000093334,0.698653127419418,3.33348780974014
45740.0000069999,0.698805905289819,3.3336786874205
45750.0000059999,0.698958683140744,3.3336786874205
45760.000006,0.699111461018837,3.3336786874205
45770.0003620001,0.699264244345833,3.3336786874205
45780.0000113332,0.699417016906996,3.3336786874205
45790.0000059999,0.699569794650152,3.3336786874205
45800.000006,0.699722572414048,3.3336786874205
45810.0000060001,0.699875350421683,3.33386956510085
45820.0000060001,0.70002812833524,3.3336786874205
45830.0000059999,0.700180906227851,3.33386956510085
45840.0000059999,0.700333684143679,3.33386956510085
45850.0001846666,0.700486464733733,3.33386956510085
45860.0000060001,0.700639239955908,3.33386956510085
45870.0000059998,0.700792017844792,3.33386956510085
45880.0000059999,0.700944795703599,3.33386956510085
45890.0000066667,0.70109757360499,3.33386956510085
45900.0000060001,0.701250351455793,3.33386956510085
45910.0000060001,0.701403129308938,3.33386956510085
45920.0000059999,0.7015559073588,3.33386956510085
45930.0000059999,0.701708685314527,3.33406044278121
45940.0000110001,0.701861463249229,3.33406044278121
45950.0000060001,0.702014241040933,3.33406044278121
45960.0000103331,0.702167018973776,3.33406044278121
45970.0000056665,0.702319796859742,3.33406044278121
45980.000006,0.702472574767655,3.33406044278121
45990.0000060001,0.702625352630631,3.33406044278121
46000.0002276665,0.702778133921322,3.33425132046157
46010.0000059999,0.702930908418957,3.33425132046157
46020.0000059999,0.703083686234617,3.33425132046157
46030.0001836665,0.703236466798173,3.33425132046157
46040.0000060001,0.703389241897691,3.33425132046157
46050.0000066665,0.703542019798864,3.33425132046157
46060.0000059999,0.703694797690105,3.33425132046157
46070.000006,0.703847575563063,3.33425132046157
46080.0000060001,0.704000353402527,3.33425132046157
46090.0003493332,0.704153136598855,3.33425132046157
46100.0000059999,0.704305909168516,3.33425132046157
46110.0000059999,0.704458687043596,3.33425132046157
46120.000006,0.704611464938448,3.33425132046157
46130.0000060001,0.704764242847109,3.33425132046157
46140.0000100001,0.70491702078287,3.33444219814192
46150.0000063333,0.705069798586834,3.33444219814192
46160.0000056666,0.705222576441732,3.33444219814192
46170.0000073331,0.705375354312024,3.33444219814192
46180.0000060001,0.705528132165302,3.33444219814192
46190.0000096665,0.705680910071747,3.33444219814192
46200.0000059999,0.705833687894123,3.33444219814192
46210.0004083331,0.705986471892266,3.33463307582228
46220.0000060001,0.706139243724135,3.33463307582228
46230.0000056665,0.706292021618777,3.33463307582228
46240.0000096665,0.706444799527455,3.33463307582228
46250.0000063333,0.706597577229255,3.33463307582228
46260.0000536666,0.706750355910604,3.33463307582228
46270.0000060001,0.706903133074924,3.33463307582228
46280.0000093335,0.7070559110105,3.33463307582228
46290.0000059999,0.70720868881993,3.33482395350263
46300.000006,0.707361466708341,3.33482395350263
46310.0000060001,0.707514244619501,3.33482395350263
46320.0000109999,0.707667022512967,3.33482395350263
46330.0000059999,0.70781980039762,3.33482395350263
46340.000006,0.707972578266394,3.33482395350263
46350.0000066668,0.708125356129745,3.33482395350263
46360.0000060001,0.708278133921241,3.33482395350263
46370.0003119999,0.70843091647194,3.33501483118299
46380.0000059999,0.708583689574203,3.33501483118299
46390.0000129999,0.708736467673309,3.33501483118299
46400.0000060001,0.708889245464995,3.33501483118299
46410.0000073333,0.709042023412139,3.33501483118299
46420.0000059999,0.709194801241137,3.33501483118299
46430.0000073334,0.70934757918257,3.33501483118299
46440.0000060001,0.709500357157742,3.33520570886335
46450.0000093334,0.709653135167362,3.33520570886335
46460.0000059999,0.709805912982866,3.33520570886335
46470.0000059999,0.709958690840152,3.33520570886335
46480.000006,0.710111468690376,3.33520570886335
46490.0000780001,0.710264247724266,3.3353965865437
46500.0002733333,0.710417028615756,3.3353965865437
46510.0000059999,0.71056980242499,3.3353965865437
46520.000006,0.710722580318609,3.3353965865437
46530.0000066668,0.710875358101269,3.3353965865437
46540.0000066665,0.711028135944671,3.3353965865437
46550.0000059999,0.711180913937892,3.3353965865437
46560.0000096665,0.711333691886225,3.3353965865437
46570.0001640001,0.711486472027786,3.3353965865437
46580.0000119999,0.711639247590821,3.3353965865437
46590.0000059998,0.71179202535972,3.3353965865437
46600.0000059999,0.711944803316076,3.33558746422406
46610.000006,0.712097581081733,3.33558746422406
46620.0000236667,0.71225035911181,3.33558746422406
46630.0000060001,0.712403136643308,3.33558746422406
46640.0000059999,0.712555914560151,3.33577834190442
46650.0000063333,0.712708692404323,3.33577834190442
46660.000006,0.712861470166957,3.33577834190442
46670.0000056667,0.713014247982156,3.33577834190442
46680.0000059998,0.713167025781067,3.33596921958477
46690.0003789999,0.713319809286798,3.33596921958477
46700.0000063333,0.713472581443318,3.33596921958477
46710.0002063332,0.713625362242571,3.33596921958477
46720.0000079999,0.713778137026487,3.33596921958477
46730.0003146667,0.713930919529984,3.33616009726513
46740.0000059999,0.714083692646841,3.33616009726513
46750.000006,0.714236470519371,3.33616009726513
46760.000423,0.714389254707995,3.33616009726513
46770.0000056665,0.714542026117444,3.33616009726513
46780.0000059999,0.714694803935194,3.33616009726513
46790.000006,0.714847581834313,3.33616009726513
46800.0000066668,0.715000359705764,3.33616009726513
46810.0000100001,0.71515313763647,3.33616009726513
46820.0001223331,0.715305917175424,3.33635097494548
46830.0000063333,0.71545869323179,3.33635097494548
46840.000006,0.715611470985701,3.33635097494548
46850.0000060001,0.715764248832295,3.33635097494548
46860.0000059998,0.715917026726869,3.33635097494548
46870.0000059999,0.716069804617635,3.33635097494548
46880.000137,0.716222584489225,3.33654185262584
46890.0000056667,0.716375360397514,3.33654185262584
46900.0000060001,0.716528138210771,3.33654185262584
46910.0000069999,0.716680916033153,3.33654185262584
46920.0000059999,0.716833693853356,3.33654185262584
46930.000006,0.716986471564309,3.3367327303062
46940.0000086666,0.71713924940779,3.33654185262584
46950.000211,0.717292030287583,3.33654185262584
46960.0000056665,0.717444804970313,3.3367327303062
46970.000006,0.717597582834649,3.3367327303062
46980.0002296666,0.717750364159587,3.3367327303062
46990.0000060001,0.717903138674971,3.33692360798655
47000.0000059999,0.718055916591171,3.33692360798655
47010.0000063333,0.718208694516245,3.33692360798655
47020.0000096666,0.718361472334882,3.33692360798655
47030.0000103334,0.718514250365711,3.33692360798655
47040.0000059998,0.718667028207723,3.33692360798655
47050.0000059999,0.718819806036916,3.33692360798655
47060.000006,0.718972584066041,3.33711448566691
47070.00001,0.71912536194206,3.33711448566691
47080.0000056668,0.719278139769176,3.33711448566691
47090.0000059999,0.719430917693586,3.33711448566691
47100.0003910001,0.719583701509782,3.33711448566691
47110.0004210001,0.719736479769084,3.33730536334726
47120.0000093333,0.719889251524757,3.33730536334726
47130.0000059998,0.720042029300107,3.33730536334726
47140.0000059999,0.720194807310956,3.33730536334726
47150.0002136667,0.720347588381218,3.33730536334726
47160.0004056667,0.720500369266761,3.33730536334726
47170.0000060001,0.720653141105523,3.33730536334726
47180.0000059999,0.720805919021103,3.33730536334726
47190.0000059999,0.720958696821492,3.33749624102762
47200.0000063334,0.721111474717567,3.33749624102762
47210.0000060001,0.721264252729531,3.33749624102762
47220.0000116666,0.721417030751028,3.33749624102762
47230.0004873332,0.721569815904942,3.33749624102762
47240.0000976668,0.721722587908368,3.33768711870798
47250.0000056667,0.721875364483919,3.33768711870798
47260.0000069999,0.72202814241377,3.33768711870798
47270.0003583333,0.722180925610977,3.33768711870798
47280.000007,0.722333698194739,3.33768711870798
47290.000006,0.722486476013469,3.33768711870798
47300.0000353333,0.722639254453839,3.33768711870798
47310.0000103331,0.72279203187333,3.33787799638833
47320.0000063333,0.722944809747771,3.33787799638833
47330.000006,0.723097587773521,3.33787799638833
47340.0000060001,0.723250365611273,3.33787799638833
47350.0000056668,0.723403143554287,3.33787799638833
47360.0000099998,0.72355592152006,3.33787799638833
47370.0001169998,0.723708700962348,3.33806887406869
47380.0000066667,0.723861477178573,3.33806887406869
47390.0000066665,0.724014255107968,3.33806887406869
47400.0000059998,0.72416703312935,3.33806887406869
47410.0000123334,0.724319811016342,3.33825975174905
47420.0000080001,0.7244725889711,3.33825975174905
47430.0000060001,0.724625366801843,3.33825975174905
47440.0000116665,0.724778144778862,3.33825975174905
47450.0000059999,0.724930922711288,3.33825975174905
47460.0000059999,0.725083700598902,3.3384506294294
47470.0000056667,0.72523647855627,3.3384506294294
47480.0000086666,0.725389256455978,3.3384506294294
47490.0000059998,0.725542034339054,3.3384506294294
47500.0000059999,0.725694812248704,3.3384506294294
47510.0000063333,0.725847590141451,3.33864150710976
47520.00001,0.726000368086482,3.3384506294294
47530.0000060001,0.726153146037628,3.33864150710976
47540.0000059999,0.726305923943225,3.33864150710976
47550.0002969998,0.726458706151388,3.33883238479011
47560.0000126665,0.726611479772566,3.33883238479011
47570.0000063335,0.72676425758578,3.33883238479011
47580.0003806666,0.726917041213624,3.33883238479011
47590.0000063333,0.727069813272359,3.33902326247047
47600.000006,0.72722259127237,3.33902326247047
47610.0000060001,0.727375369182449,3.33902326247047
47620.0000123333,0.727528147176463,3.33902326247047
47630.0004603332,0.727680931987627,3.33921414015083
47640.0003856667,0.727833708752698,3.33921414015083
47650.000006,0.727986480820377,3.33921414015083
47660.0000069998,0.728139258687752,3.33921414015083
47670.0003626666,0.728292042062675,3.33921414015083
47680.0002383335,0.728444818033891,3.33921414015083
47690.000006,0.72859759232226,3.33940501783118
47700.0000070001,0.728750370325837,3.33940501783118
47710.0000063331,0.728903148194618,3.33940501783118
47720.0004180001,0.729055932369794,3.33940501783118
47730.0000106666,0.729208704008722,3.33959589551154
47740.000006,0.729361481771995,3.33959589551154
47750.0000060001,0.729514259735332,3.33959589551154
47760.0001433333,0.729667039746914,3.33959589551154
47770.0000096665,0.729819815737503,3.33959589551154
47780.000006,0.729972593546435,3.3397867731919
47790.0003883334,0.73012537734127,3.3397867731919
47800.0000060001,0.730278149448116,3.3397867731919
47810.0003626666,0.730430932794928,3.33997765087225
47820.0001579999,0.730583707618785,3.33997765087225
47830.0000063334,0.730736483171796,3.33997765087225
47840.0000060001,0.730889261128022,3.33997765087225
47850.0000059998,0.731042039060331,3.33997765087225
47860.0000059999,0.731194816959859,3.34016852855261
47870.000006,0.731347594856997,3.34016852855261
47880.0000060001,0.731500372718308,3.34016852855261
47890.0000063331,0.731653150694636,3.34016852855261
47900.0000073333,0.731805928485873,3.34016852855261
47910.0000066667,0.73195870632054,3.34035940623296
47920.000006,0.73211148424718,3.34035940623296
47930.0000496667,0.732264262780814,3.34035940623296
47940.0000059998,0.732417039959456,3.34035940623296
47950.0000059999,0.732569817789859,3.34035940623296
47960.000006,0.732722595566378,3.34035940623296
47970.0000060001,0.732875373401995,3.34055028391332
47980.0000063331,0.733028151204581,3.34055028391332
47990.0000059999,0.73318092904102,3.34055028391332
48000.0000056666,0.733333706848471,3.34074116159368
48010.000006,0.733486484724927,3.34074116159368
48020.0000060001,0.733639262517601,3.34074116159368
48030.0000059998,0.733792040351243,3.34074116159368
48040.0000059999,0.733944818213556,3.34074116159368
48050.000006,0.734097596090419,3.34074116159368
48060.0000060001,0.734250373915044,3.34093203927403
48070.0000066665,0.734403151745751,3.34093203927403
48080.0000056665,0.734555929492393,3.34093203927403
48090.0001563334,0.734708709586574,3.34112291695439
48100.0000066667,0.734861485104958,3.34112291695439
48110.0000076665,0.735014262851942,3.34112291695439
48120.0000063332,0.73516704064549,3.34112291695439
48130.0000059999,0.735319818434998,3.34112291695439
48140.0000089999,0.735472596253266,3.34131379463474
48150.0000106667,0.735625374106276,3.34131379463474
48160.0000056668,0.735778151853838,3.3415046723151
48170.0000056665,0.735930929709794,3.3415046723151
48180.0000059999,0.736083707563885,3.3415046723151
48190.0000073335,0.736236485443353,3.3415046723151
48200.0002786666,0.736389267489782,3.3415046723151
48210.0000059998,0.736542041192485,3.34169554999546
48220.0000059999,0.736694818979558,3.34169554999546
48230.0000103333,0.736847596851354,3.34169554999546
48240.0000060001,0.737000374615071,3.34169554999546
48250.0000060001,0.737153152420577,3.34188642767581
48260.0000090001,0.737305930189873,3.34188642767581
48270.0000056666,0.737458707960305,3.34188642767581
48280.000006,0.737611485732483,3.34207730535617
48290.0000119999,0.737764263624319,3.34207730535617
48300.0000059998,0.737917041314144,3.34207730535617
48310.0000063333,0.738069819109398,3.34226818303653
48320.0000080001,0.738222596949439,3.34226818303653
48330.0000060001,0.738375374765578,3.34226818303653
48340.0000056668,0.738528152686682,3.34226818303653
48350.0000059999,0.738680930517395,3.34245906071688
48360.0000136665,0.738833708455404,3.34245906071688
48370.000006,0.738986486178448,3.34245906071688
48380.0000110001,0.739139264123643,3.34264993839724
48390.0000059998,0.739292041864963,3.34264993839724
48400.0000059999,0.739444819781401,3.34264993839724
48410.000011,0.739597597733336,3.34264993839724
48420.0004949999,0.739750382995197,3.34284081607759
48430.0000060001,0.739903153378424,3.34284081607759
48440.0000063332,0.74005593130588,3.34284081607759
48450.0000066667,0.740208709235981,3.34303169375795
48460.0000093333,0.740361487114867,3.34303169375795
48470.0000116665,0.740514264950528,3.34303169375795
48480.0000059998,0.740667042670164,3.34303169375795
48490.0000059999,0.740819820632368,3.34303169375795
48500.000006,0.74097259852889,3.34322257143831
48510.0000070001,0.741125376389353,3.34322257143831
48520.0000063331,0.741278154305553,3.34322257143831
48530.000012,0.741430932290021,3.34341344911866
48540.0000080001,0.741583710121116,3.34341344911866
48550.0002573333,0.74173649182593,3.34341344911866
48560.0000093333,0.741889265953328,3.34341344911866
48570.0000066665,0.742042043807613,3.34341344911866
48580.0000059999,0.742194821677467,3.34360432679902
48590.0000126665,0.742347599711603,3.34360432679902
48600.0002509999,0.7425003812291,3.34379520447937
48610.0000109998,0.742653155379595,3.34379520447937
48620.0002163335,0.742805936459942,3.34379520447937
48630.0000096665,0.742958711171156,3.34379520447937
48640.0000110001,0.743111489148297,3.34379520447937
48650.0000083333,0.74326426700766,3.34398608215973
48660.0000056665,0.743417044904956,3.34398608215973
48670.0000063333,0.743569822733322,3.34398608215973
48680.000006,0.74372260077984,3.34417695984009
48690.0000060001,0.743875378617528,3.34417695984009
48700.0000063331,0.744028156500368,3.34417695984009
48710.0000059999,0.744180934366178,3.34417695984009
48720.0000059999,0.744333712187166,3.34436783752044
48730.000006,0.74448648999368,3.34436783752044
48740.0000110001,0.744639267882206,3.3445587152008
48750.0000119999,0.744792045745784,3.3445587152008
48760.0000059999,0.744944823525205,3.3445587152008
48770.000006,0.745097601355107,3.3445587152008
48780.0000063334,0.745250379180698,3.34474959288116
48790.0000119999,0.745403157094489,3.34474959288116
48800.000012,0.745555934964043,3.34474959288116
48810.0000059999,0.745708712813145,3.34494047056151
48820.000006,0.745861490671476,3.34494047056151
48830.0000060001,0.746014268535811,3.34513134824187
48840.0000059998,0.746167046397034,3.34513134824187
48850.0000063333,0.746319824311573,3.34513134824187
48860.0000123335,0.746472602275135,3.34513134824187
48870.0000060001,0.746625380010227,3.34532222592222
48880.0000086667,0.746778157907195,3.34532222592222
48890.0000073333,0.746930935741673,3.34532222592222
48900.0000059999,0.747083713573083,3.34551310360258
48910.000006,0.747236491408043,3.34551310360258
48920.0000060001,0.747389269361269,3.34551310360258
48930.0000056665,0.747542047261279,3.34570398128294
48940.0000536668,0.747694825854924,3.34570398128294
48950.0000056666,0.747847602964039,3.34570398128294
48960.00001,0.748000380930822,3.34570398128294
48970.0000063331,0.748153158717429,3.34589485896329
48980.0000063332,0.748305936536112,3.34608573664365
48990.0000333333,0.748458714772143,3.34608573664365
49000.0000096666,0.74861149221424,3.34608573664365
49010.0001969999,0.748764272830259,3.34608573664365
49020.0003586666,0.748917053120495,3.34608573664365
49030.0000076667,0.749069825537954,3.34627661432401
49040.0000923334,0.749222604789859,3.34627661432401
49050.0000060001,0.749375381308279,3.34646749200436
49060.0003669999,0.749528164634149,3.34646749200436
49070.0000076667,0.749680936966091,3.34646749200436
49080.0000059999,0.749833714739043,3.34646749200436
49090.000006,0.749986492535935,3.34646749200436
49100.0000060001,0.750139270395375,3.34665836968472
49110.0000083333,0.75029204824382,3.34665836968472
49120.0000090001,0.750444826014776,3.34684924736507
49130.000006,0.750597603789548,3.34684924736507
49140.0000060001,0.750750381636674,3.34684924736507
49150.0000060001,0.750903159434883,3.34684924736507
49160.0000059999,0.751055937268129,3.34704012504543
49170.0000096665,0.751208715181536,3.34704012504543
49180.00001,0.751361493063214,3.34723100272579
49190.0001353333,0.751514272788284,3.34723100272579
49200.0000059998,0.751667048599177,3.34723100272579
49210.0000703333,0.751819827373512,3.34723100272579
49220.0004466666,0.751972611032522,3.34742188040614
49230.0000060001,0.752125382089908,3.3476127580865
49240.0002533335,0.752278163744564,3.3476127580865
49250.0000059999,0.752430937826387,3.3476127580865
49260.0001533332,0.752583717904757,3.3476127580865
49270.000006,0.752736493531585,3.34780363576685
49280.0000060001,0.752889271369117,3.34780363576685
49290.0001593332,0.753042051528696,3.34780363576685
49300.0002493333,0.753194830656028,3.34799451344721
49310.0000073334,0.753347604884228,3.34799451344721
49320.0000113335,0.753500382763476,3.34799451344721
49330.0000060001,0.753653160428517,3.34818539112757
49340.0001273332,0.753805940191667,3.34818539112757
49350.0000113333,0.75395871619603,3.34837626880792
49360.0000079998,0.754111493968855,3.34837626880792
49370.0000083333,0.75426427179481,3.34837626880792
49380.0000059998,0.754417049549049,3.34856714648828
49390.0000059999,0.754569827453918,3.34856714648828
49400.0002226667,0.754722608626041,3.34875802416864
49410.0000060001,0.754875383246879,3.34875802416864
49420.0000060001,0.7550281610594,3.34875802416864
49430.0000090001,0.755180938911477,3.34875802416864
49440.0000059999,0.755333716787938,3.34894890184899
49450.000006,0.755486494762813,3.34894890184899
49460.0000060001,0.755639272474897,3.34913977952935
49470.0000056665,0.755792050466225,3.34913977952935
49480.0000059999,0.755944828262306,3.34913977952935
49490.0000063333,0.756097606279703,3.34913977952935
49500.0000056667,0.756250384128127,3.3493306572097
49510.0000060001,0.756403162063108,3.3493306572097
49520.0000059999,0.75655593993924,3.34952153489006
49530.0000089998,0.756708717859258,3.34952153489006
49540.0004696667,0.75686150272531,3.34952153489006
49550.0000060001,0.757014273378124,3.34952153489006
49560.0000056665,0.75716705113653,3.34952153489006
49570.0000059999,0.757319829123257,3.34971241257042
49580.000006,0.757472606963409,3.34971241257042
49590.0000083332,0.757625384822835,3.34990329025077
49600.0000103335,0.757778162743005,3.34990329025077
49610.0000113333,0.757930940621998,3.34990329025077
49620.0000056666,0.758083718344023,3.35009416793113
49630.000006,0.758236496096407,3.35009416793113
49640.0000060001,0.758389273999314,3.35009416793113
49650.0002520001,0.758542055556972,3.35028504561148
49660.0000059999,0.758694829633448,3.35028504561148
49670.0000063333,0.75884760745031,3.35028504561148
49680.0000060001,0.759000385218541,3.35047592329184
49690.000009,0.759153163103567,3.35047592329184
49700.0000059999,0.759305940881551,3.3506668009722
49710.0000059999,0.759458718741613,3.3506668009722
49720.0000089999,0.759611496642547,3.3506668009722
49730.0000073332,0.759764274450442,3.3506668009722
49740.0000109999,0.759917052202008,3.35085767865255
49750.0000059999,0.760069829850148,3.35085767865255
49760.0000633332,0.76022260851967,3.35085767865255
49770.0000116665,0.760375385512685,3.35104855633291
49780.0000119999,0.760528163283202,3.35104855633291
49790.0000059999,0.760680940951532,3.35123943401327
49800.0000066667,0.760833718699068,3.35123943401327
49810.0000096666,0.760986496467639,3.35143031169362
49820.0000060001,0.761139274257083,3.35143031169362
49830.0000059998,0.761292052062454,3.35143031169362
49840.000012,0.761444829929627,3.35143031169362
49850.0000099999,0.761597607707471,3.35162118937398
49860.0000096667,0.761750385526018,3.35162118937398
49870.0000066665,0.761903163404846,3.35181206705433
49880.0000059999,0.762055941230287,3.35181206705433
49890.0000083335,0.762208719084822,3.35181206705433
49900.000006,0.76236149690049,3.35200294473469
49910.0000060001,0.762514274861934,3.35200294473469
49920.0000066665,0.762667052783118,3.35200294473469
49930.0004199999,0.76281983690272,3.35219382241505
49940.0002146668,0.762972611810166,3.35219382241505
49950.0003953332,0.763125392269888,3.35219382241505
49960.0002949999,0.763278168639928,3.3523847000954
49970.0000059999,0.763430942219385,3.3523847000954
49980.0000106666,0.763583720157637,3.3523847000954
49990.000006,0.763736498030298,3.35257557777576
50000.0000516665,0.763889276583345,3.35257557777576
50010.0000059998,0.764042053799704,3.35257557777576
50020.0001880001,0.764194834452709,3.35257557777576
50030.0002280001,0.764347612934325,3.35257557777576
50040.0000060001,0.764500387493412,3.35276645545611
50050.0000060001,0.76465316533271,3.35276645545611
50060.0000059999,0.764805943205176,3.35276645545611
50070.0000059999,0.764958721076442,3.35295733313647
50080.000006,0.765111499048954,3.35295733313647
50090.0000060001,0.765264276960806,3.35295733313647
50100.0000113332,0.765417054977007,3.35295733313647
50110.0000056665,0.76556983278134,3.35314821081683
50120.0001113335,0.76572261229778,3.35314821081683
50130.0003973334,0.765875394578022,3.35333908849718
50140.0000076666,0.766028166536775,3.35333908849718
50150.0000059999,0.766180944472638,3.35333908849718
50160.0004916666,0.766333729713646,3.35333908849718
50170.000006,0.766486500322442,3.35352996617754
50180.0000060001,0.766639278230564,3.35352996617754
50190.0000720001,0.766792057013223,3.3537208438579
50200.0000059999,0.766944833992302,3.3537208438579
50210.0003673334,0.767097617340952,3.3537208438579
50220.0000060001,0.767250389677835,3.3537208438579
50230.0000060001,0.767403167717568,3.35391172153825
50240.0000106665,0.767555945758351,3.35391172153825
50250.0000059999,0.767708723597075,3.35391172153825
50260.000006,0.767861501462014,3.35410259921861
50270.0000063335,0.768014279292548,3.35410259921861
50280.0004169999,0.768167063458288,3.35429347689896
50290.0000059999,0.768319835086727,3.35429347689896
50300.0000066667,0.768472612908151,3.35429347689896
50310.0000650001,0.768625391800644,3.35448435457932
50320.0000056668,0.768778168792752,3.35448435457932
50330.0000083334,0.76893094663667,3.35448435457932
50340.0000059999,0.769083724520262,3.35448435457932
50350.000006,0.769236502452392,3.35448435457932
50360.0000060001,0.769389280306402,3.35467523225968
50370.0000063332,0.76954205826243,3.35467523225968
50380.0000056665,0.769694836117089,3.35486610994003
50390.000006,0.769847614027751,3.35486610994003
50400.0000079999,0.770000391974404,3.35486610994003
50410.0000060001,0.770153169807864,3.35505698762039
50420.0000113333,0.770305947781399,3.35505698762039
50430.0002523332,0.77045872930156,3.35505698762039
50440.0000063334,0.770611503426964,3.35524786530074
50450.0000060001,0.770764281316831,3.35524786530074
50460.0000059998,0.770917059110471,3.35524786530074
50470.0004783332,0.77106984418466,3.35524786530074
50480.000006,0.771222614811687,3.35524786530074
50490.0000060001,0.771375392677951,3.3554387429811
50500.0000073332,0.771528170541363,3.3554387429811
50510.0000059999,0.771680948440954,3.3554387429811
50520.0000059999,0.771833726305744,3.35562962066146
50530.000006,0.771986504223342,3.35562962066146
50540.0000116665,0.772139282189176,3.35562962066146
50550.0000059998,0.772292059992632,3.35562962066146
50560.0001660001,0.772444840305209,3.35562962066146
50570.000006,0.772597615776344,3.35562962066146
50580.0000076665,0.77275039360314,3.35582049834181
50590.0000063331,0.772903171511005,3.35582049834181
50600.0000059999,0.773055949437342,3.35582049834181
50610.0000066667,0.773208727369667,3.35601137602217
50620.0000056667,0.773361505204028,3.35601137602217
50630.0000093333,0.773514283185604,3.35601137602217
50640.0001739999,0.773667063596082,3.35601137602217
50650.0000056665,0.773819838817214,3.35601137602217
50660.0000063333,0.773972616714208,3.35601137602217
50670.0000060001,0.774125394613077,3.35620225370253
50680.0000063331,0.774278172582598,3.35620225370253
50690.0002359999,0.774430953859079,3.35620225370253
50700.0000059999,0.77458372821991,3.35639313138288
50710.000006,0.774736506057865,3.35639313138288
50720.0000060001,0.774889283943871,3.35639313138288
50730.0000059998,0.775042061865429,3.35639313138288
50740.0005089998,0.775194847454127,3.35639313138288
50750.0000089999,0.775347617702979,3.35639313138288
50760.0000060001,0.775500395563363,3.35658400906324
50770.0000060001,0.77565317343672,3.35658400906324
50780.0000059999,0.775805951194412,3.35677488674359
50790.0000059999,0.775958729017957,3.35677488674359
50800.000006,0.776111506941263,3.35677488674359
50810.0003743334,0.776264290455695,3.35677488674359
50820.0000059998,0.776417062701143,3.35677488674359
50830.0002206665,0.776569843871272,3.35696576442395
50840.000006,0.776722618540289,3.35696576442395
50850.0000063334,0.776875396430682,3.35696576442395
50860.0000063331,0.777028174259856,3.35696576442395
50870.000012,0.777180952388599,3.35715664210431
50880.0000059999,0.7773337302032,3.35696576442395
50890.00001,0.777486508223923,3.35715664210431
50900.0000060001,0.777639285987255,3.35715664210431
50910.0000066665,0.777792063975402,3.35715664210431
50920.0000056665,0.77794484197514,3.35734751978466
50930.0000126665,0.778097619937496,3.35734751978466
50940.0004390001,0.77825040447509,3.35734751978466
50950.000139,0.77840317778855,3.35753839746502
50960.0000063332,0.778555953664748,3.35753839746502
50970.0000113333,0.778708731752715,3.35753839746502
50980.000006,0.778861509629077,3.35753839746502
50990.0000060001,0.779014287488431,3.35753839746502
51000.0003266666,0.779167070433061,3.35753839746502
51010.0000080001,0.77931984342284,3.35753839746502
51020.0001466667,0.779472623437985,3.35772927514537
51030.0000073331,0.779625399175971,3.35772927514537
51040.0000066665,0.779778177043394,3.35772927514537
51050.0000096665,0.779930954979488,3.35772927514537
51060.0000059999,0.780083732770828,3.35772927514537
51070.0002506665,0.780236514372084,3.35792015282573
51080.0000060001,0.78038928855364,3.35792015282573
51090.0000059998,0.780542066416122,3.35792015282573
51100.0000059999,0.780694844213091,3.35792015282573
51110.000006,0.780847622103397,3.35792015282573
51120.0000060001,0.781000399938577,3.35811103050609
51130.0000109998,0.781153177840203,3.35811103050609
51140.0000056665,0.781305955673205,3.35811103050609
51150.0000059999,0.781458733505676,3.35811103050609
51160.0001920001,0.781611514181812,3.35811103050609
51170.0000060001,0.78176428918587,3.35830190818644
51180.0003163331,0.781917071759674,3.35830190818644
51190.0000056665,0.782069844881035,3.35830190818644
51200.000006,0.782222622714157,3.35830190818644
51210.0000070001,0.782375400606012,3.35830190818644
51220.0000123333,0.782528178530485,3.35830190818644
51230.0000096665,0.78268095632801,3.35830190818644
51240.0004226665,0.782833740446236,3.35830190818644
51250.0000066667,0.782986511906299,3.3584927858668
51260.0000060001,0.783139289733876,3.3584927858668
51270.0000063332,0.783292067586416,3.3584927858668
51280.0000106666,0.783444845504071,3.3584927858668
51290.000006,0.783597623117095,3.35868366354716
51300.0000060001,0.783750401122896,3.3584927858668
51310.0003123331,0.7839031836703,3.35868366354716
51320.0000056665,0.784055956878122,3.35868366354716
51330.000007,0.784208734759091,3.35868366354716
51340.0000056667,0.784361512613224,3.35868366354716
51350.0000106668,0.784514290571527,3.35868366354716
51360.0000059998,0.784667068352255,3.35868366354716
51370.0000093331,0.784819846187148,3.35868366354716
51380.000006,0.784972623982051,3.35868366354716
51390.00001,0.785125401883262,3.35868366354716
51400.0000069999,0.785278179752326,3.35868366354716
51410.0000059999,0.785430957628438,3.35868366354716
51420.000007,0.785583735490433,3.35887454122751
51430.000006,0.785736513298055,3.35887454122751
51440.0000060001,0.785889291094097,3.35887454122751
51450.0000100001,0.786042068977054,3.35906541890787
51460.000012,0.786194846902989,3.35906541890787
51470.0003726665,0.786347630212493,3.35906541890787
51480.0000060001,0.786500402419659,3.35906541890787
51490.0000056668,0.786653180225899,3.35906541890787
51500.0000063332,0.786805958033852,3.35906541890787
51510.0000059999,0.786958735894899,3.35906541890787
51520.000006,0.787111513712038,3.35906541890787
51530.0000110001,0.787264291617719,3.35906541890787
51540.0000059998,0.787417069330359,3.35906541890787
51550.0000083334,0.787569847231094,3.35906541890787
51560.000006,0.787722625074898,3.35925629658822
51570.0000063334,0.787875402947805,3.35925629658822
51580.0001226668,0.788028182675642,3.35925629658822
51590.0000059999,0.788180958765924,3.35925629658822
51600.0000113333,0.788333736672756,3.35925629658822
51610.0004939998,0.788486521926423,3.35925629658822
51620.0003783333,0.788639298130878,3.35925629658822
51630.0000063332,0.788792070389481,3.35925629658822
51640.0000496665,0.788944848909488,3.35944717426858
51650.0000106667,0.78909762632642,3.35944717426858
51660.0000106667,0.789250404208515,3.35944717426858
51670.0000066665,0.789403181927343,3.35944717426858
51680.0000059999,0.789555959932882,3.35944717426858
51690.0000089998,0.789708737819165,3.35944717426858
51700.0000093333,0.789861515633772,3.35944717426858
51710.0000060001,0.79001429348471,3.35944717426858
51720.0001773332,0.790167074041836,3.35944717426858
51730.0001153333,0.790319850975964,3.35944717426858
51740.0003946668,0.790472633140691,3.35963805194894
51750.0000060001,0.790625405042419,3.35963805194894
51760.0001283332,0.790778184740825,3.35963805194894
51770.0000069999,0.790930960729659,3.35963805194894
51780.0000059999,0.791083738657973,3.35963805194894
51790.000006,0.791236516537182,3.35963805194894
51800.0000060001,0.791389294464815,3.35963805194894
51810.0000056665,0.791542072398637,3.35963805194894
51820.0004630001,0.791694857289368,3.35982892962929
51830.000006,0.791847628156057,3.35982892962929
51840.0000060001,0.792000405954466,3.35982892962929
51850.0000060001,0.792153183794644,3.35982892962929
51860.0000069999,0.792305961690905,3.35982892962929
51870.0000059999,0.792458739605367,3.35982892962929
51880.000006,0.792611517487695,3.35982892962929
51890.0000060001,0.792764295422238,3.35982892962929
51900.0000056665,0.792917073295879,3.35982892962929
51910.0000063333,0.793069851139585,3.35982892962929
51920.0000086665,0.793222629007296,3.35982892962929
51930.0000066668,0.793375406808996,3.36001980730965
51940.0000063331,0.793528184769607,3.35982892962929
51950.0001570001,0.793680964981757,3.35982892962929
51960.0000063333,0.793833740607107,3.36001980730965
51970.000006,0.793986518501316,3.36001980730965
51980.0000103334,0.794139296469794,3.36001980730965
51990.0000059998,0.794292074318206,3.36001980730965
52000.0000059999,0.794444852225161,3.36001980730965
52010.0003986667,0.794597636117126,3.36001980730965
52020.0000269999,0.794750408414429,3.36001980730965
52030.0001523333,0.794903188268096,3.36001980730965
52040.000246,0.795055967609324,3.36001980730965
52050.0000059999,0.795208741829834,3.36001980730965
52060.000006,0.795361519709627,3.36021068499001
52070.0000060001,0.79551429760628,3.36021068499001
52080.0000056665,0.795667075520725,3.36021068499001
52090.0000086668,0.795819853447053,3.36021068499001
52100.000006,0.795972631315133,3.36021068499001
52110.0004169998,0.7961254154284,3.36021068499001
52120.0000056668,0.796278186888039,3.36021068499001
52130.0000086667,0.796430964799017,3.36021068499001
52140.0000059999,0.796583742605709,3.36040156267036
52150.0002343333,0.796736523853023,3.36040156267036
52160.0002490001,0.796889301869704,3.36040156267036
52170.0003150001,0.797042080739852,3.36040156267036
52180.0000109999,0.797194853945583,3.36040156267036
52190.000006,0.797347631685542,3.36040156267036
52200.0000163331,0.797500409606028,3.36040156267036
52210.0000100001,0.79765318734983,3.36040156267036
52220.0000090001,0.797805965171237,3.36040156267036
52230.0000059999,0.797958742946613,3.36040156267036
52240.0000076665,0.798111520742882,3.36040156267036
52250.0000060001,0.79826429853447,3.36040156267036
52260.0000059998,0.798417076380259,3.36059244035072
52270.0000109999,0.798569854405592,3.36040156267036
52280.000006,0.798722632128868,3.36059244035072
52290.00001,0.798875410120211,3.36059244035072
52300.0000066665,0.7990281879445,3.36059244035072
52310.0000059999,0.799180965805667,3.36059244035072
52320.0000056666,0.799333743642479,3.36059244035072
52330.0004173331,0.799486527753998,3.36059244035072
52340.0000060001,0.79963929927497,3.36059244035072
52350.0000119999,0.799792077212027,3.36059244035072
52360.0000059999,0.799944854867343,3.36059244035072
52370.0000063333,0.800097632799966,3.36059244035072
52380.0000123332,0.800250410769154,3.36059244035072
52390.0000060001,0.800403188517251,3.36059244035072
52400.000008,0.80055596642035,3.36059244035072
52410.0000059999,0.800708744199784,3.36059244035072
52420.000006,0.800861522109475,3.36059244035072
52430.0000060001,0.801014299894935,3.36059244035072
52440.0000100001,0.80116707798296,3.36078331803107
52450.0000063333,0.801319855782617,3.36059244035072
52460.000006,0.801472633740704,3.36059244035072
52470.0000060001,0.801625411636982,3.36078331803107
52480.0002623335,0.801778193505671,3.36059244035072
52490.000035,0.801930967930086,3.36059244035072
52500.0000059999,0.802083745395551,3.36059244035072
52510.000006,0.802236523425803,3.36078331803107
52520.0000100001,0.802389301318119,3.36078331803107
52530.0000123333,0.802542079176551,3.36078331803107
52540.0000090001,0.802694857008567,3.36078331803107
52550.0000096666,0.802847634890043,3.36078331803107
52560.0000126665,0.803000412759749,3.36078331803107
52570.0000056668,0.80315319048659,3.36078331803107
52580.0000059999,0.803305968319862,3.36078331803107
52590.0000059999,0.803458746156384,3.36078331803107
52600.0001003333,0.803611525360297,3.36078331803107
52610.0000060001,0.803764301645362,3.36078331803107
52620.0000066665,0.80391707942891,3.36078331803107
52630.0000059999,0.804069857210674,3.36078331803107
52640.0003609999,0.804222640423329,3.36078331803107
52650.0000060001,0.8043754127703,3.36078331803107
52660.0004699998,0.804528197681863,3.36078331803107
52670.0000059999,0.804680968466889,3.36078331803107
52680.0000059999,0.804833746381662,3.36078331803107
52690.0000089999,0.804986524211872,3.36097419571143
52700.0000060001,0.805139301933074,3.36078331803107
52710.0000299999,0.80529208007162,3.36097419571143
52720.0000059999,0.805444857495927,3.36097419571143
52730.000006,0.805597635266558,3.36097419571143
52740.0000103334,0.805750413190493,3.36097419571143
52750.0000056668,0.805903190934864,3.36097419571143
52760.0000113333,0.806055968861563,3.36097419571143
52770.0000059999,0.806208746583937,3.36097419571143
52780.0001806666,0.806361527031187,3.36097419571143
52790.0000066665,0.806514302211096,3.36097419571143
52800.0000066665,0.806667080028273,3.36097419571143
52810.0000063333,0.806819857906076,3.36097419571143
52820.0000066667,0.806972635796739,3.36097419571143
52830.0000690001,0.807125414525978,3.36097419571143
52840.0000060001,0.807278191427289,3.36097419571143
52850.0000059999,0.807430969262192,3.36097419571143
52860.0000059999,0.807583747061201,3.36097419571143
52870.0000070001,0.807736524954852,3.36097419571143
52880.0000123332,0.807889302866086,3.36097419571143
52890.0000063332,0.808042080618262,3.36097419571143
52900.0002179999,0.808194861683803,3.36097419571143
52910.0000063333,0.808347636298428,3.36097419571143
52920.0000056667,0.808500414131521,3.36097419571143
52930.0000060001,0.808653191993995,3.36097419571143
52940.0000073333,0.808805969947506,3.36097419571143
52950.0000056666,0.808958747818491,3.36097419571143
52960.0000056667,0.809111525684912,3.36097419571143
52970.0000060001,0.809264303557031,3.36116507339179
52980.0000059998,0.809417081390709,3.36116507339179
52990.0000059999,0.809569859203021,3.36097419571143
53000.0001096667,0.809722638762271,3.36097419571143
53010.0000063334,0.809875414986457,3.36116507339179
53020.0000056668,0.81002819291975,3.36097419571143
53030.0004716667,0.810180977892602,3.36116507339179
53040.0003773335,0.810333754418052,3.36116507339179
53050.0000063334,0.81048652665169,3.36116507339179
53060.0002289999,0.810639307924303,3.36116507339179
53070.0000113332,0.810792082588644,3.36116507339179
53080.0000066666,0.810944860437351,3.36116507339179
53090.0002266667,0.81109764167131,3.36116507339179
53100.0000060001,0.811250416158494,3.36116507339179
53110.0000060001,0.811403193957684,3.36116507339179
53120.0001623335,0.811555974250996,3.36116507339179
53130.000007,0.811708749642545,3.36116507339179
53140.0000056667,0.811861527685176,3.36116507339179
53150.0000073332,0.812014305556486,3.36116507339179
53160.0001523333,0.812167085753385,3.36116507339179
53170.0000123334,0.812319861482638,3.36116507339179
53180.0002590001,0.812472643098087,3.36116507339179
53190.0000246668,0.812625417325008,3.36135595107214
53200.0000060001,0.812778195004493,3.36116507339179
53210.0000063332,0.812930972914041,3.36116507339179
53220.0004816665,0.813083758103456,3.36116507339179
53230.0000066667,0.81323652875122,3.36116507339179
53240.0003313332,0.813389311642894,3.36135595107214
53250.0000283331,0.813542084989615,3.36135595107214
53260.0000066666,0.813694862462877,3.36135595107214
53270.000006,0.813847640338872,3.36135595107214
53280.0000060001,0.81400041821189,3.36116507339179
53290.0000119999,0.814153196207175,3.36135595107214
53300.0000056665,0.814305974056029,3.36135595107214
53310.000254,0.81445875576809,3.36135595107214
53320.000006,0.814611529865464,3.36135595107214
53330.0000063335,0.814764307875265,3.36135595107214
53340.0000059998,0.814917085688309,3.36135595107214
53350.0000093331,0.815069863665572,3.36135595107214
53360.0003893334,0.815222647339785,3.36135595107214
53370.0000060001,0.815375419472465,3.36135595107214
53380.0000063331,0.815528197387433,3.36135595107214
53390.0000056665,0.815680975192176,3.36135595107214
53400.0000059999,0.815833753024066,3.36135595107214
53410.0000063334,0.815986530901116,3.36135595107214
53420.0000060001,0.816139308732256,3.36135595107214
53430.0000059998,0.816292086541145,3.36135595107214
53440.0000090001,0.816444864434117,3.36135595107214
53450.000006,0.816597642298689,3.36135595107214
53460.0000060001,0.81675042017995,3.36135595107214
53470.0000743332,0.816903199101157,3.36135595107214
53480.0000059999,0.817055975981618,3.36135595107214
53490.0000059999,0.817208753861549,3.36135595107214
53500.000055,0.817361532474256,3.36135595107214
53510.0000056667,0.817514309543584,3.36135595107214
53520.0003326667,0.817667092371204,3.36135595107214
53530.0000116667,0.817819865239794,3.36135595107214
53540.000006,0.81797264315074,3.36135595107214
53550.0000063334,0.818125421057064,3.36135595107214
53560.0000060001,0.818278198947658,3.36135595107214
53570.0000056665,0.818430976882104,3.36135595107214
53580.0000059999,0.818583754741788,3.36135595107214
53590.0000089999,0.818736532673346,3.36135595107214
53600.0000060001,0.81888931057667,3.36135595107214
53610.0000056665,0.819042088358698,3.36135595107214
53620.0000716668,0.819194867135954,3.36135595107214
53630.0000070001,0.819347643948815,3.36135595107214
53640.0000070001,0.819500421722823,3.36135595107214
53650.0000100001,0.819653199595112,3.36135595107214
53660.0004180001,0.819805983752376,3.36135595107214
53670.0004883333,0.819958762671198,3.36135595107214
53680.0000096666,0.820111533239481,3.36135595107214
53690.0000066665,0.820264311084237,3.36135595107214
53700.0000059998,0.820417088871445,3.36135595107214
53710.0000059999,0.820569866860943,3.36135595107214
53720.0000089999,0.820722644808473,3.36135595107214
53730.0004933331,0.820875430123074,3.3615468287525
53740.0000063331,0.821028200601602,3.36135595107214
53750.0000059999,0.821180978500898,3.36135595107214
53760.0000059999,0.821333756437341,3.3615468287525
53770.000199,0.821486537168295,3.3615468287525
53780.0000060001,0.821639312256538,3.36135595107214
53790.0000066665,0.821792090166229,3.3615468287525
53800.0000093331,0.821944868024818,3.36135595107214
53810.0001070001,0.82209764738119,3.3615468287525
53820.0000106667,0.82225042370524,3.36135595107214
53830.0000060001,0.822403201626031,3.36135595107214
53840.0000059999,0.822555979481249,3.36135595107214
53850.0000059999,0.822708757386984,3.3615468287525
53860.0000063334,0.822861535193825,3.3615468287525
53870.0000110001,0.823014313166153,3.3615468287525
53880.0000479999,0.823167091722718,3.3615468287525
53890.0000083334,0.823319869032731,3.3615468287525
53900.0000103333,0.823472646899726,3.3615468287525
53910.0000486665,0.823625425375454,3.3615468287525
53920.0001329999,0.82377820458466,3.3615468287525
53930.0000059999,0.823930980567201,3.3615468287525
53940.0000103333,0.82408375860164,3.3615468287525
53950.000006,0.824236536410097,3.3615468287525
53960.0001993334,0.824389317224312,3.3615468287525
53970.0000059998,0.824542092063992,3.3615468287525
53980.0000059999,0.824694869896086,3.3615468287525
53990.0001219999,0.824847649496436,3.3615468287525
54000.0000060001,0.825000425558658,3.3615468287525
54010.0000093334,0.825153203534612,3.3615468287525
54020.0000083334,0.825305981374487,3.3615468287525
54030.0000063333,0.825458759216117,3.3615468287525
54040.000006,0.825611537061918,3.3615468287525
54050.0000060001,0.825764314887109,3.3615468287525
54060.0000059998,0.825917092737565,3.3615468287525
54070.0000063333,0.82606987062152,3.3615468287525
54080.000006,0.826222648432608,3.36173770643285
54090.0000060001,0.826375426289981,3.3615468287525
54100.0000060001,0.826528204147402,3.3615468287525
54110.0000063332,0.826680981964789,3.36173770643285
54120.0000089998,0.826833759864165,3.3615468287525
54130.000006,0.826986537551293,3.36173770643285
54140.0000060001,0.827139315518783,3.36173770643285
54150.0000113332,0.827292093428306,3.3615468287525
54160.0000066666,0.827444871264879,3.36173770643285
54170.0000063333,0.827597649139347,3.36173770643285
54180.0000060001,0.827750427001582,3.36173770643285
54190.0000100001,0.827903204900291,3.36173770643285
54200.0000056665,0.828055982754046,3.36173770643285
54210.0000059999,0.828208760667845,3.36173770643285
54220.00001,0.828361538640812,3.36173770643285
54230.0000060001,0.828514316461696,3.36173770643285
54240.0000063332,0.828667094337188,3.36173770643285
54250.0000059999,0.828819872183459,3.36173770643285
54260.0000123335,0.82897265011465,3.36173770643285
54270.0000083332,0.829125427815113,3.36173770643285
54280.0000093334,0.829278205660791,3.36173770643285
54290.0000090001,0.829430983500419,3.36173770643285
54300.0000076667,0.829583761363354,3.36173770643285
54310.000006,0.829736539273307,3.36173770643285
54320.0000069998,0.829889317224842,3.36173770643285
54330.0000059998,0.83004209511605,3.36173770643285
54340.000264,0.830194877022069,3.36173770643285
54350.000006,0.830347650997552,3.36173770643285
54360.0004393331,0.830500435581015,3.36173770643285
54370.0000060001,0.830653206766039,3.36173770643285
54380.0000063332,0.830805984708891,3.36173770643285
54390.0000093332,0.830958762737373,3.36173770643285
54400.0000063334,0.831111540647193,3.36173770643285
54410.0000063335,0.831264318481196,3.36173770643285
54420.0000059998,0.831417096456587,3.36173770643285
54430.0000059999,0.831569874416365,3.36173770643285
54440.0000056666,0.831722652242824,3.36173770643285
54450.0000056667,0.831875430108335,3.36173770643285
54460.0000060001,0.832028208128993,3.36173770643285
54470.0000056665,0.832180986085273,3.36173770643285
54480.0000066667,0.832333764007148,3.36173770643285
54490.0004273332,0.832486548337436,3.36173770643285
54500.0000060001,0.832639319847285,3.36173770643285
54510.0000103331,0.832792097825649,3.36173770643285
54520.0000059999,0.832944875625007,3.36173770643285
54530.0000086665,0.83309765364238,3.36173770643285
54540.0000060001,0.833250431543849,3.36173770643285
54550.0000060001,0.833403209381438,3.36173770643285
54560.0000073333,0.833555987443358,3.36173770643285
54570.0000059999,0.833708765338943,3.36173770643285
54580.0002856667,0.833861547483698,3.36173770643285
54590.0003333333,0.834014326130134,3.36173770643285
54600.0000090001,0.834167099041629,3.36173770643285
54610.0000109999,0.834319876998604,3.36173770643285
54620.0004283333,0.834472661409531,3.36173770643285
54630.0000073331,0.83462543291094,3.36173770643285
54640.0000060001,0.834778210757158,3.36173770643285
54650.0000086667,0.834930988772928,3.36173770643285
54660.0000063333,0.83508376663866,3.36173770643285
54670.0000063334,0.835236544527858,3.36173770643285
54680.0000060001,0.835389322446098,3.36173770643285
54690.0000059998,0.835542100370678,3.36173770643285
54700.0000056665,0.835694878268217,3.36173770643285
54710.000006,0.835847656176561,3.36173770643285
54720.0000060001,0.836000434099406,3.36173770643285
54730.0000063331,0.836153211950846,3.36173770643285
54740.0000069999,0.836305989804333,3.36173770643285
54750.0000063333,0.836458767680782,3.36173770643285
54760.0003033334,0.836611550105376,3.36173770643285
54770.0001500001,0.836764325696493,3.36173770643285
54780.0000113332,0.836917101467894,3.36192858411321
54790.0000096665,0.837069879403231,3.36173770643285
54800.0001923335,0.837222660154576,3.36173770643285
54810.0000060001,0.837375435119835,3.36173770643285
54820.0000056668,0.83752821317962,3.36173770643285
54830.0000059999,0.837680991020154,3.36173770643285
54840.0002623333,0.837833772936273,3.36173770643285
54850.0000070001,0.837986546890274,3.36173770643285
54860.0000076665,0.838139324853472,3.36192858411321
54870.0003726667,0.838292108314693,3.36192858411321
54880.0000116667,0.838444880636174,3.36192858411321
54890.0004620001,0.838597665363072,3.36192858411321
54900.0000083332,0.838750436304546,3.36192858411321
54910.0000086667,0.838903214153399,3.36192858411321
54920.0000073333,0.83905599205209,3.36192858411321
54930.0000443335,0.839208770522339,3.36192858411321
54940.0000063334,0.839361547816609,3.36192858411321
54950.0000060001,0.839514325618063,3.36192858411321
54960.0000059998,0.839667103624868,3.36192858411321
54970.0000059999,0.839819881532981,3.36192858411321
54980.000006,0.839972659452382,3.36192858411321
54990.0000060001,0.840125437299266,3.36192858411321
55000.0000103335,0.840278215357261,3.36192858411321
55010.0000059999,0.840430993213815,3.36192858411321
55020.0000113333,0.840583771228867,3.36192858411321
55030.0000106667,0.840736549061315,3.36192858411321
55040.0000119999,0.84088932693873,3.36192858411321
55050.0000059998,0.841042104777956,3.36192858411321
55060.0001170001,0.841194884336254,3.36192858411321
55070.0000056666,0.841347660562145,3.36192858411321
55080.0001483333,0.841500440657895,3.36192858411321
55090.0000060001,0.841653216364686,3.36192858411321
55100.0000063332,0.841805994265875,3.36192858411321
55110.0000059999,0.841958772129491,3.36192858411321
55120.0000103333,0.842111549980369,3.36192858411321
55130.0000116665,0.842264327845319,3.36192858411321
55140.0000096668,0.842417105601417,3.36192858411321
55150.0000059999,0.842569883378665,3.36192858411321
55160.000006,0.842722661273043,3.36192858411321
55170.0000103334,0.842875439198972,3.36192858411321
55180.0000063331,0.843028217018608,3.36192858411321
55190.0000059999,0.843180994867549,3.36211946179357
55200.0000059999,0.843333772726198,3.36192858411321
55210.000006,0.843486550617375,3.36211946179357
55220.0003046665,0.843639333050428,3.36211946179357
55230.0000059998,0.843792106329515,3.36211946179357
55240.0000059999,0.843944884124879,3.36211946179357
55250.0000123335,0.844097662074702,3.36211946179357
55260.0000096667,0.844250439963842,3.36211946179357
55270.0000060001,0.844403217843787,3.36211946179357
55280.0004776665,0.844556002892113,3.36211946179357
55290.0000063333,0.844708773568081,3.36211946179357
55300.000006,0.844861551404669,3.36211946179357
55310.0000060001,0.845014329330482,3.36211946179357
55320.0000073333,0.845167107262972,3.36211946179357
55330.0000059999,0.845319885055485,3.36211946179357
55340.000006,0.845472662842626,3.36211946179357
55350.0000060001,0.845625440711742,3.36211946179357
55360.0000060001,0.845778218726404,3.36211946179357
55370.0000059999,0.845930996549387,3.36211946179357
55380.0000059999,0.846083774316641,3.36211946179357
55390.0004543332,0.846236559108188,3.36211946179357
55400.0001156665,0.846389331831512,3.36211946179357
55410.0000066665,0.846542108103661,3.36211946179357
55420.0000056665,0.846694885952015,3.36211946179357
55430.0000056666,0.846847663880137,3.36211946179357
55440.0000123332,0.847000441887088,3.36211946179357
55450.0000096667,0.847153219716982,3.36211946179357
55460.0000056665,0.847305997483065,3.36211946179357
55470.0000076667,0.847458775543483,3.36211946179357
55480.0000063334,0.847611553356635,3.36211946179357
55490.0000100001,0.847764331358192,3.36211946179357
55500.0000059998,0.847917109208121,3.36211946179357
55510.0000063333,0.848069887095143,3.36211946179357
55520.0000063333,0.848222664932301,3.36211946179357
55530.0000593333,0.848375443588247,3.36211946179357
55540.0000543334,0.84852822135617,3.36211946179357
55550.0000059999,0.848680998542687,3.36211946179357
55560.0000059999,0.848833776394096,3.36211946179357
55570.000006,0.848986554278973,3.36211946179357
55580.0000060001,0.849139332180364,3.36211946179357
55590.0004109998,0.849292116195811,3.36211946179357
55600.0004636665,0.849444894886074,3.36211946179357
55610.0002036666,0.849597668861777,3.36211946179357
55620.0000070001,0.849750443628956,3.36211946179357
55630.0000510001,0.84990322229525,3.36211946179357
55640.0000066666,0.850055999512089,3.36211946179357
55650.0000059999,0.850208777454888,3.36211946179357
55660.000006,0.850361555340073,3.36211946179357
55670.000009,0.85051433330506,3.36211946179357
55680.0000059998,0.850667111082645,3.36211946179357
55690.0000063333,0.850819889131149,3.36211946179357
55700.000006,0.850972667031903,3.36231033947392
55710.0000060001,0.851125444850435,3.36211946179357
55720.0000060001,0.851278222874396,3.36231033947392
55730.0004003334,0.851431006871675,3.36231033947392
55740.0000066667,0.851583778788455,3.36231033947392
55750.0001,0.851736558135994,3.36231033947392
55760.0000060001,0.851889334628565,3.36231033947392
55770.0000059998,0.852042112449524,3.36231033947392
55780.0000059999,0.852194890431621,3.36231033947392
55790.0004053332,0.852347674473449,3.36231033947392
55800.0000096667,0.852500446352774,3.36231033947392
55810.0000060001,0.852653224187908,3.36231033947392
55820.0000059999,0.852806002038329,3.36231033947392
55830.0002640001,0.852958783828671,3.36231033947392
55840.0000103333,0.853111557839437,3.36231033947392
55850.0000100001,0.853264335762911,3.36231033947392
55860.0002473334,0.853417117297764,3.36231033947392
55870.0000059999,0.853569891486686,3.36231033947392
55880.0000063333,0.853722669364044,3.36231033947392
55890.0000060001,0.853875447178609,3.36231033947392
55900.0000076666,0.854028225145058,3.36231033947392
55910.0000059999,0.854181002973984,3.36231033947392
55920.0000093332,0.854333780970271,3.36231033947392
55930.0000063334,0.854486558798587,3.36231033947392
55940.0000119999,0.854639336881796,3.36231033947392
55950.0000059998,0.854792114767512,3.36231033947392
55960.0000059999,0.854944892752805,3.36231033947392
55970.0000106667,0.855097670716259,3.36231033947392
55980.0001609999,0.85525045089806,3.36231033947392
55990.0000056668,0.855403226479721,3.36231033947392
56000.0004253333,0.855556010754612,3.36250121715428
56010.0000059999,0.85570878236852,3.36231033947392
56020.0000089999,0.855861560350984,3.36250121715428
56030.0004256665,0.856014344589429,3.36231033947392
56040.0000059998,0.856167116056913,3.36231033947392
56050.0000113333,0.856319894146469,3.36231033947392
56060.0000080001,0.856472671988671,3.36250121715428
56070.0000123332,0.856625450023049,3.36231033947392
56080.0000096667,0.856778227795672,3.36250121715428
56090.0000083334,0.85693100581964,3.36250121715428
56100.0000063333,0.857083783647913,3.36250121715428
56110.000006,0.85723656160759,3.36250121715428
56120.0000119999,0.857389339517298,3.36250121715428
56130.0000059998,0.857542117303208,3.36250121715428
56140.0000073333,0.857694895202533,3.36250121715428
56150.0000063333,0.857847673037993,3.36250121715428
56160.0000116665,0.858000451045913,3.36250121715428
56170.0000126666,0.858153228973741,3.36250121715428
56180.0003463334,0.858306011884446,3.36250121715428
56190.0000059999,0.858458784539404,3.36250121715428
56200.0000116668,0.858611562482393,3.36250121715428
56210.0000083333,0.858764340329548,3.36250121715428
56220.0000100001,0.858917118251758,3.36250121715428
56230.0000059999,0.859069896091646,3.36250121715428
56240.0000089999,0.859222674026736,3.36250121715428
56250.0000063334,0.859375451926789,3.36250121715428
56260.0000060001,0.859528229832374,3.36250121715428
56270.0000059999,0.859681007701324,3.36250121715428
56280.0000059999,0.859833785532603,3.36250121715428
56290.0002693332,0.859986567366195,3.36250121715428
56300.0000060001,0.860139341222883,3.36250121715428
56310.0003773333,0.860292124742146,3.36250121715428
56320.0000059999,0.860444896924712,3.36250121715428
56330.000006,0.860597674811683,3.36250121715428
56340.0000060001,0.860750452699176,3.36250121715428
56350.0000073332,0.860903230597448,3.36250121715428
56360.0000106665,0.861056008514527,3.36250121715428
56370.0000059999,0.861208786331793,3.36269209483464
56380.000006,0.861361564126735,3.36250121715428
56390.0000066665,0.861514342125098,3.36250121715428
56400.0000056665,0.861667120021611,3.36250121715428
56410.0000139998,0.861819898035055,3.36250121715428
56420.0000073334,0.861972675834064,3.36250121715428
56430.000014,0.862125453790411,3.36250121715428
56440.0000060001,0.862278231575214,3.36269209483464
56450.0000069999,0.862431009416419,3.36269209483464
56460.0000059999,0.862583787289732,3.36269209483464
56470.0002656666,0.86273656912426,3.36269209483464
56480.0000060001,0.862889343089567,3.36250121715428
56490.0000059998,0.863042121003205,3.36269209483464
56500.0000059999,0.863194898893394,3.36269209483464
56510.0000099999,0.863347676844628,3.36269209483464
56520.0000116668,0.863500454835391,3.36269209483464
56530.0000056668,0.863653232681714,3.36269209483464
56540.0000076667,0.863806010556254,3.36269209483464
56550.0000066667,0.863958788556251,3.36269209483464
56560.0000113334,0.864111566526589,3.36269209483464
56570.0000060001,0.864264344346453,3.36269209483464
56580.0000059998,0.864417122228898,3.36269209483464
56590.0000116667,0.864569900275339,3.36269209483464
56600.000006,0.864722678083353,3.36269209483464
56610.0000060001,0.864875455944675,3.36269209483464
56620.000009,0.865028233885103,3.36269209483464
56630.000012,0.865181011813593,3.36269209483464
56640.0002353333,0.865333793100632,3.36269209483464
56650.0000083332,0.865486567527702,3.36269209483464
56660.0000073332,0.865639345439058,3.36269209483464
56670.0000066665,0.865792123296395,3.36288297251499
56680.0002510001,0.865944905020241,3.36269209483464
56690.000006,0.866097679108406,3.36269209483464
56700.0000060001,0.866250456973639,3.36269209483464
56710.0000060001,0.866403234968605,3.36288297251499
56720.000008,0.866556012922386,3.36269209483464
56730.0000066667,0.866708790824386,3.36288297251499
56740.0000063334,0.866861568742341,3.36288297251499
56750.0000096667,0.867014346735906,3.36288297251499
56760.0004653332,0.867167131582743,3.36288297251499
56770.000286,0.867319906676198,3.36288297251499
56780.000006,0.867472680371493,3.36288297251499
56790.0000056667,0.867625458216709,3.36288297251499
56800.0000060001,0.86777823613585,3.36288297251499
56810.0002300001,0.867931017369283,3.36288297251499
56820.0000059999,0.868083791867805,3.36288297251499
56830.0000116668,0.868236569950741,3.36288297251499
56840.0000060001,0.868389347706864,3.36288297251499
56850.0000059998,0.868542125613669,3.36288297251499
56860.0000056665,0.868694903495517,3.36288297251499
56870.0000056666,0.86884768143817,3.36288297251499
56880.0000056667,0.869000459396654,3.36288297251499
56890.0000060001,0.869153237325402,3.36288297251499
56900.0000056665,0.869306015154549,3.36288297251499
56910.0000059999,0.869458793063758,3.36288297251499
56920.000006,0.869611571079002,3.36288297251499
56930.0000079999,0.869764348865952,3.36288297251499
56940.0000123333,0.869917126963828,3.36288297251499
56950.0000063333,0.870069904836825,3.36288297251499
56960.000006,0.870222682733587,3.36288297251499
56970.0000060001,0.870375460500847,3.36288297251499
56980.0000256666,0.870528238793601,3.36288297251499
56990.0000066666,0.870681016437024,3.36288297251499
57000.0002293331,0.870833797770922,3.36288297251499
57010.0000056667,0.870986572280847,3.36288297251499
57020.0000060001,0.871139350160057,3.36288297251499
57030.000008,0.871292128149447,3.36288297251499
57040.0000059999,0.871444906052388,3.36307385019535
57050.0000063333,0.871597683937678,3.36288297251499
57060.0000060001,0.871750461880043,3.36307385019535
57070.0000060001,0.871903239734403,3.36307385019535
57080.000008,0.87205601763251,3.36288297251499
57090.0000059999,0.872208795564008,3.36288297251499
57100.000006,0.872361573501155,3.36307385019535
57110.0000060001,0.872514351421352,3.36307385019535
57120.0000063332,0.872667129293281,3.36307385019535
57130.0000183331,0.872819907327494,3.36307385019535
57140.000006,0.872972685071903,3.36307385019535
57150.0000063334,0.873125462933617,3.36307385019535
57160.0000060001,0.873278240831885,3.36307385019535
57170.0000059999,0.873431018683227,3.36307385019535
57180.0000059999,0.873583796509138,3.36307385019535
57190.0000066667,0.873736574352995,3.36307385019535
57200.0000060001,0.87388935211332,3.36307385019535
57210.0000113332,0.874042129978205,3.36307385019535
57220.0000059999,0.874194907744635,3.36307385019535
57230.0000586665,0.874347686423352,3.36307385019535
57240.0000060001,0.874500463521363,3.36307385019535
57250.0003173332,0.874653246228562,3.36307385019535
57260.0000059999,0.874806019390153,3.36307385019535
57270.000011,0.874958797323771,3.36307385019535
57280.0000063334,0.875111575136703,3.36307385019535
57290.0001509998,0.875264355337472,3.36307385019535
57300.0000069999,0.875417131049762,3.3632647278757
57310.0000059999,0.875569908939885,3.36307385019535
57320.000006,0.875722686944664,3.3632647278757
57330.0000103334,0.875875464882216,3.3632647278757
57340.000009,0.87602824293588,3.3632647278757
57350.0000103332,0.876181020920893,3.3632647278757
57360.0000106666,0.876333798880837,3.3632647278757
57370.000006,0.876486576661481,3.3632647278757
57380.0003340001,0.876639359671076,3.3632647278757
57390.0000453334,0.876792133214184,3.3632647278757
57400.000286,0.876944914845184,3.3632647278757
57410.0000076668,0.877097688453842,3.3632647278757
57420.0000070001,0.877250466486691,3.3632647278757
57430.0000056668,0.877403244263836,3.3632647278757
57440.0000063332,0.87755602225424,3.3632647278757
57450.0000059999,0.877708800172427,3.3632647278757
57460.0000116668,0.877861578167122,3.3632647278757
57470.0000063335,0.87801435608115,3.3632647278757
57480.0000059998,0.878167133953226,3.3632647278757
57490.0000059999,0.87831991193254,3.3632647278757
57500.0000066667,0.878472689836869,3.3632647278757
57510.0000119998,0.878625467898628,3.3632647278757
57520.0000106665,0.878778245839533,3.3632647278757
57530.0000059999,0.878931023693679,3.3632647278757
57540.0000066667,0.879083801622159,3.3632647278757
57550.0000056667,0.879236579395562,3.36345560555606
57560.0000060001,0.879389357367442,3.3632647278757
57570.0000059998,0.879542135277626,3.36345560555606
57580.0000103332,0.879694913333126,3.36345560555606
57590.000006,0.879847691190744,3.36345560555606
57600.0000060001,0.88000046910881,3.36345560555606
57610.0000100001,0.880153247066554,3.36345560555606
57620.0000059999,0.880306024863256,3.36345560555606
57630.000092,0.88045880413651,3.36345560555606
57640.0000086665,0.880611580948592,3.36345560555606
57650.0000060001,0.880764358820197,3.36345560555606
57660.0000059998,0.880917136792917,3.36345560555606
57670.0000059999,0.881069914702544,3.36345560555606
57680.0000116667,0.881222692752181,3.36345560555606
57690.0001723334,0.881375473129295,3.36345560555606
57700.0000076666,0.881528248632515,3.36345560555606
57710.0000066666,0.881681026585588,3.36345560555606
57720.0000576668,0.881833805329716,3.36345560555606
57730.0004430001,0.881986588993042,3.36364648323642
57740.0000060001,0.882139360353222,3.36364648323642
57750.0000059998,0.88229213834434,3.36364648323642
57760.0000059999,0.882444916269984,3.36364648323642
57770.0000056666,0.882597694107266,3.36364648323642
57780.0000060001,0.882750472105525,3.36364648323642
57790.0002856665,0.882903254330917,3.36364648323642
57800.0000103332,0.883056028076929,3.36364648323642
57810.0000076667,0.883208805927976,3.36364648323642
57820.0000093333,0.8833615837747,3.36364648323642
57830.0000060001,0.883514361791968,3.36364648323642
57840.0000059998,0.883667139720382,3.36364648323642
57850.0000059999,0.883819917550861,3.36364648323642
57860.0000106667,0.883972695559382,3.36364648323642
57870.0000060001,0.884125473511983,3.36364648323642
57880.0002666668,0.884278255434178,3.36364648323642
57890.0000059999,0.884431029328088,3.36364648323642
57900.0001143333,0.884583808877083,3.36364648323642
57910.0000113334,0.884736585331151,3.36364648323642
57920.0000060001,0.884889363128846,3.36364648323642
57930.0001923333,0.885042143888637,3.36364648323642
57940.0000090001,0.885194919110973,3.36364648323642
57950.0000106667,0.885347696936261,3.36364648323642
57960.0000269999,0.885500475173669,3.36364648323642
57970.0000056668,0.88565325278099,3.36364648323642
57980.0000059999,0.8858060306852,3.36364648323642
57990.0003906668,0.885958814499664,3.36364648323642
58000.0000066667,0.886111586550025,3.36364648323642
58010.0000056667,0.886264364517885,3.36364648323642
58020.0000096668,0.886417142504257,3.36364648323642
58030.0000059999,0.886569920354842,3.36383736091677
58040.000006,0.886722698297333,3.36364648323642
58050.0000060001,0.886875476233384,3.36383736091677
58060.0001149999,0.887028255785332,3.36364648323642
58070.0000059999,0.887181031971687,3.36383736091677
58080.0000056666,0.887333809837526,3.36383736091677
58090.0000560001,0.887486588475533,3.36383736091677
58100.0000910001,0.887639366896007,3.36383736091677
58110.0000063332,0.887792143489711,3.36383736091677
58120.0000056665,0.887944921314376,3.36383736091677
58130.0000103333,0.888097699452496,3.36383736091677
58140.0000060001,0.888250477309201,3.36383736091677
58150.0000083333,0.888403255250029,3.36383736091677
58160.0002466667,0.888556036717376,3.36383736091677
58170.0000059999,0.888708810984584,3.36383736091677
58180.0000073335,0.888861588905459,3.36383736091677
58190.0000060001,0.889014366831496,3.36383736091677
58200.0000063332,0.889167144892086,3.36383736091677
58210.0000063333,0.889319922827385,3.36383736091677
58220.000006,0.889472700685824,3.36383736091677
58230.0000060001,0.889625478611691,3.36383736091677
58240.0000060001,0.889778256541226,3.36383736091677
58250.0000063332,0.889931034488403,3.36402823859713
58260.0000066667,0.890083812470544,3.36402823859713
58270.000006,0.89023659025187,3.36402823859713
58280.0000113331,0.890389368271162,3.36402823859713
58290.0000059998,0.890542146163542,3.36383736091677
58300.0000059999,0.890694924054371,3.36402823859713
58310.0000089999,0.890847702101182,3.36402823859713
58320.0000063334,0.891000480008579,3.36402823859713
58330.0000056668,0.891153257935955,3.36402823859713
58340.0000063332,0.891306035788064,3.36402823859713
58350.0000056666,0.891458813717423,3.36402823859713
58360.0000089999,0.891611591681562,3.36402823859713
58370.0000056667,0.891764369370892,3.36402823859713
58380.0000059998,0.891917147347126,3.36402823859713
58390.0000059999,0.892069925329179,3.36402823859713
58400.000006,0.892222703155273,3.36402823859713
58410.00001,0.892375481032613,3.36402823859713
58420.000009,0.892528258821548,3.36402823859713
58430.0000059999,0.892681036694535,3.36402823859713
58440.0002873335,0.89283381889453,3.36402823859713
58450.000006,0.892986592515726,3.36402823859713
58460.0000110001,0.893139370492583,3.36402823859713
58470.0000073333,0.893292148246282,3.36421911627748
58480.0000059999,0.893444926234298,3.36402823859713
58490.0003996665,0.893597710160607,3.36421911627748
58500.0000063334,0.89375048207161,3.36421911627748
58510.0000106665,0.893903260011161,3.36421911627748
58520.0000059999,0.894056037843485,3.36421911627748
58530.0000059999,0.894208815720973,3.36421911627748
58540.000006,0.89436159363355,3.36421911627748
58550.0000066665,0.894514371534189,3.36421911627748
58560.0000059998,0.894667149382369,3.36421911627748
58570.0000063333,0.894819927202031,3.36421911627748
58580.0000476667,0.894972705816461,3.36421911627748
58590.0002459998,0.895125486733956,3.36421911627748
58600.0000060001,0.895278260935859,3.36421911627748
58610.0000059999,0.895431038854025,3.36421911627748
58620.0000066667,0.895583816745276,3.36421911627748
58630.0000066667,0.895736594683372,3.36440999395784
58640.0004889999,0.895889379909006,3.36421911627748
58650.0000116666,0.896042150533553,3.36440999395784
58660.0000116667,0.896194928393231,3.36440999395784
58670.0000056666,0.896347706171867,3.36440999395784
58680.0000060001,0.896500484008762,3.36440999395784
58690.0000076666,0.896653261952374,3.36440999395784
58700.0000059999,0.896806039815827,3.36440999395784
58710.0000059999,0.89695881778176,3.36440999395784
58720.0000079998,0.897111595649077,3.36440999395784
58730.0000116665,0.897264373641813,3.36440999395784
58740.0000109999,0.897417151592899,3.36440999395784
58750.0001976668,0.897569932309404,3.36440999395784
58760.000006,0.897722707341161,3.36440999395784
58770.0000116668,0.89787548536364,3.36440999395784
58780.0000060001,0.898028263207195,3.36440999395784
58790.0000056665,0.898181041129351,3.36440999395784
58800.0000059999,0.898333819034996,3.36440999395784
58810.0000063334,0.898486596934631,3.36440999395784
58820.0004296668,0.898639381225792,3.36440999395784
58830.0000086667,0.898792152822933,3.36440999395784
58840.0001593333,0.898944932956363,3.36440999395784
58850.0000063333,0.89909770853108,3.36440999395784
58860.0002186665,0.89925048965349,3.36440999395784
58870.0000060001,0.899403264394402,3.36440999395784
58880.0000063332,0.899556042315926,3.36440999395784
58890.0000059999,0.899708820212496,3.3646008716382
58900.000006,0.899861598099659,3.3646008716382
58910.0000056667,0.900014376031906,3.36440999395784
58920.0000059998,0.900167154124884,3.3646008716382
58930.0000059999,0.900319932058445,3.3646008716382
58940.000006,0.900472709978334,3.3646008716382
58950.0000060001,0.900625487819147,3.3646008716382
58960.0000060001,0.900778265741661,3.3646008716382
58970.0000059999,0.90093104369703,3.3646008716382
58980.0002529999,0.90108382550645,3.3646008716382
58990.000006,0.9012365995628,3.3646008716382
59000.0000096667,0.90138937760855,3.3646008716382
59010.0004230001,0.901542161844618,3.36479174931855
59020.0000059999,0.901694933400463,3.36479174931855
59030.0000063333,0.901847711373879,3.3646008716382
59040.0000060001,0.902000489266161,3.36479174931855
59050.0000060001,0.902153267137944,3.3646008716382
59060.0000059999,0.902306045199172,3.36479174931855
59070.0000089998,0.902458823056564,3.36479174931855
59080.0000120001,0.902611601153902,3.3646008716382
59090.0000060001,0.902764378898999,3.36479174931855
59100.0000059998,0.902917156840173,3.36479174931855
59110.0000086668,0.903069934820324,3.36479174931855
59120.0000129998,0.903222712956502,3.36479174931855
59130.0000089999,0.903375490853114,3.36479174931855
59140.0000100001,0.903528268801536,3.36479174931855
59150.0000059999,0.903681046644103,3.36479174931855
59160.0000059999,0.903833824627922,3.36479174931855
59170.000006,0.903986602520284,3.36479174931855
59180.0000060001,0.904139380489117,3.36479174931855
59190.0000059998,0.904292158448796,3.36479174931855
59200.0000099999,0.904444936425576,3.36479174931855
59210.0000066667,0.904597714285745,3.36479174931855
59220.0000060001,0.904750492147785,3.36479174931855
59230.0000060001,0.904903270106953,3.36479174931855
59240.0000746666,0.905056049054337,3.36479174931855
59250.0000059999,0.905208825838007,3.36479174931855
59260.000006,0.905361603901931,3.36479174931855
59270.0000103334,0.905514381889767,3.36479174931855
59280.0000073333,0.905667159781915,3.36479174931855
59290.0000096665,0.905819937753272,3.36479174931855
59300.0002936666,0.905972719954772,3.36479174931855
59310.000041,0.906125494016098,3.36479174931855
59320.0000060001,0.906278271351208,3.36479174931855
59330.0002380001,0.90643105277018,3.36498262699891
59340.0003910001,0.906583832882415,3.36498262699891
59350.00001,0.906736604924346,3.36498262699891
59360.0000083333,0.906889382758648,3.36498262699891
59370.000031,0.907042161009371,3.36498262699891
59380.0000059999,0.907194938489125,3.36498262699891
59390.000006,0.907347716433739,3.36498262699891
59400.0000060001,0.907500494318561,3.36498262699891
59410.0000060001,0.907653272161961,3.36498262699891
59420.0000069999,0.907806050166762,3.36498262699891
59430.0000103333,0.907958828011622,3.36517350467927
59440.000006,0.908111605883027,3.36498262699891
59450.0000110001,0.908264383951289,3.36517350467927
59460.0000063332,0.908417161837846,3.36498262699891
59470.0000059999,0.908569939739806,3.36498262699891
59480.0000066667,0.90872271764871,3.36517350467927
59490.0000056667,0.908875495437867,3.36517350467927
59500.0000543334,0.909028274241602,3.36517350467927
59510.0000490001,0.909181052031873,3.36517350467927
59520.0000056666,0.909333829234474,3.36517350467927
59530.0000093333,0.909486607215222,3.36517350467927
59540.0000060001,0.909639385055692,3.36517350467927
59550.0000059998,0.909792162940587,3.36517350467927
59560.0004353334,0.909944947439025,3.36517350467927
59570.0000056666,0.910097718753642,3.36517350467927
59580.0000060001,0.91025049672808,3.36517350467927
59590.0000060001,0.910403274666865,3.36517350467927
59600.0000063332,0.910556052589188,3.36517350467927
59610.0000106666,0.9107088305446,3.36517350467927
59620.000006,0.910861608380967,3.36536438235962
59630.0000060001,0.911014386339522,3.36517350467927
59640.0000100001,0.911167164373213,3.36536438235962
59650.0000059999,0.911319942189331,3.36536438235962
59660.000011,0.911472720161209,3.36517350467927
59670.0000093333,0.911625498050049,3.36536438235962
59680.0000060001,0.911778275922504,3.36536438235962
59690.0000056665,0.911931053767324,3.36536438235962
59700.0000056666,0.912083831643128,3.36536438235962
59710.0000123331,0.912236609481162,3.36536438235962
59720.0000103334,0.912389387424219,3.36536438235962
59730.0000059998,0.912542165364789,3.36536438235962
59740.0000059999,0.912694943239033,3.36536438235962
59750.0000120001,0.912847721315602,3.36536438235962
59760.0003383333,0.913000504094924,3.36555526003998
59770.0000063331,0.913153277046268,3.36555526003998
59780.0004586667,0.913306061745402,3.36555526003998
59790.0000059999,0.913458832743446,3.36555526003998
59800.0000093333,0.913611610786125,3.36555526003998
59810.0000123332,0.913764388839617,3.36555526003998
59820.0000059998,0.913917166677945,3.36555526003998
59830.0000099999,0.914069944641573,3.36555526003998
59840.0000106667,0.914222722545609,3.36555526003998
59850.0000060001,0.914375500322472,3.36555526003998
59860.0004929999,0.914528285748805,3.36555526003998
59870.0000113333,0.914681056334728,3.36555526003998
59880.0000059999,0.914833834090155,3.36555526003998
59890.0000070001,0.914986612063126,3.36555526003998
59900.0000103334,0.915139390071559,3.36555526003998
59910.0000059998,0.915292167907683,3.36574613772033
59920.0000086668,0.915444945847298,3.36555526003998
59930.0000080001,0.91559772363979,3.36574613772033
59940.0000063334,0.915750501575289,3.36574613772033
59950.000009,0.915903279605028,3.36574613772033
59960.0002886665,0.916056061787761,3.36574613772033
59970.0000059999,0.916208835361556,3.36574613772033
59980.0000056667,0.916361613275263,3.36574613772033
59990.0000063335,0.91651439127652,3.36574613772033
60000.0001553332,0.91666717139224,3.36574613772033
60010.0000086668,0.916819947133547,3.36574613772033
60020.0003973333,0.916972730975576,3.36574613772033
60030.0000106667,0.917125502978991,3.36593701540069
60040.0000060001,0.917278280718971,3.36593701540069
60050.0000066666,0.917431058752125,3.36593701540069
60060.0002573332,0.917583840478082,3.36593701540069
60070.0000116668,0.917736614658334,3.36593701540069
60080.0000060001,0.917889392467042,3.36593701540069
60090.0000059998,0.918042170371437,3.36593701540069
60100.0003050001,0.918194952825286,3.36593701540069
60110.0000066667,0.918347726218399,3.36593701540069
60120.0000116668,0.918500504220431,3.36593701540069
60130.0000060001,0.918653282036505,3.36593701540069
60140.0000056665,0.918806059854135,3.36593701540069
60150.0000099999,0.918958837718501,3.36593701540069
60160.0000096666,0.919111615546269,3.36593701540069
60170.0000116665,0.919264393465616,3.36593701540069
60180.0000086667,0.919417171267603,3.36593701540069
60190.0000506665,0.919569949865681,3.36593701540069
60200.0000103333,0.919722727128325,3.36612789308105
60210.0000060001,0.919875504981209,3.36612789308105
60220.0000063331,0.920028282889427,3.36612789308105
60230.0000059999,0.920181060792247,3.36612789308105
60240.0000059999,0.920333838716482,3.36612789308105
60250.0000073335,0.920486616643833,3.36612789308105
60260.0000066665,0.920639394496764,3.36612789308105
60270.0000059998,0.920792172333931,3.36612789308105
60280.0000059999,0.920944950332887,3.36612789308105
60290.0002429999,0.921097731911102,3.3663187707614
60300.0000056667,0.92125050621442,3.3663187707614
60310.0000056668,0.921403284138584,3.3663187707614
60320.0000056665,0.921556062070549,3.3663187707614
60330.0000059999,0.92170884000457,3.3663187707614
60340.0000116668,0.921861618023295,3.3663187707614
60350.0000060001,0.922014395834598,3.3663187707614
60360.0000063332,0.922167173763999,3.3663187707614
60370.0000059999,0.922319951687795,3.3663187707614
60380.000006,0.922472729578113,3.3663187707614
60390.0000433331,0.92262550817191,3.36650964844176
60400.0000060001,0.922778285530093,3.36650964844176
60410.0000109999,0.922931063503703,3.36650964844176
60420.0000059999,0.923083841360857,3.36650964844176
60430.0000116668,0.923236619320585,3.36650964844176
60440.0000066665,0.923389397144368,3.36650964844176
60450.0002606667,0.923542179020941,3.36650964844176
60460.0000066666,0.923694953082131,3.36650964844176
60470.0000056666,0.923847730982533,3.36670052612212
60480.0000076665,0.924000508943325,3.36670052612212
60490.0000100001,0.924153286883958,3.36670052612212
60500.0004713333,0.924306071858767,3.36670052612212
60510.0002743331,0.924458846699804,3.36670052612212
60520.0000063334,0.924611620502362,3.36670052612212
60530.0000106668,0.924764398527047,3.36670052612212
60540.0000059998,0.924917176385867,3.36670052612212
60550.0000059999,0.92506995432324,3.36670052612212
60560.0004296667,0.925222738654739,3.36670052612212
60570.0000083332,0.925375510037447,3.36670052612212
60580.0000063331,0.925528287917399,3.36670052612212
60590.0000073333,0.925681065703913,3.36670052612212
60600.0000056666,0.925833843705429,3.36670052612212
60610.0000113334,0.925986621692511,3.36689140380247
60620.0000489999,0.926139400144779,3.36689140380247
60630.0000096668,0.926292177485102,3.36689140380247
60640.0000059999,0.926444955275129,3.36689140380247
60650.0003760001,0.926597738817478,3.36689140380247
60660.0000063334,0.926750511042991,3.36689140380247
60670.0000060001,0.926903288959799,3.36689140380247
60680.0000059999,0.927056066876939,3.36708228148283
60690.0000059999,0.927208844892054,3.36689140380247
60700.0000110001,0.927361622874453,3.36689140380247
60710.0000060001,0.927514400773211,3.36708228148283
60720.0000116666,0.927667178693297,3.36708228148283
60730.0000059999,0.927819956596396,3.36708228148283
60740.0000093332,0.927972734482823,3.36708228148283
60750.0000060001,0.92812551230544,3.36708228148283
60760.0000123333,0.928278290426993,3.36708228148283
60770.0000113333,0.928431068275492,3.36708228148283
60780.0000063333,0.928583846225942,3.36708228148283
60790.000006,0.928736624167642,3.36708228148283
60800.0004523331,0.928889408817152,3.36708228148283
60810.0000059998,0.929042179981027,3.36727315916318
60820.0000116667,0.929194957925966,3.36727315916318
60830.000006,0.929347735714327,3.36727315916318
60840.0000093333,0.929500513638859,3.36727315916318
60850.000013,0.929653291503032,3.36727315916318
60860.0000056665,0.929806069230221,3.36727315916318
60870.0000106666,0.929958847089169,3.36727315916318
60880.0000093333,0.930111624971059,3.36727315916318
60890.0000106668,0.930264403006652,3.36746403684354
60900.0000056665,0.930417180775291,3.36746403684354
60910.0000103332,0.930569958788607,3.36746403684354
60920.000006,0.930722736727919,3.36746403684354
60930.0000060001,0.930875514559839,3.36746403684354
60940.0002176665,0.931028295787153,3.36746403684354
60950.0000059999,0.931181070506116,3.36746403684354
60960.0004760001,0.931333855597029,3.36746403684354
60970.000006,0.931486626250572,3.36746403684354
60980.0000063335,0.931639404227572,3.36746403684354
60990.0003996667,0.931792188106599,3.3676549145239
61000.000012,0.931944960129947,3.36746403684354
61010.0000106667,0.932097738152844,3.3676549145239
61020.0000066668,0.932250515986688,3.3676549145239
61030.0000073332,0.932403293935462,3.3676549145239
61040.0000056665,0.932556071868371,3.3676549145239
61050.0000063333,0.932708849812351,3.3676549145239
61060.000006,0.932861627607138,3.3676549145239
61070.0000093333,0.933014405549997,3.36784579220425
61080.0000076666,0.933167183565085,3.36784579220425
61090.0001123335,0.93331996304338,3.36784579220425
61100.0000063333,0.933472739270381,3.36784579220425
61110.0000060001,0.933625517295321,3.36784579220425
61120.0000066665,0.933778295139463,3.36784579220425
61130.0000059999,0.933931073075153,3.36784579220425
61140.0000059999,0.934083851065599,3.36784579220425
61150.000006,0.934236628895868,3.36784579220425
61160.0000060001,0.934389406929069,3.36784579220425
61170.0000059998,0.934542184876022,3.36784579220425
61180.0000059999,0.934694962779859,3.36784579220425
61190.0000126665,0.934847740843685,3.36784579220425
61200.0000113335,0.935000518640987,3.36803666988461
61210.0000060001,0.935153296365754,3.36803666988461
61220.0000059999,0.935306074406236,3.36803666988461
61230.0000096665,0.935458852374648,3.36803666988461
61240.0000066667,0.935611630114367,3.36803666988461
61250.0000353333,0.935764408565543,3.36822754756496
61260.0002980001,0.935917190605877,3.36803666988461
61270.0000059999,0.936069964021577,3.36803666988461
61280.0000056666,0.936222741941236,3.36822754756496
61290.0000066668,0.93637551977713,3.36822754756496
61300.0000100001,0.936528297883201,3.36822754756496
61310.0000059999,0.936681075602451,3.36822754756496
61320.0000059999,0.936833853595616,3.36822754756496
61330.0000063334,0.936986631439714,3.36822754756496
61340.0000106668,0.937139409494011,3.36822754756496
61350.0000059998,0.937292187276587,3.36841842524532
61360.0000059999,0.93744496512103,3.36841842524532
61370.0000103333,0.937597743135701,3.36841842524532
61380.0000063334,0.937750520904091,3.36841842524532
61390.0000060001,0.937903298949777,3.36841842524532
61400.0000059999,0.938056076849276,3.36841842524532
61410.0000059999,0.938208854794092,3.36841842524532
61420.0000063334,0.93836163269354,3.36860930292568
61430.0001506668,0.938514412843503,3.36860930292568
61440.0000063332,0.938667188513467,3.36860930292568
61450.0000063333,0.938819966425812,3.36860930292568
61460.0000080001,0.938972744385359,3.36860930292568
61470.0000060001,0.939125522239514,3.36860930292568
61480.0001249999,0.939278301915975,3.36860930292568
61490.0000076667,0.939431078090167,3.36860930292568
61500.0000059999,0.939583855923471,3.36880018060603
61510.0000063334,0.93973663371971,3.36880018060603
61520.0003279999,0.939889416584279,3.36880018060603
61530.0000083333,0.940042189584804,3.36880018060603
61540.0003886666,0.94019497322484,3.36880018060603
61550.0000123335,0.94034774527492,3.36899105828639
61560.0000060001,0.940500523025099,3.36899105828639
61570.0000060001,0.940653300961418,3.36899105828639
61580.0000123333,0.940806078909468,3.36899105828639
61590.0000056666,0.940958856700505,3.36899105828639
61600.0000063334,0.941111634514649,3.36899105828639
61610.0001789999,0.941264415017746,3.36899105828639
61620.0003406666,0.941417195317373,3.36899105828639
61630.0000116667,0.941569968191229,3.36918193596675
61640.0005046666,0.941722753600304,3.36899105828639
61650.0000063334,0.941875523880789,3.36918193596675
61660.0005006668,0.942028309207845,3.36918193596675
61670.0000059999,0.942181079556584,3.36918193596675
61680.0000063333,0.942333857345831,3.36918193596675
61690.000006,0.942486635322016,3.3693728136471
61700.0000073332,0.942639413284034,3.3693728136471
61710.0000059998,0.942792191166312,3.3693728136471
61720.000241,0.942944972652851,3.3693728136471
61730.0000083331,0.943097746985853,3.3693728136471
61740.0000060001,0.9432505248211,3.3693728136471
61750.0000103335,0.943403302838317,3.36956369132746
61760.0000093335,0.943556080747738,3.36956369132746
61770.000007,0.943708858613235,3.36956369132746
61780.000006,0.943861636529962,3.36956369132746
61790.0002113333,0.944014417632161,3.36975456900781
61800.0002596666,0.944167196289595,3.36975456900781
61810.0000223335,0.944319970542789,3.36975456900781
61820.0000076668,0.94447274827927,3.36975456900781
61830.0001816667,0.944625528797025,3.36975456900781
61840.0000060001,0.944778304035742,3.36975456900781
61850.0000109999,0.944931082085077,3.36975456900781
61860.0000063333,0.94508385985852,3.36975456900781
61870.0000076668,0.945236637782036,3.36994544668817
61880.0000060001,0.945389415690223,3.36994544668817
61890.0000059998,0.945542193597938,3.36994544668817
61900.0000059999,0.945694971490658,3.36994544668817
61910.0000116667,0.945847749469162,3.36994544668817
61920.0000076665,0.946000527304397,3.37013632436853
61930.0000060001,0.94615330529673,3.37013632436853
61940.0000059999,0.946306083212718,3.37013632436853
61950.0000059999,0.946458861073836,3.37013632436853
61960.000006,0.946611638909256,3.37013632436853
61970.0000060001,0.946764416771832,3.37032720204888
61980.0000056665,0.946917194639395,3.37032720204888
61990.0000059999,0.947069972446804,3.37032720204888
62000.000006,0.947222750273023,3.37032720204888
62010.0000060001,0.947375528173901,3.37051807972924
62020.0000060001,0.947528306044818,3.37051807972924
62030.0000069999,0.947681083941348,3.37051807972924
62040.0000059999,0.947833861848043,3.37051807972924
62050.0000076668,0.947986639659219,3.37051807972924
62060.0000116665,0.948139417473493,3.37051807972924
62070.0000066665,0.948292195200237,3.37070895740959
62080.0000059999,0.948444972992228,3.37070895740959
62090.0000066667,0.948597750839386,3.37070895740959
62100.0000060001,0.948750528726111,3.37070895740959
62110.0000066665,0.94890330665698,3.37070895740959
62120.0000059999,0.949056084567618,3.37070895740959
62130.0000059999,0.949208862494834,3.37089983508995
62140.0000063334,0.949361640382784,3.37089983508995
62150.0000073332,0.94951441825498,3.37089983508995
62160.0000100001,0.949667196162813,3.37089983508995
62170.0000059999,0.949819973949061,3.37089983508995
62180.0000063333,0.949972751794239,3.37089983508995
62190.0000060001,0.950125529689179,3.37089983508995
62200.0000056668,0.950278307464263,3.37109071277031
62210.0000059999,0.950431085244076,3.37109071277031
62220.0000080001,0.950583863040371,3.37109071277031
62230.000006,0.950736640844748,3.37109071277031
62240.0003763332,0.95088942437847,3.37128159045066
62250.0000086667,0.951042196540207,3.37128159045066
62260.0000113333,0.951194974442078,3.37128159045066
62270.000006,0.951347752203937,3.37128159045066
62280.0000060001,0.95150053002045,3.37128159045066
62290.0000096667,0.95165330792112,3.37128159045066
62300.0000090001,0.951806085686779,3.37147246813102
62310.0000059999,0.951958863488049,3.37147246813102
62320.0002429999,0.952111644890134,3.37166334581138
62330.0000060001,0.95226441916423,3.37147246813102
62340.0000056665,0.952417197005543,3.37166334581138
62350.0000066666,0.952569974890312,3.37166334581138
62360.0000080001,0.95272275269487,3.37166334581138
62370.0000060001,0.952875530464532,3.37166334581138
62380.0000306666,0.953028308707131,3.37185422349173
62390.0000103332,0.95318108626434,3.37185422349173
62400.0000106666,0.953333864139162,3.37185422349173
62410.0000116668,0.953486641985923,3.37204510117209
62420.0000056667,0.953639419765016,3.37204510117209
62430.0000083333,0.953792197720116,3.37204510117209
62440.0000059999,0.953944975504159,3.37204510117209
62450.000011,0.954097753453916,3.37204510117209
62460.0002213333,0.954250534512175,3.37223597885244
62470.0000060001,0.954403309129429,3.37223597885244
62480.0000059999,0.954556086959977,3.37223597885244
62490.0000059999,0.954708864809021,3.37223597885244
62500.0004136665,0.954861648959237,3.3724268565328
62510.0000119999,0.955014420643705,3.3724268565328
62520.0000059998,0.955167198388951,3.3724268565328
62530.0000973333,0.955319977611534,3.37261773421316
62540.0000340001,0.955472754602179,3.37261773421316
62550.0000113335,0.95562553212822,3.37280861189351
62560.0004969998,0.955778317415614,3.37280861189351
62570.0004036667,0.955931093978615,3.37280861189351
62580.0000059999,0.956083865810739,3.37280861189351
62590.000006,0.956236643644436,3.37280861189351
62600.0000123332,0.95638942160474,3.37280861189351
62610.000472,0.956542206494517,3.37299948957387
62620.0000056665,0.956694977232417,3.37299948957387
62630.0000056666,0.956847755026,3.37299948957387
62640.0000079999,0.957000532972507,3.37319036725422
62650.0000060001,0.957153310783841,3.37319036725422
62660.0000056665,0.957306088702327,3.37319036725422
62670.0000059999,0.957458866661632,3.37338124493458
62680.0000123331,0.957611644660024,3.37338124493458
62690.0000056667,0.957764422489457,3.37338124493458
62700.0000096668,0.957917200450896,3.37357212261494
62710.0000059999,0.958069978289597,3.37357212261494
62720.000006,0.958222756183994,3.37357212261494
62730.0000060001,0.95837553404876,3.37357212261494
62740.0000096667,0.958528311977985,3.37376300029529
62750.0001423333,0.958681091852761,3.37376300029529
62760.0000059999,0.958833867608926,3.37395387797565
62770.000006,0.958986645449924,3.37395387797565
62780.0000056667,0.959139423414509,3.37395387797565
62790.0000059998,0.959292201319419,3.37395387797565
62800.0000059999,0.959444979174482,3.37395387797565
62810.000213,0.95959776016962,3.37395387797565
62820.0000070001,0.959750534901372,3.37414475565601
62830.0003359999,0.959903317690103,3.37414475565601
62840.0000113333,0.960056090495769,3.37433563333636
62850.0000059999,0.960208868185958,3.37433563333636
62860.000006,0.960361645993942,3.37433563333636
62870.0000083333,0.960514423850193,3.37433563333636
62880.0000059998,0.960667201653713,3.37452651101672
62890.0000059999,0.960819979492394,3.37452651101672
62900.000006,0.960972757330893,3.37471738869707
62910.0000060001,0.961125535193999,3.37471738869707
62920.0001693332,0.961278315549071,3.37471738869707
62930.0000063332,0.961431090883872,3.37471738869707
62940.0000063333,0.961583868773836,3.37490826637743
62950.0000066667,0.961736646583986,3.37509914405779
62960.000036,0.961889424888797,3.37509914405779
62970.0000063332,0.962042202249449,3.37509914405779
62980.000187,0.962194982761444,3.37509914405779
62990.0000063333,0.962347757932704,3.37529002173814
63000.0000103334,0.962500535845492,3.37529002173814
63010.0000060001,0.962653313639583,3.3754808994185
63020.0000059999,0.962806091506881,3.3754808994185
63030.0000099999,0.962958869480039,3.3754808994185
63040.0000089999,0.963111647403837,3.37567177709885
63050.0004733334,0.963264432396441,3.37586265477921
63060.0000056668,0.963417203076064,3.37586265477921
63070.0000059999,0.963569980988234,3.37586265477921
63080.000006,0.963722758804892,3.37605353245957
63090.0001583333,0.963875539114083,3.37605353245957
63100.0000060001,0.96402831464373,3.37605353245957
63110.0000059999,0.964181092431725,3.37624441013992
63120.0001906666,0.964333873046659,3.37624441013992
63130.0003973333,0.964486654074957,3.37643528782028
63140.0000086666,0.964639426046706,3.37643528782028
63150.0000066665,0.964792203899108,3.37662616550064
63160.0000109999,0.96494498182165,3.37662616550064
63170.000006,0.96509775963159,3.37662616550064
63180.0000060001,0.96525053753128,3.37681704318099
63190.0000066665,0.965403315311084,3.37681704318099
63200.0000103332,0.965556093341298,3.37700792086135
63210.0000073334,0.965708871117817,3.37700792086135
63220.0000103333,0.965861648958594,3.37700792086135
63230.0000123332,0.966014426837268,3.3771987985417
63240.0001599999,0.966167207098957,3.3771987985417
63250.0004953331,0.966319990164882,3.37738967622206
63260.000006,0.966472760490726,3.37738967622206
63270.0000113335,0.966625538625544,3.37758055390242
63280.0000063331,0.96677831642473,3.37758055390242
63290.0000083334,0.966931094376274,3.37758055390242
63300.0004943335,0.96708387971946,3.37777143158277
63310.000006,0.967236650112095,3.37777143158277
63320.0000123332,0.967389427982481,3.37796230926313
63330.0000059998,0.967542205725585,3.37815318694349
63340.0004076667,0.96769498970071,3.37815318694349
63350.000218,0.967847764775844,3.37815318694349
63360.0000119998,0.968000539566201,3.37834406462384
63370.0001770001,0.968153319981284,3.37834406462384
63380.0000059999,0.968306095276867,3.3785349423042
63390.0000103333,0.96845887325175,3.37872581998455
63400.000006,0.968611651033613,3.37891669766491
63410.0000060001,0.968764429013236,3.37891669766491
63420.0000100001,0.968917206953672,3.37910757534527
63430.0000059999,0.969069984821998,3.37910757534527
63440.000006,0.969222762763996,3.37929845302562
63450.0002143331,0.969375543879142,3.37929845302562
63460.0003986665,0.969528324622607,3.37948933070598
63470.0000113333,0.969681096536559,3.37948933070598
63480.0000059999,0.969833874438852,3.37968020838633
63490.000006,0.969986652301776,3.37968020838633
63500.0000083333,0.970139430441542,3.37987108606669
63510.0000116666,0.970292208410903,3.38006196374705
63520.0000066666,0.970444986260682,3.38006196374705
63530.000006,0.970597764114029,3.38006196374705
63540.0000106667,0.970750542082481,3.3802528414274
63550.0000060001,0.970903319981419,3.38044371910776
63560.0006129998,0.971056107124831,3.38044371910776
63570.0000059999,0.971208875822796,3.38063459678812
63580.0001870001,0.971361656478879,3.38082547446847
63590.0000063335,0.971514431719507,3.38082547446847
63600.0000059998,0.971667209624028,3.38101635214883
63610.0000059999,0.971819987516119,3.38101635214883
63620.0000056666,0.971972765457769,3.38120722982918
63630.0000060001,0.972125543316505,3.38139810750954
63640.0005029999,0.972278328937297,3.38139810750954
63650.0000106665,0.972431099383333,3.3815889851899
63660.0000059999,0.97258387725676,3.38177986287025
63670.0004866666,0.972736662555675,3.38197074055061
63680.000009,0.972889433195516,3.38197074055061
63690.0000059998,0.973042211052025,3.38216161823096
63700.0003510001,0.973194994204042,3.38235249591132
63710.0000066667,0.973347766869655,3.38235249591132
63720.0000056667,0.973500544735394,3.38254337359168
63730.0000060001,0.973653322616628,3.38273425127203
63740.0003403333,0.973806105741725,3.38273425127203
63750.0000096665,0.97395887867304,3.38292512895239
63760.000006,0.974111656518134,3.38311600663275
63770.0000063335,0.97426443446939,3.38311600663275
63780.0000059998,0.974417212373202,3.3833068843131
63790.0000059999,0.974569990213934,3.38349776199346
63800.000006,0.974722768107316,3.38368863967381
63810.00001,0.97487554603786,3.38368863967381
63820.0000100001,0.975028323870662,3.38387951735417
63830.000422,0.975181108012029,3.38407039503453
63840.0000059999,0.975333879536041,3.38426127271488
63850.0001086666,0.975486658977179,3.38426127271488
63860.000027,0.975639435547014,3.38464302807559
63870.0000059998,0.975792213003251,3.38483390575595
63880.0000059999,0.975944990799277,3.38502478343631
63890.0001056667,0.976097770104494,3.38521566111666
63900.00001,0.976250546410152,3.38521566111666
63910.000387,0.97640332996828,3.38540653879702
63920.0000059999,0.976556101907028,3.38559741647738
63930.0000089998,0.976708879756531,3.38578829415773
63940.000006,0.976861657494527,3.38597917183809
63950.0000083333,0.977014435304299,3.38617004951844
63960.0000066665,0.977167213079374,3.38617004951844
63970.0000063333,0.977319990974114,3.3863609271988
63980.000006,0.97747276880613,3.38655180487916
63990.0000060001,0.977625546762368,3.38674268255951
64000.0000060001,0.977778324593512,3.38693356023987
64010.0000059999,0.977931102415814,3.38712443792023
64020.0000059999,0.978083880221571,3.38731531560058
64030.0004013333,0.97823666401219,3.38731531560058
64040.0000056667,0.978389435809544,3.38769707096129
64050.0000059998,0.97854221358119,3.38788794864165
64060.0000059999,0.978694991372277,3.38807882632201
64070.000006,0.978847769233679,3.38826970400236
64080.000248,0.979000550811808,3.38846058168272
64090.0000060001,0.979153324987217,3.38865145936307
64100.0000059999,0.97930610284921,3.38884233704343
64110.0000066667,0.979458880591915,3.38903321472379
64120.0001856667,0.979611661242631,3.38922409240414
64130.0000060001,0.979764436369012,3.3894149700845
64140.0001499998,0.979917216399114,3.38960584776486
64150.000196,0.980069994922754,3.38979672544521
64160.0000073334,0.980222769876136,3.38998760312557
64170.0001566665,0.980375549982732,3.39017848080592
64180.0003733333,0.980528331080195,3.39036935848628
64190.0000063332,0.980681103237332,3.39056023616664
64200.000007,0.980833881087517,3.39094199152735
64210.0000056667,0.980986658825069,3.3911328692077
64220.0000060001,0.981139436660579,3.39132374688806
64230.0000910002,0.98129221580868,3.39151462456842
64240.0000059999,0.981444992353011,3.39170550224877
64250.0004273332,0.981597776700617,3.39208725760949
64260.0000060001,0.981750548164609,3.39227813528984
64270.0000060001,0.981903326055871,3.3924690129702
64280.0000096668,0.98205610393649,3.39265989065055
64290.0000056666,0.982208881753926,3.39285076833091
64300.000006,0.982361659651501,3.39304164601127
64310.0000069998,0.982514437525051,3.39342340137198
64320.0000059998,0.982667215307262,3.39361427905233
64330.0001063333,0.982819994691512,3.39380515673269
64340.0002386665,0.98297277459321,3.3941869120934
64350.000032,0.983125549302493,3.39437778977376
64360.0002723332,0.983278330813322,3.39456866745412
64370.000404,0.983431110705553,3.39495042281483
64380.0000059999,0.983583882531644,3.39514130049518
64390.0000123331,0.983736660475869,3.39533217817554
64400.0000113331,0.983889438277184,3.39571393353625
64410.0003150001,0.984042220755815,3.39590481121661
64420.0000059999,0.984194993854142,3.39609568889697
64430.000006,0.984347771660333,3.39628656657732
64440.0000056667,0.984500549543675,3.39666832193803
64450.0000060001,0.984653327447137,3.39705007729875
64460.0000616667,0.98480610620318,3.3972409549791
64470.0000059999,0.984958883255065,3.39762271033981
64480.000006,0.985111661104782,3.39781358802017
64490.0000086666,0.985264439013467,3.39819534338088
64500.0000119999,0.985417216978615,3.39838622106124
64510.0001496665,0.985569996924222,3.3985770987416
64520.0004279999,0.985722778981795,3.39895885410231
64530.0000283334,0.985875550716126,3.39914973178266
64540.0000056668,0.986028328253268,3.39953148714338
64550.0000066666,0.986181106185015,3.39972236482373
64560.0000093332,0.986333884124612,3.4002949978648
64570.000006,0.986486661913133,3.40048587554516
64580.0000060001,0.986639439765061,3.40086763090587
64590.0000119999,0.986792217701184,3.40105850858623
64600.0000059999,0.986944995531927,3.40144026394694
64610.0000056666,0.987097773421043,3.40163114162729
64620.0000169999,0.987250551395129,3.40201289698801
64630.0000060001,0.987403329163208,3.40220377466836
64640.0000059999,0.987556107088264,3.40258553002907
64650.0000063333,0.98770888497238,3.40296728538979
64660.0000103333,0.98786166285361,3.4033490407505
64670.0000060001,0.988014440577067,3.40373079611121
64680.0000059998,0.988167218405788,3.40411255147192
64690.0002470001,0.988319999844457,3.40430342915228
64700.0000073334,0.988472773924245,3.40468518451299
64710.0000060001,0.98862555168891,3.4050669398737
64720.0000119999,0.988778329627929,3.40544869523442
64730.0000059999,0.988931107379665,3.40563957291477
64740.0000059999,0.98908388515872,3.40621220595584
64750.0000063334,0.989236663014353,3.4064030836362
64760.0000060001,0.989389440904711,3.40678483899691
64770.0000059998,0.989542218801386,3.40716659435762
64780.0000059999,0.989694996766469,3.40754834971833
64790.0000063333,0.989847774591846,3.40793010507905
64800.0000056667,0.99000055243126,3.40831186043976
64810.0000060001,0.990153330370163,3.40869361580047
64820.0000096665,0.990306108235285,3.40926624884154
64830.0000059999,0.990458885980004,3.4094571265219
64840.000006,0.990611663983028,3.41002975956297
64850.0001770001,0.990764444511607,3.41041151492368
64860.0000096668,0.990917219828409,3.41060239260403
64870.0000109999,0.991069997616115,3.4111750256451
64880.0000120001,0.991222775442899,3.41155678100581
64890.0000060001,0.991375553157644,3.41193853636653
64900.0000060001,0.991528330935062,3.4125111694076
64910.0000066666,0.991681108683997,3.41289292476831
64920.0000103333,0.991833886527266,3.41327468012902
64930.0004189999,0.991986670539418,3.41365643548973
64940.0000060001,0.992139442047982,3.41403819085044
64950.0000059998,0.992292219756757,3.41441994621116
64960.000007,0.992444997509026,3.41480170157187
64970.0000056666,0.99259777525563,3.41537433461294
64980.0004276666,0.992750559516056,3.41594696765401
64990.000009,0.992903330888127,3.41632872301472
65000.0000059999,0.993056108618543,3.41671047837543
65010.0000149999,0.993208886525153,3.41709223373614
65020.0000073334,0.993361664144726,3.41766486677721
65030.0000823334,0.993514443052126,3.41804662213792
65040.000008,0.993667219740913,3.41861925517899
65050.0000103332,0.993819997595175,3.41919188822006
65060.000006,0.993972775305357,3.41957364358077
65070.0000076665,0.994125553101564,3.41995539894149
65080.0000069999,0.99427833088093,3.42052803198255
65090.0000059999,0.994431108685862,3.42110066502362
65100.0000059999,0.994583886534341,3.42167329806469
65110.0000123331,0.994736664461291,3.4220550534254
65120.0000060001,0.994889442097567,3.42262768646647
65130.0000059998,0.995042219992463,3.42300944182719
65140.0000056665,0.995194997832549,3.42358207486825
65150.000006,0.995347775602736,3.42396383022897
65160.0000283334,0.995500553745787,3.42472734095039
65170.0003939999,0.995653337164572,3.4251090963111
65180.0000059999,0.995806109018387,3.42568172935217
65190.0000059999,0.995958886856206,3.42625436239324
65200.0000116668,0.996111664723329,3.42663611775395
65210.0000060001,0.996264442427397,3.42720875079502
65220.0000056665,0.996417220236927,3.42797226151645
65230.0001583332,0.996570000368933,3.42854489455751
65240.000006,0.996722775782393,3.42892664991823
65250.0000110001,0.996875553688935,3.42949928295929
65260.0000056668,0.997028331460056,3.43007191600036
65270.0000096665,0.997181109305145,3.43083542672179
65280.0000056666,0.997333887083548,3.4312171820825
65290.0000063334,0.997486664979769,3.43198069280392
65300.0000060001,0.997639442772707,3.43236244816464
65310.0000103331,0.99779222070965,3.43312595888606
65320.000007,0.997944998548867,3.43369859192713
65330.000007,0.99809777640454,3.43446210264855
65340.0000060001,0.998250554230996,3.43503473568962
65350.0000060001,0.998403332166327,3.43560736873069
65360.0000059999,0.998556110076595,3.43618000177176
65370.000344,0.998708893083818,3.43694351249319
65380.000042,0.998861666474542,3.43751614553425
65390.0000060001,0.999014443849217,3.43808877857532
65400.0000076666,0.999167221805659,3.43866141161639
65410.0000059999,0.999319999630604,3.43942492233782
65420.0000089999,0.999472777511493,3.44018843305924
65430.0001010001,0.999625556776627,3.44076106610031
65440.0001206666,0.999778334928746,3.44152457682173
65450.0000059999,0.999931111073405,3.4420972098628
65460.0000059999,1.00008388890957,3.44286072058423
65470.000006,1.00023666676242,3.44362423130565
65480.0000060001,1.00038944465344,3.44419686434672
65490.0000059998,1.00054222249162,3.44496037506814
65500.0000059999,1.00069500040804,3.44553300810921
65510.0000070001,1.00084777826482,3.44629651883064
65520.000077,1.00100055729092,3.44706002955206
65530.0000060001,1.00115333412087,3.44782354027349
65540.0000059999,1.00130611202342,3.44858705099491
65550.0000059999,1.00145888985692,3.44935056171634
65560.0000096666,1.00161166793074,3.45011407243776
65570.000189,1.00176444853555,3.45068670547883
65580.0000059998,1.00191722371697,3.45145021620025
65590.0000099999,1.00207000166534,3.45221372692168
65600.0000103333,1.00222277945233,3.45316811532346
65610.000271,1.00237556121438,3.45374074836453
65620.0000056668,1.00252833501604,3.45469513676631
65630.0000056665,1.00268111295621,3.45545864748773
65640.0002523332,1.00283389447253,3.45622215820916
65650.0002753333,1.00298667286018,3.45698566893058
65660.0000093333,1.00313944668019,3.45794005733236
65670.0000059998,1.00329222443085,3.45870356805379
65680.0000096665,1.00344500234671,3.45965795645557
65690.0000120001,1.00359778023713,3.46042146717699
65700.0000056667,1.00375055803352,3.46137585557877
65710.0000060001,1.0039033359013,3.4621393663002
65720.0000059999,1.00405611378536,3.46290287702162
65730.0000059999,1.00420889154798,3.46385726542341
65740.000006,1.00436166935069,3.46481165382519
65750.0000060001,1.00451444710908,3.46557516454661
65760.0000059998,1.00466722492791,3.46652955294839
65770.0000059999,1.00482000270705,3.46748394135017
65780.0000056666,1.0049727805491,3.4682474520716
65790.0002023333,1.00512556137087,3.46920184047338
65800.0000060001,1.00527833618934,3.47015622887516
65810.0003380001,1.00543111909444,3.47111061727694
65820.0003739999,1.00558389750306,3.47206500567872
65830.0000063334,1.00573666963595,3.4730193940805
65840.000189,1.00588945040122,3.47397378248228
65850.0000059998,1.00604222544015,3.47492817088406
65860.0000096665,1.00619500340801,3.47588255928584
65870.0000099999,1.00634778123074,3.47683694768762
65880.0000060001,1.00650055886996,3.47779133608941
65890.0001116666,1.00665333836869,3.47893660217154
65900.0000099998,1.00680611478279,3.47989099057332
65910.0000059999,1.00695889262847,3.4808453789751
65920.000006,1.00711167052405,3.48199064505724
65930.0000073332,1.00726444843525,3.48313591113938
65940.0000059998,1.00741722623136,3.48409029954116
65950.0000059999,1.00757000413682,3.48504468794294
65960.000006,1.00772278218938,3.48618995402508
65970.0000096667,1.00787556020001,3.48733522010721
65980.0001000001,1.00802833947459,3.48828960850899
65990.0000059999,1.00818111584193,3.48943487459113
66000.0000086665,1.00833389371396,3.49058014067327
66010.0000996666,1.00848667294499,3.49172540675541
66020.0002016666,1.00863945234578,3.49287067283754
66030.0000090001,1.00879222732965,3.49401593891968
66040.000273,1.00894500913724,3.49516120500182
66050.000006,1.00909778288788,3.49630647108395
66060.0000060001,1.00925056076207,3.49745173716609
66070.0001360001,1.00940334058034,3.49878788092858
66080.0000059999,1.00955611641801,3.49974226933037
66090.0000059999,1.00970889428913,3.50107841309286
66100.0000086665,1.00986167218437,3.502223679175
66110.0000060001,1.01001445005685,3.50336894525713
66120.0002980001,1.01016723233438,3.50489596669998
66130.0000356668,1.01032000624699,3.50604123278212
66140.0000056666,1.01047278361429,3.50737737654461
66150.0001569999,1.01062556374287,3.50852264262675
66160.0000060001,1.01077833927804,3.50985878638924
66170.0000959999,1.01093111851388,3.51119493015174
66180.0000059999,1.01108389505319,3.51253107391423
66190.000006,1.01123667289357,3.51386721767672
66200.0002846667,1.01138945505196,3.51501248375886
66210.0000059998,1.0115422286707,3.51653950520171
66220.0001639999,1.01169500899576,3.5178756489642
66230.000006,1.0118477845189,3.51921179272669
66240.0000060001,1.01200056234514,3.52054793648919
66250.0000060001,1.01215334008,3.52207495793204
66260.0000059999,1.01230611792739,3.52360197937489
66270.0000059999,1.01245889575421,3.52493812313738
66280.0000063334,1.01261167367228,3.52646514458023
66290.0000060001,1.01276445151635,3.52780128834272
66300.0000059998,1.01291722932408,3.52932830978557
66310.0000106666,1.01307000720303,3.53085533122842
66320.000006,1.01322278491637,3.53238235267127
66330.0000060001,1.01337556283511,3.53390937411412
66340.0000066665,1.01352834069446,3.53543639555697
66350.0001030001,1.01368112001512,3.53696341699982
66360.0000086665,1.01383389637321,3.53868131612302
66370.0004300001,1.01398668063521,3.54001745988552
66380.0000083333,1.01413945220048,3.54173535900872
66390.0000059998,1.01429223005485,3.54326238045157
66400.0002763333,1.01444501211049,3.54498027957478
66410.0001373334,1.01459778789033,3.54669817869798
66420.0000056667,1.0147505637834,3.54822520014083
66430.0000076666,1.01490334172195,3.54994309926404
66440.0000059999,1.01505611959263,3.55166099838724
66450.0004350001,1.01520890404327,3.55337889751045
66460.0000120001,1.01536167547734,3.5549059189533
66470.0000056667,1.01551445326619,3.55681469575686
66480.0000093334,1.01566723125548,3.55853259488007
66490.0000059999,1.01582000905799,3.56025049400327
66500.0000116667,1.01597278703532,3.56215927080683
66510.0000113335,1.01612556481174,3.56387716993004
66520.0000093334,1.01627834278395,3.5657859467336
66530.0000063332,1.01643112065968,3.5675038458568
66540.0000083335,1.01658389852964,3.56941262266037
66550.0003056665,1.01673668092017,3.57132139946393
66560.0000060001,1.01688945423388,3.57323017626749
66570.0000056665,1.0170422319681,3.57513895307105
66580.0000066666,1.01719500998523,3.57704772987461
66590.000006,1.0173477878034,3.57895650667818
66600.0002246666,1.01750056907876,3.58105616116209
66610.0000060001,1.01765334363097,3.58296493796565
66620.0000073333,1.01780612166752,3.58506459244957
66630.0000059999,1.01795889954509,3.58716424693349
66640.0000110001,1.01811167748053,3.58907302373705
66650.0000486666,1.01826445612439,3.59117267822097
66660.0004553335,1.01841724023556,3.59346321038524
66670.0000059999,1.01857001127995,3.59537198718881
66680.000006,1.01872278921078,3.59747164167272
66690.0001903334,1.01887556993619,3.599762173837
66691.7487193334,1.01890228359016,3.60014392919771
66691.7547316667,1.01890237544569,3.60014392919771
68455.8632893334,1.01890237544569,3.60014392919771
68455.9706513335,1.01890237544569,3.5984260300745
68455.9726573334,1.01890237544569,3.59918954079593
68465.970661,1.01890237544569,3.59537198718881
68475.9709860001,1.01890237544569,3.59346321038524
68485.9706573335,1.01890237544569,3.59174531126204
68495.9706573332,1.01890237544569,3.59040916749955
68505.9709299999,1.01890237544569,3.58907302373705
68515.9706706667,1.01890237544569,3.58792775765492
68525.9708876665,1.01890237544569,3.58697336925313
68535.9706600001,1.01890237544569,3.585828103171
68545.9706573333,1.01890237544569,3.58506459244957
68555.9706573334,1.01890237544569,3.58411020404779
68565.9708910001,1.01890237544569,3.58334669332637
68575.9706573332,1.01890237544569,3.58258318260494
68585.9708286666,1.01890237544569,3.58181967188352
68595.9706573333,1.01890237544569,3.58105616116209
68605.971143,1.01890237544569,3.58048352812102
68615.9708519999,1.01890237544569,3.57952913971924
68625.9706573332,1.01890237544569,3.57895650667818
68635.9709989999,1.01890237544569,3.57838387363711
68645.9709103334,1.01890237544569,3.57781124059604
68655.9709860001,1.01890237544569,3.57704772987461
68665.9706633333,1.01890237544569,3.57647509683355
68675.9706573332,1.01890237544569,3.57590246379248
68685.9709790002,1.01890237544569,3.57532983075141
68695.970657,1.01890237544569,3.57475719771034
68705.9710660001,1.01890237544569,3.57437544234963
68715.9706569998,1.01890237544569,3.5736119316282
68725.9706573333,1.01890237544569,3.57323017626749
68735.9706573334,1.01890237544569,3.57265754322642
68745.9706636666,1.01890237544569,3.57227578786571
68755.9706573335,1.01890237544569,3.57170315482464
68765.9706573333,1.01890237544569,3.57132139946393
68775.9706913332,1.01890237544569,3.57074876642286
68785.9706573334,1.01890237544569,3.57036701106215
68795.97097,1.01890237544569,3.56979437802108
68805.9706573332,1.01890237544569,3.56941262266037
68815.9706573333,1.01890237544569,3.56903086729965
68825.9706626668,1.01890237544569,3.56864911193894
68835.9706573334,1.01890237544569,3.56826735657823
68845.9706573331,1.01890237544569,3.56769472353716
68855.9706569999,1.01890237544569,3.56731296817645
68865.970657,1.01890237544569,3.56674033513538
68875.9710806668,1.01890237544569,3.56635857977467
68885.9711273333,1.01890237544569,3.56597682441396
68895.9706573332,1.01890237544569,3.5657859467336
68905.9706573333,1.01890237544569,3.56521331369253
68915.9706633335,1.01890237544569,3.56483155833182
68925.9706593333,1.01890237544569,3.56444980297111
68935.9708956668,1.01890237544569,3.56406804761039
68945.9706603335,1.01890237544569,3.56368629224968
68955.9708236666,1.01890237544569,3.56330453688897
68965.971071,1.01890237544569,3.56311365920861
68975.9710120001,1.01890237544569,3.5627319038479
68985.9708993335,1.01890237544569,3.56235014848719
68995.9706573333,1.01890237544569,3.56215927080683
69005.9706593332,1.01890237544569,3.56158663776576
69015.9709083334,1.01890237544569,3.56139576008541
69025.9706573332,1.01890237544569,3.5610140047247
69035.9709216668,1.01890237544569,3.56063224936398
69045.9706959998,1.01890237544569,3.56025049400327
69055.9706573334,1.01890237544569,3.56005961632291
69056.199301,1.01890235888272,3.56044137168363
69056.2013069999,1.01890232810846,3.55872347256042
69066.1997963334,1.01874957040912,3.55376065287116
69076.1993069999,1.01859679997238,3.55013397694439
69086.1996316667,1.01844401719196,3.54669817869798
69096.199307,1.01829124431133,3.54364413581228
69106.1993206668,1.0181384662155,3.54059009292659
69116.199804,1.01798568097495,3.5379178054016
69126.1993073333,1.01783291066074,3.53524551787661
69136.1996066665,1.01768012821543,3.53257323035163
69146.1993070001,1.0175273549438,3.52990094282664
69156.1993076665,1.01737457710893,3.52741953298201
69166.199313,1.01722179917183,3.52512900081774
69176.1995616668,1.01706901752455,3.52283846865346
69186.1993116667,1.01691624347739,3.52054793648919
69196.199521,1.01676346239602,3.51825740432491
69206.1993169999,1.0166106876738,3.516157749841
69216.1997230001,1.01645790342839,3.51405809535708
69226.199613,1.01630512732827,3.5117675631928
69236.1996863335,1.01615234828779,3.50985878638924
69246.1997583332,1.0159995692968,3.50795000958568
69256.199597,1.01584679388432,3.50585035510176
69266.1997953335,1.01569401296475,3.5039415782982
69276.1993073334,1.01554124254033,3.50203280149464
69286.1995693332,1.01538846066922,3.50012402469108
69296.1993069998,1.01523568668573,3.49840612556787
69306.1993069999,1.01508290876719,3.49649734876431
69316.199591,1.01493012664731,3.4947794496411
69326.1993129998,1.01477735305288,3.4930615505179
69336.1993070002,1.0146245752337,3.49115277371434
69346.1994206666,1.01447179547538,3.48962575227149
69356.199307,1.01431901938011,3.48771697546793
69366.1996746666,1.01416623583263,3.48618995402508
69376.1993110001,1.01401346341925,3.48447205490187
69386.1995703334,1.01386068157725,3.48294503345902
69396.1993069999,1.01370790779321,3.48122713433582
69406.1994930001,1.01355512700726,3.47970011289297
69416.199437,1.0134023499517,3.47817309145012
69426.1996229999,1.01324956919077,3.47664607000727
69436.199736,1.01309678940392,3.47511904856442
69446.1996330001,1.01294401320324,3.47378290480193
69456.1995913334,1.0127912359522,3.47225588335908
69466.1993076668,1.01263846238707,3.47091973959658
69476.1996153334,1.01248567966219,3.46939271815373
69486.199308,1.01233290642127,3.46805657439124
69496.199654,1.01218012314611,3.46672043062875
69506.1996313334,1.01202734560128,3.46538428686625
69516.199742,1.01187456606751,3.46385726542341
69526.1993073332,1.01172179484457,3.46271199934127
69536.1993693332,1.01156901609222,3.46137585557877
69546.1993076668,1.01141623918763,3.46003971181628
69556.1996149999,1.01126345661288,3.45870356805379
69566.1993106668,1.0111106833611,3.45755830197165
69576.1993093334,1.01095790548416,3.45622215820916
69586.1995796665,1.01080512328323,3.45507689212702
69596.1993096666,1.0106523495942,3.45374074836453
69606.1993126666,1.01049957157136,3.45259548228239
69616.1997569999,1.01034678676088,3.45145021620025
69626.199307,1.01019401577888,3.45030495011812
69636.1993133335,1.01004123780171,3.44915968403598
69646.1993070001,1.00988846001009,3.44782354027349
69656.1996753335,1.00973567645709,3.44686915187171
69666.1993069999,1.00958290417148,3.44553300810921
69676.1997096668,1.00943011995945,3.44438774202708
69686.1993076668,1.00927734811802,3.4434333536253
69696.19931,1.00912457013414,3.44228808754316
69706.1997566665,1.00897178543172,3.44114282146102
69716.1993556666,1.00881901374664,3.44018843305924
69726.1996146668,1.00866623182474,3.43923404465746
69736.1993070001,1.00851345857346,3.43808877857532
69746.1993929999,1.00836067921689,3.43713439017354
69756.1993073333,1.00820790266218,3.4359891240914
69766.1997369998,1.00805511821339,3.43503473568962
69776.1993133332,1.00790234674842,3.43408034728784
69786.1993833335,1.0077495677546,3.43293508120571
69796.1993073332,1.00759679108812,3.43198069280392
69806.1994326666,1.00744401124053,3.4312171820825
69816.1994506667,1.00729123305795,3.43007191600036
69826.1993070001,1.0071384572107,3.42911752759858
69836.1997576666,1.00698567236691,3.42835401687716
69846.1993069999,1.00683290136123,3.42739962847538
69856.1993076667,1.00668012339836,3.4264452400736
69866.1995420002,1.00652734183506,3.42549085167182
69876.1993066668,1.00637456758358,3.42472734095039
69886.1993069999,1.00622178968317,3.42377295254861
69896.1996060001,1.00606900707138,3.42281856414683
69906.1997016666,1.00591622789115,3.4220550534254
69916.1993116668,1.00576345577787,3.42110066502362
69926.1993069998,1.00561067795374,3.4203371543022
69936.199312,1.00545789999948,3.41957364358077
69946.199307,1.00530512217703,3.41861925517899
69956.1993070001,1.0051523442338,3.41785574445757
69966.1993113335,1.00499956608661,3.41709223373614
69976.1995313332,1.00484678474557,3.41632872301472
69986.1997190002,1.0046940039418,3.41556521229329
69996.1993073334,1.00454123234869,3.41461082389151
70006.199314,1.0043884543077,3.41384731317009
70016.1993069998,1.00423567630504,3.41327468012902
70026.199781,1.00408289107185,3.4125111694076
70036.1996339999,1.00393011536322,3.41155678100581
70046.1993070001,1.0037773424768,3.41079327028439
70056.1993070001,1.00362456450358,3.41022063724332
70066.1993550001,1.00347178585732,3.4094571265219
70076.1997820002,1.00331900124672,3.40869361580047
70086.1993116667,1.00316623058238,3.40793010507905
70096.1993326667,1.00301345220218,3.40716659435762
70106.1993066668,1.00286067464052,3.40659396131655
70116.199308,1.00270789662606,3.40583045059513
70126.1993126668,1.0025551187128,3.4050669398737
70136.1997563334,1.00240233402549,3.40449430683264
70146.1993093333,1.00224956277112,3.40373079611121
70156.1996346668,1.00209677992176,3.40315816307014
70166.199307,1.00194400701383,3.40239465234872
70176.1995966668,1.00179122452308,3.40182201930765
70186.1993070001,1.00163845116087,3.40105850858623
70196.1993066668,1.00148567321822,3.40048587554516
70206.1993069999,1.00133289536007,3.39991324250409
70216.1993649999,1.00118011662745,3.39914973178266
70226.1996829999,1.00102733390987,3.3985770987416
70236.1993070002,1.00087456183593,3.39800446570053
70246.1993106668,1.0007217839226,3.39743183265946
70256.1997770001,1.00056899887108,3.39685919961839
70266.199307,1.00041622821163,3.39609568889697
70276.199562,1.00026344649144,3.3955230558559
70286.1993066669,1.00011067256732,3.39495042281483
70296.1995476668,0.999957891036988,3.39437778977376
70306.1996370001,0.999805111807846,3.39380515673269
70316.1993070001,0.999652338995446,3.39323252369162
70326.1993076665,0.999499561184429,3.39265989065055
70336.1997460001,0.99934677668383,3.39227813528984
70346.1997810001,0.999193998342159,3.39170550224877
70356.199307,0.999041227762721,3.3911328692077
70366.1994503334,0.998888447713509,3.39036935848628
70376.1993069998,0.998735672136553,3.38998760312557
70386.1997063332,0.998582888217363,3.3894149700845
70396.1997639998,0.998430109537727,3.38903321472379
70406.1997663334,0.998277331707554,3.38846058168272
70416.1995739999,0.998124556787568,3.38807882632201
70426.1993076666,0.997971783021101,3.38731531560058
70436.1998016666,0.997818997657075,3.38693356023987
70446.199307,0.997666227438326,3.3863609271988
70456.1995296666,0.997513446182018,3.38597917183809
70466.1996390001,0.997360666713094,3.38559741647738
70476.1997029999,0.997207887974793,3.38502478343631
70486.1993083334,0.997055116193117,3.38445215039524
70496.1993093332,0.996902338422044,3.38387951735417
70506.1993073335,0.996749560619962,3.38349776199346
70516.1993073332,0.996596782770553,3.38311600663275
70526.1993149999,0.996444004778788,3.38273425127203
70536.1993093332,0.996291226913985,3.38216161823096
70546.1996136668,0.996138444355283,3.38177986287025
70556.1993136667,0.995985671134259,3.38120722982918
70566.1993069999,0.995832893379546,3.38082547446847
70576.199307,0.995680115454083,3.38044371910776
70586.1993070001,0.995527337654191,3.38006196374705
70596.1996193333,0.995374554969268,3.37968020838633
70606.1993076666,0.995221781854061,3.37929845302562
70616.1993099998,0.995069003972818,3.37872581998455
70626.199307,0.994916226134642,3.37834406462384
70636.1993129999,0.994763448269935,3.37796230926313
70646.1993069998,0.994610670506441,3.37758055390242
70656.1993069999,0.994457892583696,3.3771987985417
70666.1997386666,0.994305108039251,3.37681704318099
70676.1993080002,0.994152336678974,3.37643528782028
70686.1993066668,0.9939995587842,3.37605353245957
70696.1994626668,0.993846778498956,3.37567177709885
70706.1997663333,0.993693995906517,3.37509914405779
70716.1993126668,0.993541224920114,3.37490826637743
70726.1996760001,0.993388441403758,3.37452651101672
70736.1993106668,0.993235669078297,3.37414475565601
70746.1993069999,0.993082891300806,3.37376300029529
70756.199307,0.992930113315374,3.37357212261494
70766.1993070001,0.992777335440433,3.37319036725422
70776.1993129999,0.992624557476686,3.37280861189351
70786.1993069999,0.992471779643424,3.3724268565328
70796.199307,0.992319001721411,3.37204510117209
70806.1993496665,0.992166223158058,3.37166334581138
70816.1994853333,0.992013443092725,3.37147246813102
70826.1994773335,0.991860665235884,3.37109071277031
70836.1997370001,0.991707883287797,3.37089983508995
70846.1993073334,0.991555111898138,3.37051807972924
70856.1997053332,0.991402327938329,3.37013632436853
70866.1993070002,0.991249556069495,3.36994544668817
70876.1993069999,0.99109677818199,3.36956369132746
70886.1996103334,0.990943995716065,3.36918193596675
70896.1993083335,0.990791222500804,3.36899105828639
70906.1997456666,0.990638437942966,3.36860930292568
70916.1993069998,0.990485666846445,3.36841842524532
70926.1996146667,0.990332884334355,3.36803666988461
70936.1995866667,0.990180106930051,3.36784579220425
70946.1993066667,0.990027333362796,3.36746403684354
70956.1993086666,0.989874555542348,3.36727315916318
70966.199313,0.989721777655941,3.36689140380247
70976.1993116666,0.989568999855341,3.36670052612212
70986.1996173334,0.989416217308476,3.36650964844176
70996.1997676666,0.989263437119378,3.36612789308105
71006.1993100001,0.989110666281005,3.36593701540069
71016.1996313333,0.988957883477182,3.36555526003998
71026.1997486667,0.988805103665444,3.36536438235962
71036.1993070001,0.98865233257947,3.36517350467927
71046.1996776666,0.98849954914184,3.36479174931855
71056.1993103335,0.988346776910252,3.3646008716382
71066.1995696668,0.988193995055349,3.36440999395784
71076.199307,0.988041221091311,3.36421911627748
71086.1994863334,0.987888440565541,3.36383736091677
71096.1993146668,0.987735665300331,3.36364648323642
71106.1993103332,0.987582887581031,3.36345560555606
71116.1995586666,0.987430106000535,3.36307385019535
71126.1993070001,0.987277332049873,3.36288297251499
71136.1993070002,0.987124554252427,3.36269209483464
71146.1993126666,0.986971776385923,3.36250121715428
71156.1995703335,0.986818994625405,3.36211946179357
71166.1993099999,0.986666220803016,3.36192858411321
71176.1993070001,0.986513443050954,3.36173770643285
71186.1995613334,0.986360661384694,3.36173770643285
71196.1993073333,0.986207887446897,3.36135595107214
71206.1995816667,0.986055105474423,3.36116507339179
71216.1993083332,0.985902331833632,3.36097419571143
71226.1997629999,0.985749546913905,3.36078331803107
71236.1995743334,0.985596772054356,3.36059244035072
71246.1993093335,0.985443998225425,3.36040156267036
71256.1993106666,0.985291220345054,3.36021068499001
71266.1993070001,0.985138442452084,3.35982892962929
71276.1994823332,0.984985661977188,3.35982892962929
71286.1993069999,0.98483288680899,3.35944717426858
71296.1993073334,0.984680108880812,3.35944717426858
71306.1996419999,0.98452732594834,3.35906541890787
71316.1995903335,0.984374548699302,3.35906541890787
71326.1995346668,0.984221771700923,3.35868366354716
71336.1995363333,0.984068993805358,3.35868366354716
71346.1996456668,0.983916214165013,3.3584927858668
71356.1993070001,0.983763441422119,3.35830190818644
71366.1993083333,0.983610663510077,3.35811103050609
71376.1993069999,0.983457885593179,3.35792015282573
71386.199307,0.983305107679872,3.35772927514537
71396.1996670001,0.983152324347826,3.35753839746502
71406.1995613333,0.982999547965337,3.35753839746502
71416.1993069999,0.982846774003721,3.35734751978466
71426.1993073333,0.982693996054558,3.35715664210431
71436.1993896668,0.982541216960883,3.35696576442395
71446.1996683332,0.982388434879391,3.35677488674359
71456.1993116665,0.982235662495554,3.35658400906324
71466.1993123333,0.98208288442305,3.35639313138288
71476.199307,0.981930106666126,3.35620225370253
71486.1996680002,0.981777323130531,3.35620225370253
71496.199467,0.981624548233697,3.35601137602217
71506.1997979999,0.981471765202095,3.35582049834181
71516.1997583334,0.981318987937275,3.35562962066146
71526.1993123334,0.981166216837361,3.35562962066146
71536.199755,0.98101343207779,3.3554387429811
71546.1993069998,0.980860660906876,3.3554387429811
71556.1997640001,0.980707876081167,3.35524786530074
71566.1993083334,0.980555105185097,3.35505698762039
71576.1997156667,0.980402321040101,3.35486610994003
71586.1993086666,0.980249549365585,3.35486610994003
71596.1995873333,0.980096767237428,3.35467523225968
71606.1995496666,0.979943989826732,3.35448435457932
71616.1993066667,0.979791215773799,3.35429347689896
71626.1997376667,0.979638431323803,3.35429347689896
71636.1995893334,0.979485655829182,3.35410259921861
71646.1993069999,0.979332882243398,3.35391172153825
71656.1993183335,0.979180104144415,3.3537208438579
71666.1995183334,0.979027323288506,3.3537208438579
71676.1996189999,0.978874543845551,3.35352996617754
71686.1996570002,0.978721765374755,3.35333908849718
71696.1997289999,0.978568986366281,3.35333908849718
71706.1997423333,0.97841620831358,3.35314821081683
71716.1993066667,0.978263437073028,3.35295733313647
71726.1996436668,0.978110654021555,3.35295733313647
71736.1993076666,0.977957881285621,3.35276645545611
71746.1993066666,0.977805103325642,3.35276645545611
71756.1993070001,0.977652325348888,3.35257557777576
71766.1994739998,0.977499544937274,3.35257557777576
71776.1994869999,0.977346766761539,3.3523847000954
71786.1993320002,0.977193991220225,3.35219382241505
71796.1993066667,0.9770412138447,3.35219382241505
71806.1993070001,0.976888436026462,3.35200294473469
71816.1993079999,0.976735658185581,3.35200294473469
71826.1995306668,0.976582876907055,3.35181206705433
71836.199307,0.976430102487708,3.35162118937398
71846.1995756666,0.97627732047448,3.35162118937398
71856.1993070001,0.976124546717888,3.35143031169362
71866.1998033333,0.975971761272473,3.35143031169362
71876.1994936668,0.975818988106045,3.35143031169362
71886.1997376666,0.975666206527554,3.35123943401327
71896.1993073335,0.975513435221748,3.35104855633291
71906.1993069998,0.975360657335309,3.35104855633291
71916.199664,0.975207873865205,3.35085767865255
71926.1993153333,0.975055101465451,3.3506668009722
71936.1996266668,0.97490231886024,3.3506668009722
71946.1993086666,0.974749545875135,3.35047592329184
71956.1997749999,0.974596760940176,3.35047592329184
71966.1993073333,0.974443990135738,3.35028504561148
71976.1997596666,0.974291205396046,3.35028504561148
71986.1996016666,0.974138429939066,3.35009416793113
71996.1993110002,0.973985656482205,3.35009416793113
72006.1993133334,0.97383287857356,3.34990329025077
72016.1996479999,0.973680095606966,3.34990329025077
72026.1993086665,0.973527322900137,3.34990329025077
72036.1993076665,0.973374545041869,3.34971241257042
72046.1994433333,0.973221765032785,3.34952153489006
72056.1996846666,0.973068983578576,3.34952153489006
72066.199307,0.972916211569331,3.34952153489006
72076.1993070001,0.972763433763803,3.34952153489006
72086.1993069998,0.972610655959104,3.3493306572097
72096.1993066666,0.972457878167477,3.3493306572097
72106.199307,0.97230510035151,3.34913977952935
72116.1993073334,0.972152322566935,3.34913977952935
72126.1997750002,0.971999537599269,3.34894890184899
72136.1993116666,0.971846766814889,3.34894890184899
72146.199307,0.971693989116402,3.34875802416864
72156.1996516666,0.971541206078315,3.34875802416864
72166.1997023334,0.97138842751751,3.34856714648828
72176.1993133333,0.971235655684184,3.34856714648828
72186.1997410001,0.971082871354898,3.34856714648828
72196.1997846667,0.970930092876937,3.34837626880792
72206.1993543333,0.970777321601932,3.34837626880792
72216.1993113335,0.97062454443071,3.34837626880792
72226.199511,0.970471763549518,3.34818539112757
72236.1994809998,0.97031898620074,3.34818539112757
72246.1997613334,0.970166204111913,3.34799451344721
72256.1996056666,0.970013428675648,3.34799451344721
72266.1993069998,0.969860655436038,3.34780363576685
72276.1993206666,0.969707877395798,3.34780363576685
72286.1994399998,0.969555097762413,3.3476127580865
72296.1997400002,0.969402315304962,3.3476127580865
72306.1993123332,0.96924954406369,3.3476127580865
72316.1993066665,0.96909676630478,3.34742188040614
72326.1995316666,0.968943985047426,3.34742188040614
72336.1994480002,0.968791208500662,3.34723100272579
72346.1994586667,0.968638430417145,3.34723100272579
72356.1996350002,0.968485650041493,3.34723100272579
72366.199312,0.968332877185575,3.34704012504543
72376.1995983332,0.96818009500204,3.34704012504543
72386.1995969999,0.968027317223367,3.34704012504543
72396.1993119998,0.967874543784693,3.34684924736507
72406.1993069999,0.967721766043766,3.34684924736507
72416.1995543333,0.96756898451117,3.34684924736507
72426.199307,0.967416210469239,3.34665836968472
72436.1996279999,0.967263427787404,3.34665836968472
72446.1993069998,0.967110654831994,3.34646749200436
72456.1993069999,0.966957877044741,3.34646749200436
72466.1993073334,0.966805099188684,3.34646749200436
72476.1994226666,0.966652319616998,3.34646749200436
72486.1994730001,0.966499541051687,3.34646749200436
72496.1995809998,0.966346761601115,3.34627661432401
72506.1993093335,0.96619398794546,3.34627661432401
72516.199307,0.966041210111755,3.34608573664365
72526.1997196667,0.965888426018955,3.34608573664365
72536.1993076666,0.965735654501763,3.34608573664365
72546.1993069999,0.965582876695501,3.34608573664365
72556.199307,0.965430098898756,3.34589485896329
72566.1993066667,0.965277321006436,3.34589485896329
72576.199548,0.965124539447934,3.34589485896329
72586.1997426668,0.964971758655802,3.34589485896329
72596.1993076667,0.964818987471711,3.34570398128294
72606.1993083335,0.964666209596886,3.34570398128294
72616.1996146666,0.964513427099744,3.34551310360258
72626.1993069998,0.964360653921211,3.34551310360258
72636.1996246668,0.964207871250011,3.34551310360258
72646.199307,0.964055098229993,3.34532222592222
72656.1993070001,0.96390232041273,3.34532222592222
72666.1993066668,0.963749542624921,3.34532222592222
72676.1993069999,0.96359676478465,3.34532222592222
72686.199501,0.963443984026575,3.34532222592222
72696.199307,0.963291209163509,3.34513134824187
72706.1995959998,0.963138426922187,3.34513134824187
72716.1996103333,0.962985648901781,3.34494047056151
72726.1993069999,0.962832875749635,3.34494047056151
72736.1996879999,0.962680092099449,3.34494047056151
72746.1997873333,0.962527312747388,3.34494047056151
72756.1996980001,0.962374536252259,3.34474959288116
72766.1996256668,0.962221759523347,3.34474959288116
72776.199307,0.962068986536186,3.34474959288116
72786.1999436665,0.961916198924776,3.3445587152008
72796.1995936667,0.961763426442154,3.3445587152008
72806.199638,0.961610647825226,3.3445587152008
72816.1995946666,0.961457870777685,3.34436783752044
72826.199307,0.961305097319269,3.34436783752044
72836.1997629998,0.961152312480871,3.34436783752044
72846.1996256668,0.960999536734512,3.34417695984009
72856.1993069999,0.960846763694657,3.34417695984009
72866.1996020002,0.960693981240561,3.34417695984009
72876.1995846666,0.960541203698071,3.34417695984009
72886.1993073335,0.960388430082785,3.34417695984009
72896.1996226666,0.960235647406618,3.34398608215973
72906.1994043335,0.960082872882598,3.34398608215973
72916.1995736668,0.959930092400448,3.34398608215973
72926.1995596668,0.959777314678377,3.34379520447937
72936.1994063332,0.959624539259278,3.34379520447937
72946.1993066665,0.959471762955469,3.34379520447937
72956.1993136668,0.959318984998103,3.34379520447937
72966.1995903334,0.959166202893386,3.34379520447937
72976.1993656668,0.959013428477073,3.34360432679902
72986.1994516666,0.958860649327873,3.34360432679902
72996.1993066666,0.958707873628913,3.34360432679902
73006.199307,0.958555095761737,3.34341344911866
73016.1993073334,0.958402317923156,3.34341344911866
73026.19931,0.95824954005508,3.34341344911866
73036.1994239999,0.958096760500904,3.34341344911866
73046.1994873333,0.957943981697722,3.34341344911866
73056.1993923334,0.957791205169673,3.34341344911866
73066.1995463332,0.957638424911648,3.34322257143831
73076.1993086666,0.957485650661059,3.34322257143831
73086.1993113332,0.957332872721481,3.34322257143831
73096.199694,0.957180088949346,3.34303169375795
73106.1993070001,0.957027316969448,3.34303169375795
73116.1994469998,0.95687453689972,3.34303169375795
73126.1995796668,0.956721756905911,3.34303169375795
73136.199478,0.956568980633815,3.34303169375795
73146.1996733332,0.956416199902465,3.34303169375795
73156.1993070001,0.95626342762657,3.34284081607759
73166.1995056666,0.956110646713302,3.34284081607759
73176.1993069999,0.955957871920264,3.34284081607759
73186.199307,0.955805093964246,3.34264993839724
73196.1996843334,0.955652310406856,3.34284081607759
73206.1993103334,0.955499538205547,3.34264993839724
73216.1993076666,0.955346760372822,3.34264993839724
73226.1995596667,0.955193978700093,3.34264993839724
73236.199307,0.955041204673494,3.34264993839724
73246.1993070001,0.95488842677325,3.34245906071688
73256.1997173332,0.954735642640927,3.34245906071688
73266.199623,0.954582866170456,3.34245906071688
73276.1997756667,0.954430085891678,3.34245906071688
73286.1995320001,0.954277311823674,3.34245906071688
73296.1997193334,0.95412453114465,3.34226818303653
73306.1997153335,0.953971753310043,3.34226818303653
73316.1995726667,0.953818977597646,3.34226818303653
73326.1993123334,0.953666203619322,3.34226818303653
73336.1997136666,0.953513419677956,3.34226818303653
73346.1997943333,0.953360640628991,3.34226818303653
73356.1995759998,0.95320786611071,3.34207730535617
73366.1993143332,0.953055092308284,3.34207730535617
73376.1993133332,0.952902314518094,3.34188642767581
73386.1995779999,0.952749532671593,3.34188642767581
73396.1993073332,0.952596758949686,3.34188642767581
73406.1997813334,0.952443973833612,3.34188642767581
73416.1995749999,0.952291199237988,3.34188642767581
73426.1995003334,0.952138422566622,3.34169554999546
73436.199313,0.951985647581711,3.34169554999546
73446.1993073333,0.951832869855134,3.34169554999546
73456.1993113333,0.951680091993121,3.34169554999546
73466.1993070001,0.951527314198315,3.34169554999546
73476.1997579999,0.951374529519404,3.3415046723151
73486.1995973334,0.951221754158162,3.3415046723151
73496.199307,0.951068980810103,3.3415046723151
73506.1996766668,0.950916197394173,3.3415046723151
73516.1993079999,0.950763425229322,3.3415046723151
73526.1997119998,0.950610641295844,3.34131379463474
73536.1994229998,0.95045786792626,3.34131379463474
73546.1993066666,0.950305091916629,3.34131379463474
73556.1993070001,0.950152314118874,3.34131379463474
73566.1993076665,0.94999953631449,3.34131379463474
73576.1996709998,0.94984675292958,3.34112291695439
73586.1996536666,0.949693975326458,3.34112291695439
73596.1995936666,0.949541198348052,3.34112291695439
73606.19931,0.949388424811369,3.34112291695439
73616.1995666667,0.949235643093831,3.34112291695439
73626.1993069999,0.949082869231039,3.34112291695439
73636.1993106666,0.948930091355841,3.34093203927403
73646.1997293334,0.948777307113587,3.34093203927403
73656.1993106668,0.948624535629419,3.34093203927403
73666.1993069999,0.948471757798181,3.34093203927403
73676.1998503332,0.948318971664375,3.34074116159368
73686.1994243334,0.948166200370989,3.34074116159368
73696.1995673334,0.948013420243045,3.34074116159368
73706.1996826667,0.947860640552033,3.34074116159368
73716.1993140001,0.947707868279738,3.34074116159368
73726.199717,0.94755508419388,3.34074116159368
73736.1993070001,0.947402312674488,3.34074116159368
73746.1997750002,0.947249527701336,3.34055028391332
73756.1993069999,0.94709675706484,3.34055028391332
73766.1996286668,0.946943974375905,3.34055028391332
73776.1996066666,0.946791196745148,3.34055028391332
73786.1993073335,0.946638423409486,3.34055028391332
73796.1994846667,0.946485642907877,3.34035940623296
73806.1993069999,0.946332867789035,3.34035940623296
73816.1993106666,0.946180089826149,3.34035940623296
73826.1993066667,0.946027312054518,3.34035940623296
73836.1996539998,0.945874528834874,3.34035940623296
73846.199308,0.945721756181392,3.34035940623296
73856.1995513334,0.945568974537546,3.34035940623296
73866.1997333333,0.945416193996133,3.34035940623296
73876.1994556668,0.945263420397176,3.34035940623296
73886.1997996667,0.945110637278597,3.34035940623296
73896.199308,0.944957866829464,3.34035940623296
73906.199307,0.94480508902067,3.34016852855261
73916.1993113334,0.944652310999197,3.34016852855261
73926.1993076665,0.944499533291964,3.34016852855261
73936.1997916668,0.944346748001985,3.34016852855261
73946.199307,0.944193977420833,3.33997765087225
73956.1997800001,0.944041192402342,3.33997765087225
73966.1993070001,0.943888421729185,3.33997765087225
73976.199309,0.943735643832173,3.33997765087225
73986.1996746668,0.943582860169456,3.33997765087225
73996.199311,0.943430087861502,3.33997765087225
74006.1993073334,0.943277310042219,3.33997765087225
74016.1993073332,0.943124532077917,3.33997765087225
74026.1993069999,0.942971754147336,3.33997765087225
74036.1993103332,0.942818976193912,3.3397867731919
74046.1993073334,0.942666198180773,3.3397867731919
74056.199765,0.942513413388722,3.3397867731919
74066.1993069998,0.94236064241088,3.3397867731919
74076.1995683333,0.942207860514563,3.3397867731919
74086.1993133335,0.942055086459866,3.3397867731919
74096.1996486667,0.941902303427949,3.33959589551154
74106.1994343332,0.941749528791553,3.33959589551154
74116.1996396665,0.941596747714571,3.33959589551154
74126.1996066668,0.94144397029577,3.33959589551154
74136.1996536667,0.941291191708695,3.33959589551154
74146.1995656666,0.941138415066144,3.33959589551154
74156.1996533332,0.940985635670882,3.33959589551154
74166.1995293334,0.940832859717401,3.33940501783118
74176.1994430001,0.9406800831024,3.33940501783118
74186.1993080002,0.940527307218982,3.33940501783118
74196.1993073332,0.940374529289847,3.33940501783118
74206.1995083335,0.940221748329891,3.33940501783118
74216.1993093335,0.940068973378277,3.33940501783118
74226.199307,0.939916195648405,3.33921414015083
74236.1993126665,0.939763417527439,3.33921414015083
74246.1993116665,0.939610639603923,3.33921414015083
74256.199744,0.939457855053746,3.33921414015083
74266.1993076667,0.939305083845819,3.33921414015083
74276.1995680001,0.939152301867369,3.33921414015083
74286.1996886668,0.938999522086165,3.33902326247047
74296.1993096668,0.938846749861768,3.33921414015083
74306.1995823334,0.938693967728529,3.33902326247047
74316.1995470002,0.938541190459114,3.33902326247047
74326.1993120002,0.938388416091449,3.33902326247047
74336.1996806665,0.938235632603978,3.33902326247047
74346.1993069999,0.938082860398649,3.33902326247047
74356.1993743333,0.937930081538123,3.33902326247047
74366.1994696668,0.937777302270596,3.33883238479011
74376.1993066668,0.937624526978102,3.33902326247047
74386.1995653334,0.937471745178788,3.33883238479011
74396.1993123334,0.937318971204803,3.33883238479011
74406.1995839999,0.937166189188089,3.33883238479011
74416.1993070001,0.937013415457299,3.33883238479011
74426.1993126666,0.936860637425047,3.33864150710976
74436.1996126666,0.936707854913592,3.33864150710976
74446.1993093335,0.936555081568198,3.33864150710976
74456.1993300001,0.936402303433048,3.33864150710976
74466.1996753334,0.936249520182651,3.33864150710976
74476.1996676666,0.936096742272242,3.33864150710976
74486.1996543334,0.935943964494583,3.3384506294294
74496.1997859999,0.935791184574418,3.33864150710976
74506.199594,0.935638409645601,3.3384506294294
74516.199763,0.935485629087608,3.3384506294294
74526.1993086667,0.93533285801066,3.3384506294294
74536.1993086668,0.935180080041979,3.3384506294294
74546.1996580001,0.935027296740673,3.3384506294294
74556.199309,0.934874524094705,3.3384506294294
74566.1993069999,0.93472174631897,3.3384506294294
74576.1995393332,0.934568964713935,3.3384506294294
74586.1993120001,0.934416190332188,3.33825975174905
74596.1996193332,0.93426340759744,3.33825975174905
74606.1997786668,0.934110627380742,3.33825975174905
74616.1993069999,0.933957856554507,3.33825975174905
74626.1996799999,0.933805072873018,3.33825975174905
74636.1993070001,0.933652300706525,3.33825975174905
74646.1993083332,0.933499522738249,3.33825975174905
74656.199606,0.933346740153592,3.33806887406869
74666.1993909998,0.933193965535113,3.33806887406869
74676.1993066667,0.9330411888212,3.33806887406869
74686.199315,0.9328884106913,3.33806887406869
74696.1993100001,0.932735632878937,3.33806887406869
74706.1995560001,0.932582851158402,3.33806887406869
74716.1995979999,0.932430072577593,3.33806887406869
74726.1993070001,0.932277299067173,3.33806887406869
74736.199332,0.932124520683927,3.33806887406869
74746.1997339998,0.931971736679015,3.33806887406869
74756.1997343333,0.93181895862922,3.33787799638833
74766.199307,0.931666187339654,3.33787799638833
74776.1995423332,0.931513405781634,3.33787799638833
74786.1993069998,0.931360631458318,3.33787799638833
74796.1994293333,0.931207851628311,3.33787799638833
74806.1995759999,0.931055071390384,3.33787799638833
74816.1993070001,0.930902297492283,3.33768711870798
74826.1996123334,0.930749514965688,3.33768711870798
74836.1993069999,0.930596741754725,3.33768711870798
74846.1993073333,0.930443963868602,3.33768711870798
74856.1993099999,0.93029118588631,3.33768711870798
74866.1993070001,0.930138408043963,3.33768711870798
74876.1993133333,0.929985629998578,3.33768711870798
74886.1997873332,0.929832844829733,3.33768711870798
74896.199307,0.929680074194224,3.33768711870798
74906.1993070001,0.929527296330606,3.33768711870798
74916.1998066668,0.929374510821959,3.33749624102762
74926.199786,0.929221733214709,3.33749624102762
74936.1993076667,0.929068962498291,3.33749624102762
74946.1995466668,0.928916180904101,3.33749624102762
74956.1996253334,0.928763401766094,3.33749624102762
74966.1995953332,0.928610624341298,3.33749624102762
74976.1994393334,0.9284578488008,3.33749624102762
74986.1995079999,0.928305069970428,3.33730536334726
74996.1997139999,0.928152288929361,3.33730536334726
75006.1993070001,0.927999517291578,3.33730536334726
75016.1993069999,0.92784673939474,3.33730536334726
75026.1995920001,0.92769395717964,3.33730536334726
75036.199307,0.927541183696056,3.33730536334726
75046.1993070001,0.927388405807911,3.33730536334726
75056.1995990002,0.927235623396324,3.33730536334726
75066.1993069999,0.927082849926916,3.33730536334726
75076.199307,0.926930072008463,3.33730536334726
75086.1993070001,0.926777294093851,3.33730536334726
75096.1993123332,0.926624516103117,3.33730536334726
75106.199709,0.926471732151418,3.33730536334726
75116.1993239999,0.926318960218336,3.33711448566691
75126.1993083335,0.92616618260772,3.33730536334726
75136.1995739999,0.926013400755741,3.33711448566691
75146.1993069998,0.925860627006257,3.33711448566691
75156.1997463335,0.925707842432783,3.33711448566691
75166.199307,0.925555071289855,3.33711448566691
75176.1993066667,0.925402293490108,3.33711448566691
75186.1995779999,0.925249511502562,3.33692360798655
75196.199309,0.925096737779304,3.33692360798655
75206.1996740002,0.924943954370629,3.33692360798655
75216.1993126668,0.924791182035729,3.33692360798655
75226.1996083334,0.924638399692115,3.33692360798655
75236.1993069998,0.924485626416749,3.33692360798655
75246.1993133334,0.924332848493335,3.33692360798655
75256.199307,0.92418007079659,3.33692360798655
75266.1993070001,0.924027292958669,3.33692360798655
75276.1996713335,0.923874509523633,3.33692360798655
75286.1993119999,0.92372173711466,3.33692360798655
75296.1993126667,0.923568959244556,3.33692360798655
75306.199307,0.923416181445752,3.33692360798655
75316.1993070001,0.92326340356398,3.33692360798655
75326.1993069998,0.923110625688244,3.3367327303062
75336.1996583333,0.922957842482796,3.3367327303062
75346.199307,0.922805069958326,3.3367327303062
75356.1993116668,0.92265229209512,3.3367327303062
75366.1993116668,0.922499514281259,3.3367327303062
75376.1996286667,0.922346731620595,3.3367327303062
75386.1993126667,0.922193958626516,3.3367327303062
75396.1993066667,0.922041180873062,3.3367327303062
75406.1993070001,0.921888402873325,3.33654185262584
75416.1996206668,0.921735620308608,3.33654185262584
75426.1993076666,0.921582847226808,3.33654185262584
75436.1996320001,0.921430064365015,3.33654185262584
75446.1993126669,0.921277291309016,3.33654185262584
75456.1996833334,0.921124507813625,3.33654185262584
75466.1995819999,0.920971731468976,3.33654185262584
75476.199307,0.9208189578161,3.33654185262584
75486.1993083335,0.920666179963391,3.33654185262584
75496.1993070001,0.920513402110632,3.33654185262584
75506.1993119999,0.920360624203736,3.33635097494548
75516.1996896666,0.920207840571828,3.33635097494548
75526.1993066666,0.920055068647013,3.33635097494548
75536.1995976666,0.919902286371466,3.33635097494548
75546.1997200001,0.919749506678537,3.33635097494548
75556.199308,0.919596735150311,3.33635097494548
75566.199308,0.919443957370661,3.33635097494548
75576.1993076668,0.919291179499166,3.33635097494548
75586.1993113334,0.919138401683576,3.33635097494548
75596.1993096667,0.918985623839875,3.33635097494548
75606.1993069999,0.918832846032496,3.33616009726513
75616.199307,0.918680068159497,3.33616009726513
75626.1993070001,0.918527290311738,3.33616009726513
75636.1993073335,0.918374512436643,3.33616009726513
75646.1993069999,0.918221734556512,3.33616009726513
75656.199307,0.918068956824818,3.33616009726513
75666.199307,0.917916178985003,3.33616009726513
75676.1993070001,0.917763401123585,3.33616009726513
75686.1993073332,0.917610623274556,3.33616009726513
75696.1993069999,0.917457845467263,3.33616009726513
75706.199307,0.917305067622926,3.33616009726513
75716.1993070001,0.917152289753164,3.33616009726513
75726.1993126666,0.916999511836526,3.33596921958477
75736.1993113332,0.916846734086517,3.33616009726513
75746.199307,0.916693956329363,3.33596921958477
75756.1993116667,0.916541178477918,3.33596921958477
75766.1993070001,0.916388400753246,3.33596921958477
75776.1993069998,0.916235622965004,3.33596921958477
75786.1993069999,0.916082845181144,3.33596921958477
75796.199307,0.915930067372034,3.33596921958477
75806.1993070001,0.915777289568025,3.33596921958477
75816.1993066668,0.915624511737172,3.33577834190442
75826.199308,0.915471733831888,3.33577834190442
75836.199307,0.915318956047266,3.33577834190442
75846.1993113334,0.915166178026414,3.33577834190442
75856.1993070001,0.915013400222561,3.33577834190442
75866.1993100001,0.91486062227925,3.33577834190442
75876.1993069999,0.91470784445916,3.33558746422406
75886.1993073334,0.914555066579755,3.33558746422406
75896.1993070001,0.914402288682027,3.33558746422406
75906.1993070001,0.914249510832116,3.33558746422406
75916.1993069999,0.91409673293267,3.33558746422406
75926.199307,0.913943955093773,3.33558746422406
75936.1993139999,0.913791177172588,3.33558746422406
75946.1993070001,0.913638399432422,3.33558746422406
75956.1993126666,0.913485621410383,3.3353965865437
75966.199313,0.913332843605537,3.33558746422406
75976.1993093332,0.91318006580035,3.3353965865437
75986.1993073334,0.913027288018913,3.3353965865437
75996.1993070002,0.912874510171835,3.3353965865437
76006.1993069999,0.912721732386742,3.3353965865437
76016.199307,0.91256895456545,3.3353965865437
76026.1993130002,0.912416176687424,3.3353965865437
76036.1993116668,0.912263398799274,3.3353965865437
76046.1993123332,0.912110621004484,3.3353965865437
76056.1993073333,0.911957843241503,3.3353965865437
76066.1995349999,0.911805061926148,3.3353965865437
76076.1993070001,0.911652287553889,3.3353965865437
76086.1993066668,0.911499509773747,3.3353965865437
76096.1993069999,0.911346731941523,3.3353965865437
76106.199307,0.911193954117471,3.3353965865437
76116.1993066667,0.911041176328444,3.33520570886335
76126.1993070001,0.910888398464451,3.3353965865437
76136.1993069998,0.910735620413308,3.33520570886335
76146.1993073333,0.910582842589858,3.33520570886335
76156.1993083334,0.910430064566725,3.33520570886335
76166.1993070001,0.910277286655542,3.33520570886335
76176.1993070002,0.910124508836173,3.33520570886335
76186.1993123333,0.909971730722877,3.33520570886335
76196.199307,0.909818952955136,3.33501483118299
76206.1993093332,0.909666174874841,3.33520570886335
76216.1993073335,0.909513396915765,3.33501483118299
76226.1993119999,0.909360618985193,3.33501483118299
76236.1993133334,0.909207841097176,3.33501483118299
76246.1993103332,0.909055063181816,3.33501483118299
76256.1993070001,0.908902285241842,3.33501483118299
76266.1993103334,0.908749507272322,3.33501483118299
76276.1993069999,0.908596729393253,3.33501483118299
76286.199307,0.908443951466946,3.33501483118299
76296.1993066667,0.908291173641239,3.33501483118299
76306.1993143333,0.908138395510778,3.33501483118299
76316.1993100001,0.907985617556311,3.33501483118299
76326.1993069999,0.907832839654682,3.33501483118299
76336.1993073334,0.907680061846596,3.33482395350263
76346.1993076668,0.907527283893271,3.33482395350263
76356.1993070001,0.907374505971782,3.33482395350263
76366.1993069999,0.907221728060029,3.33482395350263
76376.1993109999,0.907068950128577,3.33482395350263
76386.199307,0.906916172344403,3.33482395350263
76396.1993070001,0.90676339454852,3.33482395350263
76406.1994086667,0.906610615163674,3.33482395350263
76416.1993090001,0.906457838874086,3.33482395350263
76426.1993126668,0.90630506102355,3.33463307582228
76436.199378,0.90615228219376,3.33463307582228
76446.1993070002,0.905999505437257,3.33463307582228
76456.1993069999,0.905846727519957,3.33463307582228
76466.199307,0.905693949748469,3.33463307582228
76476.1993113334,0.905541171845239,3.33463307582228
76486.1993079998,0.905388394009704,3.33463307582228
76496.1993069998,0.905235616226112,3.33463307582228
76506.1993073333,0.905082838411404,3.33463307582228
76516.1993096665,0.90493006051301,3.33463307582228
76526.1994426668,0.904777280641032,3.33463307582228
76536.1993103334,0.904624504707238,3.33463307582228
76546.1993069999,0.904471726823112,3.33463307582228
76556.199307,0.90431894895407,3.33463307582228
76566.199307,0.904166171083478,3.33463307582228
76576.1993066668,0.904013393246557,3.33444219814192
76586.1993069998,0.903860615404306,3.33463307582228
76596.1993093334,0.903707837481354,3.33444219814192
76606.199311,0.903555059586236,3.33444219814192
76616.1993070001,0.903402281831685,3.33444219814192
76626.1993079999,0.903249503998708,3.33444219814192
76636.1993093334,0.903096726125018,3.33444219814192
76646.199312,0.902943948177241,3.33444219814192
76656.1993120001,0.902791170368297,3.33444219814192
76666.1993070001,0.90263839260933,3.33444219814192
76676.1993069998,0.90248561477625,3.33444219814192
76686.1993069999,0.902332836968641,3.33425132046157
76696.1993113333,0.902180059015111,3.33425132046157
76706.1993070001,0.902027281202706,3.33425132046157
76716.199309,0.901874503339919,3.33425132046157
76726.1993106668,0.901721725410295,3.33425132046157
76736.199308,0.901568947561142,3.33425132046157
76746.1993076668,0.901416169639166,3.33425132046157
76756.1993070001,0.901263391756248,3.33425132046157
76766.1993093334,0.901110613645789,3.33425132046157
76776.1993116666,0.90095783566254,3.33425132046157
76786.1993066666,0.900805057882538,3.33425132046157
76796.1993086665,0.900652279903434,3.33425132046157
76806.1993116668,0.900499501971376,3.33425132046157
76816.199309,0.900346724126824,3.33425132046157
76826.199307,0.900193946280029,3.33425132046157
76836.199307,0.900041168167334,3.33425132046157
76846.1993070001,0.89988839033487,3.33425132046157
76856.1993066668,0.899735612397737,3.33425132046157
76866.1993093334,0.899582834426121,3.33406044278121
76876.1993103332,0.899430056462337,3.33425132046157
76886.1993096666,0.899277278563411,3.33406044278121
76896.1993073332,0.899124500740252,3.33406044278121
76906.1993069999,0.898971722881104,3.33406044278121
76916.1993090001,0.898818944995938,3.33406044278121
76926.1993073334,0.898666167007689,3.33406044278121
76936.1993070001,0.898513389199756,3.33406044278121
76946.1993106668,0.898360611274806,3.33406044278121
76956.1993069999,0.898207833506642,3.33406044278121
76966.1993106666,0.8980550556426,3.33406044278121
76976.1993103333,0.897902277828618,3.33406044278121
76986.1993066668,0.897749500015659,3.33386956510085
76996.1993119999,0.897596722125044,3.33406044278121
77006.199307,0.897443944338364,3.33386956510085
77016.199307,0.897291166372556,3.33386956510085
77026.1993070001,0.897138388443759,3.33386956510085
77036.1993123332,0.896985610319076,3.33386956510085
77046.1993106665,0.896832832375709,3.33386956510085
77056.1993123334,0.896680054514806,3.33386956510085
77066.1993070001,0.896527276562417,3.33386956510085
77076.1993126666,0.896374498551266,3.33386956510085
77086.1993100001,0.896221720633204,3.33386956510085
77096.199307,0.896068942632433,3.33386956510085
77106.1993099999,0.895916164639788,3.33386956510085
77116.1993110001,0.895763386647965,3.33386956510085
77126.1993073332,0.895610608823503,3.33386956510085
77136.1993069999,0.895457830859932,3.33386956510085
77146.199307,0.895305052853695,3.33386956510085
77156.1993070001,0.895152275032577,3.33386956510085
77166.1993070002,0.894999497022762,3.3336786874205
77176.1993066665,0.894846719258734,3.3336786874205
77186.199307,0.894693941396159,3.3336786874205
77196.1993080001,0.894541163474867,3.3336786874205
77206.1993070001,0.894388385664153,3.3336786874205
77216.1993076666,0.894235607719641,3.3336786874205
77226.1993086667,0.894082829802436,3.3336786874205
77236.1993083334,0.893930051741586,3.3336786874205
77246.1993106667,0.893777273839912,3.3336786874205
77256.1993070001,0.893624495954588,3.3336786874205
77266.1993069999,0.893471718000472,3.3336786874205
77276.1993096668,0.893318940116631,3.3336786874205
77286.1993486668,0.893166161630527,3.33348780974014
77296.1993066668,0.893013384359852,3.33348780974014
77306.1993069998,0.892860606375125,3.3336786874205
77316.1993069999,0.892707828314753,3.33348780974014
77326.199307,0.892555050376961,3.33348780974014
77336.1993070001,0.892402272396893,3.33348780974014
77346.1993070002,0.892249494372564,3.33348780974014
77356.1993069999,0.892096716469023,3.33348780974014
77366.1993073333,0.891943938590294,3.33348780974014
77376.199307,0.891791160702128,3.33348780974014
77386.1993070001,0.891638382788343,3.33348780974014
77396.1993069998,0.891485604913795,3.33348780974014
77406.1993073333,0.891332826899281,3.33348780974014
77416.199307,0.8911800489405,3.33329693205979
77426.1993103333,0.891027271063414,3.33329693205979
77436.19931,0.890874493080287,3.33348780974014
77446.1993083333,0.89072171526404,3.33329693205979
77456.1993106666,0.890568937328755,3.33329693205979
77466.199311,0.890416159330072,3.33329693205979
77476.1993066668,0.890263381348156,3.33329693205979
77486.1993100001,0.890110603470521,3.33329693205979
77496.1993076666,0.889957825494141,3.33329693205979
77506.1993093332,0.889805047429687,3.33329693205979
77516.1993070001,0.889652269485543,3.33329693205979
77526.1993070002,0.889499491475234,3.33329693205979
77536.1993073332,0.889346713508576,3.33329693205979
77546.1993113333,0.889193935476988,3.33329693205979
77556.199307,0.889041157628809,3.33310605437943
77566.1993086666,0.8888883795714,3.33329693205979
77576.1993069998,0.88873560162166,3.33310605437943
77586.1993073333,0.88858282364816,3.33329693205979
77596.1993080001,0.888430045722708,3.33310605437943
77606.1993070001,0.888277267861824,3.33310605437943
77616.1993070002,0.888124489979947,3.33310605437943
77626.1993093334,0.887971711986076,3.33310605437943
77636.1993130001,0.887818933874628,3.33310605437943
77646.199307,0.887666155978946,3.33310605437943
77656.1993116668,0.8875133780084,3.33310605437943
77666.1993069998,0.887360600069966,3.33310605437943
77676.1993066666,0.887207822163331,3.33310605437943
77686.199307,0.887055044188435,3.33310605437943
77696.1993120001,0.886902266144107,3.33310605437943
77706.1993096667,0.886749488270988,3.33310605437943
77716.1993073332,0.886596710343658,3.33310605437943
77726.199307,0.886443932397386,3.33310605437943
77736.1993113334,0.886291154347346,3.33291517669907
77746.1993096666,0.886138376519569,3.33310605437943
77756.1993123332,0.885985598475214,3.33310605437943
77766.1993069999,0.885832820620273,3.33291517669907
77776.1993130001,0.885680042555595,3.33291517669907
77786.19931,0.88552726475287,3.33291517669907
77796.1993070002,0.885374486917549,3.33291517669907
77806.1993813334,0.885221707949771,3.33291517669907
77816.1993086668,0.885068931151808,3.33291517669907
77826.1993103333,0.884916153113926,3.33291517669907
77836.1993066668,0.884763375358735,3.33291517669907
77846.1993076666,0.884610597446455,3.33291517669907
77856.1993090001,0.8844578193898,3.33291517669907
77866.199307,0.8843050415441,3.33272429901872
77876.1993070001,0.884152263614359,3.33272429901872
77886.1993070002,0.883999485717829,3.33272429901872
77896.1993069999,0.883846707779304,3.33272429901872
77906.199307,0.883693929798565,3.33272429901872
77916.199307,0.883541151921603,3.33272429901872
77926.1993070001,0.883388374052436,3.33272429901872
77936.1993113332,0.883235596163336,3.33272429901872
77946.1993073333,0.883082818308877,3.33272429901872
77956.199307,0.882930040406187,3.33272429901872
77966.1993070001,0.882777262572786,3.33272429901872
77976.1993123332,0.882624484668628,3.33272429901872
77986.1993116666,0.882471706811787,3.33272429901872
77996.1993130001,0.882318928750778,3.33253342133836
78006.1993126668,0.882166150971017,3.33253342133836
78016.1993070001,0.882013373151126,3.33253342133836
78026.1993069998,0.88186059525427,3.33253342133836
78036.1993069999,0.88170781745035,3.33253342133836
78046.1993090002,0.881555039541448,3.33253342133836
78056.1993073334,0.881402261662915,3.33253342133836
78066.1993073332,0.881249483876931,3.33253342133836
78076.1993083333,0.881096705954452,3.33253342133836
78086.199307,0.880943928113366,3.33253342133836
78096.1993080001,0.880791150332522,3.33253342133836
78106.1993126665,0.880638372409785,3.33253342133836
78116.1993069998,0.880485594572424,3.332342543658
78126.1993069999,0.880332816530807,3.332342543658
78136.1993093332,0.880180038684017,3.332342543658
78146.1993066667,0.880027260861321,3.332342543658
78156.1993070001,0.879874482901382,3.332342543658
78166.1993073332,0.879721704950854,3.332342543658
78176.199307,0.879568927159012,3.332342543658
78186.199307,0.879416149297953,3.332342543658
78196.1993070001,0.879263371425011,3.332342543658
78206.1993093334,0.879110593422735,3.332342543658
78216.1993073333,0.878957815733382,3.332342543658
78226.1993086668,0.878805037950471,3.332342543658
78236.1993070001,0.878652260010279,3.332342543658
78246.1993070002,0.878499482002836,3.332342543658
78256.1993069999,0.878346704102791,3.332342543658
78266.199307,0.878193926197228,3.332342543658
78276.1993083335,0.87804114821655,3.332342543658
78286.1993070001,0.877888370327033,3.33215166597765
78296.1993069998,0.877735592431004,3.332342543658
78306.1993069999,0.877582814472413,3.332342543658
78316.199307,0.877430036602105,3.33215166597765
78326.1993070001,0.877277258631807,3.33215166597765
78336.1993083332,0.877124480579867,3.33215166597765
78346.199308,0.87697170263175,3.332342543658
78356.199308,0.876818924697871,3.33215166597765
78366.1993093332,0.876666146757406,3.33215166597765
78376.1993070001,0.876513368804396,3.33215166597765
78386.1993069998,0.876360590815147,3.33215166597765
78396.1993073333,0.876207812887625,3.33215166597765
78406.1993073334,0.876055035055761,3.33196078829729
78416.1993070001,0.875902257116703,3.33215166597765
78426.1993086666,0.875749479055609,3.33215166597765
78436.1993113332,0.875596701091734,3.33196078829729
78446.199307,0.87544392327378,3.33196078829729
78456.199307,0.875291145279049,3.33196078829729
78466.1993070001,0.875138367402749,3.33196078829729
78476.1993069998,0.874985589350687,3.33196078829729
78486.1993076666,0.874832811389549,3.33196078829729
78496.1993126668,0.874680033306558,3.33196078829729
78506.1993070001,0.874527255473074,3.33196078829729
78516.1993070002,0.874374477551343,3.33196078829729
78526.1993069999,0.874221699536762,3.33196078829729
78536.1993076667,0.874068921504064,3.33196078829729
78546.199307,0.873916143677533,3.33196078829729
78556.1993070001,0.873763365628318,3.33196078829729
78566.1993069998,0.87361058764951,3.33196078829729
78576.1993066666,0.873457809823171,3.33196078829729
78586.1993116667,0.873305031777127,3.33196078829729
78596.1993083332,0.873152253827056,3.33196078829729
78606.19931,0.872999475754358,3.33196078829729
78616.1993073332,0.872846697841452,3.33196078829729
78626.1993073333,0.872693919876222,3.33176991061694
78636.199307,0.872541141971553,3.33176991061694
78646.1993070001,0.872388363980693,3.33176991061694
78656.1993069998,0.872235586047805,3.33176991061694
78666.1993073333,0.872082808069957,3.33176991061694
78676.1993113333,0.871930030175316,3.33176991061694
78686.1993070001,0.871777252252235,3.33176991061694
78696.1993070002,0.871624474282613,3.33176991061694
78706.1993100001,0.871471696209465,3.33176991061694
78716.1993076667,0.871318918323905,3.33176991061694
78726.1993066667,0.871166140358554,3.33176991061694
78736.1993070001,0.871013362428629,3.33176991061694
78746.1993069998,0.870860584502486,3.33157903293658
78756.1993126667,0.870707806418704,3.33176991061694
78766.1993103332,0.870555028465954,3.33157903293658
78776.1993070001,0.870402250562774,3.33157903293658
78786.1993076665,0.870249472711307,3.33157903293658
78796.1993126666,0.870096694677542,3.33157903293658
78806.199307,0.869943916769815,3.33157903293658
78816.199307,0.869791138729796,3.33157903293658
78826.1993070001,0.869638360794692,3.33157903293658
78836.1993066669,0.869485582915097,3.33157903293658
78846.1993106665,0.869332804901977,3.33157903293658
78856.199307,0.86918002691411,3.33157903293658
78866.1993070001,0.869027249102129,3.33157903293658
78876.1993133333,0.868874471191911,3.33157903293658
78886.1993066665,0.868721693406453,3.33157903293658
78896.1993123334,0.868568915461827,3.33157903293658
78906.199307,0.868416137720349,3.33157903293658
78916.1993076668,0.868263359803793,3.33157903293658
78926.1993069998,0.868110581810761,3.33157903293658
78936.1993069999,0.867957804038394,3.33157903293658
78946.199307,0.867805026191123,3.33138815525622
78956.1993136666,0.867652248239964,3.33138815525622
78966.1993129999,0.867499470365184,3.33138815525622
78976.1993073332,0.867346692562421,3.33138815525622
78986.1993066666,0.867193914619086,3.33157903293658
78996.199307,0.867041136801114,3.33138815525622
79006.1993103334,0.866888358889018,3.33138815525622
79016.1993069998,0.86673558108246,3.33138815525622
79026.1993069999,0.866582803164396,3.33138815525622
79036.199307,0.866430025206299,3.33138815525622
79046.1993070001,0.8662772473702,3.33138815525622
79056.1993070001,0.866124469425527,3.33138815525622
79066.1993103335,0.86597169149241,3.33138815525622
79076.1993066666,0.865818913622766,3.33138815525622
79086.199307,0.865666135567925,3.33138815525622
79096.1993070001,0.865513357812395,3.33119727757587
79106.1993069998,0.86536057992506,3.33119727757587
79116.1993076666,0.865207802003982,3.33119727757587
79126.1993073334,0.865055024177256,3.33119727757587
79136.1993086665,0.864902246231224,3.33119727757587
79146.1993076665,0.864749468344528,3.33119727757587
79156.1993076666,0.864596690484657,3.33119727757587
79166.1993090001,0.864443912532737,3.33119727757587
79176.199307,0.864291134619329,3.33119727757587
79186.1993070001,0.8641383567894,3.33119727757587
79196.1993069998,0.863985578844325,3.33119727757587
79206.1993069999,0.86383280086207,3.33119727757587
79216.199307,0.863680023005461,3.33119727757587
79226.1993123335,0.863527245107762,3.33119727757587
79236.1993076665,0.863374467351432,3.33119727757587
79246.1993076666,0.863221689500259,3.33119727757587
79256.199307,0.863068911444336,3.33119727757587
79266.199307,0.862916133595124,3.33119727757587
79276.1993066668,0.862763355590166,3.33119727757587
79286.1994826665,0.862610574958445,3.33119727757587
79296.1993069999,0.862457799727067,3.33119727757587
79306.1993099999,0.862305021650189,3.33119727757587
79316.1993070001,0.862152243747944,3.33119727757587
79326.1993070002,0.861999465908782,3.33119727757587
79336.1993069999,0.861846687965033,3.33100639989551
79346.1993090001,0.86169391007534,3.33100639989551
79356.1993076668,0.861541132024249,3.33100639989551
79366.1993070001,0.861388354193642,3.33100639989551
79376.1993069998,0.861235576107554,3.33100639989551
79386.1993069999,0.861082798223407,3.33100639989551
79396.1993116667,0.860930020244005,3.33100639989551
79406.19931,0.860777242251783,3.33100639989551
79416.1993126666,0.860624464316094,3.33100639989551
79426.1993066665,0.860471686568984,3.33100639989551
79436.199307,0.860318908614894,3.33100639989551
79446.1993073334,0.860166130653424,3.33100639989551
79456.1993073335,0.860013352706984,3.33100639989551
79466.1993069998,0.859860574910564,3.33081552221515
79476.199313,0.859707796887197,3.33081552221515
79486.1993066666,0.85955501908855,3.33100639989551
79496.1993083332,0.859402241182801,3.33081552221515
79506.1993073335,0.859249463279493,3.33081552221515
79516.1993113332,0.859096685314901,3.33081552221515
79526.1993109999,0.858943907436865,3.33081552221515
79536.1993076668,0.858791129617317,3.33081552221515
79546.1993103334,0.858638351801938,3.33081552221515
79556.1993069998,0.858485574054685,3.33081552221515
79566.1993126667,0.858332796178554,3.33081552221515
79576.199307,0.858180018482445,3.33081552221515
79586.1993106667,0.858027240624729,3.33081552221515
79596.1993070002,0.85787446284052,3.33081552221515
79606.1993069999,0.857721684929222,3.33081552221515
79616.199307,0.857568907134194,3.33081552221515
79626.199307,0.857416129354523,3.33081552221515
79636.1993089999,0.857263351534413,3.33081552221515
79646.1993069998,0.857110573732214,3.3306246445348
79656.1993069999,0.856957795936631,3.3306246445348
79666.199307,0.856805018168415,3.3306246445348
79676.1993070001,0.856652240281187,3.3306246445348
79686.1993070002,0.856499462400654,3.33081552221515
79696.1993069999,0.856346684624306,3.3306246445348
79706.1993066666,0.856193906756945,3.33081552221515
79716.1993099999,0.856041128849427,3.3306246445348
79726.1993089999,0.85588835097131,3.3306246445348
79736.1993069998,0.855735573095899,3.3306246445348
79746.1993069999,0.855582795225907,3.3306246445348
79756.1993073334,0.855430017392767,3.3306246445348
79766.1993070001,0.8552772394096,3.3306246445348
79776.1993076665,0.855124461548488,3.3306246445348
79786.1993069999,0.854971683679333,3.3306246445348
79796.199308,0.854818905819531,3.33043376685444
79806.199307,0.854666128039689,3.3306246445348
79816.1993076668,0.854513350257422,3.33043376685444
79826.1993069998,0.854360572438723,3.33043376685444
79836.1993090001,0.854207794576506,3.33043376685444
79846.199307,0.854055016718782,3.33043376685444
79856.1993070001,0.85390223888597,3.33043376685444
79866.1993110001,0.853749461018391,3.33043376685444
79876.1993069999,0.853596683254969,3.33043376685444
79886.1993113333,0.853443905366865,3.33043376685444
79896.1994933332,0.853291124775859,3.33043376685444
79906.1993076668,0.853138349810875,3.33043376685444
79916.1993069998,0.852985571967467,3.33043376685444
79926.1993069999,0.852832794095486,3.33043376685444
79936.1993096665,0.852680016164696,3.33043376685444
79946.1993106667,0.852527238239264,3.33043376685444
79956.1993126666,0.852374460293817,3.33043376685444
79966.1993066665,0.852221682315464,3.33043376685444
79976.199307,0.852068904488103,3.33043376685444
79986.1993133335,0.851916126346634,3.33043376685444
79996.19931,0.851763348547341,3.33024288917409
80006.1993069998,0.851610570702777,3.33024288917409
80016.1993069999,0.851457792742134,3.33024288917409
80026.1994196667,0.851305013169392,3.33024288917409
80036.1993113334,0.851152237000093,3.33024288917409
80046.1993093333,0.850999459193724,3.33024288917409
80056.1993069999,0.850846681387377,3.33024288917409
80066.199307,0.85069390351237,3.33024288917409
80076.1993086668,0.850541125534015,3.33024288917409
80086.1993103334,0.850388347492949,3.33024288917409
80096.1993126666,0.850235569507756,3.33024288917409
80106.1993069999,0.850082791799116,3.33024288917409
80116.199307,0.849930013947034,3.33005201149373
80126.1993070001,0.849777236098222,3.33005201149373
80136.1993070002,0.849624458262547,3.33005201149373
80146.1993069999,0.849471680457114,3.33005201149373
80156.1993076667,0.849318902594854,3.33005201149373
80166.199307,0.849166124827896,3.33005201149373
80176.1993070001,0.849013347030053,3.33005201149373
80186.1993133333,0.848860569040009,3.33005201149373
80196.1993083334,0.848707791336851,3.33005201149373
80206.199307,0.848555013504443,3.33005201149373
80216.1993073334,0.848402235684342,3.33005201149373
80226.1993070002,0.848249457854723,3.33005201149373
80236.1993069999,0.848096680013737,3.33005201149373
80246.1993076667,0.847943902108808,3.33005201149373
80256.1993120001,0.847791124193518,3.33005201149373
80266.1993073335,0.847638346374241,3.33005201149373
80276.1993073332,0.847485568531791,3.33005201149373
80286.1993073333,0.847332790695761,3.33005201149373
80296.199311,0.847180012783421,3.33005201149373
80306.1993070001,0.847027234947198,3.33005201149373
80316.1993066668,0.846874457143474,3.32986113381337
80326.1993096668,0.846721679225989,3.32986113381337
80336.1993103332,0.846568901318358,3.33005201149373
80346.1993066667,0.846416123566733,3.32986113381337
80356.1993076668,0.846263345687077,3.32986113381337
80366.1993100001,0.846110567845658,3.32986113381337
80376.1993069999,0.845957790063138,3.32986113381337
80386.1993113333,0.845805012136907,3.32986113381337
80396.1993070001,0.845652234275658,3.32986113381337
80406.1993070001,0.845499456403052,3.32986113381337
80416.1993069999,0.845346678565215,3.32986113381337
80426.1993073333,0.845193900714109,3.32986113381337
80436.1993123334,0.845041122842204,3.32986113381337
80446.1993070001,0.844888345070889,3.32986113381337
80456.1993069998,0.844735567241684,3.32967025613302
80466.1993073333,0.844582789409856,3.32986113381337
80476.199311,0.844430011454285,3.32967025613302
80486.1993066667,0.844277233759868,3.32967025613302
80496.1993070002,0.844124455877797,3.32967025613302
80506.1993069999,0.843971678009377,3.32967025613302
80516.1993116666,0.843818900017106,3.32967025613302
80526.199307,0.843666122184448,3.32967025613302
80536.1993070001,0.843513344337363,3.32967025613302
80546.1993069998,0.843360566485354,3.32967025613302
80556.1993069999,0.843207788600614,3.32967025613302
80566.199307,0.843055010662922,3.32967025613302
80576.1993070001,0.842902232770647,3.32947937845266
80586.1993129999,0.842749454756353,3.32947937845266
80596.1993069999,0.842596677049891,3.32947937845266
80606.1993093335,0.842443899180494,3.32947937845266
80616.1993076668,0.842291121377099,3.32947937845266
80626.1993070001,0.842138343578604,3.32947937845266
80636.1993076666,0.841985565734749,3.32947937845266
80646.1993069999,0.841832787878707,3.32947937845266
80656.1993093332,0.841680009929629,3.32947937845266
80666.1993066667,0.841527232096677,3.32947937845266
80676.1995099998,0.841374451072157,3.32928850077231
80686.1993113332,0.841221676205906,3.32928850077231
80696.199312,0.841068898306969,3.32928850077231
80706.199307,0.840916120550673,3.32928850077231
80716.1993073335,0.840763342638588,3.32928850077231
80726.1993073332,0.840610564715137,3.32928850077231
80736.1993133334,0.840457786809664,3.32928850077231
80746.199307,0.840305009039566,3.32928850077231
80756.1993120001,0.840152231066304,3.32928850077231
80766.1993073332,0.839999453315689,3.32928850077231
80776.1993076666,0.839846675424406,3.32928850077231
80786.199307,0.839693897595561,3.32928850077231
80796.199307,0.839541119781871,3.32928850077231
80806.1993073335,0.839388342001827,3.32928850077231
80816.1993069998,0.839235564184747,3.32928850077231
80826.1993069999,0.839082786359015,3.32928850077231
80836.199307,0.838930008460031,3.32928850077231
80846.1993126669,0.838777230480284,3.32928850077231
80856.1993070001,0.83862445275494,3.32928850077231
80866.1993073332,0.838471674876451,3.32909762309195
80876.199307,0.838318896926446,3.32909762309195
80886.199307,0.838166119071794,3.32909762309195
80896.1993070001,0.838013341166695,3.32909762309195
80906.1993119999,0.837860563168814,3.32909762309195
80916.1993083334,0.837707785340322,3.32909762309195
80926.199307,0.837555007489764,3.32909762309195
80936.1993070001,0.837402229590563,3.32909762309195
80946.1993129999,0.837249451672296,3.32909762309195
80956.1993076666,0.837096673804544,3.32909762309195
80966.1993106666,0.836943896036906,3.32890674541159
80976.1993089998,0.836791118195695,3.32890674541159
80986.1993070001,0.836638340386227,3.32890674541159
80996.1993083333,0.836485562503591,3.32890674541159
81006.1993069999,0.836332784639724,3.32890674541159
81016.1993099999,0.836180006748151,3.32890674541159
81026.1993070001,0.836027228991474,3.32890674541159
81036.1993070002,0.835874451034302,3.32890674541159
81046.1993069999,0.835721673116039,3.32890674541159
81056.199307,0.835568895036884,3.32890674541159
81066.199307,0.835416117252666,3.32890674541159
81076.1993066668,0.835263339213422,3.32890674541159
81086.1993103334,0.835110561327332,3.32890674541159
81096.1993069999,0.834957783343465,3.32890674541159
81106.199307,0.834805005467743,3.32890674541159
81116.1993070001,0.834652227449473,3.32890674541159
81126.1993073332,0.834499449687123,3.32890674541159
81136.1993073332,0.834346671817193,3.32890674541159
81146.199307,0.834193893863225,3.32871586773124
81156.1993066667,0.83404111608834,3.32890674541159
81166.1993070001,0.833888338164971,3.32871586773124
81176.1993106668,0.833735560245368,3.32871586773124
81186.1993109999,0.833582782369399,3.32871586773124
81196.1993073334,0.833430004601263,3.32871586773124
81206.1993070001,0.833277226757592,3.32871586773124
81216.1993129999,0.833124448817019,3.32871586773124
81226.1993093334,0.832971671043778,3.32871586773124
81236.199307,0.832818893270987,3.32871586773124
81246.1993093332,0.83266611542315,3.32871586773124
81256.1993070001,0.83251333762614,3.32871586773124
81266.1993096667,0.832360559764387,3.32852499005088
81276.1993100002,0.832207781951984,3.32871586773124
81286.1993096665,0.832055004080038,3.32852499005088
81296.1993073334,0.831902226209646,3.32852499005088
81306.1993070001,0.831749448273685,3.32852499005088
81316.1993076666,0.831596670336488,3.32852499005088
81326.1993096668,0.831443892399635,3.32852499005088
81336.1993073334,0.831291114606356,3.32852499005088
81346.1993076668,0.831138336622185,3.32852499005088
81356.1993113335,0.83098555882918,3.32852499005088
81366.1993113332,0.830832781032184,3.32852499005088
81376.199307,0.830680003271021,3.32852499005088
81386.1993070001,0.83052722538848,3.32852499005088
81396.1993070002,0.830374447490984,3.32852499005088
81406.1993069999,0.830221669562577,3.32852499005088
81416.1993073333,0.830068891631222,3.32852499005088
81426.1993133332,0.829916113528187,3.32852499005088
81436.1993079998,0.82976333564591,3.32852499005088
81446.1993073332,0.829610557737615,3.32833411237052
81456.1993069999,0.829457779896211,3.32833411237052
81466.1993076667,0.829305001982065,3.32833411237052
81476.1993070001,0.829152224088014,3.32833411237052
81486.1993070002,0.828999446090731,3.32833411237052
81496.1993086667,0.828846668197461,3.32833411237052
81506.199307,0.828693890244095,3.32833411237052
81516.1993073334,0.828541112428434,3.32833411237052
81526.1993076668,0.828388334518581,3.32833411237052
81536.1993069998,0.828235556542224,3.32833411237052
81546.1993073333,0.828082778700359,3.32833411237052
81556.1993073334,0.82793000061758,3.32814323469017
81566.1993076668,0.827777222624308,3.32814323469017
81576.1993070002,0.827624444692739,3.32814323469017
81586.1993069999,0.827471666823776,3.32814323469017
81596.199307,0.82731888886107,3.32814323469017
81606.199307,0.827166110991539,3.32814323469017
81616.1993089999,0.827013333042496,3.32814323469017
81626.1993069998,0.826860555093161,3.32814323469017
81636.199312,0.826707777059404,3.32814323469017
81646.199307,0.826554999264821,3.32814323469017
81656.1993066667,0.826402221275977,3.32814323469017
81666.1993070002,0.826249443449974,3.32814323469017
81676.1993076666,0.826096665594144,3.32814323469017
81686.199307,0.825943887739864,3.32814323469017
81696.1993073334,0.825791109773828,3.32814323469017
81706.1993076668,0.825638331907984,3.32814323469017
81716.1993066668,0.825485553924492,3.32814323469017
81726.1993066666,0.825332776047341,3.32814323469017
81736.1993066666,0.825179998055942,3.32814323469017
81746.1993073334,0.8250272200939,3.32814323469017
81756.1993070001,0.824874442144309,3.32795235700981
81766.1993069999,0.824721664175968,3.32795235700981
81776.1993090001,0.82456888629088,3.32814323469017
81786.1993126668,0.824416108295649,3.32795235700981
81796.1993070001,0.824263330436445,3.32795235700981
81806.1993116665,0.824110552424063,3.32795235700981
81816.1993069999,0.823957774535525,3.32795235700981
81826.199307,0.823804996485944,3.32795235700981
81836.1993086665,0.823652218482794,3.32795235700981
81846.1993066668,0.823499440577886,3.32795235700981
81856.199308,0.823346662680145,3.32795235700981
81866.1993099998,0.823193884715234,3.32776147932946
81876.199307,0.823041106839941,3.32776147932946
81886.1993110001,0.822888328916351,3.32776147932946
81896.1993069998,0.822735551029392,3.32776147932946
81906.1993106665,0.822582773078356,3.32776147932946
81916.199307,0.822429995225165,3.32776147932946
81926.1993070001,0.822277217255459,3.32776147932946
81936.1993096667,0.82212443930085,3.32776147932946
81946.1993093334,0.821971661405262,3.32776147932946
81956.1993133334,0.821818883438542,3.32776147932946
81966.199307,0.821666105622515,3.32776147932946
81976.1993070001,0.821513327649303,3.32776147932946
81986.1993123332,0.821360549706271,3.32776147932946
81996.1993069999,0.821207771910766,3.32776147932946
82006.199307,0.821054994069985,3.32776147932946
82016.1993070001,0.820902216242219,3.32776147932946
82026.1993086666,0.820749438398354,3.3275706016491
82036.199308,0.820596660585564,3.3275706016491
82046.1993090001,0.82044388269549,3.3275706016491
82056.1993076668,0.820291104966808,3.3275706016491
82066.1993089999,0.820138327093138,3.3275706016491
82076.1993073332,0.81998554925093,3.3275706016491
82086.1993100002,0.819832771390352,3.3275706016491
82096.1993133335,0.819679993430981,3.3275706016491
82106.1993083332,0.819527215693736,3.3275706016491
82116.1993070002,0.8193744377478,3.3275706016491
82126.1993069999,0.819221659738552,3.32737972396874
82136.199307,0.819068881763083,3.3275706016491
82146.199307,0.8189161037803,3.32737972396874
82156.1993106667,0.818763325762491,3.32737972396874
82166.1993106668,0.818610547802419,3.32737972396874
82176.1993100002,0.818457769860036,3.32737972396874
82186.1993116667,0.818304991851393,3.32737972396874
82196.1993070001,0.818152214033887,3.32737972396874
82206.1993070001,0.817999435972031,3.32737972396874
82216.199309,0.817846657956556,3.32737972396874
82226.199307,0.817693879981117,3.32718884628839
82236.1993066667,0.817541102015745,3.32718884628839
82246.1993070001,0.817388324184187,3.32737972396874
82256.1994363334,0.81723554424626,3.32718884628839
82266.1993100002,0.817082768215899,3.32718884628839
82276.1993073334,0.816929990328518,3.32718884628839
82286.1993073334,0.816777212385174,3.32718884628839
82296.1993070002,0.816624434487881,3.32718884628839
82306.1993069999,0.816471656609625,3.32718884628839
82316.199307,0.816318878686275,3.32718884628839
82326.1993073334,0.816166100842106,3.32718884628839
82336.1993070001,0.816013322974308,3.32699796860803
82346.1993110002,0.815860545015308,3.32718884628839
82356.1993069999,0.815707767178076,3.32699796860803
82366.199307,0.815554989304599,3.32699796860803
82376.1993066667,0.815402211436668,3.32699796860803
82386.1993110001,0.815249433507479,3.32699796860803
82396.1993069999,0.815096655673216,3.32699796860803
82406.1993103332,0.814943877768353,3.32699796860803
82416.1993086668,0.814791099965801,3.32699796860803
82426.1993129999,0.814638322020853,3.32699796860803
82436.1993079999,0.81448554424726,3.32699796860803
82446.1993069999,0.814332766253274,3.32699796860803
82456.199307,0.814179988512579,3.32699796860803
82466.1993106667,0.814027210500876,3.32699796860803
82476.1993070002,0.813874432673657,3.32680709092768
82486.1993069999,0.813721654771919,3.32680709092768
82496.1993073333,0.813568876853954,3.32680709092768
82506.1993106666,0.813416098920393,3.32680709092768
82516.1993070001,0.813263321025785,3.32680709092768
82526.1993069998,0.813110543082402,3.32680709092768
82536.1993069999,0.812957765035521,3.32680709092768
82546.199307,0.812804987270492,3.32680709092768
82556.1993066667,0.812652209380304,3.32661621324732
82566.1993123332,0.81249943140536,3.32661621324732
82576.1993119999,0.812346653551256,3.32661621324732
82586.199307,0.812193875788963,3.32661621324732
82596.199307,0.812041097981587,3.32661621324732
82606.1993070001,0.811888320069049,3.32661621324732
82616.1993073332,0.811735542278551,3.32661621324732
82626.1993073333,0.811582764403226,3.32661621324732
82636.1993066666,0.811429986595703,3.32661621324732
82646.1993076668,0.811277208723334,3.32642533556696
82656.1993070001,0.811124430952158,3.32642533556696
82666.1993106668,0.810971653035525,3.32642533556696
82676.1993106666,0.810818875216728,3.32642533556696
82686.199307,0.810666097387854,3.32642533556696
82696.1993070001,0.810513319478556,3.32642533556696
82706.1993069998,0.810360541704165,3.32642533556696
82716.1993069999,0.810207763796145,3.32642533556696
82726.199307,0.810054985837951,3.32623445788661
82736.1993086665,0.809902207924795,3.32623445788661
82746.1993129999,0.809749429881079,3.32623445788661
82756.1993069999,0.809596652118478,3.32623445788661
82766.199307,0.809443874309545,3.32623445788661
82776.199307,0.809291096376447,3.32623445788661
82786.199445,0.809138316452997,3.32623445788661
82796.1993103334,0.808985540713179,3.32623445788661
82806.1993069999,0.808832762964891,3.32623445788661
82816.1993066666,0.808679985149707,3.32623445788661
82826.1993113334,0.808527207282171,3.32604358020625
82836.1993083332,0.808374429533679,3.32604358020625
82846.1993066665,0.808221651764471,3.32623445788661
82856.1993066666,0.808068873920533,3.32604358020625
82866.199307,0.807916096003722,3.32604358020625
82876.1993070001,0.807763317988597,3.32604358020625
82886.1993069998,0.80761054009596,3.32604358020625
82896.1993133334,0.807457762174203,3.32604358020625
82906.1993099999,0.807304984228381,3.32585270252589
82916.1993070001,0.807152206459286,3.32585270252589
82926.1993126666,0.806999428484037,3.32585270252589
82936.1993069999,0.806846650714387,3.32585270252589
82946.199307,0.806693872646169,3.32585270252589
82956.199307,0.806541094802707,3.32585270252589
82966.1993070001,0.80638831685055,3.32585270252589
82976.1993069998,0.806235539052758,3.32585270252589
82986.1993069999,0.8060827610529,3.32585270252589
82996.199307,0.805929983210285,3.32585270252589
83006.1993070001,0.805777205365569,3.32566182484554
83016.1993066668,0.805624427503588,3.32566182484554
83026.1993066665,0.805471649615368,3.32566182484554
83036.199307,0.805318871742379,3.32566182484554
83046.1993073334,0.805166093867636,3.32566182484554
83056.1993070001,0.805013315985813,3.32566182484554
83066.1993069998,0.804860538185218,3.32566182484554
83076.1993069999,0.804707760405163,3.32547094716518
83086.199307,0.804554982607698,3.32566182484554
83096.1993070001,0.804402204828771,3.32547094716518
83106.1993070001,0.804249427030173,3.32547094716518
83116.1993109998,0.804096649207604,3.32547094716518
83126.199307,0.803943871400143,3.32547094716518
83136.199307,0.803791093603879,3.32547094716518
83146.1993070001,0.803638315802975,3.32547094716518
83156.1993113335,0.803485537977337,3.32547094716518
83166.1993106665,0.803332760189626,3.32547094716518
83176.1993066666,0.803179982471059,3.32547094716518
83186.1993070001,0.803027204645093,3.32547094716518
83196.1993133333,0.802874426743415,3.32528006948483
83206.199313,0.802721648957591,3.32528006948483
83216.199307,0.802568871251383,3.32528006948483
83226.199307,0.802416093475735,3.32528006948483
83236.1993070001,0.802263315703406,3.32528006948483
83246.1993069998,0.802110537894481,3.32508919180447
83256.1993076666,0.801957760102557,3.32508919180447
83266.1993126668,0.801804982190548,3.32508919180447
83276.1993120001,0.801652204378815,3.32508919180447
83286.1993076665,0.80149942665033,3.32508919180447
83296.1993116666,0.801346648779099,3.32508919180447
83306.1993073333,0.801193871051564,3.32508919180447
83316.199307,0.801041093258141,3.32508919180447
83326.1993113334,0.800888315378602,3.32508919180447
83336.1993069998,0.800735537640873,3.32508919180447
83346.1993100002,0.80058275980915,3.32508919180447
83356.1993073334,0.800429982059087,3.32508919180447
83366.1993076668,0.800277204261104,3.32489831412411
83376.1993070002,0.80012442645297,3.32489831412411
83386.1993123333,0.799971648608382,3.32489831412411
83396.1993130001,0.799818870793659,3.32489831412411
83406.199307,0.799666093130677,3.32489831412411
83416.1993070001,0.799513315332823,3.32489831412411
83426.1993076666,0.799360537485035,3.32489831412411
83436.1993073333,0.799207759676157,3.32470743644376
83446.199307,0.799054981910747,3.32470743644376
83456.1993076668,0.798902204085792,3.32470743644376
83466.1993116668,0.798749426245118,3.32470743644376
83476.1993069999,0.798596648551701,3.32470743644376
83486.1993073333,0.798443870769355,3.32470743644376
83496.1993066667,0.798291093001876,3.32470743644376
83506.1993070001,0.798138315197386,3.3245165587634
83516.1993069998,0.797985537370469,3.3245165587634
83526.1993093334,0.797832759560475,3.3245165587634
83536.1993123334,0.797679981721329,3.3245165587634
83546.1993070001,0.797527204030258,3.3245165587634
83556.1993070001,0.797374426257895,3.3245165587634
83566.1993069999,0.797221648445793,3.32432568108305
83576.1993066666,0.7970688706144,3.32432568108305
83586.199307,0.796916092795238,3.32432568108305
83596.1993083332,0.796763314989255,3.32432568108305
83606.1993073332,0.796610537224517,3.32432568108305
83616.1993069999,0.796457759459154,3.32432568108305
83626.199307,0.796304981668272,3.32413480340269
83636.1993070001,0.796152203879967,3.32432568108305
83646.1993070002,0.795999426104924,3.32413480340269
83656.1993069999,0.795846648315195,3.32413480340269
83666.199307,0.795693870540656,3.32413480340269
83676.199307,0.795541092730481,3.32413480340269
83686.1993076668,0.795388314944541,3.32394392572233
83696.199422,0.795235535419644,3.32394392572233
83706.1993096668,0.795082759342009,3.32394392572233
83716.1993076667,0.794929981502808,3.32394392572233
83726.199311,0.794777203682209,3.32394392572233
83736.1993079999,0.794624425879899,3.32394392572233
83746.1993076666,0.794471648059527,3.32394392572233
83756.199312,0.794318870152147,3.32394392572233
83766.199307,0.794166092394404,3.32375304804198
83776.1993070001,0.794013314606107,3.32375304804198
83786.1993069998,0.793860536816835,3.32375304804198
83796.1993083334,0.793707758984198,3.32375304804198
83806.199307,0.793554981205073,3.32375304804198
83816.1993070001,0.793402203390631,3.32356217036162
83826.1993086666,0.793249425516397,3.32356217036162
83836.1993093334,0.793096647703873,3.32356217036162
83846.1993090001,0.79294386992211,3.32356217036162
83856.1993066667,0.792791092110355,3.32356217036162
83866.1993076668,0.792638314334185,3.32356217036162
83876.1993103334,0.792485536491217,3.32356217036162
83886.1993069999,0.79233275868953,3.32356217036162
83896.199307,0.792179980872564,3.32356217036162
83906.1993073334,0.792027203093326,3.32337129268126
83916.1993070002,0.791874425245391,3.32337129268126
83926.1993069999,0.791721647495004,3.32337129268126
83936.1993123334,0.791568869643505,3.32318041500091
83946.199307,0.791416091904739,3.32318041500091
83956.1993123331,0.79126331403068,3.32318041500091
83966.1993113332,0.791110536278194,3.32318041500091
83976.199313,0.79095775847949,3.32318041500091
83986.199307,0.790804980807523,3.32318041500091
83996.1993070001,0.790652203005035,3.32318041500091
84006.1993066668,0.790499425206604,3.32318041500091
84016.1993069999,0.790346647409186,3.32298953732055
84026.199308,0.790193869601493,3.32298953732055
84036.1993080001,0.790041091759421,3.32298953732055
84046.1993070001,0.789888314033457,3.32298953732055
84056.1993069998,0.789735536214925,3.3227986596402
84066.1993126667,0.789582758388052,3.3227986596402
84076.1993066666,0.78942998068502,3.3227986596402
84086.1993070001,0.789277202882556,3.3227986596402
84096.1993123332,0.789124425014902,3.3227986596402
84106.1993069999,0.788971647307401,3.32260778195984
84116.1993076667,0.788818869512539,3.32260778195984
84126.1993113334,0.788666091657624,3.32260778195984
84136.1993070001,0.788513313927632,3.32260778195984
84146.1993076666,0.788360536130405,3.32241690427948
84156.1993066666,0.788207758345013,3.32241690427948
84166.1993073334,0.788054980571974,3.32241690427948
84176.1993113334,0.787902202733702,3.32241690427948
84186.1993133333,0.787749424911111,3.32241690427948
84196.1993069999,0.787596647207911,3.32222602659913
84206.199307,0.787443869427312,3.32222602659913
84216.199307,0.787291091638677,3.32222602659913
84226.1993070001,0.787138313811528,3.32222602659913
84236.1993336668,0.786985535608192,3.32203514891877
84246.1993069999,0.786832758191933,3.32203514891877
84256.199307,0.78667998035068,3.32203514891877
84266.199311,0.786527202493718,3.32203514891877
84276.1993070002,0.786374424763242,3.32203514891877
84286.1993086667,0.786221646812135,3.32203514891877
84296.199307,0.786068869040141,3.32203514891877
84306.199307,0.785916091232811,3.32184427123842
84316.1993123332,0.785763313208553,3.32184427123842
84326.1993096667,0.785610535530274,3.32184427123842
84336.1993069999,0.785457757743065,3.32184427123842
84346.1993136668,0.785304979806999,3.32165339355806
84356.1993120001,0.785152201989209,3.32165339355806
84366.1993073332,0.784999424286502,3.32165339355806
84376.1993076666,0.784846646493657,3.32165339355806
84386.199307,0.784693868695846,3.32165339355806
84396.199307,0.784541090863115,3.3214625158777
84406.1993066668,0.78438831307229,3.3214625158777
84416.1993076666,0.784235535197707,3.32127163819735
84426.1993136668,0.784082757181457,3.32127163819735
84436.1993076667,0.783929979412845,3.32127163819735
84446.1993070001,0.783777201518615,3.32127163819735
84456.1993086666,0.783624423613311,3.32127163819735
84466.1993100001,0.783471645549106,3.32108076051699
84476.1993083334,0.783318867742234,3.32108076051699
84486.1993106666,0.783166089854347,3.32108076051699
84496.1993070001,0.783013311978334,3.32108076051699
84506.1993069998,0.782860534125423,3.32088988283663
84516.1993076666,0.782707756201262,3.32088988283663
84526.1993113333,0.78255497809704,3.32088988283663
84536.1993070001,0.782402200356692,3.32088988283663
84546.1993070002,0.782249422433559,3.32069900515628
84556.1993076666,0.782096644499763,3.32069900515628
84566.199307,0.781943866642437,3.32050812747592
84576.199307,0.781791088731768,3.32050812747592
84586.1993126665,0.781638310744828,3.32050812747592
84596.1993069998,0.781485532944702,3.32050812747592
84606.1993083334,0.781332754958391,3.32031724979557
84616.199307,0.781179976942156,3.32031724979557
84626.1993070001,0.781027199045886,3.32031724979557
84636.1993076665,0.780874421126876,3.32012637211521
84646.1993066665,0.780721643261998,3.32012637211521
84656.1993113333,0.780568865337857,3.32012637211521
84666.1993073334,0.780416087604628,3.32012637211521
84676.1993070001,0.78026330985079,3.31993549443485
84686.1993123332,0.780110531927224,3.31993549443485
84696.1993126667,0.779957754068209,3.31993549443485
84706.199307,0.77980497632644,3.3197446167545
84716.1993073334,0.779652198510716,3.3197446167545
84726.1993070002,0.779499420554581,3.3197446167545
84736.1993069999,0.779346642757033,3.31955373907414
84746.1993123334,0.77919386489849,3.31955373907414
84756.1993099999,0.779041087064505,3.31955373907414
84766.1993070001,0.778888309231077,3.31936286139379
84776.1993123333,0.778735531259881,3.31936286139379
84786.1993066666,0.7785827534693,3.31936286139379
84796.1993076667,0.778429975638497,3.31936286139379
84806.1993093332,0.778277197741308,3.31917198371343
84816.1993076665,0.778124419870023,3.31917198371343
84826.1993069999,0.777971642108414,3.31917198371343
84836.1993099998,0.777818864233895,3.31917198371343
84846.1993073334,0.77766608647092,3.31898110603307
84856.1993133332,0.777513308577699,3.31898110603307
84866.1993073332,0.777360530884363,3.31898110603307
84876.1993073333,0.777207753094076,3.31879022835272
84886.199307,0.777054975298643,3.31879022835272
84896.1993083332,0.776902197491261,3.31879022835272
84906.1993070001,0.776749419720135,3.31859935067236
84916.1993103335,0.776596641887388,3.31859935067236
84926.1993066666,0.77644386415164,3.31859935067236
84936.1993123334,0.776291086275824,3.318408472992
84946.1993089999,0.776138308498558,3.318408472992
84956.199313,0.775985530640864,3.318408472992
84966.1993069999,0.775832752969929,3.31821759531165
84976.1993076667,0.775679975121211,3.31821759531165
84986.1993083332,0.77552719730986,3.31821759531165
84996.1993129999,0.775374419456464,3.31802671763129
85006.1993066665,0.775221641781327,3.31802671763129
85016.1993093335,0.77506886395781,3.31802671763129
85026.1993123334,0.77491608613253,3.31783583995094
85036.1993070001,0.774763308412349,3.31783583995094
85046.1993126666,0.774610530537221,3.31783583995094
85056.1993126667,0.7744577527402,3.31764496227058
85066.199307,0.77430497501836,3.31764496227058
85076.1993070001,0.774152197224778,3.31745408459022
85086.1993070002,0.77399941944391,3.31745408459022
85096.1993073332,0.773846641579072,3.31726320690987
85106.1993106666,0.773693863705817,3.31726320690987
85116.1993099999,0.773541085930363,3.31707232922951
85126.1993070001,0.773388308184481,3.31707232922951
85136.1993069998,0.773235530376012,3.31707232922951
85146.1993069999,0.773082752602012,3.31707232922951
85156.199307,0.772929974826182,3.31688145154915
85166.1993083332,0.772777196912538,3.31688145154915
85176.19931,0.772624419136466,3.3166905738688
85186.1993076666,0.772471641409826,3.3166905738688
85196.1993073333,0.772318863638656,3.3166905738688
85206.1993076668,0.772166085877603,3.31649969618844
85216.1993073335,0.772013308060113,3.31649969618844
85226.1993066668,0.771860530124992,3.31630881850809
85236.1993116666,0.771707752209668,3.31630881850809
85246.1993106666,0.771554974404537,3.31630881850809
85256.1993070001,0.771402196603965,3.31611794082773
85266.1993070002,0.771249418732806,3.31611794082773
85276.1993066665,0.771096640866274,3.31592706314737
85286.1993073333,0.770943863066576,3.31592706314737
85296.1993103333,0.770791085144722,3.31592706314737
85306.1993073335,0.770638307358112,3.31592706314737
85316.1993069998,0.770485529261212,3.31573618546702
85326.1993076666,0.770332751275366,3.31554530778666
85336.199307,0.770179973307789,3.31554530778666
85346.1993070001,0.770027195461531,3.31554530778666
85356.1993070001,0.769874417511286,3.31535443010631
85366.1993069999,0.769721639547476,3.31535443010631
85376.1993076667,0.76956886150531,3.31516355242595
85386.1993073334,0.769416083512771,3.31516355242595
85396.1993120002,0.769263305574071,3.31516355242595
85406.1993069998,0.769110527746078,3.31497267474559
85416.1993069999,0.768957749836934,3.31497267474559
85426.199307,0.768804971935584,3.31478179706524
85436.1993070001,0.768652193989775,3.31478179706524
85446.1993070002,0.768499416100833,3.31459091938488
85456.1993076666,0.768346638062935,3.31459091938488
85466.1993073333,0.768193860069244,3.31459091938488
85476.199307,0.768041082225679,3.31440004170452
85486.1993070001,0.767888304319722,3.31440004170452
85496.1993069998,0.767735526346522,3.31420916402417
85506.1993126667,0.767582748315505,3.31420916402417
85516.1993103332,0.767429970507055,3.31401828634381
85526.1993070001,0.767277192671715,3.31401828634381
85536.1993070002,0.767124414837337,3.31382740866346
85546.1993069999,0.766971636982199,3.31382740866346
85556.1993073333,0.766818859118058,3.31382740866346
85566.1993073334,0.766666081306365,3.3136365309831
85576.1993133332,0.766513303367998,3.3136365309831
85586.1993069998,0.766360525670411,3.31344565330274
85596.1993073333,0.766207747780499,3.31344565330274
85606.1993099999,0.766054969904822,3.31325477562239
85616.1993070001,0.765902192148655,3.31325477562239
85626.1993070002,0.765749414345712,3.31306389794203
85636.1993073332,0.765596636519333,3.31306389794203
85646.1993109999,0.765443858672632,3.31287302026168
85656.199307,0.765291080969039,3.31287302026168
85666.1993123332,0.765138303079762,3.31287302026168
85676.1993069998,0.764985525322194,3.31287302026168
85686.1993069999,0.764832747496614,3.31268214258132
85696.1993073334,0.764679969763679,3.31249126490096
85706.1993126668,0.764527191889035,3.31249126490096
85716.1993126666,0.764374414076963,3.31249126490096
85726.1993106668,0.764221636323292,3.31230038722061
85736.1993073333,0.764068858593039,3.31230038722061
85746.199307,0.76391608074543,3.31210950954025
85756.1993073335,0.763763302879211,3.31210950954025
85766.1993143334,0.763610524775659,3.31191863185989
85776.1993103332,0.763457747029582,3.31191863185989
85786.1993096665,0.763304969041122,3.31172775417954
85796.1993070001,0.763152191162062,3.31172775417954
85806.1993070001,0.762999413238085,3.31172775417954
85816.1996110001,0.762846630560162,3.31153687649918
85826.199307,0.762693857262312,3.31153687649918
85836.199307,0.76254107945555,3.31134599881883
85846.1993070001,0.762388301533652,3.31115512113847
85856.1995386667,0.762235520167594,3.31115512113847
85866.1993069999,0.762082745854197,3.31096424345811
85876.199312,0.761929967888447,3.31096424345811
85886.1993120001,0.761777190008373,3.31096424345811
85896.1993076665,0.761624412062637,3.31077336577776
85906.1993069999,0.761471634281044,3.3105824880974
85916.199307,0.761318856315117,3.3105824880974
85926.199307,0.761166078465286,3.3105824880974
85936.1993070001,0.761013300496712,3.31039161041704
85946.1993073332,0.760860522597358,3.31039161041704
85956.1993126667,0.760707744551139,3.31020073273669
85966.1993099999,0.760554966672456,3.31020073273669
85976.1993070001,0.760402188799272,3.31020073273669
85986.1993066668,0.760249410893491,3.31000985505633
85996.1993076666,0.760096633047336,3.30981897737598
86006.199312,0.759943855147677,3.30981897737598
86016.1993066667,0.75979107740984,3.30981897737598
86026.1993070001,0.759638299605633,3.30981897737598
86036.1993069998,0.759485521762239,3.30962809969562
86046.199312,0.759332743813471,3.30943722201526
86056.1993066666,0.759179965981604,3.30943722201526
86066.1993070001,0.759027188091485,3.30943722201526
86076.1993070002,0.758874410275188,3.30924634433491
86086.1993133334,0.758721632385613,3.30924634433491
86096.199307,0.75856885461503,3.30905546665455
86106.199307,0.758416076727972,3.30905546665455
86116.1993070001,0.758263298924457,3.30905546665455
86126.1993133333,0.758110520980653,3.3088645889742
86136.1993109999,0.757957743174525,3.30867371129384
86146.1993073334,0.757804965325356,3.30867371129384
86156.1993093332,0.757652187295858,3.30867371129384
86166.1993076665,0.757499409487344,3.30848283361348
86176.1993069999,0.757346631570958,3.30848283361348
86186.199307,0.757193853721376,3.30829195593313
86196.199307,0.75704107570537,3.30829195593313
86206.1993066668,0.756888297856537,3.30810107825277
86216.1993133333,0.756735519848636,3.30810107825277
86226.1993069999,0.756582741912743,3.30791020057241
86236.199307,0.756429964030836,3.30791020057241
86246.1993096666,0.756277186040657,3.30791020057241
86256.1993076665,0.756124408228984,3.30771932289206
86266.1993069999,0.755971630287224,3.3075284452117
86276.199307,0.755818852443057,3.3075284452117
86286.199307,0.75566607453339,3.3075284452117
86296.1993070001,0.755513296641276,3.30733756753135
86306.199313,0.755360518616214,3.30733756753135
86316.1993073333,0.755207740675075,3.30714668985099
86326.199307,0.755054962874309,3.30714668985099
86336.1993073334,0.754902185055908,3.30714668985099
86346.1993070002,0.75474940709076,3.30695581217063
86356.1993069999,0.754596629162748,3.30695581217063
86366.1993099998,0.754443851327303,3.30676493449028
86376.1993123334,0.754291073376019,3.30676493449028
86386.1993070001,0.754138295593557,3.30676493449028
86396.1993069998,0.753985517673361,3.30657405680992
86406.1993069999,0.753832739794701,3.30657405680992
86416.1993066666,0.753679961885275,3.30638317912957
86426.1993070001,0.753527183937972,3.30638317912957
86436.1993083332,0.753374406179878,3.30638317912957
86446.1993069999,0.753221628435438,3.30638317912957
86456.1993073333,0.75306885062709,3.30638317912957
86466.199307,0.752916072873363,3.30619230144921
86476.1993070001,0.752763295079608,3.30600142376885
86486.1993069998,0.752610517267795,3.30600142376885
86496.1993073333,0.752457739447399,3.30600142376885
86506.199307,0.752304961593187,3.3058105460885
86516.1993126668,0.752152183652289,3.3058105460885
86526.1993070002,0.75199940586181,3.30561966840814
86536.1993069999,0.751846628015446,3.30561966840814
86546.1993076667,0.751693850133284,3.30561966840814
86556.1993089998,0.751541072248603,3.30561966840814
86566.1993073335,0.751388294270555,3.30542879072778
86576.1993069998,0.751235516450302,3.30542879072778
86586.1993069999,0.751082738520868,3.30523791304743
86596.199307,0.750929960629067,3.30523791304743
86606.1993070001,0.750777182718007,3.30504703536707
86616.1994953334,0.750624401884783,3.30504703536707
86626.199313,0.750471626685133,3.30485615768672
86636.1993076667,0.750318849008831,3.30485615768672
86646.199307,0.750166071167721,3.30485615768672
86656.1993133332,0.750013293275953,3.30466528000636
86666.1993119999,0.749860515464756,3.30466528000636
86676.1993069999,0.749707737750849,3.304474402326
86686.1993073334,0.749554959990146,3.304474402326
86696.1993070001,0.749402182115957,3.304474402326
86706.1993086666,0.749249404272361,3.304474402326
86716.1993143334,0.749096626284425,3.30428352464565
86726.1993073333,0.748943848567301,3.30409264696529
86736.1993066667,0.748791070757965,3.30409264696529
86746.1993070001,0.748638292925969,3.30409264696529
86756.1993069998,0.748485515110643,3.30409264696529
86766.1993073333,0.748332737262983,3.30390176928494
86776.1993066666,0.748179959436866,3.30390176928494
86786.1993136666,0.748027181476915,3.30390176928494
86796.1993070002,0.747874403724304,3.30390176928494
86806.1993076666,0.747721625883964,3.30371089160458
86816.1993133334,0.747568847997762,3.30371089160458
86826.199311,0.747416070169217,3.30371089160458
86836.1993070001,0.747263292398771,3.30371089160458
86846.1993096667,0.747110514512586,3.30352001392422
86856.199312,0.746957736601489,3.30352001392422
86866.1993090001,0.746804958878923,3.30352001392422
86876.1993070001,0.746652181011083,3.30332913624387
86886.1993070002,0.746499403120576,3.30332913624387
86896.1993106668,0.746346625097768,3.30332913624387
86906.1993066666,0.746193847220276,3.30332913624387
86916.1993123334,0.746041069266653,3.30313825856351
86926.1993073335,0.745888291507316,3.30313825856351
86936.1993069998,0.745735513564609,3.30294738088315
86946.1993069999,0.745582735682062,3.30294738088315
86956.1993066666,0.745429957861773,3.30294738088315
86966.1993070001,0.745277179990714,3.3027565032028
86976.1993073332,0.745124402089381,3.3027565032028
86986.1993069999,0.744971624258153,3.3027565032028
86996.199308,0.744818846306205,3.30256562552244
87006.1993903332,0.744666067249756,3.30256562552244
87016.1993073335,0.744513290645097,3.30256562552244
87026.1993073332,0.744360512772057,3.30256562552244
87036.1993073333,0.744207734765511,3.30256562552244
87046.199307,0.744054956942731,3.30237474784209
87056.1993133332,0.743902178916366,3.30237474784209
87066.1993096667,0.743749401076069,3.30218387016173
87076.1993069999,0.743596623280438,3.30218387016173
87086.1993073333,0.743443845433368,3.30218387016173
87096.199307,0.743291067630209,3.30218387016173
87106.1993070001,0.74313828975609,3.30199299248137
87116.1993069998,0.742985511859238,3.30199299248137
87126.1993073333,0.742832733869914,3.30199299248137
87136.199307,0.742679956004456,3.30180211480102
87146.1993070001,0.742527178213448,3.30180211480102
87156.1993076665,0.742374400378055,3.30180211480102
87166.1993100001,0.742221622486557,3.30180211480102
87176.199307,0.742068844612916,3.30161123712066
87186.199307,0.741916066716384,3.30161123712066
87196.1993096666,0.741763288804858,3.30161123712066
87206.1993069998,0.741610510832706,3.30161123712066
87216.1993123333,0.741457732965291,3.3014203594403
87226.1993126668,0.741304955123095,3.3014203594403
87236.1993083332,0.741152177330642,3.3014203594403
87246.1993070002,0.740999399434603,3.30122948175995
87256.1993069999,0.740846621600953,3.30122948175995
87266.199307,0.740693843690579,3.30122948175995
87276.1993093332,0.740541065753905,3.30122948175995
87286.1993076668,0.740388287767877,3.30103860407959
87296.199313,0.740235509741758,3.30103860407959
87306.1993069999,0.740082731820261,3.30103860407959
87316.1993066666,0.739929953850183,3.30103860407959
87326.1993070001,0.739777176032579,3.30103860407959
87336.1993126666,0.739624398023228,3.30103860407959
87346.1993069999,0.739471620271851,3.30084772639924
87356.199308,0.739318842394057,3.30084772639924
87366.1993163334,0.73916606440439,3.30084772639924
87376.1993946666,0.73901328534905,3.30065684871888
87386.1993073332,0.738860508853384,3.30065684871888
87396.1993069999,0.738707731063583,3.30065684871888
87406.1993066666,0.738554953165314,3.30065684871888
87416.1993129998,0.73840217515657,3.30065684871888
87426.1993066668,0.738249397351557,3.30065684871888
87436.1993069999,0.738096619446829,3.30065684871888
87446.1993066666,0.737943841532343,3.30046597103852
87456.1993103333,0.737791063582624,3.30046597103852
87466.1993073335,0.737638285765897,3.30046597103852
87476.1993069998,0.737485507888697,3.30027509335817
87486.1993109999,0.737332729943141,3.30027509335817
87496.199307,0.737179952148146,3.30027509335817
87506.1993073334,0.737027174248441,3.30027509335817
87516.1993070002,0.736874396235323,3.30027509335817
87526.1993096668,0.736721618258084,3.30027509335817
87536.1993083334,0.736568840405023,3.30027509335817
87546.199307,0.736416062623798,3.30008421567781
87556.1993070001,0.736263284710545,3.30008421567781
87566.1993069998,0.736110506724813,3.30008421567781
87576.1993069999,0.735957728929877,3.30008421567781
87586.1993073334,0.735804950990109,3.30008421567781
87596.1993070001,0.735652172989316,3.29989333799746
87606.1993086666,0.735499395144661,3.29989333799746
87616.1993069999,0.73534661726645,3.29989333799746
87626.1993113333,0.735193839356346,3.29989333799746
87636.199307,0.735041061529657,3.2997024603171
87646.1993066668,0.734888283683141,3.2997024603171
87656.1993123332,0.734735505667266,3.2997024603171
87666.199313,0.734582727632905,3.2997024603171
87676.199307,0.734429949877502,3.2997024603171
87686.1993113334,0.734277171885062,3.29951158263674
87696.1993066668,0.734124394164819,3.29951158263674
87706.1993109998,0.733971616201226,3.29951158263674
87716.1993073333,0.7338188382288,3.29951158263674
87726.199307,0.733666060383931,3.29951158263674
87736.1993086666,0.733513282526174,3.29951158263674
87746.1993076666,0.733360504702238,3.29932070495639
87756.1993216667,0.733207726587415,3.29951158263674
87766.1993123334,0.733054948943223,3.29932070495639
87776.1993070001,0.732902171167814,3.29932070495639
87786.1993073335,0.732749393245568,3.29932070495639
87796.1993083333,0.732596615363224,3.29932070495639
87806.199307,0.732443837509463,3.29912982727603
87816.199307,0.732291059613056,3.29912982727603
87826.1993120002,0.732138281640403,3.29912982727603
87836.1993069998,0.731985503876769,3.29893894959567
87846.1993069999,0.731832725960513,3.29893894959567
87856.1993076667,0.731679948056793,3.29893894959567
87866.1993076668,0.731527169969842,3.29893894959567
87876.1993070002,0.731374392174396,3.29893894959567
87886.1993069999,0.731221614298895,3.29874807191532
87896.1993143332,0.731068836268574,3.29874807191532
87906.199307,0.730916058532552,3.29874807191532
87916.1993076668,0.730763280684826,3.29874807191532
87926.1993069998,0.730610502896564,3.29874807191532
87936.1993069999,0.730457725092643,3.29874807191532
87946.1993093335,0.730304947148355,3.29874807191532
87956.1993070001,0.730152169320656,3.29855719423496
87966.1993066668,0.729999391408959,3.29855719423496
87976.1993109998,0.729846613476042,3.29855719423496
87986.199307,0.72969383564349,3.29855719423496
87996.1993103333,0.729541057746677,3.29855719423496
88006.1993073335,0.7293882799793,3.29855719423496
88016.1993069998,0.729235502035989,3.29836631655461
88026.1993069999,0.7290827242564,3.29836631655461
88036.199307,0.728929946292575,3.29836631655461
88046.1993133332,0.728777168398201,3.29836631655461
88056.1993096667,0.728624390533375,3.29836631655461
88066.1993103335,0.728471612487981,3.29836631655461
88076.1993076667,0.728318834734212,3.29836631655461
88086.1993083335,0.728166056706664,3.29836631655461
88096.1993070001,0.728013278968116,3.29817543887425
88106.199309,0.727860501078255,3.29817543887425
88116.1993069999,0.727707723255465,3.29817543887425
88126.1993096665,0.727554945404159,3.29817543887425
88136.1993133332,0.727402167463916,3.29817543887425
88146.199309,0.727249389674489,3.29798456119389
88156.1993069999,0.727096611852861,3.29798456119389
88166.199307,0.726943833940903,3.29798456119389
88176.1993089998,0.726791055977185,3.29798456119389
88186.1993103334,0.726638278030159,3.29798456119389
88196.1993069998,0.726485500120156,3.29798456119389
88206.1993069999,0.726332722334316,3.29798456119389
88216.199307,0.726179944366244,3.29798456119389
88226.1993070001,0.726027166549346,3.29798456119389
88236.1993073335,0.725874388648513,3.29779368351354
88246.1993113332,0.725721610610539,3.29779368351354
88256.199307,0.72556883279591,3.29779368351354
88266.1993133335,0.725416054799621,3.29779368351354
88276.1993116668,0.725263276936129,3.29779368351354
88286.1993069998,0.725110499127144,3.29760280583318
88296.1993083334,0.724957721218393,3.29760280583318
88306.199312,0.724804943227118,3.29760280583318
88316.1993123335,0.72465216526953,3.29760280583318
88326.1993070002,0.724499387338087,3.29760280583318
88336.1993069999,0.72434660942278,3.29760280583318
88346.199307,0.724193831500817,3.29760280583318
88356.1993123334,0.72404105346542,3.29760280583318
88366.1993070001,0.723888275673861,3.29760280583318
88376.1993126666,0.723735497565243,3.29760280583318
88386.1993113332,0.723582719571211,3.29760280583318
88396.1993073334,0.723429941732002,3.29760280583318
88406.1993070001,0.723277163768446,3.29741192815283
88416.1993083332,0.723124385795837,3.29741192815283
88426.1993069999,0.722971607853874,3.29741192815283
88436.199307,0.722818829841484,3.29741192815283
88446.1993086668,0.722666051972541,3.29741192815283
88456.1993070001,0.722513273928898,3.29741192815283
88466.199309,0.722360495982913,3.29741192815283
88476.1993069999,0.72220771818354,3.29741192815283
88486.199307,0.722054940127358,3.29722105047247
88496.1993073334,0.721902162232515,3.29722105047247
88506.1993070001,0.721749384229633,3.29722105047247
88516.1993073332,0.721596606230783,3.29722105047247
88526.1993073333,0.721443828246234,3.29722105047247
88536.199307,0.721291050290985,3.29722105047247
88546.1993070001,0.721138272330432,3.29722105047247
88556.1993079999,0.720985494409442,3.29722105047247
88566.1993069999,0.72083271652691,3.29722105047247
88576.1993073334,0.720679938532851,3.29722105047247
88586.1993076668,0.720527160626038,3.29703017279211
88596.1993086666,0.720374382694563,3.29703017279211
88606.1993126666,0.720221604681114,3.29703017279211
88616.1993066666,0.720068826815551,3.29703017279211
88626.199307,0.719916048893548,3.29703017279211
88636.1993116668,0.719763270906486,3.29703017279211
88646.1993066668,0.719610493097543,3.29683929511176
88656.199312,0.719457715146243,3.29683929511176
88666.199307,0.719304937238171,3.29683929511176
88676.1993086665,0.719152159336279,3.29683929511176
88686.1993116668,0.718999381365461,3.29683929511176
88696.1993073332,0.718846603495814,3.29683929511176
88706.199307,0.718693825605102,3.29683929511176
88716.199307,0.7185410477019,3.29683929511176
88726.1993103334,0.718388269734859,3.29683929511176
88736.1993116665,0.718235491862132,3.29683929511176
88746.1993073333,0.718082714065927,3.2966484174314
88756.199307,0.71792993612611,3.29683929511176
88766.1993093332,0.71777715822742,3.2966484174314
88776.1993070002,0.717624380379554,3.2966484174314
88786.1993069999,0.717471602334053,3.2966484174314
88796.199307,0.71731882453508,3.2966484174314
88806.1993116667,0.717166046585046,3.29645753975104
88816.1993070001,0.717013268768606,3.29645753975104
88826.1993133333,0.716860490740082,3.2966484174314
88836.1993069999,0.716707712993948,3.29645753975104
88846.1993126668,0.716554935034481,3.29645753975104
88856.1993133332,0.716402157155452,3.29645753975104
88866.1993073332,0.716249379373155,3.29645753975104
88876.1993069999,0.716096601523063,3.29645753975104
88886.199307,0.715943823581308,3.29645753975104
88896.199307,0.715791045782753,3.29645753975104
88906.1993126665,0.715638267845422,3.29645753975104
88916.1993069998,0.715485490116751,3.29645753975104
88926.1993069999,0.715332712281017,3.29645753975104
88936.1993133335,0.715179934389867,3.29645753975104
88946.1993070001,0.715027156682769,3.29645753975104
88956.1993066668,0.714874378836567,3.29645753975104
88966.1993119999,0.714721600949757,3.29626666207069
88976.199307,0.71456882316078,3.29626666207069
88986.199311,0.714416045276023,3.29626666207069
88996.1993070001,0.71426326754358,3.29626666207069
89006.1993133333,0.71411048955746,3.29626666207069
89016.1993069999,0.713957711705924,3.29626666207069
89026.199311,0.713804933852729,3.29626666207069
89036.1993073334,0.713652156081439,3.29626666207069
89046.1993123332,0.713499378204497,3.29607578439033
89056.1993069999,0.713346600485983,3.29626666207069
89066.1993126667,0.713193822595298,3.29607578439033
89076.1993130002,0.713041044757621,3.29607578439033
89086.1993070001,0.712888267024284,3.29607578439033
89096.1993069998,0.712735489108647,3.29607578439033
89106.1993069999,0.712582711299905,3.29607578439033
89116.1993066666,0.712429933435457,3.29607578439033
89126.1993129998,0.712277155513736,3.29607578439033
89136.1993129999,0.712124377660434,3.29588490670998
89146.1993069999,0.711971599918638,3.29607578439033
89156.1993093335,0.711818822088322,3.29588490670998
89166.199307,0.711666044290615,3.29588490670998
89176.1993070001,0.711513266484269,3.29588490670998
89186.1993133333,0.711360488548307,3.29588490670998
89196.1993076666,0.71120771067845,3.29588490670998
89206.199311,0.71105493282779,3.29588490670998
89216.1993120001,0.710902154917924,3.29588490670998
89226.1993133333,0.710749377005275,3.29588490670998
89236.1993069999,0.71059659915961,3.29569402902962
89246.199307,0.71044382141746,3.29569402902962
89256.1993123334,0.710291043604718,3.29569402902962
89266.1993106667,0.710138265861621,3.29569402902962
89276.1993119999,0.70998548803963,3.29569402902962
89286.1993069999,0.709832710257125,3.29569402902962
89296.199307,0.709679932435219,3.29569402902962
89306.1993070001,0.70952715455725,3.29569402902962
89316.1993116668,0.709374376667746,3.29569402902962
89326.1993066665,0.709221598946559,3.29569402902962
89336.199307,0.709068821102319,3.29569402902962
89346.1993073334,0.708916043279292,3.29569402902962
89356.1993070001,0.708763265414497,3.29569402902962
89366.1993069998,0.708610487615761,3.29569402902962
89376.1993069999,0.708457709814108,3.29569402902962
89386.1993126668,0.708304931946424,3.29569402902962
89396.19931,0.708152154222921,3.29550315134926
89406.1993113335,0.7079993763746,3.29569402902962
89416.1993073332,0.707846598667956,3.29550315134926
89426.1993073333,0.707693820819432,3.29550315134926
89436.1993073334,0.707541042970543,3.29550315134926
89446.1993070001,0.707388265098583,3.29550315134926
89456.1993119999,0.707235487176699,3.29550315134926
89466.1993100002,0.707082709398978,3.29550315134926
89476.1993103332,0.706929931596125,3.29531227366891
89486.1993073334,0.706777153824913,3.29531227366891
89496.1993070002,0.706624376058692,3.29531227366891
89506.1993069999,0.70647159822984,3.29531227366891
89516.199307,0.706318820419692,3.29531227366891
89526.1993076668,0.706166042596495,3.29531227366891
89536.1993089999,0.706013264666678,3.29531227366891
89546.1993123332,0.705860486866488,3.29531227366891
89556.1993069999,0.705707709080395,3.29531227366891
89566.199307,0.705554931232571,3.29531227366891
89576.1993076668,0.705402153384718,3.29531227366891
89586.1993106668,0.705249375466378,3.29531227366891
89596.199308,0.705096597704171,3.29531227366891
89606.1993130001,0.704943819806567,3.29512139598855
89616.199307,0.704791042062702,3.29512139598855
89626.1993073335,0.70463826427503,3.29512139598855
89636.1993073332,0.704485486466711,3.29512139598855
89646.1993069999,0.704332708639432,3.29512139598855
89656.199312,0.704179930702377,3.29512139598855
89666.1993076668,0.704027152941478,3.29512139598855
89676.1993070002,0.703874375055933,3.29512139598855
89686.1993069999,0.703721597274039,3.29512139598855
89696.199307,0.703568819439787,3.29512139598855
89706.1993073334,0.703416041553115,3.2949305183082
89716.1993079999,0.703263263706102,3.29512139598855
89726.1993069998,0.703110485882493,3.29512139598855
89736.199312,0.702957707990856,3.2949305183082
89746.1993086668,0.70280493022756,3.2949305183082
89756.1993070001,0.702652152438263,3.29512139598855
89766.1993070002,0.702499374587414,3.2949305183082
89776.1993069999,0.702346596764999,3.2949305183082
89786.199307,0.7021938189405,3.2949305183082
89796.199307,0.702041041080359,3.2949305183082
89806.1993070001,0.7018882632441,3.2949305183082
89816.1993069998,0.701735485403752,3.2949305183082
89826.1993156666,0.701582707409143,3.2949305183082
89836.199307,0.701429929753815,3.2949305183082
89846.1993093332,0.70127715183276,3.2949305183082
89856.1993070001,0.701124374027911,3.2949305183082
89866.1993066665,0.700971596166676,3.2949305183082
89876.199307,0.700818818294755,3.2949305183082
89886.199307,0.70066604042631,3.2949305183082
89896.1993070001,0.700513262525243,3.2949305183082
89906.1993069998,0.70036048461383,3.29473964062784
89916.1993069999,0.700207706699658,3.29473964062784
89926.199307,0.700054928842395,3.29473964062784
89936.1993089999,0.699902150970019,3.29473964062784
89946.1993070002,0.699749373124421,3.29473964062784
89956.1993069999,0.699596595283486,3.29473964062784
89966.199307,0.699443817378239,3.29473964062784
89976.199307,0.699291039538143,3.29473964062784
89986.1993133332,0.699138261529994,3.29473964062784
89996.1993110002,0.698985483674704,3.29473964062784
90006.1993069999,0.698832705901356,3.29454876294748
90016.1993073334,0.69867992792718,3.29454876294748
90026.1993070001,0.698527150075533,3.29454876294748
90036.1993123332,0.698374372148701,3.29454876294748
90046.1993289998,0.698221594087697,3.29454876294748
90056.1993066666,0.698068816594818,3.29454876294748
90066.199307,0.697916038622199,3.29454876294748
90076.1993076668,0.697763260889496,3.29454876294748
90086.1993069998,0.697610483063717,3.29454876294748
90096.1993076666,0.697457705244709,3.29454876294748
90106.199307,0.697304927434716,3.29454876294748
90116.1993070001,0.697152149520784,3.29454876294748
90126.1993073332,0.696999371589623,3.29454876294748
90136.1993069999,0.696846593724767,3.29454876294748
90146.1993073333,0.696693815802121,3.29454876294748
90156.199307,0.696541038023387,3.29454876294748
90166.1993070001,0.69638826003789,3.29454876294748
90176.1993113335,0.696235482209726,3.29454876294748
90186.1993069999,0.696082704347143,3.29454876294748
90196.199307,0.695929926494755,3.29454876294748
90206.1993073334,0.695777148635134,3.29454876294748
90216.1993070002,0.695624370683575,3.29454876294748
90226.1993066665,0.695471592927353,3.29435788526713
90236.199307,0.695318815086725,3.29435788526713
90246.1993083335,0.695166037161162,3.29454876294748
90256.1993070001,0.695013259278356,3.29435788526713
90266.199309,0.6948604813552,3.29435788526713
90276.1993096668,0.694707703437726,3.29435788526713
90286.1993080001,0.694554925628656,3.29435788526713
90296.1993070001,0.694402147849511,3.29435788526713
90306.1993066668,0.694249370034603,3.29435788526713
90316.1993073332,0.694096592174194,3.29435788526713
90326.1993116666,0.693943814292768,3.29435788526713
90336.1993076668,0.693791036537291,3.29435788526713
90346.1993070001,0.693638258706257,3.29435788526713
90356.199309,0.693485480897505,3.29416700758677
90366.1993073333,0.693332703127175,3.29435788526713
90376.1993099999,0.693179925317713,3.29435788526713
90386.199311,0.693027147514567,3.29416700758677
90396.1993070002,0.692874369818665,3.29435788526713
90406.1993069999,0.692721592047482,3.29416700758677
90416.1993076667,0.692568814247605,3.29416700758677
90426.199307,0.692416036458092,3.29416700758677
90436.1993086666,0.692263258648408,3.29416700758677
90446.1993123332,0.692110480793704,3.29416700758677
90456.1993069999,0.691957703083481,3.29416700758677
90466.199307,0.691804925305807,3.29416700758677
90476.1993076668,0.691652147507131,3.29416700758677
90486.1993070002,0.691499369729079,3.29416700758677
90496.1993066665,0.691346591981294,3.29416700758677
90506.1993126667,0.691193814102033,3.29416700758677
90516.199307,0.691041036415554,3.29416700758677
90526.1993120002,0.69088825856774,3.29416700758677
90536.1993066669,0.690735480838829,3.29416700758677
90546.1993069999,0.690582703008158,3.29416700758677
90556.1993080001,0.690429925197776,3.29397612990641
90566.1993106667,0.690277147329993,3.29416700758677
90576.1993073332,0.690124369577621,3.29397612990641
90586.1993106668,0.689971591717348,3.29416700758677
90596.199307,0.689818813998723,3.29397612990641
90606.1993086668,0.689666036183798,3.29397612990641
90616.1993073335,0.689513258420616,3.29397612990641
90626.1993069998,0.689360480619181,3.29397612990641
90636.1993076666,0.689207702786195,3.29397612990641
90646.199307,0.689054925036935,3.29397612990641
90656.1993070001,0.688902147240684,3.29397612990641
90666.1993070002,0.68874936946829,3.29397612990641
90676.1993076666,0.688596591671498,3.29397612990641
90686.199307,0.688443813930862,3.29397612990641
90696.199307,0.688291036165009,3.29397612990641
90706.1993116668,0.688138258326033,3.29397612990641
90716.1993069998,0.687985480609113,3.29397612990641
90726.1993069999,0.687832702813351,3.29378525222606
90736.199307,0.687679925032769,3.29378525222606
90746.1993083332,0.687527147179093,3.29378525222606
90756.1993070001,0.687374369383667,3.29378525222606
90766.199309,0.68722159156481,3.29378525222606
90776.1993066666,0.687068813808533,3.29378525222606
90786.1993073334,0.686916036017242,3.29378525222606
90796.1993070001,0.686763258216372,3.29378525222606
90806.1993076666,0.686610480433164,3.29378525222606
90816.1993066666,0.686457702675838,3.29378525222606
90826.1993093332,0.686304924830012,3.29378525222606
90836.1993070001,0.686152147076129,3.29378525222606
90846.1993113335,0.685999369223056,3.29378525222606
90856.1993073332,0.685846591502272,3.29378525222606
90866.199307,0.685693813707612,3.29378525222606
90876.1993096666,0.685541035871254,3.29378525222606
90886.1993070001,0.685388258101127,3.29378525222606
90896.1993079999,0.685235480303147,3.29378525222606
90906.1993076666,0.685082702466406,3.29378525222606
90916.199307,0.684929924624338,3.2935943745457
90926.1993123335,0.684777146734554,3.2935943745457
90936.1993070002,0.684624368984866,3.29378525222606
90946.1993069999,0.684471591226975,3.2935943745457
90956.199307,0.684318813450812,3.2935943745457
90966.199307,0.684166035582876,3.2935943745457
90976.1993093333,0.6840132576485,3.2935943745457
90986.1993069998,0.683860479948567,3.2935943745457
90996.1993069999,0.683707702136776,3.2935943745457
91006.1993073334,0.683554924228045,3.2935943745457
91016.1993133332,0.683402146238524,3.2935943745457
91026.1993073332,0.683249368534013,3.29340349686535
91036.1993106668,0.683096590670322,3.2935943745457
91046.199307,0.682943812828486,3.29340349686535
91056.1993096666,0.682791034803346,3.29340349686535
91066.1993089999,0.682638257030532,3.2935943745457
91076.1993073332,0.682485479102517,3.2935943745457
91086.1993069999,0.682332701212288,3.29340349686535
91096.199311,0.682179923311893,3.2935943745457
91106.1993070001,0.682027145522669,3.29340349686535
91116.1993066668,0.6818743676534,3.29340349686535
91126.1993076666,0.681721589754284,3.29340349686535
91136.1993073333,0.681568811907881,3.29340349686535
91146.1993130002,0.681416033899165,3.29340349686535
91156.1993070001,0.68126325616377,3.29340349686535
91166.1993069998,0.681110478275921,3.29340349686535
91176.199312,0.68095770014466,3.29340349686535
91186.199307,0.680804922368432,3.29340349686535
91196.1993070001,0.680652144418908,3.29340349686535
91206.1993070001,0.680499366484967,3.29340349686535
91216.1993083333,0.680346588505853,3.29340349686535
91226.1993093335,0.680193810552874,3.29340349686535
91236.1993073334,0.680041032576629,3.29340349686535
91246.1993083332,0.679888254555821,3.29340349686535
91256.1993069998,0.67973547668045,3.29340349686535
91266.1993106665,0.679582698654739,3.29340349686535
91276.1993096665,0.679429920754924,3.29340349686535
91286.1993070001,0.679277142780569,3.29340349686535
91296.1993070002,0.679124364920537,3.29340349686535
91306.1993106668,0.678971586850437,3.29340349686535
91316.1993076667,0.678818809114172,3.29340349686535
91326.199307,0.678666031231144,3.29340349686535
91336.1993073335,0.678513253300341,3.29321261918499
91346.1993069998,0.678360475417154,3.29321261918499
91356.1993069999,0.678207697534522,3.29321261918499
91366.1993103332,0.678054919466769,3.29321261918499
91376.1993073334,0.677902141728602,3.29321261918499
91386.1993070002,0.677749363799162,3.29321261918499
91396.1993103335,0.677596585948427,3.29321261918499
91406.199307,0.677443808219296,3.29321261918499
91416.1993073334,0.677291030375645,3.29321261918499
91426.1993070001,0.67713825253633,3.29321261918499
91436.1993069998,0.676985474737863,3.29321261918499
91446.1993069999,0.676832696883627,3.29321261918499
91456.1993113333,0.676679919002336,3.29321261918499
91466.1993096666,0.67652714119149,3.29321261918499
91476.1993073332,0.676374363426077,3.29321261918499
91486.1993123333,0.676221585530994,3.29321261918499
91496.199307,0.676068807836507,3.29321261918499
91506.1993113334,0.675916029980828,3.29302174150463
91516.1993073335,0.675763252217802,3.29302174150463
91526.199309,0.675610474346831,3.29302174150463
91536.1993116666,0.675457696536084,3.29302174150463
91546.1993099999,0.675304918775457,3.29302174150463
91556.1993073334,0.675152140988839,3.29302174150463
91566.1993073332,0.674999363189662,3.29302174150463
91576.199308,0.674846585378684,3.29302174150463
91586.1993076667,0.674693807587628,3.29302174150463
91596.199307,0.67454102977285,3.29302174150463
91606.1993070001,0.674388251970477,3.29302174150463
91616.1993136667,0.67423547408723,3.29302174150463
91626.1993073333,0.674082696385951,3.29302174150463
91636.199307,0.673929918597118,3.29302174150463
91646.19931,0.673777140755078,3.29302174150463
91656.1993083332,0.673624362987773,3.29302174150463
91666.1993069999,0.673471585200891,3.29302174150463
91676.1993126667,0.673318807311647,3.29283086382428
91686.199307,0.673166029603035,3.29283086382428
91696.1993070001,0.673013251852372,3.29283086382428
91706.1993106668,0.672860473995825,3.29283086382428
91716.1993069999,0.67270769627855,3.29283086382428
91726.199307,0.672554918503924,3.29283086382428
91736.1993106667,0.672402140677486,3.29283086382428
91746.1993086666,0.672249362873102,3.29283086382428
91756.1993106668,0.6720965850578,3.29283086382428
91766.1993073333,0.671943807312478,3.29283086382428
91776.199307,0.671791029526488,3.29283086382428
91786.1993070001,0.671638251737956,3.29283086382428
91796.1993069998,0.671485473900594,3.29283086382428
91806.1993073333,0.671332696065358,3.29283086382428
91816.199307,0.671179918211553,3.29283086382428
91826.1993153334,0.671027140256979,3.29283086382428
91836.1993070002,0.670874362601487,3.29283086382428
91846.1993069999,0.670721584815606,3.29263998614392
91856.1993073333,0.670568807000892,3.29283086382428
91866.1993066667,0.670416029220948,3.29263998614392
91876.1993070001,0.670263251439601,3.29263998614392
91886.1993069998,0.67011047362633,3.29263998614392
91896.1993126667,0.669957695778524,3.29263998614392
91906.199307,0.66980491805436,3.29263998614392
91916.1993106667,0.669652140207995,3.29263998614392
91926.1993123332,0.669499362408331,3.29263998614392
91936.1993109998,0.669346584649447,3.29263998614392
91946.199307,0.669193806925786,3.29263998614392
91956.1993120001,0.669041029057889,3.29263998614392
91966.1993070001,0.668888251320549,3.29263998614392
91976.1993093334,0.668735473479725,3.29263998614392
91986.1993069999,0.668582695643346,3.29263998614392
91996.199307,0.668429917768061,3.29263998614392
92006.1993070001,0.668277139931207,3.29263998614392
92016.1993070002,0.668124362113284,3.29263998614392
92026.1993113332,0.667971584274042,3.29263998614392
92036.1993073333,0.667818806533922,3.29263998614392
92046.199307,0.667666028704694,3.29263998614392
92056.1993070001,0.667513250896128,3.29263998614392
92066.1993066668,0.667360473138795,3.29263998614392
92076.199313,0.667207695287271,3.29263998614392
92086.1993073334,0.667054917602971,3.29263998614392
92096.1993120001,0.666902139756052,3.29263998614392
92106.1993073335,0.666749362059409,3.29263998614392
92116.1993073332,0.666596584273991,3.29263998614392
92126.1993096668,0.666443806426218,3.29263998614392
92136.199307,0.666291028668558,3.29263998614392
92146.1993070001,0.66613825087812,3.29244910846357
92156.1993069998,0.665985473056133,3.29244910846357
92166.199308,0.665832695232449,3.29244910846357
92176.199307,0.66567991740977,3.29244910846357
92186.1993070001,0.665527139560069,3.29263998614392
92196.1993073332,0.66537436180407,3.29244910846357
92206.1993073332,0.665221583995908,3.29244910846357
92216.1993109999,0.665068806144512,3.29244910846357
92226.199307,0.664916028386004,3.29244910846357
92236.1993070001,0.664763250617085,3.29244910846357
92246.1993069998,0.664610472839472,3.29244910846357
92256.1993073333,0.664457695089469,3.29244910846357
92266.1993076667,0.66430491729856,3.29244910846357
92276.1993076668,0.664152139492631,3.29244910846357
92286.1993070002,0.66399936167018,3.29244910846357
92296.1993069999,0.66384658385319,3.29244910846357
92306.1993116666,0.66369380588675,3.29225823078321
92316.1993120001,0.663541028101645,3.29225823078321
92326.1993073335,0.663388250399756,3.29244910846357
92336.1993086666,0.663235472600695,3.29225823078321
92346.199308,0.66308269482119,3.29225823078321
92356.199307,0.662929916985071,3.29244910846357
92366.1993066667,0.66277713919909,3.29225823078321
92376.1993070002,0.662624361351159,3.29244910846357
92386.1993069999,0.662471583543055,3.29225823078321
92396.1993093335,0.662318805721095,3.29225823078321
92406.1993076668,0.662166027952369,3.29225823078321
92416.1993116668,0.662013250117852,3.29225823078321
92426.1993069998,0.661860472377603,3.29225823078321
92436.1993106665,0.661707694535791,3.29225823078321
92446.1993086668,0.661554916696281,3.29225823078321
92456.1993073334,0.661402138818959,3.29225823078321
92466.1993070002,0.661249360922272,3.29225823078321
92476.1993119999,0.661096582938699,3.29225823078321
92486.199307,0.660943805107212,3.29225823078321
92496.1993066667,0.660791027208505,3.29225823078321
92506.1993070001,0.660638249339063,3.29225823078321
92516.1993133333,0.660485471345895,3.29225823078321
92526.199312,0.660332693495135,3.29225823078321
92536.199307,0.660179915647906,3.29225823078321
92546.1993070001,0.660027137767504,3.29225823078321
92556.1993076665,0.659874359727127,3.29225823078321
92566.1993076666,0.659721581777276,3.29225823078321
92576.1993073333,0.659568803941945,3.29225823078321
92586.199307,0.659416026173867,3.29225823078321
92596.1993066668,0.659263248331536,3.29225823078321
92606.1993100001,0.659110470473868,3.29225823078321
92616.1993126667,0.658957692586217,3.29225823078321
92626.199307,0.658804914853084,3.29206735310285
92636.1993123335,0.658652136987984,3.29225823078321
92646.1993070002,0.658499359260597,3.29206735310285
92656.1993069999,0.658346581449542,3.29225823078321
92666.1993066666,0.658193803627091,3.29206735310285
92676.199307,0.658041025797343,3.29206735310285
92686.1993070001,0.657888248024834,3.29206735310285
92696.1993069998,0.657735470170044,3.29206735310285
92706.1993066666,0.657582692381867,3.29206735310285
92716.199307,0.657429914584761,3.29206735310285
92726.1993096666,0.657277136738722,3.29206735310285
92736.1993070002,0.657124358990322,3.29206735310285
92746.1993069999,0.656971581165441,3.29206735310285
92756.199307,0.656818803353604,3.29206735310285
92766.199307,0.656666025563855,3.29206735310285
92776.1993070001,0.656513247776796,3.29206735310285
92786.1993069998,0.656360469913933,3.29206735310285
92796.1993069999,0.656207692150317,3.29206735310285
92806.199307,0.656054914382234,3.29206735310285
92816.1993086665,0.655902136557124,3.2918764754225
92826.199309,0.655749358769847,3.29206735310285
92836.1993069999,0.655596581026224,3.2918764754225
92846.199307,0.655443803226613,3.29206735310285
92856.1993073334,0.655291025416366,3.2918764754225
92866.1993070001,0.655138247632198,3.29206735310285
92876.1993066668,0.654985469805884,3.29206735310285
92886.1993069999,0.654832691981934,3.2918764754225
92896.199307,0.654679914148066,3.2918764754225
92906.1993070001,0.654527136361002,3.2918764754225
92916.1993070002,0.654374358530529,3.2918764754225
92926.1993066665,0.654221580681027,3.2918764754225
92936.199307,0.6540688027356,3.2918764754225
92946.199307,0.653916025013381,3.2918764754225
92956.1993073335,0.653763247237754,3.2918764754225
92966.1993069998,0.653610469346493,3.2918764754225
92976.1993106665,0.653457691463776,3.2918764754225
92986.1993073334,0.653304913610662,3.2918764754225
92996.1993070001,0.65315213576283,3.2918764754225
93006.1993070001,0.652999357769245,3.2918764754225
93016.199313,0.652846579895877,3.2918764754225
93026.199307,0.65269380218581,3.2918764754225
93036.1993120001,0.652541024303836,3.2918764754225
93046.1993236667,0.652388246311156,3.2918764754225
93056.1993066668,0.652235468795386,3.2918764754225
93066.1993069999,0.652082690988184,3.2918764754225
93076.1993073334,0.651929913170407,3.2918764754225
93086.1993070001,0.651777135446288,3.2918764754225
93096.1993070002,0.651624357659053,3.2918764754225
93106.1993069999,0.651471579862421,3.2918764754225
93116.1993113333,0.651318801986424,3.2918764754225
93126.199307,0.651166024262641,3.2918764754225
93136.1993070001,0.651013246455026,3.2918764754225
93146.1993069998,0.650860468621955,3.2918764754225
93156.1993069999,0.650707690817331,3.2918764754225
93166.199307,0.650554912974295,3.2918764754225
93176.1993103333,0.650402135132338,3.2918764754225
93186.1993070002,0.650249357384133,3.2918764754225
93196.1993116666,0.650096579528942,3.2918764754225
93206.1993073333,0.649943801770792,3.2918764754225
93216.1993076668,0.649791023976614,3.2918764754225
93226.1993073335,0.649638246171474,3.29168559774214
93236.1993069998,0.649485468403163,3.29168559774214
93246.1993069999,0.649332690615072,3.29168559774214
93256.199307,0.649179912803462,3.29168559774214
93266.1993070001,0.649027134952389,3.29168559774214
93276.1993070002,0.648874357056329,3.29168559774214
93286.1993119999,0.648721579222081,3.29168559774214
93296.199307,0.648568801488505,3.29168559774214
93306.1993106666,0.648416023633505,3.29168559774214
93316.1993076668,0.648263245890997,3.29168559774214
93326.1993096667,0.648110468055726,3.29168559774214
93336.1993069999,0.647957690298644,3.29168559774214
93346.1993090002,0.647804912427344,3.29168559774214
93356.1993070001,0.647652134664897,3.29168559774214
93366.1993076665,0.64749935688138,3.29168559774214
93376.1993096668,0.647346579013443,3.29168559774214
93386.199307,0.647193801226654,3.29168559774214
93396.1993116667,0.647041023359079,3.29149472006178
93406.1993089999,0.646888245606133,3.29168559774214
93416.1993069998,0.646735467812545,3.29168559774214
93426.1993069999,0.6465826900247,3.29149472006178
93436.1993066666,0.646429912243929,3.29168559774214
93446.1993070001,0.646277134361075,3.29168559774214
93456.1993076665,0.64612435658565,3.29149472006178
93466.1993106668,0.645971578635927,3.29149472006178
93476.199307,0.645818800834567,3.29149472006178
93486.199307,0.64566602297911,3.29149472006178
93496.1993083332,0.645513245066471,3.29149472006178
93506.1993066668,0.645360467302794,3.29149472006178
93516.1993073333,0.645207689446633,3.29149472006178
93526.199307,0.645054911588266,3.29149472006178
93536.1993136666,0.644902133644045,3.29149472006178
93546.1993093333,0.644749355930842,3.29149472006178
93556.1993073332,0.644596578143073,3.29149472006178
93566.199307,0.644443800323513,3.29149472006178
93576.1993076668,0.64429102248994,3.29149472006178
93586.1993126665,0.644138244627579,3.29149472006178
93596.1993073332,0.64398546687535,3.29149472006178
93606.1993133334,0.643832688920738,3.29149472006178
93616.199307,0.643679911194856,3.29149472006178
93626.1993070001,0.643527133372661,3.29149472006178
93636.1993066668,0.643374355527704,3.29149472006178
93646.1993133334,0.643221577574544,3.29149472006178
93656.199307,0.643068799725665,3.29149472006178
93666.199307,0.642916021934955,3.29149472006178
93676.1993070001,0.642763244048421,3.29149472006178
93686.1993076666,0.642610466267228,3.29149472006178
93696.1993123333,0.642457688329592,3.29149472006178
93706.199307,0.64230491057072,3.29149472006178
93716.1993070001,0.642152132709612,3.29149472006178
93726.1993083332,0.641999354862235,3.29149472006178
93736.1993069999,0.64184657701703,3.29149472006178
93746.1993076667,0.641693799092964,3.29149472006178
93756.1993133332,0.641541021193004,3.29149472006178
93766.1993070001,0.641388243481264,3.29149472006178
93776.1993123333,0.641235465573471,3.29149472006178
93786.1993069999,0.641082687787548,3.29149472006178
93796.1993090002,0.640929909947125,3.29149472006178
93806.1993070001,0.640777132153635,3.29149472006178
93816.1993070002,0.64062435430004,3.29149472006178
93826.1993086667,0.640471576467984,3.29149472006178
93836.199307,0.640318798663117,3.29149472006178
93846.1993130002,0.640166020726785,3.29130384238143
93856.1993070001,0.640013242929746,3.29149472006178
93866.1993069998,0.639860465090557,3.29130384238143
93876.1993069999,0.639707687230731,3.29130384238143
93886.199307,0.639554909367831,3.29130384238143
93896.1993070001,0.639402131459166,3.29130384238143
93906.1993093333,0.639249353394677,3.29149472006178
93916.1993123333,0.639096575471341,3.29130384238143
93926.1993099999,0.638943797572649,3.29130384238143
93936.1993076668,0.638791019623631,3.29130384238143
93946.1993070001,0.638638241703564,3.29130384238143
93956.1993069998,0.638485463700175,3.29130384238143
93966.1993069999,0.638332685792242,3.29130384238143
93976.199307,0.638179907907967,3.29130384238143
93986.1993070001,0.638027129922303,3.29130384238143
93996.1993106668,0.637874352092958,3.29130384238143
94006.1993069999,0.637721574210461,3.29130384238143
94016.199307,0.637568796339011,3.29130384238143
94026.1993076668,0.637416018454325,3.29130384238143
94036.1993079998,0.637263240540196,3.29130384238143
94046.1993086666,0.63711046264187,3.29130384238143
94056.1993069999,0.636957684812705,3.29111296470107
94066.1993073334,0.636804906867402,3.29130384238143
94076.1993070001,0.636652128939102,3.29130384238143
94086.1993070002,0.636499350993785,3.29130384238143
94096.199313,0.636346572954242,3.29130384238143
94106.199307,0.636193795182599,3.29130384238143
94116.1993089998,0.636041017253158,3.29130384238143
94126.1993073335,0.635888239349862,3.29130384238143
94136.1993066669,0.635735461470844,3.29111296470107
94146.1993066666,0.635582683597291,3.29111296470107
94156.1993083334,0.635429905527821,3.29111296470107
94166.1993089999,0.635277127746719,3.29130384238143
94176.1993070002,0.635124349910263,3.29111296470107
94186.1993066665,0.634971572046291,3.29130384238143
94196.199307,0.634818794104108,3.29111296470107
94206.1993076668,0.634666016206377,3.29111296470107
94216.1993070001,0.634513238275811,3.29111296470107
94226.1993069998,0.634360460354184,3.29111296470107
94236.1993109999,0.634207682293034,3.29111296470107
94246.1993073334,0.63405490453224,3.29111296470107
94256.1993086665,0.633902126616111,3.29111296470107
94266.1993070002,0.633749348781958,3.29111296470107
94276.1993069999,0.633596570993416,3.29111296470107
94286.1993066666,0.633443793139479,3.29111296470107
94296.199307,0.633291015259169,3.29111296470107
94306.1993096666,0.6331382373152,3.29111296470107
94316.1993093334,0.632985459446185,3.29111296470107
94326.1993073333,0.63283268157788,3.29111296470107
94336.199307,0.632679903612897,3.29111296470107
94346.1993070001,0.632527125723004,3.29111296470107
94356.1993093333,0.632374347777103,3.29111296470107
94366.199308,0.632221570015694,3.29111296470107
94376.199308,0.632068792168297,3.29111296470107
94386.199307,0.631916014235019,3.29111296470107
94396.1993089999,0.63176323630055,3.29111296470107
94406.1993069998,0.631610458509669,3.29111296470107
94416.1993090001,0.631457680628484,3.29111296470107
94426.199307,0.631304902763488,3.29111296470107
94436.1993113334,0.631152124880853,3.29111296470107
94446.1993073332,0.630999347066045,3.29111296470107
94456.1993123333,0.630846569103901,3.29111296470107
94466.1993076667,0.630693791363626,3.29111296470107
94476.199307,0.630541013555507,3.29111296470107
94486.1993070001,0.630388235753341,3.29111296470107
94496.1993066668,0.630235457960235,3.29111296470107
94506.1993069999,0.630082680158401,3.29111296470107
94516.199307,0.629929902379469,3.29111296470107
94526.1993070001,0.629777124590608,3.29111296470107
94536.1993070002,0.629624346754233,3.29111296470107
94546.1993086667,0.629471568888917,3.29111296470107
94556.199307,0.62931879103017,3.29111296470107
94566.1993066667,0.629166013054909,3.29111296470107
94576.1993070001,0.629013235230321,3.29111296470107
94586.1993143334,0.628860457222469,3.29111296470107
94596.1993280002,0.628707679181996,3.29111296470107
94606.1993076667,0.628554901635914,3.29092208702072
94616.1993070001,0.628402123770509,3.29092208702072
94626.1993070002,0.628249345964516,3.29111296470107
94636.1993083333,0.628096568152546,3.29092208702072
94646.199307,0.627943790305221,3.29092208702072
94656.1993073334,0.627791012433434,3.29092208702072
94666.1993070001,0.627638234622719,3.29092208702072
94676.1993073332,0.627485456771592,3.29092208702072
94686.1993076666,0.627332678945677,3.29092208702072
94696.1993099999,0.627179901173426,3.29092208702072
94706.1993070001,0.627027123394421,3.29092208702072
94716.1993073332,0.626874345582348,3.29092208702072
94726.1993069999,0.626721567783621,3.29092208702072
94736.199307,0.62656878994301,3.29092208702072
94746.199307,0.626416012138487,3.29092208702072
94756.1993070001,0.626263234302098,3.29092208702072
94766.1993100001,0.626110456491015,3.29092208702072
94776.1993069999,0.625957678733348,3.29092208702072
94786.1993093332,0.625804900891519,3.29092208702072
94796.1993133332,0.625652122988442,3.29092208702072
94806.1995393334,0.625499341704038,3.29092208702072
94816.1993069999,0.625346567423914,3.29092208702072
94826.1993066666,0.625193789627011,3.29092208702072
94836.199311,0.62504101169818,3.29092208702072
94846.1993070001,0.624888233887786,3.29073120934036
94856.1993069998,0.624735456060246,3.29073120934036
94866.1993069999,0.624582678212041,3.29073120934036
94876.199307,0.624429900419821,3.29073120934036
94886.1993070001,0.624277122508886,3.29073120934036
94896.1993070002,0.624124344694938,3.29092208702072
94906.1993119999,0.623971566799405,3.29092208702072
94916.199307,0.623818789032048,3.29073120934036
94926.199307,0.623666011192352,3.29092208702072
94936.1993070001,0.623513233354667,3.29073120934036
94946.1993069998,0.623360455579644,3.29073120934036
94956.1993069999,0.623207677748133,3.29073120934036
94966.199307,0.623054899860291,3.29073120934036
94976.1993070001,0.622902122005382,3.29073120934036
94986.1993070002,0.622749344189117,3.29073120934036
94996.199309,0.622596566361554,3.29073120934036
95006.199307,0.6224437886039,3.29073120934036
95016.1993099999,0.622291010726077,3.29073120934036
95026.1993076668,0.622138232965057,3.29073120934036
95036.1993069998,0.621985455167694,3.29073120934036
95046.1993073333,0.621832677381362,3.29073120934036
95056.199307,0.621679899583879,3.29073120934036
95066.1993070001,0.621527121765839,3.29073120934036
95076.1993070002,0.621374343910264,3.29073120934036
95086.1993069999,0.621221566055987,3.29073120934036
95096.1993093335,0.621068788165543,3.29073120934036
95106.199307,0.620916010342003,3.29073120934036
95116.1993103334,0.620763232507518,3.29073120934036
95126.1993073332,0.620610454708206,3.29073120934036
95136.1993066666,0.620457676889265,3.29073120934036
95146.199307,0.620304899073064,3.29073120934036
95156.1993126668,0.620152121230743,3.29073120934036
95166.1993126666,0.619999343432442,3.29073120934036
95176.1993096668,0.619846565655738,3.29073120934036
95186.199307,0.619693787822259,3.29073120934036
95196.1993093332,0.61954100996057,3.29073120934036
95206.1993083332,0.61938823217422,3.29073120934036
95216.1993123332,0.619235454278226,3.29054033166
95226.1993076666,0.61908267653696,3.29073120934036
95236.199307,0.618929898716651,3.29073120934036
95246.1993073334,0.618777120917402,3.29073120934036
95256.1993093333,0.618624343104361,3.29073120934036
95266.1993069999,0.618471565332402,3.29054033166
95276.199308,0.618318787494454,3.29054033166
95286.199307,0.61816600964893,3.29073120934036
95296.1993066668,0.618013231811388,3.29073120934036
95306.1993073332,0.617860453980945,3.29073120934036
95316.199308,0.61770767617676,3.29054033166
95326.199307,0.617554898410332,3.29054033166
95336.1993076668,0.617402120616669,3.29054033166
95346.1993116668,0.617249342768894,3.29054033166
95356.1993076666,0.617096565044947,3.29054033166
95366.1993076667,0.616943787258767,3.29054033166
95376.199307,0.616791009471477,3.29054033166
95386.1993066668,0.616638231671889,3.29054033166
95396.1993069998,0.616485453864667,3.29054033166
95406.1993073333,0.616332676035659,3.29054033166
95416.199307,0.616179898266643,3.29054033166
95426.1993113334,0.61602712040042,3.29054033166
95436.1993126666,0.615874342556179,3.29054033166
95446.1993069999,0.615721564788445,3.29054033166
95456.199312,0.615568786913316,3.29054033166
95466.199307,0.615416009165378,3.29054033166
95476.1993066668,0.615263231362311,3.29054033166
95486.1993069998,0.615110453524678,3.29054033166
95496.1993069999,0.61495767572263,3.29054033166
95506.1993083334,0.614804897903345,3.29054033166
95516.1993070001,0.614652120045095,3.29054033166
95526.1993113335,0.614499342211638,3.29054033166
95536.1993069999,0.614346564485768,3.29054033166
95546.1993133334,0.614193786575628,3.29054033166
95556.199307,0.614041008888344,3.29054033166
95566.1993133332,0.613888230939713,3.29034945397965
95576.1993079999,0.613735453223591,3.29054033166
95586.199312,0.613582675353967,3.29054033166
95596.199307,0.613429897642665,3.29054033166
95606.1993086665,0.613277119828578,3.29034945397965
95616.1993070002,0.613124342035925,3.29034945397965
95626.1993069999,0.61297156423786,3.29034945397965
95636.199307,0.612818786450254,3.29034945397965
95646.1993073334,0.612666008655913,3.29054033166
95656.1993093333,0.61251323078031,3.29034945397965
95666.1993079999,0.612360453025622,3.29034945397965
95676.1993073333,0.612207675212,3.29034945397965
95686.199307,0.612054897400381,3.29034945397965
95696.1993070001,0.611902119590039,3.29034945397965
95706.1993076665,0.611749341756604,3.29034945397965
95716.1993069999,0.611596563966705,3.29034945397965
95726.199307,0.611443786142551,3.29034945397965
95736.1993073334,0.61129100831023,3.29034945397965
95746.1993070001,0.611138230498984,3.29034945397965
95756.1993119999,0.610985452510643,3.29034945397965
95766.1993100002,0.610832674700012,3.29034945397965
95776.1993076667,0.610679896927982,3.29034945397965
95786.1993073334,0.610527119011778,3.29034945397965
95796.1993070002,0.610374341191937,3.29034945397965
95806.1993069999,0.61022156333447,3.29034945397965
95816.199307,0.610068785507831,3.29034945397965
95826.199307,0.609916007703986,3.29034945397965
95836.1993066668,0.60976322987993,3.29034945397965
95846.1993069998,0.609610452094245,3.29034945397965
95856.1993069999,0.60945767429105,3.29034945397965
95866.199307,0.60930489643112,3.29034945397965
95876.1993066667,0.609152118626601,3.29034945397965
95886.1993113335,0.608999340701145,3.29034945397965
95896.1993069999,0.608846562945876,3.29034945397965
95906.1993073333,0.608693785157532,3.29034945397965
95916.199307,0.608541007354534,3.29034945397965
95926.1993093333,0.608388229484721,3.29034945397965
95936.1993069998,0.608235451709129,3.29034945397965
95946.1993069999,0.608082673904983,3.29034945397965
95956.1993103332,0.607929896073769,3.29034945397965
95966.1993066667,0.60777711833515,3.29034945397965
95976.1993070002,0.607624340510302,3.29034945397965
95986.1993069999,0.607471562722659,3.29034945397965
95996.199307,0.607318784901052,3.29034945397965
96006.1993099999,0.607166007030202,3.29034945397965
96016.1993076668,0.607013229253656,3.29034945397965
96026.1993066668,0.60686045147282,3.29015857629929
96036.1993073333,0.606707673676514,3.29015857629929
96046.199307,0.606554895888019,3.29034945397965
96056.199311,0.606402117965293,3.29015857629929
96066.1993070002,0.606249340212899,3.29034945397965
96076.199308,0.606096562381107,3.29034945397965
96086.1993126667,0.605943784497195,3.29015857629929
96096.199307,0.605791006780774,3.29015857629929
96106.1993120002,0.605638228910275,3.29015857629929
96116.1993136667,0.605485451081269,3.29015857629929
96126.1993069999,0.605332673344221,3.29015857629929
96136.199307,0.605179895544179,3.29015857629929
96146.1993080002,0.605027117656413,3.29015857629929
96156.1993070001,0.604874339777516,3.29015857629929
96166.1993076666,0.604721561906371,3.29015857629929
96176.1993073333,0.604568784033724,3.29015857629929
96186.199307,0.604416006223494,3.29015857629929
96196.1993070001,0.604263228390811,3.29015857629929
96206.1993073332,0.604110450580699,3.29015857629929
96216.1993103335,0.603957672628555,3.29015857629929
96226.199307,0.603804894820851,3.29015857629929
96236.1993083332,0.603652117005103,3.29015857629929
96246.1993073332,0.603499339179463,3.29015857629929
96256.1993069999,0.603346561348388,3.29015857629929
96266.1993076667,0.603193783530364,3.29015857629929
96276.199307,0.603041005698921,3.29015857629929
96286.1993070001,0.602888227897147,3.29015857629929
96296.1993100001,0.602735450039487,3.29015857629929
96306.1993069999,0.602582672291401,3.29015857629929
96316.199307,0.602429894457699,3.29015857629929
96326.1993073334,0.602277116619578,3.29015857629929
96336.1993076665,0.602124338815471,3.29015857629929
96346.1993073332,0.601971561049055,3.29015857629929
96356.199307,0.601818783208252,3.29015857629929
96366.1993076668,0.601666005413082,3.29015857629929
96376.1993070001,0.601513227641666,3.29015857629929
96386.1993069998,0.601360449638431,3.29015857629929
96396.1993073333,0.601207671927909,3.28996769861894
96406.199307,0.601054894136407,3.29015857629929
96416.1993076668,0.60090211630656,3.29015857629929
96426.1993070002,0.600749338511768,3.28996769861894
96436.1993113332,0.600596560661404,3.28996769861894
96446.1993073333,0.600443782902017,3.28996769861894
96456.1993099999,0.600291005069706,3.28996769861894
96466.1993070001,0.600138227324185,3.28996769861894
96476.1993076666,0.599985449534507,3.28996769861894
96486.1993069999,0.599832671754523,3.28996769861894
96496.1993073334,0.599679893941774,3.28996769861894
96506.1993066667,0.599527116176431,3.28996769861894
96516.1993126666,0.599374338263594,3.28996769861894
96526.1993069999,0.599221560556809,3.28996769861894
96536.1993076667,0.599068782731031,3.28996769861894
96546.199307,0.598916004888694,3.28996769861894
96556.1993070001,0.598763227056071,3.28996769861894
96566.1993069998,0.598610449207194,3.28996769861894
96576.1993083334,0.598457671413082,3.28996769861894
96586.199307,0.598304893676468,3.28996769861894
96596.1993076668,0.598152115856294,3.28996769861894
96606.1993076665,0.597999338057259,3.28996769861894
96616.1993076666,0.597846560259481,3.28996769861894
96626.1993126667,0.597693782394739,3.28996769861894
96636.1993073334,0.597541004644939,3.28996769861894
96646.1993070001,0.597388226801245,3.28996769861894
96656.1993069998,0.597235448997684,3.28996769861894
96666.1993069999,0.597082671178595,3.28996769861894
96676.199307,0.596929893376214,3.28977682093858
96686.1993066667,0.596777115569418,3.28996769861894
96696.1993070002,0.596624337733663,3.28996769861894
96706.1993103335,0.596471559871554,3.28977682093858
96716.199307,0.596318782098863,3.28977682093858
96726.199307,0.596166004253842,3.28996769861894
96736.1993079998,0.596013226400669,3.28977682093858
96746.1993066668,0.595860448590807,3.28977682093858
96756.1993069999,0.595707670809139,3.28996769861894
96766.1993103332,0.595554892944475,3.28996769861894
96776.1993123335,0.595402115095027,3.28996769861894
96786.1993070002,0.59524933731116,3.28977682093858
96796.1993073332,0.595096559468944,3.28977682093858
96806.1993073333,0.594943781659105,3.28977682093858
96816.199307,0.594791003850572,3.28977682093858
96826.1993073335,0.594638226015252,3.28977682093858
96836.1993083333,0.594485448141304,3.28977682093858
96846.1993069999,0.594332670328681,3.28977682093858
96856.1993123334,0.594179892440952,3.28977682093858
96866.1993070001,0.594027114762011,3.28977682093858
96876.1993070002,0.593874336938268,3.28977682093858
96886.1993106668,0.59372155899324,3.28977682093858
96896.199307,0.59356878117021,3.28977682093858
96906.1993076668,0.593416003275235,3.28977682093858
96916.1993066667,0.593263225426479,3.28977682093858
96926.1993069998,0.593110447565675,3.28977682093858
96936.1993113332,0.592957669726001,3.28977682093858
96946.1993099999,0.592804891896935,3.28958594325822
96956.1993070001,0.592652114055842,3.28977682093858
96966.1993070002,0.592499336323009,3.28977682093858
96976.1993083333,0.592346558474877,3.28977682093858
96986.199307,0.592193780696481,3.28977682093858
96996.1993083335,0.59204100284137,3.28977682093858
97006.1993070001,0.591888225054107,3.28977682093858
97016.1993106668,0.591735447203054,3.28977682093858
97026.1993123333,0.591582669373635,3.28958594325822
97036.1993086668,0.591429891618135,3.28958594325822
97046.199311,0.591277113757835,3.28958594325822
97056.1993823334,0.591124334826708,3.28958594325822
97066.1993076666,0.590971558177973,3.28977682093858
97076.199307,0.590818780372805,3.28958594325822
97086.1993196666,0.590666002387384,3.28958594325822
97096.1993096666,0.590513224750407,3.28977682093858
97106.1993069998,0.590360447012708,3.28958594325822
97116.1993069999,0.590207669211356,3.28958594325822
97126.199307,0.59005489139225,3.28958594325822
97136.1993089999,0.589902113547453,3.28958594325822
97146.199309,0.589749335762241,3.28958594325822
97156.1993069999,0.589596557964424,3.28958594325822
97166.1993116666,0.589443780071819,3.28958594325822
97176.199307,0.589291002236716,3.28958594325822
97186.1993096666,0.589138224361784,3.28958594325822
97196.1993069998,0.588985446624583,3.28958594325822
97206.1993093334,0.588832668800695,3.28958594325822
97216.199307,0.588679891084041,3.28958594325822
97226.1993136666,0.588527113201716,3.28958594325822
97236.1993116668,0.588374335428413,3.28958594325822
97246.1993076666,0.588221557629743,3.28958594325822
97256.199307,0.588068779781962,3.28958594325822
97266.199307,0.587916001955031,3.28958594325822
97276.1993076668,0.58776322416358,3.28958594325822
97286.1993066669,0.587610446395832,3.28958594325822
97296.1993069999,0.5874576686056,3.28958594325822
97306.199307,0.587304890759845,3.28958594325822
97316.1993070001,0.587152112956633,3.28958594325822
97326.1993133333,0.586999335040155,3.28958594325822
97336.1993073332,0.586846557276066,3.28958594325822
97346.1993096668,0.586693779501987,3.28958594325822
97356.199307,0.586541001758972,3.28958594325822
97366.1993070001,0.586388223894322,3.28958594325822
97376.1993096667,0.586235445996289,3.28958594325822
97386.1993069999,0.586082668141398,3.28958594325822
97396.199307,0.585929890138042,3.28958594325822
97406.1993066667,0.585777112259198,3.28958594325822
97416.1993086666,0.585624334277131,3.28958594325822
97426.1993069999,0.5854715564573,3.28958594325822
97436.199307,0.585318778608717,3.28958594325822
97446.199307,0.585166000830902,3.28958594325822
97456.1993110001,0.585013222925992,3.28958594325822
97466.1993069998,0.5848604451379,3.28958594325822
97476.1993100002,0.584707667277344,3.28958594325822
97486.199307,0.584554889390047,3.28958594325822
97496.1993106667,0.58440211162129,3.28958594325822
97506.1993070001,0.58424933383685,3.28958594325822
97516.1993119999,0.584096555761178,3.28958594325822
97526.199307,0.583943778009114,3.28958594325822
97536.1993086668,0.583791000163463,3.28958594325822
97546.1993070001,0.583638222347215,3.28958594325822
97556.1993069998,0.583485444534585,3.28939506557787
97566.1993073333,0.583332666680402,3.28958594325822
97576.199307,0.583179888789462,3.28958594325822
97586.1993070001,0.583027110922334,3.28958594325822
97596.1993070002,0.582874333117581,3.28939506557787
97606.1993069999,0.582721555306327,3.28939506557787
97616.1993103332,0.582568777455121,3.28958594325822
97626.199307,0.582415999673594,3.28939506557787
97636.1993093333,0.582263221814763,3.28958594325822
97646.1993069998,0.582110444032488,3.28939506557787
97656.1993069999,0.581957666260542,3.28958594325822
97666.1993076667,0.581804888459816,3.28939506557787
97676.1993070001,0.581652110674983,3.28958594325822
97686.1993083332,0.581499332899543,3.28939506557787
97696.1993069999,0.581346555120482,3.28939506557787
97706.1993073333,0.581193777328672,3.28939506557787
97716.199307,0.581040999504532,3.28939506557787
97726.1993070001,0.580888221713172,3.28939506557787
97736.1993069998,0.580735443896908,3.28939506557787
97746.1993069999,0.58058266609285,3.28939506557787
97756.199307,0.58042988829948,3.28939506557787
97766.1993070001,0.580277110509254,3.28939506557787
97776.1993073332,0.580124332752334,3.28939506557787
97786.1993076666,0.579971554904789,3.28939506557787
97796.1993066666,0.579818777099106,3.28939506557787
97806.1993083335,0.579665999269626,3.28939506557787
97816.1993126665,0.579513221417907,3.28939506557787
97826.1993123333,0.579360443630821,3.28939506557787
97836.1993076666,0.579207665932901,3.28939506557787
97846.199307,0.579054888187528,3.28939506557787
97856.1993070001,0.578902110404415,3.28939506557787
97866.1995833333,0.578749328351947,3.28939506557787
97876.1993093334,0.578596554737451,3.28939506557787
97886.1993086668,0.578443776974239,3.28939506557787
97896.199307,0.578290999204462,3.28939506557787
97906.1993136666,0.578138221258289,3.28939506557787
97916.1993106668,0.577985443462756,3.28939506557787
97926.1993069999,0.577832665729314,3.28939506557787
97936.199307,0.577679887882776,3.28939506557787
97946.1993070001,0.577527109993993,3.28920418789751
97956.1993066668,0.577374332214111,3.28920418789751
97966.199313,0.577221554321563,3.28939506557787
97976.1993066666,0.577068776570115,3.28920418789751
97986.1993356668,0.576915998358953,3.28920418789751
97996.1993133332,0.576763220812825,3.28939506557787
98006.1993116665,0.576610443082416,3.28920418789751
98016.1993069999,0.576457665391403,3.28939506557787
98026.1993133335,0.576304887486177,3.28920418789751
98036.1993096666,0.576152109773217,3.28920418789751
98046.1993070002,0.575999332020747,3.28920418789751
98056.1993069999,0.575846554253067,3.28920418789751
98066.199307,0.575693776430769,3.28920418789751
98076.199307,0.575540998602453,3.28920418789751
98086.1993136666,0.575388220689931,3.28920418789751
98096.199309,0.575235442992523,3.28920418789751
98106.1993069999,0.575082665182712,3.28920418789751
98116.199307,0.574929887370864,3.28920418789751
98126.1993070001,0.574777109557614,3.28920418789751
98136.1993070002,0.574624331781898,3.28920418789751
98146.1993083333,0.574471553946631,3.28920418789751
98156.199307,0.574318776185483,3.28920418789751
98166.1993076668,0.57416599829768,3.28920418789751
98176.1993133332,0.574013220430233,3.28920418789751
98186.1993073332,0.573860442697627,3.28920418789751
98196.1993076666,0.573707664899739,3.28920418789751
98206.1993066666,0.573554887098465,3.28920418789751
98216.1993070001,0.573402109312921,3.28920418789751
98226.1993070002,0.573249331473127,3.28920418789751
98236.1993116666,0.573096553590943,3.28920418789751
98246.199307,0.57294377588863,3.28920418789751
98256.199307,0.572790998087573,3.28920418789751
98266.1993070001,0.572638220303605,3.28920418789751
98276.1993073332,0.572485442485583,3.28920418789751
98286.1993093334,0.572332664676813,3.28920418789751
98296.1993073334,0.572179886907717,3.28920418789751
98306.1993070001,0.572027109121101,3.28920418789751
98316.1993136666,0.571874331159058,3.28920418789751
98326.1993086667,0.571721553456077,3.28920418789751
98336.1993090001,0.57156877562302,3.28920418789751
98346.199307,0.571415997916054,3.28920418789751
98356.1993070001,0.571263220146297,3.28920418789751
98366.1993079999,0.571110442348688,3.28920418789751
98376.1995236666,0.570957661263013,3.28920418789751
98386.1993066666,0.570804886767775,3.28920418789751
98396.1993123335,0.570652108907259,3.28920418789751
98406.1993076665,0.570499331190349,3.28901331021715
98416.1993069999,0.570346553408507,3.28920418789751
98426.199307,0.570193775612256,3.28901331021715
98436.1993080001,0.57004099782708,3.28901331021715
98446.1993070001,0.569888220094721,3.28901331021715
98456.1993116665,0.569735442229482,3.28920418789751
98466.1993090001,0.569582664500917,3.28901331021715
98476.1993126668,0.569429886665066,3.28901331021715
98486.1993070001,0.569277108942513,3.28920418789751
98496.1993070002,0.569124331151782,3.28901331021715
98506.1993103335,0.568971553348838,3.28901331021715
98516.199308,0.568818775608042,3.28901331021715
98526.199307,0.568665997796519,3.28901331021715
98536.1993070001,0.568513219987578,3.28901331021715
98546.1993069998,0.568360442197162,3.28901331021715
98556.1993073333,0.568207664411076,3.28901331021715
98566.199307,0.568054886633376,3.28901331021715
98576.1993070001,0.567902108856538,3.28901331021715
98586.1993073335,0.567749331080081,3.28901331021715
98596.1993069999,0.567596553313431,3.28901331021715
98606.1993073333,0.567443775492517,3.28901331021715
98616.1993133335,0.56729099760841,3.28901331021715
98626.1993070001,0.567138219912227,3.28901331021715
98636.1993066669,0.566985442137762,3.28901331021715
98646.1993069999,0.566832664344018,3.28901331021715
98656.1993073334,0.56667988655061,3.28901331021715
98666.1993070001,0.566527108780212,3.28901331021715
98676.1993073332,0.56637433100479,3.28901331021715
98686.1993069999,0.566221553214209,3.28901331021715
98696.199307,0.566068775444535,3.28901331021715
98706.1993106666,0.565915997599737,3.28901331021715
98716.1993070001,0.565763219849727,3.28901331021715
98726.1993079999,0.565610442036729,3.28901331021715
98736.1993069999,0.565457664232569,3.28901331021715
98746.199307,0.565304886429525,3.28901331021715
98756.1993073334,0.565152108664932,3.28901331021715
98766.1993070002,0.564999330872951,3.28901331021715
98776.1993076666,0.564846553084529,3.28901331021715
98786.199312,0.564693775216323,3.28901331021715
98796.1993073334,0.564540997530208,3.28901331021715
98806.1993070001,0.564388219701643,3.28901331021715
98816.1993069998,0.564235441899464,3.28901331021715
98826.1993069999,0.564082664127484,3.2888224325368
98836.1993066666,0.56392988634916,3.28901331021715
98846.1993113334,0.563777108495653,3.2888224325368
98856.1993073335,0.563624330760421,3.2888224325368
98866.1993096668,0.563471552953253,3.2888224325368
98876.1993133334,0.563318775101494,3.2888224325368
98886.1993123334,0.563165997303959,3.28901331021715
98896.1993126665,0.563013219541241,3.2888224325368
98906.1993119999,0.562860441746851,3.2888224325368
98916.1993069999,0.562707663999814,3.2888224325368
98926.199307,0.562554886226317,3.2888224325368
98936.1993076668,0.56240210839038,3.2888224325368
98946.1993110001,0.562249330540495,3.2888224325368
98956.1993159999,0.562096552670902,3.2888224325368
98966.1993073333,0.561943774998537,3.2888224325368
98976.1993083335,0.561790997219763,3.2888224325368
98986.1993070001,0.561638219473766,3.2888224325368
98996.1993106668,0.561485441600166,3.2888224325368
99006.1993069999,0.561332663851328,3.2888224325368
99016.1993083334,0.561179886033682,3.2888224325368
99026.1993076668,0.561027108191185,3.2888224325368
99036.1993070002,0.560874330382124,3.2888224325368
99046.1993073332,0.560721552558458,3.2888224325368
99056.199307,0.560568774772958,3.2888224325368
99066.1993096666,0.560415996929099,3.2888224325368
99076.1993070001,0.560263219154448,3.2888224325368
99086.1993069998,0.560110441312566,3.2888224325368
99096.1993069999,0.559957663446071,3.2888224325368
99106.199307,0.55980488564065,3.2888224325368
99116.1993133332,0.559652107699519,3.2888224325368
99126.1993076665,0.559499330014104,3.2888224325368
99136.1993069999,0.559346552214884,3.2888224325368
99146.199307,0.559193774366638,3.2888224325368
99156.199307,0.559040996567181,3.2888224325368
99166.1993070001,0.558888218752353,3.2888224325368
99176.1993069998,0.558735440934248,3.2888224325368
99186.1993069999,0.558582663141194,3.2888224325368
99196.199307,0.558429885305512,3.2888224325368
99206.1993070001,0.558277107537395,3.2888224325368
99216.1993073332,0.55812432971953,3.2888224325368
99226.1993069999,0.557971551929543,3.2888224325368
99236.199307,0.557818774162152,3.2888224325368
99246.1993099999,0.557665996313108,3.2888224325368
99256.1993073335,0.557513218522195,3.2888224325368
99266.1993066668,0.557360440742133,3.2888224325368
99276.1993073333,0.557207662927596,3.2888224325368
99286.199307,0.557054885155696,3.2888224325368
99296.1993070001,0.556902107356388,3.2888224325368
99306.1993070001,0.556749329577223,3.2888224325368
99316.1993069999,0.556596551780841,3.2888224325368
99326.1993073333,0.556443773947318,3.2888224325368
99336.199307,0.556290996249095,3.28863155485644
99346.1993070001,0.556138218441507,3.2888224325368
99356.1993076666,0.555985440639576,3.2888224325368
99366.1993069999,0.555832662821623,3.2888224325368
99376.199307,0.555679884999387,3.28863155485644
99386.1993120001,0.555527107013134,3.28863155485644
99396.1993070002,0.555374329325636,3.2888224325368
99406.1993073332,0.555221551521132,3.28863155485644
99416.1993066666,0.55506877365065,3.28863155485644
99426.1993120001,0.55491599572057,3.2888224325368
99436.1993070001,0.554763218016032,3.2888224325368
99446.1993069998,0.554610440229757,3.28863155485644
99456.1993069999,0.554457662414422,3.28863155485644
99466.1993076667,0.554304884627545,3.28863155485644
99476.1993089999,0.554152106845825,3.28863155485644
99486.1993070002,0.553999329038423,3.28863155485644
99496.199313,0.553846551164063,3.28863155485644
99506.1993113333,0.553693773390721,3.28863155485644
99516.1993066667,0.553540995660271,3.28863155485644
99526.1993070001,0.553388217884349,3.28863155485644
99536.1993069998,0.553235440104059,3.28863155485644
99546.199308,0.553082662312974,3.28863155485644
99556.199307,0.552929884538698,3.28863155485644
99566.1993133332,0.552777106652405,3.28863155485644
99576.1993103334,0.552624328891187,3.28863155485644
99586.1993069999,0.55247155111251,3.28863155485644
99596.199307,0.552318773322374,3.28863155485644
99606.199307,0.552165995516544,3.28863155485644
99616.1993070001,0.552013217721603,3.28863155485644
99626.1993069998,0.551860439928979,3.28863155485644
99636.1993073333,0.551707662061788,3.28863155485644
99646.1993076667,0.551554884238796,3.28863155485644
99656.1993070001,0.551402106432111,3.28863155485644
99666.1993070002,0.551249328614591,3.28863155485644
99676.199308,0.551096550833803,3.28863155485644
99686.199307,0.550943773053949,3.28863155485644
99696.199307,0.550790995222477,3.28844067717609
99706.1993070001,0.55063821743186,3.28863155485644
99716.1993069998,0.550485439611259,3.28844067717609
99726.1993073333,0.550332661843429,3.28844067717609
99736.1993076667,0.550179884065268,3.28844067717609
99746.1993070001,0.550027106299957,3.28844067717609
99756.1993070001,0.549874328522599,3.28844067717609
99766.1993073332,0.549721550720206,3.28863155485644
99776.1993076667,0.549568772945481,3.28844067717609
99786.199307,0.549415995159331,3.28863155485644
99796.1993066668,0.549263217376699,3.28844067717609
99806.1993073332,0.54911043956185,3.28844067717609
99816.1993069999,0.548957661760667,3.28844067717609
99826.1993090002,0.548804883882134,3.28844067717609
99836.1993076668,0.548652106117663,3.28844067717609
99846.1993079999,0.548499328308311,3.28844067717609
99856.1993073332,0.548346550510874,3.28844067717609
99866.199307,0.548193772694012,3.28844067717609
99876.1993133332,0.548040994771868,3.28844067717609
99886.1993070001,0.547888217037365,3.28844067717609
99896.1993093334,0.547735439135314,3.28844067717609
99906.199519,0.547582658107978,3.28844067717609
99916.199307,0.547429883556812,3.28844067717609
99926.1993093332,0.547277105758348,3.28844067717609
99936.1993083332,0.547124327908819,3.28844067717609
99946.1993076666,0.546971549986347,3.28844067717609
99956.199308,0.546818772173571,3.28844067717609
99966.199307,0.546665994313649,3.28844067717609
99976.1993079998,0.546513216470623,3.28844067717609
99986.1993069998,0.546360438658074,3.28844067717609
99996.199308,0.546207660825671,3.28844067717609
100006.199310333,0.546054882955633,3.28844067717609
100016.199307,0.545902105120296,3.28844067717609
100026.199313,0.545749327264283,3.28844067717609
100036.199312,0.545596549448967,3.28844067717609
100046.199307,0.545443771654626,3.28844067717609
100056.199307667,0.545290993801496,3.28844067717609
100066.199307333,0.545138215999304,3.28844067717609
100076.199307333,0.54498543822348,3.28844067717609
100086.199307,0.544832660422049,3.28844067717609
100096.19931,0.544679882508628,3.28844067717609
100106.199307333,0.544527104698355,3.28844067717609
100116.199306667,0.544374326885182,3.28844067717609
100126.199424333,0.544221547272388,3.28844067717609
100136.199307,0.54406877128302,3.28844067717609
100146.199307,0.543915993445049,3.28844067717609
100156.199307,0.543763215566774,3.28844067717609
100166.199307,0.543610437739116,3.28844067717609
100176.199307333,0.543457659843894,3.28844067717609
100186.199307,0.543304881955679,3.28844067717609
100196.199307,0.543152104005838,3.28844067717609
100206.199311333,0.542999326156411,3.28844067717609
100216.199306667,0.542846548379461,3.28844067717609
100226.199307,0.542693770550251,3.28844067717609
100236.199307,0.542540992732883,3.28844067717609
100246.199307,0.542388214913934,3.28844067717609
100256.199307,0.542235437073863,3.28844067717609
100266.199308,0.542082659256471,3.28844067717609
100276.199307333,0.541929881402488,3.28844067717609
100286.199307667,0.541777103550282,3.28844067717609
100296.199312,0.541624325637645,3.28824979949573
100306.199307,0.541471547904761,3.28844067717609
100316.199311,0.541318769953845,3.28844067717609
100326.199307,0.541165992213852,3.28844067717609
100336.199307,0.541013214291003,3.28844067717609
100346.199307,0.540860436504061,3.28824979949573
100356.199307333,0.540707658631524,3.28844067717609
100366.199308,0.540554880681192,3.28844067717609
100376.199307667,0.540402102923248,3.28844067717609
100386.199307334,0.540249325109415,3.28844067717609
100396.199307,0.540096547216288,3.28844067717609
100406.199307,0.539943769403221,3.28824979949573
100416.199307,0.539790991629345,3.28844067717609
100426.199308333,0.539638213823886,3.28824979949573
100436.199307667,0.539485436025235,3.28824979949573
100446.199307,0.539332658247684,3.28844067717609
100456.199307,0.539179880493856,3.28824979949573
100466.199308333,0.539027102687543,3.28824979949573
100476.199311667,0.538874324831948,3.28824979949573
100486.199307333,0.538721547118062,3.28824979949573
100496.199307,0.538568769368651,3.28824979949573
100506.199307,0.538415991573158,3.28824979949573
100516.199309667,0.538263213689018,3.28824979949573
100526.199307,0.538110435954888,3.28824979949573
100536.199313,0.537957658051649,3.28824979949573
100546.199307,0.537804880361897,3.28824979949573
100556.199307,0.537652102607172,3.28824979949573
100566.199306667,0.537499324829538,3.28824979949573
100576.199308,0.537346547028574,3.28824979949573
100586.199307,0.537193769261788,3.28824979949573
100596.199307,0.537040991471807,3.28824979949573
100606.199307333,0.536888213669943,3.28824979949573
100616.199307,0.536735435898216,3.28824979949573
100626.199306667,0.536582658123327,3.28824979949573
100636.199307,0.536429880331119,3.28824979949573
100646.199307,0.536277102582618,3.28824979949573
100656.199308,0.536124324794294,3.28824979949573
100666.199307,0.535971547002367,3.28824979949573
100676.199307,0.53581876922282,3.28824979949573
100686.199307,0.535665991417303,3.28824979949573
100696.199307,0.535513213629872,3.28824979949573
100706.199307,0.535360435824912,3.28824979949573
100716.199307,0.535207658038752,3.28805892181537
100726.199307,0.535054880251928,3.28805892181537
100736.199307667,0.534902102454382,3.28824979949573
100746.199307,0.534749324651098,3.28805892181537
100756.199308,0.534596546853781,3.28824979949573
100766.199307667,0.534443769085053,3.28824979949573
100776.199306667,0.53429099131074,3.28824979949573
100786.199307,0.534138213509493,3.28824979949573
100796.199307,0.533985435709095,3.28805892181537
100806.199307,0.533832657833974,3.28805892181537
100816.199307,0.533679879960845,3.28805892181537
100826.199313333,0.533527102085018,3.28805892181537
100836.199308333,0.533374324283912,3.28805892181537
100846.199309667,0.533221546404574,3.28805892181537
100856.199307,0.533068768674886,3.28805892181537
100866.199311667,0.532915990849064,3.28805892181537
100876.199313,0.5327632130263,3.28805892181537
100886.199307,0.532610435346038,3.28805892181537
100896.199307,0.532457657589913,3.28805892181537
100906.199307,0.532304879807427,3.28805892181537
100916.199307,0.532152102005587,3.28805892181537
100926.199310333,0.531999324145999,3.28805892181537
100936.199307,0.531846546381881,3.28805892181537
100946.199307333,0.531693768617993,3.28805892181537
100956.199306667,0.531540990866744,3.28805892181537
100966.199307,0.53138821309486,3.28805892181537
100976.199308667,0.531235435287036,3.28805892181537
100986.199307,0.531082657535605,3.28805892181537
100996.199307667,0.530929879702834,3.28805892181537
101006.199308667,0.530777101759387,3.28805892181537
101016.199309667,0.530624324007916,3.28805892181537
101026.199312,0.530471546138806,3.28805892181537
101036.199307333,0.530318768409451,3.28805892181537
101046.199310667,0.530165990569523,3.28805892181537
101056.199307,0.530013212813414,3.28805892181537
101066.199306667,0.529860435024607,3.28805892181537
101076.199306667,0.52970765713933,3.28805892181537
101086.199308333,0.529554879244621,3.28805892181537
101096.199307,0.529402101427815,3.28805892181537
101106.199306667,0.529249323604613,3.28805892181537
101116.199307,0.529096545703095,3.28805892181537
101126.199307333,0.528943767867966,3.28805892181537
101136.199307,0.528790990046901,3.28805892181537
101146.199308667,0.528638212072144,3.28805892181537
101156.199307,0.52848543428331,3.28805892181537
101166.199306667,0.528332656405433,3.28805892181537
101176.199306667,0.528179878580994,3.28805892181537
101186.199307,0.528027100653176,3.28805892181537
101196.199307333,0.527874322742601,3.28805892181537
101206.199307,0.527721544992367,3.28805892181537
101216.199307,0.527568767184145,3.28805892181537
101226.199307,0.527415989348049,3.28805892181537
101236.199307,0.527263211562805,3.28805892181537
101246.199307333,0.527110433613073,3.28805892181537
101256.199307667,0.526957655799621,3.28805892181537
101266.199307,0.526804878018622,3.28805892181537
101276.19931,0.526652100176698,3.28805892181537
101286.199307,0.526499322356595,3.28786804413502
101296.199307,0.526346544471983,3.28805892181537
101306.199313333,0.526193766477791,3.28786804413502
101316.199307,0.526040988759314,3.28805892181537
101326.199307,0.525888210864998,3.28786804413502
101336.199307,0.525735433079164,3.28805892181537
101346.199307,0.525582655314953,3.28786804413502
101356.199312333,0.525429877421407,3.28786804413502
101366.199307,0.525277099645328,3.28786804413502
101376.199311333,0.525124321715316,3.28786804413502
101386.199307333,0.524971543901937,3.28786804413502
101396.199306667,0.524818765969601,3.28805892181537
101406.199307,0.52466598808244,3.28786804413502
101416.199310667,0.52451321007526,3.28786804413502
101426.199310333,0.524360432070759,3.28786804413502
101436.199307,0.524207654174687,3.28786804413502
101446.199307333,0.524054876322301,3.28786804413502
101456.199307,0.523902098545722,3.28786804413502
101466.199307,0.523749320717957,3.28786804413502
101476.199307333,0.523596542881241,3.28786804413502
101486.199307333,0.523443765126655,3.28786804413502
101496.199307667,0.523290987339037,3.28786804413502
101506.199307,0.523138209572383,3.28786804413502
101516.199311333,0.522985431721325,3.28786804413502
101526.199313333,0.522832653889214,3.28786804413502
101536.199309,0.522679876132131,3.28786804413502
101546.199307,0.52252709836121,3.28786804413502
101556.199307,0.522374320531236,3.28786804413502
101566.199307,0.52222154259621,3.28786804413502
101576.199307,0.522068764756895,3.28786804413502
101586.199307,0.521915986858189,3.28786804413502
101596.199307,0.521763209021922,3.28786804413502
101606.199311667,0.521610431052914,3.28786804413502
101616.199312333,0.52145765324213,3.28767716645466
101626.19931,0.521304875465625,3.28786804413502
101636.199310333,0.521152097639321,3.28786804413502
101646.199312333,0.520999319786472,3.28767716645466
101656.199307,0.520846541974801,3.28786804413502
101666.199311333,0.520693764051678,3.28767716645466
101676.199312667,0.520540986117789,3.28786804413502
101686.199312333,0.520388208295791,3.28786804413502
101696.199307,0.520235430549375,3.28767716645466
101706.199307,0.520082652670286,3.28767716645466
101716.199310667,0.519929874693273,3.28767716645466
101726.199307,0.519777096897272,3.28767716645466
101736.199307,0.519624318963374,3.28767716645466
101746.199307,0.519471541051061,3.28767716645466
101756.199307667,0.519318763187158,3.28767716645466
101766.199307,0.519165985188446,3.28767716645466
101776.199307,0.519013207432356,3.28767716645466
101786.199307667,0.518860429654031,3.28767716645466
101796.199310333,0.518707651777129,3.28767716645466
101806.199307,0.518554873926891,3.28767716645466
101816.199307,0.518402096069253,3.28767716645466
101826.199313,0.518249318068609,3.28767716645466
101836.199307,0.518096540275875,3.28767716645466
101846.199307,0.517943762298545,3.28767716645466
101856.199313333,0.517790984449997,3.28767716645466
101866.199307,0.517638206695817,3.28767716645466
101876.199312,0.517485428846104,3.28767716645466
101886.199307,0.517332651129422,3.28767716645466
101896.199313333,0.517179873266362,3.28767716645466
101906.199311667,0.517027095500336,3.28767716645466
101916.199307667,0.516874317718761,3.28767716645466
101926.199312,0.516721539847346,3.28767716645466
101936.199309,0.516568762047299,3.28767716645466
101946.199307667,0.516415984254363,3.28767716645466
101956.199307333,0.516263206424607,3.28767716645466
101966.199307,0.516110428621561,3.28767716645466
101976.199307333,0.515957650664535,3.28767716645466
101986.199311333,0.51580487270593,3.28767716645466
101996.199307,0.515652095012329,3.28767716645466
102006.199309,0.515499317177577,3.28767716645466
102016.199306667,0.515346539398999,3.28767716645466
102026.199311,0.515193761532927,3.28767716645466
102036.199307,0.515040983694147,3.28767716645466
102046.199307,0.514888205816496,3.28767716645466
102056.199307,0.514735427922758,3.28767716645466
102066.199313,0.514582649917902,3.2874862887743
102076.199307,0.514429872142735,3.28767716645466
102086.199311,0.514277094240863,3.2874862887743
102096.199307,0.514124316250993,3.2874862887743
102106.199307,0.513971538499453,3.28767716645466
102116.199307667,0.51381876068098,3.2874862887743
102126.199307333,0.513665982859428,3.2874862887743
102136.199307,0.513513205036857,3.2874862887743
102146.199306667,0.513360427174905,3.2874862887743
102156.199307,0.513207649258191,3.2874862887743
102166.199308,0.513054871505222,3.2874862887743
102176.199307,0.512902093736003,3.2874862887743
102186.199307,0.512749315889688,3.2874862887743
102196.199312667,0.512596537949692,3.2874862887743
102206.199307333,0.512443760068116,3.2874862887743
102216.199307,0.512290982222427,3.2874862887743
102226.199310667,0.512138204240815,3.2874862887743
102236.199307,0.511985426388793,3.2874862887743
102246.199308333,0.511832648521553,3.2874862887743
102256.199307667,0.511679870667519,3.2874862887743
102266.199313333,0.511527092602131,3.2874862887743
102276.199311667,0.511374314799502,3.2874862887743
102286.19931,0.51122153691086,3.2874862887743
102296.199307,0.511068759094111,3.2874862887743
102306.199306667,0.510915981208843,3.2874862887743
102316.199311667,0.510763203261242,3.2874862887743
102326.199314,0.510610425247495,3.2874862887743
102336.199307667,0.510457647285489,3.2874862887743
102346.199307333,0.510304869388053,3.28729541109395
102356.199308667,0.51015209144407,3.2874862887743
102366.199307,0.509999313580227,3.2874862887743
102376.19931,0.509846535703155,3.2874862887743
102386.199307,0.509693757954204,3.2874862887743
102396.19931,0.509540980028098,3.28729541109395
102406.199307,0.509388202231178,3.2874862887743
102416.199308333,0.509235424354645,3.28729541109395
102426.199313333,0.50908264646436,3.28729541109395
102436.199308333,0.508929868691136,3.2874862887743
102446.199307,0.508777090951776,3.2874862887743
102456.199308667,0.508624313035752,3.28729541109395
102466.199307667,0.50847153517471,3.2874862887743
102476.199306667,0.508318757355257,3.2874862887743
102486.199307,0.508165979425795,3.28729541109395
102496.199312,0.508013201511407,3.2874862887743
102506.199308333,0.507860423685748,3.28729541109395
102516.199307,0.50770764581099,3.28729541109395
102526.199307,0.507554867980059,3.28729541109395
102536.199307,0.507402090182855,3.28729541109395
102546.199307,0.5072493123644,3.28729541109395
102556.199310333,0.507096534478993,3.28729541109395
102566.199307,0.506943756694453,3.28729541109395
102576.199307,0.506790978877758,3.28729541109395
102586.199309,0.506638200919066,3.28729541109395
102596.199308,0.506485423170937,3.28729541109395
102606.199310333,0.506332645332157,3.28729541109395
102616.199308333,0.506179867556733,3.28729541109395
102626.199312667,0.50602708964214,3.28729541109395
102636.199314667,0.505874311731105,3.28729541109395
102646.199307,0.505721534080603,3.28729541109395
102656.199307,0.505568756190856,3.28729541109395
102666.199310667,0.505415978324206,3.28729541109395
102676.199307,0.505263200524733,3.28729541109395
102686.199307,0.505110422642996,3.28729541109395
102696.199307,0.504957644766054,3.28729541109395
102706.199312,0.504804866870556,3.28729541109395
102716.199311,0.504652089095914,3.28729541109395
102726.199307667,0.504499311321841,3.28729541109395
102736.199308,0.504346533488052,3.28729541109395
102746.199310333,0.504193755572694,3.28729541109395
102756.199313,0.504040977713721,3.28729541109395
102766.199307,0.50388820000109,3.28729541109395
102776.199307667,0.503735422122691,3.28729541109395
102786.199313333,0.503582644282096,3.28729541109395
102796.199310333,0.503429866487502,3.28729541109395
102806.199307,0.50327708870342,3.28729541109395
102816.199309,0.503124310864663,3.28729541109395
102826.199307,0.502971533053862,3.28729541109395
102836.199457667,0.502818752956004,3.28729541109395
102846.199307,0.502665977386979,3.28729541109395
102856.199307,0.50251319957645,3.28729541109395
102866.199307,0.502360421733837,3.28729541109395
102876.199307,0.502207643889537,3.28729541109395
102886.199312667,0.502054865863363,3.28729541109395
102896.199306667,0.501902088181796,3.28729541109395
102906.199307,0.501749310283304,3.28729541109395
102916.199313,0.501596532311115,3.28729541109395
102926.199307,0.50144375457268,3.28729541109395
102936.199309,0.501290976672997,3.28710453341359
102946.199313,0.50113819877402,3.28710453341359
102956.199307,0.500985421028607,3.28729541109395
102966.199307,0.5008326432363,3.28710453341359
102976.199307,0.500679865402798,3.28710453341359
102986.199307,0.500527087537316,3.28710453341359
102996.199307333,0.500374309698011,3.28710453341359
103006.199312667,0.500221531795227,3.28710453341359
103016.199306667,0.500068754091455,3.28710453341359
103026.199307,0.499915976155049,3.28710453341359
103036.199307,0.499763198384846,3.28710453341359
103046.199307,0.499610420599325,3.28710453341359
103056.199311333,0.499457642712584,3.28710453341359
103066.199307,0.499304864925156,3.28710453341359
103076.199308667,0.499152087058627,3.28710453341359
103086.199307667,0.498999309231727,3.28710453341359
103096.199307,0.498846531449717,3.28710453341359
103106.199312333,0.498693753600423,3.28710453341359
103116.199307,0.498540975871943,3.28710453341359
103126.199306667,0.49838819806299,3.28710453341359
103136.199311667,0.498235420198699,3.28710453341359
103146.199307667,0.498082642464168,3.28710453341359
103156.199311333,0.497929864622407,3.28710453341359
103166.199308,0.497777086884697,3.28710453341359
103176.199307,0.497624309082265,3.28710453341359
103186.199307,0.497471531258054,3.28710453341359
103196.199307,0.497318753504678,3.28691365573324
103206.199307,0.497165975702754,3.28710453341359
103216.199310667,0.497013197838155,3.28710453341359
103226.199312,0.496860420039083,3.28710453341359
103236.199307,0.496707642261393,3.28710453341359
103246.199310333,0.496554864438629,3.28710453341359
103256.199307,0.496402086673865,3.28691365573324
103266.199312,0.49624930877592,3.28691365573324
103276.199307,0.496096531024344,3.28691365573324
103286.199306667,0.49594375317258,3.28691365573324
103296.199307333,0.495790975302323,3.28691365573324
103306.199313,0.495638197395813,3.28691365573324
103316.199312333,0.495485419570456,3.28691365573324
103326.199310333,0.495332641810267,3.28691365573324
103336.199307333,0.49517986392815,3.28691365573324
103346.199306667,0.495027086123271,3.28691365573324
103356.199308333,0.494874308317072,3.28691365573324
103366.199308333,0.494721530506442,3.28691365573324
103376.199307,0.494568752692536,3.28691365573324
103386.199307,0.494415974883591,3.28691365573324
103396.199307667,0.494263197026837,3.28691365573324
103406.199307333,0.494110419207697,3.28691365573324
103416.199307,0.493957641407186,3.28691365573324
103426.199312333,0.493804863515729,3.28691365573324
103436.199311667,0.493652085650354,3.28672277805288
103446.199307,0.493499307848143,3.28691365573324
103456.199307,0.493346530005083,3.28672277805288
103466.199308667,0.493193752133433,3.28672277805288
103476.199312,0.493040974222346,3.28691365573324
103486.199307,0.492888196443024,3.28672277805288
103496.199310667,0.49273541848163,3.28691365573324
103506.199313,0.492582640644744,3.28672277805288
103516.199307,0.492429862946211,3.28691365573324
103526.199307667,0.492277085169337,3.28672277805288
103536.199311,0.49212430730746,3.28672277805288
103546.199313667,0.491971529455607,3.28672277805288
103556.199313,0.49181875165531,3.28672277805288
103566.199309333,0.491665973915668,3.28672277805288
103576.199307,0.491513196123505,3.28672277805288
103586.199307,0.491360418249572,3.28672277805288
103596.199307,0.491207640456476,3.28672277805288
103606.199307,0.491054862580057,3.28672277805288
103616.199307,0.490902084774656,3.28672277805288
103626.199307,0.490749306986805,3.28672277805288
103636.199307,0.490596529113269,3.28672277805288
103646.199307,0.490443751321599,3.28672277805288
103656.199307,0.490290973511266,3.28653190037252
103666.199320333,0.490138195385449,3.28672277805288
103676.199307667,0.489985417845404,3.28672277805288
103686.199311667,0.489832639974131,3.28672277805288
103696.199307,0.489679862241221,3.28672277805288
103706.199307,0.489527084419075,3.28672277805288
103716.199307,0.489374306591178,3.28672277805288
103726.19931,0.48922152873115,3.28653190037252
103736.199307333,0.48906875092072,3.28672277805288
103746.199312667,0.488915973068874,3.28672277805288
103756.199311,0.488763195308593,3.28672277805288
103766.199307,0.488610417597329,3.28653190037252
103776.199307,0.48845763984582,3.28653190037252
103786.199307333,0.488304862062468,3.28653190037252
103796.199312333,0.488152084176365,3.28653190037252
103806.199312,0.487999306313074,3.28653190037252
103816.199308,0.4878465285501,3.28653190037252
103826.199307,0.487693750774532,3.28653190037252
103836.199307,0.487540972906697,3.28653190037252
103846.199308667,0.48738819507393,3.28653190037252
103856.199309333,0.48723541719614,3.28653190037252
103866.199307,0.487082639283832,3.28653190037252
103876.199307,0.486929861534261,3.28653190037252
103886.199307,0.486777083658447,3.28653190037252
103896.199309,0.486624305828806,3.28653190037252
103906.199307333,0.486471528076078,3.28653190037252
103916.199306667,0.486318750255475,3.28653190037252
103926.199307667,0.486165972460318,3.28653190037252
103936.199312667,0.486013194586972,3.28653190037252
103946.199307333,0.485860416847664,3.28653190037252
103956.199311333,0.485707638981486,3.28653190037252
103966.19931,0.485554861186786,3.28653190037252
103976.199307,0.485402083428935,3.28653190037252
103986.199308,0.485249305583922,3.28653190037252
103996.199307,0.485096527788597,3.28653190037252
104006.199308333,0.484943749985238,3.28653190037252
104016.199307667,0.484790972155306,3.28653190037252
104026.199307667,0.484638194371158,3.28653190037252
104036.199307,0.484485416568497,3.28653190037252
104046.199312667,0.484332638646467,3.28653190037252
104056.1995,0.484179857977349,3.28653190037252
104066.199307,0.484027083102261,3.28653190037252
104076.199307,0.483874305339189,3.28653190037252
104086.199310667,0.483721527494379,3.28653190037252
104096.199307,0.483568749780301,3.28653190037252
104106.199307,0.483415971972341,3.28653190037252
104116.199307667,0.483263194184635,3.28653190037252
104126.199306667,0.483110416389859,3.28653190037252
104136.199307333,0.482957638590841,3.28653190037252
104146.199310333,0.482804860779975,3.28653190037252
104156.199307,0.482652083026786,3.28634102269217
104166.199307,0.482499305119689,3.28653190037252
104176.199307333,0.482346527302915,3.28653190037252
104186.199312667,0.482193749402148,3.28634102269217
104196.199307667,0.482040971714163,3.28653190037252
104206.199308,0.481888193942443,3.28653190037252
104216.199307,0.481735416151572,3.28634102269217
104226.199308333,0.481582638378189,3.28634102269217
104236.199306667,0.481429860620689,3.28634102269217
104246.199307,0.481277082781672,3.28634102269217
104256.199309,0.481124304965242,3.28634102269217
104266.199313333,0.48097152712906,3.28634102269217
104276.199307,0.480818749449636,3.28634102269217
104286.199311667,0.48066597160833,3.28634102269217
104296.199307,0.48051319388497,3.28634102269217
104306.199309667,0.480360416035178,3.28634102269217
104316.199307,0.480207638311934,3.28634102269217
104326.199307,0.480054860529308,3.28634102269217
104336.199306667,0.479902082783368,3.28634102269217
104346.199307,0.479749304993177,3.28634102269217
104356.199307333,0.479596527200307,3.28634102269217
104366.199307,0.479443749404885,3.28634102269217
104376.199306667,0.479290971624238,3.28634102269217
104386.199306667,0.479138193825431,3.28634102269217
104396.199307667,0.478985416031626,3.28634102269217
104406.199307667,0.478832638246711,3.28634102269217
104416.199307333,0.478679860451256,3.28634102269217
104426.199310333,0.478527082636392,3.28634102269217
104436.199312,0.478374304816047,3.28634102269217
104446.199307,0.478221527102668,3.28615014501181
104456.199307667,0.478068749310122,3.28634102269217
104466.199307,0.477915971553319,3.28634102269217
104476.199307,0.47776319377861,3.28615014501181
104486.199307,0.477610415987001,3.28615014501181
104496.199309,0.477457638141071,3.28615014501181
104506.199306667,0.477304860368177,3.28615014501181
104516.199308667,0.477152082580079,3.28615014501181
104526.199309333,0.476999304779925,3.28615014501181
104536.199310333,0.47684652700289,3.28615014501181
104546.199307,0.476693749273102,3.28615014501181
104556.199307,0.476540971504835,3.28615014501181
104566.199310667,0.476388193660526,3.28615014501181
104576.199307,0.476235415895552,3.28615014501181
104586.199307,0.476082638097123,3.28615014501181
104596.199307,0.475929860323843,3.28615014501181
104606.199313,0.475777082459844,3.28615014501181
104616.199307,0.475624304772438,3.28615014501181
104626.199306667,0.475471526983111,3.28615014501181
104636.199307333,0.475318749202908,3.28615014501181
104646.199313334,0.475165971336626,3.28615014501181
104656.199311,0.475013193583239,3.28615014501181
104666.199307,0.474860415861989,3.28615014501181
104676.199311667,0.474707637999515,3.28615014501181
104686.199307,0.474554860285074,3.28615014501181
104696.199307,0.474402082498045,3.28615014501181
104706.199307,0.474249304713309,3.28615014501181
104716.199311,0.474096526872921,3.28615014501181
104726.199311333,0.473943749080832,3.28615014501181
104736.19931,0.473790971304172,3.28615014501181
104746.199310333,0.473638193533247,3.28615014501181
104756.199307667,0.47348541578928,3.28615014501181
104766.199307,0.473332638008021,3.28615014501181
104776.199307333,0.473179860223376,3.28615014501181
104786.199307,0.473027082418078,3.28615014501181
104796.19931,0.472874304585766,3.28615014501181
104806.199307,0.472721526820096,3.28595926733146
104816.199307,0.472568749027925,3.28595926733146
104826.199307,0.472415971223235,3.28615014501181
104836.199307333,0.472263193421981,3.28595926733146
104846.199307,0.472110415623236,3.28615014501181
104856.199311667,0.471957637773579,3.28595926733146
104866.199307,0.471804860051217,3.28595926733146
104876.199306667,0.471652082285645,3.28595926733146
104886.199307,0.471499304443296,3.28595926733146
104896.199309667,0.471346526577719,3.28595926733146
104906.199308667,0.471193748791656,3.28595926733146
104916.199307,0.471040971019738,3.28595926733146
104926.199312667,0.470888193136552,3.28595926733146
104936.199308667,0.470735415424613,3.28595926733146
104946.199307667,0.470582637605432,3.28595926733146
104956.199310667,0.470429859789272,3.28595926733146
104966.199307667,0.47027708200609,3.28595926733146
104976.199307667,0.470124304274272,3.28595926733146
104986.199307,0.469971526479276,3.28595926733146
104996.19931,0.469818748665325,3.28595926733146
105006.199307333,0.469665970922867,3.28595926733146
105016.199311667,0.469513193077507,3.28595926733146
105026.199309667,0.469360415326406,3.28595926733146
105036.199309333,0.469207637571822,3.28595926733146
105046.199307,0.469054859803799,3.28595926733146
105056.199313,0.468902081932716,3.28595926733146
105066.19931,0.468749304201037,3.28595926733146
105076.199306667,0.468596526464641,3.28595926733146
105086.199310667,0.468443748623102,3.2857683896511
105096.199307333,0.468290970869579,3.2857683896511
105106.199307667,0.468138193083541,3.2857683896511
105116.199312667,0.467985415256487,3.2857683896511
105126.199311333,0.467832637487308,3.2857683896511
105136.199307,0.467679859778542,3.28595926733146
105146.199311,0.46752708194265,3.2857683896511
105156.199307334,0.467374304240151,3.2857683896511
105166.199307,0.467221526426923,3.2857683896511
105176.199307,0.467068748606395,3.2857683896511
105186.19931,0.466915970805307,3.2857683896511
105196.199307,0.466763193048081,3.2857683896511
105206.199308333,0.466610415222148,3.2857683896511
105216.199307333,0.466457637463841,3.2857683896511
105226.199307,0.466304859705236,3.2857683896511
105236.199307,0.466152081939948,3.2857683896511
105246.199307,0.465999304138248,3.2857683896511
105256.199307,0.46584652636024,3.2857683896511
105266.199308,0.465693748544831,3.2857683896511
105276.199307,0.465540970751458,3.2857683896511
105286.199307,0.465388192953408,3.2857683896511
105296.199307,0.465235415157514,3.2857683896511
105306.199307,0.465082637377614,3.2857683896511
105316.199307667,0.464929859500211,3.2857683896511
105326.199308,0.46477708171235,3.2857683896511
105336.199307,0.464624303917543,3.2857683896511
105346.199307,0.464471526123166,3.2857683896511
105356.199307,0.464318748282692,3.2857683896511
105366.199306667,0.464165970509995,3.2857683896511
105376.199307,0.46401319273037,3.2857683896511
105386.199308667,0.463860414913951,3.2857683896511
105396.199307667,0.463707637118155,3.2857683896511
105406.199307,0.4635548593022,3.2857683896511
105416.199307,0.463402081471797,3.2857683896511
105426.199309333,0.463249303640369,3.2857683896511
105436.199307333,0.463096525847045,3.2857683896511
105446.199307667,0.462943748013912,3.2857683896511
105456.199308333,0.462790970158726,3.2857683896511
105466.199307,0.462638192357037,3.2857683896511
105476.199307,0.462485414529673,3.28557751197074
105486.199308,0.462332636688862,3.2857683896511
105496.199307,0.462179858870167,3.28557751197074
105506.199309,0.462027081030002,3.28557751197074
105516.199307,0.461874303283659,3.2857683896511
105526.199309,0.461721525456928,3.28557751197074
105536.199311667,0.461568747647514,3.28557751197074
105546.199307,0.461415969809976,3.28557751197074
105556.199307,0.461263192064888,3.28557751197074
105566.199307667,0.461110414235416,3.28557751197074
105576.199313,0.46095763632688,3.28557751197074
105586.199307667,0.460804858554766,3.28557751197074
105596.199307,0.460652080750462,3.28557751197074
105606.199306667,0.460499302936294,3.28557751197074
105616.199311667,0.460346525078242,3.28557751197074
105626.199307667,0.460193747330694,3.28557751197074
105636.199306667,0.460040969569976,3.28557751197074
105646.199307,0.459888191747757,3.28557751197074
105656.199307667,0.459735413952958,3.28557751197074
105666.199307,0.459582636125799,3.28557751197074
105676.199311333,0.459429858252787,3.28557751197074
105686.199307,0.459277080529146,3.28557751197074
105696.199311667,0.459124302656891,3.28538663429039
105706.199309333,0.458971524880471,3.28557751197074
105716.199307,0.45881874714052,3.28557751197074
105726.199307,0.45866596930564,3.28538663429039
105736.199307,0.458513191481096,3.28538663429039
105746.199307333,0.458360413629236,3.28538663429039
105756.199309,0.45820763578909,3.28538663429039
105766.199307,0.458054857946323,3.28538663429039
105776.199309333,0.457902080036645,3.28538663429039
105786.199307,0.457749302240788,3.28538663429039
105796.199307,0.457596524425449,3.28538663429039
105806.199307,0.457443746637647,3.28538663429039
105816.199306667,0.457290968807826,3.28538663429039
105826.199307,0.457138190993796,3.28538663429039
105836.199307,0.456985413212395,3.28538663429039
105846.199313,0.456832635299087,3.28538663429039
105856.199307667,0.456679857577825,3.28538663429039
105866.199307,0.456527079802157,3.28538663429039
105876.199307,0.456374301967897,3.28538663429039
105886.199312667,0.456221524084426,3.28538663429039
105896.199314,0.456068746215124,3.28538663429039
105906.19931,0.455915968413259,3.28538663429039
105916.199307,0.45576319060076,3.28538663429039
105926.199307333,0.455610412733074,3.28538663429039
105936.199311,0.455457634821531,3.28538663429039
105946.199309,0.455304856977136,3.28538663429039
105956.199307333,0.45515207913651,3.28538663429039
105966.199307667,0.454999301299646,3.28538663429039
105976.199307667,0.454846523444257,3.28538663429039
105986.199473,0.454693743084239,3.28538663429039
105996.199307,0.454540967807763,3.28538663429039
106006.199307,0.454388189983141,3.28538663429039
106016.199308333,0.454235412133227,3.28538663429039
106026.199307,0.454082634336557,3.28538663429039
106036.199307,0.453929856515034,3.28538663429039
106046.199307,0.453777078677023,3.28538663429039
106056.199307,0.45362430084526,3.28519575661003
106066.199311333,0.453471522968471,3.28538663429039
106076.199307,0.453318745221966,3.28538663429039
106086.199310667,0.453165967356216,3.28538663429039
106096.199308667,0.453013189618424,3.28519575661003
106106.199308,0.452860411812909,3.28538663429039
106116.199311667,0.452707633983654,3.28519575661003
106126.199312,0.452554856191892,3.28538663429039
106136.199307,0.452402078445014,3.28519575661003
106146.199307,0.452249300641835,3.28519575661003
106156.199307667,0.452096522813387,3.28519575661003
106166.199307,0.451943745021651,3.28519575661003
106176.199306667,0.451790967231508,3.28519575661003
106186.199312333,0.451638189353969,3.28519575661003
106196.199307667,0.451485411628248,3.28519575661003
106206.199307333,0.451332633843554,3.28519575661003
106216.199307,0.451179856068961,3.28519575661003
106226.199307,0.451027078273794,3.28519575661003
106236.199307,0.450874300488056,3.28519575661003
106246.199307,0.450721522707371,3.28519575661003
106256.199308333,0.450568744886463,3.28519575661003
106266.199313,0.450415967025948,3.28519575661003
106276.199307,0.450263189333661,3.28519575661003
106286.199312,0.450110411473359,3.28519575661003
106296.199308667,0.449957633702577,3.28500487892967
106306.199307,0.449804855943339,3.28519575661003
106316.199307,0.449652078145137,3.28519575661003
106326.199307667,0.449499300354178,3.28500487892967
106336.199307,0.449346522571387,3.28519575661003
106346.199307,0.4491937447835,3.28500487892967
106356.199307,0.449040966956226,3.28500487892967
106366.199307,0.448888189019361,3.28500487892967
106376.199307,0.448735411298356,3.28500487892967
106386.199307,0.448582633497871,3.28500487892967
106396.199307,0.448429855688586,3.28519575661003
106406.199308667,0.448277077894854,3.28500487892967
106416.199307,0.448124300107369,3.28500487892967
106426.199307,0.447971522297948,3.28500487892967
106436.199307,0.447818744447389,3.28500487892967
106446.199307,0.44766596661698,3.28500487892967
106456.199306667,0.447513188832023,3.28500487892967
106466.199307,0.447360410986237,3.28500487892967
106476.199307,0.447207633200155,3.28500487892967
106486.199307,0.447054855374075,3.28500487892967
106496.199307,0.446902077563671,3.28500487892967
106506.199312333,0.446749299614561,3.28500487892967
106516.199307333,0.446596521757655,3.28500487892967
106526.199309333,0.446443743913026,3.28500487892967
106536.199307,0.446290966094267,3.28500487892967
106546.199307333,0.446138188163247,3.28500487892967
106556.199307667,0.445985410125039,3.28500487892967
106566.199307,0.445832632348538,3.28500487892967
106576.199308667,0.445679854525629,3.28500487892967
106586.199307,0.445527076698215,3.28500487892967
106596.199310333,0.445374298756692,3.28500487892967
106606.199307,0.445221520977567,3.28481400124932
106616.199309,0.445068743072386,3.28500487892967
106626.199312333,0.444915965229424,3.28481400124932
106636.199306667,0.444763187452642,3.28500487892967
106646.199307,0.444610409618662,3.28481400124932
106656.199307,0.444457631798295,3.28481400124932
106666.199307,0.444304853999905,3.28481400124932
106676.199311,0.444152076168988,3.28481400124932
106686.199308667,0.443999298417379,3.28481400124932
106696.199307,0.443846520646731,3.28481400124932
106706.199307,0.443693742886173,3.28481400124932
106716.199312667,0.443540964995924,3.28481400124932
106726.199307,0.443388187272585,3.28481400124932
106736.199307,0.443235409490639,3.28481400124932
106746.199307,0.443082631711255,3.28481400124932
106756.199307,0.44292985390162,3.28481400124932
106766.19931,0.44277707605261,3.28481400124932
106776.199310333,0.442624298243881,3.28481400124932
106786.199307,0.442471520493383,3.28481400124932
106796.199307333,0.442318742668632,3.28481400124932
106806.199307333,0.442165964903618,3.28462312356896
106816.199307,0.442013187104539,3.28481400124932
106826.199312667,0.441860409162895,3.28462312356896
106836.199312,0.441707631387397,3.28462312356896
106846.199307,0.441554853683938,3.28462312356896
106856.199307,0.441402075870989,3.28462312356896
106866.199307,0.441249298044051,3.28462312356896
106876.199309,0.441096520217428,3.28462312356896
106886.199307,0.440943742381768,3.28462312356896
106896.199306667,0.440790964514707,3.28462312356896
106906.199313333,0.440638186634308,3.28462312356896
106916.199313667,0.440485408797495,3.28462312356896
106926.199307,0.440332631083327,3.28462312356896
106936.199307333,0.440179853278169,3.28462312356896
106946.199307333,0.440027075486562,3.28462312356896
106956.199307,0.439874297715656,3.28462312356896
106966.199310667,0.43972151987758,3.28462312356896
106976.199307,0.439568742100273,3.28462312356896
106986.199309333,0.439415964117082,3.28462312356896
106996.199307,0.439263186360477,3.28443224588861
107006.199307333,0.439110408545256,3.28443224588861
107016.199311333,0.438957630636478,3.28462312356896
107026.199313333,0.438804852782061,3.28462312356896
107036.199310333,0.438652074996087,3.28443224588861
107046.199309667,0.438499297183127,3.28443224588861
107056.199308333,0.438346519323846,3.28443224588861
107066.199307,0.438193741486939,3.28443224588861
107076.199311667,0.438040963552094,3.28443224588861
107086.199307667,0.437888185808581,3.28443224588861
107096.199312333,0.437735407955855,3.28443224588861
107106.199309667,0.437582630179396,3.28443224588861
107116.199307,0.437429852391323,3.28443224588861
107126.199310333,0.437277074513671,3.28443224588861
107136.199307334,0.437124296758011,3.28443224588861
107146.199307,0.436971518975918,3.28443224588861
107156.199311,0.436818741112378,3.28443224588861
107166.19931,0.436665963336088,3.28443224588861
107176.199309333,0.436513185579051,3.28424136820825
107186.199310333,0.436360407743674,3.28424136820825
107196.199307,0.436207629960808,3.28443224588861
107206.199307,0.43605485209218,3.28424136820825
107216.199307333,0.43590207425262,3.28443224588861
107226.199307,0.435749296409748,3.28424136820825
107236.199307,0.435596518595412,3.28424136820825
107246.199307,0.435443740766163,3.28424136820825
107256.199312667,0.435290962866507,3.28424136820825
107266.199307333,0.435138185115702,3.28424136820825
107276.199307,0.434985407273791,3.28424136820825
107286.199311333,0.434832629436504,3.28424136820825
107296.199307,0.434679851651647,3.28424136820825
107306.199307,0.434527073806741,3.28424136820825
107316.199307,0.434374295991222,3.28424136820825
107326.199306667,0.434221518148619,3.28424136820825
107336.199307,0.434068740301769,3.28424136820825
107346.199308,0.433915962445957,3.28424136820825
107356.199307,0.433763184569453,3.28424136820825
107366.199309,0.433610406716238,3.28424136820825
107376.199307,0.433457628867255,3.28424136820825
107386.199308,0.433304850953829,3.28424136820825
107396.199307,0.433152073153482,3.28424136820825
107406.199313667,0.432999295147919,3.28424136820825
107416.199307333,0.43284651733665,3.28424136820825
107426.199307333,0.432693739380877,3.28424136820825
107436.199312,0.432540961436017,3.28405049052789
107446.199307333,0.432388183644366,3.28405049052789
107456.199311,0.432235405747823,3.28405049052789
107466.199307,0.432082628003547,3.28405049052789
107476.199311333,0.431929850126137,3.28405049052789
107486.199306667,0.431777072292022,3.28405049052789
107496.199308,0.431624294422593,3.28405049052789
107506.199307,0.431471516504886,3.28405049052789
107516.199312,0.431318738516891,3.28405049052789
107526.199307,0.431165960725738,3.28405049052789
107536.199307,0.431013182796223,3.28385961284754
107546.199310333,0.430860404924311,3.28385961284754
107556.199307,0.430707627056359,3.28405049052789
107566.199307333,0.430554849174097,3.28385961284754
107576.199307,0.430402071288901,3.28385961284754
107586.199307334,0.430249293457776,3.28385961284754
107596.199307333,0.430096515612549,3.28385961284754
107606.199307,0.429943737827313,3.28385961284754
107616.199307,0.429790960027919,3.28385961284754
107626.199313,0.429638182154587,3.28385961284754
107636.199307,0.429485404433721,3.28385961284754
107646.199309,0.429332626593713,3.28385961284754
107656.199307,0.429179848836677,3.28385961284754
107666.199307,0.429027071048397,3.28385961284754
107676.199313,0.428874293082279,3.28385961284754
107686.199307,0.428721515288101,3.28366873516718
107696.199313333,0.428568737414014,3.28366873516718
107706.199307333,0.428415959721977,3.28366873516718
107716.199308333,0.428263181868382,3.28366873516718
107726.199307,0.428110404111,3.28366873516718
107736.199306667,0.427957626319603,3.28366873516718
107746.199308667,0.427804848502671,3.28366873516718
107756.199312333,0.427652070668024,3.28366873516718
107766.199307,0.427499292956126,3.28366873516718
107776.199307333,0.427346515163157,3.28366873516718
107786.199307,0.427193737367994,3.28366873516718
107796.199307,0.427040959573295,3.28366873516718
107806.199309667,0.426888181755671,3.28347785748683
107816.199311333,0.426735403918636,3.28347785748683
107826.199307,0.426582626154568,3.28347785748683
107836.199307,0.426429848370024,3.28347785748683
107846.199308667,0.426277070570348,3.28347785748683
107856.199307667,0.42612429278555,3.28347785748683
107866.199307,0.42597151500712,3.28347785748683
107876.199307,0.425818737196571,3.28347785748683
107886.199313,0.425665959303818,3.28347785748683
107896.199312667,0.425513181506109,3.28347785748683
107906.199307333,0.425360403817832,3.28347785748683
107916.199307333,0.425207626047439,3.28347785748683
107926.199307667,0.425054848234628,3.28347785748683
107936.199307333,0.424902070469106,3.28347785748683
107946.199308333,0.424749292653023,3.28347785748683
107956.199307,0.424596514865538,3.28347785748683
107966.199307,0.42444373709907,3.28347785748683
107976.199307333,0.424290959251383,3.28347785748683
107986.199311,0.42413818137979,3.28328697980647
107996.19931,0.423985403593474,3.28328697980647
108006.199307,0.423832625837923,3.28347785748683
108016.199307667,0.423679848072967,3.28347785748683
108026.199307,0.423527070311738,3.28347785748683
108036.199307,0.423374292522539,3.28328697980647
108046.199307,0.423221514748378,3.28328697980647
108056.199307,0.423068736939422,3.28328697980647
108066.199307,0.422915959128999,3.28328697980647
108076.199310333,0.422763181250734,3.28328697980647
108086.199307667,0.422610403478349,3.28328697980647
108096.199307,0.422457625739577,3.28328697980647
108106.199310333,0.422304847910105,3.28328697980647
108116.199307,0.422152070168973,3.28328697980647
108126.199307667,0.421999292382757,3.28309610212611
108136.199307333,0.421846514572043,3.28309610212611
108146.199307,0.421693736786382,3.28309610212611
108156.199306667,0.42154095901982,3.28309610212611
108166.199307333,0.421388181218563,3.28309610212611
108176.199306667,0.421235403447753,3.28309610212611
108186.199308667,0.421082625643966,3.28309610212611
108196.199310667,0.420929847841376,3.28309610212611
108206.199307333,0.420777070080019,3.28309610212611
108216.199306667,0.42062429229932,3.28309610212611
108226.199307333,0.420471514464112,3.28309610212611
108236.199307,0.420318736666367,3.28309610212611
108246.199311333,0.420165958799158,3.28309610212611
108256.199307333,0.420013181080896,3.28309610212611
108266.199314,0.419860403204381,3.28290522444576
108276.199307,0.419707625491721,3.28290522444576
108286.199308333,0.419554847704447,3.28290522444576
108296.199307,0.419402069856535,3.28290522444576
108306.199308667,0.419249292003322,3.28290522444576
108316.199308667,0.419096514139015,3.28290522444576
108326.199307,0.418943736310792,3.28290522444576
108336.199307,0.418790958496341,3.28290522444576
108346.199307667,0.418638180685903,3.28290522444576
108356.199307,0.418485402796843,3.28290522444576
108366.199310667,0.418332624954322,3.28290522444576
108376.199307,0.418179847215275,3.2827143467654
108386.19931,0.418027069338782,3.28290522444576
108396.199313333,0.417874291499164,3.28290522444576
108406.199307333,0.417721513813037,3.2827143467654
108416.199307,0.417568736027433,3.2827143467654
108426.199307,0.417415958221882,3.2827143467654
108436.199307,0.417263180418038,3.2827143467654
108446.199307333,0.417110402601316,3.2827143467654
108456.199307,0.416957624842254,3.2827143467654
108466.199309,0.416804847007012,3.2827143467654
108476.199307,0.416652069261797,3.2827143467654
108486.199307334,0.416499291450735,3.2827143467654
108496.199307,0.416346513658556,3.2827143467654
108506.199307,0.416193735848892,3.2827143467654
108516.199307,0.416040958064907,3.28252346908504
108526.199307667,0.415888180223685,3.28252346908504
108536.199307333,0.415735402407652,3.28252346908504
108546.199307,0.415582624558809,3.28252346908504
108556.199307,0.415429846711954,3.28252346908504
108566.199307333,0.415277068881464,3.28252346908504
108576.199308,0.415124291069696,3.28233259140469
108586.199311667,0.414971513181562,3.28252346908504
108596.199307,0.414818735410964,3.28233259140469
108606.199311,0.414665957520055,3.28233259140469
108616.199307,0.414513179779059,3.28233259140469
108626.199307,0.414360401999798,3.28233259140469
108636.199313333,0.414207624095632,3.28233259140469
108646.199307,0.414054846377896,3.28233259140469
108656.199307667,0.41390206854804,3.28233259140469
108666.199309,0.413749290739442,3.28233259140469
108676.199307,0.413596512967984,3.28233259140469
108686.199313,0.413443735076042,3.28233259140469
108696.199310667,0.413290957343072,3.28233259140469
108706.199309,0.41313817956399,3.28233259140469
108716.199307,0.41298540183377,3.28233259140469
108726.199307,0.412832624032017,3.28214171372433
108736.199307,0.412679846235389,3.28214171372433
108746.199307667,0.412527068420579,3.28233259140469
108756.199307,0.41237429064971,3.28214171372433
108766.199307667,0.412221512865425,3.28214171372433
108776.199311333,0.412068735026453,3.28214171372433
108786.199309667,0.411915957264424,3.28214171372433
108796.199307,0.411763179502401,3.28214171372433
108806.199307,0.411610401715334,3.28214171372433
108816.199307667,0.411457623932169,3.28214171372433
108826.199307,0.411304846152786,3.28195083604398
108836.199307,0.411152068343455,3.28195083604398
108846.199309,0.410999290493558,3.28195083604398
108856.199307333,0.410846512751258,3.28195083604398
108866.199311,0.41069373496126,3.28195083604398
108876.199311667,0.410540957135214,3.28195083604398
108886.199307,0.410388179431734,3.28195083604398
108896.199307,0.410235401626736,3.28195083604398
108906.199312,0.410082623736094,3.28195083604398
108916.199308333,0.409929846032444,3.28195083604398
108926.199307667,0.409777068202688,3.28195083604398
108936.199312333,0.409624290308986,3.28195083604398
108946.199307,0.409471512563861,3.28175995836362
108956.199312,0.409318734660491,3.28175995836362
108966.199310667,0.409165956851373,3.28175995836362
108976.199307,0.409013179083325,3.28175995836362
108986.199307,0.408860401188112,3.28175995836362
108996.199307,0.408707623356658,3.28156908068326
109006.199307,0.408554845486233,3.28175995836362
109016.199307,0.408402067692187,3.28156908068326
109026.199307,0.408249289878615,3.28156908068326
109036.199312667,0.408096512017008,3.28156908068326
109046.199307,0.407943734310801,3.28156908068326
109056.199307,0.407790956494138,3.28156908068326
109066.199307,0.407638178727286,3.28156908068326
109076.199307,0.407485400899863,3.28156908068326
109086.199309333,0.40733262310531,3.28137820300291
109096.199308333,0.407179845345605,3.28137820300291
109106.199307,0.407027067589531,3.28137820300291
109116.199307,0.40687428980084,3.28137820300291
109126.199307,0.406721511991458,3.28137820300291
109136.199307333,0.406568734236619,3.28137820300291
109146.199308333,0.406415956416287,3.28137820300291
109156.199311667,0.406263178569584,3.28137820300291
109166.199311,0.406110400766003,3.28137820300291
109176.199307,0.405957623016933,3.28118732532255
109186.199308,0.405804845227749,3.28118732532255
109196.199307,0.405652067470686,3.28118732532255
109206.199307,0.40549928967539,3.28118732532255
109216.199313,0.405346511779978,3.28118732532255
109226.199310667,0.405193734029909,3.28118732532255
109236.199312667,0.40504095621781,3.28118732532255
109246.199307,0.40488817849399,3.28118732532255
109256.199311334,0.404735400637667,3.28099644764219
109266.199312667,0.404582622796913,3.28099644764219
109276.199307,0.404429845083583,3.28099644764219
109286.199308,0.404277067284567,3.28099644764219
109296.199306667,0.404124289492058,3.28099644764219
109306.199311,0.403971511625068,3.28080556996184
109316.199307,0.403818733832611,3.28080556996184
109326.199306667,0.40366595611056,3.28080556996184
109336.199306667,0.403513178322936,3.28080556996184
109346.199307,0.403360400533532,3.28080556996184
109356.199307,0.403207622755649,3.28080556996184
109366.199312,0.403054844882435,3.28061469228148
109376.199308,0.402902067111254,3.28061469228148
109386.199307,0.402749289297388,3.28061469228148
109396.199306667,0.402596511486862,3.28061469228148
109406.199313667,0.402443733575729,3.28042381460113
109416.199308,0.402290955826054,3.28061469228148
109426.199306667,0.402138178011835,3.28042381460113
109436.199307,0.40198540019959,3.28042381460113
109446.199307333,0.401832622407681,3.28042381460113
109456.199313667,0.401679844526997,3.28042381460113
109466.199311667,0.401527066745047,3.28042381460113
109476.199307,0.401374289030536,3.28042381460113
109486.199307,0.401221511251858,3.28042381460113
109496.199447333,0.40106873130856,3.28042381460113
109506.199308667,0.400915955665792,3.28023293692077
109516.199307,0.400763177891643,3.28023293692077
109526.199307,0.400610400094168,3.28023293692077
109536.199307333,0.400457622275371,3.28023293692077
109546.199309667,0.40030484445189,3.28004205924041
109556.199309667,0.400152066654838,3.28004205924041
109566.199307,0.399999288875836,3.28004205924041
109576.199307,0.399846511108198,3.28004205924041
109586.199307333,0.399693733338394,3.28004205924041
109596.199307667,0.399540955557463,3.28004205924041
109606.199307,0.399388177786532,3.27985118156006
109616.199307,0.399235400019999,3.27985118156006
109626.199307,0.399082622238746,3.27985118156006
109636.199306667,0.398929844432235,3.27985118156006
109646.199307,0.398777066641963,3.27985118156006
109656.199307,0.398624288857963,3.2796603038797
109666.199311667,0.398471510987615,3.2796603038797
109676.199308,0.398318733242776,3.2796603038797
109686.199307,0.398165955468811,3.2796603038797
109696.199306667,0.398013177678214,3.2796603038797
109706.199312667,0.397860399749192,3.2796603038797
109716.199307,0.397707622011608,3.2796603038797
109726.199307,0.39755484424453,3.2796603038797
109736.199307,0.39740206640795,3.2796603038797
109746.199308667,0.397249288595621,3.27946942619935
109756.199310667,0.397096510807644,3.27946942619935
109766.199313333,0.39694373296293,3.27927854851899
109776.199307,0.396790955252802,3.27927854851899
109786.199310333,0.396638177407948,3.27927854851899
109796.199307,0.396485399628882,3.27927854851899
109806.199307333,0.396332621834781,3.27927854851899
109816.199307,0.396179844060805,3.27927854851899
109826.199310333,0.396027066178391,3.27927854851899
109836.199307,0.395874288417684,3.27927854851899
109846.199307667,0.395721510601959,3.27908767083863
109856.199307,0.395568732819276,3.27908767083863
109866.199307,0.395415955045347,3.27908767083863
109876.199311,0.395263177176505,3.27908767083863
109886.199307,0.395110399434183,3.27889679315828
109896.199313,0.39495762154192,3.27908767083863
109906.199312667,0.394804843768391,3.27889679315828
109916.199307,0.394652066082191,3.27889679315828
109926.199307333,0.394499288262419,3.27889679315828
109936.199307,0.394346510476332,3.27889679315828
109946.199308,0.394193732644333,3.27889679315828
109956.199307,0.394040954836254,3.27870591547792
109966.199307667,0.3938881769174,3.27870591547792
109976.199307667,0.393735399028622,3.27870591547792
109986.199308,0.39358262114926,3.27870591547792
109996.199310333,0.39342984321655,3.27851503779756
110006.199307667,0.393277065376706,3.27851503779756
110016.199307667,0.393124287498482,3.27851503779756
110026.199308667,0.39297150960388,3.27851503779756
110036.199307,0.392818731799825,3.27832416011721
110046.199306667,0.392665953996471,3.27832416011721
110056.199307,0.392513176215541,3.27832416011721
110066.199308667,0.392360398385109,3.27832416011721
110076.199307,0.392207620590915,3.27813328243685
110086.199307333,0.392054842826565,3.27813328243685
110096.199306667,0.391902064981581,3.27813328243685
110106.199307,0.391749287189778,3.27813328243685
110116.199307,0.391596509352775,3.27813328243685
110126.199307,0.391443731525562,3.2779424047565
110136.199307,0.391290953722788,3.2779424047565
110146.199309667,0.391138175883732,3.2779424047565
110156.199310333,0.390985398052877,3.27775152707614
110166.199307,0.390832620319508,3.27775152707614
110176.199307,0.390679842507799,3.27775152707614
110186.199307,0.390527064724787,3.27775152707614
110196.199307667,0.390374286894603,3.27756064939578
110206.199307,0.390221509121006,3.27756064939578
110216.199306667,0.390068731331362,3.27756064939578
110226.199306667,0.389915953535002,3.27736977171543
110236.199307667,0.389763175776791,3.27736977171543
110246.199307,0.389610398011373,3.27736977171543
110256.199312667,0.389457620144266,3.27736977171543
110266.199307333,0.389304842461612,3.27736977171543
110276.199307333,0.389152064650465,3.27717889403507
110286.199307,0.388999286872861,3.27717889403507
110296.199310667,0.38884650901372,3.27717889403507
110306.199307333,0.388693731246647,3.27698801635472
110316.199312333,0.388540953399083,3.27698801635472
110326.199311333,0.388388175574405,3.27698801635472
110336.199307,0.38823539785415,3.27679713867436
110346.199313,0.388082619964844,3.27679713867436
110356.199307,0.387929842270441,3.27679713867436
110366.199307333,0.387777064473709,3.27679713867436
110376.199307,0.387624286688764,3.276606260994
110386.199307,0.387471508910431,3.276606260994
110396.199308667,0.387318731109352,3.276606260994
110406.19931,0.387165953262348,3.276606260994
110416.199308333,0.387013175470366,3.27641538331365
110426.199308,0.386860397656184,3.27641538331365
110436.199307,0.386707619880558,3.27641538331365
110446.199311333,0.386554841994362,3.27622450563329
110456.199307,0.386402064257953,3.27622450563329
110466.199312,0.386249286403991,3.27622450563329
110476.199307,0.386096508679404,3.27622450563329
110486.199307,0.385943730896242,3.27622450563329
110496.199307,0.385790953065813,3.27622450563329
110506.199307,0.385638175240766,3.27603362795293
110516.199307,0.385485397360744,3.27603362795293
110526.199307,0.385332619473859,3.27584275027258
110536.199308333,0.385179841633743,3.27584275027258
110546.199313667,0.38502706366874,3.27584275027258
110556.199307,0.384874285934042,3.27584275027258
110566.199312333,0.384721508014768,3.27565187259222
110576.199307667,0.384568730318485,3.27565187259222
110586.199307333,0.38441595251694,3.27565187259222
110596.199307667,0.384263174749893,3.27546099491187
110606.199307,0.384110396953436,3.27546099491187
110616.199307,0.383957619153675,3.27546099491187
110626.199309667,0.383804841323663,3.27527011723151
110636.199307,0.383652063552251,3.27527011723151
110646.199307,0.383499285722937,3.27507923955115
110656.199311,0.383346507840557,3.27507923955115
110666.199307,0.383193730137426,3.27507923955115
110676.199307,0.3830409523002,3.27507923955115
110686.199306667,0.38288817450164,3.27507923955115
110696.199306667,0.382735396696112,3.2748883618708
110706.199307,0.382582618948642,3.2748883618708
110716.199307,0.38242984115633,3.27469748419044
110726.199315333,0.382277063236216,3.27469748419044
110736.199307,0.382124285546157,3.27469748419044
110746.199309333,0.381971507681728,3.27450660651008
110756.199307,0.381818729920567,3.27450660651008
110766.199309667,0.381665952061211,3.27431572882973
110776.199307,0.381513174349702,3.27431572882973
110786.199307,0.3813603965423,3.27431572882973
110796.199307,0.38120761872053,3.27431572882973
110806.199309667,0.3810548408906,3.27412485114937
110816.199307667,0.380902063135369,3.27412485114937
110826.19931,0.380749285305403,3.27412485114937
110836.199307,0.380596507547039,3.27393397346902
110846.199306667,0.380443729768887,3.27393397346902
110856.199307,0.380290951993075,3.27393397346902
110866.199307,0.380138174184567,3.27374309578866
110876.199306667,0.379985396362917,3.27374309578866
110886.199312,0.379832618493855,3.2735522181083
110896.199307,0.379679840743078,3.2735522181083
110906.199307,0.379527062885201,3.2735522181083
110916.199308667,0.379374285060204,3.2735522181083
110926.199307,0.379221507289103,3.2735522181083
110936.199310667,0.379068729426774,3.27336134042795
110946.199307333,0.378915951660794,3.27317046274759
110956.199307333,0.378763173862328,3.27317046274759
110966.199307,0.378610396049502,3.27317046274759
110976.199307,0.378457618252267,3.27317046274759
110986.199307,0.378304840469269,3.27317046274759
110996.199312,0.37815206252255,3.27297958506724
111006.199307,0.377999284744736,3.27297958506724
111016.199306667,0.377846506970498,3.27278870738688
111026.199307,0.377693729174522,3.27278870738688
111036.199307,0.377540951380711,3.27278870738688
111046.199306667,0.37738817353986,3.27278870738688
111056.199313,0.377235395654145,3.27259782970652
111066.199307,0.37708261794954,3.27259782970652
111076.199309334,0.376929840107424,3.27240695202617
111086.199307333,0.376777062298772,3.27240695202617
111096.199312333,0.376624284400619,3.27240695202617
111106.199307,0.376471506641026,3.27240695202617
111116.199308,0.37631872883102,3.27221607434581
111126.199307,0.376165950971968,3.27221607434581
111136.199307,0.376013173118242,3.27221607434581
111146.199307,0.375860395308747,3.27202519666545
111156.199313667,0.375707617412385,3.27202519666545
111166.199307,0.375554839695638,3.27202519666545
111176.199307333,0.375402061897705,3.2718343189851
111186.199307,0.375249284094592,3.2718343189851
111196.199307,0.375096506285494,3.2718343189851
111206.199307667,0.374943728482982,3.27164344130474
111216.199307667,0.374790950700922,3.27164344130474
111226.199308,0.374638172883438,3.27145256362439
111236.199306667,0.374485395096235,3.27145256362439
111246.199307,0.374332617333988,3.27126168594403
111256.199307,0.374179839551646,3.27126168594403
111266.199313,0.374027061674939,3.27126168594403
111276.199306667,0.373874284002347,3.27107080826367
111286.199312,0.373721506130835,3.27107080826367
111296.199307,0.373568728422568,3.27107080826367
111306.199307333,0.373415950640839,3.27087993058332
111316.199312,0.373263172768388,3.27087993058332
111326.199309667,0.373110394879746,3.27087993058332
111336.199311,0.372957617120929,3.27087993058332
111346.199313333,0.372804839307577,3.27068905290296
111356.199307,0.372652061606839,3.27068905290296
111366.199307,0.37249928381321,3.27049817522261
111376.199307,0.372346506032522,3.27049817522261
111386.199307667,0.372193728244955,3.27049817522261
111396.199307,0.372040950468282,3.27030729754225
111406.199312333,0.371888172598229,3.27030729754225
111416.199306667,0.371735394857774,3.27011641986189
111426.199311,0.371582616992005,3.27011641986189
111436.199307,0.371429839241382,3.27011641986189
111446.199312,0.371277061375144,3.27011641986189
111456.19931,0.371124283612514,3.27011641986189
111466.199307,0.370971505856234,3.26992554218154
111476.199307,0.370818728061307,3.26992554218154
111486.199313,0.370665950155028,3.26992554218154
111496.199307,0.370513172463474,3.26973466450118
111506.199307333,0.370360394662835,3.26973466450118
111516.199307,0.370207616862988,3.26973466450118
111526.199307,0.370054839037403,3.26973466450118
111536.199307,0.369902061193958,3.26954378682082
111546.199307,0.369749283334784,3.26954378682082
111556.199307333,0.369596505523128,3.26935290914047
111566.199307,0.36944372771555,3.26935290914047
111576.199307,0.369290949936239,3.26935290914047
111586.199307,0.369138172093681,3.26935290914047
111596.199307,0.368985394314953,3.26916203146011
111606.199307,0.36883261655749,3.26916203146011
111616.199307,0.368679838776775,3.26897115377976
111626.199307,0.368527060982458,3.26897115377976
111636.199311667,0.368374283117747,3.26897115377976
111646.199307333,0.368221505365484,3.26897115377976
111656.199312,0.368068727523569,3.2687802760994
111666.199307,0.367915949770237,3.2687802760994
111676.199307,0.367763171949001,3.26858939841904
111686.199307,0.367610394032327,3.26858939841904
111696.199309333,0.367457616010376,3.26858939841904
111706.199307,0.36730483821916,3.26839852073869
111716.199308,0.367152060254661,3.26839852073869
111726.199307,0.366999282399783,3.26839852073869
111736.199310667,0.366846504582178,3.26820764305833
111746.199313,0.366693726700663,3.26820764305833
111756.199306667,0.36654094891582,3.26820764305833
111766.199308,0.366388171103919,3.26820764305833
111776.199311,0.366235393257939,3.26801676537798
111786.199308667,0.3660826155242,3.26801676537798
111796.199306667,0.365929837738499,3.26801676537798
111806.199307667,0.365777059903039,3.26782588769762
111816.199313333,0.365624282064413,3.26782588769762
111826.199307,0.365471504368655,3.26782588769762
111836.199307,0.365318726563037,3.26763501001726
111846.199307333,0.365165948768908,3.26763501001726
111856.199309,0.365013170972216,3.26763501001726
111866.199307,0.364860393199906,3.26744413233691
111876.199307,0.364707615368148,3.26744413233691
111886.199307333,0.36455483754752,3.26744413233691
111896.199308,0.36440205973761,3.26744413233691
111906.199307,0.364249281942548,3.26725325465655
111916.199307333,0.364096504063768,3.26725325465655
111926.199307,0.36394372623159,3.26725325465655
111936.199307667,0.363790948414122,3.26706237697619
111946.199307,0.363638170600126,3.26706237697619
111956.199307,0.363485392764859,3.26706237697619
111966.199311667,0.363332614901686,3.26706237697619
111976.199310333,0.363179836860573,3.26706237697619
111986.199312,0.363027059012871,3.26687149929584
111996.199307,0.362874281216327,3.26687149929584
112006.199311667,0.362721503295712,3.26687149929584
112016.199307,0.362568725453337,3.26668062161548
112026.199307,0.362415947568542,3.26668062161548
112036.199307,0.362263169751325,3.26668062161548
112046.199307667,0.362110391896595,3.26668062161548
112056.199312,0.361957614012747,3.26648974393513
112066.199311,0.361804836206626,3.26648974393513
112076.199306667,0.36165205846898,3.26648974393513
112086.199306667,0.361499280652366,3.26629886625477
112096.199310333,0.361346502763167,3.26629886625477
112106.199307333,0.361193725002097,3.26629886625477
112116.199307,0.36104094722637,3.26629886625477
112126.199309,0.36088816933198,3.26610798857441
112136.199307,0.360735391540981,3.26610798857441
112146.199307,0.360582613742119,3.26591711089406
112156.199307,0.360429835946924,3.26591711089406
112166.199308,0.360277058095411,3.26591711089406
112176.199307,0.360124280282066,3.26591711089406
112186.199306667,0.359971502429459,3.2657262332137
112196.199307667,0.359818724615794,3.2657262332137
112206.199312667,0.359665946739211,3.2657262332137
112216.199307,0.359513169032539,3.2657262332137
112226.199307333,0.359360391223496,3.26553535553335
112236.199307667,0.359207613430135,3.26553535553335
112246.199307,0.359054835634915,3.26534447785299
112256.199311,0.358902057731776,3.26534447785299
112266.199310667,0.358749279974181,3.26534447785299
112276.199307,0.35859650222519,3.26515360017263
112286.199308,0.358443724415638,3.26515360017263
112296.199312667,0.358290946589774,3.26515360017263
112306.199312667,0.358138168788518,3.26515360017263
112316.199307,0.35798539106113,3.26515360017263
112326.199307,0.357832613262167,3.26496272249228
112336.199307,0.357679835476577,3.26496272249228
112346.199307333,0.357527057704318,3.26496272249228
112356.199308333,0.357374279886224,3.26477184481192
112366.199307,0.357221502116086,3.26477184481192
112376.199307,0.357068724354157,3.26477184481192
112386.199307,0.356915946557024,3.26477184481192
112396.199307,0.356763168757765,3.26458096713156
112406.199313333,0.356610390886575,3.26458096713156
112416.199307,0.356457613175583,3.26458096713156
112426.199311333,0.356304835332599,3.26439008945121
112436.199307333,0.356152057602524,3.26439008945121
112446.199307,0.355999279827398,3.26439008945121
112456.199309333,0.355846501997654,3.26439008945121
112466.199307,0.355693724239759,3.26439008945121
112476.199307,0.355540946464042,3.26419921177085
112486.199310667,0.355388168587269,3.26419921177085
112496.199307,0.355235390855313,3.26419921177085
112506.199307333,0.355082613047134,3.2640083340905
112516.199307,0.354929835243664,3.2640083340905
112526.199307667,0.354777057438568,3.2640083340905
112536.199307,0.354624279666185,3.2640083340905
112546.199308333,0.354471501795068,3.2640083340905
112556.199311333,0.354318723982027,3.26381745641014
112566.199307667,0.354165946220405,3.26381745641014
112576.199307,0.354013168420723,3.26381745641014
112586.199307,0.353860390639435,3.26362657872978
112596.199307,0.353707612857793,3.26362657872978
112606.199310333,0.353554834955437,3.26362657872978
112616.199311667,0.353402057147189,3.26362657872978
112626.199307,0.353249279368774,3.26362657872978
112636.199307333,0.353096501606015,3.26343570104943
112646.199311333,0.352943723555567,3.26343570104943
112656.199307333,0.352790945913248,3.26343570104943
112666.199307,0.352638168075359,3.26324482336907
112676.199311,0.352485390203796,3.26324482336907
112686.199307333,0.352332612433456,3.26324482336907
112696.199307,0.352179834618194,3.26305394568872
112706.199307333,0.352027056793528,3.26305394568872
112716.199307,0.351874279001861,3.26305394568872
112726.199307667,0.35172150118205,3.26286306800836
112736.199313333,0.351568723335459,3.26305394568872
112746.19931,0.351415945583318,3.26286306800836
112756.199307,0.351263167805855,3.26286306800836
112766.199307,0.351110389980873,3.26286306800836
112776.199307667,0.35095761217758,3.262672190328
112786.199307,0.350804834369112,3.262672190328
112796.199307,0.350652056538553,3.262672190328
112806.199307,0.350499278666102,3.26248131264765
112816.199307667,0.350346500813812,3.26248131264765
112826.199307,0.35019372299075,3.26248131264765
112836.199307,0.35004094517852,3.26229043496729
112846.199307,0.349888167404445,3.26229043496729
112856.199307,0.349735389603456,3.26229043496729
112866.199312667,0.349582611623165,3.26209955728693
112876.199307,0.349429833909692,3.26209955728693
112886.199307333,0.349277056101461,3.26209955728693
112896.199307,0.349124278335705,3.26209955728693
112906.199385667,0.348971499311624,3.26209955728693
112916.199311667,0.348818722632374,3.26190867960658
112926.199307,0.348665944845661,3.26190867960658
112936.199307,0.348513167080373,3.26190867960658
112946.199311,0.348360389187171,3.26171780192622
112956.199307,0.348207611477967,3.26171780192622
112966.199307667,0.348054833671571,3.26171780192622
112976.19931,0.347902055800306,3.26171780192622
112986.199307,0.347749278076316,3.26152692424587
112996.199307,0.347596500294102,3.26152692424587
113006.199307,0.347443722527416,3.26152692424587
113016.199307,0.347290944729611,3.26152692424587
113026.199311333,0.347138166882458,3.26133604656551
113036.199308333,0.346985389073932,3.26133604656551
113046.199307667,0.346832611279068,3.26133604656551
113056.199312333,0.346679833434091,3.26114516888515
113066.199307,0.346527055745389,3.26114516888515
113076.199307333,0.346374277953885,3.26114516888515
113086.199307,0.346221500152127,3.2609542912048
113096.199307,0.346068722335596,3.2609542912048
113106.199312333,0.345915944436452,3.2609542912048
113116.199308333,0.345763166704333,3.2609542912048
113126.199307,0.345610388933323,3.2609542912048
113136.199308667,0.345457611115483,3.2609542912048
113146.199312333,0.345304833262766,3.2609542912048
113156.199307,0.345152055559153,3.26076341352444
113166.199307,0.344999277739251,3.26076341352444
113176.199307,0.344846499945752,3.26076341352444
113186.199307,0.344693722184356,3.26057253584408
113196.199307,0.344540944336031,3.26057253584408
113206.199307667,0.344388166547076,3.26057253584408
113216.199308667,0.344235388733637,3.26057253584408
113226.199307,0.34408261100246,3.26038165816373
113236.199309333,0.343929833171769,3.26038165816373
113246.199309,0.343777055380028,3.26038165816373
113256.199307,0.343624277572051,3.26038165816373
113266.199307,0.343471499804571,3.26019078048337
113276.199307333,0.343318721984505,3.26019078048337
113286.199307,0.343165944181625,3.26019078048337
113296.199311667,0.343013166306683,3.26019078048337
113306.199307667,0.342860388563514,3.25999990280302
113316.199312333,0.342707610689752,3.25999990280302
113326.199312333,0.342554832910816,3.25980902512266
113336.199307333,0.342402055110979,3.25980902512266
113346.199307,0.342249277305068,3.25980902512266
113356.199311667,0.342096499421771,3.25980902512266
113366.199307,0.34194372169385,3.25980902512266
113376.199307333,0.341790943908487,3.25980902512266
113386.199311667,0.341638166033916,3.2596181474423
113396.199307,0.34148538825556,3.2596181474423
113406.199307,0.341332610446276,3.25942726976195
113416.199311333,0.341179832561958,3.25942726976195
113426.199306667,0.341027054822299,3.25942726976195
113436.199308,0.340874277005776,3.25942726976195
113446.199307333,0.340721499251552,3.25923639208159
113456.199312333,0.340568721354854,3.25923639208159
113466.199307,0.340415943612561,3.25923639208159
113476.199311333,0.340263165741218,3.25923639208159
113486.199307333,0.340110387994866,3.25904551440124
113496.199312,0.339957610165319,3.25904551440124
113506.199307,0.339804832413748,3.25904551440124
113516.199311333,0.339652054499195,3.25904551440124
113526.199307,0.339499276708044,3.25885463672088
113536.19931,0.339346498879925,3.25885463672088
113546.199308667,0.339193721109244,3.25885463672088
113556.199307333,0.339040943351427,3.25866375904052
113566.199307333,0.338888165561013,3.25866375904052
113576.199308667,0.338735387750721,3.25866375904052
113586.199313,0.338582609899164,3.25866375904052
113596.199307,0.338429832182462,3.25847288136017
113606.199307667,0.338277054397897,3.25847288136017
113616.199307,0.338124276567352,3.25847288136017
113626.199309667,0.33797149876077,3.25828200367981
113636.199311,0.33781872093711,3.25847288136017
113646.199310333,0.337665943151844,3.25828200367981
113656.199307,0.337513165408749,3.25828200367981
113666.199307667,0.337360387567145,3.25828200367981
113676.199307667,0.337207609687396,3.25828200367981
113686.199307333,0.337054831880588,3.25809112599945
113696.199307,0.336902054062079,3.25809112599945
113706.199309667,0.336749276199459,3.25809112599945
113716.199307,0.33659649842743,3.2579002483191
113726.199311667,0.336443720578648,3.2579002483191
113736.199308,0.336290942866304,3.2579002483191
113746.199309,0.336138165044927,3.2579002483191
113756.199307,0.335985387234931,3.2579002483191
113766.199307,0.335832609423872,3.2579002483191
113776.199306667,0.335679831642609,3.25770937063874
113786.199307,0.335527053837036,3.25770937063874
113796.199349667,0.335374275390866,3.25770937063874
113806.199307,0.335221498258722,3.25751849295839
113816.199307,0.335068720448152,3.25751849295839
113826.199307,0.334915942642627,3.25751849295839
113836.199313667,0.334763164732374,3.25751849295839
113846.199309667,0.334610386977593,3.25751849295839
113856.199307,0.334457609187801,3.25732761527803
113866.199307,0.334304831459901,3.25732761527803
113876.199307,0.334152053667857,3.25732761527803
113886.199307,0.333999275875801,3.25713673759767
113896.199307,0.333846498091511,3.25713673759767
113906.199307,0.333693720323182,3.25713673759767
113916.199308,0.333540942503797,3.25713673759767
113926.199311333,0.333388164649656,3.25694585991732
113936.199307,0.333235386907379,3.25694585991732
113946.199307,0.333082609109787,3.25694585991732
113956.199307667,0.332929831287498,3.25675498223696
113966.199307,0.332777053533719,3.25675498223696
113976.19931,0.332624275679051,3.25675498223696
113986.199307,0.332471497973473,3.25675498223696
113996.199307,0.332318720142427,3.25656410455661
114006.199307,0.332165942332488,3.25656410455661
114016.199307333,0.332013164531232,3.25656410455661
114026.199307,0.331860386766787,3.25656410455661
114036.199307,0.331707608940874,3.25637322687625
114046.199307,0.331554831168718,3.25637322687625
114056.199307,0.331402053381827,3.25637322687625
114066.199307667,0.331249275582493,3.25637322687625
114076.199307,0.331096497814324,3.25618234919589
114086.199306667,0.33094372003424,3.25618234919589
114096.199307667,0.33079094222914,3.25618234919589
114106.199307333,0.33063816445137,3.25599147151554
114116.199309667,0.330485386612183,3.25599147151554
114126.199307,0.330332608871976,3.25599147151554
114136.199307,0.330179831113796,3.25599147151554
114146.199307,0.330027053343279,3.25599147151554
114156.199309667,0.329874275495497,3.25580059383518
114166.199311333,0.329721497709903,3.25580059383518
114176.199307,0.329568719994123,3.25580059383518
114186.199307333,0.329415942201578,3.25560971615482
114196.199307,0.329263164413294,3.25560971615482
114206.199307,0.32911038663354,3.25560971615482
114216.199307,0.328957608846016,3.25560971615482
114226.199307667,0.328804831062117,3.25560971615482
114236.199307,0.328652053265401,3.25541883847447
114246.199307,0.328499275516018,3.25541883847447
114256.199308667,0.328346497675031,3.25541883847447
114266.199310333,0.328193719874311,3.25522796079411
114276.199307,0.328040942150718,3.25522796079411
114286.199312,0.32788816429155,3.25522796079411
114296.199307667,0.327735386564394,3.25522796079411
114306.199307,0.327582608762353,3.25522796079411
114316.199307,0.327429830959133,3.25522796079411
114326.199313333,0.327277053052888,3.25503708311376
114336.199307667,0.327124275362146,3.25503708311376
114346.199309333,0.326971497467744,3.25503708311376
114356.199307333,0.326818719708156,3.2548462054334
114366.199307,0.326665941892663,3.2548462054334
114376.19937,0.326513163132698,3.2548462054334
114386.199307333,0.326360386270191,3.2548462054334
114396.199307,0.326207608457122,3.2548462054334
114406.199307,0.326054830637778,3.2548462054334
114416.199307,0.325902052821588,3.25465532775304
114426.199307333,0.325749275011491,3.25465532775304
114436.199307,0.325596497226531,3.25465532775304
114446.199307,0.325443719396673,3.25446445007269
114456.199307,0.325290941500274,3.25446445007269
114466.199309667,0.325138163631591,3.25446445007269
114476.199312667,0.324985385731324,3.25446445007269
114486.199307667,0.324832607903003,3.25446445007269
114496.199307,0.324679830095694,3.25427357239233
114506.199307,0.324527052272213,3.25427357239233
114516.199307,0.324374274477745,3.25427357239233
114526.199309,0.324221496631823,3.25408269471197
114536.199309667,0.324068718790461,3.25427357239233
114546.199310333,0.323915940950477,3.25408269471197
114556.199311667,0.32376316312435,3.25408269471197
114566.199307,0.323610385392084,3.25408269471197
114576.199308333,0.323457607554749,3.25408269471197
114586.199309667,0.323304829738908,3.25389181703162
114596.199306667,0.323152051968176,3.25389181703162
114606.199307,0.322999274112786,3.25389181703162
114616.199307333,0.322846496319251,3.25370093935126
114626.199307,0.322693718505805,3.25370093935126
114636.199307,0.322540940680054,3.25370093935126
114646.199307,0.322388162852233,3.25370093935126
114656.199307,0.322235385011993,3.25370093935126
114666.199311333,0.322082607162919,3.25370093935126
114676.199308667,0.321929829384263,3.25351006167091
114686.199308333,0.321777051524073,3.25351006167091
114696.199307,0.321624273720032,3.25351006167091
114706.199307,0.321471495873088,3.25351006167091
114716.199307333,0.321318718001086,3.25351006167091
114726.199307,0.321165940177318,3.25331918399055
114736.199307,0.32101316235918,3.25331918399055
114746.199307,0.320860384555887,3.25331918399055
114756.199307,0.320707606773463,3.25312830631019
114766.199310667,0.320554828895745,3.25312830631019
114776.199307,0.320402051129658,3.25312830631019
114786.199307,0.320249273364058,3.25293742862984
114796.199307,0.320096495557313,3.25293742862984
114806.199308,0.31994371774329,3.25293742862984
114816.199309667,0.319790939935718,3.25293742862984
114826.199308,0.319638162179834,3.25293742862984
114836.19931,0.319485384342241,3.25293742862984
114846.199307,0.319332606631271,3.25274655094948
114856.199307,0.319179828863541,3.25274655094948
114866.199307667,0.319027051085983,3.25274655094948
114876.199307,0.318874273302824,3.25274655094948
114886.199307333,0.318721495474347,3.25274655094948
114896.199307,0.318568717743808,3.25255567326913
114906.199312,0.318415939886804,3.25255567326913
114916.199309333,0.318263162113637,3.25255567326913
114926.199307,0.31811038432565,3.25255567326913
114936.199307,0.317957606495648,3.25236479558877
114946.199313333,0.317804828545481,3.25236479558877
114956.19931,0.317652050814664,3.25236479558877
114966.199307334,0.317499273061654,3.25236479558877
114976.199307,0.317346495228515,3.25217391790841
114986.199307,0.317193717361222,3.25217391790841
114996.199307667,0.317040939513174,3.25217391790841
115006.199309333,0.316888161694828,3.25217391790841
115016.199307333,0.316735383963665,3.25217391790841
115026.199306667,0.316582606145197,3.25217391790841
115036.199307,0.316429828326086,3.25198304022806
115046.199307333,0.316277050527773,3.25198304022806
115056.199306667,0.316124272667516,3.25198304022806
115066.199307,0.315971494782262,3.25198304022806
115076.199307,0.315818716937089,3.2517921625477
115086.199306667,0.315665939060875,3.2517921625477
115096.199307,0.315513161219109,3.2517921625477
115106.199308667,0.31536038336964,3.2517921625477
115116.199306667,0.315207605562028,3.2517921625477
115126.199307,0.315054827666183,3.2517921625477
115136.199307,0.314902049778793,3.2517921625477
115146.199309,0.314749271872835,3.2517921625477
115156.199307,0.314596494055622,3.25160128486734
115166.199311,0.314443716184217,3.25160128486734
115176.199307667,0.314290938416978,3.25160128486734
115186.199309,0.314138160608735,3.25141040718699
115196.199307,0.313985382846186,3.25141040718699
115206.199307,0.313832605034967,3.25141040718699
115216.199307,0.313679827254384,3.25141040718699
115226.199307,0.313527049475145,3.25141040718699
115236.199307,0.313374271697244,3.25141040718699
115246.199307,0.313221493924561,3.25141040718699
115256.199307,0.313068716137003,3.25121952950663
115266.199307,0.312915938369395,3.25121952950663
115276.199307333,0.312763160568447,3.25121952950663
115286.199307,0.312610382743237,3.25121952950663
115296.199308,0.312457604923064,3.25102865182628
115306.199307,0.312304827124552,3.25102865182628
115316.199309333,0.312152049308241,3.25102865182628
115326.199307,0.311999271561009,3.25102865182628
115336.199312,0.311846493646379,3.25102865182628
115346.199309333,0.311693715896548,3.25083777414592
115356.199307,0.311540938127164,3.25083777414592
115366.199306667,0.311388160373256,3.25083777414592
115376.199307,0.311235382584093,3.25083777414592
115386.199311667,0.311082604711931,3.25083777414592
115396.199307,0.310929826987407,3.25064689646556
115406.199307667,0.310777049209522,3.25064689646556
115416.199309667,0.310624271365823,3.25064689646556
115426.199311,0.310471493564782,3.25064689646556
115436.199307,0.310318715780735,3.25064689646556
115446.199307,0.310165938042727,3.25064689646556
115456.199313,0.31001316013861,3.25064689646556
115466.199312667,0.309860382333546,3.25064689646556
115476.199307,0.309707604656806,3.25045601878521
115486.199307,0.309554826849228,3.25045601878521
115496.199307,0.309402049062825,3.25045601878521
115506.199307,0.309249271253417,3.25026514110485
115516.199307,0.309096493455167,3.25026514110485
115526.199307333,0.308943715615673,3.25026514110485
115536.199310333,0.308790937821227,3.25026514110485
115546.199307,0.308638160101425,3.2500742634245
115556.199311333,0.30848538225308,3.2500742634245
115566.199307,0.30833260453204,3.2500742634245
115576.199307,0.30817982674545,3.2500742634245
115586.199307,0.308027048948842,3.24988338574414
115596.199310333,0.307874271148447,3.24988338574414
115606.199307667,0.307721493394952,3.24988338574414
115616.199307,0.307568715612881,3.24988338574414
115626.199307,0.307415937765022,3.24988338574414
115636.199312667,0.30726315987259,3.24988338574414
115646.199307,0.307110382152372,3.24988338574414
115656.199307667,0.306957604371341,3.24969250806378
115666.199308667,0.306804826589282,3.24969250806378
115676.199307,0.306652048808065,3.24969250806378
115686.199307,0.306499271012284,3.24969250806378
115696.199307667,0.306346493251362,3.24950163038343
115706.199312333,0.306193715399304,3.24950163038343
115716.199307,0.306040937691646,3.24950163038343
115726.199307,0.305888159889326,3.24950163038343
115736.199313667,0.305735382003777,3.24950163038343
115746.199307,0.305582604325234,3.24950163038343
115756.199307333,0.305429826533608,3.24950163038343
115766.199307333,0.305277048733518,3.24931075270307
115776.199312667,0.305124270848558,3.24931075270307
115786.199307667,0.304971493140604,3.24931075270307
115796.199307,0.304818715342485,3.24931075270307
115806.199307667,0.304665937556521,3.24911987502271
115816.199307,0.304513159733007,3.24911987502271
115826.199307,0.304360381896154,3.24911987502271
115836.199307,0.304207604086396,3.24911987502271
115846.199306667,0.304054826275526,3.24911987502271
115856.199307,0.303902048490054,3.24911987502271
115866.199312333,0.303749270634541,3.24911987502271
115876.199307,0.303596492912609,3.24911987502271
115886.199312333,0.303443715034428,3.24892899734236
115896.199307,0.303290937310028,3.24892899734236
115906.199307,0.303138159504119,3.24892899734236
115916.199312667,0.302985381609968,3.24892899734236
115926.199307,0.302832603907281,3.24892899734236
115936.199307,0.302679826116907,3.248738119662
115946.199307,0.302527048284818,3.248738119662
115956.199307667,0.3023742704514,3.248738119662
115966.199310667,0.302221492601863,3.248738119662
115976.199311667,0.30206871477451,3.248738119662
115986.199311667,0.301915936958983,3.248738119662
115996.199312333,0.301763159093029,3.248738119662
116006.199307,0.301610381327879,3.248738119662
116016.199307667,0.30145760344316,3.248738119662
116026.199307,0.301304825665048,3.24854724198165
116036.199307,0.301152047775013,3.24854724198165
116046.199307,0.30099926996594,3.24854724198165
116056.199312,0.300846492024087,3.24854724198165
116066.199307,0.300693714155993,3.24835636430129
116076.199311,0.300540936283312,3.24835636430129
116086.199307333,0.300388158344729,3.24835636430129
116096.199307667,0.30023538053946,3.24835636430129
116106.199310667,0.300082602586333,3.24835636430129
116116.199307,0.299929824765832,3.24835636430129
116126.199307333,0.299777046858529,3.24835636430129
116136.199307,0.299624268959256,3.24816548662093
116146.199313333,0.299471491033972,3.24816548662093
116156.199309667,0.299318713172749,3.24816548662093
116166.199307,0.299165935510198,3.24816548662093
116176.199310667,0.299013157647972,3.24816548662093
116186.199307,0.29886037990079,3.24816548662093
116196.19931,0.298707602062311,3.24797460894058
116206.199309667,0.298554824276847,3.24797460894058
116216.199307,0.298402046503713,3.24797460894058
116226.199312667,0.298249268621289,3.24797460894058
116236.199307,0.298096490912489,3.24797460894058
116246.199307,0.297943713095174,3.24797460894058
116256.199307,0.297790935303647,3.24797460894058
116266.199307,0.297638157460842,3.24778373126022
116276.199307,0.29748537963368,3.24778373126022
116286.199307,0.297332601807115,3.24778373126022
116296.199308667,0.297179823986434,3.24759285357987
116306.199307,0.297027046214765,3.24778373126022
116316.199307,0.296874268403667,3.24759285357987
116326.199306667,0.296721490625835,3.24759285357987
116336.199308667,0.296568712802365,3.24759285357987
116346.199307,0.296415935037473,3.24759285357987
116356.199306667,0.296263157227706,3.24759285357987
116366.199311,0.296110379355689,3.24759285357987
116376.199307,0.295957601586854,3.24740197589951
116386.199307,0.295804823837144,3.24740197589951
116396.199307,0.295652046008623,3.24740197589951
116406.199307334,0.295499268220031,3.24740197589951
116416.199309,0.295346490375839,3.24740197589951
116426.199307667,0.295193712593796,3.24721109821915
116436.199307,0.295040934787134,3.24721109821915
116446.199307,0.294888157003097,3.24721109821915
116456.199313333,0.294735379093289,3.24721109821915
116466.199310667,0.294582601321442,3.24721109821915
116476.199306667,0.29442982357225,3.2470202205388
116486.199308667,0.294277045752342,3.2470202205388
116496.199307,0.294124268000716,3.2470202205388
116506.199307,0.293971490155537,3.2470202205388
116516.199309333,0.293818712302664,3.2470202205388
116526.199307333,0.293665934506313,3.24682934285844
116536.19931,0.293513156696466,3.24682934285844
116546.199307333,0.29336037892511,3.24682934285844
116556.199307,0.293207601155038,3.24682934285844
116566.199307333,0.293054823363937,3.24682934285844
116576.199308667,0.292902045568488,3.24682934285844
116586.199314333,0.292749267673175,3.24682934285844
116596.199306667,0.292596490026965,3.24682934285844
116606.199310333,0.292443712166333,3.24663846517808
116616.199307,0.292290934425876,3.24663846517808
116626.199307,0.292138156636259,3.24663846517808
116636.199307,0.29198537885109,3.24663846517808
116646.199307667,0.291832601039618,3.24644758749773
116656.199306667,0.291679823230081,3.24644758749773
116666.199307,0.29152704542507,3.24644758749773
116676.199307667,0.291374267572844,3.24644758749773
116686.199313333,0.291221489673046,3.24644758749773
116696.199307,0.2910687119797,3.24644758749773
116706.199309333,0.290915934164675,3.24644758749773
116716.199307,0.290763156403911,3.24625670981737
116726.199307,0.290610378600331,3.24625670981737
116736.199307,0.290457600768044,3.24625670981737
116746.199309,0.29030482292986,3.24625670981737
116756.199307,0.290152045183943,3.24625670981737
116766.199307,0.289999267279691,3.24606583213702
116776.199307,0.289846489528494,3.24606583213702
116786.199307,0.289693711669756,3.24606583213702
116796.199312,0.289540933791208,3.24606583213702
116806.199307,0.28938815601432,3.24606583213702
116816.199307,0.289235378193639,3.24606583213702
116826.199307,0.289082600383493,3.24606583213702
116836.199307667,0.288929822510822,3.24587495445666
116846.199309333,0.288777044582811,3.24587495445666
116856.199309667,0.288624266767198,3.24587495445666
116866.199306667,0.288471489022222,3.24587495445666
116876.199307,0.288318711223253,3.24587495445666
116886.199311333,0.288165933397755,3.2456840767763
116896.199307333,0.288013155656293,3.2456840767763
116906.199307333,0.287860377902648,3.2456840767763
116916.199306667,0.287707600117175,3.2456840767763
116926.199307,0.28755482232083,3.2456840767763
116936.199307667,0.287402044526128,3.2456840767763
116946.199307,0.28724926672462,3.2456840767763
116956.199307,0.287096488949057,3.2456840767763
116966.199311667,0.286943711089817,3.2456840767763
116976.199312333,0.286790933301394,3.2456840767763
116986.199307,0.286638155579668,3.24549319909595
116996.199307,0.28648537779745,3.24549319909595
117006.199307,0.286332599982896,3.24549319909595
117016.199307,0.286179822162411,3.24549319909595
117026.19931,0.286027044297255,3.24530232141559
117036.199308,0.285874266573059,3.24530232141559
117046.199306667,0.28572148880105,3.24530232141559
117056.199311,0.285568710987253,3.24530232141559
117066.199307,0.285415933278417,3.24530232141559
117076.199307,0.285263155464905,3.24530232141559
117086.199307,0.285110377685336,3.24530232141559
117096.199307,0.284957599930568,3.24511144373523
117106.199310667,0.284804822060414,3.24530232141559
117116.199307667,0.284652044330081,3.24511144373523
117126.199307,0.284499266559005,3.24511144373523
117136.199310667,0.284346488730302,3.24511144373523
117146.199307,0.284193711011598,3.24492056605488
117156.199308,0.284040933180298,3.24492056605488
117166.199307,0.283888155377542,3.24492056605488
117176.199311334,0.283735377531866,3.24492056605488
117186.199309333,0.283582599723916,3.24492056605488
117196.199307,0.283429821945073,3.24492056605488
117206.199563333,0.283277040167159,3.24472968837452
117216.199307,0.283124266227415,3.24472968837452
117226.199313,0.282971488319589,3.24472968837452
117236.199307,0.282818710610309,3.24472968837452
117246.199307,0.282665932822683,3.24472968837452
117256.199311,0.282513154964269,3.24472968837452
117266.199308667,0.282360377222078,3.24453881069417
117276.199308333,0.282207599400116,3.24453881069417
117286.199307,0.282054821589319,3.24453881069417
117296.199307,0.281902043788391,3.24453881069417
117306.199307,0.281749265987419,3.24453881069417
117316.199307,0.281596488177116,3.24453881069417
117326.199307,0.281443710347787,3.24453881069417
117336.199307,0.281290932550679,3.24434793301381
117346.199308333,0.28113815471967,3.24434793301381
117356.199313333,0.280985376829025,3.24434793301381
117366.199307,0.280832599140303,3.24434793301381
117376.199308,0.280679821336942,3.24415705533345
117386.199307,0.280527043578642,3.24415705533345
117396.199307,0.280374265779394,3.24415705533345
117406.199313667,0.280221487905941,3.24415705533345
117416.19931,0.280068710170125,3.2439661776531
117426.199307,0.279915932445126,3.2439661776531
117436.199307,0.279763154637942,3.2439661776531
117446.199307333,0.279610376834437,3.2439661776531
117456.199307333,0.279457599038456,3.2439661776531
117466.199307,0.279304821269847,3.2439661776531
117476.199307,0.279152043475054,3.24377529997274
117486.199307,0.278999265688424,3.24377529997274
117496.199313333,0.278846487763453,3.24377529997274
117506.199309,0.278693710044854,3.24377529997274
117516.199306667,0.278540932297883,3.24377529997274
117526.199314667,0.278388154435817,3.24377529997274
117536.199307,0.278235376743392,3.24358442229239
117546.199306667,0.278082598942077,3.24358442229239
117556.199307,0.277929821162151,3.24358442229239
117566.199313,0.277777043278843,3.24358442229239
117576.199307,0.277624265616587,3.24339354461203
117586.199307,0.277471487827775,3.24339354461203
117596.199307,0.277318710044176,3.24339354461203
117606.199306667,0.277165932261104,3.24339354461203
117616.199309333,0.277013154422102,3.24339354461203
117626.199310667,0.276860376618672,3.24339354461203
117636.199311,0.276707598816116,3.24339354461203
117646.199308,0.276554821077451,3.24339354461203
117656.199392333,0.276402042000302,3.24320266693167
117666.199307,0.276249265506372,3.24320266693167
117676.199307,0.276096487728429,3.24320266693167
117686.199310333,0.275943709900734,3.24320266693167
117696.199307,0.275790932135068,3.24301178925132
117706.199313333,0.275638154280551,3.24301178925132
117716.199307,0.275485376562904,3.24301178925132
117726.199308333,0.275332598737071,3.24301178925132
117736.199313,0.275179820871375,3.24301178925132
117746.199307667,0.2750270431515,3.24301178925132
117756.199307,0.274874265294069,3.24282091157096
117766.199311333,0.274721487444052,3.24282091157096
117776.199307,0.274568709721604,3.24282091157096
117786.199307667,0.274415931949367,3.24282091157096
117796.199307,0.274263154178276,3.2426300338906
117806.199307333,0.274110376349924,3.2426300338906
117816.199313,0.273957598469075,3.2426300338906
117826.199307333,0.273804820742006,3.2426300338906
117836.199310333,0.273652042867691,3.2426300338906
117846.199307,0.273499265129976,3.2426300338906
117856.199311,0.273346487292203,3.2426300338906
117866.199307,0.273193709515673,3.2426300338906
117876.199308,0.273040931709468,3.2426300338906
117886.199501667,0.272888150953288,3.24243915621025
117896.199307333,0.272735376097649,3.24243915621025
117906.199307,0.272582598260025,3.24243915621025
117916.199307,0.272429820458684,3.24243915621025
117926.199310333,0.272277042616045,3.24224827852989
117936.199309667,0.272124264845523,3.24224827852989
117946.199307,0.271971487088332,3.24224827852989
117956.199307,0.27181870933434,3.24224827852989
117966.199307,0.27166593152212,3.24224827852989
117976.199308333,0.271513153738167,3.24224827852989
117986.199307,0.271360375982927,3.24205740084954
117996.199307,0.271207598190533,3.24205740084954
118006.199307,0.271054820392408,3.24205740084954
118016.199307333,0.270902042578475,3.24205740084954
118026.199307,0.270749264782303,3.24205740084954
118036.199307,0.270596486982051,3.24186652316918
118046.199307667,0.270443709147664,3.24186652316918
118056.199307,0.270290931295501,3.24186652316918
118066.199309333,0.270138153404707,3.24186652316918
118076.199311667,0.269985375491372,3.24186652316918
118086.199307,0.269832597741453,3.24167564548882
118096.199307,0.269679819938994,3.24167564548882
118106.199307,0.269527042151399,3.24167564548882
118116.199307,0.269374264256894,3.24167564548882
118126.199307,0.269221486389426,3.24167564548882
118136.199307,0.269068708574757,3.24167564548882
118146.199306667,0.268915930763899,3.24148476780847
118156.199307,0.268763152938095,3.24148476780847
118166.199307,0.268610375128543,3.24148476780847
118176.199307,0.268457597279419,3.24148476780847
118186.199312667,0.268304819364262,3.24148476780847
118196.199308333,0.268152041598667,3.24148476780847
118206.199312,0.267999263693793,3.24129389012811
118216.199307,0.267846485936231,3.24129389012811
118226.199307,0.267693708123412,3.24110301244776
118236.199307,0.267540930323359,3.24110301244776
118246.199307,0.267388152523437,3.24110301244776
118256.199310667,0.267235374649089,3.24110301244776
118266.199307,0.267082596898519,3.24110301244776
118276.199307,0.266929819017535,3.2409121347674
118286.199307,0.266777041174466,3.2409121347674
118296.199309667,0.266624263314728,3.2409121347674
118306.199306667,0.266471485565618,3.2409121347674
118316.199307,0.266318707768344,3.2409121347674
118326.199307,0.266165929964843,3.24072125708704
118336.199307,0.266013152195781,3.24072125708704
118346.199312,0.265860374360563,3.24072125708704
118356.199307,0.265707596642905,3.24072125708704
118366.199307667,0.265554818889952,3.24072125708704
118376.199313667,0.265402041007841,3.24072125708704
118386.199315,0.265249263203739,3.24072125708704
118396.199310667,0.265096485494864,3.24053037940669
118406.199307,0.264943707773964,3.24053037940669
118416.199307,0.264790929992687,3.24033950172633
118426.199307,0.264638152195556,3.24033950172633
118436.199307,0.264485374421264,3.24033950172633
118446.199308667,0.264332596599489,3.24033950172633
118456.199307,0.264179818852193,3.24033950172633
118466.199307667,0.264027041037505,3.24033950172633
118476.199307,0.263874263256448,3.24014862404597
118486.199307333,0.263721485454082,3.24014862404597
118496.199308333,0.26356870766342,3.24014862404597
118506.199309667,0.263415929834962,3.24014862404597
118516.199307,0.263263152055754,3.23995774636562
118526.199307,0.26311037433027,3.23995774636562
118536.199307,0.262957596528275,3.23995774636562
118546.199311333,0.26280481869561,3.23995774636562
118556.199307333,0.262652040944035,3.23995774636562
118566.199307,0.262499263141497,3.23995774636562
118576.199307,0.262346485329626,3.23976686868526
118586.199307667,0.262193707535619,3.23976686868526
118596.199307333,0.26204092974596,3.23976686868526
118606.199307,0.261888151983053,3.23976686868526
118616.199308667,0.261735374191545,3.23957599100491
118626.199307,0.2615825964092,3.23957599100491
118636.199307,0.261429818643525,3.23957599100491
118646.199310333,0.261277040791161,3.23957599100491
118656.199307,0.261124263041838,3.23957599100491
118666.199307,0.260971485227588,3.23957599100491
118676.199311333,0.260818707353178,3.23938511332455
118686.199312333,0.260665929549547,3.23938511332455
118696.199307,0.260513151858273,3.23938511332455
118706.199308333,0.26036037405927,3.23938511332455
118716.199307,0.260207596313591,3.23938511332455
118726.199309667,0.260054818510687,3.23938511332455
118736.199307,0.259902040767905,3.23919423564419
118746.199307,0.259749262977025,3.23919423564419
118756.199307667,0.259596485177717,3.23919423564419
118766.199308667,0.259443707378404,3.23919423564419
118776.199307,0.259290929635213,3.23919423564419
118786.199306667,0.259138151826503,3.23900335796384
118796.199307,0.258985374023344,3.23900335796384
118806.199306667,0.258832596227994,3.23900335796384
118816.199308667,0.258679818390017,3.23881248028348
118826.199307,0.258527040615599,3.23881248028348
118836.199312333,0.258374262738532,3.23881248028348
118846.199307,0.258221485021867,3.23881248028348
118856.199308333,0.258068707201462,3.23881248028348
118866.199306667,0.257915929433752,3.23862160260313
118876.199309333,0.257763151616352,3.23862160260313
118886.199307,0.257610373852048,3.23862160260313
118896.199307,0.257457596075916,3.23862160260313
118906.199307,0.257304818302186,3.23843072492277
118916.199307,0.257152040493393,3.23843072492277
118926.199307334,0.256999262685544,3.23843072492277
118936.199313667,0.256846484792525,3.23843072492277
118946.199307667,0.25669370708653,3.23843072492277
118956.199311667,0.256540929182933,3.23843072492277
118966.199307,0.256388151406301,3.23823984724241
118976.199307667,0.256235373545886,3.23823984724241
118986.199307333,0.256082595736131,3.23823984724241
118996.199313333,0.255929817845488,3.23804896956206
119006.199307,0.25577704011868,3.23804896956206
119016.199307,0.255624262297839,3.23804896956206
119026.199307,0.255471484483311,3.2378580918817
119036.199307,0.255318706628766,3.2378580918817
119046.19931,0.255165928745138,3.23766721420134
119056.199307,0.255013150930184,3.23766721420134
119066.199307333,0.254860373114373,3.23766721420134
119076.199307667,0.25470759529787,3.23766721420134
119086.199313,0.254554817386145,3.23766721420134
119096.199307,0.2544020396526,3.23766721420134
119106.199307,0.254249261833641,3.23766721420134
119116.199307,0.254096484054076,3.23747633652099
119126.199307,0.25394370619314,3.23747633652099
119136.199307,0.253790928451164,3.23728545884063
119146.199307,0.253638150681054,3.23728545884063
119156.199312,0.253485372727145,3.23728545884063
119166.199307,0.2533325949416,3.23728545884063
119176.199311667,0.253179817040862,3.23728545884063
119186.199309,0.253027039127499,3.23728545884063
119196.199310333,0.252874261344916,3.23709458116028
119206.199306667,0.252721483570144,3.23709458116028
119216.199307333,0.252568705680328,3.23709458116028
119226.199307,0.252415927906828,3.23690370347992
119236.199308,0.252263150055912,3.23709458116028
119246.199313333,0.252110372197605,3.23690370347992
119256.199311,0.251957594430643,3.23690370347992
119266.199307,0.251804816714926,3.23690370347992
119276.199307,0.251652038874898,3.23690370347992
119286.199307,0.2514992610071,3.23671282579956
119296.199310667,0.251346482982562,3.23671282579956
119306.199307,0.251193705284629,3.23671282579956
119316.199309333,0.25104092745628,3.23652194811921
119326.199312,0.250888149556499,3.23652194811921
119336.199307333,0.250735371810628,3.23652194811921
119346.199307,0.250582593887109,3.23652194811921
119356.199307,0.250429816104737,3.23652194811921
119366.199311333,0.250277038147602,3.23652194811921
119376.199307,0.250124260384494,3.23652194811921
119386.199307,0.249971482586273,3.23633107043885
119396.199307,0.249818704814043,3.23633107043885
119406.199312667,0.249665926909215,3.23633107043885
119416.199307333,0.249513149077172,3.23633107043885
119426.199307667,0.249360371014129,3.2361401927585
119436.199307,0.249207593293169,3.2361401927585
119446.199307,0.249054815512995,3.2361401927585
119456.199307667,0.248902037679417,3.2361401927585
119466.199307,0.248749259887282,3.23594931507814
119476.199307667,0.248596482019601,3.23594931507814
119486.199313,0.24844370413923,3.23594931507814
119496.199306667,0.248290926399647,3.23575843739778
119506.199307,0.248138148581678,3.23575843739778
119516.199309,0.247985370768431,3.23575843739778
119526.199310333,0.247832592964994,3.23575843739778
119536.199306667,0.247679815208133,3.23575843739778
119546.199311,0.247527037322021,3.23575843739778
119556.199319667,0.247374259392099,3.23556755971743
119566.199307,0.247221481790971,3.23556755971743
119576.199307,0.247068703974229,3.23556755971743
119586.199307333,0.246915926154365,3.23537668203707
119596.199311,0.246763148287039,3.23537668203707
119606.199307,0.24661037048238,3.23537668203707
119616.199307,0.24645759272256,3.23537668203707
119626.199311,0.246304814872777,3.23537668203707
119636.199306667,0.246152037150749,3.23537668203707
119646.199307,0.245999259311626,3.23518580435671
119656.199312,0.245846481407836,3.23518580435671
119666.199307,0.245693703658672,3.23518580435671
119676.199308667,0.245540925775802,3.23499492667636
119686.199307,0.245388147990692,3.23499492667636
119696.199307,0.245235370167081,3.234804048996
119706.199307,0.245082592369657,3.234804048996
119716.199306667,0.244929814552235,3.234804048996
119726.199311333,0.244777036653329,3.234804048996
119736.199307,0.244624258895894,3.234804048996
119746.199308,0.244471481116,3.234804048996
119756.199307,0.244318703350439,3.23461317131565
119766.199307,0.244165925568849,3.23461317131565
119776.199307,0.244013147792365,3.23461317131565
119786.199307667,0.243860370005089,3.23461317131565
119796.199307,0.24370759212717,3.23442229363529
119806.199313333,0.243554814226389,3.23442229363529
119816.199306667,0.243402036548402,3.23423141595493
119826.199306667,0.243249258735201,3.23423141595493
119836.199312667,0.2430964807852,3.23423141595493
119846.199307,0.242943703018258,3.23423141595493
119856.199307,0.242790925245401,3.23423141595493
119866.199307,0.242638147449485,3.23404053827458
119876.199313,0.242485369566881,3.23404053827458
119886.199307,0.242332591830883,3.23404053827458
119896.199313,0.24217981396547,3.23404053827458
119906.199307,0.24202703621754,3.23384966059422
119916.199313,0.24187425826985,3.23384966059422
119926.199307,0.241721480594623,3.23384966059422
119936.199310333,0.24156870275744,3.23384966059422
119946.199307333,0.241415924994091,3.23384966059422
119956.199307,0.24126314722454,3.23365878291386
119966.199307,0.241110369431819,3.23365878291386
119976.199307,0.240957591626669,3.23346790523351
119986.199306667,0.240804813836613,3.23346790523351
119996.199313,0.240652035924477,3.23346790523351
120006.199307,0.240499258231636,3.23346790523351
120016.199307,0.240346480460873,3.23346790523351
120026.199307333,0.240193702656096,3.23346790523351
120036.199307,0.240040924879956,3.23346790523351
120046.199309667,0.239888147068129,3.23327702755315
120056.199313,0.239735369218876,3.23327702755315
120066.199312,0.239582591434256,3.2330861498728
120076.199307,0.239429813734631,3.23327702755315
120086.199307667,0.239277035948744,3.2330861498728
120096.199307,0.239124258180781,3.2330861498728
120106.19931,0.238971480354339,3.2330861498728
120116.199307,0.238818702632954,3.2330861498728
120126.199308667,0.238665924814952,3.23289527219244
120136.199309333,0.238513147005372,3.23289527219244
120146.199307,0.238360369290685,3.23289527219244
120156.199307,0.238207591492377,3.23289527219244
120166.199307,0.238054813693529,3.23270439451208
120176.199307,0.237902035894248,3.23270439451208
120186.199306667,0.237749258142408,3.23270439451208
120196.199308667,0.237596480309801,3.23251351683173
120206.199313,0.237443702472132,3.23251351683173
120216.199308,0.237290924717471,3.23251351683173
120226.199311667,0.237138146842362,3.23232263915137
120236.199312667,0.236985369081266,3.23232263915137
120246.199311667,0.236832591315018,3.23232263915137
120256.199312333,0.236679813515603,3.23232263915137
120266.199307,0.236527035816203,3.23232263915137
120276.199312667,0.236374257956722,3.23213176147102
120286.199309333,0.236221480178755,3.23213176147102
120296.199307333,0.236068702419975,3.23213176147102
120306.199307,0.235915924626568,3.23194088379066
120316.199309,0.235763146784413,3.23194088379066
120326.199307,0.235610369002725,3.23194088379066
120336.199311333,0.235457591162177,3.2317500061103
120346.199312667,0.235304813324425,3.2317500061103
120356.199306667,0.235152035635744,3.2317500061103
120366.199309667,0.234999257809741,3.23155912842995
120376.199314667,0.234846479939621,3.23155912842995
120386.199308,0.234693702272272,3.23155912842995
120396.199308333,0.234540924484356,3.23155912842995
120406.199307,0.234388146745685,3.23155912842995
120416.199308667,0.234235368944105,3.23136825074959
120426.199307333,0.234082591152289,3.23136825074959
120436.199307,0.233929813386353,3.23136825074959
120446.199312667,0.233777035486199,3.23136825074959
120456.199307,0.233624257807631,3.23117737306923
120466.199313333,0.233471479917276,3.23117737306923
120476.199313,0.233318702113546,3.23117737306923
120486.199313334,0.233165924293621,3.23117737306923
120496.199307,0.233013146588629,3.23098649538888
120506.199312667,0.232860368658753,3.23098649538888
120516.199308667,0.232707590946963,3.23079561770852
120526.199311,0.232554813110159,3.23079561770852
120536.199306667,0.232402035347354,3.23079561770852
120546.199307,0.232249257526038,3.23079561770852
120556.199307,0.232096479744512,3.23079561770852
120566.199307333,0.231943701925962,3.23060474002817
120576.199307,0.231790924152475,3.23060474002817
120586.199306667,0.231638146384337,3.23060474002817
120596.199308333,0.231485368534235,3.23060474002817
120606.199307,0.231332590744607,3.23041386234781
120616.199307,0.231179812959684,3.23041386234781
120626.199311667,0.231027035073044,3.23041386234781
120636.199307,0.230874257376776,3.23041386234781
120646.199309333,0.230721479540402,3.23041386234781
120656.199307667,0.230568701759889,3.23022298466745
120666.199307,0.230415923990695,3.23022298466745
120676.199312,0.230263146095586,3.2300321069871
120686.199307,0.230110368398848,3.2300321069871
120696.199307667,0.229957590582565,3.2300321069871
120706.199308,0.229804812794735,3.2300321069871
120716.199308,0.229652034930368,3.2300321069871
120726.199307,0.229499257137192,3.2300321069871
120736.199309333,0.229346479303517,3.22984122930674
120746.199307333,0.229193701512542,3.22984122930674
120756.199311,0.229040923651615,3.22984122930674
120766.199307,0.228888145875909,3.22965035162639
120776.199309,0.228735367994213,3.22965035162639
120786.199307333,0.228582590220838,3.22965035162639
120796.199311333,0.228429812332416,3.22965035162639
120806.199307,0.228277034586425,3.22945947394603
120816.199307,0.228124256775375,3.22945947394603
120826.199308333,0.227971478982349,3.22926859626567
120836.199307,0.227818701141762,3.22926859626567
120846.199307,0.227665923320861,3.22926859626567
120856.199307333,0.227513145498162,3.22926859626567
120866.199307,0.2273603677037,3.22926859626567
120876.199308667,0.227207589890434,3.22926859626567
120886.199307,0.227054812087863,3.22907771858532
120896.199307,0.226902034233357,3.22907771858532
120906.199309667,0.226749256398456,3.22888684090496
120916.199307667,0.226596478625574,3.22888684090496
120926.199307333,0.226443700856736,3.22888684090496
120936.199307,0.226290923064074,3.2286959632246
120946.199307,0.22613814526993,3.2286959632246
120956.199308,0.225985367449476,3.2286959632246
120966.199306667,0.225832589682582,3.22850508554425
120976.199306667,0.225679811886186,3.22850508554425
120986.199307,0.225527034090022,3.22850508554425
120996.199307,0.225374256307319,3.22850508554425
121006.199313,0.225221478444649,3.22850508554425
121016.199311,0.225068700691791,3.22831420786389
121026.199307,0.224915922997092,3.22831420786389
121036.199307333,0.224763145158272,3.22831420786389
121046.19931,0.224610367368868,3.22812333018354
121056.199307,0.224457589604278,3.22812333018354
121066.199307,0.22430481181903,3.22812333018354
121076.199311667,0.22415203392577,3.22812333018354
121086.199306667,0.223999256213685,3.22812333018354
121096.199306667,0.223846478473909,3.22793245250318
121106.199307,0.223693700624973,3.22793245250318
121116.199311333,0.223540922749593,3.22774157482282
121126.199311,0.223388144935304,3.22774157482282
121136.199307667,0.223235367181953,3.22774157482282
121146.199309667,0.223082589359408,3.22774157482282
121156.199311,0.222929811516338,3.22755069714247
121166.199307667,0.222777033796632,3.22755069714247
121176.199314333,0.222624255888621,3.22755069714247
121186.199307,0.222471478238635,3.22755069714247
121196.199313,0.222318700375344,3.22735981946211
121206.199307,0.222165922695276,3.22735981946211
121216.199307,0.222013144910883,3.22735981946211
121226.199307667,0.221860367114663,3.22735981946211
121236.199306667,0.221707589292435,3.22735981946211
121246.199309334,0.221554811490189,3.22716894178176
121256.199311667,0.221402033646822,3.22716894178176
121266.199312,0.221249255874236,3.2269780641014
121276.199312,0.221096478087915,3.2269780641014
121286.199307,0.22094370037917,3.2269780641014
121296.199313,0.220790922500348,3.2269780641014
121306.199311333,0.220638144737144,3.2269780641014
121316.199307,0.220485367020362,3.22678718642104
121326.199307,0.220332589243617,3.22678718642104
121336.199307,0.220179811467203,3.22678718642104
121346.199308333,0.22002703364661,3.22659630874069
121356.199307,0.219874255758929,3.22659630874069
121366.199307,0.219721478037939,3.22659630874069
121376.199307,0.219568700264177,3.22640543106033
121386.199307,0.219415922485472,3.22640543106033
121396.199311,0.219263144630421,3.22640543106033
121406.199307667,0.219110366888566,3.22640543106033
121416.199309,0.218957589086814,3.22621455337997
121426.199307667,0.218804811303414,3.22621455337997
121436.199307,0.218652033497292,3.22621455337997
121446.199307,0.21849925572954,3.22621455337997
121456.199307,0.218346477922126,3.22621455337997
121466.199313333,0.218193700041661,3.22602367569962
121476.199306667,0.218040922357465,3.22602367569962
121486.199307667,0.217888144539163,3.22602367569962
121496.199309667,0.217735366738393,3.22583279801926
121506.199308333,0.217582588956126,3.22583279801926
121516.199314667,0.217429811082697,3.22583279801926
121526.199307667,0.217277033393226,3.22564192033891
121536.199306667,0.217124255608487,3.22564192033891
121546.199307,0.216971477810587,3.22545104265855
121556.199311,0.216818699980413,3.22545104265855
121566.199310333,0.216665922186359,3.22545104265855
121576.199307,0.216513144464046,3.22545104265855
121586.199307667,0.216360366697382,3.22545104265855
121596.199307,0.216207588926762,3.22545104265855
121606.199306667,0.216054811108755,3.22526016497819
121616.199307,0.215902033334547,3.22526016497819
121626.199307334,0.215749255536443,3.22526016497819
121636.199311333,0.215596477674094,3.22506928729784
121646.19931,0.215443699910498,3.22506928729784
121656.199307,0.215290922158566,3.22506928729784
121666.199307,0.215138144374575,3.22506928729784
121676.199313,0.214985366510757,3.22487840961748
121686.199307333,0.214832588823381,3.22487840961748
121696.199307667,0.214679811033169,3.22487840961748
121706.199313333,0.214527033178937,3.22487840961748
121716.199308333,0.214374255468801,3.22468753193712
121726.199307667,0.214221477669312,3.22468753193712
121736.199311333,0.214068699850656,3.22468753193712
121746.199307,0.213915922137372,3.22449665425677
121756.199306667,0.213763144348887,3.22449665425677
121766.199307,0.213610366567194,3.22449665425677
121776.199307333,0.213457588748564,3.22430577657641
121786.199307667,0.213304810984988,3.22430577657641
121796.199307333,0.213152033184643,3.22430577657641
121806.199308333,0.212999255374607,3.22430577657641
121816.199306667,0.21284647761929,3.22430577657641
121826.199307333,0.212693699763381,3.22430577657641
121836.199312667,0.212540921899924,3.22430577657641
121846.199307,0.212388144180728,3.22411489889606
121856.199307,0.212235366397726,3.22411489889606
121866.199307,0.212082588563372,3.22411489889606
121876.199307,0.211929810798633,3.2239240212157
121886.199307667,0.211777032990247,3.2239240212157
121896.199307667,0.211624255230423,3.2239240212157
121906.199307,0.211471477448884,3.2239240212157
121916.199307667,0.211318699642645,3.22373314353534
121926.199307667,0.211165921837581,3.22373314353534
121936.199307,0.211013144067587,3.22373314353534
121946.199306667,0.21086036624245,3.22373314353534
121956.199312,0.210707588371194,3.22354226585499
121966.199313,0.210554810559114,3.22354226585499
121976.199307,0.210402032827816,3.22354226585499
121986.199307667,0.210249254998722,3.22354226585499
121996.199307,0.210096477195662,3.22335138817463
122006.199313,0.209943699306207,3.22335138817463
122016.199307,0.209790921594545,3.22335138817463
122026.199307333,0.209638143803449,3.22316051049428
122036.199310667,0.209485365958337,3.22316051049428
122046.19931,0.209332588114067,3.22316051049428
122056.199307,0.209179810346241,3.22316051049428
122066.199306667,0.209027032555249,3.22316051049428
122076.19931,0.208874254681134,3.22296963281392
122086.19931,0.208721476882505,3.22296963281392
122096.199307,0.208568699121207,3.22296963281392
122106.199311,0.208415921261172,3.22277875513356
122116.199306667,0.208263143526335,3.22277875513356
122126.199307,0.208110365722002,3.22277875513356
122136.199307667,0.207957587917881,3.22277875513356
122146.199307,0.207804810137808,3.22258787745321
122156.199307,0.207652032343755,3.22258787745321
122166.199307,0.207499254524566,3.22239699977285
122176.199309667,0.207346476691872,3.22239699977285
122186.199307,0.207193698947367,3.22239699977285
122196.199307,0.207040921173873,3.22239699977285
122206.199307,0.206888143417517,3.22239699977285
122216.199312667,0.206735365524395,3.22239699977285
122226.199307333,0.206582587812619,3.22220612209249
122236.199307,0.206429810022035,3.22220612209249
122246.199309667,0.206277032227418,3.22220612209249
122256.199307,0.206124254463139,3.22201524441214
122266.199313,0.205971476569952,3.22201524441214
122276.199307,0.205818698875314,3.22201524441214
122286.199307,0.205665921089143,3.22201524441214
122296.199307,0.205513143289635,3.22182436673178
122306.199309,0.205360365451495,3.22182436673178
122316.199307,0.205207587679364,3.22182436673178
122326.199306667,0.205054809913608,3.22163348905143
122336.199307667,0.204902032101131,3.22182436673178
122346.199307333,0.204749254341961,3.22163348905143
122356.199311333,0.204596476523676,3.22163348905143
122366.199308667,0.204443698718461,3.22163348905143
122376.199308667,0.204290920882514,3.22163348905143
122386.199308667,0.204138143096734,3.22144261137107
122396.199307,0.203985365288888,3.22144261137107
122406.199307,0.203832587441569,3.22144261137107
122416.199307,0.20367980964073,3.22144261137107
122426.199313,0.203527031765285,3.22125173369071
122436.199307,0.203374254065775,3.22125173369071
122446.199307333,0.203221476285351,3.22125173369071
122456.199312667,0.203068698411964,3.22125173369071
122466.199306667,0.202915920706154,3.22125173369071
122476.199307,0.202763142878545,3.22125173369071
122486.199307,0.202610365111418,3.22106085601036
122496.199307,0.202457587309183,3.22106085601036
122506.199307,0.202304809542919,3.22086997833
122516.199310667,0.202152031665402,3.22106085601036
122526.199307,0.201999253926602,3.22086997833
122536.199307,0.201846476124214,3.22086997833
122546.199308667,0.201693698327389,3.22086997833
122556.199307,0.201540920562954,3.22086997833
122566.199307,0.201388142798616,3.22067910064965
122576.199307,0.201235364993155,3.22067910064965
122586.199308,0.201082587195108,3.22067910064965
122596.199308333,0.200929809372014,3.22067910064965
122606.199307,0.200777031615476,3.22067910064965
122616.199308,0.200624253810816,3.22048822296929
122626.199307,0.200471476032761,3.22048822296929
122636.199307,0.200318698242762,3.22048822296929
122646.199307,0.200165920443291,3.22029734528893
122656.199307,0.200013142641574,3.22029734528893
122666.199309,0.199860364815509,3.22029734528893
122676.199312667,0.199707586984885,3.22029734528893
122686.199307,0.199554809291175,3.22010646760858
122696.199313333,0.199402031392232,3.22010646760858
122706.199309,0.199249253662547,3.22010646760858
122716.199307,0.199096475911739,3.22010646760858
122726.199307,0.198943698135444,3.22010646760858
122736.199307667,0.198790920332068,3.21991558992822
122746.199309333,0.198638142488157,3.21991558992822
122756.199315333,0.19848536457429,3.21991558992822
122766.199307,0.198332586884756,3.21972471224786
122776.199308667,0.198179809067838,3.21972471224786
122786.199307333,0.198027031302297,3.21972471224786
122796.199307,0.197874253520635,3.21972471224786
122806.199307667,0.197721475688141,3.21953383456751
122816.199313,0.19756869779614,3.21953383456751
122826.199312333,0.197415920002988,3.21953383456751
122836.199312334,0.197263142225142,3.21934295688715
122846.199307,0.197110364509406,3.21934295688715
122856.199307667,0.196957586703337,3.21934295688715
122866.199311667,0.19680480887539,3.21934295688715
122876.199312,0.196652031075146,3.21934295688715
122886.199311333,0.196499253302218,3.2191520792068
122896.199313,0.196346475517165,3.2191520792068
122906.199307,0.196193697830764,3.2191520792068
122916.199307,0.196040920043738,3.21896120152644
122926.199307,0.195888142271195,3.2191520792068
122936.199307,0.195735364491572,3.21896120152644
122946.199307667,0.19558258672296,3.21896120152644
122956.199308333,0.195429808933738,3.21896120152644
122966.199310333,0.195277031145257,3.21896120152644
122976.199307,0.195124253434153,3.21877032384608
122986.199310667,0.194971475572318,3.21877032384608
122996.199307,0.194818697828641,3.21877032384608
123006.199307333,0.194665920023937,3.21857944616573
123016.199307,0.1945131422261,3.21857944616573
123026.199312333,0.194360364334002,3.21857944616573
123036.199306667,0.194207586594989,3.21857944616573
123046.199313667,0.194054808669597,3.21857944616573
123056.199307667,0.193902030984284,3.21857944616573
123066.199307,0.193749253180072,3.21838856848537
123076.199307,0.193596475414056,3.21838856848537
123086.199307,0.193443697623218,3.21838856848537
123096.199307,0.193290919794796,3.21819769080502
123106.199307,0.193138141989633,3.21819769080502
123116.199307,0.192985364161294,3.21819769080502
123126.199307667,0.192832586319533,3.21819769080502
123136.199311333,0.192679808424723,3.21819769080502
123146.199306667,0.192527030694912,3.21819769080502
123156.199307,0.192374252901301,3.21800681312466
123166.199306667,0.192221475075139,3.21800681312466
123176.199307667,0.192068697260868,3.21800681312466
123186.199307,0.191915919449441,3.2178159354443
123196.199308333,0.191763141605984,3.21800681312466
123206.199311667,0.191610363776688,3.2178159354443
123216.19931,0.191457585983619,3.2178159354443
123226.199312667,0.191304808182187,3.2178159354443
123236.199307,0.191152030486221,3.2178159354443
123246.199307,0.190999252695541,3.21762505776395
123256.199307,0.190846474912093,3.21762505776395
123266.199309667,0.190693697073014,3.21762505776395
123276.199310667,0.190540919267704,3.21762505776395
123286.199306667,0.19038814155495,3.21743418008359
123296.199307667,0.190235363711693,3.21743418008359
123306.199313667,0.190082585803872,3.21743418008359
123316.199307,0.189929808036105,3.21743418008359
123326.199313,0.189777030088916,3.21724330240323
123336.199308333,0.189624252320587,3.21724330240323
123346.199307,0.189471474497226,3.21724330240323
123356.199307,0.189318696696991,3.21705242472288
123366.199307,0.189165918842668,3.21705242472288
123376.199311333,0.189013140864476,3.21705242472288
123386.199313,0.188860362918615,3.21705242472288
123396.199313667,0.188707585085994,3.21705242472288
123406.199307667,0.188554807347783,3.21705242472288
123416.199307333,0.188402029526081,3.21686154704252
123426.199307,0.188249251763232,3.21686154704252
123436.199311333,0.188096473878731,3.21686154704252
123446.199308667,0.187943696062561,3.21667066936217
123456.199307333,0.187790918272677,3.21667066936217
123466.199308,0.187638140387075,3.21667066936217
123476.199307,0.187485362573369,3.21647979168181
123486.199307333,0.187332584777235,3.21647979168181
123496.199307667,0.187179806965715,3.21647979168181
123506.199307333,0.187027029176504,3.21628891400145
123516.199313333,0.186874251274874,3.21628891400145
123526.199309333,0.186721473554482,3.21628891400145
123536.199307,0.186568695820683,3.21628891400145
123546.199307333,0.186415918033299,3.21628891400145
123556.199306667,0.186263140283786,3.2160980363211
123566.199307,0.18611036247808,3.2160980363211
123576.199310667,0.185957584643614,3.2160980363211
123586.199307,0.185804806914561,3.2160980363211
123596.199307667,0.185652029116592,3.21590715864074
123606.199307,0.185499251352903,3.21590715864074
123616.199307,0.185346473534523,3.21590715864074
123626.199307,0.185193695770902,3.21590715864074
123636.199307333,0.185040917931946,3.21571628096039
123646.199307,0.184888140140554,3.21571628096039
123656.199309,0.184735362272303,3.21571628096039
123666.199307,0.184582584518559,3.21571628096039
123676.199308,0.184429806719095,3.21552540328003
123686.199312,0.184277028889446,3.21552540328003
123696.199307,0.184124251160515,3.21552540328003
123706.199307333,0.183971473359182,3.21552540328003
123716.199307,0.183818695584714,3.21533452559967
123726.199311667,0.183665917730189,3.21533452559967
123736.199307,0.18351314002294,3.21533452559967
123746.199307,0.183360362197159,3.21514364791932
123756.199307,0.183207584403117,3.21514364791932
123766.199307,0.183054806598217,3.21514364791932
123776.199307,0.182902028770818,3.21514364791932
123786.199307,0.182749250977083,3.21514364791932
123796.199307,0.182596473186049,3.21495277023896
123806.199307333,0.182443695372475,3.21495277023896
123816.199306667,0.182290917606894,3.21495277023896
123826.199307,0.182138139820825,3.2147618925586
123836.199312667,0.181985361951253,3.2147618925586
123846.199314,0.181832584166022,3.2147618925586
123856.199307,0.181679806457787,3.2147618925586
123866.199307,0.181527028691589,3.2147618925586
123876.199307,0.181374250948525,3.2147618925586
123886.199307,0.181221473181692,3.21457101487825
123896.199307333,0.181068695421656,3.21457101487825
123906.199307,0.180915917609312,3.21438013719789
123916.199307,0.180763139822474,3.21438013719789
123926.199307333,0.180610362002442,3.21438013719789
123936.19931,0.180457584134438,3.21438013719789
123946.199307667,0.180304806335212,3.21418925951754
123956.199307333,0.180152028499928,3.21418925951754
123966.199307,0.179999250568457,3.21399838183718
123976.199307,0.179846472837671,3.21399838183718
123986.199307,0.179693694987828,3.21399838183718
123996.199307,0.179540917147423,3.21399838183718
124006.199307,0.179388139299619,3.21380750415682
124016.199307333,0.17923536151156,3.21399838183718
124026.199307333,0.179082583707475,3.21380750415682
124036.199307,0.178929805929462,3.21380750415682
124046.199311667,0.178777028033591,3.21361662647647
124056.199313333,0.178624250185036,3.21361662647647
124066.199307,0.178471472438479,3.21342574879611
124076.199307333,0.178318694655017,3.21342574879611
124086.199312333,0.178165916809193,3.21323487111576
124096.199306667,0.178013139102243,3.21323487111576
124106.199309,0.177860361292744,3.21323487111576
124116.199307,0.177707583541789,3.21323487111576
124126.199307,0.177554805754923,3.2130439934354
124136.199313,0.177402027868471,3.2130439934354
124146.199307,0.177249250162564,3.2130439934354
124156.199307,0.177096472402491,3.21285311575504
124166.199307,0.176943694605736,3.21285311575504
124176.199307333,0.176790916828003,3.21285311575504
124186.199307667,0.176638139062561,3.21285311575504
124196.199311,0.176485361220551,3.21266223807469
124206.199306667,0.176332583486244,3.21266223807469
124216.199307,0.176179805606316,3.21266223807469
124226.199307333,0.176027027803476,3.21247136039433
124236.199308,0.175874249989976,3.21247136039433
124246.199307667,0.175721472128829,3.21247136039433
124256.199307,0.175568694333322,3.21228048271397
124266.199307,0.175415916541522,3.21228048271397
124276.199307667,0.175263138738545,3.21228048271397
124286.199307,0.175110360928067,3.21208960503362
124296.199313333,0.174957582982762,3.21208960503362
124306.199311,0.174804805190034,3.21208960503362
124316.199309333,0.174652027418139,3.21208960503362
124326.199306667,0.174499249634483,3.21208960503362
124336.199307,0.174346471848761,3.21189872735326
124346.199307,0.174193694056281,3.21189872735326
124356.199311,0.174040916202675,3.21189872735326
124366.199312333,0.173888138395807,3.21170784967291
124376.199312333,0.17373536058981,3.21170784967291
124386.199307,0.173582582880288,3.21170784967291
124396.199307,0.173429805098246,3.21151697199255
124406.199307,0.173277027326947,3.21151697199255
124416.199307,0.173124249532123,3.21151697199255
124426.199306667,0.172971471732779,3.21132609431219
124436.199442333,0.172818691863163,3.21132609431219
124446.199307333,0.172665916119256,3.21113521663184
124456.199309667,0.172513138290698,3.21113521663184
124466.199307333,0.172360360521335,3.21113521663184
124476.199307,0.172207582717316,3.21094433895148
124486.199311333,0.172054804799498,3.21094433895148
124496.199309667,0.171902027023598,3.21094433895148
124506.199306667,0.171749249255248,3.21094433895148
124516.199307,0.171596471424895,3.21075346127112
124526.199307667,0.171443693609275,3.21075346127112
124536.199308333,0.17129091576161,3.21056258359077
124546.199307333,0.171138137964553,3.21037170591041
124556.199307,0.170985360179811,3.21037170591041
124566.199308667,0.170832582321553,3.21037170591041
124576.199311333,0.170679804469903,3.21018082823006
124586.199307,0.170527026753381,3.21018082823006
124596.199307,0.17037424896263,3.21018082823006
124606.199308667,0.170221471085379,3.21018082823006
124616.199307,0.170068693332659,3.2099899505497
124626.199307,0.169915915470635,3.2099899505497
124636.199306667,0.169763137574371,3.20979907286934
124646.199307,0.169610359675046,3.20979907286934
124656.199307333,0.169457581829209,3.20979907286934
124666.199307,0.169304804023091,3.20960819518899
124676.199307,0.169152026144023,3.20960819518899
124686.199307,0.168999248331717,3.20960819518899
124696.199307,0.16884647049636,3.20941731750863
124706.199307,0.16869369262313,3.20941731750863
124716.199309,0.168540914708216,3.20922643982828
124726.199307,0.168388136902873,3.20922643982828
124736.199307333,0.168235359075371,3.20922643982828
124746.199310334,0.168082581253838,3.20903556214792
124756.199307,0.167929803517226,3.20903556214792
124766.199307,0.16777702572751,3.20903556214792
124776.199307,0.167624247957636,3.20884468446756
124786.199307,0.167471470150339,3.20884468446756
124796.199308333,0.167318692286875,3.20884468446756
124806.199308667,0.16716591452795,3.20865380678721
124816.19931,0.167013136701369,3.20865380678721
124826.199306667,0.166860358945342,3.20846292910685
124836.199307,0.166707581091757,3.20846292910685
124846.199307333,0.166554803219765,3.20846292910685
124856.199307,0.166402025395455,3.20827205142649
124866.199307,0.166249247584344,3.20827205142649
124876.199307,0.1660964697839,3.20808117374614
124886.199310667,0.165943691892105,3.20808117374614
124896.199306667,0.165790914143359,3.20789029606578
124906.199309333,0.165638136300088,3.20789029606578
124916.199311667,0.165485358470601,3.20789029606578
124926.199307,0.165332580773491,3.20769941838543
124936.199307,0.165179802955542,3.20769941838543
124946.199308667,0.165027025125251,3.20750854070507
124956.199307334,0.164874247359951,3.20750854070507
124966.199307,0.16472146957837,3.20731766302471
124976.19931,0.164568691741765,3.20731766302471
124986.199307,0.164415913997907,3.20712678534436
124996.199307,0.164263136216054,3.20712678534436
125006.199310333,0.164110358354735,3.20712678534436
125016.199307,0.163957580619595,3.206935907664
125026.199312667,0.163804802688971,3.206935907664
125036.199307333,0.163652024933863,3.20674502998365
125046.199307,0.163499247137897,3.20674502998365
125056.199307,0.163346469327621,3.20655415230329
125066.199308,0.16319369148165,3.20655415230329
125076.199309667,0.163040913641176,3.20636327462293
125086.199578,0.162888131668931,3.20636327462293
125096.199307,0.162735357902546,3.20636327462293
125106.199307,0.16258258006425,3.20617239694258
125116.199308333,0.16242980222326,3.20617239694258
125126.199307,0.162277024449882,3.20598151926222
125136.199309333,0.162124246573714,3.20598151926222
125146.199307,0.161971468585618,3.20598151926222
125156.199307,0.161818690784266,3.20579064158186
125166.199307,0.161665912844218,3.20579064158186
125176.199342333,0.16151313450169,3.20559976390151
125186.199311,0.161360357122462,3.20559976390151
125196.199307667,0.161207579302476,3.20540888622115
125206.199307,0.161054801486442,3.20540888622115
125216.199307333,0.160902023611239,3.2052180085408
125226.199307,0.160749245757609,3.2052180085408
125236.199307,0.160596467866799,3.2052180085408
125246.199310333,0.160443689944015,3.20502713086044
125256.199313333,0.160290912034608,3.20502713086044
125266.199307,0.160138134309512,3.20483625318008
125276.199309667,0.159985356418612,3.20483625318008
125286.199307,0.159832578631387,3.20464537549973
125296.199307,0.159679800782709,3.20464537549973
125306.199309333,0.159527022886206,3.20445449781937
125316.199307,0.159374245067617,3.20445449781937
125326.199307,0.159221467219175,3.20426362013901
125336.199307,0.159068689404379,3.20407274245866
125346.199307667,0.158915911558227,3.20407274245866
125356.199307333,0.158763133712036,3.20407274245866
125366.199307667,0.158610355758777,3.20407274245866
125376.199307,0.158457577981854,3.2038818647783
125386.199307333,0.158304800146033,3.20369098709795
125396.199308333,0.158152022291416,3.20369098709795
125406.199313,0.157999244450167,3.20350010941759
125416.199307,0.157846466740904,3.20350010941759
125426.199307,0.157693688950181,3.20330923173723
125436.199307,0.157540911199103,3.20330923173723
125446.199307,0.157388133428007,3.20330923173723
125456.199311,0.157235355582398,3.20311835405688
125466.199307,0.15708257782209,3.20292747637652
125476.199312333,0.156929799951665,3.20292747637652
125486.199307,0.156777022219618,3.20292747637652
125496.199312333,0.156624244314262,3.20273659869617
125506.199312333,0.156471466500816,3.20273659869617
125516.199307,0.156318688782345,3.20254572101581
125526.199307667,0.156165910985154,3.20254572101581
125536.199312334,0.156013133103559,3.20254572101581
125546.199307,0.155860355382944,3.20235484333545
125556.199307,0.155707577589021,3.2021639656551
125566.199307,0.155554799769398,3.2021639656551
125576.199308333,0.155402021995818,3.20197308797474
125586.199311667,0.155249244136258,3.20197308797474
125596.199307,0.155096466415208,3.20178221029438
125606.199308,0.154943688583743,3.20178221029438
125616.199313334,0.154790910697178,3.20178221029438
125626.199307333,0.154638132977104,3.20159133261403
125636.199307333,0.154485355169645,3.20140045493367
125646.199307,0.154332577385326,3.20140045493367
125656.199307333,0.154179799608554,3.20120957725332
125666.199308,0.154027021811426,3.20101869957296
125676.199311333,0.153874243933148,3.20101869957296
125686.199307,0.153721466261056,3.20101869957296
125696.199307333,0.153568688510661,3.2008278218926
125706.199307,0.153415910727789,3.2008278218926
125716.199309333,0.153263132807522,3.20063694421225
125726.199307333,0.153110355173771,3.20063694421225
125736.199309667,0.15295757736706,3.20044606653189
125746.199307,0.152804799626039,3.20025518885154
125756.199307,0.152652021856472,3.20025518885154
125766.199311,0.152499244023635,3.20025518885154
125776.199307667,0.152346466292935,3.20006431117118
125786.199311,0.152193688455985,3.19987343349082
125796.199307333,0.152040910719212,3.19987343349082
125806.199313333,0.151888132839921,3.19987343349082
125816.199307667,0.151735355129937,3.19987343349082
125826.199307,0.151582577346853,3.19968255581047
125836.199385,0.151429798371439,3.19968255581047
125846.199307,0.151277021733238,3.19949167813011
125856.199307667,0.151124243943968,3.19949167813011
125866.19931,0.150971466115479,3.19949167813011
125876.199307333,0.150818688387048,3.19930080044975
125886.199310333,0.150665910537741,3.19930080044975
125896.19931,0.150513132750008,3.1991099227694
125906.199308333,0.150360355003952,3.1991099227694
125916.199311333,0.150207577179318,3.19891904508904
125926.199307,0.15005479943352,3.19891904508904
125936.199307,0.149902021647981,3.19872816740869
125946.199307333,0.149749243826374,3.19872816740869
125956.199307,0.149596466005154,3.19872816740869
125966.199311,0.149443688145798,3.19853728972833
125976.199307,0.149290910397604,3.19834641204797
125986.199307333,0.149138132611194,3.19834641204797
125996.199307333,0.148985354801164,3.19834641204797
126006.199307,0.148832576977111,3.19815553436762
126016.199307333,0.148679799201728,3.19796465668726
126026.199307,0.148527021417867,3.19796465668726
126036.199307667,0.148374243610244,3.19796465668726
126046.199309,0.148221465837624,3.19796465668726
126056.199308333,0.148068688055653,3.1977737790069
126066.199308,0.147915910301401,3.1977737790069
126076.199307,0.147763132535401,3.19758290132655
126086.199307,0.147610354727546,3.19758290132655
126096.199309333,0.147457576903761,3.19758290132655
126106.199312,0.147304799008662,3.19739202364619
126116.199307,0.147152021308308,3.19739202364619
126126.199310333,0.146999243447026,3.19739202364619
126136.199307,0.146846465745138,3.19720114596584
126146.199307,0.146693687963575,3.19720114596584
126156.199309667,0.146540910117085,3.19701026828548
126166.19931,0.146388132265114,3.19701026828548
126176.19931,0.146235354463291,3.19701026828548
126186.199313333,0.146082576623573,3.19681939060512
126196.199307,0.145929798916175,3.19681939060512
126206.199306667,0.145777021131597,3.19681939060512
126216.199307,0.145624243303801,3.19681939060512
126226.199307,0.145471465504181,3.19662851292477
126236.199307667,0.145318687619817,3.19662851292477
126246.199307,0.145165909773136,3.19643763524441
126256.199307,0.145013131927005,3.19643763524441
126266.199307,0.144860354086952,3.19643763524441
126276.199313333,0.144707576176313,3.19643763524441
126286.199308667,0.144554798440784,3.19643763524441
126296.199307,0.144402020484561,3.19624675756406
126306.199308333,0.144249242617895,3.19624675756406
126316.199307,0.144096464844242,3.1960558798837
126326.199309667,0.143943686979878,3.1960558798837
126336.199307,0.143790909172307,3.1960558798837
126346.199307,0.14363813123195,3.19586500220334
126356.199307,0.143485353395627,3.19586500220334
126366.199307,0.143332575564335,3.19586500220334
126376.199309,0.143179797593037,3.19567412452299
126386.199307333,0.143027019677638,3.19567412452299
126396.199312667,0.142874241742817,3.19567412452299
126406.199307,0.14272146403218,3.19567412452299
126416.199310667,0.142568686071552,3.19567412452299
126426.199306667,0.142415908273039,3.19548324684263
126436.199307333,0.142263130382306,3.19529236916227
126446.199307,0.142110352585537,3.19529236916227
126456.199307667,0.14195757477887,3.19529236916227
126466.199307,0.141804797022926,3.19529236916227
126476.199307,0.14165201924264,3.19529236916227
126486.199307,0.14149924145016,3.19510149148192
126496.199312,0.141346463580566,3.19510149148192
126506.199307,0.141193685873478,3.19510149148192
126516.199307667,0.14104090809436,3.19491061380156
126526.199307,0.1408881302967,3.19491061380156
126536.199307,0.140735352529476,3.19491061380156
126546.199307,0.140582574743478,3.19491061380156
126556.199307667,0.140429796933574,3.19491061380156
126566.199306667,0.14027701917557,3.19471973612121
126576.199314,0.140124241308781,3.19471973612121
126586.199307333,0.139971463598259,3.19471973612121
126596.199307667,0.139818685806676,3.19471973612121
126606.199307,0.139665908038717,3.19452885844085
126616.199307,0.139513130237019,3.19452885844085
126626.199307,0.139360352451806,3.19452885844085
126636.199307,0.13920757470056,3.19433798076049
126646.199307,0.13905479693062,3.19452885844085
126656.199307,0.138902019060613,3.19433798076049
126666.199543333,0.138749237704266,3.19433798076049
126676.199307,0.138596463464552,3.19433798076049
126686.199312,0.138443685585586,3.19414710308014
126696.199308,0.138290907797647,3.19414710308014
126706.199310667,0.138138129963525,3.19414710308014
126716.199307,0.137985352191328,3.19414710308014
126726.199307333,0.137832574387727,3.19414710308014
126736.199307667,0.137679796532485,3.19395622539978
126746.199307,0.13752701853219,3.19395622539978
126756.199307334,0.137374240606145,3.19395622539978
126766.199307,0.137221462622544,3.19395622539978
126776.199307,0.13706868482115,3.19376534771943
126786.199307,0.136915906920935,3.19376534771943
126796.199309667,0.136763129015424,3.19376534771943
126806.199308667,0.136610351214483,3.19376534771943
126816.199307,0.136457573391716,3.19376534771943
126826.199307,0.136304795573382,3.19376534771943
126836.199308667,0.136152017720987,3.19376534771943
126846.199307,0.13599923992015,3.19357447003907
126856.199307667,0.135846461986656,3.19357447003907
126866.199307,0.135693684117124,3.19357447003907
126876.199309333,0.135540906168522,3.19357447003907
126886.199307,0.135388128272924,3.19357447003907
126896.199307,0.135235350406866,3.19357447003907
126906.199307,0.135082572603212,3.19338359235871
126916.199311333,0.1349297947737,3.19338359235871
126926.199312333,0.134777016934702,3.19338359235871
126936.199306667,0.134624239209478,3.19338359235871
126946.199309,0.134471461331319,3.19338359235871
126956.199307,0.134318683487694,3.19319271467836
126966.199307,0.134165905568367,3.19319271467836
126976.199307667,0.134013127723922,3.19319271467836
126986.199307,0.133860349910697,3.19319271467836
126996.199307,0.13370757210172,3.193001836998
127006.199307,0.133554794271987,3.193001836998
127016.199307,0.133402016357555,3.193001836998
127026.199307,0.133249238574835,3.193001836998
127036.199308,0.133096460689425,3.193001836998
127046.199308667,0.132943682820026,3.193001836998
127056.199306667,0.132790905015313,3.19281095931764
127066.199307,0.132638127218031,3.19281095931764
127076.199307,0.132485349418205,3.19281095931764
127086.199306667,0.132332571612111,3.19281095931764
127096.199307,0.13217979368748,3.19281095931764
127106.199307,0.132027015812642,3.19262008163729
127116.199307,0.131874237999891,3.19262008163729
127126.199307,0.131721460150471,3.19262008163729
127136.199307,0.13156868229749,3.19262008163729
127146.199312667,0.131415904315997,3.19262008163729
127156.199307,0.131263126464218,3.19242920395693
127166.199310333,0.131110348594228,3.19242920395693
127176.199307,0.130957570794208,3.19242920395693
127186.199307,0.130804792861041,3.19242920395693
127196.199310667,0.13065201493338,3.19242920395693
127206.199307,0.130499236990331,3.19242920395693
127216.199311333,0.13034645914532,3.19223832627658
127226.199313,0.130193681154182,3.19223832627658
127236.199307,0.130040903365753,3.19223832627658
127246.199312,0.129888125501012,3.19223832627658
127256.199307,0.12973534766168,3.19204744859622
127266.199307,0.129582569806109,3.19204744859622
127276.199307,0.129429791914265,3.19204744859622
127286.199307,0.129277014034136,3.19204744859622
127296.199307,0.129124236117618,3.19204744859622
127306.199311333,0.128971458119494,3.19185657091586
127316.199307,0.128818680280942,3.19185657091586
127326.199313,0.12866590229125,3.19185657091586
127336.199307333,0.128513124512086,3.19185657091586
127346.199307,0.128360346632823,3.19185657091586
127356.199307333,0.128207568682053,3.19185657091586
127366.199307,0.128054790786581,3.19185657091586
127376.199307,0.127902012864175,3.19166569323551
127386.199307,0.127749235030071,3.19166569323551
127396.199307333,0.127596457133697,3.19166569323551
127406.199307,0.127443679287666,3.19147481555515
127416.199307,0.127290901423452,3.19166569323551
127426.199308,0.12713812355482,3.19147481555515
127436.199311,0.126985345677863,3.19147481555515
127446.199308,0.126832567728617,3.19147481555515
127456.199307,0.126679789858338,3.19147481555515
127466.199307,0.12652701196063,3.19147481555515
127476.199306667,0.126374234012421,3.1912839378748
127486.199307,0.12622145603437,3.1912839378748
127496.199313667,0.126068678153724,3.1912839378748
127506.199308,0.12591590033946,3.1912839378748
127516.199307,0.125763122485856,3.1912839378748
127526.199311,0.125610344573236,3.19109306019444
127536.199307667,0.125457566744675,3.19109306019444
127546.199307333,0.125304788818242,3.19109306019444
127556.199307,0.125152010963102,3.19109306019444
127566.199311667,0.124999232887741,3.19109306019444
127576.199311,0.124846455120766,3.19109306019444
127586.199307,0.124693677280844,3.19090218251408
127596.199311333,0.12454089936566,3.19090218251408
127606.199307,0.124388121540953,3.19090218251408
127616.199307,0.12423534359236,3.19090218251408
127626.199309333,0.124082565705369,3.19090218251408
127636.199306667,0.12392978792817,3.19071130483373
127646.199307333,0.123777010107189,3.19071130483373
127656.199310667,0.123624232155101,3.19071130483373
127666.199307667,0.123471454142254,3.19071130483373
127676.199312667,0.123318676321362,3.19071130483373
127686.199307333,0.123165898582177,3.19071130483373
127696.199307,0.123013120724408,3.19071130483373
127706.199307,0.122860342881503,3.19071130483373
127716.199313333,0.122707564966506,3.19052042715337
127726.199307,0.122554787248348,3.19052042715337
127736.199306667,0.122402009386291,3.19052042715337
127746.199307,0.12224923143919,3.19052042715337
127756.199307,0.122096453387106,3.19032954947301
127766.199313,0.12194367547327,3.19032954947301
127776.199313,0.121790897562262,3.19032954947301
127786.199307333,0.121638119752627,3.19032954947301
127796.199307,0.121485341851687,3.19032954947301
127806.199307333,0.12133256385281,3.19032954947301
127816.199307,0.121179786034666,3.19032954947301
127826.199307333,0.121027008051711,3.19013867179266
127836.19931,0.120874230080779,3.19013867179266
127846.199307,0.120721452193212,3.19013867179266
127856.199461667,0.120568671986247,3.1899477941123
127866.199307,0.120415896480709,3.1899477941123
127876.199307,0.120263118556108,3.1899477941123
127886.199307,0.120110340638649,3.1899477941123
127896.199307,0.119957562613721,3.1899477941123
127906.199311333,0.119804784752294,3.1899477941123
127916.199307,0.119652006872351,3.18975691643195
127926.19931,0.119499228826906,3.18975691643195
127936.199307,0.11934645090319,3.18975691643195
127946.199307333,0.119193673092114,3.18975691643195
127956.199311,0.119040894994458,3.18975691643195
127966.199309667,0.118888117188555,3.18956603875159
127976.199307,0.11873533935494,3.18956603875159
127986.199307,0.118582561393484,3.18956603875159
127996.199306667,0.118429783616702,3.18956603875159
128006.199307,0.118277005805479,3.18956603875159
128016.199307,0.118124228033081,3.18956603875159
128026.199310667,0.11797145012655,3.18937516107123
128036.199307,0.117818672342514,3.18937516107123
128046.199307,0.117665894534793,3.18937516107123
128056.199307,0.117513116609757,3.18918428339088
128066.199307,0.117360338839373,3.18918428339088
128076.199307333,0.117207560964874,3.18918428339088
128086.199307667,0.117054783157127,3.18899340571052
128096.199307,0.116902005283747,3.18899340571052
128106.199307,0.116749227470833,3.18899340571052
128116.199308333,0.116596449547944,3.18880252803017
128126.199308,0.116443671708422,3.18880252803017
128136.199307,0.116290893830331,3.18880252803017
128146.199307,0.116138116002018,3.18880252803017
128156.199307,0.115985338163454,3.18880252803017
128166.199310667,0.115832560188798,3.18880252803017
128176.199307667,0.115679782176474,3.18880252803017
128186.199307,0.115527004441565,3.18861165034981
128196.199310333,0.115374226357748,3.18861165034981
128206.199307,0.115221448599996,3.18861165034981
128216.199309667,0.115068670764909,3.18842077266945
128226.199311,0.114915892937374,3.18842077266945
128236.199306667,0.114763115197335,3.18842077266945
128246.199307,0.114610337414883,3.18842077266945
128256.199313,0.114457559511253,3.18842077266945
128266.199307,0.114304781798044,3.1882298949891
128276.199309667,0.114152003952933,3.1882298949891
128286.199307,0.113999226210314,3.18803901730874
128296.199307,0.113846448414319,3.18803901730874
128306.199307,0.113693670619658,3.18803901730874
128316.199310667,0.113540892777789,3.18803901730874
128326.199311333,0.113388114971291,3.18803901730874
128336.199310333,0.113235337192624,3.18803901730874
128346.199306667,0.113082559431199,3.18784813962838
128356.199307333,0.112929781614392,3.18784813962838
128366.199478333,0.112777001133131,3.18784813962838
128376.199307,0.11262422572201,3.18784813962838
128386.199307,0.112471448007663,3.18765726194803
128396.199307,0.112318670212126,3.18765726194803
128406.199307,0.112165892391335,3.18765726194803
128416.199307,0.112013114597212,3.18765726194803
128426.199307,0.111860336787795,3.18765726194803
128436.199307,0.111707559014019,3.18765726194803
128446.199307,0.111554781207864,3.18746638426767
128456.199307333,0.111402003393374,3.18746638426767
128466.199309667,0.111249225578801,3.18727550658732
128476.199307,0.11109644782362,3.18727550658732
128486.199306667,0.110943670016174,3.18727550658732
128496.199307,0.110790892212148,3.18727550658732
128506.199306667,0.110638114336196,3.18727550658732
128516.199307,0.110485336528364,3.18727550658732
128526.199307,0.110332558689277,3.18708462890696
128536.199307,0.110179780929648,3.18708462890696
128546.199313,0.110027003064957,3.18708462890696
128556.199313,0.109874225223918,3.1868937512266
128566.199307,0.10972144750952,3.1868937512266
128576.199307333,0.109568669700163,3.1868937512266
128586.199310667,0.109415891862016,3.1868937512266
128596.199308,0.109263114078285,3.18670287354625
128606.199307,0.109110336306389,3.18670287354625
128616.199306667,0.108957558476924,3.18651199586589
128626.199312,0.108804780583625,3.18651199586589
128636.199307,0.108652002838609,3.18651199586589
128646.199307,0.108499225037104,3.18651199586589
128656.199312667,0.10834644718705,3.18632111818554
128666.199311333,0.108193669379641,3.18632111818554
128676.199307,0.108040891665206,3.18632111818554
128686.199311333,0.107888113764068,3.18632111818554
128696.19931,0.107735335955655,3.18613024050518
128706.199306667,0.107582558159283,3.18613024050518
128716.19931,0.107429780269139,3.18613024050518
128726.199307,0.107277002458734,3.18593936282482
128736.199313333,0.107124224464457,3.18593936282482
128746.199311667,0.106971446737586,3.18574848514447
128756.199309,0.106818668926817,3.18574848514447
128766.199307,0.10666589115924,3.18574848514447
128776.199307333,0.106513113305756,3.18574848514447
128786.199307,0.106360335498256,3.18574848514447
128796.199306667,0.106207557734586,3.18555760746411
128806.199307,0.106054779886288,3.18555760746411
128816.199307,0.10590200208076,3.18536672978375
128826.19931,0.105749224249035,3.18536672978375
128836.199307,0.105596446482461,3.18536672978375
128846.199307,0.105443668727015,3.18536672978375
128856.199312333,0.10529089086049,3.1851758521034
128866.199306667,0.105138113152284,3.1851758521034
128876.199307,0.104985335342373,3.18498497442304
128886.199307667,0.104832557546791,3.18498497442304
128896.199311667,0.104679779677353,3.18498497442304
128906.199307,0.104527001953721,3.18498497442304
128916.199307,0.104374224176466,3.18479409674269
128926.199307,0.10422144640663,3.18460321906233
128936.199307,0.104068668597532,3.18460321906233
128946.199307,0.103915890800185,3.18460321906233
128956.199307,0.103763113019166,3.18460321906233
128966.199307,0.103610335242636,3.18460321906233
128976.199307333,0.103457557412568,3.18441234138197
128986.199308667,0.103304779488398,3.18441234138197
128996.199309333,0.103152001681756,3.18422146370162
129006.199311333,0.102999223755209,3.18422146370162
129016.199307333,0.102846446035831,3.18422146370162
129026.199307,0.102693668250883,3.18422146370162
129036.199307,0.102540890468969,3.18403058602126
129046.199307,0.102388112702296,3.1838397083409
129056.199309333,0.102235334867954,3.1838397083409
129066.199308333,0.10208255706944,3.1838397083409
129076.199306667,0.101929779274068,3.18364883066055
129086.199308,0.101777001457737,3.18364883066055
129096.199309667,0.101624223636957,3.18345795298019
129106.199307,0.101471445831211,3.18345795298019
129116.199308,0.101318668033045,3.18345795298019
129126.199307,0.101165890253981,3.18345795298019
129136.199311,0.101013112371628,3.18326707529984
129146.199307,0.100860334593809,3.18326707529984
129156.199307,0.100707556776887,3.18307619761948
129166.199307,0.100554778979721,3.18307619761948
129176.199307,0.100402001155877,3.18288531993912
129186.199307,0.100249223402214,3.18269444225877
129196.199307,0.100096445578195,3.18269444225877
129206.199307,0.0999436678134541,3.18269444225877
129216.199313,0.0997908899443435,3.18250356457841
129226.199308,0.0996381122226761,3.18250356457841
129236.199307,0.099485334418654,3.18231268689806
129246.199307667,0.0993325565726737,3.18231268689806
129256.199313,0.0991797786796816,3.1821218092177
129266.199307,0.0990270010206091,3.1821218092177
129276.199312667,0.0988742231489789,3.18193093153734
129286.199317667,0.098721445281221,3.18193093153734
129296.199307,0.098568667634704,3.18193093153734
129306.199307333,0.0984158898216799,3.18174005385699
129316.199306667,0.0982631120452712,3.18154917617663
129326.199307,0.0981103342032585,3.18154917617663
129336.199306667,0.0979575564282131,3.18154917617663
129346.199307,0.097804778624845,3.18154917617663
129356.199307,0.0976520008336721,3.18135829849627
129366.199307,0.09749922302095,3.18116742081592
129376.199307667,0.0973464451902964,3.18116742081592
129386.199307,0.0971936673852337,3.18097654313556
129396.199311667,0.0970408895187376,3.18097654313556
129406.199311,0.0968881117497955,3.18078566545521
129416.199307667,0.0967353339459721,3.18078566545521
129426.199307333,0.0965825560611432,3.18059478777485
129436.199308,0.096429778182997,3.18040391009449
129446.199307,0.0962770004052842,3.18040391009449
129456.199306667,0.0961242226201432,3.18021303241414
129466.199307,0.0959714448193589,3.18021303241414
129476.199311667,0.0958186669515263,3.18002215473378
129486.199307,0.0956658892437579,3.17983127705343
129496.199306667,0.0955131114299983,3.17964039937307
129506.199307,0.0953603335691583,3.17964039937307
129516.199307,0.0952075557721787,3.17944952169271
129526.199309,0.095054777940849,3.17944952169271
129536.199307,0.0949020001280204,3.17925864401236
129546.199307,0.0947492223337181,3.179067766332
129556.199307667,0.0945964444866882,3.179067766332
129566.199307,0.0944436666314572,3.17887688865164
129576.199307,0.0942908888536973,3.17868601097129
129586.199306667,0.0941381110681895,3.17868601097129
129596.199307,0.0939853332820428,3.17849513329093
129606.199307,0.0938325554691935,3.17849513329093
129616.199307,0.0936797776961855,3.17830425561058
129626.199307333,0.093526999899572,3.17811337793022
129636.199307,0.0933742221116778,3.17811337793022
129646.199306667,0.0932214443547402,3.17792250024986
129656.199307,0.0930686665464723,3.17773162256951
129666.199307,0.0929158887521782,3.17754074488915
129676.199312667,0.0927631108094285,3.17734986720879
129686.199312,0.0926103330095049,3.17734986720879
129696.199307,0.0924575553042087,3.17715898952844
129706.199307,0.0923047775084253,3.17696811184808
129716.199314,0.0921519996054041,3.17677723416773
129726.199307334,0.0919992218893191,3.17658635648737
129736.199307,0.0918464441455966,3.17639547880701
129746.199307,0.0916936663521256,3.17620460112666
129756.199307333,0.0915408885571839,3.1760137234463
129766.199311333,0.0913881106439791,3.17582284576595
129776.199307667,0.0912353328752427,3.17563196808559
129786.199307,0.0910825550925138,3.17544109040523
129796.199309334,0.0909297772436589,3.17544109040523
129806.199310333,0.0907769994378756,3.17525021272488
129816.199309667,0.0906242216661306,3.17505933504452
129826.199307667,0.0904714438998551,3.17486845736416
129836.199308667,0.0903186661005185,3.17467757968381
129846.199310333,0.0901658882767379,3.17448670200345
129856.199307,0.0900131105448966,3.1742958243231
129866.199311667,0.0898603326657178,3.17410494664274
129876.199306667,0.0897075549335302,3.17372319128203
129886.199306667,0.0895547770641301,3.17353231360167
129896.199307,0.0894019993482316,3.17334143592132
129906.199308,0.0892492215186195,3.17315055824096
129916.199310667,0.0890964436847885,3.1729596805606
129926.199311,0.0889436658662102,3.17276880288025
129936.199307,0.0887908880789523,3.17238704751953
129946.199307,0.0886381102602536,3.17238704751953
129956.199311,0.0884853323863375,3.17200529215882
129966.199307667,0.0883325545873385,3.17181441447847
129976.199307,0.0881797768418821,3.17162353679811
129986.199307,0.0880269990533339,3.1712417814374
129996.199307333,0.0878742212432362,3.17105090375704
130006.199307,0.0877214434191494,3.17086002607669
130016.199312333,0.0875686655812645,3.17047827071597
130026.199308333,0.0874158878441319,3.17009651535526
130036.199307333,0.0872631100697882,3.17009651535526
130046.199307,0.0871103322792429,3.16971475999455
130056.199307,0.0869575544915981,3.16952388231419
130066.199307,0.0868047766679586,3.16933300463384
130076.199312333,0.086651998809952,3.16895124927312
130086.199307,0.0864992211046628,3.16856949391241
130096.199307,0.0863464432734665,3.16837861623205
130106.199307,0.086193665426823,3.1681877385517
130116.199309,0.086040887614186,3.16780598319099
130126.199312,0.0858881097808287,3.16742422783027
130136.199307667,0.085735332058654,3.16723335014992
130146.199307,0.0855825543048446,3.16685159478921
130156.199307,0.0854297765253908,3.16646983942849
130166.199309,0.0852769986659227,3.16627896174814
130176.199307,0.0851242209088384,3.16589720638742
130186.199307,0.0849714430842315,3.16570632870707
130196.199307,0.0848186652706643,3.16532457334636
130206.199307,0.0846658874183987,3.16494281798564
130216.199307,0.0845131095608598,3.16456106262493
130226.199307333,0.0843603317621091,3.16417930726422
130236.199307667,0.0842075539938716,3.16398842958386
130246.199309,0.0840547761780513,3.16360667422315
130256.199308,0.0839019983923595,3.16322491886244
130266.199307,0.083749220613381,3.16303404118208
130276.199309333,0.0835964427867841,3.16265228582137
130286.199307,0.0834436650377577,3.16227053046066
130296.199307667,0.083290887221429,3.16188877509995
130306.199307,0.0831381094032768,3.16150701973923
130316.199307,0.0829853315897716,3.16131614205888
130326.199307667,0.0828325537867713,3.16093438669816
130336.199308,0.0826797759940355,3.16055263133745
130346.199307,0.082526998197796,3.16017087597674
130356.199307,0.082374220426862,3.15978912061603
130366.199307,0.0822214426393943,3.15940736525532
130376.199307333,0.0820686648577417,3.1590256098946
130386.199307,0.0819158870255061,3.15864385453389
130396.199307,0.0817631092451529,3.15826209917318
130406.199307,0.081610331441531,3.15788034381247
130416.199310333,0.0814575536158664,3.15749858845175
130426.199307,0.0813047758945848,3.15711683309104
130436.199306667,0.0811519980928503,3.15673507773033
130446.199307,0.0809992202805044,3.15654420004997
130456.199311,0.0808464423881194,3.15616244468926
130466.199312667,0.0806936645746645,3.15578068932855
130476.199307,0.0805408868977035,3.15520805628748
130486.199307,0.080388109103901,3.15482630092677
130496.199309667,0.0802353312799109,3.15444454556605
130506.199307,0.0800825535506192,3.15406279020534
130516.199307,0.0799297757076693,3.15387191252499
130526.199311,0.0797769979055078,3.15349015716427
130536.199311333,0.0796242200845679,3.15291752412321
130546.199307,0.0794714423554335,3.15253576876249
130556.199307333,0.0793186645590333,3.15215401340178
130566.199307,0.0791658867731477,3.15177225804107
130576.199307,0.079013108960406,3.15139050268036
130586.199307,0.0788603311785933,3.15100874731964
130596.199308667,0.0787075533510895,3.15062699195893
130606.199307,0.0785547755735354,3.15024523659822
130616.199307,0.0784019977495574,3.14986348123751
130626.199307,0.0782492199499684,3.14929084819644
130636.199306667,0.0780964421507537,3.14909997051608
130646.199307,0.0779436643412579,3.14852733747501
130656.199307,0.0777908865285267,3.1481455821143
130666.199307,0.0776381086931433,3.14776382675359
130676.199308667,0.0774853309049563,3.14738207139288
130686.199307,0.0773325531601567,3.14700031603216
130696.199307667,0.0771797752607073,3.14661856067145
130706.199307,0.0770269975331951,3.14604592763038
130716.199309,0.0768742197067068,3.14566417226967
130726.199307333,0.0767214419399128,3.14528241690896
130736.199307,0.0765686641445131,3.14490066154825
130746.199307,0.0764158863782204,3.14451890618753
130756.199306667,0.0762631085852541,3.14413715082682
130766.199307,0.0761103307884436,3.14375539546611
130776.199307,0.0759575530021015,3.14318276242504
130786.199307,0.075804775201409,3.14280100706433
130796.199306667,0.0756519974287671,3.14241925170362
130806.199313,0.0754992195489983,3.14184661866255
130816.199313667,0.075346441745656,3.14146486330183
130826.199310667,0.0751936639665793,3.14108310794112
130836.199307,0.075040886246018,3.14070135258041
130846.199311667,0.0748881083509611,3.1403195972197
130856.199444333,0.0747353285472637,3.13974696417863
130866.199307333,0.0745825528862969,3.13936520881792
130876.199307,0.0744297750559446,3.13879257577685
130886.199308,0.0742769972269454,3.13841082041614
130896.199308,0.0741242194351062,3.13802906505542
130906.199307,0.0739714416571763,3.13764730969471
130916.199310333,0.073818663814067,3.137265554334
130926.199306667,0.0736658860785278,3.13669292129293
130936.199307,0.0735131082896813,3.13631116593222
130946.199311667,0.0733603304275794,3.13573853289115
130956.199306667,0.0732075527282417,3.13554765521079
130966.199306667,0.0730547749858933,3.13497502216973
130976.199307,0.0729019972001224,3.13459326680901
130986.199307333,0.0727492193926685,3.1342115114483
130996.199309,0.0725964415829183,3.13363887840723
131006.199307333,0.0724436638146094,3.13325712304652
131016.199307667,0.0722908860036813,3.13268449000545
131026.199307,0.0721381081596638,3.13230273464474
131036.199307333,0.0719853303492181,3.13192097928403
131046.19931,0.0718325525001295,3.13153922392331
131056.199307333,0.071679774729789,3.13096659088225
131066.199311333,0.0715269968828666,3.13039395784118
131076.199307,0.0713742191639919,3.13001220248047
131086.199307,0.0712214413893497,3.12963044711975
131096.199307,0.0710686635720506,3.12924869175904
131106.199307,0.0709158857899291,3.12867605871797
131116.199307667,0.0707631080082635,3.12829430335726
131126.199307333,0.0706103302022571,3.12772167031619
131136.199307,0.0704575523862902,3.12714903727512
131146.199307,0.0703047745804644,3.12657640423405
131156.199308,0.070151996765632,3.12619464887334
131166.199307,0.0699992189953085,3.12581289351263
131176.199307,0.069846441162469,3.12543113815192
131186.199307667,0.0696936633616459,3.12466762743049
131196.199307,0.0695408855800897,3.12428587206978
131206.199307,0.0693881078279589,3.12390411670907
131216.199307667,0.0692353300000305,3.12352236134836
131226.199307,0.0690825522135968,3.12294972830729
131236.199307,0.0689297744212191,3.12256797294657
131246.199307333,0.0687769966389767,3.12199533990551
131256.199307667,0.0686242188585877,3.12161358454479
131266.199307,0.0684714410862444,3.12104095150372
131276.199308333,0.0683186632960418,3.12065919614301
131286.199307333,0.0681658855021142,3.12008656310194
131296.199307667,0.0680131076704442,3.11970480774123
131306.199320667,0.0678603297004962,3.11932305238052
131316.199311667,0.0677075520318953,3.11855954165909
131326.199307,0.0675547743352531,3.11817778629838
131336.19931,0.0674019965038645,3.11779603093767
131346.199307,0.0672492187510612,3.1172233978966
131356.199306667,0.0670964409669525,3.11684164253589
131366.199307,0.066943663203789,3.11626900949482
131376.199312667,0.0667908853130278,3.11569637645375
131386.199307,0.0666381076174037,3.11512374341268
131396.199307,0.0664853298487296,3.11474198805197
131406.199306667,0.0663325520766212,3.11436023269126
131416.199307,0.0661797742610381,3.11378759965019
131426.199307,0.0660269964546054,3.11321496660912
131436.199306667,0.0658742186141858,3.11283321124841
131446.199309,0.0657214407803452,3.11226057820734
131456.199307,0.0655686630219065,3.11168794516627
131466.199312,0.0654158851433664,3.11130618980556
131476.199307334,0.0652631074527091,3.11092443444485
131486.199307,0.0651103296604782,3.11035180140378
131496.199310667,0.0649575518184124,3.10997004604307
131506.199307,0.0648047740929467,3.109397413002
131516.199310333,0.0646519962336256,3.10882477996093
131526.199307,0.0644992184991212,3.10825214691986
131536.199312667,0.0643464406091865,3.10787039155915
131546.199307,0.0641936629051005,3.10729775851808
131556.199307,0.0640408850541656,3.10672512547701
131566.199307,0.0638881072851006,3.1063433701163
131576.199489333,0.0637353267083493,3.10577073707523
131586.199310667,0.0635825516658936,3.10519810403416
131596.199307,0.0634297739555359,3.10481634867345
131606.199307,0.0632769961272049,3.10424371563238
131616.199307334,0.0631242183544912,3.10367108259131
131626.199307333,0.0629714405575019,3.10309844955025
131636.199307,0.0628186627585056,3.10252581650918
131646.199306667,0.0626658849058379,3.10214406114846
131656.199306667,0.0625131071064084,3.1015714281074
131666.199307,0.0623603292788079,3.10099879506633
131676.199307,0.062207551469729,3.10061703970561
131686.199307,0.0620547736719889,3.10004440666455
131696.199309667,0.0619019958098265,3.09947177362348
131706.199313,0.0617492179792155,3.09909001826277
131716.199307,0.0615964402625787,3.0985173852217
131726.199307,0.0614436624151542,3.09794475218063
131736.199307,0.0612908846217753,3.09737211913956
131746.199312667,0.0611381067534137,3.09679948609849
131756.199312,0.0609853289197414,3.09622685305742
131766.199310667,0.0608325510190797,3.09584509769671
131776.199307,0.0606797732643572,3.09527246465564
131786.199310333,0.060526995401321,3.09469983161457
131796.199312,0.0603742175993667,3.09412719857351
131806.199307,0.060221439900682,3.09355456553244
131816.199309667,0.0600686620384301,3.09298193249137
131826.199307333,0.0599158843279014,3.09260017713066
131836.199307333,0.0597631065299631,3.09202754408959
131846.199307,0.059610328764762,3.09145491104852
131856.199307,0.0594575509455422,3.09088227800745
131866.199308,0.059304773101188,3.09030964496638
131876.199313333,0.0591519952004824,3.08973701192531
131886.199312,0.0589992174208135,3.08916437888424
131896.199312667,0.0588464395778495,3.08859174584318
131906.199313667,0.058693661741398,3.08801911280211
131916.199307333,0.0585408840160216,3.08744647976104
131926.199307,0.0583881061716138,3.08687384671997
131936.199307,0.0582353282935286,3.08649209135926
131946.199307333,0.0580825504043116,3.08591945831819
131956.199481,0.0579297698653966,3.08534682527712
131966.199312667,0.0577769945356617,3.0845833145557
131976.199308667,0.0576242166942578,3.08420155919498
131986.199308667,0.0574714386116016,3.08362892615392
131996.199312,0.0573186607044032,3.08305629311285
132006.19931,0.0571658826699819,3.08248366007178
132016.199307,0.0570131049162628,3.08191102703071
132026.199307,0.056860327081217,3.08133839398964
132036.199311667,0.0567075491005745,3.08076576094857
132046.199309,0.056554771340934,3.0801931279075
132056.199306667,0.0564019936080924,3.07962049486644
132066.199307,0.0562492157959401,3.07885698414501
132076.199307,0.0560964380495025,3.0784752287843
132086.199307333,0.0559436602467087,3.07771171806287
132096.199307,0.0557908824315163,3.07732996270216
132106.199307,0.0556381046311929,3.07675732966109
132116.199307,0.0554853268328874,3.07618469662003
132126.199307,0.055332549013997,3.0754211858986
132136.199307,0.0551797712309167,3.07503943053789
132146.199312,0.0550269933492572,3.07446679749682
132156.199312,0.0548742155447314,3.0737032867754
132166.199308,0.0547214377738218,3.07313065373433
132176.199313667,0.0545686598800804,3.07255802069326
132186.199307667,0.0544158821983093,3.07198538765219
132196.199307,0.0542631043920538,3.07141275461112
132206.199307,0.0541103265563406,3.07084012157005
132216.199312333,0.0539575486824727,3.07007661084863
132226.199309667,0.0538047709091782,3.06950397780756
132236.199307667,0.0536519931960689,3.06893134476649
132246.199311667,0.0534992153557235,3.06835871172542
132256.199311333,0.0533464375508144,3.06778607868435
132266.199307,0.0531936598453391,3.06721344564329
132276.199307,0.0530408820374472,3.06644993492186
132286.199307333,0.0528881042536329,3.06587730188079
132296.199312333,0.052735326372318,3.06530466883972
132306.199307,0.052582548665017,3.06473203579865
132316.199307,0.052429770852091,3.06396852507723
132326.199307667,0.0522769930402407,3.06339589203616
132336.199307,0.0521242152824797,3.06282325899509
132346.199307,0.0519714374774443,3.06225062595402
132356.199307667,0.0518186596994897,3.06167799291296
132366.199307,0.0516658819066904,3.06091448219153
132376.199307334,0.0515131041192318,3.06015097147011
132386.19931,0.0513603263171228,3.05957833842904
132396.199307,0.051207548568668,3.05900570538797
132406.199307,0.051054770777185,3.0584330723469
132416.199307,0.050901992973015,3.05766956162548
132426.199310333,0.050749215139971,3.05709692858441
132436.199310333,0.050596437361399,3.05633341786298
132446.199307,0.050443659599299,3.05595166250227
132456.199307,0.050290881823533,3.05518815178085
132466.199306667,0.050138104044719,3.05442464105942
132476.199307,0.049985326266338,3.05385200801835
132486.199307667,0.049832548448635,3.05327937497729
132496.199307,0.04967977065638,3.05251586425586
132506.199307,0.049526992766476,3.05194323121479
132516.199307667,0.049374214865661,3.05117972049337
132526.199312667,0.049221436976687,3.0506070874523
132536.199307,0.049068659080674,3.05003445441123
132546.199307,0.048915881313626,3.04927094368981
132556.199310667,0.048763103431767,3.04869831064874
132566.199311333,0.048610325622713,3.04793479992731
132576.199307,0.048457547787936,3.04717128920589
132586.199307,0.048304770012283,3.04659865616482
132596.199311,0.048151992101214,3.04602602312375
132606.199312667,0.047999214196888,3.04526251240233
132616.199313333,0.047846436328389,3.0444990016809
132626.199306667,0.047693658621036,3.04411724632019
132636.199313,0.047540880675743,3.04335373559876
132646.199307,0.04738810296789,3.04259022487734
132656.199307,0.047235325112428,3.04182671415591
132666.199307,0.047082547304528,3.04106320343449
132676.199307,0.046929769492641,3.04049057039342
132686.199307,0.046776991694557,3.03991793735235
132696.199307,0.04662421391436,3.03915442663093
132706.199307,0.046471436132208,3.0383909159095
132716.199307,0.046318658287791,3.03781828286844
132726.199307,0.046165880499168,3.03705477214701
132736.199306667,0.046013102728482,3.03629126142559
132746.199307,0.045860324900976,3.03552775070416
132756.199307,0.045707547084601,3.03495511766309
132766.199307333,0.045554769305883,3.03419160694167
132776.199307,0.045401991491256,3.0336189739006
132786.199307,0.04524921371289,3.03285546317917
132796.199307,0.045096435928035,3.03209195245775
132806.199307,0.044943658148347,3.03151931941668
132816.199307,0.044790880373571,3.03075580869526
132826.199307,0.044638102577537,3.02999229797383
132836.199307667,0.044485324784595,3.02922878725241
132846.199307,0.044332547013329,3.02865615421134
132856.199311,0.044179769167388,3.02789264348991
132866.199307,0.044026991421077,3.02712913276849
132876.199307,0.043874213616349,3.02636562204707
132886.199307,0.043721435773499,3.02560211132564
132896.199307,0.043568657996653,3.02502947828457
132906.199307,0.043415880162475,3.02426596756315
132916.199311,0.043263102271451,3.02331157916137
132926.199307,0.043110324552361,3.0227389461203
132936.199307,0.042957546662773,3.02197543539887
132946.199308,0.042804768823459,3.02121192467745
132956.199307,0.042651991019406,3.02044841395602
132966.199307,0.042499213242046,3.0196849032346
132976.199307,0.042346435479366,3.01892139251317
132986.199306667,0.042193657684253,3.01815788179175
132996.199307333,0.042040879870805,3.01739437107033
133006.199311667,0.041888102010328,3.0166308603489
133016.199307,0.041735324288197,3.01586734962748
133026.199307,0.041582546459116,3.01510383890605
133036.199307,0.04142976865368,3.01434032818463
133046.199306667,0.041276990860975,3.0135768174632
133056.199310333,0.041124212963445,3.01281330674178
133066.199307667,0.040971435193039,3.01204979602035
133076.199307,0.040818657390833,3.01128628529893
133086.199312,0.040665879484525,3.0105227745775
133096.199312333,0.040513101637723,3.00975926385608
133106.199307,0.040360323964612,3.0088048754543
133116.199313,0.04020754609018,3.00804136473287
133126.199307,0.040054768369215,3.00727785401145
133136.199307333,0.039901990590526,3.00651434329002
133146.199308333,0.039749212775551,3.00555995488824
133156.199307667,0.039596434972096,3.00479644416682
133166.199307,0.039443657170813,3.00403293344539
133176.199307,0.039290879402171,3.00326942272397
133186.199307,0.039138101622937,3.00250591200254
133196.199313667,0.038985323723304,3.00174240128112
133206.199307667,0.038832546010686,3.00097889055969
133216.199307,0.038679768146463,3.00002450215791
133226.199307,0.038526990372901,2.99907011375613
133236.199307667,0.038374212562526,2.99830660303471
133246.199306667,0.038221434784136,2.99754309231328
133256.199306667,0.038068656937495,2.99677958159186
133266.199307,0.03791587913367,2.99582519319008
133276.199311333,0.037763101272266,2.99506168246865
133286.199307,0.037610323525462,2.99429817174723
133296.199307,0.037457545714582,2.99334378334545
133306.199307,0.037304767927738,2.99258027262402
133316.199307,0.037151990128966,2.9918167619026
133326.199307334,0.036999212318388,2.99086237350082
133336.199307,0.036846434528413,2.98990798509904
133346.199307,0.036693656699154,2.98914447437761
133356.199307,0.036540878957875,2.98819008597583
133366.199307,0.036388101141751,2.98723569757405
133376.199306667,0.036235323377488,2.98647218685263
133386.199308333,0.0360825455639,2.9857086761312
133396.199312,0.035929767696227,2.98494516540978
133406.199307,0.035776989978004,2.98379989932764
133416.199313,0.035624212113751,2.98303638860621
133426.199306667,0.035471434436849,2.98227287788479
133436.19931,0.035318656582945,2.98112761180265
133446.199307,0.035165878865399,2.98036410108123
133456.199307,0.035013101066264,2.9796005903598
133466.199307333,0.034860323268982,2.97864620195802
133476.199307333,0.034707545487479,2.97769181355624
133486.199307,0.034554767696932,2.97692830283482
133496.199341667,0.034401989380604,2.97597391443304
133506.199307667,0.034249212133578,2.97501952603126
133516.199307,0.03409643428233,2.97406513762947
133526.199307,0.033943656422795,2.97311074922769
133536.199307,0.033790878577094,2.97215636082591
133546.199307,0.033638100772011,2.97120197242413
133556.199306667,0.033485322985262,2.97043846170271
133566.199306667,0.03333254517938,2.96948407330093
133576.199307,0.033179767379128,2.96852968489915
133586.199487333,0.033026986807503,2.96757529649736
133596.199312667,0.03287421164672,2.96662090809558
133606.199307,0.03272143392166,2.9656665196938
133616.199307,0.032568656091553,2.96471213129202
133626.199311667,0.032415878243709,2.96375774289024
133636.199307,0.03226310051888,2.96280335448846
133646.199307,0.032110322747155,2.96184896608668
133656.199307,0.03195754492765,2.9608945776849
133666.199312667,0.031804767011044,2.95974931160276
133676.199525,0.031651985969017,2.95898580088134
133686.199307667,0.031499211432172,2.95803141247956
133696.199307,0.031346433654741,2.95688614639742
133706.199307,0.031193655859473,2.95593175799564
133716.199307,0.031040878014865,2.95497736959386
133726.199308667,0.03088810017617,2.95402298119208
133736.199307,0.030735322344474,2.95287771510994
133746.199312667,0.030582544433771,2.95211420438851
133756.199307667,0.030429766675675,2.95096893830638
133766.199312,0.030276988794528,2.94982367222424
133776.199307,0.030124211003967,2.94906016150282
133786.199311667,0.029971433058633,2.94791489542068
133796.199308667,0.029818655306258,2.94676962933854
133806.199307333,0.029665877449689,2.94600611861712
133816.199310667,0.02951309953128,2.94486085253498
133826.199307,0.029360321825341,2.94371558645284
133836.199307,0.029207544026465,2.94276119805106
133846.199307333,0.029054766224882,2.94161593196893
133856.199307,0.028901988428321,2.94066154356715
133866.199307,0.028749210605721,2.93951627748501
133876.199307,0.028596432774527,2.93837101140287
133886.199306667,0.028443654949621,2.93741662300109
133896.199307,0.028290877044478,2.93627135691895
133906.199307333,0.028138099177989,2.93531696851717
133916.199307,0.027985321349778,2.93417170243504
133926.199308,0.027832543375727,2.9330264363529
133936.199307,0.027679765637151,2.93207204795112
133946.199313667,0.027526987708682,2.93111765954934
133956.199308,0.027374209969523,2.9299723934672
133966.199307,0.02722143218185,2.92882712738506
133976.199307,0.027068654325808,2.92768186130293
133986.199312,0.026915876377407,2.92653659522079
133996.199310333,0.026763098398213,2.92539132913865
134006.199307,0.026610320591395,2.92443694073687
134016.199307,0.02645754272504,2.92310079697438
134026.199306667,0.026304764924958,2.92195553089224
134036.199354333,0.026151986373321,2.92100114249046
134046.199306667,0.025999209323863,2.91966499872797
134056.199307,0.02584643145295,2.91851973264583
134066.199307333,0.02569365361443,2.91737446656369
134076.199308,0.025540875682566,2.91622920048156
134086.199307,0.025388097833805,2.91508393439942
134096.199307,0.025235319949196,2.91374779063693
134106.199307,0.025082542106688,2.91279340223514
134116.199307,0.02492976424297,2.91145725847265
134126.199309,0.024776986309787,2.91031199239051
134136.199308,0.024624208557202,2.90916672630838
134146.199306667,0.0244714307759,2.90783058254588
134156.199538667,0.024318649410885,2.90668531646375
134166.199313334,0.02416587508061,2.90554005038161
134176.199307334,0.024013097316574,2.90401302893876
134186.199307,0.023860319504602,2.90286776285662
134196.199315333,0.023707541577641,2.90172249677449
134206.199307,0.023554763857556,2.90038635301199
134216.199307,0.023401986057528,2.89924108692986
134226.199310667,0.023249208188094,2.89790494316736
134236.199307667,0.023096430489174,2.89656879940487
134246.199307667,0.022943652622751,2.89523265564238
134256.199308,0.022790874789107,2.89408738956024
134266.199307,0.022638096935883,2.89256036811739
134276.199311334,0.022485319063667,2.89141510203525
134286.199312,0.022332541206015,2.89007895827276
134296.199307,0.022179763461217,2.88874281451027
134306.199307333,0.022026985622071,2.88740667074777
134316.199310333,0.021874207680665,2.88607052698528
134326.199307,0.021721429977016,2.88473438322279
134336.199307,0.021568652090047,2.88320736177994
134346.199307,0.021415874237705,2.8820620956978
134356.199307,0.021263096395235,2.88053507425495
134366.199307,0.021110318535868,2.87919893049246
134376.199307,0.020957540540527,2.87786278672997
134386.199307,0.020804762785431,2.87633576528712
134396.199307,0.020651984889733,2.87499962152462
134406.199307,0.020499207055271,2.87347260008177
134416.199311,0.020346429198516,2.87232733399964
134426.199307333,0.020193651414016,2.87060943487643
134436.199307,0.020040873581906,2.86927329111394
134446.199307333,0.019888095769828,2.86774626967109
134456.199307,0.019735317898479,2.8664101259086
134466.199309667,0.01958253994571,2.86488310446575
134476.199307,0.01942976202159,2.8633560830229
134486.199312667,0.019276984083106,2.86182906158005
134496.199307,0.019124206368103,2.86049291781755
134506.199311,0.018971428468859,2.85877501869435
134516.199311667,0.018818650656608,2.8572479972515
134526.199306667,0.01866587280625,2.85572097580865
134536.199307333,0.018513094954327,2.8541939543658
134546.199307,0.018360317098174,2.85247605524259
134556.199312,0.018207539195677,2.8511399114801
134566.199307,0.018054761351829,2.8494220123569
134576.199307,0.017901983438089,2.84789499091405
134586.199311667,0.017749205480185,2.84617709179084
134596.199307333,0.01759642758489,2.84465007034799
134606.199307,0.017443649819885,2.84293217122479
134616.199307667,0.017290871939987,2.84140514978194
134626.199306667,0.017138094065809,2.83968725065873
134636.199307,0.016985316227179,2.83796935153553
134646.199310334,0.016832538349895,2.83625145241232
134656.199310333,0.016679760522378,2.83453355328911
134666.199307,0.016526982773864,2.83300653184627
134676.199310333,0.016374204909153,2.8310977550427
134686.199306667,0.016221427125536,2.82957073359985
134696.199307,0.016068649386215,2.82766195679629
134706.199310667,0.015915871534059,2.82594405767309
134716.199309333,0.015763093762527,2.82422615854988
134726.199309,0.015610315988527,2.82231738174632
134736.199312667,0.015457538127637,2.82059948262311
134746.199307,0.015304760417822,2.81869070581955
134756.199307,0.015151982629292,2.81697280669635
134766.199307,0.014999204844675,2.81506402989279
134776.199307,0.014846427042614,2.81315525308922
134786.199311333,0.014693649186415,2.81124647628566
134796.199312667,0.014540871382066,2.8093376994821
134806.199306667,0.014388093660869,2.80742892267854
134816.199307333,0.014235315858479,2.80552014587498
134826.199307,0.01408253808708,2.80342049139106
134836.199313,0.01392976016037,2.8015117145875
134846.199307,0.013776982491667,2.79960293778394
134856.199307667,0.01362420463585,2.79750328330002
134866.199307,0.013471426843177,2.7954036288161
134876.19931,0.013318649005985,2.79349485201254
134886.199310667,0.013165871188747,2.79120431984826
134896.199307,0.013013093413496,2.7892955430447
134906.199307,0.012860315610956,2.78719588856078
134916.199307,0.012707537827175,2.78490535639651
134926.199307,0.012554759995354,2.78280570191259
134936.199308667,0.012401982160907,2.78070604742868
134946.199307,0.012249204364225,2.7784155152644
134956.199306667,0.012096426580565,2.77631586078048
134966.199307,0.011943648757398,2.77402532861621
134976.199307,0.011790870872908,2.77173479645193
134986.199307,0.011638093038234,2.76944426428766
134996.199314,0.011485315171753,2.76715373212339
135006.199307,0.011332537376907,2.76486319995911
135016.199306667,0.01117975950806,2.76257266779484
135026.199307,0.011026981625777,2.76009125795021
135036.199312,0.010874203750664,2.75760984810558
135046.199311667,0.010721425967778,2.75512843826095
135056.199307667,0.010568648198584,2.75264702841632
135066.199308667,0.010415870382872,2.75016561857169
135076.19931,0.010263092557653,2.74768420872706
135086.199307,0.010110314751654,2.74501192120207
135096.199307,0.00995753695590601,2.74233963367708
135106.199308667,0.00980475896365299,2.73985822383245
135116.199306667,0.009651981113625,2.73718593630747
135126.199307334,0.00949920330770701,2.73451364878248
135136.199314333,0.00934642531287899,2.73165048357714
135146.199307,0.00919364762795899,2.7287873183718
135156.199307667,0.00904086980094901,2.72611503084681
135166.199309667,0.00888809195337201,2.72325186564147
135176.199307,0.00873531419041601,2.72038870043613
135186.199307,0.008582536393273,2.71733465755043
135196.199307,0.00842975859634301,2.71447149234508
135206.199308667,0.00827698080674499,2.71122657177903
135216.199313,0.00812420295451599,2.70817252889333
135226.199307,0.007971425289659,2.70511848600763
135236.199307,0.00781864746010899,2.70206444312193
135246.199307333,0.00766586964340099,2.69862864487552
135256.199311333,0.00751309162427899,2.69538372430947
135266.199307,0.007360314017122,2.69213880374341
135276.199307,0.00720753620613901,2.688703005497
135286.199307333,0.00705475838926201,2.68507632957023
135296.199309333,0.006901980497621,2.68144965364347
135306.199309667,0.00674920267831799,2.6778229777167
135316.199307667,0.00659642491769799,2.67419630178993
135326.199307,0.00644364710002501,2.67037874818281
135336.199307667,0.006290869320277,2.66656119457569
135346.199307,0.00613809151480701,2.66255276328821
135356.199313,0.00598531359499901,2.65854433200073
135366.199307,0.005832535900437,2.65434502303289
135376.199308,0.00567975804360801,2.65014571406506
135386.199311667,0.005526980184692,2.64594640509722
135396.199307667,0.00537420244294701,2.64155621844903
135406.199307667,0.00522142465101,2.63735690948119
135416.199306667,0.005068646838989,2.63258496747229
135426.19931,0.004915868998003,2.62800390314374
135436.199307333,0.00476309123055099,2.62323196113484
135446.199312,0.00461031335975901,2.61846001912593
135456.199307,0.00445753557112799,2.61349719943667
135466.199309334,0.00430475779474099,2.60834350206705
135476.199307,0.004151980028748,2.60318980469744
135486.199306667,0.00399920216105801,2.59765435196711
135496.199307,0.003846424326612,2.59211889923678
135506.199308,0.00369364644878201,2.58639256882609
135516.199307,0.003540868654727,2.5802844830547
135526.199307667,0.00338809085887001,2.5741763972833
135536.199307,0.003235313112357,2.56768655615119
135546.199307,0.00308253531790401,2.56062408197801
135556.199312333,0.00292975740231499,2.55317985244412
135566.199307,0.00277697966656701,2.54535386754952
135576.199307667,0.002624201853859,2.5371461272942
135586.199307,0.00247142405987999,2.52779312095675
135596.199312667,0.00231864614229499,2.51767660389787
135606.199569,0.002165864414614,2.50660569843722
135616.199307,0.00201309052096599,2.49438952689442
135626.199307,0.00186031274391099,2.48102808926949
135636.199307,0.001707534883408,2.46652138556242
135646.199307,0.00155475705187599,2.45067853809286
135656.199307,0.00140197922454499,2.43388130222152
135666.199307334,0.001249201339456,2.41593880026804
135676.199307667,0.001096423559452,2.39646927687171
135686.199307,0.000943645740657001,2.37528185435217
135696.199307,0.000790867952703,2.35199477734872
135706.199307,0.000638090145547998,2.32603541282028
135716.199307,0.000485312359979007,2.295876739324
135726.199307,0.000332534521186006,2.26170963454025
135736.199307,0.00017975671506601,2.22353409846902
135746.199306667,2.69789283010025e-05,2.18249539719244
135756.199307334,-0.000125798855374004,2.14012055215337
135766.199311,-0.000278576693457988,2.0977457071143
135776.199307,-0.000431354425144997,2.05651612815737
135786.199307,-0.000584132187532005,2.01757708136471
135790.933501,-0.000656460167806988,1.99982545709159
135790.939522667,-0.000656552165931995,1.99982545709159
