t_s,current_A,voltage_V,cell_heat_W,soc,cell_temperature_K,coolant_inlet_K,coolant_outlet_K,module_heat_removed_W
4838400.0,0.0,4.042080001281207,0.0,0.8,313.7073587283352,313.7073589999985,313.707359000786,4.096014890819788e-08
4838403.600000054,0.0,4.042080001281207,0.0,0.8,313.7073587283352,313.7073589999985,313.707359000786,4.096014890819788e-08
4838407.200000107,0.0,4.042080001281207,0.0,0.8,313.7073587283352,313.7073589999985,313.707359000786,4.096014890819788e-08
4838414.400000215,0.0,4.042080001281205,0.0,0.8,313.7073587283352,313.7073589999985,313.707359000786,4.096014890819788e-08
4838428.800000429,0.0,4.042080001281205,0.0,0.8,313.7073587283352,313.7073589999985,313.707359000786,4.096014890819788e-08
4838457.600000858,0.0,4.042080001281208,0.0,0.8,313.7073587283352,313.7073589999985,313.707359000786,4.096014890819788e-08
4838515.200001718,0.0,4.042080001281207,0.0,0.8,313.7073587283352,313.7073589999985,313.707359000786,4.096014890819788e-08
4838630.400003434,0.0,4.042080001281205,0.0,0.8,313.7073587283352,313.7073589999985,313.707359000786,4.096014890819788e-08
4838760.0,0.0,4.04208000128121,0.0,0.8,313.7073587283352,313.7073589999985,313.707359000786,4.096014890819788e-08
4838763.240000053,0.0,4.04208000128121,0.0,0.8,313.7073587283352,313.7073589999985,313.707359000786,4.096014890819788e-08
4838766.480000108,0.0,4.04208000128121,0.0,0.8,313.7073587283352,313.7073589999985,313.707359000786,4.096014890819788e-08
4838772.960000215,0.0,4.04208000128121,0.0,0.8,313.7073587283352,313.7073589999985,313.707359000786,4.096014890819788e-08
4838785.920000429,0.0,4.04208000128121,0.0,0.8,313.7073587283352,313.7073589999985,313.707359000786,4.096014890819788e-08
4838811.8400008585,0.0,4.04208000128121,0.0,0.8,313.7073587283352,313.7073589999985,313.707359000786,4.096014890819788e-08
4838863.680001717,0.0,4.042080001281208,0.0,0.8,313.7073587283352,313.7073589999985,313.707359000786,4.096014890819788e-08
4838967.360003434,0.0,4.042080001281208,0.0,0.8,313.7073587283352,313.7073589999985,313.707359000786,4.096014890819788e-08
4839120.0,0.0,4.042080001281208,0.0,0.8,313.7073587283352,313.7073589999985,313.707359000786,4.096014890819788e-08
4839122.880000054,0.0,4.042080001281208,0.0,0.8,313.7073587283352,313.7073589999985,313.707359000786,4.096014890819788e-08
4839125.760000107,0.0,4.042080001281208,0.0,0.8,313.7073587283352,313.7073589999985,313.707359000786,4.096014890819788e-08
4839131.520000215,0.0,4.042080001281208,0.0,0.8,313.7073587283352,313.7073589999985,313.707359000786,4.096014890819788e-08
4839143.040000429,0.0,4.042080001281208,0.0,0.8,313.7073587283352,313.7073589999985,313.707359000786,4.096014890819788e-08
4839166.080000859,0.0,4.042080001281208,0.0,0.8,313.7073587283352,313.7073589999985,313.707359000786,4.096014890819788e-08
4839212.1600017175,0.0,4.042080001281208,0.0,0.8,313.7073587283352,313.7073589999985,313.707359000786,4.096014890819788e-08
4839304.320003434,0.0,4.042080001281208,0.0,0.8,313.7073587283352,313.7073589999985,313.707359000786,4.096014890819788e-08
4839480.0,0.0,4.042080001281207,0.0,0.8,313.7073587283352,313.7073589999985,313.707359000786,4.096014890819788e-08
4839482.520000054,0.0,4.042080001281207,0.0,0.8,313.7073587283352,313.7073589999985,313.707359000786,4.096014890819788e-08
4839485.040000107,0.0,4.042080001281207,0.0,0.8,313.7073587283352,313.7073589999985,313.707359000786,4.096014890819788e-08
4839490.080000214,0.0,4.042080001281207,0.0,0.8,313.7073587283352,313.7073589999985,313.707359000786,4.096014890819788e-08
4839500.1600004295,0.0,4.042080001281207,0.0,0.8,313.7073587283352,313.7073589999985,313.707359000786,4.096014890819788e-08
4839520.320000859,0.0,4.042080001281207,0.0,0.8,313.7073587283352,313.7073589999985,313.707359000786,4.096014890819788e-08
4839560.640001717,0.0,4.042080001281207,0.0,0.8,313.7073587283352,313.7073589999985,313.707359000786,4.096014890819788e-08
4839641.280003434,0.0,4.042080001281208,0.0,0.8,313.7073587283352,313.7073589999985,313.707359000786,4.096014890819788e-08
4839802.560006868,0.0,4.042080001281208,0.0,0.8,313.7073587283352,313.7073589999985,313.707359000786,4.096014890819788e-08
4839840.0,0.0,4.042080001281208,0.0,0.8,313.7073587283352,313.7073589999985,313.707359000786,4.096014890819788e-08
4839842.160000053,0.0,4.042080001281208,0.0,0.8,313.7073587283352,313.7073589999985,313.707359000786,4.096014890819788e-08
4839844.320000107,0.0,4.042080001281208,0.0,0.8,313.7073587283352,313.7073589999985,313.707359000786,4.096014890819788e-08
4839848.640000215,0.0,4.042080001281208,0.0,0.8,313.7073587283352,313.7073589999985,313.707359000786,4.096014890819788e-08
4839857.28000043,0.0,4.042080001281208,0.0,0.8,313.7073587283352,313.7073589999985,313.707359000786,4.096014890819788e-08
4839874.560000858,0.0,4.04208000128121,0.0,0.8,313.7073587283352,313.7073589999985,313.707359000786,4.096014890819788e-08
4839909.1200017175,0.0,4.04208000128121,0.0,0.8,313.7073587283352,313.7073589999985,313.707359000786,4.096014890819788e-08
4839978.240003434,0.0,4.04208000128121,0.0,0.8,313.7073587283352,313.7073589999985,313.707359000786,4.096014890819788e-08
4840116.480006868,0.0,4.042080001281212,0.0,0.8,313.7073587283352,313.7073589999985,313.707359000786,4.096014890819788e-08
4840200.0,0.0,4.04208000128121,0.0,0.8,313.7073587283352,313.7073589999985,313.707359000786,4.096014890819788e-08
4840201.800000054,0.0,4.04208000128121,0.0,0.8,313.7073587283352,313.7073589999985,313.707359000786,4.096014890819788e-08
4840203.600000108,0.0,4.04208000128121,0.0,0.8,313.7073587283352,313.7073589999985,313.707359000786,4.096014890819788e-08
4840207.200000214,0.0,4.04208000128121,0.0,0.8,313.7073587283352,313.7073589999985,313.707359000786,4.096014890819788e-08
4840214.40000043,0.0,4.042080001281212,0.0,0.8,313.7073587283352,313.7073589999985,313.707359000786,4.096014890819788e-08
4840228.8000008585,0.0,4.042080001281212,0.0,0.8,313.7073587283352,313.7073589999985,313.707359000786,4.096014890819788e-08
4840257.600001717,0.0,4.042080001281212,0.0,0.8,313.7073587283352,313.7073589999985,313.707359000786,4.096014890819788e-08
4840315.200003434,0.0,4.042080001281214,0.0,0.8,313.7073587283352,313.7073589999985,313.707359000786,4.096014890819788e-08
4840430.400006868,0.0,4.04208000128121,0.0,0.8,313.7073587283352,313.7073589999985,313.707359000786,4.096014890819788e-08
4840560.0,0.0,4.042080001281212,0.0,0.8,313.7073587283352,313.7073589999985,313.707359000786,4.096014890819788e-08
4840561.4400000535,0.0,4.042080001281212,0.0,0.8,313.7073587283352,313.7073589999985,313.707359000786,4.096014890819788e-08
4840562.880000107,0.0,4.042080001281212,0.0,0.8,313.7073587283352,313.7073589999985,313.707359000786,4.096014890819788e-08
4840565.760000215,0.0,4.042080001281212,0.0,0.8,313.7073587283352,313.7073589999985,313.707359000786,4.096014890819788e-08
4840571.520000429,0.0,4.042080001281212,0.0,0.8,313.7073587283352,313.7073589999985,313.707359000786,4.096014890819788e-08
4840583.040000859,0.0,4.042080001281212,0.0,0.8,313.7073587283352,313.7073589999985,313.707359000786,4.096014890819788e-08
4840606.080001717,0.0,4.042080001281212,0.0,0.8,313.7073587283352,313.7073589999985,313.707359000786,4.096014890819788e-08
4840652.160003434,0.0,4.042080001281212,0.0,0.8,313.7073587283352,313.7073589999985,313.707359000786,4.096014890819788e-08
4840744.320006869,0.0,4.04208000128121,0.0,0.8,313.7073587283352,313.7073589999985,313.707359000786,4.096014890819788e-08
4840920.0,0.0,4.042080001281212,0.0,0.8,313.7073587283352,313.7073589999985,313.707359000786,4.096014890819788e-08
4840921.080000054,0.0,4.042080001281212,0.0,0.8,313.7073587283352,313.7073589999985,313.707359000786,4.096014890819788e-08
4840922.160000107,0.0,4.042080001281212,0.0,0.8,313.7073587283352,313.7073589999985,313.707359000786,4.096014890819788e-08
4840924.3200002145,0.0,4.042080001281212,0.0,0.8,313.7073587283352,313.7073589999985,313.707359000786,4.096014890819788e-08
4840928.640000429,0.0,4.042080001281212,0.0,0.8,313.7073587283352,313.7073589999985,313.707359000786,4.096014890819788e-08
4840937.280000859,0.0,4.042080001281212,0.0,0.8,313.7073587283352,313.7073589999985,313.707359000786,4.096014890819788e-08
4840954.560001717,0.0,4.042080001281212,0.0,0.8,313.7073587283352,313.7073589999985,313.707359000786,4.096014890819788e-08
4840989.120003434,0.0,4.042080001281214,0.0,0.8,313.7073587283352,313.7073589999985,313.707359000786,4.096014890819788e-08
4841058.240006869,0.0,4.042080001281214,0.0,0.8,313.7073587283352,313.7073589999985,313.707359000786,4.096014890819788e-08
4841196.4800137365,0.0,4.042080001281212,0.0,0.8,313.7073587283352,313.7073589999985,313.707359000786,4.096014890819788e-08
4841280.0,0.0,4.04208000128121,0.0,0.8,313.7073587283352,313.7073589999985,313.707359000786,4.096014890819788e-08
4841280.720000054,0.0,4.04208000128121,0.0,0.8,313.7073587283352,313.7073589999985,313.707359000786,4.096014890819788e-08
4841281.4400001075,0.0,4.04208000128121,0.0,0.8,313.7073587283352,313.7073589999985,313.707359000786,4.096014890819788e-08
4841282.880000215,0.0,4.04208000128121,0.0,0.8,313.7073587283352,313.7073589999985,313.707359000786,4.096014890819788e-08
4841285.760000429,0.0,4.04208000128121,0.0,0.8,313.7073587283352,313.7073589999985,313.707359000786,4.096014890819788e-08
4841291.520000858,0.0,4.04208000128121,0.0,0.8,313.7073587283352,313.7073589999985,313.707359000786,4.096014890819788e-08
4841303.040001717,0.0,4.04208000128121,0.0,0.8,313.7073587283352,313.7073589999985,313.707359000786,4.096014890819788e-08
4841326.080003434,0.0,4.042080001281214,0.0,0.8,313.7073587283352,313.7073589999985,313.707359000786,4.096014890819788e-08
4841372.160006869,0.0,4.042080001281208,0.0,0.8,313.7073587283352,313.7073589999985,313.707359000786,4.096014890819788e-08
4841464.320013736,0.0,4.042080001281212,0.0,0.8,313.7073587283352,313.7073589999985,313.707359000786,4.096014890819788e-08
4841640.0,0.0,4.042080001281214,0.0,0.8,313.7073587283352,313.7073589999985,313.707359000786,4.096014890819788e-08
4841640.360000053,0.0,4.042080001281214,0.0,0.8,313.7073587283352,313.7073589999985,313.707359000786,4.096014890819788e-08
4841640.720000108,0.0,4.042080001281214,0.0,0.8,313.7073587283352,313.7073589999985,313.707359000786,4.096014890819788e-08
4841641.440000215,0.0,4.042080001281214,0.0,0.8,313.7073587283352,313.7073589999985,313.707359000786,4.096014890819788e-08
4841642.880000429,0.0,4.042080001281214,0.0,0.8,313.7073587283352,313.7073589999985,313.707359000786,4.096014890819788e-08
4841645.760000858,0.0,4.042080001281214,0.0,0.8,313.7073587283352,313.7073589999985,313.707359000786,4.096014890819788e-08
4841651.520001717,0.0,4.042080001281214,0.0,0.8,313.7073587283352,313.7073589999985,313.707359000786,4.096014890819788e-08
4841663.040003434,0.0,4.042080001281214,0.0,0.8,313.7073587283352,313.7073589999985,313.707359000786,4.096014890819788e-08
4841686.080006869,0.0,4.042080001281214,0.0,0.8,313.7073587283352,313.7073589999985,313.707359000786,4.096014890819788e-08
4841732.160013737,0.0,4.042080001281214,0.0,0.8,313.7073587283352,313.7073589999985,313.707359000786,4.096014890819788e-08
4841824.320027473,0.0,4.042080001281214,0.0,0.8,313.7073587283352,313.7073589999985,313.707359000786,4.096014890819788e-08
4842000.0,0.0,4.042080001281214,0.0,0.8,313.7073587283352,313.7073589999985,313.707359000786,4.096014890819788e-08
4845600.0,0.0,4.042080001281214,0.0,0.8,312.75384848818885,312.7538479999901,312.7538479999901,0.0
4845603.600000108,0.0,4.042080001281214,0.0,0.8,312.75384848818885,312.7538479999901,312.7538479999901,0.0
4845607.200000214,0.0,4.042080001281214,0.0,0.8,312.75384848818885,312.7538479999901,312.7538479999901,0.0
4845614.400000429,0.0,4.042080001281214,0.0,0.8,312.75384848818885,312.7538479999901,312.7538479999901,0.0
4845628.8000008585,0.0,4.042080001281214,0.0,0.8,312.75384848818885,312.7538479999901,312.7538479999901,0.0
4845657.600001717,0.0,4.042080001281214,0.0,0.8,312.75384848818885,312.7538479999901,312.7538479999901,0.0
4845715.200003434,0.0,4.042080001281214,0.0,0.8,312.75384848818885,312.7538479999901,312.7538479999901,0.0
4845830.400006867,0.0,4.042080001281214,0.0,0.8,312.75384848818885,312.7538479999901,312.7538479999901,0.0
4845960.0,0.0,4.042080001281214,0.0,0.8,312.75384848818885,312.7538479999901,312.7538479999901,0.0
4845963.240000107,0.0,4.042080001281214,0.0,0.8,312.75384848818885,312.7538479999901,312.7538479999901,0.0
4845966.480000215,0.0,4.042080001281214,0.0,0.8,312.75384848818885,312.7538479999901,312.7538479999901,0.0
4845972.960000429,0.0,4.042080001281214,0.0,0.8,312.75384848818885,312.7538479999901,312.7538479999901,0.0
4845985.920000859,0.0,4.042080001281214,0.0,0.8,312.75384848818885,312.7538479999901,312.7538479999901,0.0
4846011.840001717,0.0,4.042080001281214,0.0,0.8,312.75384848818885,312.7538479999901,312.7538479999901,0.0
4846063.6800034335,0.0,4.042080001281214,0.0,0.8,312.75384848818885,312.7538479999901,312.7538479999901,0.0
4846167.360006867,0.0,4.042080001281207,0.0,0.8,312.75384848818885,312.7538479999901,312.7538479999901,0.0
4846320.0,0.0,4.042080001281208,0.0,0.8,312.75384848818885,312.7538479999901,312.7538479999901,0.0
4846322.880000107,0.0,4.042080001281208,0.0,0.8,312.75384848818885,312.7538479999901,312.7538479999901,0.0
4846325.760000215,0.0,4.042080001281208,0.0,0.8,312.75384848818885,312.7538479999901,312.7538479999901,0.0
4846331.520000429,0.0,4.042080001281208,0.0,0.8,312.75384848818885,312.7538479999901,312.7538479999901,0.0
4846343.040000859,0.0,4.042080001281208,0.0,0.8,312.75384848818885,312.7538479999901,312.7538479999901,0.0
4846366.0800017165,0.0,4.042080001281208,0.0,0.8,312.75384848818885,312.7538479999901,312.7538479999901,0.0
4846412.160003434,0.0,4.042080001281208,0.0,0.8,312.75384848818885,312.7538479999901,312.7538479999901,0.0
4846504.320006868,0.0,4.042080001281208,0.0,0.8,312.75384848818885,312.7538479999901,312.7538479999901,0.0
4846680.0,0.0,4.04208000128121,0.0,0.8,312.75384848818885,312.7538479999901,312.7538479999901,0.0
4846682.520000108,0.0,4.04208000128121,0.0,0.8,312.75384848818885,312.7538479999901,312.7538479999901,0.0
4846685.040000214,0.0,4.04208000128121,0.0,0.8,312.75384848818885,312.7538479999901,312.7538479999901,0.0
4846690.080000429,0.0,4.04208000128121,0.0,0.8,312.75384848818885,312.7538479999901,312.7538479999901,0.0
4846700.160000859,0.0,4.042080001281207,0.0,0.8,312.75384848818885,312.7538479999901,312.7538479999901,0.0
4846720.320001717,0.0,4.042080001281207,0.0,0.8,312.75384848818885,312.7538479999901,312.7538479999901,0.0
4846760.640003433,0.0,4.042080001281207,0.0,0.8,312.75384848818885,312.7538479999901,312.7538479999901,0.0
4846841.280006868,0.0,4.042080001281207,0.0,0.8,312.75384848818885,312.7538479999901,312.7538479999901,0.0
4847002.560013735,0.0,4.042080001281208,0.0,0.8,312.75384848818885,312.7538479999901,312.7538479999901,0.0
4847040.0,0.0,4.042080001281208,0.0,0.8,312.75384848818885,312.7538479999901,312.7538479999901,0.0
4847042.160000107,0.0,4.042080001281208,0.0,0.8,312.75384848818885,312.7538479999901,312.7538479999901,0.0
4847044.3200002145,0.0,4.042080001281208,0.0,0.8,312.75384848818885,312.7538479999901,312.7538479999901,0.0
4847048.640000429,0.0,4.042080001281208,0.0,0.8,312.75384848818885,312.7538479999901,312.7538479999901,0.0
4847057.280000858,0.0,4.042080001281208,0.0,0.8,312.75384848818885,312.7538479999901,312.7538479999901,0.0
4847074.560001717,0.0,4.042080001281208,0.0,0.8,312.75384848818885,312.7538479999901,312.7538479999901,0.0
4847109.120003434,0.0,4.042080001281208,0.0,0.8,312.75384848818885,312.7538479999901,312.7538479999901,0.0
4847178.240006868,0.0,4.042080001281208,0.0,0.8,312.75384848818885,312.7538479999901,312.7538479999901,0.0
4847316.480013735,0.0,4.042080001281207,0.0,0.8,312.75384848818885,312.7538479999901,312.7538479999901,0.0
4847400.0,0.0,4.042080001281208,0.0,0.8,312.75384848818885,312.7538479999901,312.7538479999901,0.0
4847401.800000107,0.0,4.042080001281208,0.0,0.8,312.75384848818885,312.7538479999901,312.7538479999901,0.0
4847403.600000215,0.0,4.042080001281208,0.0,0.8,312.75384848818885,312.7538479999901,312.7538479999901,0.0
4847407.2000004295,0.0,4.042080001281208,0.0,0.8,312.75384848818885,312.7538479999901,312.7538479999901,0.0
4847414.400000858,0.0,4.042080001281208,0.0,0.8,312.75384848818885,312.7538479999901,312.7538479999901,0.0
4847428.800001717,0.0,4.042080001281208,0.0,0.8,312.75384848818885,312.7538479999901,312.7538479999901,0.0
4847457.600003433,0.0,4.042080001281208,0.0,0.8,312.75384848818885,312.7538479999901,312.7538479999901,0.0
4847515.200006868,0.0,4.042080001281212,0.0,0.8,312.75384848818885,312.7538479999901,312.7538479999901,0.0
4847630.400013735,0.0,4.042080001281212,0.0,0.8,312.75384848818885,312.7538479999901,312.7538479999901,0.0
4847760.0,0.0,4.0420800012812155,0.0,0.8,312.75384848818885,312.7538479999901,312.7538479999901,0.0
4847761.4400001075,0.0,4.0420800012812155,0.0,0.8,312.75384848818885,312.7538479999901,312.7538479999901,0.0
4847762.880000215,0.0,4.0420800012812155,0.0,0.8,312.75384848818885,312.7538479999901,312.7538479999901,0.0
4847765.760000429,0.0,4.0420800012812155,0.0,0.8,312.75384848818885,312.7538479999901,312.7538479999901,0.0
4847771.520000858,0.0,4.0420800012812155,0.0,0.8,312.75384848818885,312.7538479999901,312.7538479999901,0.0
4847783.040001716,0.0,4.0420800012812155,0.0,0.8,312.75384848818885,312.7538479999901,312.7538479999901,0.0
4847806.080003434,0.0,4.042080001281217,0.0,0.8,312.75384848818885,312.7538479999901,312.7538479999901,0.0
4847852.160006868,0.0,4.0420800012812155,0.0,0.8,312.75384848818885,312.7538479999901,312.7538479999901,0.0
4847944.3200137345,0.0,4.0420800012812155,0.0,0.8,312.75384848818885,312.7538479999901,312.7538479999901,0.0
4848120.0,0.0,4.042080001281217,0.0,0.8,312.75384848818885,312.7538479999901,312.7538479999901,0.0
4848121.080000107,0.0,4.042080001281217,0.0,0.8,312.75384848818885,312.7538479999901,312.7538479999901,0.0
4848122.160000214,0.0,4.042080001281217,0.0,0.8,312.75384848818885,312.7538479999901,312.7538479999901,0.0
4848124.32000043,0.0,4.042080001281217,0.0,0.8,312.75384848818885,312.7538479999901,312.7538479999901,0.0
4848128.640000858,0.0,4.042080001281217,0.0,0.8,312.75384848818885,312.7538479999901,312.7538479999901,0.0
4848137.280001717,0.0,4.042080001281217,0.0,0.8,312.75384848818885,312.7538479999901,312.7538479999901,0.0
4848154.560003433,0.0,4.042080001281217,0.0,0.8,312.75384848818885,312.7538479999901,312.7538479999901,0.0
4848189.120006868,0.0,4.0420800012812155,0.0,0.8,312.75384848818885,312.7538479999901,312.7538479999901,0.0
4848258.240013734,0.0,4.042080001281217,0.0,0.8,312.75384848818885,312.7538479999901,312.7538479999901,0.0
4848396.48002747,0.0,4.0420800012812155,0.0,0.8,312.75384848818885,312.7538479999901,312.7538479999901,0.0
4848480.0,0.0,4.042080001281217,0.0,0.8,312.75384848818885,312.7538479999901,312.7538479999901,0.0
4848480.720000107,0.0,4.042080001281217,0.0,0.8,312.75384848818885,312.7538479999901,312.7538479999901,0.0
4848481.440000215,0.0,4.042080001281217,0.0,0.8,312.75384848818885,312.7538479999901,312.7538479999901,0.0
4848482.880000429,0.0,4.042080001281217,0.0,0.8,312.75384848818885,312.7538479999901,312.7538479999901,0.0
4848485.760000858,0.0,4.042080001281217,0.0,0.8,312.75384848818885,312.7538479999901,312.7538479999901,0.0
4848491.520001717,0.0,4.042080001281217,0.0,0.8,312.75384848818885,312.7538479999901,312.7538479999901,0.0
4848503.040003434,0.0,4.042080001281217,0.0,0.8,312.75384848818885,312.7538479999901,312.7538479999901,0.0
4848526.080006868,0.0,4.0420800012812155,0.0,0.8,312.75384848818885,312.7538479999901,312.7538479999901,0.0
4848572.160013734,0.0,4.0420800012812155,0.0,0.8,312.75384848818885,312.7538479999901,312.7538479999901,0.0
4848664.32002747,0.0,4.0420800012812155,0.0,0.8,312.75384848818885,312.7538479999901,312.7538479999901,0.0
4848840.0,0.0,4.042080001281219,0.0,0.8,312.75384848818885,312.7538479999901,312.7538479999901,0.0
4848840.360000107,0.0,4.042080001281219,0.0,0.8,312.75384848818885,312.7538479999901,312.7538479999901,0.0
4848840.720000215,0.0,4.042080001281219,0.0,0.8,312.75384848818885,312.7538479999901,312.7538479999901,0.0
4848841.440000429,0.0,4.042080001281219,0.0,0.8,312.75384848818885,312.7538479999901,312.7538479999901,0.0
4848842.880000859,0.0,4.042080001281219,0.0,0.8,312.75384848818885,312.7538479999901,312.7538479999901,0.0
4848845.760001717,0.0,4.042080001281219,0.0,0.8,312.75384848818885,312.7538479999901,312.7538479999901,0.0
4848851.520003433,0.0,4.042080001281219,0.0,0.8,312.75384848818885,312.7538479999901,312.7538479999901,0.0
4848863.040006868,0.0,4.042080001281219,0.0,0.8,312.75384848818885,312.7538479999901,312.7538479999901,0.0
4848886.080013735,0.0,4.0420800012812155,0.0,0.8,312.75384848818885,312.7538479999901,312.7538479999901,0.0
4848932.1600274695,0.0,4.0420800012812155,0.0,0.8,312.75384848818885,312.7538479999901,312.7538479999901,0.0
4849024.320054939,0.0,4.0420800012812155,0.0,0.8,312.75384848818885,312.7538479999901,312.7538479999901,0.0
4849200.0,0.0,4.042080001281219,0.0,0.8,312.75384848818885,312.7538479999901,312.7538479999901,0.0
4852800.0,0.0,4.042080001281219,0.0,0.8,312.1544453071617,312.15444500026734,312.15444500026734,0.0
4852803.600000161,0.0,4.042080001281219,0.0,0.8,312.1544453071617,312.15444500026734,312.15444500026734,0.0
4852807.2000003215,0.0,4.042080001281219,0.0,0.8,312.1544453071617,312.15444500026734,312.15444500026734,0.0
4852814.400000644,0.0,4.042080001281219,0.0,0.8,312.1544453071617,312.15444500026734,312.15444500026734,0.0
4852828.800001288,0.0,4.042080001281219,0.0,0.8,312.1544453071617,312.15444500026734,312.15444500026734,0.0
4852857.600002575,0.0,4.042080001281219,0.0,0.8,312.1544453071617,312.15444500026734,312.15444500026734,0.0
4852915.20000515,0.0,4.042080001281219,0.0,0.8,312.1544453071617,312.15444500026734,312.15444500026734,0.0
4853030.400010301,0.0,4.042080001281219,0.0,0.8,312.1544453071617,312.15444500026734,312.15444500026734,0.0
4853160.0,0.0,4.042080001281219,0.0,0.8,312.1544453071617,312.15444500026734,312.15444500026734,0.0
4853163.240000161,0.0,4.042080001281219,0.0,0.8,312.1544453071617,312.15444500026734,312.15444500026734,0.0
4853166.480000322,0.0,4.042080001281219,0.0,0.8,312.1544453071617,312.15444500026734,312.15444500026734,0.0
4853172.9600006435,0.0,4.042080001281219,0.0,0.8,312.1544453071617,312.15444500026734,312.15444500026734,0.0
4853185.920001288,0.0,4.042080001281219,0.0,0.8,312.1544453071617,312.15444500026734,312.15444500026734,0.0
4853211.840002575,0.0,4.042080001281219,0.0,0.8,312.1544453071617,312.15444500026734,312.15444500026734,0.0
4853263.68000515,0.0,4.042080001281217,0.0,0.8,312.1544453071617,312.15444500026734,312.15444500026734,0.0
4853367.360010301,0.0,4.042080001281217,0.0,0.8,312.1544453071617,312.15444500026734,312.15444500026734,0.0
4853520.0,0.0,4.042080001281217,0.0,0.8,312.1544453071617,312.15444500026734,312.15444500026734,0.0
4853522.880000161,0.0,4.042080001281217,0.0,0.8,312.1544453071617,312.15444500026734,312.15444500026734,0.0
4853525.760000322,0.0,4.042080001281217,0.0,0.8,312.1544453071617,312.15444500026734,312.15444500026734,0.0
4853531.520000644,0.0,4.042080001281217,0.0,0.8,312.1544453071617,312.15444500026734,312.15444500026734,0.0
4853543.040001287,0.0,4.042080001281217,0.0,0.8,312.1544453071617,312.15444500026734,312.15444500026734,0.0
4853566.080002575,0.0,4.042080001281217,0.0,0.8,312.1544453071617,312.15444500026734,312.15444500026734,0.0
4853612.16000515,0.0,4.042080001281217,0.0,0.8,312.1544453071617,312.15444500026734,312.15444500026734,0.0
4853704.320010301,0.0,4.042080001281217,0.0,0.8,312.1544453071617,312.15444500026734,312.15444500026734,0.0
4853880.0,0.0,4.042080001281217,0.0,0.8,312.1544453071617,312.15444500026734,312.15444500026734,0.0
4853882.520000161,0.0,4.042080001281217,0.0,0.8,312.1544453071617,312.15444500026734,312.15444500026734,0.0
4853885.040000322,0.0,4.042080001281217,0.0,0.8,312.1544453071617,312.15444500026734,312.15444500026734,0.0
4853890.080000644,0.0,4.042080001281217,0.0,0.8,312.1544453071617,312.15444500026734,312.15444500026734,0.0
4853900.160001287,0.0,4.042080001281217,0.0,0.8,312.1544453071617,312.15444500026734,312.15444500026734,0.0
4853920.320002575,0.0,4.042080001281217,0.0,0.8,312.1544453071617,312.15444500026734,312.15444500026734,0.0
4853960.64000515,0.0,4.042080001281217,0.0,0.8,312.1544453071617,312.15444500026734,312.15444500026734,0.0
4854041.280010301,0.0,4.042080001281217,0.0,0.8,312.1544453071617,312.15444500026734,312.15444500026734,0.0
4854202.560020601,0.0,4.042080001281217,0.0,0.8,312.1544453071617,312.15444500026734,312.15444500026734,0.0
4854240.0,0.0,4.042080001281219,0.0,0.8,312.1544453071617,312.15444500026734,312.15444500026734,0.0
4854242.160000161,0.0,4.042080001281219,0.0,0.8,312.1544453071617,312.15444500026734,312.15444500026734,0.0
4854244.320000322,0.0,4.042080001281219,0.0,0.8,312.1544453071617,312.15444500026734,312.15444500026734,0.0
4854248.640000644,0.0,4.042080001281219,0.0,0.8,312.1544453071617,312.15444500026734,312.15444500026734,0.0
4854257.280001287,0.0,4.042080001281219,0.0,0.8,312.1544453071617,312.15444500026734,312.15444500026734,0.0
4854274.560002575,0.0,4.042080001281219,0.0,0.8,312.1544453071617,312.15444500026734,312.15444500026734,0.0
4854309.12000515,0.0,4.042080001281219,0.0,0.8,312.1544453071617,312.15444500026734,312.15444500026734,0.0
4854378.240010301,0.0,4.042080001281219,0.0,0.8,312.1544453071617,312.15444500026734,312.15444500026734,0.0
4854516.480020601,0.0,4.042080001281219,0.0,0.8,312.1544453071617,312.15444500026734,312.15444500026734,0.0
4854600.0,0.0,4.042080001281219,0.0,0.8,312.1544453071617,312.15444500026734,312.15444500026734,0.0
4854601.800000161,0.0,4.042080001281219,0.0,0.8,312.1544453071617,312.15444500026734,312.15444500026734,0.0
4854603.600000322,0.0,4.042080001281219,0.0,0.8,312.1544453071617,312.15444500026734,312.15444500026734,0.0
4854607.200000644,0.0,4.042080001281219,0.0,0.8,312.1544453071617,312.15444500026734,312.15444500026734,0.0
4854614.400001287,0.0,4.042080001281219,0.0,0.8,312.1544453071617,312.15444500026734,312.15444500026734,0.0
4854628.800002575,0.0,4.042080001281219,0.0,0.8,312.1544453071617,312.15444500026734,312.15444500026734,0.0
4854657.600005151,0.0,4.042080001281219,0.0,0.8,312.1544453071617,312.15444500026734,312.15444500026734,0.0
4854715.200010301,0.0,4.042080001281219,0.0,0.8,312.1544453071617,312.15444500026734,312.15444500026734,0.0
4854830.400020601,0.0,4.042080001281219,0.0,0.8,312.1544453071617,312.15444500026734,312.15444500026734,0.0
4854960.0,0.0,4.042080001281217,0.0,0.8,312.1544453071617,312.15444500026734,312.15444500026734,0.0
4854961.440000161,0.0,4.042080001281217,0.0,0.8,312.1544453071617,312.15444500026734,312.15444500026734,0.0
4854962.880000322,0.0,4.042080001281217,0.0,0.8,312.1544453071617,312.15444500026734,312.15444500026734,0.0
4854965.760000644,0.0,4.042080001281217,0.0,0.8,312.1544453071617,312.15444500026734,312.15444500026734,0.0
4854971.520001288,0.0,4.042080001281217,0.0,0.8,312.1544453071617,312.15444500026734,312.15444500026734,0.0
4854983.040002575,0.0,4.042080001281217,0.0,0.8,312.1544453071617,312.15444500026734,312.15444500026734,0.0
4855006.08000515,0.0,4.042080001281217,0.0,0.8,312.1544453071617,312.15444500026734,312.15444500026734,0.0
4855052.160010301,0.0,4.042080001281217,0.0,0.8,312.1544453071617,312.15444500026734,312.15444500026734,0.0
4855144.320020601,0.0,4.042080001281217,0.0,0.8,312.1544453071617,312.15444500026734,312.15444500026734,0.0
4855320.0,0.0,4.042080001281219,0.0,0.8,312.1544453071617,312.15444500026734,312.15444500026734,0.0
4855321.080000161,0.0,4.042080001281219,0.0,0.8,312.1544453071617,312.15444500026734,312.15444500026734,0.0
4855322.160000321,0.0,4.042080001281219,0.0,0.8,312.1544453071617,312.15444500026734,312.15444500026734,0.0
4855324.320000644,0.0,4.042080001281219,0.0,0.8,312.1544453071617,312.15444500026734,312.15444500026734,0.0
4855328.640001288,0.0,4.042080001281219,0.0,0.8,312.1544453071617,312.15444500026734,312.15444500026734,0.0
4855337.280002575,0.0,4.042080001281219,0.0,0.8,312.1544453071617,312.15444500026734,312.15444500026734,0.0
4855354.560005151,0.0,4.042080001281219,0.0,0.8,312.1544453071617,312.15444500026734,312.15444500026734,0.0
4855389.120010301,0.0,4.042080001281219,0.0,0.8,312.1544453071617,312.15444500026734,312.15444500026734,0.0
4855458.240020601,0.0,4.042080001281219,0.0,0.8,312.1544453071617,312.15444500026734,312.15444500026734,0.0
4855596.480041202,0.0,4.0420800012812155,0.0,0.8,312.1544453071617,312.15444500026734,312.15444500026734,0.0
4855680.0,0.0,4.042080001281219,0.0,0.8,312.1544453071617,312.15444500026734,312.15444500026734,0.0
4855680.720000161,0.0,4.042080001281219,0.0,0.8,312.1544453071617,312.15444500026734,312.15444500026734,0.0
4855681.440000322,0.0,4.042080001281219,0.0,0.8,312.1544453071617,312.15444500026734,312.15444500026734,0.0
4855682.880000643,0.0,4.042080001281219,0.0,0.8,312.1544453071617,312.15444500026734,312.15444500026734,0.0
4855685.760001288,0.0,4.042080001281219,0.0,0.8,312.1544453071617,312.15444500026734,312.15444500026734,0.0
4855691.520002576,0.0,4.042080001281219,0.0,0.8,312.1544453071617,312.15444500026734,312.15444500026734,0.0
4855703.04000515,0.0,4.042080001281219,0.0,0.8,312.1544453071617,312.15444500026734,312.15444500026734,0.0
4855726.0800103005,0.0,4.042080001281219,0.0,0.8,312.1544453071617,312.15444500026734,312.15444500026734,0.0
4855772.160020601,0.0,4.042080001281218,0.0,0.8,312.1544453071617,312.15444500026734,312.15444500026734,0.0
4855864.320041203,0.0,4.042080001281218,0.0,0.8,312.1544453071617,312.15444500026734,312.15444500026734,0.0
4856040.0,0.0,4.042080001281218,0.0,0.8,312.1544453071617,312.15444500026734,312.15444500026734,0.0
4856040.3600001605,0.0,4.042080001281218,0.0,0.8,312.1544453071617,312.15444500026734,312.15444500026734,0.0
4856040.720000322,0.0,4.042080001281218,0.0,0.8,312.1544453071617,312.15444500026734,312.15444500026734,0.0
4856041.440000644,0.0,4.042080001281218,0.0,0.8,312.1544453071617,312.15444500026734,312.15444500026734,0.0
4856042.880001288,0.0,4.042080001281218,0.0,0.8,312.1544453071617,312.15444500026734,312.15444500026734,0.0
4856045.760002575,0.0,4.042080001281218,0.0,0.8,312.1544453071617,312.15444500026734,312.15444500026734,0.0
4856051.520005151,0.0,4.042080001281218,0.0,0.8,312.1544453071617,312.15444500026734,312.15444500026734,0.0
4856063.0400103,0.0,4.042080001281218,0.0,0.8,312.1544453071617,312.15444500026734,312.15444500026734,0.0
4856086.080020601,0.0,4.042080001281218,0.0,0.8,312.1544453071617,312.15444500026734,312.15444500026734,0.0
4856132.160041203,0.0,4.042080001281218,0.0,0.8,312.1544453071617,312.15444500026734,312.15444500026734,0.0
4856224.320082405,0.0,4.042080001281218,0.0,0.8,312.1544453071617,312.15444500026734,312.15444500026734,0.0
4856400.0,0.0,4.042080001281217,0.0,0.8,312.1544453071617,312.15444500026734,312.15444500026734,0.0
4860000.0,0.0,4.042080001281217,0.0,0.8,311.95000052337224,311.9499999999929,311.9499999999929,0.0
4860003.600000215,0.0,4.042080001281217,0.0,0.8,311.95000052337224,311.9499999999929,311.9499999999929,0.0
4860007.2000004295,0.0,4.042080001281217,0.0,0.8,311.95000052337224,311.9499999999929,311.9499999999929,0.0
4860014.400000858,0.0,4.042080001281217,0.0,0.8,311.95000052337224,311.9499999999929,311.9499999999929,0.0
4860028.800001717,0.0,4.042080001281217,0.0,0.8,311.95000052337224,311.9499999999929,311.9499999999929,0.0
4860057.600003433,0.0,4.042080001281217,0.0,0.8,311.95000052337224,311.9499999999929,311.9499999999929,0.0
4860115.200006867,0.0,4.042080001281217,0.0,0.8,311.95000052337224,311.9499999999929,311.9499999999929,0.0
4860230.400013734,0.0,4.04208000128122,0.0,0.8,311.95000052337224,311.9499999999929,311.9499999999929,0.0
4860360.0,0.0,4.042080001281219,0.0,0.8,311.95000052337224,311.9499999999929,311.9499999999929,0.0
4860363.240000214,0.0,4.042080001281219,0.0,0.8,311.95000052337224,311.9499999999929,311.9499999999929,0.0
4860366.480000429,0.0,4.042080001281219,0.0,0.8,311.95000052337224,311.9499999999929,311.9499999999929,0.0
4860372.960000859,0.0,4.042080001281221,0.0,0.8,311.95000052337224,311.9499999999929,311.9499999999929,0.0
4860385.920001716,0.0,4.042080001281221,0.0,0.8,311.95000052337224,311.9499999999929,311.9499999999929,0.0
4860411.840003434,0.0,4.042080001281221,0.0,0.8,311.95000052337224,311.9499999999929,311.9499999999929,0.0
4860463.680006867,0.0,4.042080001281221,0.0,0.8,311.95000052337224,311.9499999999929,311.9499999999929,0.0
4860567.360013734,0.0,4.042080001281217,0.0,0.8,311.95000052337224,311.9499999999929,311.9499999999929,0.0
4860720.0,0.0,4.042080001281219,0.0,0.8,311.95000052337224,311.9499999999929,311.9499999999929,0.0
4860722.880000215,0.0,4.042080001281219,0.0,0.8,311.95000052337224,311.9499999999929,311.9499999999929,0.0
4860725.760000429,0.0,4.042080001281219,0.0,0.8,311.95000052337224,311.9499999999929,311.9499999999929,0.0
4860731.520000858,0.0,4.042080001281219,0.0,0.8,311.95000052337224,311.9499999999929,311.9499999999929,0.0
4860743.040001716,0.0,4.042080001281219,0.0,0.8,311.95000052337224,311.9499999999929,311.9499999999929,0.0
4860766.080003434,0.0,4.042080001281219,0.0,0.8,311.95000052337224,311.9499999999929,311.9499999999929,0.0
4860812.160006867,0.0,4.042080001281219,0.0,0.8,311.95000052337224,311.9499999999929,311.9499999999929,0.0
4860904.320013734,0.0,4.042080001281217,0.0,0.8,311.95000052337224,311.9499999999929,311.9499999999929,0.0
4861080.0,0.0,4.042080001281217,0.0,0.8,311.95000052337224,311.9499999999929,311.9499999999929,0.0
4861082.520000215,0.0,4.042080001281217,0.0,0.8,311.95000052337224,311.9499999999929,311.9499999999929,0.0
4861085.040000429,0.0,4.042080001281217,0.0,0.8,311.95000052337224,311.9499999999929,311.9499999999929,0.0
4861090.080000859,0.0,4.042080001281217,0.0,0.8,311.95000052337224,311.9499999999929,311.9499999999929,0.0
4861100.160001717,0.0,4.042080001281217,0.0,0.8,311.95000052337224,311.9499999999929,311.9499999999929,0.0
4861120.320003433,0.0,4.042080001281219,0.0,0.8,311.95000052337224,311.9499999999929,311.9499999999929,0.0
4861160.640006867,0.0,4.042080001281219,0.0,0.8,311.95000052337224,311.9499999999929,311.9499999999929,0.0
4861241.280013734,0.0,4.042080001281219,0.0,0.8,311.95000052337224,311.9499999999929,311.9499999999929,0.0
4861402.560027468,0.0,4.042080001281219,0.0,0.8,311.95000052337224,311.9499999999929,311.9499999999929,0.0
4861440.0,0.0,4.042080001281219,0.0,0.8,311.95000052337224,311.9499999999929,311.9499999999929,0.0
4861442.160000214,0.0,4.042080001281219,0.0,0.8,311.95000052337224,311.9499999999929,311.9499999999929,0.0
4861444.32000043,0.0,4.042080001281219,0.0,0.8,311.95000052337224,311.9499999999929,311.9499999999929,0.0
4861448.640000858,0.0,4.042080001281219,0.0,0.8,311.95000052337224,311.9499999999929,311.9499999999929,0.0
4861457.280001717,0.0,4.042080001281219,0.0,0.8,311.95000052337224,311.9499999999929,311.9499999999929,0.0
4861474.560003433,0.0,4.042080001281219,0.0,0.8,311.95000052337224,311.9499999999929,311.9499999999929,0.0
4861509.120006867,0.0,4.042080001281219,0.0,0.8,311.95000052337224,311.9499999999929,311.9499999999929,0.0
4861578.2400137335,0.0,4.042080001281223,0.0,0.8,311.95000052337224,311.9499999999929,311.9499999999929,0.0
4861716.480027468,0.0,4.042080001281219,0.0,0.8,311.95000052337224,311.9499999999929,311.9499999999929,0.0
4861800.0,0.0,4.042080001281221,0.0,0.8,311.95000052337224,311.9499999999929,311.9499999999929,0.0
4861801.800000215,0.0,4.042080001281221,0.0,0.8,311.95000052337224,311.9499999999929,311.9499999999929,0.0
4861803.600000429,0.0,4.042080001281221,0.0,0.8,311.95000052337224,311.9499999999929,311.9499999999929,0.0
4861807.200000858,0.0,4.042080001281221,0.0,0.8,311.95000052337224,311.9499999999929,311.9499999999929,0.0
4861814.400001717,0.0,4.042080001281221,0.0,0.8,311.95000052337224,311.9499999999929,311.9499999999929,0.0
4861828.800003434,0.0,4.042080001281221,0.0,0.8,311.95000052337224,311.9499999999929,311.9499999999929,0.0
4861857.600006867,0.0,4.042080001281224,0.0,0.8,311.95000052337224,311.9499999999929,311.9499999999929,0.0
4861915.2000137335,0.0,4.042080001281224,0.0,0.8,311.95000052337224,311.9499999999929,311.9499999999929,0.0
4862030.400027468,0.0,4.042080001281219,0.0,0.8,311.95000052337224,311.9499999999929,311.9499999999929,0.0
4862160.0,0.0,4.042080001281224,0.0,0.8,311.95000052337224,311.9499999999929,311.9499999999929,0.0
4862161.440000215,0.0,4.042080001281224,0.0,0.8,311.95000052337224,311.9499999999929,311.9499999999929,0.0
4862162.880000429,0.0,4.042080001281224,0.0,0.8,311.95000052337224,311.9499999999929,311.9499999999929,0.0
4862165.760000858,0.0,4.042080001281224,0.0,0.8,311.95000052337224,311.9499999999929,311.9499999999929,0.0
4862171.520001717,0.0,4.042080001281224,0.0,0.8,311.95000052337224,311.9499999999929,311.9499999999929,0.0
4862183.040003434,0.0,4.042080001281224,0.0,0.8,311.95000052337224,311.9499999999929,311.9499999999929,0.0
4862206.080006867,0.0,4.042080001281221,0.0,0.8,311.95000052337224,311.9499999999929,311.9499999999929,0.0
4862252.160013733,0.0,4.042080001281219,0.0,0.8,311.95000052337224,311.9499999999929,311.9499999999929,0.0
4862344.320027468,0.0,4.042080001281221,0.0,0.8,311.95000052337224,311.9499999999929,311.9499999999929,0.0
4862520.0,0.0,4.042080001281221,0.0,0.8,311.95000052337224,311.9499999999929,311.9499999999929,0.0
4862521.080000214,0.0,4.042080001281221,0.0,0.8,311.95000052337224,311.9499999999929,311.9499999999929,0.0
4862522.1600004295,0.0,4.042080001281221,0.0,0.8,311.95000052337224,311.9499999999929,311.9499999999929,0.0
4862524.320000858,0.0,4.042080001281221,0.0,0.8,311.95000052337224,311.9499999999929,311.9499999999929,0.0
4862528.640001717,0.0,4.042080001281221,0.0,0.8,311.95000052337224,311.9499999999929,311.9499999999929,0.0
4862537.280003433,0.0,4.042080001281221,0.0,0.8,311.95000052337224,311.9499999999929,311.9499999999929,0.0
4862554.560006867,0.0,4.042080001281221,0.0,0.8,311.95000052337224,311.9499999999929,311.9499999999929,0.0
4862589.120013734,0.0,4.042080001281221,0.0,0.8,311.95000052337224,311.9499999999929,311.9499999999929,0.0
4862658.240027468,0.0,4.042080001281224,0.0,0.8,311.95000052337224,311.9499999999929,311.9499999999929,0.0
4862796.480054935,0.0,4.042080001281224,0.0,0.8,311.95000052337224,311.9499999999929,311.9499999999929,0.0
4862880.0,0.0,4.042080001281221,0.0,0.8,311.95000052337224,311.9499999999929,311.9499999999929,0.0
4862880.720000215,0.0,4.042080001281221,0.0,0.8,311.95000052337224,311.9499999999929,311.9499999999929,0.0
4862881.440000429,0.0,4.042080001281221,0.0,0.8,311.95000052337224,311.9499999999929,311.9499999999929,0.0
4862882.880000859,0.0,4.042080001281221,0.0,0.8,311.95000052337224,311.9499999999929,311.9499999999929,0.0
4862885.760001717,0.0,4.042080001281221,0.0,0.8,311.95000052337224,311.9499999999929,311.9499999999929,0.0
4862891.520003433,0.0,4.042080001281221,0.0,0.8,311.95000052337224,311.9499999999929,311.9499999999929,0.0
4862903.040006867,0.0,4.042080001281221,0.0,0.8,311.95000052337224,311.9499999999929,311.9499999999929,0.0
4862926.080013734,0.0,4.042080001281221,0.0,0.8,311.95000052337224,311.9499999999929,311.9499999999929,0.0
4862972.160027468,0.0,4.042080001281221,0.0,0.8,311.95000052337224,311.9499999999929,311.9499999999929,0.0
4863064.320054935,0.0,4.042080001281221,0.0,0.8,311.95000052337224,311.9499999999929,311.9499999999929,0.0
4863240.0,0.0,4.042080001281223,0.0,0.8,311.95000052337224,311.9499999999929,311.9499999999929,0.0
4863240.360000215,0.0,4.042080001281223,0.0,0.8,311.95000052337224,311.9499999999929,311.9499999999929,0.0
4863240.720000429,0.0,4.042080001281223,0.0,0.8,311.95000052337224,311.9499999999929,311.9499999999929,0.0
4863241.440000858,0.0,4.042080001281223,0.0,0.8,311.95000052337224,311.9499999999929,311.9499999999929,0.0
4863242.880001716,0.0,4.042080001281223,0.0,0.8,311.95000052337224,311.9499999999929,311.9499999999929,0.0
4863245.760003434,0.0,4.042080001281223,0.0,0.8,311.95000052337224,311.9499999999929,311.9499999999929,0.0
4863251.520006867,0.0,4.042080001281223,0.0,0.8,311.95000052337224,311.9499999999929,311.9499999999929,0.0
4863263.040013734,0.0,4.042080001281223,0.0,0.8,311.95000052337224,311.9499999999929,311.9499999999929,0.0
4863286.080027468,0.0,4.042080001281223,0.0,0.8,311.95000052337224,311.9499999999929,311.9499999999929,0.0
4863332.160054935,0.0,4.042080001281223,0.0,0.8,311.95000052337224,311.9499999999929,311.9499999999929,0.0
4863424.320109871,0.0,4.042080001281223,0.0,0.8,311.95000052337224,311.9499999999929,311.9499999999929,0.0
4863600.0,0.0,4.042080001281224,0.0,0.8,311.95000052337224,311.9499999999929,311.9499999999929,0.0
4867200.0,0.0,4.042080001281224,0.0,0.8,312.1544444768884,312.15444500026734,312.15444500026734,0.0
4867203.600000268,0.0,4.042080001281224,0.0,0.8,312.1544444768884,312.15444500026734,312.15444500026734,0.0
4867207.200000537,0.0,4.042080001281224,0.0,0.8,312.1544444768884,312.15444500026734,312.15444500026734,0.0
4867214.400001073,0.0,4.042080001281224,0.0,0.8,312.1544444768884,312.15444500026734,312.15444500026734,0.0
4867228.800002146,0.0,4.042080001281224,0.0,0.8,312.1544444768884,312.15444500026734,312.15444500026734,0.0
4867257.600004292,0.0,4.042080001281219,0.0,0.8,312.1544444768884,312.15444500026734,312.15444500026734,0.0
4867315.200008583,0.0,4.042080001281224,0.0,0.8,312.1544444768884,312.15444500026734,312.15444500026734,0.0
4867430.400017167,0.0,4.042080001281219,0.0,0.8,312.1544444768884,312.15444500026734,312.15444500026734,0.0
4867560.0,0.0,4.042080001281224,0.0,0.8,312.1544444768884,312.15444500026734,312.15444500026734,0.0
4867563.240000268,0.0,4.042080001281224,0.0,0.8,312.1544444768884,312.15444500026734,312.15444500026734,0.0
4867566.480000537,0.0,4.042080001281224,0.0,0.8,312.1544444768884,312.15444500026734,312.15444500026734,0.0
4867572.960001073,0.0,4.042080001281224,0.0,0.8,312.1544444768884,312.15444500026734,312.15444500026734,0.0
4867585.920002146,0.0,4.042080001281224,0.0,0.8,312.1544444768884,312.15444500026734,312.15444500026734,0.0
4867611.840004291,0.0,4.042080001281219,0.0,0.8,312.1544444768884,312.15444500026734,312.15444500026734,0.0
4867663.680008584,0.0,4.042080001281224,0.0,0.8,312.1544444768884,312.15444500026734,312.15444500026734,0.0
4867767.360017167,0.0,4.042080001281221,0.0,0.8,312.1544444768884,312.15444500026734,312.15444500026734,0.0
4867920.0,0.0,4.042080001281221,0.0,0.8,312.1544444768884,312.15444500026734,312.15444500026734,0.0
4867922.880000268,0.0,4.042080001281221,0.0,0.8,312.1544444768884,312.15444500026734,312.15444500026734,0.0
4867925.760000536,0.0,4.042080001281221,0.0,0.8,312.1544444768884,312.15444500026734,312.15444500026734,0.0
4867931.520001073,0.0,4.042080001281221,0.0,0.8,312.1544444768884,312.15444500026734,312.15444500026734,0.0
4867943.040002146,0.0,4.042080001281221,0.0,0.8,312.1544444768884,312.15444500026734,312.15444500026734,0.0
4867966.080004292,0.0,4.042080001281219,0.0,0.8,312.1544444768884,312.15444500026734,312.15444500026734,0.0
4868012.160008583,0.0,4.042080001281219,0.0,0.8,312.1544444768884,312.15444500026734,312.15444500026734,0.0
4868104.320017167,0.0,4.042080001281219,0.0,0.8,312.1544444768884,312.15444500026734,312.15444500026734,0.0
4868280.0,0.0,4.042080001281223,0.0,0.8,312.1544444768884,312.15444500026734,312.15444500026734,0.0
4868282.520000268,0.0,4.042080001281223,0.0,0.8,312.1544444768884,312.15444500026734,312.15444500026734,0.0
4868285.0400005365,0.0,4.042080001281223,0.0,0.8,312.1544444768884,312.15444500026734,312.15444500026734,0.0
4868290.080001073,0.0,4.042080001281223,0.0,0.8,312.1544444768884,312.15444500026734,312.15444500026734,0.0
4868300.160002146,0.0,4.042080001281223,0.0,0.8,312.1544444768884,312.15444500026734,312.15444500026734,0.0
4868320.320004292,0.0,4.042080001281223,0.0,0.8,312.1544444768884,312.15444500026734,312.15444500026734,0.0
4868360.640008584,0.0,4.042080001281224,0.0,0.8,312.1544444768884,312.15444500026734,312.15444500026734,0.0
4868441.280017167,0.0,4.042080001281224,0.0,0.8,312.1544444768884,312.15444500026734,312.15444500026734,0.0
4868602.560034334,0.0,4.042080001281224,0.0,0.8,312.1544444768884,312.15444500026734,312.15444500026734,0.0
4868640.0,0.0,4.042080001281219,0.0,0.8,312.1544444768884,312.15444500026734,312.15444500026734,0.0
4868642.160000268,0.0,4.042080001281219,0.0,0.8,312.1544444768884,312.15444500026734,312.15444500026734,0.0
4868644.320000537,0.0,4.042080001281219,0.0,0.8,312.1544444768884,312.15444500026734,312.15444500026734,0.0
4868648.640001073,0.0,4.042080001281219,0.0,0.8,312.1544444768884,312.15444500026734,312.15444500026734,0.0
4868657.280002146,0.0,4.042080001281219,0.0,0.8,312.1544444768884,312.15444500026734,312.15444500026734,0.0
4868674.560004292,0.0,4.042080001281219,0.0,0.8,312.1544444768884,312.15444500026734,312.15444500026734,0.0
4868709.120008583,0.0,4.042080001281219,0.0,0.8,312.1544444768884,312.15444500026734,312.15444500026734,0.0
4868778.240017167,0.0,4.042080001281219,0.0,0.8,312.1544444768884,312.15444500026734,312.15444500026734,0.0
4868916.480034335,0.0,4.042080001281223,0.0,0.8,312.1544444768884,312.15444500026734,312.15444500026734,0.0
4869000.0,0.0,4.042080001281219,0.0,0.8,312.1544444768884,312.15444500026734,312.15444500026734,0.0
4869001.800000268,0.0,4.042080001281219,0.0,0.8,312.1544444768884,312.15444500026734,312.15444500026734,0.0
4869003.600000536,0.0,4.042080001281219,0.0,0.8,312.1544444768884,312.15444500026734,312.15444500026734,0.0
4869007.200001073,0.0,4.042080001281219,0.0,0.8,312.1544444768884,312.15444500026734,312.15444500026734,0.0
4869014.400002146,0.0,4.042080001281219,0.0,0.8,312.1544444768884,312.15444500026734,312.15444500026734,0.0
4869028.800004291,0.0,4.042080001281219,0.0,0.8,312.1544444768884,312.15444500026734,312.15444500026734,0.0
4869057.600008584,0.0,4.042080001281219,0.0,0.8,312.1544444768884,312.15444500026734,312.15444500026734,0.0
4869115.200017167,0.0,4.042080001281219,0.0,0.8,312.1544444768884,312.15444500026734,312.15444500026734,0.0
4869230.4000343345,0.0,4.042080001281219,0.0,0.8,312.1544444768884,312.15444500026734,312.15444500026734,0.0
4869360.0,0.0,4.042080001281224,0.0,0.8,312.1544444768884,312.15444500026734,312.15444500026734,0.0
4869361.440000269,0.0,4.042080001281224,0.0,0.8,312.1544444768884,312.15444500026734,312.15444500026734,0.0
4869362.880000536,0.0,4.042080001281224,0.0,0.8,312.1544444768884,312.15444500026734,312.15444500026734,0.0
4869365.760001073,0.0,4.042080001281224,0.0,0.8,312.1544444768884,312.15444500026734,312.15444500026734,0.0
4869371.520002146,0.0,4.042080001281224,0.0,0.8,312.1544444768884,312.15444500026734,312.15444500026734,0.0
4869383.040004292,0.0,4.042080001281224,0.0,0.8,312.1544444768884,312.15444500026734,312.15444500026734,0.0
4869406.080008583,0.0,4.042080001281224,0.0,0.8,312.1544444768884,312.15444500026734,312.15444500026734,0.0
4869452.160017167,0.0,4.042080001281219,0.0,0.8,312.1544444768884,312.15444500026734,312.15444500026734,0.0
4869544.320034334,0.0,4.042080001281219,0.0,0.8,312.1544444768884,312.15444500026734,312.15444500026734,0.0
4869720.0,0.0,4.042080001281221,0.0,0.8,312.1544444768884,312.15444500026734,312.15444500026734,0.0
4869721.080000268,0.0,4.042080001281221,0.0,0.8,312.1544444768884,312.15444500026734,312.15444500026734,0.0
4869722.160000537,0.0,4.042080001281221,0.0,0.8,312.1544444768884,312.15444500026734,312.15444500026734,0.0
4869724.320001073,0.0,4.042080001281221,0.0,0.8,312.1544444768884,312.15444500026734,312.15444500026734,0.0
4869728.640002145,0.0,4.042080001281221,0.0,0.8,312.1544444768884,312.15444500026734,312.15444500026734,0.0
4869737.280004292,0.0,4.042080001281221,0.0,0.8,312.1544444768884,312.15444500026734,312.15444500026734,0.0
4869754.560008584,0.0,4.042080001281221,0.0,0.8,312.1544444768884,312.15444500026734,312.15444500026734,0.0
4869789.120017167,0.0,4.042080001281221,0.0,0.8,312.1544444768884,312.15444500026734,312.15444500026734,0.0
4869858.240034334,0.0,4.042080001281221,0.0,0.8,312.1544444768884,312.15444500026734,312.15444500026734,0.0
4869996.480068669,0.0,4.042080001281221,0.0,0.8,312.1544444768884,312.15444500026734,312.15444500026734,0.0
4870080.0,0.0,4.042080001281219,0.0,0.8,312.1544444768884,312.15444500026734,312.15444500026734,0.0
4870080.720000268,0.0,4.042080001281219,0.0,0.8,312.1544444768884,312.15444500026734,312.15444500026734,0.0
4870081.440000537,0.0,4.042080001281219,0.0,0.8,312.1544444768884,312.15444500026734,312.15444500026734,0.0
4870082.880001073,0.0,4.042080001281219,0.0,0.8,312.1544444768884,312.15444500026734,312.15444500026734,0.0
4870085.760002146,0.0,4.042080001281219,0.0,0.8,312.1544444768884,312.15444500026734,312.15444500026734,0.0
4870091.520004292,0.0,4.042080001281219,0.0,0.8,312.1544444768884,312.15444500026734,312.15444500026734,0.0
4870103.040008583,0.0,4.042080001281219,0.0,0.8,312.1544444768884,312.15444500026734,312.15444500026734,0.0
4870126.080017167,0.0,4.042080001281219,0.0,0.8,312.1544444768884,312.15444500026734,312.15444500026734,0.0
4870172.160034334,0.0,4.042080001281219,0.0,0.8,312.1544444768884,312.15444500026734,312.15444500026734,0.0
4870264.320068669,0.0,4.042080001281219,0.0,0.8,312.1544444768884,312.15444500026734,312.15444500026734,0.0
4870440.0,0.0,4.042080001281224,0.0,0.8,312.1544444768884,312.15444500026734,312.15444500026734,0.0
4870440.360000269,0.0,4.042080001281224,0.0,0.8,312.1544444768884,312.15444500026734,312.15444500026734,0.0
4870440.720000536,0.0,4.042080001281224,0.0,0.8,312.1544444768884,312.15444500026734,312.15444500026734,0.0
4870441.440001073,0.0,4.042080001281224,0.0,0.8,312.1544444768884,312.15444500026734,312.15444500026734,0.0
4870442.880002146,0.0,4.042080001281224,0.0,0.8,312.1544444768884,312.15444500026734,312.15444500026734,0.0
4870445.760004291,0.0,4.042080001281224,0.0,0.8,312.1544444768884,312.15444500026734,312.15444500026734,0.0
4870451.520008584,0.0,4.042080001281224,0.0,0.8,312.1544444768884,312.15444500026734,312.15444500026734,0.0
4870463.040017167,0.0,4.042080001281224,0.0,0.8,312.1544444768884,312.15444500026734,312.15444500026734,0.0
4870486.080034334,0.0,4.042080001281224,0.0,0.8,312.1544444768884,312.15444500026734,312.15444500026734,0.0
4870532.160068668,0.0,4.042080001281224,0.0,0.8,312.1544444768884,312.15444500026734,312.15444500026734,0.0
4870624.320137337,0.0,4.042080001281224,0.0,0.8,312.1544444768884,312.15444500026734,312.15444500026734,0.0
4870800.0,0.0,4.042080001281221,0.0,0.8,312.1544444768884,312.15444500026734,312.15444500026734,0.0
4874400.0,0.0,4.042080001281221,0.0,0.8,312.75384769309574,312.7538479999901,312.7538479999901,0.0
4874403.600000322,0.0,4.042080001281221,0.0,0.8,312.75384769309574,312.7538479999901,312.7538479999901,0.0
4874407.200000644,0.0,4.042080001281221,0.0,0.8,312.75384769309574,312.7538479999901,312.7538479999901,0.0
4874414.400001287,0.0,4.042080001281221,0.0,0.8,312.75384769309574,312.7538479999901,312.7538479999901,0.0
4874428.800002575,0.0,4.042080001281221,0.0,0.8,312.75384769309574,312.7538479999901,312.7538479999901,0.0
4874457.60000515,0.0,4.042080001281221,0.0,0.8,312.75384769309574,312.7538479999901,312.7538479999901,0.0
4874515.200010301,0.0,4.042080001281223,0.0,0.8,312.75384769309574,312.7538479999901,312.7538479999901,0.0
4874630.4000206,0.0,4.042080001281221,0.0,0.8,312.75384769309574,312.7538479999901,312.7538479999901,0.0
4874760.0,0.0,4.042080001281224,0.0,0.8,312.75384769309574,312.7538479999901,312.7538479999901,0.0
4874763.2400003215,0.0,4.042080001281224,0.0,0.8,312.75384769309574,312.7538479999901,312.7538479999901,0.0
4874766.480000644,0.0,4.042080001281224,0.0,0.8,312.75384769309574,312.7538479999901,312.7538479999901,0.0
4874772.960001288,0.0,4.042080001281224,0.0,0.8,312.75384769309574,312.7538479999901,312.7538479999901,0.0
4874785.920002575,0.0,4.042080001281224,0.0,0.8,312.75384769309574,312.7538479999901,312.7538479999901,0.0
4874811.84000515,0.0,4.042080001281224,0.0,0.8,312.75384769309574,312.7538479999901,312.7538479999901,0.0
4874863.6800103,0.0,4.042080001281224,0.0,0.8,312.75384769309574,312.7538479999901,312.7538479999901,0.0
4874967.3600206,0.0,4.042080001281224,0.0,0.8,312.75384769309574,312.7538479999901,312.7538479999901,0.0
4875120.0,0.0,4.042080001281224,0.0,0.8,312.75384769309574,312.7538479999901,312.7538479999901,0.0
4875122.880000322,0.0,4.042080001281224,0.0,0.8,312.75384769309574,312.7538479999901,312.7538479999901,0.0
4875125.760000643,0.0,4.042080001281224,0.0,0.8,312.75384769309574,312.7538479999901,312.7538479999901,0.0
4875131.520001288,0.0,4.042080001281224,0.0,0.8,312.75384769309574,312.7538479999901,312.7538479999901,0.0
4875143.040002575,0.0,4.042080001281224,0.0,0.8,312.75384769309574,312.7538479999901,312.7538479999901,0.0
4875166.08000515,0.0,4.042080001281224,0.0,0.8,312.75384769309574,312.7538479999901,312.7538479999901,0.0
4875212.160010301,0.0,4.042080001281224,0.0,0.8,312.75384769309574,312.7538479999901,312.7538479999901,0.0
4875304.3200206,0.0,4.042080001281224,0.0,0.8,312.75384769309574,312.7538479999901,312.7538479999901,0.0
4875480.0,0.0,4.042080001281224,0.0,0.8,312.75384769309574,312.7538479999901,312.7538479999901,0.0
4875482.520000322,0.0,4.042080001281224,0.0,0.8,312.75384769309574,312.7538479999901,312.7538479999901,0.0
4875485.040000644,0.0,4.042080001281224,0.0,0.8,312.75384769309574,312.7538479999901,312.7538479999901,0.0
4875490.080001287,0.0,4.042080001281224,0.0,0.8,312.75384769309574,312.7538479999901,312.7538479999901,0.0
4875500.160002575,0.0,4.042080001281224,0.0,0.8,312.75384769309574,312.7538479999901,312.7538479999901,0.0
4875520.3200051505,0.0,4.042080001281224,0.0,0.8,312.75384769309574,312.7538479999901,312.7538479999901,0.0
4875560.6400103,0.0,4.042080001281224,0.0,0.8,312.75384769309574,312.7538479999901,312.7538479999901,0.0
4875641.2800206,0.0,4.042080001281224,0.0,0.8,312.75384769309574,312.7538479999901,312.7538479999901,0.0
4875802.5600412,0.0,4.042080001281224,0.0,0.8,312.75384769309574,312.7538479999901,312.7538479999901,0.0
4875840.0,0.0,4.042080001281224,0.0,0.8,312.75384769309574,312.7538479999901,312.7538479999901,0.0
4875842.160000321,0.0,4.042080001281224,0.0,0.8,312.75384769309574,312.7538479999901,312.7538479999901,0.0
4875844.320000644,0.0,4.042080001281224,0.0,0.8,312.75384769309574,312.7538479999901,312.7538479999901,0.0
4875848.640001288,0.0,4.042080001281224,0.0,0.8,312.75384769309574,312.7538479999901,312.7538479999901,0.0
4875857.280002575,0.0,4.042080001281224,0.0,0.8,312.75384769309574,312.7538479999901,312.7538479999901,0.0
4875874.56000515,0.0,4.042080001281224,0.0,0.8,312.75384769309574,312.7538479999901,312.7538479999901,0.0
4875909.120010301,0.0,4.042080001281224,0.0,0.8,312.75384769309574,312.7538479999901,312.7538479999901,0.0
4875978.2400206,0.0,4.042080001281224,0.0,0.8,312.75384769309574,312.7538479999901,312.7538479999901,0.0
4876116.4800412,0.0,4.042080001281223,0.0,0.8,312.75384769309574,312.7538479999901,312.7538479999901,0.0
4876200.0,0.0,4.042080001281217,0.0,0.8,312.75384769309574,312.7538479999901,312.7538479999901,0.0
4876201.800000322,0.0,4.042080001281217,0.0,0.8,312.75384769309574,312.7538479999901,312.7538479999901,0.0
4876203.600000644,0.0,4.042080001281217,0.0,0.8,312.75384769309574,312.7538479999901,312.7538479999901,0.0
4876207.200001287,0.0,4.042080001281217,0.0,0.8,312.75384769309574,312.7538479999901,312.7538479999901,0.0
4876214.4000025755,0.0,4.042080001281217,0.0,0.8,312.75384769309574,312.7538479999901,312.7538479999901,0.0
4876228.80000515,0.0,4.042080001281217,0.0,0.8,312.75384769309574,312.7538479999901,312.7538479999901,0.0
4876257.6000103,0.0,4.042080001281217,0.0,0.8,312.75384769309574,312.7538479999901,312.7538479999901,0.0
4876315.2000206,0.0,4.042080001281217,0.0,0.8,312.75384769309574,312.7538479999901,312.7538479999901,0.0
4876430.4000412,0.0,4.042080001281221,0.0,0.8,312.75384769309574,312.7538479999901,312.7538479999901,0.0
4876560.0,0.0,4.042080001281219,0.0,0.8,312.75384769309574,312.7538479999901,312.7538479999901,0.0
4876561.440000322,0.0,4.042080001281219,0.0,0.8,312.75384769309574,312.7538479999901,312.7538479999901,0.0
4876562.880000643,0.0,4.042080001281219,0.0,0.8,312.75384769309574,312.7538479999901,312.7538479999901,0.0
4876565.760001288,0.0,4.042080001281219,0.0,0.8,312.75384769309574,312.7538479999901,312.7538479999901,0.0
4876571.520002575,0.0,4.042080001281219,0.0,0.8,312.75384769309574,312.7538479999901,312.7538479999901,0.0
4876583.04000515,0.0,4.042080001281219,0.0,0.8,312.75384769309574,312.7538479999901,312.7538479999901,0.0
4876606.0800103005,0.0,4.042080001281219,0.0,0.8,312.75384769309574,312.7538479999901,312.7538479999901,0.0
4876652.1600206,0.0,4.042080001281221,0.0,0.8,312.75384769309574,312.7538479999901,312.7538479999901,0.0
4876744.320041201,0.0,4.042080001281219,0.0,0.8,312.75384769309574,312.7538479999901,312.7538479999901,0.0
4876920.0,0.0,4.042080001281219,0.0,0.8,312.75384769309574,312.7538479999901,312.7538479999901,0.0
4876921.080000322,0.0,4.042080001281219,0.0,0.8,312.75384769309574,312.7538479999901,312.7538479999901,0.0
4876922.160000644,0.0,4.042080001281219,0.0,0.8,312.75384769309574,312.7538479999901,312.7538479999901,0.0
4876924.320001287,0.0,4.042080001281219,0.0,0.8,312.75384769309574,312.7538479999901,312.7538479999901,0.0
4876928.640002575,0.0,4.042080001281219,0.0,0.8,312.75384769309574,312.7538479999901,312.7538479999901,0.0
4876937.2800051505,0.0,4.042080001281223,0.0,0.8,312.75384769309574,312.7538479999901,312.7538479999901,0.0
4876954.5600103,0.0,4.042080001281223,0.0,0.8,312.75384769309574,312.7538479999901,312.7538479999901,0.0
4876989.1200206,0.0,4.042080001281221,0.0,0.8,312.75384769309574,312.7538479999901,312.7538479999901,0.0
4877058.240041201,0.0,4.042080001281221,0.0,0.8,312.75384769309574,312.7538479999901,312.7538479999901,0.0
4877196.480082401,0.0,4.042080001281219,0.0,0.8,312.75384769309574,312.7538479999901,312.7538479999901,0.0
4877280.0,0.0,4.042080001281219,0.0,0.8,312.75384769309574,312.7538479999901,312.7538479999901,0.0
4877280.720000322,0.0,4.042080001281219,0.0,0.8,312.75384769309574,312.7538479999901,312.7538479999901,0.0
4877281.440000644,0.0,4.042080001281219,0.0,0.8,312.75384769309574,312.7538479999901,312.7538479999901,0.0
4877282.880001288,0.0,4.042080001281219,0.0,0.8,312.75384769309574,312.7538479999901,312.7538479999901,0.0
4877285.760002575,0.0,4.042080001281219,0.0,0.8,312.75384769309574,312.7538479999901,312.7538479999901,0.0
4877291.52000515,0.0,4.042080001281219,0.0,0.8,312.75384769309574,312.7538479999901,312.7538479999901,0.0
4877303.0400103,0.0,4.042080001281219,0.0,0.8,312.75384769309574,312.7538479999901,312.7538479999901,0.0
4877326.0800206,0.0,4.042080001281219,0.0,0.8,312.75384769309574,312.7538479999901,312.7538479999901,0.0
4877372.160041201,0.0,4.042080001281223,0.0,0.8,312.75384769309574,312.7538479999901,312.7538479999901,0.0
4877464.320082401,0.0,4.042080001281223,0.0,0.8,312.75384769309574,312.7538479999901,312.7538479999901,0.0
4877640.0,0.0,4.042080001281221,0.0,0.8,312.75384769309574,312.7538479999901,312.7538479999901,0.0
4877640.360000322,0.0,4.042080001281221,0.0,0.8,312.75384769309574,312.7538479999901,312.7538479999901,0.0
4877640.720000644,0.0,4.042080001281221,0.0,0.8,312.75384769309574,312.7538479999901,312.7538479999901,0.0
4877641.4400012875,0.0,4.042080001281221,0.0,0.8,312.75384769309574,312.7538479999901,312.7538479999901,0.0
4877642.880002575,0.0,4.042080001281221,0.0,0.8,312.75384769309574,312.7538479999901,312.7538479999901,0.0
4877645.76000515,0.0,4.042080001281221,0.0,0.8,312.75384769309574,312.7538479999901,312.7538479999901,0.0
4877651.5200103,0.0,4.042080001281221,0.0,0.8,312.75384769309574,312.7538479999901,312.7538479999901,0.0
4877663.0400206,0.0,4.042080001281221,0.0,0.8,312.75384769309574,312.7538479999901,312.7538479999901,0.0
4877686.080041201,0.0,4.042080001281221,0.0,0.8,312.75384769309574,312.7538479999901,312.7538479999901,0.0
4877732.160082402,0.0,4.042080001281221,0.0,0.8,312.75384769309574,312.7538479999901,312.7538479999901,0.0
4877824.3201648025,0.0,4.042080001281223,0.0,0.8,312.75384769309574,312.7538479999901,312.7538479999901,0.0
4878000.0,0.0,4.042080001281221,0.0,0.8,312.75384769309574,312.7538479999901,312.7538479999901,0.0
4881600.0,0.0,4.042080001281221,0.0,0.8,313.70735851180086,313.7073589999985,313.7073589999985,0.0
4881603.600000376,0.0,4.042080001281221,0.0,0.8,313.70735851180086,313.7073589999985,313.7073589999985,0.0
4881607.200000751,0.0,4.042080001281221,0.0,0.8,313.70735851180086,313.7073589999985,313.7073589999985,0.0
4881614.400001502,0.0,4.042080001281221,0.0,0.8,313.70735851180086,313.7073589999985,313.7073589999985,0.0
4881628.800003004,0.0,4.042080001281221,0.0,0.8,313.70735851180086,313.7073589999985,313.7073589999985,0.0
4881657.6000060085,0.0,4.042080001281219,0.0,0.8,313.70735851180086,313.7073589999985,313.7073589999985,0.0
4881715.200012017,0.0,4.042080001281221,0.0,0.8,313.70735851180086,313.7073589999985,313.7073589999985,0.0
4881830.400024033,0.0,4.042080001281221,0.0,0.8,313.70735851180086,313.7073589999985,313.7073589999985,0.0
4881960.0,0.0,4.042080001281221,0.0,0.8,313.70735851180086,313.7073589999985,313.7073589999985,0.0
4881963.240000376,0.0,4.042080001281221,0.0,0.8,313.70735851180086,313.7073589999985,313.7073589999985,0.0
4881966.480000751,0.0,4.042080001281221,0.0,0.8,313.70735851180086,313.7073589999985,313.7073589999985,0.0
4881972.960001502,0.0,4.042080001281221,0.0,0.8,313.70735851180086,313.7073589999985,313.7073589999985,0.0
4881985.920003004,0.0,4.042080001281221,0.0,0.8,313.70735851180086,313.7073589999985,313.7073589999985,0.0
4882011.840006009,0.0,4.042080001281221,0.0,0.8,313.70735851180086,313.7073589999985,313.7073589999985,0.0
4882063.680012017,0.0,4.042080001281224,0.0,0.8,313.70735851180086,313.7073589999985,313.7073589999985,0.0
4882167.360024033,0.0,4.042080001281224,0.0,0.8,313.70735851180086,313.7073589999985,313.7073589999985,0.0
4882320.0,0.0,4.042080001281224,0.0,0.8,313.70735851180086,313.7073589999985,313.7073589999985,0.0
4882322.880000375,0.0,4.042080001281224,0.0,0.8,313.70735851180086,313.7073589999985,313.7073589999985,0.0
4882325.760000751,0.0,4.042080001281224,0.0,0.8,313.70735851180086,313.7073589999985,313.7073589999985,0.0
4882331.520001502,0.0,4.042080001281224,0.0,0.8,313.70735851180086,313.7073589999985,313.7073589999985,0.0
4882343.0400030045,0.0,4.042080001281224,0.0,0.8,313.70735851180086,313.7073589999985,313.7073589999985,0.0
4882366.080006008,0.0,4.042080001281224,0.0,0.8,313.70735851180086,313.7073589999985,313.7073589999985,0.0
4882412.160012017,0.0,4.042080001281224,0.0,0.8,313.70735851180086,313.7073589999985,313.7073589999985,0.0
4882504.320024034,0.0,4.042080001281224,0.0,0.8,313.70735851180086,313.7073589999985,313.7073589999985,0.0
4882680.0,0.0,4.042080001281224,0.0,0.8,313.70735851180086,313.7073589999985,313.7073589999985,0.0
4882682.520000376,0.0,4.042080001281224,0.0,0.8,313.70735851180086,313.7073589999985,313.7073589999985,0.0
4882685.040000751,0.0,4.042080001281224,0.0,0.8,313.70735851180086,313.7073589999985,313.7073589999985,0.0
4882690.080001502,0.0,4.042080001281224,0.0,0.8,313.70735851180086,313.7073589999985,313.7073589999985,0.0
4882700.160003005,0.0,4.042080001281224,0.0,0.8,313.70735851180086,313.7073589999985,313.7073589999985,0.0
4882720.320006008,0.0,4.042080001281224,0.0,0.8,313.70735851180086,313.7073589999985,313.7073589999985,0.0
4882760.6400120165,0.0,4.042080001281224,0.0,0.8,313.70735851180086,313.7073589999985,313.7073589999985,0.0
4882841.280024034,0.0,4.042080001281224,0.0,0.8,313.70735851180086,313.7073589999985,313.7073589999985,0.0
4883002.560048067,0.0,4.042080001281223,0.0,0.8,313.70735851180086,313.7073589999985,313.7073589999985,0.0
4883040.0,0.0,4.042080001281223,0.0,0.8,313.70735851180086,313.7073589999985,313.7073589999985,0.0
4883042.1600003755,0.0,4.042080001281223,0.0,0.8,313.70735851180086,313.7073589999985,313.7073589999985,0.0
4883044.320000751,0.0,4.042080001281223,0.0,0.8,313.70735851180086,313.7073589999985,313.7073589999985,0.0
4883048.640001502,0.0,4.042080001281223,0.0,0.8,313.70735851180086,313.7073589999985,313.7073589999985,0.0
4883057.280003004,0.0,4.042080001281223,0.0,0.8,313.70735851180086,313.7073589999985,313.7073589999985,0.0
4883074.5600060085,0.0,4.042080001281223,0.0,0.8,313.70735851180086,313.7073589999985,313.7073589999985,0.0
4883109.120012017,0.0,4.042080001281223,0.0,0.8,313.70735851180086,313.7073589999985,313.7073589999985,0.0
4883178.240024034,0.0,4.042080001281224,0.0,0.8,313.70735851180086,313.7073589999985,313.7073589999985,0.0
4883316.480048067,0.0,4.042080001281224,0.0,0.8,313.70735851180086,313.7073589999985,313.7073589999985,0.0
4883400.0,0.0,4.042080001281224,0.0,0.8,313.70735851180086,313.7073589999985,313.7073589999985,0.0
4883401.800000375,0.0,4.042080001281224,0.0,0.8,313.70735851180086,313.7073589999985,313.7073589999985,0.0
4883403.600000751,0.0,4.042080001281224,0.0,0.8,313.70735851180086,313.7073589999985,313.7073589999985,0.0
4883407.200001502,0.0,4.042080001281224,0.0,0.8,313.70735851180086,313.7073589999985,313.7073589999985,0.0
4883414.400003004,0.0,4.042080001281224,0.0,0.8,313.70735851180086,313.7073589999985,313.7073589999985,0.0
4883428.800006009,0.0,4.042080001281224,0.0,0.8,313.70735851180086,313.7073589999985,313.7073589999985,0.0
4883457.6000120165,0.0,4.042080001281224,0.0,0.8,313.70735851180086,313.7073589999985,313.7073589999985,0.0
4883515.200024034,0.0,4.042080001281224,0.0,0.8,313.70735851180086,313.7073589999985,313.7073589999985,0.0
4883630.400048067,0.0,4.042080001281224,0.0,0.8,313.70735851180086,313.7073589999985,313.7073589999985,0.0
4883760.0,0.0,4.042080001281223,0.0,0.8,313.70735851180086,313.7073589999985,313.7073589999985,0.0
4883761.440000376,0.0,4.042080001281223,0.0,0.8,313.70735851180086,313.7073589999985,313.7073589999985,0.0
4883762.880000751,0.0,4.042080001281223,0.0,0.8,313.70735851180086,313.7073589999985,313.7073589999985,0.0
4883765.760001502,0.0,4.042080001281223,0.0,0.8,313.70735851180086,313.7073589999985,313.7073589999985,0.0
4883771.520003004,0.0,4.042080001281223,0.0,0.8,313.70735851180086,313.7073589999985,313.7073589999985,0.0
4883783.040006008,0.0,4.042080001281223,0.0,0.8,313.70735851180086,313.7073589999985,313.7073589999985,0.0
4883806.080012017,0.0,4.042080001281223,0.0,0.8,313.70735851180086,313.7073589999985,313.7073589999985,0.0
4883852.160024034,0.0,4.042080001281224,0.0,0.8,313.70735851180086,313.7073589999985,313.7073589999985,0.0
4883944.320048067,0.0,4.042080001281223,0.0,0.8,313.70735851180086,313.7073589999985,313.7073589999985,0.0
4884120.0,0.0,4.042080001281224,0.0,0.8,313.70735851180086,313.7073589999985,313.7073589999985,0.0
4884121.080000375,0.0,4.042080001281224,0.0,0.8,313.70735851180086,313.7073589999985,313.7073589999985,0.0
4884122.160000751,0.0,4.042080001281224,0.0,0.8,313.70735851180086,313.7073589999985,313.7073589999985,0.0
4884124.3200015025,0.0,4.042080001281224,0.0,0.8,313.70735851180086,313.7073589999985,313.7073589999985,0.0
4884128.640003004,0.0,4.042080001281224,0.0,0.8,313.70735851180086,313.7073589999985,313.7073589999985,0.0
4884137.280006008,0.0,4.042080001281224,0.0,0.8,313.70735851180086,313.7073589999985,313.7073589999985,0.0
4884154.560012016,0.0,4.042080001281224,0.0,0.8,313.70735851180086,313.7073589999985,313.7073589999985,0.0
4884189.120024034,0.0,4.042080001281224,0.0,0.8,313.70735851180086,313.7073589999985,313.7073589999985,0.0
4884258.240048067,0.0,4.042080001281224,0.0,0.8,313.70735851180086,313.7073589999985,313.7073589999985,0.0
4884396.480096134,0.0,4.042080001281226,0.0,0.8,313.70735851180086,313.7073589999985,313.7073589999985,0.0
4884480.0,0.0,4.042080001281224,0.0,0.8,313.70735851180086,313.7073589999985,313.7073589999985,0.0
4884480.720000375,0.0,4.042080001281224,0.0,0.8,313.70735851180086,313.7073589999985,313.7073589999985,0.0
4884481.440000751,0.0,4.042080001281224,0.0,0.8,313.70735851180086,313.7073589999985,313.7073589999985,0.0
4884482.880001502,0.0,4.042080001281224,0.0,0.8,313.70735851180086,313.7073589999985,313.7073589999985,0.0
4884485.760003004,0.0,4.042080001281224,0.0,0.8,313.70735851180086,313.7073589999985,313.7073589999985,0.0
4884491.520006008,0.0,4.042080001281224,0.0,0.8,313.70735851180086,313.7073589999985,313.7073589999985,0.0
4884503.040012017,0.0,4.042080001281224,0.0,0.8,313.70735851180086,313.7073589999985,313.7073589999985,0.0
4884526.080024034,0.0,4.042080001281224,0.0,0.8,313.70735851180086,313.7073589999985,313.7073589999985,0.0
4884572.160048067,0.0,4.042080001281224,0.0,0.8,313.70735851180086,313.7073589999985,313.7073589999985,0.0
4884664.320096134,0.0,4.042080001281224,0.0,0.8,313.70735851180086,313.7073589999985,313.7073589999985,0.0
4884840.0,0.0,4.042080001281224,0.0,0.8,313.70735851180086,313.7073589999985,313.7073589999985,0.0
4884840.360000376,0.0,4.042080001281224,0.0,0.8,313.70735851180086,313.7073589999985,313.7073589999985,0.0
4884840.720000751,0.0,4.042080001281224,0.0,0.8,313.70735851180086,313.7073589999985,313.7073589999985,0.0
4884841.440001502,0.0,4.042080001281224,0.0,0.8,313.70735851180086,313.7073589999985,313.7073589999985,0.0
4884842.880003004,0.0,4.042080001281224,0.0,0.8,313.70735851180086,313.7073589999985,313.7073589999985,0.0
4884845.760006009,0.0,4.042080001281224,0.0,0.8,313.70735851180086,313.7073589999985,313.7073589999985,0.0
4884851.520012016,0.0,4.042080001281224,0.0,0.8,313.70735851180086,313.7073589999985,313.7073589999985,0.0
4884863.040024034,0.0,4.042080001281224,0.0,0.8,313.70735851180086,313.7073589999985,313.7073589999985,0.0
4884886.0800480675,0.0,4.042080001281224,0.0,0.8,313.70735851180086,313.7073589999985,313.7073589999985,0.0
4884932.160096134,0.0,4.042080001281224,0.0,0.8,313.70735851180086,313.7073589999985,313.7073589999985,0.0
4885024.320192268,0.0,4.042080001281224,0.0,0.8,313.70735851180086,313.7073589999985,313.7073589999985,0.0
4885200.0,0.0,4.042080001281224,0.0,0.8,313.70735851180086,313.7073589999985,313.7073589999985,0.0
4888800.0,0.0,4.042080001281224,0.0,0.8,314.9499993640787,314.9500000003109,314.9500000003109,0.0
4888803.600000429,0.0,4.042080001281224,0.0,0.8,314.9499993640787,314.9500000003109,314.9500000003109,0.0
4888807.200000858,0.0,4.042080001281224,0.0,0.8,314.9499993640787,314.9500000003109,314.9500000003109,0.0
4888814.400001717,0.0,4.042080001281224,0.0,0.8,314.9499993640787,314.9500000003109,314.9500000003109,0.0
4888828.800003434,0.0,4.042080001281224,0.0,0.8,314.9499993640787,314.9500000003109,314.9500000003109,0.0
4888857.600006866,0.0,4.042080001281224,0.0,0.8,314.9499993640787,314.9500000003109,314.9500000003109,0.0
4888915.2000137335,0.0,4.042080001281224,0.0,0.8,314.9499993640787,314.9500000003109,314.9500000003109,0.0
4889030.400027467,0.0,4.042080001281224,0.0,0.8,314.9499993640787,314.9500000003109,314.9500000003109,0.0
4889160.0,0.0,4.042080001281226,0.0,0.8,314.9499993640787,314.9500000003109,314.9500000003109,0.0
4889163.24000043,0.0,4.042080001281226,0.0,0.8,314.9499993640787,314.9500000003109,314.9500000003109,0.0
4889166.480000858,0.0,4.042080001281226,0.0,0.8,314.9499993640787,314.9500000003109,314.9500000003109,0.0
4889172.960001716,0.0,4.042080001281226,0.0,0.8,314.9499993640787,314.9500000003109,314.9500000003109,0.0
4889185.920003434,0.0,4.042080001281226,0.0,0.8,314.9499993640787,314.9500000003109,314.9500000003109,0.0
4889211.8400068665,0.0,4.042080001281224,0.0,0.8,314.9499993640787,314.9500000003109,314.9500000003109,0.0
4889263.680013733,0.0,4.042080001281226,0.0,0.8,314.9499993640787,314.9500000003109,314.9500000003109,0.0
4889367.360027467,0.0,4.042080001281226,0.0,0.8,314.9499993640787,314.9500000003109,314.9500000003109,0.0
4889520.0,0.0,4.042080001281226,0.0,0.8,314.9499993640787,314.9500000003109,314.9500000003109,0.0
4889522.880000429,0.0,4.042080001281226,0.0,0.8,314.9499993640787,314.9500000003109,314.9500000003109,0.0
4889525.760000858,0.0,4.042080001281226,0.0,0.8,314.9499993640787,314.9500000003109,314.9500000003109,0.0
4889531.520001717,0.0,4.042080001281226,0.0,0.8,314.9499993640787,314.9500000003109,314.9500000003109,0.0
4889543.040003433,0.0,4.042080001281226,0.0,0.8,314.9499993640787,314.9500000003109,314.9500000003109,0.0
4889566.080006867,0.0,4.042080001281226,0.0,0.8,314.9499993640787,314.9500000003109,314.9500000003109,0.0
4889612.160013733,0.0,4.042080001281226,0.0,0.8,314.9499993640787,314.9500000003109,314.9500000003109,0.0
4889704.320027467,0.0,4.042080001281226,0.0,0.8,314.9499993640787,314.9500000003109,314.9500000003109,0.0
4889880.0,0.0,4.04208000128123,0.0,0.8,314.9499993640787,314.9500000003109,314.9500000003109,0.0
4889882.520000429,0.0,4.04208000128123,0.0,0.8,314.9499993640787,314.9500000003109,314.9500000003109,0.0
4889885.040000859,0.0,4.04208000128123,0.0,0.8,314.9499993640787,314.9500000003109,314.9500000003109,0.0
4889890.0800017165,0.0,4.04208000128123,0.0,0.8,314.9499993640787,314.9500000003109,314.9500000003109,0.0
4889900.160003433,0.0,4.04208000128123,0.0,0.8,314.9499993640787,314.9500000003109,314.9500000003109,0.0
4889920.320006867,0.0,4.04208000128123,0.0,0.8,314.9499993640787,314.9500000003109,314.9500000003109,0.0
4889960.640013733,0.0,4.042080001281224,0.0,0.8,314.9499993640787,314.9500000003109,314.9500000003109,0.0
4890041.280027467,0.0,4.042080001281226,0.0,0.8,314.9499993640787,314.9500000003109,314.9500000003109,0.0
4890202.560054934,0.0,4.042080001281226,0.0,0.8,314.9499993640787,314.9500000003109,314.9500000003109,0.0
4890240.0,0.0,4.042080001281226,0.0,0.8,314.9499993640787,314.9500000003109,314.9500000003109,0.0
4890242.1600004295,0.0,4.042080001281226,0.0,0.8,314.9499993640787,314.9500000003109,314.9500000003109,0.0
4890244.320000858,0.0,4.042080001281226,0.0,0.8,314.9499993640787,314.9500000003109,314.9500000003109,0.0
4890248.640001717,0.0,4.042080001281226,0.0,0.8,314.9499993640787,314.9500000003109,314.9500000003109,0.0
4890257.280003433,0.0,4.042080001281226,0.0,0.8,314.9499993640787,314.9500000003109,314.9500000003109,0.0
4890274.560006866,0.0,4.042080001281226,0.0,0.8,314.9499993640787,314.9500000003109,314.9500000003109,0.0
4890309.120013733,0.0,4.042080001281226,0.0,0.8,314.9499993640787,314.9500000003109,314.9500000003109,0.0
4890378.240027467,0.0,4.042080001281226,0.0,0.8,314.9499993640787,314.9500000003109,314.9500000003109,0.0
4890516.480054934,0.0,4.042080001281226,0.0,0.8,314.9499993640787,314.9500000003109,314.9500000003109,0.0
4890600.0,0.0,4.042080001281228,0.0,0.8,314.9499993640787,314.9500000003109,314.9500000003109,0.0
4890601.800000429,0.0,4.042080001281228,0.0,0.8,314.9499993640787,314.9500000003109,314.9500000003109,0.0
4890603.600000858,0.0,4.042080001281228,0.0,0.8,314.9499993640787,314.9500000003109,314.9500000003109,0.0
4890607.200001717,0.0,4.042080001281228,0.0,0.8,314.9499993640787,314.9500000003109,314.9500000003109,0.0
4890614.400003433,0.0,4.042080001281228,0.0,0.8,314.9499993640787,314.9500000003109,314.9500000003109,0.0
4890628.800006866,0.0,4.042080001281228,0.0,0.8,314.9499993640787,314.9500000003109,314.9500000003109,0.0
4890657.600013734,0.0,4.042080001281228,0.0,0.8,314.9499993640787,314.9500000003109,314.9500000003109,0.0
4890715.200027467,0.0,4.042080001281228,0.0,0.8,314.9499993640787,314.9500000003109,314.9500000003109,0.0
4890830.4000549335,0.0,4.042080001281228,0.0,0.8,314.9499993640787,314.9500000003109,314.9500000003109,0.0
4890960.0,0.0,4.042080001281228,0.0,0.8,314.9499993640787,314.9500000003109,314.9500000003109,0.0
4890961.440000429,0.0,4.042080001281228,0.0,0.8,314.9499993640787,314.9500000003109,314.9500000003109,0.0
4890962.880000859,0.0,4.042080001281228,0.0,0.8,314.9499993640787,314.9500000003109,314.9500000003109,0.0
4890965.760001717,0.0,4.042080001281228,0.0,0.8,314.9499993640787,314.9500000003109,314.9500000003109,0.0
4890971.520003433,0.0,4.042080001281228,0.0,0.8,314.9499993640787,314.9500000003109,314.9500000003109,0.0
4890983.040006867,0.0,4.042080001281228,0.0,0.8,314.9499993640787,314.9500000003109,314.9500000003109,0.0
4891006.080013733,0.0,4.042080001281228,0.0,0.8,314.9499993640787,314.9500000003109,314.9500000003109,0.0
4891052.160027467,0.0,4.042080001281228,0.0,0.8,314.9499993640787,314.9500000003109,314.9500000003109,0.0
4891144.320054933,0.0,4.042080001281228,0.0,0.8,314.9499993640787,314.9500000003109,314.9500000003109,0.0
4891320.0,0.0,4.042080001281228,0.0,0.8,314.9499993640787,314.9500000003109,314.9500000003109,0.0
4891321.080000429,0.0,4.042080001281228,0.0,0.8,314.9499993640787,314.9500000003109,314.9500000003109,0.0
4891322.160000858,0.0,4.042080001281228,0.0,0.8,314.9499993640787,314.9500000003109,314.9500000003109,0.0
4891324.320001717,0.0,4.042080001281228,0.0,0.8,314.9499993640787,314.9500000003109,314.9500000003109,0.0
4891328.640003433,0.0,4.042080001281228,0.0,0.8,314.9499993640787,314.9500000003109,314.9500000003109,0.0
4891337.280006867,0.0,4.042080001281228,0.0,0.8,314.9499993640787,314.9500000003109,314.9500000003109,0.0
4891354.560013734,0.0,4.042080001281228,0.0,0.8,314.9499993640787,314.9500000003109,314.9500000003109,0.0
4891389.120027467,0.0,4.042080001281228,0.0,0.8,314.9499993640787,314.9500000003109,314.9500000003109,0.0
4891458.240054933,0.0,4.042080001281228,0.0,0.8,314.9499993640787,314.9500000003109,314.9500000003109,0.0
4891596.480109867,0.0,4.042080001281228,0.0,0.8,314.9499993640787,314.9500000003109,314.9500000003109,0.0
4891680.0,0.0,4.042080001281228,0.0,0.8,314.9499993640787,314.9500000003109,314.9500000003109,0.0
4891680.720000429,0.0,4.042080001281228,0.0,0.8,314.9499993640787,314.9500000003109,314.9500000003109,0.0
4891681.440000858,0.0,4.042080001281228,0.0,0.8,314.9499993640787,314.9500000003109,314.9500000003109,0.0
4891682.880001716,0.0,4.042080001281228,0.0,0.8,314.9499993640787,314.9500000003109,314.9500000003109,0.0
4891685.760003434,0.0,4.042080001281228,0.0,0.8,314.9499993640787,314.9500000003109,314.9500000003109,0.0
4891691.520006867,0.0,4.042080001281228,0.0,0.8,314.9499993640787,314.9500000003109,314.9500000003109,0.0
4891703.040013733,0.0,4.042080001281228,0.0,0.8,314.9499993640787,314.9500000003109,314.9500000003109,0.0
4891726.080027467,0.0,4.042080001281228,0.0,0.8,314.9499993640787,314.9500000003109,314.9500000003109,0.0
4891772.160054933,0.0,4.042080001281228,0.0,0.8,314.9499993640787,314.9500000003109,314.9500000003109,0.0
4891864.3201098675,0.0,4.04208000128123,0.0,0.8,314.9499993640787,314.9500000003109,314.9500000003109,0.0
4892040.0,0.0,4.042080001281228,0.0,0.8,314.9499993640787,314.9500000003109,314.9500000003109,0.0
4892040.360000429,0.0,4.042080001281228,0.0,0.8,314.9499993640787,314.9500000003109,314.9500000003109,0.0
4892040.720000858,0.0,4.042080001281228,0.0,0.8,314.9499993640787,314.9500000003109,314.9500000003109,0.0
4892041.440001717,0.0,4.042080001281228,0.0,0.8,314.9499993640787,314.9500000003109,314.9500000003109,0.0
4892042.880003434,0.0,4.042080001281228,0.0,0.8,314.9499993640787,314.9500000003109,314.9500000003109,0.0
4892045.760006866,0.0,4.042080001281228,0.0,0.8,314.9499993640787,314.9500000003109,314.9500000003109,0.0
4892051.520013734,0.0,4.042080001281228,0.0,0.8,314.9499993640787,314.9500000003109,314.9500000003109,0.0
4892063.040027467,0.0,4.042080001281228,0.0,0.8,314.9499993640787,314.9500000003109,314.9500000003109,0.0
4892086.080054933,0.0,4.042080001281228,0.0,0.8,314.9499993640787,314.9500000003109,314.9500000003109,0.0
4892132.160109867,0.0,4.042080001281228,0.0,0.8,314.9499993640787,314.9500000003109,314.9500000003109,0.0
4892224.320219734,0.0,4.042080001281228,0.0,0.8,314.9499993640787,314.9500000003109,314.9500000003109,0.0
4892400.0,0.0,4.042080001281228,0.0,0.8,314.9499993640787,314.9500000003109,314.9500000003109,0.0
4896000.0,2.5,4.0053266143586495,0.09188346734531563,0.7999999999999999,316.62166689813046,316.3970860003568,316.50049214380044,8.643927055897075
4896000.000032987,2.5,4.0053265667581375,0.09188346317742044,0.799999994841468,316.62166689813046,316.3970860003568,316.50049214380044,8.643927055897075
4896000.000065975,2.5,4.005326519157712,0.09188345900959259,0.7999999896829358,316.62166689813046,316.3970860003568,316.50049214380044,8.643927055897075
4896000.00013195,2.5,4.005326423957068,0.09188345067410131,0.7999999793658717,316.62166689813046,316.3970860003568,316.50049214380044,8.643927055897075
4896000.0002639,2.5,4.005326233556881,0.09188343400394146,0.7999999587317435,316.62166689813046,316.3970860003568,316.50049214380044,8.643927055897075
4896000.000527799,2.5,4.005325852760637,0.09188340066675714,0.7999999174634868,316.62166689813046,316.3970860003568,316.50049214380044,8.643927055897075
4896000.001055597,2.5,4.005325091185289,0.09188333400531487,0.7999998349269736,316.62166689813046,316.3970860003568,316.50049214380044,8.643927055897075
4896000.002111195,2.5,4.005323568103059,0.091883200734052,0.799999669853947,316.62166689813046,316.3970860003568,316.50049214380044,8.643927055897075
4896000.00422239,2.5,4.005320522213017,0.0918829343980837,0.799999339707894,316.62166689813046,316.3970860003568,316.50049214380044,8.643927055897075
4896000.00844478,2.5,4.005314431530953,0.09188240255029953,0.799998679415788,316.62166689813046,316.3970860003568,316.50049214380044,8.643927055897075
4896000.016889559,2.5,4.005302254561768,0.09188134213489442,0.799997358831576,316.62166689813046,316.3970860003568,316.50049214380044,8.643927055897075
4896000.033779119,2.5,4.0052779182222285,0.09187923429238927,0.7999947176631518,316.62166689813046,316.3970860003568,316.50049214380044,8.643927055897075
4896000.067558238,2.5,4.005229316081502,0.09187506952580064,0.7999894353263035,316.62166689813046,316.3970860003568,316.50049214380044,8.643927055897075
4896000.135116477,2.5,4.005132394963275,0.09186693575784352,0.7999788706526071,316.62166689813046,316.3970860003568,316.50049214380044,8.643927055897075
4896000.270232953,2.5,4.004939691568248,0.09185139341909003,0.799957741305214,316.62166689813046,316.3970860003568,316.50049214380044,8.643927055897075
4896000.40534943,2.5,4.004748514444611,0.09183674807076227,0.7999366119578211,316.62166689813046,316.3970860003568,316.50049214380044,8.643927055897075
4896000.675582383,2.5,4.0043707533782795,0.09180970754980816,0.799894353263035,316.62166689813046,316.3970860003568,316.50049214380044,8.643927055897075
4896000.91879204,2.5,4.004036009893542,0.09178764841857957,0.7998563204377276,316.62166689813046,316.3970860003568,316.50049214380044,8.643927055897075
4896001.162001698,2.5,4.0037062037808075,0.09176736307869476,0.7998182876124201,316.62166689813046,316.3970860003568,316.50049214380044,8.643927055897075
4896001.405211356,2.5,4.00338129212308,0.09174857716596642,0.7997802547871127,316.62166689813046,316.3970860003568,316.50049214380044,8.643927055897075
4896001.648421014,2.5,4.003061212332928,0.0917310588354,0.7997422219618053,316.62166689813046,316.3970860003568,316.50049214380044,8.643927055897075
4896002.134840329,2.5,4.002435276108389,0.0916992055387318,0.7996661563111904,316.62166689813046,316.3970860003568,316.50049214380044,8.643927055897075
4896002.621259645,2.5,4.0018277182991255,0.09167058759640744,0.7995900906605756,316.62166689813046,316.3970860003568,316.50049214380044,8.643927055897075
4896003.10767896,2.5,4.0012377218273185,0.09164433858838879,0.7995140250099608,316.62166689813046,316.3970860003568,316.50049214380044,8.643927055897075
4896003.5940982755,2.5,4.000664437930788,0.09161996580272486,0.7994379593593459,316.62166689813046,316.3970860003568,316.50049214380044,8.643927055897075
4896004.080517591,2.5,4.0001070542452135,0.09159717827331526,0.7993618937087311,316.62166689813046,316.3970860003568,316.50049214380044,8.643927055897075
4896004.566936906,2.5,3.9995648139615527,0.09157574280220385,0.7992858280581162,316.62166689813046,316.3970860003568,316.50049214380044,8.643927055897075
4896005.053356222,2.5,3.999036989699643,0.09155543787245739,0.7992097624075014,316.62166689813046,316.3970860003568,316.50049214380044,8.643927055897075
4896005.539775537,2.5,3.99852286694649,0.09153606942287718,0.7991336967568866,316.62166689813046,316.3970860003568,316.50049214380044,8.643927055897075
4896006.512614168,2.5,3.9975330417630706,0.09149967028912608,0.7989815654556569,316.62166689813046,316.3970860003568,316.50049214380044,8.643927055897075
4896007.485452799,2.5,3.996590286780959,0.09146579222587153,0.7988294341544272,316.62166689813046,316.3970860003568,316.50049214380044,8.643927055897075
4896008.45829143,2.5,3.995690131575568,0.09143398265084597,0.7986773028531975,316.62166689813046,316.3970860003568,316.50049214380044,8.643927055897075
4896009.431130061,2.5,3.994828633862544,0.09140390400592494,0.7985251715519678,316.62166689813046,316.3970860003568,316.50049214380044,8.643927055897075
4896010.403968692,2.5,3.994002295935432,0.09137527754723666,0.7983730402507382,316.62166689813046,316.3970860003568,316.50049214380044,8.643927055897075
4896011.376807323,2.5,3.9932080009666002,0.09134788464124934,0.7982209089495085,316.62166689813046,316.3970860003568,316.50049214380044,8.643927055897075
4896013.3224845845,2.5,3.9917046515361685,0.09129617154223081,0.7979166463470491,316.62166689813046,316.3970860003568,316.50049214380044,8.643927055897075
4896015.268161846,2.5,3.99029988021686,0.09124783135438931,0.7976123837445898,316.62166689813046,316.3970860003568,316.50049214380044,8.643927055897075
4896017.213839108,2.5,3.988978891507892,0.09120224462723837,0.7973081211421303,316.62166689813046,316.3970860003568,316.50049214380044,8.643927055897075
4896019.15951637,2.5,3.9877298119285984,0.09115894133052156,0.7970038585396709,316.62166689813046,316.3970860003568,316.50049214380044,8.643927055897075
4896021.105193632,2.5,3.9865429819661875,0.09111755466237474,0.7966995959372116,316.62166689813046,316.3970860003568,316.50049214380044,8.643927055897075
4896023.0508708935,2.5,3.9854104886314423,0.0910778062504401,0.7963953333347522,316.62166689813046,316.3970860003568,316.50049214380044,8.643927055897075
4896024.996548155,2.5,3.9843258520189297,0.091039485516887,0.7960910707322929,316.62166689813046,316.3970860003568,316.50049214380044,8.643927055897075
4896026.942225417,2.5,3.983283675826256,0.0910024235129847,0.7957868081298335,316.62166689813046,316.3970860003568,316.50049214380044,8.643927055897075
4896030.833579941,2.5,3.981309515657017,0.09093154989477892,0.7951782829249148,316.62166689813046,316.3970860003568,316.50049214380044,8.643927055897075
4896034.335799011,2.5,3.979639425414988,0.09087087574302355,0.7946306102404879,316.62166689813046,316.3970860003568,316.50049214380044,8.643927055897075
4896037.838018083,2.5,3.9780541688770055,0.09081265907932476,0.794082937556061,316.62166689813046,316.3970860003568,316.50049214380044,8.643927055897075
4896041.340237154,2.5,3.976541839631999,0.09075655869413261,0.7935352648716342,316.62166689813046,316.3970860003568,316.50049214380044,8.643927055897075
4896044.842456225,2.5,3.9750931827794758,0.09070230524226773,0.7929875921872073,316.62166689813046,316.3970860003568,316.50049214380044,8.643927055897075
4896048.344675297,2.5,3.9737007249232597,0.09064967284133968,0.7924399195027804,316.62166689813046,316.3970860003568,316.50049214380044,8.643927055897075
4896051.846894368,2.5,3.9723582744516697,0.09059847684419034,0.7918922468183536,316.62166689813046,316.3970860003568,316.50049214380044,8.643927055897075
4896055.349113439,2.5,3.9710606642644413,0.09054856606100262,0.7913445741339267,316.62166689813046,316.3970860003568,316.50049214380044,8.643927055897075
4896058.85133251,2.5,3.969803587475657,0.0904998131510052,0.7907969014494998,316.62166689813046,316.3970860003568,316.50049214380044,8.643927055897075
4896065.855770653,2.5,3.967397057005062,0.09040536893327361,0.7897015560806461,316.62166689813046,316.3970860003568,316.50049214380044,8.643927055897075
4896072.860208795,2.5,3.965115359771273,0.09031444965655071,0.7886062107117924,316.62166689813046,316.3970860003568,316.50049214380044,8.643927055897075
4896079.864646938,2.5,3.962940571741431,0.09022652773224094,0.7875108653429386,316.62166689813046,316.3970860003568,316.50049214380044,8.643927055897075
4896086.86908508,2.5,3.9608586358861637,0.0901411884971918,0.7864155199740849,316.62166689813046,316.3970860003568,316.50049214380044,8.643927055897075
4896093.873523222,2.5,3.9588585272887444,0.09005810536770766,0.7853201746052312,316.62166689813046,316.3970860003568,316.50049214380044,8.643927055897075
4896100.877961365,2.5,3.956931402903923,0.08997701888200521,0.7842248292363774,316.62166689813046,316.3970860003568,316.50049214380044,8.643927055897075
4896107.882399508,2.5,3.9550698709053123,0.08989771340351758,0.7831294838675237,316.62166689813046,316.3970860003568,316.50049214380044,8.643927055897075
4896114.88683765,2.5,3.953267631005135,0.08982000556122183,0.7820341384986699,316.62166689813046,316.3970860003568,316.50049214380044,8.643927055897075
4896121.891275792,2.5,3.951519348152975,0.0897437423939669,0.7809387931298162,316.62166689813046,316.3970860003568,316.50049214380044,8.643927055897075
4896128.895713935,2.5,3.9498205012351666,0.08966879671512994,0.7798434477609625,316.62166689813046,316.3970860003568,316.50049214380044,8.643927055897075
4896135.900152077,2.5,3.948167175073418,0.08959505952854319,0.7787481023921087,316.62166689813046,316.3970860003568,316.50049214380044,8.643927055897075
4896149.9090283625,2.5,3.944983762975597,0.08945084807178037,0.7765574116544013,316.62166689813046,316.3970860003568,316.50049214380044,8.643927055897075
4896163.917904647,2.5,3.9419458855882117,0.08931049177213157,0.7743667209166938,316.62166689813046,316.3970860003568,316.50049214380044,8.643927055897075
4896177.926780932,2.5,3.9390350479546616,0.08917352972166427,0.7721760301789863,316.62166689813046,316.3970860003568,316.50049214380044,8.643927055897075
4896191.935657217,2.5,3.936236340808742,0.08903961389243449,0.7699853394412789,316.62166689813046,316.3970860003568,316.50049214380044,8.643927055897075
4896205.944533502,2.5,3.9335373835827703,0.0889084738182461,0.7677946487035714,316.62166689813046,316.3970860003568,316.50049214380044,8.643927055897075
4896219.953409787,2.5,3.9309276241644397,0.08877989674186382,0.7656039579658639,316.62166689813046,316.3970860003568,316.50049214380044,8.643927055897075
4896233.962286072,2.5,3.9283979872814303,0.08865371560752476,0.7634132672281564,316.62166689813046,316.3970860003568,316.50049214380044,8.643927055897075
4896247.971162356,2.5,3.9259406076651877,0.08852979783953518,0.761222576490449,316.62166689813046,316.3970860003568,316.50049214380044,8.643927055897075
4896261.980038642,2.5,3.9235485574835596,0.08840803602916307,0.7590318857527415,316.62166689813046,316.3970860003568,316.50049214380044,8.643927055897075
4896275.988914927,2.5,3.9212156411053924,0.08828834212111446,0.756841195015034,316.62166689813046,316.3970860003568,316.50049214380044,8.643927055897075
4896289.997791211,2.5,3.91893626906183,0.08817064337700145,0.7546505042773266,316.62166689813046,316.3970860003568,316.50049214380044,8.643927055897075
4896304.006667497,2.5,3.9167053544585833,0.08805487871923821,0.7524598135396191,316.62166689813046,316.3970860003568,316.50049214380044,8.643927055897075
4896332.024420067,2.5,3.912370507586047,0.08782895074876272,0.7480784320642041,316.62166689813046,316.3970860003568,316.50049214380044,8.643927055897075
4896360.0,2.5,3.908183382538459,0.08761053935731428,0.743703645493444,316.62166689813046,316.3970860003568,316.50049214380044,8.643927055897075
4896360.00082254,2.5,3.90818326119463,0.08761053303809788,0.7437035168655641,316.62166689813046,316.3970860003568,316.50049214380044,8.643927055897075
4896360.001645081,2.5,3.9081831398509004,0.08761052671888749,0.7437033882376842,316.62166689813046,316.3970860003568,316.50049214380044,8.643927055897075
4896360.003290162,2.5,3.908182897163684,0.08761051408048441,0.7437031309819245,316.62166689813046,316.3970860003568,316.50049214380044,8.643927055897075
4896360.006580325,2.5,3.908182411790408,0.08761048880375,0.7437026164704049,316.62166689813046,316.3970860003568,316.50049214380044,8.643927055897075
4896360.01316065,2.5,3.9081814410483333,0.08761043825056725,0.7437015874473659,316.62166689813046,316.3970860003568,316.50049214380044,8.643927055897075
4896360.026321299,2.5,3.90817949958252,0.08761033714534745,0.7436995294012878,316.62166689813046,316.3970860003568,316.50049214380044,8.643927055897075
4896360.052642598,2.5,3.9081756167241926,0.08761013493949038,0.7436954133091315,316.62166689813046,316.3970860003568,316.50049214380044,8.643927055897075
4896360.105285196,2.5,3.9081678513009894,0.08760973054610664,0.7436871811248189,316.62166689813046,316.3970860003568,316.50049214380044,8.643927055897075
4896360.210570391,2.5,3.908152321627703,0.0876089218326542,0.7436707167561938,316.62166689813046,316.3970860003568,316.50049214380044,8.643927055897075
4896360.4211407835,2.5,3.908121266967988,0.08760730469895625,0.7436377880189435,316.62166689813046,316.3970860003568,316.50049214380044,8.643927055897075
4896360.842281566,2.5,3.9080591763485963,0.08760407160395994,0.7435719305444429,316.62166689813046,316.3970860003568,316.50049214380044,8.643927055897075
4896361.684563132,2.5,3.907935069531356,0.08759761010019473,0.7434402155954419,316.62166689813046,316.3970860003568,316.50049214380044,8.643927055897075
4896363.369126264,2.5,3.9076871505713076,0.0875847058114057,0.7431767856974398,316.62166689813046,316.3970860003568,316.50049214380044,8.643927055897075
4896366.738252529,2.5,3.907192467511003,0.08755897190871935,0.7426499259014355,316.62166689813046,316.3970860003568,316.50049214380044,8.643927055897075
4896373.476505058,2.5,3.9062075332554462,0.08750780129182145,0.741596206309427,316.62166689813046,316.3970860003568,316.50049214380044,8.643927055897075
4896386.953010116,2.5,3.9042539284591333,0.08740663752460111,0.73948876712541,316.62166689813046,316.3970860003568,316.50049214380044,8.643927055897075
4896400.429515174,2.5,3.9023196148918395,0.0873070249393965,0.737381327941393,316.62166689813046,316.3970860003568,316.50049214380044,8.643927055897075
4896413.906020232,2.5,3.9004015848866134,0.08720894148928598,0.735273888757376,316.62166689813046,316.3970860003568,316.50049214380044,8.643927055897075
4896427.382525289,2.5,3.898496816111414,0.08711236627785805,0.733166449573359,316.62166689813046,316.3970860003568,316.50049214380044,8.643927055897075
4896454.335535405,2.5,3.8947152908071345,0.08692366367593446,0.7289515712053249,316.62166689813046,316.3970860003568,316.50049214380044,8.643927055897075
4896478.593244509,2.5,3.8913269326188833,0.08675880125733579,0.7251581806740943,316.62166689813046,316.3970860003568,316.50049214380044,8.643927055897075
4896502.850953613,2.5,3.88793377353421,0.08659854422529832,0.7213647901428637,316.62166689813046,316.3970860003568,316.50049214380044,8.643927055897075
4896527.108662717,2.5,3.8845172533349195,0.08644280170177306,0.7175713996116331,316.62166689813046,316.3970860003568,316.50049214380044,8.643927055897075
4896551.366371822,2.5,3.881058508913092,0.08629148901417284,0.7137780090804025,316.62166689813046,316.3970860003568,316.50049214380044,8.643927055897075
4896575.624080925,2.5,3.877538330309291,0.08614452604354154,0.7099846185491718,316.62166689813046,316.3970860003568,316.50049214380044,8.643927055897075
4896599.88179003,2.5,3.8739374415927843,0.08600183663930906,0.7061912280179412,316.62166689813046,316.3970860003568,316.50049214380044,8.643927055897075
4896624.139499133,2.5,3.870237076616461,0.0858633484965674,0.7023978374867106,316.62166689813046,316.3970860003568,316.50049214380044,8.643927055897075
4896672.654917343,2.5,3.862471018000927,0.08559870530403099,0.6948110564242492,316.62166689813046,316.3970860003568,316.50049214380044,8.643927055897075
4896720.0,2.5,3.8543475070322875,0.08535589959507751,0.6874072909868891,316.62166689813046,316.3970860003568,316.50049214380044,8.643927055897075
4896720.001421362,2.5,3.8543472546515765,0.08535589253041932,0.6874070687160919,316.62166689813046,316.3970860003568,316.50049214380044,8.643927055897075
4896720.002842723,2.5,3.8543470022703628,0.08535588546577443,0.6874068464452947,316.62166689813046,316.3970860003568,316.50049214380044,8.643927055897075
4896720.005685447,2.5,3.854346497506368,0.08535587133652482,0.6874064019037003,316.62166689813046,316.3970860003568,316.50049214380044,8.643927055897075
4896720.0113708945,2.5,3.8543454879722843,0.08535584307818588,0.6874055128205112,316.62166689813046,316.3970860003568,316.50049214380044,8.643927055897075
4896720.022741789,2.5,3.8543434688795943,0.08535578656214943,0.6874037346541334,316.62166689813046,316.3970860003568,316.50049214380044,8.643927055897075
4896720.045483577,2.5,3.854339430596417,0.08535567353264234,0.6874001783213776,316.62166689813046,316.3970860003568,316.50049214380044,8.643927055897075
4896720.090967154,2.5,3.854331353638877,0.0853554474838912,0.687393065655866,316.62166689813046,316.3970860003568,316.50049214380044,8.643927055897075
4896720.181934308,2.5,3.854315198159396,0.08535499542743988,0.6873788403248428,316.62166689813046,316.3970860003568,316.50049214380044,8.643927055897075
4896720.363868617,2.5,3.8542828809436176,0.0853540914787309,0.6873503896627964,316.62166689813046,316.3970860003568,316.50049214380044,8.643927055897075
4896720.727737235,2.5,3.854218221490946,0.08535228423800618,0.6872934883387036,316.62166689813046,316.3970860003568,316.50049214380044,8.643927055897075
4896721.455474469,2.5,3.85408880255014,0.08534867238267631,0.687179685690518,316.62166689813046,316.3970860003568,316.50049214380044,8.643927055897075
4896722.910948939,2.5,3.8538295649387186,0.08534145917127753,0.6869520803941469,316.62166689813046,316.3970860003568,316.50049214380044,8.643927055897075
4896725.821897876,2.5,3.8533094944260973,0.0853270747038984,0.6864968698014046,316.62166689813046,316.3970860003568,316.50049214380044,8.643927055897075
4896731.643795754,2.5,3.8522630066801797,0.08529847325963617,0.68558644861592,316.62166689813046,316.3970860003568,316.50049214380044,8.643927055897075
4896743.287591508,2.5,3.8501450075407613,0.08524193771254913,0.6837656062449508,316.62166689813046,316.3970860003568,316.50049214380044,8.643927055897075
4896754.931387261,2.5,3.8479946221773975,0.08518628706078196,0.6819447638739816,316.62166689813046,316.3970860003568,316.50049214380044,8.643927055897075
4896766.575183014,2.5,3.8458133880887937,0.08513151553349606,0.6801239215030124,316.62166689813046,316.3970860003568,316.50049214380044,8.643927055897075
4896778.218978768,2.5,3.8436032717707,0.08507761748375965,0.6783030791320432,316.62166689813046,316.3970860003568,316.50049214380044,8.643927055897075
4896801.506570276,2.5,3.8391063707758786,0.08497241985597158,0.6746613943901048,316.62166689813046,316.3970860003568,316.50049214380044,8.643927055897075
4896824.794161783,2.5,3.8345275070739238,0.08487065141300525,0.6710197096481664,316.62166689813046,316.3970860003568,316.50049214380044,8.643927055897075
4896848.08175329,2.5,3.8298950851461457,0.08477227124287243,0.667378024906228,316.62166689813046,316.3970860003568,316.50049214380044,8.643927055897075
4896882.320657031,2.5,3.823052932919054,0.0846336977044108,0.6620237875092214,316.62166689813046,316.3970860003568,316.50049214380044,8.643927055897075
4896916.559560772,2.5,3.8162619145073995,0.08450224666438129,0.6566695501122148,316.62166689813046,316.3970860003568,316.50049214380044,8.643927055897075
4896950.798464513,2.5,3.8096073771470746,0.08437780801680184,0.6513153127152083,316.62166689813046,316.3970860003568,316.50049214380044,8.643927055897075
4896985.037368255,2.5,3.8031494012570937,0.08426027881865204,0.6459610753182017,316.62166689813046,316.3970860003568,316.50049214380044,8.643927055897075
4897019.276271995,2.5,3.796918304000033,0.08414956293151084,0.6406068379211951,316.62166689813046,316.3970860003568,316.50049214380044,8.643927055897075
4897080.0,2.5,3.7864210849936946,0.08396968851001053,0.6311109364803345,316.62166689813046,316.3970860003568,316.50049214380044,8.643927055897075
4897080.0017743325,2.5,3.7864207877582534,0.08396968355860794,0.6311106590123559,316.62166689813046,316.3970860003568,316.50049214380044,8.643927055897075
4897080.003548666,2.5,3.7864204905233145,0.08396967860722303,0.6311103815443772,316.62166689813046,316.3970860003568,316.50049214380044,8.643927055897075
4897080.007097332,2.5,3.786419896054944,0.08396966870450621,0.6311098266084197,316.62166689813046,316.3970860003568,316.50049214380044,8.643927055897075
4897080.014194663,2.5,3.7864187071242954,0.0839696488992846,0.631108716736505,316.62166689813046,316.3970860003568,316.50049214380044,8.643927055897075
4897080.028389326,2.5,3.7864163292872997,0.08396960928968952,0.6311064969926756,316.62166689813046,316.3970860003568,316.50049214380044,8.643927055897075
4897080.056778652,2.5,3.7864115737107134,0.08396953007389175,0.6311020575050168,316.62166689813046,316.3970860003568,316.50049214380044,8.643927055897075
4897080.113557303,2.5,3.786402062947045,0.08396937165586556,0.6310931785296993,316.62166689813046,316.3970860003568,316.50049214380044,8.643927055897075
4897080.227114608,2.5,3.7863830429773695,0.0839690548740892,0.6310754205790641,316.62166689813046,316.3970860003568,316.50049214380044,8.643927055897075
4897080.454229215,2.5,3.786345009264278,0.08396842152763113,0.6310399046777935,316.62166689813046,316.3970860003568,316.50049214380044,8.643927055897075
4897080.90845843,2.5,3.786268966708319,0.08396715570301588,0.6309688728752526,316.62166689813046,316.3970860003568,316.50049214380044,8.643927055897075
4897081.81691686,2.5,3.7861169807968924,0.08396462752637131,0.6308268092701708,316.62166689813046,316.3970860003568,316.50049214380044,8.643927055897075
4897083.63383372,2.5,3.785813403522199,0.08395958505849126,0.630542682060007,316.62166689813046,316.3970860003568,316.50049214380044,8.643927055897075
4897087.26766744,2.5,3.785207808979685,0.0839495556250435,0.6299744276396794,316.62166689813046,316.3970860003568,316.50049214380044,8.643927055897075
4897094.5353348795,2.5,3.784002712201332,0.08392971845520138,0.6288379187990243,316.62166689813046,316.3970860003568,316.50049214380044,8.643927055897075
4897109.07066976,2.5,3.7816156775827423,0.0838909284442124,0.6265649011177142,316.62166689813046,316.3970860003568,316.50049214380044,8.643927055897075
4897123.6060046395,2.5,3.7792571915898505,0.083853312937802,0.6242918834364041,316.62166689813046,316.3970860003568,316.50049214380044,8.643927055897075
4897138.14133952,2.5,3.776924415367058,0.08381686658130805,0.6220188657550939,316.62166689813046,316.3970860003568,316.50049214380044,8.643927055897075
4897152.6766743995,2.5,3.774614532929493,0.08378158419999295,0.6197458480737839,316.62166689813046,316.3970860003568,316.50049214380044,8.643927055897075
4897181.7473441595,2.5,3.770052666296984,0.08371449151305502,0.6151998127111635,316.62166689813046,316.3970860003568,316.50049214380044,8.643927055897075
4897210.8180139195,2.5,3.7655514243884887,0.08365199694177006,0.6106537773485432,316.62166689813046,316.3970860003568,316.50049214380044,8.643927055897075
4897239.8886836795,2.5,3.7610935141062845,0.08359406527684601,0.606107741985923,316.62166689813046,316.3970860003568,316.50049214380044,8.643927055897075
4897298.030023199,2.5,3.7522557045166365,0.08349176258812141,0.5970156712606824,316.62166689813046,316.3970860003568,316.50049214380044,8.643927055897075
4897347.312401543,2.5,3.7448056006510466,0.08341906686537555,0.5893089539211759,316.62166689813046,316.3970860003568,316.50049214380044,8.643927055897075
4897396.594779888,2.5,3.737375672992974,0.08335910763790473,0.5816022365816693,316.62166689813046,316.3970860003568,316.50049214380044,8.643927055897075
4897440.0,2.5,3.7308515956615373,0.08331676844313061,0.5748145819737789,316.62166689813046,316.3970860003568,316.50049214380044,8.643927055897075
4897440.001955003,2.5,3.7308513023945324,0.08331676675604491,0.5748142762529663,316.62166689813046,316.3970860003568,316.50049214380044,8.643927055897075
4897440.003910004,2.5,3.7308510091275924,0.08331676506897898,0.5748139705321537,316.62166689813046,316.3970860003568,316.50049214380044,8.643927055897075
4897440.007820008,2.5,3.7308504225938877,0.08331676169490644,0.5748133590905284,316.62166689813046,316.3970860003568,316.50049214380044,8.643927055897075
4897440.015640017,2.5,3.730849249527226,0.08331675494699863,0.574812136207278,316.62166689813046,316.3970860003568,316.50049214380044,8.643927055897075
4897440.031280034,2.5,3.7308469033968827,0.08331674145213211,0.5748096904407772,316.62166689813046,316.3970860003568,316.50049214380044,8.643927055897075
4897440.0625600675,2.5,3.730842211148176,0.08331671446619539,0.5748047989077755,316.62166689813046,316.3970860003568,316.50049214380044,8.643927055897075
4897440.125120136,2.5,3.7308328266987343,0.08331666050950681,0.5747950158417721,316.62166689813046,316.3970860003568,316.50049214380044,8.643927055897075
4897440.250240272,2.5,3.7308140579919575,0.08331655265686877,0.5747754497097654,316.62166689813046,316.3970860003568,316.50049214380044,8.643927055897075
4897440.500480543,2.5,3.730776521348137,0.08331633719454518,0.5747363174457518,316.62166689813046,316.3970860003568,316.50049214380044,8.643927055897075
4897441.000961087,2.5,3.7307014511501246,0.08331590724167424,0.5746580529177248,316.62166689813046,316.3970860003568,316.50049214380044,8.643927055897075
4897442.001922173,2.5,3.7305513231977065,0.08331505122277334,0.5745015238616704,316.62166689813046,316.3970860003568,316.50049214380044,8.643927055897075
4897444.003844347,2.5,3.7302511177532187,0.08331335473023002,0.5741884657495621,316.62166689813046,316.3970860003568,316.50049214380044,8.643927055897075
4897448.007688693,2.5,3.729650914275306,0.08331002390950124,0.5735623495253451,316.62166689813046,316.3970860003568,316.50049214380044,8.643927055897075
4897456.015377386,2.5,3.7284513827977808,0.0833036107946957,0.5723101170769114,316.62166689813046,316.3970860003568,316.50049214380044,8.643927055897075
4897472.030754772,2.5,3.726056207384709,0.08329177766739705,0.5698056521800439,316.62166689813046,316.3970860003568,316.50049214380044,8.643927055897075
4897504.061509543,2.5,3.721284749226476,0.08327207645529515,0.5647967223863087,316.62166689813046,316.3970860003568,316.50049214380044,8.643927055897075
4897536.092264315,2.5,3.7165454808785743,0.08325764960864646,0.5597877925925736,316.62166689813046,316.3970860003568,316.50049214380044,8.643927055897075
4897568.123019087,2.5,3.711847216127365,0.08324848519903433,0.5547788627988385,316.62166689813046,316.3970860003568,316.50049214380044,8.643927055897075
4897600.153773859,2.5,3.7071988750898512,0.0832445745149666,0.5497699330051034,316.62166689813046,316.3970860003568,316.50049214380044,8.643927055897075
4897664.215283402,2.5,3.69808599042809,0.08325249511639085,0.5397520734176331,316.62166689813046,316.3970860003568,316.50049214380044,8.643927055897075
4897728.276792946,2.5,3.6892669961316655,0.08328140499992219,0.5297342138301631,316.62166689813046,316.3970860003568,316.50049214380044,8.643927055897075
4897792.338302489,2.5,3.6807854269622244,0.08333134826213799,0.5197163542426928,316.62166689813046,316.3970860003568,316.50049214380044,8.643927055897075
4897800.0,2.5,3.6797949679178505,0.08333873358535446,0.5185182274672218,316.62166689813046,316.3970860003568,316.50049214380044,8.643927055897075
4897800.002017995,2.5,3.67979470773079,0.08333873557037115,0.5185179118955825,316.62166689813046,316.3970860003568,316.50049214380044,8.643927055897075
4897800.004035991,2.5,3.6797944475440905,0.08333873755540884,0.5185175963239432,316.62166689813046,316.3970860003568,316.50049214380044,8.643927055897075
4897800.008071982,2.5,3.679793927171773,0.08333874152554714,0.5185169651806648,316.62166689813046,316.3970860003568,316.50049214380044,8.643927055897075
4897800.016143964,2.5,3.679792886431482,0.0833387494660754,0.5185157028941079,316.62166689813046,316.3970860003568,316.50049214380044,8.643927055897075
4897800.032287928,2.5,3.679790804968259,0.0833387653481388,0.518513178320994,316.62166689813046,316.3970860003568,316.50049214380044,8.643927055897075
4897800.064575856,2.5,3.679786642111273,0.08333879711629281,0.5185081291747663,316.62166689813046,316.3970860003568,316.50049214380044,8.643927055897075
4897800.129151712,2.5,3.679778316675133,0.0833388606687099,0.5184980308823108,316.62166689813046,316.3970860003568,316.50049214380044,8.643927055897075
4897800.258303424,2.5,3.679761666914249,0.08333898783798045,0.5184778342973998,316.62166689813046,316.3970860003568,316.50049214380044,8.643927055897075
4897800.516606849,2.5,3.6797283718383844,0.08333924243427088,0.5184374411275778,316.62166689813046,316.3970860003568,316.50049214380044,8.643927055897075
4897801.033213696,2.5,3.679661799472815,0.08333975265787794,0.5183566547879338,316.62166689813046,316.3970860003568,316.50049214380044,8.643927055897075
4897802.066427393,2.5,3.6795287259063096,0.08334077722942908,0.5181950821086458,316.62166689813046,316.3970860003568,316.50049214380044,8.643927055897075
4897804.132854787,2.5,3.6792628635870885,0.08334284287175057,0.5178719367500699,316.62166689813046,316.3970860003568,316.50049214380044,8.643927055897075
4897808.2657095725,2.5,3.678732279376462,0.08334704016841797,0.517225646032918,316.62166689813046,316.3970860003568,316.50049214380044,8.643927055897075
4897816.531419145,2.5,3.677675680943326,0.0833556989339073,0.5159330645986142,316.62166689813046,316.3970860003568,316.50049214380044,8.643927055897075
4897833.062838291,2.5,3.6755808127695198,0.08337407419205604,0.5133479017300066,316.62166689813046,316.3970860003568,316.50049214380044,8.643927055897075
4897866.125676581,2.5,3.6714645086862983,0.08341506466549953,0.5081775759927913,316.62166689813046,316.3970860003568,316.50049214380044,8.643927055897075
4897899.1885148715,2.5,3.66744564052576,0.08346172762264083,0.503007250255576,316.62166689813046,316.3970860003568,316.50049214380044,8.643927055897075
4897932.251353162,2.5,3.663522584620856,0.08351408937711226,0.49783692451836087,316.62166689813046,316.3970860003568,316.50049214380044,8.643927055897075
4897965.314191453,2.5,3.6596926476012634,0.08357217996610788,0.4926665987811456,316.62166689813046,316.3970860003568,316.50049214380044,8.643927055897075
4898031.439868034,2.5,3.652296896226594,0.0837056865386963,0.48232594730671513,316.62166689813046,316.3970860003568,316.50049214380044,8.643927055897075
4898097.565544615,2.5,3.645220792714105,0.083862563996575,0.47198529583228466,316.62166689813046,316.3970860003568,316.50049214380044,8.643927055897075
4898160.0,2.5,3.6387915632070005,0.08403247628291828,0.46222187296066597,316.62166689813046,316.3970860003568,316.50049214380044,8.643927055897075
4898160.001993865,2.5,3.6387913613283525,0.08403248205105253,0.4622215611625527,316.62166689813046,316.3970860003568,316.50049214380044,8.643927055897075
4898160.00398773,2.5,3.6387911594499056,0.08403248781920876,0.46222124936443937,316.62166689813046,316.3970860003568,316.50049214380044,8.643927055897075
4898160.007975459,2.5,3.6387907556936256,0.0840324993555871,0.46222062576821277,316.62166689813046,316.3970860003568,316.50049214380044,8.643927055897075
4898160.015950918,2.5,3.638789948183527,0.08403252242860745,0.46221937857575957,316.62166689813046,316.3970860003568,316.50049214380044,8.643927055897075
4898160.031901837,2.5,3.6387883331731548,0.0840325685757027,0.4622168841908532,316.62166689813046,316.3970860003568,316.50049214380044,8.643927055897075
4898160.063803675,2.5,3.638785103191718,0.08403266087411149,0.4622118954210405,316.62166689813046,316.3970860003568,316.50049214380044,8.643927055897075
4898160.127607348,2.5,3.63877864338607,0.08403284548780234,0.46220191788141507,316.62166689813046,316.3970860003568,316.50049214380044,8.643927055897075
4898160.255214697,2.5,3.6387657244035005,0.08403321478267863,0.46218196280216417,316.62166689813046,316.3970860003568,316.50049214380044,8.643927055897075
4898160.510429394,2.5,3.6387398889519047,0.0840339536424215,0.46214205264366237,316.62166689813046,316.3970860003568,316.50049214380044,8.643927055897075
4898161.020858788,2.5,3.638688228092172,0.08403543244196429,0.4620622323266588,316.62166689813046,316.3970860003568,316.50049214380044,8.643927055897075
4898162.041717577,2.5,3.6385849464604623,0.08403839436204627,0.4619025916926516,316.62166689813046,316.3970860003568,316.50049214380044,8.643927055897075
4898164.083435153,2.5,3.638378542858977,0.08404433549235352,0.46158331042463724,316.62166689813046,316.3970860003568,316.50049214380044,8.643927055897075
4898168.166870305,2.5,3.6379663687816683,0.08405628696300874,0.4609447478886085,316.62166689813046,316.3970860003568,316.50049214380044,8.643927055897075
4898176.333740612,2.5,3.637144508810303,0.08408046714352392,0.4596676228165511,316.62166689813046,316.3970860003568,316.50049214380044,8.643927055897075
4898192.667481223,2.5,3.635510384856517,0.08412993970678184,0.45711337267243624,316.62166689813046,316.3970860003568,316.50049214380044,8.643927055897075
4898225.334962446,2.5,3.6322776347971955,0.08423336046342765,0.45200487238420656,316.62166689813046,316.3970860003568,316.50049214380044,8.643927055897075
4898290.669924892,2.5,3.6259305904014174,0.08445833308950727,0.4417878718077472,316.62166689813046,316.3970860003568,316.50049214380044,8.643927055897075
4898356.004887338,2.5,3.6196955969602786,0.08470795610526102,0.43157087123128784,316.62166689813046,316.3970860003568,316.50049214380044,8.643927055897075
4898421.339849783,2.5,3.613515833140397,0.08498286519486978,0.42135387065482843,316.62166689813046,316.3970860003568,316.50049214380044,8.643927055897075
4898486.674812229,2.5,3.6073320774531528,0.08528377458403978,0.4111368700783691,316.62166689813046,316.3970860003568,316.50049214380044,8.643927055897075
4898520.0,2.5,3.6041564591796127,0.08544752528602084,0.40592551845410957,316.62166689813046,316.3970860003568,316.50049214380044,8.643927055897075
4898520.001903283,2.5,3.604156277157439,0.08544753483944663,0.4059252208210181,316.62166689813046,316.3970860003568,316.50049214380044,8.643927055897075
4898520.003806567,2.5,3.604156095135182,0.08544754439289547,0.40592492318792667,316.62166689813046,316.3970860003568,316.50049214380044,8.643927055897075
4898520.007613134,2.5,3.604155731090405,0.0854475634998625,0.4059243279217437,316.62166689813046,316.3970860003568,316.50049214380044,8.643927055897075
4898520.015226266,2.5,3.6041550029998537,0.08544760171407395,0.4059231373893779,316.62166689813046,316.3970860003568,316.50049214380044,8.643927055897075
4898520.030452534,2.5,3.6041535468146986,0.08544767814360611,0.4059207563246463,316.62166689813046,316.3970860003568,316.50049214380044,8.643927055897075
4898520.060905066,2.5,3.604150634428187,0.08544783100710768,0.40591599419518304,316.62166689813046,316.3970860003568,316.50049214380044,8.643927055897075
4898520.121810133,2.5,3.604144809590326,0.08544813675186003,0.4059064699362565,316.62166689813046,316.3970860003568,316.50049214380044,8.643927055897075
4898520.243620266,2.5,3.6041331596550874,0.0854487483123643,0.40588742141840345,316.62166689813046,316.3970860003568,316.50049214380044,8.643927055897075
4898520.4872405315,2.5,3.6041098587450513,0.08544997171739117,0.4058493243826974,316.62166689813046,316.3970860003568,316.50049214380044,8.643927055897075
4898520.974481064,2.5,3.6040632527546825,0.0854524196636795,0.40577313031128526,316.62166689813046,316.3970860003568,316.50049214380044,8.643927055897075
4898521.948962127,2.5,3.6039700239961667,0.08545732010248736,0.40562074216846095,316.62166689813046,316.3970860003568,316.50049214380044,8.643927055897075
4898523.897924255,2.5,3.6037834985948063,0.08546713917538272,0.4053159658828124,316.62166689813046,316.3970860003568,316.50049214380044,8.643927055897075
4898527.795848509,2.5,3.603410170057308,0.08548685018537876,0.40470641331151513,316.62166689813046,316.3970860003568,316.50049214380044,8.643927055897075
4898535.591697018,2.5,3.6026623522747214,0.08552656433082034,0.40348730816892076,316.62166689813046,316.3970860003568,316.50049214380044,8.643927055897075
4898551.183394035,2.5,3.6011616726762172,0.08560716653594357,0.4010490978837319,316.62166689813046,316.3970860003568,316.50049214380044,8.643927055897075
4898582.366788071,2.5,3.5981368779511724,0.08577311093257804,0.39617267731335415,316.62166689813046,316.3970860003568,316.50049214380044,8.643927055897075
4898644.733576141,2.5,3.5919666626461693,0.08612433129312771,0.38641983617259873,316.62166689813046,316.3970860003568,316.50049214380044,8.643927055897075
4898707.100364213,2.5,3.5855822383082976,0.08650208449181249,0.3766669950318433,316.62166689813046,316.3970860003568,316.50049214380044,8.643927055897075
4898831.833940354,2.5,3.571902388482961,0.08734124866720742,0.3571613127503324,316.62166689813046,316.3970860003568,316.50049214380044,8.643927055897075
4898880.0,2.5,3.566204638171459,0.08769667684153193,0.34962916394755383,316.62166689813046,316.3970860003568,316.50049214380044,8.643927055897075
4898880.001761982,2.5,3.5662044248721285,0.08769669017596267,0.3496288884109585,316.62166689813046,316.3970860003568,316.50049214380044,8.643927055897075
4898880.003523964,2.5,3.566204211572428,0.08769670351041797,0.34962861287436325,316.62166689813046,316.3970860003568,316.50049214380044,8.643927055897075
4898880.007047929,2.5,3.5662037849719326,0.0876967301794023,0.3496280618011728,316.62166689813046,316.3970860003568,316.50049214380044,8.643927055897075
4898880.014095858,2.5,3.56620293176652,0.0876967835176661,0.3496269596547918,316.62166689813046,316.3970860003568,316.50049214380044,8.643927055897075
4898880.0281917155,2.5,3.566201225338042,0.08769689019537398,0.3496247553620298,316.62166689813046,316.3970860003568,316.50049214380044,8.643927055897075
4898880.05638343,2.5,3.5661978124104485,0.08769710355551094,0.34962034677650583,316.62166689813046,316.3970860003568,316.50049214380044,8.643927055897075
4898880.11276686,2.5,3.566190986272715,0.08769753029467009,0.3496115296054579,316.62166689813046,316.3970860003568,316.50049214380044,8.643927055897075
4898880.225533721,2.5,3.5661773328669173,0.08769838384853286,0.349593895263362,316.62166689813046,316.3970860003568,316.50049214380044,8.643927055897075
4898880.451067442,2.5,3.5661500215328634,0.08770009125846434,0.3495586265791703,316.62166689813046,316.3970860003568,316.50049214380044,8.643927055897075
4898880.902134884,2.5,3.566095380765923,0.08770350728737468,0.3494880892107868,316.62166689813046,316.3970860003568,316.50049214380044,8.643927055897075
4898881.804269767,2.5,3.5659860267647794,0.08771034418317611,0.3493470144740199,316.62166689813046,316.3970860003568,316.50049214380044,8.643927055897075
4898883.608539536,2.5,3.5657670283201433,0.08772403734105078,0.34906486500048595,316.62166689813046,316.3970860003568,316.50049214380044,8.643927055897075
4898887.217079071,2.5,3.5653278651085585,0.08775150123697283,0.3485005660534181,316.62166689813046,316.3970860003568,316.50049214380044,8.643927055897075
4898894.434158143,2.5,3.564444837525638,0.0878067402749532,0.34737196815928245,316.62166689813046,316.3970860003568,316.50049214380044,8.643927055897075
4898908.868316284,2.5,3.562659700079485,0.08791847081589019,0.34511477237101107,316.62166689813046,316.3970860003568,316.50049214380044,8.643927055897075
4898937.736632569,2.5,3.5590110398460877,0.08814700285289982,0.34060038079446836,316.62166689813046,316.3970860003568,316.50049214380044,8.643927055897075
4898995.4732651375,2.5,3.5513868922620264,0.08862486026889364,0.331571597641383,316.62166689813046,316.3970860003568,316.50049214380044,8.643927055897075
4899110.946530275,2.5,3.534792783527353,0.08966818225261163,0.3135140313352123,316.62166689813046,316.3970860003568,316.50049214380044,8.643927055897075
4899226.4197954135,2.5,3.516580586562529,0.09083787787342155,0.29545646502904155,316.62166689813046,316.3970860003568,316.50049214380044,8.643927055897075
4899240.0,2.5,3.514357232930575,0.09098434353367776,0.2933328094409988,316.62166689813046,316.3970860003568,316.50049214380044,8.643927055897075
4899240.00158241,2.5,3.51435697309616,0.09098436071379364,0.2933325619856375,316.62166689813046,316.3970860003568,316.50049214380044,8.643927055897075
4899240.00316482,2.5,3.514356713261577,0.09098437789393601,0.2933323145302762,316.62166689813046,316.3970860003568,316.50049214380044,8.643927055897075
4899240.006329641,2.5,3.5143561935918988,0.09098441225430047,0.29333181961955335,316.62166689813046,316.3970860003568,316.50049214380044,8.643927055897075
4899240.012659282,2.5,3.5143551542504903,0.09098448097534789,0.2933308297981079,316.62166689813046,316.3970860003568,316.50049214380044,8.643927055897075
4899240.025318565,2.5,3.514353075559474,0.09098461841871706,0.2933288501552169,316.62166689813046,316.3970860003568,316.50049214380044,8.643927055897075
4899240.050637129,2.5,3.514348918144643,0.0909848933105525,0.29332489086943514,316.62166689813046,316.3970860003568,316.50049214380044,8.643927055897075
4899240.1012742575,2.5,3.5143406031838325,0.09098544311461264,0.29331697229787135,316.62166689813046,316.3970860003568,316.50049214380044,8.643927055897075
4899240.202548516,2.5,3.514323972737892,0.09098654280429402,0.29330113515474376,316.62166689813046,316.3970860003568,316.50049214380044,8.643927055897075
4899240.405097032,2.5,3.514290709750883,0.0909887425099368,0.2932694608684887,316.62166689813046,316.3970860003568,316.50049214380044,8.643927055897075
4899240.810194063,2.5,3.514224175413724,0.09099314322662676,0.2932061122959786,316.62166689813046,316.3970860003568,316.50049214380044,8.643927055897075
4899241.620388127,2.5,3.5140910734260737,0.09100194988389794,0.29307941515095826,316.62166689813046,316.3970860003568,316.50049214380044,8.643927055897075
4899243.240776253,2.5,3.513824737313952,0.09101958411221779,0.2928260208609177,316.62166689813046,316.3970860003568,316.50049214380044,8.643927055897075
4899246.481552507,2.5,3.5132915455177876,0.09105493637002687,0.29231923228083656,316.62166689813046,316.3970860003568,316.50049214380044,8.643927055897075
4899252.963105013,2.5,3.512223156116971,0.09112597726456786,0.2913056551206743,316.62166689813046,316.3970860003568,316.50049214380044,8.643927055897075
4899265.926210026,2.5,3.510078944218198,0.09126941405648169,0.2892785008003498,316.62166689813046,316.3970860003568,316.50049214380044,8.643927055897075
4899291.852420052,2.5,3.5057656563550768,0.09156178506872101,0.28522419215970063,316.62166689813046,316.3970860003568,316.50049214380044,8.643927055897075
4899343.704840104,2.5,3.497080313240984,0.09216916143341937,0.27711557487840244,316.62166689813046,316.3970860003568,316.50049214380044,8.643927055897075
4899447.409680208,2.5,3.4798063969828426,0.09348004703395314,0.26089834031580605,316.62166689813046,316.3970860003568,316.50049214380044,8.643927055897075
4899600.0,2.5,3.4557796802438054,0.09566853849736058,0.2370364549344437,316.62166689813046,316.3970860003568,316.50049214380044,8.643927055897075
4903200.0,0.0,3.4940470956271974,0.0,0.2370364549344437,317.95000027896543,317.9500000000054,317.95000005331553,4.425690858624876e-06
4903200.000814656,0.0,3.4940482066216503,0.0,0.2370364549344437,317.95000027896543,317.9500000000054,317.95000005331553,4.425690858624876e-06
4903200.001629312,0.0,3.4940493173383795,0.0,0.2370364549344437,317.95000027896543,317.9500000000054,317.95000005331553,4.425690858624876e-06
4903200.003258623,0.0,3.4940515381019392,0.0,0.2370364549344437,317.95000027896543,317.9500000000054,317.95000005331553,4.425690858624876e-06
4903200.006517246,0.0,3.4940559762431525,0.0,0.2370364549344437,317.95000027896543,317.9500000000054,317.95000005331553,4.425690858624876e-06
4903200.013034492,0.0,3.494064839703893,0.0,0.2370364549344437,317.95000027896543,317.9500000000054,317.95000005331553,4.425690858624876e-06
4903200.026068984,0.0,3.494082514001194,0.0,0.2370364549344437,317.95000027896543,317.9500000000054,317.95000005331553,4.425690858624876e-06
4903200.052137967,0.0,3.4941176551339233,0.0,0.2370364549344437,317.95000027896543,317.9500000000054,317.95000005331553,4.425690858624876e-06
4903200.104275935,0.0,3.4941871278535923,0.0,0.2370364549344437,317.95000027896543,317.9500000000054,317.95000005331553,4.425690858624876e-06
4903200.208551871,0.0,3.494322997814783,0.0,0.2370364549344437,317.95000027896543,317.9500000000054,317.95000005331553,4.425690858624876e-06
4903200.312827806,0.0,3.4944549616801903,0.0,0.2370364549344437,317.95000027896543,317.9500000000054,317.95000005331553,4.425690858624876e-06
4903200.417103741,0.0,3.4945832783485438,0.0,0.2370364549344437,317.95000027896543,317.9500000000054,317.95000005331553,4.425690858624876e-06
4903200.521379677,0.0,3.494708194240349,0.0,0.2370364549344437,317.95000027896543,317.9500000000054,317.95000005331553,4.425690858624876e-06
4903200.729931547,0.0,3.4949486198434947,0.0,0.2370364549344437,317.95000027896543,317.9500000000054,317.95000005331553,4.425690858624876e-06
4903200.938483417,0.0,3.495177876053519,0.0,0.2370364549344437,317.95000027896543,317.9500000000054,317.95000005331553,4.425690858624876e-06
4903201.2180931065,0.0,3.4954700614006784,0.0,0.2370364549344437,317.95000027896543,317.9500000000054,317.95000005331553,4.425690858624876e-06
4903201.497702796,0.0,3.4957471967135727,0.0,0.2370364549344437,317.95000027896543,317.9500000000054,317.95000005331553,4.425690858624876e-06
4903201.7773124855,0.0,3.4960114146175463,0.0,0.2370364549344437,317.95000027896543,317.9500000000054,317.95000005331553,4.425690858624876e-06
4903202.056922175,0.0,3.4962643444647092,0.0,0.2370364549344437,317.95000027896543,317.9500000000054,317.95000005331553,4.425690858624876e-06
4903202.336531864,0.0,3.4965073052157782,0.0,0.2370364549344437,317.95000027896543,317.9500000000054,317.95000005331553,4.425690858624876e-06
4903202.616141553,0.0,3.496741402172332,0.0,0.2370364549344437,317.95000027896543,317.9500000000054,317.95000005331553,4.425690858624876e-06
4903202.8957512425,0.0,3.496967467308378,0.0,0.2370364549344437,317.95000027896543,317.9500000000054,317.95000005331553,4.425690858624876e-06
4903203.4549706215,0.0,3.4973983097729793,0.0,0.2370364549344437,317.95000027896543,317.9500000000054,317.95000005331553,4.425690858624876e-06
4903204.01419,0.0,3.49780397490006,0.0,0.2370364549344437,317.95000027896543,317.9500000000054,317.95000005331553,4.425690858624876e-06
4903204.5734093785,0.0,3.498188100289374,0.0,0.2370364549344437,317.95000027896543,317.9500000000054,317.95000005331553,4.425690858624876e-06
4903205.132628757,0.0,3.498553512695673,0.0,0.2370364549344437,317.95000027896543,317.9500000000054,317.95000005331553,4.425690858624876e-06
4903205.691848136,0.0,3.4989023021276817,0.0,0.2370364549344437,317.95000027896543,317.9500000000054,317.95000005331553,4.425690858624876e-06
4903206.2510675145,0.0,3.4992360956541892,0.0,0.2370364549344437,317.95000027896543,317.9500000000054,317.95000005331553,4.425690858624876e-06
4903206.810286893,0.0,3.499556266402394,0.0,0.2370364549344437,317.95000027896543,317.9500000000054,317.95000005331553,4.425690858624876e-06
4903207.369506272,0.0,3.499863972630754,0.0,0.2370364549344437,317.95000027896543,317.9500000000054,317.95000005331553,4.425690858624876e-06
4903208.487945029,0.0,3.500445954401638,0.0,0.2370364549344437,317.95000027896543,317.9500000000054,317.95000005331553,4.425690858624876e-06
4903209.606383786,0.0,3.50098861224017,0.0,0.2370364549344437,317.95000027896543,317.9500000000054,317.95000005331553,4.425690858624876e-06
4903210.724822543,0.0,3.501497094754036,0.0,0.2370364549344437,317.95000027896543,317.9500000000054,317.95000005331553,4.425690858624876e-06
4903211.843261301,0.0,3.5019755978387432,0.0,0.2370364549344437,317.95000027896543,317.9500000000054,317.95000005331553,4.425690858624876e-06
4903212.961700058,0.0,3.5024276004405595,0.0,0.2370364549344437,317.95000027896543,317.9500000000054,317.95000005331553,4.425690858624876e-06
4903214.080138815,0.0,3.5028559997554773,0.0,0.2370364549344437,317.95000027896543,317.9500000000054,317.95000005331553,4.425690858624876e-06
4903215.198577572,0.0,3.5032632171328815,0.0,0.2370364549344437,317.95000027896543,317.9500000000054,317.95000005331553,4.425690858624876e-06
4903217.435455087,0.0,3.504022086820238,0.0,0.2370364549344437,317.95000027896543,317.9500000000054,317.95000005331553,4.425690858624876e-06
4903219.672332601,0.0,3.5047175903483425,0.0,0.2370364549344437,317.95000027896543,317.9500000000054,317.95000005331553,4.425690858624876e-06
4903221.909210115,0.0,3.505360016027787,0.0,0.2370364549344437,317.95000027896543,317.9500000000054,317.95000005331553,4.425690858624876e-06
4903224.14608763,0.0,3.505957323654847,0.0,0.2370364549344437,317.95000027896543,317.9500000000054,317.95000005331553,4.425690858624876e-06
4903226.382965144,0.0,3.5065156991554023,0.0,0.2370364549344437,317.95000027896543,317.9500000000054,317.95000005331553,4.425690858624876e-06
4903228.619842658,0.0,3.5070400950385285,0.0,0.2370364549344437,317.95000027896543,317.9500000000054,317.95000005331553,4.425690858624876e-06
4903230.856720173,0.0,3.5075346052005454,0.0,0.2370364549344437,317.95000027896543,317.9500000000054,317.95000005331553,4.425690858624876e-06
4903233.093597687,0.0,3.5080026329942284,0.0,0.2370364549344437,317.95000027896543,317.9500000000054,317.95000005331553,4.425690858624876e-06
4903235.330475202,0.0,3.5084469930719338,0.0,0.2370364549344437,317.95000027896543,317.9500000000054,317.95000005331553,4.425690858624876e-06
4903237.567352716,0.0,3.5088700395197834,0.0,0.2370364549344437,317.95000027896543,317.9500000000054,317.95000005331553,4.425690858624876e-06
4903239.80423023,0.0,3.5092737856068967,0.0,0.2370364549344437,317.95000027896543,317.9500000000054,317.95000005331553,4.425690858624876e-06
4903244.277985259,0.0,3.510030025763091,0.0,0.2370364549344437,317.95000027896543,317.9500000000054,317.95000005331553,4.425690858624876e-06
4903248.751740288,0.0,3.510727094279894,0.0,0.2370364549344437,317.95000027896543,317.9500000000054,317.95000005331553,4.425690858624876e-06
4903253.225495317,0.0,3.5113737070365145,0.0,0.2370364549344437,317.95000027896543,317.9500000000054,317.95000005331553,4.425690858624876e-06
4903257.699250345,0.0,3.511976651159912,0.0,0.2370364549344437,317.95000027896543,317.9500000000054,317.95000005331553,4.425690858624876e-06
4903262.173005374,0.0,3.5125413632601847,0.0,0.2370364549344437,317.95000027896543,317.9500000000054,317.95000005331553,4.425690858624876e-06
4903266.646760403,0.0,3.5130723005418263,0.0,0.2370364549344437,317.95000027896543,317.9500000000054,317.95000005331553,4.425690858624876e-06
4903271.120515432,0.0,3.5135731613349126,0.0,0.2370364549344437,317.95000027896543,317.9500000000054,317.95000005331553,4.425690858624876e-06
4903275.594270461,0.0,3.51404704547826,0.0,0.2370364549344437,317.95000027896543,317.9500000000054,317.95000005331553,4.425690858624876e-06
4903280.068025489,0.0,3.514496581742595,0.0,0.2370364549344437,317.95000027896543,317.9500000000054,317.95000005331553,4.425690858624876e-06
4903284.541780518,0.0,3.5149240219085875,0.0,0.2370364549344437,317.95000027896543,317.9500000000054,317.95000005331553,4.425690858624876e-06
4903289.015535547,0.0,3.51533131179134,0.0,0.2370364549344437,317.95000027896543,317.9500000000054,317.95000005331553,4.425690858624876e-06
4903293.489290576,0.0,3.515720147787318,0.0,0.2370364549344437,317.95000027896543,317.9500000000054,317.95000005331553,4.425690858624876e-06
4903302.436800634,0.0,3.5164482130819184,0.0,0.2370364549344437,317.95000027896543,317.9500000000054,317.95000005331553,4.425690858624876e-06
4903311.384310692,0.0,3.517118196720613,0.0,0.2370364549344437,317.95000027896543,317.9500000000054,317.95000005331553,4.425690858624876e-06
4903320.331820749,0.0,3.517738044339779,0.0,0.2370364549344437,317.95000027896543,317.9500000000054,317.95000005331553,4.425690858624876e-06
4903329.279330807,0.0,3.518314172969305,0.0,0.2370364549344437,317.95000027896543,317.9500000000054,317.95000005331553,4.425690858624876e-06
4903338.226840864,0.0,3.5188518339719237,0.0,0.2370364549344437,317.95000027896543,317.9500000000054,317.95000005331553,4.425690858624876e-06
4903347.174350922,0.0,3.51935539117223,0.0,0.2370364549344437,317.95000027896543,317.9500000000054,317.95000005331553,4.425690858624876e-06
4903356.12186098,0.0,3.5198285214342726,0.0,0.2370364549344437,317.95000027896543,317.9500000000054,317.95000005331553,4.425690858624876e-06
4903365.069371037,0.0,3.520274348704655,0.0,0.2370364549344437,317.95000027896543,317.9500000000054,317.95000005331553,4.425690858624876e-06
4903374.016881095,0.0,3.5206955406948155,0.0,0.2370364549344437,317.95000027896543,317.9500000000054,317.95000005331553,4.425690858624876e-06
4903382.964391152,0.0,3.5210943906784054,0.0,0.2370364549344437,317.95000027896543,317.9500000000054,317.95000005331553,4.425690858624876e-06
4903391.91190121,0.0,3.5214728862473783,0.0,0.2370364549344437,317.95000027896543,317.9500000000054,317.95000005331553,4.425690858624876e-06
4903400.859411268,0.0,3.521832761214838,0.0,0.2370364549344437,317.95000027896543,317.9500000000054,317.95000005331553,4.425690858624876e-06
4903418.754431383,0.0,3.5225025189700045,0.0,0.2370364549344437,317.95000027896543,317.9500000000054,317.95000005331553,4.425690858624876e-06
4903436.649451499,0.0,3.523113797589544,0.0,0.2370364549344437,317.95000027896543,317.9500000000054,317.95000005331553,4.425690858624876e-06
4903454.544471614,0.0,3.523674600449206,0.0,0.2370364549344437,317.95000027896543,317.9500000000054,317.95000005331553,4.425690858624876e-06
4903472.439491729,0.0,3.5241913349775227,0.0,0.2370364549344437,317.95000027896543,317.9500000000054,317.95000005331553,4.425690858624876e-06
4903490.334511844,0.0,3.5246691994116404,0.0,0.2370364549344437,317.95000027896543,317.9500000000054,317.95000005331553,4.425690858624876e-06
4903508.22953196,0.0,3.5251124803084224,0.0,0.2370364549344437,317.95000027896543,317.9500000000054,317.95000005331553,4.425690858624876e-06
4903526.124552075,0.0,3.5255247687778932,0.0,0.2370364549344437,317.95000027896543,317.9500000000054,317.95000005331553,4.425690858624876e-06
4903544.01957219,0.0,3.525909107822092,0.0,0.2370364549344437,317.95000027896543,317.9500000000054,317.95000005331553,4.425690858624876e-06
4903560.0,0.0,3.5262308319052105,0.0,0.2370364549344437,317.95000027896543,317.9500000000054,317.95000005331553,4.425690858624876e-06
4903560.010676586,0.0,3.526231040461263,0.0,0.2370364549344437,317.95000027896543,317.9500000000054,317.95000005331553,4.425690858624876e-06
4903560.021353172,0.0,3.5262312490090126,0.0,0.2370364549344437,317.95000027896543,317.9500000000054,317.95000005331553,4.425690858624876e-06
4903560.042706344,0.0,3.526231666084384,0.0,0.2370364549344437,317.95000027896543,317.9500000000054,317.95000005331553,4.425690858624876e-06
4903560.085412689,0.0,3.526232500133854,0.0,0.2370364549344437,317.95000027896543,317.9500000000054,317.95000005331553,4.425690858624876e-06
4903560.170825377,0.0,3.5262341678473463,0.0,0.2370364549344437,317.95000027896543,317.9500000000054,317.95000005331553,4.425690858624876e-06
4903560.341650754,0.0,3.5262375016843874,0.0,0.2370364549344437,317.95000027896543,317.9500000000054,317.95000005331553,4.425690858624876e-06
4903560.683301508,0.0,3.5262441630127777,0.0,0.2370364549344437,317.95000027896543,317.9500000000054,317.95000005331553,4.425690858624876e-06
4903561.366603017,0.0,3.526257460305633,0.0,0.2370364549344437,317.95000027896543,317.9500000000054,317.95000005331553,4.425690858624876e-06
4903562.733206033,0.0,3.5262839539172735,0.0,0.2370364549344437,317.95000027896543,317.9500000000054,317.95000005331553,4.425690858624876e-06
4903565.4664120665,0.0,3.5263365410362444,0.0,0.2370364549344437,317.95000027896543,317.9500000000054,317.95000005331553,4.425690858624876e-06
4903570.932824132,0.0,3.5264401446569655,0.0,0.2370364549344437,317.95000027896543,317.9500000000054,317.95000005331553,4.425690858624876e-06
4903581.865648265,0.0,3.5266412954518866,0.0,0.2370364549344437,317.95000027896543,317.9500000000054,317.95000005331553,4.425690858624876e-06
4903592.798472397,0.0,3.526834650281435,0.0,0.2370364549344437,317.95000027896543,317.9500000000054,317.95000005331553,4.425690858624876e-06
4903603.73129653,0.0,3.5270205812212914,0.0,0.2370364549344437,317.95000027896543,317.9500000000054,317.95000005331553,4.425690858624876e-06
4903614.664120662,0.0,3.5271994481621505,0.0,0.2370364549344437,317.95000027896543,317.9500000000054,317.95000005331553,4.425690858624876e-06
4903636.529768927,0.0,3.5275371958352753,0.0,0.2370364549344437,317.95000027896543,317.9500000000054,317.95000005331553,4.425690858624876e-06
4903658.395417191,0.0,3.5278503913912345,0.0,0.2370364549344437,317.95000027896543,317.9500000000054,317.95000005331553,4.425690858624876e-06
4903680.261065456,0.0,3.5281413557239816,0.0,0.2370364549344437,317.95000027896543,317.9500000000054,317.95000005331553,4.425690858624876e-06
4903702.126713721,0.0,3.528412039413543,0.0,0.2370364549344437,317.95000027896543,317.9500000000054,317.95000005331553,4.425690858624876e-06
4903723.992361986,0.0,3.528664057796969,0.0,0.2370364549344437,317.95000027896543,317.9500000000054,317.95000005331553,4.425690858624876e-06
4903745.858010251,0.0,3.5288987983954265,0.0,0.2370364549344437,317.95000027896543,317.9500000000054,317.95000005331553,4.425690858624876e-06
4903767.723658515,0.0,3.5291175720107137,0.0,0.2370364549344437,317.95000027896543,317.9500000000054,317.95000005331553,4.425690858624876e-06
4903789.58930678,0.0,3.529321658834661,0.0,0.2370364549344437,317.95000027896543,317.9500000000054,317.95000005331553,4.425690858624876e-06
4903833.32060331,0.0,3.5296900770330084,0.0,0.2370364549344437,317.95000027896543,317.9500000000054,317.95000005331553,4.425690858624876e-06
4903872.678770186,0.0,3.529981578030707,0.0,0.2370364549344437,317.95000027896543,317.9500000000054,317.95000005331553,4.425690858624876e-06
4903912.036937063,0.0,3.5302399507038156,0.0,0.2370364549344437,317.95000027896543,317.9500000000054,317.95000005331553,4.425690858624876e-06
4903920.0,0.0,3.530288545647344,0.0,0.2370364549344437,317.95000027896543,317.9500000000054,317.95000005331553,4.425690858624876e-06
4903920.028095391,0.0,3.530288715021393,0.0,0.2370364549344437,317.95000027896543,317.9500000000054,317.95000005331553,4.425690858624876e-06
4903920.05619078,0.0,3.5302888843809566,0.0,0.2370364549344437,317.95000027896543,317.9500000000054,317.95000005331553,4.425690858624876e-06
4903920.112381561,0.0,3.5302892230649316,0.0,0.2370364549344437,317.95000027896543,317.9500000000054,317.95000005331553,4.425690858624876e-06
4903920.224763121,0.0,3.530289900256165,0.0,0.2370364549344437,317.95000027896543,317.9500000000054,317.95000005331553,4.425690858624876e-06
4903920.449526243,0.0,3.5302912539661433,0.0,0.2370364549344437,317.95000027896543,317.9500000000054,317.95000005331553,4.425690858624876e-06
4903920.899052486,0.0,3.530293958613315,0.0,0.2370364549344437,317.95000027896543,317.9500000000054,317.95000005331553,4.425690858624876e-06
4903921.798104972,0.0,3.530299356849993,0.0,0.2370364549344437,317.95000027896543,317.9500000000054,317.95000005331553,4.425690858624876e-06
4903923.596209943,0.0,3.5303101091966056,0.0,0.2370364549344437,317.95000027896543,317.9500000000054,317.95000005331553,4.425690858624876e-06
4903927.192419887,0.0,3.530331438783965,0.0,0.2370364549344437,317.95000027896543,317.9500000000054,317.95000005331553,4.425690858624876e-06
4903934.384839773,0.0,3.5303734085321508,0.0,0.2370364549344437,317.95000027896543,317.9500000000054,317.95000005331553,4.425690858624876e-06
4903948.769679546,0.0,3.5304546757910455,0.0,0.2370364549344437,317.95000027896543,317.9500000000054,317.95000005331553,4.425690858624876e-06
4903963.1545193195,0.0,3.5305324877109947,0.0,0.2370364549344437,317.95000027896543,317.9500000000054,317.95000005331553,4.425690858624876e-06
4903977.539359093,0.0,3.530606989994671,0.0,0.2370364549344437,317.95000027896543,317.9500000000054,317.95000005331553,4.425690858624876e-06
4903991.924198866,0.0,3.530678326685497,0.0,0.2370364549344437,317.95000027896543,317.9500000000054,317.95000005331553,4.425690858624876e-06
4904020.693878412,0.0,3.530812001520278,0.0,0.2370364549344437,317.95000027896543,317.9500000000054,317.95000005331553,4.425690858624876e-06
4904049.463557959,0.0,3.530934557009377,0.0,0.2370364549344437,317.95000027896543,317.9500000000054,317.95000005331553,4.425690858624876e-06
4904078.233237505,0.0,3.531046999758648,0.0,0.2370364549344437,317.95000027896543,317.9500000000054,317.95000005331553,4.425690858624876e-06
4904117.967161256,0.0,3.5311872036397935,0.0,0.2370364549344437,317.95000027896543,317.9500000000054,317.95000005331553,4.425690858624876e-06
4904157.701085007,0.0,3.531311719342514,0.0,0.2370364549344437,317.95000027896543,317.9500000000054,317.95000005331553,4.425690858624876e-06
4904197.435008758,0.0,3.531422341398216,0.0,0.2370364549344437,317.95000027896543,317.9500000000054,317.95000005331553,4.425690858624876e-06
4904237.16893251,0.0,3.5315206509186896,0.0,0.2370364549344437,317.95000027896543,317.9500000000054,317.95000005331553,4.425690858624876e-06
4904276.902856261,0.0,3.531608040675793,0.0,0.2370364549344437,317.95000027896543,317.9500000000054,317.95000005331553,4.425690858624876e-06
4904280.0,0.0,3.5316144335656205,0.0,0.2370364549344437,317.95000027896543,317.9500000000054,317.95000005331553,4.425690858624876e-06
4904280.080741675,0.0,3.531614599523637,0.0,0.2370364549344437,317.95000027896543,317.9500000000054,317.95000005331553,4.425690858624876e-06
4904280.161483349,0.0,3.5316147654419625,0.0,0.2370364549344437,317.95000027896543,317.9500000000054,317.95000005331553,4.425690858624876e-06
4904280.322966699,0.0,3.5316150971822458,0.0,0.2370364549344437,317.95000027896543,317.9500000000054,317.95000005331553,4.425690858624876e-06
4904280.645933397,0.0,3.5316157601785796,0.0,0.2370364549344437,317.95000027896543,317.9500000000054,317.95000005331553,4.425690858624876e-06
4904281.291866794,0.0,3.531617084330415,0.0,0.2370364549344437,317.95000027896543,317.9500000000054,317.95000005331553,4.425690858624876e-06
4904282.583733588,0.0,3.5316197250561165,0.0,0.2370364549344437,317.95000027896543,317.9500000000054,317.95000005331553,4.425690858624876e-06
4904285.167467177,0.0,3.531624976388256,0.0,0.2370364549344437,317.95000027896543,317.9500000000054,317.95000005331553,4.425690858624876e-06
4904290.334934355,0.0,3.5316353596555032,0.0,0.2370364549344437,317.95000027896543,317.9500000000054,317.95000005331553,4.425690858624876e-06
4904300.6698687095,0.0,3.531655658626571,0.0,0.2370364549344437,317.95000027896543,317.9500000000054,317.95000005331553,4.425690858624876e-06
4904321.339737418,0.0,3.531694463187182,0.0,0.2370364549344437,317.95000027896543,317.9500000000054,317.95000005331553,4.425690858624876e-06
4904342.009606128,0.0,3.5317309729672717,0.0,0.2370364549344437,317.95000027896543,317.9500000000054,317.95000005331553,4.425690858624876e-06
4904362.679474837,0.0,3.531765317436144,0.0,0.2370364549344437,317.95000027896543,317.9500000000054,317.95000005331553,4.425690858624876e-06
4904383.349343546,0.0,3.5317976232752453,0.0,0.2370364549344437,317.95000027896543,317.9500000000054,317.95000005331553,4.425690858624876e-06
4904424.689080965,0.0,3.5318565500345556,0.0,0.2370364549344437,317.95000027896543,317.9500000000054,317.95000005331553,4.425690858624876e-06
4904466.028818383,0.0,3.531908649662135,0.0,0.2370364549344437,317.95000027896543,317.9500000000054,317.95000005331553,4.425690858624876e-06
4904507.368555802,0.0,3.5319547653618004,0.0,0.2370364549344437,317.95000027896543,317.9500000000054,317.95000005331553,4.425690858624876e-06
4904548.70829322,0.0,3.531995613733208,0.0,0.2370364549344437,317.95000027896543,317.9500000000054,317.95000005331553,4.425690858624876e-06
4904590.048030638,0.0,3.532031788036613,0.0,0.2370364549344437,317.95000027896543,317.9500000000054,317.95000005331553,4.425690858624876e-06
4904640.0,0.0,3.5320699845311117,0.0,0.2370364549344437,317.95000027896543,317.9500000000054,317.95000005331553,4.425690858624876e-06
4904640.233827308,0.0,3.532070150162901,0.0,0.2370364549344437,317.95000027896543,317.9500000000054,317.95000005331553,4.425690858624876e-06
4904640.467654616,0.0,3.532070315680417,0.0,0.2370364549344437,317.95000027896543,317.9500000000054,317.95000005331553,4.425690858624876e-06
4904640.935309232,0.0,3.532070646438169,0.0,0.2370364549344437,317.95000027896543,317.9500000000054,317.95000005331553,4.425690858624876e-06
4904641.870618464,0.0,3.5320713065614826,0.0,0.2370364549344437,317.95000027896543,317.9500000000054,317.95000005331553,4.425690858624876e-06
4904643.741236928,0.0,3.532072621532201,0.0,0.2370364549344437,317.95000027896543,317.9500000000054,317.95000005331553,4.425690858624876e-06
4904647.482473856,0.0,3.532075229855684,0.0,0.2370364549344437,317.95000027896543,317.9500000000054,317.95000005331553,4.425690858624876e-06
4904654.964947712,0.0,3.5320803614308436,0.0,0.2370364549344437,317.95000027896543,317.9500000000054,317.95000005331553,4.425690858624876e-06
4904669.929895423,0.0,3.5320902938964123,0.0,0.2370364549344437,317.95000027896543,317.9500000000054,317.95000005331553,4.425690858624876e-06
4904699.859790848,0.0,3.5321089129152305,0.0,0.2370364549344437,317.95000027896543,317.9500000000054,317.95000005331553,4.425690858624876e-06
4904729.789686271,0.0,3.5321259651870216,0.0,0.2370364549344437,317.95000027896543,317.9500000000054,317.95000005331553,4.425690858624876e-06
4904759.719581694,0.0,3.5321415757056953,0.0,0.2370364549344437,317.95000027896543,317.9500000000054,317.95000005331553,4.425690858624876e-06
4904789.649477118,0.0,3.53215586404741,0.0,0.2370364549344437,317.95000027896543,317.9500000000054,317.95000005331553,4.425690858624876e-06
4904849.509267965,0.0,3.5321808667737487,0.0,0.2370364549344437,317.95000027896543,317.9500000000054,317.95000005331553,4.425690858624876e-06
4904909.369058812,0.0,3.5322017770509135,0.0,0.2370364549344437,317.95000027896543,317.9500000000054,317.95000005331553,4.425690858624876e-06
4905000.0,0.0,3.532227102839232,0.0,0.2370364549344437,317.95000027896543,317.9500000000054,317.95000005331553,4.425690858624876e-06
4905000.679079307,0.0,3.5322272689025267,0.0,0.2370364549344437,317.95000027896543,317.9500000000054,317.95000005331553,4.425690858624876e-06
4905001.358158615,0.0,3.5322274346336355,0.0,0.2370364549344437,317.95000027896543,317.9500000000054,317.95000005331553,4.425690858624876e-06
4905002.716317231,0.0,3.5322277652910268,0.0,0.2370364549344437,317.95000027896543,317.9500000000054,317.95000005331553,4.425690858624876e-06
4905005.432634461,0.0,3.532228422574442,0.0,0.2370364549344437,317.95000027896543,317.9500000000054,317.95000005331553,4.425690858624876e-06
4905010.865268922,0.0,3.532229722002657,0.0,0.2370364549344437,317.95000027896543,317.9500000000054,317.95000005331553,4.425690858624876e-06
4905021.730537845,0.0,3.532232259657157,0.0,0.2370364549344437,317.95000027896543,317.9500000000054,317.95000005331553,4.425690858624876e-06
4905043.46107569,0.0,3.5322371009011904,0.0,0.2370364549344437,317.95000027896543,317.9500000000054,317.95000005331553,4.425690858624876e-06
4905086.922151378,0.0,3.532245922563233,0.0,0.2370364549344437,317.95000027896543,317.9500000000054,317.95000005331553,4.425690858624876e-06
4905130.383227068,0.0,3.5322536890790013,0.0,0.2370364549344437,317.95000027896543,317.9500000000054,317.95000005331553,4.425690858624876e-06
4905173.844302758,0.0,3.532260519739062,0.0,0.2370364549344437,317.95000027896543,317.9500000000054,317.95000005331553,4.425690858624876e-06
4905217.305378446,0.0,3.5322665249030583,0.0,0.2370364549344437,317.95000027896543,317.9500000000054,317.95000005331553,4.425690858624876e-06
4905304.227529826,0.0,3.532276402183156,0.0,0.2370364549344437,317.95000027896543,317.9500000000054,317.95000005331553,4.425690858624876e-06
4905360.0,0.0,3.532281510504039,0.0,0.2370364549344437,317.95000027896543,317.9500000000054,317.95000005331553,4.425690858624876e-06
4905361.440000537,0.0,3.5322816315924066,0.0,0.2370364549344437,317.95000027896543,317.9500000000054,317.95000005331553,4.425690858624876e-06
4905362.880001073,0.0,3.532281752168308,0.0,0.2370364549344437,317.95000027896543,317.9500000000054,317.95000005331553,4.425690858624876e-06
4905365.760002146,0.0,3.532281992081755,0.0,0.2370364549344437,317.95000027896543,317.9500000000054,317.95000005331553,4.425690858624876e-06
4905371.520004292,0.0,3.5322824657302285,0.0,0.2370364549344437,317.95000027896543,317.9500000000054,317.95000005331553,4.425690858624876e-06
4905383.040008583,0.0,3.532283390183695,0.0,0.2370364549344437,317.95000027896543,317.9500000000054,317.95000005331553,4.425690858624876e-06
4905406.080017166,0.0,3.532285148795831,0.0,0.2370364549344437,317.95000027896543,317.9500000000054,317.95000005331553,4.425690858624876e-06
4905452.160034333,0.0,3.5322883366107662,0.0,0.2370364549344437,317.95000027896543,317.9500000000054,317.95000005331553,4.425690858624876e-06
4905498.2400515,0.0,3.53229112194525,0.0,0.2370364549344437,317.95000027896543,317.9500000000054,317.95000005331553,4.425690858624876e-06
4905590.400085833,0.0,3.5322957239313473,0.0,0.2370364549344437,317.95000027896543,317.9500000000054,317.95000005331553,4.425690858624876e-06
4905682.560120166,0.0,3.5322992325989544,0.0,0.2370364549344437,317.95000027896543,317.9500000000054,317.95000005331553,4.425690858624876e-06
4905720.0,0.0,3.5323003813548435,0.0,0.2370364549344437,317.95000027896543,317.9500000000054,317.95000005331553,4.425690858624876e-06
4905721.0800005365,0.0,3.5323004123053887,0.0,0.2370364549344437,317.95000027896543,317.9500000000054,317.95000005331553,4.425690858624876e-06
4905722.160001073,0.0,3.5323004431575913,0.0,0.2370364549344437,317.95000027896543,317.9500000000054,317.95000005331553,4.425690858624876e-06
4905724.320002146,0.0,3.532300504624048,0.0,0.2370364549344437,317.95000027896543,317.9500000000054,317.95000005331553,4.425690858624876e-06
4905728.640004291,0.0,3.5323006263675913,0.0,0.2370364549344437,317.95000027896543,317.9500000000054,317.95000005331553,4.425690858624876e-06
4905737.280008583,0.0,3.5323008654248076,0.0,0.2370364549344437,317.95000027896543,317.9500000000054,317.95000005331553,4.425690858624876e-06
4905754.560017167,0.0,3.5323013258427975,0.0,0.2370364549344437,317.95000027896543,317.9500000000054,317.95000005331553,4.425690858624876e-06
4905789.120034333,0.0,3.5323021806775214,0.0,0.2370364549344437,317.95000027896543,317.9500000000054,317.95000005331553,4.425690858624876e-06
4905858.240068667,0.0,3.5323036589031718,0.0,0.2370364549344437,317.95000027896543,317.9500000000054,317.95000005331553,4.425690858624876e-06
4905927.360103,0.0,3.53230486641814,0.0,0.2370364549344437,317.95000027896543,317.9500000000054,317.95000005331553,4.425690858624876e-06
4906065.600171667,0.0,3.5323066940695194,0.0,0.2370364549344437,317.95000027896543,317.9500000000054,317.95000005331553,4.425690858624876e-06
4906080.0,0.0,3.53230683838371,0.0,0.2370364549344437,317.95000027896543,317.9500000000054,317.95000005331553,4.425690858624876e-06
4906080.720000536,0.0,3.53230684534664,0.0,0.2370364549344437,317.95000027896543,317.9500000000054,317.95000005331553,4.425690858624876e-06
4906081.440001073,0.0,3.5323068522948047,0.0,0.2370364549344437,317.95000027896543,317.9500000000054,317.95000005331553,4.425690858624876e-06
4906082.880002146,0.0,3.5323068661553565,0.0,0.2370364549344437,317.95000027896543,317.9500000000054,317.95000005331553,4.425690858624876e-06
4906085.760004291,0.0,3.532306893697341,0.0,0.2370364549344437,317.95000027896543,317.9500000000054,317.95000005331553,4.425690858624876e-06
4906091.520008584,0.0,3.5323069481091993,0.0,0.2370364549344437,317.95000027896543,317.9500000000054,317.95000005331553,4.425690858624876e-06
4906103.040017166,0.0,3.5323070542190704,0.0,0.2370364549344437,317.95000027896543,317.9500000000054,317.95000005331553,4.425690858624876e-06
4906126.080034333,0.0,3.5323072560865887,0.0,0.2370364549344437,317.95000027896543,317.9500000000054,317.95000005331553,4.425690858624876e-06
4906172.160068667,0.0,3.5323076219369645,0.0,0.2370364549344437,317.95000027896543,317.9500000000054,317.95000005331553,4.425690858624876e-06
4906264.320137333,0.0,3.5323082264024204,0.0,0.2370364549344437,317.95000027896543,317.9500000000054,317.95000005331553,4.425690858624876e-06
4906440.0,0.0,3.5323090350349093,0.0,0.2370364549344437,317.95000027896543,317.9500000000054,317.95000005331553,4.425690858624876e-06
4906440.360000537,0.0,3.5323090361885003,0.0,0.2370364549344437,317.95000027896543,317.9500000000054,317.95000005331553,4.425690858624876e-06
4906440.720001073,0.0,3.532309037340869,0.0,0.2370364549344437,317.95000027896543,317.9500000000054,317.95000005331553,4.425690858624876e-06
4906441.440002146,0.0,3.532309039642637,0.0,0.2370364549344437,317.95000027896543,317.9500000000054,317.95000005331553,4.425690858624876e-06
4906442.880004291,0.0,3.5323090442312757,0.0,0.2370364549344437,317.95000027896543,317.9500000000054,317.95000005331553,4.425690858624876e-06
4906445.760008583,0.0,3.5323090533522197,0.0,0.2370364549344437,317.95000027896543,317.9500000000054,317.95000005331553,4.425690858624876e-06
4906451.520017167,0.0,3.5323090713642062,0.0,0.2370364549344437,317.95000027896543,317.9500000000054,317.95000005331553,4.425690858624876e-06
4906463.040034333,0.0,3.5323091064907852,0.0,0.2370364549344437,317.95000027896543,317.9500000000054,317.95000005331553,4.425690858624876e-06
4906486.0800686665,0.0,3.5323091733108423,0.0,0.2370364549344437,317.95000027896543,317.9500000000054,317.95000005331553,4.425690858624876e-06
4906532.160137333,0.0,3.5323092944101933,0.0,0.2370364549344437,317.95000027896543,317.9500000000054,317.95000005331553,4.425690858624876e-06
4906624.320274666,0.0,3.5323094944879925,0.0,0.2370364549344437,317.95000027896543,317.9500000000054,317.95000005331553,4.425690858624876e-06
4906800.0,0.0,3.5323097621428015,0.0,0.2370364549344437,317.95000027896543,317.9500000000054,317.95000005331553,4.425690858624876e-06
4910400.0,0.0,3.5323097621428015,0.0,0.2370364549344437,319.5029132049408,319.5029139999964,319.5029140003844,5.820766091346741e-13
4910403.60000059,0.0,3.532309765924928,0.0,0.2370364549344437,319.5029132049408,319.5029139999964,319.5029140003844,5.820766091346741e-13
4910407.20000118,0.0,3.5323097696672874,0.0,0.2370364549344437,319.5029132049408,319.5029139999964,319.5029140003844,5.820766091346741e-13
4910414.40000236,0.0,3.532309777056644,0.0,0.2370364549344437,319.5029132049408,319.5029139999964,319.5029140003844,5.820766091346741e-13
4910428.800004721,0.0,3.5323097913647383,0.0,0.2370364549344437,319.5029132049408,319.5029139999964,319.5029140003844,5.820766091346741e-13
4910457.600009441,0.0,3.5323098183150736,0.0,0.2370364549344437,319.5029132049408,319.5029139999964,319.5029140003844,5.820766091346741e-13
4910515.200018884,0.0,3.532309866020391,0.0,0.2370364549344437,319.5029132049408,319.5029139999964,319.5029140003844,5.820766091346741e-13
4910630.400037766,0.0,3.5323099414706896,0.0,0.2370364549344437,319.5029132049408,319.5029139999964,319.5029140003844,5.820766091346741e-13
4910760.0,0.0,3.5323100011602495,0.0,0.2370364549344437,319.5029132049408,319.5029139999964,319.5029140003844,5.820766091346741e-13
4910763.24000059,0.0,3.532310002303694,0.0,0.2370364549344437,319.5029132049408,319.5029139999964,319.5029140003844,5.820766091346741e-13
4910766.48000118,0.0,3.5323100034363044,0.0,0.2370364549344437,319.5029132049408,319.5029139999964,319.5029140003844,5.820766091346741e-13
4910772.960002361,0.0,3.532310005675516,0.0,0.2370364549344437,319.5029132049408,319.5029139999964,319.5029140003844,5.820766091346741e-13
4910785.920004721,0.0,3.5323100100253626,0.0,0.2370364549344437,319.5029132049408,319.5029139999964,319.5029140003844,5.820766091346741e-13
4910811.840009442,0.0,3.532310018266628,0.0,0.2370364549344437,319.5029132049408,319.5029139999964,319.5029140003844,5.820766091346741e-13
4910863.680018883,0.0,3.5323100330273225,0.0,0.2370364549344437,319.5029132049408,319.5029139999964,319.5029140003844,5.820766091346741e-13
4910967.360037766,0.0,3.5323100568903243,0.0,0.2370364549344437,319.5029132049408,319.5029139999964,319.5029140003844,5.820766091346741e-13
4911120.0,0.0,3.532310081525482,0.0,0.2370364549344437,319.5029132049408,319.5029139999964,319.5029140003844,5.820766091346741e-13
4911122.88000059,0.0,3.532310081865571,0.0,0.2370364549344437,319.5029132049408,319.5029139999964,319.5029140003844,5.820766091346741e-13
4911125.76000118,0.0,3.532310082202793,0.0,0.2370364549344437,319.5029132049408,319.5029139999964,319.5029140003844,5.820766091346741e-13
4911131.52000236,0.0,3.5323100828703424,0.0,0.2370364549344437,319.5029132049408,319.5029139999964,319.5029140003844,5.820766091346741e-13
4911143.040004721,0.0,3.532310084171309,0.0,0.2370364549344437,319.5029132049408,319.5029139999964,319.5029140003844,5.820766091346741e-13
4911166.080009442,0.0,3.532310086650657,0.0,0.2370364549344437,319.5029132049408,319.5029139999964,319.5029140003844,5.820766091346741e-13
4911212.160018884,0.0,3.53231009114433,0.0,0.2370364549344437,319.5029132049408,319.5029139999964,319.5029140003844,5.820766091346741e-13
4911304.320037766,0.0,3.5323100985723546,0.0,0.2370364549344437,319.5029132049408,319.5029139999964,319.5029140003844,5.820766091346741e-13
4911480.0,0.0,3.5323101085104445,0.0,0.2370364549344437,319.5029132049408,319.5029139999964,319.5029140003844,5.820766091346741e-13
4911482.52000059,0.0,3.532310108609107,0.0,0.2370364549344437,319.5029132049408,319.5029139999964,319.5029140003844,5.820766091346741e-13
4911485.04000118,0.0,3.532310108707041,0.0,0.2370364549344437,319.5029132049408,319.5029139999964,319.5029140003844,5.820766091346741e-13
4911490.08000236,0.0,3.532310108901154,0.0,0.2370364549344437,319.5029132049408,319.5029139999964,319.5029140003844,5.820766091346741e-13
4911500.160004721,0.0,3.5323101092806866,0.0,0.2370364549344437,319.5029132049408,319.5029139999964,319.5029140003844,5.820766091346741e-13
4911520.320009442,0.0,3.5323101100082686,0.0,0.2370364549344437,319.5029132049408,319.5029139999964,319.5029140003844,5.820766091346741e-13
4911560.640018883,0.0,3.532310111342835,0.0,0.2370364549344437,319.5029132049408,319.5029139999964,319.5029140003844,5.820766091346741e-13
4911641.280037766,0.0,3.5323101135991597,0.0,0.2370364549344437,319.5029132049408,319.5029139999964,319.5029140003844,5.820766091346741e-13
4911802.560075533,0.0,3.5323101168737083,0.0,0.2370364549344437,319.5029132049408,319.5029139999964,319.5029140003844,5.820766091346741e-13
4911840.0,0.0,3.532310117407134,0.0,0.2370364549344437,319.5029132049408,319.5029139999964,319.5029140003844,5.820766091346741e-13
4911842.16000059,0.0,3.5323101174354297,0.0,0.2370364549344437,319.5029132049408,319.5029139999964,319.5029140003844,5.820766091346741e-13
4911844.32000118,0.0,3.532310117463551,0.0,0.2370364549344437,319.5029132049408,319.5029139999964,319.5029140003844,5.820766091346741e-13
4911848.640002361,0.0,3.5323101175193536,0.0,0.2370364549344437,319.5029132049408,319.5029139999964,319.5029140003844,5.820766091346741e-13
4911857.280004721,0.0,3.532310117628818,0.0,0.2370364549344437,319.5029132049408,319.5029139999964,319.5029140003844,5.820766091346741e-13
4911874.560009441,0.0,3.532310117839913,0.0,0.2370364549344437,319.5029132049408,319.5029139999964,319.5029140003844,5.820766091346741e-13
4911909.120018884,0.0,3.5323101182318117,0.0,0.2370364549344437,319.5029132049408,319.5029139999964,319.5029140003844,5.820766091346741e-13
4911978.240037766,0.0,3.5323101189097175,0.0,0.2370364549344437,319.5029132049408,319.5029139999964,319.5029140003844,5.820766091346741e-13
4912116.480075533,0.0,3.532310119935922,0.0,0.2370364549344437,319.5029132049408,319.5029139999964,319.5029140003844,5.820766091346741e-13
4912200.0,0.0,3.5323101203760325,0.0,0.2370364549344437,319.5029132049408,319.5029139999964,319.5029140003844,5.820766091346741e-13
4912201.80000059,0.0,3.5323101203839498,0.0,0.2370364549344437,319.5029132049408,319.5029139999964,319.5029140003844,5.820766091346741e-13
4912203.600001181,0.0,3.532310120391828,0.0,0.2370364549344437,319.5029132049408,319.5029139999964,319.5029140003844,5.820766091346741e-13
4912207.20000236,0.0,3.532310120407474,0.0,0.2370364549344437,319.5029132049408,319.5029139999964,319.5029140003844,5.820766091346741e-13
4912214.400004721,0.0,3.532310120438267,0.0,0.2370364549344437,319.5029132049408,319.5029139999964,319.5029140003844,5.820766091346741e-13
4912228.800009442,0.0,3.5323101204980114,0.0,0.2370364549344437,319.5029132049408,319.5029139999964,319.5029140003844,5.820766091346741e-13
4912257.600018883,0.0,3.5323101206102843,0.0,0.2370364549344437,319.5029132049408,319.5029139999964,319.5029140003844,5.820766091346741e-13
4912315.200037766,0.0,3.532310120809048,0.0,0.2370364549344437,319.5029132049408,319.5029139999964,319.5029140003844,5.820766091346741e-13
4912430.4000755325,0.0,3.5323101211232215,0.0,0.2370364549344437,319.5029132049408,319.5029139999964,319.5029140003844,5.820766091346741e-13
4912560.0,0.0,3.5323101213707124,0.0,0.2370364549344437,319.5029132049408,319.5029139999964,319.5029140003844,5.820766091346741e-13
4912561.44000059,0.0,3.5323101213728423,0.0,0.2370364549344437,319.5029132049408,319.5029139999964,319.5029140003844,5.820766091346741e-13
4912562.88000118,0.0,3.5323101213749633,0.0,0.2370364549344437,319.5029132049408,319.5029139999964,319.5029140003844,5.820766091346741e-13
4912565.760002361,0.0,3.532310121379184,0.0,0.2370364549344437,319.5029132049408,319.5029139999964,319.5029140003844,5.820766091346741e-13
4912571.52000472,0.0,3.5323101213875208,0.0,0.2370364549344437,319.5029132049408,319.5029139999964,319.5029140003844,5.820766091346741e-13
4912583.040009442,0.0,3.532310121403785,0.0,0.2370364549344437,319.5029132049408,319.5029139999964,319.5029140003844,5.820766091346741e-13
4912606.080018884,0.0,3.5323101214347274,0.0,0.2370364549344437,319.5029132049408,319.5029139999964,319.5029140003844,5.820766091346741e-13
4912652.160037766,0.0,3.5323101214908106,0.0,0.2370364549344437,319.5029132049408,319.5029139999964,319.5029140003844,5.820766091346741e-13
4912744.320075533,0.0,3.5323101215834796,0.0,0.2370364549344437,319.5029132049408,319.5029139999964,319.5029140003844,5.820766091346741e-13
4912920.0,0.0,3.5323101217074586,0.0,0.2370364549344437,319.5029132049408,319.5029139999964,319.5029140003844,5.820766091346741e-13
4912921.0800005905,0.0,3.5323101217079915,0.0,0.2370364549344437,319.5029132049408,319.5029139999964,319.5029140003844,5.820766091346741e-13
4912922.16000118,0.0,3.5323101217085173,0.0,0.2370364549344437,319.5029132049408,319.5029139999964,319.5029140003844,5.820766091346741e-13
4912924.32000236,0.0,3.532310121709569,0.0,0.2370364549344437,319.5029132049408,319.5029139999964,319.5029140003844,5.820766091346741e-13
4912928.640004721,0.0,3.532310121711651,0.0,0.2370364549344437,319.5029132049408,319.5029139999964,319.5029140003844,5.820766091346741e-13
4912937.280009442,0.0,3.532310121715738,0.0,0.2370364549344437,319.5029132049408,319.5029139999964,319.5029140003844,5.820766091346741e-13
4912954.560018883,0.0,3.532310121723618,0.0,0.2370364549344437,319.5029132049408,319.5029139999964,319.5029140003844,5.820766091346741e-13
4912989.120037766,0.0,3.5323101217382424,0.0,0.2370364549344437,319.5029132049408,319.5029139999964,319.5029140003844,5.820766091346741e-13
4913058.240075533,0.0,3.5323101217635324,0.0,0.2370364549344437,319.5029132049408,319.5029139999964,319.5029140003844,5.820766091346741e-13
4913196.480151066,0.0,3.532310121801817,0.0,0.2370364549344437,319.5029132049408,319.5029139999964,319.5029140003844,5.820766091346741e-13
4913280.0,0.0,3.532310121818234,0.0,0.2370364549344437,319.5029132049408,319.5029139999964,319.5029140003844,5.820766091346741e-13
4913280.72000059,0.0,3.5323101218183495,0.0,0.2370364549344437,319.5029132049408,319.5029139999964,319.5029140003844,5.820766091346741e-13
4913281.44000118,0.0,3.5323101218184703,0.0,0.2370364549344437,319.5029132049408,319.5029139999964,319.5029140003844,5.820766091346741e-13
4913282.880002361,0.0,3.532310121818703,0.0,0.2370364549344437,319.5029132049408,319.5029139999964,319.5029140003844,5.820766091346741e-13
4913285.760004721,0.0,3.5323101218191755,0.0,0.2370364549344437,319.5029132049408,319.5029139999964,319.5029140003844,5.820766091346741e-13
4913291.520009441,0.0,3.532310121820101,0.0,0.2370364549344437,319.5029132049408,319.5029139999964,319.5029140003844,5.820766091346741e-13
4913303.0400188835,0.0,3.5323101218219057,0.0,0.2370364549344437,319.5029132049408,319.5029139999964,319.5029140003844,5.820766091346741e-13
4913326.080037766,0.0,3.5323101218253377,0.0,0.2370364549344437,319.5029132049408,319.5029139999964,319.5029140003844,5.820766091346741e-13
4913372.160075533,0.0,3.532310121831564,0.0,0.2370364549344437,319.5029132049408,319.5029139999964,319.5029140003844,5.820766091346741e-13
4913464.3201510655,0.0,3.5323101218418542,0.0,0.2370364549344437,319.5029132049408,319.5029139999964,319.5029140003844,5.820766091346741e-13
4913640.0,0.0,3.5323101218556103,0.0,0.2370364549344437,319.5029132049408,319.5029139999964,319.5029140003844,5.820766091346741e-13
4913640.36000059,0.0,3.53231012185563,0.0,0.2370364549344437,319.5029132049408,319.5029139999964,319.5029140003844,5.820766091346741e-13
4913640.720001181,0.0,3.5323101218556494,0.0,0.2370364549344437,319.5029132049408,319.5029139999964,319.5029140003844,5.820766091346741e-13
4913641.44000236,0.0,3.5323101218556885,0.0,0.2370364549344437,319.5029132049408,319.5029139999964,319.5029140003844,5.820766091346741e-13
4913642.880004721,0.0,3.53231012185577,0.0,0.2370364549344437,319.5029132049408,319.5029139999964,319.5029140003844,5.820766091346741e-13
4913645.7600094415,0.0,3.532310121855923,0.0,0.2370364549344437,319.5029132049408,319.5029139999964,319.5029140003844,5.820766091346741e-13
4913651.520018883,0.0,3.5323101218562285,0.0,0.2370364549344437,319.5029132049408,319.5029139999964,319.5029140003844,5.820766091346741e-13
4913663.040037766,0.0,3.5323101218568254,0.0,0.2370364549344437,319.5029132049408,319.5029139999964,319.5029140003844,5.820766091346741e-13
4913686.080075533,0.0,3.5323101218579622,0.0,0.2370364549344437,319.5029132049408,319.5029139999964,319.5029140003844,5.820766091346741e-13
4913732.160151066,0.0,3.532310121860021,0.0,0.2370364549344437,319.5029132049408,319.5029139999964,319.5029140003844,5.820766091346741e-13
4913824.320302132,0.0,3.5323101218634316,0.0,0.2370364549344437,319.5029132049408,319.5029139999964,319.5029140003844,5.820766091346741e-13
4914000.0,0.0,3.5323101218679844,0.0,0.2370364549344437,319.5029132049408,319.5029139999964,319.5029140003844,5.820766091346741e-13
4917600.0,0.0,3.5323101218679844,0.0,0.2370364549344437,320.9499992594741,320.9500000003822,320.9500000003822,0.0
4917603.600000644,0.0,3.5323101218680484,0.0,0.2370364549344437,320.9499992594741,320.9500000003822,320.9500000003822,0.0
4917607.200001287,0.0,3.5323101218681123,0.0,0.2370364549344437,320.9499992594741,320.9500000003822,320.9500000003822,0.0
4917614.400002575,0.0,3.5323101218682367,0.0,0.2370364549344437,320.9499992594741,320.9500000003822,320.9500000003822,0.0
4917628.80000515,0.0,3.53231012186848,0.0,0.2370364549344437,320.9499992594741,320.9500000003822,320.9500000003822,0.0
4917657.6000103,0.0,3.53231012186894,0.0,0.2370364549344437,320.9499992594741,320.9500000003822,320.9500000003822,0.0
4917715.2000206,0.0,3.53231012186975,0.0,0.2370364549344437,320.9499992594741,320.9500000003822,320.9500000003822,0.0
4917830.400041199,0.0,3.532310121871036,0.0,0.2370364549344437,320.9499992594741,320.9500000003822,320.9500000003822,0.0
4917960.0,0.0,3.5323101218720456,0.0,0.2370364549344437,320.9499992594741,320.9500000003822,320.9500000003822,0.0
4917963.240000644,0.0,3.532310121872065,0.0,0.2370364549344437,320.9499992594741,320.9500000003822,320.9500000003822,0.0
4917966.480001288,0.0,3.5323101218720847,0.0,0.2370364549344437,320.9499992594741,320.9500000003822,320.9500000003822,0.0
4917972.960002575,0.0,3.5323101218721273,0.0,0.2370364549344437,320.9499992594741,320.9500000003822,320.9500000003822,0.0
4917985.92000515,0.0,3.5323101218722,0.0,0.2370364549344437,320.9499992594741,320.9500000003822,320.9500000003822,0.0
4918011.8400103,0.0,3.5323101218723405,0.0,0.2370364549344437,320.9499992594741,320.9500000003822,320.9500000003822,0.0
4918063.6800206,0.0,3.5323101218725927,0.0,0.2370364549344437,320.9499992594741,320.9500000003822,320.9500000003822,0.0
4918167.360041199,0.0,3.5323101218729995,0.0,0.2370364549344437,320.9499992594741,320.9500000003822,320.9500000003822,0.0
4918320.0,0.0,3.5323101218734134,0.0,0.2370364549344437,320.9499992594741,320.9500000003822,320.9500000003822,0.0
4918322.880000643,0.0,3.5323101218734188,0.0,0.2370364549344437,320.9499992594741,320.9500000003822,320.9500000003822,0.0
4918325.760001288,0.0,3.532310121873424,0.0,0.2370364549344437,320.9499992594741,320.9500000003822,320.9500000003822,0.0
4918331.520002575,0.0,3.5323101218734365,0.0,0.2370364549344437,320.9499992594741,320.9500000003822,320.9500000003822,0.0
4918343.04000515,0.0,3.532310121873458,0.0,0.2370364549344437,320.9499992594741,320.9500000003822,320.9500000003822,0.0
4918366.0800103,0.0,3.5323101218735022,0.0,0.2370364549344437,320.9499992594741,320.9500000003822,320.9500000003822,0.0
4918412.1600206,0.0,3.5323101218735786,0.0,0.2370364549344437,320.9499992594741,320.9500000003822,320.9500000003822,0.0
4918504.3200412,0.0,3.5323101218737065,0.0,0.2370364549344437,320.9499992594741,320.9500000003822,320.9500000003822,0.0
4918680.0,0.0,3.5323101218738775,0.0,0.2370364549344437,320.9499992594741,320.9500000003822,320.9500000003822,0.0
4918682.520000644,0.0,3.5323101218738793,0.0,0.2370364549344437,320.9499992594741,320.9500000003822,320.9500000003822,0.0
4918685.040001287,0.0,3.532310121873881,0.0,0.2370364549344437,320.9499992594741,320.9500000003822,320.9500000003822,0.0
4918690.080002575,0.0,3.5323101218738846,0.0,0.2370364549344437,320.9499992594741,320.9500000003822,320.9500000003822,0.0
4918700.16000515,0.0,3.5323101218738917,0.0,0.2370364549344437,320.9499992594741,320.9500000003822,320.9500000003822,0.0
4918720.3200103,0.0,3.532310121873904,0.0,0.2370364549344437,320.9499992594741,320.9500000003822,320.9500000003822,0.0
4918760.6400206,0.0,3.5323101218739255,0.0,0.2370364549344437,320.9499992594741,320.9500000003822,320.9500000003822,0.0
4918841.2800412,0.0,3.532310121873961,0.0,0.2370364549344437,320.9499992594741,320.9500000003822,320.9500000003822,0.0
4919002.560082399,0.0,3.532310121874009,0.0,0.2370364549344437,320.9499992594741,320.9500000003822,320.9500000003822,0.0
4919040.0,0.0,3.532310121874018,0.0,0.2370364549344437,320.9499992594741,320.9500000003822,320.9500000003822,0.0
4919042.160000644,0.0,3.5323101218740196,0.0,0.2370364549344437,320.9499992594741,320.9500000003822,320.9500000003822,0.0
4919044.320001287,0.0,3.5323101218740196,0.0,0.2370364549344437,320.9499992594741,320.9500000003822,320.9500000003822,0.0
4919048.640002575,0.0,3.5323101218740214,0.0,0.2370364549344437,320.9499992594741,320.9500000003822,320.9500000003822,0.0
4919057.28000515,0.0,3.532310121874023,0.0,0.2370364549344437,320.9499992594741,320.9500000003822,320.9500000003822,0.0
4919074.5600103,0.0,3.5323101218740267,0.0,0.2370364549344437,320.9499992594741,320.9500000003822,320.9500000003822,0.0
4919109.1200206,0.0,3.5323101218740356,0.0,0.2370364549344437,320.9499992594741,320.9500000003822,320.9500000003822,0.0
4919178.2400412,0.0,3.532310121874048,0.0,0.2370364549344437,320.9499992594741,320.9500000003822,320.9500000003822,0.0
4919316.480082399,0.0,3.532310121874064,0.0,0.2370364549344437,320.9499992594741,320.9500000003822,320.9500000003822,0.0
4919400.0,0.0,3.5323101218740747,0.0,0.2370364549344437,320.9499992594741,320.9500000003822,320.9500000003822,0.0
4919401.800000643,0.0,3.5323101218740747,0.0,0.2370364549344437,320.9499992594741,320.9500000003822,320.9500000003822,0.0
4919403.600001288,0.0,3.532310121874075,0.0,0.2370364549344437,320.9499992594741,320.9500000003822,320.9500000003822,0.0
4919407.200002575,0.0,3.5323101218740747,0.0,0.2370364549344437,320.9499992594741,320.9500000003822,320.9500000003822,0.0
4919414.40000515,0.0,3.5323101218740747,0.0,0.2370364549344437,320.9499992594741,320.9500000003822,320.9500000003822,0.0
4919428.8000103,0.0,3.532310121874077,0.0,0.2370364549344437,320.9499992594741,320.9500000003822,320.9500000003822,0.0
4919457.6000206,0.0,3.5323101218740804,0.0,0.2370364549344437,320.9499992594741,320.9500000003822,320.9500000003822,0.0
4919515.2000412,0.0,3.532310121874084,0.0,0.2370364549344437,320.9499992594741,320.9500000003822,320.9500000003822,0.0
4919630.400082399,0.0,3.532310121874091,0.0,0.2370364549344437,320.9499992594741,320.9500000003822,320.9500000003822,0.0
4919760.0,0.0,3.5323101218740964,0.0,0.2370364549344437,320.9499992594741,320.9500000003822,320.9500000003822,0.0
4919761.440000644,0.0,3.5323101218740964,0.0,0.2370364549344437,320.9499992594741,320.9500000003822,320.9500000003822,0.0
4919762.880001288,0.0,3.5323101218740964,0.0,0.2370364549344437,320.9499992594741,320.9500000003822,320.9500000003822,0.0
4919765.760002575,0.0,3.5323101218740964,0.0,0.2370364549344437,320.9499992594741,320.9500000003822,320.9500000003822,0.0
4919771.52000515,0.0,3.5323101218740964,0.0,0.2370364549344437,320.9499992594741,320.9500000003822,320.9500000003822,0.0
4919783.0400102995,0.0,3.5323101218740964,0.0,0.2370364549344437,320.9499992594741,320.9500000003822,320.9500000003822,0.0
4919806.0800206,0.0,3.532310121874098,0.0,0.2370364549344437,320.9499992594741,320.9500000003822,320.9500000003822,0.0
4919852.1600412,0.0,3.5323101218741,0.0,0.2370364549344437,320.9499992594741,320.9500000003822,320.9500000003822,0.0
4919944.320082399,0.0,3.5323101218741018,0.0,0.2370364549344437,320.9499992594741,320.9500000003822,320.9500000003822,0.0
4920120.0,0.0,3.532310121874105,0.0,0.2370364549344437,320.9499992594741,320.9500000003822,320.9500000003822,0.0
4920121.080000644,0.0,3.532310121874105,0.0,0.2370364549344437,320.9499992594741,320.9500000003822,320.9500000003822,0.0
4920122.160001287,0.0,3.532310121874105,0.0,0.2370364549344437,320.9499992594741,320.9500000003822,320.9500000003822,0.0
4920124.320002575,0.0,3.532310121874105,0.0,0.2370364549344437,320.9499992594741,320.9500000003822,320.9500000003822,0.0
4920128.64000515,0.0,3.532310121874105,0.0,0.2370364549344437,320.9499992594741,320.9500000003822,320.9500000003822,0.0
4920137.2800103,0.0,3.532310121874105,0.0,0.2370364549344437,320.9499992594741,320.9500000003822,320.9500000003822,0.0
4920154.5600205995,0.0,3.532310121874105,0.0,0.2370364549344437,320.9499992594741,320.9500000003822,320.9500000003822,0.0
4920189.1200412,0.0,3.532310121874105,0.0,0.2370364549344437,320.9499992594741,320.9500000003822,320.9500000003822,0.0
4920258.240082399,0.0,3.5323101218741066,0.0,0.2370364549344437,320.9499992594741,320.9500000003822,320.9500000003822,0.0
4920396.480164799,0.0,3.5323101218741066,0.0,0.2370364549344437,320.9499992594741,320.9500000003822,320.9500000003822,0.0
4920480.0,0.0,3.532310121874109,0.0,0.2370364549344437,320.9499992594741,320.9500000003822,320.9500000003822,0.0
4920480.720000643,0.0,3.532310121874109,0.0,0.2370364549344437,320.9499992594741,320.9500000003822,320.9500000003822,0.0
4920481.4400012875,0.0,3.532310121874109,0.0,0.2370364549344437,320.9499992594741,320.9500000003822,320.9500000003822,0.0
4920482.880002575,0.0,3.532310121874109,0.0,0.2370364549344437,320.9499992594741,320.9500000003822,320.9500000003822,0.0
4920485.76000515,0.0,3.532310121874109,0.0,0.2370364549344437,320.9499992594741,320.9500000003822,320.9500000003822,0.0
4920491.5200103,0.0,3.532310121874109,0.0,0.2370364549344437,320.9499992594741,320.9500000003822,320.9500000003822,0.0
4920503.0400206,0.0,3.5323101218741084,0.0,0.2370364549344437,320.9499992594741,320.9500000003822,320.9500000003822,0.0
4920526.0800412,0.0,3.532310121874109,0.0,0.2370364549344437,320.9499992594741,320.9500000003822,320.9500000003822,0.0
4920572.160082399,0.0,3.5323101218741084,0.0,0.2370364549344437,320.9499992594741,320.9500000003822,320.9500000003822,0.0
4920664.320164799,0.0,3.532310121874109,0.0,0.2370364549344437,320.9499992594741,320.9500000003822,320.9500000003822,0.0
4920840.0,0.0,3.5323101218741084,0.0,0.2370364549344437,320.9499992594741,320.9500000003822,320.9500000003822,0.0
4920840.360000644,0.0,3.5323101218741084,0.0,0.2370364549344437,320.9499992594741,320.9500000003822,320.9500000003822,0.0
4920840.720001288,0.0,3.5323101218741084,0.0,0.2370364549344437,320.9499992594741,320.9500000003822,320.9500000003822,0.0
4920841.440002575,0.0,3.5323101218741084,0.0,0.2370364549344437,320.9499992594741,320.9500000003822,320.9500000003822,0.0
4920842.88000515,0.0,3.5323101218741084,0.0,0.2370364549344437,320.9499992594741,320.9500000003822,320.9500000003822,0.0
4920845.7600103,0.0,3.5323101218741084,0.0,0.2370364549344437,320.9499992594741,320.9500000003822,320.9500000003822,0.0
4920851.5200205995,0.0,3.53231012187411,0.0,0.2370364549344437,320.9499992594741,320.9500000003822,320.9500000003822,0.0
4920863.0400412,0.0,3.53231012187411,0.0,0.2370364549344437,320.9499992594741,320.9500000003822,320.9500000003822,0.0
4920886.0800824,0.0,3.53231012187411,0.0,0.2370364549344437,320.9499992594741,320.9500000003822,320.9500000003822,0.0
4920932.160164799,0.0,3.53231012187411,0.0,0.2370364549344437,320.9499992594741,320.9500000003822,320.9500000003822,0.0
4921024.320329597,0.0,3.5323101218741106,0.0,0.2370364549344437,320.9499992594741,320.9500000003822,320.9500000003822,0.0
4921200.0,0.0,3.53231012187411,0.0,0.2370364549344437,320.9499992594741,320.9500000003822,320.9500000003822,0.0
4924800.0,0.0,3.53231012187411,0.0,0.2370364549344437,322.19264036376643,322.1926409999987,322.1926409999987,0.0
4924803.600000697,0.0,3.53231012187411,0.0,0.2370364549344437,322.19264036376643,322.1926409999987,322.1926409999987,0.0
4924807.200001394,0.0,3.53231012187411,0.0,0.2370364549344437,322.19264036376643,322.1926409999987,322.1926409999987,0.0
4924814.40000279,0.0,3.53231012187411,0.0,0.2370364549344437,322.19264036376643,322.1926409999987,322.1926409999987,0.0
4924828.800005579,0.0,3.53231012187411,0.0,0.2370364549344437,322.19264036376643,322.1926409999987,322.1926409999987,0.0
4924857.600011158,0.0,3.53231012187411,0.0,0.2370364549344437,322.19264036376643,322.1926409999987,322.1926409999987,0.0
4924915.200022317,0.0,3.53231012187411,0.0,0.2370364549344437,322.19264036376643,322.1926409999987,322.1926409999987,0.0
4925030.400044633,0.0,3.53231012187411,0.0,0.2370364549344437,322.19264036376643,322.1926409999987,322.1926409999987,0.0
4925160.0,0.0,3.5323101218741106,0.0,0.2370364549344437,322.19264036376643,322.1926409999987,322.1926409999987,0.0
4925163.240000698,0.0,3.5323101218741106,0.0,0.2370364549344437,322.19264036376643,322.1926409999987,322.1926409999987,0.0
4925166.480001395,0.0,3.5323101218741106,0.0,0.2370364549344437,322.19264036376643,322.1926409999987,322.1926409999987,0.0
4925172.960002789,0.0,3.5323101218741106,0.0,0.2370364549344437,322.19264036376643,322.1926409999987,322.1926409999987,0.0
4925185.9200055795,0.0,3.5323101218741106,0.0,0.2370364549344437,322.19264036376643,322.1926409999987,322.1926409999987,0.0
4925211.840011158,0.0,3.5323101218741106,0.0,0.2370364549344437,322.19264036376643,322.1926409999987,322.1926409999987,0.0
4925263.680022316,0.0,3.5323101218741106,0.0,0.2370364549344437,322.19264036376643,322.1926409999987,322.1926409999987,0.0
4925367.360044633,0.0,3.532310121874111,0.0,0.2370364549344437,322.19264036376643,322.1926409999987,322.1926409999987,0.0
4925520.0,0.0,3.5323101218741124,0.0,0.2370364549344437,322.19264036376643,322.1926409999987,322.1926409999987,0.0
4925522.880000697,0.0,3.5323101218741124,0.0,0.2370364549344437,322.19264036376643,322.1926409999987,322.1926409999987,0.0
4925525.760001395,0.0,3.5323101218741124,0.0,0.2370364549344437,322.19264036376643,322.1926409999987,322.1926409999987,0.0
4925531.52000279,0.0,3.5323101218741124,0.0,0.2370364549344437,322.19264036376643,322.1926409999987,322.1926409999987,0.0
4925543.040005579,0.0,3.5323101218741124,0.0,0.2370364549344437,322.19264036376643,322.1926409999987,322.1926409999987,0.0
4925566.080011158,0.0,3.5323101218741124,0.0,0.2370364549344437,322.19264036376643,322.1926409999987,322.1926409999987,0.0
4925612.1600223165,0.0,3.5323101218741124,0.0,0.2370364549344437,322.19264036376643,322.1926409999987,322.1926409999987,0.0
4925704.320044633,0.0,3.5323101218741124,0.0,0.2370364549344437,322.19264036376643,322.1926409999987,322.1926409999987,0.0
4925880.0,0.0,3.532310121874113,0.0,0.2370364549344437,322.19264036376643,322.1926409999987,322.1926409999987,0.0
4925882.520000697,0.0,3.532310121874113,0.0,0.2370364549344437,322.19264036376643,322.1926409999987,322.1926409999987,0.0
4925885.040001395,0.0,3.532310121874113,0.0,0.2370364549344437,322.19264036376643,322.1926409999987,322.1926409999987,0.0
4925890.080002789,0.0,3.532310121874113,0.0,0.2370364549344437,322.19264036376643,322.1926409999987,322.1926409999987,0.0
4925900.160005579,0.0,3.532310121874113,0.0,0.2370364549344437,322.19264036376643,322.1926409999987,322.1926409999987,0.0
4925920.3200111585,0.0,3.532310121874113,0.0,0.2370364549344437,322.19264036376643,322.1926409999987,322.1926409999987,0.0
4925960.640022316,0.0,3.532310121874113,0.0,0.2370364549344437,322.19264036376643,322.1926409999987,322.1926409999987,0.0
4926041.280044633,0.0,3.532310121874113,0.0,0.2370364549344437,322.19264036376643,322.1926409999987,322.1926409999987,0.0
4926202.560089266,0.0,3.532310121874113,0.0,0.2370364549344437,322.19264036376643,322.1926409999987,322.1926409999987,0.0
4926240.0,0.0,3.532310121874113,0.0,0.2370364549344437,322.19264036376643,322.1926409999987,322.1926409999987,0.0
4926242.160000698,0.0,3.532310121874113,0.0,0.2370364549344437,322.19264036376643,322.1926409999987,322.1926409999987,0.0
4926244.3200013945,0.0,3.532310121874113,0.0,0.2370364549344437,322.19264036376643,322.1926409999987,322.1926409999987,0.0
4926248.64000279,0.0,3.532310121874113,0.0,0.2370364549344437,322.19264036376643,322.1926409999987,322.1926409999987,0.0
4926257.280005579,0.0,3.532310121874113,0.0,0.2370364549344437,322.19264036376643,322.1926409999987,322.1926409999987,0.0
4926274.560011158,0.0,3.532310121874113,0.0,0.2370364549344437,322.19264036376643,322.1926409999987,322.1926409999987,0.0
4926309.120022316,0.0,3.532310121874113,0.0,0.2370364549344437,322.19264036376643,322.1926409999987,322.1926409999987,0.0
4926378.240044633,0.0,3.532310121874113,0.0,0.2370364549344437,322.19264036376643,322.1926409999987,322.1926409999987,0.0
4926516.480089266,0.0,3.532310121874113,0.0,0.2370364549344437,322.19264036376643,322.1926409999987,322.1926409999987,0.0
4926600.0,0.0,3.532310121874114,0.0,0.2370364549344437,322.19264036376643,322.1926409999987,322.1926409999987,0.0
4926601.800000697,0.0,3.532310121874114,0.0,0.2370364549344437,322.19264036376643,322.1926409999987,322.1926409999987,0.0
4926603.600001395,0.0,3.532310121874114,0.0,0.2370364549344437,322.19264036376643,322.1926409999987,322.1926409999987,0.0
4926607.2000027895,0.0,3.532310121874114,0.0,0.2370364549344437,322.19264036376643,322.1926409999987,322.1926409999987,0.0
4926614.400005579,0.0,3.532310121874114,0.0,0.2370364549344437,322.19264036376643,322.1926409999987,322.1926409999987,0.0
4926628.800011158,0.0,3.532310121874114,0.0,0.2370364549344437,322.19264036376643,322.1926409999987,322.1926409999987,0.0
4926657.600022317,0.0,3.5323101218741146,0.0,0.2370364549344437,322.19264036376643,322.1926409999987,322.1926409999987,0.0
4926715.200044633,0.0,3.532310121874114,0.0,0.2370364549344437,322.19264036376643,322.1926409999987,322.1926409999987,0.0
4926830.400089266,0.0,3.532310121874114,0.0,0.2370364549344437,322.19264036376643,322.1926409999987,322.1926409999987,0.0
4926960.0,0.0,3.532310121874114,0.0,0.2370364549344437,322.19264036376643,322.1926409999987,322.1926409999987,0.0
4926961.440000697,0.0,3.532310121874114,0.0,0.2370364549344437,322.19264036376643,322.1926409999987,322.1926409999987,0.0
4926962.880001395,0.0,3.532310121874114,0.0,0.2370364549344437,322.19264036376643,322.1926409999987,322.1926409999987,0.0
4926965.76000279,0.0,3.532310121874114,0.0,0.2370364549344437,322.19264036376643,322.1926409999987,322.1926409999987,0.0
4926971.520005579,0.0,3.532310121874114,0.0,0.2370364549344437,322.19264036376643,322.1926409999987,322.1926409999987,0.0
4926983.040011158,0.0,3.5323101218741146,0.0,0.2370364549344437,322.19264036376643,322.1926409999987,322.1926409999987,0.0
4927006.080022316,0.0,3.5323101218741146,0.0,0.2370364549344437,322.19264036376643,322.1926409999987,322.1926409999987,0.0
4927052.160044633,0.0,3.5323101218741146,0.0,0.2370364549344437,322.19264036376643,322.1926409999987,322.1926409999987,0.0
4927144.320089266,0.0,3.5323101218741146,0.0,0.2370364549344437,322.19264036376643,322.1926409999987,322.1926409999987,0.0
4927320.0,0.0,3.532310121874115,0.0,0.2370364549344437,322.19264036376643,322.1926409999987,322.1926409999987,0.0
4927321.080000698,0.0,3.532310121874115,0.0,0.2370364549344437,322.19264036376643,322.1926409999987,322.1926409999987,0.0
4927322.160001394,0.0,3.532310121874115,0.0,0.2370364549344437,322.19264036376643,322.1926409999987,322.1926409999987,0.0
4927324.32000279,0.0,3.532310121874115,0.0,0.2370364549344437,322.19264036376643,322.1926409999987,322.1926409999987,0.0
4927328.640005579,0.0,3.532310121874115,0.0,0.2370364549344437,322.19264036376643,322.1926409999987,322.1926409999987,0.0
4927337.280011158,0.0,3.532310121874115,0.0,0.2370364549344437,322.19264036376643,322.1926409999987,322.1926409999987,0.0
4927354.560022317,0.0,3.532310121874115,0.0,0.2370364549344437,322.19264036376643,322.1926409999987,322.1926409999987,0.0
4927389.120044633,0.0,3.532310121874115,0.0,0.2370364549344437,322.19264036376643,322.1926409999987,322.1926409999987,0.0
4927458.240089266,0.0,3.532310121874115,0.0,0.2370364549344437,322.19264036376643,322.1926409999987,322.1926409999987,0.0
4927596.480178531,0.0,3.5323101218741155,0.0,0.2370364549344437,322.19264036376643,322.1926409999987,322.1926409999987,0.0
4927680.0,0.0,3.5323101218741155,0.0,0.2370364549344437,322.19264036376643,322.1926409999987,322.1926409999987,0.0
4927680.720000697,0.0,3.5323101218741155,0.0,0.2370364549344437,322.19264036376643,322.1926409999987,322.1926409999987,0.0
4927681.440001395,0.0,3.5323101218741155,0.0,0.2370364549344437,322.19264036376643,322.1926409999987,322.1926409999987,0.0
4927682.880002789,0.0,3.5323101218741155,0.0,0.2370364549344437,322.19264036376643,322.1926409999987,322.1926409999987,0.0
4927685.760005579,0.0,3.5323101218741155,0.0,0.2370364549344437,322.19264036376643,322.1926409999987,322.1926409999987,0.0
4927691.520011159,0.0,3.5323101218741155,0.0,0.2370364549344437,322.19264036376643,322.1926409999987,322.1926409999987,0.0
4927703.040022316,0.0,3.5323101218741155,0.0,0.2370364549344437,322.19264036376643,322.1926409999987,322.1926409999987,0.0
4927726.080044633,0.0,3.5323101218741155,0.0,0.2370364549344437,322.19264036376643,322.1926409999987,322.1926409999987,0.0
4927772.160089266,0.0,3.532310121874115,0.0,0.2370364549344437,322.19264036376643,322.1926409999987,322.1926409999987,0.0
4927864.320178532,0.0,3.532310121874115,0.0,0.2370364549344437,322.19264036376643,322.1926409999987,322.1926409999987,0.0
4928040.0,0.0,3.532310121874115,0.0,0.2370364549344437,322.19264036376643,322.1926409999987,322.1926409999987,0.0
4928040.360000697,0.0,3.532310121874115,0.0,0.2370364549344437,322.19264036376643,322.1926409999987,322.1926409999987,0.0
4928040.720001395,0.0,3.532310121874115,0.0,0.2370364549344437,322.19264036376643,322.1926409999987,322.1926409999987,0.0
4928041.44000279,0.0,3.532310121874115,0.0,0.2370364549344437,322.19264036376643,322.1926409999987,322.1926409999987,0.0
4928042.880005579,0.0,3.532310121874115,0.0,0.2370364549344437,322.19264036376643,322.1926409999987,322.1926409999987,0.0
4928045.760011158,0.0,3.532310121874115,0.0,0.2370364549344437,322.19264036376643,322.1926409999987,322.1926409999987,0.0
4928051.520022317,0.0,3.532310121874115,0.0,0.2370364549344437,322.19264036376643,322.1926409999987,322.1926409999987,0.0
4928063.040044633,0.0,3.532310121874115,0.0,0.2370364549344437,322.19264036376643,322.1926409999987,322.1926409999987,0.0
4928086.0800892655,0.0,3.532310121874115,0.0,0.2370364549344437,322.19264036376643,322.1926409999987,322.1926409999987,0.0
4928132.160178532,0.0,3.532310121874115,0.0,0.2370364549344437,322.19264036376643,322.1926409999987,322.1926409999987,0.0
4928224.320357063,0.0,3.532310121874115,0.0,0.2370364549344437,322.19264036376643,322.1926409999987,322.1926409999987,0.0
4928400.0,0.0,3.532310121874115,0.0,0.2370364549344437,322.19264036376643,322.1926409999987,322.1926409999987,0.0
4932000.0,0.0,3.532310121874115,0.0,0.2370364549344437,323.1461515122019,323.14615200039964,323.14615200039964,0.0
4932003.600000751,0.0,3.532310121874115,0.0,0.2370364549344437,323.1461515122019,323.14615200039964,323.14615200039964,0.0
4932007.200001502,0.0,3.532310121874115,0.0,0.2370364549344437,323.1461515122019,323.14615200039964,323.14615200039964,0.0
4932014.400003004,0.0,3.532310121874115,0.0,0.2370364549344437,323.1461515122019,323.14615200039964,323.14615200039964,0.0
4932028.800006009,0.0,3.532310121874115,0.0,0.2370364549344437,323.1461515122019,323.14615200039964,323.14615200039964,0.0
4932057.6000120165,0.0,3.532310121874115,0.0,0.2370364549344437,323.1461515122019,323.14615200039964,323.14615200039964,0.0
4932115.200024033,0.0,3.532310121874115,0.0,0.2370364549344437,323.1461515122019,323.14615200039964,323.14615200039964,0.0
4932230.400048066,0.0,3.532310121874115,0.0,0.2370364549344437,323.1461515122019,323.14615200039964,323.14615200039964,0.0
4932360.0,0.0,3.5323101218741155,0.0,0.2370364549344437,323.1461515122019,323.14615200039964,323.14615200039964,0.0
4932363.240000751,0.0,3.5323101218741155,0.0,0.2370364549344437,323.1461515122019,323.14615200039964,323.14615200039964,0.0
4932366.480001502,0.0,3.5323101218741155,0.0,0.2370364549344437,323.1461515122019,323.14615200039964,323.14615200039964,0.0
4932372.960003004,0.0,3.5323101218741155,0.0,0.2370364549344437,323.1461515122019,323.14615200039964,323.14615200039964,0.0
4932385.920006008,0.0,3.5323101218741155,0.0,0.2370364549344437,323.1461515122019,323.14615200039964,323.14615200039964,0.0
4932411.840012017,0.0,3.5323101218741155,0.0,0.2370364549344437,323.1461515122019,323.14615200039964,323.14615200039964,0.0
4932463.680024033,0.0,3.5323101218741155,0.0,0.2370364549344437,323.1461515122019,323.14615200039964,323.14615200039964,0.0
4932567.360048066,0.0,3.5323101218741155,0.0,0.2370364549344437,323.1461515122019,323.14615200039964,323.14615200039964,0.0
4932720.0,0.0,3.5323101218741155,0.0,0.2370364549344437,323.1461515122019,323.14615200039964,323.14615200039964,0.0
4932722.880000751,0.0,3.5323101218741155,0.0,0.2370364549344437,323.1461515122019,323.14615200039964,323.14615200039964,0.0
4932725.760001502,0.0,3.5323101218741155,0.0,0.2370364549344437,323.1461515122019,323.14615200039964,323.14615200039964,0.0
4932731.520003004,0.0,3.5323101218741155,0.0,0.2370364549344437,323.1461515122019,323.14615200039964,323.14615200039964,0.0
4932743.040006008,0.0,3.5323101218741155,0.0,0.2370364549344437,323.1461515122019,323.14615200039964,323.14615200039964,0.0
4932766.080012017,0.0,3.5323101218741155,0.0,0.2370364549344437,323.1461515122019,323.14615200039964,323.14615200039964,0.0
4932812.160024033,0.0,3.5323101218741155,0.0,0.2370364549344437,323.1461515122019,323.14615200039964,323.14615200039964,0.0
4932904.320048066,0.0,3.5323101218741155,0.0,0.2370364549344437,323.1461515122019,323.14615200039964,323.14615200039964,0.0
4933080.0,0.0,3.532310121874115,0.0,0.2370364549344437,323.1461515122019,323.14615200039964,323.14615200039964,0.0
4933082.520000751,0.0,3.532310121874115,0.0,0.2370364549344437,323.1461515122019,323.14615200039964,323.14615200039964,0.0
4933085.040001502,0.0,3.532310121874115,0.0,0.2370364549344437,323.1461515122019,323.14615200039964,323.14615200039964,0.0
4933090.0800030045,0.0,3.532310121874115,0.0,0.2370364549344437,323.1461515122019,323.14615200039964,323.14615200039964,0.0
4933100.160006008,0.0,3.532310121874115,0.0,0.2370364549344437,323.1461515122019,323.14615200039964,323.14615200039964,0.0
4933120.320012016,0.0,3.5323101218741155,0.0,0.2370364549344437,323.1461515122019,323.14615200039964,323.14615200039964,0.0
4933160.640024033,0.0,3.5323101218741155,0.0,0.2370364549344437,323.1461515122019,323.14615200039964,323.14615200039964,0.0
4933241.280048066,0.0,3.5323101218741155,0.0,0.2370364549344437,323.1461515122019,323.14615200039964,323.14615200039964,0.0
4933402.560096133,0.0,3.5323101218741173,0.0,0.2370364549344437,323.1461515122019,323.14615200039964,323.14615200039964,0.0
4933440.0,0.0,3.5323101218741173,0.0,0.2370364549344437,323.1461515122019,323.14615200039964,323.14615200039964,0.0
4933442.160000751,0.0,3.5323101218741173,0.0,0.2370364549344437,323.1461515122019,323.14615200039964,323.14615200039964,0.0
4933444.3200015025,0.0,3.5323101218741173,0.0,0.2370364549344437,323.1461515122019,323.14615200039964,323.14615200039964,0.0
4933448.640003004,0.0,3.5323101218741173,0.0,0.2370364549344437,323.1461515122019,323.14615200039964,323.14615200039964,0.0
4933457.280006008,0.0,3.5323101218741173,0.0,0.2370364549344437,323.1461515122019,323.14615200039964,323.14615200039964,0.0
4933474.560012016,0.0,3.5323101218741173,0.0,0.2370364549344437,323.1461515122019,323.14615200039964,323.14615200039964,0.0
4933509.120024033,0.0,3.5323101218741173,0.0,0.2370364549344437,323.1461515122019,323.14615200039964,323.14615200039964,0.0
4933578.240048066,0.0,3.5323101218741177,0.0,0.2370364549344437,323.1461515122019,323.14615200039964,323.14615200039964,0.0
4933716.4800961325,0.0,3.5323101218741173,0.0,0.2370364549344437,323.1461515122019,323.14615200039964,323.14615200039964,0.0
4933800.0,0.0,3.5323101218741173,0.0,0.2370364549344437,323.1461515122019,323.14615200039964,323.14615200039964,0.0
4933801.800000751,0.0,3.5323101218741173,0.0,0.2370364549344437,323.1461515122019,323.14615200039964,323.14615200039964,0.0
4933803.600001502,0.0,3.5323101218741173,0.0,0.2370364549344437,323.1461515122019,323.14615200039964,323.14615200039964,0.0
4933807.200003004,0.0,3.5323101218741173,0.0,0.2370364549344437,323.1461515122019,323.14615200039964,323.14615200039964,0.0
4933814.400006008,0.0,3.5323101218741173,0.0,0.2370364549344437,323.1461515122019,323.14615200039964,323.14615200039964,0.0
4933828.800012017,0.0,3.5323101218741173,0.0,0.2370364549344437,323.1461515122019,323.14615200039964,323.14615200039964,0.0
4933857.600024033,0.0,3.5323101218741173,0.0,0.2370364549344437,323.1461515122019,323.14615200039964,323.14615200039964,0.0
4933915.200048066,0.0,3.5323101218741173,0.0,0.2370364549344437,323.1461515122019,323.14615200039964,323.14615200039964,0.0
4934030.400096132,0.0,3.5323101218741177,0.0,0.2370364549344437,323.1461515122019,323.14615200039964,323.14615200039964,0.0
4934160.0,0.0,3.5323101218741177,0.0,0.2370364549344437,323.1461515122019,323.14615200039964,323.14615200039964,0.0
4934161.440000751,0.0,3.5323101218741177,0.0,0.2370364549344437,323.1461515122019,323.14615200039964,323.14615200039964,0.0
4934162.880001502,0.0,3.5323101218741177,0.0,0.2370364549344437,323.1461515122019,323.14615200039964,323.14615200039964,0.0
4934165.760003004,0.0,3.5323101218741177,0.0,0.2370364549344437,323.1461515122019,323.14615200039964,323.14615200039964,0.0
4934171.520006008,0.0,3.5323101218741177,0.0,0.2370364549344437,323.1461515122019,323.14615200039964,323.14615200039964,0.0
4934183.040012017,0.0,3.5323101218741177,0.0,0.2370364549344437,323.1461515122019,323.14615200039964,323.14615200039964,0.0
4934206.080024033,0.0,3.5323101218741177,0.0,0.2370364549344437,323.1461515122019,323.14615200039964,323.14615200039964,0.0
4934252.160048066,0.0,3.5323101218741177,0.0,0.2370364549344437,323.1461515122019,323.14615200039964,323.14615200039964,0.0
4934344.320096132,0.0,3.5323101218741173,0.0,0.2370364549344437,323.1461515122019,323.14615200039964,323.14615200039964,0.0
4934520.0,0.0,3.5323101218741177,0.0,0.2370364549344437,323.1461515122019,323.14615200039964,323.14615200039964,0.0
4934521.080000751,0.0,3.5323101218741177,0.0,0.2370364549344437,323.1461515122019,323.14615200039964,323.14615200039964,0.0
4934522.160001502,0.0,3.5323101218741177,0.0,0.2370364549344437,323.1461515122019,323.14615200039964,323.14615200039964,0.0
4934524.320003004,0.0,3.5323101218741177,0.0,0.2370364549344437,323.1461515122019,323.14615200039964,323.14615200039964,0.0
4934528.640006009,0.0,3.5323101218741177,0.0,0.2370364549344437,323.1461515122019,323.14615200039964,323.14615200039964,0.0
4934537.280012016,0.0,3.5323101218741177,0.0,0.2370364549344437,323.1461515122019,323.14615200039964,323.14615200039964,0.0
4934554.560024033,0.0,3.5323101218741177,0.0,0.2370364549344437,323.1461515122019,323.14615200039964,323.14615200039964,0.0
4934589.120048067,0.0,3.5323101218741177,0.0,0.2370364549344437,323.1461515122019,323.14615200039964,323.14615200039964,0.0
4934658.240096132,0.0,3.5323101218741177,0.0,0.2370364549344437,323.1461515122019,323.14615200039964,323.14615200039964,0.0
4934796.480192265,0.0,3.5323101218741164,0.0,0.2370364549344437,323.1461515122019,323.14615200039964,323.14615200039964,0.0
4934880.0,0.0,3.5323101218741164,0.0,0.2370364549344437,323.1461515122019,323.14615200039964,323.14615200039964,0.0
4934880.720000751,0.0,3.5323101218741164,0.0,0.2370364549344437,323.1461515122019,323.14615200039964,323.14615200039964,0.0
4934881.440001502,0.0,3.5323101218741164,0.0,0.2370364549344437,323.1461515122019,323.14615200039964,323.14615200039964,0.0
4934882.880003004,0.0,3.5323101218741164,0.0,0.2370364549344437,323.1461515122019,323.14615200039964,323.14615200039964,0.0
4934885.760006009,0.0,3.5323101218741164,0.0,0.2370364549344437,323.1461515122019,323.14615200039964,323.14615200039964,0.0
4934891.520012016,0.0,3.5323101218741164,0.0,0.2370364549344437,323.1461515122019,323.14615200039964,323.14615200039964,0.0
4934903.040024033,0.0,3.5323101218741164,0.0,0.2370364549344437,323.1461515122019,323.14615200039964,323.14615200039964,0.0
4934926.080048067,0.0,3.5323101218741164,0.0,0.2370364549344437,323.1461515122019,323.14615200039964,323.14615200039964,0.0
4934972.160096132,0.0,3.5323101218741164,0.0,0.2370364549344437,323.1461515122019,323.14615200039964,323.14615200039964,0.0
4935064.320192264,0.0,3.5323101218741164,0.0,0.2370364549344437,323.1461515122019,323.14615200039964,323.14615200039964,0.0
4935240.0,0.0,3.532310121874118,0.0,0.2370364549344437,323.1461515122019,323.14615200039964,323.14615200039964,0.0
4935240.360000751,0.0,3.532310121874118,0.0,0.2370364549344437,323.1461515122019,323.14615200039964,323.14615200039964,0.0
4935240.720001502,0.0,3.532310121874118,0.0,0.2370364549344437,323.1461515122019,323.14615200039964,323.14615200039964,0.0
4935241.440003004,0.0,3.532310121874118,0.0,0.2370364549344437,323.1461515122019,323.14615200039964,323.14615200039964,0.0
4935242.880006008,0.0,3.532310121874118,0.0,0.2370364549344437,323.1461515122019,323.14615200039964,323.14615200039964,0.0
4935245.760012017,0.0,3.532310121874118,0.0,0.2370364549344437,323.1461515122019,323.14615200039964,323.14615200039964,0.0
4935251.520024033,0.0,3.532310121874118,0.0,0.2370364549344437,323.1461515122019,323.14615200039964,323.14615200039964,0.0
4935263.0400480665,0.0,3.532310121874118,0.0,0.2370364549344437,323.1461515122019,323.14615200039964,323.14615200039964,0.0
4935286.080096132,0.0,3.532310121874118,0.0,0.2370364549344437,323.1461515122019,323.14615200039964,323.14615200039964,0.0
4935332.160192264,0.0,3.5323101218741186,0.0,0.2370364549344437,323.1461515122019,323.14615200039964,323.14615200039964,0.0
4935424.320384529,0.0,3.5323101218741186,0.0,0.2370364549344437,323.1461515122019,323.14615200039964,323.14615200039964,0.0
4935600.0,0.0,3.5323101218741186,0.0,0.2370364549344437,323.1461515122019,323.14615200039964,323.14615200039964,0.0
4939200.0,-2.5,3.562104608512592,0.07448621663507007,0.23703645493444359,323.9222834478896,323.7455550004112,323.82690252221585,6.802765635454562
4939200.000867836,-2.5,3.5621059543715337,0.07448611183996859,0.2370365906455455,323.9222834478896,323.7455550004112,323.82690252221585,6.802765635454562
4939200.001735671,-2.5,3.562107299901774,0.07448600708773545,0.2370367263566474,323.9222834478896,323.7455550004112,323.82690252221585,6.802765635454562
4939200.003471344,-2.5,3.562109990170029,0.07448579768783617,0.23703699777885123,323.9222834478896,323.7455550004112,323.82690252221585,6.802765635454562
4939200.006942688,-2.5,3.562115366699475,0.074485379409993,0.237037540623259,323.9222834478896,323.7455550004112,323.82690252221585,6.802765635454562
4939200.013885374,-2.5,3.562126104591694,0.07448454483383134,0.2370386263120744,323.9222834478896,323.7455550004112,323.82690252221585,6.802765635454562
4939200.027770748,-2.5,3.562147518149942,0.07448288378182366,0.2370407976897051,323.9222834478896,323.7455550004112,323.82690252221585,6.802765635454562
4939200.055541497,-2.5,3.5621901001926197,0.07447959351667333,0.2370451404449666,323.9222834478896,323.7455550004112,323.82690252221585,6.802765635454562
4939200.111082993,-2.5,3.5622743097841156,0.07447313647389202,0.23705382595548952,323.9222834478896,323.7455550004112,323.82690252221585,6.802765635454562
4939200.222165987,-2.5,3.5624391159898274,0.07446068602721476,0.23707119697653545,323.9222834478896,323.7455550004112,323.82690252221585,6.802765635454562
4939200.33324898,-2.5,3.562599348956681,0.07444881656829445,0.23708856799758138,323.9222834478896,323.7455550004112,323.82690252221585,6.802765635454562
4939200.444331974,-2.5,3.562755332206846,0.07443747996994707,0.2371059390186273,323.9222834478896,323.7455550004112,323.82690252221585,6.802765635454562
4939200.555414967,-2.5,3.562907371955225,0.0744266311953452,0.23712331003967324,323.9222834478896,323.7455550004112,323.82690252221585,6.802765635454562
4939200.777580954,-2.5,3.5632006017188824,0.07440625305607339,0.2371580520817651,323.9222834478896,323.7455550004112,323.82690252221585,6.802765635454562
4939200.999746941,-2.5,3.5634810488279625,0.07438739227678216,0.23719279412385696,323.9222834478896,323.7455550004112,323.82690252221585,6.802765635454562
4939201.284687493,-2.5,3.5638246439086148,0.0743650525001088,0.23723735277477165,323.9222834478896,323.7455550004112,323.82690252221585,6.802765635454562
4939201.569628045,-2.5,3.5641526322070303,0.07434444507593604,0.23728191142568622,323.9222834478896,323.7455550004112,323.82690252221585,6.802765635454562
4939201.854568597,-2.5,3.56446726310842,0.07432526117295653,0.2373264700766009,323.9222834478896,323.7455550004112,323.82690252221585,6.802765635454562
4939202.139509149,-2.5,3.5647702288169563,0.07430727233075059,0.23737102872751548,323.9222834478896,323.7455550004112,323.82690252221585,6.802765635454562
4939202.424449701,-2.5,3.565062909681608,0.0742902959791706,0.23741558737843005,323.9222834478896,323.7455550004112,323.82690252221585,6.802765635454562
4939202.709390253,-2.5,3.5653464547197795,0.0742741831135924,0.23746014602934473,323.9222834478896,323.7455550004112,323.82690252221585,6.802765635454562
4939202.994330805,-2.5,3.5656217231345195,0.0742588250743923,0.2375047046802593,323.9222834478896,323.7455550004112,323.82690252221585,6.802765635454562
4939203.564211909,-2.5,3.5661503414266718,0.07423001424896349,0.23759382198208856,323.9222834478896,323.7455550004112,323.82690252221585,6.802765635454562
4939204.134093013,-2.5,3.566653045895446,0.07420335435688408,0.2376829392839177,323.9222834478896,323.7455550004112,323.82690252221585,6.802765635454562
4939204.703974117,-2.5,3.5671336086940055,0.0741784111074962,0.23777205658574685,323.9222834478896,323.7455550004112,323.82690252221585,6.802765635454562
4939205.2738552205,-2.5,3.5675949626994012,0.0741548629473333,0.237861173887576,323.9222834478896,323.7455550004112,323.82690252221585,6.802765635454562
4939205.843736324,-2.5,3.5680392728649637,0.07413248811307735,0.23795029118940514,323.9222834478896,323.7455550004112,323.82690252221585,6.802765635454562
4939206.413617429,-2.5,3.5684682219181405,0.07411112568435309,0.23803940849123428,323.9222834478896,323.7455550004112,323.82690252221585,6.802765635454562
4939206.983498533,-2.5,3.5688832295053095,0.07409064673514403,0.23812852579306343,323.9222834478896,323.7455550004112,323.82690252221585,6.802765635454562
4939207.553379637,-2.5,3.569285492974304,0.07407094797785924,0.23821764309489257,323.9222834478896,323.7455550004112,323.82690252221585,6.802765635454562
4939208.693141845,-2.5,3.5700558841613566,0.07403355381016043,0.23839587769855097,323.9222834478896,323.7455550004112,323.82690252221585,6.802765635454562
4939209.832904053,-2.5,3.570786183133918,0.07399841938947131,0.23857411230220937,323.9222834478896,323.7455550004112,323.82690252221585,6.802765635454562
4939210.972666261,-2.5,3.5714817009003195,0.07396516812178845,0.23875234690586777,323.9222834478896,323.7455550004112,323.82690252221585,6.802765635454562
4939212.112428469,-2.5,3.5721467597708423,0.07393351256094935,0.23893058150952617,323.9222834478896,323.7455550004112,323.82690252221585,6.802765635454562
4939213.252190677,-2.5,3.5727849390081037,0.07390322722883766,0.23910881611318457,323.9222834478896,323.7455550004112,323.82690252221585,6.802765635454562
4939214.391952885,-2.5,3.5733992153016008,0.07387413450711587,0.23928705071684298,323.9222834478896,323.7455550004112,323.82690252221585,6.802765635454562
4939215.531715093,-2.5,3.5739920723360243,0.07384609389242021,0.23946528532050138,323.9222834478896,323.7455550004112,323.82690252221585,6.802765635454562
4939217.811239509,-2.5,3.575121700395317,0.07379272743423672,0.23982175452781818,323.9222834478896,323.7455550004112,323.82690252221585,6.802765635454562
4939220.090763926,-2.5,3.5761875028356256,0.07374241155294654,0.24017822373513498,323.9222834478896,323.7455550004112,323.82690252221585,6.802765635454562
4939222.370288341,-2.5,3.5771999764796916,0.07369461445889772,0.24053469294245178,323.9222834478896,323.7455550004112,323.82690252221585,6.802765635454562
4939224.649812758,-2.5,3.5781672247015206,0.07364894036642995,0.24089116214976858,323.9222834478896,323.7455550004112,323.82690252221585,6.802765635454562
4939226.929337174,-2.5,3.579095528036835,0.07360509484423323,0.2412476313570855,323.9222834478896,323.7455550004112,323.82690252221585,6.802765635454562
4939229.208861589,-2.5,3.579989904418727,0.07356284591848693,0.2416041005644023,323.9222834478896,323.7455550004112,323.82690252221585,6.802765635454562
4939231.488386006,-2.5,3.580854498279496,0.07352199989301722,0.2419605697717191,323.9222834478896,323.7455550004112,323.82690252221585,6.802765635454562
4939233.767910422,-2.5,3.581692751997967,0.07348239592970984,0.2423170389790359,323.9222834478896,323.7455550004112,323.82690252221585,6.802765635454562
4939236.047434838,-2.5,3.5825075076462887,0.07344390368842367,0.2426735081863527,323.9222834478896,323.7455550004112,323.82690252221585,6.802765635454562
4939238.326959254,-2.5,3.5833011381079483,0.07340641547344312,0.2430299773936695,323.9222834478896,323.7455550004112,323.82690252221585,6.802765635454562
4939240.60648367,-2.5,3.5840756708892267,0.07336983839526168,0.2433864466009863,323.9222834478896,323.7455550004112,323.82690252221585,6.802765635454562
4939245.165532502,-2.5,3.5855741294193857,0.07329911104232494,0.24409938501561979,323.9222834478896,323.7455550004112,323.82690252221585,6.802765635454562
4939249.724581335,-2.5,3.58701432261695,0.07323119155329941,0.24481232343025328,323.9222834478896,323.7455550004112,323.82690252221585,6.802765635454562
4939254.283630166,-2.5,3.5884049900814117,0.07316567913442627,0.24552526184488688,323.9222834478896,323.7455550004112,323.82690252221585,6.802765635454562
4939258.842678999,-2.5,3.589752916938572,0.07310226353059,0.24623820025952037,323.9222834478896,323.7455550004112,323.82690252221585,6.802765635454562
4939263.401727831,-2.5,3.5910635252662764,0.07304069238622005,0.24695113867415386,323.9222834478896,323.7455550004112,323.82690252221585,6.802765635454562
4939267.960776663,-2.5,3.5923412514328152,0.07298075670868423,0.24766407708878735,323.9222834478896,323.7455550004112,323.82690252221585,6.802765635454562
4939272.519825495,-2.5,3.5935897668314043,0.07292228439576635,0.24837701550342095,323.9222834478896,323.7455550004112,323.82690252221585,6.802765635454562
4939277.078874327,-2.5,3.5948121388274275,0.07286513202626889,0.24908995391805444,323.9222834478896,323.7455550004112,323.82690252221585,6.802765635454562
4939281.63792316,-2.5,3.5960109601811827,0.07280917709210678,0.24980289233268793,323.9222834478896,323.7455550004112,323.82690252221585,6.802765635454562
4939286.196971992,-2.5,3.597188444501727,0.07275431392686924,0.2505158307473214,323.9222834478896,323.7455550004112,323.82690252221585,6.802765635454562
4939290.7560208235,-2.5,3.59834649762988,0.07270045146148651,0.251228769161955,323.9222834478896,323.7455550004112,323.82690252221585,6.802765635454562
4939295.315069656,-2.5,3.5994867743833536,0.0726475106356915,0.2519417075765885,323.9222834478896,323.7455550004112,323.82690252221585,6.802765635454562
4939304.433167321,-2.5,3.6017195800999606,0.07254412459607208,0.2533675844058556,323.9222834478896,323.7455550004112,323.82690252221585,6.802765635454562
4939313.5512649845,-2.5,3.6038964861343286,0.07244369059875584,0.2547934612351228,323.9222834478896,323.7455550004112,323.82690252221585,6.802765635454562
4939322.669362649,-2.5,3.606025073044505,0.07234583861197481,0.2562193380643899,323.9222834478896,323.7455550004112,323.82690252221585,6.802765635454562
4939331.787460313,-2.5,3.608111382612333,0.07225027146171616,0.257645214893657,323.9222834478896,323.7455550004112,323.82690252221585,6.802765635454562
4939340.905557978,-2.5,3.6101602811031066,0.07215674811837827,0.2590710917229242,323.9222834478896,323.7455550004112,323.82690252221585,6.802765635454562
4939350.023655642,-2.5,3.6121757402597874,0.07206507021899107,0.2604969685521913,323.9222834478896,323.7455550004112,323.82690252221585,6.802765635454562
4939359.141753307,-2.5,3.6141610409634417,0.07197507247723972,0.2619228453814584,323.9222834478896,323.7455550004112,323.82690252221585,6.802765635454562
4939368.2598509705,-2.5,3.6161189085465155,0.07188661651554205,0.2633487222107256,323.9222834478896,323.7455550004112,323.82690252221585,6.802765635454562
4939377.377948635,-2.5,3.6180516101673232,0.07179958621325827,0.2647745990399927,323.9222834478896,323.7455550004112,323.82690252221585,6.802765635454562
4939386.496046299,-2.5,3.6199610383185243,0.07171388349040435,0.26620047586925977,323.9222834478896,323.7455550004112,323.82690252221585,6.802765635454562
4939395.614143964,-2.5,3.6218487819252334,0.07162942483948069,0.26762635269852697,323.9222834478896,323.7455550004112,323.82690252221585,6.802765635454562
4939404.732241628,-2.5,3.6237161802273063,0.0715461388403949,0.26905222952779406,323.9222834478896,323.7455550004112,323.82690252221585,6.802765635454562
4939422.968436956,-2.5,3.6273942602372578,0.0713828489343019,0.27190398318632836,323.9222834478896,323.7455550004112,323.82690252221585,6.802765635454562
4939441.204632285,-2.5,3.63100240059201,0.07122361631796399,0.27475573684486265,323.9222834478896,323.7455550004112,323.82690252221585,6.802765635454562
4939459.440827614,-2.5,3.6345457654311892,0.07106813868825783,0.27760749050339684,323.9222834478896,323.7455550004112,323.82690252221585,6.802765635454562
4939477.677022942,-2.5,3.6380281397118086,0.07091618176449077,0.28045924416193113,323.9222834478896,323.7455550004112,323.82690252221585,6.802765635454562
4939495.913218271,-2.5,3.641452354287095,0.07076756038488519,0.2833109978204654,323.9222834478896,323.7455550004112,323.82690252221585,6.802765635454562
4939514.1494136,-2.5,3.6448206151348113,0.07062212445346915,0.2861627514789997,323.9222834478896,323.7455550004112,323.82690252221585,6.802765635454562
4939532.385608928,-2.5,3.648134743277489,0.0704797491128383,0.2890145051375339,323.9222834478896,323.7455550004112,323.82690252221585,6.802765635454562
4939550.621804257,-2.5,3.651396337258859,0.07034032829922553,0.2918662587960682,323.9222834478896,323.7455550004112,323.82690252221585,6.802765635454562
4939560.0,-2.5,3.6530536894848202,0.07026974925427559,0.29333280944100126,323.9222834478896,323.7455550004112,323.82690252221585,6.802765635454562
4939560.001565889,-2.5,3.6530539650986795,0.0702697375321718,0.2933330543128455,323.9222834478896,323.7455550004112,323.82690252221585,6.802765635454562
4939560.003131779,-2.5,3.653054240712162,0.07026972581008883,0.29333329918468976,323.9222834478896,323.7455550004112,323.82690252221585,6.802765635454562
4939560.006263558,-2.5,3.6530547919381435,0.07026970236598425,0.29333378892837825,323.9222834478896,323.7455550004112,323.82690252221585,6.802765635454562
4939560.012527115,-2.5,3.653055894385602,0.0702696554780249,0.29333476841575534,323.9222834478896,323.7455550004112,323.82690252221585,6.802765635454562
4939560.02505423,-2.5,3.6530580992630273,0.07026956170310149,0.29333672739050953,323.9222834478896,323.7455550004112,323.82690252221585,6.802765635454562
4939560.050108461,-2.5,3.6530625089467095,0.07026937415724555,0.2933406453400179,323.9222834478896,323.7455550004112,323.82690252221585,6.802765635454562
4939560.1002169205,-2.5,3.653071328029557,0.07026899908149509,0.2933484812390347,323.9222834478896,323.7455550004112,323.82690252221585,6.802765635454562
4939560.200433841,-2.5,3.653088965056318,0.07026824899384225,0.293364153037068,323.9222834478896,323.7455550004112,323.82690252221585,6.802765635454562
4939560.400867683,-2.5,3.6531242345551145,0.07026674907387999,0.2933954966331347,323.9222834478896,323.7455550004112,323.82690252221585,6.802765635454562
4939560.801735365,-2.5,3.6531947553419086,0.07026375025494014,0.2934581838252681,323.9222834478896,323.7455550004112,323.82690252221585,6.802765635454562
4939561.603470731,-2.5,3.653335724144316,0.07025775669783611,0.2935835582095351,323.9222834478896,323.7455550004112,323.82690252221585,6.802765635454562
4939563.20694146,-2.5,3.65361737123917,0.07024578588156215,0.2938343069780689,323.9222834478896,323.7455550004112,323.82690252221585,6.802765635454562
4939566.413882921,-2.5,3.6541795079556096,0.07022190924188236,0.29433580451513663,323.9222834478896,323.7455550004112,323.82690252221585,6.802765635454562
4939572.827765842,-2.5,3.655299187474828,0.07017441438266996,0.2953387995892721,323.9222834478896,323.7455550004112,323.82690252221585,6.802765635454562
4939585.655531684,-2.5,3.6575204519147015,0.07008044650556879,0.2973447897375431,323.9222834478896,323.7455550004112,323.82690252221585,6.802765635454562
4939598.483297527,-2.5,3.6597178977619422,0.06998782187277981,0.29935077988581404,323.9222834478896,323.7455550004112,323.82690252221585,6.802765635454562
4939611.311063369,-2.5,3.66189202997914,0.06989651757983312,0.30135677003408495,323.9222834478896,323.7455550004112,323.82690252221585,6.802765635454562
4939624.138829211,-2.5,3.66404340912285,0.06980651182462022,0.30336276018235586,323.9222834478896,323.7455550004112,323.82690252221585,6.802765635454562
4939649.794360895,-2.5,3.668280096981664,0.06963031640252054,0.30737474047889773,323.9222834478896,323.7455550004112,323.82690252221585,6.802765635454562
4939675.44989258,-2.5,3.6724332214967434,0.06945908147950562,0.3113867207754396,323.9222834478896,323.7455550004112,323.82690252221585,6.802765635454562
4939701.1054242635,-2.5,3.6765087891254704,0.06929266557305509,0.3153987010719815,323.9222834478896,323.7455550004112,323.82690252221585,6.802765635454562
4939726.760955948,-2.5,3.6805130642477497,0.06913094098627114,0.31941068136852335,323.9222834478896,323.7455550004112,323.82690252221585,6.802765635454562
4939752.416487632,-2.5,3.6844524947131903,0.06897379110562153,0.3234226616650652,323.9222834478896,323.7455550004112,323.82690252221585,6.802765635454562
4939778.072019317,-2.5,3.688333771457864,0.0688211073611746,0.3274346419616071,323.9222834478896,323.7455550004112,323.82690252221585,6.802765635454562
4939803.727551001,-2.5,3.692163977607308,0.06867278682505308,0.331446622258149,323.9222834478896,323.7455550004112,323.82690252221585,6.802765635454562
4939829.383082685,-2.5,3.6959505436791726,0.06852873166114616,0.3354586025546909,323.9222834478896,323.7455550004112,323.82690252221585,6.802765635454562
4939855.03861437,-2.5,3.699700936014903,0.06838885003056662,0.33947058285123277,323.9222834478896,323.7455550004112,323.82690252221585,6.802765635454562
4939880.694146054,-2.5,3.703422383512845,0.06825305625103469,0.34348256314777464,323.9222834478896,323.7455550004112,323.82690252221585,6.802765635454562
4939906.349677739,-2.5,3.707121849524369,0.06812126959217256,0.3474945434443165,323.9222834478896,323.7455550004112,323.82690252221585,6.802765635454562
4939920.0,-2.5,3.7090835765197703,0.06805275752327744,0.3496291639475536,323.9222834478896,323.7455550004112,323.82690252221585,6.802765635454562
4939920.00176268,-2.5,3.709083829608221,0.0680527487475808,0.3496294395932867,323.9222834478896,323.7455550004112,323.82690252221585,6.802765635454562
4939920.0035253605,-2.5,3.709084082696618,0.06805273997190252,0.34962971523901976,323.9222834478896,323.7455550004112,323.82690252221585,6.802765635454562
4939920.00705072,-2.5,3.709084588873295,0.06805272242060083,0.3496302665304859,323.9222834478896,323.7455550004112,323.82690252221585,6.802765635454562
4939920.014101441,-2.5,3.7090856012259756,0.06805268731821787,0.3496313691134182,323.9222834478896,323.7455550004112,323.82690252221585,6.802765635454562
4939920.028202882,-2.5,3.7090876259288423,0.06805261711433287,0.34963357427928277,323.9222834478896,323.7455550004112,323.82690252221585,6.802765635454562
4939920.056405763,-2.5,3.7090916753240832,0.06805247671008839,0.349637984611012,323.9222834478896,323.7455550004112,323.82690252221585,6.802765635454562
4939920.112811526,-2.5,3.7090997740727327,0.06805219591570084,0.34964680527447034,323.9222834478896,323.7455550004112,323.82690252221585,6.802765635454562
4939920.2256230535,-2.5,3.7091159714024804,0.06805163438333046,0.3496644466013871,323.9222834478896,323.7455550004112,323.82690252221585,6.802765635454562
4939920.451246106,-2.5,3.7091483653937676,0.06805051154418647,0.34969972925522064,323.9222834478896,323.7455550004112,323.82690252221585,6.802765635454562
4939920.902492212,-2.5,3.709213150719163,0.0680482667681111,0.3497702945628877,323.9222834478896,323.7455550004112,323.82690252221585,6.802765635454562
4939921.804984424,-2.5,3.7093427108695054,0.06804378082340373,0.3499114251782219,323.9222834478896,323.7455550004112,323.82690252221585,6.802765635454562
4939923.609968849,-2.5,3.709601790192675,0.06803482335252313,0.35019368640889015,323.9222834478896,323.7455550004112,323.82690252221585,6.802765635454562
4939927.219937698,-2.5,3.7101197930876375,0.06801696599530636,0.35075820887022674,323.9222834478896,323.7455550004112,323.82690252221585,6.802765635454562
4939934.439875396,-2.5,3.711155240520631,0.06798148090771909,0.3518872537929,323.9222834478896,323.7455550004112,323.82690252221585,6.802765635454562
4939948.879750792,-2.5,3.713224408932783,0.06791142363440995,0.3541453436382464,323.9222834478896,323.7455550004112,323.82690252221585,6.802765635454562
4939963.319626188,-2.5,3.7152921381991613,0.06784257337975008,0.35640343348359277,323.9222834478896,323.7455550004112,323.82690252221585,6.802765635454562
4939977.759501584,-2.5,3.7173594558879826,0.06777491809219481,0.3586615233289392,323.9222834478896,323.7455550004112,323.82690252221585,6.802765635454562
4939992.19937698,-2.5,3.719427345926307,0.06770844602607272,0.3609196131742856,323.9222834478896,323.7455550004112,323.82690252221585,6.802765635454562
4940021.079127772,-2.5,3.723568423198047,0.06757900642723709,0.3654357928649784,323.9222834478896,323.7455550004112,323.82690252221585,6.802765635454562
4940049.958878564,-2.5,3.7277220891122598,0.0674541668212086,0.3699519725556712,323.9222834478896,323.7455550004112,323.82690252221585,6.802765635454562
4940078.838629357,-2.5,3.731894100685993,0.06733384393572346,0.37446815224636404,323.9222834478896,323.7455550004112,323.82690252221585,6.802765635454562
4940118.152096609,-2.5,3.737610726010188,0.06717716941071299,0.38061594360555234,323.9222834478896,323.7455550004112,323.82690252221585,6.802765635454562
4940157.465563861,-2.5,3.74337718052564,0.06702853462814752,0.3867637349647407,323.9222834478896,323.7455550004112,323.82690252221585,6.802765635454562
4940196.779031113,-2.5,3.749196853614104,0.06688776740502346,0.39291152632392906,323.9222834478896,323.7455550004112,323.82690252221585,6.802765635454562
4940236.092498365,-2.5,3.7550687317204328,0.06675470805001243,0.3990593176831174,323.9222834478896,323.7455550004112,323.82690252221585,6.802765635454562
4940275.405965617,-2.5,3.760987537931025,0.06662920851531104,0.4052071090423057,323.9222834478896,323.7455550004112,323.82690252221585,6.802765635454562
4940280.0,-2.5,3.7616818724362675,0.06661502996383564,0.4059255184541037,323.9222834478896,323.7455550004112,323.82690252221585,6.802765635454562
4940280.001930002,-2.5,3.7616821642444083,0.06661502402853574,0.40592582026551804,323.9222834478896,323.7455550004112,323.82690252221585,6.802765635454562
4940280.003860005,-2.5,3.7616824560526374,0.0666150180932537,0.40592612207693235,323.9222834478896,323.7455550004112,323.82690252221585,6.802765635454562
4940280.00772001,-2.5,3.761683039669385,0.06661500622274309,0.40592672569976107,323.9222834478896,323.7455550004112,323.82690252221585,6.802765635454562
4940280.015440021,-2.5,3.7616842069039307,0.06661498248193612,0.4059279329454184,323.9222834478896,323.7455550004112,323.82690252221585,6.802765635454562
4940280.030880041,-2.5,3.7616865413773253,0.06661493500117888,0.4059303474367332,323.9222834478896,323.7455550004112,323.82690252221585,6.802765635454562
4940280.061760083,-2.5,3.7616912103410605,0.06661484004309168,0.4059351764193627,323.9222834478896,323.7455550004112,323.82690252221585,6.802765635454562
4940280.123520165,-2.5,3.761700548336345,0.066614650140626,0.40594483438462176,323.9222834478896,323.7455550004112,323.82690252221585,6.802765635454562
4940280.2470403295,-2.5,3.761719224597792,0.06661427039052811,0.40596415031513994,323.9222834478896,323.7455550004112,323.82690252221585,6.802765635454562
4940280.494080659,-2.5,3.7617565782029394,0.06661351110965238,0.40600278217617614,323.9222834478896,323.7455550004112,323.82690252221585,6.802765635454562
4940280.988161318,-2.5,3.76183128973241,0.06661199342506714,0.4060800458982486,323.9222834478896,323.7455550004112,323.82690252221585,6.802765635454562
4940281.976322637,-2.5,3.7619807299902837,0.06660896156365002,0.40623457334239355,323.9222834478896,323.7455550004112,323.82690252221585,6.802765635454562
4940283.952645274,-2.5,3.762279678675489,0.06660291186455049,0.4065436282306834,323.9222834478896,323.7455550004112,323.82690252221585,6.802765635454562
4940287.905290548,-2.5,3.7628778436413963,0.06659086850327939,0.40716173800726313,323.9222834478896,323.7455550004112,323.82690252221585,6.802765635454562
4940295.810581095,-2.5,3.7640752021375135,0.06656700546790513,0.4083979575604226,323.9222834478896,323.7455550004112,323.82690252221585,6.802765635454562
4940311.62116219,-2.5,3.7664736808638644,0.0665201705175133,0.41087039666674147,323.9222834478896,323.7455550004112,323.82690252221585,6.802765635454562
4940327.431743285,-2.5,3.7688764179655014,0.06647451703784542,0.4133428357730604,323.9222834478896,323.7455550004112,323.82690252221585,6.802765635454562
4940359.052905475,-2.5,3.773690931819648,0.06638672311245984,0.41828771398569825,323.9222834478896,323.7455550004112,323.82690252221585,6.802765635454562
4940387.511951446,-2.5,3.778028345580425,0.06631167306111695,0.4227381043770723,323.9222834478896,323.7455550004112,323.82690252221585,6.802765635454562
4940415.970997416,-2.5,3.7823630315352887,0.0662403361848663,0.4271884947684464,323.9222834478896,323.7455550004112,323.82690252221585,6.802765635454562
4940444.430043387,-2.5,3.7866879775882265,0.06617267390731142,0.43163888515982046,323.9222834478896,323.7455550004112,323.82690252221585,6.802765635454562
4940472.889089358,-2.5,3.7909960343212474,0.06610864992905184,0.43608927555119453,323.9222834478896,323.7455550004112,323.82690252221585,6.802765635454562
4940529.8071813,-2.5,3.7995329232877895,0.06599138308864941,0.4449900563339426,323.9222834478896,323.7455550004112,323.82690252221585,6.802765635454562
4940581.033464047,-2.5,3.8070894526142913,0.06589796669013405,0.4530007590384159,323.9222834478896,323.7455550004112,323.82690252221585,6.802765635454562
4940632.259746795,-2.5,3.8144907474760097,0.06581587223245194,0.4610114617428892,323.9222834478896,323.7455550004112,323.82690252221585,6.802765635454562
4940640.0,-2.5,3.815593810496736,0.06580444364790862,0.46222187296066186,323.9222834478896,323.7455550004112,323.82690252221585,6.802765635454562
4940640.00206298,-2.5,3.81559410392725,0.06580444063589118,0.4622221955669239,323.9222834478896,323.7455550004112,323.82690252221585,6.802765635454562
4940640.00412596,-2.5,3.815594397357465,0.06580443762389188,0.46222251817318594,323.9222834478896,323.7455550004112,323.82690252221585,6.802765635454562
4940640.00825192,-2.5,3.815594984216997,0.06580443159994753,0.46222316338571007,323.9222834478896,323.7455550004112,323.82690252221585,6.802765635454562
4940640.01650384,-2.5,3.8155961579324367,0.06580441955227619,0.46222445381075833,323.9222834478896,323.7455550004112,323.82690252221585,6.802765635454562
4940640.03300768,-2.5,3.8155985053488575,0.06580439545780258,0.46222703466085485,323.9222834478896,323.7455550004112,323.82690252221585,6.802765635454562
4940640.066015361,-2.5,3.8156032001237348,0.06580434727233202,0.4622321963610478,323.9222834478896,323.7455550004112,323.82690252221585,6.802765635454562
4940640.132030721,-2.5,3.815612589441672,0.06580425091529732,0.46224251976143377,323.9222834478896,323.7455550004112,323.82690252221585,6.802765635454562
4940640.264061442,-2.5,3.815631367150011,0.0658040582568527,0.4622631665622057,323.9222834478896,323.7455550004112,323.82690252221585,6.802765635454562
4940640.528122884,-2.5,3.8156689188552697,0.06580367316245518,0.4623044601637495,323.9222834478896,323.7455550004112,323.82690252221585,6.802765635454562
4940641.056245768,-2.5,3.8157440074099798,0.06580290386356784,0.4623870473668371,323.9222834478896,323.7455550004112,323.82690252221585,6.802765635454562
4940642.112491537,-2.5,3.815894125015699,0.06580136882495057,0.46255222177301236,323.9222834478896,323.7455550004112,323.82690252221585,6.802765635454562
4940644.224983074,-2.5,3.8161941215740574,0.06579831298057094,0.4628825705853629,323.9222834478896,323.7455550004112,323.82690252221585,6.802765635454562
4940648.449966148,-2.5,3.8167931550545524,0.06579225819322046,0.463543268210064,323.9222834478896,323.7455550004112,323.82690252221585,6.802765635454562
4940656.899932294,-2.5,3.817987344592957,0.06578037598706733,0.4648646634594661,323.9222834478896,323.7455550004112,323.82690252221585,6.802765635454562
4940673.799864588,-2.5,3.820359924165713,0.06575751919998397,0.4675074539582703,323.9222834478896,323.7455550004112,323.82690252221585,6.802765635454562
4940707.599729177,-2.5,3.8250399103859425,0.06571542209010443,0.47279303495587877,323.9222834478896,323.7455550004112,323.82690252221585,6.802765635454562
4940741.399593765,-2.5,3.8296301045900747,0.06567812234988146,0.4780786159534873,323.9222834478896,323.7455550004112,323.82690252221585,6.802765635454562
4940775.199458353,-2.5,3.834128579944044,0.06564559350534016,0.4833641969510958,323.9222834478896,323.7455550004112,323.82690252221585,6.802765635454562
4940808.9993229415,-2.5,3.8385350679873125,0.0656178125345944,0.48864977794870423,323.9222834478896,323.7455550004112,323.82690252221585,6.802765635454562
4940876.599052118,-2.5,3.847078526111132,0.0655764191400296,0.4992209399439212,323.9222834478896,323.7455550004112,323.82690252221585,6.802765635454562
4940944.198781295,-2.5,3.855286979725187,0.0655538251622563,0.509792101939138,323.9222834478896,323.7455550004112,323.82690252221585,6.802765635454562
4941000.0,-2.5,3.8618416834760576,0.0655492912850577,0.5185182274672199,323.9222834478896,323.7455550004112,323.82690252221585,6.802765635454562
4941000.0021469295,-2.5,3.8618419322570907,0.06554929135598993,0.518518563201432,323.9222834478896,323.7455550004112,323.82690252221585,6.802765635454562
4941000.004293859,-2.5,3.8618421810378765,0.06554929142694099,0.518518898935644,323.9222834478896,323.7455550004112,323.82690252221585,6.802765635454562
4941000.008587719,-2.5,3.8618426785987228,0.06554929156889978,0.5185195704040678,323.9222834478896,323.7455550004112,323.82690252221585,6.802765635454562
4941000.017175438,-2.5,3.861843673717456,0.06554929185304391,0.5185209133409157,323.9222834478896,323.7455550004112,323.82690252221585,6.802765635454562
4941000.034350876,-2.5,3.8618456639431464,0.06554929242223835,0.5185235992146116,323.9222834478896,323.7455550004112,323.82690252221585,6.802765635454562
4941000.068701751,-2.5,3.861849644347387,0.06554929356425192,0.518528970962003,323.9222834478896,323.7455550004112,323.82690252221585,6.802765635454562
4941000.137403502,-2.5,3.861857604967347,0.06554929586277784,0.5185397144567861,323.9222834478896,323.7455550004112,323.82690252221585,6.802765635454562
4941000.274807003,-2.5,3.861873525453352,0.06554930051782484,0.5185612014463524,323.9222834478896,323.7455550004112,323.82690252221585,6.802765635454562
4941000.549614007,-2.5,3.8619053634116107,0.06554931005989953,0.5186041754254849,323.9222834478896,323.7455550004112,323.82690252221585,6.802765635454562
4941001.099228014,-2.5,3.8619690272880076,0.06554933007197278,0.5186901233837498,323.9222834478896,323.7455550004112,323.82690252221585,6.802765635454562
4941002.198456028,-2.5,3.8620963070000642,0.06554937380782379,0.5188620193002796,323.9222834478896,323.7455550004112,323.82690252221585,6.802765635454562
4941004.396912055,-2.5,3.8623506752216406,0.06554947612642817,0.5192058111333393,323.9222834478896,323.7455550004112,323.82690252221585,6.802765635454562
4941008.793824111,-2.5,3.862858654580937,0.06554974015210865,0.5198933947994588,323.9222834478896,323.7455550004112,323.82690252221585,6.802765635454562
4941017.587648221,-2.5,3.8638716474544723,0.0655505057672801,0.5212685621316978,323.9222834478896,323.7455550004112,323.82690252221585,6.802765635454562
4941035.175296443,-2.5,3.86588628051219,0.06555298738059714,0.5240188967961757,323.9222834478896,323.7455550004112,323.82690252221585,6.802765635454562
4941070.350592886,-2.5,3.869874391591798,0.0655617539340498,0.5295195661251315,323.9222834478896,323.7455550004112,323.82690252221585,6.802765635454562
4941105.525889329,-2.5,3.8738161796084,0.0655755971604217,0.5350202354540874,323.9222834478896,323.7455550004112,323.82690252221585,6.802765635454562
4941140.701185771,-2.5,3.8777226849304074,0.06559452703955485,0.540520904783043,323.9222834478896,323.7455550004112,323.82690252221585,6.802765635454562
4941175.876482215,-2.5,3.881605909358058,0.06561855733475959,0.5460215741119989,323.9222834478896,323.7455550004112,323.82690252221585,6.802765635454562
4941246.227075101,-2.5,3.8893563926109955,0.06568199327650784,0.5570229127699106,323.9222834478896,323.7455550004112,323.82690252221585,6.802765635454562
4941316.577667986,-2.5,3.897191641435386,0.06576609190026476,0.5680242514278222,323.9222834478896,323.7455550004112,323.82690252221585,6.802765635454562
4941360.0,-2.5,3.9021378640007427,0.0658284187724799,0.5748145819737764,323.9222834478896,323.7455550004112,323.82690252221585,6.802765635454562
4941360.002157364,-2.5,3.9021381127874717,0.06582842206811527,0.574814919339759,323.9222834478896,323.7455550004112,323.82690252221585,6.802765635454562
4941360.004314729,-2.5,3.9021383615745413,0.0658284253637705,0.5748152567057417,323.9222834478896,323.7455550004112,323.82690252221585,6.802765635454562
4941360.008629458,-2.5,3.902138859149709,0.06582843195514047,0.574815931437707,323.9222834478896,323.7455550004112,323.82690252221585,6.802765635454562
4941360.017258916,-2.5,3.902139854304167,0.0658284451381184,0.5748172809016375,323.9222834478896,323.7455550004112,323.82690252221585,6.802765635454562
4941360.034517831,-2.5,3.9021418446295506,0.06582847150502649,0.5748199798294986,323.9222834478896,323.7455550004112,323.82690252221585,6.802765635454562
4941360.069035662,-2.5,3.9021458253462,0.06582852424265123,0.5748253776852208,323.9222834478896,323.7455550004112,323.82690252221585,6.802765635454562
4941360.138071325,-2.5,3.902153787043134,0.06582862973313543,0.5748361733966652,323.9222834478896,323.7455550004112,323.82690252221585,6.802765635454562
4941360.276142649,-2.5,3.9021697114922596,0.06582884077504339,0.5748577648195539,323.9222834478896,323.7455550004112,323.82690252221585,6.802765635454562
4941360.552285299,-2.5,3.902201564617365,0.06582926310262639,0.5749009476653312,323.9222834478896,323.7455550004112,323.82690252221585,6.802765635454562
4941361.104570597,-2.5,3.902265287821968,0.06583010873292898,0.5749873133568859,323.9222834478896,323.7455550004112,323.82690252221585,6.802765635454562
4941362.209141195,-2.5,3.902392802424986,0.06583180389462819,0.5751600447399955,323.9222834478896,323.7455550004112,323.82690252221585,6.802765635454562
4941364.418282389,-2.5,3.9026481074302817,0.06583520982679818,0.5755055075062145,323.9222834478896,323.7455550004112,323.82690252221585,6.802765635454562
4941368.836564777,-2.5,3.903159845053045,0.06584208416159969,0.5761964330386525,323.9222834478896,323.7455550004112,323.82690252221585,6.802765635454562
4941377.673129556,-2.5,3.904188029684578,0.06585608299946077,0.5775782841035286,323.9222834478896,323.7455550004112,323.82690252221585,6.802765635454562
4941395.346259112,-2.5,3.9062648873991317,0.06588508369427562,0.5803419862332807,323.9222834478896,323.7455550004112,323.82690252221585,6.802765635454562
4941430.692518223,-2.5,3.9105147572276846,0.06594711681243211,0.585869390492785,323.9222834478896,323.7455550004112,323.82690252221585,6.802765635454562
4941501.385036446,-2.5,3.9195292584137844,0.06608748157458573,0.5969241990117935,323.9222834478896,323.7455550004112,323.82690252221585,6.802765635454562
4941572.077554669,-2.5,3.9295185391172875,0.06624994585463627,0.607979007530802,323.9222834478896,323.7455550004112,323.82690252221585,6.802765635454562
4941642.770072892,-2.5,3.9408413482759332,0.06643501737072313,0.6190338160498106,323.9222834478896,323.7455550004112,323.82690252221585,6.802765635454562
4941713.462591115,-2.5,3.953711979883568,0.06664328337685071,0.6300886245688191,323.9222834478896,323.7455550004112,323.82690252221585,6.802765635454562
4941720.0,-2.5,3.9549781830840804,0.06666373774861971,0.6311109364803321,323.9222834478896,323.7455550004112,323.82690252221585,6.802765635454562
4941720.002051016,-2.5,3.954978582190717,0.06666374419795508,0.6311112572157469,323.9222834478896,323.7455550004112,323.82690252221585,6.802765635454562
4941720.004102033,-2.5,3.954978981298502,0.06666375064731064,0.6311115779511618,323.9222834478896,323.7455550004112,323.82690252221585,6.802765635454562
4941720.008204066,-2.5,3.9549797795175183,0.06666376354608212,0.6311122194219914,323.9222834478896,323.7455550004112,323.82690252221585,6.802765635454562
4941720.016408131,-2.5,3.954981375969359,0.06666378934386676,0.6311135023636505,323.9222834478896,323.7455550004112,323.82690252221585,6.802765635454562
4941720.032816263,-2.5,3.9549845689282823,0.06666384094040274,0.6311160682469689,323.9222834478896,323.7455550004112,323.82690252221585,6.802765635454562
4941720.065632527,-2.5,3.9549909550670006,0.06666394413734174,0.6311212000136056,323.9222834478896,323.7455550004112,323.82690252221585,6.802765635454562
4941720.131265053,-2.5,3.9550037282277835,0.0666641505466876,0.631131463546879,323.9222834478896,323.7455550004112,323.82690252221585,6.802765635454562
4941720.262530106,-2.5,3.9550292780813043,0.06666456342725326,0.6311519906134259,323.9222834478896,323.7455550004112,323.82690252221585,6.802765635454562
4941720.525060212,-2.5,3.955080391904783,0.06666538943589637,0.6311930447465196,323.9222834478896,323.7455550004112,323.82690252221585,6.802765635454562
4941721.050120424,-2.5,3.955182675925764,0.06666704244335982,0.6312751530127072,323.9222834478896,323.7455550004112,323.82690252221585,6.802765635454562
4941722.100240848,-2.5,3.9553874687245196,0.06667035242003685,0.6314393695450822,323.9222834478896,323.7455550004112,323.82690252221585,6.802765635454562
4941724.200481695,-2.5,3.9557979473419165,0.066676988228736,0.6317678026098321,323.9222834478896,323.7455550004112,323.82690252221585,6.802765635454562
4941728.40096339,-2.5,3.9566224271191235,0.06669032333450602,0.6324246687393322,323.9222834478896,323.7455550004112,323.82690252221585,6.802765635454562
4941736.801926781,-2.5,3.958285057163391,0.06671724803925028,0.6337384009983323,323.9222834478896,323.7455550004112,323.82690252221585,6.802765635454562
4941753.603853563,-2.5,3.9616612794004693,0.06677211980028659,0.6363658655163326,323.9222834478896,323.7455550004112,323.82690252221585,6.802765635454562
4941787.207707126,-2.5,3.968582575655639,0.06688598874854947,0.6416207945523329,323.9222834478896,323.7455550004112,323.82690252221585,6.802765635454562
4941854.415414251,-2.5,3.9827647914573623,0.0671305328312687,0.6521306526243338,323.9222834478896,323.7455550004112,323.82690252221585,6.802765635454562
4941921.623121377,-2.5,3.9967523725406475,0.06739811279709723,0.6626405106963347,323.9222834478896,323.7455550004112,323.82690252221585,6.802765635454562
4942056.0385356285,-2.5,4.022399833168097,0.06800579952556797,0.6836602268403362,323.9222834478896,323.7455550004112,323.82690252221585,6.802765635454562
4942080.0,-2.5,4.0266279255690325,0.06812473611156929,0.6874072909868875,323.9222834478896,323.7455550004112,323.82690252221585,6.802765635454562
4942080.00174478,-2.5,4.02662823023266,0.06812474489275375,0.6874075638333427,323.9222834478896,323.7455550004112,323.82690252221585,6.802765635454562
4942080.003489559,-2.5,4.026628534895829,0.06812475367395583,0.6874078366797979,323.9222834478896,323.7455550004112,323.82690252221585,6.802765635454562
4942080.006979118,-2.5,4.026629144220821,0.06812477123641301,0.6874083823727083,323.9222834478896,323.7455550004112,323.82690252221585,6.802765635454562
4942080.013958236,-2.5,4.026630362865409,0.06812480636153936,0.6874094737585291,323.9222834478896,323.7455550004112,323.82690252221585,6.802765635454562
4942080.0279164715,-2.5,4.026632800132959,0.06812487661264002,0.6874116565301708,323.9222834478896,323.7455550004112,323.82690252221585,6.802765635454562
4942080.055832943,-2.5,4.026637674581636,0.06812501711823304,0.6874160220734541,323.9222834478896,323.7455550004112,323.82690252221585,6.802765635454562
4942080.111665887,-2.5,4.026647423133309,0.06812529814298623,0.6874247531600207,323.9222834478896,323.7455550004112,323.82690252221585,6.802765635454562
4942080.223331773,-2.5,4.0266669188543105,0.06812586024676358,0.687442215333154,323.9222834478896,323.7455550004112,323.82690252221585,6.802765635454562
4942080.446663545,-2.5,4.026705904770415,0.06812698467142025,0.6874771396794206,323.9222834478896,323.7455550004112,323.82690252221585,6.802765635454562
4942080.893327091,-2.5,4.02678385452634,0.0681292343892865,0.6875469883719536,323.9222834478896,323.7455550004112,323.82690252221585,6.802765635454562
4942081.786654183,-2.5,4.026939665951581,0.06813373730039135,0.6876866857570196,323.9222834478896,323.7455550004112,323.82690252221585,6.802765635454562
4942083.573308365,-2.5,4.027250938202862,0.06814275703338861,0.6879660805271519,323.9222834478896,323.7455550004112,323.82690252221585,6.802765635454562
4942087.146616731,-2.5,4.0278720942627375,0.06816085221711575,0.6885248700674163,323.9222834478896,323.7455550004112,323.82690252221585,6.802765635454562
4942094.293233462,-2.5,4.029108963728265,0.06819726605531208,0.689642449147945,323.9222834478896,323.7455550004112,323.82690252221585,6.802765635454562
4942108.586466922,-2.5,4.031561808529113,0.06827099246402708,0.6918776073090026,323.9222834478896,323.7455550004112,323.82690252221585,6.802765635454562
4942137.172933845,-2.5,4.036390617905723,0.06842207983302467,0.6963479236311177,323.9222834478896,323.7455550004112,323.82690252221585,6.802765635454562
4942194.345867691,-2.5,4.04578650085472,0.06873912344892594,0.7052885562753479,323.9222834478896,323.7455550004112,323.82690252221585,6.802765635454562
4942308.69173538,-2.5,4.063732490132225,0.06943556646035236,0.7231698215638084,323.9222834478896,323.7455550004112,323.82690252221585,6.802765635454562
4942423.037603071,-2.5,4.080470892818365,0.07022136714345235,0.7410510868522688,323.9222834478896,323.7455550004112,323.82690252221585,6.802765635454562
4942440.0,-2.5,4.082818387082907,0.07034605857346099,0.7437036454934444,323.9222834478896,323.7455550004112,323.82690252221585,6.802765635454562
4942440.001097803,-2.5,4.082818537663404,0.07034606671390549,0.743703817166459,323.9222834478896,323.7455550004112,323.82690252221585,6.802765635454562
4942440.002195605,-2.5,4.082818688243719,0.07034607485435918,0.7437039888394735,323.9222834478896,323.7455550004112,323.82690252221585,6.802765635454562
4942440.00439121,-2.5,4.082818989403813,0.070346091135294,0.7437043321855027,323.9222834478896,323.7455550004112,323.82690252221585,6.802765635454562
4942440.008782421,-2.5,4.082819591721858,0.07034612369727362,0.743705018877561,323.9222834478896,323.7455550004112,323.82690252221585,6.802765635454562
4942440.017564842,-2.5,4.082820796349371,0.07034618882167264,0.7437063922616778,323.9222834478896,323.7455550004112,323.82690252221585,6.802765635454562
4942440.035129684,-2.5,4.082823205570115,0.07034631907222973,0.7437091390299113,323.9222834478896,323.7455550004112,323.82690252221585,6.802765635454562
4942440.070259367,-2.5,4.0828280238744314,0.07034657958038051,0.7437146325663784,323.9222834478896,323.7455550004112,323.82690252221585,6.802765635454562
4942440.140518735,-2.5,4.082837659934307,0.07034710062482938,0.7437256196393124,323.9222834478896,323.7455550004112,323.82690252221585,6.802765635454562
4942440.281037469,-2.5,4.082856929858239,0.07034814282632408,0.7437475937851805,323.9222834478896,323.7455550004112,323.82690252221585,6.802765635454562
4942440.56207494,-2.5,4.0828954609172,0.07035022767976534,0.7437915420769167,323.9222834478896,323.7455550004112,323.82690252221585,6.802765635454562
4942441.1241498785,-2.5,4.082972487833341,0.07035439918896558,0.743879438660389,323.9222834478896,323.7455550004112,323.82690252221585,6.802765635454562
4942442.248299758,-2.5,4.0831264004897525,0.07036274942072214,0.7440552318273336,323.9222834478896,323.7455550004112,323.82690252221585,6.802765635454562
4942444.496599516,-2.5,4.083433658142907,0.07037947877039677,0.7444068181612229,323.9222834478896,323.7455550004112,323.82690252221585,6.802765635454562
4942448.993199031,-2.5,4.0840458790761565,0.07041305327718653,0.7451099908290015,323.9222834478896,323.7455550004112,323.82690252221585,6.802765635454562
4942457.986398062,-2.5,4.085260952315836,0.07048066763727513,0.7465163361645588,323.9222834478896,323.7455550004112,323.82690252221585,6.802765635454562
4942475.972796124,-2.5,4.0876520786724955,0.07061777491076855,0.7493290268356733,323.9222834478896,323.7455550004112,323.82690252221585,6.802765635454562
4942511.945592249,-2.5,4.092265739791032,0.07089964484019526,0.7549544081779023,323.9222834478896,323.7455550004112,323.82690252221585,6.802765635454562
4942583.891184497,-2.5,4.100720262616505,0.07149520020398897,0.7662051708623603,323.9222834478896,323.7455550004112,323.82690252221585,6.802765635454562
4942727.782368994,-2.5,4.1139163908306084,0.07282427860701812,0.7887066962312762,323.9222834478896,323.7455550004112,323.82690252221585,6.802765635454562
4942800.0,-2.5,4.118553922054866,0.07356773124749628,0.7999999999999995,323.9222834478896,323.7455550004112,323.82690252221585,6.802765635454562
4946400.0,0.0,4.08912682957141,0.0,0.7999999999999995,323.95000063766713,323.95000000040386,323.95000000832545,6.966030923649669e-07
4946400.001459217,0.0,4.0891261155399725,0.0,0.7999999999999995,323.95000063766713,323.95000000040386,323.95000000832545,6.966030923649669e-07
4946400.002918433,0.0,4.089125401554053,0.0,0.7999999999999995,323.95000063766713,323.95000000040386,323.95000000832545,6.966030923649669e-07
4946400.005836866,0.0,4.089123973667964,0.0,0.7999999999999995,323.95000063766713,323.95000000040386,323.95000000832545,6.966030923649669e-07
4946400.011673732,0.0,4.089121118460415,0.0,0.7999999999999995,323.95000063766713,323.95000000040386,323.95000000832545,6.966030923649669e-07
4946400.023347464,0.0,4.08911541009274,0.0,0.7999999999999995,323.95000063766713,323.95000000040386,323.95000000832545,6.966030923649669e-07
4946400.046694929,0.0,4.089104002059228,0.0,0.7999999999999995,323.95000063766713,323.95000000040386,323.95000000832545,6.966030923649669e-07
4946400.093389858,0.0,4.089081220621525,0.0,0.7999999999999995,323.95000063766713,323.95000000040386,323.95000000832545,6.966030923649669e-07
4946400.186779715,0.0,4.089035795858091,0.0,0.7999999999999995,323.95000063766713,323.95000000040386,323.95000000832545,6.966030923649669e-07
4946400.373559429,0.0,4.088945492161311,0.0,0.7999999999999995,323.95000063766713,323.95000000040386,323.95000000832545,6.966030923649669e-07
4946400.560339144,0.0,4.088855915202738,0.0,0.7999999999999995,323.95000063766713,323.95000000040386,323.95000000832545,6.966030923649669e-07
4946400.74711886,0.0,4.088767058651952,0.0,0.7999999999999995,323.95000063766713,323.95000000040386,323.95000000832545,6.966030923649669e-07
4946400.933898575,0.0,4.08867891500765,0.0,0.7999999999999995,323.95000063766713,323.95000000040386,323.95000000832545,6.966030923649669e-07
4946401.307458004,0.0,4.088504747311202,0.0,0.7999999999999995,323.95000063766713,323.95000000040386,323.95000000832545,6.966030923649669e-07
4946401.681017433,0.0,4.088333349557599,0.0,0.7999999999999995,323.95000063766713,323.95000000040386,323.95000000832545,6.966030923649669e-07
4946402.054576864,0.0,4.088164645535548,0.0,0.7999999999999995,323.95000063766713,323.95000000040386,323.95000000832545,6.966030923649669e-07
4946402.428136293,0.0,4.087998565876386,0.0,0.7999999999999995,323.95000063766713,323.95000000040386,323.95000000832545,6.966030923649669e-07
4946402.801695723,0.0,4.087835051921436,0.0,0.7999999999999995,323.95000063766713,323.95000000040386,323.95000000832545,6.966030923649669e-07
4946403.175255152,0.0,4.087674052057285,0.0,0.7999999999999995,323.95000063766713,323.95000000040386,323.95000000832545,6.966030923649669e-07
4946403.548814583,0.0,4.0875155107243355,0.0,0.7999999999999995,323.95000063766713,323.95000000040386,323.95000000832545,6.966030923649669e-07
4946403.922374012,0.0,4.087359364118367,0.0,0.7999999999999995,323.95000063766713,323.95000000040386,323.95000000832545,6.966030923649669e-07
4946404.6694928715,0.0,4.087054018845913,0.0,0.7999999999999995,323.95000063766713,323.95000000040386,323.95000000832545,6.966030923649669e-07
4946405.341899845,0.0,4.086786812778581,0.0,0.7999999999999995,323.95000063766713,323.95000000040386,323.95000000832545,6.966030923649669e-07
4946406.014306818,0.0,4.086526465563251,0.0,0.7999999999999995,323.95000063766713,323.95000000040386,323.95000000832545,6.966030923649669e-07
4946406.686713791,0.0,4.086272657682882,0.0,0.7999999999999995,323.95000063766713,323.95000000040386,323.95000000832545,6.966030923649669e-07
4946407.359120765,0.0,4.086025083162664,0.0,0.7999999999999995,323.95000063766713,323.95000000040386,323.95000000832545,6.966030923649669e-07
4946408.031527739,0.0,4.085783448680159,0.0,0.7999999999999995,323.95000063766713,323.95000000040386,323.95000000832545,6.966030923649669e-07
4946409.376341686,0.0,4.085316861303887,0.0,0.7999999999999995,323.95000063766713,323.95000000040386,323.95000000832545,6.966030923649669e-07
4946410.721155632,0.0,4.08487080957918,0.0,0.7999999999999995,323.95000063766713,323.95000000040386,323.95000000832545,6.966030923649669e-07
4946412.426792682,0.0,4.084331944266183,0.0,0.7999999999999995,323.95000063766713,323.95000000040386,323.95000000832545,6.966030923649669e-07
4946414.132429732,0.0,4.083819907088007,0.0,0.7999999999999995,323.95000063766713,323.95000000040386,323.95000000832545,6.966030923649669e-07
4946415.838066782,0.0,4.083331562446501,0.0,0.7999999999999995,323.95000063766713,323.95000000040386,323.95000000832545,6.966030923649669e-07
4946417.543703832,0.0,4.082864257510439,0.0,0.7999999999999995,323.95000063766713,323.95000000040386,323.95000000832545,6.966030923649669e-07
4946419.249340882,0.0,4.082415766221007,0.0,0.7999999999999995,323.95000063766713,323.95000000040386,323.95000000832545,6.966030923649669e-07
4946420.954977931,0.0,4.081984073459782,0.0,0.7999999999999995,323.95000063766713,323.95000000040386,323.95000000832545,6.966030923649669e-07
4946422.660614981,0.0,4.081567686456056,0.0,0.7999999999999995,323.95000063766713,323.95000000040386,323.95000000832545,6.966030923649669e-07
4946424.366252031,0.0,4.081165272341196,0.0,0.7999999999999995,323.95000063766713,323.95000000040386,323.95000000832545,6.966030923649669e-07
4946426.071889081,0.0,4.080775763926021,0.0,0.7999999999999995,323.95000063766713,323.95000000040386,323.95000000832545,6.966030923649669e-07
4946429.483163181,0.0,4.080031109100868,0.0,0.7999999999999995,323.95000063766713,323.95000000040386,323.95000000832545,6.966030923649669e-07
4946432.55330987,0.0,4.0793956123600825,0.0,0.7999999999999995,323.95000063766713,323.95000000040386,323.95000000832545,6.966030923649669e-07
4946435.62345656,0.0,4.078788916029611,0.0,0.7999999999999995,323.95000063766713,323.95000000040386,323.95000000832545,6.966030923649669e-07
4946438.693603249,0.0,4.078207656763131,0.0,0.7999999999999995,323.95000063766713,323.95000000040386,323.95000000832545,6.966030923649669e-07
4946441.763749939,0.0,4.07764903769662,0.0,0.7999999999999995,323.95000063766713,323.95000000040386,323.95000000832545,6.966030923649669e-07
4946444.833896629,0.0,4.077110840165939,0.0,0.7999999999999995,323.95000063766713,323.95000000040386,323.95000000832545,6.966030923649669e-07
4946450.974190008,0.0,4.0760883097071945,0.0,0.7999999999999995,323.95000063766713,323.95000000040386,323.95000000832545,6.966030923649669e-07
4946456.461173688,0.0,4.075228246657295,0.0,0.7999999999999995,323.95000063766713,323.95000000040386,323.95000000832545,6.966030923649669e-07
4946461.948157368,0.0,4.074412406506705,0.0,0.7999999999999995,323.95000063766713,323.95000000040386,323.95000000832545,6.966030923649669e-07
4946467.435141048,0.0,4.0736357127545295,0.0,0.7999999999999995,323.95000063766713,323.95000000040386,323.95000000832545,6.966030923649669e-07
4946472.922124729,0.0,4.072893927479251,0.0,0.7999999999999995,323.95000063766713,323.95000000040386,323.95000000832545,6.966030923649669e-07
4946478.409108408,0.0,4.072183607037322,0.0,0.7999999999999995,323.95000063766713,323.95000000040386,323.95000000832545,6.966030923649669e-07
4946483.896092088,0.0,4.0715019386207985,0.0,0.7999999999999995,323.95000063766713,323.95000000040386,323.95000000832545,6.966030923649669e-07
4946489.383075768,0.0,4.070846597872652,0.0,0.7999999999999995,323.95000063766713,323.95000000040386,323.95000000832545,6.966030923649669e-07
4946494.870059448,0.0,4.070215537443117,0.0,0.7999999999999995,323.95000063766713,323.95000000040386,323.95000000832545,6.966030923649669e-07
4946505.844026808,0.0,4.0690194880322395,0.0,0.7999999999999995,323.95000063766713,323.95000000040386,323.95000000832545,6.966030923649669e-07
4946516.817994168,0.0,4.067901398509142,0.0,0.7999999999999995,323.95000063766713,323.95000000040386,323.95000000832545,6.966030923649669e-07
4946526.694564792,0.0,4.066954158659628,0.0,0.7999999999999995,323.95000063766713,323.95000000040386,323.95000000832545,6.966030923649669e-07
4946536.571135416,0.0,4.066057405287867,0.0,0.7999999999999995,323.95000063766713,323.95000000040386,323.95000000832545,6.966030923649669e-07
4946546.44770604,0.0,4.065206613591136,0.0,0.7999999999999995,323.95000063766713,323.95000000040386,323.95000000832545,6.966030923649669e-07
4946556.324276664,0.0,4.064397767821183,0.0,0.7999999999999995,323.95000063766713,323.95000000040386,323.95000000832545,6.966030923649669e-07
4946566.200847288,0.0,4.063627374888683,0.0,0.7999999999999995,323.95000063766713,323.95000000040386,323.95000000832545,6.966030923649669e-07
4946576.077417912,0.0,4.062892441535211,0.0,0.7999999999999995,323.95000063766713,323.95000000040386,323.95000000832545,6.966030923649669e-07
4946595.83055916,0.0,4.061518924005226,0.0,0.7999999999999995,323.95000063766713,323.95000000040386,323.95000000832545,6.966030923649669e-07
4946613.608386283,0.0,4.060381112811041,0.0,0.7999999999999995,323.95000063766713,323.95000000040386,323.95000000832545,6.966030923649669e-07
4946631.386213406,0.0,4.059325564700148,0.0,0.7999999999999995,323.95000063766713,323.95000000040386,323.95000000832545,6.966030923649669e-07
4946649.164040529,0.0,4.058343492273158,0.0,0.7999999999999995,323.95000063766713,323.95000000040386,323.95000000832545,6.966030923649669e-07
4946666.941867652,0.0,4.0574279709586305,0.0,0.7999999999999995,323.95000063766713,323.95000000040386,323.95000000832545,6.966030923649669e-07
4946684.7196947755,0.0,4.05657323130422,0.0,0.7999999999999995,323.95000063766713,323.95000000040386,323.95000000832545,6.966030923649669e-07
4946702.497521899,0.0,4.055773630767486,0.0,0.7999999999999995,323.95000063766713,323.95000000040386,323.95000000832545,6.966030923649669e-07
4946720.275349022,0.0,4.055023884902018,0.0,0.7999999999999995,323.95000063766713,323.95000000040386,323.95000000832545,6.966030923649669e-07
4946738.053176145,0.0,4.054320089350998,0.0,0.7999999999999995,323.95000063766713,323.95000000040386,323.95000000832545,6.966030923649669e-07
4946755.831003268,0.0,4.0536594182178,0.0,0.7999999999999995,323.95000063766713,323.95000000040386,323.95000000832545,6.966030923649669e-07
4946760.0,0.0,4.0535103839416955,0.0,0.7999999999999995,323.95000063766713,323.95000000040386,323.95000000832545,6.966030923649669e-07
4946760.00641108,0.0,4.053510156270699,0.0,0.7999999999999995,323.95000063766713,323.95000000040386,323.95000000832545,6.966030923649669e-07
4946760.0128221605,0.0,4.053509928604715,0.0,0.7999999999999995,323.95000063766713,323.95000000040386,323.95000000832545,6.966030923649669e-07
4946760.025644321,0.0,4.053509473284713,0.0,0.7999999999999995,323.95000063766713,323.95000000040386,323.95000000832545,6.966030923649669e-07
4946760.051288642,0.0,4.053508562705947,0.0,0.7999999999999995,323.95000063766713,323.95000000040386,323.95000000832545,6.966030923649669e-07
4946760.102577283,0.0,4.053506741780769,0.0,0.7999999999999995,323.95000063766713,323.95000000040386,323.95000000832545,6.966030923649669e-07
4946760.205154566,0.0,4.0535031008912545,0.0,0.7999999999999995,323.95000063766713,323.95000000040386,323.95000000832545,6.966030923649669e-07
4946760.410309133,0.0,4.053495822949096,0.0,0.7999999999999995,323.95000063766713,323.95000000040386,323.95000000832545,6.966030923649669e-07
4946760.820618266,0.0,4.0534812824203446,0.0,0.7999999999999995,323.95000063766713,323.95000000040386,323.95000000832545,6.966030923649669e-07
4946761.6412365325,0.0,4.053452262634798,0.0,0.7999999999999995,323.95000063766713,323.95000000040386,323.95000000832545,6.966030923649669e-07
4946763.282473065,0.0,4.053394466962231,0.0,0.7999999999999995,323.95000063766713,323.95000000040386,323.95000000832545,6.966030923649669e-07
4946766.56494613,0.0,4.053279841629512,0.0,0.7999999999999995,323.95000063766713,323.95000000040386,323.95000000832545,6.966030923649669e-07
4946773.129892259,0.0,4.0530543802539984,0.0,0.7999999999999995,323.95000063766713,323.95000000040386,323.95000000832545,6.966030923649669e-07
4946786.259784519,0.0,4.052618046064989,0.0,0.7999999999999995,323.95000063766713,323.95000000040386,323.95000000832545,6.966030923649669e-07
4946799.389676778,0.0,4.052200509692557,0.0,0.7999999999999995,323.95000063766713,323.95000000040386,323.95000000832545,6.966030923649669e-07
4946812.5195690375,0.0,4.05180085853474,0.0,0.7999999999999995,323.95000063766713,323.95000000040386,323.95000000832545,6.966030923649669e-07
4946825.649461296,0.0,4.051418196935484,0.0,0.7999999999999995,323.95000063766713,323.95000000040386,323.95000000832545,6.966030923649669e-07
4946851.909245815,0.0,4.050700877142532,0.0,0.7999999999999995,323.95000063766713,323.95000000040386,323.95000000832545,6.966030923649669e-07
4946875.543051882,0.0,4.050105568299158,0.0,0.7999999999999995,323.95000063766713,323.95000000040386,323.95000000832545,6.966030923649669e-07
4946899.176857949,0.0,4.049553401856627,0.0,0.7999999999999995,323.95000063766713,323.95000000040386,323.95000000832545,6.966030923649669e-07
4946922.810664016,0.0,4.049040755661144,0.0,0.7999999999999995,323.95000063766713,323.95000000040386,323.95000000832545,6.966030923649669e-07
4946946.444470082,0.0,4.048564568275036,0.0,0.7999999999999995,323.95000063766713,323.95000000040386,323.95000000832545,6.966030923649669e-07
4946970.078276149,0.0,4.048122082161503,0.0,0.7999999999999995,323.95000063766713,323.95000000040386,323.95000000832545,6.966030923649669e-07
4946993.712082216,0.0,4.04771073713661,0.0,0.7999999999999995,323.95000063766713,323.95000000040386,323.95000000832545,6.966030923649669e-07
4947017.345888283,0.0,4.047328138857972,0.0,0.7999999999999995,323.95000063766713,323.95000000040386,323.95000000832545,6.966030923649669e-07
4947064.613500416,0.0,4.046640672316148,0.0,0.7999999999999995,323.95000063766713,323.95000000040386,323.95000000832545,6.966030923649669e-07
4947111.881112549,0.0,4.046044480677509,0.0,0.7999999999999995,323.95000063766713,323.95000000040386,323.95000000832545,6.966030923649669e-07
4947120.0,0.0,4.045950328214595,0.0,0.7999999999999995,323.95000063766713,323.95000000040386,323.95000000832545,6.966030923649669e-07
4947120.015961264,0.0,4.045950145377925,0.0,0.7999999999999995,323.95000063766713,323.95000000040386,323.95000000832545,6.966030923649669e-07
4947120.0319225285,0.0,4.045949962549994,0.0,0.7999999999999995,323.95000063766713,323.95000000040386,323.95000000832545,6.966030923649669e-07
4947120.063845057,0.0,4.045949596915248,0.0,0.7999999999999995,323.95000063766713,323.95000000040386,323.95000000832545,6.966030923649669e-07
4947120.127690115,0.0,4.045948865752425,0.0,0.7999999999999995,323.95000063766713,323.95000000040386,323.95000000832545,6.966030923649669e-07
4947120.25538023,0.0,4.0459474038324466,0.0,0.7999999999999995,323.95000063766713,323.95000000040386,323.95000000832545,6.966030923649669e-07
4947120.51076046,0.0,4.045944481666745,0.0,0.7999999999999995,323.95000063766713,323.95000000040386,323.95000000832545,6.966030923649669e-07
4947121.02152092,0.0,4.045938644018016,0.0,0.7999999999999995,323.95000063766713,323.95000000040386,323.95000000832545,6.966030923649669e-07
4947122.043041839,0.0,4.04592699543685,0.0,0.7999999999999995,323.95000063766713,323.95000000040386,323.95000000832545,6.966030923649669e-07
4947124.0860836785,0.0,4.045903804670151,0.0,0.7999999999999995,323.95000063766713,323.95000000040386,323.95000000832545,6.966030923649669e-07
4947128.172167357,0.0,4.045857845008666,0.0,0.7999999999999995,323.95000063766713,323.95000000040386,323.95000000832545,6.966030923649669e-07
4947136.344334715,0.0,4.045767583750521,0.0,0.7999999999999995,323.95000063766713,323.95000000040386,323.95000000832545,6.966030923649669e-07
4947152.688669429,0.0,4.04559346684792,0.0,0.7999999999999995,323.95000063766713,323.95000000040386,323.95000000832545,6.966030923649669e-07
4947169.033004144,0.0,4.0454276111869705,0.0,0.7999999999999995,323.95000063766713,323.95000000040386,323.95000000832545,6.966030923649669e-07
4947185.377338859,0.0,4.045269635468825,0.0,0.7999999999999995,323.95000063766713,323.95000000040386,323.95000000832545,6.966030923649669e-07
4947201.721673574,0.0,4.045119163036235,0.0,0.7999999999999995,323.95000063766713,323.95000000040386,323.95000000832545,6.966030923649669e-07
4947234.410343003,0.0,4.044839436549884,0.0,0.7999999999999995,323.95000063766713,323.95000000040386,323.95000000832545,6.966030923649669e-07
4947267.099012433,0.0,4.044585712615804,0.0,0.7999999999999995,323.95000063766713,323.95000000040386,323.95000000832545,6.966030923649669e-07
4947299.787681863,0.0,4.044355382985149,0.0,0.7999999999999995,323.95000063766713,323.95000000040386,323.95000000832545,6.966030923649669e-07
4947332.476351292,0.0,4.044146179824552,0.0,0.7999999999999995,323.95000063766713,323.95000000040386,323.95000000832545,6.966030923649669e-07
4947365.165020722,0.0,4.043956176224449,0.0,0.7999999999999995,323.95000063766713,323.95000000040386,323.95000000832545,6.966030923649669e-07
4947397.853690151,0.0,4.0437837022331955,0.0,0.7999999999999995,323.95000063766713,323.95000000040386,323.95000000832545,6.966030923649669e-07
4947430.542359581,0.0,4.043627183959274,0.0,0.7999999999999995,323.95000063766713,323.95000000040386,323.95000000832545,6.966030923649669e-07
4947463.23102901,0.0,4.043485086371534,0.0,0.7999999999999995,323.95000063766713,323.95000000040386,323.95000000832545,6.966030923649669e-07
4947480.0,0.0,4.043417317266609,0.0,0.7999999999999995,323.95000063766713,323.95000000040386,323.95000000832545,6.966030923649669e-07
4947480.044846088,0.0,4.0434171404732435,0.0,0.7999999999999995,323.95000063766713,323.95000000040386,323.95000000832545,6.966030923649669e-07
4947480.089692175,0.0,4.043416963703256,0.0,0.7999999999999995,323.95000063766713,323.95000000040386,323.95000000832545,6.966030923649669e-07
4947480.179384352,0.0,4.043416610219959,0.0,0.7999999999999995,323.95000063766713,323.95000000040386,323.95000000832545,6.966030923649669e-07
4947480.3587687025,0.0,4.043415903538607,0.0,0.7999999999999995,323.95000063766713,323.95000000040386,323.95000000832545,6.966030923649669e-07
4947480.717537405,0.0,4.043414491260858,0.0,0.7999999999999995,323.95000063766713,323.95000000040386,323.95000000832545,6.966030923649669e-07
4947481.435074811,0.0,4.043411671177369,0.0,0.7999999999999995,323.95000063766713,323.95000000040386,323.95000000832545,6.966030923649669e-07
4947482.870149622,0.0,4.043406048827446,0.0,0.7999999999999995,323.95000063766713,323.95000000040386,323.95000000832545,6.966030923649669e-07
4947485.7402992435,0.0,4.043394875095409,0.0,0.7999999999999995,323.95000063766713,323.95000000040386,323.95000000832545,6.966030923649669e-07
4947491.480598486,0.0,4.043372808193052,0.0,0.7999999999999995,323.95000063766713,323.95000000040386,323.95000000832545,6.966030923649669e-07
4947502.961196973,0.0,4.043329770791628,0.0,0.7999999999999995,323.95000063766713,323.95000000040386,323.95000000832545,6.966030923649669e-07
4947525.922393946,0.0,4.043247883313581,0.0,0.7999999999999995,323.95000063766713,323.95000000040386,323.95000000832545,6.966030923649669e-07
4947548.883590919,0.0,4.043171333035273,0.0,0.7999999999999995,323.95000063766713,323.95000000040386,323.95000000832545,6.966030923649669e-07
4947571.844787891,0.0,4.043099789845799,0.0,0.7999999999999995,323.95000063766713,323.95000000040386,323.95000000832545,6.966030923649669e-07
4947594.805984864,0.0,4.043032932151013,0.0,0.7999999999999995,323.95000063766713,323.95000000040386,323.95000000832545,6.966030923649669e-07
4947640.72837881,0.0,4.042912188971382,0.0,0.7999999999999995,323.95000063766713,323.95000000040386,323.95000000832545,6.966030923649669e-07
4947686.650772756,0.0,4.042806851980437,0.0,0.7999999999999995,323.95000063766713,323.95000000040386,323.95000000832545,6.966030923649669e-07
4947732.573166702,0.0,4.042714824814288,0.0,0.7999999999999995,323.95000063766713,323.95000000040386,323.95000000832545,6.966030923649669e-07
4947778.495560647,0.0,4.04263435547996,0.0,0.7999999999999995,323.95000063766713,323.95000000040386,323.95000000832545,6.966030923649669e-07
4947824.417954593,0.0,4.042564020045001,0.0,0.7999999999999995,323.95000063766713,323.95000000040386,323.95000000832545,6.966030923649669e-07
4947840.0,0.0,4.0425422600833745,0.0,0.7999999999999995,323.95000063766713,323.95000000040386,323.95000000832545,6.966030923649669e-07
4947840.128935068,0.0,4.0425420843524424,0.0,0.7999999999999995,323.95000063766713,323.95000000040386,323.95000000832545,6.966030923649669e-07
4947840.257870136,0.0,4.042541908688277,0.0,0.7999999999999995,323.95000063766713,323.95000000040386,323.95000000832545,6.966030923649669e-07
4947840.515740272,0.0,4.042541557521972,0.0,0.7999999999999995,323.95000063766713,323.95000000040386,323.95000000832545,6.966030923649669e-07
4947841.031480543,0.0,4.042540856003592,0.0,0.7999999999999995,323.95000063766713,323.95000000040386,323.95000000832545,6.966030923649669e-07
4947842.062961087,0.0,4.042539456058959,0.0,0.7999999999999995,323.95000063766713,323.95000000040386,323.95000000832545,6.966030923649669e-07
4947844.125922173,0.0,4.042536668880983,0.0,0.7999999999999995,323.95000063766713,323.95000000040386,323.95000000832545,6.966030923649669e-07
4947848.2518443465,0.0,4.042531144891457,0.0,0.7999999999999995,323.95000063766713,323.95000000040386,323.95000000832545,6.966030923649669e-07
4947856.503688693,0.0,4.042520295358184,0.0,0.7999999999999995,323.95000063766713,323.95000000040386,323.95000000832545,6.966030923649669e-07
4947873.007377385,0.0,4.042499364076416,0.0,0.7999999999999995,323.95000063766713,323.95000000040386,323.95000000832545,6.966030923649669e-07
4947906.014754771,0.0,4.042460377641984,0.0,0.7999999999999995,323.95000063766713,323.95000000040386,323.95000000832545,6.966030923649669e-07
4947939.022132156,0.0,4.042424987434497,0.0,0.7999999999999995,323.95000063766713,323.95000000040386,323.95000000832545,6.966030923649669e-07
4947972.029509542,0.0,4.042392879439641,0.0,0.7999999999999995,323.95000063766713,323.95000000040386,323.95000000832545,6.966030923649669e-07
4948005.036886928,0.0,4.042363755476083,0.0,0.7999999999999995,323.95000063766713,323.95000000040386,323.95000000832545,6.966030923649669e-07
4948071.051641698,0.0,4.042313492580815,0.0,0.7999999999999995,323.95000063766713,323.95000000040386,323.95000000832545,6.966030923649669e-07
4948130.464920992,0.0,4.042275988600354,0.0,0.7999999999999995,323.95000063766713,323.95000000040386,323.95000000832545,6.966030923649669e-07
4948189.878200286,0.0,4.042244490863929,0.0,0.7999999999999995,323.95000063766713,323.95000000040386,323.95000000832545,6.966030923649669e-07
4948200.0,0.0,4.04223964511135,0.0,0.7999999999999995,323.95000063766713,323.95000000040386,323.95000000832545,6.966030923649669e-07
4948200.372200122,0.0,4.0422394699719195,0.0,0.7999999999999995,323.95000063766713,323.95000000040386,323.95000000832545,6.966030923649669e-07
4948200.744400245,0.0,4.0422392950245865,0.0,0.7999999999999995,323.95000063766713,323.95000000040386,323.95000000832545,6.966030923649669e-07
4948201.48880049,0.0,4.042238945595752,0.0,0.7999999999999995,323.95000063766713,323.95000000040386,323.95000000832545,6.966030923649669e-07
4948202.97760098,0.0,4.04223824907557,0.0,0.7999999999999995,323.95000063766713,323.95000000040386,323.95000000832545,6.966030923649669e-07
4948205.95520196,0.0,4.0422368648681815,0.0,0.7999999999999995,323.95000063766713,323.95000000040386,323.95000000832545,6.966030923649669e-07
4948211.91040392,0.0,4.042234132495768,0.0,0.7999999999999995,323.95000063766713,323.95000000040386,323.95000000832545,6.966030923649669e-07
4948223.82080784,0.0,4.042228808326522,0.0,0.7999999999999995,323.95000063766713,323.95000000040386,323.95000000832545,6.966030923649669e-07
4948247.64161568,0.0,4.042218696971126,0.0,0.7999999999999995,323.95000063766713,323.95000000040386,323.95000000832545,6.966030923649669e-07
4948295.283231361,0.0,4.042200430145352,0.0,0.7999999999999995,323.95000063766713,323.95000000040386,323.95000000832545,6.966030923649669e-07
4948342.92484704,0.0,4.042184542756287,0.0,0.7999999999999995,323.95000063766713,323.95000000040386,323.95000000832545,6.966030923649669e-07
4948390.566462721,0.0,4.042170741862504,0.0,0.7999999999999995,323.95000063766713,323.95000000040386,323.95000000832545,6.966030923649669e-07
4948438.208078401,0.0,4.042158759441223,0.0,0.7999999999999995,323.95000063766713,323.95000000040386,323.95000000832545,6.966030923649669e-07
4948533.491309762,0.0,4.0421394298913,0.0,0.7999999999999995,323.95000063766713,323.95000000040386,323.95000000832545,6.966030923649669e-07
4948560.0,0.0,4.042134965736793,0.0,0.7999999999999995,323.95000063766713,323.95000000040386,323.95000000832545,6.966030923649669e-07
4948561.083817542,0.0,4.042134790487653,0.0,0.7999999999999995,323.95000063766713,323.95000000040386,323.95000000832545,6.966030923649669e-07
4948562.167635083,0.0,4.042134615797227,0.0,0.7999999999999995,323.95000063766713,323.95000000040386,323.95000000832545,6.966030923649669e-07
4948564.335270166,0.0,4.042134267768104,0.0,0.7999999999999995,323.95000063766713,323.95000000040386,323.95000000832545,6.966030923649669e-07
4948568.670540333,0.0,4.042133578466691,0.0,0.7999999999999995,323.95000063766713,323.95000000040386,323.95000000832545,6.966030923649669e-07
4948577.341080665,0.0,4.042132225027862,0.0,0.7999999999999995,323.95000063766713,323.95000000040386,323.95000000832545,6.966030923649669e-07
4948594.68216133,0.0,4.042129618665772,0.0,0.7999999999999995,323.95000063766713,323.95000000040386,323.95000000832545,6.966030923649669e-07
4948629.3643226605,0.0,4.042124780745214,0.0,0.7999999999999995,323.95000063766713,323.95000000040386,323.95000000832545,6.966030923649669e-07
4948698.72864532,0.0,4.042116418670457,0.0,0.7999999999999995,323.95000063766713,323.95000000040386,323.95000000832545,6.966030923649669e-07
4948768.092967981,0.0,4.042109592661591,0.0,0.7999999999999995,323.95000063766713,323.95000000040386,323.95000000832545,6.966030923649669e-07
4948837.457290641,0.0,4.042104036900858,0.0,0.7999999999999995,323.95000063766713,323.95000000040386,323.95000000832545,6.966030923649669e-07
4948906.821613301,0.0,4.042099520891082,0.0,0.7999999999999995,323.95000063766713,323.95000000040386,323.95000000832545,6.966030923649669e-07
4948920.0,0.0,4.042098769813597,0.0,0.7999999999999995,323.95000063766713,323.95000000040386,323.95000000832545,6.966030923649669e-07
4948921.080000859,0.0,4.042098710178248,0.0,0.7999999999999995,323.95000063766713,323.95000000040386,323.95000000832545,6.966030923649669e-07
4948922.160001717,0.0,4.042098650732385,0.0,0.7999999999999995,323.95000063766713,323.95000000040386,323.95000000832545,6.966030923649669e-07
4948924.320003433,0.0,4.0420985322990965,0.0,0.7999999999999995,323.95000063766713,323.95000000040386,323.95000000832545,6.966030923649669e-07
4948928.640006866,0.0,4.042098297724049,0.0,0.7999999999999995,323.95000063766713,323.95000000040386,323.95000000832545,6.966030923649669e-07
4948937.280013734,0.0,4.0420978371089085,0.0,0.7999999999999995,323.95000063766713,323.95000000040386,323.95000000832545,6.966030923649669e-07
4948954.560027466,0.0,4.042096949974246,0.0,0.7999999999999995,323.95000063766713,323.95000000040386,323.95000000832545,6.966030923649669e-07
4948989.120054932,0.0,4.042095302869706,0.0,0.7999999999999995,323.95000063766713,323.95000000040386,323.95000000832545,6.966030923649669e-07
4949058.240109866,0.0,4.042092454588724,0.0,0.7999999999999995,323.95000063766713,323.95000000040386,323.95000000832545,6.966030923649669e-07
4949127.360164798,0.0,4.042090127900664,0.0,0.7999999999999995,323.95000063766713,323.95000000040386,323.95000000832545,6.966030923649669e-07
4949196.48021973,0.0,4.042088232813132,0.0,0.7999999999999995,323.95000063766713,323.95000000040386,323.95000000832545,6.966030923649669e-07
4949265.600274663,0.0,4.04208669124975,0.0,0.7999999999999995,323.95000063766713,323.95000000040386,323.95000000832545,6.966030923649669e-07
4949280.0,0.0,4.042086410497305,0.0,0.7999999999999995,323.95000063766713,323.95000000040386,323.95000000832545,6.966030923649669e-07
4949280.720000858,0.0,4.042086396906134,0.0,0.7999999999999995,323.95000063766713,323.95000000040386,323.95000000832545,6.966030923649669e-07
4949281.440001717,0.0,4.042086383343788,0.0,0.7999999999999995,323.95000063766713,323.95000000040386,323.95000000832545,6.966030923649669e-07
4949282.880003434,0.0,4.042086356288907,0.0,0.7999999999999995,323.95000063766713,323.95000000040386,323.95000000832545,6.966030923649669e-07
4949285.760006866,0.0,4.042086302528782,0.0,0.7999999999999995,323.95000063766713,323.95000000040386,323.95000000832545,6.966030923649669e-07
4949291.520013733,0.0,4.042086196320428,0.0,0.7999999999999995,323.95000063766713,323.95000000040386,323.95000000832545,6.966030923649669e-07
4949303.040027467,0.0,4.042085989200844,0.0,0.7999999999999995,323.95000063766713,323.95000000040386,323.95000000832545,6.966030923649669e-07
4949326.080054932,0.0,4.042085595168189,0.0,0.7999999999999995,323.95000063766713,323.95000000040386,323.95000000832545,6.966030923649669e-07
4949372.1601098655,0.0,4.0420848810501315,0.0,0.7999999999999995,323.95000063766713,323.95000000040386,323.95000000832545,6.966030923649669e-07
4949464.32021973,0.0,4.04208370116624,0.0,0.7999999999999995,323.95000063766713,323.95000000040386,323.95000000832545,6.966030923649669e-07
4949556.4803295955,0.0,4.042082800295685,0.0,0.7999999999999995,323.95000063766713,323.95000000040386,323.95000000832545,6.966030923649669e-07
4949640.0,0.0,4.042082174957004,0.0,0.7999999999999995,323.95000063766713,323.95000000040386,323.95000000832545,6.966030923649669e-07
4949640.360000858,0.0,4.042082172649824,0.0,0.7999999999999995,323.95000063766713,323.95000000040386,323.95000000832545,6.966030923649669e-07
4949640.720001717,0.0,4.042082170345097,0.0,0.7999999999999995,323.95000063766713,323.95000000040386,323.95000000832545,6.966030923649669e-07
4949641.440003433,0.0,4.042082165741574,0.0,0.7999999999999995,323.95000063766713,323.95000000040386,323.95000000832545,6.966030923649669e-07
4949642.8800068665,0.0,4.042082156564339,0.0,0.7999999999999995,323.95000063766713,323.95000000040386,323.95000000832545,6.966030923649669e-07
4949645.760013733,0.0,4.042082138322511,0.0,0.7999999999999995,323.95000063766713,323.95000000040386,323.95000000832545,6.966030923649669e-07
4949651.520027466,0.0,4.04208210229867,0.0,0.7999999999999995,323.95000063766713,323.95000000040386,323.95000000832545,6.966030923649669e-07
4949663.040054932,0.0,4.042082032045766,0.0,0.7999999999999995,323.95000063766713,323.95000000040386,323.95000000832545,6.966030923649669e-07
4949686.080109865,0.0,4.042081898406076,0.0,0.7999999999999995,323.95000063766713,323.95000000040386,323.95000000832545,6.966030923649669e-07
4949732.160219731,0.0,4.0420816562080315,0.0,0.7999999999999995,323.95000063766713,323.95000000040386,323.95000000832545,6.966030923649669e-07
4949824.320439461,0.0,4.042081256053166,0.0,0.7999999999999995,323.95000063766713,323.95000000040386,323.95000000832545,6.966030923649669e-07
4950000.0,0.0,4.042080720744721,0.0,0.7999999999999995,323.95000063766713,323.95000000040386,323.95000000832545,6.966030923649669e-07
4953600.0,0.0,4.042080720744721,0.0,0.7999999999999995,323.74555552379115,323.7455550004112,323.74555499999536,5.820766091346741e-13
4953603.600000912,0.0,4.042080713180457,0.0,0.7999999999999995,323.74555552379115,323.7455550004112,323.74555499999536,5.820766091346741e-13
4953607.200001824,0.0,4.042080705695728,0.0,0.7999999999999995,323.74555552379115,323.7455550004112,323.74555499999536,5.820766091346741e-13
4953614.400003647,0.0,4.042080690917027,0.0,0.7999999999999995,323.74555552379115,323.7455550004112,323.74555499999536,5.820766091346741e-13
4953628.800007296,0.0,4.042080662300821,0.0,0.7999999999999995,323.74555552379115,323.7455550004112,323.74555499999536,5.820766091346741e-13
4953657.600014592,0.0,4.042080608400138,0.0,0.7999999999999995,323.74555552379115,323.7455550004112,323.74555499999536,5.820766091346741e-13
4953715.200029183,0.0,4.042080512989443,0.0,0.7999999999999995,323.74555552379115,323.7455550004112,323.74555499999536,5.820766091346741e-13
4953830.400058365,0.0,4.042080362088704,0.0,0.7999999999999995,323.74555552379115,323.7455550004112,323.74555499999536,5.820766091346741e-13
4953960.0,0.0,4.042080242709446,0.0,0.7999999999999995,323.74555552379115,323.7455550004112,323.74555499999536,5.820766091346741e-13
4953963.240000912,0.0,4.042080240422553,0.0,0.7999999999999995,323.74555552379115,323.7455550004112,323.74555499999536,5.820766091346741e-13
4953966.480001824,0.0,4.0420802381573235,0.0,0.7999999999999995,323.74555552379115,323.7455550004112,323.74555499999536,5.820766091346741e-13
4953972.960003648,0.0,4.0420802336788935,0.0,0.7999999999999995,323.74555552379115,323.7455550004112,323.74555499999536,5.820766091346741e-13
4953985.920007296,0.0,4.042080224979188,0.0,0.7999999999999995,323.74555552379115,323.7455550004112,323.74555499999536,5.820766091346741e-13
4954011.840014592,0.0,4.042080208496632,0.0,0.7999999999999995,323.74555552379115,323.7455550004112,323.74555499999536,5.820766091346741e-13
4954063.680029183,0.0,4.0420801789751835,0.0,0.7999999999999995,323.74555552379115,323.7455550004112,323.74555499999536,5.820766091346741e-13
4954167.360058365,0.0,4.042080131249094,0.0,0.7999999999999995,323.74555552379115,323.7455550004112,323.74555499999536,5.820766091346741e-13
4954320.0,0.0,4.042080081978693,0.0,0.7999999999999995,323.74555552379115,323.7455550004112,323.74555499999536,5.820766091346741e-13
4954322.880000912,0.0,4.042080081298511,0.0,0.7999999999999995,323.74555552379115,323.7455550004112,323.74555499999536,5.820766091346741e-13
4954325.760001824,0.0,4.042080080624066,0.0,0.7999999999999995,323.74555552379115,323.7455550004112,323.74555499999536,5.820766091346741e-13
4954331.520003648,0.0,4.0420800792889615,0.0,0.7999999999999995,323.74555552379115,323.7455550004112,323.74555499999536,5.820766091346741e-13
4954343.040007296,0.0,4.042080076687027,0.0,0.7999999999999995,323.74555552379115,323.7455550004112,323.74555499999536,5.820766091346741e-13
4954366.080014591,0.0,4.042080071728318,0.0,0.7999999999999995,323.74555552379115,323.7455550004112,323.74555499999536,5.820766091346741e-13
4954412.160029183,0.0,4.042080062740956,0.0,0.7999999999999995,323.74555552379115,323.7455550004112,323.74555499999536,5.820766091346741e-13
4954504.320058366,0.0,4.042080047884866,0.0,0.7999999999999995,323.74555552379115,323.7455550004112,323.74555499999536,5.820766091346741e-13
4954680.0,0.0,4.042080028008662,0.0,0.7999999999999995,323.74555552379115,323.7455550004112,323.74555499999536,5.820766091346741e-13
4954682.520000912,0.0,4.042080027811334,0.0,0.7999999999999995,323.74555552379115,323.7455550004112,323.74555499999536,5.820766091346741e-13
4954685.040001824,0.0,4.042080027615464,0.0,0.7999999999999995,323.74555552379115,323.7455550004112,323.74555499999536,5.820766091346741e-13
4954690.080003648,0.0,4.042080027227232,0.0,0.7999999999999995,323.74555552379115,323.7455550004112,323.74555499999536,5.820766091346741e-13
4954700.160007296,0.0,4.042080026468172,0.0,0.7999999999999995,323.74555552379115,323.7455550004112,323.74555499999536,5.820766091346741e-13
4954720.320014591,0.0,4.0420800250129965,0.0,0.7999999999999995,323.74555552379115,323.7455550004112,323.74555499999536,5.820766091346741e-13
4954760.640029183,0.0,4.042080022343862,0.0,0.7999999999999995,323.74555552379115,323.7455550004112,323.74555499999536,5.820766091346741e-13
4954841.280058366,0.0,4.0420800178312,0.0,0.7999999999999995,323.74555552379115,323.7455550004112,323.74555499999536,5.820766091346741e-13
4955002.560116732,0.0,4.042080011282087,0.0,0.7999999999999995,323.74555552379115,323.7455550004112,323.74555499999536,5.820766091346741e-13
4955040.0,0.0,4.042080010215239,0.0,0.7999999999999995,323.74555552379115,323.7455550004112,323.74555499999536,5.820766091346741e-13
4955042.160000912,0.0,4.0420800101586405,0.0,0.7999999999999995,323.74555552379115,323.7455550004112,323.74555499999536,5.820766091346741e-13
4955044.320001824,0.0,4.042080010102406,0.0,0.7999999999999995,323.74555552379115,323.7455550004112,323.74555499999536,5.820766091346741e-13
4955048.640003648,0.0,4.0420800099907925,0.0,0.7999999999999995,323.74555552379115,323.7455550004112,323.74555499999536,5.820766091346741e-13
4955057.280007295,0.0,4.042080009771865,0.0,0.7999999999999995,323.74555552379115,323.7455550004112,323.74555499999536,5.820766091346741e-13
4955074.560014592,0.0,4.042080009349675,0.0,0.7999999999999995,323.74555552379115,323.7455550004112,323.74555499999536,5.820766091346741e-13
4955109.120029183,0.0,4.042080008565874,0.0,0.7999999999999995,323.74555552379115,323.7455550004112,323.74555499999536,5.820766091346741e-13
4955178.240058366,0.0,4.042080007210066,0.0,0.7999999999999995,323.74555552379115,323.7455550004112,323.74555499999536,5.820766091346741e-13
4955316.4801167315,0.0,4.042080005157645,0.0,0.7999999999999995,323.74555552379115,323.7455550004112,323.74555499999536,5.820766091346741e-13
4955400.0,0.0,4.042080004277423,0.0,0.7999999999999995,323.74555552379115,323.7455550004112,323.74555499999536,5.820766091346741e-13
4955401.800000912,0.0,4.042080004261596,0.0,0.7999999999999995,323.74555552379115,323.7455550004112,323.74555499999536,5.820766091346741e-13
4955403.600001824,0.0,4.042080004245845,0.0,0.7999999999999995,323.74555552379115,323.7455550004112,323.74555499999536,5.820766091346741e-13
4955407.200003648,0.0,4.042080004214547,0.0,0.7999999999999995,323.74555552379115,323.7455550004112,323.74555499999536,5.820766091346741e-13
4955414.400007295,0.0,4.042080004152956,0.0,0.7999999999999995,323.74555552379115,323.7455550004112,323.74555499999536,5.820766091346741e-13
4955428.800014592,0.0,4.042080004033464,0.0,0.7999999999999995,323.74555552379115,323.7455550004112,323.74555499999536,5.820766091346741e-13
4955457.600029183,0.0,4.04208000380893,0.0,0.7999999999999995,323.74555552379115,323.7455550004112,323.74555499999536,5.820766091346741e-13
4955515.200058366,0.0,4.042080003411396,0.0,0.7999999999999995,323.74555552379115,323.7455550004112,323.74555499999536,5.820766091346741e-13
4955630.400116731,0.0,4.042080002783045,0.0,0.7999999999999995,323.74555552379115,323.7455550004112,323.74555499999536,5.820766091346741e-13
4955760.0,0.0,4.0420800022880705,0.0,0.7999999999999995,323.74555552379115,323.7455550004112,323.74555499999536,5.820766091346741e-13
4955761.440000912,0.0,4.042080002283802,0.0,0.7999999999999995,323.74555552379115,323.7455550004112,323.74555499999536,5.820766091346741e-13
4955762.880001824,0.0,4.042080002279562,0.0,0.7999999999999995,323.74555552379115,323.7455550004112,323.74555499999536,5.820766091346741e-13
4955765.760003648,0.0,4.042080002271117,0.0,0.7999999999999995,323.74555552379115,323.7455550004112,323.74555499999536,5.820766091346741e-13
4955771.5200072955,0.0,4.042080002254449,0.0,0.7999999999999995,323.74555552379115,323.7455550004112,323.74555499999536,5.820766091346741e-13
4955783.040014591,0.0,4.042080002221921,0.0,0.7999999999999995,323.74555552379115,323.7455550004112,323.74555499999536,5.820766091346741e-13
4955806.080029183,0.0,4.042080002160034,0.0,0.7999999999999995,323.74555552379115,323.7455550004112,323.74555499999536,5.820766091346741e-13
4955852.160058366,0.0,4.042080002047868,0.0,0.7999999999999995,323.74555552379115,323.7455550004112,323.74555499999536,5.820766091346741e-13
4955944.320116731,0.0,4.0420800018625265,0.0,0.7999999999999995,323.74555552379115,323.7455550004112,323.74555499999536,5.820766091346741e-13
4956120.0,0.0,4.042080001614574,0.0,0.7999999999999995,323.74555552379115,323.7455550004112,323.74555499999536,5.820766091346741e-13
4956121.080000912,0.0,4.042080001613517,0.0,0.7999999999999995,323.74555552379115,323.7455550004112,323.74555499999536,5.820766091346741e-13
4956122.160001824,0.0,4.04208000161246,0.0,0.7999999999999995,323.74555552379115,323.7455550004112,323.74555499999536,5.820766091346741e-13
4956124.320003648,0.0,4.042080001610351,0.0,0.7999999999999995,323.74555552379115,323.7455550004112,323.74555499999536,5.820766091346741e-13
4956128.640007296,0.0,4.042080001606184,0.0,0.7999999999999995,323.74555552379115,323.7455550004112,323.74555499999536,5.820766091346741e-13
4956137.280014591,0.0,4.042080001598007,0.0,0.7999999999999995,323.74555552379115,323.7455550004112,323.74555499999536,5.820766091346741e-13
4956154.560029183,0.0,4.042080001582253,0.0,0.7999999999999995,323.74555552379115,323.7455550004112,323.74555499999536,5.820766091346741e-13
4956189.120058366,0.0,4.042080001553002,0.0,0.7999999999999995,323.74555552379115,323.7455550004112,323.74555499999536,5.820766091346741e-13
4956258.240116731,0.0,4.042080001502423,0.0,0.7999999999999995,323.74555552379115,323.7455550004112,323.74555499999536,5.820766091346741e-13
4956396.480233463,0.0,4.0420800014258536,0.0,0.7999999999999995,323.74555552379115,323.7455550004112,323.74555499999536,5.820766091346741e-13
4956480.0,0.0,4.0420800013930265,0.0,0.7999999999999995,323.74555552379115,323.7455550004112,323.74555499999536,5.820766091346741e-13
4956480.7200009115,0.0,4.04208000139279,0.0,0.7999999999999995,323.74555552379115,323.7455550004112,323.74555499999536,5.820766091346741e-13
4956481.440001824,0.0,4.042080001392554,0.0,0.7999999999999995,323.74555552379115,323.7455550004112,323.74555499999536,5.820766091346741e-13
4956482.880003648,0.0,4.04208000139208,0.0,0.7999999999999995,323.74555552379115,323.7455550004112,323.74555499999536,5.820766091346741e-13
4956485.760007296,0.0,4.042080001391145,0.0,0.7999999999999995,323.74555552379115,323.7455550004112,323.74555499999536,5.820766091346741e-13
4956491.5200145915,0.0,4.042080001389296,0.0,0.7999999999999995,323.74555552379115,323.7455550004112,323.74555499999536,5.820766091346741e-13
4956503.040029183,0.0,4.0420800013856795,0.0,0.7999999999999995,323.74555552379115,323.7455550004112,323.74555499999536,5.820766091346741e-13
4956526.080058366,0.0,4.042080001378812,0.0,0.7999999999999995,323.74555552379115,323.7455550004112,323.74555499999536,5.820766091346741e-13
4956572.160116731,0.0,4.042080001366362,0.0,0.7999999999999995,323.74555552379115,323.7455550004112,323.74555499999536,5.820766091346741e-13
4956664.320233463,0.0,4.042080001345786,0.0,0.7999999999999995,323.74555552379115,323.7455550004112,323.74555499999536,5.820766091346741e-13
4956840.0,0.0,4.042080001318272,0.0,0.7999999999999995,323.74555552379115,323.7455550004112,323.74555499999536,5.820766091346741e-13
4956840.360000912,0.0,4.042080001318229,0.0,0.7999999999999995,323.74555552379115,323.7455550004112,323.74555499999536,5.820766091346741e-13
4956840.720001824,0.0,4.042080001318192,0.0,0.7999999999999995,323.74555552379115,323.7455550004112,323.74555499999536,5.820766091346741e-13
4956841.4400036475,0.0,4.042080001318109,0.0,0.7999999999999995,323.74555552379115,323.7455550004112,323.74555499999536,5.820766091346741e-13
4956842.880007296,0.0,4.042080001317959,0.0,0.7999999999999995,323.74555552379115,323.7455550004112,323.74555499999536,5.820766091346741e-13
4956845.760014592,0.0,4.042080001317645,0.0,0.7999999999999995,323.74555552379115,323.7455550004112,323.74555499999536,5.820766091346741e-13
4956851.520029183,0.0,4.042080001317029,0.0,0.7999999999999995,323.74555552379115,323.7455550004112,323.74555499999536,5.820766091346741e-13
4956863.040058366,0.0,4.0420800013158384,0.0,0.7999999999999995,323.74555552379115,323.7455550004112,323.74555499999536,5.820766091346741e-13
4956886.080116732,0.0,4.042080001313568,0.0,0.7999999999999995,323.74555552379115,323.7455550004112,323.74555499999536,5.820766091346741e-13
4956932.160233463,0.0,4.042080001309447,0.0,0.7999999999999995,323.74555552379115,323.7455550004112,323.74555499999536,5.820766091346741e-13
4957024.320466926,0.0,4.042080001302635,0.0,0.7999999999999995,323.74555552379115,323.7455550004112,323.74555499999536,5.820766091346741e-13
4957200.0,0.0,4.042080001293522,0.0,0.7999999999999995,323.74555552379115,323.7455550004112,323.74555499999536,5.820766091346741e-13
4960800.0,0.0,4.042080001293522,0.0,0.7999999999999995,323.146152307294,323.14615200039964,323.14615200039964,0.0
4960803.600000965,0.0,4.042080001293396,0.0,0.7999999999999995,323.146152307294,323.14615200039964,323.14615200039964,0.0
4960807.200001931,0.0,4.042080001293263,0.0,0.7999999999999995,323.146152307294,323.14615200039964,323.14615200039964,0.0
4960814.400003863,0.0,4.042080001293018,0.0,0.7999999999999995,323.146152307294,323.14615200039964,323.14615200039964,0.0
4960828.800007725,0.0,4.042080001292531,0.0,0.7999999999999995,323.146152307294,323.14615200039964,323.14615200039964,0.0
4960857.600015449,0.0,4.042080001291614,0.0,0.7999999999999995,323.146152307294,323.14615200039964,323.14615200039964,0.0
4960915.2000309,0.0,4.042080001289991,0.0,0.7999999999999995,323.146152307294,323.14615200039964,323.14615200039964,0.0
4961030.400061799,0.0,4.04208000128742,0.0,0.7999999999999995,323.146152307294,323.14615200039964,323.14615200039964,0.0
4961160.0,0.0,4.042080001285397,0.0,0.7999999999999995,323.146152307294,323.14615200039964,323.14615200039964,0.0
4961163.240000966,0.0,4.0420800012853615,0.0,0.7999999999999995,323.146152307294,323.14615200039964,323.14615200039964,0.0
4961166.480001931,0.0,4.042080001285322,0.0,0.7999999999999995,323.146152307294,323.14615200039964,323.14615200039964,0.0
4961172.960003862,0.0,4.042080001285248,0.0,0.7999999999999995,323.146152307294,323.14615200039964,323.14615200039964,0.0
4961185.920007725,0.0,4.042080001285093,0.0,0.7999999999999995,323.146152307294,323.14615200039964,323.14615200039964,0.0
4961211.84001545,0.0,4.042080001284816,0.0,0.7999999999999995,323.146152307294,323.14615200039964,323.14615200039964,0.0
4961263.680030899,0.0,4.042080001284315,0.0,0.7999999999999995,323.146152307294,323.14615200039964,323.14615200039964,0.0
4961367.360061799,0.0,4.042080001283502,0.0,0.7999999999999995,323.146152307294,323.14615200039964,323.14615200039964,0.0
4961520.0,0.0,4.042080001282672,0.0,0.7999999999999995,323.146152307294,323.14615200039964,323.14615200039964,0.0
4961522.880000966,0.0,4.042080001282665,0.0,0.7999999999999995,323.146152307294,323.14615200039964,323.14615200039964,0.0
4961525.760001931,0.0,4.042080001282645,0.0,0.7999999999999995,323.146152307294,323.14615200039964,323.14615200039964,0.0
4961531.520003863,0.0,4.042080001282631,0.0,0.7999999999999995,323.146152307294,323.14615200039964,323.14615200039964,0.0
4961543.040007724,0.0,4.042080001282578,0.0,0.7999999999999995,323.146152307294,323.14615200039964,323.14615200039964,0.0
4961566.08001545,0.0,4.042080001282489,0.0,0.7999999999999995,323.146152307294,323.14615200039964,323.14615200039964,0.0
4961612.1600309,0.0,4.042080001282338,0.0,0.7999999999999995,323.146152307294,323.14615200039964,323.14615200039964,0.0
4961704.320061799,0.0,4.042080001282082,0.0,0.7999999999999995,323.146152307294,323.14615200039964,323.14615200039964,0.0
4961880.0,0.0,4.042080001281747,0.0,0.7999999999999995,323.146152307294,323.14615200039964,323.14615200039964,0.0
4961882.520000965,0.0,4.042080001281736,0.0,0.7999999999999995,323.146152307294,323.14615200039964,323.14615200039964,0.0
4961885.040001932,0.0,4.042080001281738,0.0,0.7999999999999995,323.146152307294,323.14615200039964,323.14615200039964,0.0
4961890.080003862,0.0,4.042080001281732,0.0,0.7999999999999995,323.146152307294,323.14615200039964,323.14615200039964,0.0
4961900.160007725,0.0,4.042080001281718,0.0,0.7999999999999995,323.146152307294,323.14615200039964,323.14615200039964,0.0
4961920.32001545,0.0,4.042080001281693,0.0,0.7999999999999995,323.146152307294,323.14615200039964,323.14615200039964,0.0
4961960.640030899,0.0,4.042080001281651,0.0,0.7999999999999995,323.146152307294,323.14615200039964,323.14615200039964,0.0
4962041.280061799,0.0,4.042080001281578,0.0,0.7999999999999995,323.146152307294,323.14615200039964,323.14615200039964,0.0
4962202.560123598,0.0,4.042080001281484,0.0,0.7999999999999995,323.146152307294,323.14615200039964,323.14615200039964,0.0
4962240.0,0.0,4.042080001281464,0.0,0.7999999999999995,323.146152307294,323.14615200039964,323.14615200039964,0.0
4962242.160000966,0.0,4.042080001281466,0.0,0.7999999999999995,323.146152307294,323.14615200039964,323.14615200039964,0.0
4962244.320001931,0.0,4.042080001281461,0.0,0.7999999999999995,323.146152307294,323.14615200039964,323.14615200039964,0.0
4962248.640003863,0.0,4.042080001281459,0.0,0.7999999999999995,323.146152307294,323.14615200039964,323.14615200039964,0.0
4962257.280007725,0.0,4.0420800012814535,0.0,0.7999999999999995,323.146152307294,323.14615200039964,323.14615200039964,0.0
4962274.560015449,0.0,4.042080001281445,0.0,0.7999999999999995,323.146152307294,323.14615200039964,323.14615200039964,0.0
4962309.1200308995,0.0,4.042080001281432,0.0,0.7999999999999995,323.146152307294,323.14615200039964,323.14615200039964,0.0
4962378.240061799,0.0,4.042080001281404,0.0,0.7999999999999995,323.146152307294,323.14615200039964,323.14615200039964,0.0
4962516.480123598,0.0,4.04208000128137,0.0,0.7999999999999995,323.146152307294,323.14615200039964,323.14615200039964,0.0
4962600.0,0.0,4.042080001281352,0.0,0.7999999999999995,323.146152307294,323.14615200039964,323.14615200039964,0.0
4962601.800000966,0.0,4.0420800012813505,0.0,0.7999999999999995,323.146152307294,323.14615200039964,323.14615200039964,0.0
4962603.600001931,0.0,4.0420800012813505,0.0,0.7999999999999995,323.146152307294,323.14615200039964,323.14615200039964,0.0
4962607.200003862,0.0,4.0420800012813505,0.0,0.7999999999999995,323.146152307294,323.14615200039964,323.14615200039964,0.0
4962614.400007725,0.0,4.042080001281352,0.0,0.7999999999999995,323.146152307294,323.14615200039964,323.14615200039964,0.0
4962628.8000154495,0.0,4.0420800012813505,0.0,0.7999999999999995,323.146152307294,323.14615200039964,323.14615200039964,0.0
4962657.6000309,0.0,4.042080001281345,0.0,0.7999999999999995,323.146152307294,323.14615200039964,323.14615200039964,0.0
4962715.200061799,0.0,4.0420800012813345,0.0,0.7999999999999995,323.146152307294,323.14615200039964,323.14615200039964,0.0
4962830.400123598,0.0,4.042080001281324,0.0,0.7999999999999995,323.146152307294,323.14615200039964,323.14615200039964,0.0
4962960.0,0.0,4.042080001281315,0.0,0.7999999999999995,323.146152307294,323.14615200039964,323.14615200039964,0.0
4962961.440000965,0.0,4.042080001281313,0.0,0.7999999999999995,323.146152307294,323.14615200039964,323.14615200039964,0.0
4962962.880001931,0.0,4.042080001281313,0.0,0.7999999999999995,323.146152307294,323.14615200039964,323.14615200039964,0.0
4962965.760003863,0.0,4.042080001281313,0.0,0.7999999999999995,323.146152307294,323.14615200039964,323.14615200039964,0.0
4962971.520007725,0.0,4.042080001281313,0.0,0.7999999999999995,323.146152307294,323.14615200039964,323.14615200039964,0.0
4962983.04001545,0.0,4.042080001281311,0.0,0.7999999999999995,323.146152307294,323.14615200039964,323.14615200039964,0.0
4963006.0800308995,0.0,4.042080001281308,0.0,0.7999999999999995,323.146152307294,323.14615200039964,323.14615200039964,0.0
4963052.160061799,0.0,4.042080001281304,0.0,0.7999999999999995,323.146152307294,323.14615200039964,323.14615200039964,0.0
4963144.320123598,0.0,4.042080001281304,0.0,0.7999999999999995,323.146152307294,323.14615200039964,323.14615200039964,0.0
4963320.0,0.0,4.0420800012813025,0.0,0.7999999999999995,323.146152307294,323.14615200039964,323.14615200039964,0.0
4963321.080000966,0.0,4.0420800012813025,0.0,0.7999999999999995,323.146152307294,323.14615200039964,323.14615200039964,0.0
4963322.160001931,0.0,4.0420800012813025,0.0,0.7999999999999995,323.146152307294,323.14615200039964,323.14615200039964,0.0
4963324.3200038625,0.0,4.042080001281301,0.0,0.7999999999999995,323.146152307294,323.14615200039964,323.14615200039964,0.0
4963328.640007725,0.0,4.042080001281301,0.0,0.7999999999999995,323.146152307294,323.14615200039964,323.14615200039964,0.0
4963337.28001545,0.0,4.042080001281299,0.0,0.7999999999999995,323.146152307294,323.14615200039964,323.14615200039964,0.0
4963354.5600309,0.0,4.042080001281294,0.0,0.7999999999999995,323.146152307294,323.14615200039964,323.14615200039964,0.0
4963389.120061799,0.0,4.042080001281294,0.0,0.7999999999999995,323.146152307294,323.14615200039964,323.14615200039964,0.0
4963458.240123598,0.0,4.042080001281288,0.0,0.7999999999999995,323.146152307294,323.14615200039964,323.14615200039964,0.0
4963596.480247196,0.0,4.042080001281292,0.0,0.7999999999999995,323.146152307294,323.14615200039964,323.14615200039964,0.0
4963680.0,0.0,4.04208000128129,0.0,0.7999999999999995,323.146152307294,323.14615200039964,323.14615200039964,0.0
4963680.7200009655,0.0,4.04208000128129,0.0,0.7999999999999995,323.146152307294,323.14615200039964,323.14615200039964,0.0
4963681.440001931,0.0,4.04208000128129,0.0,0.7999999999999995,323.146152307294,323.14615200039964,323.14615200039964,0.0
4963682.880003862,0.0,4.04208000128129,0.0,0.7999999999999995,323.146152307294,323.14615200039964,323.14615200039964,0.0
4963685.760007725,0.0,4.04208000128129,0.0,0.7999999999999995,323.146152307294,323.14615200039964,323.14615200039964,0.0
4963691.52001545,0.0,4.04208000128129,0.0,0.7999999999999995,323.146152307294,323.14615200039964,323.14615200039964,0.0
4963703.040030899,0.0,4.042080001281292,0.0,0.7999999999999995,323.146152307294,323.14615200039964,323.14615200039964,0.0
4963726.080061799,0.0,4.042080001281292,0.0,0.7999999999999995,323.146152307294,323.14615200039964,323.14615200039964,0.0
4963772.160123598,0.0,4.04208000128129,0.0,0.7999999999999995,323.146152307294,323.14615200039964,323.14615200039964,0.0
4963864.320247197,0.0,4.0420800012812865,0.0,0.7999999999999995,323.146152307294,323.14615200039964,323.14615200039964,0.0
4964040.0,0.0,4.0420800012812865,0.0,0.7999999999999995,323.146152307294,323.14615200039964,323.14615200039964,0.0
4964040.360000965,0.0,4.0420800012812865,0.0,0.7999999999999995,323.146152307294,323.14615200039964,323.14615200039964,0.0
4964040.720001931,0.0,4.0420800012812865,0.0,0.7999999999999995,323.146152307294,323.14615200039964,323.14615200039964,0.0
4964041.440003863,0.0,4.0420800012812865,0.0,0.7999999999999995,323.146152307294,323.14615200039964,323.14615200039964,0.0
4964042.880007725,0.0,4.0420800012812865,0.0,0.7999999999999995,323.146152307294,323.14615200039964,323.14615200039964,0.0
4964045.7600154495,0.0,4.0420800012812865,0.0,0.7999999999999995,323.146152307294,323.14615200039964,323.14615200039964,0.0
4964051.5200309,0.0,4.0420800012812865,0.0,0.7999999999999995,323.146152307294,323.14615200039964,323.14615200039964,0.0
4964063.040061799,0.0,4.0420800012812865,0.0,0.7999999999999995,323.146152307294,323.14615200039964,323.14615200039964,0.0
4964086.080123598,0.0,4.042080001281288,0.0,0.7999999999999995,323.146152307294,323.14615200039964,323.14615200039964,0.0
4964132.160247196,0.0,4.042080001281288,0.0,0.7999999999999995,323.146152307294,323.14615200039964,323.14615200039964,0.0
4964224.320494392,0.0,4.0420800012812865,0.0,0.7999999999999995,323.146152307294,323.14615200039964,323.14615200039964,0.0
4964400.0,0.0,4.0420800012812865,0.0,0.7999999999999995,323.146152307294,323.14615200039964,323.14615200039964,0.0
4968000.0,0.0,4.0420800012812865,0.0,0.7999999999999995,322.19264148819633,322.1926409999987,322.1926409999987,0.0
4968003.600001019,0.0,4.0420800012812865,0.0,0.7999999999999995,322.19264148819633,322.1926409999987,322.1926409999987,0.0
4968007.200002039,0.0,4.0420800012812865,0.0,0.7999999999999995,322.19264148819633,322.1926409999987,322.1926409999987,0.0
4968014.400004077,0.0,4.0420800012812865,0.0,0.7999999999999995,322.19264148819633,322.1926409999987,322.1926409999987,0.0
4968028.8000081545,0.0,4.0420800012812865,0.0,0.7999999999999995,322.19264148819633,322.1926409999987,322.1926409999987,0.0
4968057.600016308,0.0,4.0420800012812865,0.0,0.7999999999999995,322.19264148819633,322.1926409999987,322.1926409999987,0.0
4968115.200032616,0.0,4.0420800012812865,0.0,0.7999999999999995,322.19264148819633,322.1926409999987,322.1926409999987,0.0
4968230.400065232,0.0,4.0420800012812865,0.0,0.7999999999999995,322.19264148819633,322.1926409999987,322.1926409999987,0.0
4968360.0,0.0,4.042080001281288,0.0,0.7999999999999995,322.19264148819633,322.1926409999987,322.1926409999987,0.0
4968363.240001019,0.0,4.042080001281288,0.0,0.7999999999999995,322.19264148819633,322.1926409999987,322.1926409999987,0.0
4968366.480002038,0.0,4.042080001281288,0.0,0.7999999999999995,322.19264148819633,322.1926409999987,322.1926409999987,0.0
4968372.960004077,0.0,4.042080001281288,0.0,0.7999999999999995,322.19264148819633,322.1926409999987,322.1926409999987,0.0
4968385.920008154,0.0,4.042080001281288,0.0,0.7999999999999995,322.19264148819633,322.1926409999987,322.1926409999987,0.0
4968411.840016308,0.0,4.042080001281288,0.0,0.7999999999999995,322.19264148819633,322.1926409999987,322.1926409999987,0.0
4968463.6800326165,0.0,4.042080001281288,0.0,0.7999999999999995,322.19264148819633,322.1926409999987,322.1926409999987,0.0
4968567.360065232,0.0,4.042080001281288,0.0,0.7999999999999995,322.19264148819633,322.1926409999987,322.1926409999987,0.0
4968720.0,0.0,4.0420800012812865,0.0,0.7999999999999995,322.19264148819633,322.1926409999987,322.1926409999987,0.0
4968722.88000102,0.0,4.0420800012812865,0.0,0.7999999999999995,322.19264148819633,322.1926409999987,322.1926409999987,0.0
4968725.760002038,0.0,4.0420800012812865,0.0,0.7999999999999995,322.19264148819633,322.1926409999987,322.1926409999987,0.0
4968731.520004077,0.0,4.0420800012812865,0.0,0.7999999999999995,322.19264148819633,322.1926409999987,322.1926409999987,0.0
4968743.040008154,0.0,4.0420800012812865,0.0,0.7999999999999995,322.19264148819633,322.1926409999987,322.1926409999987,0.0
4968766.080016308,0.0,4.0420800012812865,0.0,0.7999999999999995,322.19264148819633,322.1926409999987,322.1926409999987,0.0
4968812.160032616,0.0,4.042080001281288,0.0,0.7999999999999995,322.19264148819633,322.1926409999987,322.1926409999987,0.0
4968904.320065232,0.0,4.042080001281288,0.0,0.7999999999999995,322.19264148819633,322.1926409999987,322.1926409999987,0.0
4969080.0,0.0,4.042080001281288,0.0,0.7999999999999995,322.19264148819633,322.1926409999987,322.1926409999987,0.0
4969082.520001019,0.0,4.042080001281288,0.0,0.7999999999999995,322.19264148819633,322.1926409999987,322.1926409999987,0.0
4969085.040002039,0.0,4.042080001281288,0.0,0.7999999999999995,322.19264148819633,322.1926409999987,322.1926409999987,0.0
4969090.080004077,0.0,4.042080001281288,0.0,0.7999999999999995,322.19264148819633,322.1926409999987,322.1926409999987,0.0
4969100.160008154,0.0,4.042080001281288,0.0,0.7999999999999995,322.19264148819633,322.1926409999987,322.1926409999987,0.0
4969120.320016308,0.0,4.042080001281288,0.0,0.7999999999999995,322.19264148819633,322.1926409999987,322.1926409999987,0.0
4969160.640032616,0.0,4.042080001281288,0.0,0.7999999999999995,322.19264148819633,322.1926409999987,322.1926409999987,0.0
4969241.280065232,0.0,4.0420800012812865,0.0,0.7999999999999995,322.19264148819633,322.1926409999987,322.1926409999987,0.0
4969402.560130465,0.0,4.042080001281288,0.0,0.7999999999999995,322.19264148819633,322.1926409999987,322.1926409999987,0.0
4969440.0,0.0,4.042080001281288,0.0,0.7999999999999995,322.19264148819633,322.1926409999987,322.1926409999987,0.0
4969442.160001019,0.0,4.042080001281288,0.0,0.7999999999999995,322.19264148819633,322.1926409999987,322.1926409999987,0.0
4969444.320002038,0.0,4.042080001281288,0.0,0.7999999999999995,322.19264148819633,322.1926409999987,322.1926409999987,0.0
4969448.640004077,0.0,4.042080001281288,0.0,0.7999999999999995,322.19264148819633,322.1926409999987,322.1926409999987,0.0
4969457.280008154,0.0,4.042080001281288,0.0,0.7999999999999995,322.19264148819633,322.1926409999987,322.1926409999987,0.0
4969474.560016308,0.0,4.042080001281288,0.0,0.7999999999999995,322.19264148819633,322.1926409999987,322.1926409999987,0.0
4969509.120032616,0.0,4.0420800012812865,0.0,0.7999999999999995,322.19264148819633,322.1926409999987,322.1926409999987,0.0
4969578.240065232,0.0,4.04208000128129,0.0,0.7999999999999995,322.19264148819633,322.1926409999987,322.1926409999987,0.0
4969716.480130465,0.0,4.042080001281288,0.0,0.7999999999999995,322.19264148819633,322.1926409999987,322.1926409999987,0.0
4969800.0,0.0,4.04208000128129,0.0,0.7999999999999995,322.19264148819633,322.1926409999987,322.1926409999987,0.0
4969801.80000102,0.0,4.04208000128129,0.0,0.7999999999999995,322.19264148819633,322.1926409999987,322.1926409999987,0.0
4969803.600002038,0.0,4.04208000128129,0.0,0.7999999999999995,322.19264148819633,322.1926409999987,322.1926409999987,0.0
4969807.200004077,0.0,4.04208000128129,0.0,0.7999999999999995,322.19264148819633,322.1926409999987,322.1926409999987,0.0
4969814.400008154,0.0,4.04208000128129,0.0,0.7999999999999995,322.19264148819633,322.1926409999987,322.1926409999987,0.0
4969828.800016308,0.0,4.04208000128129,0.0,0.7999999999999995,322.19264148819633,322.1926409999987,322.1926409999987,0.0
4969857.600032616,0.0,4.04208000128129,0.0,0.7999999999999995,322.19264148819633,322.1926409999987,322.1926409999987,0.0
4969915.200065232,0.0,4.04208000128129,0.0,0.7999999999999995,322.19264148819633,322.1926409999987,322.1926409999987,0.0
4970030.400130465,0.0,4.042080001281288,0.0,0.7999999999999995,322.19264148819633,322.1926409999987,322.1926409999987,0.0
4970160.0,0.0,4.0420800012812865,0.0,0.7999999999999995,322.19264148819633,322.1926409999987,322.1926409999987,0.0
4970161.440001019,0.0,4.0420800012812865,0.0,0.7999999999999995,322.19264148819633,322.1926409999987,322.1926409999987,0.0
4970162.880002039,0.0,4.0420800012812865,0.0,0.7999999999999995,322.19264148819633,322.1926409999987,322.1926409999987,0.0
4970165.760004077,0.0,4.0420800012812865,0.0,0.7999999999999995,322.19264148819633,322.1926409999987,322.1926409999987,0.0
4970171.520008154,0.0,4.0420800012812865,0.0,0.7999999999999995,322.19264148819633,322.1926409999987,322.1926409999987,0.0
4970183.040016308,0.0,4.0420800012812865,0.0,0.7999999999999995,322.19264148819633,322.1926409999987,322.1926409999987,0.0
4970206.080032616,0.0,4.0420800012812865,0.0,0.7999999999999995,322.19264148819633,322.1926409999987,322.1926409999987,0.0
4970252.160065232,0.0,4.04208000128129,0.0,0.7999999999999995,322.19264148819633,322.1926409999987,322.1926409999987,0.0
4970344.320130465,0.0,4.0420800012812865,0.0,0.7999999999999995,322.19264148819633,322.1926409999987,322.1926409999987,0.0
4970520.0,0.0,4.0420800012812865,0.0,0.7999999999999995,322.19264148819633,322.1926409999987,322.1926409999987,0.0
4970521.080001019,0.0,4.0420800012812865,0.0,0.7999999999999995,322.19264148819633,322.1926409999987,322.1926409999987,0.0
4970522.160002039,0.0,4.0420800012812865,0.0,0.7999999999999995,322.19264148819633,322.1926409999987,322.1926409999987,0.0
4970524.320004077,0.0,4.0420800012812865,0.0,0.7999999999999995,322.19264148819633,322.1926409999987,322.1926409999987,0.0
4970528.640008154,0.0,4.0420800012812865,0.0,0.7999999999999995,322.19264148819633,322.1926409999987,322.1926409999987,0.0
4970537.280016308,0.0,4.0420800012812865,0.0,0.7999999999999995,322.19264148819633,322.1926409999987,322.1926409999987,0.0
4970554.560032616,0.0,4.0420800012812865,0.0,0.7999999999999995,322.19264148819633,322.1926409999987,322.1926409999987,0.0
4970589.120065233,0.0,4.04208000128129,0.0,0.7999999999999995,322.19264148819633,322.1926409999987,322.1926409999987,0.0
4970658.240130465,0.0,4.04208000128129,0.0,0.7999999999999995,322.19264148819633,322.1926409999987,322.1926409999987,0.0
4970796.480260929,0.0,4.04208000128129,0.0,0.7999999999999995,322.19264148819633,322.1926409999987,322.1926409999987,0.0
4970880.0,0.0,4.042080001281288,0.0,0.7999999999999995,322.19264148819633,322.1926409999987,322.1926409999987,0.0
4970880.72000102,0.0,4.042080001281288,0.0,0.7999999999999995,322.19264148819633,322.1926409999987,322.1926409999987,0.0
4970881.440002038,0.0,4.042080001281288,0.0,0.7999999999999995,322.19264148819633,322.1926409999987,322.1926409999987,0.0
4970882.880004077,0.0,4.042080001281288,0.0,0.7999999999999995,322.19264148819633,322.1926409999987,322.1926409999987,0.0
4970885.760008154,0.0,4.042080001281288,0.0,0.7999999999999995,322.19264148819633,322.1926409999987,322.1926409999987,0.0
4970891.520016308,0.0,4.042080001281288,0.0,0.7999999999999995,322.19264148819633,322.1926409999987,322.1926409999987,0.0
4970903.040032616,0.0,4.042080001281288,0.0,0.7999999999999995,322.19264148819633,322.1926409999987,322.1926409999987,0.0
4970926.080065233,0.0,4.042080001281288,0.0,0.7999999999999995,322.19264148819633,322.1926409999987,322.1926409999987,0.0
4970972.1601304645,0.0,4.042080001281288,0.0,0.7999999999999995,322.19264148819633,322.1926409999987,322.1926409999987,0.0
4971064.320260929,0.0,4.042080001281288,0.0,0.7999999999999995,322.19264148819633,322.1926409999987,322.1926409999987,0.0
4971240.0,0.0,4.042080001281292,0.0,0.7999999999999995,322.19264148819633,322.1926409999987,322.1926409999987,0.0
4971240.360001019,0.0,4.042080001281292,0.0,0.7999999999999995,322.19264148819633,322.1926409999987,322.1926409999987,0.0
4971240.720002038,0.0,4.042080001281292,0.0,0.7999999999999995,322.19264148819633,322.1926409999987,322.1926409999987,0.0
4971241.440004077,0.0,4.042080001281292,0.0,0.7999999999999995,322.19264148819633,322.1926409999987,322.1926409999987,0.0
4971242.880008154,0.0,4.042080001281292,0.0,0.7999999999999995,322.19264148819633,322.1926409999987,322.1926409999987,0.0
4971245.760016308,0.0,4.042080001281292,0.0,0.7999999999999995,322.19264148819633,322.1926409999987,322.1926409999987,0.0
4971251.520032616,0.0,4.042080001281292,0.0,0.7999999999999995,322.19264148819633,322.1926409999987,322.1926409999987,0.0
4971263.040065233,0.0,4.042080001281292,0.0,0.7999999999999995,322.19264148819633,322.1926409999987,322.1926409999987,0.0
4971286.080130464,0.0,4.04208000128129,0.0,0.7999999999999995,322.19264148819633,322.1926409999987,322.1926409999987,0.0
4971332.160260929,0.0,4.04208000128129,0.0,0.7999999999999995,322.19264148819633,322.1926409999987,322.1926409999987,0.0
4971424.3205218585,0.0,4.04208000128129,0.0,0.7999999999999995,322.19264148819633,322.1926409999987,322.1926409999987,0.0
4971600.0,0.0,4.042080001281288,0.0,0.7999999999999995,322.19264148819633,322.1926409999987,322.1926409999987,0.0
4975200.0,0.0,4.042080001281288,0.0,0.7999999999999995,320.95000063661445,320.9500000003822,320.9500000003822,0.0
4975203.6000010725,0.0,4.042080001281288,0.0,0.7999999999999995,320.95000063661445,320.9500000003822,320.9500000003822,0.0
4975207.200002146,0.0,4.042080001281288,0.0,0.7999999999999995,320.95000063661445,320.9500000003822,320.9500000003822,0.0
4975214.400004292,0.0,4.042080001281288,0.0,0.7999999999999995,320.95000063661445,320.9500000003822,320.9500000003822,0.0
4975228.800008583,0.0,4.042080001281288,0.0,0.7999999999999995,320.95000063661445,320.9500000003822,320.9500000003822,0.0
4975257.600017167,0.0,4.042080001281288,0.0,0.7999999999999995,320.95000063661445,320.9500000003822,320.9500000003822,0.0
4975315.200034332,0.0,4.042080001281288,0.0,0.7999999999999995,320.95000063661445,320.9500000003822,320.9500000003822,0.0
4975430.400068666,0.0,4.042080001281288,0.0,0.7999999999999995,320.95000063661445,320.9500000003822,320.9500000003822,0.0
4975560.0,0.0,4.042080001281288,0.0,0.7999999999999995,320.95000063661445,320.9500000003822,320.9500000003822,0.0
4975563.240001073,0.0,4.042080001281288,0.0,0.7999999999999995,320.95000063661445,320.9500000003822,320.9500000003822,0.0
4975566.480002146,0.0,4.042080001281288,0.0,0.7999999999999995,320.95000063661445,320.9500000003822,320.9500000003822,0.0
4975572.9600042915,0.0,4.042080001281288,0.0,0.7999999999999995,320.95000063661445,320.9500000003822,320.9500000003822,0.0
4975585.920008583,0.0,4.042080001281288,0.0,0.7999999999999995,320.95000063661445,320.9500000003822,320.9500000003822,0.0
4975611.840017166,0.0,4.042080001281288,0.0,0.7999999999999995,320.95000063661445,320.9500000003822,320.9500000003822,0.0
4975663.680034333,0.0,4.042080001281288,0.0,0.7999999999999995,320.95000063661445,320.9500000003822,320.9500000003822,0.0
4975767.360068666,0.0,4.042080001281288,0.0,0.7999999999999995,320.95000063661445,320.9500000003822,320.9500000003822,0.0
4975920.0,0.0,4.042080001281288,0.0,0.7999999999999995,320.95000063661445,320.9500000003822,320.9500000003822,0.0
4975922.880001073,0.0,4.042080001281288,0.0,0.7999999999999995,320.95000063661445,320.9500000003822,320.9500000003822,0.0
4975925.760002146,0.0,4.042080001281288,0.0,0.7999999999999995,320.95000063661445,320.9500000003822,320.9500000003822,0.0
4975931.520004292,0.0,4.042080001281288,0.0,0.7999999999999995,320.95000063661445,320.9500000003822,320.9500000003822,0.0
4975943.040008583,0.0,4.042080001281288,0.0,0.7999999999999995,320.95000063661445,320.9500000003822,320.9500000003822,0.0
4975966.080017166,0.0,4.042080001281288,0.0,0.7999999999999995,320.95000063661445,320.9500000003822,320.9500000003822,0.0
4976012.160034332,0.0,4.042080001281288,0.0,0.7999999999999995,320.95000063661445,320.9500000003822,320.9500000003822,0.0
4976104.320068666,0.0,4.042080001281292,0.0,0.7999999999999995,320.95000063661445,320.9500000003822,320.9500000003822,0.0
4976280.0,0.0,4.04208000128129,0.0,0.7999999999999995,320.95000063661445,320.9500000003822,320.9500000003822,0.0
4976282.520001072,0.0,4.04208000128129,0.0,0.7999999999999995,320.95000063661445,320.9500000003822,320.9500000003822,0.0
4976285.040002146,0.0,4.04208000128129,0.0,0.7999999999999995,320.95000063661445,320.9500000003822,320.9500000003822,0.0
4976290.080004292,0.0,4.04208000128129,0.0,0.7999999999999995,320.95000063661445,320.9500000003822,320.9500000003822,0.0
4976300.160008583,0.0,4.04208000128129,0.0,0.7999999999999995,320.95000063661445,320.9500000003822,320.9500000003822,0.0
4976320.320017166,0.0,4.04208000128129,0.0,0.7999999999999995,320.95000063661445,320.9500000003822,320.9500000003822,0.0
4976360.640034333,0.0,4.04208000128129,0.0,0.7999999999999995,320.95000063661445,320.9500000003822,320.9500000003822,0.0
4976441.280068666,0.0,4.042080001281292,0.0,0.7999999999999995,320.95000063661445,320.9500000003822,320.9500000003822,0.0
4976602.5601373315,0.0,4.04208000128129,0.0,0.7999999999999995,320.95000063661445,320.9500000003822,320.9500000003822,0.0
4976640.0,0.0,4.04208000128129,0.0,0.7999999999999995,320.95000063661445,320.9500000003822,320.9500000003822,0.0
4976642.160001073,0.0,4.04208000128129,0.0,0.7999999999999995,320.95000063661445,320.9500000003822,320.9500000003822,0.0
4976644.320002146,0.0,4.04208000128129,0.0,0.7999999999999995,320.95000063661445,320.9500000003822,320.9500000003822,0.0
4976648.640004291,0.0,4.04208000128129,0.0,0.7999999999999995,320.95000063661445,320.9500000003822,320.9500000003822,0.0
4976657.280008583,0.0,4.04208000128129,0.0,0.7999999999999995,320.95000063661445,320.9500000003822,320.9500000003822,0.0
4976674.560017167,0.0,4.04208000128129,0.0,0.7999999999999995,320.95000063661445,320.9500000003822,320.9500000003822,0.0
4976709.120034332,0.0,4.04208000128129,0.0,0.7999999999999995,320.95000063661445,320.9500000003822,320.9500000003822,0.0
4976778.240068666,0.0,4.04208000128129,0.0,0.7999999999999995,320.95000063661445,320.9500000003822,320.9500000003822,0.0
4976916.480137331,0.0,4.042080001281292,0.0,0.7999999999999995,320.95000063661445,320.9500000003822,320.9500000003822,0.0
4977000.0,0.0,4.042080001281292,0.0,0.7999999999999995,320.95000063661445,320.9500000003822,320.9500000003822,0.0
4977001.800001073,0.0,4.042080001281292,0.0,0.7999999999999995,320.95000063661445,320.9500000003822,320.9500000003822,0.0
4977003.600002145,0.0,4.042080001281292,0.0,0.7999999999999995,320.95000063661445,320.9500000003822,320.9500000003822,0.0
4977007.200004292,0.0,4.042080001281292,0.0,0.7999999999999995,320.95000063661445,320.9500000003822,320.9500000003822,0.0
4977014.400008583,0.0,4.042080001281292,0.0,0.7999999999999995,320.95000063661445,320.9500000003822,320.9500000003822,0.0
4977028.800017166,0.0,4.042080001281292,0.0,0.7999999999999995,320.95000063661445,320.9500000003822,320.9500000003822,0.0
4977057.600034333,0.0,4.042080001281292,0.0,0.7999999999999995,320.95000063661445,320.9500000003822,320.9500000003822,0.0
4977115.200068666,0.0,4.04208000128129,0.0,0.7999999999999995,320.95000063661445,320.9500000003822,320.9500000003822,0.0
4977230.400137331,0.0,4.042080001281294,0.0,0.7999999999999995,320.95000063661445,320.9500000003822,320.9500000003822,0.0
4977360.0,0.0,4.042080001281292,0.0,0.7999999999999995,320.95000063661445,320.9500000003822,320.9500000003822,0.0
4977361.440001073,0.0,4.042080001281292,0.0,0.7999999999999995,320.95000063661445,320.9500000003822,320.9500000003822,0.0
4977362.880002146,0.0,4.042080001281292,0.0,0.7999999999999995,320.95000063661445,320.9500000003822,320.9500000003822,0.0
4977365.760004291,0.0,4.042080001281292,0.0,0.7999999999999995,320.95000063661445,320.9500000003822,320.9500000003822,0.0
4977371.520008584,0.0,4.042080001281292,0.0,0.7999999999999995,320.95000063661445,320.9500000003822,320.9500000003822,0.0
4977383.040017166,0.0,4.042080001281292,0.0,0.7999999999999995,320.95000063661445,320.9500000003822,320.9500000003822,0.0
4977406.080034332,0.0,4.042080001281292,0.0,0.7999999999999995,320.95000063661445,320.9500000003822,320.9500000003822,0.0
4977452.160068666,0.0,4.042080001281294,0.0,0.7999999999999995,320.95000063661445,320.9500000003822,320.9500000003822,0.0
4977544.320137331,0.0,4.042080001281294,0.0,0.7999999999999995,320.95000063661445,320.9500000003822,320.9500000003822,0.0
4977720.0,0.0,4.042080001281292,0.0,0.7999999999999995,320.95000063661445,320.9500000003822,320.9500000003822,0.0
4977721.080001073,0.0,4.042080001281292,0.0,0.7999999999999995,320.95000063661445,320.9500000003822,320.9500000003822,0.0
4977722.160002146,0.0,4.042080001281292,0.0,0.7999999999999995,320.95000063661445,320.9500000003822,320.9500000003822,0.0
4977724.320004292,0.0,4.042080001281292,0.0,0.7999999999999995,320.95000063661445,320.9500000003822,320.9500000003822,0.0
4977728.640008584,0.0,4.042080001281292,0.0,0.7999999999999995,320.95000063661445,320.9500000003822,320.9500000003822,0.0
4977737.280017166,0.0,4.042080001281292,0.0,0.7999999999999995,320.95000063661445,320.9500000003822,320.9500000003822,0.0
4977754.560034333,0.0,4.042080001281294,0.0,0.7999999999999995,320.95000063661445,320.9500000003822,320.9500000003822,0.0
4977789.120068666,0.0,4.042080001281294,0.0,0.7999999999999995,320.95000063661445,320.9500000003822,320.9500000003822,0.0
4977858.240137331,0.0,4.042080001281292,0.0,0.7999999999999995,320.95000063661445,320.9500000003822,320.9500000003822,0.0
4977996.480274662,0.0,4.042080001281294,0.0,0.7999999999999995,320.95000063661445,320.9500000003822,320.9500000003822,0.0
4978080.0,0.0,4.042080001281292,0.0,0.7999999999999995,320.95000063661445,320.9500000003822,320.9500000003822,0.0
4978080.720001073,0.0,4.042080001281292,0.0,0.7999999999999995,320.95000063661445,320.9500000003822,320.9500000003822,0.0
4978081.440002146,0.0,4.042080001281292,0.0,0.7999999999999995,320.95000063661445,320.9500000003822,320.9500000003822,0.0
4978082.880004291,0.0,4.042080001281292,0.0,0.7999999999999995,320.95000063661445,320.9500000003822,320.9500000003822,0.0
4978085.760008583,0.0,4.042080001281292,0.0,0.7999999999999995,320.95000063661445,320.9500000003822,320.9500000003822,0.0
4978091.520017167,0.0,4.042080001281292,0.0,0.7999999999999995,320.95000063661445,320.9500000003822,320.9500000003822,0.0
4978103.040034332,0.0,4.042080001281292,0.0,0.7999999999999995,320.95000063661445,320.9500000003822,320.9500000003822,0.0
4978126.080068666,0.0,4.042080001281292,0.0,0.7999999999999995,320.95000063661445,320.9500000003822,320.9500000003822,0.0
4978172.160137331,0.0,4.042080001281294,0.0,0.7999999999999995,320.95000063661445,320.9500000003822,320.9500000003822,0.0
4978264.320274662,0.0,4.042080001281292,0.0,0.7999999999999995,320.95000063661445,320.9500000003822,320.9500000003822,0.0
4978440.0,0.0,4.042080001281292,0.0,0.7999999999999995,320.95000063661445,320.9500000003822,320.9500000003822,0.0
4978440.360001073,0.0,4.042080001281292,0.0,0.7999999999999995,320.95000063661445,320.9500000003822,320.9500000003822,0.0
4978440.7200021455,0.0,4.042080001281292,0.0,0.7999999999999995,320.95000063661445,320.9500000003822,320.9500000003822,0.0
4978441.440004292,0.0,4.042080001281292,0.0,0.7999999999999995,320.95000063661445,320.9500000003822,320.9500000003822,0.0
4978442.880008583,0.0,4.042080001281292,0.0,0.7999999999999995,320.95000063661445,320.9500000003822,320.9500000003822,0.0
4978445.760017166,0.0,4.042080001281292,0.0,0.7999999999999995,320.95000063661445,320.9500000003822,320.9500000003822,0.0
4978451.520034333,0.0,4.042080001281292,0.0,0.7999999999999995,320.95000063661445,320.9500000003822,320.9500000003822,0.0
4978463.0400686655,0.0,4.042080001281292,0.0,0.7999999999999995,320.95000063661445,320.9500000003822,320.9500000003822,0.0
4978486.080137331,0.0,4.042080001281292,0.0,0.7999999999999995,320.95000063661445,320.9500000003822,320.9500000003822,0.0
4978532.160274662,0.0,4.042080001281292,0.0,0.7999999999999995,320.95000063661445,320.9500000003822,320.9500000003822,0.0
4978624.320549324,0.0,4.042080001281292,0.0,0.7999999999999995,320.95000063661445,320.9500000003822,320.9500000003822,0.0
4978800.0,0.0,4.042080001281294,0.0,0.7999999999999995,320.95000063661445,320.9500000003822,320.9500000003822,0.0
4982400.0,0.0,4.042080001281294,0.0,0.7999999999999995,319.5029147409045,319.5029139999964,319.5029139999964,0.0
4982403.6000011265,0.0,4.042080001281294,0.0,0.7999999999999995,319.5029147409045,319.5029139999964,319.5029139999964,0.0
4982407.200002253,0.0,4.042080001281294,0.0,0.7999999999999995,319.5029147409045,319.5029139999964,319.5029139999964,0.0
4982414.400004506,0.0,4.042080001281294,0.0,0.7999999999999995,319.5029147409045,319.5029139999964,319.5029139999964,0.0
4982428.800009012,0.0,4.042080001281294,0.0,0.7999999999999995,319.5029147409045,319.5029139999964,319.5029139999964,0.0
4982457.600018024,0.0,4.042080001281294,0.0,0.7999999999999995,319.5029147409045,319.5029139999964,319.5029139999964,0.0
4982515.20003605,0.0,4.042080001281294,0.0,0.7999999999999995,319.5029147409045,319.5029139999964,319.5029139999964,0.0
4982630.400072099,0.0,4.042080001281294,0.0,0.7999999999999995,319.5029147409045,319.5029139999964,319.5029139999964,0.0
4982760.0,0.0,4.042080001281294,0.0,0.7999999999999995,319.5029147409045,319.5029139999964,319.5029139999964,0.0
4982763.240001126,0.0,4.042080001281294,0.0,0.7999999999999995,319.5029147409045,319.5029139999964,319.5029139999964,0.0
4982766.480002253,0.0,4.042080001281294,0.0,0.7999999999999995,319.5029147409045,319.5029139999964,319.5029139999964,0.0
4982772.960004507,0.0,4.042080001281294,0.0,0.7999999999999995,319.5029147409045,319.5029139999964,319.5029139999964,0.0
4982785.920009012,0.0,4.042080001281294,0.0,0.7999999999999995,319.5029147409045,319.5029139999964,319.5029139999964,0.0
4982811.840018025,0.0,4.042080001281294,0.0,0.7999999999999995,319.5029147409045,319.5029139999964,319.5029139999964,0.0
4982863.680036049,0.0,4.042080001281294,0.0,0.7999999999999995,319.5029147409045,319.5029139999964,319.5029139999964,0.0
4982967.360072099,0.0,4.042080001281294,0.0,0.7999999999999995,319.5029147409045,319.5029139999964,319.5029139999964,0.0
4983120.0,0.0,4.042080001281294,0.0,0.7999999999999995,319.5029147409045,319.5029139999964,319.5029139999964,0.0
4983122.880001127,0.0,4.042080001281294,0.0,0.7999999999999995,319.5029147409045,319.5029139999964,319.5029139999964,0.0
4983125.760002253,0.0,4.042080001281294,0.0,0.7999999999999995,319.5029147409045,319.5029139999964,319.5029139999964,0.0
4983131.520004506,0.0,4.042080001281294,0.0,0.7999999999999995,319.5029147409045,319.5029139999964,319.5029139999964,0.0
4983143.040009012,0.0,4.042080001281294,0.0,0.7999999999999995,319.5029147409045,319.5029139999964,319.5029139999964,0.0
4983166.080018025,0.0,4.042080001281292,0.0,0.7999999999999995,319.5029147409045,319.5029139999964,319.5029139999964,0.0
4983212.16003605,0.0,4.042080001281292,0.0,0.7999999999999995,319.5029147409045,319.5029139999964,319.5029139999964,0.0
4983304.320072099,0.0,4.042080001281292,0.0,0.7999999999999995,319.5029147409045,319.5029139999964,319.5029139999964,0.0
4983480.0,0.0,4.042080001281292,0.0,0.7999999999999995,319.5029147409045,319.5029139999964,319.5029139999964,0.0
4983482.520001126,0.0,4.042080001281292,0.0,0.7999999999999995,319.5029147409045,319.5029139999964,319.5029139999964,0.0
4983485.040002253,0.0,4.042080001281292,0.0,0.7999999999999995,319.5029147409045,319.5029139999964,319.5029139999964,0.0
4983490.080004506,0.0,4.042080001281292,0.0,0.7999999999999995,319.5029147409045,319.5029139999964,319.5029139999964,0.0
4983500.160009013,0.0,4.042080001281292,0.0,0.7999999999999995,319.5029147409045,319.5029139999964,319.5029139999964,0.0
4983520.320018025,0.0,4.042080001281292,0.0,0.7999999999999995,319.5029147409045,319.5029139999964,319.5029139999964,0.0
4983560.640036049,0.0,4.042080001281292,0.0,0.7999999999999995,319.5029147409045,319.5029139999964,319.5029139999964,0.0
4983641.280072099,0.0,4.042080001281292,0.0,0.7999999999999995,319.5029147409045,319.5029139999964,319.5029139999964,0.0
4983802.560144197,0.0,4.042080001281294,0.0,0.7999999999999995,319.5029147409045,319.5029139999964,319.5029139999964,0.0
4983840.0,0.0,4.042080001281294,0.0,0.7999999999999995,319.5029147409045,319.5029139999964,319.5029139999964,0.0
4983842.160001126,0.0,4.042080001281294,0.0,0.7999999999999995,319.5029147409045,319.5029139999964,319.5029139999964,0.0
4983844.320002253,0.0,4.042080001281294,0.0,0.7999999999999995,319.5029147409045,319.5029139999964,319.5029139999964,0.0
4983848.640004506,0.0,4.042080001281294,0.0,0.7999999999999995,319.5029147409045,319.5029139999964,319.5029139999964,0.0
4983857.280009013,0.0,4.042080001281294,0.0,0.7999999999999995,319.5029147409045,319.5029139999964,319.5029139999964,0.0
4983874.560018024,0.0,4.042080001281294,0.0,0.7999999999999995,319.5029147409045,319.5029139999964,319.5029139999964,0.0
4983909.12003605,0.0,4.042080001281294,0.0,0.7999999999999995,319.5029147409045,319.5029139999964,319.5029139999964,0.0
4983978.240072099,0.0,4.042080001281294,0.0,0.7999999999999995,319.5029147409045,319.5029139999964,319.5029139999964,0.0
4984116.480144197,0.0,4.042080001281294,0.0,0.7999999999999995,319.5029147409045,319.5029139999964,319.5029139999964,0.0
4984200.0,0.0,4.042080001281294,0.0,0.7999999999999995,319.5029147409045,319.5029139999964,319.5029139999964,0.0
4984201.800001127,0.0,4.042080001281294,0.0,0.7999999999999995,319.5029147409045,319.5029139999964,319.5029139999964,0.0
4984203.600002253,0.0,4.042080001281294,0.0,0.7999999999999995,319.5029147409045,319.5029139999964,319.5029139999964,0.0
4984207.200004506,0.0,4.042080001281294,0.0,0.7999999999999995,319.5029147409045,319.5029139999964,319.5029139999964,0.0
4984214.400009013,0.0,4.042080001281294,0.0,0.7999999999999995,319.5029147409045,319.5029139999964,319.5029139999964,0.0
4984228.800018025,0.0,4.042080001281294,0.0,0.7999999999999995,319.5029147409045,319.5029139999964,319.5029139999964,0.0
4984257.600036049,0.0,4.042080001281294,0.0,0.7999999999999995,319.5029147409045,319.5029139999964,319.5029139999964,0.0
4984315.2000720985,0.0,4.042080001281294,0.0,0.7999999999999995,319.5029147409045,319.5029139999964,319.5029139999964,0.0
4984430.400144197,0.0,4.042080001281294,0.0,0.7999999999999995,319.5029147409045,319.5029139999964,319.5029139999964,0.0
4984560.0,0.0,4.042080001281292,0.0,0.7999999999999995,319.5029147409045,319.5029139999964,319.5029139999964,0.0
4984561.440001126,0.0,4.042080001281292,0.0,0.7999999999999995,319.5029147409045,319.5029139999964,319.5029139999964,0.0
4984562.880002253,0.0,4.042080001281292,0.0,0.7999999999999995,319.5029147409045,319.5029139999964,319.5029139999964,0.0
4984565.760004506,0.0,4.042080001281292,0.0,0.7999999999999995,319.5029147409045,319.5029139999964,319.5029139999964,0.0
4984571.520009012,0.0,4.042080001281292,0.0,0.7999999999999995,319.5029147409045,319.5029139999964,319.5029139999964,0.0
4984583.040018025,0.0,4.042080001281292,0.0,0.7999999999999995,319.5029147409045,319.5029139999964,319.5029139999964,0.0
4984606.08003605,0.0,4.042080001281294,0.0,0.7999999999999995,319.5029147409045,319.5029139999964,319.5029139999964,0.0
4984652.1600720985,0.0,4.042080001281294,0.0,0.7999999999999995,319.5029147409045,319.5029139999964,319.5029139999964,0.0
4984744.320144198,0.0,4.042080001281294,0.0,0.7999999999999995,319.5029147409045,319.5029139999964,319.5029139999964,0.0
4984920.0,0.0,4.042080001281294,0.0,0.7999999999999995,319.5029147409045,319.5029139999964,319.5029139999964,0.0
4984921.080001127,0.0,4.042080001281294,0.0,0.7999999999999995,319.5029147409045,319.5029139999964,319.5029139999964,0.0
4984922.160002253,0.0,4.042080001281294,0.0,0.7999999999999995,319.5029147409045,319.5029139999964,319.5029139999964,0.0
4984924.320004506,0.0,4.042080001281294,0.0,0.7999999999999995,319.5029147409045,319.5029139999964,319.5029139999964,0.0
4984928.640009012,0.0,4.042080001281294,0.0,0.7999999999999995,319.5029147409045,319.5029139999964,319.5029139999964,0.0
4984937.280018025,0.0,4.042080001281292,0.0,0.7999999999999995,319.5029147409045,319.5029139999964,319.5029139999964,0.0
4984954.560036049,0.0,4.042080001281292,0.0,0.7999999999999995,319.5029147409045,319.5029139999964,319.5029139999964,0.0
4984989.120072098,0.0,4.042080001281292,0.0,0.7999999999999995,319.5029147409045,319.5029139999964,319.5029139999964,0.0
4985058.240144198,0.0,4.042080001281292,0.0,0.7999999999999995,319.5029147409045,319.5029139999964,319.5029139999964,0.0
4985196.480288395,0.0,4.042080001281292,0.0,0.7999999999999995,319.5029147409045,319.5029139999964,319.5029139999964,0.0
4985280.0,0.0,4.042080001281292,0.0,0.7999999999999995,319.5029147409045,319.5029139999964,319.5029139999964,0.0
4985280.720001127,0.0,4.042080001281292,0.0,0.7999999999999995,319.5029147409045,319.5029139999964,319.5029139999964,0.0
4985281.440002253,0.0,4.042080001281292,0.0,0.7999999999999995,319.5029147409045,319.5029139999964,319.5029139999964,0.0
4985282.880004507,0.0,4.042080001281292,0.0,0.7999999999999995,319.5029147409045,319.5029139999964,319.5029139999964,0.0
4985285.760009012,0.0,4.042080001281292,0.0,0.7999999999999995,319.5029147409045,319.5029139999964,319.5029139999964,0.0
4985291.520018024,0.0,4.042080001281292,0.0,0.7999999999999995,319.5029147409045,319.5029139999964,319.5029139999964,0.0
4985303.04003605,0.0,4.042080001281292,0.0,0.7999999999999995,319.5029147409045,319.5029139999964,319.5029139999964,0.0
4985326.080072098,0.0,4.042080001281292,0.0,0.7999999999999995,319.5029147409045,319.5029139999964,319.5029139999964,0.0
4985372.160144198,0.0,4.042080001281292,0.0,0.7999999999999995,319.5029147409045,319.5029139999964,319.5029139999964,0.0
4985464.320288395,0.0,4.042080001281292,0.0,0.7999999999999995,319.5029147409045,319.5029139999964,319.5029139999964,0.0
4985640.0,0.0,4.042080001281292,0.0,0.7999999999999995,319.5029147409045,319.5029139999964,319.5029139999964,0.0
4985640.360001126,0.0,4.042080001281292,0.0,0.7999999999999995,319.5029147409045,319.5029139999964,319.5029139999964,0.0
4985640.720002253,0.0,4.042080001281292,0.0,0.7999999999999995,319.5029147409045,319.5029139999964,319.5029139999964,0.0
4985641.440004506,0.0,4.042080001281292,0.0,0.7999999999999995,319.5029147409045,319.5029139999964,319.5029139999964,0.0
4985642.880009012,0.0,4.042080001281292,0.0,0.7999999999999995,319.5029147409045,319.5029139999964,319.5029139999964,0.0
4985645.760018025,0.0,4.042080001281292,0.0,0.7999999999999995,319.5029147409045,319.5029139999964,319.5029139999964,0.0
4985651.520036049,0.0,4.042080001281292,0.0,0.7999999999999995,319.5029147409045,319.5029139999964,319.5029139999964,0.0
4985663.040072098,0.0,4.042080001281292,0.0,0.7999999999999995,319.5029147409045,319.5029139999964,319.5029139999964,0.0
4985686.080144198,0.0,4.042080001281292,0.0,0.7999999999999995,319.5029147409045,319.5029139999964,319.5029139999964,0.0
4985732.160288395,0.0,4.042080001281292,0.0,0.7999999999999995,319.5029147409045,319.5029139999964,319.5029139999964,0.0
4985824.32057679,0.0,4.042080001281292,0.0,0.7999999999999995,319.5029147409045,319.5029139999964,319.5029139999964,0.0
4986000.0,0.0,4.042080001281294,0.0,0.7999999999999995,319.5029147409045,319.5029139999964,319.5029139999964,0.0
4989600.0,0.0,4.042080001281294,0.0,0.7999999999999995,317.9500007950974,317.9500000000054,317.9500000000054,0.0
4989603.600001181,0.0,4.042080001281294,0.0,0.7999999999999995,317.9500007950974,317.9500000000054,317.9500000000054,0.0
4989607.20000236,0.0,4.042080001281294,0.0,0.7999999999999995,317.9500007950974,317.9500000000054,317.9500000000054,0.0
4989614.40000472,0.0,4.042080001281294,0.0,0.7999999999999995,317.9500007950974,317.9500000000054,317.9500000000054,0.0
4989628.800009442,0.0,4.042080001281292,0.0,0.7999999999999995,317.9500007950974,317.9500000000054,317.9500000000054,0.0
4989657.600018883,0.0,4.042080001281292,0.0,0.7999999999999995,317.9500007950974,317.9500000000054,317.9500000000054,0.0
4989715.200037766,0.0,4.042080001281292,0.0,0.7999999999999995,317.9500007950974,317.9500000000054,317.9500000000054,0.0
4989830.400075532,0.0,4.042080001281292,0.0,0.7999999999999995,317.9500007950974,317.9500000000054,317.9500000000054,0.0
4989960.0,0.0,4.042080001281295,0.0,0.7999999999999995,317.9500007950974,317.9500000000054,317.9500000000054,0.0
4989963.24000118,0.0,4.042080001281295,0.0,0.7999999999999995,317.9500007950974,317.9500000000054,317.9500000000054,0.0
4989966.48000236,0.0,4.042080001281295,0.0,0.7999999999999995,317.9500007950974,317.9500000000054,317.9500000000054,0.0
4989972.960004721,0.0,4.042080001281295,0.0,0.7999999999999995,317.9500007950974,317.9500000000054,317.9500000000054,0.0
4989985.920009442,0.0,4.042080001281295,0.0,0.7999999999999995,317.9500007950974,317.9500000000054,317.9500000000054,0.0
4990011.840018883,0.0,4.042080001281295,0.0,0.7999999999999995,317.9500007950974,317.9500000000054,317.9500000000054,0.0
4990063.680037766,0.0,4.042080001281294,0.0,0.7999999999999995,317.9500007950974,317.9500000000054,317.9500000000054,0.0
4990167.3600755315,0.0,4.04208000128129,0.0,0.7999999999999995,317.9500007950974,317.9500000000054,317.9500000000054,0.0
4990320.0,0.0,4.042080001281288,0.0,0.7999999999999995,317.9500007950974,317.9500000000054,317.9500000000054,0.0
4990322.88000118,0.0,4.042080001281288,0.0,0.7999999999999995,317.9500007950974,317.9500000000054,317.9500000000054,0.0
4990325.760002361,0.0,4.042080001281288,0.0,0.7999999999999995,317.9500007950974,317.9500000000054,317.9500000000054,0.0
4990331.52000472,0.0,4.042080001281288,0.0,0.7999999999999995,317.9500007950974,317.9500000000054,317.9500000000054,0.0
4990343.040009442,0.0,4.042080001281288,0.0,0.7999999999999995,317.9500007950974,317.9500000000054,317.9500000000054,0.0
4990366.080018883,0.0,4.042080001281288,0.0,0.7999999999999995,317.9500007950974,317.9500000000054,317.9500000000054,0.0
4990412.160037766,0.0,4.042080001281288,0.0,0.7999999999999995,317.9500007950974,317.9500000000054,317.9500000000054,0.0
4990504.320075532,0.0,4.04208000128129,0.0,0.7999999999999995,317.9500007950974,317.9500000000054,317.9500000000054,0.0
4990680.0,0.0,4.042080001281292,0.0,0.7999999999999995,317.9500007950974,317.9500000000054,317.9500000000054,0.0
4990682.5200011805,0.0,4.042080001281292,0.0,0.7999999999999995,317.9500007950974,317.9500000000054,317.9500000000054,0.0
4990685.04000236,0.0,4.042080001281292,0.0,0.7999999999999995,317.9500007950974,317.9500000000054,317.9500000000054,0.0
4990690.080004721,0.0,4.042080001281292,0.0,0.7999999999999995,317.9500007950974,317.9500000000054,317.9500000000054,0.0
4990700.160009442,0.0,4.04208000128129,0.0,0.7999999999999995,317.9500007950974,317.9500000000054,317.9500000000054,0.0
4990720.320018883,0.0,4.042080001281288,0.0,0.7999999999999995,317.9500007950974,317.9500000000054,317.9500000000054,0.0
4990760.640037766,0.0,4.042080001281292,0.0,0.7999999999999995,317.9500007950974,317.9500000000054,317.9500000000054,0.0
4990841.280075532,0.0,4.042080001281294,0.0,0.7999999999999995,317.9500007950974,317.9500000000054,317.9500000000054,0.0
4991002.560151064,0.0,4.04208000128129,0.0,0.7999999999999995,317.9500007950974,317.9500000000054,317.9500000000054,0.0
4991040.0,0.0,4.042080001281292,0.0,0.7999999999999995,317.9500007950974,317.9500000000054,317.9500000000054,0.0
4991042.16000118,0.0,4.042080001281292,0.0,0.7999999999999995,317.9500007950974,317.9500000000054,317.9500000000054,0.0
4991044.32000236,0.0,4.042080001281292,0.0,0.7999999999999995,317.9500007950974,317.9500000000054,317.9500000000054,0.0
4991048.640004721,0.0,4.042080001281292,0.0,0.7999999999999995,317.9500007950974,317.9500000000054,317.9500000000054,0.0
4991057.280009441,0.0,4.042080001281292,0.0,0.7999999999999995,317.9500007950974,317.9500000000054,317.9500000000054,0.0
4991074.560018883,0.0,4.042080001281292,0.0,0.7999999999999995,317.9500007950974,317.9500000000054,317.9500000000054,0.0
4991109.120037766,0.0,4.042080001281292,0.0,0.7999999999999995,317.9500007950974,317.9500000000054,317.9500000000054,0.0
4991178.240075532,0.0,4.042080001281292,0.0,0.7999999999999995,317.9500007950974,317.9500000000054,317.9500000000054,0.0
4991316.480151064,0.0,4.042080001281292,0.0,0.7999999999999995,317.9500007950974,317.9500000000054,317.9500000000054,0.0
4991400.0,0.0,4.042080001281292,0.0,0.7999999999999995,317.9500007950974,317.9500000000054,317.9500000000054,0.0
4991401.80000118,0.0,4.042080001281292,0.0,0.7999999999999995,317.9500007950974,317.9500000000054,317.9500000000054,0.0
4991403.6000023605,0.0,4.042080001281292,0.0,0.7999999999999995,317.9500007950974,317.9500000000054,317.9500000000054,0.0
4991407.200004721,0.0,4.042080001281292,0.0,0.7999999999999995,317.9500007950974,317.9500000000054,317.9500000000054,0.0
4991414.400009441,0.0,4.042080001281292,0.0,0.7999999999999995,317.9500007950974,317.9500000000054,317.9500000000054,0.0
4991428.800018883,0.0,4.042080001281292,0.0,0.7999999999999995,317.9500007950974,317.9500000000054,317.9500000000054,0.0
4991457.600037766,0.0,4.042080001281292,0.0,0.7999999999999995,317.9500007950974,317.9500000000054,317.9500000000054,0.0
4991515.200075532,0.0,4.042080001281292,0.0,0.7999999999999995,317.9500007950974,317.9500000000054,317.9500000000054,0.0
4991630.400151064,0.0,4.042080001281292,0.0,0.7999999999999995,317.9500007950974,317.9500000000054,317.9500000000054,0.0
4991760.0,0.0,4.042080001281292,0.0,0.7999999999999995,317.9500007950974,317.9500000000054,317.9500000000054,0.0
4991761.44000118,0.0,4.042080001281292,0.0,0.7999999999999995,317.9500007950974,317.9500000000054,317.9500000000054,0.0
4991762.880002361,0.0,4.042080001281292,0.0,0.7999999999999995,317.9500007950974,317.9500000000054,317.9500000000054,0.0
4991765.760004721,0.0,4.042080001281292,0.0,0.7999999999999995,317.9500007950974,317.9500000000054,317.9500000000054,0.0
4991771.520009441,0.0,4.042080001281292,0.0,0.7999999999999995,317.9500007950974,317.9500000000054,317.9500000000054,0.0
4991783.040018883,0.0,4.042080001281292,0.0,0.7999999999999995,317.9500007950974,317.9500000000054,317.9500000000054,0.0
4991806.080037766,0.0,4.042080001281292,0.0,0.7999999999999995,317.9500007950974,317.9500000000054,317.9500000000054,0.0
4991852.160075532,0.0,4.042080001281292,0.0,0.7999999999999995,317.9500007950974,317.9500000000054,317.9500000000054,0.0
4991944.320151064,0.0,4.042080001281292,0.0,0.7999999999999995,317.9500007950974,317.9500000000054,317.9500000000054,0.0
4992120.0,0.0,4.042080001281294,0.0,0.7999999999999995,317.9500007950974,317.9500000000054,317.9500000000054,0.0
4992121.08000118,0.0,4.042080001281294,0.0,0.7999999999999995,317.9500007950974,317.9500000000054,317.9500000000054,0.0
4992122.16000236,0.0,4.042080001281294,0.0,0.7999999999999995,317.9500007950974,317.9500000000054,317.9500000000054,0.0
4992124.320004721,0.0,4.042080001281294,0.0,0.7999999999999995,317.9500007950974,317.9500000000054,317.9500000000054,0.0
4992128.640009441,0.0,4.042080001281294,0.0,0.7999999999999995,317.9500007950974,317.9500000000054,317.9500000000054,0.0
4992137.280018883,0.0,4.042080001281294,0.0,0.7999999999999995,317.9500007950974,317.9500000000054,317.9500000000054,0.0
4992154.560037766,0.0,4.042080001281294,0.0,0.7999999999999995,317.9500007950974,317.9500000000054,317.9500000000054,0.0
4992189.120075532,0.0,4.042080001281294,0.0,0.7999999999999995,317.9500007950974,317.9500000000054,317.9500000000054,0.0
4992258.240151064,0.0,4.042080001281301,0.0,0.7999999999999995,317.9500007950974,317.9500000000054,317.9500000000054,0.0
4992396.480302128,0.0,4.042080001281299,0.0,0.7999999999999995,317.9500007950974,317.9500000000054,317.9500000000054,0.0
4992480.0,0.0,4.042080001281301,0.0,0.7999999999999995,317.9500007950974,317.9500000000054,317.9500000000054,0.0
4992480.72000118,0.0,4.042080001281301,0.0,0.7999999999999995,317.9500007950974,317.9500000000054,317.9500000000054,0.0
4992481.44000236,0.0,4.042080001281301,0.0,0.7999999999999995,317.9500007950974,317.9500000000054,317.9500000000054,0.0
4992482.880004721,0.0,4.042080001281301,0.0,0.7999999999999995,317.9500007950974,317.9500000000054,317.9500000000054,0.0
4992485.7600094415,0.0,4.042080001281301,0.0,0.7999999999999995,317.9500007950974,317.9500000000054,317.9500000000054,0.0
4992491.520018883,0.0,4.042080001281301,0.0,0.7999999999999995,317.9500007950974,317.9500000000054,317.9500000000054,0.0
4992503.040037766,0.0,4.042080001281301,0.0,0.7999999999999995,317.9500007950974,317.9500000000054,317.9500000000054,0.0
4992526.080075532,0.0,4.042080001281301,0.0,0.7999999999999995,317.9500007950974,317.9500000000054,317.9500000000054,0.0
4992572.160151064,0.0,4.042080001281301,0.0,0.7999999999999995,317.9500007950974,317.9500000000054,317.9500000000054,0.0
4992664.320302128,0.0,4.042080001281301,0.0,0.7999999999999995,317.9500007950974,317.9500000000054,317.9500000000054,0.0
4992840.0,0.0,4.042080001281301,0.0,0.7999999999999995,317.9500007950974,317.9500000000054,317.9500000000054,0.0
4992840.36000118,0.0,4.042080001281301,0.0,0.7999999999999995,317.9500007950974,317.9500000000054,317.9500000000054,0.0
4992840.720002361,0.0,4.042080001281301,0.0,0.7999999999999995,317.9500007950974,317.9500000000054,317.9500000000054,0.0
4992841.44000472,0.0,4.042080001281301,0.0,0.7999999999999995,317.9500007950974,317.9500000000054,317.9500000000054,0.0
4992842.880009442,0.0,4.042080001281301,0.0,0.7999999999999995,317.9500007950974,317.9500000000054,317.9500000000054,0.0
4992845.760018883,0.0,4.042080001281301,0.0,0.7999999999999995,317.9500007950974,317.9500000000054,317.9500000000054,0.0
4992851.520037766,0.0,4.042080001281301,0.0,0.7999999999999995,317.9500007950974,317.9500000000054,317.9500000000054,0.0
4992863.040075532,0.0,4.042080001281301,0.0,0.7999999999999995,317.9500007950974,317.9500000000054,317.9500000000054,0.0
4992886.080151064,0.0,4.042080001281301,0.0,0.7999999999999995,317.9500007950974,317.9500000000054,317.9500000000054,0.0
4992932.160302128,0.0,4.042080001281301,0.0,0.7999999999999995,317.9500007950974,317.9500000000054,317.9500000000054,0.0
4993024.320604255,0.0,4.0420800012813025,0.0,0.7999999999999995,317.9500007950974,317.9500000000054,317.9500000000054,0.0
4993200.0,0.0,4.042080001281299,0.0,0.7999999999999995,317.9500007950974,317.9500000000054,317.9500000000054,0.0
4996800.0,0.0,4.042080001281299,0.0,0.7999999999999995,316.39708679544884,316.3970860003568,316.3970860003568,0.0
4996803.600001234,0.0,4.042080001281299,0.0,0.7999999999999995,316.39708679544884,316.3970860003568,316.3970860003568,0.0
4996807.200002467,0.0,4.042080001281299,0.0,0.7999999999999995,316.39708679544884,316.3970860003568,316.3970860003568,0.0
4996814.400004935,0.0,4.042080001281299,0.0,0.7999999999999995,316.39708679544884,316.3970860003568,316.3970860003568,0.0
4996828.800009871,0.0,4.042080001281299,0.0,0.7999999999999995,316.39708679544884,316.3970860003568,316.3970860003568,0.0
4996857.600019741,0.0,4.042080001281299,0.0,0.7999999999999995,316.39708679544884,316.3970860003568,316.3970860003568,0.0
4996915.200039483,0.0,4.042080001281301,0.0,0.7999999999999995,316.39708679544884,316.3970860003568,316.3970860003568,0.0
4997030.400078965,0.0,4.042080001281301,0.0,0.7999999999999995,316.39708679544884,316.3970860003568,316.3970860003568,0.0
4997160.0,0.0,4.042080001281297,0.0,0.7999999999999995,316.39708679544884,316.3970860003568,316.3970860003568,0.0
4997163.240001234,0.0,4.042080001281297,0.0,0.7999999999999995,316.39708679544884,316.3970860003568,316.3970860003568,0.0
4997166.4800024675,0.0,4.042080001281297,0.0,0.7999999999999995,316.39708679544884,316.3970860003568,316.3970860003568,0.0
4997172.960004935,0.0,4.042080001281297,0.0,0.7999999999999995,316.39708679544884,316.3970860003568,316.3970860003568,0.0
4997185.920009871,0.0,4.042080001281297,0.0,0.7999999999999995,316.39708679544884,316.3970860003568,316.3970860003568,0.0
4997211.840019741,0.0,4.0420800012813025,0.0,0.7999999999999995,316.39708679544884,316.3970860003568,316.3970860003568,0.0
4997263.680039482,0.0,4.042080001281297,0.0,0.7999999999999995,316.39708679544884,316.3970860003568,316.3970860003568,0.0
4997367.360078965,0.0,4.042080001281301,0.0,0.7999999999999995,316.39708679544884,316.3970860003568,316.3970860003568,0.0
4997520.0,0.0,4.0420800012813025,0.0,0.7999999999999995,316.39708679544884,316.3970860003568,316.3970860003568,0.0
4997522.880001234,0.0,4.0420800012813025,0.0,0.7999999999999995,316.39708679544884,316.3970860003568,316.3970860003568,0.0
4997525.760002468,0.0,4.0420800012813025,0.0,0.7999999999999995,316.39708679544884,316.3970860003568,316.3970860003568,0.0
4997531.520004936,0.0,4.0420800012813025,0.0,0.7999999999999995,316.39708679544884,316.3970860003568,316.3970860003568,0.0
4997543.040009871,0.0,4.0420800012813025,0.0,0.7999999999999995,316.39708679544884,316.3970860003568,316.3970860003568,0.0
4997566.080019741,0.0,4.0420800012813025,0.0,0.7999999999999995,316.39708679544884,316.3970860003568,316.3970860003568,0.0
4997612.160039483,0.0,4.0420800012813025,0.0,0.7999999999999995,316.39708679544884,316.3970860003568,316.3970860003568,0.0
4997704.320078965,0.0,4.0420800012813025,0.0,0.7999999999999995,316.39708679544884,316.3970860003568,316.3970860003568,0.0
4997880.0,0.0,4.042080001281301,0.0,0.7999999999999995,316.39708679544884,316.3970860003568,316.3970860003568,0.0
4997882.520001234,0.0,4.042080001281301,0.0,0.7999999999999995,316.39708679544884,316.3970860003568,316.3970860003568,0.0
4997885.040002468,0.0,4.042080001281301,0.0,0.7999999999999995,316.39708679544884,316.3970860003568,316.3970860003568,0.0
4997890.080004935,0.0,4.042080001281301,0.0,0.7999999999999995,316.39708679544884,316.3970860003568,316.3970860003568,0.0
4997900.16000987,0.0,4.042080001281301,0.0,0.7999999999999995,316.39708679544884,316.3970860003568,316.3970860003568,0.0
4997920.320019742,0.0,4.0420800012813025,0.0,0.7999999999999995,316.39708679544884,316.3970860003568,316.3970860003568,0.0
4997960.640039482,0.0,4.0420800012813025,0.0,0.7999999999999995,316.39708679544884,316.3970860003568,316.3970860003568,0.0
4998041.280078965,0.0,4.0420800012813025,0.0,0.7999999999999995,316.39708679544884,316.3970860003568,316.3970860003568,0.0
4998202.5601579305,0.0,4.042080001281304,0.0,0.7999999999999995,316.39708679544884,316.3970860003568,316.3970860003568,0.0
4998240.0,0.0,4.0420800012813025,0.0,0.7999999999999995,316.39708679544884,316.3970860003568,316.3970860003568,0.0
4998242.160001234,0.0,4.0420800012813025,0.0,0.7999999999999995,316.39708679544884,316.3970860003568,316.3970860003568,0.0
4998244.320002467,0.0,4.0420800012813025,0.0,0.7999999999999995,316.39708679544884,316.3970860003568,316.3970860003568,0.0
4998248.640004936,0.0,4.0420800012813025,0.0,0.7999999999999995,316.39708679544884,316.3970860003568,316.3970860003568,0.0
4998257.28000987,0.0,4.0420800012813025,0.0,0.7999999999999995,316.39708679544884,316.3970860003568,316.3970860003568,0.0
4998274.560019741,0.0,4.0420800012813025,0.0,0.7999999999999995,316.39708679544884,316.3970860003568,316.3970860003568,0.0
4998309.120039483,0.0,4.0420800012813025,0.0,0.7999999999999995,316.39708679544884,316.3970860003568,316.3970860003568,0.0
4998378.240078965,0.0,4.0420800012813025,0.0,0.7999999999999995,316.39708679544884,316.3970860003568,316.3970860003568,0.0
4998516.48015793,0.0,4.0420800012813025,0.0,0.7999999999999995,316.39708679544884,316.3970860003568,316.3970860003568,0.0
4998600.0,0.0,4.042080001281301,0.0,0.7999999999999995,316.39708679544884,316.3970860003568,316.3970860003568,0.0
4998601.800001234,0.0,4.042080001281301,0.0,0.7999999999999995,316.39708679544884,316.3970860003568,316.3970860003568,0.0
4998603.600002468,0.0,4.042080001281301,0.0,0.7999999999999995,316.39708679544884,316.3970860003568,316.3970860003568,0.0
4998607.200004935,0.0,4.042080001281301,0.0,0.7999999999999995,316.39708679544884,316.3970860003568,316.3970860003568,0.0
4998614.4000098705,0.0,4.042080001281301,0.0,0.7999999999999995,316.39708679544884,316.3970860003568,316.3970860003568,0.0
4998628.800019741,0.0,4.042080001281301,0.0,0.7999999999999995,316.39708679544884,316.3970860003568,316.3970860003568,0.0
4998657.600039482,0.0,4.0420800012813025,0.0,0.7999999999999995,316.39708679544884,316.3970860003568,316.3970860003568,0.0
4998715.200078965,0.0,4.0420800012813025,0.0,0.7999999999999995,316.39708679544884,316.3970860003568,316.3970860003568,0.0
4998830.40015793,0.0,4.0420800012813025,0.0,0.7999999999999995,316.39708679544884,316.3970860003568,316.3970860003568,0.0
4998960.0,0.0,4.042080001281306,0.0,0.7999999999999995,316.39708679544884,316.3970860003568,316.3970860003568,0.0
4998961.4400012335,0.0,4.042080001281306,0.0,0.7999999999999995,316.39708679544884,316.3970860003568,316.3970860003568,0.0
4998962.880002468,0.0,4.042080001281306,0.0,0.7999999999999995,316.39708679544884,316.3970860003568,316.3970860003568,0.0
4998965.760004936,0.0,4.042080001281306,0.0,0.7999999999999995,316.39708679544884,316.3970860003568,316.3970860003568,0.0
4998971.520009871,0.0,4.042080001281306,0.0,0.7999999999999995,316.39708679544884,316.3970860003568,316.3970860003568,0.0
4998983.040019741,0.0,4.042080001281306,0.0,0.7999999999999995,316.39708679544884,316.3970860003568,316.3970860003568,0.0
4999006.080039483,0.0,4.042080001281306,0.0,0.7999999999999995,316.39708679544884,316.3970860003568,316.3970860003568,0.0
4999052.160078965,0.0,4.0420800012813025,0.0,0.7999999999999995,316.39708679544884,316.3970860003568,316.3970860003568,0.0
4999144.32015793,0.0,4.0420800012813025,0.0,0.7999999999999995,316.39708679544884,316.3970860003568,316.3970860003568,0.0
4999320.0,0.0,4.0420800012813025,0.0,0.7999999999999995,316.39708679544884,316.3970860003568,316.3970860003568,0.0
4999321.080001234,0.0,4.0420800012813025,0.0,0.7999999999999995,316.39708679544884,316.3970860003568,316.3970860003568,0.0
4999322.160002467,0.0,4.0420800012813025,0.0,0.7999999999999995,316.39708679544884,316.3970860003568,316.3970860003568,0.0
4999324.320004935,0.0,4.0420800012813025,0.0,0.7999999999999995,316.39708679544884,316.3970860003568,316.3970860003568,0.0
4999328.640009871,0.0,4.0420800012813025,0.0,0.7999999999999995,316.39708679544884,316.3970860003568,316.3970860003568,0.0
4999337.2800197415,0.0,4.0420800012813025,0.0,0.7999999999999995,316.39708679544884,316.3970860003568,316.3970860003568,0.0
4999354.560039483,0.0,4.0420800012813025,0.0,0.7999999999999995,316.39708679544884,316.3970860003568,316.3970860003568,0.0
4999389.120078965,0.0,4.042080001281304,0.0,0.7999999999999995,316.39708679544884,316.3970860003568,316.3970860003568,0.0
4999458.24015793,0.0,4.042080001281304,0.0,0.7999999999999995,316.39708679544884,316.3970860003568,316.3970860003568,0.0
4999596.48031586,0.0,4.042080001281304,0.0,0.7999999999999995,316.39708679544884,316.3970860003568,316.3970860003568,0.0
4999680.0,0.0,4.042080001281304,0.0,0.7999999999999995,316.39708679544884,316.3970860003568,316.3970860003568,0.0
4999680.720001234,0.0,4.042080001281304,0.0,0.7999999999999995,316.39708679544884,316.3970860003568,316.3970860003568,0.0
4999681.4400024675,0.0,4.042080001281304,0.0,0.7999999999999995,316.39708679544884,316.3970860003568,316.3970860003568,0.0
4999682.880004935,0.0,4.042080001281304,0.0,0.7999999999999995,316.39708679544884,316.3970860003568,316.3970860003568,0.0
4999685.760009871,0.0,4.042080001281304,0.0,0.7999999999999995,316.39708679544884,316.3970860003568,316.3970860003568,0.0
4999691.520019742,0.0,4.042080001281304,0.0,0.7999999999999995,316.39708679544884,316.3970860003568,316.3970860003568,0.0
4999703.0400394825,0.0,4.042080001281304,0.0,0.7999999999999995,316.39708679544884,316.3970860003568,316.3970860003568,0.0
4999726.080078965,0.0,4.042080001281304,0.0,0.7999999999999995,316.39708679544884,316.3970860003568,316.3970860003568,0.0
4999772.16015793,0.0,4.042080001281306,0.0,0.7999999999999995,316.39708679544884,316.3970860003568,316.3970860003568,0.0
4999864.320315861,0.0,4.042080001281304,0.0,0.7999999999999995,316.39708679544884,316.3970860003568,316.3970860003568,0.0
5000040.0,0.0,4.042080001281306,0.0,0.7999999999999995,316.39708679544884,316.3970860003568,316.3970860003568,0.0
5000040.360001233,0.0,4.042080001281306,0.0,0.7999999999999995,316.39708679544884,316.3970860003568,316.3970860003568,0.0
5000040.720002468,0.0,4.042080001281306,0.0,0.7999999999999995,316.39708679544884,316.3970860003568,316.3970860003568,0.0
5000041.4400049355,0.0,4.042080001281306,0.0,0.7999999999999995,316.39708679544884,316.3970860003568,316.3970860003568,0.0
5000042.880009871,0.0,4.042080001281306,0.0,0.7999999999999995,316.39708679544884,316.3970860003568,316.3970860003568,0.0
5000045.760019741,0.0,4.042080001281306,0.0,0.7999999999999995,316.39708679544884,316.3970860003568,316.3970860003568,0.0
5000051.520039483,0.0,4.042080001281306,0.0,0.7999999999999995,316.39708679544884,316.3970860003568,316.3970860003568,0.0
5000063.040078965,0.0,4.042080001281306,0.0,0.7999999999999995,316.39708679544884,316.3970860003568,316.3970860003568,0.0
5000086.08015793,0.0,4.042080001281304,0.0,0.7999999999999995,316.39708679544884,316.3970860003568,316.3970860003568,0.0
5000132.160315861,0.0,4.042080001281304,0.0,0.7999999999999995,316.39708679544884,316.3970860003568,316.3970860003568,0.0
5000224.320631721,0.0,4.0420800012813025,0.0,0.7999999999999995,316.39708679544884,316.3970860003568,316.3970860003568,0.0
5000400.0,0.0,4.0420800012813025,0.0,0.7999999999999995,316.39708679544884,316.3970860003568,316.3970860003568,0.0
5004000.0,0.0,4.0420800012813025,0.0,0.7999999999999995,314.950000741219,314.9500000003109,314.9500000003109,0.0
5004003.600001288,0.0,4.0420800012813025,0.0,0.7999999999999995,314.950000741219,314.9500000003109,314.9500000003109,0.0
5004007.200002575,0.0,4.0420800012813025,0.0,0.7999999999999995,314.950000741219,314.9500000003109,314.9500000003109,0.0
5004014.40000515,0.0,4.0420800012813025,0.0,0.7999999999999995,314.950000741219,314.9500000003109,314.9500000003109,0.0
5004028.8000103,0.0,4.042080001281306,0.0,0.7999999999999995,314.950000741219,314.9500000003109,314.9500000003109,0.0
5004057.6000206,0.0,4.042080001281306,0.0,0.7999999999999995,314.950000741219,314.9500000003109,314.9500000003109,0.0
5004115.200041199,0.0,4.042080001281304,0.0,0.7999999999999995,314.950000741219,314.9500000003109,314.9500000003109,0.0
5004230.400082398,0.0,4.042080001281306,0.0,0.7999999999999995,314.950000741219,314.9500000003109,314.9500000003109,0.0
5004360.0,0.0,4.042080001281299,0.0,0.7999999999999995,314.950000741219,314.9500000003109,314.9500000003109,0.0
5004363.240001287,0.0,4.042080001281299,0.0,0.7999999999999995,314.950000741219,314.9500000003109,314.9500000003109,0.0
5004366.480002575,0.0,4.042080001281299,0.0,0.7999999999999995,314.950000741219,314.9500000003109,314.9500000003109,0.0
5004372.96000515,0.0,4.042080001281299,0.0,0.7999999999999995,314.950000741219,314.9500000003109,314.9500000003109,0.0
5004385.920010299,0.0,4.042080001281299,0.0,0.7999999999999995,314.950000741219,314.9500000003109,314.9500000003109,0.0
5004411.8400206,0.0,4.0420800012813025,0.0,0.7999999999999995,314.950000741219,314.9500000003109,314.9500000003109,0.0
5004463.6800412,0.0,4.042080001281299,0.0,0.7999999999999995,314.950000741219,314.9500000003109,314.9500000003109,0.0
5004567.360082398,0.0,4.042080001281301,0.0,0.7999999999999995,314.950000741219,314.9500000003109,314.9500000003109,0.0
5004720.0,0.0,4.042080001281301,0.0,0.7999999999999995,314.950000741219,314.9500000003109,314.9500000003109,0.0
5004722.880001288,0.0,4.042080001281301,0.0,0.7999999999999995,314.950000741219,314.9500000003109,314.9500000003109,0.0
5004725.760002575,0.0,4.042080001281301,0.0,0.7999999999999995,314.950000741219,314.9500000003109,314.9500000003109,0.0
5004731.52000515,0.0,4.042080001281301,0.0,0.7999999999999995,314.950000741219,314.9500000003109,314.9500000003109,0.0
5004743.0400102995,0.0,4.042080001281301,0.0,0.7999999999999995,314.950000741219,314.9500000003109,314.9500000003109,0.0
5004766.0800206,0.0,4.042080001281301,0.0,0.7999999999999995,314.950000741219,314.9500000003109,314.9500000003109,0.0
5004812.160041199,0.0,4.042080001281301,0.0,0.7999999999999995,314.950000741219,314.9500000003109,314.9500000003109,0.0
5004904.320082398,0.0,4.0420800012813025,0.0,0.7999999999999995,314.950000741219,314.9500000003109,314.9500000003109,0.0
5005080.0,0.0,4.042080001281299,0.0,0.7999999999999995,314.950000741219,314.9500000003109,314.9500000003109,0.0
5005082.520001288,0.0,4.042080001281299,0.0,0.7999999999999995,314.950000741219,314.9500000003109,314.9500000003109,0.0
5005085.040002575,0.0,4.042080001281299,0.0,0.7999999999999995,314.950000741219,314.9500000003109,314.9500000003109,0.0
5005090.08000515,0.0,4.042080001281299,0.0,0.7999999999999995,314.950000741219,314.9500000003109,314.9500000003109,0.0
5005100.1600103,0.0,4.0420800012813025,0.0,0.7999999999999995,314.950000741219,314.9500000003109,314.9500000003109,0.0
5005120.320020599,0.0,4.0420800012813025,0.0,0.7999999999999995,314.950000741219,314.9500000003109,314.9500000003109,0.0
5005160.6400411995,0.0,4.0420800012813025,0.0,0.7999999999999995,314.950000741219,314.9500000003109,314.9500000003109,0.0
5005241.280082398,0.0,4.042080001281297,0.0,0.7999999999999995,314.950000741219,314.9500000003109,314.9500000003109,0.0
5005402.560164797,0.0,4.042080001281297,0.0,0.7999999999999995,314.950000741219,314.9500000003109,314.9500000003109,0.0
5005440.0,0.0,4.0420800012813025,0.0,0.7999999999999995,314.950000741219,314.9500000003109,314.9500000003109,0.0
5005442.160001287,0.0,4.0420800012813025,0.0,0.7999999999999995,314.950000741219,314.9500000003109,314.9500000003109,0.0
5005444.3200025745,0.0,4.0420800012813025,0.0,0.7999999999999995,314.950000741219,314.9500000003109,314.9500000003109,0.0
5005448.64000515,0.0,4.0420800012813025,0.0,0.7999999999999995,314.950000741219,314.9500000003109,314.9500000003109,0.0
5005457.2800103,0.0,4.0420800012813025,0.0,0.7999999999999995,314.950000741219,314.9500000003109,314.9500000003109,0.0
5005474.5600205995,0.0,4.0420800012813025,0.0,0.7999999999999995,314.950000741219,314.9500000003109,314.9500000003109,0.0
5005509.120041199,0.0,4.0420800012813025,0.0,0.7999999999999995,314.950000741219,314.9500000003109,314.9500000003109,0.0
5005578.240082398,0.0,4.042080001281299,0.0,0.7999999999999995,314.950000741219,314.9500000003109,314.9500000003109,0.0
5005716.480164797,0.0,4.0420800012813025,0.0,0.7999999999999995,314.950000741219,314.9500000003109,314.9500000003109,0.0
5005800.0,0.0,4.0420800012813025,0.0,0.7999999999999995,314.950000741219,314.9500000003109,314.9500000003109,0.0
5005801.800001288,0.0,4.0420800012813025,0.0,0.7999999999999995,314.950000741219,314.9500000003109,314.9500000003109,0.0
5005803.600002575,0.0,4.0420800012813025,0.0,0.7999999999999995,314.950000741219,314.9500000003109,314.9500000003109,0.0
5005807.2000051495,0.0,4.0420800012813025,0.0,0.7999999999999995,314.950000741219,314.9500000003109,314.9500000003109,0.0
5005814.4000103,0.0,4.0420800012813025,0.0,0.7999999999999995,314.950000741219,314.9500000003109,314.9500000003109,0.0
5005828.8000206,0.0,4.0420800012813025,0.0,0.7999999999999995,314.950000741219,314.9500000003109,314.9500000003109,0.0
5005857.6000411995,0.0,4.0420800012813025,0.0,0.7999999999999995,314.950000741219,314.9500000003109,314.9500000003109,0.0
5005915.200082398,0.0,4.0420800012813025,0.0,0.7999999999999995,314.950000741219,314.9500000003109,314.9500000003109,0.0
5006030.400164797,0.0,4.0420800012813025,0.0,0.7999999999999995,314.950000741219,314.9500000003109,314.9500000003109,0.0
5006160.0,0.0,4.0420800012813025,0.0,0.7999999999999995,314.950000741219,314.9500000003109,314.9500000003109,0.0
5006161.4400012875,0.0,4.0420800012813025,0.0,0.7999999999999995,314.950000741219,314.9500000003109,314.9500000003109,0.0
5006162.880002575,0.0,4.0420800012813025,0.0,0.7999999999999995,314.950000741219,314.9500000003109,314.9500000003109,0.0
5006165.76000515,0.0,4.0420800012813025,0.0,0.7999999999999995,314.950000741219,314.9500000003109,314.9500000003109,0.0
5006171.5200103,0.0,4.0420800012813025,0.0,0.7999999999999995,314.950000741219,314.9500000003109,314.9500000003109,0.0
5006183.0400206,0.0,4.0420800012813025,0.0,0.7999999999999995,314.950000741219,314.9500000003109,314.9500000003109,0.0
5006206.080041199,0.0,4.0420800012813025,0.0,0.7999999999999995,314.950000741219,314.9500000003109,314.9500000003109,0.0
5006252.160082398,0.0,4.0420800012813025,0.0,0.7999999999999995,314.950000741219,314.9500000003109,314.9500000003109,0.0
5006344.320164797,0.0,4.0420800012813025,0.0,0.7999999999999995,314.950000741219,314.9500000003109,314.9500000003109,0.0
5006520.0,0.0,4.0420800012813025,0.0,0.7999999999999995,314.950000741219,314.9500000003109,314.9500000003109,0.0
5006521.080001287,0.0,4.0420800012813025,0.0,0.7999999999999995,314.950000741219,314.9500000003109,314.9500000003109,0.0
5006522.160002575,0.0,4.0420800012813025,0.0,0.7999999999999995,314.950000741219,314.9500000003109,314.9500000003109,0.0
5006524.32000515,0.0,4.0420800012813025,0.0,0.7999999999999995,314.950000741219,314.9500000003109,314.9500000003109,0.0
5006528.6400103,0.0,4.0420800012813025,0.0,0.7999999999999995,314.950000741219,314.9500000003109,314.9500000003109,0.0
5006537.280020599,0.0,4.0420800012813025,0.0,0.7999999999999995,314.950000741219,314.9500000003109,314.9500000003109,0.0
5006554.560041199,0.0,4.0420800012813025,0.0,0.7999999999999995,314.950000741219,314.9500000003109,314.9500000003109,0.0
5006589.120082399,0.0,4.0420800012813025,0.0,0.7999999999999995,314.950000741219,314.9500000003109,314.9500000003109,0.0
5006658.240164797,0.0,4.042080001281304,0.0,0.7999999999999995,314.950000741219,314.9500000003109,314.9500000003109,0.0
5006796.480329594,0.0,4.0420800012813025,0.0,0.7999999999999995,314.950000741219,314.9500000003109,314.9500000003109,0.0
5006880.0,0.0,4.042080001281304,0.0,0.7999999999999995,314.950000741219,314.9500000003109,314.9500000003109,0.0
5006880.720001288,0.0,4.042080001281304,0.0,0.7999999999999995,314.950000741219,314.9500000003109,314.9500000003109,0.0
5006881.440002575,0.0,4.042080001281304,0.0,0.7999999999999995,314.950000741219,314.9500000003109,314.9500000003109,0.0
5006882.88000515,0.0,4.042080001281304,0.0,0.7999999999999995,314.950000741219,314.9500000003109,314.9500000003109,0.0
5006885.7600103,0.0,4.042080001281304,0.0,0.7999999999999995,314.950000741219,314.9500000003109,314.9500000003109,0.0
5006891.5200205995,0.0,4.042080001281304,0.0,0.7999999999999995,314.950000741219,314.9500000003109,314.9500000003109,0.0
5006903.040041199,0.0,4.042080001281304,0.0,0.7999999999999995,314.950000741219,314.9500000003109,314.9500000003109,0.0
5006926.080082399,0.0,4.042080001281304,0.0,0.7999999999999995,314.950000741219,314.9500000003109,314.9500000003109,0.0
5006972.160164797,0.0,4.042080001281304,0.0,0.7999999999999995,314.950000741219,314.9500000003109,314.9500000003109,0.0
5007064.3203295935,0.0,4.0420800012813025,0.0,0.7999999999999995,314.950000741219,314.9500000003109,314.9500000003109,0.0
5007240.0,0.0,4.042080001281304,0.0,0.7999999999999995,314.950000741219,314.9500000003109,314.9500000003109,0.0
5007240.360001287,0.0,4.042080001281304,0.0,0.7999999999999995,314.950000741219,314.9500000003109,314.9500000003109,0.0
5007240.720002575,0.0,4.042080001281304,0.0,0.7999999999999995,314.950000741219,314.9500000003109,314.9500000003109,0.0
5007241.44000515,0.0,4.042080001281304,0.0,0.7999999999999995,314.950000741219,314.9500000003109,314.9500000003109,0.0
5007242.880010299,0.0,4.042080001281304,0.0,0.7999999999999995,314.950000741219,314.9500000003109,314.9500000003109,0.0
5007245.7600206,0.0,4.042080001281304,0.0,0.7999999999999995,314.950000741219,314.9500000003109,314.9500000003109,0.0
5007251.520041199,0.0,4.042080001281304,0.0,0.7999999999999995,314.950000741219,314.9500000003109,314.9500000003109,0.0
5007263.040082399,0.0,4.0420800012813025,0.0,0.7999999999999995,314.950000741219,314.9500000003109,314.9500000003109,0.0
5007286.080164797,0.0,4.0420800012813025,0.0,0.7999999999999995,314.950000741219,314.9500000003109,314.9500000003109,0.0
5007332.160329593,0.0,4.042080001281304,0.0,0.7999999999999995,314.950000741219,314.9500000003109,314.9500000003109,0.0
5007424.320659188,0.0,4.0420800012813025,0.0,0.7999999999999995,314.950000741219,314.9500000003109,314.9500000003109,0.0
5007600.0,0.0,4.0420800012813025,0.0,0.7999999999999995,314.950000741219,314.9500000003109,314.9500000003109,0.0
