t_s,current_A,voltage_V,cell_heat_W,soc,cell_temperature_K,coolant_inlet_K,coolant_outlet_K,module_heat_removed_W
0.0,0.0,4.042080001281205,0.0,0.8,310.90735878579187,310.90735900023844,310.90735900047946,4.096014890819788e-08
3.6000000536590817,0.0,4.042080001281205,0.0,0.8,310.90735878579187,310.90735900023844,310.90735900047946,4.096014890819788e-08
7.200000107318163,0.0,4.042080001281205,0.0,0.8,310.90735878579187,310.90735900023844,310.90735900047946,4.096014890819788e-08
14.400000214636327,0.0,4.042080001281205,0.0,0.8,310.90735878579187,310.90735900023844,310.90735900047946,4.096014890819788e-08
28.800000429272654,0.0,4.042080001281205,0.0,0.8,310.90735878579187,310.90735900023844,310.90735900047946,4.096014890819788e-08
57.60000085854531,0.0,4.042080001281208,0.0,0.8,310.90735878579187,310.90735900023844,310.90735900047946,4.096014890819788e-08
115.20000171709061,0.0,4.042080001281208,0.0,0.8,310.90735878579187,310.90735900023844,310.90735900047946,4.096014890819788e-08
230.40000343418123,0.0,4.042080001281208,0.0,0.8,310.90735878579187,310.90735900023844,310.90735900047946,4.096014890819788e-08
360.0,0.0,4.04208000128121,0.0,0.8,310.90735878579187,310.90735900023844,310.90735900047946,4.096014890819788e-08
363.24000005365906,0.0,4.04208000128121,0.0,0.8,310.90735878579187,310.90735900023844,310.90735900047946,4.096014890819788e-08
366.4800001073181,0.0,4.042080001281207,0.0,0.8,310.90735878579187,310.90735900023844,310.90735900047946,4.096014890819788e-08
372.9600002146363,0.0,4.042080001281207,0.0,0.8,310.90735878579187,310.90735900023844,310.90735900047946,4.096014890819788e-08
385.92000042927265,0.0,4.042080001281207,0.0,0.8,310.90735878579187,310.90735900023844,310.90735900047946,4.096014890819788e-08
411.8400008585453,0.0,4.042080001281207,0.0,0.8,310.90735878579187,310.90735900023844,310.90735900047946,4.096014890819788e-08
463.6800017170906,0.0,4.042080001281207,0.0,0.8,310.90735878579187,310.90735900023844,310.90735900047946,4.096014890819788e-08
567.3600034341812,0.0,4.042080001281207,0.0,0.8,310.90735878579187,310.90735900023844,310.90735900047946,4.096014890819788e-08
720.0,0.0,4.042080001281207,0.0,0.8,310.90735878579187,310.90735900023844,310.90735900047946,4.096014890819788e-08
722.880000053659,0.0,4.042080001281207,0.0,0.8,310.90735878579187,310.90735900023844,310.90735900047946,4.096014890819788e-08
725.7600001073181,0.0,4.042080001281207,0.0,0.8,310.90735878579187,310.90735900023844,310.90735900047946,4.096014890819788e-08
731.5200002146363,0.0,4.042080001281207,0.0,0.8,310.90735878579187,310.90735900023844,310.90735900047946,4.096014890819788e-08
743.0400004292726,0.0,4.042080001281207,0.0,0.8,310.90735878579187,310.90735900023844,310.90735900047946,4.096014890819788e-08
766.0800008585452,0.0,4.042080001281207,0.0,0.8,310.90735878579187,310.90735900023844,310.90735900047946,4.096014890819788e-08
812.1600017170905,0.0,4.042080001281207,0.0,0.8,310.90735878579187,310.90735900023844,310.90735900047946,4.096014890819788e-08
904.3200034341811,0.0,4.04208000128121,0.0,0.8,310.90735878579187,310.90735900023844,310.90735900047946,4.096014890819788e-08
1080.0,0.0,4.042080001281212,0.0,0.8,310.90735878579187,310.90735900023844,310.90735900047946,4.096014890819788e-08
1082.520000053659,0.0,4.042080001281212,0.0,0.8,310.90735878579187,310.90735900023844,310.90735900047946,4.096014890819788e-08
1085.040000107318,0.0,4.042080001281212,0.0,0.8,310.90735878579187,310.90735900023844,310.90735900047946,4.096014890819788e-08
1090.0800002146361,0.0,4.042080001281212,0.0,0.8,310.90735878579187,310.90735900023844,310.90735900047946,4.096014890819788e-08
1100.1600004292725,0.0,4.042080001281212,0.0,0.8,310.90735878579187,310.90735900023844,310.90735900047946,4.096014890819788e-08
1120.3200008585452,0.0,4.042080001281212,0.0,0.8,310.90735878579187,310.90735900023844,310.90735900047946,4.096014890819788e-08
1160.6400017170904,0.0,4.042080001281212,0.0,0.8,310.90735878579187,310.90735900023844,310.90735900047946,4.096014890819788e-08
1241.280003434181,0.0,4.04208000128121,0.0,0.8,310.90735878579187,310.90735900023844,310.90735900047946,4.096014890819788e-08
1402.5600068683623,0.0,4.042080001281208,0.0,0.8,310.90735878579187,310.90735900023844,310.90735900047946,4.096014890819788e-08
1440.0,0.0,4.042080001281208,0.0,0.8,310.90735878579187,310.90735900023844,310.90735900047946,4.096014890819788e-08
1442.1600000536591,0.0,4.042080001281208,0.0,0.8,310.90735878579187,310.90735900023844,310.90735900047946,4.096014890819788e-08
1444.3200001073183,0.0,4.042080001281208,0.0,0.8,310.90735878579187,310.90735900023844,310.90735900047946,4.096014890819788e-08
1448.6400002146365,0.0,4.042080001281208,0.0,0.8,310.90735878579187,310.90735900023844,310.90735900047946,4.096014890819788e-08
1457.2800004292728,0.0,4.042080001281208,0.0,0.8,310.90735878579187,310.90735900023844,310.90735900047946,4.096014890819788e-08
1474.5600008585454,0.0,4.04208000128121,0.0,0.8,310.90735878579187,310.90735900023844,310.90735900047946,4.096014890819788e-08
1509.1200017170906,0.0,4.042080001281212,0.0,0.8,310.90735878579187,310.90735900023844,310.90735900047946,4.096014890819788e-08
1578.2400034341813,0.0,4.042080001281208,0.0,0.8,310.90735878579187,310.90735900023844,310.90735900047946,4.096014890819788e-08
1716.4800068683626,0.0,4.042080001281212,0.0,0.8,310.90735878579187,310.90735900023844,310.90735900047946,4.096014890819788e-08
1800.0,0.0,4.042080001281212,0.0,0.8,310.90735878579187,310.90735900023844,310.90735900047946,4.096014890819788e-08
1801.800000053659,0.0,4.042080001281212,0.0,0.8,310.90735878579187,310.90735900023844,310.90735900047946,4.096014890819788e-08
1803.600000107318,0.0,4.042080001281212,0.0,0.8,310.90735878579187,310.90735900023844,310.90735900047946,4.096014890819788e-08
1807.2000002146362,0.0,4.042080001281212,0.0,0.8,310.90735878579187,310.90735900023844,310.90735900047946,4.096014890819788e-08
1814.4000004292725,0.0,4.042080001281212,0.0,0.8,310.90735878579187,310.90735900023844,310.90735900047946,4.096014890819788e-08
1828.8000008585452,0.0,4.042080001281212,0.0,0.8,310.90735878579187,310.90735900023844,310.90735900047946,4.096014890819788e-08
1857.6000017170904,0.0,4.042080001281212,0.0,0.8,310.90735878579187,310.90735900023844,310.90735900047946,4.096014890819788e-08
1915.200003434181,0.0,4.042080001281212,0.0,0.8,310.90735878579187,310.90735900023844,310.90735900047946,4.096014890819788e-08
2030.4000068683622,0.0,4.042080001281214,0.0,0.8,310.90735878579187,310.90735900023844,310.90735900047946,4.096014890819788e-08
2160.0,0.0,4.042080001281214,0.0,0.8,310.90735878579187,310.90735900023844,310.90735900047946,4.096014890819788e-08
2161.440000053659,0.0,4.042080001281214,0.0,0.8,310.90735878579187,310.90735900023844,310.90735900047946,4.096014890819788e-08
2162.8800001073178,0.0,4.042080001281214,0.0,0.8,310.90735878579187,310.90735900023844,310.90735900047946,4.096014890819788e-08
2165.760000214636,0.0,4.042080001281214,0.0,0.8,310.90735878579187,310.90735900023844,310.90735900047946,4.096014890819788e-08
2171.5200004292724,0.0,4.042080001281214,0.0,0.8,310.90735878579187,310.90735900023844,310.90735900047946,4.096014890819788e-08
2183.040000858545,0.0,4.042080001281214,0.0,0.8,310.90735878579187,310.90735900023844,310.90735900047946,4.096014890819788e-08
2206.0800017170905,0.0,4.042080001281212,0.0,0.8,310.90735878579187,310.90735900023844,310.90735900047946,4.096014890819788e-08
2252.160003434181,0.0,4.042080001281212,0.0,0.8,310.90735878579187,310.90735900023844,310.90735900047946,4.096014890819788e-08
2344.3200068683623,0.0,4.042080001281212,0.0,0.8,310.90735878579187,310.90735900023844,310.90735900047946,4.096014890819788e-08
2520.0,0.0,4.042080001281214,0.0,0.8,310.90735878579187,310.90735900023844,310.90735900047946,4.096014890819788e-08
2521.080000053659,0.0,4.042080001281214,0.0,0.8,310.90735878579187,310.90735900023844,310.90735900047946,4.096014890819788e-08
2522.1600001073184,0.0,4.042080001281214,0.0,0.8,310.90735878579187,310.90735900023844,310.90735900047946,4.096014890819788e-08
2524.3200002146364,0.0,4.042080001281214,0.0,0.8,310.90735878579187,310.90735900023844,310.90735900047946,4.096014890819788e-08
2528.6400004292727,0.0,4.042080001281214,0.0,0.8,310.90735878579187,310.90735900023844,310.90735900047946,4.096014890819788e-08
2537.2800008585455,0.0,4.042080001281214,0.0,0.8,310.90735878579187,310.90735900023844,310.90735900047946,4.096014890819788e-08
2554.560001717091,0.0,4.042080001281214,0.0,0.8,310.90735878579187,310.90735900023844,310.90735900047946,4.096014890819788e-08
2589.1200034341814,0.0,4.042080001281214,0.0,0.8,310.90735878579187,310.90735900023844,310.90735900047946,4.096014890819788e-08
2658.240006868363,0.0,4.042080001281214,0.0,0.8,310.90735878579187,310.90735900023844,310.90735900047946,4.096014890819788e-08
2796.480013736725,0.0,4.042080001281214,0.0,0.8,310.90735878579187,310.90735900023844,310.90735900047946,4.096014890819788e-08
2880.0,0.0,4.042080001281214,0.0,0.8,310.90735878579187,310.90735900023844,310.90735900047946,4.096014890819788e-08
2880.720000053659,0.0,4.042080001281214,0.0,0.8,310.90735878579187,310.90735900023844,310.90735900047946,4.096014890819788e-08
2881.440000107318,0.0,4.042080001281214,0.0,0.8,310.90735878579187,310.90735900023844,310.90735900047946,4.096014890819788e-08
2882.8800002146363,0.0,4.042080001281214,0.0,0.8,310.90735878579187,310.90735900023844,310.90735900047946,4.096014890819788e-08
2885.7600004292726,0.0,4.042080001281214,0.0,0.8,310.90735878579187,310.90735900023844,310.90735900047946,4.096014890819788e-08
2891.5200008585452,0.0,4.042080001281214,0.0,0.8,310.90735878579187,310.90735900023844,310.90735900047946,4.096014890819788e-08
2903.0400017170905,0.0,4.042080001281214,0.0,0.8,310.90735878579187,310.90735900023844,310.90735900047946,4.096014890819788e-08
2926.080003434181,0.0,4.042080001281214,0.0,0.8,310.90735878579187,310.90735900023844,310.90735900047946,4.096014890819788e-08
2972.1600068683624,0.0,4.042080001281214,0.0,0.8,310.90735878579187,310.90735900023844,310.90735900047946,4.096014890819788e-08
3064.320013736725,0.0,4.042080001281214,0.0,0.8,310.90735878579187,310.90735900023844,310.90735900047946,4.096014890819788e-08
3240.0,0.0,4.042080001281207,0.0,0.8,310.90735878579187,310.90735900023844,310.90735900047946,4.096014890819788e-08
3240.360000053659,0.0,4.042080001281207,0.0,0.8,310.90735878579187,310.90735900023844,310.90735900047946,4.096014890819788e-08
3240.720000107318,0.0,4.042080001281207,0.0,0.8,310.90735878579187,310.90735900023844,310.90735900047946,4.096014890819788e-08
3241.4400002146363,0.0,4.042080001281207,0.0,0.8,310.90735878579187,310.90735900023844,310.90735900047946,4.096014890819788e-08
3242.8800004292725,0.0,4.042080001281207,0.0,0.8,310.90735878579187,310.90735900023844,310.90735900047946,4.096014890819788e-08
3245.760000858545,0.0,4.042080001281207,0.0,0.8,310.90735878579187,310.90735900023844,310.90735900047946,4.096014890819788e-08
3251.5200017170905,0.0,4.042080001281207,0.0,0.8,310.90735878579187,310.90735900023844,310.90735900047946,4.096014890819788e-08
3263.040003434181,0.0,4.042080001281207,0.0,0.8,310.90735878579187,310.90735900023844,310.90735900047946,4.096014890819788e-08
3286.080006868362,0.0,4.04208000128121,0.0,0.8,310.90735878579187,310.90735900023844,310.90735900047946,4.096014890819788e-08
3332.1600137367245,0.0,4.04208000128121,0.0,0.8,310.90735878579187,310.90735900023844,310.90735900047946,4.096014890819788e-08
3424.3200274734495,0.0,4.042080001281208,0.0,0.8,310.90735878579187,310.90735900023844,310.90735900047946,4.096014890819788e-08
3600.0,0.0,4.04208000128121,0.0,0.8,310.90735878579187,310.90735900023844,310.90735900047946,4.096014890819788e-08
7200.0,0.0,4.04208000128121,0.0,0.8,309.95384848842593,309.95384800022833,309.95384800022833,0.0
7203.600000107304,0.0,4.04208000128121,0.0,0.8,309.95384848842593,309.95384800022833,309.95384800022833,0.0
7207.200000214607,0.0,4.04208000128121,0.0,0.8,309.95384848842593,309.95384800022833,309.95384800022833,0.0
7214.400000429214,0.0,4.04208000128121,0.0,0.8,309.95384848842593,309.95384800022833,309.95384800022833,0.0
7228.800000858427,0.0,4.04208000128121,0.0,0.8,309.95384848842593,309.95384800022833,309.95384800022833,0.0
7257.6000017168535,0.0,4.042080001281208,0.0,0.8,309.95384848842593,309.95384800022833,309.95384800022833,0.0
7315.200003433705,0.0,4.042080001281208,0.0,0.8,309.95384848842593,309.95384800022833,309.95384800022833,0.0
7430.4000068674095,0.0,4.04208000128121,0.0,0.8,309.95384848842593,309.95384800022833,309.95384800022833,0.0
7560.0,0.0,4.042080001281208,0.0,0.8,309.95384848842593,309.95384800022833,309.95384800022833,0.0
7563.240000107304,0.0,4.042080001281208,0.0,0.8,309.95384848842593,309.95384800022833,309.95384800022833,0.0
7566.480000214607,0.0,4.042080001281208,0.0,0.8,309.95384848842593,309.95384800022833,309.95384800022833,0.0
7572.960000429213,0.0,4.042080001281208,0.0,0.8,309.95384848842593,309.95384800022833,309.95384800022833,0.0
7585.920000858427,0.0,4.042080001281208,0.0,0.8,309.95384848842593,309.95384800022833,309.95384800022833,0.0
7611.840001716852,0.0,4.042080001281208,0.0,0.8,309.95384848842593,309.95384800022833,309.95384800022833,0.0
7663.680003433705,0.0,4.042080001281208,0.0,0.8,309.95384848842593,309.95384800022833,309.95384800022833,0.0
7767.3600068674095,0.0,4.042080001281207,0.0,0.8,309.95384848842593,309.95384800022833,309.95384800022833,0.0
7920.0,0.0,4.042080001281208,0.0,0.8,309.95384848842593,309.95384800022833,309.95384800022833,0.0
7922.880000107303,0.0,4.042080001281208,0.0,0.8,309.95384848842593,309.95384800022833,309.95384800022833,0.0
7925.760000214606,0.0,4.042080001281208,0.0,0.8,309.95384848842593,309.95384800022833,309.95384800022833,0.0
7931.520000429213,0.0,4.042080001281208,0.0,0.8,309.95384848842593,309.95384800022833,309.95384800022833,0.0
7943.040000858426,0.0,4.042080001281208,0.0,0.8,309.95384848842593,309.95384800022833,309.95384800022833,0.0
7966.080001716852,0.0,4.042080001281207,0.0,0.8,309.95384848842593,309.95384800022833,309.95384800022833,0.0
8012.160003433704,0.0,4.042080001281207,0.0,0.8,309.95384848842593,309.95384800022833,309.95384800022833,0.0
8104.320006867409,0.0,4.042080001281207,0.0,0.8,309.95384848842593,309.95384800022833,309.95384800022833,0.0
8280.0,0.0,4.042080001281212,0.0,0.8,309.95384848842593,309.95384800022833,309.95384800022833,0.0
8282.520000107303,0.0,4.042080001281212,0.0,0.8,309.95384848842593,309.95384800022833,309.95384800022833,0.0
8285.040000214607,0.0,4.042080001281212,0.0,0.8,309.95384848842593,309.95384800022833,309.95384800022833,0.0
8290.080000429214,0.0,4.042080001281212,0.0,0.8,309.95384848842593,309.95384800022833,309.95384800022833,0.0
8300.160000858426,0.0,4.042080001281212,0.0,0.8,309.95384848842593,309.95384800022833,309.95384800022833,0.0
8320.320001716853,0.0,4.042080001281212,0.0,0.8,309.95384848842593,309.95384800022833,309.95384800022833,0.0
8360.640003433706,0.0,4.042080001281212,0.0,0.8,309.95384848842593,309.95384800022833,309.95384800022833,0.0
8441.28000686741,0.0,4.042080001281212,0.0,0.8,309.95384848842593,309.95384800022833,309.95384800022833,0.0
8602.56001373482,0.0,4.04208000128121,0.0,0.8,309.95384848842593,309.95384800022833,309.95384800022833,0.0
8640.0,0.0,4.042080001281217,0.0,0.8,309.95384848842593,309.95384800022833,309.95384800022833,0.0
8642.160000107302,0.0,4.042080001281217,0.0,0.8,309.95384848842593,309.95384800022833,309.95384800022833,0.0
8644.320000214606,0.0,4.042080001281217,0.0,0.8,309.95384848842593,309.95384800022833,309.95384800022833,0.0
8648.640000429212,0.0,4.042080001281217,0.0,0.8,309.95384848842593,309.95384800022833,309.95384800022833,0.0
8657.280000858425,0.0,4.042080001281217,0.0,0.8,309.95384848842593,309.95384800022833,309.95384800022833,0.0
8674.56000171685,0.0,4.042080001281217,0.0,0.8,309.95384848842593,309.95384800022833,309.95384800022833,0.0
8709.120003433705,0.0,4.042080001281212,0.0,0.8,309.95384848842593,309.95384800022833,309.95384800022833,0.0
8778.240006867409,0.0,4.042080001281212,0.0,0.8,309.95384848842593,309.95384800022833,309.95384800022833,0.0
8916.480013734817,0.0,4.042080001281212,0.0,0.8,309.95384848842593,309.95384800022833,309.95384800022833,0.0
9000.0,0.0,4.042080001281212,0.0,0.8,309.95384848842593,309.95384800022833,309.95384800022833,0.0
9001.800000107303,0.0,4.042080001281212,0.0,0.8,309.95384848842593,309.95384800022833,309.95384800022833,0.0
9003.600000214607,0.0,4.042080001281212,0.0,0.8,309.95384848842593,309.95384800022833,309.95384800022833,0.0
9007.200000429213,0.0,4.042080001281212,0.0,0.8,309.95384848842593,309.95384800022833,309.95384800022833,0.0
9014.400000858426,0.0,4.042080001281212,0.0,0.8,309.95384848842593,309.95384800022833,309.95384800022833,0.0
9028.800001716852,0.0,4.042080001281212,0.0,0.8,309.95384848842593,309.95384800022833,309.95384800022833,0.0
9057.600003433705,0.0,4.042080001281212,0.0,0.8,309.95384848842593,309.95384800022833,309.95384800022833,0.0
9115.20000686741,0.0,4.042080001281212,0.0,0.8,309.95384848842593,309.95384800022833,309.95384800022833,0.0
9230.400013734818,0.0,4.04208000128121,0.0,0.8,309.95384848842593,309.95384800022833,309.95384800022833,0.0
9360.0,0.0,4.042080001281207,0.0,0.8,309.95384848842593,309.95384800022833,309.95384800022833,0.0
9361.440000107305,0.0,4.042080001281207,0.0,0.8,309.95384848842593,309.95384800022833,309.95384800022833,0.0
9362.880000214607,0.0,4.042080001281207,0.0,0.8,309.95384848842593,309.95384800022833,309.95384800022833,0.0
9365.760000429214,0.0,4.042080001281207,0.0,0.8,309.95384848842593,309.95384800022833,309.95384800022833,0.0
9371.520000858425,0.0,4.042080001281207,0.0,0.8,309.95384848842593,309.95384800022833,309.95384800022833,0.0
9383.040001716852,0.0,4.042080001281207,0.0,0.8,309.95384848842593,309.95384800022833,309.95384800022833,0.0
9406.080003433704,0.0,4.042080001281207,0.0,0.8,309.95384848842593,309.95384800022833,309.95384800022833,0.0
9452.160006867409,0.0,4.042080001281207,0.0,0.8,309.95384848842593,309.95384800022833,309.95384800022833,0.0
9544.320013734818,0.0,4.042080001281208,0.0,0.8,309.95384848842593,309.95384800022833,309.95384800022833,0.0
9720.0,0.0,4.042080001281207,0.0,0.8,309.95384848842593,309.95384800022833,309.95384800022833,0.0
9721.080000107304,0.0,4.042080001281207,0.0,0.8,309.95384848842593,309.95384800022833,309.95384800022833,0.0
9722.160000214606,0.0,4.042080001281207,0.0,0.8,309.95384848842593,309.95384800022833,309.95384800022833,0.0
9724.320000429212,0.0,4.042080001281207,0.0,0.8,309.95384848842593,309.95384800022833,309.95384800022833,0.0
9728.640000858426,0.0,4.042080001281207,0.0,0.8,309.95384848842593,309.95384800022833,309.95384800022833,0.0
9737.280001716852,0.0,4.042080001281207,0.0,0.8,309.95384848842593,309.95384800022833,309.95384800022833,0.0
9754.560003433704,0.0,4.042080001281207,0.0,0.8,309.95384848842593,309.95384800022833,309.95384800022833,0.0
9789.120006867408,0.0,4.042080001281207,0.0,0.8,309.95384848842593,309.95384800022833,309.95384800022833,0.0
9858.240013734816,0.0,4.042080001281207,0.0,0.8,309.95384848842593,309.95384800022833,309.95384800022833,0.0
9996.480027469635,0.0,4.042080001281208,0.0,0.8,309.95384848842593,309.95384800022833,309.95384800022833,0.0
10080.0,0.0,4.042080001281208,0.0,0.8,309.95384848842593,309.95384800022833,309.95384800022833,0.0
10080.720000107303,0.0,4.042080001281208,0.0,0.8,309.95384848842593,309.95384800022833,309.95384800022833,0.0
10081.440000214607,0.0,4.042080001281208,0.0,0.8,309.95384848842593,309.95384800022833,309.95384800022833,0.0
10082.880000429213,0.0,4.042080001281208,0.0,0.8,309.95384848842593,309.95384800022833,309.95384800022833,0.0
10085.760000858427,0.0,4.042080001281208,0.0,0.8,309.95384848842593,309.95384800022833,309.95384800022833,0.0
10091.520001716854,0.0,4.042080001281208,0.0,0.8,309.95384848842593,309.95384800022833,309.95384800022833,0.0
10103.040003433704,0.0,4.042080001281208,0.0,0.8,309.95384848842593,309.95384800022833,309.95384800022833,0.0
10126.080006867409,0.0,4.042080001281208,0.0,0.8,309.95384848842593,309.95384800022833,309.95384800022833,0.0
10172.160013734818,0.0,4.042080001281208,0.0,0.8,309.95384848842593,309.95384800022833,309.95384800022833,0.0
10264.320027469636,0.0,4.042080001281208,0.0,0.8,309.95384848842593,309.95384800022833,309.95384800022833,0.0
10440.0,0.0,4.042080001281212,0.0,0.8,309.95384848842593,309.95384800022833,309.95384800022833,0.0
10440.360000107303,0.0,4.042080001281212,0.0,0.8,309.95384848842593,309.95384800022833,309.95384800022833,0.0
10440.720000214607,0.0,4.042080001281212,0.0,0.8,309.95384848842593,309.95384800022833,309.95384800022833,0.0
10441.440000429215,0.0,4.042080001281212,0.0,0.8,309.95384848842593,309.95384800022833,309.95384800022833,0.0
10442.880000858426,0.0,4.042080001281212,0.0,0.8,309.95384848842593,309.95384800022833,309.95384800022833,0.0
10445.760001716852,0.0,4.042080001281212,0.0,0.8,309.95384848842593,309.95384800022833,309.95384800022833,0.0
10451.520003433705,0.0,4.042080001281212,0.0,0.8,309.95384848842593,309.95384800022833,309.95384800022833,0.0
10463.04000686741,0.0,4.04208000128121,0.0,0.8,309.95384848842593,309.95384800022833,309.95384800022833,0.0
10486.080013734818,0.0,4.04208000128121,0.0,0.8,309.95384848842593,309.95384800022833,309.95384800022833,0.0
10532.160027469636,0.0,4.042080001281212,0.0,0.8,309.95384848842593,309.95384800022833,309.95384800022833,0.0
10624.320054939271,0.0,4.042080001281217,0.0,0.8,309.95384848842593,309.95384800022833,309.95384800022833,0.0
10800.0,0.0,4.0420800012812155,0.0,0.8,309.95384848842593,309.95384800022833,309.95384800022833,0.0
14400.0,0.0,4.0420800012812155,0.0,0.8,309.3544453071094,309.35444500021504,309.35444500021504,0.0
14403.600000160948,0.0,4.0420800012812155,0.0,0.8,309.3544453071094,309.35444500021504,309.35444500021504,0.0
14407.200000321896,0.0,4.0420800012812155,0.0,0.8,309.3544453071094,309.35444500021504,309.35444500021504,0.0
14414.40000064379,0.0,4.0420800012812155,0.0,0.8,309.3544453071094,309.35444500021504,309.35444500021504,0.0
14428.80000128758,0.0,4.0420800012812155,0.0,0.8,309.3544453071094,309.35444500021504,309.35444500021504,0.0
14457.60000257516,0.0,4.0420800012812155,0.0,0.8,309.3544453071094,309.35444500021504,309.35444500021504,0.0
14515.200005150318,0.0,4.0420800012812155,0.0,0.8,309.3544453071094,309.35444500021504,309.35444500021504,0.0
14630.400010300636,0.0,4.0420800012812155,0.0,0.8,309.3544453071094,309.35444500021504,309.35444500021504,0.0
14760.0,0.0,4.042080001281219,0.0,0.8,309.3544453071094,309.35444500021504,309.35444500021504,0.0
14763.240000160948,0.0,4.042080001281219,0.0,0.8,309.3544453071094,309.35444500021504,309.35444500021504,0.0
14766.480000321895,0.0,4.042080001281219,0.0,0.8,309.3544453071094,309.35444500021504,309.35444500021504,0.0
14772.96000064379,0.0,4.042080001281219,0.0,0.8,309.3544453071094,309.35444500021504,309.35444500021504,0.0
14785.92000128758,0.0,4.042080001281219,0.0,0.8,309.3544453071094,309.35444500021504,309.35444500021504,0.0
14811.84000257516,0.0,4.042080001281219,0.0,0.8,309.3544453071094,309.35444500021504,309.35444500021504,0.0
14863.68000515032,0.0,4.042080001281219,0.0,0.8,309.3544453071094,309.35444500021504,309.35444500021504,0.0
14967.360010300636,0.0,4.042080001281219,0.0,0.8,309.3544453071094,309.35444500021504,309.35444500021504,0.0
15120.0,0.0,4.0420800012812155,0.0,0.8,309.3544453071094,309.35444500021504,309.35444500021504,0.0
15122.880000160947,0.0,4.0420800012812155,0.0,0.8,309.3544453071094,309.35444500021504,309.35444500021504,0.0
15125.760000321894,0.0,4.0420800012812155,0.0,0.8,309.3544453071094,309.35444500021504,309.35444500021504,0.0
15131.520000643788,0.0,4.0420800012812155,0.0,0.8,309.3544453071094,309.35444500021504,309.35444500021504,0.0
15143.04000128758,0.0,4.0420800012812155,0.0,0.8,309.3544453071094,309.35444500021504,309.35444500021504,0.0
15166.08000257516,0.0,4.042080001281219,0.0,0.8,309.3544453071094,309.35444500021504,309.35444500021504,0.0
15212.160005150317,0.0,4.0420800012812155,0.0,0.8,309.3544453071094,309.35444500021504,309.35444500021504,0.0
15304.320010300635,0.0,4.042080001281219,0.0,0.8,309.3544453071094,309.35444500021504,309.35444500021504,0.0
15480.0,0.0,4.042080001281217,0.0,0.8,309.3544453071094,309.35444500021504,309.35444500021504,0.0
15482.520000160948,0.0,4.042080001281217,0.0,0.8,309.3544453071094,309.35444500021504,309.35444500021504,0.0
15485.040000321897,0.0,4.042080001281217,0.0,0.8,309.3544453071094,309.35444500021504,309.35444500021504,0.0
15490.080000643791,0.0,4.042080001281217,0.0,0.8,309.3544453071094,309.35444500021504,309.35444500021504,0.0
15500.16000128758,0.0,4.042080001281217,0.0,0.8,309.3544453071094,309.35444500021504,309.35444500021504,0.0
15520.32000257516,0.0,4.042080001281217,0.0,0.8,309.3544453071094,309.35444500021504,309.35444500021504,0.0
15560.640005150319,0.0,4.042080001281217,0.0,0.8,309.3544453071094,309.35444500021504,309.35444500021504,0.0
15641.280010300638,0.0,4.042080001281217,0.0,0.8,309.3544453071094,309.35444500021504,309.35444500021504,0.0
15802.560020601273,0.0,4.042080001281217,0.0,0.8,309.3544453071094,309.35444500021504,309.35444500021504,0.0
15840.0,0.0,4.042080001281217,0.0,0.8,309.3544453071094,309.35444500021504,309.35444500021504,0.0
15842.160000160948,0.0,4.042080001281217,0.0,0.8,309.3544453071094,309.35444500021504,309.35444500021504,0.0
15844.320000321895,0.0,4.042080001281217,0.0,0.8,309.3544453071094,309.35444500021504,309.35444500021504,0.0
15848.64000064379,0.0,4.042080001281219,0.0,0.8,309.3544453071094,309.35444500021504,309.35444500021504,0.0
15857.28000128758,0.0,4.042080001281219,0.0,0.8,309.3544453071094,309.35444500021504,309.35444500021504,0.0
15874.56000257516,0.0,4.042080001281219,0.0,0.8,309.3544453071094,309.35444500021504,309.35444500021504,0.0
15909.120005150318,0.0,4.042080001281219,0.0,0.8,309.3544453071094,309.35444500021504,309.35444500021504,0.0
15978.240010300637,0.0,4.042080001281219,0.0,0.8,309.3544453071094,309.35444500021504,309.35444500021504,0.0
16116.480020601273,0.0,4.042080001281219,0.0,0.8,309.3544453071094,309.35444500021504,309.35444500021504,0.0
16200.0,0.0,4.042080001281217,0.0,0.8,309.3544453071094,309.35444500021504,309.35444500021504,0.0
16201.800000160947,0.0,4.042080001281217,0.0,0.8,309.3544453071094,309.35444500021504,309.35444500021504,0.0
16203.600000321894,0.0,4.042080001281217,0.0,0.8,309.3544453071094,309.35444500021504,309.35444500021504,0.0
16207.200000643788,0.0,4.042080001281217,0.0,0.8,309.3544453071094,309.35444500021504,309.35444500021504,0.0
16214.400001287579,0.0,4.042080001281217,0.0,0.8,309.3544453071094,309.35444500021504,309.35444500021504,0.0
16228.800002575159,0.0,4.042080001281217,0.0,0.8,309.3544453071094,309.35444500021504,309.35444500021504,0.0
16257.600005150318,0.0,4.042080001281217,0.0,0.8,309.3544453071094,309.35444500021504,309.35444500021504,0.0
16315.200010300636,0.0,4.042080001281219,0.0,0.8,309.3544453071094,309.35444500021504,309.35444500021504,0.0
16430.40002060127,0.0,4.042080001281217,0.0,0.8,309.3544453071094,309.35444500021504,309.35444500021504,0.0
16560.0,0.0,4.042080001281219,0.0,0.8,309.3544453071094,309.35444500021504,309.35444500021504,0.0
16561.440000160947,0.0,4.042080001281219,0.0,0.8,309.3544453071094,309.35444500021504,309.35444500021504,0.0
16562.880000321897,0.0,4.042080001281219,0.0,0.8,309.3544453071094,309.35444500021504,309.35444500021504,0.0
16565.760000643793,0.0,4.042080001281219,0.0,0.8,309.3544453071094,309.35444500021504,309.35444500021504,0.0
16571.52000128758,0.0,4.042080001281219,0.0,0.8,309.3544453071094,309.35444500021504,309.35444500021504,0.0
16583.04000257516,0.0,4.042080001281219,0.0,0.8,309.3544453071094,309.35444500021504,309.35444500021504,0.0
16606.080005150317,0.0,4.042080001281219,0.0,0.8,309.3544453071094,309.35444500021504,309.35444500021504,0.0
16652.160010300635,0.0,4.042080001281219,0.0,0.8,309.3544453071094,309.35444500021504,309.35444500021504,0.0
16744.320020601273,0.0,4.042080001281219,0.0,0.8,309.3544453071094,309.35444500021504,309.35444500021504,0.0
16920.0,0.0,4.042080001281219,0.0,0.8,309.3544453071094,309.35444500021504,309.35444500021504,0.0
16921.080000160946,0.0,4.042080001281219,0.0,0.8,309.3544453071094,309.35444500021504,309.35444500021504,0.0
16922.160000321895,0.0,4.042080001281219,0.0,0.8,309.3544453071094,309.35444500021504,309.35444500021504,0.0
16924.32000064379,0.0,4.042080001281219,0.0,0.8,309.3544453071094,309.35444500021504,309.35444500021504,0.0
16928.640001287582,0.0,4.042080001281219,0.0,0.8,309.3544453071094,309.35444500021504,309.35444500021504,0.0
16937.28000257516,0.0,4.042080001281219,0.0,0.8,309.3544453071094,309.35444500021504,309.35444500021504,0.0
16954.56000515032,0.0,4.042080001281219,0.0,0.8,309.3544453071094,309.35444500021504,309.35444500021504,0.0
16989.120010300638,0.0,4.042080001281219,0.0,0.8,309.3544453071094,309.35444500021504,309.35444500021504,0.0
17058.240020601275,0.0,4.042080001281217,0.0,0.8,309.3544453071094,309.35444500021504,309.35444500021504,0.0
17196.480041202547,0.0,4.042080001281219,0.0,0.8,309.3544453071094,309.35444500021504,309.35444500021504,0.0
17280.0,0.0,4.042080001281219,0.0,0.8,309.3544453071094,309.35444500021504,309.35444500021504,0.0
17280.720000160945,0.0,4.042080001281219,0.0,0.8,309.3544453071094,309.35444500021504,309.35444500021504,0.0
17281.440000321894,0.0,4.042080001281219,0.0,0.8,309.3544453071094,309.35444500021504,309.35444500021504,0.0
17282.88000064379,0.0,4.042080001281219,0.0,0.8,309.3544453071094,309.35444500021504,309.35444500021504,0.0
17285.760001287577,0.0,4.042080001281219,0.0,0.8,309.3544453071094,309.35444500021504,309.35444500021504,0.0
17291.52000257516,0.0,4.042080001281219,0.0,0.8,309.3544453071094,309.35444500021504,309.35444500021504,0.0
17303.040005150317,0.0,4.042080001281219,0.0,0.8,309.3544453071094,309.35444500021504,309.35444500021504,0.0
17326.080010300633,0.0,4.042080001281219,0.0,0.8,309.3544453071094,309.35444500021504,309.35444500021504,0.0
17372.160020601274,0.0,4.042080001281219,0.0,0.8,309.3544453071094,309.35444500021504,309.35444500021504,0.0
17464.320041202544,0.0,4.042080001281219,0.0,0.8,309.3544453071094,309.35444500021504,309.35444500021504,0.0
17640.0,0.0,4.042080001281217,0.0,0.8,309.3544453071094,309.35444500021504,309.35444500021504,0.0
17640.360000160945,0.0,4.042080001281217,0.0,0.8,309.3544453071094,309.35444500021504,309.35444500021504,0.0
17640.720000321893,0.0,4.042080001281217,0.0,0.8,309.3544453071094,309.35444500021504,309.35444500021504,0.0
17641.440000643786,0.0,4.042080001281217,0.0,0.8,309.3544453071094,309.35444500021504,309.35444500021504,0.0
17642.88000128758,0.0,4.042080001281217,0.0,0.8,309.3544453071094,309.35444500021504,309.35444500021504,0.0
17645.76000257516,0.0,4.042080001281217,0.0,0.8,309.3544453071094,309.35444500021504,309.35444500021504,0.0
17651.52000515032,0.0,4.042080001281217,0.0,0.8,309.3544453071094,309.35444500021504,309.35444500021504,0.0
17663.040010300636,0.0,4.042080001281217,0.0,0.8,309.3544453071094,309.35444500021504,309.35444500021504,0.0
17686.080020601272,0.0,4.042080001281217,0.0,0.8,309.3544453071094,309.35444500021504,309.35444500021504,0.0
17732.160041202544,0.0,4.042080001281217,0.0,0.8,309.3544453071094,309.35444500021504,309.35444500021504,0.0
17824.320082405087,0.0,4.042080001281219,0.0,0.8,309.3544453071094,309.35444500021504,309.35444500021504,0.0
18000.0,0.0,4.042080001281219,0.0,0.8,309.3544453071094,309.35444500021504,309.35444500021504,0.0
21600.0,0.0,4.042080001281219,0.0,0.8,309.1500005233657,309.14999999998633,309.14999999998633,0.0
21603.600000214596,0.0,4.042080001281219,0.0,0.8,309.1500005233657,309.14999999998633,309.14999999998633,0.0
21607.200000429184,0.0,4.042080001281219,0.0,0.8,309.1500005233657,309.14999999998633,309.14999999998633,0.0
21614.400000858368,0.0,4.042080001281219,0.0,0.8,309.1500005233657,309.14999999998633,309.14999999998633,0.0
21628.800001716736,0.0,4.042080001281219,0.0,0.8,309.1500005233657,309.14999999998633,309.14999999998633,0.0
21657.60000343347,0.0,4.042080001281219,0.0,0.8,309.1500005233657,309.14999999998633,309.14999999998633,0.0
21715.200006866937,0.0,4.042080001281219,0.0,0.8,309.1500005233657,309.14999999998633,309.14999999998633,0.0
21830.400013733866,0.0,4.042080001281219,0.0,0.8,309.1500005233657,309.14999999998633,309.14999999998633,0.0
21960.0,0.0,4.042080001281219,0.0,0.8,309.1500005233657,309.14999999998633,309.14999999998633,0.0
21963.24000021459,0.0,4.042080001281219,0.0,0.8,309.1500005233657,309.14999999998633,309.14999999998633,0.0
21966.480000429183,0.0,4.042080001281219,0.0,0.8,309.1500005233657,309.14999999998633,309.14999999998633,0.0
21972.960000858366,0.0,4.042080001281219,0.0,0.8,309.1500005233657,309.14999999998633,309.14999999998633,0.0
21985.92000171673,0.0,4.042080001281219,0.0,0.8,309.1500005233657,309.14999999998633,309.14999999998633,0.0
22011.840003433463,0.0,4.042080001281219,0.0,0.8,309.1500005233657,309.14999999998633,309.14999999998633,0.0
22063.680006866933,0.0,4.042080001281219,0.0,0.8,309.1500005233657,309.14999999998633,309.14999999998633,0.0
22167.360013733865,0.0,4.042080001281219,0.0,0.8,309.1500005233657,309.14999999998633,309.14999999998633,0.0
22320.0,0.0,4.042080001281219,0.0,0.8,309.1500005233657,309.14999999998633,309.14999999998633,0.0
22322.88000021459,0.0,4.042080001281219,0.0,0.8,309.1500005233657,309.14999999998633,309.14999999998633,0.0
22325.76000042918,0.0,4.042080001281219,0.0,0.8,309.1500005233657,309.14999999998633,309.14999999998633,0.0
22331.520000858363,0.0,4.042080001281219,0.0,0.8,309.1500005233657,309.14999999998633,309.14999999998633,0.0
22343.040001716734,0.0,4.042080001281219,0.0,0.8,309.1500005233657,309.14999999998633,309.14999999998633,0.0
22366.080003433464,0.0,4.042080001281219,0.0,0.8,309.1500005233657,309.14999999998633,309.14999999998633,0.0
22412.16000686693,0.0,4.042080001281219,0.0,0.8,309.1500005233657,309.14999999998633,309.14999999998633,0.0
22504.320013733864,0.0,4.042080001281219,0.0,0.8,309.1500005233657,309.14999999998633,309.14999999998633,0.0
22680.0,0.0,4.042080001281217,0.0,0.8,309.1500005233657,309.14999999998633,309.14999999998633,0.0
22682.520000214594,0.0,4.042080001281217,0.0,0.8,309.1500005233657,309.14999999998633,309.14999999998633,0.0
22685.040000429184,0.0,4.042080001281217,0.0,0.8,309.1500005233657,309.14999999998633,309.14999999998633,0.0
22690.08000085837,0.0,4.042080001281217,0.0,0.8,309.1500005233657,309.14999999998633,309.14999999998633,0.0
22700.160001716737,0.0,4.042080001281217,0.0,0.8,309.1500005233657,309.14999999998633,309.14999999998633,0.0
22720.320003433466,0.0,4.042080001281217,0.0,0.8,309.1500005233657,309.14999999998633,309.14999999998633,0.0
22760.64000686693,0.0,4.042080001281217,0.0,0.8,309.1500005233657,309.14999999998633,309.14999999998633,0.0
22841.280013733864,0.0,4.042080001281217,0.0,0.8,309.1500005233657,309.14999999998633,309.14999999998633,0.0
23002.560027467727,0.0,4.042080001281219,0.0,0.8,309.1500005233657,309.14999999998633,309.14999999998633,0.0
23040.0,0.0,4.042080001281219,0.0,0.8,309.1500005233657,309.14999999998633,309.14999999998633,0.0
23042.160000214593,0.0,4.042080001281219,0.0,0.8,309.1500005233657,309.14999999998633,309.14999999998633,0.0
23044.320000429183,0.0,4.042080001281219,0.0,0.8,309.1500005233657,309.14999999998633,309.14999999998633,0.0
23048.640000858366,0.0,4.042080001281219,0.0,0.8,309.1500005233657,309.14999999998633,309.14999999998633,0.0
23057.280001716732,0.0,4.042080001281219,0.0,0.8,309.1500005233657,309.14999999998633,309.14999999998633,0.0
23074.560003433464,0.0,4.042080001281219,0.0,0.8,309.1500005233657,309.14999999998633,309.14999999998633,0.0
23109.12000686693,0.0,4.042080001281219,0.0,0.8,309.1500005233657,309.14999999998633,309.14999999998633,0.0
23178.240013733863,0.0,4.042080001281219,0.0,0.8,309.1500005233657,309.14999999998633,309.14999999998633,0.0
23316.480027467725,0.0,4.042080001281217,0.0,0.8,309.1500005233657,309.14999999998633,309.14999999998633,0.0
23400.0,0.0,4.042080001281217,0.0,0.8,309.1500005233657,309.14999999998633,309.14999999998633,0.0
23401.800000214593,0.0,4.042080001281217,0.0,0.8,309.1500005233657,309.14999999998633,309.14999999998633,0.0
23403.60000042918,0.0,4.042080001281217,0.0,0.8,309.1500005233657,309.14999999998633,309.14999999998633,0.0
23407.200000858364,0.0,4.042080001281217,0.0,0.8,309.1500005233657,309.14999999998633,309.14999999998633,0.0
23414.400001716735,0.0,4.042080001281217,0.0,0.8,309.1500005233657,309.14999999998633,309.14999999998633,0.0
23428.800003433465,0.0,4.042080001281217,0.0,0.8,309.1500005233657,309.14999999998633,309.14999999998633,0.0
23457.60000686693,0.0,4.042080001281217,0.0,0.8,309.1500005233657,309.14999999998633,309.14999999998633,0.0
23515.200013733862,0.0,4.042080001281219,0.0,0.8,309.1500005233657,309.14999999998633,309.14999999998633,0.0
23630.400027467727,0.0,4.042080001281219,0.0,0.8,309.1500005233657,309.14999999998633,309.14999999998633,0.0
23760.0,0.0,4.0420800012812155,0.0,0.8,309.1500005233657,309.14999999998633,309.14999999998633,0.0
23761.440000214592,0.0,4.0420800012812155,0.0,0.8,309.1500005233657,309.14999999998633,309.14999999998633,0.0
23762.880000429184,0.0,4.0420800012812155,0.0,0.8,309.1500005233657,309.14999999998633,309.14999999998633,0.0
23765.76000085837,0.0,4.0420800012812155,0.0,0.8,309.1500005233657,309.14999999998633,309.14999999998633,0.0
23771.520001716734,0.0,4.0420800012812155,0.0,0.8,309.1500005233657,309.14999999998633,309.14999999998633,0.0
23783.040003433467,0.0,4.0420800012812155,0.0,0.8,309.1500005233657,309.14999999998633,309.14999999998633,0.0
23806.080006866934,0.0,4.0420800012812155,0.0,0.8,309.1500005233657,309.14999999998633,309.14999999998633,0.0
23852.160013733865,0.0,4.0420800012812155,0.0,0.8,309.1500005233657,309.14999999998633,309.14999999998633,0.0
23944.32002746773,0.0,4.042080001281219,0.0,0.8,309.1500005233657,309.14999999998633,309.14999999998633,0.0
24120.0,0.0,4.042080001281217,0.0,0.8,309.1500005233657,309.14999999998633,309.14999999998633,0.0
24121.08000021459,0.0,4.042080001281217,0.0,0.8,309.1500005233657,309.14999999998633,309.14999999998633,0.0
24122.160000429183,0.0,4.042080001281217,0.0,0.8,309.1500005233657,309.14999999998633,309.14999999998633,0.0
24124.320000858366,0.0,4.042080001281217,0.0,0.8,309.1500005233657,309.14999999998633,309.14999999998633,0.0
24128.640001716733,0.0,4.042080001281217,0.0,0.8,309.1500005233657,309.14999999998633,309.14999999998633,0.0
24137.280003433465,0.0,4.042080001281217,0.0,0.8,309.1500005233657,309.14999999998633,309.14999999998633,0.0
24154.56000686693,0.0,4.042080001281217,0.0,0.8,309.1500005233657,309.14999999998633,309.14999999998633,0.0
24189.120013733864,0.0,4.042080001281219,0.0,0.8,309.1500005233657,309.14999999998633,309.14999999998633,0.0
24258.240027467727,0.0,4.042080001281217,0.0,0.8,309.1500005233657,309.14999999998633,309.14999999998633,0.0
24396.480054935455,0.0,4.042080001281219,0.0,0.8,309.1500005233657,309.14999999998633,309.14999999998633,0.0
24480.0,0.0,4.042080001281219,0.0,0.8,309.1500005233657,309.14999999998633,309.14999999998633,0.0
24480.72000021459,0.0,4.042080001281219,0.0,0.8,309.1500005233657,309.14999999998633,309.14999999998633,0.0
24481.440000429182,0.0,4.042080001281219,0.0,0.8,309.1500005233657,309.14999999998633,309.14999999998633,0.0
24482.880000858364,0.0,4.042080001281219,0.0,0.8,309.1500005233657,309.14999999998633,309.14999999998633,0.0
24485.76000171673,0.0,4.042080001281219,0.0,0.8,309.1500005233657,309.14999999998633,309.14999999998633,0.0
24491.520003433463,0.0,4.042080001281219,0.0,0.8,309.1500005233657,309.14999999998633,309.14999999998633,0.0
24503.040006866933,0.0,4.042080001281219,0.0,0.8,309.1500005233657,309.14999999998633,309.14999999998633,0.0
24526.080013733863,0.0,4.042080001281221,0.0,0.8,309.1500005233657,309.14999999998633,309.14999999998633,0.0
24572.160027467726,0.0,4.042080001281217,0.0,0.8,309.1500005233657,309.14999999998633,309.14999999998633,0.0
24664.320054935455,0.0,4.042080001281221,0.0,0.8,309.1500005233657,309.14999999998633,309.14999999998633,0.0
24840.0,0.0,4.042080001281221,0.0,0.8,309.1500005233657,309.14999999998633,309.14999999998633,0.0
24840.36000021459,0.0,4.042080001281221,0.0,0.8,309.1500005233657,309.14999999998633,309.14999999998633,0.0
24840.720000429184,0.0,4.042080001281221,0.0,0.8,309.1500005233657,309.14999999998633,309.14999999998633,0.0
24841.44000085837,0.0,4.042080001281221,0.0,0.8,309.1500005233657,309.14999999998633,309.14999999998633,0.0
24842.880001716734,0.0,4.042080001281221,0.0,0.8,309.1500005233657,309.14999999998633,309.14999999998633,0.0
24845.76000343347,0.0,4.042080001281221,0.0,0.8,309.1500005233657,309.14999999998633,309.14999999998633,0.0
24851.520006866933,0.0,4.042080001281221,0.0,0.8,309.1500005233657,309.14999999998633,309.14999999998633,0.0
24863.040013733866,0.0,4.042080001281221,0.0,0.8,309.1500005233657,309.14999999998633,309.14999999998633,0.0
24886.08002746773,0.0,4.042080001281221,0.0,0.8,309.1500005233657,309.14999999998633,309.14999999998633,0.0
24932.160054935455,0.0,4.042080001281221,0.0,0.8,309.1500005233657,309.14999999998633,309.14999999998633,0.0
25024.32010987091,0.0,4.042080001281219,0.0,0.8,309.1500005233657,309.14999999998633,309.14999999998633,0.0
25200.0,0.0,4.042080001281221,0.0,0.8,309.1500005233657,309.14999999998633,309.14999999998633,0.0
28800.0,0.0,4.042080001281221,0.0,0.8,309.3544444768361,309.35444500021504,309.35444500021504,0.0
28803.600000268238,0.0,4.042080001281221,0.0,0.8,309.3544444768361,309.35444500021504,309.35444500021504,0.0
28807.200000536475,0.0,4.042080001281221,0.0,0.8,309.3544444768361,309.35444500021504,309.35444500021504,0.0
28814.400001072943,0.0,4.042080001281221,0.0,0.8,309.3544444768361,309.35444500021504,309.35444500021504,0.0
28828.800002145887,0.0,4.042080001281221,0.0,0.8,309.3544444768361,309.35444500021504,309.35444500021504,0.0
28857.600004291773,0.0,4.042080001281221,0.0,0.8,309.3544444768361,309.35444500021504,309.35444500021504,0.0
28915.200008583546,0.0,4.042080001281219,0.0,0.8,309.3544444768361,309.35444500021504,309.35444500021504,0.0
29030.400017167092,0.0,4.042080001281219,0.0,0.8,309.3544444768361,309.35444500021504,309.35444500021504,0.0
29160.0,0.0,4.042080001281221,0.0,0.8,309.3544444768361,309.35444500021504,309.35444500021504,0.0
29163.240000268233,0.0,4.042080001281221,0.0,0.8,309.3544444768361,309.35444500021504,309.35444500021504,0.0
29166.48000053647,0.0,4.042080001281221,0.0,0.8,309.3544444768361,309.35444500021504,309.35444500021504,0.0
29172.96000107294,0.0,4.042080001281221,0.0,0.8,309.3544444768361,309.35444500021504,309.35444500021504,0.0
29185.920002145886,0.0,4.042080001281221,0.0,0.8,309.3544444768361,309.35444500021504,309.35444500021504,0.0
29211.84000429177,0.0,4.042080001281217,0.0,0.8,309.3544444768361,309.35444500021504,309.35444500021504,0.0
29263.680008583542,0.0,4.042080001281217,0.0,0.8,309.3544444768361,309.35444500021504,309.35444500021504,0.0
29367.36001716709,0.0,4.042080001281217,0.0,0.8,309.3544444768361,309.35444500021504,309.35444500021504,0.0
29520.0,0.0,4.042080001281221,0.0,0.8,309.3544444768361,309.35444500021504,309.35444500021504,0.0
29522.880000268236,0.0,4.042080001281221,0.0,0.8,309.3544444768361,309.35444500021504,309.35444500021504,0.0
29525.760000536473,0.0,4.042080001281221,0.0,0.8,309.3544444768361,309.35444500021504,309.35444500021504,0.0
29531.520001072946,0.0,4.042080001281221,0.0,0.8,309.3544444768361,309.35444500021504,309.35444500021504,0.0
29543.040002145888,0.0,4.042080001281219,0.0,0.8,309.3544444768361,309.35444500021504,309.35444500021504,0.0
29566.080004291776,0.0,4.042080001281219,0.0,0.8,309.3544444768361,309.35444500021504,309.35444500021504,0.0
29612.160008583545,0.0,4.042080001281219,0.0,0.8,309.3544444768361,309.35444500021504,309.35444500021504,0.0
29704.32001716709,0.0,4.042080001281219,0.0,0.8,309.3544444768361,309.35444500021504,309.35444500021504,0.0
29880.0,0.0,4.042080001281219,0.0,0.8,309.3544444768361,309.35444500021504,309.35444500021504,0.0
29882.520000268236,0.0,4.042080001281219,0.0,0.8,309.3544444768361,309.35444500021504,309.35444500021504,0.0
29885.04000053647,0.0,4.042080001281219,0.0,0.8,309.3544444768361,309.35444500021504,309.35444500021504,0.0
29890.080001072944,0.0,4.042080001281219,0.0,0.8,309.3544444768361,309.35444500021504,309.35444500021504,0.0
29900.160002145887,0.0,4.042080001281219,0.0,0.8,309.3544444768361,309.35444500021504,309.35444500021504,0.0
29920.320004291774,0.0,4.042080001281221,0.0,0.8,309.3544444768361,309.35444500021504,309.35444500021504,0.0
29960.64000858355,0.0,4.042080001281223,0.0,0.8,309.3544444768361,309.35444500021504,309.35444500021504,0.0
30041.28001716709,0.0,4.042080001281223,0.0,0.8,309.3544444768361,309.35444500021504,309.35444500021504,0.0
30202.560034334183,0.0,4.042080001281221,0.0,0.8,309.3544444768361,309.35444500021504,309.35444500021504,0.0
30240.0,0.0,4.042080001281221,0.0,0.8,309.3544444768361,309.35444500021504,309.35444500021504,0.0
30242.160000268235,0.0,4.042080001281221,0.0,0.8,309.3544444768361,309.35444500021504,309.35444500021504,0.0
30244.32000053647,0.0,4.042080001281221,0.0,0.8,309.3544444768361,309.35444500021504,309.35444500021504,0.0
30248.64000107294,0.0,4.042080001281221,0.0,0.8,309.3544444768361,309.35444500021504,309.35444500021504,0.0
30257.280002145886,0.0,4.042080001281221,0.0,0.8,309.3544444768361,309.35444500021504,309.35444500021504,0.0
30274.560004291772,0.0,4.042080001281221,0.0,0.8,309.3544444768361,309.35444500021504,309.35444500021504,0.0
30309.120008583544,0.0,4.042080001281219,0.0,0.8,309.3544444768361,309.35444500021504,309.35444500021504,0.0
30378.24001716709,0.0,4.042080001281224,0.0,0.8,309.3544444768361,309.35444500021504,309.35444500021504,0.0
30516.48003433418,0.0,4.042080001281221,0.0,0.8,309.3544444768361,309.35444500021504,309.35444500021504,0.0
30600.0,0.0,4.042080001281219,0.0,0.8,309.3544444768361,309.35444500021504,309.35444500021504,0.0
30601.80000026824,0.0,4.042080001281219,0.0,0.8,309.3544444768361,309.35444500021504,309.35444500021504,0.0
30603.600000536473,0.0,4.042080001281219,0.0,0.8,309.3544444768361,309.35444500021504,309.35444500021504,0.0
30607.200001072946,0.0,4.042080001281219,0.0,0.8,309.3544444768361,309.35444500021504,309.35444500021504,0.0
30614.400002145885,0.0,4.042080001281219,0.0,0.8,309.3544444768361,309.35444500021504,309.35444500021504,0.0
30628.800004291774,0.0,4.042080001281219,0.0,0.8,309.3544444768361,309.35444500021504,309.35444500021504,0.0
30657.600008583548,0.0,4.042080001281219,0.0,0.8,309.3544444768361,309.35444500021504,309.35444500021504,0.0
30715.20001716709,0.0,4.042080001281219,0.0,0.8,309.3544444768361,309.35444500021504,309.35444500021504,0.0
30830.400034334183,0.0,4.042080001281221,0.0,0.8,309.3544444768361,309.35444500021504,309.35444500021504,0.0
30960.0,0.0,4.042080001281221,0.0,0.8,309.3544444768361,309.35444500021504,309.35444500021504,0.0
30961.440000268234,0.0,4.042080001281221,0.0,0.8,309.3544444768361,309.35444500021504,309.35444500021504,0.0
30962.88000053647,0.0,4.042080001281221,0.0,0.8,309.3544444768361,309.35444500021504,309.35444500021504,0.0
30965.76000107294,0.0,4.042080001281221,0.0,0.8,309.3544444768361,309.35444500021504,309.35444500021504,0.0
30971.520002145884,0.0,4.042080001281221,0.0,0.8,309.3544444768361,309.35444500021504,309.35444500021504,0.0
30983.04000429177,0.0,4.042080001281221,0.0,0.8,309.3544444768361,309.35444500021504,309.35444500021504,0.0
31006.080008583544,0.0,4.042080001281221,0.0,0.8,309.3544444768361,309.35444500021504,309.35444500021504,0.0
31052.16001716709,0.0,4.042080001281219,0.0,0.8,309.3544444768361,309.35444500021504,309.35444500021504,0.0
31144.32003433418,0.0,4.042080001281223,0.0,0.8,309.3544444768361,309.35444500021504,309.35444500021504,0.0
31320.0,0.0,4.042080001281219,0.0,0.8,309.3544444768361,309.35444500021504,309.35444500021504,0.0
31321.080000268237,0.0,4.042080001281219,0.0,0.8,309.3544444768361,309.35444500021504,309.35444500021504,0.0
31322.160000536474,0.0,4.042080001281219,0.0,0.8,309.3544444768361,309.35444500021504,309.35444500021504,0.0
31324.320001072945,0.0,4.042080001281219,0.0,0.8,309.3544444768361,309.35444500021504,309.35444500021504,0.0
31328.640002145887,0.0,4.042080001281219,0.0,0.8,309.3544444768361,309.35444500021504,309.35444500021504,0.0
31337.280004291773,0.0,4.042080001281219,0.0,0.8,309.3544444768361,309.35444500021504,309.35444500021504,0.0
31354.560008583547,0.0,4.042080001281219,0.0,0.8,309.3544444768361,309.35444500021504,309.35444500021504,0.0
31389.120017167093,0.0,4.042080001281219,0.0,0.8,309.3544444768361,309.35444500021504,309.35444500021504,0.0
31458.240034334183,0.0,4.042080001281221,0.0,0.8,309.3544444768361,309.35444500021504,309.35444500021504,0.0
31596.480068668367,0.0,4.042080001281219,0.0,0.8,309.3544444768361,309.35444500021504,309.35444500021504,0.0
31680.0,0.0,4.042080001281221,0.0,0.8,309.3544444768361,309.35444500021504,309.35444500021504,0.0
31680.720000268237,0.0,4.042080001281221,0.0,0.8,309.3544444768361,309.35444500021504,309.35444500021504,0.0
31681.440000536473,0.0,4.042080001281221,0.0,0.8,309.3544444768361,309.35444500021504,309.35444500021504,0.0
31682.880001072946,0.0,4.042080001281221,0.0,0.8,309.3544444768361,309.35444500021504,309.35444500021504,0.0
31685.76000214589,0.0,4.042080001281221,0.0,0.8,309.3544444768361,309.35444500021504,309.35444500021504,0.0
31691.520004291775,0.0,4.042080001281221,0.0,0.8,309.3544444768361,309.35444500021504,309.35444500021504,0.0
31703.040008583546,0.0,4.042080001281221,0.0,0.8,309.3544444768361,309.35444500021504,309.35444500021504,0.0
31726.080017167093,0.0,4.042080001281221,0.0,0.8,309.3544444768361,309.35444500021504,309.35444500021504,0.0
31772.160034334185,0.0,4.042080001281219,0.0,0.8,309.3544444768361,309.35444500021504,309.35444500021504,0.0
31864.320068668367,0.0,4.042080001281221,0.0,0.8,309.3544444768361,309.35444500021504,309.35444500021504,0.0
32040.0,0.0,4.042080001281224,0.0,0.8,309.3544444768361,309.35444500021504,309.35444500021504,0.0
32040.360000268236,0.0,4.042080001281224,0.0,0.8,309.3544444768361,309.35444500021504,309.35444500021504,0.0
32040.720000536472,0.0,4.042080001281224,0.0,0.8,309.3544444768361,309.35444500021504,309.35444500021504,0.0
32041.440001072944,0.0,4.042080001281224,0.0,0.8,309.3544444768361,309.35444500021504,309.35444500021504,0.0
32042.88000214589,0.0,4.042080001281224,0.0,0.8,309.3544444768361,309.35444500021504,309.35444500021504,0.0
32045.760004291773,0.0,4.042080001281224,0.0,0.8,309.3544444768361,309.35444500021504,309.35444500021504,0.0
32051.520008583546,0.0,4.042080001281224,0.0,0.8,309.3544444768361,309.35444500021504,309.35444500021504,0.0
32063.04001716709,0.0,4.042080001281224,0.0,0.8,309.3544444768361,309.35444500021504,309.35444500021504,0.0
32086.080034334183,0.0,4.042080001281224,0.0,0.8,309.3544444768361,309.35444500021504,309.35444500021504,0.0
32132.160068668367,0.0,4.042080001281224,0.0,0.8,309.3544444768361,309.35444500021504,309.35444500021504,0.0
32224.320137336734,0.0,4.042080001281219,0.0,0.8,309.3544444768361,309.35444500021504,309.35444500021504,0.0
32400.0,0.0,4.042080001281221,0.0,0.8,309.3544444768361,309.35444500021504,309.35444500021504,0.0
36000.0,0.0,4.042080001281221,0.0,0.8,309.95384769333396,309.95384800022833,309.95384800022833,0.0
36003.60000032188,0.0,4.042080001281221,0.0,0.8,309.95384769333396,309.95384800022833,309.95384800022833,0.0
36007.20000064376,0.0,4.042080001281221,0.0,0.8,309.95384769333396,309.95384800022833,309.95384800022833,0.0
36014.40000128752,0.0,4.042080001281221,0.0,0.8,309.95384769333396,309.95384800022833,309.95384800022833,0.0
36028.80000257504,0.0,4.042080001281221,0.0,0.8,309.95384769333396,309.95384800022833,309.95384800022833,0.0
36057.60000515008,0.0,4.042080001281221,0.0,0.8,309.95384769333396,309.95384800022833,309.95384800022833,0.0
36115.20001030016,0.0,4.042080001281223,0.0,0.8,309.95384769333396,309.95384800022833,309.95384800022833,0.0
36230.400020600326,0.0,4.042080001281224,0.0,0.8,309.95384769333396,309.95384800022833,309.95384800022833,0.0
36360.0,0.0,4.042080001281219,0.0,0.8,309.95384769333396,309.95384800022833,309.95384800022833,0.0
36363.24000032188,0.0,4.042080001281219,0.0,0.8,309.95384769333396,309.95384800022833,309.95384800022833,0.0
36366.48000064376,0.0,4.042080001281219,0.0,0.8,309.95384769333396,309.95384800022833,309.95384800022833,0.0
36372.960001287516,0.0,4.042080001281219,0.0,0.8,309.95384769333396,309.95384800022833,309.95384800022833,0.0
36385.92000257504,0.0,4.042080001281219,0.0,0.8,309.95384769333396,309.95384800022833,309.95384800022833,0.0
36411.84000515008,0.0,4.042080001281219,0.0,0.8,309.95384769333396,309.95384800022833,309.95384800022833,0.0
36463.68001030016,0.0,4.042080001281219,0.0,0.8,309.95384769333396,309.95384800022833,309.95384800022833,0.0
36567.36002060032,0.0,4.042080001281221,0.0,0.8,309.95384769333396,309.95384800022833,309.95384800022833,0.0
36720.0,0.0,4.042080001281219,0.0,0.8,309.95384769333396,309.95384800022833,309.95384800022833,0.0
36722.88000032188,0.0,4.042080001281219,0.0,0.8,309.95384769333396,309.95384800022833,309.95384800022833,0.0
36725.76000064376,0.0,4.042080001281219,0.0,0.8,309.95384769333396,309.95384800022833,309.95384800022833,0.0
36731.520001287514,0.0,4.042080001281219,0.0,0.8,309.95384769333396,309.95384800022833,309.95384800022833,0.0
36743.04000257504,0.0,4.042080001281219,0.0,0.8,309.95384769333396,309.95384800022833,309.95384800022833,0.0
36766.08000515008,0.0,4.042080001281219,0.0,0.8,309.95384769333396,309.95384800022833,309.95384800022833,0.0
36812.160010300155,0.0,4.042080001281221,0.0,0.8,309.95384769333396,309.95384800022833,309.95384800022833,0.0
36904.32002060032,0.0,4.042080001281221,0.0,0.8,309.95384769333396,309.95384800022833,309.95384800022833,0.0
37080.0,0.0,4.042080001281221,0.0,0.8,309.95384769333396,309.95384800022833,309.95384800022833,0.0
37082.52000032188,0.0,4.042080001281221,0.0,0.8,309.95384769333396,309.95384800022833,309.95384800022833,0.0
37085.04000064376,0.0,4.042080001281221,0.0,0.8,309.95384769333396,309.95384800022833,309.95384800022833,0.0
37090.080001287526,0.0,4.042080001281221,0.0,0.8,309.95384769333396,309.95384800022833,309.95384800022833,0.0
37100.16000257504,0.0,4.042080001281221,0.0,0.8,309.95384769333396,309.95384800022833,309.95384800022833,0.0
37120.32000515008,0.0,4.042080001281221,0.0,0.8,309.95384769333396,309.95384800022833,309.95384800022833,0.0
37160.640010300165,0.0,4.042080001281219,0.0,0.8,309.95384769333396,309.95384800022833,309.95384800022833,0.0
37241.280020600316,0.0,4.042080001281221,0.0,0.8,309.95384769333396,309.95384800022833,309.95384800022833,0.0
37402.56004120064,0.0,4.042080001281221,0.0,0.8,309.95384769333396,309.95384800022833,309.95384800022833,0.0
37440.0,0.0,4.042080001281221,0.0,0.8,309.95384769333396,309.95384800022833,309.95384800022833,0.0
37442.16000032188,0.0,4.042080001281221,0.0,0.8,309.95384769333396,309.95384800022833,309.95384800022833,0.0
37444.32000064376,0.0,4.042080001281221,0.0,0.8,309.95384769333396,309.95384800022833,309.95384800022833,0.0
37448.640001287524,0.0,4.042080001281221,0.0,0.8,309.95384769333396,309.95384800022833,309.95384800022833,0.0
37457.28000257504,0.0,4.042080001281221,0.0,0.8,309.95384769333396,309.95384800022833,309.95384800022833,0.0
37474.56000515008,0.0,4.042080001281221,0.0,0.8,309.95384769333396,309.95384800022833,309.95384800022833,0.0
37509.12001030016,0.0,4.042080001281221,0.0,0.8,309.95384769333396,309.95384800022833,309.95384800022833,0.0
37578.24002060032,0.0,4.042080001281221,0.0,0.8,309.95384769333396,309.95384800022833,309.95384800022833,0.0
37716.480041200644,0.0,4.042080001281221,0.0,0.8,309.95384769333396,309.95384800022833,309.95384800022833,0.0
37800.0,0.0,4.042080001281221,0.0,0.8,309.95384769333396,309.95384800022833,309.95384800022833,0.0
37801.80000032188,0.0,4.042080001281221,0.0,0.8,309.95384769333396,309.95384800022833,309.95384800022833,0.0
37803.60000064376,0.0,4.042080001281221,0.0,0.8,309.95384769333396,309.95384800022833,309.95384800022833,0.0
37807.20000128752,0.0,4.042080001281221,0.0,0.8,309.95384769333396,309.95384800022833,309.95384800022833,0.0
37814.40000257504,0.0,4.042080001281221,0.0,0.8,309.95384769333396,309.95384800022833,309.95384800022833,0.0
37828.800005150086,0.0,4.042080001281221,0.0,0.8,309.95384769333396,309.95384800022833,309.95384800022833,0.0
37857.60001030016,0.0,4.042080001281221,0.0,0.8,309.95384769333396,309.95384800022833,309.95384800022833,0.0
37915.20002060032,0.0,4.042080001281221,0.0,0.8,309.95384769333396,309.95384800022833,309.95384800022833,0.0
38030.40004120064,0.0,4.042080001281224,0.0,0.8,309.95384769333396,309.95384800022833,309.95384800022833,0.0
38160.0,0.0,4.042080001281221,0.0,0.8,309.95384769333396,309.95384800022833,309.95384800022833,0.0
38161.440000321876,0.0,4.042080001281221,0.0,0.8,309.95384769333396,309.95384800022833,309.95384800022833,0.0
38162.88000064376,0.0,4.042080001281221,0.0,0.8,309.95384769333396,309.95384800022833,309.95384800022833,0.0
38165.76000128752,0.0,4.042080001281221,0.0,0.8,309.95384769333396,309.95384800022833,309.95384800022833,0.0
38171.52000257504,0.0,4.042080001281221,0.0,0.8,309.95384769333396,309.95384800022833,309.95384800022833,0.0
38183.04000515008,0.0,4.042080001281221,0.0,0.8,309.95384769333396,309.95384800022833,309.95384800022833,0.0
38206.08001030015,0.0,4.042080001281221,0.0,0.8,309.95384769333396,309.95384800022833,309.95384800022833,0.0
38252.16002060032,0.0,4.042080001281221,0.0,0.8,309.95384769333396,309.95384800022833,309.95384800022833,0.0
38344.32004120064,0.0,4.042080001281219,0.0,0.8,309.95384769333396,309.95384800022833,309.95384800022833,0.0
38520.0,0.0,4.042080001281221,0.0,0.8,309.95384769333396,309.95384800022833,309.95384800022833,0.0
38521.080000321876,0.0,4.042080001281221,0.0,0.8,309.95384769333396,309.95384800022833,309.95384800022833,0.0
38522.16000064376,0.0,4.042080001281221,0.0,0.8,309.95384769333396,309.95384800022833,309.95384800022833,0.0
38524.32000128752,0.0,4.042080001281221,0.0,0.8,309.95384769333396,309.95384800022833,309.95384800022833,0.0
38528.64000257503,0.0,4.042080001281221,0.0,0.8,309.95384769333396,309.95384800022833,309.95384800022833,0.0
38537.28000515008,0.0,4.042080001281221,0.0,0.8,309.95384769333396,309.95384800022833,309.95384800022833,0.0
38554.560010300156,0.0,4.042080001281221,0.0,0.8,309.95384769333396,309.95384800022833,309.95384800022833,0.0
38589.12002060031,0.0,4.042080001281221,0.0,0.8,309.95384769333396,309.95384800022833,309.95384800022833,0.0
38658.24004120064,0.0,4.042080001281221,0.0,0.8,309.95384769333396,309.95384800022833,309.95384800022833,0.0
38796.48008240128,0.0,4.042080001281221,0.0,0.8,309.95384769333396,309.95384800022833,309.95384800022833,0.0
38880.0,0.0,4.042080001281221,0.0,0.8,309.95384769333396,309.95384800022833,309.95384800022833,0.0
38880.720000321875,0.0,4.042080001281221,0.0,0.8,309.95384769333396,309.95384800022833,309.95384800022833,0.0
38881.44000064376,0.0,4.042080001281221,0.0,0.8,309.95384769333396,309.95384800022833,309.95384800022833,0.0
38882.880001287514,0.0,4.042080001281221,0.0,0.8,309.95384769333396,309.95384800022833,309.95384800022833,0.0
38885.76000257504,0.0,4.042080001281221,0.0,0.8,309.95384769333396,309.95384800022833,309.95384800022833,0.0
38891.52000515008,0.0,4.042080001281221,0.0,0.8,309.95384769333396,309.95384800022833,309.95384800022833,0.0
38903.04001030016,0.0,4.042080001281221,0.0,0.8,309.95384769333396,309.95384800022833,309.95384800022833,0.0
38926.08002060032,0.0,4.042080001281221,0.0,0.8,309.95384769333396,309.95384800022833,309.95384800022833,0.0
38972.16004120064,0.0,4.042080001281221,0.0,0.8,309.95384769333396,309.95384800022833,309.95384800022833,0.0
39064.320082401275,0.0,4.042080001281219,0.0,0.8,309.95384769333396,309.95384800022833,309.95384800022833,0.0
39240.0,0.0,4.042080001281219,0.0,0.8,309.95384769333396,309.95384800022833,309.95384800022833,0.0
39240.36000032188,0.0,4.042080001281219,0.0,0.8,309.95384769333396,309.95384800022833,309.95384800022833,0.0
39240.72000064376,0.0,4.042080001281219,0.0,0.8,309.95384769333396,309.95384800022833,309.95384800022833,0.0
39241.44000128753,0.0,4.042080001281219,0.0,0.8,309.95384769333396,309.95384800022833,309.95384800022833,0.0
39242.88000257504,0.0,4.042080001281219,0.0,0.8,309.95384769333396,309.95384800022833,309.95384800022833,0.0
39245.76000515008,0.0,4.042080001281219,0.0,0.8,309.95384769333396,309.95384800022833,309.95384800022833,0.0
39251.52001030016,0.0,4.042080001281219,0.0,0.8,309.95384769333396,309.95384800022833,309.95384800022833,0.0
39263.040020600325,0.0,4.042080001281219,0.0,0.8,309.95384769333396,309.95384800022833,309.95384800022833,0.0
39286.080041200636,0.0,4.042080001281221,0.0,0.8,309.95384769333396,309.95384800022833,309.95384800022833,0.0
39332.16008240128,0.0,4.042080001281221,0.0,0.8,309.95384769333396,309.95384800022833,309.95384800022833,0.0
39424.32016480256,0.0,4.042080001281221,0.0,0.8,309.95384769333396,309.95384800022833,309.95384800022833,0.0
39600.0,0.0,4.042080001281224,0.0,0.8,309.95384769333396,309.95384800022833,309.95384800022833,0.0
43200.0,0.0,4.042080001281224,0.0,0.8,310.9073585120408,310.90735900023844,310.90735900023844,0.0
43203.60000037553,0.0,4.042080001281224,0.0,0.8,310.9073585120408,310.90735900023844,310.90735900023844,0.0
43207.20000075105,0.0,4.042080001281224,0.0,0.8,310.9073585120408,310.90735900023844,310.90735900023844,0.0
43214.4000015021,0.0,4.042080001281224,0.0,0.8,310.9073585120408,310.90735900023844,310.90735900023844,0.0
43228.8000030042,0.0,4.042080001281224,0.0,0.8,310.9073585120408,310.90735900023844,310.90735900023844,0.0
43257.60000600839,0.0,4.042080001281224,0.0,0.8,310.9073585120408,310.90735900023844,310.90735900023844,0.0
43315.20001201678,0.0,4.042080001281224,0.0,0.8,310.9073585120408,310.90735900023844,310.90735900023844,0.0
43430.40002403355,0.0,4.042080001281224,0.0,0.8,310.9073585120408,310.90735900023844,310.90735900023844,0.0
43560.0,0.0,4.042080001281219,0.0,0.8,310.9073585120408,310.90735900023844,310.90735900023844,0.0
43563.240000375525,0.0,4.042080001281219,0.0,0.8,310.9073585120408,310.90735900023844,310.90735900023844,0.0
43566.48000075105,0.0,4.042080001281219,0.0,0.8,310.9073585120408,310.90735900023844,310.90735900023844,0.0
43572.9600015021,0.0,4.042080001281219,0.0,0.8,310.9073585120408,310.90735900023844,310.90735900023844,0.0
43585.9200030042,0.0,4.042080001281219,0.0,0.8,310.9073585120408,310.90735900023844,310.90735900023844,0.0
43611.84000600839,0.0,4.042080001281224,0.0,0.8,310.9073585120408,310.90735900023844,310.90735900023844,0.0
43663.680012016775,0.0,4.042080001281219,0.0,0.8,310.9073585120408,310.90735900023844,310.90735900023844,0.0
43767.36002403355,0.0,4.042080001281224,0.0,0.8,310.9073585120408,310.90735900023844,310.90735900023844,0.0
43920.0,0.0,4.042080001281219,0.0,0.8,310.9073585120408,310.90735900023844,310.90735900023844,0.0
43922.880000375524,0.0,4.042080001281219,0.0,0.8,310.9073585120408,310.90735900023844,310.90735900023844,0.0
43925.76000075105,0.0,4.042080001281219,0.0,0.8,310.9073585120408,310.90735900023844,310.90735900023844,0.0
43931.5200015021,0.0,4.042080001281219,0.0,0.8,310.9073585120408,310.90735900023844,310.90735900023844,0.0
43943.04000300419,0.0,4.042080001281219,0.0,0.8,310.9073585120408,310.90735900023844,310.90735900023844,0.0
43966.080006008386,0.0,4.042080001281221,0.0,0.8,310.9073585120408,310.90735900023844,310.90735900023844,0.0
44012.16001201677,0.0,4.042080001281221,0.0,0.8,310.9073585120408,310.90735900023844,310.90735900023844,0.0
44104.32002403354,0.0,4.042080001281221,0.0,0.8,310.9073585120408,310.90735900023844,310.90735900023844,0.0
44280.0,0.0,4.042080001281224,0.0,0.8,310.9073585120408,310.90735900023844,310.90735900023844,0.0
44282.52000037552,0.0,4.042080001281224,0.0,0.8,310.9073585120408,310.90735900023844,310.90735900023844,0.0
44285.04000075105,0.0,4.042080001281224,0.0,0.8,310.9073585120408,310.90735900023844,310.90735900023844,0.0
44290.080001502094,0.0,4.042080001281224,0.0,0.8,310.9073585120408,310.90735900023844,310.90735900023844,0.0
44300.16000300419,0.0,4.042080001281224,0.0,0.8,310.9073585120408,310.90735900023844,310.90735900023844,0.0
44320.320006008384,0.0,4.042080001281224,0.0,0.8,310.9073585120408,310.90735900023844,310.90735900023844,0.0
44360.64001201677,0.0,4.042080001281224,0.0,0.8,310.9073585120408,310.90735900023844,310.90735900023844,0.0
44441.28002403355,0.0,4.042080001281224,0.0,0.8,310.9073585120408,310.90735900023844,310.90735900023844,0.0
44602.56004806709,0.0,4.042080001281219,0.0,0.8,310.9073585120408,310.90735900023844,310.90735900023844,0.0
44640.0,0.0,4.042080001281219,0.0,0.8,310.9073585120408,310.90735900023844,310.90735900023844,0.0
44642.16000037552,0.0,4.042080001281219,0.0,0.8,310.9073585120408,310.90735900023844,310.90735900023844,0.0
44644.320000751046,0.0,4.042080001281219,0.0,0.8,310.9073585120408,310.90735900023844,310.90735900023844,0.0
44648.64000150209,0.0,4.042080001281219,0.0,0.8,310.9073585120408,310.90735900023844,310.90735900023844,0.0
44657.28000300419,0.0,4.042080001281219,0.0,0.8,310.9073585120408,310.90735900023844,310.90735900023844,0.0
44674.56000600838,0.0,4.042080001281219,0.0,0.8,310.9073585120408,310.90735900023844,310.90735900023844,0.0
44709.12001201677,0.0,4.042080001281219,0.0,0.8,310.9073585120408,310.90735900023844,310.90735900023844,0.0
44778.24002403354,0.0,4.042080001281219,0.0,0.8,310.9073585120408,310.90735900023844,310.90735900023844,0.0
44916.4800480671,0.0,4.042080001281221,0.0,0.8,310.9073585120408,310.90735900023844,310.90735900023844,0.0
45000.0,0.0,4.042080001281221,0.0,0.8,310.9073585120408,310.90735900023844,310.90735900023844,0.0
45001.80000037552,0.0,4.042080001281221,0.0,0.8,310.9073585120408,310.90735900023844,310.90735900023844,0.0
45003.600000751045,0.0,4.042080001281221,0.0,0.8,310.9073585120408,310.90735900023844,310.90735900023844,0.0
45007.20000150209,0.0,4.042080001281221,0.0,0.8,310.9073585120408,310.90735900023844,310.90735900023844,0.0
45014.40000300419,0.0,4.042080001281219,0.0,0.8,310.9073585120408,310.90735900023844,310.90735900023844,0.0
45028.80000600839,0.0,4.042080001281219,0.0,0.8,310.9073585120408,310.90735900023844,310.90735900023844,0.0
45057.600012016774,0.0,4.042080001281219,0.0,0.8,310.9073585120408,310.90735900023844,310.90735900023844,0.0
45115.20002403355,0.0,4.042080001281219,0.0,0.8,310.9073585120408,310.90735900023844,310.90735900023844,0.0
45230.400048067095,0.0,4.042080001281219,0.0,0.8,310.9073585120408,310.90735900023844,310.90735900023844,0.0
45360.0,0.0,4.042080001281221,0.0,0.8,310.9073585120408,310.90735900023844,310.90735900023844,0.0
45361.44000037553,0.0,4.042080001281221,0.0,0.8,310.9073585120408,310.90735900023844,310.90735900023844,0.0
45362.88000075105,0.0,4.042080001281221,0.0,0.8,310.9073585120408,310.90735900023844,310.90735900023844,0.0
45365.7600015021,0.0,4.042080001281221,0.0,0.8,310.9073585120408,310.90735900023844,310.90735900023844,0.0
45371.520003004196,0.0,4.042080001281221,0.0,0.8,310.9073585120408,310.90735900023844,310.90735900023844,0.0
45383.04000600839,0.0,4.042080001281221,0.0,0.8,310.9073585120408,310.90735900023844,310.90735900023844,0.0
45406.08001201677,0.0,4.042080001281221,0.0,0.8,310.9073585120408,310.90735900023844,310.90735900023844,0.0
45452.16002403355,0.0,4.042080001281221,0.0,0.8,310.9073585120408,310.90735900023844,310.90735900023844,0.0
45544.32004806709,0.0,4.042080001281221,0.0,0.8,310.9073585120408,310.90735900023844,310.90735900023844,0.0
45720.0,0.0,4.042080001281224,0.0,0.8,310.9073585120408,310.90735900023844,310.90735900023844,0.0
45721.08000037553,0.0,4.042080001281224,0.0,0.8,310.9073585120408,310.90735900023844,310.90735900023844,0.0
45722.16000075105,0.0,4.042080001281224,0.0,0.8,310.9073585120408,310.90735900023844,310.90735900023844,0.0
45724.3200015021,0.0,4.042080001281224,0.0,0.8,310.9073585120408,310.90735900023844,310.90735900023844,0.0
45728.6400030042,0.0,4.042080001281224,0.0,0.8,310.9073585120408,310.90735900023844,310.90735900023844,0.0
45737.28000600839,0.0,4.042080001281221,0.0,0.8,310.9073585120408,310.90735900023844,310.90735900023844,0.0
45754.56001201678,0.0,4.042080001281219,0.0,0.8,310.9073585120408,310.90735900023844,310.90735900023844,0.0
45789.120024033546,0.0,4.042080001281221,0.0,0.8,310.9073585120408,310.90735900023844,310.90735900023844,0.0
45858.24004806709,0.0,4.042080001281221,0.0,0.8,310.9073585120408,310.90735900023844,310.90735900023844,0.0
45996.48009613418,0.0,4.042080001281223,0.0,0.8,310.9073585120408,310.90735900023844,310.90735900023844,0.0
46080.0,0.0,4.042080001281223,0.0,0.8,310.9073585120408,310.90735900023844,310.90735900023844,0.0
46080.72000037553,0.0,4.042080001281223,0.0,0.8,310.9073585120408,310.90735900023844,310.90735900023844,0.0
46081.44000075105,0.0,4.042080001281223,0.0,0.8,310.9073585120408,310.90735900023844,310.90735900023844,0.0
46082.8800015021,0.0,4.042080001281223,0.0,0.8,310.9073585120408,310.90735900023844,310.90735900023844,0.0
46085.760003004194,0.0,4.042080001281223,0.0,0.8,310.9073585120408,310.90735900023844,310.90735900023844,0.0
46091.52000600839,0.0,4.042080001281223,0.0,0.8,310.9073585120408,310.90735900023844,310.90735900023844,0.0
46103.040012016776,0.0,4.042080001281223,0.0,0.8,310.9073585120408,310.90735900023844,310.90735900023844,0.0
46126.08002403355,0.0,4.042080001281221,0.0,0.8,310.9073585120408,310.90735900023844,310.90735900023844,0.0
46172.16004806709,0.0,4.042080001281221,0.0,0.8,310.9073585120408,310.90735900023844,310.90735900023844,0.0
46264.320096134186,0.0,4.042080001281219,0.0,0.8,310.9073585120408,310.90735900023844,310.90735900023844,0.0
46440.0,0.0,4.042080001281223,0.0,0.8,310.9073585120408,310.90735900023844,310.90735900023844,0.0
46440.36000037553,0.0,4.042080001281223,0.0,0.8,310.9073585120408,310.90735900023844,310.90735900023844,0.0
46440.72000075105,0.0,4.042080001281223,0.0,0.8,310.9073585120408,310.90735900023844,310.90735900023844,0.0
46441.440001502095,0.0,4.042080001281223,0.0,0.8,310.9073585120408,310.90735900023844,310.90735900023844,0.0
46442.88000300419,0.0,4.042080001281223,0.0,0.8,310.9073585120408,310.90735900023844,310.90735900023844,0.0
46445.760006008386,0.0,4.042080001281223,0.0,0.8,310.9073585120408,310.90735900023844,310.90735900023844,0.0
46451.52001201677,0.0,4.042080001281223,0.0,0.8,310.9073585120408,310.90735900023844,310.90735900023844,0.0
46463.040024033544,0.0,4.042080001281223,0.0,0.8,310.9073585120408,310.90735900023844,310.90735900023844,0.0
46486.08004806709,0.0,4.042080001281223,0.0,0.8,310.9073585120408,310.90735900023844,310.90735900023844,0.0
46532.16009613418,0.0,4.042080001281224,0.0,0.8,310.9073585120408,310.90735900023844,310.90735900023844,0.0
46624.320192268366,0.0,4.042080001281224,0.0,0.8,310.9073585120408,310.90735900023844,310.90735900023844,0.0
46800.0,0.0,4.042080001281221,0.0,0.8,310.9073585120408,310.90735900023844,310.90735900023844,0.0
50400.0,0.0,4.042080001281221,0.0,0.8,312.1499993637708,312.15000000000305,312.15000000000305,0.0
50403.60000042917,0.0,4.042080001281221,0.0,0.8,312.1499993637708,312.15000000000305,312.15000000000305,0.0
50407.20000085834,0.0,4.042080001281221,0.0,0.8,312.1499993637708,312.15000000000305,312.15000000000305,0.0
50414.400001716676,0.0,4.042080001281223,0.0,0.8,312.1499993637708,312.15000000000305,312.15000000000305,0.0
50428.80000343335,0.0,4.042080001281223,0.0,0.8,312.1499993637708,312.15000000000305,312.15000000000305,0.0
50457.60000686669,0.0,4.042080001281223,0.0,0.8,312.1499993637708,312.15000000000305,312.15000000000305,0.0
50515.20001373339,0.0,4.042080001281223,0.0,0.8,312.1499993637708,312.15000000000305,312.15000000000305,0.0
50630.40002746678,0.0,4.042080001281224,0.0,0.8,312.1499993637708,312.15000000000305,312.15000000000305,0.0
50760.0,0.0,4.042080001281219,0.0,0.8,312.1499993637708,312.15000000000305,312.15000000000305,0.0
50763.24000042917,0.0,4.042080001281219,0.0,0.8,312.1499993637708,312.15000000000305,312.15000000000305,0.0
50766.48000085833,0.0,4.042080001281219,0.0,0.8,312.1499993637708,312.15000000000305,312.15000000000305,0.0
50772.96000171667,0.0,4.042080001281219,0.0,0.8,312.1499993637708,312.15000000000305,312.15000000000305,0.0
50785.92000343335,0.0,4.042080001281219,0.0,0.8,312.1499993637708,312.15000000000305,312.15000000000305,0.0
50811.840006866696,0.0,4.042080001281224,0.0,0.8,312.1499993637708,312.15000000000305,312.15000000000305,0.0
50863.680013733385,0.0,4.042080001281224,0.0,0.8,312.1499993637708,312.15000000000305,312.15000000000305,0.0
50967.36002746677,0.0,4.042080001281224,0.0,0.8,312.1499993637708,312.15000000000305,312.15000000000305,0.0
51120.0,0.0,4.042080001281219,0.0,0.8,312.1499993637708,312.15000000000305,312.15000000000305,0.0
51122.88000042917,0.0,4.042080001281219,0.0,0.8,312.1499993637708,312.15000000000305,312.15000000000305,0.0
51125.76000085834,0.0,4.042080001281219,0.0,0.8,312.1499993637708,312.15000000000305,312.15000000000305,0.0
51131.52000171668,0.0,4.042080001281219,0.0,0.8,312.1499993637708,312.15000000000305,312.15000000000305,0.0
51143.04000343334,0.0,4.042080001281219,0.0,0.8,312.1499993637708,312.15000000000305,312.15000000000305,0.0
51166.080006866694,0.0,4.042080001281219,0.0,0.8,312.1499993637708,312.15000000000305,312.15000000000305,0.0
51212.16001373339,0.0,4.042080001281219,0.0,0.8,312.1499993637708,312.15000000000305,312.15000000000305,0.0
51304.320027466776,0.0,4.042080001281219,0.0,0.8,312.1499993637708,312.15000000000305,312.15000000000305,0.0
51480.0,0.0,4.042080001281221,0.0,0.8,312.1499993637708,312.15000000000305,312.15000000000305,0.0
51482.52000042917,0.0,4.042080001281221,0.0,0.8,312.1499993637708,312.15000000000305,312.15000000000305,0.0
51485.04000085834,0.0,4.042080001281221,0.0,0.8,312.1499993637708,312.15000000000305,312.15000000000305,0.0
51490.08000171668,0.0,4.042080001281221,0.0,0.8,312.1499993637708,312.15000000000305,312.15000000000305,0.0
51500.16000343335,0.0,4.042080001281221,0.0,0.8,312.1499993637708,312.15000000000305,312.15000000000305,0.0
51520.32000686669,0.0,4.042080001281221,0.0,0.8,312.1499993637708,312.15000000000305,312.15000000000305,0.0
51560.640013733384,0.0,4.042080001281221,0.0,0.8,312.1499993637708,312.15000000000305,312.15000000000305,0.0
51641.280027466775,0.0,4.042080001281221,0.0,0.8,312.1499993637708,312.15000000000305,312.15000000000305,0.0
51802.56005493355,0.0,4.042080001281224,0.0,0.8,312.1499993637708,312.15000000000305,312.15000000000305,0.0
51840.0,0.0,4.042080001281224,0.0,0.8,312.1499993637708,312.15000000000305,312.15000000000305,0.0
51842.16000042917,0.0,4.042080001281224,0.0,0.8,312.1499993637708,312.15000000000305,312.15000000000305,0.0
51844.32000085834,0.0,4.042080001281224,0.0,0.8,312.1499993637708,312.15000000000305,312.15000000000305,0.0
51848.640001716674,0.0,4.042080001281224,0.0,0.8,312.1499993637708,312.15000000000305,312.15000000000305,0.0
51857.28000343335,0.0,4.042080001281224,0.0,0.8,312.1499993637708,312.15000000000305,312.15000000000305,0.0
51874.5600068667,0.0,4.042080001281224,0.0,0.8,312.1499993637708,312.15000000000305,312.15000000000305,0.0
51909.12001373339,0.0,4.042080001281221,0.0,0.8,312.1499993637708,312.15000000000305,312.15000000000305,0.0
51978.240027466774,0.0,4.042080001281224,0.0,0.8,312.1499993637708,312.15000000000305,312.15000000000305,0.0
52116.48005493355,0.0,4.042080001281223,0.0,0.8,312.1499993637708,312.15000000000305,312.15000000000305,0.0
52200.0,0.0,4.042080001281219,0.0,0.8,312.1499993637708,312.15000000000305,312.15000000000305,0.0
52201.80000042917,0.0,4.042080001281219,0.0,0.8,312.1499993637708,312.15000000000305,312.15000000000305,0.0
52203.600000858336,0.0,4.042080001281219,0.0,0.8,312.1499993637708,312.15000000000305,312.15000000000305,0.0
52207.20000171667,0.0,4.042080001281219,0.0,0.8,312.1499993637708,312.15000000000305,312.15000000000305,0.0
52214.400003433344,0.0,4.042080001281221,0.0,0.8,312.1499993637708,312.15000000000305,312.15000000000305,0.0
52228.80000686669,0.0,4.042080001281221,0.0,0.8,312.1499993637708,312.15000000000305,312.15000000000305,0.0
52257.60001373339,0.0,4.042080001281219,0.0,0.8,312.1499993637708,312.15000000000305,312.15000000000305,0.0
52315.20002746677,0.0,4.042080001281221,0.0,0.8,312.1499993637708,312.15000000000305,312.15000000000305,0.0
52430.40005493355,0.0,4.042080001281221,0.0,0.8,312.1499993637708,312.15000000000305,312.15000000000305,0.0
52560.0,0.0,4.042080001281221,0.0,0.8,312.1499993637708,312.15000000000305,312.15000000000305,0.0
52561.44000042917,0.0,4.042080001281221,0.0,0.8,312.1499993637708,312.15000000000305,312.15000000000305,0.0
52562.880000858335,0.0,4.042080001281221,0.0,0.8,312.1499993637708,312.15000000000305,312.15000000000305,0.0
52565.76000171667,0.0,4.042080001281221,0.0,0.8,312.1499993637708,312.15000000000305,312.15000000000305,0.0
52571.52000343335,0.0,4.042080001281223,0.0,0.8,312.1499993637708,312.15000000000305,312.15000000000305,0.0
52583.04000686669,0.0,4.042080001281223,0.0,0.8,312.1499993637708,312.15000000000305,312.15000000000305,0.0
52606.080013733386,0.0,4.042080001281224,0.0,0.8,312.1499993637708,312.15000000000305,312.15000000000305,0.0
52652.16002746677,0.0,4.042080001281224,0.0,0.8,312.1499993637708,312.15000000000305,312.15000000000305,0.0
52744.320054933545,0.0,4.042080001281219,0.0,0.8,312.1499993637708,312.15000000000305,312.15000000000305,0.0
52920.0,0.0,4.042080001281223,0.0,0.8,312.1499993637708,312.15000000000305,312.15000000000305,0.0
52921.08000042917,0.0,4.042080001281223,0.0,0.8,312.1499993637708,312.15000000000305,312.15000000000305,0.0
52922.160000858334,0.0,4.042080001281223,0.0,0.8,312.1499993637708,312.15000000000305,312.15000000000305,0.0
52924.32000171667,0.0,4.042080001281223,0.0,0.8,312.1499993637708,312.15000000000305,312.15000000000305,0.0
52928.64000343335,0.0,4.042080001281223,0.0,0.8,312.1499993637708,312.15000000000305,312.15000000000305,0.0
52937.28000686669,0.0,4.042080001281223,0.0,0.8,312.1499993637708,312.15000000000305,312.15000000000305,0.0
52954.56001373338,0.0,4.042080001281223,0.0,0.8,312.1499993637708,312.15000000000305,312.15000000000305,0.0
52989.12002746677,0.0,4.042080001281223,0.0,0.8,312.1499993637708,312.15000000000305,312.15000000000305,0.0
53058.24005493354,0.0,4.042080001281224,0.0,0.8,312.1499993637708,312.15000000000305,312.15000000000305,0.0
53196.480109867094,0.0,4.042080001281224,0.0,0.8,312.1499993637708,312.15000000000305,312.15000000000305,0.0
53280.0,0.0,4.042080001281224,0.0,0.8,312.1499993637708,312.15000000000305,312.15000000000305,0.0
53280.720000429166,0.0,4.042080001281224,0.0,0.8,312.1499993637708,312.15000000000305,312.15000000000305,0.0
53281.44000085834,0.0,4.042080001281224,0.0,0.8,312.1499993637708,312.15000000000305,312.15000000000305,0.0
53282.88000171668,0.0,4.042080001281224,0.0,0.8,312.1499993637708,312.15000000000305,312.15000000000305,0.0
53285.760003433345,0.0,4.042080001281224,0.0,0.8,312.1499993637708,312.15000000000305,312.15000000000305,0.0
53291.520006866696,0.0,4.042080001281224,0.0,0.8,312.1499993637708,312.15000000000305,312.15000000000305,0.0
53303.04001373339,0.0,4.042080001281224,0.0,0.8,312.1499993637708,312.15000000000305,312.15000000000305,0.0
53326.08002746677,0.0,4.042080001281219,0.0,0.8,312.1499993637708,312.15000000000305,312.15000000000305,0.0
53372.16005493355,0.0,4.042080001281219,0.0,0.8,312.1499993637708,312.15000000000305,312.15000000000305,0.0
53464.3201098671,0.0,4.042080001281219,0.0,0.8,312.1499993637708,312.15000000000305,312.15000000000305,0.0
53640.0,0.0,4.042080001281224,0.0,0.8,312.1499993637708,312.15000000000305,312.15000000000305,0.0
53640.360000429166,0.0,4.042080001281224,0.0,0.8,312.1499993637708,312.15000000000305,312.15000000000305,0.0
53640.72000085834,0.0,4.042080001281224,0.0,0.8,312.1499993637708,312.15000000000305,312.15000000000305,0.0
53641.44000171668,0.0,4.042080001281224,0.0,0.8,312.1499993637708,312.15000000000305,312.15000000000305,0.0
53642.88000343335,0.0,4.042080001281224,0.0,0.8,312.1499993637708,312.15000000000305,312.15000000000305,0.0
53645.760006866694,0.0,4.042080001281224,0.0,0.8,312.1499993637708,312.15000000000305,312.15000000000305,0.0
53651.52001373339,0.0,4.042080001281224,0.0,0.8,312.1499993637708,312.15000000000305,312.15000000000305,0.0
53663.04002746678,0.0,4.042080001281224,0.0,0.8,312.1499993637708,312.15000000000305,312.15000000000305,0.0
53686.080054933554,0.0,4.042080001281224,0.0,0.8,312.1499993637708,312.15000000000305,312.15000000000305,0.0
53732.160109867094,0.0,4.042080001281224,0.0,0.8,312.1499993637708,312.15000000000305,312.15000000000305,0.0
53824.32021973419,0.0,4.042080001281219,0.0,0.8,312.1499993637708,312.15000000000305,312.15000000000305,0.0
54000.0,0.0,4.042080001281219,0.0,0.8,312.1499993637708,312.15000000000305,312.15000000000305,0.0
57600.0,2.5,4.005930986143963,0.09037253788201376,0.8000000000000002,313.81572940233764,313.59708600027574,313.69776530849225,8.415222446082625
57600.00003298893,2.5,4.0059309438485355,0.09037253422202125,0.7999999954182049,313.81572940233764,313.59708600027574,313.69776530849225,8.415222446082625
57600.00006597786,2.5,4.005930901553197,0.09037253056208812,0.7999999908364097,313.81572940233764,313.59708600027574,313.69776530849225,8.415222446082625
57600.000131955705,2.5,4.005930816962694,0.0903725232423662,0.7999999816728195,313.81572940233764,313.59708600027574,313.69776530849225,8.415222446082625
57600.00026391141,2.5,4.005930647782678,0.09037250860364471,0.7999999633456388,313.81572940233764,313.59708600027574,313.69776530849225,8.415222446082625
57600.000527822805,2.5,4.005930309426376,0.09037247932895437,0.7999999266912777,313.81572940233764,313.59708600027574,313.69776530849225,8.415222446082625
57600.00105564561,2.5,4.005929632729216,0.09037242079092311,0.7999998533825553,313.81572940233764,313.59708600027574,313.69776530849225,8.415222446082625
57600.00211129121,2.5,4.005928279396582,0.09037230376018461,0.7999997067651106,313.81572940233764,313.59708600027574,313.69776530849225,8.415222446082625
57600.004222582415,2.5,4.005925572978575,0.09037206988006644,0.7999994135302212,313.81572940233764,313.59708600027574,313.69776530849225,8.415222446082625
57600.00844516482,2.5,4.0059201611318604,0.09037160284344288,0.7999988270604423,313.81572940233764,313.59708600027574,313.69776530849225,8.415222446082625
57600.016890329636,2.5,4.005909341398015,0.09037067165021531,0.7999976541208845,313.81572940233764,313.59708600027574,313.69776530849225,8.415222446082625
57600.03378065927,2.5,4.0058877177843355,0.09036882066769993,0.7999953082417691,313.81572940233764,313.59708600027574,313.69776530849225,8.415222446082625
57600.06756131853,2.5,4.005844534089941,0.090365163410348,0.7999906164835381,313.81572940233764,313.59708600027574,313.69776530849225,8.415222446082625
57600.13512263706,2.5,4.005758421651241,0.0903580207860901,0.7999812329670761,313.81572940233764,313.59708600027574,313.69776530849225,8.415222446082625
57600.27024527411,2.5,4.005587221476237,0.09034437231621686,0.7999624659341523,313.81572940233764,313.59708600027574,313.69776530849225,8.415222446082625
57600.40536791117,2.5,4.005417393542772,0.09033151158349155,0.7999436989012284,313.81572940233764,313.59708600027574,313.69776530849225,8.415222446082625
57600.67561318527,2.5,4.005081862507767,0.0903077662281009,0.7999061648353807,313.81572940233764,313.59708600027574,313.69776530849225,8.415222446082625
57600.91883393196,2.5,4.004784586514274,0.09028839585045748,0.7998723841761177,313.81572940233764,313.59708600027574,313.69776530849225,8.415222446082625
57601.16205467865,2.5,4.0044917346477265,0.09027058367012916,0.7998386035168548,313.81572940233764,313.59708600027574,313.69776530849225,8.415222446082625
57601.40527542534,2.5,4.004203264423471,0.0902540887168865,0.7998048228575918,313.81572940233764,313.59708600027574,313.69776530849225,8.415222446082625
57601.648496172034,2.5,4.003919116373248,0.09023870728370796,0.7997710421983288,313.81572940233764,313.59708600027574,313.69776530849225,8.415222446082625
57602.134937665425,2.5,4.003363531758197,0.0902107409377014,0.7997034808798029,313.81572940233764,313.59708600027574,313.69776530849225,8.415222446082625
57602.62137915881,2.5,4.002824356033465,0.09018561593191464,0.799635919561277,313.81572940233764,313.59708600027574,313.69776530849225,8.415222446082625
57603.10782065219,2.5,4.002300844412124,0.0901625702434566,0.7995683582427511,313.81572940233764,313.59708600027574,313.69776530849225,8.415222446082625
57603.59426214558,2.5,4.001792227685424,0.09014117077505553,0.7995007969242252,313.81572940233764,313.59708600027574,313.69776530849225,8.415222446082625
57604.080703638974,2.5,4.001297771685066,0.09012116202015018,0.7994332356056992,313.81572940233764,313.59708600027574,313.69776530849225,8.415222446082625
57604.56714513236,2.5,4.000816793608076,0.09010233917340688,0.7993656742871733,313.81572940233764,313.59708600027574,313.69776530849225,8.415222446082625
57605.05358662574,2.5,4.000348638461745,0.09008450751954566,0.7992981129686474,313.81572940233764,313.59708600027574,313.69776530849225,8.415222446082625
57605.54002811913,2.5,3.9998926641430965,0.09006749640526826,0.7992305516501215,313.81572940233764,313.59708600027574,313.69776530849225,8.415222446082625
57606.51291110591,2.5,3.999014850014711,0.0900355215136655,0.7990954290130695,313.81572940233764,313.59708600027574,313.69776530849225,8.415222446082625
57607.48579409268,2.5,3.9981788258006183,0.09000575306131803,0.7989603063760177,313.81572940233764,313.59708600027574,313.69776530849225,8.415222446082625
57608.458677079456,2.5,3.997380593866364,0.08997779416427287,0.7988251837389658,313.81572940233764,313.59708600027574,313.69776530849225,8.415222446082625
57609.94460755779,2.5,3.9962268274031856,0.08993796925068315,0.7986188045058646,313.81572940233764,313.59708600027574,313.69776530849225,8.415222446082625
57611.43053803611,2.5,3.995142439141105,0.08990087134038345,0.7984124252727633,313.81572940233764,313.59708600027574,313.69776530849225,8.415222446082625
57612.916468514435,2.5,3.994118226102413,0.08986593157908095,0.7982060460396622,313.81572940233764,313.59708600027574,313.69776530849225,8.415222446082625
57614.40239899277,2.5,3.9931465303905527,0.08983276780945319,0.797999666806561,313.81572940233764,313.59708600027574,313.69776530849225,8.415222446082625
57615.8883294711,2.5,3.992221011985557,0.0898011107178999,0.7977932875734598,313.81572940233764,313.59708600027574,313.69776530849225,8.415222446082625
57617.37425994942,2.5,3.9913362082399573,0.08977074587326402,0.7975869083403585,313.81572940233764,313.59708600027574,313.69776530849225,8.415222446082625
57618.860190427746,2.5,3.990487748717778,0.08974151308824231,0.7973805291072573,313.81572940233764,313.59708600027574,313.69776530849225,8.415222446082625
57621.83205138441,2.5,3.988885115135987,0.08968591712496173,0.7969677706410548,313.81572940233764,313.59708600027574,313.69776530849225,8.415222446082625
57624.49350825296,2.5,3.9875412510199935,0.08963886682222696,0.7965981238537555,313.81572940233764,313.59708600027574,313.69776530849225,8.415222446082625
57627.15496512152,2.5,3.986270387903932,0.08959397765666585,0.7962284770664562,313.81572940233764,313.59708600027574,313.69776530849225,8.415222446082625
57629.81642199007,2.5,3.9850617362388006,0.0895509023010955,0.7958588302791568,313.81572940233764,313.59708600027574,313.69776530849225,8.415222446082625
57632.477878858626,2.5,3.9839063655238807,0.08950936077082472,0.7954891834918575,313.81572940233764,313.59708600027574,313.69776530849225,8.415222446082625
57635.13933572718,2.5,3.9827975342287636,0.08946915746859548,0.7951195367045581,313.81572940233764,313.59708600027574,313.69776530849225,8.415222446082625
57637.800792595735,2.5,3.9817302328357598,0.08943015354504825,0.7947498899172588,313.81572940233764,313.59708600027574,313.69776530849225,8.415222446082625
57640.46224946429,2.5,3.980700238086682,0.08939222483802912,0.7943802431299595,313.81572940233764,313.59708600027574,313.69776530849225,8.415222446082625
57643.123706332844,2.5,3.979703621719036,0.08935525068261105,0.7940105963426601,313.81572940233764,313.59708600027574,313.69776530849225,8.415222446082625
57645.7851632014,2.5,3.9787369682637252,0.08931912966943344,0.7936409495553608,313.81572940233764,313.59708600027574,313.69776530849225,8.415222446082625
57648.44662006995,2.5,3.9777977311708836,0.08928379119842236,0.7932713027680615,313.81572940233764,313.59708600027574,313.69776530849225,8.415222446082625
57651.10807693851,2.5,3.9768837912695414,0.0892491753430391,0.7929016559807621,313.81572940233764,313.59708600027574,313.69776530849225,8.415222446082625
57653.76953380706,2.5,3.975993106223191,0.08921522035215468,0.7925320091934628,313.81572940233764,313.59708600027574,313.69776530849225,8.415222446082625
57656.43099067562,2.5,3.9751237661729224,0.08918186833419221,0.7921623624061634,313.81572940233764,313.59708600027574,313.69776530849225,8.415222446082625
57661.753904412726,2.5,3.9734432398187014,0.08911680530011652,0.7914230688315648,313.81572940233764,313.59708600027574,313.69776530849225,8.415222446082625
57667.076818149835,2.5,3.971831753551897,0.08905368098733309,0.7906837752569661,313.81572940233764,313.59708600027574,313.69776530849225,8.415222446082625
57672.399731886944,2.5,3.970281249998464,0.08899225951163073,0.7899444816823673,313.81572940233764,313.59708600027574,313.69776530849225,8.415222446082625
57677.72264562405,2.5,3.968785132368514,0.08893234571806755,0.7892051881077686,313.81572940233764,313.59708600027574,313.69776530849225,8.415222446082625
57683.04555936116,2.5,3.9673378143639644,0.08887377423589725,0.78846589453317,313.81572940233764,313.59708600027574,313.69776530849225,8.415222446082625
57688.36847309827,2.5,3.9659345735978873,0.08881640615400968,0.7877266009585713,313.81572940233764,313.59708600027574,313.69776530849225,8.415222446082625
57693.69138683538,2.5,3.9645714507166363,0.08876012542319468,0.7869873073839726,313.81572940233764,313.59708600027574,313.69776530849225,8.415222446082625
57704.337214309606,2.5,3.961952513078868,0.08865044370504055,0.7855087202347752,313.81572940233764,313.59708600027574,313.69776530849225,8.415222446082625
57714.983041783824,2.5,3.9594592142397627,0.08854409225592282,0.7840301330855779,313.81572940233764,313.59708600027574,313.69776530849225,8.415222446082625
57725.62886925804,2.5,3.9570745494032975,0.0884405796541943,0.7825515459363805,313.81572940233764,313.59708600027574,313.69776530849225,8.415222446082625
57736.27469673227,2.5,3.954784958176886,0.08833952218312884,0.7810729587871832,313.81572940233764,313.59708600027574,313.69776530849225,8.415222446082625
57746.92052420649,2.5,3.9525796644718296,0.0882406220769057,0.7795943716379857,313.81572940233764,313.59708600027574,313.69776530849225,8.415222446082625
57757.56635168071,2.5,3.95044993329832,0.0881436445385768,0.7781157844887884,313.81572940233764,313.59708600027574,313.69776530849225,8.415222446082625
57768.21217915493,2.5,3.9483883840832688,0.08804839848051049,0.776637197339591,313.81572940233764,313.59708600027574,313.69776530849225,8.415222446082625
57778.858006629154,2.5,3.9463886591690125,0.08795472675749427,0.7751586101903937,313.81572940233764,313.59708600027574,313.69776530849225,8.415222446082625
57789.50383410338,2.5,3.9444453210003476,0.08786250162574982,0.7736800230411963,313.81572940233764,313.59708600027574,313.69776530849225,8.415222446082625
57800.1496615776,2.5,3.942553712770275,0.08777161948339147,0.772201435891999,313.81572940233764,313.59708600027574,313.69776530849225,8.415222446082625
57810.795489051816,2.5,3.9407097590702906,0.08768199480607757,0.7707228487428015,313.81572940233764,313.59708600027574,313.69776530849225,8.415222446082625
57821.44131652604,2.5,3.938909828171292,0.08759355591707876,0.7692442615936042,313.81572940233764,313.59708600027574,313.69776530849225,8.415222446082625
57842.732971474485,2.5,3.935429515118583,0.08742000777158042,0.7662870872952094,313.81572940233764,313.59708600027574,313.69776530849225,8.415222446082625
57864.02462642293,2.5,3.9320905563995847,0.08725059968982984,0.7633299129968147,313.81572940233764,313.59708600027574,313.69776530849225,8.415222446082625
57885.31628137137,2.5,3.9288747462238662,0.0870850619324544,0.7603727386984199,313.81572940233764,313.59708600027574,313.69776530849225,8.415222446082625
57906.607936319815,2.5,3.92576676787029,0.0869231944818199,0.7574155644000252,313.81572940233764,313.59708600027574,313.69776530849225,8.415222446082625
57927.89959126826,2.5,3.9227533797073217,0.08676484298034513,0.7544583901016305,313.81572940233764,313.59708600027574,313.69776530849225,8.415222446082625
57949.1912462167,2.5,3.919822920752177,0.08660988444693618,0.7515012158032358,313.81572940233764,313.59708600027574,313.69776530849225,8.415222446082625
57960.0,2.5,3.918363616383105,0.08653248467588488,0.7499999999999999,313.81572940233764,313.59708600027574,313.69776530849225,8.415222446082625
57960.00082965889,2.5,3.91836350505368,0.0865324787670889,0.7499998847695978,313.81572940233764,313.59708600027574,313.69776530849225,8.415222446082625
57960.00165931779,2.5,3.918363393724353,0.08653247285829789,0.7499997695391957,313.81572940233764,313.59708600027574,313.69776530849225,8.415222446082625
57960.00331863559,2.5,3.9183631710659728,0.08653246104073045,0.7499995390783913,313.81572940233764,313.59708600027574,313.69776530849225,8.415222446082625
57960.006637271166,2.5,3.9183627257504554,0.08653243740565482,0.7499990781567828,313.81572940233764,313.59708600027574,313.69776530849225,8.415222446082625
57960.01327454233,2.5,3.9183618351242244,0.08653239013573982,0.7499981563135657,313.81572940233764,313.59708600027574,313.69776530849225,8.415222446082625
57960.02654908465,2.5,3.9183600538914334,0.08653229559685628,0.7499963126271315,313.81572940233764,313.59708600027574,313.69776530849225,8.415222446082625
57960.05309816931,2.5,3.9183564915044613,0.08653210652287467,0.7499926252542631,313.81572940233764,313.59708600027574,313.69776530849225,8.415222446082625
57960.10619633862,2.5,3.9183493670452276,0.08653172839005373,0.7499852505085264,313.81572940233764,313.59708600027574,313.69776530849225,8.415222446082625
57960.21239267722,2.5,3.918335119385096,0.08653097218497631,0.7499705010170529,313.81572940233764,313.59708600027574,313.69776530849225,8.415222446082625
57960.42478535444,2.5,3.918306629093938,0.0865294600170409,0.7499410020341059,313.81572940233764,313.59708600027574,313.69776530849225,8.415222446082625
57960.84957070887,2.5,3.9182496685918418,0.08652643664973365,0.7498820040682118,313.81572940233764,313.59708600027574,313.69776530849225,8.415222446082625
57961.69914141775,2.5,3.9181358276192104,0.08652039378686939,0.7497640081364236,313.81572940233764,313.59708600027574,313.69776530849225,8.415222446082625
57963.3982828355,2.5,3.917908463494647,0.08650832352827577,0.7495280162728474,313.81572940233764,313.59708600027574,313.69776530849225,8.415222446082625
57966.796565671,2.5,3.917454988258627,0.08648424472322484,0.7490560325456947,313.81572940233764,313.59708600027574,313.69776530849225,8.415222446082625
57973.593131342,2.5,3.916552906324349,0.0864363327473349,0.7481120650913897,313.81572940233764,313.59708600027574,313.69776530849225,8.415222446082625
57987.18626268399,2.5,3.9147671063635285,0.08634148213040507,0.7462241301827794,313.81572940233764,313.59708600027574,313.69776530849225,8.415222446082625
58000.77939402599,2.5,3.9130040659268173,0.08624791417282657,0.7443361952741693,313.81572940233764,313.59708600027574,313.69776530849225,8.415222446082625
58014.37252536797,2.5,3.9112616157687365,0.08615561103690922,0.742448260365559,313.81572940233764,313.59708600027574,313.69776530849225,8.415222446082625
58027.965656709974,2.5,3.9095376094016645,0.08606455583862273,0.7405603254569488,313.81572940233764,313.59708600027574,313.69776530849225,8.415222446082625
58055.15191939396,2.5,3.9061368379249237,0.085886127536083,0.7367844556397284,313.81572940233764,313.59708600027574,313.69776530849225,8.415222446082625
58079.61955580955,2.5,3.9031184872291638,0.08572965863092936,0.7333861728042299,313.81572940233764,313.59708600027574,313.69776530849225,8.415222446082625
58104.08719222514,2.5,3.900127626541798,0.08557700686093724,0.7299878899687315,313.81572940233764,313.59708600027574,313.69776530849225,8.415222446082625
58128.55482864073,2.5,3.897152260328034,0.08542809941878353,0.7265896071332332,313.81572940233764,313.59708600027574,313.69776530849225,8.415222446082625
58153.02246505632,2.5,3.8941803430810964,0.08528286852413272,0.7231913242977348,313.81572940233764,313.59708600027574,313.69776530849225,8.415222446082625
58177.49010147191,2.5,3.8911995032053754,0.08514124989097945,0.7197930414622363,313.81572940233764,313.59708600027574,313.69776530849225,8.415222446082625
58201.9577378875,2.5,3.8881969407745367,0.0850031822162833,0.716394758626738,313.81572940233764,313.59708600027574,313.69776530849225,8.415222446082625
58226.425374303086,2.5,3.885159444690349,0.08486860711299414,0.7129964757912396,313.81572940233764,313.59708600027574,313.69776530849225,8.415222446082625
58275.360647134265,2.5,3.878925713683259,0.08460971532959348,0.7061999101202427,313.81572940233764,313.59708600027574,313.69776530849225,8.415222446082625
58320.0,2.5,3.8729799360072614,0.08438519287115079,0.7000000000000013,313.81572940233764,313.59708600027574,313.69776530849225,8.415222446082625
58320.001467636044,2.5,3.87297973557917,0.0843851856686004,0.6999997961616613,313.81572940233764,313.59708600027574,313.69776530849225,8.415222446082625
58320.002935272096,2.5,3.8729795351507246,0.08438517846606161,0.6999995923233214,313.81572940233764,313.59708600027574,313.69776530849225,8.415222446082625
58320.00587054419,2.5,3.872979134292758,0.08438516406101909,0.6999991846466416,313.81572940233764,313.59708600027574,313.69776530849225,8.415222446082625
58320.01174108838,2.5,3.87297833257262,0.0843851352510743,0.699998369293282,313.81572940233764,313.59708600027574,313.69776530849225,8.415222446082625
58320.02348217676,2.5,3.8729767291154396,0.0843850776317453,0.6999967385865626,313.81572940233764,313.59708600027574,313.69776530849225,8.415222446082625
58320.04696435352,2.5,3.8729735221337505,0.08438496239533017,0.6999934771731241,313.81572940233764,313.59708600027574,313.69776530849225,8.415222446082625
58320.093928707036,2.5,3.8729671079009615,0.08438473193147096,0.699986954346247,313.81572940233764,313.59708600027574,313.69776530849225,8.415222446082625
58320.18785741406,2.5,3.8729542783577564,0.08438427103963608,0.6999739086924929,313.81572940233764,313.59708600027574,313.69776530849225,8.415222446082625
58320.37571482812,2.5,3.8729286149586573,0.08438334939949144,0.6999478173849846,313.81572940233764,313.59708600027574,313.69776530849225,8.415222446082625
58320.751429656244,2.5,3.8728772708923893,0.08438150669322993,0.699895634769968,313.81572940233764,313.59708600027574,313.69776530849225,8.415222446082625
58321.50285931248,2.5,3.8727745135476503,0.08437782357623744,0.6997912695399346,313.81572940233764,313.59708600027574,313.69776530849225,8.415222446082625
58323.00571862496,2.5,3.872568720895395,0.08437046651973223,0.6995825390798681,313.81572940233764,313.59708600027574,313.69776530849225,8.415222446082625
58326.01143724992,2.5,3.8721560149177323,0.08435578907960005,0.6991650781597349,313.81572940233764,313.59708600027574,313.69776530849225,8.415222446082625
58332.02287449983,2.5,3.871326051212469,0.08432658059605676,0.6983301563194686,313.81572940233764,313.59708600027574,313.69776530849225,8.415222446082625
58344.04574899967,2.5,3.8696473903974504,0.08426874688178278,0.696660312638936,313.81572940233764,313.59708600027574,313.69776530849225,8.415222446082625
58356.06862349951,2.5,3.8679428654918766,0.08421168649268888,0.6949904689584034,313.81572940233764,313.59708600027574,313.69776530849225,8.415222446082625
58368.09149799934,2.5,3.866211530491689,0.08415539428856851,0.6933206252778709,313.81572940233764,313.59708600027574,313.69776530849225,8.415222446082625
58380.11437249917,2.5,3.8644526112153614,0.08409986522879699,0.6916507815973383,313.81572940233764,313.59708600027574,313.69776530849225,8.415222446082625
58404.16012149885,2.5,3.860849982634895,0.08399107691087286,0.688311094236273,313.81572940233764,313.59708600027574,313.69776530849225,8.415222446082625
58428.20587049851,2.5,3.857133196782327,0.0838852831808576,0.6849714068752079,313.81572940233764,313.59708600027574,313.69776530849225,8.415222446082625
58452.25161949819,2.5,3.8533046713632153,0.08378244717268099,0.6816317195141427,313.81572940233764,313.59708600027574,313.69776530849225,8.415222446082625
58487.55504799285,2.5,3.847497517994195,0.08363675090429758,0.6767284655565506,313.81572940233764,313.59708600027574,313.69776530849225,8.415222446082625
58522.85847648751,2.5,3.8415074759107055,0.08349724762295228,0.6718252115989587,313.81572940233764,313.59708600027574,313.69776530849225,8.415222446082625
58558.161904982175,2.5,3.8353956883588483,0.08336383684647465,0.6669219576413665,313.81572940233764,313.59708600027574,313.69776530849225,8.415222446082625
58593.46533347684,2.5,3.8292361991293284,0.08323642384963671,0.6620187036837746,313.81572940233764,313.59708600027574,313.69776530849225,8.415222446082625
58628.7687619715,2.5,3.823106085310101,0.08311491936396759,0.6571154497261825,313.81572940233764,313.59708600027574,313.69776530849225,8.415222446082625
58680.0,2.5,3.8144012061760444,0.08294893340203331,0.6500000000000015,313.81572940233764,313.59708600027574,313.69776530849225,8.415222446082625
58680.00188227052,2.5,3.814400892215361,0.08294892752595816,0.6499997385735412,313.81572940233764,313.59708600027574,313.69776530849225,8.415222446082625
58680.00376454103,2.5,3.814400578255159,0.0829489216498992,0.649999477147081,313.81572940233764,313.59708600027574,313.69776530849225,8.415222446082625
58680.00752908205,2.5,3.814399950336222,0.08294890989783002,0.6499989542941604,313.81572940233764,313.59708600027574,313.69776530849225,8.415222446082625
58680.01505816411,2.5,3.8143986945041912,0.08294888639388648,0.6499979085883194,313.81572940233764,313.59708600027574,313.69776530849225,8.415222446082625
58680.03011632822,2.5,3.8143961828635486,0.08294883938677863,0.6499958171766373,313.81572940233764,313.59708600027574,313.69776530849225,8.415222446082625
58680.06023265644,2.5,3.814391159676048,0.08294874537567973,0.6499916343532732,313.81572940233764,313.59708600027574,313.69776530849225,8.415222446082625
58680.12046531288,2.5,3.814381113676248,0.08294855736594933,0.649983268706545,313.81572940233764,313.59708600027574,313.69776530849225,8.415222446082625
58680.240930625776,2.5,3.814361023178187,0.08294818139635635,0.6499665374130885,313.81572940233764,313.59708600027574,313.69776530849225,8.415222446082625
58680.481861251545,2.5,3.8143208481929336,0.08294742965663161,0.6499330748261757,313.81572940233764,313.59708600027574,313.69776530849225,8.415222446082625
58680.96372250309,2.5,3.81424052230331,0.08294592697494398,0.6498661496523499,313.81572940233764,313.59708600027574,313.69776530849225,8.415222446082625
58681.92744500618,2.5,3.8140799671432792,0.08294292480195302,0.6497322993046984,313.81572940233764,313.59708600027574,313.69776530849225,8.415222446082625
58683.85489001236,2.5,3.8137592456255263,0.08293693321221185,0.6494645986093955,313.81572940233764,313.59708600027574,313.69776530849225,8.415222446082625
58687.70978002473,2.5,3.8131193757638004,0.08292500101545869,0.6489291972187896,313.81572940233764,313.59708600027574,313.69776530849225,8.415222446082625
58695.41956004945,2.5,3.811846062250595,0.08290134021716643,0.6478583944375778,313.81572940233764,313.59708600027574,313.69776530849225,8.415222446082625
58710.8391200989,2.5,3.809326046081297,0.08285483035024668,0.6457167888751542,313.81572940233764,313.59708600027574,313.69776530849225,8.415222446082625
58726.25868014835,2.5,3.8068428184145566,0.08280939782841593,0.6435751833127306,313.81572940233764,313.59708600027574,313.69776530849225,8.415222446082625
58741.6782401978,2.5,3.8043972828889943,0.08276503684051364,0.6414335777503068,313.81572940233764,313.59708600027574,313.69776530849225,8.415222446082625
58757.09780024725,2.5,3.8019896452968713,0.08272174173445494,0.6392919721878833,313.81572940233764,313.59708600027574,313.69776530849225,8.415222446082625
58787.93692034615,2.5,3.7972858727947383,0.08263832732610432,0.6350087610630359,313.81572940233764,313.59708600027574,313.69776530849225,8.415222446082625
58818.776040445046,2.5,3.7927221457921165,0.08255911245655928,0.6307255499381886,313.81572940233764,313.59708600027574,313.69776530849225,8.415222446082625
58849.615160543945,2.5,3.7882831417502802,0.08248405737359342,0.6264423388133413,313.81572940233764,313.59708600027574,313.69776530849225,8.415222446082625
58911.29340074175,2.5,3.779703717826951,0.08234627886719474,0.6178759165636468,313.81572940233764,313.59708600027574,313.69776530849225,8.415222446082625
58962.27684482175,2.5,3.772821601295999,0.08224464527539825,0.6107948826636469,313.81572940233764,313.59708600027574,313.69776530849225,8.415222446082625
59013.26028890174,2.5,3.76604679887095,0.08215395565414396,0.6037138487636469,313.81572940233764,313.59708600027574,313.69776530849225,8.415222446082625
59040.0,2.5,3.7625161138019094,0.08211072456751752,0.6000000000000006,313.81572940233764,313.59708600027574,313.69776530849225,8.415222446082625
59040.00212514633,2.5,3.7625158335512268,0.08211072124958317,0.5999997048407881,313.81572940233764,313.59708600027574,313.69776530849225,8.415222446082625
59040.00425029266,2.5,3.762515553300583,0.08211071793166752,0.5999994096815757,313.81572940233764,313.59708600027574,313.69776530849225,8.415222446082625
59040.00850058532,2.5,3.762514992799423,0.0821107112958924,0.5999988193631507,313.81572940233764,313.59708600027574,313.69776530849225,8.415222446082625
59040.017001170636,2.5,3.7625138717976414,0.0821106980245665,0.5999976387263009,313.81572940233764,313.59708600027574,313.69776530849225,8.415222446082625
59040.03400234127,2.5,3.762511629796162,0.0821106714828123,0.599995277452601,313.81572940233764,313.59708600027574,313.69776530849225,8.415222446082625
59040.06800468256,2.5,3.7625071458016555,0.08211061840289448,0.5999905549052014,313.81572940233764,313.59708600027574,313.69776530849225,8.415222446082625
59040.13600936511,2.5,3.762498177846368,0.08211051225742058,0.5999811098104021,313.81572940233764,313.59708600027574,313.69776530849225,8.415222446082625
59040.27201873022,2.5,3.7624802420705086,0.08211030002391922,0.5999622196208036,313.81572940233764,313.59708600027574,313.69776530849225,8.415222446082625
59040.54403746044,2.5,3.762444371055138,0.08210987578669482,0.5999244392416065,313.81572940233764,313.59708600027574,313.69776530849225,8.415222446082625
59041.08807492087,2.5,3.762372631150029,0.08210902823130291,0.5998488784832126,313.81572940233764,313.59708600027574,313.69776530849225,8.415222446082625
59042.17614984175,2.5,3.762229159684521,0.08210733679629456,0.5996977569664244,313.81572940233764,313.59708600027574,313.69776530849225,8.415222446082625
59044.352299683494,2.5,3.7619422488828937,0.08210396862577515,0.5993955139328481,313.81572940233764,313.59708600027574,313.69776530849225,8.415222446082625
59048.704599366996,2.5,3.7613685460168793,0.08209729105404223,0.5987910278656956,313.81572940233764,313.59708600027574,313.69776530849225,8.415222446082625
59057.40919873399,2.5,3.7602215404153196,0.08208417076080937,0.5975820557313904,313.81572940233764,313.59708600027574,313.69776530849225,8.415222446082625
59074.818397467985,2.5,3.7579285851296977,0.08205886779875947,0.5951641114627804,313.81572940233764,313.59708600027574,313.69776530849225,8.415222446082625
59109.63679493597,2.5,3.753343374212027,0.0820119987851409,0.5903282229255601,313.81572940233764,313.59708600027574,313.69776530849225,8.415222446082625
59144.455192403955,2.5,3.7487546736645654,0.08197008803810071,0.5854923343883398,313.81572940233764,313.59708600027574,313.69776530849225,8.415222446082625
59179.27358987194,2.5,3.7441601331201957,0.08193310907482428,0.5806564458511196,313.81572940233764,313.59708600027574,313.69776530849225,8.415222446082625
59214.091987339925,2.5,3.739560388716944,0.0819010383506979,0.5758205573138994,313.81572940233764,313.59708600027574,313.69776530849225,8.415222446082625
59283.728782275895,2.5,3.7303599349375047,0.08185154162609458,0.5661487802394588,313.81572940233764,313.59708600027574,313.69776530849225,8.415222446082625
59353.365577211865,2.5,3.721199532677631,0.08182146638409163,0.5564770031650184,313.81572940233764,313.59708600027574,313.69776530849225,8.415222446082625
59400.0,2.5,3.7151187061981057,0.08181213859509012,0.5499999999999996,313.81572940233764,313.59708600027574,313.69776530849225,8.415222446082625
59400.00224518134,2.5,3.7151184148905396,0.08181213835445,0.5499996881692577,313.81572940233764,313.59708600027574,313.69776530849225,8.415222446082625
59400.004490362684,2.5,3.715118123583131,0.08181213811382994,0.5499993763385158,313.81572940233764,313.59708600027574,313.69776530849225,8.415222446082625
59400.00898072537,2.5,3.715117540968778,0.08181213763265,0.5499987526770321,313.81572940233764,313.59708600027574,313.69776530849225,8.415222446082625
59400.017961450736,2.5,3.7151163757419496,0.0818121366705308,0.5499975053540646,313.81572940233764,313.59708600027574,313.69776530849225,8.415222446082625
59400.035922901465,2.5,3.715114045295762,0.0818121347472553,0.5499950107081295,313.81572940233764,313.59708600027574,313.69776530849225,8.415222446082625
59400.07184580293,2.5,3.715109384433322,0.08181213090455562,0.5499900214162594,313.81572940233764,313.59708600027574,313.69776530849225,8.415222446082625
59400.14369160586,2.5,3.715100062828231,0.08181212323456157,0.5499800428325192,313.81572940233764,313.59708600027574,313.69776530849225,8.415222446082625
59400.28738321172,2.5,3.715081420097459,0.08181210795619442,0.5499600856650388,313.81572940233764,313.59708600027574,313.69776530849225,8.415222446082625
59400.57476642344,2.5,3.7150441365557083,0.08181207764594309,0.5499201713300781,313.81572940233764,313.59708600027574,313.69776530849225,8.415222446082625
59401.14953284687,2.5,3.7149695771684303,0.08181201801136324,0.5498403426601566,313.81572940233764,313.59708600027574,313.69776530849225,8.415222446082625
59402.29906569374,2.5,3.7148204893146723,0.08181190268582562,0.5496806853203137,313.81572940233764,313.59708600027574,313.69776530849225,8.415222446082625
59404.59813138748,2.5,3.7145224383772577,0.0818116878086933,0.5493613706406277,313.81572940233764,313.59708600027574,313.69776530849225,8.415222446082625
59409.19626277496,2.5,3.713926844264473,0.08181132114600854,0.5487227412812558,313.81572940233764,313.59708600027574,313.69776530849225,8.415222446082625
59418.39252554991,2.5,3.7127377563022734,0.08181084015609685,0.5474454825625119,313.81572940233764,313.59708600027574,313.69776530849225,8.415222446082625
59436.785051099825,2.5,3.7103685303843896,0.08181088731399211,0.5448909651250242,313.81572940233764,313.59708600027574,313.69776530849225,8.415222446082625
59473.57010219965,2.5,3.705670164890278,0.08181501723138439,0.5397819302500488,313.81572940233764,313.59708600027574,313.69776530849225,8.415222446082625
59510.35515329947,2.5,3.7010330498794586,0.08182452796277188,0.5346728953750735,313.81572940233764,313.59708600027574,313.69776530849225,8.415222446082625
59547.140204399286,2.5,3.696465712308499,0.08183942248504217,0.5295638605000981,313.81572940233764,313.59708600027574,313.69776530849225,8.415222446082625
59583.92525549911,2.5,3.6919755432514485,0.08185970712369771,0.5244548256251227,313.81572940233764,313.59708600027574,313.69776530849225,8.415222446082625
59657.49535769876,2.5,3.6832497589580506,0.08191648868502924,0.5142367558751719,313.81572940233764,313.59708600027574,313.69776530849225,8.415222446082625
59731.065459898404,2.5,3.6748876702146225,0.0819949904534726,0.504018686125221,313.81572940233764,313.59708600027574,313.69776530849225,8.415222446082625
59760.0,2.5,3.671701411279152,0.08203185146227467,0.4999999999999994,313.81572940233764,313.59708600027574,313.69776530849225,8.415222446082625
59760.00227261594,2.5,3.6717011632929726,0.08203185449076192,0.499999684358897,313.81572940233764,313.59708600027574,313.69776530849225,8.415222446082625
59760.00454523187,2.5,3.671700915307157,0.08203185751927013,0.49999936871779466,313.81572940233764,313.59708600027574,313.69776530849225,8.415222446082625
59760.00909046375,2.5,3.6717004193365836,0.08203186357634952,0.49999873743559,313.81572940233764,313.59708600027574,313.69776530849225,8.415222446082625
59760.018180927495,2.5,3.6716994273997186,0.08203187569075984,0.49999747487118057,313.81572940233764,313.59708600027574,313.69776530849225,8.415222446082625
59760.03636185499,2.5,3.671697443543083,0.08203189992058683,0.4999949497423618,313.81572940233764,313.59708600027574,313.69776530849225,8.415222446082625
59760.07272370998,2.5,3.6716934758982167,0.08203194838426607,0.4999898994847242,313.81572940233764,313.59708600027574,313.69776530849225,8.415222446082625
59760.145447419956,2.5,3.6716855408821014,0.08203204532772584,0.4999797989694491,313.81572940233764,313.59708600027574,313.69776530849225,8.415222446082625
59760.29089483993,2.5,3.671669671944316,0.08203223927905108,0.4999595979388988,313.81572940233764,313.59708600027574,313.69776530849225,8.415222446082625
59760.58178967985,2.5,3.6716379384462954,0.0820326274393305,0.4999191958777983,313.81572940233764,313.59708600027574,313.69776530849225,8.415222446082625
59761.163579359694,2.5,3.671574488958572,0.08203340479045304,0.4998383917555973,313.81572940233764,313.59708600027574,313.69776530849225,8.415222446082625
59762.32715871939,2.5,3.67144766000116,0.08203496361533841,0.4996767835111952,313.81572940233764,313.59708600027574,313.69776530849225,8.415222446082625
59764.65431743878,2.5,3.6711942820325576,0.0820380977587642,0.4993535670223911,313.81572940233764,313.59708600027574,313.69776530849225,8.415222446082625
59769.308634877554,2.5,3.670688644812858,0.08204443204517195,0.4987071340447828,313.81572940233764,313.59708600027574,313.69776530849225,8.415222446082625
59778.617269755116,2.5,3.6696818357486873,0.08205736481864402,0.49741426808956624,313.81572940233764,313.59708600027574,313.69776530849225,8.415222446082625
59797.23453951023,2.5,3.6676859882058057,0.08208428883488353,0.4948285361791331,313.81572940233764,313.59708600027574,313.69776530849225,8.415222446082625
59834.46907902048,2.5,3.6637644195605676,0.08214238483770182,0.48965707235826683,313.81572940233764,313.59708600027574,313.69776530849225,8.415222446082625
59908.938158040946,2.5,3.6561908372388534,0.08227569377772305,0.4793141447165343,313.81572940233764,313.59708600027574,313.69776530849225,8.415222446082625
59983.407237061416,2.5,3.648948099820513,0.08243209828027785,0.46897121707480177,313.81572940233764,313.59708600027574,313.69776530849225,8.415222446082625
60057.87631608189,2.5,3.6419927169910524,0.0826119813440589,0.4586282894330692,313.81572940233764,313.59708600027574,313.69776530849225,8.415222446082625
60120.0,2.5,3.636373678417097,0.08278032865291791,0.44999999999999873,313.81572940233764,313.59708600027574,313.69776530849225,8.415222446082625
60120.0022282427,2.5,3.636373479450819,0.0827803349932338,0.4499996905218456,313.81572940233764,313.59708600027574,313.69776530849225,8.415222446082625
60120.0044564854,2.5,3.6363732804847135,0.08278034133357148,0.44999938104369236,313.81572940233764,313.59708600027574,313.69776530849225,8.415222446082625
60120.00891297081,2.5,3.636372882553016,0.08278035401431226,0.449998762087386,313.81572940233764,313.59708600027574,313.69776530849225,8.415222446082625
60120.01782594162,2.5,3.636372086691665,0.08278037937605542,0.4499975241747732,313.81572940233764,313.59708600027574,313.69776530849225,8.415222446082625
60120.03565188324,2.5,3.636370494977167,0.08278043010058814,0.44999504834954757,313.81572940233764,313.59708600027574,313.69776530849225,8.415222446082625
60120.0713037665,2.5,3.6363673115809414,0.08278053155383903,0.4499900966990964,313.81572940233764,313.59708600027574,313.69776530849225,8.415222446082625
60120.142607532995,2.5,3.636360944919569,0.08278073447708309,0.449980193398194,313.81572940233764,313.59708600027574,313.69776530849225,8.415222446082625
60120.28521506599,2.5,3.636348212121014,0.08278114039054184,0.4499603867963892,313.81572940233764,313.59708600027574,313.69776530849225,8.415222446082625
60120.57043013198,2.5,3.6363227486191905,0.0827819524853551,0.44992077359277965,313.81572940233764,313.59708600027574,313.69776530849225,8.415222446082625
60121.14086026396,2.5,3.6362718299855423,0.08278357774667112,0.4498415471855606,313.81572940233764,313.59708600027574,313.69776530849225,8.415222446082625
60122.28172052791,2.5,3.6361700261086405,0.08278683255691424,0.44968309437112236,313.81572940233764,313.59708600027574,313.69776530849225,8.415222446082625
60124.56344105582,2.5,3.6359665511990302,0.08279335933468167,0.44936618874224593,313.81572940233764,313.59708600027574,313.69776530849225,8.415222446082625
60129.12688211164,2.5,3.6355601270083335,0.08280648157424436,0.4487323774844931,313.81572940233764,313.59708600027574,313.69776530849225,8.415222446082625
60138.25376422328,2.5,3.6347493350090208,0.08283300123205686,0.44746475496898735,313.81572940233764,313.59708600027574,313.69776530849225,8.415222446082625
60156.507528446564,2.5,3.6331356052103594,0.0828871448569381,0.4449295099379759,313.81572940233764,313.59708600027574,313.69776530849225,8.415222446082625
60193.01505689313,2.5,3.6299365571414843,0.08299987897199919,0.43985901987595305,313.81572940233764,313.59708600027574,313.69776530849225,8.415222446082625
60266.030113786255,2.5,3.623627544673529,0.08324338597379287,0.42971803975190737,313.81572940233764,313.59708600027574,313.69776530849225,8.415222446082625
60339.04517067938,2.5,3.6173891158381037,0.08351146459986589,0.4195770596278617,313.81572940233764,313.59708600027574,313.69776530849225,8.415222446082625
60480.0,2.5,3.605319566287694,0.08410112054903905,0.3999999999999982,313.81572940233764,313.59708600027574,313.69776530849225,8.415222446082625
60480.00212775053,2.5,3.605319382069038,0.08410113018904494,0.39999970447909133,313.81572940233764,313.59708600027574,313.69776530849225,8.415222446082625
60480.00425550106,2.5,3.6053191978502803,0.0841011398290736,0.3999994089581845,313.81572940233764,313.59708600027574,313.69776530849225,8.415222446082625
60480.00851100212,2.5,3.6053188294124774,0.08410115910919932,0.39999881791637076,313.81572940233764,313.59708600027574,313.69776530849225,8.415222446082625
60480.017022004235,2.5,3.605318092535698,0.08410119766972406,0.3999976358327434,313.81572940233764,313.59708600027574,313.69776530849225,8.415222446082625
60480.03404400847,2.5,3.605316618777441,0.08410127479186678,0.39999527166548865,313.81572940233764,313.59708600027574,313.69776530849225,8.415222446082625
60480.06808801694,2.5,3.6053136712421234,0.08410142904052544,0.3999905433309791,313.81572940233764,313.59708600027574,313.69776530849225,8.415222446082625
60480.13617603388,2.5,3.6053077760962746,0.084101737555336,0.3999810866619601,313.81572940233764,313.59708600027574,313.69776530849225,8.415222446082625
60480.272352067754,2.5,3.6052959855035223,0.08410235465493247,0.3999621733239219,313.81572940233764,313.59708600027574,313.69776530849225,8.415222446082625
60480.5447041355,2.5,3.605272403112234,0.08410358913404731,0.3999243466478457,313.81572940233764,313.59708600027574,313.69776530849225,8.415222446082625
60481.089408271,2.5,3.6052252334939645,0.08410605921212767,0.39984869329569334,313.81572940233764,313.59708600027574,313.69776530849225,8.415222446082625
60482.17881654199,2.5,3.60513087481401,0.08411100384899593,0.3996973865913885,313.81572940233764,313.59708600027574,313.69776530849225,8.415222446082625
60484.357633083986,2.5,3.6049420788750846,0.0841209110560189,0.3993947731827788,313.81572940233764,313.59708600027574,313.69776530849225,8.415222446082625
60488.71526616796,2.5,3.60456416622631,0.08414079728710464,0.39878954636555936,313.81572940233764,313.59708600027574,313.69776530849225,8.415222446082625
60497.430532335915,2.5,3.6038070060219485,0.08418085769250012,0.3975790927311206,313.81572940233764,313.59708600027574,313.69776530849225,8.415222446082625
60514.86106467184,2.5,3.6022869284388985,0.08426213573978196,0.395158185462243,313.81572940233764,313.59708600027574,313.69776530849225,8.415222446082625
60549.722129343674,2.5,3.599220356771757,0.08442936551367763,0.39031637092448795,313.81572940233764,313.59708600027574,313.69776530849225,8.415222446082625
60619.44425868735,2.5,3.5929537049500975,0.08478289455305386,0.3806327418489778,313.81572940233764,313.59708600027574,313.69776530849225,8.415222446082625
60758.8885173747,2.5,3.5796541139184543,0.08556951721329302,0.3612654836979575,313.81572940233764,313.59708600027574,313.69776530849225,8.415222446082625
60840.0,2.5,3.571276087422393,0.08607856061369729,0.3499999999999982,313.81572940233764,313.59708600027574,313.69776530849225,8.415222446082625
60840.001983441005,2.5,3.5712758756479768,0.0860785735446831,0.349999724522081,313.81572940233764,313.59708600027574,313.69776530849225,8.415222446082625
60840.00396688201,2.5,3.571275663873203,0.08607858647569296,0.3499994490441638,313.81572940233764,313.59708600027574,313.69776530849225,8.415222446082625
60840.00793376402,2.5,3.571275240322582,0.0860786123377847,0.3499988980883295,313.81572940233764,313.59708600027574,313.69776530849225,8.415222446082625
60840.015867528025,2.5,3.5712743932170747,0.08607866406225652,0.34999779617666094,313.81572940233764,313.59708600027574,313.69776530849225,8.415222446082625
60840.03173505606,2.5,3.5712726989889454,0.08607876751235322,0.3499955923533238,313.81572940233764,313.59708600027574,313.69776530849225,8.415222446082625
60840.063470112116,2.5,3.571269310464263,0.08607897441715914,0.34999118470664936,313.81572940233764,313.59708600027574,313.69776530849225,8.415222446082625
60840.126940224225,2.5,3.5712625331411805,0.0860793882452215,0.3499823694133006,313.81572940233764,313.59708600027574,313.69776530849225,8.415222446082625
60840.25388044845,2.5,3.5712489773999714,0.08608021597515166,0.34996473882660306,313.81572940233764,313.59708600027574,313.69776530849225,8.415222446082625
60840.507760896886,2.5,3.571221861536227,0.0860818717302608,0.349929477653208,313.81572940233764,313.59708600027574,313.69776530849225,8.415222446082625
60841.01552179378,2.5,3.57116761227385,0.08608518442169096,0.34985895530641786,313.81572940233764,313.59708600027574,313.69776530849225,8.415222446082625
60842.03104358756,2.5,3.5710590435335585,0.08609181453113342,0.3497179106128376,313.81572940233764,313.59708600027574,313.69776530849225,8.415222446082625
60844.062087175116,2.5,3.5708416245843986,0.08610509367024127,0.34943582122567707,313.81572940233764,313.59708600027574,313.69776530849225,8.415222446082625
60848.124174350225,2.5,3.5704056559913937,0.08613172774079189,0.348871642451356,313.81572940233764,313.59708600027574,313.69776530849225,8.415222446082625
60856.24834870045,2.5,3.5695291579687707,0.08618529994739622,0.34774328490271383,313.81572940233764,313.59708600027574,313.69776530849225,8.415222446082625
60872.4966974009,2.5,3.567757622664417,0.08629366786646911,0.34548656980542947,313.81572940233764,313.59708600027574,313.69776530849225,8.415222446082625
60904.993394801786,2.5,3.564138179749734,0.08651535689274766,0.34097313961086073,313.81572940233764,313.59708600027574,313.69776530849225,8.415222446082625
60969.98678960358,2.5,3.556579027494145,0.08697904114161822,0.33194627922172343,313.81572940233764,313.59708600027574,313.69776530849225,8.415222446082625
61099.97357920716,2.5,3.540125628330624,0.08799192853136126,0.31389255844344877,313.81572940233764,313.59708600027574,313.69776530849225,8.415222446082625
61200.0,2.5,3.526324058461896,0.08885465259541106,0.2999999999999986,313.81572940233764,313.59708600027574,313.69776530849225,8.415222446082625
64800.0,0.0,3.5618659194845104,0.0,0.2999999999999986,315.1500001666605,315.1500000003264,315.15000005154735,4.308593925088644e-06
64800.001093164756,0.0,3.561867361001881,0.0,0.2999999999999986,315.1500001666605,315.1500000003264,315.15000005154735,4.308593925088644e-06
64800.00218632951,0.0,3.5618688019892835,0.0,0.2999999999999986,315.1500001666605,315.1500000003264,315.15000005154735,4.308593925088644e-06
64800.00437265902,0.0,3.5618716826739076,0.0,0.2999999999999986,315.1500001666605,315.1500000003264,315.15000005154735,4.308593925088644e-06
64800.00874531805,0.0,3.5618774375915847,0.0,0.2999999999999986,315.1500001666605,315.1500000003264,315.15000005154735,4.308593925088644e-06
64800.017490636106,0.0,3.561888922987818,0.0,0.2999999999999986,315.1500001666605,315.1500000003264,315.15000005154735,4.308593925088644e-06
64800.034981272205,0.0,3.5619117938619085,0.0,0.2999999999999986,315.1500001666605,315.1500000003264,315.15000005154735,4.308593925088644e-06
64800.06996254441,0.0,3.5619571438044058,0.0,0.2999999999999986,315.1500001666605,315.1500000003264,315.15000005154735,4.308593925088644e-06
64800.13992508882,0.0,3.5620463307808015,0.0,0.2999999999999986,315.1500001666605,315.1500000003264,315.15000005154735,4.308593925088644e-06
64800.27985017763,0.0,3.562219069341655,0.0,0.2999999999999986,315.1500001666605,315.1500000003264,315.15000005154735,4.308593925088644e-06
64800.41977526645,0.0,3.562384795338365,0.0,0.2999999999999986,315.1500001666605,315.1500000003264,315.15000005154735,4.308593925088644e-06
64800.559700355254,0.0,3.5625441483593105,0.0,0.2999999999999986,315.1500001666605,315.1500000003264,315.15000005154735,4.308593925088644e-06
64800.699625444075,0.0,3.5626977146255516,0.0,0.2999999999999986,315.1500001666605,315.1500000003264,315.15000005154735,4.308593925088644e-06
64800.9794756217,0.0,3.5629893030181843,0.0,0.2999999999999986,315.1500001666605,315.1500000003264,315.15000005154735,4.308593925088644e-06
64801.25932579933,0.0,3.5632631728210904,0.0,0.2999999999999986,315.1500001666605,315.1500000003264,315.15000005154735,4.308593925088644e-06
64801.58266445734,0.0,3.563561172984849,0.0,0.2999999999999986,315.1500001666605,315.1500000003264,315.15000005154735,4.308593925088644e-06
64801.90600311535,0.0,3.5638425637339357,0.0,0.2999999999999986,315.1500001666605,315.1500000003264,315.15000005154735,4.308593925088644e-06
64802.22934177336,0.0,3.564109801612158,0.0,0.2999999999999986,315.1500001666605,315.1500000003264,315.15000005154735,4.308593925088644e-06
64802.55268043137,0.0,3.5643647495694757,0.0,0.2999999999999986,315.1500001666605,315.1500000003264,315.15000005154735,4.308593925088644e-06
64802.87601908938,0.0,3.564608874303557,0.0,0.2999999999999986,315.1500001666605,315.1500000003264,315.15000005154735,4.308593925088644e-06
64803.19935774739,0.0,3.564843390927157,0.0,0.2999999999999986,315.1500001666605,315.1500000003264,315.15000005154735,4.308593925088644e-06
64803.5226964054,0.0,3.5650692594021827,0.0,0.2999999999999986,315.1500001666605,315.1500000003264,315.15000005154735,4.308593925088644e-06
64804.16937372142,0.0,3.565498203904113,0.0,0.2999999999999986,315.1500001666605,315.1500000003264,315.15000005154735,4.308593925088644e-06
64804.816051037444,0.0,3.5659006451940445,0.0,0.2999999999999986,315.1500001666605,315.1500000003264,315.15000005154735,4.308593925088644e-06
64805.64407645006,0.0,3.5663827367290413,0.0,0.2999999999999986,315.1500001666605,315.1500000003264,315.15000005154735,4.308593925088644e-06
64806.38929932141,0.0,3.5667895372717915,0.0,0.2999999999999986,315.1500001666605,315.1500000003264,315.15000005154735,4.308593925088644e-06
64807.134522192755,0.0,3.5671740328826487,0.0,0.2999999999999986,315.1500001666605,315.1500000003264,315.15000005154735,4.308593925088644e-06
64807.8797450641,0.0,3.5675388896989055,0.0,0.2999999999999986,315.1500001666605,315.1500000003264,315.15000005154735,4.308593925088644e-06
64808.62496793545,0.0,3.5678861285054384,0.0,0.2999999999999986,315.1500001666605,315.1500000003264,315.15000005154735,4.308593925088644e-06
64809.3701908068,0.0,3.5682174711852013,0.0,0.2999999999999986,315.1500001666605,315.1500000003264,315.15000005154735,4.308593925088644e-06
64810.11541367815,0.0,3.5685343468061923,0.0,0.2999999999999986,315.1500001666605,315.1500000003264,315.15000005154735,4.308593925088644e-06
64811.605859420844,0.0,3.5691297433077067,0.0,0.2999999999999986,315.1500001666605,315.1500000003264,315.15000005154735,4.308593925088644e-06
64812.94726058928,0.0,3.5696271826825985,0.0,0.2999999999999986,315.1500001666605,315.1500000003264,315.15000005154735,4.308593925088644e-06
64814.2886617577,0.0,3.570093048427743,0.0,0.2999999999999986,315.1500001666605,315.1500000003264,315.15000005154735,4.308593925088644e-06
64815.63006292614,0.0,3.570531246273375,0.0,0.2999999999999986,315.1500001666605,315.1500000003264,315.15000005154735,4.308593925088644e-06
64816.97146409456,0.0,3.570945055683401,0.0,0.2999999999999986,315.1500001666605,315.1500000003264,315.15000005154735,4.308593925088644e-06
64819.65426643142,0.0,3.5717100230097865,0.0,0.2999999999999986,315.1500001666605,315.1500000003264,315.15000005154735,4.308593925088644e-06
64822.33706876828,0.0,3.5724048026109294,0.0,0.2999999999999986,315.1500001666605,315.1500000003264,315.15000005154735,4.308593925088644e-06
64825.019871105134,0.0,3.5730415395152586,0.0,0.2999999999999986,315.1500001666605,315.1500000003264,315.15000005154735,4.308593925088644e-06
64827.70267344199,0.0,3.5736295206077657,0.0,0.2999999999999986,315.1500001666605,315.1500000003264,315.15000005154735,4.308593925088644e-06
64830.38547577885,0.0,3.5741760732173367,0.0,0.2999999999999986,315.1500001666605,315.1500000003264,315.15000005154735,4.308593925088644e-06
64833.06827811571,0.0,3.5746869886364165,0.0,0.2999999999999986,315.1500001666605,315.1500000003264,315.15000005154735,4.308593925088644e-06
64835.75108045257,0.0,3.5751668536294066,0.0,0.2999999999999986,315.1500001666605,315.1500000003264,315.15000005154735,4.308593925088644e-06
64838.433882789424,0.0,3.5756193407040873,0.0,0.2999999999999986,315.1500001666605,315.1500000003264,315.15000005154735,4.308593925088644e-06
64841.11668512628,0.0,3.576047504979432,0.0,0.2999999999999986,315.1500001666605,315.1500000003264,315.15000005154735,4.308593925088644e-06
64846.4822898,0.0,3.5768405428644576,0.0,0.2999999999999986,315.1500001666605,315.1500000003264,315.15000005154735,4.308593925088644e-06
64851.847894473714,0.0,3.577562640575884,0.0,0.2999999999999986,315.1500001666605,315.1500000003264,315.15000005154735,4.308593925088644e-06
64856.67693868006,0.0,3.5781616415952797,0.0,0.2999999999999986,315.1500001666605,315.1500000003264,315.15000005154735,4.308593925088644e-06
64861.5059828864,0.0,3.5787190620257254,0.0,0.2999999999999986,315.1500001666605,315.1500000003264,315.15000005154735,4.308593925088644e-06
64866.33502709275,0.0,3.579240147748936,0.0,0.2999999999999986,315.1500001666605,315.1500000003264,315.15000005154735,4.308593925088644e-06
64871.16407129909,0.0,3.579729317726479,0.0,0.2999999999999986,315.1500001666605,315.1500000003264,315.15000005154735,4.308593925088644e-06
64875.99311550544,0.0,3.580190218728524,0.0,0.2999999999999986,315.1500001666605,315.1500000003264,315.15000005154735,4.308593925088644e-06
64880.82215971178,0.0,3.580625838592325,0.0,0.2999999999999986,315.1500001666605,315.1500000003264,315.15000005154735,4.308593925088644e-06
64885.651203918125,0.0,3.581038659872955,0.0,0.2999999999999986,315.1500001666605,315.1500000003264,315.15000005154735,4.308593925088644e-06
64890.48024812447,0.0,3.5814308253709783,0.0,0.2999999999999986,315.1500001666605,315.1500000003264,315.15000005154735,4.308593925088644e-06
64900.13833653716,0.0,3.58216028868769,0.0,0.2999999999999986,315.1500001666605,315.1500000003264,315.15000005154735,4.308593925088644e-06
64909.79642494985,0.0,3.58282673633643,0.0,0.2999999999999986,315.1500001666605,315.1500000003264,315.15000005154735,4.308593925088644e-06
64918.48870452126,0.0,3.5833804447622755,0.0,0.2999999999999986,315.1500001666605,315.1500000003264,315.15000005154735,4.308593925088644e-06
64927.18098409267,0.0,3.5838960220074014,0.0,0.2999999999999986,315.1500001666605,315.1500000003264,315.15000005154735,4.308593925088644e-06
64935.87326366409,0.0,3.5843779355153274,0.0,0.2999999999999986,315.1500001666605,315.1500000003264,315.15000005154735,4.308593925088644e-06
64944.56554323551,0.0,3.5848300008748946,0.0,0.2999999999999986,315.1500001666605,315.1500000003264,315.15000005154735,4.308593925088644e-06
64953.257822806925,0.0,3.585255432852585,0.0,0.2999999999999986,315.1500001666605,315.1500000003264,315.15000005154735,4.308593925088644e-06
64961.95010237834,0.0,3.585656927000396,0.0,0.2999999999999986,315.1500001666605,315.1500000003264,315.15000005154735,4.308593925088644e-06
64979.33466152118,0.0,3.586396943894836,0.0,0.2999999999999986,315.1500001666605,315.1500000003264,315.15000005154735,4.308593925088644e-06
64996.71922066402,0.0,3.587064855416142,0.0,0.2999999999999986,315.1500001666605,315.1500000003264,315.15000005154735,4.308593925088644e-06
65014.10377980685,0.0,3.5876720994445632,0.0,0.2999999999999986,315.1500001666605,315.1500000003264,315.15000005154735,4.308593925088644e-06
65031.48833894968,0.0,3.588227609744658,0.0,0.2999999999999986,315.1500001666605,315.1500000003264,315.15000005154735,4.308593925088644e-06
65048.87289809252,0.0,3.5887383241354827,0.0,0.2999999999999986,315.1500001666605,315.1500000003264,315.15000005154735,4.308593925088644e-06
65066.25745723536,0.0,3.589209752279715,0.0,0.2999999999999986,315.1500001666605,315.1500000003264,315.15000005154735,4.308593925088644e-06
65083.642016378195,0.0,3.589646449556201,0.0,0.2999999999999986,315.1500001666605,315.1500000003264,315.15000005154735,4.308593925088644e-06
65101.02657552103,0.0,3.59005223988921,0.0,0.2999999999999986,315.1500001666605,315.1500000003264,315.15000005154735,4.308593925088644e-06
65118.41113466387,0.0,3.5904303087846023,0.0,0.2999999999999986,315.1500001666605,315.1500000003264,315.15000005154735,4.308593925088644e-06
65135.79569380671,0.0,3.590783322542785,0.0,0.2999999999999986,315.1500001666605,315.1500000003264,315.15000005154735,4.308593925088644e-06
65153.18025294954,0.0,3.5911135672028838,0.0,0.2999999999999986,315.1500001666605,315.1500000003264,315.15000005154735,4.308593925088644e-06
65160.0,0.0,3.59123734613599,0.0,0.2999999999999986,315.1500001666605,315.1500000003264,315.15000005154735,4.308593925088644e-06
65160.0114396597,0.0,3.5912375511409373,0.0,0.2999999999999986,315.1500001666605,315.1500000003264,315.15000005154735,4.308593925088644e-06
65160.0228793194,0.0,3.5912377561372053,0.0,0.2999999999999986,315.1500001666605,315.1500000003264,315.15000005154735,4.308593925088644e-06
65160.04575863879,0.0,3.5912381661087083,0.0,0.2999999999999986,315.1500001666605,315.1500000003264,315.15000005154735,4.308593925088644e-06
65160.091517277586,0.0,3.5912389859457714,0.0,0.2999999999999986,315.1500001666605,315.1500000003264,315.15000005154735,4.308593925088644e-06
65160.18303455518,0.0,3.591240625216815,0.0,0.2999999999999986,315.1500001666605,315.1500000003264,315.15000005154735,4.308593925088644e-06
65160.36606911036,0.0,3.5912439020959157,0.0,0.2999999999999986,315.1500001666605,315.1500000003264,315.15000005154735,4.308593925088644e-06
65160.73213822073,0.0,3.591250449217514,0.0,0.2999999999999986,315.1500001666605,315.1500000003264,315.15000005154735,4.308593925088644e-06
65161.46427644146,0.0,3.591263516937903,0.0,0.2999999999999986,315.1500001666605,315.1500000003264,315.15000005154735,4.308593925088644e-06
65162.92855288292,0.0,3.5912895468238957,0.0,0.2999999999999986,315.1500001666605,315.1500000003264,315.15000005154735,4.308593925088644e-06
65165.857105765834,0.0,3.591341188593311,0.0,0.2999999999999986,315.1500001666605,315.1500000003264,315.15000005154735,4.308593925088644e-06
65171.71421153167,0.0,3.5914428331671706,0.0,0.2999999999999986,315.1500001666605,315.1500000003264,315.15000005154735,4.308593925088644e-06
65183.42842306334,0.0,3.5916398162312593,0.0,0.2999999999999986,315.1500001666605,315.1500000003264,315.15000005154735,4.308593925088644e-06
65195.14263459502,0.0,3.5918286973663296,0.0,0.2999999999999986,315.1500001666605,315.1500000003264,315.15000005154735,4.308593925088644e-06
65206.85684612669,0.0,3.592009884429159,0.0,0.2999999999999986,315.1500001666605,315.1500000003264,315.15000005154735,4.308593925088644e-06
65218.571057658366,0.0,3.5921837707365585,0.0,0.2999999999999986,315.1500001666605,315.1500000003264,315.15000005154735,4.308593925088644e-06
65241.99948072171,0.0,3.5925109503258503,0.0,0.2999999999999986,315.1500001666605,315.1500000003264,315.15000005154735,4.308593925088644e-06
65265.42790378505,0.0,3.592812947845308,0.0,0.2999999999999986,315.1500001666605,315.1500000003264,315.15000005154735,4.308593925088644e-06
65288.85632684839,0.0,3.593092268880621,0.0,0.2999999999999986,315.1500001666605,315.1500000003264,315.15000005154735,4.308593925088644e-06
65312.284749911734,0.0,3.593351000185246,0.0,0.2999999999999986,315.1500001666605,315.1500000003264,315.15000005154735,4.308593925088644e-06
65335.713172975076,0.0,3.593590854888327,0.0,0.2999999999999986,315.1500001666605,315.1500000003264,315.15000005154735,4.308593925088644e-06
65359.14159603842,0.0,3.59381329703314,0.0,0.2999999999999986,315.1500001666605,315.1500000003264,315.15000005154735,4.308593925088644e-06
65382.57001910176,0.0,3.594019710078828,0.0,0.2999999999999986,315.1500001666605,315.1500000003264,315.15000005154735,4.308593925088644e-06
65405.9984421651,0.0,3.5942114462240693,0.0,0.2999999999999986,315.1500001666605,315.1500000003264,315.15000005154735,4.308593925088644e-06
65452.85528829179,0.0,3.5945553943796273,0.0,0.2999999999999986,315.1500001666605,315.1500000003264,315.15000005154735,4.308593925088644e-06
65495.0264498058,0.0,3.5948253625443183,0.0,0.2999999999999986,315.1500001666605,315.1500000003264,315.15000005154735,4.308593925088644e-06
65520.0,0.0,3.5949696509428266,0.0,0.2999999999999986,315.1500001666605,315.1500000003264,315.15000005154735,4.308593925088644e-06
65520.03006128343,0.0,3.594969818077602,0.0,0.2999999999999986,315.1500001666605,315.1500000003264,315.15000005154735,4.308593925088644e-06
65520.060122566865,0.0,3.5949699851971357,0.0,0.2999999999999986,315.1500001666605,315.1500000003264,315.15000005154735,4.308593925088644e-06
65520.12024513374,0.0,3.594970319399207,0.0,0.2999999999999986,315.1500001666605,315.1500000003264,315.15000005154735,4.308593925088644e-06
65520.240490267475,0.0,3.594970987617239,0.0,0.2999999999999986,315.1500001666605,315.1500000003264,315.15000005154735,4.308593925088644e-06
65520.48098053495,0.0,3.594972323345221,0.0,0.2999999999999986,315.1500001666605,315.1500000003264,315.15000005154735,4.308593925088644e-06
65520.9619610699,0.0,3.594974991881569,0.0,0.2999999999999986,315.1500001666605,315.1500000003264,315.15000005154735,4.308593925088644e-06
65521.92392213981,0.0,3.594980317312663,0.0,0.2999999999999986,315.1500001666605,315.1500000003264,315.15000005154735,4.308593925088644e-06
65523.84784427962,0.0,3.5949909217298934,0.0,0.2999999999999986,315.1500001666605,315.1500000003264,315.15000005154735,4.308593925088644e-06
65527.69568855924,0.0,3.5950119463565238,0.0,0.2999999999999986,315.1500001666605,315.1500000003264,315.15000005154735,4.308593925088644e-06
65535.39137711848,0.0,3.5950532711030805,0.0,0.2999999999999986,315.1500001666605,315.1500000003264,315.15000005154735,4.308593925088644e-06
65550.78275423698,0.0,3.5951331181109576,0.0,0.2999999999999986,315.1500001666605,315.1500000003264,315.15000005154735,4.308593925088644e-06
65566.17413135545,0.0,3.5952093482196865,0.0,0.2999999999999986,315.1500001666605,315.1500000003264,315.15000005154735,4.308593925088644e-06
65581.56550847396,0.0,3.5952821234264034,0.0,0.2999999999999986,315.1500001666605,315.1500000003264,315.15000005154735,4.308593925088644e-06
65596.95688559243,0.0,3.595351603503672,0.0,0.2999999999999986,315.1500001666605,315.1500000003264,315.15000005154735,4.308593925088644e-06
65627.73963982941,0.0,3.595481228297968,0.0,0.2999999999999986,315.1500001666605,315.1500000003264,315.15000005154735,4.308593925088644e-06
65658.52239406639,0.0,3.595599375001134,0.0,0.2999999999999986,315.1500001666605,315.1500000003264,315.15000005154735,4.308593925088644e-06
65689.30514830335,0.0,3.595707148425846,0.0,0.2999999999999986,315.1500001666605,315.1500000003264,315.15000005154735,4.308593925088644e-06
65729.99020005713,0.0,3.5958352124083777,0.0,0.2999999999999986,315.1500001666605,315.1500000003264,315.15000005154735,4.308593925088644e-06
65770.67525181093,0.0,3.5959486470728956,0.0,0.2999999999999986,315.1500001666605,315.1500000003264,315.15000005154735,4.308593925088644e-06
65811.36030356472,0.0,3.596049162298998,0.0,0.2999999999999986,315.1500001666605,315.1500000003264,315.15000005154735,4.308593925088644e-06
65852.0453553185,0.0,3.5961382535914743,0.0,0.2999999999999986,315.1500001666605,315.1500000003264,315.15000005154735,4.308593925088644e-06
65880.0,0.0,3.596193572721319,0.0,0.2999999999999986,315.1500001666605,315.1500000003264,315.15000005154735,4.308593925088644e-06
65880.08629999947,0.0,3.596193736591814,0.0,0.2999999999999986,315.1500001666605,315.1500000003264,315.15000005154735,4.308593925088644e-06
65880.17259999893,0.0,3.596193900420459,0.0,0.2999999999999986,315.1500001666605,315.1500000003264,315.15000005154735,4.308593925088644e-06
65880.34519999786,0.0,3.5961942279761727,0.0,0.2999999999999986,315.1500001666605,315.1500000003264,315.15000005154735,4.308593925088644e-06
65880.69039999571,0.0,3.5961948825770755,0.0,0.2999999999999986,315.1500001666605,315.1500000003264,315.15000005154735,4.308593925088644e-06
65881.38079999143,0.0,3.5961961898383734,0.0,0.2999999999999986,315.1500001666605,315.1500000003264,315.15000005154735,4.308593925088644e-06
65882.76159998286,0.0,3.5961987963738102,0.0,0.2999999999999986,315.1500001666605,315.1500000003264,315.15000005154735,4.308593925088644e-06
65885.52319996573,0.0,3.596203977710484,0.0,0.2999999999999986,315.1500001666605,315.1500000003264,315.15000005154735,4.308593925088644e-06
65891.04639993145,0.0,3.5962142146744975,0.0,0.2999999999999986,315.1500001666605,315.1500000003264,315.15000005154735,4.308593925088644e-06
65902.09279986293,0.0,3.5962341970154514,0.0,0.2999999999999986,315.1500001666605,315.1500000003264,315.15000005154735,4.308593925088644e-06
65924.18559972585,0.0,3.5962722813876975,0.0,0.2999999999999986,315.1500001666605,315.1500000003264,315.15000005154735,4.308593925088644e-06
65946.27839958877,0.0,3.596307966156167,0.0,0.2999999999999986,315.1500001666605,315.1500000003264,315.15000005154735,4.308593925088644e-06
65968.3711994517,0.0,3.596341395390333,0.0,0.2999999999999986,315.1500001666605,315.1500000003264,315.15000005154735,4.308593925088644e-06
65990.46399931464,0.0,3.5963727095759666,0.0,0.2999999999999986,315.1500001666605,315.1500000003264,315.15000005154735,4.308593925088644e-06
66034.6495990405,0.0,3.5964294679827673,0.0,0.2999999999999986,315.1500001666605,315.1500000003264,315.15000005154735,4.308593925088644e-06
66078.83519876635,0.0,3.596479227691044,0.0,0.2999999999999986,315.1500001666605,315.1500000003264,315.15000005154735,4.308593925088644e-06
66123.02079849222,0.0,3.596522909690867,0.0,0.2999999999999986,315.1500001666605,315.1500000003264,315.15000005154735,4.308593925088644e-06
66167.20639821808,0.0,3.596561288181066,0.0,0.2999999999999986,315.1500001666605,315.1500000003264,315.15000005154735,4.308593925088644e-06
66211.39199794394,0.0,3.596594996589815,0.0,0.2999999999999986,315.1500001666605,315.1500000003264,315.15000005154735,4.308593925088644e-06
66240.0,0.0,3.5966145738147848,0.0,0.2999999999999986,315.1500001666605,315.1500000003264,315.15000005154735,4.308593925088644e-06
66240.25010122676,0.0,3.596614737572308,0.0,0.2999999999999986,315.1500001666605,315.1500000003264,315.15000005154735,4.308593925088644e-06
66240.50020245352,0.0,3.5966149012090405,0.0,0.2999999999999986,315.1500001666605,315.1500000003264,315.15000005154735,4.308593925088644e-06
66241.00040490704,0.0,3.59661522818943,0.0,0.2999999999999986,315.1500001666605,315.1500000003264,315.15000005154735,4.308593925088644e-06
66242.00080981408,0.0,3.596615880678747,0.0,0.2999999999999986,315.1500001666605,315.1500000003264,315.15000005154735,4.308593925088644e-06
66244.0016196282,0.0,3.5966171800829967,0.0,0.2999999999999986,315.1500001666605,315.1500000003264,315.15000005154735,4.308593925088644e-06
66248.00323925639,0.0,3.596619756061523,0.0,0.2999999999999986,315.1500001666605,315.1500000003264,315.15000005154735,4.308593925088644e-06
66256.00647851276,0.0,3.5966248182715184,0.0,0.2999999999999986,315.1500001666605,315.1500000003264,315.15000005154735,4.308593925088644e-06
66272.01295702552,0.0,3.5966345945512495,0.0,0.2999999999999986,315.1500001666605,315.1500000003264,315.15000005154735,4.308593925088644e-06
66304.02591405105,0.0,3.596652840691732,0.0,0.2999999999999986,315.1500001666605,315.1500000003264,315.15000005154735,4.308593925088644e-06
66336.03887107658,0.0,3.5966694504165697,0.0,0.2999999999999986,315.1500001666605,315.1500000003264,315.15000005154735,4.308593925088644e-06
66368.05182810212,0.0,3.5966845627905344,0.0,0.2999999999999986,315.1500001666605,315.1500000003264,315.15000005154735,4.308593925088644e-06
66400.06478512764,0.0,3.5966983101600345,0.0,0.2999999999999986,315.1500001666605,315.1500000003264,315.15000005154735,4.308593925088644e-06
66464.09069917869,0.0,3.5967221407831556,0.0,0.2999999999999986,315.1500001666605,315.1500000003264,315.15000005154735,4.308593925088644e-06
66528.11661322975,0.0,3.5967418214194726,0.0,0.2999999999999986,315.1500001666605,315.1500000003264,315.15000005154735,4.308593925088644e-06
66600.0,0.0,3.596759887291055,0.0,0.2999999999999986,315.1500001666605,315.1500000003264,315.15000005154735,4.308593925088644e-06
66600.72483810586,0.0,3.596760051033731,0.0,0.2999999999999986,315.1500001666605,315.1500000003264,315.15000005154735,4.308593925088644e-06
66601.44967621172,0.0,3.596760214426879,0.0,0.2999999999999986,315.1500001666605,315.1500000003264,315.15000005154735,4.308593925088644e-06
66602.89935242344,0.0,3.596760540366501,0.0,0.2999999999999986,315.1500001666605,315.1500000003264,315.15000005154735,4.308593925088644e-06
66605.79870484691,0.0,3.596761188005624,0.0,0.2999999999999986,315.1500001666605,315.1500000003264,315.15000005154735,4.308593925088644e-06
66611.59740969382,0.0,3.5967624673763097,0.0,0.2999999999999986,315.1500001666605,315.1500000003264,315.15000005154735,4.308593925088644e-06
66623.19481938763,0.0,3.596764961894644,0.0,0.2999999999999986,315.1500001666605,315.1500000003264,315.15000005154735,4.308593925088644e-06
66646.38963877525,0.0,3.5967697060202872,0.0,0.2999999999999986,315.1500001666605,315.1500000003264,315.15000005154735,4.308593925088644e-06
66692.7792775505,0.0,3.5967782985194385,0.0,0.2999999999999986,315.1500001666605,315.1500000003264,315.15000005154735,4.308593925088644e-06
66739.16891632575,0.0,3.5967857989969207,0.0,0.2999999999999986,315.1500001666605,315.1500000003264,315.15000005154735,4.308593925088644e-06
66785.55855510102,0.0,3.5967923385781972,0.0,0.2999999999999986,315.1500001666605,315.1500000003264,315.15000005154735,4.308593925088644e-06
66831.94819387626,0.0,3.5967980376818005,0.0,0.2999999999999986,315.1500001666605,315.1500000003264,315.15000005154735,4.308593925088644e-06
66924.72747142677,0.0,3.5968072848654717,0.0,0.2999999999999986,315.1500001666605,315.1500000003264,315.15000005154735,4.308593925088644e-06
66960.0,0.0,3.5968101772378382,0.0,0.2999999999999986,315.1500001666605,315.1500000003264,315.15000005154735,4.308593925088644e-06
66961.44000053646,0.0,3.5968102890335896,0.0,0.2999999999999986,315.1500001666605,315.1500000003264,315.15000005154735,4.308593925088644e-06
66962.88000107292,0.0,3.5968104003562154,0.0,0.2999999999999986,315.1500001666605,315.1500000003264,315.15000005154735,4.308593925088644e-06
66965.76000214583,0.0,3.5968106218582125,0.0,0.2999999999999986,315.1500001666605,315.1500000003264,315.15000005154735,4.308593925088644e-06
66971.52000429165,0.0,3.5968110591581475,0.0,0.2999999999999986,315.1500001666605,315.1500000003264,315.15000005154735,4.308593925088644e-06
66983.04000858331,0.0,3.5968119126684464,0.0,0.2999999999999986,315.1500001666605,315.1500000003264,315.15000005154735,4.308593925088644e-06
67006.08001716662,0.0,3.596813536326687,0.0,0.2999999999999986,315.1500001666605,315.1500000003264,315.15000005154735,4.308593925088644e-06
67052.16003433324,0.0,3.5968164795228272,0.0,0.2999999999999986,315.1500001666605,315.1500000003264,315.15000005154735,4.308593925088644e-06
67098.24005149984,0.0,3.5968190511341684,0.0,0.2999999999999986,315.1500001666605,315.1500000003264,315.15000005154735,4.308593925088644e-06
67190.40008583307,0.0,3.596823300025097,0.0,0.2999999999999986,315.1500001666605,315.1500000003264,315.15000005154735,4.308593925088644e-06
67282.56012016631,0.0,3.596826539503139,0.0,0.2999999999999986,315.1500001666605,315.1500000003264,315.15000005154735,4.308593925088644e-06
67320.0,0.0,3.5968276001285364,0.0,0.2999999999999986,315.1500001666605,315.1500000003264,315.15000005154735,4.308593925088644e-06
67321.08000053646,0.0,3.596827628704636,0.0,0.2999999999999986,315.1500001666605,315.1500000003264,315.15000005154735,4.308593925088644e-06
67322.16000107292,0.0,3.5968276571899356,0.0,0.2999999999999986,315.1500001666605,315.1500000003264,315.15000005154735,4.308593925088644e-06
67324.32000214583,0.0,3.596827713940849,0.0,0.2999999999999986,315.1500001666605,315.1500000003264,315.15000005154735,4.308593925088644e-06
67328.64000429166,0.0,3.5968278263445708,0.0,0.2999999999999986,315.1500001666605,315.1500000003264,315.15000005154735,4.308593925088644e-06
67337.2800085833,0.0,3.596828047062049,0.0,0.2999999999999986,315.1500001666605,315.1500000003264,315.15000005154735,4.308593925088644e-06
67354.56001716662,0.0,3.5968284721583803,0.0,0.2999999999999986,315.1500001666605,315.1500000003264,315.15000005154735,4.308593925088644e-06
67389.12003433323,0.0,3.5968292614139106,0.0,0.2999999999999986,315.1500001666605,315.1500000003264,315.15000005154735,4.308593925088644e-06
67458.24006866646,0.0,3.596830626238802,0.0,0.2999999999999986,315.1500001666605,315.1500000003264,315.15000005154735,4.308593925088644e-06
67527.3601029997,0.0,3.596831741122463,0.0,0.2999999999999986,315.1500001666605,315.1500000003264,315.15000005154735,4.308593925088644e-06
67665.60017166616,0.0,3.5968334285740493,0.0,0.2999999999999986,315.1500001666605,315.1500000003264,315.15000005154735,4.308593925088644e-06
67680.0,0.0,3.5968335618180376,0.0,0.2999999999999986,315.1500001666605,315.1500000003264,315.15000005154735,4.308593925088644e-06
67680.72000053646,0.0,3.5968335682468453,0.0,0.2999999999999986,315.1500001666605,315.1500000003264,315.15000005154735,4.308593925088644e-06
67681.44000107292,0.0,3.596833574662023,0.0,0.2999999999999986,315.1500001666605,315.1500000003264,315.15000005154735,4.308593925088644e-06
67682.88000214583,0.0,3.596833587459349,0.0,0.2999999999999986,315.1500001666605,315.1500000003264,315.15000005154735,4.308593925088644e-06
67685.76000429166,0.0,3.5968336128886165,0.0,0.2999999999999986,315.1500001666605,315.1500000003264,315.15000005154735,4.308593925088644e-06
67691.52000858332,0.0,3.596833663126601,0.0,0.2999999999999986,315.1500001666605,315.1500000003264,315.15000005154735,4.308593925088644e-06
67703.04001716661,0.0,3.596833761096919,0.0,0.2999999999999986,315.1500001666605,315.1500000003264,315.15000005154735,4.308593925088644e-06
67726.08003433322,0.0,3.5968339474794764,0.0,0.2999999999999986,315.1500001666605,315.1500000003264,315.15000005154735,4.308593925088644e-06
67772.16006866646,0.0,3.596834285266132,0.0,0.2999999999999986,315.1500001666605,315.1500000003264,315.15000005154735,4.308593925088644e-06
67864.32013733292,0.0,3.5968348433645225,0.0,0.2999999999999986,315.1500001666605,315.1500000003264,315.15000005154735,4.308593925088644e-06
68040.0,0.0,3.5968355899695426,0.0,0.2999999999999986,315.1500001666605,315.1500000003264,315.15000005154735,4.308593925088644e-06
68040.36000053646,0.0,3.596835591034648,0.0,0.2999999999999986,315.1500001666605,315.1500000003264,315.15000005154735,4.308593925088644e-06
68040.72000107291,0.0,3.5968355920986235,0.0,0.2999999999999986,315.1500001666605,315.1500000003264,315.15000005154735,4.308593925088644e-06
68041.44000214583,0.0,3.596835594223832,0.0,0.2999999999999986,315.1500001666605,315.1500000003264,315.15000005154735,4.308593925088644e-06
68042.88000429166,0.0,3.596835598460489,0.0,0.2999999999999986,315.1500001666605,315.1500000003264,315.15000005154735,4.308593925088644e-06
68045.76000858331,0.0,3.596835606881806,0.0,0.2999999999999986,315.1500001666605,315.1500000003264,315.15000005154735,4.308593925088644e-06
68051.52001716662,0.0,3.5968356235121655,0.0,0.2999999999999986,315.1500001666605,315.1500000003264,315.15000005154735,4.308593925088644e-06
68063.04003433323,0.0,3.59683565594432,0.0,0.2999999999999986,315.1500001666605,315.1500000003264,315.15000005154735,4.308593925088644e-06
68086.08006866646,0.0,3.5968357176388843,0.0,0.2999999999999986,315.1500001666605,315.1500000003264,315.15000005154735,4.308593925088644e-06
68132.16013733292,0.0,3.5968358294492053,0.0,0.2999999999999986,315.1500001666605,315.1500000003264,315.15000005154735,4.308593925088644e-06
68224.32027466584,0.0,3.596836014179916,0.0,0.2999999999999986,315.1500001666605,315.1500000003264,315.15000005154735,4.308593925088644e-06
68400.0,0.0,3.5968362613041718,0.0,0.2999999999999986,315.1500001666605,315.1500000003264,315.15000005154735,4.308593925088644e-06
72000.0,0.0,3.5968362613041718,0.0,0.2999999999999986,316.7029132049464,316.7029139999994,316.7029139999994,5.820766091346741e-13
72003.60000059012,0.0,3.5968362647961927,0.0,0.2999999999999986,316.7029132049464,316.7029139999994,316.7029139999994,5.820766091346741e-13
72007.2000011802,0.0,3.596836268251498,0.0,0.2999999999999986,316.7029132049464,316.7029139999994,316.7029139999994,5.820766091346741e-13
72014.4000023604,0.0,3.596836275074046,0.0,0.2999999999999986,316.7029132049464,316.7029139999994,316.7029139999994,5.820766091346741e-13
72028.8000047208,0.0,3.596836288284641,0.0,0.2999999999999986,316.7029132049464,316.7029139999994,316.7029139999994,5.820766091346741e-13
72057.60000944161,0.0,3.59683631316775,0.0,0.2999999999999986,316.7029132049464,316.7029139999994,316.7029139999994,5.820766091346741e-13
72115.20001888323,0.0,3.596836357213825,0.0,0.2999999999999986,316.7029132049464,316.7029139999994,316.7029139999994,5.820766091346741e-13
72230.40003776646,0.0,3.5968364268767137,0.0,0.2999999999999986,316.7029132049464,316.7029139999994,316.7029139999994,5.820766091346741e-13
72360.0,0.0,3.596836481987792,0.0,0.2999999999999986,316.7029132049464,316.7029139999994,316.7029139999994,5.820766091346741e-13
72363.2400005901,0.0,3.596836483043527,0.0,0.2999999999999986,316.7029132049464,316.7029139999994,316.7029139999994,5.820766091346741e-13
72366.4800011802,0.0,3.596836484089265,0.0,0.2999999999999986,316.7029132049464,316.7029139999994,316.7029139999994,5.820766091346741e-13
72372.9600023604,0.0,3.596836486156717,0.0,0.2999999999999986,316.7029132049464,316.7029139999994,316.7029139999994,5.820766091346741e-13
72385.9200047208,0.0,3.596836490172912,0.0,0.2999999999999986,316.7029132049464,316.7029139999994,316.7029139999994,5.820766091346741e-13
72411.84000944161,0.0,3.5968364977820273,0.0,0.2999999999999986,316.7029132049464,316.7029139999994,316.7029139999994,5.820766091346741e-13
72463.68001888323,0.0,3.5968365114105105,0.0,0.2999999999999986,316.7029132049464,316.7029139999994,316.7029139999994,5.820766091346741e-13
72567.36003776646,0.0,3.5968365334431085,0.0,0.2999999999999986,316.7029132049464,316.7029139999994,316.7029139999994,5.820766091346741e-13
72720.0,0.0,3.596836556188629,0.0,0.2999999999999986,316.7029132049464,316.7029139999994,316.7029139999994,5.820766091346741e-13
72722.8800005901,0.0,3.5968365565026303,0.0,0.2999999999999986,316.7029132049464,316.7029139999994,316.7029139999994,5.820766091346741e-13
72725.7600011802,0.0,3.596836556813985,0.0,0.2999999999999986,316.7029132049464,316.7029139999994,316.7029139999994,5.820766091346741e-13
72731.5200023604,0.0,3.5968365574303327,0.0,0.2999999999999986,316.7029132049464,316.7029139999994,316.7029139999994,5.820766091346741e-13
72743.0400047208,0.0,3.596836558631507,0.0,0.2999999999999986,316.7029132049464,316.7029139999994,316.7029139999994,5.820766091346741e-13
72766.08000944162,0.0,3.5968365609206803,0.0,0.2999999999999986,316.7029132049464,316.7029139999994,316.7029139999994,5.820766091346741e-13
72812.16001888322,0.0,3.5968365650696636,0.0,0.2999999999999986,316.7029132049464,316.7029139999994,316.7029139999994,5.820766091346741e-13
72904.32003776645,0.0,3.596836571927927,0.0,0.2999999999999986,316.7029132049464,316.7029139999994,316.7029139999994,5.820766091346741e-13
73080.0,0.0,3.596836581103714,0.0,0.2999999999999986,316.7029132049464,316.7029139999994,316.7029139999994,5.820766091346741e-13
73082.5200005901,0.0,3.596836581194811,0.0,0.2999999999999986,316.7029132049464,316.7029139999994,316.7029139999994,5.820766091346741e-13
73085.0400011802,0.0,3.5968365812852348,0.0,0.2999999999999986,316.7029132049464,316.7029139999994,316.7029139999994,5.820766091346741e-13
73090.0800023604,0.0,3.5968365814644603,0.0,0.2999999999999986,316.7029132049464,316.7029139999994,316.7029139999994,5.820766091346741e-13
73100.1600047208,0.0,3.596836581814877,0.0,0.2999999999999986,316.7029132049464,316.7029139999994,316.7029139999994,5.820766091346741e-13
73120.32000944161,0.0,3.5968365824866524,0.0,0.2999999999999986,316.7029132049464,316.7029139999994,316.7029139999994,5.820766091346741e-13
73160.64001888322,0.0,3.596836583718847,0.0,0.2999999999999986,316.7029132049464,316.7029139999994,316.7029139999994,5.820766091346741e-13
73241.28003776645,0.0,3.596836585802105,0.0,0.2999999999999986,316.7029132049464,316.7029139999994,316.7029139999994,5.820766091346741e-13
73402.5600755329,0.0,3.5968365888254787,0.0,0.2999999999999986,316.7029132049464,316.7029139999994,316.7029139999994,5.820766091346741e-13
73440.0,0.0,3.596836589317986,0.0,0.2999999999999986,316.7029132049464,316.7029139999994,316.7029139999994,5.820766091346741e-13
73442.1600005901,0.0,3.5968365893441145,0.0,0.2999999999999986,316.7029132049464,316.7029139999994,316.7029139999994,5.820766091346741e-13
73444.3200011802,0.0,3.5968365893700778,0.0,0.2999999999999986,316.7029132049464,316.7029139999994,316.7029139999994,5.820766091346741e-13
73448.6400023604,0.0,3.596836589421601,0.0,0.2999999999999986,316.7029132049464,316.7029139999994,316.7029139999994,5.820766091346741e-13
73457.2800047208,0.0,3.596836589522667,0.0,0.2999999999999986,316.7029132049464,316.7029139999994,316.7029139999994,5.820766091346741e-13
73474.5600094416,0.0,3.596836589717574,0.0,0.2999999999999986,316.7029132049464,316.7029139999994,316.7029139999994,5.820766091346741e-13
73509.12001888323,0.0,3.596836590079411,0.0,0.2999999999999986,316.7029132049464,316.7029139999994,316.7029139999994,5.820766091346741e-13
73578.24003776646,0.0,3.5968365907053172,0.0,0.2999999999999986,316.7029132049464,316.7029139999994,316.7029139999994,5.820766091346741e-13
73716.48007553292,0.0,3.5968365916528064,0.0,0.2999999999999986,316.7029132049464,316.7029139999994,316.7029139999994,5.820766091346741e-13
73800.0,0.0,3.5968365920591605,0.0,0.2999999999999986,316.7029132049464,316.7029139999994,316.7029139999994,5.820766091346741e-13
73801.8000005901,0.0,3.596836592066465,0.0,0.2999999999999986,316.7029132049464,316.7029139999994,316.7029139999994,5.820766091346741e-13
73803.6000011802,0.0,3.5968365920737373,0.0,0.2999999999999986,316.7029132049464,316.7029139999994,316.7029139999994,5.820766091346741e-13
73807.20000236039,0.0,3.596836592088188,0.0,0.2999999999999986,316.7029132049464,316.7029139999994,316.7029139999994,5.820766091346741e-13
73814.40000472081,0.0,3.5968365921166185,0.0,0.2999999999999986,316.7029132049464,316.7029139999994,316.7029139999994,5.820766091346741e-13
73828.80000944162,0.0,3.5968365921717815,0.0,0.2999999999999986,316.7029132049464,316.7029139999994,316.7029139999994,5.820766091346741e-13
73857.60001888323,0.0,3.596836592275439,0.0,0.2999999999999986,316.7029132049464,316.7029139999994,316.7029139999994,5.820766091346741e-13
73915.20003776645,0.0,3.596836592458964,0.0,0.2999999999999986,316.7029132049464,316.7029139999994,316.7029139999994,5.820766091346741e-13
74030.4000755329,0.0,3.596836592749034,0.0,0.2999999999999986,316.7029132049464,316.7029139999994,316.7029139999994,5.820766091346741e-13
74160.0,0.0,3.596836592977541,0.0,0.2999999999999986,316.7029132049464,316.7029139999994,316.7029139999994,5.820766091346741e-13
74161.44000059011,0.0,3.596836592979509,0.0,0.2999999999999986,316.7029132049464,316.7029139999994,316.7029139999994,5.820766091346741e-13
74162.88000118021,0.0,3.5968365929814685,0.0,0.2999999999999986,316.7029132049464,316.7029139999994,316.7029139999994,5.820766091346741e-13
74165.76000236042,0.0,3.5968365929853676,0.0,0.2999999999999986,316.7029132049464,316.7029139999994,316.7029139999994,5.820766091346741e-13
74171.5200047208,0.0,3.5968365929930575,0.0,0.2999999999999986,316.7029132049464,316.7029139999994,316.7029139999994,5.820766091346741e-13
74183.04000944161,0.0,3.59683659300808,0.0,0.2999999999999986,316.7029132049464,316.7029139999994,316.7029139999994,5.820766091346741e-13
74206.08001888322,0.0,3.596836593036642,0.0,0.2999999999999986,316.7029132049464,316.7029139999994,316.7029139999994,5.820766091346741e-13
74252.16003776646,0.0,3.5968365930884283,0.0,0.2999999999999986,316.7029132049464,316.7029139999994,316.7029139999994,5.820766091346741e-13
74344.32007553292,0.0,3.596836593173992,0.0,0.2999999999999986,316.7029132049464,316.7029139999994,316.7029139999994,5.820766091346741e-13
74520.0,0.0,3.596836593288458,0.0,0.2999999999999986,316.7029132049464,316.7029139999994,316.7029139999994,5.820766091346741e-13
74521.0800005901,0.0,3.5968365932889466,0.0,0.2999999999999986,316.7029132049464,316.7029139999994,316.7029139999994,5.820766091346741e-13
74522.16000118021,0.0,3.5968365932894333,0.0,0.2999999999999986,316.7029132049464,316.7029139999994,316.7029139999994,5.820766091346741e-13
74524.32000236041,0.0,3.5968365932904067,0.0,0.2999999999999986,316.7029132049464,316.7029139999994,316.7029139999994,5.820766091346741e-13
74528.6400047208,0.0,3.596836593292327,0.0,0.2999999999999986,316.7029132049464,316.7029139999994,316.7029139999994,5.820766091346741e-13
74537.28000944162,0.0,3.5968365932961053,0.0,0.2999999999999986,316.7029132049464,316.7029139999994,316.7029139999994,5.820766091346741e-13
74554.56001888323,0.0,3.596836593303374,0.0,0.2999999999999986,316.7029132049464,316.7029139999994,316.7029139999994,5.820766091346741e-13
74589.12003776646,0.0,3.5968365933168815,0.0,0.2999999999999986,316.7029132049464,316.7029139999994,316.7029139999994,5.820766091346741e-13
74658.24007553291,0.0,3.59683659334023,0.0,0.2999999999999986,316.7029132049464,316.7029139999994,316.7029139999994,5.820766091346741e-13
74796.48015106583,0.0,3.5968365933755813,0.0,0.2999999999999986,316.7029132049464,316.7029139999994,316.7029139999994,5.820766091346741e-13
74880.0,0.0,3.596836593390737,0.0,0.2999999999999986,316.7029132049464,316.7029139999994,316.7029139999994,5.820766091346741e-13
74880.72000059011,0.0,3.596836593390842,0.0,0.2999999999999986,316.7029132049464,316.7029139999994,316.7029139999994,5.820766091346741e-13
74881.4400011802,0.0,3.5968365933909556,0.0,0.2999999999999986,316.7029132049464,316.7029139999994,316.7029139999994,5.820766091346741e-13
74882.88000236041,0.0,3.596836593391169,0.0,0.2999999999999986,316.7029132049464,316.7029139999994,316.7029139999994,5.820766091346741e-13
74885.76000472081,0.0,3.596836593391604,0.0,0.2999999999999986,316.7029132049464,316.7029139999994,316.7029139999994,5.820766091346741e-13
74891.52000944162,0.0,3.5968365933924584,0.0,0.2999999999999986,316.7029132049464,316.7029139999994,316.7029139999994,5.820766091346741e-13
74903.04001888324,0.0,3.5968365933941264,0.0,0.2999999999999986,316.7029132049464,316.7029139999994,316.7029139999994,5.820766091346741e-13
74926.08003776646,0.0,3.596836593397297,0.0,0.2999999999999986,316.7029132049464,316.7029139999994,316.7029139999994,5.820766091346741e-13
74972.16007553291,0.0,3.5968365934030437,0.0,0.2999999999999986,316.7029132049464,316.7029139999994,316.7029139999994,5.820766091346741e-13
75064.32015106583,0.0,3.5968365934125455,0.0,0.2999999999999986,316.7029132049464,316.7029139999994,316.7029139999994,5.820766091346741e-13
75240.0,0.0,3.596836593425248,0.0,0.2999999999999986,316.7029132049464,316.7029139999994,316.7029139999994,5.820766091346741e-13
75240.3600005901,0.0,3.596836593425266,0.0,0.2999999999999986,316.7029132049464,316.7029139999994,316.7029139999994,5.820766091346741e-13
75240.7200011802,0.0,3.5968365934252837,0.0,0.2999999999999986,316.7029132049464,316.7029139999994,316.7029139999994,5.820766091346741e-13
75241.44000236041,0.0,3.596836593425318,0.0,0.2999999999999986,316.7029132049464,316.7029139999994,316.7029139999994,5.820766091346741e-13
75242.88000472082,0.0,3.5968365934253925,0.0,0.2999999999999986,316.7029132049464,316.7029139999994,316.7029139999994,5.820766091346741e-13
75245.76000944161,0.0,3.5968365934255364,0.0,0.2999999999999986,316.7029132049464,316.7029139999994,316.7029139999994,5.820766091346741e-13
75251.52001888322,0.0,3.596836593425819,0.0,0.2999999999999986,316.7029132049464,316.7029139999994,316.7029139999994,5.820766091346741e-13
75263.04003776646,0.0,3.5968365934263695,0.0,0.2999999999999986,316.7029132049464,316.7029139999994,316.7029139999994,5.820766091346741e-13
75286.08007553293,0.0,3.596836593427417,0.0,0.2999999999999986,316.7029132049464,316.7029139999994,316.7029139999994,5.820766091346741e-13
75332.16015106582,0.0,3.5968365934293254,0.0,0.2999999999999986,316.7029132049464,316.7029139999994,316.7029139999994,5.820766091346741e-13
75424.32030213166,0.0,3.5968365934324678,0.0,0.2999999999999986,316.7029132049464,316.7029139999994,316.7029139999994,5.820766091346741e-13
75600.0,0.0,3.596836593436669,0.0,0.2999999999999986,316.7029132049464,316.7029139999994,316.7029139999994,5.820766091346741e-13
79200.0,0.0,3.596836593436669,0.0,0.2999999999999986,318.1499992590828,318.1499999999909,318.1499999999909,0.0
79203.60000064375,0.0,3.5968365934367292,0.0,0.2999999999999986,318.1499992590828,318.1499999999909,318.1499999999909,0.0
79207.2000012875,0.0,3.596836593436788,0.0,0.2999999999999986,318.1499992590828,318.1499999999909,318.1499999999909,0.0
79214.40000257498,0.0,3.596836593436907,0.0,0.2999999999999986,318.1499992590828,318.1499999999909,318.1499999999909,0.0
79228.80000514997,0.0,3.5968365934371307,0.0,0.2999999999999986,318.1499992590828,318.1499999999909,318.1499999999909,0.0
79257.60001029994,0.0,3.5968365934375552,0.0,0.2999999999999986,318.1499992590828,318.1499999999909,318.1499999999909,0.0
79315.20002059985,0.0,3.5968365934382995,0.0,0.2999999999999986,318.1499992590828,318.1499999999909,318.1499999999909,0.0
79430.4000411997,0.0,3.5968365934394897,0.0,0.2999999999999986,318.1499992590828,318.1499999999909,318.1499999999909,0.0
79560.0,0.0,3.596836593440424,0.0,0.2999999999999986,318.1499992590828,318.1499999999909,318.1499999999909,0.0
79563.24000064374,0.0,3.596836593440442,0.0,0.2999999999999986,318.1499992590828,318.1499999999909,318.1499999999909,0.0
79566.48000128749,0.0,3.596836593440456,0.0,0.2999999999999986,318.1499992590828,318.1499999999909,318.1499999999909,0.0
79572.96000257498,0.0,3.596836593440495,0.0,0.2999999999999986,318.1499992590828,318.1499999999909,318.1499999999909,0.0
79585.92000514996,0.0,3.5968365934405626,0.0,0.2999999999999986,318.1499992590828,318.1499999999909,318.1499999999909,0.0
79611.84001029993,0.0,3.5968365934406927,0.0,0.2999999999999986,318.1499992590828,318.1499999999909,318.1499999999909,0.0
79663.68002059984,0.0,3.596836593440922,0.0,0.2999999999999986,318.1499992590828,318.1499999999909,318.1499999999909,0.0
79767.36004119969,0.0,3.5968365934413034,0.0,0.2999999999999986,318.1499992590828,318.1499999999909,318.1499999999909,0.0
79920.0,0.0,3.596836593441682,0.0,0.2999999999999986,318.1499992590828,318.1499999999909,318.1499999999909,0.0
79922.88000064375,0.0,3.5968365934416875,0.0,0.2999999999999986,318.1499992590828,318.1499999999909,318.1499999999909,0.0
79925.76000128749,0.0,3.596836593441693,0.0,0.2999999999999986,318.1499992590828,318.1499999999909,318.1499999999909,0.0
79931.52000257498,0.0,3.5968365934417035,0.0,0.2999999999999986,318.1499992590828,318.1499999999909,318.1499999999909,0.0
79943.04000514996,0.0,3.596836593441723,0.0,0.2999999999999986,318.1499992590828,318.1499999999909,318.1499999999909,0.0
79966.08001029992,0.0,3.5968365934417657,0.0,0.2999999999999986,318.1499992590828,318.1499999999909,318.1499999999909,0.0
80012.16002059984,0.0,3.596836593441831,0.0,0.2999999999999986,318.1499992590828,318.1499999999909,318.1499999999909,0.0
80104.32004119968,0.0,3.5968365934419344,0.0,0.2999999999999986,318.1499992590828,318.1499999999909,318.1499999999909,0.0
80280.0,0.0,3.596836593442071,0.0,0.2999999999999986,318.1499992590828,318.1499999999909,318.1499999999909,0.0
80282.52000064374,0.0,3.596836593442073,0.0,0.2999999999999986,318.1499992590828,318.1499999999909,318.1499999999909,0.0
80285.04000128749,0.0,3.5968365934420747,0.0,0.2999999999999986,318.1499992590828,318.1499999999909,318.1499999999909,0.0
80290.08000257498,0.0,3.5968365934420783,0.0,0.2999999999999986,318.1499992590828,318.1499999999909,318.1499999999909,0.0
80300.16000514996,0.0,3.5968365934420854,0.0,0.2999999999999986,318.1499992590828,318.1499999999909,318.1499999999909,0.0
80320.32001029991,0.0,3.596836593442098,0.0,0.2999999999999986,318.1499992590828,318.1499999999909,318.1499999999909,0.0
80360.64002059984,0.0,3.5968365934421223,0.0,0.2999999999999986,318.1499992590828,318.1499999999909,318.1499999999909,0.0
80441.28004119967,0.0,3.596836593442162,0.0,0.2999999999999986,318.1499992590828,318.1499999999909,318.1499999999909,0.0
80602.56008239937,0.0,3.5968365934422155,0.0,0.2999999999999986,318.1499992590828,318.1499999999909,318.1499999999909,0.0
80640.0,0.0,3.5968365934422226,0.0,0.2999999999999986,318.1499992590828,318.1499999999909,318.1499999999909,0.0
80642.16000064375,0.0,3.5968365934422244,0.0,0.2999999999999986,318.1499992590828,318.1499999999909,318.1499999999909,0.0
80644.32000128749,0.0,3.5968365934422244,0.0,0.2999999999999986,318.1499992590828,318.1499999999909,318.1499999999909,0.0
80648.64000257498,0.0,3.596836593442226,0.0,0.2999999999999986,318.1499992590828,318.1499999999909,318.1499999999909,0.0
80657.28000514995,0.0,3.596836593442228,0.0,0.2999999999999986,318.1499992590828,318.1499999999909,318.1499999999909,0.0
80674.56001029992,0.0,3.5968365934422333,0.0,0.2999999999999986,318.1499992590828,318.1499999999909,318.1499999999909,0.0
80709.12002059983,0.0,3.5968365934422404,0.0,0.2999999999999986,318.1499992590828,318.1499999999909,318.1499999999909,0.0
80778.24004119968,0.0,3.5968365934422546,0.0,0.2999999999999986,318.1499992590828,318.1499999999909,318.1499999999909,0.0
80916.48008239936,0.0,3.5968365934422764,0.0,0.2999999999999986,318.1499992590828,318.1499999999909,318.1499999999909,0.0
81000.0,0.0,3.5968365934422852,0.0,0.2999999999999986,318.1499992590828,318.1499999999909,318.1499999999909,0.0
81001.80000064374,0.0,3.5968365934422852,0.0,0.2999999999999986,318.1499992590828,318.1499999999909,318.1499999999909,0.0
81003.60000128749,0.0,3.5968365934422852,0.0,0.2999999999999986,318.1499992590828,318.1499999999909,318.1499999999909,0.0
81007.20000257497,0.0,3.596836593442287,0.0,0.2999999999999986,318.1499992590828,318.1499999999909,318.1499999999909,0.0
81014.40000514995,0.0,3.596836593442287,0.0,0.2999999999999986,318.1499992590828,318.1499999999909,318.1499999999909,0.0
81028.80001029992,0.0,3.596836593442289,0.0,0.2999999999999986,318.1499992590828,318.1499999999909,318.1499999999909,0.0
81057.60002059984,0.0,3.5968365934422906,0.0,0.2999999999999986,318.1499992590828,318.1499999999909,318.1499999999909,0.0
81115.20004119969,0.0,3.596836593442296,0.0,0.2999999999999986,318.1499992590828,318.1499999999909,318.1499999999909,0.0
81230.40008239937,0.0,3.596836593442303,0.0,0.2999999999999986,318.1499992590828,318.1499999999909,318.1499999999909,0.0
81360.0,0.0,3.5968365934423083,0.0,0.2999999999999986,318.1499992590828,318.1499999999909,318.1499999999909,0.0
81361.44000064375,0.0,3.5968365934423083,0.0,0.2999999999999986,318.1499992590828,318.1499999999909,318.1499999999909,0.0
81362.88000128749,0.0,3.59683659344231,0.0,0.2999999999999986,318.1499992590828,318.1499999999909,318.1499999999909,0.0
81365.76000257497,0.0,3.59683659344231,0.0,0.2999999999999986,318.1499992590828,318.1499999999909,318.1499999999909,0.0
81371.52000514996,0.0,3.59683659344231,0.0,0.2999999999999986,318.1499992590828,318.1499999999909,318.1499999999909,0.0
81383.04001029991,0.0,3.59683659344231,0.0,0.2999999999999986,318.1499992590828,318.1499999999909,318.1499999999909,0.0
81406.08002059984,0.0,3.596836593442312,0.0,0.2999999999999986,318.1499992590828,318.1499999999909,318.1499999999909,0.0
81452.16004119968,0.0,3.596836593442312,0.0,0.2999999999999986,318.1499992590828,318.1499999999909,318.1499999999909,0.0
81544.32008239935,0.0,3.5968365934423154,0.0,0.2999999999999986,318.1499992590828,318.1499999999909,318.1499999999909,0.0
81720.0,0.0,3.596836593442319,0.0,0.2999999999999986,318.1499992590828,318.1499999999909,318.1499999999909,0.0
81721.08000064373,0.0,3.596836593442319,0.0,0.2999999999999986,318.1499992590828,318.1499999999909,318.1499999999909,0.0
81722.16000128748,0.0,3.596836593442319,0.0,0.2999999999999986,318.1499992590828,318.1499999999909,318.1499999999909,0.0
81724.32000257497,0.0,3.596836593442319,0.0,0.2999999999999986,318.1499992590828,318.1499999999909,318.1499999999909,0.0
81728.64000514997,0.0,3.596836593442319,0.0,0.2999999999999986,318.1499992590828,318.1499999999909,318.1499999999909,0.0
81737.28001029992,0.0,3.596836593442319,0.0,0.2999999999999986,318.1499992590828,318.1499999999909,318.1499999999909,0.0
81754.56002059983,0.0,3.596836593442319,0.0,0.2999999999999986,318.1499992590828,318.1499999999909,318.1499999999909,0.0
81789.12004119968,0.0,3.5968365934423208,0.0,0.2999999999999986,318.1499992590828,318.1499999999909,318.1499999999909,0.0
81858.24008239937,0.0,3.5968365934423208,0.0,0.2999999999999986,318.1499992590828,318.1499999999909,318.1499999999909,0.0
81996.48016479873,0.0,3.596836593442326,0.0,0.2999999999999986,318.1499992590828,318.1499999999909,318.1499999999909,0.0
82080.0,0.0,3.5968365934423265,0.0,0.2999999999999986,318.1499992590828,318.1499999999909,318.1499999999909,0.0
82080.72000064375,0.0,3.5968365934423265,0.0,0.2999999999999986,318.1499992590828,318.1499999999909,318.1499999999909,0.0
82081.44000128748,0.0,3.5968365934423265,0.0,0.2999999999999986,318.1499992590828,318.1499999999909,318.1499999999909,0.0
82082.88000257497,0.0,3.5968365934423265,0.0,0.2999999999999986,318.1499992590828,318.1499999999909,318.1499999999909,0.0
82085.76000514996,0.0,3.5968365934423265,0.0,0.2999999999999986,318.1499992590828,318.1499999999909,318.1499999999909,0.0
82091.52001029992,0.0,3.5968365934423265,0.0,0.2999999999999986,318.1499992590828,318.1499999999909,318.1499999999909,0.0
82103.04002059984,0.0,3.5968365934423265,0.0,0.2999999999999986,318.1499992590828,318.1499999999909,318.1499999999909,0.0
82126.08004119969,0.0,3.5968365934423265,0.0,0.2999999999999986,318.1499992590828,318.1499999999909,318.1499999999909,0.0
82172.16008239936,0.0,3.5968365934423283,0.0,0.2999999999999986,318.1499992590828,318.1499999999909,318.1499999999909,0.0
82264.32016479873,0.0,3.5968365934423283,0.0,0.2999999999999986,318.1499992590828,318.1499999999909,318.1499999999909,0.0
82440.0,0.0,3.596836593442328,0.0,0.2999999999999986,318.1499992590828,318.1499999999909,318.1499999999909,0.0
82440.36000064375,0.0,3.596836593442328,0.0,0.2999999999999986,318.1499992590828,318.1499999999909,318.1499999999909,0.0
82440.7200012875,0.0,3.596836593442328,0.0,0.2999999999999986,318.1499992590828,318.1499999999909,318.1499999999909,0.0
82441.440002575,0.0,3.596836593442328,0.0,0.2999999999999986,318.1499992590828,318.1499999999909,318.1499999999909,0.0
82442.88000514996,0.0,3.596836593442328,0.0,0.2999999999999986,318.1499992590828,318.1499999999909,318.1499999999909,0.0
82445.76001029993,0.0,3.596836593442328,0.0,0.2999999999999986,318.1499992590828,318.1499999999909,318.1499999999909,0.0
82451.52002059986,0.0,3.596836593442328,0.0,0.2999999999999986,318.1499992590828,318.1499999999909,318.1499999999909,0.0
82463.04004119968,0.0,3.596836593442328,0.0,0.2999999999999986,318.1499992590828,318.1499999999909,318.1499999999909,0.0
82486.08008239936,0.0,3.596836593442328,0.0,0.2999999999999986,318.1499992590828,318.1499999999909,318.1499999999909,0.0
82532.16016479874,0.0,3.596836593442328,0.0,0.2999999999999986,318.1499992590828,318.1499999999909,318.1499999999909,0.0
82624.32032959748,0.0,3.59683659344233,0.0,0.2999999999999986,318.1499992590828,318.1499999999909,318.1499999999909,0.0
82800.0,0.0,3.5968365934423296,0.0,0.2999999999999986,318.1499992590828,318.1499999999909,318.1499999999909,0.0
86400.0,0.0,3.5968365934423296,0.0,0.2999999999999986,319.3926403637595,319.3926409999917,319.3926409999917,0.0
86403.60000069739,0.0,3.5968365934423296,0.0,0.2999999999999986,319.3926403637595,319.3926409999917,319.3926409999917,0.0
86407.20000139478,0.0,3.5968365934423296,0.0,0.2999999999999986,319.3926403637595,319.3926409999917,319.3926409999917,0.0
86414.40000278957,0.0,3.5968365934423296,0.0,0.2999999999999986,319.3926403637595,319.3926409999917,319.3926409999917,0.0
86428.80000557913,0.0,3.5968365934423296,0.0,0.2999999999999986,319.3926403637595,319.3926409999917,319.3926409999917,0.0
86457.60001115824,0.0,3.5968365934423296,0.0,0.2999999999999986,319.3926403637595,319.3926409999917,319.3926409999917,0.0
86515.20002231647,0.0,3.5968365934423296,0.0,0.2999999999999986,319.3926403637595,319.3926409999917,319.3926409999917,0.0
86630.40004463293,0.0,3.5968365934423305,0.0,0.2999999999999986,319.3926403637595,319.3926409999917,319.3926409999917,0.0
86760.0,0.0,3.5968365934423305,0.0,0.2999999999999986,319.3926403637595,319.3926409999917,319.3926409999917,0.0
86763.24000069739,0.0,3.5968365934423305,0.0,0.2999999999999986,319.3926403637595,319.3926409999917,319.3926409999917,0.0
86766.48000139478,0.0,3.5968365934423305,0.0,0.2999999999999986,319.3926403637595,319.3926409999917,319.3926409999917,0.0
86772.96000278956,0.0,3.5968365934423305,0.0,0.2999999999999986,319.3926403637595,319.3926409999917,319.3926409999917,0.0
86785.92000557912,0.0,3.5968365934423305,0.0,0.2999999999999986,319.3926403637595,319.3926409999917,319.3926409999917,0.0
86811.84001115823,0.0,3.5968365934423305,0.0,0.2999999999999986,319.3926403637595,319.3926409999917,319.3926409999917,0.0
86863.68002231646,0.0,3.5968365934423305,0.0,0.2999999999999986,319.3926403637595,319.3926409999917,319.3926409999917,0.0
86967.36004463292,0.0,3.5968365934423305,0.0,0.2999999999999986,319.3926403637595,319.3926409999917,319.3926409999917,0.0
87120.0,0.0,3.5968365934423305,0.0,0.2999999999999986,319.3926403637595,319.3926409999917,319.3926409999917,0.0
87122.88000069739,0.0,3.5968365934423305,0.0,0.2999999999999986,319.3926403637595,319.3926409999917,319.3926409999917,0.0
87125.76000139478,0.0,3.5968365934423305,0.0,0.2999999999999986,319.3926403637595,319.3926409999917,319.3926409999917,0.0
87131.52000278956,0.0,3.5968365934423305,0.0,0.2999999999999986,319.3926403637595,319.3926409999917,319.3926409999917,0.0
87143.04000557913,0.0,3.59683659344233,0.0,0.2999999999999986,319.3926403637595,319.3926409999917,319.3926409999917,0.0
87166.08001115822,0.0,3.59683659344233,0.0,0.2999999999999986,319.3926403637595,319.3926409999917,319.3926409999917,0.0
87212.16002231646,0.0,3.596836593442332,0.0,0.2999999999999986,319.3926403637595,319.3926409999917,319.3926409999917,0.0
87304.32004463291,0.0,3.5968365934423323,0.0,0.2999999999999986,319.3926403637595,319.3926409999917,319.3926409999917,0.0
87480.0,0.0,3.5968365934423323,0.0,0.2999999999999986,319.3926403637595,319.3926409999917,319.3926409999917,0.0
87482.52000069739,0.0,3.5968365934423323,0.0,0.2999999999999986,319.3926403637595,319.3926409999917,319.3926409999917,0.0
87485.04000139478,0.0,3.5968365934423323,0.0,0.2999999999999986,319.3926403637595,319.3926409999917,319.3926409999917,0.0
87490.08000278956,0.0,3.5968365934423323,0.0,0.2999999999999986,319.3926403637595,319.3926409999917,319.3926409999917,0.0
87500.16000557912,0.0,3.5968365934423328,0.0,0.2999999999999986,319.3926403637595,319.3926409999917,319.3926409999917,0.0
87520.32001115824,0.0,3.5968365934423328,0.0,0.2999999999999986,319.3926403637595,319.3926409999917,319.3926409999917,0.0
87560.64002231645,0.0,3.5968365934423328,0.0,0.2999999999999986,319.3926403637595,319.3926409999917,319.3926409999917,0.0
87641.2800446329,0.0,3.5968365934423328,0.0,0.2999999999999986,319.3926403637595,319.3926409999917,319.3926409999917,0.0
87802.56008926583,0.0,3.5968365934423328,0.0,0.2999999999999986,319.3926403637595,319.3926409999917,319.3926409999917,0.0
87840.0,0.0,3.5968365934423328,0.0,0.2999999999999986,319.3926403637595,319.3926409999917,319.3926409999917,0.0
87842.16000069739,0.0,3.5968365934423328,0.0,0.2999999999999986,319.3926403637595,319.3926409999917,319.3926409999917,0.0
87844.32000139478,0.0,3.5968365934423328,0.0,0.2999999999999986,319.3926403637595,319.3926409999917,319.3926409999917,0.0
87848.64000278956,0.0,3.5968365934423328,0.0,0.2999999999999986,319.3926403637595,319.3926409999917,319.3926409999917,0.0
87857.28000557912,0.0,3.5968365934423323,0.0,0.2999999999999986,319.3926403637595,319.3926409999917,319.3926409999917,0.0
87874.56001115823,0.0,3.5968365934423323,0.0,0.2999999999999986,319.3926403637595,319.3926409999917,319.3926409999917,0.0
87909.12002231646,0.0,3.5968365934423328,0.0,0.2999999999999986,319.3926403637595,319.3926409999917,319.3926409999917,0.0
87978.24004463291,0.0,3.5968365934423323,0.0,0.2999999999999986,319.3926403637595,319.3926409999917,319.3926409999917,0.0
88116.48008926582,0.0,3.5968365934423323,0.0,0.2999999999999986,319.3926403637595,319.3926409999917,319.3926409999917,0.0
88200.0,0.0,3.5968365934423323,0.0,0.2999999999999986,319.3926403637595,319.3926409999917,319.3926409999917,0.0
88201.80000069739,0.0,3.5968365934423323,0.0,0.2999999999999986,319.3926403637595,319.3926409999917,319.3926409999917,0.0
88203.60000139478,0.0,3.5968365934423323,0.0,0.2999999999999986,319.3926403637595,319.3926409999917,319.3926409999917,0.0
88207.20000278956,0.0,3.5968365934423323,0.0,0.2999999999999986,319.3926403637595,319.3926409999917,319.3926409999917,0.0
88214.40000557911,0.0,3.5968365934423323,0.0,0.2999999999999986,319.3926403637595,319.3926409999917,319.3926409999917,0.0
88228.80001115822,0.0,3.5968365934423323,0.0,0.2999999999999986,319.3926403637595,319.3926409999917,319.3926409999917,0.0
88257.60002231644,0.0,3.5968365934423323,0.0,0.2999999999999986,319.3926403637595,319.3926409999917,319.3926409999917,0.0
88315.20004463292,0.0,3.5968365934423323,0.0,0.2999999999999986,319.3926403637595,319.3926409999917,319.3926409999917,0.0
88430.40008926582,0.0,3.5968365934423323,0.0,0.2999999999999986,319.3926403637595,319.3926409999917,319.3926409999917,0.0
88560.0,0.0,3.5968365934423323,0.0,0.2999999999999986,319.3926403637595,319.3926409999917,319.3926409999917,0.0
88561.44000069739,0.0,3.5968365934423323,0.0,0.2999999999999986,319.3926403637595,319.3926409999917,319.3926409999917,0.0
88562.88000139478,0.0,3.5968365934423323,0.0,0.2999999999999986,319.3926403637595,319.3926409999917,319.3926409999917,0.0
88565.76000278955,0.0,3.5968365934423323,0.0,0.2999999999999986,319.3926403637595,319.3926409999917,319.3926409999917,0.0
88571.5200055791,0.0,3.5968365934423323,0.0,0.2999999999999986,319.3926403637595,319.3926409999917,319.3926409999917,0.0
88583.04001115823,0.0,3.5968365934423323,0.0,0.2999999999999986,319.3926403637595,319.3926409999917,319.3926409999917,0.0
88606.08002231646,0.0,3.5968365934423323,0.0,0.2999999999999986,319.3926403637595,319.3926409999917,319.3926409999917,0.0
88652.16004463291,0.0,3.5968365934423323,0.0,0.2999999999999986,319.3926403637595,319.3926409999917,319.3926409999917,0.0
88744.32008926582,0.0,3.5968365934423328,0.0,0.2999999999999986,319.3926403637595,319.3926409999917,319.3926409999917,0.0
88920.0,0.0,3.5968365934423328,0.0,0.2999999999999986,319.3926403637595,319.3926409999917,319.3926409999917,0.0
88921.08000069739,0.0,3.5968365934423328,0.0,0.2999999999999986,319.3926403637595,319.3926409999917,319.3926409999917,0.0
88922.16000139478,0.0,3.5968365934423328,0.0,0.2999999999999986,319.3926403637595,319.3926409999917,319.3926409999917,0.0
88924.32000278955,0.0,3.5968365934423328,0.0,0.2999999999999986,319.3926403637595,319.3926409999917,319.3926409999917,0.0
88928.6400055791,0.0,3.5968365934423328,0.0,0.2999999999999986,319.3926403637595,319.3926409999917,319.3926409999917,0.0
88937.28001115823,0.0,3.5968365934423328,0.0,0.2999999999999986,319.3926403637595,319.3926409999917,319.3926409999917,0.0
88954.56002231645,0.0,3.5968365934423328,0.0,0.2999999999999986,319.3926403637595,319.3926409999917,319.3926409999917,0.0
88989.1200446329,0.0,3.5968365934423328,0.0,0.2999999999999986,319.3926403637595,319.3926409999917,319.3926409999917,0.0
89058.24008926582,0.0,3.5968365934423328,0.0,0.2999999999999986,319.3926403637595,319.3926409999917,319.3926409999917,0.0
89196.48017853164,0.0,3.596836593442333,0.0,0.2999999999999986,319.3926403637595,319.3926409999917,319.3926409999917,0.0
89280.0,0.0,3.5968365934423345,0.0,0.2999999999999986,319.3926403637595,319.3926409999917,319.3926409999917,0.0
89280.72000069739,0.0,3.5968365934423345,0.0,0.2999999999999986,319.3926403637595,319.3926409999917,319.3926409999917,0.0
89281.44000139477,0.0,3.5968365934423345,0.0,0.2999999999999986,319.3926403637595,319.3926409999917,319.3926409999917,0.0
89282.88000278955,0.0,3.5968365934423345,0.0,0.2999999999999986,319.3926403637595,319.3926409999917,319.3926409999917,0.0
89285.76000557911,0.0,3.5968365934423345,0.0,0.2999999999999986,319.3926403637595,319.3926409999917,319.3926409999917,0.0
89291.52001115822,0.0,3.5968365934423345,0.0,0.2999999999999986,319.3926403637595,319.3926409999917,319.3926409999917,0.0
89303.04002231645,0.0,3.5968365934423345,0.0,0.2999999999999986,319.3926403637595,319.3926409999917,319.3926409999917,0.0
89326.08004463291,0.0,3.5968365934423328,0.0,0.2999999999999986,319.3926403637595,319.3926409999917,319.3926409999917,0.0
89372.16008926582,0.0,3.5968365934423328,0.0,0.2999999999999986,319.3926403637595,319.3926409999917,319.3926409999917,0.0
89464.32017853163,0.0,3.5968365934423345,0.0,0.2999999999999986,319.3926403637595,319.3926409999917,319.3926409999917,0.0
89640.0,0.0,3.596836593442335,0.0,0.2999999999999986,319.3926403637595,319.3926409999917,319.3926409999917,0.0
89640.36000069739,0.0,3.596836593442335,0.0,0.2999999999999986,319.3926403637595,319.3926409999917,319.3926409999917,0.0
89640.72000139477,0.0,3.596836593442335,0.0,0.2999999999999986,319.3926403637595,319.3926409999917,319.3926409999917,0.0
89641.44000278955,0.0,3.596836593442335,0.0,0.2999999999999986,319.3926403637595,319.3926409999917,319.3926409999917,0.0
89642.8800055791,0.0,3.596836593442335,0.0,0.2999999999999986,319.3926403637595,319.3926409999917,319.3926409999917,0.0
89645.76001115821,0.0,3.596836593442335,0.0,0.2999999999999986,319.3926403637595,319.3926409999917,319.3926409999917,0.0
89651.52002231646,0.0,3.596836593442335,0.0,0.2999999999999986,319.3926403637595,319.3926409999917,319.3926409999917,0.0
89663.04004463291,0.0,3.596836593442335,0.0,0.2999999999999986,319.3926403637595,319.3926409999917,319.3926409999917,0.0
89686.08008926583,0.0,3.596836593442335,0.0,0.2999999999999986,319.3926403637595,319.3926409999917,319.3926409999917,0.0
89732.16017853165,0.0,3.596836593442335,0.0,0.2999999999999986,319.3926403637595,319.3926409999917,319.3926409999917,0.0
89824.32035706329,0.0,3.596836593442335,0.0,0.2999999999999986,319.3926403637595,319.3926409999917,319.3926409999917,0.0
90000.0,0.0,3.5968365934423345,0.0,0.2999999999999986,319.3926403637595,319.3926409999917,319.3926409999917,0.0
93600.0,0.0,3.5968365934423345,0.0,0.2999999999999986,320.3461515122012,320.3461520003989,320.3461520003989,0.0
93603.60000075103,0.0,3.5968365934423345,0.0,0.2999999999999986,320.3461515122012,320.3461520003989,320.3461520003989,0.0
93607.20000150206,0.0,3.5968365934423345,0.0,0.2999999999999986,320.3461515122012,320.3461520003989,320.3461520003989,0.0
93614.40000300414,0.0,3.5968365934423345,0.0,0.2999999999999986,320.3461515122012,320.3461520003989,320.3461520003989,0.0
93628.80000600827,0.0,3.5968365934423345,0.0,0.2999999999999986,320.3461515122012,320.3461520003989,320.3461520003989,0.0
93657.60001201654,0.0,3.596836593442335,0.0,0.2999999999999986,320.3461515122012,320.3461520003989,320.3461520003989,0.0
93715.20002403308,0.0,3.5968365934423345,0.0,0.2999999999999986,320.3461515122012,320.3461520003989,320.3461520003989,0.0
93830.40004806613,0.0,3.596836593442335,0.0,0.2999999999999986,320.3461515122012,320.3461520003989,320.3461520003989,0.0
93960.0,0.0,3.596836593442335,0.0,0.2999999999999986,320.3461515122012,320.3461520003989,320.3461520003989,0.0
93963.24000075104,0.0,3.596836593442335,0.0,0.2999999999999986,320.3461515122012,320.3461520003989,320.3461520003989,0.0
93966.48000150207,0.0,3.5968365934423345,0.0,0.2999999999999986,320.3461515122012,320.3461520003989,320.3461520003989,0.0
93972.96000300415,0.0,3.5968365934423345,0.0,0.2999999999999986,320.3461515122012,320.3461520003989,320.3461520003989,0.0
93985.92000600827,0.0,3.596836593442335,0.0,0.2999999999999986,320.3461515122012,320.3461520003989,320.3461520003989,0.0
94011.84001201653,0.0,3.596836593442335,0.0,0.2999999999999986,320.3461515122012,320.3461520003989,320.3461520003989,0.0
94063.68002403306,0.0,3.5968365934423345,0.0,0.2999999999999986,320.3461515122012,320.3461520003989,320.3461520003989,0.0
94167.36004806614,0.0,3.596836593442335,0.0,0.2999999999999986,320.3461515122012,320.3461520003989,320.3461520003989,0.0
94320.0,0.0,3.596836593442335,0.0,0.2999999999999986,320.3461515122012,320.3461520003989,320.3461520003989,0.0
94322.88000075103,0.0,3.596836593442335,0.0,0.2999999999999986,320.3461515122012,320.3461520003989,320.3461520003989,0.0
94325.76000150207,0.0,3.596836593442335,0.0,0.2999999999999986,320.3461515122012,320.3461520003989,320.3461520003989,0.0
94331.52000300415,0.0,3.596836593442335,0.0,0.2999999999999986,320.3461515122012,320.3461520003989,320.3461520003989,0.0
94343.04000600826,0.0,3.596836593442335,0.0,0.2999999999999986,320.3461515122012,320.3461520003989,320.3461520003989,0.0
94366.08001201654,0.0,3.596836593442335,0.0,0.2999999999999986,320.3461515122012,320.3461520003989,320.3461520003989,0.0
94412.16002403307,0.0,3.5968365934423345,0.0,0.2999999999999986,320.3461515122012,320.3461520003989,320.3461520003989,0.0
94504.32004806615,0.0,3.596836593442335,0.0,0.2999999999999986,320.3461515122012,320.3461520003989,320.3461520003989,0.0
94680.0,0.0,3.5968365934423345,0.0,0.2999999999999986,320.3461515122012,320.3461520003989,320.3461520003989,0.0
94682.52000075104,0.0,3.5968365934423345,0.0,0.2999999999999986,320.3461515122012,320.3461520003989,320.3461520003989,0.0
94685.04000150207,0.0,3.5968365934423345,0.0,0.2999999999999986,320.3461515122012,320.3461520003989,320.3461520003989,0.0
94690.08000300414,0.0,3.5968365934423345,0.0,0.2999999999999986,320.3461515122012,320.3461520003989,320.3461520003989,0.0
94700.16000600827,0.0,3.5968365934423345,0.0,0.2999999999999986,320.3461515122012,320.3461520003989,320.3461520003989,0.0
94720.32001201654,0.0,3.5968365934423345,0.0,0.2999999999999986,320.3461515122012,320.3461520003989,320.3461520003989,0.0
94760.64002403308,0.0,3.5968365934423345,0.0,0.2999999999999986,320.3461515122012,320.3461520003989,320.3461520003989,0.0
94841.28004806614,0.0,3.5968365934423345,0.0,0.2999999999999986,320.3461515122012,320.3461520003989,320.3461520003989,0.0
95002.56009613228,0.0,3.5968365934423345,0.0,0.2999999999999986,320.3461515122012,320.3461520003989,320.3461520003989,0.0
95040.0,0.0,3.5968365934423345,0.0,0.2999999999999986,320.3461515122012,320.3461520003989,320.3461520003989,0.0
95042.16000075103,0.0,3.5968365934423345,0.0,0.2999999999999986,320.3461515122012,320.3461520003989,320.3461520003989,0.0
95044.32000150207,0.0,3.5968365934423345,0.0,0.2999999999999986,320.3461515122012,320.3461520003989,320.3461520003989,0.0
95048.64000300414,0.0,3.5968365934423345,0.0,0.2999999999999986,320.3461515122012,320.3461520003989,320.3461520003989,0.0
95057.28000600828,0.0,3.5968365934423345,0.0,0.2999999999999986,320.3461515122012,320.3461520003989,320.3461520003989,0.0
95074.56001201653,0.0,3.5968365934423345,0.0,0.2999999999999986,320.3461515122012,320.3461520003989,320.3461520003989,0.0
95109.12002403307,0.0,3.5968365934423345,0.0,0.2999999999999986,320.3461515122012,320.3461520003989,320.3461520003989,0.0
95178.24004806615,0.0,3.5968365934423345,0.0,0.2999999999999986,320.3461515122012,320.3461520003989,320.3461520003989,0.0
95316.48009613229,0.0,3.5968365934423345,0.0,0.2999999999999986,320.3461515122012,320.3461520003989,320.3461520003989,0.0
95400.0,0.0,3.596836593442335,0.0,0.2999999999999986,320.3461515122012,320.3461520003989,320.3461520003989,0.0
95401.80000075104,0.0,3.596836593442335,0.0,0.2999999999999986,320.3461515122012,320.3461520003989,320.3461520003989,0.0
95403.60000150207,0.0,3.596836593442335,0.0,0.2999999999999986,320.3461515122012,320.3461520003989,320.3461520003989,0.0
95407.20000300414,0.0,3.596836593442335,0.0,0.2999999999999986,320.3461515122012,320.3461520003989,320.3461520003989,0.0
95414.40000600828,0.0,3.596836593442335,0.0,0.2999999999999986,320.3461515122012,320.3461520003989,320.3461520003989,0.0
95428.80001201654,0.0,3.596836593442335,0.0,0.2999999999999986,320.3461515122012,320.3461520003989,320.3461520003989,0.0
95457.60002403308,0.0,3.596836593442335,0.0,0.2999999999999986,320.3461515122012,320.3461520003989,320.3461520003989,0.0
95515.20004806615,0.0,3.596836593442335,0.0,0.2999999999999986,320.3461515122012,320.3461520003989,320.3461520003989,0.0
95630.40009613227,0.0,3.596836593442335,0.0,0.2999999999999986,320.3461515122012,320.3461520003989,320.3461520003989,0.0
95760.0,0.0,3.596836593442335,0.0,0.2999999999999986,320.3461515122012,320.3461520003989,320.3461520003989,0.0
95761.44000075103,0.0,3.596836593442335,0.0,0.2999999999999986,320.3461515122012,320.3461520003989,320.3461520003989,0.0
95762.88000150207,0.0,3.596836593442335,0.0,0.2999999999999986,320.3461515122012,320.3461520003989,320.3461520003989,0.0
95765.76000300414,0.0,3.596836593442335,0.0,0.2999999999999986,320.3461515122012,320.3461520003989,320.3461520003989,0.0
95771.52000600827,0.0,3.596836593442335,0.0,0.2999999999999986,320.3461515122012,320.3461520003989,320.3461520003989,0.0
95783.04001201654,0.0,3.596836593442335,0.0,0.2999999999999986,320.3461515122012,320.3461520003989,320.3461520003989,0.0
95806.08002403307,0.0,3.596836593442335,0.0,0.2999999999999986,320.3461515122012,320.3461520003989,320.3461520003989,0.0
95852.16004806614,0.0,3.596836593442335,0.0,0.2999999999999986,320.3461515122012,320.3461520003989,320.3461520003989,0.0
95944.32009613229,0.0,3.596836593442335,0.0,0.2999999999999986,320.3461515122012,320.3461520003989,320.3461520003989,0.0
96120.0,0.0,3.596836593442335,0.0,0.2999999999999986,320.3461515122012,320.3461520003989,320.3461520003989,0.0
96121.08000075104,0.0,3.596836593442335,0.0,0.2999999999999986,320.3461515122012,320.3461520003989,320.3461520003989,0.0
96122.16000150207,0.0,3.596836593442335,0.0,0.2999999999999986,320.3461515122012,320.3461520003989,320.3461520003989,0.0
96124.32000300413,0.0,3.596836593442335,0.0,0.2999999999999986,320.3461515122012,320.3461520003989,320.3461520003989,0.0
96128.64000600827,0.0,3.596836593442335,0.0,0.2999999999999986,320.3461515122012,320.3461520003989,320.3461520003989,0.0
96137.28001201653,0.0,3.596836593442335,0.0,0.2999999999999986,320.3461515122012,320.3461520003989,320.3461520003989,0.0
96154.56002403307,0.0,3.596836593442335,0.0,0.2999999999999986,320.3461515122012,320.3461520003989,320.3461520003989,0.0
96189.12004806614,0.0,3.596836593442335,0.0,0.2999999999999986,320.3461515122012,320.3461520003989,320.3461520003989,0.0
96258.24009613227,0.0,3.596836593442335,0.0,0.2999999999999986,320.3461515122012,320.3461520003989,320.3461520003989,0.0
96396.48019226456,0.0,3.5968365934423354,0.0,0.2999999999999986,320.3461515122012,320.3461520003989,320.3461520003989,0.0
96480.0,0.0,3.596836593442336,0.0,0.2999999999999986,320.3461515122012,320.3461520003989,320.3461520003989,0.0
96480.72000075103,0.0,3.596836593442336,0.0,0.2999999999999986,320.3461515122012,320.3461520003989,320.3461520003989,0.0
96481.44000150207,0.0,3.596836593442336,0.0,0.2999999999999986,320.3461515122012,320.3461520003989,320.3461520003989,0.0
96482.88000300413,0.0,3.596836593442336,0.0,0.2999999999999986,320.3461515122012,320.3461520003989,320.3461520003989,0.0
96485.76000600826,0.0,3.596836593442336,0.0,0.2999999999999986,320.3461515122012,320.3461520003989,320.3461520003989,0.0
96491.52001201652,0.0,3.596836593442336,0.0,0.2999999999999986,320.3461515122012,320.3461520003989,320.3461520003989,0.0
96503.04002403306,0.0,3.596836593442336,0.0,0.2999999999999986,320.3461515122012,320.3461520003989,320.3461520003989,0.0
96526.08004806613,0.0,3.596836593442336,0.0,0.2999999999999986,320.3461515122012,320.3461520003989,320.3461520003989,0.0
96572.16009613228,0.0,3.596836593442336,0.0,0.2999999999999986,320.3461515122012,320.3461520003989,320.3461520003989,0.0
96664.32019226455,0.0,3.596836593442336,0.0,0.2999999999999986,320.3461515122012,320.3461520003989,320.3461520003989,0.0
96840.0,0.0,3.596836593442336,0.0,0.2999999999999986,320.3461515122012,320.3461520003989,320.3461520003989,0.0
96840.36000075104,0.0,3.596836593442336,0.0,0.2999999999999986,320.3461515122012,320.3461520003989,320.3461520003989,0.0
96840.72000150206,0.0,3.596836593442336,0.0,0.2999999999999986,320.3461515122012,320.3461520003989,320.3461520003989,0.0
96841.44000300413,0.0,3.596836593442336,0.0,0.2999999999999986,320.3461515122012,320.3461520003989,320.3461520003989,0.0
96842.88000600826,0.0,3.596836593442336,0.0,0.2999999999999986,320.3461515122012,320.3461520003989,320.3461520003989,0.0
96845.76001201653,0.0,3.596836593442336,0.0,0.2999999999999986,320.3461515122012,320.3461520003989,320.3461520003989,0.0
96851.52002403306,0.0,3.596836593442336,0.0,0.2999999999999986,320.3461515122012,320.3461520003989,320.3461520003989,0.0
96863.04004806613,0.0,3.596836593442336,0.0,0.2999999999999986,320.3461515122012,320.3461520003989,320.3461520003989,0.0
96886.08009613227,0.0,3.596836593442336,0.0,0.2999999999999986,320.3461515122012,320.3461520003989,320.3461520003989,0.0
96932.16019226456,0.0,3.5968365934423354,0.0,0.2999999999999986,320.3461515122012,320.3461520003989,320.3461520003989,0.0
97024.32038452911,0.0,3.5968365934423354,0.0,0.2999999999999986,320.3461515122012,320.3461520003989,320.3461520003989,0.0
97200.0,0.0,3.5968365934423354,0.0,0.2999999999999986,320.3461515122012,320.3461520003989,320.3461520003989,0.0
100800.0,-2.5,3.6244795866390813,0.06910748303074313,0.2999999999999987,321.11717879598706,320.9455549999999,321.0245639254131,6.605997299446026
100800.00115473056,-2.5,3.624481197909707,0.06910740174384936,0.30000016037924343,321.11717879598706,320.9455549999999,321.0245639254131,6.605997299446026
100800.00230946112,-2.5,3.624482808641318,0.06910732050083211,0.30000032075848826,321.11717879598706,320.9455549999999,321.0245639254131,6.605997299446026
100800.00461892225,-2.5,3.6244860287900336,0.06910715812173368,0.3000006415169779,321.11717879598706,320.9455549999999,321.0245639254131,6.605997299446026
100800.0092378445,-2.5,3.6244924625274644,0.06910683389740083,0.30000128303395723,321.11717879598706,320.9455549999999,321.0245639254131,6.605997299446026
100800.01847568901,-2.5,3.624505305149202,0.069106187469741,0.30000256606791587,321.11717879598706,320.9455549999999,321.0245639254131,6.605997299446026
100800.03695137802,-2.5,3.624530888847031,0.069104902864332,0.30000513213583324,321.11717879598706,320.9455549999999,321.0245639254131,6.605997299446026
100800.07390275602,-2.5,3.624581658379721,0.0691023659082911,0.3000102642716679,321.11717879598706,320.9455549999999,321.0245639254131,6.605997299446026
100800.14780551204,-2.5,3.6246816635498575,0.06909741582051884,0.3000205285433371,321.11717879598706,320.9455549999999,321.0245639254131,6.605997299446026
100800.29561102408,-2.5,3.6248759763167713,0.06908797163633917,0.30004105708667556,321.11717879598706,320.9455549999999,321.0245639254131,6.605997299446026
100800.44341653612,-2.5,3.625063220186887,0.06907908836716503,0.30006158563001406,321.11717879598706,320.9455549999999,321.0245639254131,6.605997299446026
100800.59122204816,-2.5,3.625244063176777,0.06907070635662312,0.3000821141733525,321.11717879598706,320.9455549999999,321.0245639254131,6.605997299446026
100800.7390275602,-2.5,3.625419112990782,0.06906277141470699,0.30010264271669096,321.11717879598706,320.9455549999999,321.0245639254131,6.605997299446026
100801.03463858427,-2.5,3.625753700526872,0.0690480771271312,0.3001436998033679,321.11717879598706,320.9455549999999,321.0245639254131,6.605997299446026
100801.33024960835,-2.5,3.626070672904156,0.06903467815259774,0.30018475689004487,321.11717879598706,320.9455549999999,321.0245639254131,6.605997299446026
100801.65987843493,-2.5,3.6264067899629677,0.06902096285933026,0.30023053867151395,321.11717879598706,320.9455549999999,321.0245639254131,6.605997299446026
100801.9895072615,-2.5,3.626727489318218,0.06900829168455401,0.30027632045298297,321.11717879598706,320.9455549999999,321.0245639254131,6.605997299446026
100802.31913608807,-2.5,3.6270349688587604,0.06899647682983666,0.30032210223445205,321.11717879598706,320.9455549999999,321.0245639254131,6.605997299446026
100802.64876491466,-2.5,3.6273308999291407,0.06898537832106845,0.30036788401592107,321.11717879598706,320.9455549999999,321.0245639254131,6.605997299446026
100802.97839374124,-2.5,3.627616603289962,0.06897488786211986,0.30041366579739015,321.11717879598706,320.9455549999999,321.0245639254131,6.605997299446026
100803.30802256781,-2.5,3.6278931761344198,0.06896491719295691,0.30045944757885923,321.11717879598706,320.9455549999999,321.0245639254131,6.605997299446026
100803.63765139438,-2.5,3.6281614896199113,0.06895539827799795,0.30050522936032825,321.11717879598706,320.9455549999999,321.0245639254131,6.605997299446026
100804.29690904755,-2.5,3.6286762085477555,0.06893749746142823,0.30059679292326635,321.11717879598706,320.9455549999999,321.0245639254131,6.605997299446026
100804.9561667007,-2.5,3.6291652891221697,0.06892085559673315,0.3006883564862045,321.11717879598706,320.9455549999999,321.0245639254131,6.605997299446026
100805.8057807369,-2.5,3.6297629318879405,0.06890091662457755,0.30080635843567693,321.11717879598706,320.9455549999999,321.0245639254131,6.605997299446026
100806.57043336949,-2.5,3.630273908302624,0.06888412418714498,0.3009125601902022,321.11717879598706,320.9455549999999,321.0245639254131,6.605997299446026
100807.33508600207,-2.5,3.6307626176278607,0.06886823034201413,0.30101876194472743,321.11717879598706,320.9455549999999,321.0245639254131,6.605997299446026
100808.09973863466,-2.5,3.6312316381516143,0.06885309103917217,0.3011249636992527,321.11717879598706,320.9455549999999,321.0245639254131,6.605997299446026
100808.86439126724,-2.5,3.6316829501747345,0.06883860568345158,0.3012311654537779,321.11717879598706,320.9455549999999,321.0245639254131,6.605997299446026
100809.62904389983,-2.5,3.6321182497318034,0.06882469317072527,0.3013373672083032,321.11717879598706,320.9455549999999,321.0245639254131,6.605997299446026
100810.39369653241,-2.5,3.632538954357786,0.06881128956725664,0.3014435689628284,321.11717879598706,320.9455549999999,321.0245639254131,6.605997299446026
100811.92300179758,-2.5,3.6333415874917145,0.06878579055109431,0.3016559724718789,321.11717879598706,320.9455549999999,321.0245639254131,6.605997299446026
100813.29937653622,-2.5,3.6340250676567685,0.068764120590414,0.3018471356300244,321.11717879598706,320.9455549999999,321.0245639254131,6.605997299446026
100814.67575127486,-2.5,3.6346765441657123,0.06874347855242009,0.30203829878816985,321.11717879598706,320.9455549999999,321.0245639254131,6.605997299446026
100816.05212601351,-2.5,3.6352999399825934,0.06872371928605746,0.3022294619463153,321.11717879598706,320.9455549999999,321.0245639254131,6.605997299446026
100817.42850075217,-2.5,3.6358985543258258,0.06870472483949662,0.3024206251044607,321.11717879598706,320.9455549999999,321.0245639254131,6.605997299446026
100818.80487549081,-2.5,3.636475118977181,0.06868640231957561,0.30261178826260615,321.11717879598706,320.9455549999999,321.0245639254131,6.605997299446026
100821.5576249681,-2.5,3.6375710414801183,0.06865148059403393,0.3029941145788971,321.11717879598706,320.9455549999999,321.0245639254131,6.605997299446026
100824.03509949768,-2.5,3.6385015567770322,0.0686217241472548,0.3033382082635589,321.11717879598706,320.9455549999999,321.0245639254131,6.605997299446026
100826.51257402723,-2.5,3.6393874735089384,0.06859329862952482,0.30368230194822077,321.11717879598706,320.9455549999999,321.0245639254131,6.605997299446026
100828.99004855679,-2.5,3.640235074821485,0.06856601173221115,0.3040263956328826,321.11717879598706,320.9455549999999,321.0245639254131,6.605997299446026
100831.46752308636,-2.5,3.641049425814987,0.06853971012175576,0.3043704893175444,321.11717879598706,320.9455549999999,321.0245639254131,6.605997299446026
100833.94499761594,-2.5,3.6418346179045535,0.06851427229884832,0.3047145830022063,321.11717879598706,320.9455549999999,321.0245639254131,6.605997299446026
100836.4224721455,-2.5,3.642593989544222,0.06848960041525845,0.3050586766868681,321.11717879598706,320.9455549999999,321.0245639254131,6.605997299446026
100838.89994667505,-2.5,3.643330284633918,0.06846561424285284,0.30540277037152996,321.11717879598706,320.9455549999999,321.0245639254131,6.605997299446026
100843.8548957342,-2.5,3.6447425723650606,0.0684194373748025,0.30609095774085354,321.11717879598706,320.9455549999999,321.0245639254131,6.605997299446026
100848.80984479332,-2.5,3.6460864409099463,0.06837530058059617,0.3067791451101771,321.11717879598706,320.9455549999999,321.0245639254131,6.605997299446026
100853.76479385246,-2.5,3.6473729678936277,0.06833287814186073,0.3074673324795007,321.11717879598706,320.9455549999999,321.0245639254131,6.605997299446026
100858.71974291158,-2.5,3.6486101729872553,0.06829193666144001,0.3081555198488243,321.11717879598706,320.9455549999999,321.0245639254131,6.605997299446026
100863.67469197072,-2.5,3.649804322839128,0.06825229010921195,0.3088437072181479,321.11717879598706,320.9455549999999,321.0245639254131,6.605997299446026
100868.62964102984,-2.5,3.650961058876428,0.06821376771042617,0.3095318945874715,321.11717879598706,320.9455549999999,321.0245639254131,6.605997299446026
100873.58459008898,-2.5,3.652085229887152,0.06817622697391168,0.31022008195679507,321.11717879598706,320.9455549999999,321.0245639254131,6.605997299446026
100878.5395391481,-2.5,3.6531800808048254,0.06813957606530593,0.31090826932611865,321.11717879598706,320.9455549999999,321.0245639254131,6.605997299446026
100883.49448820725,-2.5,3.6542477128083997,0.06810374971572822,0.3115964566954422,321.11717879598706,320.9455549999999,321.0245639254131,6.605997299446026
100888.44943726636,-2.5,3.655291161208493,0.06806865285402687,0.31228464406476586,321.11717879598706,320.9455549999999,321.0245639254131,6.605997299446026
100893.4043863255,-2.5,3.6563129819773073,0.06803421081437044,0.31297283143408944,321.11717879598706,320.9455549999999,321.0245639254131,6.605997299446026
100898.35933538462,-2.5,3.6573149807589367,0.0680003725033902,0.313661018803413,321.11717879598706,320.9455549999999,321.0245639254131,6.605997299446026
100903.31428444377,-2.5,3.6582985934803665,0.0679670952161509,0.3143492061727366,321.11717879598706,320.9455549999999,321.0245639254131,6.605997299446026
100908.26923350288,-2.5,3.6592651733510637,0.06793433728785002,0.3150373935420602,321.11717879598706,320.9455549999999,321.0245639254131,6.605997299446026
100913.22418256203,-2.5,3.6602160085405284,0.06790205970143662,0.3157255809113838,321.11717879598706,320.9455549999999,321.0245639254131,6.605997299446026
100923.13408068029,-2.5,3.6620748497463462,0.06783881569770427,0.3171019556500311,321.11717879598706,320.9455549999999,321.0245639254131,6.605997299446026
100933.04397879855,-2.5,3.6638828461626325,0.06777713615361848,0.31847833038867834,321.11717879598706,320.9455549999999,321.0245639254131,6.605997299446026
100942.95387691681,-2.5,3.6656460357284235,0.06771684480834056,0.3198547051273256,321.11717879598706,320.9455549999999,321.0245639254131,6.605997299446026
100952.86377503508,-2.5,3.6673693406328876,0.0676577992934847,0.3212310798659729,321.11717879598706,320.9455549999999,321.0245639254131,6.605997299446026
100962.77367315334,-2.5,3.669056946040423,0.06759988128005535,0.32260745460462015,321.11717879598706,320.9455549999999,321.0245639254131,6.605997299446026
100972.6835712716,-2.5,3.670712433961315,0.06754299242982148,0.3239838293432674,321.11717879598706,320.9455549999999,321.0245639254131,6.605997299446026
100982.59346938986,-2.5,3.672338841544966,0.06748705179167133,0.3253602040819147,321.11717879598706,320.9455549999999,321.0245639254131,6.605997299446026
100992.50336750812,-2.5,3.673938764781191,0.06743199228823601,0.32673657882056195,321.11717879598706,320.9455549999999,321.0245639254131,6.605997299446026
101012.32316374464,-2.5,3.6770678936478607,0.06732430116595638,0.3294893282978564,321.11717879598706,320.9455549999999,321.0245639254131,6.605997299446026
101030.0218040177,-2.5,3.679792361916951,0.06723064074231604,0.3319474727802257,321.11717879598706,320.9455549999999,321.0245639254131,6.605997299446026
101047.72044429075,-2.5,3.682460081603621,0.06713914855319564,0.334405617262595,321.11717879598706,320.9455549999999,321.0245639254131,6.605997299446026
101065.41908456382,-2.5,3.685078285379918,0.06704968266379661,0.33686376174496424,321.11717879598706,320.9455549999999,321.0245639254131,6.605997299446026
101083.11772483689,-2.5,3.6876530431237438,0.0669621341320022,0.33932190622733355,321.11717879598706,320.9455549999999,321.0245639254131,6.605997299446026
101100.81636510995,-2.5,3.690189615583106,0.06687641653731614,0.34178005070970285,321.11717879598706,320.9455549999999,321.0245639254131,6.605997299446026
101118.515005383,-2.5,3.6926926870590235,0.06679245920780404,0.34423819519207216,321.11717879598706,320.9455549999999,321.0245639254131,6.605997299446026
101136.21364565607,-2.5,3.695166458497204,0.06671020324804902,0.34669633967444147,321.11717879598706,320.9455549999999,321.0245639254131,6.605997299446026
101153.91228592914,-2.5,3.6976146941593835,0.06662959922727128,0.3491544841568107,321.11717879598706,320.9455549999999,321.0245639254131,6.605997299446026
101160.0,-2.5,3.6984515222812786,0.06660224831746818,0.349999999999987,321.11717879598706,320.9455549999999,321.0245639254131,6.605997299446026
101160.00200175779,-2.5,3.6984517970309367,0.0666022393551115,0.35000027802190314,321.11717879598706,320.9455549999999,321.0245639254131,6.605997299446026
101160.0040035156,-2.5,3.6984520717803266,0.06660223039277519,0.3500005560438193,321.11717879598706,320.9455549999999,321.0245639254131,6.605997299446026
101160.0080070312,-2.5,3.698452621278497,0.06660221246816288,0.3500011120876516,321.11717879598706,320.9455549999999,321.0245639254131,6.605997299446026
101160.01601406238,-2.5,3.698453720271552,0.06660217661918363,0.35000222417531623,321.11717879598706,320.9455549999999,321.0245639254131,6.605997299446026
101160.03202812476,-2.5,3.6984559182452976,0.06660210492220263,0.3500044483506456,321.11717879598706,320.9455549999999,321.0245639254131,6.605997299446026
101160.06405624948,-2.5,3.6984603141412786,0.06660196153216057,0.35000889670130425,321.11717879598706,320.9455549999999,321.0245639254131,6.605997299446026
101160.12811249896,-2.5,3.698469105727545,0.06660167476775414,0.3500177934026215,321.11717879598706,320.9455549999999,321.0245639254131,6.605997299446026
101160.25622499794,-2.5,3.6984866880760974,0.06660110130165389,0.350035586805256,321.11717879598706,320.9455549999999,321.0245639254131,6.605997299446026
101160.51244999588,-2.5,3.6985218494819283,0.06659995462025152,0.350071173610525,321.11717879598706,320.9455549999999,321.0245639254131,6.605997299446026
101161.02489999175,-2.5,3.698592159165295,0.06659766226022161,0.350142347221063,321.11717879598706,320.9455549999999,321.0245639254131,6.605997299446026
101162.0497999835,-2.5,3.6987327263245255,0.06659308154788073,0.3502846944421391,321.11717879598706,320.9455549999999,321.0245639254131,6.605997299446026
101164.099599967,-2.5,3.6990136542444048,0.06658393612725315,0.35056938888429123,321.11717879598706,320.9455549999999,321.0245639254131,6.605997299446026
101168.199199934,-2.5,3.6995747036935023,0.06656570909092153,0.35113877776859553,321.11717879598706,320.9455549999999,321.0245639254131,6.605997299446026
101176.39839986796,-2.5,3.700693726655077,0.06652950860073062,0.3522775555372041,321.11717879598706,320.9455549999999,321.0245639254131,6.605997299446026
101184.59759980196,-2.5,3.7018088579048065,0.06649364361156847,0.35341633330581257,321.11717879598706,320.9455549999999,321.0245639254131,6.605997299446026
101200.99599966992,-2.5,3.704028788604656,0.06642290618061503,0.35569388884302966,321.11717879598706,320.9455549999999,321.0245639254131,6.605997299446026
101217.39439953788,-2.5,3.7062364304369293,0.06635347391463775,0.35797144438024675,321.11717879598706,320.9455549999999,321.0245639254131,6.605997299446026
101233.79279940584,-2.5,3.7084337197451904,0.06628532500013846,0.3602489999174638,321.11717879598706,320.9455549999999,321.0245639254131,6.605997299446026
101250.1911992738,-2.5,3.710622502549671,0.06621843905930047,0.3625265554546809,321.11717879598706,320.9455549999999,321.0245639254131,6.605997299446026
101282.98799900973,-2.5,3.714980843848958,0.06608838353734416,0.367081666529115,321.11717879598706,320.9455549999999,321.0245639254131,6.605997299446026
101312.50511877205,-2.5,3.7188901164263464,0.0659754753253595,0.3711812664961057,321.11717879598706,320.9455549999999,321.0245639254131,6.605997299446026
101342.02223853438,-2.5,3.7227953453629206,0.06586639591792257,0.3752808664630965,321.11717879598706,320.9455549999999,321.0245639254131,6.605997299446026
101371.53935829672,-2.5,3.7267031381695563,0.06576106418123509,0.3793804664300872,321.11717879598706,320.9455549999999,321.0245639254131,6.605997299446026
101401.05647805906,-2.5,3.73061869646574,0.06565940657417069,0.383480066397078,321.11717879598706,320.9455549999999,321.0245639254131,6.605997299446026
101430.57359782139,-2.5,3.7345461406617537,0.06556135481328355,0.3875796663640687,321.11717879598706,320.9455549999999,321.0245639254131,6.605997299446026
101460.09071758372,-2.5,3.7384886509646575,0.06546684496771703,0.39167926633105943,321.11717879598706,320.9455549999999,321.0245639254131,6.605997299446026
101489.60783734606,-2.5,3.7424484003960363,0.06537581741134062,0.3957788662980502,321.11717879598706,320.9455549999999,321.0245639254131,6.605997299446026
101520.0,-2.5,3.746544749603709,0.06528567138540413,0.39999999999998603,321.11717879598706,320.9455549999999,321.0245639254131,6.605997299446026
101520.00216540726,-2.5,3.74654504216718,0.06528566509066684,0.4000003007509948,321.11717879598706,320.9455549999999,321.0245639254131,6.605997299446026
101520.00433081453,-2.5,3.746545334730753,0.06528565879594772,0.4000006015020036,321.11717879598706,320.9455549999999,321.0245639254131,6.605997299446026
101520.00866162905,-2.5,3.746545919858279,0.06528564620656373,0.4000012030040212,321.11717879598706,320.9455549999999,321.0245639254131,6.605997299446026
101520.0173232581,-2.5,3.746547090114495,0.06528562102801369,0.40000240600805637,321.11717879598706,320.9455549999999,321.0245639254131,6.605997299446026
101520.0346465162,-2.5,3.7465494306319354,0.06528557067178452,0.4000048120161267,321.11717879598706,320.9455549999999,321.0245639254131,6.605997299446026
101520.06929303243,-2.5,3.7465541116860184,0.06528546996281152,0.40000962403226736,321.11717879598706,320.9455549999999,321.0245639254131,6.605997299446026
101520.13858606484,-2.5,3.74656347387108,0.06528526855880659,0.40001924806454864,321.11717879598706,320.9455549999999,321.0245639254131,6.605997299446026
101520.27717212969,-2.5,3.7465821985480927,0.06528486580656001,0.40003849612911124,321.11717879598706,320.9455549999999,321.0245639254131,6.605997299446026
101520.5543442594,-2.5,3.746619649129648,0.06528406052510176,0.40007699225823645,321.11717879598706,320.9455549999999,321.0245639254131,6.605997299446026
101521.10868851881,-2.5,3.7466945552022817,0.06528245085417829,0.40015398451648687,321.11717879598706,320.9455549999999,321.0245639254131,6.605997299446026
101522.21737703761,-2.5,3.7468443869855554,0.0652792350791235,0.40030796903298765,321.11717879598706,320.9455549999999,321.0245639254131,6.605997299446026
101524.43475407522,-2.5,3.747144129097036,0.06527281778676323,0.4006159380659892,321.11717879598706,320.9455549999999,321.0245639254131,6.605997299446026
101528.86950815044,-2.5,3.7477439273322037,0.06526004015807034,0.4012318761319924,321.11717879598706,320.9455549999999,321.0245639254131,6.605997299446026
101537.73901630088,-2.5,3.7489447766871873,0.06523471213124335,0.4024637522639988,321.11717879598706,320.9455549999999,321.0245639254131,6.605997299446026
101555.47803260178,-2.5,3.75135143302538,0.06518496034786037,0.4049275045280116,321.11717879598706,320.9455549999999,321.0245639254131,6.605997299446026
101573.21704890268,-2.5,3.753764377478094,0.06513640593845674,0.40739125679202437,321.11717879598706,320.9455549999999,321.0245639254131,6.605997299446026
101590.95606520356,-2.5,3.756183193759423,0.06508903909691768,0.40985500905603717,321.11717879598706,320.9455549999999,321.0245639254131,6.605997299446026
101608.69508150444,-2.5,3.758607373856488,0.06504285034561749,0.41231876132004996,321.11717879598706,320.9455549999999,321.0245639254131,6.605997299446026
101644.17311410623,-2.5,3.7634691494231123,0.0649539711796516,0.41724626584807545,321.11717879598706,320.9455549999999,321.0245639254131,6.605997299446026
101679.65114670803,-2.5,3.768343785512047,0.0648696992060132,0.422173770376101,321.11717879598706,320.9455549999999,321.0245639254131,6.605997299446026
101715.1291793098,-2.5,3.7732242380250134,0.06478996995673482,0.4271012749041265,321.11717879598706,320.9455549999999,321.0245639254131,6.605997299446026
101750.60721191159,-2.5,3.7781023109463905,0.06471472390158235,0.43202877943215207,321.11717879598706,320.9455549999999,321.0245639254131,6.605997299446026
101786.08524451338,-2.5,3.78296892014847,0.06464390613139283,0.4369562839601776,321.11717879598706,320.9455549999999,321.0245639254131,6.605997299446026
101857.04130971694,-2.5,3.79262973131293,0.06451535590069374,0.4468112930162287,321.11717879598706,320.9455549999999,321.0245639254131,6.605997299446026
101880.0,-2.5,3.7957249403825872,0.06447745058490484,0.44999999999998647,321.11717879598706,320.9455549999999,321.0245639254131,6.605997299446026
101880.00229579692,-2.5,3.795725248965877,0.0644774468839019,0.4500003188606701,321.11717879598706,320.9455549999999,321.0245639254131,6.605997299446026
101880.00459159384,-2.5,3.7957255575489723,0.0644774431829168,0.45000063772135374,321.11717879598706,320.9455549999999,321.0245639254131,6.605997299446026
101880.00918318768,-2.5,3.795726174714623,0.06447743578100008,0.45000127544272095,321.11717879598706,320.9455549999999,321.0245639254131,6.605997299446026
101880.01836637537,-2.5,3.795727409043609,0.06447742097738077,0.4500025508854554,321.11717879598706,320.9455549999999,321.0245639254131,6.605997299446026
101880.03673275074,-2.5,3.795729877692473,0.06447739137099837,0.4500051017709243,321.11717879598706,320.9455549999999,321.0245639254131,6.605997299446026
101880.07346550151,-2.5,3.795734814953377,0.06447733216165907,0.45001020354186216,321.11717879598706,320.9455549999999,321.0245639254131,6.605997299446026
101880.14693100301,-2.5,3.7957446893279605,0.0644772137566821,0.4500204070837378,321.11717879598706,320.9455549999999,321.0245639254131,6.605997299446026
101880.29386200602,-2.5,3.795764437487621,0.0644769770015339,0.4500408141674891,321.11717879598706,320.9455549999999,321.0245639254131,6.605997299446026
101880.58772401203,-2.5,3.795803931446806,0.06447650371045076,0.45008162833499177,321.11717879598706,320.9455549999999,321.0245639254131,6.605997299446026
101881.17544802406,-2.5,3.795882909907336,0.06447555800505876,0.45016325666999707,321.11717879598706,320.9455549999999,321.0245639254131,6.605997299446026
101882.35089604816,-2.5,3.7960408288608596,0.06447367010074387,0.4503265133400077,321.11717879598706,320.9455549999999,321.0245639254131,6.605997299446026
101884.70179209631,-2.5,3.796356513810991,0.06446990831297757,0.4506530266800289,321.11717879598706,320.9455549999999,321.0245639254131,6.605997299446026
101889.40358419261,-2.5,3.7969872632259967,0.06446244078102228,0.4513060533600713,321.11717879598706,320.9455549999999,321.0245639254131,6.605997299446026
101898.80716838522,-2.5,3.798246211443584,0.06444772957602432,0.45261210672015606,321.11717879598706,320.9455549999999,321.0245639254131,6.605997299446026
101917.61433677044,-2.5,3.80075336633284,0.06441920013568327,0.45522421344032565,321.11717879598706,320.9455549999999,321.0245639254131,6.605997299446026
101936.42150515565,-2.5,3.8032451490885646,0.0643918568414604,0.45783632016049525,321.11717879598706,320.9455549999999,321.0245639254131,6.605997299446026
101955.22867354087,-2.5,3.8057203894640583,0.06436569450697836,0.4604484268806649,321.11717879598706,320.9455549999999,321.0245639254131,6.605997299446026
101974.03584192609,-2.5,3.8081780016579025,0.06434070818879667,0.4630605336008345,321.11717879598706,320.9455549999999,321.0245639254131,6.605997299446026
102011.65017869652,-2.5,3.8130363761744213,0.06429424510007059,0.4682847470411736,321.11717879598706,320.9455549999999,321.0245639254131,6.605997299446026
102049.26451546697,-2.5,3.8178134032139868,0.06425243282590326,0.4735089604815128,321.11717879598706,320.9455549999999,321.0245639254131,6.605997299446026
102086.87885223742,-2.5,3.822503839728334,0.0642152403054043,0.478733173921852,321.11717879598706,320.9455549999999,321.0245639254131,6.605997299446026
102124.49318900786,-2.5,3.8271040279366755,0.06418264014906529,0.4839573873621911,321.11717879598706,320.9455549999999,321.0245639254131,6.605997299446026
102162.1075257783,-2.5,3.8316118968679125,0.06415460852322591,0.4891816008025303,321.11717879598706,320.9455549999999,321.0245639254131,6.605997299446026
102237.3361993192,-2.5,3.840350351555779,0.06411217249367424,0.4996300276832087,321.11717879598706,320.9455549999999,321.0245639254131,6.605997299446026
102240.0,-2.5,3.8406531027756086,0.06411100172333427,0.49999999999998834,321.11717879598706,320.9455549999999,321.0245639254131,6.605997299446026
102240.00239000909,-2.5,3.840653374205762,0.0641110006830703,0.5000003319456957,321.11717879598706,320.9455549999999,321.0245639254131,6.605997299446026
102240.0047800182,-2.5,3.840653645635555,0.06411099964282453,0.5000006638914032,321.11717879598706,320.9455549999999,321.0245639254131,6.605997299446026
102240.00956003639,-2.5,3.8406541884940655,0.06411099756238775,0.500001327782818,321.11717879598706,320.9455549999999,321.0245639254131,6.605997299446026
102240.01912007274,-2.5,3.8406552742067785,0.06411099340173294,0.5000026555656477,321.11717879598706,320.9455549999999,321.0245639254131,6.605997299446026
102240.0382401455,-2.5,3.840657445614946,0.0641109850812985,0.5000053111313071,321.11717879598706,320.9455549999999,321.0245639254131,6.605997299446026
102240.076480291,-2.5,3.840661788362198,0.06411096844393029,0.5000106222626258,321.11717879598706,320.9455549999999,321.0245639254131,6.605997299446026
102240.15296058198,-2.5,3.840670473580421,0.0641109351831965,0.5000212445252633,321.11717879598706,320.9455549999999,321.0245639254131,6.605997299446026
102240.30592116396,-2.5,3.840687842911695,0.06411086871773908,0.5000424890505383,321.11717879598706,320.9455549999999,321.0245639254131,6.605997299446026
102240.61184232793,-2.5,3.840722577154331,0.06411073601086222,0.5000849781010883,321.11717879598706,320.9455549999999,321.0245639254131,6.605997299446026
102241.22368465585,-2.5,3.840792027966243,0.06411047149323777,0.5001699562021883,321.11717879598706,320.9455549999999,321.0245639254131,6.605997299446026
102242.44736931167,-2.5,3.840930858947425,0.06410994604232644,0.5003399124043884,321.11717879598706,320.9455549999999,321.0245639254131,6.605997299446026
102244.89473862336,-2.5,3.841208238750553,0.0641089094764291,0.5006798248087884,321.11717879598706,320.9455549999999,321.0245639254131,6.605997299446026
102249.78947724673,-2.5,3.841761873082538,0.06410689367712774,0.5013596496175885,321.11717879598706,320.9455549999999,321.0245639254131,6.605997299446026
102259.57895449345,-2.5,3.8428646686857673,0.0641030913218948,0.5027192992351885,321.11717879598706,320.9455549999999,321.0245639254131,6.605997299446026
102279.15790898689,-2.5,3.845052609748117,0.0640964029408407,0.5054385984703889,321.11717879598706,320.9455549999999,321.0245639254131,6.605997299446026
102318.31581797378,-2.5,3.849360101847766,0.06408668711790542,0.5108771969407895,321.11717879598706,320.9455549999999,321.0245639254131,6.605997299446026
102357.47372696066,-2.5,3.8535812189124887,0.06408184637850357,0.5163157954111901,321.11717879598706,320.9455549999999,321.0245639254131,6.605997299446026
102396.63163594753,-2.5,3.857722848077378,0.06408187649001729,0.5217543938815907,321.11717879598706,320.9455549999999,321.0245639254131,6.605997299446026
102435.78954493442,-2.5,3.86179297429144,0.06408677685409471,0.5271929923519914,321.11717879598706,320.9455549999999,321.0245639254131,6.605997299446026
102514.10536290819,-2.5,3.869755487033872,0.06411120403002851,0.5380701892927926,321.11717879598706,320.9455549999999,321.0245639254131,6.605997299446026
102584.58959908457,-2.5,3.8767773959706426,0.06414991275576344,0.5478596665395137,321.11717879598706,320.9455549999999,321.0245639254131,6.605997299446026
102600.0,-2.5,3.878301680210304,0.06416049498008695,0.5499999999999884,321.11717879598706,320.9455549999999,321.0245639254131,6.605997299446026
102600.00243051327,-2.5,3.8783019204269604,0.0641604967092353,0.5500003375712765,321.11717879598706,320.9455549999999,321.0245639254131,6.605997299446026
102600.00486102655,-2.5,3.878302160643559,0.06416049843840263,0.5500006751425648,321.11717879598706,320.9455549999999,321.0245639254131,6.605997299446026
102600.0097220531,-2.5,3.878302641076605,0.0641605018967942,0.5500013502851411,321.11717879598706,320.9455549999999,321.0245639254131,6.605997299446026
102600.0194441062,-2.5,3.878303601942052,0.06416050881380501,0.5500027005702937,321.11717879598706,320.9455549999999,321.0245639254131,6.605997299446026
102600.0388882124,-2.5,3.878305523670383,0.06416052264873746,0.5500054011405988,321.11717879598706,320.9455549999999,321.0245639254131,6.605997299446026
102600.07777642479,-2.5,3.878309367116786,0.06416055032224542,0.5500108022812091,321.11717879598706,320.9455549999999,321.0245639254131,6.605997299446026
102600.15555284958,-2.5,3.878317053968585,0.06416060568383376,0.55002160456243,321.11717879598706,320.9455549999999,321.0245639254131,6.605997299446026
102600.31110569916,-2.5,3.878332427508542,0.06416071646530068,0.5500432091248715,321.11717879598706,320.9455549999999,321.0245639254131,6.605997299446026
102600.62221139832,-2.5,3.878363173936969,0.06416093826139992,0.5500864182497545,321.11717879598706,320.9455549999999,321.0245639254131,6.605997299446026
102601.24442279663,-2.5,3.8784246642128166,0.0641613827862951,0.5501728364995204,321.11717879598706,320.9455549999999,321.0245639254131,6.605997299446026
102602.48884559327,-2.5,3.878547634640351,0.06416227556715544,0.5503456729990525,321.11717879598706,320.9455549999999,321.0245639254131,6.605997299446026
102604.97769118653,-2.5,3.878793536602754,0.06416407605543355,0.5506913459981165,321.11717879598706,320.9455549999999,321.0245639254131,6.605997299446026
102609.95538237304,-2.5,3.879285197872143,0.06416773675663429,0.5513826919962446,321.11717879598706,320.9455549999999,321.0245639254131,6.605997299446026
102619.91076474609,-2.5,3.880268054467661,0.06417529720808933,0.5527653839925006,321.11717879598706,320.9455549999999,321.0245639254131,6.605997299446026
102639.82152949218,-2.5,3.8822327640032537,0.06419137556156276,0.555530767985013,321.11717879598706,320.9455549999999,321.0245639254131,6.605997299446026
102679.64305898437,-2.5,3.886165446980768,0.06422737291730359,0.5610615359700375,321.11717879598706,320.9455549999999,321.0245639254131,6.605997299446026
102719.46458847653,-2.5,3.89011758004363,0.06426851405317287,0.566592303955062,321.11717879598706,320.9455549999999,321.0245639254131,6.605997299446026
102759.2861179687,-2.5,3.8941096246850653,0.06431482999202726,0.5721230719400866,321.11717879598706,320.9455549999999,321.0245639254131,6.605997299446026
102799.10764746089,-2.5,3.8981652747777895,0.06436635583470278,0.5776538399251111,321.11717879598706,320.9455549999999,321.0245639254131,6.605997299446026
102878.75070644524,-2.5,3.9065823783947207,0.06448519840740574,0.5887153758951602,321.11717879598706,320.9455549999999,321.0245639254131,6.605997299446026
102958.39376542959,-2.5,3.9156468936580824,0.06462540706993719,0.5997769118652093,321.11717879598706,320.9455549999999,321.0245639254131,6.605997299446026
102960.0,-2.5,3.915838699743486,0.06462845748526386,0.5999999999999888,321.11717879598706,320.9455549999999,321.0245639254131,6.605997299446026
102960.00238928612,-2.5,3.915838985359542,0.06462846202938533,0.6000003318452842,321.11717879598706,320.9455549999999,321.0245639254131,6.605997299446026
102960.00477857226,-2.5,3.9158392709765,0.06462846657352643,0.6000006636905797,321.11717879598706,320.9455549999999,321.0245639254131,6.605997299446026
102960.00955714451,-2.5,3.9158398422131238,0.06462847566186745,0.6000013273811707,321.11717879598706,320.9455549999999,321.0245639254131,6.605997299446026
102960.01911428903,-2.5,3.915840984697199,0.06462849383878506,0.6000026547623527,321.11717879598706,320.9455549999999,321.0245639254131,6.605997299446026
102960.03822857805,-2.5,3.915843269708676,0.06462853019356228,0.6000053095247164,321.11717879598706,320.9455549999999,321.0245639254131,6.605997299446026
102960.07645715607,-2.5,3.9158478399049463,0.06462860290688477,0.6000106190494442,321.11717879598706,320.9455549999999,321.0245639254131,6.605997299446026
102960.15291431216,-2.5,3.9158569809908323,0.06462874834860206,0.6000212380988996,321.11717879598706,320.9455549999999,321.0245639254131,6.605997299446026
102960.30582862432,-2.5,3.9158752659372693,0.06462903929232756,0.6000424761978105,321.11717879598706,320.9455549999999,321.0245639254131,6.605997299446026
102960.61165724864,-2.5,3.9159118469381697,0.0646296214209536,0.6000849523956322,321.11717879598706,320.9455549999999,321.0245639254131,6.605997299446026
102961.22331449727,-2.5,3.915985053447867,0.06463078664300013,0.6001699047912757,321.11717879598706,320.9455549999999,321.0245639254131,6.605997299446026
102962.44662899454,-2.5,3.9161316451049286,0.06463312094702453,0.6003398095825627,321.11717879598706,320.9455549999999,321.0245639254131,6.605997299446026
102964.89325798907,-2.5,3.9164255478228815,0.06463780500083867,0.6006796191651367,321.11717879598706,320.9455549999999,321.0245639254131,6.605997299446026
102969.78651597814,-2.5,3.9170162697579505,0.06464723494006949,0.6013592383302846,321.11717879598706,320.9455549999999,321.0245639254131,6.605997299446026
102979.57303195627,-2.5,3.9182096913552846,0.06466634253677779,0.6027184766605805,321.11717879598706,320.9455549999999,321.0245639254131,6.605997299446026
102999.14606391251,-2.5,3.920646940162973,0.06470555179431985,0.6054369533211723,321.11717879598706,320.9455549999999,321.0245639254131,6.605997299446026
103038.29212782504,-2.5,3.9257426632704524,0.06478797300838669,0.6108739066423557,321.11717879598706,320.9455549999999,321.0245639254131,6.605997299446026
103116.58425565009,-2.5,3.936954605587937,0.06496905273395097,0.6217478132847227,321.11717879598706,320.9455549999999,321.0245639254131,6.605997299446026
103194.87638347513,-2.5,3.9496438397290636,0.06517225683768185,0.6326217199270896,321.11717879598706,320.9455549999999,321.0245639254131,6.605997299446026
103273.16851130017,-2.5,3.963578091048305,0.06539822471907025,0.6434956265694565,321.11717879598706,320.9455549999999,321.0245639254131,6.605997299446026
103320.0,-2.5,3.9722330993133244,0.06554456725733501,0.649999999999988,321.11717879598706,320.9455549999999,321.0245639254131,6.605997299446026
103320.00221897589,-2.5,3.9722335111299785,0.06554457439307106,0.6500003081910823,321.11717879598706,320.9455549999999,321.0245639254131,6.605997299446026
103320.00443795176,-2.5,3.9722339229466574,0.06554458152882635,0.6500006163821768,321.11717879598706,320.9455549999999,321.0245639254131,6.605997299446026
103320.00887590353,-2.5,3.972234746580061,0.06554459580039468,0.6500012327643655,321.11717879598706,320.9455549999999,321.0245639254131,6.605997299446026
103320.01775180704,-2.5,3.972236393847085,0.06554462434376225,0.650002465528743,321.11717879598706,320.9455549999999,321.0245639254131,6.605997299446026
103320.03550361408,-2.5,3.9722396883820186,0.06554468143142111,0.650004931057498,321.11717879598706,320.9455549999999,321.0245639254131,6.605997299446026
103320.07100722814,-2.5,3.972246277455342,0.0655447956104339,0.6500098621150079,321.11717879598706,320.9455549999999,321.0245639254131,6.605997299446026
103320.14201445629,-2.5,3.972259455615535,0.06554502398323972,0.6500197242300276,321.11717879598706,320.9455549999999,321.0245639254131,6.605997299446026
103320.28402891257,-2.5,3.972285811987779,0.06554548078797472,0.6500394484600672,321.11717879598706,320.9455549999999,321.0245639254131,6.605997299446026
103320.56805782515,-2.5,3.972338524921131,0.06554639463395517,0.6500788969201464,321.11717879598706,320.9455549999999,321.0245639254131,6.605997299446026
103321.13611565028,-2.5,3.972443951394858,0.065548223272096,0.6501577938403048,321.11717879598706,320.9455549999999,321.0245639254131,6.605997299446026
103322.27223130057,-2.5,3.972654805584667,0.0655518843342023,0.6503155876806215,321.11717879598706,320.9455549999999,321.0245639254131,6.605997299446026
103324.54446260113,-2.5,3.9730765094753444,0.06555922161056656,0.650631175361255,321.11717879598706,320.9455549999999,321.0245639254131,6.605997299446026
103329.08892520225,-2.5,3.9739198241077798,0.06557395684295163,0.651262350722522,321.11717879598706,320.9455549999999,321.0245639254131,6.605997299446026
103338.17785040449,-2.5,3.9756054877069427,0.06560367059837093,0.652524701445056,321.11717879598706,320.9455549999999,321.0245639254131,6.605997299446026
103356.35570080898,-2.5,3.9789683707199344,0.06566407590639901,0.6550494028901239,321.11717879598706,320.9455549999999,321.0245639254131,6.605997299446026
103392.71140161797,-2.5,3.9856270840849386,0.06578883573717663,0.6600988057802599,321.11717879598706,320.9455549999999,321.0245639254131,6.605997299446026
103465.42280323591,-2.5,3.998480196971508,0.06605447214415368,0.6701976115605318,321.11717879598706,320.9455549999999,321.0245639254131,6.605997299446026
103538.13420485388,-2.5,4.010550545034927,0.06634225276945237,0.6802964173408037,321.11717879598706,320.9455549999999,321.0245639254131,6.605997299446026
103610.84560647182,-2.5,4.021891165188716,0.06665303890891958,0.6903952231210757,321.11717879598706,320.9455549999999,321.0245639254131,6.605997299446026
103680.0,-2.5,4.032165953104602,0.06697083628384919,0.6999999999999886,321.11717879598706,320.9455549999999,321.0245639254131,6.605997299446026
103680.00183575056,-2.5,4.03216622071953,0.06697084501548131,0.7000002549653438,321.11717879598706,320.9455549999999,321.0245639254131,6.605997299446026
103680.00367150111,-2.5,4.032166488334216,0.06697085374712937,0.700000509930699,321.11717879598706,320.9455549999999,321.0245639254131,6.605997299446026
103680.00734300222,-2.5,4.032167023562873,0.06697087121047318,0.7000010198614093,321.11717879598706,320.9455549999999,321.0245639254131,6.605997299446026
103680.01468600446,-2.5,4.0321680940173215,0.06697090613735167,0.7000020397228299,321.11717879598706,320.9455549999999,321.0245639254131,6.605997299446026
103680.02937200891,-2.5,4.032170234914727,0.06697097599187211,0.7000040794456711,321.11717879598706,320.9455549999999,321.0245639254131,6.605997299446026
103680.05874401782,-2.5,4.032174516663606,0.06697111570396685,0.7000081588913536,321.11717879598706,320.9455549999999,321.0245639254131,6.605997299446026
103680.11748803566,-2.5,4.03218307997765,0.06697139514037206,0.7000163177827187,321.11717879598706,320.9455549999999,321.0245639254131,6.605997299446026
103680.23497607131,-2.5,4.032200205871206,0.06697195406204742,0.7000326355654487,321.11717879598706,320.9455549999999,321.0245639254131,6.605997299446026
103680.46995214262,-2.5,4.032234454722329,0.06697307210087414,0.7000652711309087,321.11717879598706,320.9455549999999,321.0245639254131,6.605997299446026
103680.93990428525,-2.5,4.032302940697992,0.06697530896056211,0.7001305422618288,321.11717879598706,320.9455549999999,321.0245639254131,6.605997299446026
103681.87980857049,-2.5,4.03243986588183,0.06697978580912141,0.700261084523669,321.11717879598706,320.9455549999999,321.0245639254131,6.605997299446026
103683.75961714098,-2.5,4.0327135302825265,0.06698875203134348,0.7005221690473492,321.11717879598706,320.9455549999999,321.0245639254131,6.605997299446026
103687.519234282,-2.5,4.03326012392153,0.06700673464332806,0.7010443380947098,321.11717879598706,320.9455549999999,321.0245639254131,6.605997299446026
103695.03846856399,-2.5,4.034350438274439,0.06704290107711769,0.702088676189431,321.11717879598706,320.9455549999999,321.0245639254131,6.605997299446026
103710.07693712797,-2.5,4.036520085716613,0.06711604314390325,0.7041773523788735,321.11717879598706,320.9455549999999,321.0245639254131,6.605997299446026
103740.15387425594,-2.5,4.0408190221849,0.06726559964741939,0.7083547047577582,321.11717879598706,320.9455549999999,321.0245639254131,6.605997299446026
103800.30774851187,-2.5,4.0492755274988745,0.06757809819114931,0.7167094095155278,321.11717879598706,320.9455549999999,321.0245639254131,6.605997299446026
103920.61549702377,-2.5,4.065653450224205,0.06825920232867715,0.7334188190310669,321.11717879598706,320.9455549999999,321.0245639254131,6.605997299446026
104040.0,-2.5,4.0809556018959015,0.06901444300562525,0.7499999999999888,321.11717879598706,320.9455549999999,321.0245639254131,6.605997299446026
104040.00111868265,-2.5,4.0809557391397275,0.06901445047538918,0.7500001553725779,321.11717879598706,320.9455549999999,321.0245639254131,6.605997299446026
104040.00223736529,-2.5,4.080955876383427,0.06901445794516069,0.7500003107451672,321.11717879598706,320.9455549999999,321.0245639254131,6.605997299446026
104040.00447473058,-2.5,4.080956150870408,0.06901447288472651,0.7500006214903455,321.11717879598706,320.9455549999999,321.0245639254131,6.605997299446026
104040.00894946113,-2.5,4.080956699842756,0.06901450276394926,0.7500012429807021,321.11717879598706,320.9455549999999,321.0245639254131,6.605997299446026
104040.01789892228,-2.5,4.08095779778094,0.06901456252275905,0.7500024859614156,321.11717879598706,320.9455549999999,321.0245639254131,6.605997299446026
104040.03579784455,-2.5,4.080959993631341,0.0690146820418359,0.7500049719228424,321.11717879598706,320.9455549999999,321.0245639254131,6.605997299446026
104040.0715956891,-2.5,4.080964385228205,0.06901492108581894,0.7500099438456962,321.11717879598706,320.9455549999999,321.0245639254131,6.605997299446026
104040.14319137819,-2.5,4.080973168006091,0.06901539919710302,0.7500198876914036,321.11717879598706,320.9455549999999,321.0245639254131,6.605997299446026
104040.28638275637,-2.5,4.080990731898019,0.06901635551294942,0.7500397753828184,321.11717879598706,320.9455549999999,321.0245639254131,6.605997299446026
104040.57276551274,-2.5,4.081025853021984,0.06901826851780407,0.7500795507656481,321.11717879598706,320.9455549999999,321.0245639254131,6.605997299446026
104041.1455310255,-2.5,4.081096068594736,0.06902209602055351,0.7501591015313075,321.11717879598706,320.9455549999999,321.0245639254131,6.605997299446026
104042.291062051,-2.5,4.08123639275436,0.06902975700135681,0.7503182030626262,321.11717879598706,320.9455549999999,321.0245639254131,6.605997299446026
104044.58212410199,-2.5,4.0815166108453145,0.06904510288937213,0.7506364061252636,321.11717879598706,320.9455549999999,321.0245639254131,6.605997299446026
104049.16424820396,-2.5,4.082075307779504,0.06907589057319,0.7512728122505384,321.11717879598706,320.9455549999999,321.0245639254131,6.605997299446026
104058.32849640792,-2.5,4.083185597149112,0.06913785119930106,0.7525456245010881,321.11717879598706,320.9455549999999,321.0245639254131,6.605997299446026
104076.65699281584,-2.5,4.085376566489313,0.0692633266676193,0.7550912490021875,321.11717879598706,320.9455549999999,321.0245639254131,6.605997299446026
104113.31398563166,-2.5,4.089630419834378,0.069520602606844,0.7601824980043863,321.11717879598706,320.9455549999999,321.0245639254131,6.605997299446026
104186.62797126333,-2.5,4.097548945385126,0.07006136462633629,0.7703649960087837,321.11717879598706,320.9455549999999,321.0245639254131,6.605997299446026
104333.25594252665,-2.5,4.110498437671086,0.07125580681869173,0.7907299920175788,321.11717879598706,320.9455549999999,321.0245639254131,6.605997299446026
104400.0,-2.5,4.11496406070794,0.07185388118512342,0.7999999999999882,321.11717879598706,320.9455549999999,321.0245639254131,6.605997299446026
108000.0,0.0,4.086222508249432,0.0,0.7999999999999882,321.15000061602143,321.14999999998804,321.15000000848056,6.76453928463161e-07
108000.001649222,0.0,4.086221621667363,0.0,0.7999999999999882,321.15000061602143,321.14999999998804,321.15000000848056,6.76453928463161e-07
108000.003298444,0.0,4.086220735160519,0.0,0.7999999999999882,321.15000061602143,321.14999999998804,321.15000000848056,6.76453928463161e-07
108000.006596888,0.0,4.086218962301309,0.0,0.7999999999999882,321.15000061602143,321.14999999998804,321.15000000848056,6.76453928463161e-07
108000.01319377599,0.0,4.086215417511285,0.0,0.7999999999999882,321.15000061602143,321.14999999998804,321.15000000848056,6.76453928463161e-07
108000.02638755197,0.0,4.086208331348016,0.0,0.7999999999999882,321.15000061602143,321.14999999998804,321.15000000848056,6.76453928463161e-07
108000.05277510393,0.0,4.086194173399769,0.0,0.7999999999999882,321.15000061602143,321.14999999998804,321.15000000848056,6.76453928463161e-07
108000.10555020787,0.0,4.08616591471418,0.0,0.7999999999999882,321.15000061602143,321.14999999998804,321.15000000848056,6.76453928463161e-07
108000.21110041573,0.0,4.086109625199712,0.0,0.7999999999999882,321.15000061602143,321.14999999998804,321.15000000848056,6.76453928463161e-07
108000.42220083144,0.0,4.085997945035409,0.0,0.7999999999999882,321.15000061602143,321.14999999998804,321.15000000848056,6.76453928463161e-07
108000.63330124717,0.0,4.085887457450209,0.0,0.7999999999999882,321.15000061602143,321.14999999998804,321.15000000848056,6.76453928463161e-07
108000.84440166288,0.0,4.085778147391038,0.0,0.7999999999999882,321.15000061602143,321.14999999998804,321.15000000848056,6.76453928463161e-07
108001.05550207861,0.0,4.0856699979835325,0.0,0.7999999999999882,321.15000061602143,321.14999999998804,321.15000000848056,6.76453928463161e-07
108001.47770291005,0.0,4.0854571305911,0.0,0.7999999999999882,321.15000061602143,321.14999999998804,321.15000000848056,6.76453928463161e-07
108001.89990374149,0.0,4.085248716562161,0.0,0.7999999999999882,321.15000061602143,321.14999999998804,321.15000000848056,6.76453928463161e-07
108002.32210457293,0.0,4.085044597336179,0.0,0.7999999999999882,321.15000061602143,321.14999999998804,321.15000000848056,6.76453928463161e-07
108002.74430540437,0.0,4.084844626954821,0.0,0.7999999999999882,321.15000061602143,321.14999999998804,321.15000000848056,6.76453928463161e-07
108003.16650623581,0.0,4.084648677967085,0.0,0.7999999999999882,321.15000061602143,321.14999999998804,321.15000000848056,6.76453928463161e-07
108003.58870706725,0.0,4.084456635648464,0.0,0.7999999999999882,321.15000061602143,321.14999999998804,321.15000000848056,6.76453928463161e-07
108004.01090789869,0.0,4.0842683807291005,0.0,0.7999999999999882,321.15000061602143,321.14999999998804,321.15000000848056,6.76453928463161e-07
108004.43310873013,0.0,4.0840837829486105,0.0,0.7999999999999882,321.15000061602143,321.14999999998804,321.15000000848056,6.76453928463161e-07
108005.277510393,0.0,4.083725078935355,0.0,0.7999999999999882,321.15000061602143,321.14999999998804,321.15000000848056,6.76453928463161e-07
108006.0374718896,0.0,4.083413578043627,0.0,0.7999999999999882,321.15000061602143,321.14999999998804,321.15000000848056,6.76453928463161e-07
108006.7974333862,0.0,4.083112144924139,0.0,0.7999999999999882,321.15000061602143,321.14999999998804,321.15000000848056,6.76453928463161e-07
108007.55739488278,0.0,4.082820177185244,0.0,0.7999999999999882,321.15000061602143,321.14999999998804,321.15000000848056,6.76453928463161e-07
108008.31735637938,0.0,4.0825371121466825,0.0,0.7999999999999882,321.15000061602143,321.14999999998804,321.15000000848056,6.76453928463161e-07
108009.07731787598,0.0,4.08226242344312,0.0,0.7999999999999882,321.15000061602143,321.14999999998804,321.15000000848056,6.76453928463161e-07
108010.59724086916,0.0,4.081736195246844,0.0,0.7999999999999882,321.15000061602143,321.14999999998804,321.15000000848056,6.76453928463161e-07
108012.11716386236,0.0,4.08123795036787,0.0,0.7999999999999882,321.15000061602143,321.14999999998804,321.15000000848056,6.76453928463161e-07
108014.01805305344,0.0,4.080649900743955,0.0,0.7999999999999882,321.15000061602143,321.14999999998804,321.15000000848056,6.76453928463161e-07
108015.91894224452,0.0,4.080095985014252,0.0,0.7999999999999882,321.15000061602143,321.14999999998804,321.15000000848056,6.76453928463161e-07
108017.8198314356,0.0,4.079571667475021,0.0,0.7999999999999882,321.15000061602143,321.14999999998804,321.15000000848056,6.76453928463161e-07
108019.72072062668,0.0,4.079073235367839,0.0,0.7999999999999882,321.15000061602143,321.14999999998804,321.15000000848056,6.76453928463161e-07
108021.62160981775,0.0,4.078597655842833,0.0,0.7999999999999882,321.15000061602143,321.14999999998804,321.15000000848056,6.76453928463161e-07
108023.52249900883,0.0,4.078142268061311,0.0,0.7999999999999882,321.15000061602143,321.14999999998804,321.15000000848056,6.76453928463161e-07
108025.42338819991,0.0,4.077705115596918,0.0,0.7999999999999882,321.15000061602143,321.14999999998804,321.15000000848056,6.76453928463161e-07
108027.32427739099,0.0,4.077284483305721,0.0,0.7999999999999882,321.15000061602143,321.14999999998804,321.15000000848056,6.76453928463161e-07
108029.22516658207,0.0,4.076879005529133,0.0,0.7999999999999882,321.15000061602143,321.14999999998804,321.15000000848056,6.76453928463161e-07
108033.02694496422,0.0,4.076108074362016,0.0,0.7999999999999882,321.15000061602143,321.14999999998804,321.15000000848056,6.76453928463161e-07
108036.44854550816,0.0,4.075454317019519,0.0,0.7999999999999882,321.15000061602143,321.14999999998804,321.15000000848056,6.76453928463161e-07
108039.8701460521,0.0,4.074833552309262,0.0,0.7999999999999882,321.15000061602143,321.14999999998804,321.15000000848056,6.76453928463161e-07
108043.29174659605,0.0,4.074241741343741,0.0,0.7999999999999882,321.15000061602143,321.14999999998804,321.15000000848056,6.76453928463161e-07
108046.71334714,0.0,4.073675568058632,0.0,0.7999999999999882,321.15000061602143,321.14999999998804,321.15000000848056,6.76453928463161e-07
108050.13494768394,0.0,4.073132405812135,0.0,0.7999999999999882,321.15000061602143,321.14999999998804,321.15000000848056,6.76453928463161e-07
108056.97814877183,0.0,4.072106431522703,0.0,0.7999999999999882,321.15000061602143,321.14999999998804,321.15000000848056,6.76453928463161e-07
108063.13702975091,0.0,4.071243347706792,0.0,0.7999999999999882,321.15000061602143,321.14999999998804,321.15000000848056,6.76453928463161e-07
108069.29591073003,0.0,4.070429711015399,0.0,0.7999999999999882,321.15000061602143,321.14999999998804,321.15000000848056,6.76453928463161e-07
108075.45479170911,0.0,4.069659514873827,0.0,0.7999999999999882,321.15000061602143,321.14999999998804,321.15000000848056,6.76453928463161e-07
108081.61367268823,0.0,4.0689277986765156,0.0,0.7999999999999882,321.15000061602143,321.14999999998804,321.15000000848056,6.76453928463161e-07
108087.77255366731,0.0,4.068230550406193,0.0,0.7999999999999882,321.15000061602143,321.14999999998804,321.15000000848056,6.76453928463161e-07
108093.93143464642,0.0,4.067564501111836,0.0,0.7999999999999882,321.15000061602143,321.14999999998804,321.15000000848056,6.76453928463161e-07
108100.09031562551,0.0,4.066926950593419,0.0,0.7999999999999882,321.15000061602143,321.14999999998804,321.15000000848056,6.76453928463161e-07
108106.24919660462,0.0,4.066315537800719,0.0,0.7999999999999882,321.15000061602143,321.14999999998804,321.15000000848056,6.76453928463161e-07
108118.5669585628,0.0,4.065163344210871,0.0,0.7999999999999882,321.15000061602143,321.14999999998804,321.15000000848056,6.76453928463161e-07
108130.88472052099,0.0,4.064093882912377,0.0,0.7999999999999882,321.15000061602143,321.14999999998804,321.15000000848056,6.76453928463161e-07
108141.97070628338,0.0,4.06319348436725,0.0,0.7999999999999882,321.15000061602143,321.14999999998804,321.15000000848056,6.76453928463161e-07
108153.05669204573,0.0,4.062345778338157,0.0,0.7999999999999882,321.15000061602143,321.14999999998804,321.15000000848056,6.76453928463161e-07
108164.14267780812,0.0,4.0615457063526135,0.0,0.7999999999999882,321.15000061602143,321.14999999998804,321.15000000848056,6.76453928463161e-07
108175.22866357048,0.0,4.0607888322660255,0.0,0.7999999999999882,321.15000061602143,321.14999999998804,321.15000000848056,6.76453928463161e-07
108186.31464933287,0.0,4.060071328260063,0.0,0.7999999999999882,321.15000061602143,321.14999999998804,321.15000000848056,6.76453928463161e-07
108197.40063509523,0.0,4.059389929584508,0.0,0.7999999999999882,321.15000061602143,321.14999999998804,321.15000000848056,6.76453928463161e-07
108208.48662085761,0.0,4.058741845129177,0.0,0.7999999999999882,321.15000061602143,321.14999999998804,321.15000000848056,6.76453928463161e-07
108219.57260661997,0.0,4.058124604932995,0.0,0.7999999999999882,321.15000061602143,321.14999999998804,321.15000000848056,6.76453928463161e-07
108241.74457814472,0.0,4.056974195411248,0.0,0.7999999999999882,321.15000061602143,321.14999999998804,321.15000000848056,6.76453928463161e-07
108261.699352517,0.0,4.056024542244989,0.0,0.7999999999999882,321.15000061602143,321.14999999998804,321.15000000848056,6.76453928463161e-07
108281.65412688928,0.0,4.0551465719888595,0.0,0.7999999999999882,321.15000061602143,321.14999999998804,321.15000000848056,6.76453928463161e-07
108301.60890126154,0.0,4.054333035817248,0.0,0.7999999999999882,321.15000061602143,321.14999999998804,321.15000000848056,6.76453928463161e-07
108321.5636756338,0.0,4.053578013832742,0.0,0.7999999999999882,321.15000061602143,321.14999999998804,321.15000000848056,6.76453928463161e-07
108341.51845000609,0.0,4.052875981655192,0.0,0.7999999999999882,321.15000061602143,321.14999999998804,321.15000000848056,6.76453928463161e-07
108360.0,0.0,4.052268544990872,0.0,0.7999999999999882,321.15000061602143,321.14999999998804,321.15000000848056,6.76453928463161e-07
108360.00717438286,0.0,4.052268316677839,0.0,0.7999999999999882,321.15000061602143,321.14999999998804,321.15000000848056,6.76453928463161e-07
108360.01434876573,0.0,4.052268088370527,0.0,0.7999999999999882,321.15000061602143,321.14999999998804,321.15000000848056,6.76453928463161e-07
108360.02869753147,0.0,4.052267631769566,0.0,0.7999999999999882,321.15000061602143,321.14999999998804,321.15000000848056,6.76453928463161e-07
108360.05739506293,0.0,4.0522667186374095,0.0,0.7999999999999882,321.15000061602143,321.14999999998804,321.15000000848056,6.76453928463161e-07
108360.11479012584,0.0,4.052264892637917,0.0,0.7999999999999882,321.15000061602143,321.14999999998804,321.15000000848056,6.76453928463161e-07
108360.22958025169,0.0,4.0522612417335875,0.0,0.7999999999999882,321.15000061602143,321.14999999998804,321.15000000848056,6.76453928463161e-07
108360.45916050338,0.0,4.052253944295669,0.0,0.7999999999999882,321.15000061602143,321.14999999998804,321.15000000848056,6.76453928463161e-07
108360.91832100674,0.0,4.0522393669081,0.0,0.7999999999999882,321.15000061602143,321.14999999998804,321.15000000848056,6.76453928463161e-07
108361.83664201348,0.0,4.0522102818863575,0.0,0.7999999999999882,321.15000061602143,321.14999999998804,321.15000000848056,6.76453928463161e-07
108363.67328402695,0.0,4.052152389277364,0.0,0.7999999999999882,321.15000061602143,321.14999999998804,321.15000000848056,6.76453928463161e-07
108367.34656805391,0.0,4.052037701145276,0.0,0.7999999999999882,321.15000061602143,321.14999999998804,321.15000000848056,6.76453928463161e-07
108374.69313610782,0.0,4.05181261510035,0.0,0.7999999999999882,321.15000061602143,321.14999999998804,321.15000000848056,6.76453928463161e-07
108382.03970416173,0.0,4.051593132803438,0.0,0.7999999999999882,321.15000061602143,321.14999999998804,321.15000000848056,6.76453928463161e-07
108396.73284026954,0.0,4.05117008639819,0.0,0.7999999999999882,321.15000061602143,321.14999999998804,321.15000000848056,6.76453928463161e-07
108409.95666276656,0.0,4.050806895329805,0.0,0.7999999999999882,321.15000061602143,321.14999999998804,321.15000000848056,6.76453928463161e-07
108423.18048526358,0.0,4.050459383822526,0.0,0.7999999999999882,321.15000061602143,321.14999999998804,321.15000000848056,6.76453928463161e-07
108436.40430776062,0.0,4.050126782214347,0.0,0.7999999999999882,321.15000061602143,321.14999999998804,321.15000000848056,6.76453928463161e-07
108449.62813025765,0.0,4.049808335901949,0.0,0.7999999999999882,321.15000061602143,321.14999999998804,321.15000000848056,6.76453928463161e-07
108476.07577525171,0.0,4.049211499294753,0.0,0.7999999999999882,321.15000061602143,321.14999999998804,321.15000000848056,6.76453928463161e-07
108502.52342024577,0.0,4.048663605512689,0.0,0.7999999999999882,321.15000061602143,321.14999999998804,321.15000000848056,6.76453928463161e-07
108528.97106523984,0.0,4.048159709872098,0.0,0.7999999999999882,321.15000061602143,321.14999999998804,321.15000000848056,6.76453928463161e-07
108555.4187102339,0.0,4.0476957123755914,0.0,0.7999999999999882,321.15000061602143,321.14999999998804,321.15000000848056,6.76453928463161e-07
108581.86635522796,0.0,4.047268225254057,0.0,0.7999999999999882,321.15000061602143,321.14999999998804,321.15000000848056,6.76453928463161e-07
108608.31400022202,0.0,4.046874286040652,0.0,0.7999999999999882,321.15000061602143,321.14999999998804,321.15000000848056,6.76453928463161e-07
108634.76164521609,0.0,4.046511111654559,0.0,0.7999999999999882,321.15000061602143,321.14999999998804,321.15000000848056,6.76453928463161e-07
108661.20929021016,0.0,4.046176054380854,0.0,0.7999999999999882,321.15000061602143,321.14999999998804,321.15000000848056,6.76453928463161e-07
108714.10458019827,0.0,4.045581248272987,0.0,0.7999999999999882,321.15000061602143,321.14999999998804,321.15000000848056,6.76453928463161e-07
108720.0,0.0,4.045520633372858,0.0,0.7999999999999882,321.15000061602143,321.14999999998804,321.15000000848056,6.76453928463161e-07
108720.01792901942,0.0,4.04552045059755,0.0,0.7999999999999882,321.15000061602143,321.14999999998804,321.15000000848056,6.76453928463161e-07
108720.03585803884,0.0,4.045520267832087,0.0,0.7999999999999882,321.15000061602143,321.14999999998804,321.15000000848056,6.76453928463161e-07
108720.07171607768,0.0,4.045519902324939,0.0,0.7999999999999882,321.15000061602143,321.14999999998804,321.15000000848056,6.76453928463161e-07
108720.14343215537,0.0,4.045519171430725,0.0,0.7999999999999882,321.15000061602143,321.14999999998804,321.15000000848056,6.76453928463161e-07
108720.28686431074,0.0,4.045517710098993,0.0,0.7999999999999882,321.15000061602143,321.14999999998804,321.15000000848056,6.76453928463161e-07
108720.57372862149,0.0,4.045514789320068,0.0,0.7999999999999882,321.15000061602143,321.14999999998804,321.15000000848056,6.76453928463161e-07
108721.14745724297,0.0,4.04550895528321,0.0,0.7999999999999882,321.15000061602143,321.14999999998804,321.15000000848056,6.76453928463161e-07
108722.29491448594,0.0,4.0454973172685715,0.0,0.7999999999999882,321.15000061602143,321.14999999998804,321.15000000848056,6.76453928463161e-07
108724.58982897189,0.0,4.0454741608793405,0.0,0.7999999999999882,321.15000061602143,321.14999999998804,321.15000000848056,6.76453928463161e-07
108729.17965794378,0.0,4.04542832195343,0.0,0.7999999999999882,321.15000061602143,321.14999999998804,321.15000000848056,6.76453928463161e-07
108738.35931588757,0.0,4.04533850232012,0.0,0.7999999999999882,321.15000061602143,321.14999999998804,321.15000000848056,6.76453928463161e-07
108747.53897383137,0.0,4.045251113601239,0.0,0.7999999999999882,321.15000061602143,321.14999999998804,321.15000000848056,6.76453928463161e-07
108765.89828971894,0.0,4.045083283723623,0.0,0.7999999999999882,321.15000061602143,321.14999999998804,321.15000000848056,6.76453928463161e-07
108782.42167401777,0.0,4.044939905085377,0.0,0.7999999999999882,321.15000061602143,321.14999999998804,321.15000000848056,6.76453928463161e-07
108798.94505831659,0.0,4.044803405433392,0.0,0.7999999999999882,321.15000061602143,321.14999999998804,321.15000000848056,6.76453928463161e-07
108815.46844261541,0.0,4.044673462906454,0.0,0.7999999999999882,321.15000061602143,321.14999999998804,321.15000000848056,6.76453928463161e-07
108831.99182691424,0.0,4.044549758035158,0.0,0.7999999999999882,321.15000061602143,321.14999999998804,321.15000000848056,6.76453928463161e-07
108865.03859551187,0.0,4.0443200027353114,0.0,0.7999999999999882,321.15000061602143,321.14999999998804,321.15000000848056,6.76453928463161e-07
108898.08536410952,0.0,4.04411184690156,0.0,0.7999999999999882,321.15000061602143,321.14999999998804,321.15000000848056,6.76453928463161e-07
108931.13213270716,0.0,4.043923092711257,0.0,0.7999999999999882,321.15000061602143,321.14999999998804,321.15000000848056,6.76453928463161e-07
108964.1789013048,0.0,4.043751846274311,0.0,0.7999999999999882,321.15000061602143,321.14999999998804,321.15000000848056,6.76453928463161e-07
108997.22566990243,0.0,4.043596493677114,0.0,0.7999999999999882,321.15000061602143,321.14999999998804,321.15000000848056,6.76453928463161e-07
109044.0816097337,0.0,4.043400661049689,0.0,0.7999999999999882,321.15000061602143,321.14999999998804,321.15000000848056,6.76453928463161e-07
109080.0,0.0,4.043267890983984,0.0,0.7999999999999882,321.15000061602143,321.14999999998804,321.15000000848056,6.76453928463161e-07
109080.05046205172,0.0,4.043267714231739,0.0,0.7999999999999882,321.15000061602143,321.14999999998804,321.15000000848056,6.76453928463161e-07
109080.10092410343,0.0,4.043267537505807,0.0,0.7999999999999882,321.15000061602143,321.14999999998804,321.15000000848056,6.76453928463161e-07
109080.20184820687,0.0,4.043267184117756,0.0,0.7999999999999882,321.15000061602143,321.14999999998804,321.15000000848056,6.76453928463161e-07
109080.40369641373,0.0,4.0432664776627085,0.0,0.7999999999999882,321.15000061602143,321.14999999998804,321.15000000848056,6.76453928463161e-07
109080.80739282744,0.0,4.043265065973667,0.0,0.7999999999999882,321.15000061602143,321.14999999998804,321.15000000848056,6.76453928463161e-07
109081.61478565488,0.0,4.04326224762762,0.0,0.7999999999999882,321.15000061602143,321.14999999998804,321.15000000848056,6.76453928463161e-07
109083.22957130977,0.0,4.0432566309763445,0.0,0.7999999999999882,321.15000061602143,321.14999999998804,321.15000000848056,6.76453928463161e-07
109086.45914261954,0.0,4.043245477439961,0.0,0.7999999999999882,321.15000061602143,321.14999999998804,321.15000000848056,6.76453928463161e-07
109092.91828523908,0.0,4.04322348524697,0.0,0.7999999999999882,321.15000061602143,321.14999999998804,321.15000000848056,6.76453928463161e-07
109105.83657047816,0.0,4.043180727792169,0.0,0.7999999999999882,321.15000061602143,321.14999999998804,321.15000000848056,6.76453928463161e-07
109118.75485571724,0.0,4.0431395648591835,0.0,0.7999999999999882,321.15000061602143,321.14999999998804,321.15000000848056,6.76453928463161e-07
109144.5914261954,0.0,4.043061723764107,0.0,0.7999999999999882,321.15000061602143,321.14999999998804,321.15000000848056,6.76453928463161e-07
109167.84433962574,0.0,4.0429965599655935,0.0,0.7999999999999882,321.15000061602143,321.14999999998804,321.15000000848056,6.76453928463161e-07
109191.09725305607,0.0,4.042935703061116,0.0,0.7999999999999882,321.15000061602143,321.14999999998804,321.15000000848056,6.76453928463161e-07
109214.35016648642,0.0,4.042878881721911,0.0,0.7999999999999882,321.15000061602143,321.14999999998804,321.15000000848056,6.76453928463161e-07
109237.60307991676,0.0,4.042825830618499,0.0,0.7999999999999882,321.15000061602143,321.14999999998804,321.15000000848056,6.76453928463161e-07
109284.10890677743,0.0,4.04273017545105,0.0,0.7999999999999882,321.15000061602143,321.14999999998804,321.15000000848056,6.76453928463161e-07
109330.61473363813,0.0,4.042646893013064,0.0,0.7999999999999882,321.15000061602143,321.14999999998804,321.15000000848056,6.76453928463161e-07
109377.12056049879,0.0,4.042574269497379,0.0,0.7999999999999882,321.15000061602143,321.14999999998804,321.15000000848056,6.76453928463161e-07
109423.62638735949,0.0,4.042510887926962,0.0,0.7999999999999882,321.15000061602143,321.14999999998804,321.15000000848056,6.76453928463161e-07
109440.0,0.0,4.042490554817235,0.0,0.7999999999999882,321.15000061602143,321.14999999998804,321.15000000848056,6.76453928463161e-07
109440.14502897169,0.0,4.042490379251538,0.0,0.7999999999999882,321.15000061602143,321.14999999998804,321.15000000848056,6.76453928463161e-07
109440.29005794339,0.0,4.042490203760893,0.0,0.7999999999999882,321.15000061602143,321.14999999998804,321.15000000848056,6.76453928463161e-07
109440.58011588678,0.0,4.0424898529616975,0.0,0.7999999999999882,321.15000061602143,321.14999999998804,321.15000000848056,6.76453928463161e-07
109441.16023177354,0.0,4.042489152278325,0.0,0.7999999999999882,321.15000061602143,321.14999999998804,321.15000000848056,6.76453928463161e-07
109442.32046354709,0.0,4.042487754385354,0.0,0.7999999999999882,321.15000061602143,321.14999999998804,321.15000000848056,6.76453928463161e-07
109444.64092709418,0.0,4.0424849728724475,0.0,0.7999999999999882,321.15000061602143,321.14999999998804,321.15000000848056,6.76453928463161e-07
109449.28185418833,0.0,4.042479466341716,0.0,0.7999999999999882,321.15000061602143,321.14999999998804,321.15000000848056,6.76453928463161e-07
109458.56370837666,0.0,4.042468675410463,0.0,0.7999999999999882,321.15000061602143,321.14999999998804,321.15000000848056,6.76453928463161e-07
109477.12741675334,0.0,4.042447949447819,0.0,0.7999999999999882,321.15000061602143,321.14999999998804,321.15000000848056,6.76453928463161e-07
109495.69112513002,0.0,4.0424283237450656,0.0,0.7999999999999882,321.15000061602143,321.14999999998804,321.15000000848056,6.76453928463161e-07
109532.81854188335,0.0,4.0423920840639695,0.0,0.7999999999999882,321.15000061602143,321.14999999998804,321.15000000848056,6.76453928463161e-07
109566.23321696135,0.0,4.042362693632382,0.0,0.7999999999999882,321.15000061602143,321.14999999998804,321.15000000848056,6.76453928463161e-07
109599.64789203936,0.0,4.042336053717893,0.0,0.7999999999999882,321.15000061602143,321.14999999998804,321.15000000848056,6.76453928463161e-07
109633.06256711736,0.0,4.0423119191989105,0.0,0.7999999999999882,321.15000061602143,321.14999999998804,321.15000000848056,6.76453928463161e-07
109666.47724219537,0.0,4.042290056914137,0.0,0.7999999999999882,321.15000061602143,321.14999999998804,321.15000000848056,6.76453928463161e-07
109733.30659235138,0.0,4.042252419883182,0.0,0.7999999999999882,321.15000061602143,321.14999999998804,321.15000000848056,6.76453928463161e-07
109800.0,0.0,4.042221659907618,0.0,0.7999999999999882,321.15000061602143,321.14999999998804,321.15000000848056,6.76453928463161e-07
109800.4201247735,0.0,4.042221484507694,0.0,0.7999999999999882,321.15000061602143,321.14999999998804,321.15000000848056,6.76453928463161e-07
109800.840249547,0.0,4.0422213093248995,0.0,0.7999999999999882,321.15000061602143,321.14999999998804,321.15000000848056,6.76453928463161e-07
109801.68049909401,0.0,4.0422209594858,0.0,0.7999999999999882,321.15000061602143,321.14999999998804,321.15000000848056,6.76453928463161e-07
109803.360998188,0.0,4.042220262448673,0.0,0.7999999999999882,321.15000061602143,321.14999999998804,321.15000000848056,6.76453928463161e-07
109806.72199637601,0.0,4.042218878344842,0.0,0.7999999999999882,321.15000061602143,321.14999999998804,321.15000000848056,6.76453928463161e-07
109813.44399275203,0.0,4.042216150761785,0.0,0.7999999999999882,321.15000061602143,321.14999999998804,321.15000000848056,6.76453928463161e-07
109826.88798550406,0.0,4.042210853555144,0.0,0.7999999999999882,321.15000061602143,321.14999999998804,321.15000000848056,6.76453928463161e-07
109853.77597100809,0.0,4.04220085891772,0.0,0.7999999999999882,321.15000061602143,321.14999999998804,321.15000000848056,6.76453928463161e-07
109880.66395651214,0.0,4.042191622882333,0.0,0.7999999999999882,321.15000061602143,321.14999999998804,321.15000000848056,6.76453928463161e-07
109934.43992752023,0.0,4.042175146459213,0.0,0.7999999999999882,321.15000061602143,321.14999999998804,321.15000000848056,6.76453928463161e-07
109982.83830142752,0.0,4.042162398012007,0.0,0.7999999999999882,321.15000061602143,321.14999999998804,321.15000000848056,6.76453928463161e-07
110031.2366753348,0.0,4.042151342846688,0.0,0.7999999999999882,321.15000061602143,321.14999999998804,321.15000000848056,6.76453928463161e-07
110079.63504924209,0.0,4.0421417667117066,0.0,0.7999999999999882,321.15000061602143,321.14999999998804,321.15000000848056,6.76453928463161e-07
110128.03342314938,0.0,4.042133474013676,0.0,0.7999999999999882,321.15000061602143,321.14999999998804,321.15000000848056,6.76453928463161e-07
110160.0,0.0,4.042128638988466,0.0,0.7999999999999882,321.15000061602143,321.14999999998804,321.15000000848056,6.76453928463161e-07
110161.22146270087,0.0,4.042128464285643,0.0,0.7999999999999882,321.15000061602143,321.14999999998804,321.15000000848056,6.76453928463161e-07
110162.44292540175,0.0,4.042128290210284,0.0,0.7999999999999882,321.15000061602143,321.14999999998804,321.15000000848056,6.76453928463161e-07
110164.88585080349,0.0,4.042127943576933,0.0,0.7999999999999882,321.15000061602143,321.14999999998804,321.15000000848056,6.76453928463161e-07
110169.77170160698,0.0,4.042127257889483,0.0,0.7999999999999882,321.15000061602143,321.14999999998804,321.15000000848056,6.76453928463161e-07
110179.54340321396,0.0,4.042125914662368,0.0,0.7999999999999882,321.15000061602143,321.14999999998804,321.15000000848056,6.76453928463161e-07
110199.08680642792,0.0,4.042123340186494,0.0,0.7999999999999882,321.15000061602143,321.14999999998804,321.15000000848056,6.76453928463161e-07
110238.17361285586,0.0,4.0421186052491755,0.0,0.7999999999999882,321.15000061602143,321.14999999998804,321.15000000848056,6.76453928463161e-07
110277.26041928379,0.0,4.042114382795461,0.0,0.7999999999999882,321.15000061602143,321.14999999998804,321.15000000848056,6.76453928463161e-07
110355.43403213963,0.0,4.042107211648096,0.0,0.7999999999999882,321.15000061602143,321.14999999998804,321.15000000848056,6.76453928463161e-07
110425.79028370991,0.0,4.042102035755436,0.0,0.7999999999999882,321.15000061602143,321.14999999998804,321.15000000848056,6.76453928463161e-07
110496.14653528019,0.0,4.04209783196514,0.0,0.7999999999999882,321.15000061602143,321.14999999998804,321.15000000848056,6.76453928463161e-07
110520.0,0.0,4.042096613502181,0.0,0.7999999999999882,321.15000061602143,321.14999999998804,321.15000000848056,6.76453928463161e-07
110521.08000085832,0.0,4.042096560718127,0.0,0.7999999999999882,321.15000061602143,321.14999999998804,321.15000000848056,6.76453928463161e-07
110522.16000171665,0.0,4.042096508101782,0.0,0.7999999999999882,321.15000061602143,321.14999999998804,321.15000000848056,6.76453928463161e-07
110524.3200034333,0.0,4.0420964032748685,0.0,0.7999999999999882,321.15000061602143,321.14999999998804,321.15000000848056,6.76453928463161e-07
110528.64000686657,0.0,4.042096195649332,0.0,0.7999999999999882,321.15000061602143,321.14999999998804,321.15000000848056,6.76453928463161e-07
110537.28001373315,0.0,4.0420957879527055,0.0,0.7999999999999882,321.15000061602143,321.14999999998804,321.15000000848056,6.76453928463161e-07
110554.5600274663,0.0,4.042095002738165,0.0,0.7999999999999882,321.15000061602143,321.14999999998804,321.15000000848056,6.76453928463161e-07
110589.1200549326,0.0,4.042093544865038,0.0,0.7999999999999882,321.15000061602143,321.14999999998804,321.15000000848056,6.76453928463161e-07
110658.24010986519,0.0,4.04209102381769,0.0,0.7999999999999882,321.15000061602143,321.14999999998804,321.15000000848056,6.76453928463161e-07
110727.36016479778,0.0,4.042088964440568,0.0,0.7999999999999882,321.15000061602143,321.14999999998804,321.15000000848056,6.76453928463161e-07
110796.48021973038,0.0,4.0420872870792515,0.0,0.7999999999999882,321.15000061602143,321.14999999998804,321.15000000848056,6.76453928463161e-07
110865.60027466298,0.0,4.0420859226267005,0.0,0.7999999999999882,321.15000061602143,321.14999999998804,321.15000000848056,6.76453928463161e-07
110880.0,0.0,4.042085674130112,0.0,0.7999999999999882,321.15000061602143,321.14999999998804,321.15000000848056,6.76453928463161e-07
110880.72000085833,0.0,4.042085662100442,0.0,0.7999999999999882,321.15000061602143,321.14999999998804,321.15000000848056,6.76453928463161e-07
110881.44000171665,0.0,4.0420856500962845,0.0,0.7999999999999882,321.15000061602143,321.14999999998804,321.15000000848056,6.76453928463161e-07
110882.8800034333,0.0,4.042085626149758,0.0,0.7999999999999882,321.15000061602143,321.14999999998804,321.15000000848056,6.76453928463161e-07
110885.76000686658,0.0,4.042085578566184,0.0,0.7999999999999882,321.15000061602143,321.14999999998804,321.15000000848056,6.76453928463161e-07
110891.52001373316,0.0,4.042085484560184,0.0,0.7999999999999882,321.15000061602143,321.14999999998804,321.15000000848056,6.76453928463161e-07
110903.04002746631,0.0,4.04208530123676,0.0,0.7999999999999882,321.15000061602143,321.14999999998804,321.15000000848056,6.76453928463161e-07
110926.0800549326,0.0,4.042084952474909,0.0,0.7999999999999882,321.15000061602143,321.14999999998804,321.15000000848056,6.76453928463161e-07
110972.16010986519,0.0,4.042084320402733,0.0,0.7999999999999882,321.15000061602143,321.14999999998804,321.15000000848056,6.76453928463161e-07
111064.32021973038,0.0,4.04208327607752,0.0,0.7999999999999882,321.15000061602143,321.14999999998804,321.15000000848056,6.76453928463161e-07
111156.48032959556,0.0,4.042082478709693,0.0,0.7999999999999882,321.15000061602143,321.14999999998804,321.15000000848056,6.76453928463161e-07
111240.0,0.0,4.042081925217547,0.0,0.7999999999999882,321.15000061602143,321.14999999998804,321.15000000848056,6.76453928463161e-07
111240.36000085832,0.0,4.042081923175438,0.0,0.7999999999999882,321.15000061602143,321.14999999998804,321.15000000848056,6.76453928463161e-07
111240.72000171665,0.0,4.042081921135514,0.0,0.7999999999999882,321.15000061602143,321.14999999998804,321.15000000848056,6.76453928463161e-07
111241.4400034333,0.0,4.0420819170609015,0.0,0.7999999999999882,321.15000061602143,321.14999999998804,321.15000000848056,6.76453928463161e-07
111242.88000686659,0.0,4.042081908938055,0.0,0.7999999999999882,321.15000061602143,321.14999999998804,321.15000000848056,6.76453928463161e-07
111245.76001373315,0.0,4.0420818927920745,0.0,0.7999999999999882,321.15000061602143,321.14999999998804,321.15000000848056,6.76453928463161e-07
111251.5200274663,0.0,4.0420818609071,0.0,0.7999999999999882,321.15000061602143,321.14999999998804,321.15000000848056,6.76453928463161e-07
111263.0400549326,0.0,4.042081798725709,0.0,0.7999999999999882,321.15000061602143,321.14999999998804,321.15000000848056,6.76453928463161e-07
111286.0801098652,0.0,4.042081680440203,0.0,0.7999999999999882,321.15000061602143,321.14999999998804,321.15000000848056,6.76453928463161e-07
111332.16021973037,0.0,4.042081466068883,0.0,0.7999999999999882,321.15000061602143,321.14999999998804,321.15000000848056,6.76453928463161e-07
111424.32043946076,0.0,4.042081111888827,0.0,0.7999999999999882,321.15000061602143,321.14999999998804,321.15000000848056,6.76453928463161e-07
111600.0,0.0,4.042080638083423,0.0,0.7999999999999882,321.15000061602143,321.14999999998804,321.15000000848056,6.76453928463161e-07
115200.0,0.0,4.042080638083423,0.0,0.7999999999999882,320.94555552338113,320.9455549999999,320.9455549999999,5.820766091346741e-13
115203.60000091197,0.0,4.042080631388242,0.0,0.7999999999999882,320.94555552338113,320.9455549999999,320.9455549999999,5.820766091346741e-13
115207.20000182395,0.0,4.042080624763457,0.0,0.7999999999999882,320.94555552338113,320.9455549999999,320.9455549999999,5.820766091346741e-13
115214.40000364787,0.0,4.042080611682717,0.0,0.7999999999999882,320.94555552338113,320.9455549999999,320.9455549999999,5.820766091346741e-13
115228.80000729574,0.0,4.042080586354313,0.0,0.7999999999999882,320.94555552338113,320.9455549999999,320.9455549999999,5.820766091346741e-13
115257.60001459147,0.0,4.042080538646431,0.0,0.7999999999999882,320.94555552338113,320.9455549999999,320.9455549999999,5.820766091346741e-13
115315.20002918292,0.0,4.04208045419775,0.0,0.7999999999999882,320.94555552338113,320.9455549999999,320.9455549999999,5.820766091346741e-13
115430.40005836583,0.0,4.042080320634433,0.0,0.7999999999999882,320.94555552338113,320.9455549999999,320.9455549999999,5.820766091346741e-13
115560.0,0.0,4.042080214971017,0.0,0.7999999999999882,320.94555552338113,320.9455549999999,320.9455549999999,5.820766091346741e-13
115563.24000091196,0.0,4.042080212946868,0.0,0.7999999999999882,320.94555552338113,320.9455549999999,320.9455549999999,5.820766091346741e-13
115566.48000182393,0.0,4.042080210941901,0.0,0.7999999999999882,320.94555552338113,320.9455549999999,320.9455549999999,5.820766091346741e-13
115572.96000364787,0.0,4.04208020697801,0.0,0.7999999999999882,320.94555552338113,320.9455549999999,320.9455549999999,5.820766091346741e-13
115585.92000729573,0.0,4.042080199277841,0.0,0.7999999999999882,320.94555552338113,320.9455549999999,320.9455549999999,5.820766091346741e-13
115611.84001459146,0.0,4.042080184689015,0.0,0.7999999999999882,320.94555552338113,320.9455549999999,320.9455549999999,5.820766091346741e-13
115663.68002918291,0.0,4.042080158559374,0.0,0.7999999999999882,320.94555552338113,320.9455549999999,320.9455549999999,5.820766091346741e-13
115767.36005836583,0.0,4.0420801163166775,0.0,0.7999999999999882,320.94555552338113,320.9455549999999,320.9455549999999,5.820766091346741e-13
115920.0,0.0,4.042080072707098,0.0,0.7999999999999882,320.94555552338113,320.9455549999999,320.9455549999999,5.820766091346741e-13
115922.88000091197,0.0,4.042080072105067,0.0,0.7999999999999882,320.94555552338113,320.9455549999999,320.9455549999999,5.820766091346741e-13
115925.76000182393,0.0,4.0420800715081135,0.0,0.7999999999999882,320.94555552338113,320.9455549999999,320.9455549999999,5.820766091346741e-13
115931.52000364786,0.0,4.042080070326401,0.0,0.7999999999999882,320.94555552338113,320.9455549999999,320.9455549999999,5.820766091346741e-13
115943.04000729573,0.0,4.042080068023415,0.0,0.7999999999999882,320.94555552338113,320.9455549999999,320.9455549999999,5.820766091346741e-13
115966.08001459145,0.0,4.042080063634424,0.0,0.7999999999999882,320.94555552338113,320.9455549999999,320.9455549999999,5.820766091346741e-13
116012.16002918291,0.0,4.042080055679648,0.0,0.7999999999999882,320.94555552338113,320.9455549999999,320.9455549999999,5.820766091346741e-13
116104.32005836582,0.0,4.042080042530417,0.0,0.7999999999999882,320.94555552338113,320.9455549999999,320.9455549999999,5.820766091346741e-13
116280.0,0.0,4.042080024937853,0.0,0.7999999999999882,320.94555552338113,320.9455549999999,320.9455549999999,5.820766091346741e-13
116282.52000091196,0.0,4.0420800247632,0.0,0.7999999999999882,320.94555552338113,320.9455549999999,320.9455549999999,5.820766091346741e-13
116285.04000182393,0.0,4.042080024589829,0.0,0.7999999999999882,320.94555552338113,320.9455549999999,320.9455549999999,5.820766091346741e-13
116290.08000364786,0.0,4.042080024246205,0.0,0.7999999999999882,320.94555552338113,320.9455549999999,320.9455549999999,5.820766091346741e-13
116300.16000729572,0.0,4.04208002357435,0.0,0.7999999999999882,320.94555552338113,320.9455549999999,320.9455549999999,5.820766091346741e-13
116320.32001459145,0.0,4.042080022286365,0.0,0.7999999999999882,320.94555552338113,320.9455549999999,320.9455549999999,5.820766091346741e-13
116360.6400291829,0.0,4.042080019923901,0.0,0.7999999999999882,320.94555552338113,320.9455549999999,320.9455549999999,5.820766091346741e-13
116441.28005836581,0.0,4.042080015929706,0.0,0.7999999999999882,320.94555552338113,320.9455549999999,320.9455549999999,5.820766091346741e-13
116602.56011673165,0.0,4.042080010133047,0.0,0.7999999999999882,320.94555552338113,320.9455549999999,320.9455549999999,5.820766091346741e-13
116640.0,0.0,4.042080009188767,0.0,0.7999999999999882,320.94555552338113,320.9455549999999,320.9455549999999,5.820766091346741e-13
116642.16000091197,0.0,4.042080009138674,0.0,0.7999999999999882,320.94555552338113,320.9455549999999,320.9455549999999,5.820766091346741e-13
116644.32000182393,0.0,4.042080009088899,0.0,0.7999999999999882,320.94555552338113,320.9455549999999,320.9455549999999,5.820766091346741e-13
116648.64000364786,0.0,4.0420800089901086,0.0,0.7999999999999882,320.94555552338113,320.9455549999999,320.9455549999999,5.820766091346741e-13
116657.28000729572,0.0,4.042080008796347,0.0,0.7999999999999882,320.94555552338113,320.9455549999999,320.9455549999999,5.820766091346741e-13
116674.56001459145,0.0,4.04208000842265,0.0,0.7999999999999882,320.94555552338113,320.9455549999999,320.9455549999999,5.820766091346741e-13
116709.1200291829,0.0,4.042080007728906,0.0,0.7999999999999882,320.94555552338113,320.9455549999999,320.9455549999999,5.820766091346741e-13
116778.24005836582,0.0,4.04208000652887,0.0,0.7999999999999882,320.94555552338113,320.9455549999999,320.9455549999999,5.820766091346741e-13
116916.48011673163,0.0,4.042080004712256,0.0,0.7999999999999882,320.94555552338113,320.9455549999999,320.9455549999999,5.820766091346741e-13
117000.0,0.0,4.042080003933169,0.0,0.7999999999999882,320.94555552338113,320.9455549999999,320.9455549999999,5.820766091346741e-13
117001.80000091196,0.0,4.042080003919159,0.0,0.7999999999999882,320.94555552338113,320.9455549999999,320.9455549999999,5.820766091346741e-13
117003.60000182393,0.0,4.042080003905216,0.0,0.7999999999999882,320.94555552338113,320.9455549999999,320.9455549999999,5.820766091346741e-13
117007.20000364786,0.0,4.042080003877514,0.0,0.7999999999999882,320.94555552338113,320.9455549999999,320.9455549999999,5.820766091346741e-13
117014.40000729571,0.0,4.0420800038230045,0.0,0.7999999999999882,320.94555552338113,320.9455549999999,320.9455549999999,5.820766091346741e-13
117028.80001459146,0.0,4.04208000371724,0.0,0.7999999999999882,320.94555552338113,320.9455549999999,320.9455549999999,5.820766091346741e-13
117057.60002918291,0.0,4.0420800035185,0.0,0.7999999999999882,320.94555552338113,320.9455549999999,320.9455549999999,5.820766091346741e-13
117115.20005836582,0.0,4.042080003166644,0.0,0.7999999999999882,320.94555552338113,320.9455549999999,320.9455549999999,5.820766091346741e-13
117230.40011673165,0.0,4.042080002610485,0.0,0.7999999999999882,320.94555552338113,320.9455549999999,320.9455549999999,5.820766091346741e-13
117360.0,0.0,4.042080002172369,0.0,0.7999999999999882,320.94555552338113,320.9455549999999,320.9455549999999,5.820766091346741e-13
117361.44000091197,0.0,4.042080002168603,0.0,0.7999999999999882,320.94555552338113,320.9455549999999,320.9455549999999,5.820766091346741e-13
117362.88000182393,0.0,4.042080002164848,0.0,0.7999999999999882,320.94555552338113,320.9455549999999,320.9455549999999,5.820766091346741e-13
117365.76000364785,0.0,4.042080002157373,0.0,0.7999999999999882,320.94555552338113,320.9455549999999,320.9455549999999,5.820766091346741e-13
117371.52000729572,0.0,4.042080002142628,0.0,0.7999999999999882,320.94555552338113,320.9455549999999,320.9455549999999,5.820766091346741e-13
117383.04001459145,0.0,4.042080002113833,0.0,0.7999999999999882,320.94555552338113,320.9455549999999,320.9455549999999,5.820766091346741e-13
117406.08002918291,0.0,4.042080002059059,0.0,0.7999999999999882,320.94555552338113,320.9455549999999,320.9455549999999,5.820766091346741e-13
117452.16005836581,0.0,4.042080001959771,0.0,0.7999999999999882,320.94555552338113,320.9455549999999,320.9455549999999,5.820766091346741e-13
117544.32011673163,0.0,4.04208000179573,0.0,0.7999999999999882,320.94555552338113,320.9455549999999,320.9455549999999,5.820766091346741e-13
117720.0,0.0,4.042080001576261,0.0,0.7999999999999882,320.94555552338113,320.9455549999999,320.9455549999999,5.820766091346741e-13
117721.08000091196,0.0,4.042080001575325,0.0,0.7999999999999882,320.94555552338113,320.9455549999999,320.9455549999999,5.820766091346741e-13
117722.16000182393,0.0,4.042080001574385,0.0,0.7999999999999882,320.94555552338113,320.9455549999999,320.9455549999999,5.820766091346741e-13
117724.32000364785,0.0,4.042080001572533,0.0,0.7999999999999882,320.94555552338113,320.9455549999999,320.9455549999999,5.820766091346741e-13
117728.64000729573,0.0,4.042080001568841,0.0,0.7999999999999882,320.94555552338113,320.9455549999999,320.9455549999999,5.820766091346741e-13
117737.28001459145,0.0,4.042080001561603,0.0,0.7999999999999882,320.94555552338113,320.9455549999999,320.9455549999999,5.820766091346741e-13
117754.5600291829,0.0,4.042080001547655,0.0,0.7999999999999882,320.94555552338113,320.9455549999999,320.9455549999999,5.820766091346741e-13
117789.12005836582,0.0,4.0420800015217715,0.0,0.7999999999999882,320.94555552338113,320.9455549999999,320.9455549999999,5.820766091346741e-13
117858.24011673164,0.0,4.042080001476997,0.0,0.7999999999999882,320.94555552338113,320.9455549999999,320.9455549999999,5.820766091346741e-13
117996.48023346328,0.0,4.042080001409225,0.0,0.7999999999999882,320.94555552338113,320.9455549999999,320.9455549999999,5.820766091346741e-13
118080.0,0.0,4.042080001380173,0.0,0.7999999999999882,320.94555552338113,320.9455549999999,320.9455549999999,5.820766091346741e-13
118080.72000091197,0.0,4.042080001379961,0.0,0.7999999999999882,320.94555552338113,320.9455549999999,320.9455549999999,5.820766091346741e-13
118081.44000182392,0.0,4.042080001379752,0.0,0.7999999999999882,320.94555552338113,320.9455549999999,320.9455549999999,5.820766091346741e-13
118082.88000364785,0.0,4.042080001379334,0.0,0.7999999999999882,320.94555552338113,320.9455549999999,320.9455549999999,5.820766091346741e-13
118085.76000729573,0.0,4.042080001378503,0.0,0.7999999999999882,320.94555552338113,320.9455549999999,320.9455549999999,5.820766091346741e-13
118091.52001459146,0.0,4.042080001376865,0.0,0.7999999999999882,320.94555552338113,320.9455549999999,320.9455549999999,5.820766091346741e-13
118103.04002918291,0.0,4.042080001373668,0.0,0.7999999999999882,320.94555552338113,320.9455549999999,320.9455549999999,5.820766091346741e-13
118126.08005836583,0.0,4.042080001367587,0.0,0.7999999999999882,320.94555552338113,320.9455549999999,320.9455549999999,5.820766091346741e-13
118172.16011673164,0.0,4.0420800013565685,0.0,0.7999999999999882,320.94555552338113,320.9455549999999,320.9455549999999,5.820766091346741e-13
118264.32023346328,0.0,4.042080001338361,0.0,0.7999999999999882,320.94555552338113,320.9455549999999,320.9455549999999,5.820766091346741e-13
118440.0,0.0,4.042080001314,0.0,0.7999999999999882,320.94555552338113,320.9455549999999,320.9455549999999,5.820766091346741e-13
118440.36000091197,0.0,4.04208000131397,0.0,0.7999999999999882,320.94555552338113,320.9455549999999,320.9455549999999,5.820766091346741e-13
118440.72000182394,0.0,4.042080001313931,0.0,0.7999999999999882,320.94555552338113,320.9455549999999,320.9455549999999,5.820766091346741e-13
118441.44000364788,0.0,4.042080001313861,0.0,0.7999999999999882,320.94555552338113,320.9455549999999,320.9455549999999,5.820766091346741e-13
118442.88000729572,0.0,4.042080001313723,0.0,0.7999999999999882,320.94555552338113,320.9455549999999,320.9455549999999,5.820766091346741e-13
118445.76001459146,0.0,4.042080001313451,0.0,0.7999999999999882,320.94555552338113,320.9455549999999,320.9455549999999,5.820766091346741e-13
118451.52002918292,0.0,4.042080001312904,0.0,0.7999999999999882,320.94555552338113,320.9455549999999,320.9455549999999,5.820766091346741e-13
118463.04005836582,0.0,4.042080001311849,0.0,0.7999999999999882,320.94555552338113,320.9455549999999,320.9455549999999,5.820766091346741e-13
118486.08011673164,0.0,4.042080001309836,0.0,0.7999999999999882,320.94555552338113,320.9455549999999,320.9455549999999,5.820766091346741e-13
118532.16023346329,0.0,4.042080001306191,0.0,0.7999999999999882,320.94555552338113,320.9455549999999,320.9455549999999,5.820766091346741e-13
118624.32046692658,0.0,4.04208000130016,0.0,0.7999999999999882,320.94555552338113,320.9455549999999,320.9455549999999,5.820766091346741e-13
118800.0,0.0,4.042080001292103,0.0,0.7999999999999882,320.94555552338113,320.9455549999999,320.9455549999999,5.820766091346741e-13
122400.0,0.0,4.042080001292103,0.0,0.7999999999999882,320.34615230729327,320.3461520003989,320.3461520003989,0.0
122403.60000096561,0.0,4.0420800012919855,0.0,0.7999999999999882,320.34615230729327,320.3461520003989,320.3461520003989,0.0
122407.20000193123,0.0,4.042080001291879,0.0,0.7999999999999882,320.34615230729327,320.3461520003989,320.3461520003989,0.0
122414.40000386245,0.0,4.04208000129165,0.0,0.7999999999999882,320.34615230729327,320.3461520003989,320.3461520003989,0.0
122428.8000077249,0.0,4.042080001291222,0.0,0.7999999999999882,320.34615230729327,320.3461520003989,320.3461520003989,0.0
122457.60001544977,0.0,4.042080001290408,0.0,0.7999999999999882,320.34615230729327,320.3461520003989,320.3461520003989,0.0
122515.20003089953,0.0,4.042080001288973,0.0,0.7999999999999882,320.34615230729327,320.3461520003989,320.3461520003989,0.0
122630.40006179907,0.0,4.042080001286699,0.0,0.7999999999999882,320.34615230729327,320.3461520003989,320.3461520003989,0.0
122760.0,0.0,4.042080001284905,0.0,0.7999999999999882,320.34615230729327,320.3461520003989,320.3461520003989,0.0
122763.24000096561,0.0,4.042080001284871,0.0,0.7999999999999882,320.34615230729327,320.3461520003989,320.3461520003989,0.0
122766.48000193122,0.0,4.042080001284841,0.0,0.7999999999999882,320.34615230729327,320.3461520003989,320.3461520003989,0.0
122772.96000386245,0.0,4.042080001284768,0.0,0.7999999999999882,320.34615230729327,320.3461520003989,320.3461520003989,0.0
122785.92000772488,0.0,4.042080001284644,0.0,0.7999999999999882,320.34615230729327,320.3461520003989,320.3461520003989,0.0
122811.84001544976,0.0,4.042080001284395,0.0,0.7999999999999882,320.34615230729327,320.3461520003989,320.3461520003989,0.0
122863.68003089953,0.0,4.042080001283949,0.0,0.7999999999999882,320.34615230729327,320.3461520003989,320.3461520003989,0.0
122967.36006179906,0.0,4.042080001283226,0.0,0.7999999999999882,320.34615230729327,320.3461520003989,320.3461520003989,0.0
123120.0,0.0,4.042080001282489,0.0,0.7999999999999882,320.34615230729327,320.3461520003989,320.3461520003989,0.0
123122.88000096561,0.0,4.042080001282484,0.0,0.7999999999999882,320.34615230729327,320.3461520003989,320.3461520003989,0.0
123125.76000193122,0.0,4.042080001282473,0.0,0.7999999999999882,320.34615230729327,320.3461520003989,320.3461520003989,0.0
123131.52000386245,0.0,4.04208000128245,0.0,0.7999999999999882,320.34615230729327,320.3461520003989,320.3461520003989,0.0
123143.04000772489,0.0,4.042080001282411,0.0,0.7999999999999882,320.34615230729327,320.3461520003989,320.3461520003989,0.0
123166.08001544976,0.0,4.042080001282342,0.0,0.7999999999999882,320.34615230729327,320.3461520003989,320.3461520003989,0.0
123212.16003089953,0.0,4.042080001282198,0.0,0.7999999999999882,320.34615230729327,320.3461520003989,320.3461520003989,0.0
123304.32006179905,0.0,4.042080001281974,0.0,0.7999999999999882,320.34615230729327,320.3461520003989,320.3461520003989,0.0
123480.0,0.0,4.042080001281674,0.0,0.7999999999999882,320.34615230729327,320.3461520003989,320.3461520003989,0.0
123482.52000096561,0.0,4.042080001281667,0.0,0.7999999999999882,320.34615230729327,320.3461520003989,320.3461520003989,0.0
123485.04000193122,0.0,4.0420800012816684,0.0,0.7999999999999882,320.34615230729327,320.3461520003989,320.3461520003989,0.0
123490.08000386244,0.0,4.042080001281654,0.0,0.7999999999999882,320.34615230729327,320.3461520003989,320.3461520003989,0.0
123500.16000772489,0.0,4.042080001281649,0.0,0.7999999999999882,320.34615230729327,320.3461520003989,320.3461520003989,0.0
123520.32001544978,0.0,4.042080001281626,0.0,0.7999999999999882,320.34615230729327,320.3461520003989,320.3461520003989,0.0
123560.64003089952,0.0,4.0420800012815885,0.0,0.7999999999999882,320.34615230729327,320.3461520003989,320.3461520003989,0.0
123641.28006179904,0.0,4.042080001281523,0.0,0.7999999999999882,320.34615230729327,320.3461520003989,320.3461520003989,0.0
123802.5601235981,0.0,4.042080001281445,0.0,0.7999999999999882,320.34615230729327,320.3461520003989,320.3461520003989,0.0
123840.0,0.0,4.04208000128143,0.0,0.7999999999999882,320.34615230729327,320.3461520003989,320.3461520003989,0.0
123842.16000096561,0.0,4.042080001281429,0.0,0.7999999999999882,320.34615230729327,320.3461520003989,320.3461520003989,0.0
123844.32000193122,0.0,4.042080001281423,0.0,0.7999999999999882,320.34615230729327,320.3461520003989,320.3461520003989,0.0
123848.64000386244,0.0,4.0420800012814215,0.0,0.7999999999999882,320.34615230729327,320.3461520003989,320.3461520003989,0.0
123857.28000772488,0.0,4.042080001281416,0.0,0.7999999999999882,320.34615230729327,320.3461520003989,320.3461520003989,0.0
123874.56001544977,0.0,4.042080001281409,0.0,0.7999999999999882,320.34615230729327,320.3461520003989,320.3461520003989,0.0
123909.12003089953,0.0,4.042080001281398,0.0,0.7999999999999882,320.34615230729327,320.3461520003989,320.3461520003989,0.0
123978.24006179905,0.0,4.042080001281372,0.0,0.7999999999999882,320.34615230729327,320.3461520003989,320.3461520003989,0.0
124116.4801235981,0.0,4.042080001281345,0.0,0.7999999999999882,320.34615230729327,320.3461520003989,320.3461520003989,0.0
124200.0,0.0,4.042080001281326,0.0,0.7999999999999882,320.34615230729327,320.3461520003989,320.3461520003989,0.0
124201.80000096561,0.0,4.042080001281326,0.0,0.7999999999999882,320.34615230729327,320.3461520003989,320.3461520003989,0.0
124203.60000193122,0.0,4.042080001281326,0.0,0.7999999999999882,320.34615230729327,320.3461520003989,320.3461520003989,0.0
124207.20000386244,0.0,4.042080001281326,0.0,0.7999999999999882,320.34615230729327,320.3461520003989,320.3461520003989,0.0
124214.40000772488,0.0,4.042080001281327,0.0,0.7999999999999882,320.34615230729327,320.3461520003989,320.3461520003989,0.0
124228.80001544976,0.0,4.042080001281324,0.0,0.7999999999999882,320.34615230729327,320.3461520003989,320.3461520003989,0.0
124257.60003089951,0.0,4.042080001281324,0.0,0.7999999999999882,320.34615230729327,320.3461520003989,320.3461520003989,0.0
124315.20006179906,0.0,4.042080001281313,0.0,0.7999999999999882,320.34615230729327,320.3461520003989,320.3461520003989,0.0
124430.4001235981,0.0,4.0420800012813025,0.0,0.7999999999999882,320.34615230729327,320.3461520003989,320.3461520003989,0.0
124560.0,0.0,4.042080001281292,0.0,0.7999999999999882,320.34615230729327,320.3461520003989,320.3461520003989,0.0
124561.44000096561,0.0,4.04208000128129,0.0,0.7999999999999882,320.34615230729327,320.3461520003989,320.3461520003989,0.0
124562.88000193122,0.0,4.04208000128129,0.0,0.7999999999999882,320.34615230729327,320.3461520003989,320.3461520003989,0.0
124565.76000386244,0.0,4.04208000128129,0.0,0.7999999999999882,320.34615230729327,320.3461520003989,320.3461520003989,0.0
124571.52000772487,0.0,4.042080001281288,0.0,0.7999999999999882,320.34615230729327,320.3461520003989,320.3461520003989,0.0
124583.04001544976,0.0,4.04208000128129,0.0,0.7999999999999882,320.34615230729327,320.3461520003989,320.3461520003989,0.0
124606.08003089952,0.0,4.0420800012812865,0.0,0.7999999999999882,320.34615230729327,320.3461520003989,320.3461520003989,0.0
124652.16006179905,0.0,4.042080001281288,0.0,0.7999999999999882,320.34615230729327,320.3461520003989,320.3461520003989,0.0
124744.3201235981,0.0,4.042080001281281,0.0,0.7999999999999882,320.34615230729327,320.3461520003989,320.3461520003989,0.0
124920.0,0.0,4.042080001281278,0.0,0.7999999999999882,320.34615230729327,320.3461520003989,320.3461520003989,0.0
124921.08000096561,0.0,4.042080001281278,0.0,0.7999999999999882,320.34615230729327,320.3461520003989,320.3461520003989,0.0
124922.16000193122,0.0,4.042080001281278,0.0,0.7999999999999882,320.34615230729327,320.3461520003989,320.3461520003989,0.0
124924.32000386243,0.0,4.042080001281279,0.0,0.7999999999999882,320.34615230729327,320.3461520003989,320.3461520003989,0.0
124928.64000772487,0.0,4.042080001281278,0.0,0.7999999999999882,320.34615230729327,320.3461520003989,320.3461520003989,0.0
124937.28001544977,0.0,4.042080001281279,0.0,0.7999999999999882,320.34615230729327,320.3461520003989,320.3461520003989,0.0
124954.56003089952,0.0,4.042080001281279,0.0,0.7999999999999882,320.34615230729327,320.3461520003989,320.3461520003989,0.0
124989.12006179904,0.0,4.042080001281272,0.0,0.7999999999999882,320.34615230729327,320.3461520003989,320.3461520003989,0.0
125058.2401235981,0.0,4.0420800012812705,0.0,0.7999999999999882,320.34615230729327,320.3461520003989,320.3461520003989,0.0
125196.48024719619,0.0,4.042080001281272,0.0,0.7999999999999882,320.34615230729327,320.3461520003989,320.3461520003989,0.0
125280.0,0.0,4.0420800012812705,0.0,0.7999999999999882,320.34615230729327,320.3461520003989,320.3461520003989,0.0
125280.72000096561,0.0,4.0420800012812705,0.0,0.7999999999999882,320.34615230729327,320.3461520003989,320.3461520003989,0.0
125281.44000193122,0.0,4.0420800012812705,0.0,0.7999999999999882,320.34615230729327,320.3461520003989,320.3461520003989,0.0
125282.88000386243,0.0,4.0420800012812705,0.0,0.7999999999999882,320.34615230729327,320.3461520003989,320.3461520003989,0.0
125285.76000772488,0.0,4.0420800012812705,0.0,0.7999999999999882,320.34615230729327,320.3461520003989,320.3461520003989,0.0
125291.52001544976,0.0,4.042080001281272,0.0,0.7999999999999882,320.34615230729327,320.3461520003989,320.3461520003989,0.0
125303.04003089952,0.0,4.042080001281272,0.0,0.7999999999999882,320.34615230729327,320.3461520003989,320.3461520003989,0.0
125326.08006179905,0.0,4.042080001281272,0.0,0.7999999999999882,320.34615230729327,320.3461520003989,320.3461520003989,0.0
125372.16012359809,0.0,4.042080001281269,0.0,0.7999999999999882,320.34615230729327,320.3461520003989,320.3461520003989,0.0
125464.32024719618,0.0,4.042080001281269,0.0,0.7999999999999882,320.34615230729327,320.3461520003989,320.3461520003989,0.0
125640.0,0.0,4.0420800012812705,0.0,0.7999999999999882,320.34615230729327,320.3461520003989,320.3461520003989,0.0
125640.36000096561,0.0,4.0420800012812705,0.0,0.7999999999999882,320.34615230729327,320.3461520003989,320.3461520003989,0.0
125640.72000193121,0.0,4.0420800012812705,0.0,0.7999999999999882,320.34615230729327,320.3461520003989,320.3461520003989,0.0
125641.44000386243,0.0,4.0420800012812705,0.0,0.7999999999999882,320.34615230729327,320.3461520003989,320.3461520003989,0.0
125642.88000772487,0.0,4.0420800012812705,0.0,0.7999999999999882,320.34615230729327,320.3461520003989,320.3461520003989,0.0
125645.76001544975,0.0,4.0420800012812705,0.0,0.7999999999999882,320.34615230729327,320.3461520003989,320.3461520003989,0.0
125651.52003089953,0.0,4.0420800012812705,0.0,0.7999999999999882,320.34615230729327,320.3461520003989,320.3461520003989,0.0
125663.04006179905,0.0,4.0420800012812705,0.0,0.7999999999999882,320.34615230729327,320.3461520003989,320.3461520003989,0.0
125686.0801235981,0.0,4.042080001281267,0.0,0.7999999999999882,320.34615230729327,320.3461520003989,320.3461520003989,0.0
125732.1602471962,0.0,4.042080001281267,0.0,0.7999999999999882,320.34615230729327,320.3461520003989,320.3461520003989,0.0
125824.32049439239,0.0,4.042080001281269,0.0,0.7999999999999882,320.34615230729327,320.3461520003989,320.3461520003989,0.0
126000.0,0.0,4.042080001281269,0.0,0.7999999999999882,320.34615230729327,320.3461520003989,320.3461520003989,0.0
129600.0,0.0,4.042080001281269,0.0,0.7999999999999882,319.3926414881894,319.3926409999917,319.3926409999917,0.0
129603.60000101925,0.0,4.042080001281269,0.0,0.7999999999999882,319.3926414881894,319.3926409999917,319.3926409999917,0.0
129607.2000020385,0.0,4.042080001281269,0.0,0.7999999999999882,319.3926414881894,319.3926409999917,319.3926409999917,0.0
129614.40000407702,0.0,4.042080001281269,0.0,0.7999999999999882,319.3926414881894,319.3926409999917,319.3926409999917,0.0
129628.80000815404,0.0,4.042080001281267,0.0,0.7999999999999882,319.3926414881894,319.3926409999917,319.3926409999917,0.0
129657.60001630808,0.0,4.042080001281267,0.0,0.7999999999999882,319.3926414881894,319.3926409999917,319.3926409999917,0.0
129715.20003261615,0.0,4.042080001281269,0.0,0.7999999999999882,319.3926414881894,319.3926409999917,319.3926409999917,0.0
129830.40006523227,0.0,4.042080001281269,0.0,0.7999999999999882,319.3926414881894,319.3926409999917,319.3926409999917,0.0
129960.0,0.0,4.042080001281269,0.0,0.7999999999999882,319.3926414881894,319.3926409999917,319.3926409999917,0.0
129963.24000101927,0.0,4.042080001281269,0.0,0.7999999999999882,319.3926414881894,319.3926409999917,319.3926409999917,0.0
129966.48000203852,0.0,4.042080001281269,0.0,0.7999999999999882,319.3926414881894,319.3926409999917,319.3926409999917,0.0
129972.96000407703,0.0,4.042080001281269,0.0,0.7999999999999882,319.3926414881894,319.3926409999917,319.3926409999917,0.0
129985.92000815403,0.0,4.042080001281269,0.0,0.7999999999999882,319.3926414881894,319.3926409999917,319.3926409999917,0.0
130011.84001630807,0.0,4.042080001281269,0.0,0.7999999999999882,319.3926414881894,319.3926409999917,319.3926409999917,0.0
130063.68003261613,0.0,4.042080001281269,0.0,0.7999999999999882,319.3926414881894,319.3926409999917,319.3926409999917,0.0
130167.36006523228,0.0,4.0420800012812705,0.0,0.7999999999999882,319.3926414881894,319.3926409999917,319.3926409999917,0.0
130320.0,0.0,4.042080001281267,0.0,0.7999999999999882,319.3926414881894,319.3926409999917,319.3926409999917,0.0
130322.88000101925,0.0,4.042080001281267,0.0,0.7999999999999882,319.3926414881894,319.3926409999917,319.3926409999917,0.0
130325.76000203851,0.0,4.042080001281267,0.0,0.7999999999999882,319.3926414881894,319.3926409999917,319.3926409999917,0.0
130331.52000407703,0.0,4.042080001281267,0.0,0.7999999999999882,319.3926414881894,319.3926409999917,319.3926409999917,0.0
130343.04000815404,0.0,4.042080001281267,0.0,0.7999999999999882,319.3926414881894,319.3926409999917,319.3926409999917,0.0
130366.08001630807,0.0,4.0420800012812705,0.0,0.7999999999999882,319.3926414881894,319.3926409999917,319.3926409999917,0.0
130412.16003261614,0.0,4.042080001281267,0.0,0.7999999999999882,319.3926414881894,319.3926409999917,319.3926409999917,0.0
130504.32006523228,0.0,4.042080001281267,0.0,0.7999999999999882,319.3926414881894,319.3926409999917,319.3926409999917,0.0
130680.0,0.0,4.042080001281267,0.0,0.7999999999999882,319.3926414881894,319.3926409999917,319.3926409999917,0.0
130682.52000101925,0.0,4.042080001281267,0.0,0.7999999999999882,319.3926414881894,319.3926409999917,319.3926409999917,0.0
130685.0400020385,0.0,4.042080001281267,0.0,0.7999999999999882,319.3926414881894,319.3926409999917,319.3926409999917,0.0
130690.08000407701,0.0,4.042080001281267,0.0,0.7999999999999882,319.3926414881894,319.3926409999917,319.3926409999917,0.0
130700.16000815402,0.0,4.042080001281267,0.0,0.7999999999999882,319.3926414881894,319.3926409999917,319.3926409999917,0.0
130720.32001630806,0.0,4.042080001281267,0.0,0.7999999999999882,319.3926414881894,319.3926409999917,319.3926409999917,0.0
130760.64003261614,0.0,4.042080001281267,0.0,0.7999999999999882,319.3926414881894,319.3926409999917,319.3926409999917,0.0
130841.28006523228,0.0,4.0420800012812705,0.0,0.7999999999999882,319.3926414881894,319.3926409999917,319.3926409999917,0.0
131002.56013046455,0.0,4.042080001281267,0.0,0.7999999999999882,319.3926414881894,319.3926409999917,319.3926409999917,0.0
131040.0,0.0,4.042080001281267,0.0,0.7999999999999882,319.3926414881894,319.3926409999917,319.3926409999917,0.0
131042.16000101925,0.0,4.042080001281267,0.0,0.7999999999999882,319.3926414881894,319.3926409999917,319.3926409999917,0.0
131044.3200020385,0.0,4.042080001281267,0.0,0.7999999999999882,319.3926414881894,319.3926409999917,319.3926409999917,0.0
131048.64000407701,0.0,4.042080001281267,0.0,0.7999999999999882,319.3926414881894,319.3926409999917,319.3926409999917,0.0
131057.28000815403,0.0,4.042080001281267,0.0,0.7999999999999882,319.3926414881894,319.3926409999917,319.3926409999917,0.0
131074.56001630807,0.0,4.042080001281267,0.0,0.7999999999999882,319.3926414881894,319.3926409999917,319.3926409999917,0.0
131109.12003261613,0.0,4.042080001281267,0.0,0.7999999999999882,319.3926414881894,319.3926409999917,319.3926409999917,0.0
131178.24006523227,0.0,4.0420800012812705,0.0,0.7999999999999882,319.3926414881894,319.3926409999917,319.3926409999917,0.0
131316.48013046454,0.0,4.042080001281267,0.0,0.7999999999999882,319.3926414881894,319.3926409999917,319.3926409999917,0.0
131400.0,0.0,4.042080001281267,0.0,0.7999999999999882,319.3926414881894,319.3926409999917,319.3926409999917,0.0
131401.80000101926,0.0,4.042080001281267,0.0,0.7999999999999882,319.3926414881894,319.3926409999917,319.3926409999917,0.0
131403.6000020385,0.0,4.042080001281267,0.0,0.7999999999999882,319.3926414881894,319.3926409999917,319.3926409999917,0.0
131407.200004077,0.0,4.042080001281267,0.0,0.7999999999999882,319.3926414881894,319.3926409999917,319.3926409999917,0.0
131414.40000815404,0.0,4.042080001281267,0.0,0.7999999999999882,319.3926414881894,319.3926409999917,319.3926409999917,0.0
131428.80001630806,0.0,4.042080001281267,0.0,0.7999999999999882,319.3926414881894,319.3926409999917,319.3926409999917,0.0
131457.60003261612,0.0,4.042080001281267,0.0,0.7999999999999882,319.3926414881894,319.3926409999917,319.3926409999917,0.0
131515.2000652323,0.0,4.0420800012812705,0.0,0.7999999999999882,319.3926414881894,319.3926409999917,319.3926409999917,0.0
131630.40013046455,0.0,4.042080001281267,0.0,0.7999999999999882,319.3926414881894,319.3926409999917,319.3926409999917,0.0
131760.0,0.0,4.042080001281269,0.0,0.7999999999999882,319.3926414881894,319.3926409999917,319.3926409999917,0.0
131761.44000101925,0.0,4.042080001281269,0.0,0.7999999999999882,319.3926414881894,319.3926409999917,319.3926409999917,0.0
131762.8800020385,0.0,4.042080001281269,0.0,0.7999999999999882,319.3926414881894,319.3926409999917,319.3926409999917,0.0
131765.760004077,0.0,4.042080001281269,0.0,0.7999999999999882,319.3926414881894,319.3926409999917,319.3926409999917,0.0
131771.52000815404,0.0,4.042080001281269,0.0,0.7999999999999882,319.3926414881894,319.3926409999917,319.3926409999917,0.0
131783.04001630808,0.0,4.042080001281269,0.0,0.7999999999999882,319.3926414881894,319.3926409999917,319.3926409999917,0.0
131806.08003261613,0.0,4.0420800012812705,0.0,0.7999999999999882,319.3926414881894,319.3926409999917,319.3926409999917,0.0
131852.16006523225,0.0,4.0420800012812705,0.0,0.7999999999999882,319.3926414881894,319.3926409999917,319.3926409999917,0.0
131944.32013046456,0.0,4.042080001281269,0.0,0.7999999999999882,319.3926414881894,319.3926409999917,319.3926409999917,0.0
132120.0,0.0,4.042080001281269,0.0,0.7999999999999882,319.3926414881894,319.3926409999917,319.3926409999917,0.0
132121.08000101926,0.0,4.042080001281269,0.0,0.7999999999999882,319.3926414881894,319.3926409999917,319.3926409999917,0.0
132122.16000203852,0.0,4.042080001281269,0.0,0.7999999999999882,319.3926414881894,319.3926409999917,319.3926409999917,0.0
132124.32000407705,0.0,4.042080001281269,0.0,0.7999999999999882,319.3926414881894,319.3926409999917,319.3926409999917,0.0
132128.64000815403,0.0,4.042080001281269,0.0,0.7999999999999882,319.3926414881894,319.3926409999917,319.3926409999917,0.0
132137.28001630807,0.0,4.042080001281269,0.0,0.7999999999999882,319.3926414881894,319.3926409999917,319.3926409999917,0.0
132154.56003261614,0.0,4.042080001281269,0.0,0.7999999999999882,319.3926414881894,319.3926409999917,319.3926409999917,0.0
132189.12006523227,0.0,4.042080001281269,0.0,0.7999999999999882,319.3926414881894,319.3926409999917,319.3926409999917,0.0
132258.24013046455,0.0,4.042080001281269,0.0,0.7999999999999882,319.3926414881894,319.3926409999917,319.3926409999917,0.0
132396.48026092912,0.0,4.0420800012812705,0.0,0.7999999999999882,319.3926414881894,319.3926409999917,319.3926409999917,0.0
132480.0,0.0,4.042080001281272,0.0,0.7999999999999882,319.3926414881894,319.3926409999917,319.3926409999917,0.0
132480.72000101925,0.0,4.042080001281272,0.0,0.7999999999999882,319.3926414881894,319.3926409999917,319.3926409999917,0.0
132481.44000203852,0.0,4.042080001281272,0.0,0.7999999999999882,319.3926414881894,319.3926409999917,319.3926409999917,0.0
132482.88000407704,0.0,4.042080001281272,0.0,0.7999999999999882,319.3926414881894,319.3926409999917,319.3926409999917,0.0
132485.76000815403,0.0,4.042080001281272,0.0,0.7999999999999882,319.3926414881894,319.3926409999917,319.3926409999917,0.0
132491.52001630806,0.0,4.042080001281272,0.0,0.7999999999999882,319.3926414881894,319.3926409999917,319.3926409999917,0.0
132503.04003261615,0.0,4.0420800012812705,0.0,0.7999999999999882,319.3926414881894,319.3926409999917,319.3926409999917,0.0
132526.0800652323,0.0,4.042080001281269,0.0,0.7999999999999882,319.3926414881894,319.3926409999917,319.3926409999917,0.0
132572.16013046456,0.0,4.042080001281269,0.0,0.7999999999999882,319.3926414881894,319.3926409999917,319.3926409999917,0.0
132664.32026092912,0.0,4.042080001281272,0.0,0.7999999999999882,319.3926414881894,319.3926409999917,319.3926409999917,0.0
132840.0,0.0,4.042080001281272,0.0,0.7999999999999882,319.3926414881894,319.3926409999917,319.3926409999917,0.0
132840.36000101926,0.0,4.042080001281272,0.0,0.7999999999999882,319.3926414881894,319.3926409999917,319.3926409999917,0.0
132840.72000203852,0.0,4.042080001281272,0.0,0.7999999999999882,319.3926414881894,319.3926409999917,319.3926409999917,0.0
132841.44000407704,0.0,4.042080001281272,0.0,0.7999999999999882,319.3926414881894,319.3926409999917,319.3926409999917,0.0
132842.88000815402,0.0,4.042080001281272,0.0,0.7999999999999882,319.3926414881894,319.3926409999917,319.3926409999917,0.0
132845.76001630808,0.0,4.042080001281272,0.0,0.7999999999999882,319.3926414881894,319.3926409999917,319.3926409999917,0.0
132851.52003261616,0.0,4.042080001281272,0.0,0.7999999999999882,319.3926414881894,319.3926409999917,319.3926409999917,0.0
132863.0400652323,0.0,4.042080001281272,0.0,0.7999999999999882,319.3926414881894,319.3926409999917,319.3926409999917,0.0
132886.08013046457,0.0,4.042080001281272,0.0,0.7999999999999882,319.3926414881894,319.3926409999917,319.3926409999917,0.0
132932.16026092911,0.0,4.042080001281272,0.0,0.7999999999999882,319.3926414881894,319.3926409999917,319.3926409999917,0.0
133024.32052185823,0.0,4.042080001281274,0.0,0.7999999999999882,319.3926414881894,319.3926409999917,319.3926409999917,0.0
133200.0,0.0,4.0420800012812705,0.0,0.7999999999999882,319.3926414881894,319.3926409999917,319.3926409999917,0.0
136800.0,0.0,4.0420800012812705,0.0,0.7999999999999882,318.1500006362231,318.1499999999909,318.1499999999909,0.0
136803.60000107292,0.0,4.0420800012812705,0.0,0.7999999999999882,318.1500006362231,318.1499999999909,318.1499999999909,0.0
136807.20000214584,0.0,4.0420800012812705,0.0,0.7999999999999882,318.1500006362231,318.1499999999909,318.1499999999909,0.0
136814.40000429162,0.0,4.0420800012812705,0.0,0.7999999999999882,318.1500006362231,318.1499999999909,318.1499999999909,0.0
136828.8000085832,0.0,4.0420800012812705,0.0,0.7999999999999882,318.1500006362231,318.1499999999909,318.1499999999909,0.0
136857.6000171664,0.0,4.0420800012812705,0.0,0.7999999999999882,318.1500006362231,318.1499999999909,318.1499999999909,0.0
136915.20003433275,0.0,4.0420800012812705,0.0,0.7999999999999882,318.1500006362231,318.1499999999909,318.1499999999909,0.0
137030.4000686655,0.0,4.0420800012812705,0.0,0.7999999999999882,318.1500006362231,318.1499999999909,318.1499999999909,0.0
137160.0,0.0,4.042080001281274,0.0,0.7999999999999882,318.1500006362231,318.1499999999909,318.1499999999909,0.0
137163.2400010729,0.0,4.042080001281274,0.0,0.7999999999999882,318.1500006362231,318.1499999999909,318.1499999999909,0.0
137166.4800021458,0.0,4.042080001281274,0.0,0.7999999999999882,318.1500006362231,318.1499999999909,318.1499999999909,0.0
137172.9600042916,0.0,4.042080001281274,0.0,0.7999999999999882,318.1500006362231,318.1499999999909,318.1499999999909,0.0
137185.9200085832,0.0,4.042080001281274,0.0,0.7999999999999882,318.1500006362231,318.1499999999909,318.1499999999909,0.0
137211.8400171664,0.0,4.042080001281274,0.0,0.7999999999999882,318.1500006362231,318.1499999999909,318.1499999999909,0.0
137263.68003433276,0.0,4.042080001281274,0.0,0.7999999999999882,318.1500006362231,318.1499999999909,318.1499999999909,0.0
137367.36006866553,0.0,4.042080001281274,0.0,0.7999999999999882,318.1500006362231,318.1499999999909,318.1499999999909,0.0
137520.0,0.0,4.042080001281274,0.0,0.7999999999999882,318.1500006362231,318.1499999999909,318.1499999999909,0.0
137522.8800010729,0.0,4.042080001281274,0.0,0.7999999999999882,318.1500006362231,318.1499999999909,318.1499999999909,0.0
137525.7600021458,0.0,4.042080001281274,0.0,0.7999999999999882,318.1500006362231,318.1499999999909,318.1499999999909,0.0
137531.5200042916,0.0,4.042080001281274,0.0,0.7999999999999882,318.1500006362231,318.1499999999909,318.1499999999909,0.0
137543.0400085832,0.0,4.042080001281274,0.0,0.7999999999999882,318.1500006362231,318.1499999999909,318.1499999999909,0.0
137566.0800171664,0.0,4.042080001281274,0.0,0.7999999999999882,318.1500006362231,318.1499999999909,318.1499999999909,0.0
137612.16003433277,0.0,4.042080001281272,0.0,0.7999999999999882,318.1500006362231,318.1499999999909,318.1499999999909,0.0
137704.32006866552,0.0,4.042080001281274,0.0,0.7999999999999882,318.1500006362231,318.1499999999909,318.1499999999909,0.0
137880.0,0.0,4.042080001281274,0.0,0.7999999999999882,318.1500006362231,318.1499999999909,318.1499999999909,0.0
137882.5200010729,0.0,4.042080001281274,0.0,0.7999999999999882,318.1500006362231,318.1499999999909,318.1499999999909,0.0
137885.0400021458,0.0,4.042080001281274,0.0,0.7999999999999882,318.1500006362231,318.1499999999909,318.1499999999909,0.0
137890.0800042916,0.0,4.042080001281274,0.0,0.7999999999999882,318.1500006362231,318.1499999999909,318.1499999999909,0.0
137900.1600085832,0.0,4.042080001281274,0.0,0.7999999999999882,318.1500006362231,318.1499999999909,318.1499999999909,0.0
137920.32001716638,0.0,4.042080001281274,0.0,0.7999999999999882,318.1500006362231,318.1499999999909,318.1499999999909,0.0
137960.64003433276,0.0,4.042080001281267,0.0,0.7999999999999882,318.1500006362231,318.1499999999909,318.1499999999909,0.0
138041.2800686655,0.0,4.042080001281267,0.0,0.7999999999999882,318.1500006362231,318.1499999999909,318.1499999999909,0.0
138202.56013733102,0.0,4.042080001281272,0.0,0.7999999999999882,318.1500006362231,318.1499999999909,318.1499999999909,0.0
138240.0,0.0,4.042080001281272,0.0,0.7999999999999882,318.1500006362231,318.1499999999909,318.1499999999909,0.0
138242.16000107292,0.0,4.042080001281272,0.0,0.7999999999999882,318.1500006362231,318.1499999999909,318.1499999999909,0.0
138244.3200021458,0.0,4.042080001281272,0.0,0.7999999999999882,318.1500006362231,318.1499999999909,318.1499999999909,0.0
138248.6400042916,0.0,4.042080001281272,0.0,0.7999999999999882,318.1500006362231,318.1499999999909,318.1499999999909,0.0
138257.2800085832,0.0,4.042080001281272,0.0,0.7999999999999882,318.1500006362231,318.1499999999909,318.1499999999909,0.0
138274.56001716637,0.0,4.042080001281272,0.0,0.7999999999999882,318.1500006362231,318.1499999999909,318.1499999999909,0.0
138309.12003433277,0.0,4.042080001281272,0.0,0.7999999999999882,318.1500006362231,318.1499999999909,318.1499999999909,0.0
138378.24006866553,0.0,4.042080001281272,0.0,0.7999999999999882,318.1500006362231,318.1499999999909,318.1499999999909,0.0
138516.480137331,0.0,4.042080001281267,0.0,0.7999999999999882,318.1500006362231,318.1499999999909,318.1499999999909,0.0
138600.0,0.0,4.042080001281269,0.0,0.7999999999999882,318.1500006362231,318.1499999999909,318.1499999999909,0.0
138601.8000010729,0.0,4.042080001281269,0.0,0.7999999999999882,318.1500006362231,318.1499999999909,318.1499999999909,0.0
138603.6000021458,0.0,4.042080001281269,0.0,0.7999999999999882,318.1500006362231,318.1499999999909,318.1499999999909,0.0
138607.2000042916,0.0,4.042080001281269,0.0,0.7999999999999882,318.1500006362231,318.1499999999909,318.1499999999909,0.0
138614.4000085832,0.0,4.042080001281269,0.0,0.7999999999999882,318.1500006362231,318.1499999999909,318.1499999999909,0.0
138628.8000171664,0.0,4.042080001281269,0.0,0.7999999999999882,318.1500006362231,318.1499999999909,318.1499999999909,0.0
138657.60003433278,0.0,4.042080001281267,0.0,0.7999999999999882,318.1500006362231,318.1499999999909,318.1499999999909,0.0
138715.2000686655,0.0,4.0420800012812705,0.0,0.7999999999999882,318.1500006362231,318.1499999999909,318.1499999999909,0.0
138830.40013733102,0.0,4.042080001281269,0.0,0.7999999999999882,318.1500006362231,318.1499999999909,318.1499999999909,0.0
138960.0,0.0,4.042080001281272,0.0,0.7999999999999882,318.1500006362231,318.1499999999909,318.1499999999909,0.0
138961.4400010729,0.0,4.042080001281272,0.0,0.7999999999999882,318.1500006362231,318.1499999999909,318.1499999999909,0.0
138962.8800021458,0.0,4.042080001281272,0.0,0.7999999999999882,318.1500006362231,318.1499999999909,318.1499999999909,0.0
138965.7600042916,0.0,4.042080001281272,0.0,0.7999999999999882,318.1500006362231,318.1499999999909,318.1499999999909,0.0
138971.5200085832,0.0,4.042080001281272,0.0,0.7999999999999882,318.1500006362231,318.1499999999909,318.1499999999909,0.0
138983.04001716638,0.0,4.042080001281272,0.0,0.7999999999999882,318.1500006362231,318.1499999999909,318.1499999999909,0.0
139006.08003433276,0.0,4.0420800012812705,0.0,0.7999999999999882,318.1500006362231,318.1499999999909,318.1499999999909,0.0
139052.16006866551,0.0,4.0420800012812705,0.0,0.7999999999999882,318.1500006362231,318.1499999999909,318.1499999999909,0.0
139144.32013733103,0.0,4.042080001281269,0.0,0.7999999999999882,318.1500006362231,318.1499999999909,318.1499999999909,0.0
139320.0,0.0,4.042080001281272,0.0,0.7999999999999882,318.1500006362231,318.1499999999909,318.1499999999909,0.0
139321.0800010729,0.0,4.042080001281272,0.0,0.7999999999999882,318.1500006362231,318.1499999999909,318.1499999999909,0.0
139322.1600021458,0.0,4.042080001281272,0.0,0.7999999999999882,318.1500006362231,318.1499999999909,318.1499999999909,0.0
139324.3200042916,0.0,4.042080001281272,0.0,0.7999999999999882,318.1500006362231,318.1499999999909,318.1499999999909,0.0
139328.6400085832,0.0,4.042080001281272,0.0,0.7999999999999882,318.1500006362231,318.1499999999909,318.1499999999909,0.0
139337.2800171664,0.0,4.042080001281272,0.0,0.7999999999999882,318.1500006362231,318.1499999999909,318.1499999999909,0.0
139354.56003433274,0.0,4.042080001281272,0.0,0.7999999999999882,318.1500006362231,318.1499999999909,318.1499999999909,0.0
139389.1200686655,0.0,4.042080001281272,0.0,0.7999999999999882,318.1500006362231,318.1499999999909,318.1499999999909,0.0
139458.240137331,0.0,4.042080001281272,0.0,0.7999999999999882,318.1500006362231,318.1499999999909,318.1499999999909,0.0
139596.48027466203,0.0,4.0420800012812705,0.0,0.7999999999999882,318.1500006362231,318.1499999999909,318.1499999999909,0.0
139680.0,0.0,4.0420800012812705,0.0,0.7999999999999882,318.1500006362231,318.1499999999909,318.1499999999909,0.0
139680.7200010729,0.0,4.0420800012812705,0.0,0.7999999999999882,318.1500006362231,318.1499999999909,318.1499999999909,0.0
139681.4400021458,0.0,4.0420800012812705,0.0,0.7999999999999882,318.1500006362231,318.1499999999909,318.1499999999909,0.0
139682.8800042916,0.0,4.0420800012812705,0.0,0.7999999999999882,318.1500006362231,318.1499999999909,318.1499999999909,0.0
139685.7600085832,0.0,4.0420800012812705,0.0,0.7999999999999882,318.1500006362231,318.1499999999909,318.1499999999909,0.0
139691.5200171664,0.0,4.0420800012812705,0.0,0.7999999999999882,318.1500006362231,318.1499999999909,318.1499999999909,0.0
139703.04003433278,0.0,4.0420800012812705,0.0,0.7999999999999882,318.1500006362231,318.1499999999909,318.1499999999909,0.0
139726.0800686655,0.0,4.0420800012812705,0.0,0.7999999999999882,318.1500006362231,318.1499999999909,318.1499999999909,0.0
139772.160137331,0.0,4.0420800012812705,0.0,0.7999999999999882,318.1500006362231,318.1499999999909,318.1499999999909,0.0
139864.32027466202,0.0,4.0420800012812705,0.0,0.7999999999999882,318.1500006362231,318.1499999999909,318.1499999999909,0.0
140040.0,0.0,4.0420800012812705,0.0,0.7999999999999882,318.1500006362231,318.1499999999909,318.1499999999909,0.0
140040.3600010729,0.0,4.0420800012812705,0.0,0.7999999999999882,318.1500006362231,318.1499999999909,318.1499999999909,0.0
140040.7200021458,0.0,4.0420800012812705,0.0,0.7999999999999882,318.1500006362231,318.1499999999909,318.1499999999909,0.0
140041.4400042916,0.0,4.0420800012812705,0.0,0.7999999999999882,318.1500006362231,318.1499999999909,318.1499999999909,0.0
140042.8800085832,0.0,4.0420800012812705,0.0,0.7999999999999882,318.1500006362231,318.1499999999909,318.1499999999909,0.0
140045.76001716638,0.0,4.0420800012812705,0.0,0.7999999999999882,318.1500006362231,318.1499999999909,318.1499999999909,0.0
140051.52003433276,0.0,4.0420800012812705,0.0,0.7999999999999882,318.1500006362231,318.1499999999909,318.1499999999909,0.0
140063.04006866552,0.0,4.042080001281267,0.0,0.7999999999999882,318.1500006362231,318.1499999999909,318.1499999999909,0.0
140086.080137331,0.0,4.042080001281267,0.0,0.7999999999999882,318.1500006362231,318.1499999999909,318.1499999999909,0.0
140132.16027466202,0.0,4.042080001281272,0.0,0.7999999999999882,318.1500006362231,318.1499999999909,318.1499999999909,0.0
140224.32054932404,0.0,4.042080001281272,0.0,0.7999999999999882,318.1500006362231,318.1499999999909,318.1499999999909,0.0
140400.0,0.0,4.042080001281278,0.0,0.7999999999999882,318.1500006362231,318.1499999999909,318.1499999999909,0.0
144000.0,0.0,4.042080001281278,0.0,0.7999999999999882,316.7029147409075,316.7029139999994,316.7029139999994,0.0
144003.60000112656,0.0,4.042080001281278,0.0,0.7999999999999882,316.7029147409075,316.7029139999994,316.7029139999994,0.0
144007.2000022531,0.0,4.042080001281278,0.0,0.7999999999999882,316.7029147409075,316.7029139999994,316.7029139999994,0.0
144014.40000450617,0.0,4.042080001281278,0.0,0.7999999999999882,316.7029147409075,316.7029139999994,316.7029139999994,0.0
144028.80000901234,0.0,4.042080001281278,0.0,0.7999999999999882,316.7029147409075,316.7029139999994,316.7029139999994,0.0
144057.60001802468,0.0,4.042080001281278,0.0,0.7999999999999882,316.7029147409075,316.7029139999994,316.7029139999994,0.0
144115.20003604935,0.0,4.042080001281278,0.0,0.7999999999999882,316.7029147409075,316.7029139999994,316.7029139999994,0.0
144230.40007209874,0.0,4.042080001281276,0.0,0.7999999999999882,316.7029147409075,316.7029139999994,316.7029139999994,0.0
144360.0,0.0,4.042080001281278,0.0,0.7999999999999882,316.7029147409075,316.7029139999994,316.7029139999994,0.0
144363.24000112654,0.0,4.042080001281278,0.0,0.7999999999999882,316.7029147409075,316.7029139999994,316.7029139999994,0.0
144366.48000225308,0.0,4.042080001281278,0.0,0.7999999999999882,316.7029147409075,316.7029139999994,316.7029139999994,0.0
144372.96000450617,0.0,4.042080001281278,0.0,0.7999999999999882,316.7029147409075,316.7029139999994,316.7029139999994,0.0
144385.92000901233,0.0,4.042080001281278,0.0,0.7999999999999882,316.7029147409075,316.7029139999994,316.7029139999994,0.0
144411.84001802467,0.0,4.042080001281276,0.0,0.7999999999999882,316.7029147409075,316.7029139999994,316.7029139999994,0.0
144463.68003604937,0.0,4.042080001281279,0.0,0.7999999999999882,316.7029147409075,316.7029139999994,316.7029139999994,0.0
144567.36007209873,0.0,4.042080001281278,0.0,0.7999999999999882,316.7029147409075,316.7029139999994,316.7029139999994,0.0
144720.0,0.0,4.042080001281279,0.0,0.7999999999999882,316.7029147409075,316.7029139999994,316.7029139999994,0.0
144722.88000112656,0.0,4.042080001281279,0.0,0.7999999999999882,316.7029147409075,316.7029139999994,316.7029139999994,0.0
144725.76000225308,0.0,4.042080001281279,0.0,0.7999999999999882,316.7029147409075,316.7029139999994,316.7029139999994,0.0
144731.52000450616,0.0,4.042080001281279,0.0,0.7999999999999882,316.7029147409075,316.7029139999994,316.7029139999994,0.0
144743.04000901233,0.0,4.042080001281279,0.0,0.7999999999999882,316.7029147409075,316.7029139999994,316.7029139999994,0.0
144766.08001802466,0.0,4.042080001281279,0.0,0.7999999999999882,316.7029147409075,316.7029139999994,316.7029139999994,0.0
144812.16003604938,0.0,4.042080001281281,0.0,0.7999999999999882,316.7029147409075,316.7029139999994,316.7029139999994,0.0
144904.32007209872,0.0,4.042080001281279,0.0,0.7999999999999882,316.7029147409075,316.7029139999994,316.7029139999994,0.0
145080.0,0.0,4.042080001281281,0.0,0.7999999999999882,316.7029147409075,316.7029139999994,316.7029139999994,0.0
145082.52000112654,0.0,4.042080001281281,0.0,0.7999999999999882,316.7029147409075,316.7029139999994,316.7029139999994,0.0
145085.04000225308,0.0,4.042080001281281,0.0,0.7999999999999882,316.7029147409075,316.7029139999994,316.7029139999994,0.0
145090.08000450616,0.0,4.042080001281281,0.0,0.7999999999999882,316.7029147409075,316.7029139999994,316.7029139999994,0.0
145100.16000901232,0.0,4.042080001281281,0.0,0.7999999999999882,316.7029147409075,316.7029139999994,316.7029139999994,0.0
145120.32001802468,0.0,4.042080001281281,0.0,0.7999999999999882,316.7029147409075,316.7029139999994,316.7029139999994,0.0
145160.64003604936,0.0,4.042080001281279,0.0,0.7999999999999882,316.7029147409075,316.7029139999994,316.7029139999994,0.0
145241.2800720987,0.0,4.042080001281279,0.0,0.7999999999999882,316.7029147409075,316.7029139999994,316.7029139999994,0.0
145402.56014419746,0.0,4.042080001281279,0.0,0.7999999999999882,316.7029147409075,316.7029139999994,316.7029139999994,0.0
145440.0,0.0,4.042080001281279,0.0,0.7999999999999882,316.7029147409075,316.7029139999994,316.7029139999994,0.0
145442.16000112653,0.0,4.042080001281279,0.0,0.7999999999999882,316.7029147409075,316.7029139999994,316.7029139999994,0.0
145444.32000225308,0.0,4.042080001281279,0.0,0.7999999999999882,316.7029147409075,316.7029139999994,316.7029139999994,0.0
145448.64000450616,0.0,4.042080001281279,0.0,0.7999999999999882,316.7029147409075,316.7029139999994,316.7029139999994,0.0
145457.28000901232,0.0,4.042080001281279,0.0,0.7999999999999882,316.7029147409075,316.7029139999994,316.7029139999994,0.0
145474.56001802467,0.0,4.042080001281279,0.0,0.7999999999999882,316.7029147409075,316.7029139999994,316.7029139999994,0.0
145509.12003604934,0.0,4.042080001281279,0.0,0.7999999999999882,316.7029147409075,316.7029139999994,316.7029139999994,0.0
145578.24007209874,0.0,4.042080001281281,0.0,0.7999999999999882,316.7029147409075,316.7029139999994,316.7029139999994,0.0
145716.48014419747,0.0,4.042080001281281,0.0,0.7999999999999882,316.7029147409075,316.7029139999994,316.7029139999994,0.0
145800.0,0.0,4.042080001281279,0.0,0.7999999999999882,316.7029147409075,316.7029139999994,316.7029139999994,0.0
145801.80000112654,0.0,4.042080001281279,0.0,0.7999999999999882,316.7029147409075,316.7029139999994,316.7029139999994,0.0
145803.60000225308,0.0,4.042080001281279,0.0,0.7999999999999882,316.7029147409075,316.7029139999994,316.7029139999994,0.0
145807.20000450616,0.0,4.042080001281279,0.0,0.7999999999999882,316.7029147409075,316.7029139999994,316.7029139999994,0.0
145814.40000901232,0.0,4.042080001281279,0.0,0.7999999999999882,316.7029147409075,316.7029139999994,316.7029139999994,0.0
145828.8000180247,0.0,4.042080001281279,0.0,0.7999999999999882,316.7029147409075,316.7029139999994,316.7029139999994,0.0
145857.60003604938,0.0,4.042080001281279,0.0,0.7999999999999882,316.7029147409075,316.7029139999994,316.7029139999994,0.0
145915.20007209873,0.0,4.042080001281283,0.0,0.7999999999999882,316.7029147409075,316.7029139999994,316.7029139999994,0.0
146030.40014419745,0.0,4.042080001281279,0.0,0.7999999999999882,316.7029147409075,316.7029139999994,316.7029139999994,0.0
146160.0,0.0,4.042080001281281,0.0,0.7999999999999882,316.7029147409075,316.7029139999994,316.7029139999994,0.0
146161.44000112655,0.0,4.042080001281281,0.0,0.7999999999999882,316.7029147409075,316.7029139999994,316.7029139999994,0.0
146162.88000225308,0.0,4.042080001281281,0.0,0.7999999999999882,316.7029147409075,316.7029139999994,316.7029139999994,0.0
146165.76000450616,0.0,4.042080001281281,0.0,0.7999999999999882,316.7029147409075,316.7029139999994,316.7029139999994,0.0
146171.52000901234,0.0,4.042080001281281,0.0,0.7999999999999882,316.7029147409075,316.7029139999994,316.7029139999994,0.0
146183.04001802468,0.0,4.042080001281281,0.0,0.7999999999999882,316.7029147409075,316.7029139999994,316.7029139999994,0.0
146206.08003604936,0.0,4.042080001281279,0.0,0.7999999999999882,316.7029147409075,316.7029139999994,316.7029139999994,0.0
146252.16007209872,0.0,4.042080001281281,0.0,0.7999999999999882,316.7029147409075,316.7029139999994,316.7029139999994,0.0
146344.32014419744,0.0,4.042080001281283,0.0,0.7999999999999882,316.7029147409075,316.7029139999994,316.7029139999994,0.0
146520.0,0.0,4.042080001281283,0.0,0.7999999999999882,316.7029147409075,316.7029139999994,316.7029139999994,0.0
146521.08000112654,0.0,4.042080001281283,0.0,0.7999999999999882,316.7029147409075,316.7029139999994,316.7029139999994,0.0
146522.16000225308,0.0,4.042080001281283,0.0,0.7999999999999882,316.7029147409075,316.7029139999994,316.7029139999994,0.0
146524.32000450615,0.0,4.042080001281283,0.0,0.7999999999999882,316.7029147409075,316.7029139999994,316.7029139999994,0.0
146528.64000901234,0.0,4.042080001281283,0.0,0.7999999999999882,316.7029147409075,316.7029139999994,316.7029139999994,0.0
146537.28001802467,0.0,4.042080001281283,0.0,0.7999999999999882,316.7029147409075,316.7029139999994,316.7029139999994,0.0
146554.56003604934,0.0,4.042080001281283,0.0,0.7999999999999882,316.7029147409075,316.7029139999994,316.7029139999994,0.0
146589.12007209874,0.0,4.042080001281283,0.0,0.7999999999999882,316.7029147409075,316.7029139999994,316.7029139999994,0.0
146658.24014419745,0.0,4.042080001281283,0.0,0.7999999999999882,316.7029147409075,316.7029139999994,316.7029139999994,0.0
146796.4802883949,0.0,4.042080001281285,0.0,0.7999999999999882,316.7029147409075,316.7029139999994,316.7029139999994,0.0
146880.0,0.0,4.042080001281283,0.0,0.7999999999999882,316.7029147409075,316.7029139999994,316.7029139999994,0.0
146880.72000112652,0.0,4.042080001281283,0.0,0.7999999999999882,316.7029147409075,316.7029139999994,316.7029139999994,0.0
146881.44000225308,0.0,4.042080001281283,0.0,0.7999999999999882,316.7029147409075,316.7029139999994,316.7029139999994,0.0
146882.88000450615,0.0,4.042080001281283,0.0,0.7999999999999882,316.7029147409075,316.7029139999994,316.7029139999994,0.0
146885.76000901233,0.0,4.042080001281283,0.0,0.7999999999999882,316.7029147409075,316.7029139999994,316.7029139999994,0.0
146891.52001802466,0.0,4.042080001281283,0.0,0.7999999999999882,316.7029147409075,316.7029139999994,316.7029139999994,0.0
146903.04003604938,0.0,4.042080001281283,0.0,0.7999999999999882,316.7029147409075,316.7029139999994,316.7029139999994,0.0
146926.08007209873,0.0,4.042080001281285,0.0,0.7999999999999882,316.7029147409075,316.7029139999994,316.7029139999994,0.0
146972.16014419746,0.0,4.042080001281283,0.0,0.7999999999999882,316.7029147409075,316.7029139999994,316.7029139999994,0.0
147064.32028839493,0.0,4.042080001281285,0.0,0.7999999999999882,316.7029147409075,316.7029139999994,316.7029139999994,0.0
147240.0,0.0,4.042080001281278,0.0,0.7999999999999882,316.7029147409075,316.7029139999994,316.7029139999994,0.0
147240.36000112654,0.0,4.042080001281278,0.0,0.7999999999999882,316.7029147409075,316.7029139999994,316.7029139999994,0.0
147240.72000225307,0.0,4.042080001281278,0.0,0.7999999999999882,316.7029147409075,316.7029139999994,316.7029139999994,0.0
147241.44000450615,0.0,4.042080001281278,0.0,0.7999999999999882,316.7029147409075,316.7029139999994,316.7029139999994,0.0
147242.88000901236,0.0,4.042080001281278,0.0,0.7999999999999882,316.7029147409075,316.7029139999994,316.7029139999994,0.0
147245.76001802468,0.0,4.042080001281278,0.0,0.7999999999999882,316.7029147409075,316.7029139999994,316.7029139999994,0.0
147251.52003604936,0.0,4.042080001281278,0.0,0.7999999999999882,316.7029147409075,316.7029139999994,316.7029139999994,0.0
147263.04007209872,0.0,4.042080001281278,0.0,0.7999999999999882,316.7029147409075,316.7029139999994,316.7029139999994,0.0
147286.08014419745,0.0,4.042080001281278,0.0,0.7999999999999882,316.7029147409075,316.7029139999994,316.7029139999994,0.0
147332.16028839492,0.0,4.042080001281278,0.0,0.7999999999999882,316.7029147409075,316.7029139999994,316.7029139999994,0.0
147424.32057678985,0.0,4.042080001281278,0.0,0.7999999999999882,316.7029147409075,316.7029139999994,316.7029139999994,0.0
147600.0,0.0,4.042080001281278,0.0,0.7999999999999882,316.7029147409075,316.7029139999994,316.7029139999994,0.0
151200.0,0.0,4.042080001281278,0.0,0.7999999999999882,315.1500007954184,315.1500000003264,315.1500000003264,0.0
151203.6000011802,0.0,4.042080001281278,0.0,0.7999999999999882,315.1500007954184,315.1500000003264,315.1500000003264,0.0
151207.2000023604,0.0,4.042080001281278,0.0,0.7999999999999882,315.1500007954184,315.1500000003264,315.1500000003264,0.0
151214.40000472075,0.0,4.042080001281278,0.0,0.7999999999999882,315.1500007954184,315.1500000003264,315.1500000003264,0.0
151228.8000094415,0.0,4.042080001281278,0.0,0.7999999999999882,315.1500007954184,315.1500000003264,315.1500000003264,0.0
151257.600018883,0.0,4.042080001281278,0.0,0.7999999999999882,315.1500007954184,315.1500000003264,315.1500000003264,0.0
151315.200037766,0.0,4.042080001281278,0.0,0.7999999999999882,315.1500007954184,315.1500000003264,315.1500000003264,0.0
151430.40007553197,0.0,4.042080001281278,0.0,0.7999999999999882,315.1500007954184,315.1500000003264,315.1500000003264,0.0
151560.0,0.0,4.042080001281278,0.0,0.7999999999999882,315.1500007954184,315.1500000003264,315.1500000003264,0.0
151563.24000118018,0.0,4.042080001281278,0.0,0.7999999999999882,315.1500007954184,315.1500000003264,315.1500000003264,0.0
151566.48000236036,0.0,4.042080001281278,0.0,0.7999999999999882,315.1500007954184,315.1500000003264,315.1500000003264,0.0
151572.96000472072,0.0,4.042080001281278,0.0,0.7999999999999882,315.1500007954184,315.1500000003264,315.1500000003264,0.0
151585.9200094415,0.0,4.042080001281278,0.0,0.7999999999999882,315.1500007954184,315.1500000003264,315.1500000003264,0.0
151611.840018883,0.0,4.042080001281278,0.0,0.7999999999999882,315.1500007954184,315.1500000003264,315.1500000003264,0.0
151663.68003776597,0.0,4.042080001281278,0.0,0.7999999999999882,315.1500007954184,315.1500000003264,315.1500000003264,0.0
151767.36007553193,0.0,4.042080001281278,0.0,0.7999999999999882,315.1500007954184,315.1500000003264,315.1500000003264,0.0
151920.0,0.0,4.042080001281278,0.0,0.7999999999999882,315.1500007954184,315.1500000003264,315.1500000003264,0.0
151922.8800011802,0.0,4.042080001281278,0.0,0.7999999999999882,315.1500007954184,315.1500000003264,315.1500000003264,0.0
151925.7600023604,0.0,4.042080001281278,0.0,0.7999999999999882,315.1500007954184,315.1500000003264,315.1500000003264,0.0
151931.52000472078,0.0,4.042080001281278,0.0,0.7999999999999882,315.1500007954184,315.1500000003264,315.1500000003264,0.0
151943.0400094415,0.0,4.042080001281278,0.0,0.7999999999999882,315.1500007954184,315.1500000003264,315.1500000003264,0.0
151966.080018883,0.0,4.042080001281278,0.0,0.7999999999999882,315.1500007954184,315.1500000003264,315.1500000003264,0.0
152012.16003776598,0.0,4.042080001281278,0.0,0.7999999999999882,315.1500007954184,315.1500000003264,315.1500000003264,0.0
152104.32007553196,0.0,4.042080001281278,0.0,0.7999999999999882,315.1500007954184,315.1500000003264,315.1500000003264,0.0
152280.0,0.0,4.042080001281278,0.0,0.7999999999999882,315.1500007954184,315.1500000003264,315.1500000003264,0.0
152282.52000118018,0.0,4.042080001281278,0.0,0.7999999999999882,315.1500007954184,315.1500000003264,315.1500000003264,0.0
152285.0400023604,0.0,4.042080001281278,0.0,0.7999999999999882,315.1500007954184,315.1500000003264,315.1500000003264,0.0
152290.08000472077,0.0,4.042080001281278,0.0,0.7999999999999882,315.1500007954184,315.1500000003264,315.1500000003264,0.0
152300.1600094415,0.0,4.042080001281278,0.0,0.7999999999999882,315.1500007954184,315.1500000003264,315.1500000003264,0.0
152320.32001888298,0.0,4.042080001281278,0.0,0.7999999999999882,315.1500007954184,315.1500000003264,315.1500000003264,0.0
152360.640037766,0.0,4.042080001281278,0.0,0.7999999999999882,315.1500007954184,315.1500000003264,315.1500000003264,0.0
152441.28007553198,0.0,4.042080001281278,0.0,0.7999999999999882,315.1500007954184,315.1500000003264,315.1500000003264,0.0
152602.56015106392,0.0,4.042080001281278,0.0,0.7999999999999882,315.1500007954184,315.1500000003264,315.1500000003264,0.0
152640.0,0.0,4.042080001281278,0.0,0.7999999999999882,315.1500007954184,315.1500000003264,315.1500000003264,0.0
152642.1600011802,0.0,4.042080001281278,0.0,0.7999999999999882,315.1500007954184,315.1500000003264,315.1500000003264,0.0
152644.3200023604,0.0,4.042080001281278,0.0,0.7999999999999882,315.1500007954184,315.1500000003264,315.1500000003264,0.0
152648.64000472077,0.0,4.042080001281278,0.0,0.7999999999999882,315.1500007954184,315.1500000003264,315.1500000003264,0.0
152657.28000944149,0.0,4.042080001281278,0.0,0.7999999999999882,315.1500007954184,315.1500000003264,315.1500000003264,0.0
152674.560018883,0.0,4.042080001281278,0.0,0.7999999999999882,315.1500007954184,315.1500000003264,315.1500000003264,0.0
152709.120037766,0.0,4.042080001281278,0.0,0.7999999999999882,315.1500007954184,315.1500000003264,315.1500000003264,0.0
152778.24007553197,0.0,4.042080001281279,0.0,0.7999999999999882,315.1500007954184,315.1500000003264,315.1500000003264,0.0
152916.48015106394,0.0,4.042080001281278,0.0,0.7999999999999882,315.1500007954184,315.1500000003264,315.1500000003264,0.0
153000.0,0.0,4.042080001281278,0.0,0.7999999999999882,315.1500007954184,315.1500000003264,315.1500000003264,0.0
153001.8000011802,0.0,4.042080001281278,0.0,0.7999999999999882,315.1500007954184,315.1500000003264,315.1500000003264,0.0
153003.60000236038,0.0,4.042080001281278,0.0,0.7999999999999882,315.1500007954184,315.1500000003264,315.1500000003264,0.0
153007.20000472077,0.0,4.042080001281278,0.0,0.7999999999999882,315.1500007954184,315.1500000003264,315.1500000003264,0.0
153014.40000944148,0.0,4.042080001281278,0.0,0.7999999999999882,315.1500007954184,315.1500000003264,315.1500000003264,0.0
153028.800018883,0.0,4.042080001281278,0.0,0.7999999999999882,315.1500007954184,315.1500000003264,315.1500000003264,0.0
153057.60003776598,0.0,4.042080001281279,0.0,0.7999999999999882,315.1500007954184,315.1500000003264,315.1500000003264,0.0
153115.20007553196,0.0,4.042080001281279,0.0,0.7999999999999882,315.1500007954184,315.1500000003264,315.1500000003264,0.0
153230.40015106392,0.0,4.042080001281278,0.0,0.7999999999999882,315.1500007954184,315.1500000003264,315.1500000003264,0.0
153360.0,0.0,4.042080001281279,0.0,0.7999999999999882,315.1500007954184,315.1500000003264,315.1500000003264,0.0
153361.4400011802,0.0,4.042080001281279,0.0,0.7999999999999882,315.1500007954184,315.1500000003264,315.1500000003264,0.0
153362.88000236038,0.0,4.042080001281279,0.0,0.7999999999999882,315.1500007954184,315.1500000003264,315.1500000003264,0.0
153365.76000472077,0.0,4.042080001281279,0.0,0.7999999999999882,315.1500007954184,315.1500000003264,315.1500000003264,0.0
153371.5200094415,0.0,4.042080001281279,0.0,0.7999999999999882,315.1500007954184,315.1500000003264,315.1500000003264,0.0
153383.040018883,0.0,4.042080001281279,0.0,0.7999999999999882,315.1500007954184,315.1500000003264,315.1500000003264,0.0
153406.080037766,0.0,4.042080001281279,0.0,0.7999999999999882,315.1500007954184,315.1500000003264,315.1500000003264,0.0
153452.16007553198,0.0,4.042080001281279,0.0,0.7999999999999882,315.1500007954184,315.1500000003264,315.1500000003264,0.0
153544.3201510639,0.0,4.042080001281279,0.0,0.7999999999999882,315.1500007954184,315.1500000003264,315.1500000003264,0.0
153720.0,0.0,4.042080001281281,0.0,0.7999999999999882,315.1500007954184,315.1500000003264,315.1500000003264,0.0
153721.08000118018,0.0,4.042080001281281,0.0,0.7999999999999882,315.1500007954184,315.1500000003264,315.1500000003264,0.0
153722.16000236038,0.0,4.042080001281281,0.0,0.7999999999999882,315.1500007954184,315.1500000003264,315.1500000003264,0.0
153724.32000472076,0.0,4.042080001281281,0.0,0.7999999999999882,315.1500007954184,315.1500000003264,315.1500000003264,0.0
153728.6400094415,0.0,4.042080001281281,0.0,0.7999999999999882,315.1500007954184,315.1500000003264,315.1500000003264,0.0
153737.280018883,0.0,4.042080001281281,0.0,0.7999999999999882,315.1500007954184,315.1500000003264,315.1500000003264,0.0
153754.560037766,0.0,4.042080001281281,0.0,0.7999999999999882,315.1500007954184,315.1500000003264,315.1500000003264,0.0
153789.12007553197,0.0,4.042080001281281,0.0,0.7999999999999882,315.1500007954184,315.1500000003264,315.1500000003264,0.0
153858.24015106395,0.0,4.042080001281279,0.0,0.7999999999999882,315.1500007954184,315.1500000003264,315.1500000003264,0.0
153996.48030212783,0.0,4.042080001281279,0.0,0.7999999999999882,315.1500007954184,315.1500000003264,315.1500000003264,0.0
154080.0,0.0,4.042080001281281,0.0,0.7999999999999882,315.1500007954184,315.1500000003264,315.1500000003264,0.0
154080.7200011802,0.0,4.042080001281281,0.0,0.7999999999999882,315.1500007954184,315.1500000003264,315.1500000003264,0.0
154081.44000236038,0.0,4.042080001281281,0.0,0.7999999999999882,315.1500007954184,315.1500000003264,315.1500000003264,0.0
154082.88000472076,0.0,4.042080001281281,0.0,0.7999999999999882,315.1500007954184,315.1500000003264,315.1500000003264,0.0
154085.7600094415,0.0,4.042080001281281,0.0,0.7999999999999882,315.1500007954184,315.1500000003264,315.1500000003264,0.0
154091.520018883,0.0,4.042080001281281,0.0,0.7999999999999882,315.1500007954184,315.1500000003264,315.1500000003264,0.0
154103.04003776598,0.0,4.042080001281281,0.0,0.7999999999999882,315.1500007954184,315.1500000003264,315.1500000003264,0.0
154126.08007553197,0.0,4.042080001281281,0.0,0.7999999999999882,315.1500007954184,315.1500000003264,315.1500000003264,0.0
154172.16015106393,0.0,4.042080001281281,0.0,0.7999999999999882,315.1500007954184,315.1500000003264,315.1500000003264,0.0
154264.32030212786,0.0,4.042080001281279,0.0,0.7999999999999882,315.1500007954184,315.1500000003264,315.1500000003264,0.0
154440.0,0.0,4.042080001281279,0.0,0.7999999999999882,315.1500007954184,315.1500000003264,315.1500000003264,0.0
154440.3600011802,0.0,4.042080001281279,0.0,0.7999999999999882,315.1500007954184,315.1500000003264,315.1500000003264,0.0
154440.72000236038,0.0,4.042080001281279,0.0,0.7999999999999882,315.1500007954184,315.1500000003264,315.1500000003264,0.0
154441.44000472076,0.0,4.042080001281279,0.0,0.7999999999999882,315.1500007954184,315.1500000003264,315.1500000003264,0.0
154442.88000944152,0.0,4.042080001281279,0.0,0.7999999999999882,315.1500007954184,315.1500000003264,315.1500000003264,0.0
154445.76001888298,0.0,4.042080001281279,0.0,0.7999999999999882,315.1500007954184,315.1500000003264,315.1500000003264,0.0
154451.520037766,0.0,4.042080001281279,0.0,0.7999999999999882,315.1500007954184,315.1500000003264,315.1500000003264,0.0
154463.040075532,0.0,4.042080001281279,0.0,0.7999999999999882,315.1500007954184,315.1500000003264,315.1500000003264,0.0
154486.0801510639,0.0,4.042080001281279,0.0,0.7999999999999882,315.1500007954184,315.1500000003264,315.1500000003264,0.0
154532.16030212783,0.0,4.042080001281281,0.0,0.7999999999999882,315.1500007954184,315.1500000003264,315.1500000003264,0.0
154624.32060425568,0.0,4.042080001281279,0.0,0.7999999999999882,315.1500007954184,315.1500000003264,315.1500000003264,0.0
154800.0,0.0,4.042080001281279,0.0,0.7999999999999882,315.1500007954184,315.1500000003264,315.1500000003264,0.0
158400.0,0.0,4.042080001281279,0.0,0.7999999999999882,313.5970867953678,313.59708600027574,313.59708600027574,0.0
158403.60000123386,0.0,4.042080001281279,0.0,0.7999999999999882,313.5970867953678,313.59708600027574,313.59708600027574,0.0
158407.20000246767,0.0,4.042080001281279,0.0,0.7999999999999882,313.5970867953678,313.59708600027574,313.59708600027574,0.0
158414.40000493533,0.0,4.042080001281279,0.0,0.7999999999999882,313.5970867953678,313.59708600027574,313.59708600027574,0.0
158428.80000987067,0.0,4.042080001281279,0.0,0.7999999999999882,313.5970867953678,313.59708600027574,313.59708600027574,0.0
158457.60001974134,0.0,4.042080001281279,0.0,0.7999999999999882,313.5970867953678,313.59708600027574,313.59708600027574,0.0
158515.20003948262,0.0,4.042080001281283,0.0,0.7999999999999882,313.5970867953678,313.59708600027574,313.59708600027574,0.0
158630.4000789652,0.0,4.042080001281279,0.0,0.7999999999999882,313.5970867953678,313.59708600027574,313.59708600027574,0.0
158760.0,0.0,4.042080001281283,0.0,0.7999999999999882,313.5970867953678,313.59708600027574,313.59708600027574,0.0
158763.24000123382,0.0,4.042080001281283,0.0,0.7999999999999882,313.5970867953678,313.59708600027574,313.59708600027574,0.0
158766.48000246767,0.0,4.042080001281283,0.0,0.7999999999999882,313.5970867953678,313.59708600027574,313.59708600027574,0.0
158772.96000493533,0.0,4.042080001281283,0.0,0.7999999999999882,313.5970867953678,313.59708600027574,313.59708600027574,0.0
158785.92000987066,0.0,4.042080001281283,0.0,0.7999999999999882,313.5970867953678,313.59708600027574,313.59708600027574,0.0
158811.8400197413,0.0,4.042080001281283,0.0,0.7999999999999882,313.5970867953678,313.59708600027574,313.59708600027574,0.0
158863.6800394826,0.0,4.042080001281283,0.0,0.7999999999999882,313.5970867953678,313.59708600027574,313.59708600027574,0.0
158967.3600789652,0.0,4.042080001281279,0.0,0.7999999999999882,313.5970867953678,313.59708600027574,313.59708600027574,0.0
159120.0,0.0,4.042080001281279,0.0,0.7999999999999882,313.5970867953678,313.59708600027574,313.59708600027574,0.0
159122.88000123383,0.0,4.042080001281279,0.0,0.7999999999999882,313.5970867953678,313.59708600027574,313.59708600027574,0.0
159125.76000246766,0.0,4.042080001281279,0.0,0.7999999999999882,313.5970867953678,313.59708600027574,313.59708600027574,0.0
159131.52000493533,0.0,4.042080001281279,0.0,0.7999999999999882,313.5970867953678,313.59708600027574,313.59708600027574,0.0
159143.04000987066,0.0,4.042080001281279,0.0,0.7999999999999882,313.5970867953678,313.59708600027574,313.59708600027574,0.0
159166.08001974132,0.0,4.042080001281279,0.0,0.7999999999999882,313.5970867953678,313.59708600027574,313.59708600027574,0.0
159212.16003948258,0.0,4.042080001281279,0.0,0.7999999999999882,313.5970867953678,313.59708600027574,313.59708600027574,0.0
159304.3200789652,0.0,4.042080001281281,0.0,0.7999999999999882,313.5970867953678,313.59708600027574,313.59708600027574,0.0
159480.0,0.0,4.042080001281279,0.0,0.7999999999999882,313.5970867953678,313.59708600027574,313.59708600027574,0.0
159482.52000123385,0.0,4.042080001281279,0.0,0.7999999999999882,313.5970867953678,313.59708600027574,313.59708600027574,0.0
159485.04000246766,0.0,4.042080001281279,0.0,0.7999999999999882,313.5970867953678,313.59708600027574,313.59708600027574,0.0
159490.08000493533,0.0,4.042080001281279,0.0,0.7999999999999882,313.5970867953678,313.59708600027574,313.59708600027574,0.0
159500.16000987065,0.0,4.042080001281279,0.0,0.7999999999999882,313.5970867953678,313.59708600027574,313.59708600027574,0.0
159520.3200197413,0.0,4.042080001281279,0.0,0.7999999999999882,313.5970867953678,313.59708600027574,313.59708600027574,0.0
159560.64003948262,0.0,4.042080001281279,0.0,0.7999999999999882,313.5970867953678,313.59708600027574,313.59708600027574,0.0
159641.28007896518,0.0,4.042080001281283,0.0,0.7999999999999882,313.5970867953678,313.59708600027574,313.59708600027574,0.0
159802.56015793036,0.0,4.042080001281283,0.0,0.7999999999999882,313.5970867953678,313.59708600027574,313.59708600027574,0.0
159840.0,0.0,4.042080001281283,0.0,0.7999999999999882,313.5970867953678,313.59708600027574,313.59708600027574,0.0
159842.16000123383,0.0,4.042080001281283,0.0,0.7999999999999882,313.5970867953678,313.59708600027574,313.59708600027574,0.0
159844.32000246766,0.0,4.042080001281283,0.0,0.7999999999999882,313.5970867953678,313.59708600027574,313.59708600027574,0.0
159848.64000493533,0.0,4.042080001281283,0.0,0.7999999999999882,313.5970867953678,313.59708600027574,313.59708600027574,0.0
159857.28000987065,0.0,4.042080001281283,0.0,0.7999999999999882,313.5970867953678,313.59708600027574,313.59708600027574,0.0
159874.5600197413,0.0,4.042080001281283,0.0,0.7999999999999882,313.5970867953678,313.59708600027574,313.59708600027574,0.0
159909.1200394826,0.0,4.042080001281279,0.0,0.7999999999999882,313.5970867953678,313.59708600027574,313.59708600027574,0.0
159978.2400789652,0.0,4.042080001281279,0.0,0.7999999999999882,313.5970867953678,313.59708600027574,313.59708600027574,0.0
160116.48015793037,0.0,4.042080001281279,0.0,0.7999999999999882,313.5970867953678,313.59708600027574,313.59708600027574,0.0
160200.0,0.0,4.042080001281279,0.0,0.7999999999999882,313.5970867953678,313.59708600027574,313.59708600027574,0.0
160201.80000123382,0.0,4.042080001281279,0.0,0.7999999999999882,313.5970867953678,313.59708600027574,313.59708600027574,0.0
160203.60000246766,0.0,4.042080001281279,0.0,0.7999999999999882,313.5970867953678,313.59708600027574,313.59708600027574,0.0
160207.20000493532,0.0,4.042080001281279,0.0,0.7999999999999882,313.5970867953678,313.59708600027574,313.59708600027574,0.0
160214.40000987065,0.0,4.042080001281279,0.0,0.7999999999999882,313.5970867953678,313.59708600027574,313.59708600027574,0.0
160228.8000197413,0.0,4.042080001281279,0.0,0.7999999999999882,313.5970867953678,313.59708600027574,313.59708600027574,0.0
160257.60003948258,0.0,4.042080001281279,0.0,0.7999999999999882,313.5970867953678,313.59708600027574,313.59708600027574,0.0
160315.20007896516,0.0,4.042080001281279,0.0,0.7999999999999882,313.5970867953678,313.59708600027574,313.59708600027574,0.0
160430.4001579304,0.0,4.042080001281279,0.0,0.7999999999999882,313.5970867953678,313.59708600027574,313.59708600027574,0.0
160560.0,0.0,4.042080001281283,0.0,0.7999999999999882,313.5970867953678,313.59708600027574,313.59708600027574,0.0
160561.44000123383,0.0,4.042080001281283,0.0,0.7999999999999882,313.5970867953678,313.59708600027574,313.59708600027574,0.0
160562.88000246766,0.0,4.042080001281283,0.0,0.7999999999999882,313.5970867953678,313.59708600027574,313.59708600027574,0.0
160565.76000493532,0.0,4.042080001281283,0.0,0.7999999999999882,313.5970867953678,313.59708600027574,313.59708600027574,0.0
160571.52000987064,0.0,4.042080001281283,0.0,0.7999999999999882,313.5970867953678,313.59708600027574,313.59708600027574,0.0
160583.04001974128,0.0,4.042080001281283,0.0,0.7999999999999882,313.5970867953678,313.59708600027574,313.59708600027574,0.0
160606.0800394826,0.0,4.042080001281283,0.0,0.7999999999999882,313.5970867953678,313.59708600027574,313.59708600027574,0.0
160652.1600789652,0.0,4.042080001281283,0.0,0.7999999999999882,313.5970867953678,313.59708600027574,313.59708600027574,0.0
160744.32015793037,0.0,4.042080001281283,0.0,0.7999999999999882,313.5970867953678,313.59708600027574,313.59708600027574,0.0
160920.0,0.0,4.042080001281281,0.0,0.7999999999999882,313.5970867953678,313.59708600027574,313.59708600027574,0.0
160921.08000123384,0.0,4.042080001281281,0.0,0.7999999999999882,313.5970867953678,313.59708600027574,313.59708600027574,0.0
160922.16000246766,0.0,4.042080001281281,0.0,0.7999999999999882,313.5970867953678,313.59708600027574,313.59708600027574,0.0
160924.32000493532,0.0,4.042080001281281,0.0,0.7999999999999882,313.5970867953678,313.59708600027574,313.59708600027574,0.0
160928.64000987064,0.0,4.042080001281281,0.0,0.7999999999999882,313.5970867953678,313.59708600027574,313.59708600027574,0.0
160937.28001974127,0.0,4.042080001281281,0.0,0.7999999999999882,313.5970867953678,313.59708600027574,313.59708600027574,0.0
160954.5600394826,0.0,4.042080001281283,0.0,0.7999999999999882,313.5970867953678,313.59708600027574,313.59708600027574,0.0
160989.12007896518,0.0,4.042080001281281,0.0,0.7999999999999882,313.5970867953678,313.59708600027574,313.59708600027574,0.0
161058.24015793036,0.0,4.042080001281281,0.0,0.7999999999999882,313.5970867953678,313.59708600027574,313.59708600027574,0.0
161196.48031586074,0.0,4.042080001281281,0.0,0.7999999999999882,313.5970867953678,313.59708600027574,313.59708600027574,0.0
161280.0,0.0,4.042080001281281,0.0,0.7999999999999882,313.5970867953678,313.59708600027574,313.59708600027574,0.0
161280.72000123383,0.0,4.042080001281281,0.0,0.7999999999999882,313.5970867953678,313.59708600027574,313.59708600027574,0.0
161281.44000246766,0.0,4.042080001281281,0.0,0.7999999999999882,313.5970867953678,313.59708600027574,313.59708600027574,0.0
161282.88000493532,0.0,4.042080001281281,0.0,0.7999999999999882,313.5970867953678,313.59708600027574,313.59708600027574,0.0
161285.76000987063,0.0,4.042080001281281,0.0,0.7999999999999882,313.5970867953678,313.59708600027574,313.59708600027574,0.0
161291.5200197413,0.0,4.042080001281281,0.0,0.7999999999999882,313.5970867953678,313.59708600027574,313.59708600027574,0.0
161303.04003948258,0.0,4.042080001281281,0.0,0.7999999999999882,313.5970867953678,313.59708600027574,313.59708600027574,0.0
161326.08007896517,0.0,4.042080001281283,0.0,0.7999999999999882,313.5970867953678,313.59708600027574,313.59708600027574,0.0
161372.16015793037,0.0,4.042080001281283,0.0,0.7999999999999882,313.5970867953678,313.59708600027574,313.59708600027574,0.0
161464.32031586074,0.0,4.042080001281283,0.0,0.7999999999999882,313.5970867953678,313.59708600027574,313.59708600027574,0.0
161640.0,0.0,4.042080001281285,0.0,0.7999999999999882,313.5970867953678,313.59708600027574,313.59708600027574,0.0
161640.3600012338,0.0,4.042080001281285,0.0,0.7999999999999882,313.5970867953678,313.59708600027574,313.59708600027574,0.0
161640.72000246766,0.0,4.042080001281285,0.0,0.7999999999999882,313.5970867953678,313.59708600027574,313.59708600027574,0.0
161641.4400049353,0.0,4.042080001281285,0.0,0.7999999999999882,313.5970867953678,313.59708600027574,313.59708600027574,0.0
161642.88000987063,0.0,4.042080001281285,0.0,0.7999999999999882,313.5970867953678,313.59708600027574,313.59708600027574,0.0
161645.76001974128,0.0,4.042080001281285,0.0,0.7999999999999882,313.5970867953678,313.59708600027574,313.59708600027574,0.0
161651.52003948257,0.0,4.042080001281285,0.0,0.7999999999999882,313.5970867953678,313.59708600027574,313.59708600027574,0.0
161663.0400789652,0.0,4.042080001281285,0.0,0.7999999999999882,313.5970867953678,313.59708600027574,313.59708600027574,0.0
161686.08015793038,0.0,4.042080001281285,0.0,0.7999999999999882,313.5970867953678,313.59708600027574,313.59708600027574,0.0
161732.16031586076,0.0,4.042080001281285,0.0,0.7999999999999882,313.5970867953678,313.59708600027574,313.59708600027574,0.0
161824.3206317215,0.0,4.042080001281283,0.0,0.7999999999999882,313.5970867953678,313.59708600027574,313.59708600027574,0.0
162000.0,0.0,4.042080001281283,0.0,0.7999999999999882,313.5970867953678,313.59708600027574,313.59708600027574,0.0
165600.0,0.0,4.042080001281283,0.0,0.7999999999999882,312.15000074091114,312.15000000000305,312.15000000000305,0.0
165603.60000128747,0.0,4.042080001281283,0.0,0.7999999999999882,312.15000074091114,312.15000000000305,312.15000000000305,0.0
165607.20000257494,0.0,4.042080001281283,0.0,0.7999999999999882,312.15000074091114,312.15000000000305,312.15000000000305,0.0
165614.4000051499,0.0,4.042080001281283,0.0,0.7999999999999882,312.15000074091114,312.15000000000305,312.15000000000305,0.0
165628.8000102998,0.0,4.042080001281283,0.0,0.7999999999999882,312.15000074091114,312.15000000000305,312.15000000000305,0.0
165657.6000205996,0.0,4.042080001281283,0.0,0.7999999999999882,312.15000074091114,312.15000000000305,312.15000000000305,0.0
165715.20004119922,0.0,4.042080001281283,0.0,0.7999999999999882,312.15000074091114,312.15000000000305,312.15000000000305,0.0
165830.40008239844,0.0,4.042080001281281,0.0,0.7999999999999882,312.15000074091114,312.15000000000305,312.15000000000305,0.0
165960.0,0.0,4.042080001281283,0.0,0.7999999999999882,312.15000074091114,312.15000000000305,312.15000000000305,0.0
165963.2400012875,0.0,4.042080001281283,0.0,0.7999999999999882,312.15000074091114,312.15000000000305,312.15000000000305,0.0
165966.48000257494,0.0,4.042080001281283,0.0,0.7999999999999882,312.15000074091114,312.15000000000305,312.15000000000305,0.0
165972.9600051499,0.0,4.042080001281283,0.0,0.7999999999999882,312.15000074091114,312.15000000000305,312.15000000000305,0.0
165985.9200102998,0.0,4.042080001281283,0.0,0.7999999999999882,312.15000074091114,312.15000000000305,312.15000000000305,0.0
166011.8400205996,0.0,4.042080001281283,0.0,0.7999999999999882,312.15000074091114,312.15000000000305,312.15000000000305,0.0
166063.6800411992,0.0,4.042080001281283,0.0,0.7999999999999882,312.15000074091114,312.15000000000305,312.15000000000305,0.0
166167.3600823984,0.0,4.042080001281281,0.0,0.7999999999999882,312.15000074091114,312.15000000000305,312.15000000000305,0.0
166320.0,0.0,4.042080001281283,0.0,0.7999999999999882,312.15000074091114,312.15000000000305,312.15000000000305,0.0
166322.88000128747,0.0,4.042080001281283,0.0,0.7999999999999882,312.15000074091114,312.15000000000305,312.15000000000305,0.0
166325.76000257494,0.0,4.042080001281283,0.0,0.7999999999999882,312.15000074091114,312.15000000000305,312.15000000000305,0.0
166331.52000514988,0.0,4.042080001281283,0.0,0.7999999999999882,312.15000074091114,312.15000000000305,312.15000000000305,0.0
166343.0400102998,0.0,4.042080001281283,0.0,0.7999999999999882,312.15000074091114,312.15000000000305,312.15000000000305,0.0
166366.0800205996,0.0,4.042080001281281,0.0,0.7999999999999882,312.15000074091114,312.15000000000305,312.15000000000305,0.0
166412.16004119918,0.0,4.042080001281281,0.0,0.7999999999999882,312.15000074091114,312.15000000000305,312.15000000000305,0.0
166504.32008239842,0.0,4.042080001281281,0.0,0.7999999999999882,312.15000074091114,312.15000000000305,312.15000000000305,0.0
166680.0,0.0,4.042080001281283,0.0,0.7999999999999882,312.15000074091114,312.15000000000305,312.15000000000305,0.0
166682.52000128746,0.0,4.042080001281283,0.0,0.7999999999999882,312.15000074091114,312.15000000000305,312.15000000000305,0.0
166685.04000257494,0.0,4.042080001281283,0.0,0.7999999999999882,312.15000074091114,312.15000000000305,312.15000000000305,0.0
166690.08000514988,0.0,4.042080001281283,0.0,0.7999999999999882,312.15000074091114,312.15000000000305,312.15000000000305,0.0
166700.1600102998,0.0,4.042080001281283,0.0,0.7999999999999882,312.15000074091114,312.15000000000305,312.15000000000305,0.0
166720.32002059958,0.0,4.042080001281283,0.0,0.7999999999999882,312.15000074091114,312.15000000000305,312.15000000000305,0.0
166760.64004119922,0.0,4.042080001281283,0.0,0.7999999999999882,312.15000074091114,312.15000000000305,312.15000000000305,0.0
166841.2800823984,0.0,4.042080001281281,0.0,0.7999999999999882,312.15000074091114,312.15000000000305,312.15000000000305,0.0
167002.56016479683,0.0,4.042080001281283,0.0,0.7999999999999882,312.15000074091114,312.15000000000305,312.15000000000305,0.0
167040.0,0.0,4.042080001281281,0.0,0.7999999999999882,312.15000074091114,312.15000000000305,312.15000000000305,0.0
167042.16000128747,0.0,4.042080001281281,0.0,0.7999999999999882,312.15000074091114,312.15000000000305,312.15000000000305,0.0
167044.32000257494,0.0,4.042080001281281,0.0,0.7999999999999882,312.15000074091114,312.15000000000305,312.15000000000305,0.0
167048.64000514988,0.0,4.042080001281281,0.0,0.7999999999999882,312.15000074091114,312.15000000000305,312.15000000000305,0.0
167057.28001029982,0.0,4.042080001281281,0.0,0.7999999999999882,312.15000074091114,312.15000000000305,312.15000000000305,0.0
167074.5600205996,0.0,4.042080001281281,0.0,0.7999999999999882,312.15000074091114,312.15000000000305,312.15000000000305,0.0
167109.1200411992,0.0,4.042080001281281,0.0,0.7999999999999882,312.15000074091114,312.15000000000305,312.15000000000305,0.0
167178.2400823984,0.0,4.042080001281281,0.0,0.7999999999999882,312.15000074091114,312.15000000000305,312.15000000000305,0.0
167316.4801647968,0.0,4.042080001281281,0.0,0.7999999999999882,312.15000074091114,312.15000000000305,312.15000000000305,0.0
167400.0,0.0,4.042080001281283,0.0,0.7999999999999882,312.15000074091114,312.15000000000305,312.15000000000305,0.0
167401.80000128748,0.0,4.042080001281283,0.0,0.7999999999999882,312.15000074091114,312.15000000000305,312.15000000000305,0.0
167403.60000257494,0.0,4.042080001281283,0.0,0.7999999999999882,312.15000074091114,312.15000000000305,312.15000000000305,0.0
167407.20000514988,0.0,4.042080001281283,0.0,0.7999999999999882,312.15000074091114,312.15000000000305,312.15000000000305,0.0
167414.4000102998,0.0,4.042080001281283,0.0,0.7999999999999882,312.15000074091114,312.15000000000305,312.15000000000305,0.0
167428.8000205996,0.0,4.042080001281283,0.0,0.7999999999999882,312.15000074091114,312.15000000000305,312.15000000000305,0.0
167457.60004119918,0.0,4.042080001281283,0.0,0.7999999999999882,312.15000074091114,312.15000000000305,312.15000000000305,0.0
167515.20008239843,0.0,4.042080001281285,0.0,0.7999999999999882,312.15000074091114,312.15000000000305,312.15000000000305,0.0
167630.40016479683,0.0,4.042080001281281,0.0,0.7999999999999882,312.15000074091114,312.15000000000305,312.15000000000305,0.0
167760.0,0.0,4.042080001281283,0.0,0.7999999999999882,312.15000074091114,312.15000000000305,312.15000000000305,0.0
167761.44000128747,0.0,4.042080001281283,0.0,0.7999999999999882,312.15000074091114,312.15000000000305,312.15000000000305,0.0
167762.88000257494,0.0,4.042080001281283,0.0,0.7999999999999882,312.15000074091114,312.15000000000305,312.15000000000305,0.0
167765.76000514987,0.0,4.042080001281283,0.0,0.7999999999999882,312.15000074091114,312.15000000000305,312.15000000000305,0.0
167771.5200102998,0.0,4.042080001281283,0.0,0.7999999999999882,312.15000074091114,312.15000000000305,312.15000000000305,0.0
167783.0400205996,0.0,4.042080001281283,0.0,0.7999999999999882,312.15000074091114,312.15000000000305,312.15000000000305,0.0
167806.0800411992,0.0,4.042080001281283,0.0,0.7999999999999882,312.15000074091114,312.15000000000305,312.15000000000305,0.0
167852.1600823984,0.0,4.042080001281283,0.0,0.7999999999999882,312.15000074091114,312.15000000000305,312.15000000000305,0.0
167944.32016479684,0.0,4.042080001281283,0.0,0.7999999999999882,312.15000074091114,312.15000000000305,312.15000000000305,0.0
168120.0,0.0,4.042080001281283,0.0,0.7999999999999882,312.15000074091114,312.15000000000305,312.15000000000305,0.0
168121.08000128748,0.0,4.042080001281283,0.0,0.7999999999999882,312.15000074091114,312.15000000000305,312.15000000000305,0.0
168122.16000257496,0.0,4.042080001281283,0.0,0.7999999999999882,312.15000074091114,312.15000000000305,312.15000000000305,0.0
168124.32000514993,0.0,4.042080001281283,0.0,0.7999999999999882,312.15000074091114,312.15000000000305,312.15000000000305,0.0
168128.6400102998,0.0,4.042080001281283,0.0,0.7999999999999882,312.15000074091114,312.15000000000305,312.15000000000305,0.0
168137.2800205996,0.0,4.042080001281283,0.0,0.7999999999999882,312.15000074091114,312.15000000000305,312.15000000000305,0.0
168154.5600411992,0.0,4.042080001281283,0.0,0.7999999999999882,312.15000074091114,312.15000000000305,312.15000000000305,0.0
168189.1200823984,0.0,4.042080001281283,0.0,0.7999999999999882,312.15000074091114,312.15000000000305,312.15000000000305,0.0
168258.24016479682,0.0,4.042080001281283,0.0,0.7999999999999882,312.15000074091114,312.15000000000305,312.15000000000305,0.0
168396.48032959367,0.0,4.042080001281283,0.0,0.7999999999999882,312.15000074091114,312.15000000000305,312.15000000000305,0.0
168480.0,0.0,4.042080001281283,0.0,0.7999999999999882,312.15000074091114,312.15000000000305,312.15000000000305,0.0
168480.72000128747,0.0,4.042080001281283,0.0,0.7999999999999882,312.15000074091114,312.15000000000305,312.15000000000305,0.0
168481.44000257496,0.0,4.042080001281283,0.0,0.7999999999999882,312.15000074091114,312.15000000000305,312.15000000000305,0.0
168482.88000514993,0.0,4.042080001281283,0.0,0.7999999999999882,312.15000074091114,312.15000000000305,312.15000000000305,0.0
168485.7600102998,0.0,4.042080001281283,0.0,0.7999999999999882,312.15000074091114,312.15000000000305,312.15000000000305,0.0
168491.5200205996,0.0,4.042080001281283,0.0,0.7999999999999882,312.15000074091114,312.15000000000305,312.15000000000305,0.0
168503.04004119922,0.0,4.042080001281283,0.0,0.7999999999999882,312.15000074091114,312.15000000000305,312.15000000000305,0.0
168526.08008239843,0.0,4.042080001281283,0.0,0.7999999999999882,312.15000074091114,312.15000000000305,312.15000000000305,0.0
168572.16016479683,0.0,4.042080001281283,0.0,0.7999999999999882,312.15000074091114,312.15000000000305,312.15000000000305,0.0
168664.32032959367,0.0,4.042080001281283,0.0,0.7999999999999882,312.15000074091114,312.15000000000305,312.15000000000305,0.0
168840.0,0.0,4.042080001281283,0.0,0.7999999999999882,312.15000074091114,312.15000000000305,312.15000000000305,0.0
168840.36000128748,0.0,4.042080001281283,0.0,0.7999999999999882,312.15000074091114,312.15000000000305,312.15000000000305,0.0
168840.72000257496,0.0,4.042080001281283,0.0,0.7999999999999882,312.15000074091114,312.15000000000305,312.15000000000305,0.0
168841.44000514993,0.0,4.042080001281283,0.0,0.7999999999999882,312.15000074091114,312.15000000000305,312.15000000000305,0.0
168842.8800102998,0.0,4.042080001281283,0.0,0.7999999999999882,312.15000074091114,312.15000000000305,312.15000000000305,0.0
168845.7600205996,0.0,4.042080001281283,0.0,0.7999999999999882,312.15000074091114,312.15000000000305,312.15000000000305,0.0
168851.52004119923,0.0,4.042080001281283,0.0,0.7999999999999882,312.15000074091114,312.15000000000305,312.15000000000305,0.0
168863.04008239842,0.0,4.042080001281283,0.0,0.7999999999999882,312.15000074091114,312.15000000000305,312.15000000000305,0.0
168886.08016479685,0.0,4.042080001281283,0.0,0.7999999999999882,312.15000074091114,312.15000000000305,312.15000000000305,0.0
168932.16032959367,0.0,4.042080001281283,0.0,0.7999999999999882,312.15000074091114,312.15000000000305,312.15000000000305,0.0
169024.32065918733,0.0,4.042080001281283,0.0,0.7999999999999882,312.15000074091114,312.15000000000305,312.15000000000305,0.0
169200.0,0.0,4.042080001281283,0.0,0.7999999999999882,312.15000074091114,312.15000000000305,312.15000000000305,0.0
