t_s,current_A,voltage_V,cell_heat_W,soc,cell_temperature_K,coolant_inlet_K,coolant_outlet_K,module_heat_removed_W
0.0,0.0,4.042080001281205,0.0,0.8,290.9073599544165,290.907359,290.9073590024377,2.047998714260757e-07
3.6000000536590817,0.0,4.042080001281205,0.0,0.8,290.9073599544165,290.907359,290.9073590024377,2.047998714260757e-07
7.200000107318163,0.0,4.042080001281205,0.0,0.8,290.9073599544165,290.907359,290.9073590024377,2.047998714260757e-07
14.400000214636327,0.0,4.042080001281205,0.0,0.8,290.9073599544165,290.907359,290.9073590024377,2.047998714260757e-07
28.800000429272654,0.0,4.042080001281205,0.0,0.8,290.9073599544165,290.907359,290.9073590024377,2.047998714260757e-07
57.60000085854531,0.0,4.042080001281208,0.0,0.8,290.9073599544165,290.907359,290.9073590024377,2.047998714260757e-07
115.20000171709061,0.0,4.042080001281208,0.0,0.8,290.9073599544165,290.907359,290.9073590024377,2.047998714260757e-07
230.40000343418123,0.0,4.042080001281208,0.0,0.8,290.9073599544165,290.907359,290.9073590024377,2.047998714260757e-07
360.0,0.0,4.04208000128121,0.0,0.8,290.9073599544165,290.907359,290.9073590024377,2.047998714260757e-07
363.24000005365906,0.0,4.04208000128121,0.0,0.8,290.9073599544165,290.907359,290.9073590024377,2.047998714260757e-07
366.4800001073181,0.0,4.042080001281207,0.0,0.8,290.9073599544165,290.907359,290.9073590024377,2.047998714260757e-07
372.9600002146363,0.0,4.042080001281207,0.0,0.8,290.9073599544165,290.907359,290.9073590024377,2.047998714260757e-07
385.92000042927265,0.0,4.042080001281207,0.0,0.8,290.9073599544165,290.907359,290.9073590024377,2.047998714260757e-07
411.8400008585453,0.0,4.042080001281207,0.0,0.8,290.9073599544165,290.907359,290.9073590024377,2.047998714260757e-07
463.6800017170906,0.0,4.042080001281207,0.0,0.8,290.9073599544165,290.907359,290.9073590024377,2.047998714260757e-07
567.3600034341812,0.0,4.042080001281207,0.0,0.8,290.9073599544165,290.907359,290.9073590024377,2.047998714260757e-07
720.0,0.0,4.042080001281207,0.0,0.8,290.9073599544165,290.907359,290.9073590024377,2.047998714260757e-07
722.880000053659,0.0,4.042080001281207,0.0,0.8,290.9073599544165,290.907359,290.9073590024377,2.047998714260757e-07
725.7600001073181,0.0,4.042080001281207,0.0,0.8,290.9073599544165,290.907359,290.9073590024377,2.047998714260757e-07
731.5200002146363,0.0,4.042080001281207,0.0,0.8,290.9073599544165,290.907359,290.9073590024377,2.047998714260757e-07
743.0400004292726,0.0,4.042080001281207,0.0,0.8,290.9073599544165,290.907359,290.9073590024377,2.047998714260757e-07
766.0800008585452,0.0,4.042080001281207,0.0,0.8,290.9073599544165,290.907359,290.9073590024377,2.047998714260757e-07
812.1600017170905,0.0,4.042080001281207,0.0,0.8,290.9073599544165,290.907359,290.9073590024377,2.047998714260757e-07
904.3200034341811,0.0,4.04208000128121,0.0,0.8,290.9073599544165,290.907359,290.9073590024377,2.047998714260757e-07
1080.0,0.0,4.042080001281212,0.0,0.8,290.9073599544165,290.907359,290.9073590024377,2.047998714260757e-07
1082.520000053659,0.0,4.042080001281212,0.0,0.8,290.9073599544165,290.907359,290.9073590024377,2.047998714260757e-07
1085.040000107318,0.0,4.042080001281212,0.0,0.8,290.9073599544165,290.907359,290.9073590024377,2.047998714260757e-07
1090.0800002146361,0.0,4.042080001281212,0.0,0.8,290.9073599544165,290.907359,290.9073590024377,2.047998714260757e-07
1100.1600004292725,0.0,4.042080001281212,0.0,0.8,290.9073599544165,290.907359,290.9073590024377,2.047998714260757e-07
1120.3200008585452,0.0,4.042080001281212,0.0,0.8,290.9073599544165,290.907359,290.9073590024377,2.047998714260757e-07
1160.6400017170904,0.0,4.042080001281212,0.0,0.8,290.9073599544165,290.907359,290.9073590024377,2.047998714260757e-07
1241.280003434181,0.0,4.04208000128121,0.0,0.8,290.9073599544165,290.907359,290.9073590024377,2.047998714260757e-07
1402.5600068683623,0.0,4.042080001281208,0.0,0.8,290.9073599544165,290.907359,290.9073590024377,2.047998714260757e-07
1440.0,0.0,4.042080001281208,0.0,0.8,290.9073599544165,290.907359,290.9073590024377,2.047998714260757e-07
1442.1600000536591,0.0,4.042080001281208,0.0,0.8,290.9073599544165,290.907359,290.9073590024377,2.047998714260757e-07
1444.3200001073183,0.0,4.042080001281208,0.0,0.8,290.9073599544165,290.907359,290.9073590024377,2.047998714260757e-07
1448.6400002146365,0.0,4.042080001281208,0.0,0.8,290.9073599544165,290.907359,290.9073590024377,2.047998714260757e-07
1457.2800004292728,0.0,4.042080001281208,0.0,0.8,290.9073599544165,290.907359,290.9073590024377,2.047998714260757e-07
1474.5600008585454,0.0,4.04208000128121,0.0,0.8,290.9073599544165,290.907359,290.9073590024377,2.047998714260757e-07
1509.1200017170906,0.0,4.042080001281212,0.0,0.8,290.9073599544165,290.907359,290.9073590024377,2.047998714260757e-07
1578.2400034341813,0.0,4.042080001281208,0.0,0.8,290.9073599544165,290.907359,290.9073590024377,2.047998714260757e-07
1716.4800068683626,0.0,4.042080001281212,0.0,0.8,290.9073599544165,290.907359,290.9073590024377,2.047998714260757e-07
1800.0,0.0,4.042080001281212,0.0,0.8,290.9073599544165,290.907359,290.9073590024377,2.047998714260757e-07
1801.800000053659,0.0,4.042080001281212,0.0,0.8,290.9073599544165,290.907359,290.9073590024377,2.047998714260757e-07
1803.600000107318,0.0,4.042080001281212,0.0,0.8,290.9073599544165,290.907359,290.9073590024377,2.047998714260757e-07
1807.2000002146362,0.0,4.042080001281212,0.0,0.8,290.9073599544165,290.907359,290.9073590024377,2.047998714260757e-07
1814.4000004292725,0.0,4.042080001281212,0.0,0.8,290.9073599544165,290.907359,290.9073590024377,2.047998714260757e-07
1828.8000008585452,0.0,4.042080001281212,0.0,0.8,290.9073599544165,290.907359,290.9073590024377,2.047998714260757e-07
1857.6000017170904,0.0,4.042080001281212,0.0,0.8,290.9073599544165,290.907359,290.9073590024377,2.047998714260757e-07
1915.200003434181,0.0,4.042080001281212,0.0,0.8,290.9073599544165,290.907359,290.9073590024377,2.047998714260757e-07
2030.4000068683622,0.0,4.042080001281214,0.0,0.8,290.9073599544165,290.907359,290.9073590024377,2.047998714260757e-07
2160.0,0.0,4.042080001281214,0.0,0.8,290.9073599544165,290.907359,290.9073590024377,2.047998714260757e-07
2161.440000053659,0.0,4.042080001281214,0.0,0.8,290.9073599544165,290.907359,290.9073590024377,2.047998714260757e-07
2162.8800001073178,0.0,4.042080001281214,0.0,0.8,290.9073599544165,290.907359,290.9073590024377,2.047998714260757e-07
2165.760000214636,0.0,4.042080001281214,0.0,0.8,290.9073599544165,290.907359,290.9073590024377,2.047998714260757e-07
2171.5200004292724,0.0,4.042080001281214,0.0,0.8,290.9073599544165,290.907359,290.9073590024377,2.047998714260757e-07
2183.040000858545,0.0,4.042080001281214,0.0,0.8,290.9073599544165,290.907359,290.9073590024377,2.047998714260757e-07
2206.0800017170905,0.0,4.042080001281212,0.0,0.8,290.9073599544165,290.907359,290.9073590024377,2.047998714260757e-07
2252.160003434181,0.0,4.042080001281212,0.0,0.8,290.9073599544165,290.907359,290.9073590024377,2.047998714260757e-07
2344.3200068683623,0.0,4.042080001281212,0.0,0.8,290.9073599544165,290.907359,290.9073590024377,2.047998714260757e-07
2520.0,0.0,4.042080001281214,0.0,0.8,290.9073599544165,290.907359,290.9073590024377,2.047998714260757e-07
2521.080000053659,0.0,4.042080001281214,0.0,0.8,290.9073599544165,290.907359,290.9073590024377,2.047998714260757e-07
2522.1600001073184,0.0,4.042080001281214,0.0,0.8,290.9073599544165,290.907359,290.9073590024377,2.047998714260757e-07
2524.3200002146364,0.0,4.042080001281214,0.0,0.8,290.9073599544165,290.907359,290.9073590024377,2.047998714260757e-07
2528.6400004292727,0.0,4.042080001281214,0.0,0.8,290.9073599544165,290.907359,290.9073590024377,2.047998714260757e-07
2537.2800008585455,0.0,4.042080001281214,0.0,0.8,290.9073599544165,290.907359,290.9073590024377,2.047998714260757e-07
2554.560001717091,0.0,4.042080001281214,0.0,0.8,290.9073599544165,290.907359,290.9073590024377,2.047998714260757e-07
2589.1200034341814,0.0,4.042080001281214,0.0,0.8,290.9073599544165,290.907359,290.9073590024377,2.047998714260757e-07
2658.240006868363,0.0,4.042080001281214,0.0,0.8,290.9073599544165,290.907359,290.9073590024377,2.047998714260757e-07
2796.480013736725,0.0,4.042080001281214,0.0,0.8,290.9073599544165,290.907359,290.9073590024377,2.047998714260757e-07
2880.0,0.0,4.042080001281214,0.0,0.8,290.9073599544165,290.907359,290.9073590024377,2.047998714260757e-07
2880.720000053659,0.0,4.042080001281214,0.0,0.8,290.9073599544165,290.907359,290.9073590024377,2.047998714260757e-07
2881.440000107318,0.0,4.042080001281214,0.0,0.8,290.9073599544165,290.907359,290.9073590024377,2.047998714260757e-07
2882.8800002146363,0.0,4.042080001281214,0.0,0.8,290.9073599544165,290.907359,290.9073590024377,2.047998714260757e-07
2885.7600004292726,0.0,4.042080001281214,0.0,0.8,290.9073599544165,290.907359,290.9073590024377,2.047998714260757e-07
2891.5200008585452,0.0,4.042080001281214,0.0,0.8,290.9073599544165,290.907359,290.9073590024377,2.047998714260757e-07
2903.0400017170905,0.0,4.042080001281214,0.0,0.8,290.9073599544165,290.907359,290.9073590024377,2.047998714260757e-07
2926.080003434181,0.0,4.042080001281214,0.0,0.8,290.9073599544165,290.907359,290.9073590024377,2.047998714260757e-07
2972.1600068683624,0.0,4.042080001281214,0.0,0.8,290.9073599544165,290.907359,290.9073590024377,2.047998714260757e-07
3064.320013736725,0.0,4.042080001281214,0.0,0.8,290.9073599544165,290.907359,290.9073590024377,2.047998714260757e-07
3240.0,0.0,4.042080001281207,0.0,0.8,290.9073599544165,290.907359,290.9073590024377,2.047998714260757e-07
3240.360000053659,0.0,4.042080001281207,0.0,0.8,290.9073599544165,290.907359,290.9073590024377,2.047998714260757e-07
3240.720000107318,0.0,4.042080001281207,0.0,0.8,290.9073599544165,290.907359,290.9073590024377,2.047998714260757e-07
3241.4400002146363,0.0,4.042080001281207,0.0,0.8,290.9073599544165,290.907359,290.9073590024377,2.047998714260757e-07
3242.8800004292725,0.0,4.042080001281207,0.0,0.8,290.9073599544165,290.907359,290.9073590024377,2.047998714260757e-07
3245.760000858545,0.0,4.042080001281207,0.0,0.8,290.9073599544165,290.907359,290.9073590024377,2.047998714260757e-07
3251.5200017170905,0.0,4.042080001281207,0.0,0.8,290.9073599544165,290.907359,290.9073590024377,2.047998714260757e-07
3263.040003434181,0.0,4.042080001281207,0.0,0.8,290.9073599544165,290.907359,290.9073590024377,2.047998714260757e-07
3286.080006868362,0.0,4.04208000128121,0.0,0.8,290.9073599544165,290.907359,290.9073590024377,2.047998714260757e-07
3332.1600137367245,0.0,4.04208000128121,0.0,0.8,290.9073599544165,290.907359,290.9073590024377,2.047998714260757e-07
3424.3200274734495,0.0,4.042080001281208,0.0,0.8,290.9073599544165,290.907359,290.9073590024377,2.047998714260757e-07
3600.0,0.0,4.04208000128121,0.0,0.8,290.9073599544165,290.907359,290.9073590024377,2.047998714260757e-07
7200.0,0.0,4.04208000128121,0.0,0.8,289.9538484882069,289.9538480000092,289.9538480000092,0.0
7203.600000107304,0.0,4.04208000128121,0.0,0.8,289.9538484882069,289.9538480000092,289.9538480000092,0.0
7207.200000214607,0.0,4.04208000128121,0.0,0.8,289.9538484882069,289.9538480000092,289.9538480000092,0.0
7214.400000429214,0.0,4.04208000128121,0.0,0.8,289.9538484882069,289.9538480000092,289.9538480000092,0.0
7228.800000858427,0.0,4.04208000128121,0.0,0.8,289.9538484882069,289.9538480000092,289.9538480000092,0.0
7257.6000017168535,0.0,4.042080001281208,0.0,0.8,289.9538484882069,289.9538480000092,289.9538480000092,0.0
7315.200003433705,0.0,4.042080001281208,0.0,0.8,289.9538484882069,289.9538480000092,289.9538480000092,0.0
7430.4000068674095,0.0,4.04208000128121,0.0,0.8,289.9538484882069,289.9538480000092,289.9538480000092,0.0
7560.0,0.0,4.042080001281208,0.0,0.8,289.9538484882069,289.9538480000092,289.9538480000092,0.0
7563.240000107304,0.0,4.042080001281208,0.0,0.8,289.9538484882069,289.9538480000092,289.9538480000092,0.0
7566.480000214607,0.0,4.042080001281208,0.0,0.8,289.9538484882069,289.9538480000092,289.9538480000092,0.0
7572.960000429213,0.0,4.042080001281208,0.0,0.8,289.9538484882069,289.9538480000092,289.9538480000092,0.0
7585.920000858427,0.0,4.042080001281208,0.0,0.8,289.9538484882069,289.9538480000092,289.9538480000092,0.0
7611.840001716852,0.0,4.042080001281208,0.0,0.8,289.9538484882069,289.9538480000092,289.9538480000092,0.0
7663.680003433705,0.0,4.042080001281208,0.0,0.8,289.9538484882069,289.9538480000092,289.9538480000092,0.0
7767.3600068674095,0.0,4.042080001281207,0.0,0.8,289.9538484882069,289.9538480000092,289.9538480000092,0.0
7920.0,0.0,4.042080001281208,0.0,0.8,289.9538484882069,289.9538480000092,289.9538480000092,0.0
7922.880000107303,0.0,4.042080001281208,0.0,0.8,289.9538484882069,289.9538480000092,289.9538480000092,0.0
7925.760000214606,0.0,4.042080001281208,0.0,0.8,289.9538484882069,289.9538480000092,289.9538480000092,0.0
7931.520000429213,0.0,4.042080001281208,0.0,0.8,289.9538484882069,289.9538480000092,289.9538480000092,0.0
7943.040000858426,0.0,4.042080001281208,0.0,0.8,289.9538484882069,289.9538480000092,289.9538480000092,0.0
7966.080001716852,0.0,4.042080001281207,0.0,0.8,289.9538484882069,289.9538480000092,289.9538480000092,0.0
8012.160003433704,0.0,4.042080001281207,0.0,0.8,289.9538484882069,289.9538480000092,289.9538480000092,0.0
8104.320006867409,0.0,4.042080001281207,0.0,0.8,289.9538484882069,289.9538480000092,289.9538480000092,0.0
8280.0,0.0,4.042080001281212,0.0,0.8,289.9538484882069,289.9538480000092,289.9538480000092,0.0
8282.520000107303,0.0,4.042080001281212,0.0,0.8,289.9538484882069,289.9538480000092,289.9538480000092,0.0
8285.040000214607,0.0,4.042080001281212,0.0,0.8,289.9538484882069,289.9538480000092,289.9538480000092,0.0
8290.080000429214,0.0,4.042080001281212,0.0,0.8,289.9538484882069,289.9538480000092,289.9538480000092,0.0
8300.160000858426,0.0,4.042080001281212,0.0,0.8,289.9538484882069,289.9538480000092,289.9538480000092,0.0
8320.320001716853,0.0,4.042080001281212,0.0,0.8,289.9538484882069,289.9538480000092,289.9538480000092,0.0
8360.640003433706,0.0,4.042080001281212,0.0,0.8,289.9538484882069,289.9538480000092,289.9538480000092,0.0
8441.28000686741,0.0,4.042080001281212,0.0,0.8,289.9538484882069,289.9538480000092,289.9538480000092,0.0
8602.56001373482,0.0,4.04208000128121,0.0,0.8,289.9538484882069,289.9538480000092,289.9538480000092,0.0
8640.0,0.0,4.042080001281217,0.0,0.8,289.9538484882069,289.9538480000092,289.9538480000092,0.0
8642.160000107302,0.0,4.042080001281217,0.0,0.8,289.9538484882069,289.9538480000092,289.9538480000092,0.0
8644.320000214606,0.0,4.042080001281217,0.0,0.8,289.9538484882069,289.9538480000092,289.9538480000092,0.0
8648.640000429212,0.0,4.042080001281217,0.0,0.8,289.9538484882069,289.9538480000092,289.9538480000092,0.0
8657.280000858425,0.0,4.042080001281217,0.0,0.8,289.9538484882069,289.9538480000092,289.9538480000092,0.0
8674.56000171685,0.0,4.042080001281217,0.0,0.8,289.9538484882069,289.9538480000092,289.9538480000092,0.0
8709.120003433705,0.0,4.042080001281212,0.0,0.8,289.9538484882069,289.9538480000092,289.9538480000092,0.0
8778.240006867409,0.0,4.042080001281212,0.0,0.8,289.9538484882069,289.9538480000092,289.9538480000092,0.0
8916.480013734817,0.0,4.042080001281212,0.0,0.8,289.9538484882069,289.9538480000092,289.9538480000092,0.0
9000.0,0.0,4.042080001281212,0.0,0.8,289.9538484882069,289.9538480000092,289.9538480000092,0.0
9001.800000107303,0.0,4.042080001281212,0.0,0.8,289.9538484882069,289.9538480000092,289.9538480000092,0.0
9003.600000214607,0.0,4.042080001281212,0.0,0.8,289.9538484882069,289.9538480000092,289.9538480000092,0.0
9007.200000429213,0.0,4.042080001281212,0.0,0.8,289.9538484882069,289.9538480000092,289.9538480000092,0.0
9014.400000858426,0.0,4.042080001281212,0.0,0.8,289.9538484882069,289.9538480000092,289.9538480000092,0.0
9028.800001716852,0.0,4.042080001281212,0.0,0.8,289.9538484882069,289.9538480000092,289.9538480000092,0.0
9057.600003433705,0.0,4.042080001281212,0.0,0.8,289.9538484882069,289.9538480000092,289.9538480000092,0.0
9115.20000686741,0.0,4.042080001281212,0.0,0.8,289.9538484882069,289.9538480000092,289.9538480000092,0.0
9230.400013734818,0.0,4.04208000128121,0.0,0.8,289.9538484882069,289.9538480000092,289.9538480000092,0.0
9360.0,0.0,4.042080001281207,0.0,0.8,289.9538484882069,289.9538480000092,289.9538480000092,0.0
9361.440000107305,0.0,4.042080001281207,0.0,0.8,289.9538484882069,289.9538480000092,289.9538480000092,0.0
9362.880000214607,0.0,4.042080001281207,0.0,0.8,289.9538484882069,289.9538480000092,289.9538480000092,0.0
9365.760000429214,0.0,4.042080001281207,0.0,0.8,289.9538484882069,289.9538480000092,289.9538480000092,0.0
9371.520000858425,0.0,4.042080001281207,0.0,0.8,289.9538484882069,289.9538480000092,289.9538480000092,0.0
9383.040001716852,0.0,4.042080001281207,0.0,0.8,289.9538484882069,289.9538480000092,289.9538480000092,0.0
9406.080003433704,0.0,4.042080001281207,0.0,0.8,289.9538484882069,289.9538480000092,289.9538480000092,0.0
9452.160006867409,0.0,4.042080001281207,0.0,0.8,289.9538484882069,289.9538480000092,289.9538480000092,0.0
9544.320013734818,0.0,4.042080001281208,0.0,0.8,289.9538484882069,289.9538480000092,289.9538480000092,0.0
9720.0,0.0,4.042080001281207,0.0,0.8,289.9538484882069,289.9538480000092,289.9538480000092,0.0
9721.080000107304,0.0,4.042080001281207,0.0,0.8,289.9538484882069,289.9538480000092,289.9538480000092,0.0
9722.160000214606,0.0,4.042080001281207,0.0,0.8,289.9538484882069,289.9538480000092,289.9538480000092,0.0
9724.320000429212,0.0,4.042080001281207,0.0,0.8,289.9538484882069,289.9538480000092,289.9538480000092,0.0
9728.640000858426,0.0,4.042080001281207,0.0,0.8,289.9538484882069,289.9538480000092,289.9538480000092,0.0
9737.280001716852,0.0,4.042080001281207,0.0,0.8,289.9538484882069,289.9538480000092,289.9538480000092,0.0
9754.560003433704,0.0,4.042080001281207,0.0,0.8,289.9538484882069,289.9538480000092,289.9538480000092,0.0
9789.120006867408,0.0,4.042080001281207,0.0,0.8,289.9538484882069,289.9538480000092,289.9538480000092,0.0
9858.240013734816,0.0,4.042080001281207,0.0,0.8,289.9538484882069,289.9538480000092,289.9538480000092,0.0
9996.480027469635,0.0,4.042080001281208,0.0,0.8,289.9538484882069,289.9538480000092,289.9538480000092,0.0
10080.0,0.0,4.042080001281208,0.0,0.8,289.9538484882069,289.9538480000092,289.9538480000092,0.0
10080.720000107303,0.0,4.042080001281208,0.0,0.8,289.9538484882069,289.9538480000092,289.9538480000092,0.0
10081.440000214607,0.0,4.042080001281208,0.0,0.8,289.9538484882069,289.9538480000092,289.9538480000092,0.0
10082.880000429213,0.0,4.042080001281208,0.0,0.8,289.9538484882069,289.9538480000092,289.9538480000092,0.0
10085.760000858427,0.0,4.042080001281208,0.0,0.8,289.9538484882069,289.9538480000092,289.9538480000092,0.0
10091.520001716854,0.0,4.042080001281208,0.0,0.8,289.9538484882069,289.9538480000092,289.9538480000092,0.0
10103.040003433704,0.0,4.042080001281208,0.0,0.8,289.9538484882069,289.9538480000092,289.9538480000092,0.0
10126.080006867409,0.0,4.042080001281208,0.0,0.8,289.9538484882069,289.9538480000092,289.9538480000092,0.0
10172.160013734818,0.0,4.042080001281208,0.0,0.8,289.9538484882069,289.9538480000092,289.9538480000092,0.0
10264.320027469636,0.0,4.042080001281208,0.0,0.8,289.9538484882069,289.9538480000092,289.9538480000092,0.0
10440.0,0.0,4.042080001281212,0.0,0.8,289.9538484882069,289.9538480000092,289.9538480000092,0.0
10440.360000107303,0.0,4.042080001281212,0.0,0.8,289.9538484882069,289.9538480000092,289.9538480000092,0.0
10440.720000214607,0.0,4.042080001281212,0.0,0.8,289.9538484882069,289.9538480000092,289.9538480000092,0.0
10441.440000429215,0.0,4.042080001281212,0.0,0.8,289.9538484882069,289.9538480000092,289.9538480000092,0.0
10442.880000858426,0.0,4.042080001281212,0.0,0.8,289.9538484882069,289.9538480000092,289.9538480000092,0.0
10445.760001716852,0.0,4.042080001281212,0.0,0.8,289.9538484882069,289.9538480000092,289.9538480000092,0.0
10451.520003433705,0.0,4.042080001281212,0.0,0.8,289.9538484882069,289.9538480000092,289.9538480000092,0.0
10463.04000686741,0.0,4.04208000128121,0.0,0.8,289.9538484882069,289.9538480000092,289.9538480000092,0.0
10486.080013734818,0.0,4.04208000128121,0.0,0.8,289.9538484882069,289.9538480000092,289.9538480000092,0.0
10532.160027469636,0.0,4.042080001281212,0.0,0.8,289.9538484882069,289.9538480000092,289.9538480000092,0.0
10624.320054939271,0.0,4.042080001281217,0.0,0.8,289.9538484882069,289.9538480000092,289.9538480000092,0.0
10800.0,0.0,4.0420800012812155,0.0,0.8,289.9538484882069,289.9538480000092,289.9538480000092,0.0
14400.0,0.0,4.0420800012812155,0.0,0.8,289.3544453069206,289.3544450000262,289.3544450000262,0.0
14403.600000160948,0.0,4.0420800012812155,0.0,0.8,289.3544453069206,289.3544450000262,289.3544450000262,0.0
14407.200000321896,0.0,4.0420800012812155,0.0,0.8,289.3544453069206,289.3544450000262,289.3544450000262,0.0
14414.40000064379,0.0,4.0420800012812155,0.0,0.8,289.3544453069206,289.3544450000262,289.3544450000262,0.0
14428.80000128758,0.0,4.0420800012812155,0.0,0.8,289.3544453069206,289.3544450000262,289.3544450000262,0.0
14457.60000257516,0.0,4.0420800012812155,0.0,0.8,289.3544453069206,289.3544450000262,289.3544450000262,0.0
14515.200005150318,0.0,4.0420800012812155,0.0,0.8,289.3544453069206,289.3544450000262,289.3544450000262,0.0
14630.400010300636,0.0,4.0420800012812155,0.0,0.8,289.3544453069206,289.3544450000262,289.3544450000262,0.0
14760.0,0.0,4.042080001281219,0.0,0.8,289.3544453069206,289.3544450000262,289.3544450000262,0.0
14763.240000160948,0.0,4.042080001281219,0.0,0.8,289.3544453069206,289.3544450000262,289.3544450000262,0.0
14766.480000321895,0.0,4.042080001281219,0.0,0.8,289.3544453069206,289.3544450000262,289.3544450000262,0.0
14772.96000064379,0.0,4.042080001281219,0.0,0.8,289.3544453069206,289.3544450000262,289.3544450000262,0.0
14785.92000128758,0.0,4.042080001281219,0.0,0.8,289.3544453069206,289.3544450000262,289.3544450000262,0.0
14811.84000257516,0.0,4.042080001281219,0.0,0.8,289.3544453069206,289.3544450000262,289.3544450000262,0.0
14863.68000515032,0.0,4.042080001281219,0.0,0.8,289.3544453069206,289.3544450000262,289.3544450000262,0.0
14967.360010300636,0.0,4.042080001281219,0.0,0.8,289.3544453069206,289.3544450000262,289.3544450000262,0.0
15120.0,0.0,4.0420800012812155,0.0,0.8,289.3544453069206,289.3544450000262,289.3544450000262,0.0
15122.880000160947,0.0,4.0420800012812155,0.0,0.8,289.3544453069206,289.3544450000262,289.3544450000262,0.0
15125.760000321894,0.0,4.0420800012812155,0.0,0.8,289.3544453069206,289.3544450000262,289.3544450000262,0.0
15131.520000643788,0.0,4.0420800012812155,0.0,0.8,289.3544453069206,289.3544450000262,289.3544450000262,0.0
15143.04000128758,0.0,4.0420800012812155,0.0,0.8,289.3544453069206,289.3544450000262,289.3544450000262,0.0
15166.08000257516,0.0,4.042080001281219,0.0,0.8,289.3544453069206,289.3544450000262,289.3544450000262,0.0
15212.160005150317,0.0,4.0420800012812155,0.0,0.8,289.3544453069206,289.3544450000262,289.3544450000262,0.0
15304.320010300635,0.0,4.042080001281219,0.0,0.8,289.3544453069206,289.3544450000262,289.3544450000262,0.0
15480.0,0.0,4.042080001281217,0.0,0.8,289.3544453069206,289.3544450000262,289.3544450000262,0.0
15482.520000160948,0.0,4.042080001281217,0.0,0.8,289.3544453069206,289.3544450000262,289.3544450000262,0.0
15485.040000321897,0.0,4.042080001281217,0.0,0.8,289.3544453069206,289.3544450000262,289.3544450000262,0.0
15490.080000643791,0.0,4.042080001281217,0.0,0.8,289.3544453069206,289.3544450000262,289.3544450000262,0.0
15500.16000128758,0.0,4.042080001281217,0.0,0.8,289.3544453069206,289.3544450000262,289.3544450000262,0.0
15520.32000257516,0.0,4.042080001281217,0.0,0.8,289.3544453069206,289.3544450000262,289.3544450000262,0.0
15560.640005150319,0.0,4.042080001281217,0.0,0.8,289.3544453069206,289.3544450000262,289.3544450000262,0.0
15641.280010300638,0.0,4.042080001281217,0.0,0.8,289.3544453069206,289.3544450000262,289.3544450000262,0.0
15802.560020601273,0.0,4.042080001281217,0.0,0.8,289.3544453069206,289.3544450000262,289.3544450000262,0.0
15840.0,0.0,4.042080001281217,0.0,0.8,289.3544453069206,289.3544450000262,289.3544450000262,0.0
15842.160000160948,0.0,4.042080001281217,0.0,0.8,289.3544453069206,289.3544450000262,289.3544450000262,0.0
15844.320000321895,0.0,4.042080001281217,0.0,0.8,289.3544453069206,289.3544450000262,289.3544450000262,0.0
15848.64000064379,0.0,4.042080001281219,0.0,0.8,289.3544453069206,289.3544450000262,289.3544450000262,0.0
15857.28000128758,0.0,4.042080001281219,0.0,0.8,289.3544453069206,289.3544450000262,289.3544450000262,0.0
15874.56000257516,0.0,4.042080001281219,0.0,0.8,289.3544453069206,289.3544450000262,289.3544450000262,0.0
15909.120005150318,0.0,4.042080001281219,0.0,0.8,289.3544453069206,289.3544450000262,289.3544450000262,0.0
15978.240010300637,0.0,4.042080001281219,0.0,0.8,289.3544453069206,289.3544450000262,289.3544450000262,0.0
16116.480020601273,0.0,4.042080001281219,0.0,0.8,289.3544453069206,289.3544450000262,289.3544450000262,0.0
16200.0,0.0,4.042080001281217,0.0,0.8,289.3544453069206,289.3544450000262,289.3544450000262,0.0
16201.800000160947,0.0,4.042080001281217,0.0,0.8,289.3544453069206,289.3544450000262,289.3544450000262,0.0
16203.600000321894,0.0,4.042080001281217,0.0,0.8,289.3544453069206,289.3544450000262,289.3544450000262,0.0
16207.200000643788,0.0,4.042080001281217,0.0,0.8,289.3544453069206,289.3544450000262,289.3544450000262,0.0
16214.400001287579,0.0,4.042080001281217,0.0,0.8,289.3544453069206,289.3544450000262,289.3544450000262,0.0
16228.800002575159,0.0,4.042080001281217,0.0,0.8,289.3544453069206,289.3544450000262,289.3544450000262,0.0
16257.600005150318,0.0,4.042080001281217,0.0,0.8,289.3544453069206,289.3544450000262,289.3544450000262,0.0
16315.200010300636,0.0,4.042080001281219,0.0,0.8,289.3544453069206,289.3544450000262,289.3544450000262,0.0
16430.40002060127,0.0,4.042080001281217,0.0,0.8,289.3544453069206,289.3544450000262,289.3544450000262,0.0
16560.0,0.0,4.042080001281219,0.0,0.8,289.3544453069206,289.3544450000262,289.3544450000262,0.0
16561.440000160947,0.0,4.042080001281219,0.0,0.8,289.3544453069206,289.3544450000262,289.3544450000262,0.0
16562.880000321897,0.0,4.042080001281219,0.0,0.8,289.3544453069206,289.3544450000262,289.3544450000262,0.0
16565.760000643793,0.0,4.042080001281219,0.0,0.8,289.3544453069206,289.3544450000262,289.3544450000262,0.0
16571.52000128758,0.0,4.042080001281219,0.0,0.8,289.3544453069206,289.3544450000262,289.3544450000262,0.0
16583.04000257516,0.0,4.042080001281219,0.0,0.8,289.3544453069206,289.3544450000262,289.3544450000262,0.0
16606.080005150317,0.0,4.042080001281219,0.0,0.8,289.3544453069206,289.3544450000262,289.3544450000262,0.0
16652.160010300635,0.0,4.042080001281219,0.0,0.8,289.3544453069206,289.3544450000262,289.3544450000262,0.0
16744.320020601273,0.0,4.042080001281219,0.0,0.8,289.3544453069206,289.3544450000262,289.3544450000262,0.0
16920.0,0.0,4.042080001281219,0.0,0.8,289.3544453069206,289.3544450000262,289.3544450000262,0.0
16921.080000160946,0.0,4.042080001281219,0.0,0.8,289.3544453069206,289.3544450000262,289.3544450000262,0.0
16922.160000321895,0.0,4.042080001281219,0.0,0.8,289.3544453069206,289.3544450000262,289.3544450000262,0.0
16924.32000064379,0.0,4.042080001281219,0.0,0.8,289.3544453069206,289.3544450000262,289.3544450000262,0.0
16928.640001287582,0.0,4.042080001281219,0.0,0.8,289.3544453069206,289.3544450000262,289.3544450000262,0.0
16937.28000257516,0.0,4.042080001281219,0.0,0.8,289.3544453069206,289.3544450000262,289.3544450000262,0.0
16954.56000515032,0.0,4.042080001281219,0.0,0.8,289.3544453069206,289.3544450000262,289.3544450000262,0.0
16989.120010300638,0.0,4.042080001281219,0.0,0.8,289.3544453069206,289.3544450000262,289.3544450000262,0.0
17058.240020601275,0.0,4.042080001281217,0.0,0.8,289.3544453069206,289.3544450000262,289.3544450000262,0.0
17196.480041202547,0.0,4.042080001281219,0.0,0.8,289.3544453069206,289.3544450000262,289.3544450000262,0.0
17280.0,0.0,4.042080001281219,0.0,0.8,289.3544453069206,289.3544450000262,289.3544450000262,0.0
17280.720000160945,0.0,4.042080001281219,0.0,0.8,289.3544453069206,289.3544450000262,289.3544450000262,0.0
17281.440000321894,0.0,4.042080001281219,0.0,0.8,289.3544453069206,289.3544450000262,289.3544450000262,0.0
17282.88000064379,0.0,4.042080001281219,0.0,0.8,289.3544453069206,289.3544450000262,289.3544450000262,0.0
17285.760001287577,0.0,4.042080001281219,0.0,0.8,289.3544453069206,289.3544450000262,289.3544450000262,0.0
17291.52000257516,0.0,4.042080001281219,0.0,0.8,289.3544453069206,289.3544450000262,289.3544450000262,0.0
17303.040005150317,0.0,4.042080001281219,0.0,0.8,289.3544453069206,289.3544450000262,289.3544450000262,0.0
17326.080010300633,0.0,4.042080001281219,0.0,0.8,289.3544453069206,289.3544450000262,289.3544450000262,0.0
17372.160020601274,0.0,4.042080001281219,0.0,0.8,289.3544453069206,289.3544450000262,289.3544450000262,0.0
17464.320041202544,0.0,4.042080001281219,0.0,0.8,289.3544453069206,289.3544450000262,289.3544450000262,0.0
17640.0,0.0,4.042080001281217,0.0,0.8,289.3544453069206,289.3544450000262,289.3544450000262,0.0
17640.360000160945,0.0,4.042080001281217,0.0,0.8,289.3544453069206,289.3544450000262,289.3544450000262,0.0
17640.720000321893,0.0,4.042080001281217,0.0,0.8,289.3544453069206,289.3544450000262,289.3544450000262,0.0
17641.440000643786,0.0,4.042080001281217,0.0,0.8,289.3544453069206,289.3544450000262,289.3544450000262,0.0
17642.88000128758,0.0,4.042080001281217,0.0,0.8,289.3544453069206,289.3544450000262,289.3544450000262,0.0
17645.76000257516,0.0,4.042080001281217,0.0,0.8,289.3544453069206,289.3544450000262,289.3544450000262,0.0
17651.52000515032,0.0,4.042080001281217,0.0,0.8,289.3544453069206,289.3544450000262,289.3544450000262,0.0
17663.040010300636,0.0,4.042080001281217,0.0,0.8,289.3544453069206,289.3544450000262,289.3544450000262,0.0
17686.080020601272,0.0,4.042080001281217,0.0,0.8,289.3544453069206,289.3544450000262,289.3544450000262,0.0
17732.160041202544,0.0,4.042080001281217,0.0,0.8,289.3544453069206,289.3544450000262,289.3544450000262,0.0
17824.320082405087,0.0,4.042080001281219,0.0,0.8,289.3544453069206,289.3544450000262,289.3544450000262,0.0
18000.0,0.0,4.042080001281219,0.0,0.8,289.3544453069206,289.3544450000262,289.3544450000262,0.0
21600.0,0.0,4.042080001281219,0.0,0.8,289.15000052336,289.14999999998065,289.14999999998065,0.0
21603.600000214596,0.0,4.042080001281219,0.0,0.8,289.15000052336,289.14999999998065,289.14999999998065,0.0
21607.200000429184,0.0,4.042080001281219,0.0,0.8,289.15000052336,289.14999999998065,289.14999999998065,0.0
21614.400000858368,0.0,4.042080001281219,0.0,0.8,289.15000052336,289.14999999998065,289.14999999998065,0.0
21628.800001716736,0.0,4.042080001281219,0.0,0.8,289.15000052336,289.14999999998065,289.14999999998065,0.0
21657.60000343347,0.0,4.042080001281219,0.0,0.8,289.15000052336,289.14999999998065,289.14999999998065,0.0
21715.200006866937,0.0,4.042080001281219,0.0,0.8,289.15000052336,289.14999999998065,289.14999999998065,0.0
21830.400013733866,0.0,4.042080001281219,0.0,0.8,289.15000052336,289.14999999998065,289.14999999998065,0.0
21960.0,0.0,4.042080001281219,0.0,0.8,289.15000052336,289.14999999998065,289.14999999998065,0.0
21963.24000021459,0.0,4.042080001281219,0.0,0.8,289.15000052336,289.14999999998065,289.14999999998065,0.0
21966.480000429183,0.0,4.042080001281219,0.0,0.8,289.15000052336,289.14999999998065,289.14999999998065,0.0
21972.960000858366,0.0,4.042080001281219,0.0,0.8,289.15000052336,289.14999999998065,289.14999999998065,0.0
21985.92000171673,0.0,4.042080001281219,0.0,0.8,289.15000052336,289.14999999998065,289.14999999998065,0.0
22011.840003433463,0.0,4.042080001281219,0.0,0.8,289.15000052336,289.14999999998065,289.14999999998065,0.0
22063.680006866933,0.0,4.042080001281219,0.0,0.8,289.15000052336,289.14999999998065,289.14999999998065,0.0
22167.360013733865,0.0,4.042080001281219,0.0,0.8,289.15000052336,289.14999999998065,289.14999999998065,0.0
22320.0,0.0,4.042080001281219,0.0,0.8,289.15000052336,289.14999999998065,289.14999999998065,0.0
22322.88000021459,0.0,4.042080001281219,0.0,0.8,289.15000052336,289.14999999998065,289.14999999998065,0.0
22325.76000042918,0.0,4.042080001281219,0.0,0.8,289.15000052336,289.14999999998065,289.14999999998065,0.0
22331.520000858363,0.0,4.042080001281219,0.0,0.8,289.15000052336,289.14999999998065,289.14999999998065,0.0
22343.040001716734,0.0,4.042080001281219,0.0,0.8,289.15000052336,289.14999999998065,289.14999999998065,0.0
22366.080003433464,0.0,4.042080001281219,0.0,0.8,289.15000052336,289.14999999998065,289.14999999998065,0.0
22412.16000686693,0.0,4.042080001281219,0.0,0.8,289.15000052336,289.14999999998065,289.14999999998065,0.0
22504.320013733864,0.0,4.042080001281219,0.0,0.8,289.15000052336,289.14999999998065,289.14999999998065,0.0
22680.0,0.0,4.042080001281217,0.0,0.8,289.15000052336,289.14999999998065,289.14999999998065,0.0
22682.520000214594,0.0,4.042080001281217,0.0,0.8,289.15000052336,289.14999999998065,289.14999999998065,0.0
22685.040000429184,0.0,4.042080001281217,0.0,0.8,289.15000052336,289.14999999998065,289.14999999998065,0.0
22690.08000085837,0.0,4.042080001281217,0.0,0.8,289.15000052336,289.14999999998065,289.14999999998065,0.0
22700.160001716737,0.0,4.042080001281217,0.0,0.8,289.15000052336,289.14999999998065,289.14999999998065,0.0
22720.320003433466,0.0,4.042080001281217,0.0,0.8,289.15000052336,289.14999999998065,289.14999999998065,0.0
22760.64000686693,0.0,4.042080001281217,0.0,0.8,289.15000052336,289.14999999998065,289.14999999998065,0.0
22841.280013733864,0.0,4.042080001281217,0.0,0.8,289.15000052336,289.14999999998065,289.14999999998065,0.0
23002.560027467727,0.0,4.042080001281219,0.0,0.8,289.15000052336,289.14999999998065,289.14999999998065,0.0
23040.0,0.0,4.042080001281219,0.0,0.8,289.15000052336,289.14999999998065,289.14999999998065,0.0
23042.160000214593,0.0,4.042080001281219,0.0,0.8,289.15000052336,289.14999999998065,289.14999999998065,0.0
23044.320000429183,0.0,4.042080001281219,0.0,0.8,289.15000052336,289.14999999998065,289.14999999998065,0.0
23048.640000858366,0.0,4.042080001281219,0.0,0.8,289.15000052336,289.14999999998065,289.14999999998065,0.0
23057.280001716732,0.0,4.042080001281219,0.0,0.8,289.15000052336,289.14999999998065,289.14999999998065,0.0
23074.560003433464,0.0,4.042080001281219,0.0,0.8,289.15000052336,289.14999999998065,289.14999999998065,0.0
23109.12000686693,0.0,4.042080001281219,0.0,0.8,289.15000052336,289.14999999998065,289.14999999998065,0.0
23178.240013733863,0.0,4.042080001281219,0.0,0.8,289.15000052336,289.14999999998065,289.14999999998065,0.0
23316.480027467725,0.0,4.042080001281217,0.0,0.8,289.15000052336,289.14999999998065,289.14999999998065,0.0
23400.0,0.0,4.042080001281217,0.0,0.8,289.15000052336,289.14999999998065,289.14999999998065,0.0
23401.800000214593,0.0,4.042080001281217,0.0,0.8,289.15000052336,289.14999999998065,289.14999999998065,0.0
23403.60000042918,0.0,4.042080001281217,0.0,0.8,289.15000052336,289.14999999998065,289.14999999998065,0.0
23407.200000858364,0.0,4.042080001281217,0.0,0.8,289.15000052336,289.14999999998065,289.14999999998065,0.0
23414.400001716735,0.0,4.042080001281217,0.0,0.8,289.15000052336,289.14999999998065,289.14999999998065,0.0
23428.800003433465,0.0,4.042080001281217,0.0,0.8,289.15000052336,289.14999999998065,289.14999999998065,0.0
23457.60000686693,0.0,4.042080001281217,0.0,0.8,289.15000052336,289.14999999998065,289.14999999998065,0.0
23515.200013733862,0.0,4.042080001281219,0.0,0.8,289.15000052336,289.14999999998065,289.14999999998065,0.0
23630.400027467727,0.0,4.042080001281219,0.0,0.8,289.15000052336,289.14999999998065,289.14999999998065,0.0
23760.0,0.0,4.0420800012812155,0.0,0.8,289.15000052336,289.14999999998065,289.14999999998065,0.0
23761.440000214592,0.0,4.0420800012812155,0.0,0.8,289.15000052336,289.14999999998065,289.14999999998065,0.0
23762.880000429184,0.0,4.0420800012812155,0.0,0.8,289.15000052336,289.14999999998065,289.14999999998065,0.0
23765.76000085837,0.0,4.0420800012812155,0.0,0.8,289.15000052336,289.14999999998065,289.14999999998065,0.0
23771.520001716734,0.0,4.0420800012812155,0.0,0.8,289.15000052336,289.14999999998065,289.14999999998065,0.0
23783.040003433467,0.0,4.0420800012812155,0.0,0.8,289.15000052336,289.14999999998065,289.14999999998065,0.0
23806.080006866934,0.0,4.0420800012812155,0.0,0.8,289.15000052336,289.14999999998065,289.14999999998065,0.0
23852.160013733865,0.0,4.0420800012812155,0.0,0.8,289.15000052336,289.14999999998065,289.14999999998065,0.0
23944.32002746773,0.0,4.042080001281219,0.0,0.8,289.15000052336,289.14999999998065,289.14999999998065,0.0
24120.0,0.0,4.042080001281217,0.0,0.8,289.15000052336,289.14999999998065,289.14999999998065,0.0
24121.08000021459,0.0,4.042080001281217,0.0,0.8,289.15000052336,289.14999999998065,289.14999999998065,0.0
24122.160000429183,0.0,4.042080001281217,0.0,0.8,289.15000052336,289.14999999998065,289.14999999998065,0.0
24124.320000858366,0.0,4.042080001281217,0.0,0.8,289.15000052336,289.14999999998065,289.14999999998065,0.0
24128.640001716733,0.0,4.042080001281217,0.0,0.8,289.15000052336,289.14999999998065,289.14999999998065,0.0
24137.280003433465,0.0,4.042080001281217,0.0,0.8,289.15000052336,289.14999999998065,289.14999999998065,0.0
24154.56000686693,0.0,4.042080001281217,0.0,0.8,289.15000052336,289.14999999998065,289.14999999998065,0.0
24189.120013733864,0.0,4.042080001281219,0.0,0.8,289.15000052336,289.14999999998065,289.14999999998065,0.0
24258.240027467727,0.0,4.042080001281217,0.0,0.8,289.15000052336,289.14999999998065,289.14999999998065,0.0
24396.480054935455,0.0,4.042080001281219,0.0,0.8,289.15000052336,289.14999999998065,289.14999999998065,0.0
24480.0,0.0,4.042080001281219,0.0,0.8,289.15000052336,289.14999999998065,289.14999999998065,0.0
24480.72000021459,0.0,4.042080001281219,0.0,0.8,289.15000052336,289.14999999998065,289.14999999998065,0.0
24481.440000429182,0.0,4.042080001281219,0.0,0.8,289.15000052336,289.14999999998065,289.14999999998065,0.0
24482.880000858364,0.0,4.042080001281219,0.0,0.8,289.15000052336,289.14999999998065,289.14999999998065,0.0
24485.76000171673,0.0,4.042080001281219,0.0,0.8,289.15000052336,289.14999999998065,289.14999999998065,0.0
24491.520003433463,0.0,4.042080001281219,0.0,0.8,289.15000052336,289.14999999998065,289.14999999998065,0.0
24503.040006866933,0.0,4.042080001281219,0.0,0.8,289.15000052336,289.14999999998065,289.14999999998065,0.0
24526.080013733863,0.0,4.042080001281221,0.0,0.8,289.15000052336,289.14999999998065,289.14999999998065,0.0
24572.160027467726,0.0,4.042080001281217,0.0,0.8,289.15000052336,289.14999999998065,289.14999999998065,0.0
24664.320054935455,0.0,4.042080001281221,0.0,0.8,289.15000052336,289.14999999998065,289.14999999998065,0.0
24840.0,0.0,4.042080001281221,0.0,0.8,289.15000052336,289.14999999998065,289.14999999998065,0.0
24840.36000021459,0.0,4.042080001281221,0.0,0.8,289.15000052336,289.14999999998065,289.14999999998065,0.0
24840.720000429184,0.0,4.042080001281221,0.0,0.8,289.15000052336,289.14999999998065,289.14999999998065,0.0
24841.44000085837,0.0,4.042080001281221,0.0,0.8,289.15000052336,289.14999999998065,289.14999999998065,0.0
24842.880001716734,0.0,4.042080001281221,0.0,0.8,289.15000052336,289.14999999998065,289.14999999998065,0.0
24845.76000343347,0.0,4.042080001281221,0.0,0.8,289.15000052336,289.14999999998065,289.14999999998065,0.0
24851.520006866933,0.0,4.042080001281221,0.0,0.8,289.15000052336,289.14999999998065,289.14999999998065,0.0
24863.040013733866,0.0,4.042080001281221,0.0,0.8,289.15000052336,289.14999999998065,289.14999999998065,0.0
24886.08002746773,0.0,4.042080001281221,0.0,0.8,289.15000052336,289.14999999998065,289.14999999998065,0.0
24932.160054935455,0.0,4.042080001281221,0.0,0.8,289.15000052336,289.14999999998065,289.14999999998065,0.0
25024.32010987091,0.0,4.042080001281219,0.0,0.8,289.15000052336,289.14999999998065,289.14999999998065,0.0
25200.0,0.0,4.042080001281221,0.0,0.8,289.15000052336,289.14999999998065,289.14999999998065,0.0
28800.0,0.0,4.042080001281221,0.0,0.8,289.35444447664725,289.3544450000262,289.3544450000262,0.0
28803.600000268238,0.0,4.042080001281221,0.0,0.8,289.35444447664725,289.3544450000262,289.3544450000262,0.0
28807.200000536475,0.0,4.042080001281221,0.0,0.8,289.35444447664725,289.3544450000262,289.3544450000262,0.0
28814.400001072943,0.0,4.042080001281221,0.0,0.8,289.35444447664725,289.3544450000262,289.3544450000262,0.0
28828.800002145887,0.0,4.042080001281221,0.0,0.8,289.35444447664725,289.3544450000262,289.3544450000262,0.0
28857.600004291773,0.0,4.042080001281221,0.0,0.8,289.35444447664725,289.3544450000262,289.3544450000262,0.0
28915.200008583546,0.0,4.042080001281219,0.0,0.8,289.35444447664725,289.3544450000262,289.3544450000262,0.0
29030.400017167092,0.0,4.042080001281219,0.0,0.8,289.35444447664725,289.3544450000262,289.3544450000262,0.0
29160.0,0.0,4.042080001281221,0.0,0.8,289.35444447664725,289.3544450000262,289.3544450000262,0.0
29163.240000268233,0.0,4.042080001281221,0.0,0.8,289.35444447664725,289.3544450000262,289.3544450000262,0.0
29166.48000053647,0.0,4.042080001281221,0.0,0.8,289.35444447664725,289.3544450000262,289.3544450000262,0.0
29172.96000107294,0.0,4.042080001281221,0.0,0.8,289.35444447664725,289.3544450000262,289.3544450000262,0.0
29185.920002145886,0.0,4.042080001281221,0.0,0.8,289.35444447664725,289.3544450000262,289.3544450000262,0.0
29211.84000429177,0.0,4.042080001281217,0.0,0.8,289.35444447664725,289.3544450000262,289.3544450000262,0.0
29263.680008583542,0.0,4.042080001281217,0.0,0.8,289.35444447664725,289.3544450000262,289.3544450000262,0.0
29367.36001716709,0.0,4.042080001281217,0.0,0.8,289.35444447664725,289.3544450000262,289.3544450000262,0.0
29520.0,0.0,4.042080001281221,0.0,0.8,289.35444447664725,289.3544450000262,289.3544450000262,0.0
29522.880000268236,0.0,4.042080001281221,0.0,0.8,289.35444447664725,289.3544450000262,289.3544450000262,0.0
29525.760000536473,0.0,4.042080001281221,0.0,0.8,289.35444447664725,289.3544450000262,289.3544450000262,0.0
29531.520001072946,0.0,4.042080001281221,0.0,0.8,289.35444447664725,289.3544450000262,289.3544450000262,0.0
29543.040002145888,0.0,4.042080001281219,0.0,0.8,289.35444447664725,289.3544450000262,289.3544450000262,0.0
29566.080004291776,0.0,4.042080001281219,0.0,0.8,289.35444447664725,289.3544450000262,289.3544450000262,0.0
29612.160008583545,0.0,4.042080001281219,0.0,0.8,289.35444447664725,289.3544450000262,289.3544450000262,0.0
29704.32001716709,0.0,4.042080001281219,0.0,0.8,289.35444447664725,289.3544450000262,289.3544450000262,0.0
29880.0,0.0,4.042080001281219,0.0,0.8,289.35444447664725,289.3544450000262,289.3544450000262,0.0
29882.520000268236,0.0,4.042080001281219,0.0,0.8,289.35444447664725,289.3544450000262,289.3544450000262,0.0
29885.04000053647,0.0,4.042080001281219,0.0,0.8,289.35444447664725,289.3544450000262,289.3544450000262,0.0
29890.080001072944,0.0,4.042080001281219,0.0,0.8,289.35444447664725,289.3544450000262,289.3544450000262,0.0
29900.160002145887,0.0,4.042080001281219,0.0,0.8,289.35444447664725,289.3544450000262,289.3544450000262,0.0
29920.320004291774,0.0,4.042080001281221,0.0,0.8,289.35444447664725,289.3544450000262,289.3544450000262,0.0
29960.64000858355,0.0,4.042080001281223,0.0,0.8,289.35444447664725,289.3544450000262,289.3544450000262,0.0
30041.28001716709,0.0,4.042080001281223,0.0,0.8,289.35444447664725,289.3544450000262,289.3544450000262,0.0
30202.560034334183,0.0,4.042080001281221,0.0,0.8,289.35444447664725,289.3544450000262,289.3544450000262,0.0
30240.0,0.0,4.042080001281221,0.0,0.8,289.35444447664725,289.3544450000262,289.3544450000262,0.0
30242.160000268235,0.0,4.042080001281221,0.0,0.8,289.35444447664725,289.3544450000262,289.3544450000262,0.0
30244.32000053647,0.0,4.042080001281221,0.0,0.8,289.35444447664725,289.3544450000262,289.3544450000262,0.0
30248.64000107294,0.0,4.042080001281221,0.0,0.8,289.35444447664725,289.3544450000262,289.3544450000262,0.0
30257.280002145886,0.0,4.042080001281221,0.0,0.8,289.35444447664725,289.3544450000262,289.3544450000262,0.0
30274.560004291772,0.0,4.042080001281221,0.0,0.8,289.35444447664725,289.3544450000262,289.3544450000262,0.0
30309.120008583544,0.0,4.042080001281219,0.0,0.8,289.35444447664725,289.3544450000262,289.3544450000262,0.0
30378.24001716709,0.0,4.042080001281224,0.0,0.8,289.35444447664725,289.3544450000262,289.3544450000262,0.0
30516.48003433418,0.0,4.042080001281221,0.0,0.8,289.35444447664725,289.3544450000262,289.3544450000262,0.0
30600.0,0.0,4.042080001281219,0.0,0.8,289.35444447664725,289.3544450000262,289.3544450000262,0.0
30601.80000026824,0.0,4.042080001281219,0.0,0.8,289.35444447664725,289.3544450000262,289.3544450000262,0.0
30603.600000536473,0.0,4.042080001281219,0.0,0.8,289.35444447664725,289.3544450000262,289.3544450000262,0.0
30607.200001072946,0.0,4.042080001281219,0.0,0.8,289.35444447664725,289.3544450000262,289.3544450000262,0.0
30614.400002145885,0.0,4.042080001281219,0.0,0.8,289.35444447664725,289.3544450000262,289.3544450000262,0.0
30628.800004291774,0.0,4.042080001281219,0.0,0.8,289.35444447664725,289.3544450000262,289.3544450000262,0.0
30657.600008583548,0.0,4.042080001281219,0.0,0.8,289.35444447664725,289.3544450000262,289.3544450000262,0.0
30715.20001716709,0.0,4.042080001281219,0.0,0.8,289.35444447664725,289.3544450000262,289.3544450000262,0.0
30830.400034334183,0.0,4.042080001281221,0.0,0.8,289.35444447664725,289.3544450000262,289.3544450000262,0.0
30960.0,0.0,4.042080001281221,0.0,0.8,289.35444447664725,289.3544450000262,289.3544450000262,0.0
30961.440000268234,0.0,4.042080001281221,0.0,0.8,289.35444447664725,289.3544450000262,289.3544450000262,0.0
30962.88000053647,0.0,4.042080001281221,0.0,0.8,289.35444447664725,289.3544450000262,289.3544450000262,0.0
30965.76000107294,0.0,4.042080001281221,0.0,0.8,289.35444447664725,289.3544450000262,289.3544450000262,0.0
30971.520002145884,0.0,4.042080001281221,0.0,0.8,289.35444447664725,289.3544450000262,289.3544450000262,0.0
30983.04000429177,0.0,4.042080001281221,0.0,0.8,289.35444447664725,289.3544450000262,289.3544450000262,0.0
31006.080008583544,0.0,4.042080001281221,0.0,0.8,289.35444447664725,289.3544450000262,289.3544450000262,0.0
31052.16001716709,0.0,4.042080001281219,0.0,0.8,289.35444447664725,289.3544450000262,289.3544450000262,0.0
31144.32003433418,0.0,4.042080001281223,0.0,0.8,289.35444447664725,289.3544450000262,289.3544450000262,0.0
31320.0,0.0,4.042080001281219,0.0,0.8,289.35444447664725,289.3544450000262,289.3544450000262,0.0
31321.080000268237,0.0,4.042080001281219,0.0,0.8,289.35444447664725,289.3544450000262,289.3544450000262,0.0
31322.160000536474,0.0,4.042080001281219,0.0,0.8,289.35444447664725,289.3544450000262,289.3544450000262,0.0
31324.320001072945,0.0,4.042080001281219,0.0,0.8,289.35444447664725,289.3544450000262,289.3544450000262,0.0
31328.640002145887,0.0,4.042080001281219,0.0,0.8,289.35444447664725,289.3544450000262,289.3544450000262,0.0
31337.280004291773,0.0,4.042080001281219,0.0,0.8,289.35444447664725,289.3544450000262,289.3544450000262,0.0
31354.560008583547,0.0,4.042080001281219,0.0,0.8,289.35444447664725,289.3544450000262,289.3544450000262,0.0
31389.120017167093,0.0,4.042080001281219,0.0,0.8,289.35444447664725,289.3544450000262,289.3544450000262,0.0
31458.240034334183,0.0,4.042080001281221,0.0,0.8,289.35444447664725,289.3544450000262,289.3544450000262,0.0
31596.480068668367,0.0,4.042080001281219,0.0,0.8,289.35444447664725,289.3544450000262,289.3544450000262,0.0
31680.0,0.0,4.042080001281221,0.0,0.8,289.35444447664725,289.3544450000262,289.3544450000262,0.0
31680.720000268237,0.0,4.042080001281221,0.0,0.8,289.35444447664725,289.3544450000262,289.3544450000262,0.0
31681.440000536473,0.0,4.042080001281221,0.0,0.8,289.35444447664725,289.3544450000262,289.3544450000262,0.0
31682.880001072946,0.0,4.042080001281221,0.0,0.8,289.35444447664725,289.3544450000262,289.3544450000262,0.0
31685.76000214589,0.0,4.042080001281221,0.0,0.8,289.35444447664725,289.3544450000262,289.3544450000262,0.0
31691.520004291775,0.0,4.042080001281221,0.0,0.8,289.35444447664725,289.3544450000262,289.3544450000262,0.0
31703.040008583546,0.0,4.042080001281221,0.0,0.8,289.35444447664725,289.3544450000262,289.3544450000262,0.0
31726.080017167093,0.0,4.042080001281221,0.0,0.8,289.35444447664725,289.3544450000262,289.3544450000262,0.0
31772.160034334185,0.0,4.042080001281219,0.0,0.8,289.35444447664725,289.3544450000262,289.3544450000262,0.0
31864.320068668367,0.0,4.042080001281221,0.0,0.8,289.35444447664725,289.3544450000262,289.3544450000262,0.0
32040.0,0.0,4.042080001281224,0.0,0.8,289.35444447664725,289.3544450000262,289.3544450000262,0.0
32040.360000268236,0.0,4.042080001281224,0.0,0.8,289.35444447664725,289.3544450000262,289.3544450000262,0.0
32040.720000536472,0.0,4.042080001281224,0.0,0.8,289.35444447664725,289.3544450000262,289.3544450000262,0.0
32041.440001072944,0.0,4.042080001281224,0.0,0.8,289.35444447664725,289.3544450000262,289.3544450000262,0.0
32042.88000214589,0.0,4.042080001281224,0.0,0.8,289.35444447664725,289.3544450000262,289.3544450000262,0.0
32045.760004291773,0.0,4.042080001281224,0.0,0.8,289.35444447664725,289.3544450000262,289.3544450000262,0.0
32051.520008583546,0.0,4.042080001281224,0.0,0.8,289.35444447664725,289.3544450000262,289.3544450000262,0.0
32063.04001716709,0.0,4.042080001281224,0.0,0.8,289.35444447664725,289.3544450000262,289.3544450000262,0.0
32086.080034334183,0.0,4.042080001281224,0.0,0.8,289.35444447664725,289.3544450000262,289.3544450000262,0.0
32132.160068668367,0.0,4.042080001281224,0.0,0.8,289.35444447664725,289.3544450000262,289.3544450000262,0.0
32224.320137336734,0.0,4.042080001281219,0.0,0.8,289.35444447664725,289.3544450000262,289.3544450000262,0.0
32400.0,0.0,4.042080001281221,0.0,0.8,289.35444447664725,289.3544450000262,289.3544450000262,0.0
36000.0,0.0,4.042080001281221,0.0,0.8,289.9538476931148,289.9538480000092,289.9538480000092,0.0
36003.60000032188,0.0,4.042080001281221,0.0,0.8,289.9538476931148,289.9538480000092,289.9538480000092,0.0
36007.20000064376,0.0,4.042080001281221,0.0,0.8,289.9538476931148,289.9538480000092,289.9538480000092,0.0
36014.40000128752,0.0,4.042080001281221,0.0,0.8,289.9538476931148,289.9538480000092,289.9538480000092,0.0
36028.80000257504,0.0,4.042080001281221,0.0,0.8,289.9538476931148,289.9538480000092,289.9538480000092,0.0
36057.60000515008,0.0,4.042080001281221,0.0,0.8,289.9538476931148,289.9538480000092,289.9538480000092,0.0
36115.20001030016,0.0,4.042080001281223,0.0,0.8,289.9538476931148,289.9538480000092,289.9538480000092,0.0
36230.400020600326,0.0,4.042080001281224,0.0,0.8,289.9538476931148,289.9538480000092,289.9538480000092,0.0
36360.0,0.0,4.042080001281219,0.0,0.8,289.9538476931148,289.9538480000092,289.9538480000092,0.0
36363.24000032188,0.0,4.042080001281219,0.0,0.8,289.9538476931148,289.9538480000092,289.9538480000092,0.0
36366.48000064376,0.0,4.042080001281219,0.0,0.8,289.9538476931148,289.9538480000092,289.9538480000092,0.0
36372.960001287516,0.0,4.042080001281219,0.0,0.8,289.9538476931148,289.9538480000092,289.9538480000092,0.0
36385.92000257504,0.0,4.042080001281219,0.0,0.8,289.9538476931148,289.9538480000092,289.9538480000092,0.0
36411.84000515008,0.0,4.042080001281219,0.0,0.8,289.9538476931148,289.9538480000092,289.9538480000092,0.0
36463.68001030016,0.0,4.042080001281219,0.0,0.8,289.9538476931148,289.9538480000092,289.9538480000092,0.0
36567.36002060032,0.0,4.042080001281221,0.0,0.8,289.9538476931148,289.9538480000092,289.9538480000092,0.0
36720.0,0.0,4.042080001281219,0.0,0.8,289.9538476931148,289.9538480000092,289.9538480000092,0.0
36722.88000032188,0.0,4.042080001281219,0.0,0.8,289.9538476931148,289.9538480000092,289.9538480000092,0.0
36725.76000064376,0.0,4.042080001281219,0.0,0.8,289.9538476931148,289.9538480000092,289.9538480000092,0.0
36731.520001287514,0.0,4.042080001281219,0.0,0.8,289.9538476931148,289.9538480000092,289.9538480000092,0.0
36743.04000257504,0.0,4.042080001281219,0.0,0.8,289.9538476931148,289.9538480000092,289.9538480000092,0.0
36766.08000515008,0.0,4.042080001281219,0.0,0.8,289.9538476931148,289.9538480000092,289.9538480000092,0.0
36812.160010300155,0.0,4.042080001281221,0.0,0.8,289.9538476931148,289.9538480000092,289.9538480000092,0.0
36904.32002060032,0.0,4.042080001281221,0.0,0.8,289.9538476931148,289.9538480000092,289.9538480000092,0.0
37080.0,0.0,4.042080001281221,0.0,0.8,289.9538476931148,289.9538480000092,289.9538480000092,0.0
37082.52000032188,0.0,4.042080001281221,0.0,0.8,289.9538476931148,289.9538480000092,289.9538480000092,0.0
37085.04000064376,0.0,4.042080001281221,0.0,0.8,289.9538476931148,289.9538480000092,289.9538480000092,0.0
37090.080001287526,0.0,4.042080001281221,0.0,0.8,289.9538476931148,289.9538480000092,289.9538480000092,0.0
37100.16000257504,0.0,4.042080001281221,0.0,0.8,289.9538476931148,289.9538480000092,289.9538480000092,0.0
37120.32000515008,0.0,4.042080001281221,0.0,0.8,289.9538476931148,289.9538480000092,289.9538480000092,0.0
37160.640010300165,0.0,4.042080001281219,0.0,0.8,289.9538476931148,289.9538480000092,289.9538480000092,0.0
37241.280020600316,0.0,4.042080001281221,0.0,0.8,289.9538476931148,289.9538480000092,289.9538480000092,0.0
37402.56004120064,0.0,4.042080001281221,0.0,0.8,289.9538476931148,289.9538480000092,289.9538480000092,0.0
37440.0,0.0,4.042080001281221,0.0,0.8,289.9538476931148,289.9538480000092,289.9538480000092,0.0
37442.16000032188,0.0,4.042080001281221,0.0,0.8,289.9538476931148,289.9538480000092,289.9538480000092,0.0
37444.32000064376,0.0,4.042080001281221,0.0,0.8,289.9538476931148,289.9538480000092,289.9538480000092,0.0
37448.640001287524,0.0,4.042080001281221,0.0,0.8,289.9538476931148,289.9538480000092,289.9538480000092,0.0
37457.28000257504,0.0,4.042080001281221,0.0,0.8,289.9538476931148,289.9538480000092,289.9538480000092,0.0
37474.56000515008,0.0,4.042080001281221,0.0,0.8,289.9538476931148,289.9538480000092,289.9538480000092,0.0
37509.12001030016,0.0,4.042080001281221,0.0,0.8,289.9538476931148,289.9538480000092,289.9538480000092,0.0
37578.24002060032,0.0,4.042080001281221,0.0,0.8,289.9538476931148,289.9538480000092,289.9538480000092,0.0
37716.480041200644,0.0,4.042080001281221,0.0,0.8,289.9538476931148,289.9538480000092,289.9538480000092,0.0
37800.0,0.0,4.042080001281221,0.0,0.8,289.9538476931148,289.9538480000092,289.9538480000092,0.0
37801.80000032188,0.0,4.042080001281221,0.0,0.8,289.9538476931148,289.9538480000092,289.9538480000092,0.0
37803.60000064376,0.0,4.042080001281221,0.0,0.8,289.9538476931148,289.9538480000092,289.9538480000092,0.0
37807.20000128752,0.0,4.042080001281221,0.0,0.8,289.9538476931148,289.9538480000092,289.9538480000092,0.0
37814.40000257504,0.0,4.042080001281221,0.0,0.8,289.9538476931148,289.9538480000092,289.9538480000092,0.0
37828.800005150086,0.0,4.042080001281221,0.0,0.8,289.9538476931148,289.9538480000092,289.9538480000092,0.0
37857.60001030016,0.0,4.042080001281221,0.0,0.8,289.9538476931148,289.9538480000092,289.9538480000092,0.0
37915.20002060032,0.0,4.042080001281221,0.0,0.8,289.9538476931148,289.9538480000092,289.9538480000092,0.0
38030.40004120064,0.0,4.042080001281224,0.0,0.8,289.9538476931148,289.9538480000092,289.9538480000092,0.0
38160.0,0.0,4.042080001281221,0.0,0.8,289.9538476931148,289.9538480000092,289.9538480000092,0.0
38161.440000321876,0.0,4.042080001281221,0.0,0.8,289.9538476931148,289.9538480000092,289.9538480000092,0.0
38162.88000064376,0.0,4.042080001281221,0.0,0.8,289.9538476931148,289.9538480000092,289.9538480000092,0.0
38165.76000128752,0.0,4.042080001281221,0.0,0.8,289.9538476931148,289.9538480000092,289.9538480000092,0.0
38171.52000257504,0.0,4.042080001281221,0.0,0.8,289.9538476931148,289.9538480000092,289.9538480000092,0.0
38183.04000515008,0.0,4.042080001281221,0.0,0.8,289.9538476931148,289.9538480000092,289.9538480000092,0.0
38206.08001030015,0.0,4.042080001281221,0.0,0.8,289.9538476931148,289.9538480000092,289.9538480000092,0.0
38252.16002060032,0.0,4.042080001281221,0.0,0.8,289.9538476931148,289.9538480000092,289.9538480000092,0.0
38344.32004120064,0.0,4.042080001281219,0.0,0.8,289.9538476931148,289.9538480000092,289.9538480000092,0.0
38520.0,0.0,4.042080001281221,0.0,0.8,289.9538476931148,289.9538480000092,289.9538480000092,0.0
38521.080000321876,0.0,4.042080001281221,0.0,0.8,289.9538476931148,289.9538480000092,289.9538480000092,0.0
38522.16000064376,0.0,4.042080001281221,0.0,0.8,289.9538476931148,289.9538480000092,289.9538480000092,0.0
38524.32000128752,0.0,4.042080001281221,0.0,0.8,289.9538476931148,289.9538480000092,289.9538480000092,0.0
38528.64000257503,0.0,4.042080001281221,0.0,0.8,289.9538476931148,289.9538480000092,289.9538480000092,0.0
38537.28000515008,0.0,4.042080001281221,0.0,0.8,289.9538476931148,289.9538480000092,289.9538480000092,0.0
38554.560010300156,0.0,4.042080001281221,0.0,0.8,289.9538476931148,289.9538480000092,289.9538480000092,0.0
38589.12002060031,0.0,4.042080001281221,0.0,0.8,289.9538476931148,289.9538480000092,289.9538480000092,0.0
38658.24004120064,0.0,4.042080001281221,0.0,0.8,289.9538476931148,289.9538480000092,289.9538480000092,0.0
38796.48008240128,0.0,4.042080001281221,0.0,0.8,289.9538476931148,289.9538480000092,289.9538480000092,0.0
38880.0,0.0,4.042080001281221,0.0,0.8,289.9538476931148,289.9538480000092,289.9538480000092,0.0
38880.720000321875,0.0,4.042080001281221,0.0,0.8,289.9538476931148,289.9538480000092,289.9538480000092,0.0
38881.44000064376,0.0,4.042080001281221,0.0,0.8,289.9538476931148,289.9538480000092,289.9538480000092,0.0
38882.880001287514,0.0,4.042080001281221,0.0,0.8,289.9538476931148,289.9538480000092,289.9538480000092,0.0
38885.76000257504,0.0,4.042080001281221,0.0,0.8,289.9538476931148,289.9538480000092,289.9538480000092,0.0
38891.52000515008,0.0,4.042080001281221,0.0,0.8,289.9538476931148,289.9538480000092,289.9538480000092,0.0
38903.04001030016,0.0,4.042080001281221,0.0,0.8,289.9538476931148,289.9538480000092,289.9538480000092,0.0
38926.08002060032,0.0,4.042080001281221,0.0,0.8,289.9538476931148,289.9538480000092,289.9538480000092,0.0
38972.16004120064,0.0,4.042080001281221,0.0,0.8,289.9538476931148,289.9538480000092,289.9538480000092,0.0
39064.320082401275,0.0,4.042080001281219,0.0,0.8,289.9538476931148,289.9538480000092,289.9538480000092,0.0
39240.0,0.0,4.042080001281219,0.0,0.8,289.9538476931148,289.9538480000092,289.9538480000092,0.0
39240.36000032188,0.0,4.042080001281219,0.0,0.8,289.9538476931148,289.9538480000092,289.9538480000092,0.0
39240.72000064376,0.0,4.042080001281219,0.0,0.8,289.9538476931148,289.9538480000092,289.9538480000092,0.0
39241.44000128753,0.0,4.042080001281219,0.0,0.8,289.9538476931148,289.9538480000092,289.9538480000092,0.0
39242.88000257504,0.0,4.042080001281219,0.0,0.8,289.9538476931148,289.9538480000092,289.9538480000092,0.0
39245.76000515008,0.0,4.042080001281219,0.0,0.8,289.9538476931148,289.9538480000092,289.9538480000092,0.0
39251.52001030016,0.0,4.042080001281219,0.0,0.8,289.9538476931148,289.9538480000092,289.9538480000092,0.0
39263.040020600325,0.0,4.042080001281219,0.0,0.8,289.9538476931148,289.9538480000092,289.9538480000092,0.0
39286.080041200636,0.0,4.042080001281221,0.0,0.8,289.9538476931148,289.9538480000092,289.9538480000092,0.0
39332.16008240128,0.0,4.042080001281221,0.0,0.8,289.9538476931148,289.9538480000092,289.9538480000092,0.0
39424.32016480256,0.0,4.042080001281221,0.0,0.8,289.9538476931148,289.9538480000092,289.9538480000092,0.0
39600.0,0.0,4.042080001281224,0.0,0.8,289.9538476931148,289.9538480000092,289.9538480000092,0.0
43200.0,0.0,4.042080001281224,0.0,0.8,290.90735851180233,290.907359,290.907359,0.0
43203.60000037553,0.0,4.042080001281224,0.0,0.8,290.90735851180233,290.907359,290.907359,0.0
43207.20000075105,0.0,4.042080001281224,0.0,0.8,290.90735851180233,290.907359,290.907359,0.0
43214.4000015021,0.0,4.042080001281224,0.0,0.8,290.90735851180233,290.907359,290.907359,0.0
43228.8000030042,0.0,4.042080001281224,0.0,0.8,290.90735851180233,290.907359,290.907359,0.0
43257.60000600839,0.0,4.042080001281224,0.0,0.8,290.90735851180233,290.907359,290.907359,0.0
43315.20001201678,0.0,4.042080001281224,0.0,0.8,290.90735851180233,290.907359,290.907359,0.0
43430.40002403355,0.0,4.042080001281224,0.0,0.8,290.90735851180233,290.907359,290.907359,0.0
43560.0,0.0,4.042080001281219,0.0,0.8,290.90735851180233,290.907359,290.907359,0.0
43563.240000375525,0.0,4.042080001281219,0.0,0.8,290.90735851180233,290.907359,290.907359,0.0
43566.48000075105,0.0,4.042080001281219,0.0,0.8,290.90735851180233,290.907359,290.907359,0.0
43572.9600015021,0.0,4.042080001281219,0.0,0.8,290.90735851180233,290.907359,290.907359,0.0
43585.9200030042,0.0,4.042080001281219,0.0,0.8,290.90735851180233,290.907359,290.907359,0.0
43611.84000600839,0.0,4.042080001281224,0.0,0.8,290.90735851180233,290.907359,290.907359,0.0
43663.680012016775,0.0,4.042080001281219,0.0,0.8,290.90735851180233,290.907359,290.907359,0.0
43767.36002403355,0.0,4.042080001281224,0.0,0.8,290.90735851180233,290.907359,290.907359,0.0
43920.0,0.0,4.042080001281219,0.0,0.8,290.90735851180233,290.907359,290.907359,0.0
43922.880000375524,0.0,4.042080001281219,0.0,0.8,290.90735851180233,290.907359,290.907359,0.0
43925.76000075105,0.0,4.042080001281219,0.0,0.8,290.90735851180233,290.907359,290.907359,0.0
43931.5200015021,0.0,4.042080001281219,0.0,0.8,290.90735851180233,290.907359,290.907359,0.0
43943.04000300419,0.0,4.042080001281219,0.0,0.8,290.90735851180233,290.907359,290.907359,0.0
43966.080006008386,0.0,4.042080001281221,0.0,0.8,290.90735851180233,290.907359,290.907359,0.0
44012.16001201677,0.0,4.042080001281221,0.0,0.8,290.90735851180233,290.907359,290.907359,0.0
44104.32002403354,0.0,4.042080001281221,0.0,0.8,290.90735851180233,290.907359,290.907359,0.0
44280.0,0.0,4.042080001281224,0.0,0.8,290.90735851180233,290.907359,290.907359,0.0
44282.52000037552,0.0,4.042080001281224,0.0,0.8,290.90735851180233,290.907359,290.907359,0.0
44285.04000075105,0.0,4.042080001281224,0.0,0.8,290.90735851180233,290.907359,290.907359,0.0
44290.080001502094,0.0,4.042080001281224,0.0,0.8,290.90735851180233,290.907359,290.907359,0.0
44300.16000300419,0.0,4.042080001281224,0.0,0.8,290.90735851180233,290.907359,290.907359,0.0
44320.320006008384,0.0,4.042080001281224,0.0,0.8,290.90735851180233,290.907359,290.907359,0.0
44360.64001201677,0.0,4.042080001281224,0.0,0.8,290.90735851180233,290.907359,290.907359,0.0
44441.28002403355,0.0,4.042080001281224,0.0,0.8,290.90735851180233,290.907359,290.907359,0.0
44602.56004806709,0.0,4.042080001281219,0.0,0.8,290.90735851180233,290.907359,290.907359,0.0
44640.0,0.0,4.042080001281219,0.0,0.8,290.90735851180233,290.907359,290.907359,0.0
44642.16000037552,0.0,4.042080001281219,0.0,0.8,290.90735851180233,290.907359,290.907359,0.0
44644.320000751046,0.0,4.042080001281219,0.0,0.8,290.90735851180233,290.907359,290.907359,0.0
44648.64000150209,0.0,4.042080001281219,0.0,0.8,290.90735851180233,290.907359,290.907359,0.0
44657.28000300419,0.0,4.042080001281219,0.0,0.8,290.90735851180233,290.907359,290.907359,0.0
44674.56000600838,0.0,4.042080001281219,0.0,0.8,290.90735851180233,290.907359,290.907359,0.0
44709.12001201677,0.0,4.042080001281219,0.0,0.8,290.90735851180233,290.907359,290.907359,0.0
44778.24002403354,0.0,4.042080001281219,0.0,0.8,290.90735851180233,290.907359,290.907359,0.0
44916.4800480671,0.0,4.042080001281221,0.0,0.8,290.90735851180233,290.907359,290.907359,0.0
45000.0,0.0,4.042080001281221,0.0,0.8,290.90735851180233,290.907359,290.907359,0.0
45001.80000037552,0.0,4.042080001281221,0.0,0.8,290.90735851180233,290.907359,290.907359,0.0
45003.600000751045,0.0,4.042080001281221,0.0,0.8,290.90735851180233,290.907359,290.907359,0.0
45007.20000150209,0.0,4.042080001281221,0.0,0.8,290.90735851180233,290.907359,290.907359,0.0
45014.40000300419,0.0,4.042080001281219,0.0,0.8,290.90735851180233,290.907359,290.907359,0.0
45028.80000600839,0.0,4.042080001281219,0.0,0.8,290.90735851180233,290.907359,290.907359,0.0
45057.600012016774,0.0,4.042080001281219,0.0,0.8,290.90735851180233,290.907359,290.907359,0.0
45115.20002403355,0.0,4.042080001281219,0.0,0.8,290.90735851180233,290.907359,290.907359,0.0
45230.400048067095,0.0,4.042080001281219,0.0,0.8,290.90735851180233,290.907359,290.907359,0.0
45360.0,0.0,4.042080001281221,0.0,0.8,290.90735851180233,290.907359,290.907359,0.0
45361.44000037553,0.0,4.042080001281221,0.0,0.8,290.90735851180233,290.907359,290.907359,0.0
45362.88000075105,0.0,4.042080001281221,0.0,0.8,290.90735851180233,290.907359,290.907359,0.0
45365.7600015021,0.0,4.042080001281221,0.0,0.8,290.90735851180233,290.907359,290.907359,0.0
45371.520003004196,0.0,4.042080001281221,0.0,0.8,290.90735851180233,290.907359,290.907359,0.0
45383.04000600839,0.0,4.042080001281221,0.0,0.8,290.90735851180233,290.907359,290.907359,0.0
45406.08001201677,0.0,4.042080001281221,0.0,0.8,290.90735851180233,290.907359,290.907359,0.0
45452.16002403355,0.0,4.042080001281221,0.0,0.8,290.90735851180233,290.907359,290.907359,0.0
45544.32004806709,0.0,4.042080001281221,0.0,0.8,290.90735851180233,290.907359,290.907359,0.0
45720.0,0.0,4.042080001281224,0.0,0.8,290.90735851180233,290.907359,290.907359,0.0
45721.08000037553,0.0,4.042080001281224,0.0,0.8,290.90735851180233,290.907359,290.907359,0.0
45722.16000075105,0.0,4.042080001281224,0.0,0.8,290.90735851180233,290.907359,290.907359,0.0
45724.3200015021,0.0,4.042080001281224,0.0,0.8,290.90735851180233,290.907359,290.907359,0.0
45728.6400030042,0.0,4.042080001281224,0.0,0.8,290.90735851180233,290.907359,290.907359,0.0
45737.28000600839,0.0,4.042080001281221,0.0,0.8,290.90735851180233,290.907359,290.907359,0.0
45754.56001201678,0.0,4.042080001281219,0.0,0.8,290.90735851180233,290.907359,290.907359,0.0
45789.120024033546,0.0,4.042080001281221,0.0,0.8,290.90735851180233,290.907359,290.907359,0.0
45858.24004806709,0.0,4.042080001281221,0.0,0.8,290.90735851180233,290.907359,290.907359,0.0
45996.48009613418,0.0,4.042080001281223,0.0,0.8,290.90735851180233,290.907359,290.907359,0.0
46080.0,0.0,4.042080001281223,0.0,0.8,290.90735851180233,290.907359,290.907359,0.0
46080.72000037553,0.0,4.042080001281223,0.0,0.8,290.90735851180233,290.907359,290.907359,0.0
46081.44000075105,0.0,4.042080001281223,0.0,0.8,290.90735851180233,290.907359,290.907359,0.0
46082.8800015021,0.0,4.042080001281223,0.0,0.8,290.90735851180233,290.907359,290.907359,0.0
46085.760003004194,0.0,4.042080001281223,0.0,0.8,290.90735851180233,290.907359,290.907359,0.0
46091.52000600839,0.0,4.042080001281223,0.0,0.8,290.90735851180233,290.907359,290.907359,0.0
46103.040012016776,0.0,4.042080001281223,0.0,0.8,290.90735851180233,290.907359,290.907359,0.0
46126.08002403355,0.0,4.042080001281221,0.0,0.8,290.90735851180233,290.907359,290.907359,0.0
46172.16004806709,0.0,4.042080001281221,0.0,0.8,290.90735851180233,290.907359,290.907359,0.0
46264.320096134186,0.0,4.042080001281219,0.0,0.8,290.90735851180233,290.907359,290.907359,0.0
46440.0,0.0,4.042080001281223,0.0,0.8,290.90735851180233,290.907359,290.907359,0.0
46440.36000037553,0.0,4.042080001281223,0.0,0.8,290.90735851180233,290.907359,290.907359,0.0
46440.72000075105,0.0,4.042080001281223,0.0,0.8,290.90735851180233,290.907359,290.907359,0.0
46441.440001502095,0.0,4.042080001281223,0.0,0.8,290.90735851180233,290.907359,290.907359,0.0
46442.88000300419,0.0,4.042080001281223,0.0,0.8,290.90735851180233,290.907359,290.907359,0.0
46445.760006008386,0.0,4.042080001281223,0.0,0.8,290.90735851180233,290.907359,290.907359,0.0
46451.52001201677,0.0,4.042080001281223,0.0,0.8,290.90735851180233,290.907359,290.907359,0.0
46463.040024033544,0.0,4.042080001281223,0.0,0.8,290.90735851180233,290.907359,290.907359,0.0
46486.08004806709,0.0,4.042080001281223,0.0,0.8,290.90735851180233,290.907359,290.907359,0.0
46532.16009613418,0.0,4.042080001281224,0.0,0.8,290.90735851180233,290.907359,290.907359,0.0
46624.320192268366,0.0,4.042080001281224,0.0,0.8,290.90735851180233,290.907359,290.907359,0.0
46800.0,0.0,4.042080001281221,0.0,0.8,290.90735851180233,290.907359,290.907359,0.0
50400.0,0.0,4.042080001281221,0.0,0.8,292.1499993638003,292.15000000003255,292.15000000003255,0.0
50403.60000042917,0.0,4.042080001281221,0.0,0.8,292.1499993638003,292.15000000003255,292.15000000003255,0.0
50407.20000085834,0.0,4.042080001281221,0.0,0.8,292.1499993638003,292.15000000003255,292.15000000003255,0.0
50414.400001716676,0.0,4.042080001281223,0.0,0.8,292.1499993638003,292.15000000003255,292.15000000003255,0.0
50428.80000343335,0.0,4.042080001281223,0.0,0.8,292.1499993638003,292.15000000003255,292.15000000003255,0.0
50457.60000686669,0.0,4.042080001281223,0.0,0.8,292.1499993638003,292.15000000003255,292.15000000003255,0.0
50515.20001373339,0.0,4.042080001281223,0.0,0.8,292.1499993638003,292.15000000003255,292.15000000003255,0.0
50630.40002746678,0.0,4.042080001281224,0.0,0.8,292.1499993638003,292.15000000003255,292.15000000003255,0.0
50760.0,0.0,4.042080001281219,0.0,0.8,292.1499993638003,292.15000000003255,292.15000000003255,0.0
50763.24000042917,0.0,4.042080001281219,0.0,0.8,292.1499993638003,292.15000000003255,292.15000000003255,0.0
50766.48000085833,0.0,4.042080001281219,0.0,0.8,292.1499993638003,292.15000000003255,292.15000000003255,0.0
50772.96000171667,0.0,4.042080001281219,0.0,0.8,292.1499993638003,292.15000000003255,292.15000000003255,0.0
50785.92000343335,0.0,4.042080001281219,0.0,0.8,292.1499993638003,292.15000000003255,292.15000000003255,0.0
50811.840006866696,0.0,4.042080001281224,0.0,0.8,292.1499993638003,292.15000000003255,292.15000000003255,0.0
50863.680013733385,0.0,4.042080001281224,0.0,0.8,292.1499993638003,292.15000000003255,292.15000000003255,0.0
50967.36002746677,0.0,4.042080001281224,0.0,0.8,292.1499993638003,292.15000000003255,292.15000000003255,0.0
51120.0,0.0,4.042080001281219,0.0,0.8,292.1499993638003,292.15000000003255,292.15000000003255,0.0
51122.88000042917,0.0,4.042080001281219,0.0,0.8,292.1499993638003,292.15000000003255,292.15000000003255,0.0
51125.76000085834,0.0,4.042080001281219,0.0,0.8,292.1499993638003,292.15000000003255,292.15000000003255,0.0
51131.52000171668,0.0,4.042080001281219,0.0,0.8,292.1499993638003,292.15000000003255,292.15000000003255,0.0
51143.04000343334,0.0,4.042080001281219,0.0,0.8,292.1499993638003,292.15000000003255,292.15000000003255,0.0
51166.080006866694,0.0,4.042080001281219,0.0,0.8,292.1499993638003,292.15000000003255,292.15000000003255,0.0
51212.16001373339,0.0,4.042080001281219,0.0,0.8,292.1499993638003,292.15000000003255,292.15000000003255,0.0
51304.320027466776,0.0,4.042080001281219,0.0,0.8,292.1499993638003,292.15000000003255,292.15000000003255,0.0
51480.0,0.0,4.042080001281221,0.0,0.8,292.1499993638003,292.15000000003255,292.15000000003255,0.0
51482.52000042917,0.0,4.042080001281221,0.0,0.8,292.1499993638003,292.15000000003255,292.15000000003255,0.0
51485.04000085834,0.0,4.042080001281221,0.0,0.8,292.1499993638003,292.15000000003255,292.15000000003255,0.0
51490.08000171668,0.0,4.042080001281221,0.0,0.8,292.1499993638003,292.15000000003255,292.15000000003255,0.0
51500.16000343335,0.0,4.042080001281221,0.0,0.8,292.1499993638003,292.15000000003255,292.15000000003255,0.0
51520.32000686669,0.0,4.042080001281221,0.0,0.8,292.1499993638003,292.15000000003255,292.15000000003255,0.0
51560.640013733384,0.0,4.042080001281221,0.0,0.8,292.1499993638003,292.15000000003255,292.15000000003255,0.0
51641.280027466775,0.0,4.042080001281221,0.0,0.8,292.1499993638003,292.15000000003255,292.15000000003255,0.0
51802.56005493355,0.0,4.042080001281224,0.0,0.8,292.1499993638003,292.15000000003255,292.15000000003255,0.0
51840.0,0.0,4.042080001281224,0.0,0.8,292.1499993638003,292.15000000003255,292.15000000003255,0.0
51842.16000042917,0.0,4.042080001281224,0.0,0.8,292.1499993638003,292.15000000003255,292.15000000003255,0.0
51844.32000085834,0.0,4.042080001281224,0.0,0.8,292.1499993638003,292.15000000003255,292.15000000003255,0.0
51848.640001716674,0.0,4.042080001281224,0.0,0.8,292.1499993638003,292.15000000003255,292.15000000003255,0.0
51857.28000343335,0.0,4.042080001281224,0.0,0.8,292.1499993638003,292.15000000003255,292.15000000003255,0.0
51874.5600068667,0.0,4.042080001281224,0.0,0.8,292.1499993638003,292.15000000003255,292.15000000003255,0.0
51909.12001373339,0.0,4.042080001281221,0.0,0.8,292.1499993638003,292.15000000003255,292.15000000003255,0.0
51978.240027466774,0.0,4.042080001281224,0.0,0.8,292.1499993638003,292.15000000003255,292.15000000003255,0.0
52116.48005493355,0.0,4.042080001281223,0.0,0.8,292.1499993638003,292.15000000003255,292.15000000003255,0.0
52200.0,0.0,4.042080001281219,0.0,0.8,292.1499993638003,292.15000000003255,292.15000000003255,0.0
52201.80000042917,0.0,4.042080001281219,0.0,0.8,292.1499993638003,292.15000000003255,292.15000000003255,0.0
52203.600000858336,0.0,4.042080001281219,0.0,0.8,292.1499993638003,292.15000000003255,292.15000000003255,0.0
52207.20000171667,0.0,4.042080001281219,0.0,0.8,292.1499993638003,292.15000000003255,292.15000000003255,0.0
52214.400003433344,0.0,4.042080001281221,0.0,0.8,292.1499993638003,292.15000000003255,292.15000000003255,0.0
52228.80000686669,0.0,4.042080001281221,0.0,0.8,292.1499993638003,292.15000000003255,292.15000000003255,0.0
52257.60001373339,0.0,4.042080001281219,0.0,0.8,292.1499993638003,292.15000000003255,292.15000000003255,0.0
52315.20002746677,0.0,4.042080001281221,0.0,0.8,292.1499993638003,292.15000000003255,292.15000000003255,0.0
52430.40005493355,0.0,4.042080001281221,0.0,0.8,292.1499993638003,292.15000000003255,292.15000000003255,0.0
52560.0,0.0,4.042080001281221,0.0,0.8,292.1499993638003,292.15000000003255,292.15000000003255,0.0
52561.44000042917,0.0,4.042080001281221,0.0,0.8,292.1499993638003,292.15000000003255,292.15000000003255,0.0
52562.880000858335,0.0,4.042080001281221,0.0,0.8,292.1499993638003,292.15000000003255,292.15000000003255,0.0
52565.76000171667,0.0,4.042080001281221,0.0,0.8,292.1499993638003,292.15000000003255,292.15000000003255,0.0
52571.52000343335,0.0,4.042080001281223,0.0,0.8,292.1499993638003,292.15000000003255,292.15000000003255,0.0
52583.04000686669,0.0,4.042080001281223,0.0,0.8,292.1499993638003,292.15000000003255,292.15000000003255,0.0
52606.080013733386,0.0,4.042080001281224,0.0,0.8,292.1499993638003,292.15000000003255,292.15000000003255,0.0
52652.16002746677,0.0,4.042080001281224,0.0,0.8,292.1499993638003,292.15000000003255,292.15000000003255,0.0
52744.320054933545,0.0,4.042080001281219,0.0,0.8,292.1499993638003,292.15000000003255,292.15000000003255,0.0
52920.0,0.0,4.042080001281223,0.0,0.8,292.1499993638003,292.15000000003255,292.15000000003255,0.0
52921.08000042917,0.0,4.042080001281223,0.0,0.8,292.1499993638003,292.15000000003255,292.15000000003255,0.0
52922.160000858334,0.0,4.042080001281223,0.0,0.8,292.1499993638003,292.15000000003255,292.15000000003255,0.0
52924.32000171667,0.0,4.042080001281223,0.0,0.8,292.1499993638003,292.15000000003255,292.15000000003255,0.0
52928.64000343335,0.0,4.042080001281223,0.0,0.8,292.1499993638003,292.15000000003255,292.15000000003255,0.0
52937.28000686669,0.0,4.042080001281223,0.0,0.8,292.1499993638003,292.15000000003255,292.15000000003255,0.0
52954.56001373338,0.0,4.042080001281223,0.0,0.8,292.1499993638003,292.15000000003255,292.15000000003255,0.0
52989.12002746677,0.0,4.042080001281223,0.0,0.8,292.1499993638003,292.15000000003255,292.15000000003255,0.0
53058.24005493354,0.0,4.042080001281224,0.0,0.8,292.1499993638003,292.15000000003255,292.15000000003255,0.0
53196.480109867094,0.0,4.042080001281224,0.0,0.8,292.1499993638003,292.15000000003255,292.15000000003255,0.0
53280.0,0.0,4.042080001281224,0.0,0.8,292.1499993638003,292.15000000003255,292.15000000003255,0.0
53280.720000429166,0.0,4.042080001281224,0.0,0.8,292.1499993638003,292.15000000003255,292.15000000003255,0.0
53281.44000085834,0.0,4.042080001281224,0.0,0.8,292.1499993638003,292.15000000003255,292.15000000003255,0.0
53282.88000171668,0.0,4.042080001281224,0.0,0.8,292.1499993638003,292.15000000003255,292.15000000003255,0.0
53285.760003433345,0.0,4.042080001281224,0.0,0.8,292.1499993638003,292.15000000003255,292.15000000003255,0.0
53291.520006866696,0.0,4.042080001281224,0.0,0.8,292.1499993638003,292.15000000003255,292.15000000003255,0.0
53303.04001373339,0.0,4.042080001281224,0.0,0.8,292.1499993638003,292.15000000003255,292.15000000003255,0.0
53326.08002746677,0.0,4.042080001281219,0.0,0.8,292.1499993638003,292.15000000003255,292.15000000003255,0.0
53372.16005493355,0.0,4.042080001281219,0.0,0.8,292.1499993638003,292.15000000003255,292.15000000003255,0.0
53464.3201098671,0.0,4.042080001281219,0.0,0.8,292.1499993638003,292.15000000003255,292.15000000003255,0.0
53640.0,0.0,4.042080001281224,0.0,0.8,292.1499993638003,292.15000000003255,292.15000000003255,0.0
53640.360000429166,0.0,4.042080001281224,0.0,0.8,292.1499993638003,292.15000000003255,292.15000000003255,0.0
53640.72000085834,0.0,4.042080001281224,0.0,0.8,292.1499993638003,292.15000000003255,292.15000000003255,0.0
53641.44000171668,0.0,4.042080001281224,0.0,0.8,292.1499993638003,292.15000000003255,292.15000000003255,0.0
53642.88000343335,0.0,4.042080001281224,0.0,0.8,292.1499993638003,292.15000000003255,292.15000000003255,0.0
53645.760006866694,0.0,4.042080001281224,0.0,0.8,292.1499993638003,292.15000000003255,292.15000000003255,0.0
53651.52001373339,0.0,4.042080001281224,0.0,0.8,292.1499993638003,292.15000000003255,292.15000000003255,0.0
53663.04002746678,0.0,4.042080001281224,0.0,0.8,292.1499993638003,292.15000000003255,292.15000000003255,0.0
53686.080054933554,0.0,4.042080001281224,0.0,0.8,292.1499993638003,292.15000000003255,292.15000000003255,0.0
53732.160109867094,0.0,4.042080001281224,0.0,0.8,292.1499993638003,292.15000000003255,292.15000000003255,0.0
53824.32021973419,0.0,4.042080001281219,0.0,0.8,292.1499993638003,292.15000000003255,292.15000000003255,0.0
54000.0,0.0,4.042080001281219,0.0,0.8,292.1499993638003,292.15000000003255,292.15000000003255,0.0
57600.0,2.5,3.974095929309549,0.16996017996805043,0.8000000000000002,294.01390143849073,293.5970860000102,293.78887098379676,16.04617500934488
57600.00003298893,2.5,3.974095887738578,0.16996017449691544,0.7999999954182049,294.01390143849073,293.5970860000102,293.78887098379676,16.04617500934488
57600.00006597786,2.5,3.9740958461676845,0.16996016902586905,0.7999999908364097,294.01390143849073,293.5970860000102,293.78887098379676,16.04617500934488
57600.000131955705,2.5,3.9740957630260434,0.16996015808399184,0.7999999816728195,294.01390143849073,293.5970860000102,293.78887098379676,16.04617500934488
57600.00026391141,2.5,3.974095596743609,0.16996013620131653,0.7999999633456388,294.01390143849073,293.5970860000102,293.78887098379676,16.04617500934488
57600.000527822805,2.5,3.9740952641819267,0.16996009244007756,0.7999999266912777,294.01390143849073,293.5970860000102,293.78887098379676,16.04617500934488
57600.00105564561,2.5,3.9740945990717633,0.16996000493455335,0.7999998533825553,294.01390143849073,293.5970860000102,293.78887098379676,16.04617500934488
57600.00211129121,2.5,3.9740932689041717,0.16995982999120934,0.7999997067651106,294.01390143849073,293.5970860000102,293.78887098379676,16.04617500934488
57600.004222582415,2.5,3.974090608780428,0.1699594803754336,0.7999994135302212,294.01390143849073,293.5970860000102,293.78887098379676,16.04617500934488
57600.00844516482,2.5,3.974085289379314,0.16995878222481,0.7999988270604423,294.01390143849073,293.5970860000102,293.78887098379676,16.04617500934488
57600.016890329636,2.5,3.97407465396781,0.16995739022572784,0.7999976541208845,294.01390143849073,293.5970860000102,293.78887098379676,16.04617500934488
57600.03378065927,2.5,3.9740533967462883,0.16995462326282035,0.7999953082417691,294.01390143849073,293.5970860000102,293.78887098379676,16.04617500934488
57600.06756131853,2.5,3.9740109370052052,0.1699491561221862,0.7999906164835381,294.01390143849073,293.5970860000102,293.78887098379676,16.04617500934488
57600.13512263706,2.5,3.973926238518093,0.16993847861895978,0.7999812329670761,294.01390143849073,293.5970860000102,293.78887098379676,16.04617500934488
57600.27024527411,2.5,3.9737577404443174,0.169918074896015,0.7999624659341523,294.01390143849073,293.5970860000102,293.78887098379676,16.04617500934488
57600.40536791117,2.5,3.9735904589441757,0.16989884807998165,0.7999436989012284,294.01390143849073,293.5970860000102,293.78887098379676,16.04617500934488
57600.67561318527,2.5,3.973259630218971,0.16986334695009223,0.7999061648353807,294.01390143849073,293.5970860000102,293.78887098379676,16.04617500934488
57600.91883393196,2.5,3.972966190752553,0.16983438525476133,0.7998723841761177,294.01390143849073,293.5970860000102,293.78887098379676,16.04617500934488
57601.16205467865,2.5,3.9726768672333974,0.16980775220595068,0.7998386035168548,294.01390143849073,293.5970860000102,293.78887098379676,16.04617500934488
57601.40527542534,2.5,3.972391664780932,0.16978308782323284,0.7998048228575918,294.01390143849073,293.5970860000102,293.78887098379676,16.04617500934488
57601.648496172034,2.5,3.972110564197549,0.16976008772295315,0.7997710421983288,294.01390143849073,293.5970860000102,293.78887098379676,16.04617500934488
57602.134937665425,2.5,3.971560521110408,0.16971826755717231,0.7997034808798029,294.01390143849073,293.5970860000102,293.78887098379676,16.04617500934488
57602.62137915881,2.5,3.971026324705148,0.16968069425270824,0.799635919561277,294.01390143849073,293.5970860000102,293.78887098379676,16.04617500934488
57603.10782065219,2.5,3.9705073811218816,0.16964622846906371,0.7995683582427511,294.01390143849073,293.5970860000102,293.78887098379676,16.04617500934488
57603.59426214558,2.5,3.9700030068816208,0.16961422278456462,0.7995007969242252,294.01390143849073,293.5970860000102,293.78887098379676,16.04617500934488
57604.080703638974,2.5,3.9695125183338242,0.1695842953982564,0.7994332356056992,294.01390143849073,293.5970860000102,293.78887098379676,16.04617500934488
57604.56714513236,2.5,3.969035273183145,0.1695561402357351,0.7993656742871733,294.01390143849073,293.5970860000102,293.78887098379676,16.04617500934488
57605.05358662574,2.5,3.9685706550004345,0.16952946617282047,0.7992981129686474,294.01390143849073,293.5970860000102,293.78887098379676,16.04617500934488
57605.54002811913,2.5,3.968118055506585,0.16950401799654702,0.7992305516501215,294.01390143849073,293.5970860000102,293.78887098379676,16.04617500934488
57606.51291110591,2.5,3.9672465866210986,0.16945617999769713,0.7990954290130695,294.01390143849073,293.5970860000102,293.78887098379676,16.04617500934488
57607.48579409268,2.5,3.966416472047202,0.169411637444858,0.7989603063760177,294.01390143849073,293.5970860000102,293.78887098379676,16.04617500934488
57608.458677079456,2.5,3.9656237926132376,0.16936979729708834,0.7988251837389658,294.01390143849073,293.5970860000102,293.78887098379676,16.04617500934488
57609.94460755779,2.5,3.964477938852821,0.16931019062659558,0.7986188045058646,294.01390143849073,293.5970860000102,293.78887098379676,16.04617500934488
57611.43053803611,2.5,3.9634009256269107,0.1692546551258686,0.7984124252727633,294.01390143849073,293.5970860000102,293.78887098379676,16.04617500934488
57612.916468514435,2.5,3.962383662442341,0.16920234072926135,0.7982060460396622,294.01390143849073,293.5970860000102,293.78887098379676,16.04617500934488
57614.40239899277,2.5,3.9614185668908632,0.16915267655867774,0.797999666806561,294.01390143849073,293.5970860000102,293.78887098379676,16.04617500934488
57615.8883294711,2.5,3.960499352091671,0.16910526045261634,0.7977932875734598,294.01390143849073,293.5970860000102,293.78887098379676,16.04617500934488
57617.37425994942,2.5,3.9596205977065275,0.16905977220683951,0.7975869083403585,294.01390143849073,293.5970860000102,293.78887098379676,16.04617500934488
57618.860190427746,2.5,3.958777964877012,0.16901597269015672,0.7973805291072573,294.01390143849073,293.5970860000102,293.78887098379676,16.04617500934488
57621.83205138441,2.5,3.9571864205392067,0.1689326536169143,0.7969677706410548,294.01390143849073,293.5970860000102,293.78887098379676,16.04617500934488
57624.49350825296,2.5,3.9558519492114255,0.1688621213436458,0.7965981238537555,294.01390143849073,293.5970860000102,293.78887098379676,16.04617500934488
57627.15496512152,2.5,3.954590054385235,0.16879481145340772,0.7962284770664562,294.01390143849073,293.5970860000102,293.78887098379676,16.04617500934488
57629.81642199007,2.5,3.953390015031813,0.168730205318565,0.7958588302791568,294.01390143849073,293.5970860000102,293.78887098379676,16.04617500934488
57632.477878858626,2.5,3.952242955914926,0.16866788479321207,0.7954891834918575,294.01390143849073,293.5970860000102,293.78887098379676,16.04617500934488
57635.13933572718,2.5,3.9511421740334813,0.16860755795680155,0.7951195367045581,294.01390143849073,293.5970860000102,293.78887098379676,16.04617500934488
57637.800792595735,2.5,3.9500826871494232,0.16854901776088946,0.7947498899172588,294.01390143849073,293.5970860000102,293.78887098379676,16.04617500934488
57640.46224946429,2.5,3.9490602964349604,0.16849207896733248,0.7943802431299595,294.01390143849073,293.5970860000102,293.78887098379676,16.04617500934488
57643.123706332844,2.5,3.948071097434223,0.16843656139464244,0.7940105963426601,294.01390143849073,293.5970860000102,293.78887098379676,16.04617500934488
57645.7851632014,2.5,3.9471116946837186,0.16838231361945147,0.7936409495553608,294.01390143849073,293.5970860000102,293.78887098379676,16.04617500934488
57648.44662006995,2.5,3.9461795555044965,0.16832923036439038,0.7932713027680615,294.01390143849073,293.5970860000102,293.78887098379676,16.04617500934488
57651.10807693851,2.5,3.9452725724934625,0.16827722228323744,0.7929016559807621,294.01390143849073,293.5970860000102,293.78887098379676,16.04617500934488
57653.76953380706,2.5,3.944388715484742,0.1682261971982791,0.7925320091934628,294.01390143849073,293.5970860000102,293.78887098379676,16.04617500934488
57656.43099067562,2.5,3.943526086045236,0.1681760686534091,0.7921623624061634,294.01390143849073,293.5970860000102,293.78887098379676,16.04617500934488
57661.753904412726,2.5,3.9418586616544466,0.16807825071075339,0.7914230688315648,294.01390143849073,293.5970860000102,293.78887098379676,16.04617500934488
57667.076818149835,2.5,3.9402599007627916,0.1679833129600982,0.7906837752569661,294.01390143849073,293.5970860000102,293.78887098379676,16.04617500934488
57672.399731886944,2.5,3.9387217923937032,0.16789090352353334,0.7899444816823673,294.01390143849073,293.5970860000102,293.78887098379676,16.04617500934488
57677.72264562405,2.5,3.9372377781525127,0.16780073125807132,0.7892051881077686,294.01390143849073,293.5970860000102,293.78887098379676,16.04617500934488
57683.04555936116,2.5,3.935802304292211,0.16771254941528202,0.78846589453317,294.01390143849073,293.5970860000102,293.78887098379676,16.04617500934488
57688.36847309827,2.5,3.9344106757679285,0.16762615072890635,0.7877266009585713,294.01390143849073,293.5970860000102,293.78887098379676,16.04617500934488
57693.69138683538,2.5,3.9330589560576468,0.16754136207067055,0.7869873073839726,294.01390143849073,293.5970860000102,293.78887098379676,16.04617500934488
57704.337214309606,2.5,3.930462272749315,0.1673760445289241,0.7855087202347752,294.01390143849073,293.5970860000102,293.78887098379676,16.04617500934488
57714.983041783824,2.5,3.9279905923621623,0.16721564694992322,0.7840301330855779,294.01390143849073,293.5970860000102,293.78887098379676,16.04617500934488
57725.62886925804,2.5,3.9256270067096395,0.16705943638833962,0.7825515459363805,294.01390143849073,293.5970860000102,293.78887098379676,16.04617500934488
57736.27469673227,2.5,3.9233580307936844,0.16690684064113406,0.7810729587871832,294.01390143849073,293.5970860000102,293.78887098379676,16.04617500934488
57746.92052420649,2.5,3.9211729469356285,0.16675741591740978,0.7795943716379857,294.01390143849073,293.5970860000102,293.78887098379676,16.04617500934488
57757.56635168071,2.5,3.919063066107327,0.1666108125160583,0.7781157844887884,294.01390143849073,293.5970860000102,293.78887098379676,16.04617500934488
57768.21217915493,2.5,3.9170210450736507,0.16646674600455538,0.776637197339591,294.01390143849073,293.5970860000102,293.78887098379676,16.04617500934488
57778.858006629154,2.5,3.9150405568136653,0.16632498264586282,0.7751586101903937,294.01390143849073,293.5970860000102,293.78887098379676,16.04617500934488
57789.50383410338,2.5,3.9131161885815247,0.16618533267280727,0.7736800230411963,294.01390143849073,293.5970860000102,293.78887098379676,16.04617500934488
57800.1496615776,2.5,3.9112433035843868,0.16604764244811251,0.772201435891999,294.01390143849073,293.5970860000102,293.78887098379676,16.04617500934488
57810.795489051816,2.5,3.9094178428407993,0.16591178537980622,0.7707228487428015,294.01390143849073,293.5970860000102,293.78887098379676,16.04617500934488
57821.44131652604,2.5,3.90763618830383,0.16577765558573443,0.7692442615936042,294.01390143849073,293.5970860000102,293.78887098379676,16.04617500934488
57842.732971474485,2.5,3.904191821188011,0.16551424259801187,0.7662870872952094,294.01390143849073,293.5970860000102,293.78887098379676,16.04617500934488
57864.02462642293,2.5,3.90088805513815,0.1652568528434167,0.7633299129968147,294.01390143849073,293.5970860000102,293.78887098379676,16.04617500934488
57885.31628137137,2.5,3.8977067334913036,0.16500509376385947,0.7603727386984199,294.01390143849073,293.5970860000102,293.78887098379676,16.04617500934488
57906.607936319815,2.5,3.8946325748314914,0.16475867707881625,0.7574155644000252,294.01390143849073,293.5970860000102,293.78887098379676,16.04617500934488
57927.89959126826,2.5,3.8916523638309855,0.16451738267118485,0.7544583901016305,294.01390143849073,293.5970860000102,293.78887098379676,16.04617500934488
57949.1912462167,2.5,3.8887544596686117,0.16428103715585107,0.7515012158032358,294.01390143849073,293.5970860000102,293.78887098379676,16.04617500934488
57960.0,2.5,3.887311448895007,0.16416290339612732,0.7499999999999999,294.01390143849073,293.5970860000102,293.78887098379676,16.04617500934488
57960.00082965889,2.5,3.8873113388102953,0.16416289437555115,0.7499998847695978,294.01390143849073,293.5970860000102,293.78887098379676,16.04617500934488
57960.00165931779,2.5,3.8873112287256797,0.16416288535498222,0.7499997695391957,294.01390143849073,293.5970860000102,293.78887098379676,16.04617500934488
57960.00331863559,2.5,3.887311008556719,0.1641628673138658,0.7499995390783913,294.01390143849073,293.5970860000102,293.78887098379676,16.04617500934488
57960.006637271166,2.5,3.8873105682200295,0.16416283123171946,0.7499990781567828,294.01390143849073,293.5970860000102,293.78887098379676,16.04617500934488
57960.01327454233,2.5,3.887309687551411,0.16416275906777214,0.7499981563135657,294.01390143849073,293.5970860000102,293.78887098379676,16.04617500934488
57960.02654908465,2.5,3.8873079262336723,0.1641626147412609,0.7499963126271315,294.01390143849073,293.5970860000102,293.78887098379676,16.04617500934488
57960.05309816931,2.5,3.8873044036761026,0.1641623260937715,0.7499926252542631,294.01390143849073,293.5970860000102,293.78887098379676,16.04617500934488
57960.10619633862,2.5,3.887297358872879,0.1641617488209258,0.7499852505085264,294.01390143849073,293.5970860000102,293.78887098379676,16.04617500934488
57960.21239267722,2.5,3.8872832705135827,0.16416059436376046,0.7499705010170529,294.01390143849073,293.5970860000102,293.78887098379676,16.04617500934488
57960.42478535444,2.5,3.887255098779363,0.1641582858034804,0.7499410020341059,294.01390143849073,293.5970860000102,293.78887098379676,16.04617500934488
57960.84957070887,2.5,3.8871987752122603,0.1641536700986879,0.7498820040682118,294.01390143849073,293.5970860000102,293.78887098379676,16.04617500934488
57961.69914141775,2.5,3.8870862073944763,0.16414444434870393,0.7497640081364236,294.01390143849073,293.5970860000102,293.78887098379676,16.04617500934488
57963.3982828355,2.5,3.886861386722103,0.164126015459636,0.7495280162728474,294.01390143849073,293.5970860000102,293.78887098379676,16.04617500934488
57966.796565671,2.5,3.8864129869843875,0.1640892479088224,0.7490560325456947,294.01390143849073,293.5970860000102,293.78887098379676,16.04617500934488
57973.593131342,2.5,3.885521010606882,0.16401607204100346,0.7481120650913897,294.01390143849073,293.5970860000102,293.78887098379676,16.04617500934488
57987.18626268399,2.5,3.8837552413775107,0.16387114459545066,0.7462241301827794,294.01390143849073,293.5970860000102,293.78887098379676,16.04617500934488
58000.77939402599,2.5,3.882011993315609,0.16372809570084643,0.7443361952741693,294.01390143849073,293.5970860000102,293.78887098379676,16.04617500934488
58014.37252536797,2.5,3.880289099721019,0.16358690115620567,0.742448260365559,294.01390143849073,293.5970860000102,293.78887098379676,16.04617500934488
58027.965656709974,2.5,3.8785844164850602,0.16344753813013413,0.7405603254569488,294.01390143849073,293.5970860000102,293.78887098379676,16.04617500934488
58055.15191939396,2.5,3.8752215994405352,0.1631742237470537,0.7367844556397284,294.01390143849073,293.5970860000102,293.78887098379676,16.04617500934488
58079.61955580955,2.5,3.8722366301374875,0.16293430136012008,0.7333861728042299,294.01390143849073,293.5970860000102,293.78887098379676,16.04617500934488
58104.08719222514,2.5,3.8692784252941084,0.16270000998016,0.7299878899687315,294.01390143849073,293.5970860000102,293.78887098379676,16.04617500934488
58128.55482864073,2.5,3.866334998923075,0.16247125293118164,0.7265896071332332,294.01390143849073,293.5970860000102,293.78887098379676,16.04617500934488
58153.02246505632,2.5,3.8633943142749056,0.16224794053960803,0.7231913242977348,294.01390143849073,293.5970860000102,293.78887098379676,16.04617500934488
58177.49010147191,2.5,3.860444008023945,0.16202998784455766,0.7197930414622363,294.01390143849073,293.5970860000102,293.78887098379676,16.04617500934488
58201.9577378875,2.5,3.8574712881192474,0.16181731385450576,0.716394758626738,294.01390143849073,293.5970860000102,293.78887098379676,16.04617500934488
58226.425374303086,2.5,3.8544629509443613,0.16160984147796306,0.7129964757912396,294.01390143849073,293.5970860000102,293.78887098379676,16.04617500934488
58275.360647134265,2.5,3.8482855148685395,0.1612102123663921,0.7061999101202427,294.01390143849073,293.5970860000102,293.78887098379676,16.04617500934488
58320.0,2.5,3.8423887743305687,0.16086309706288385,0.7000000000000013,294.01390143849073,293.5970860000102,293.78887098379676,16.04617500934488
58320.001467636044,2.5,3.842388575478809,0.160863085919503,0.6999997961616613,294.01390143849073,293.5970860000102,293.78887098379676,16.04617500934488
58320.002935272096,2.5,3.8423883766266935,0.16086307477613956,0.6999995923233214,294.01390143849073,293.5970860000102,293.78887098379676,16.04617500934488
58320.00587054419,2.5,3.84238797892138,0.16086305248946536,0.6999991846466416,294.01390143849073,293.5970860000102,293.78887098379676,16.04617500934488
58320.01174108838,2.5,3.8423871835065184,0.1608630079163277,0.699998369293282,294.01390143849073,293.5970860000102,293.78887098379676,16.04617500934488
58320.02348217676,2.5,3.8423855926597796,0.16086291877089448,0.6999967385865626,294.01390143849073,293.5970860000102,293.78887098379676,16.04617500934488
58320.04696435352,2.5,3.842382410898523,0.16086274048339747,0.6999934771731241,294.01390143849073,293.5970860000102,293.78887098379676,16.04617500934488
58320.093928707036,2.5,3.842376047104798,0.16086238392188057,0.699986954346247,294.01390143849073,293.5970860000102,293.78887098379676,16.04617500934488
58320.18785741406,2.5,3.842363318432509,0.16086167085275432,0.6999739086924929,294.01390143849073,293.5970860000102,293.78887098379676,16.04617500934488
58320.37571482812,2.5,3.842337856746406,0.1608602449301206,0.6999478173849846,294.01390143849073,293.5970860000102,293.78887098379676,16.04617500934488
58320.751429656244,2.5,3.842286915990788,0.1608573939472315,0.699895634769968,294.01390143849073,293.5970860000102,293.78887098379676,16.04617500934488
58321.50285931248,2.5,3.842184964806065,0.16085169543020167,0.6997912695399346,294.01390143849073,293.5970860000102,293.78887098379676,16.04617500934488
58323.00571862496,2.5,3.8419807826292836,0.16084031218501194,0.6995825390798681,294.01390143849073,293.5970860000102,293.78887098379676,16.04617500934488
58326.01143724992,2.5,3.8415712902290693,0.16081760080125748,0.6991650781597349,294.01390143849073,293.5970860000102,293.78887098379676,16.04617500934488
58332.02287449983,2.5,3.8407477242223167,0.1607723980714385,0.6983301563194686,294.01390143849073,293.5970860000102,293.78887098379676,16.04617500934488
58344.04574899967,2.5,3.839081741276496,0.16068286968416928,0.696660312638936,294.01390143849073,293.5970860000102,293.78887098379676,16.04617500934488
58356.06862349951,2.5,3.837389738088421,0.16059450500132894,0.6949904689584034,294.01390143849073,293.5970860000102,293.78887098379676,16.04617500934488
58368.09149799934,2.5,3.835670769308581,0.16050729724633758,0.6933206252778709,294.01390143849073,293.5970860000102,293.78887098379676,16.04617500934488
58380.11437249917,2.5,3.8339240613979713,0.16042123977227193,0.6916507815973383,294.01390143849073,293.5970860000102,293.78887098379676,16.04617500934488
58404.16012149885,2.5,3.8303453934878116,0.16025254977858203,0.688311094236273,294.01390143849073,293.5970860000102,293.78887098379676,16.04617500934488
58428.20587049851,2.5,3.8266519562886763,0.16008838441498444,0.6849714068752079,294.01390143849073,293.5970860000102,293.78887098379676,16.04617500934488
58452.25161949819,2.5,3.822846172222967,0.15992869502330107,0.6816317195141427,294.01390143849073,293.5970860000102,293.78887098379676,16.04617500934488
58487.55504799285,2.5,3.817071316298967,0.15970225514236733,0.6767284655565506,294.01390143849073,293.5970860000102,293.78887098379676,16.04617500934488
58522.85847648751,2.5,3.8111122860033584,0.15948522239132057,0.6718252115989587,294.01390143849073,293.5970860000102,293.78887098379676,16.04617500934488
58558.161904982175,2.5,3.805030237512689,0.15927746396187317,0.6669219576413665,294.01390143849073,293.5970860000102,293.78887098379676,16.04617500934488
58593.46533347684,2.5,3.798899226840297,0.15907885457221513,0.6620187036837746,294.01390143849073,293.5970860000102,293.78887098379676,16.04617500934488
58628.7687619715,2.5,3.7927963426243703,0.15888927607829356,0.6571154497261825,294.01390143849073,293.5970860000102,293.78887098379676,16.04617500934488
58680.0,2.5,3.784128779121703,0.15863000103788577,0.6500000000000015,294.01390143849073,293.5970860000102,293.78887098379676,16.04617500934488
58680.00188227052,2.5,3.7841284664845114,0.15862999185308227,0.6499997385735412,294.01390143849073,293.5970860000102,293.78887098379676,16.04617500934488
58680.00376454103,2.5,3.784128153847797,0.15862998266830372,0.649999477147081,294.01390143849073,293.5970860000102,293.78887098379676,16.04617500934488
58680.00752908205,2.5,3.7841275285758256,0.1586299642988213,0.6499989542941604,294.01390143849073,293.5970860000102,293.78887098379676,16.04617500934488
58680.01505816411,2.5,3.7841262780376836,0.1586299275601557,0.6499979085883194,294.01390143849073,293.5970860000102,293.78887098379676,16.04617500934488
58680.03011632822,2.5,3.7841237769846514,0.15862985408402103,0.6499958171766373,294.01390143849073,293.5970860000102,293.78887098379676,16.04617500934488
58680.06023265644,2.5,3.784118774971705,0.15862970713653748,0.6499916343532732,294.01390143849073,293.5970860000102,293.78887098379676,16.04617500934488
58680.12046531288,2.5,3.784108771318342,0.15862941326071417,0.649983268706545,294.01390143849073,293.5970860000102,293.78887098379676,16.04617500934488
58680.240930625776,2.5,3.7840887655024735,0.15862882558564034,0.6499665374130885,294.01390143849073,293.5970860000102,293.78887098379676,16.04617500934488
58680.481861251545,2.5,3.7840487598388783,0.15862765054177025,0.6499330748261757,294.01390143849073,293.5970860000102,293.78887098379676,16.04617500934488
58680.96372250309,2.5,3.7839687724216753,0.15862530167903033,0.6498661496523499,294.01390143849073,293.5970860000102,293.78887098379676,16.04617500934488
58681.92744500618,2.5,3.7838088935229917,0.1586206088526722,0.6497322993046984,294.01390143849073,293.5970860000102,293.78887098379676,16.04617500934488
58683.85489001236,2.5,3.7834895217946434,0.158611242789419,0.6494645986093955,294.01390143849073,293.5970860000102,293.78887098379676,16.04617500934488
58687.70978002473,2.5,3.7828523405840815,0.15859258896475567,0.6489291972187896,294.01390143849073,293.5970860000102,293.78887098379676,16.04617500934488
58695.41956004945,2.5,3.7815843607064283,0.15855559407758216,0.6478583944375778,294.01390143849073,293.5970860000102,293.78887098379676,16.04617500934488
58710.8391200989,2.5,3.7790748374872516,0.15848285183536095,0.6457167888751542,294.01390143849073,293.5970860000102,293.78887098379676,16.04617500934488
58726.25868014835,2.5,3.7766018709911373,0.1584117663869642,0.6435751833127306,294.01390143849073,293.5970860000102,293.78887098379676,16.04617500934488
58741.6782401978,2.5,3.774166365616994,0.15834233002051398,0.6414335777503068,294.01390143849073,293.5970860000102,293.78887098379676,16.04617500934488
58757.09780024725,2.5,3.771768527897359,0.1582745352332359,0.6392919721878833,294.01390143849073,293.5970860000102,293.78887098379676,16.04617500934488
58787.93692034615,2.5,3.7670836671685666,0.1581438413915339,0.6350087610630359,294.01390143849073,293.5970860000102,293.78887098379676,16.04617500934488
58818.776040445046,2.5,3.762537939223426,0.15801962887828527,0.6307255499381886,294.01390143849073,293.5970860000102,293.78887098379676,16.04617500934488
58849.615160543945,2.5,3.7581160267525084,0.15790184486802206,0.6264423388133413,294.01390143849073,293.5970860000102,293.78887098379676,16.04617500934488
58911.29340074175,2.5,3.7495680829903852,0.1576853659586084,0.6178759165636468,294.01390143849073,293.5970860000102,293.78887098379676,16.04617500934488
58962.27684482175,2.5,3.7427092881992454,0.15752542801728178,0.6107948826636469,294.01390143849073,293.5970860000102,293.78887098379676,16.04617500934488
59013.26028890174,2.5,3.735955383441352,0.15738249422813919,0.6037138487636469,294.01390143849073,293.5970860000102,293.78887098379676,16.04617500934488
59040.0,2.5,3.7324346951542955,0.1573142711865522,0.6000000000000006,294.01390143849073,293.5970860000102,293.78887098379676,16.04617500934488
59040.00212514633,2.5,3.732434415671845,0.15731426594803774,0.5999997048407881,294.01390143849073,293.5970860000102,293.78887098379676,16.04617500934488
59040.00425029266,2.5,3.732434136189429,0.15731426070955246,0.5999994096815757,294.01390143849073,293.5970860000102,293.78887098379676,16.04617500934488
59040.00850058532,2.5,3.732433577224712,0.1573142502326693,0.5999988193631507,294.01390143849073,293.5970860000102,293.78887098379676,16.04617500934488
59040.017001170636,2.5,3.732432459295767,0.15731422927925243,0.5999976387263009,294.01390143849073,293.5970860000102,293.78887098379676,16.04617500934488
59040.03400234127,2.5,3.7324302234397604,0.15731418737381678,0.599995277452601,294.01390143849073,293.5970860000102,293.78887098379676,16.04617500934488
59040.06800468256,2.5,3.732425751735398,0.15731410356853767,0.5999905549052014,294.01390143849073,293.5970860000102,293.78887098379676,16.04617500934488
59040.13600936511,2.5,3.7324168083571974,0.1573139359803477,0.5999811098104021,294.01390143849073,293.5970860000102,293.78887098379676,16.04617500934488
59040.27201873022,2.5,3.7323989217227003,0.15731360089343993,0.5999622196208036,294.01390143849073,293.5970860000102,293.78887098379676,16.04617500934488
59040.54403746044,2.5,3.7323631489388145,0.15731293107750344,0.5999244392416065,294.01390143849073,293.5970860000102,293.78887098379676,16.04617500934488
59041.08807492087,2.5,3.732291605291722,0.15731159287707128,0.5998488784832126,294.01390143849073,293.5970860000102,293.78887098379676,16.04617500934488
59042.17614984175,2.5,3.7321485255224913,0.157308922201369,0.5996977569664244,294.01390143849073,293.5970860000102,293.78887098379676,16.04617500934488
59044.352299683494,2.5,3.731862394834878,0.15730360374581334,0.5993955139328481,294.01390143849073,293.5970860000102,293.78887098379676,16.04617500934488
59048.704599366996,2.5,3.73129023908653,0.1572930583799144,0.5987910278656956,294.01390143849073,293.5970860000102,293.78887098379676,16.04617500934488
59057.40919873399,2.5,3.7301462753089263,0.15727233352679315,0.5975820557313904,294.01390143849073,293.5970860000102,293.78887098379676,16.04617500934488
59074.818397467985,2.5,3.727859194261042,0.157232344970398,0.5951641114627804,294.01390143849073,293.5970860000102,293.78887098379676,16.04617500934488
59109.63679493597,2.5,3.7232848959775273,0.15715819437138986,0.5903282229255601,294.01390143849073,293.5970860000102,293.78887098379676,16.04617500934488
59144.455192403955,2.5,3.7187059968295864,0.1570917801255479,0.5854923343883398,294.01390143849073,293.5970860000102,293.78887098379676,16.04617500934488
59179.27358987194,2.5,3.7141201499549656,0.1570330669878995,0.5806564458511196,294.01390143849073,293.5970860000102,293.78887098379676,16.04617500934488
59214.091987339925,2.5,3.709527994599035,0.15698202364547054,0.5758205573138994,294.01390143849073,293.5970860000102,293.78887098379676,16.04617500934488
59283.728782275895,2.5,3.7003394155584433,0.1569028400737482,0.5661487802394588,294.01390143849073,293.5970860000102,293.78887098379676,16.04617500934488
59353.365577211865,2.5,3.6911864971679638,0.15685405515825976,0.5564770031650184,294.01390143849073,293.5970860000102,293.78887098379676,16.04617500934488
59400.0,2.5,3.6851082333758787,0.1568383206506586,0.5499999999999996,294.01390143849073,293.5970860000102,293.78887098379676,16.04617500934488
59400.00224518134,2.5,3.6851079421444415,0.15683832021969565,0.5499996881692577,294.01390143849073,293.5970860000102,293.78887098379676,16.04617500934488
59400.004490362684,2.5,3.6851076509131575,0.15683831978876409,0.5499993763385158,294.01390143849073,293.5970860000102,293.78887098379676,16.04617500934488
59400.00898072537,2.5,3.68510706845104,0.15683831892699526,0.5499987526770321,294.01390143849073,293.5970860000102,293.78887098379676,16.04617500934488
59400.017961450736,2.5,3.685105903528628,0.15683831720383473,0.5499975053540646,294.01390143849073,293.5970860000102,293.78887098379676,16.04617500934488
59400.035922901465,2.5,3.6851035736910553,0.1568383137590223,0.5499950107081295,294.01390143849073,293.5970860000102,293.78887098379676,16.04617500934488
59400.07184580293,2.5,3.6850989140449717,0.15683830687543193,0.5499900214162594,294.01390143849073,293.5970860000102,293.78887098379676,16.04617500934488
59400.14369160586,2.5,3.6850895948691003,0.15683829313238895,0.5499800428325192,294.01390143849073,293.5970860000102,293.78887098379676,16.04617500934488
59400.28738321172,2.5,3.6850709569827957,0.15683826574285387,0.5499600856650388,294.01390143849073,293.5970860000102,293.78887098379676,16.04617500934488
59400.57476642344,2.5,3.6850336830740913,0.15683821134998557,0.5499201713300781,294.01390143849073,293.5970860000102,293.78887098379676,16.04617500934488
59401.14953284687,2.5,3.6849591427293573,0.15683810410904545,0.5498403426601566,294.01390143849073,293.5970860000102,293.78887098379676,16.04617500934488
59402.29906569374,2.5,3.6848100920664977,0.1568378958062625,0.5496806853203137,294.01390143849073,293.5970860000102,293.78887098379676,16.04617500934488
59404.59813138748,2.5,3.6845121119341777,0.15683750391639298,0.5493613706406277,294.01390143849073,293.5970860000102,293.78887098379676,16.04617500934488
59409.19626277496,2.5,3.6839166451252274,0.15683681899412216,0.5487227412812558,294.01390143849073,293.5970860000102,293.78887098379676,16.04617500934488
59418.39252554991,2.5,3.682727754548507,0.15683584454051272,0.5474454825625119,294.01390143849073,293.5970860000102,293.78887098379676,16.04617500934488
59436.785051099825,2.5,3.6803586945327624,0.1568354769430603,0.5448909651250242,294.01390143849073,293.5970860000102,293.78887098379676,16.04617500934488
59473.57010219965,2.5,3.6756597454326454,0.15684106587546628,0.5397819302500488,294.01390143849073,293.5970860000102,293.78887098379676,16.04617500934488
59510.35515329947,2.5,3.6710208261452877,0.15685508729820016,0.5346728953750735,294.01390143849073,293.5970860000102,293.78887098379676,16.04617500934488
59547.140204399286,2.5,3.66645046306634,0.15687754559043982,0.5295638605000981,294.01390143849073,293.5970860000102,293.78887098379676,16.04617500934488
59583.92525549911,2.5,3.6619560462443785,0.15690844964137257,0.5244548256251227,294.01390143849073,293.5970860000102,293.78887098379676,16.04617500934488
59657.49535769876,2.5,3.6532180932510308,0.15699565295257828,0.5142367558751719,294.01390143849073,293.5970860000102,293.78887098379676,16.04617500934488
59731.065459898404,2.5,3.6448389228813856,0.15711685878656417,0.504018686125221,294.01390143849073,293.5970860000102,293.78887098379676,16.04617500934488
59760.0,2.5,3.641644594587294,0.15717389319191974,0.4999999999999994,294.01390143849073,293.5970860000102,293.78887098379676,16.04617500934488
59760.00227261594,2.5,3.6416443459372787,0.15717389787999733,0.499999684358897,294.01390143849073,293.5970860000102,293.78887098379676,16.04617500934488
59760.00454523187,2.5,3.641644097287622,0.15717390256810765,0.49999936871779466,294.01390143849073,293.5970860000102,293.78887098379676,16.04617500934488
59760.00909046375,2.5,3.641643599989353,0.15717391194442662,0.49999873743559,294.01390143849073,293.5970860000102,293.78887098379676,16.04617500934488
59760.018180927495,2.5,3.641642605397039,0.15717393069745786,0.49999747487118057,294.01390143849073,293.5970860000102,293.78887098379676,16.04617500934488
59760.03636185499,2.5,3.6416406162292803,0.15717396820509344,0.4999949497423618,294.01390143849073,293.5970860000102,293.78887098379676,16.04617500934488
59760.07272370998,2.5,3.6416366379612604,0.15717404322665668,0.4999898994847242,294.01390143849073,293.5970860000102,293.78887098379676,16.04617500934488
59760.145447419956,2.5,3.641628681695211,0.15717419329495194,0.4999797989694491,294.01390143849073,293.5970860000102,293.78887098379676,16.04617500934488
59760.29089483993,2.5,3.6416127702430487,0.15717449353221846,0.4999595979388988,294.01390143849073,293.5970860000102,293.78887098379676,16.04617500934488
59760.58178967985,2.5,3.641580951658242,0.15717509440946376,0.4999191958777983,294.01390143849073,293.5970860000102,293.78887098379676,16.04617500934488
59761.163579359694,2.5,3.641517331764806,0.15717629777486802,0.4998383917555973,294.01390143849073,293.5970860000102,293.78887098379676,16.04617500934488
59762.32715871939,2.5,3.641390161067353,0.15717871094985558,0.4996767835111952,294.01390143849073,293.5970860000102,293.78887098379676,16.04617500934488
59764.65431743878,2.5,3.641136095903764,0.15718356308074827,0.4993535670223911,294.01390143849073,293.5970860000102,293.78887098379676,16.04617500934488
59769.308634877554,2.5,3.6406290694309,0.15719337050006596,0.4987071340447828,294.01390143849073,293.5970860000102,293.78887098379676,16.04617500934488
59778.617269755116,2.5,3.639619422378677,0.1572133982436705,0.49741426808956624,294.01390143849073,293.5970860000102,293.78887098379676,16.04617500934488
59797.23453951023,2.5,3.637617660694672,0.15725510761271702,0.4948285361791331,294.01390143849073,293.5970860000102,293.78887098379676,16.04617500934488
59834.46907902048,2.5,3.633683309099227,0.1573451609910537,0.48965707235826683,294.01390143849073,293.5970860000102,293.78887098379676,16.04617500934488
59908.938158040946,2.5,3.626080324481374,0.15755197567142065,0.4793141447165343,294.01390143849073,293.5970860000102,293.78887098379676,16.04617500934488
59983.407237061416,2.5,3.6188030311685564,0.1577947699101701,0.46897121707480177,294.01390143849073,293.5970860000102,293.78887098379676,16.04617500934488
60057.87631608189,2.5,3.611807885399686,0.15807406032247565,0.4586282894330692,294.01390143849073,293.5970860000102,293.78887098379676,16.04617500934488
60120.0,2.5,3.6061516473991038,0.15833540619790135,0.44999999999999873,294.01390143849073,293.5970860000102,293.78887098379676,16.04617500934488
60120.0022282427,2.5,3.6061514470323286,0.15833541603946044,0.4499996905218456,294.01390143849073,293.5970860000102,293.78887098379676,16.04617500934488
60120.0044564854,2.5,3.606151246665721,0.15833542588105326,0.44999938104369236,294.01390143849073,293.5970860000102,293.78887098379676,16.04617500934488
60120.00891297081,2.5,3.606150845933005,0.15833544556434018,0.449998762087386,294.01390143849073,293.5970860000102,293.78887098379676,16.04617500934488
60120.01782594162,2.5,3.60615004446956,0.15833548493131863,0.4499975241747732,294.01390143849073,293.5970860000102,293.78887098379676,16.04617500934488
60120.03565188324,2.5,3.606148441550645,0.15833556366689422,0.44999504834954757,294.01390143849073,293.5970860000102,293.78887098379676,16.04617500934488
60120.0713037665,2.5,3.606145235744669,0.15833572114452008,0.4499900966990964,294.01390143849073,293.5970860000102,293.78887098379676,16.04617500934488
60120.142607532995,2.5,3.6061388242601344,0.15833603612567101,0.449980193398194,294.01390143849073,293.5970860000102,293.78887098379676,16.04617500934488
60120.28521506599,2.5,3.6061260018006016,0.15833666619157216,0.4499603867963892,294.01390143849073,293.5970860000102,293.78887098379676,16.04617500934488
60120.57043013198,2.5,3.6061003589182166,0.15833792673778888,0.44992077359277965,294.01390143849073,293.5970860000102,293.78887098379676,16.04617500934488
60121.14086026396,2.5,3.6060490812890023,0.1583404494880228,0.4498415471855606,294.01390143849073,293.5970860000102,293.78887098379676,16.04617500934488
60122.28172052791,2.5,3.6059465584830708,0.15834550162083721,0.44968309437112236,294.01390143849073,293.5970860000102,293.78887098379676,16.04617500934488
60124.56344105582,2.5,3.605741641962894,0.15835563242502237,0.44936618874224593,294.01390143849073,293.5970860000102,293.78887098379676,16.04617500934488
60129.12688211164,2.5,3.6053323195335287,0.15837600026125667,0.4487323774844931,294.01390143849073,293.5970860000102,293.78887098379676,16.04617500934488
60138.25376422328,2.5,3.604515670926366,0.15841716143869397,0.44746475496898735,294.01390143849073,293.5970860000102,293.78887098379676,16.04617500934488
60156.507528446564,2.5,3.6028899869001716,0.15850119063240725,0.4449295099379759,294.01390143849073,293.5970860000102,293.78887098379676,16.04617500934488
60193.01505689313,2.5,3.599666062301329,0.15867611607238793,0.43985901987595305,294.01390143849073,293.5970860000102,293.78887098379676,16.04617500934488
60266.030113786255,2.5,3.593303390477911,0.15905377146283772,0.42971803975190737,294.01390143849073,293.5970860000102,293.78887098379676,16.04617500934488
60339.04517067938,2.5,3.5870060240873545,0.15946919397673973,0.4195770596278617,294.01390143849073,293.5970860000102,293.78887098379676,16.04617500934488
60480.0,2.5,3.574807417609449,0.16038149224465117,0.3999999999999982,294.01390143849073,293.5970860000102,293.78887098379676,16.04617500934488
60480.00212775053,2.5,3.57480723128787,0.16038150714196425,0.39999970447909133,294.01390143849073,293.5970860000102,293.78887098379676,16.04617500934488
60480.00425550106,2.5,3.5748070449661853,0.16038152203931197,0.3999994089581845,294.01390143849073,293.5970860000102,293.78887098379676,16.04617500934488
60480.00851100212,2.5,3.5748066723225125,0.1603815518341112,0.39999881791637076,294.01390143849073,293.5970860000102,293.78887098379676,16.04617500934488
60480.017022004235,2.5,3.5748059270339376,0.16038161142412502,0.3999976358327434,294.01390143849073,293.5970860000102,293.78887098379676,16.04617500934488
60480.03404400847,2.5,3.574804436451862,0.16038173060581393,0.39999527166548865,294.01390143849073,293.5970860000102,293.78887098379676,16.04617500934488
60480.06808801694,2.5,3.5748014552679988,0.16038196897583687,0.3999905433309791,294.01390143849073,293.5970860000102,293.78887098379676,16.04617500934488
60480.13617603388,2.5,3.574795492821423,0.160382445742464,0.3999810866619601,294.01390143849073,293.5970860000102,293.78887098379676,16.04617500934488
60480.272352067754,2.5,3.574783567612677,0.16038339938204657,0.3999621733239219,294.01390143849073,293.5970860000102,293.78887098379676,16.04617500934488
60480.5447041355,2.5,3.5747597159312328,0.16038530708655155,0.3999243466478457,294.01390143849073,293.5970860000102,293.78887098379676,16.04617500934488
60481.089408271,2.5,3.574712007499961,0.1603891241971366,0.39984869329569334,294.01390143849073,293.5970860000102,293.78887098379676,16.04617500934488
60482.17881654199,2.5,3.574616570263075,0.1603967652263332,0.3996973865913885,294.01390143849073,293.5970860000102,293.78887098379676,16.04617500934488
60484.357633083986,2.5,3.5744256134852286,0.1604120745306595,0.3993947731827788,294.01390143849073,293.5970860000102,293.78887098379676,16.04617500934488
60488.71526616796,2.5,3.574043364247562,0.16044280223397328,0.39878954636555936,294.01390143849073,293.5970860000102,293.78887098379676,16.04617500934488
60497.430532335915,2.5,3.573277471134275,0.16050469491168257,0.3975790927311206,294.01390143849073,293.5970860000102,293.78887098379676,16.04617500934488
60514.86106467184,2.5,3.5717396881061894,0.16063023657155448,0.395158185462243,294.01390143849073,293.5970860000102,293.78887098379676,16.04617500934488
60549.722129343674,2.5,3.56863674130588,0.16088840417837036,0.39031637092448795,294.01390143849073,293.5970860000102,293.78887098379676,16.04617500934488
60619.44425868735,2.5,3.5622934345190256,0.16143357063073424,0.3806327418489778,294.01390143849073,293.5970860000102,293.78887098379676,16.04617500934488
60758.8885173747,2.5,3.5488245020815583,0.16264354680553256,0.3612654836979575,294.01390143849073,293.5970860000102,293.78887098379676,16.04617500934488
60840.0,2.5,3.540337810114864,0.16342425388251822,0.3499999999999982,294.01390143849073,293.5970860000102,293.78887098379676,16.04617500934488
60840.001983441005,2.5,3.5403375955893712,0.16342427369119694,0.349999724522081,294.01390143849073,293.5970860000102,293.78887098379676,16.04617500934488
60840.00396688201,2.5,3.540337381063516,0.1634242934999113,0.3499994490441638,294.01390143849073,293.5970860000102,293.78887098379676,16.04617500934488
60840.00793376402,2.5,3.5403369520107173,0.16342433311744683,0.3499988980883295,294.01390143849073,293.5970860000102,293.78887098379676,16.04617500934488
60840.015867528025,2.5,3.540336093900799,0.1634244123529453,0.34999779617666094,294.01390143849073,293.5970860000102,293.78887098379676,16.04617500934488
60840.03173505606,2.5,3.5403343776636262,0.16342457082565176,0.3499955923533238,294.01390143849073,293.5970860000102,293.78887098379676,16.04617500934488
60840.063470112116,2.5,3.5403309451199654,0.16342488777790276,0.34999118470664936,294.01390143849073,293.5970860000102,293.78887098379676,16.04617500934488
60840.126940224225,2.5,3.540324079755366,0.1634255217097578,0.3499823694133006,294.01390143849073,293.5970860000102,293.78887098379676,16.04617500934488
60840.25388044845,2.5,3.5403103479168787,0.16342678968288457,0.34996473882660306,294.01390143849073,293.5970860000102,293.78887098379676,16.04617500934488
60840.507760896886,2.5,3.5402828798015946,0.16342932606684019,0.349929477653208,294.01390143849073,293.5970860000102,293.78887098379676,16.04617500934488
60841.01552179378,2.5,3.54022792580819,0.16343440058584016,0.34985895530641786,294.01390143849073,293.5970860000102,293.78887098379676,16.04617500934488
60842.03104358756,2.5,3.5401179466938335,0.16344455663044527,0.3497179106128376,294.01390143849073,293.5970860000102,293.78887098379676,16.04617500934488
60844.062087175116,2.5,3.5398977033468553,0.16346489676409948,0.34943582122567707,294.01390143849073,293.5970860000102,293.78887098379676,16.04617500934488
60848.124174350225,2.5,3.5394560713462213,0.16350568935372323,0.348871642451356,294.01390143849073,293.5970860000102,293.78887098379676,16.04617500934488
60856.24834870045,2.5,3.538568187954022,0.16358772498426813,0.34774328490271383,294.01390143849073,293.5970860000102,293.78887098379676,16.04617500934488
60872.4966974009,2.5,3.536773646835383,0.16375360743905434,0.34548656980542947,294.01390143849073,293.5970860000102,293.78887098379676,16.04617500934488
60904.993394801786,2.5,3.533107245014296,0.16409269373134183,0.34097313961086073,294.01390143849073,293.5970860000102,293.78887098379676,16.04617500934488
60969.98678960358,2.5,3.5254503281436396,0.16480078951788169,0.33194627922172343,294.01390143849073,293.5970860000102,293.78887098379676,16.04617500934488
61099.97357920716,2.5,3.5087855196260853,0.16634220029270866,0.31389255844344877,294.01390143849073,293.5970860000102,293.78887098379676,16.04617500934488
61200.0,2.5,3.4948062188476667,0.16764925163098346,0.2999999999999986,294.01390143849073,293.5970860000102,293.78887098379676,16.04617500934488
64800.0,0.0,3.5618659194845104,0.0,0.2999999999999986,295.15000095494577,295.14999999999884,295.150000019644,1.6431283438578248e-06
64800.001093164756,0.0,3.561867361001881,0.0,0.2999999999999986,295.15000095494577,295.14999999999884,295.150000019644,1.6431283438578248e-06
64800.00218632951,0.0,3.5618688019892835,0.0,0.2999999999999986,295.15000095494577,295.14999999999884,295.150000019644,1.6431283438578248e-06
64800.00437265902,0.0,3.5618716826739076,0.0,0.2999999999999986,295.15000095494577,295.14999999999884,295.150000019644,1.6431283438578248e-06
64800.00874531805,0.0,3.5618774375915847,0.0,0.2999999999999986,295.15000095494577,295.14999999999884,295.150000019644,1.6431283438578248e-06
64800.017490636106,0.0,3.561888922987818,0.0,0.2999999999999986,295.15000095494577,295.14999999999884,295.150000019644,1.6431283438578248e-06
64800.034981272205,0.0,3.5619117938619085,0.0,0.2999999999999986,295.15000095494577,295.14999999999884,295.150000019644,1.6431283438578248e-06
64800.06996254441,0.0,3.5619571438044058,0.0,0.2999999999999986,295.15000095494577,295.14999999999884,295.150000019644,1.6431283438578248e-06
64800.13992508882,0.0,3.5620463307808015,0.0,0.2999999999999986,295.15000095494577,295.14999999999884,295.150000019644,1.6431283438578248e-06
64800.27985017763,0.0,3.562219069341655,0.0,0.2999999999999986,295.15000095494577,295.14999999999884,295.150000019644,1.6431283438578248e-06
64800.41977526645,0.0,3.562384795338365,0.0,0.2999999999999986,295.15000095494577,295.14999999999884,295.150000019644,1.6431283438578248e-06
64800.559700355254,0.0,3.5625441483593105,0.0,0.2999999999999986,295.15000095494577,295.14999999999884,295.150000019644,1.6431283438578248e-06
64800.699625444075,0.0,3.5626977146255516,0.0,0.2999999999999986,295.15000095494577,295.14999999999884,295.150000019644,1.6431283438578248e-06
64800.9794756217,0.0,3.5629893030181843,0.0,0.2999999999999986,295.15000095494577,295.14999999999884,295.150000019644,1.6431283438578248e-06
64801.25932579933,0.0,3.5632631728210904,0.0,0.2999999999999986,295.15000095494577,295.14999999999884,295.150000019644,1.6431283438578248e-06
64801.58266445734,0.0,3.563561172984849,0.0,0.2999999999999986,295.15000095494577,295.14999999999884,295.150000019644,1.6431283438578248e-06
64801.90600311535,0.0,3.5638425637339357,0.0,0.2999999999999986,295.15000095494577,295.14999999999884,295.150000019644,1.6431283438578248e-06
64802.22934177336,0.0,3.564109801612158,0.0,0.2999999999999986,295.15000095494577,295.14999999999884,295.150000019644,1.6431283438578248e-06
64802.55268043137,0.0,3.5643647495694757,0.0,0.2999999999999986,295.15000095494577,295.14999999999884,295.150000019644,1.6431283438578248e-06
64802.87601908938,0.0,3.564608874303557,0.0,0.2999999999999986,295.15000095494577,295.14999999999884,295.150000019644,1.6431283438578248e-06
64803.19935774739,0.0,3.564843390927157,0.0,0.2999999999999986,295.15000095494577,295.14999999999884,295.150000019644,1.6431283438578248e-06
64803.5226964054,0.0,3.5650692594021827,0.0,0.2999999999999986,295.15000095494577,295.14999999999884,295.150000019644,1.6431283438578248e-06
64804.16937372142,0.0,3.565498203904113,0.0,0.2999999999999986,295.15000095494577,295.14999999999884,295.150000019644,1.6431283438578248e-06
64804.816051037444,0.0,3.5659006451940445,0.0,0.2999999999999986,295.15000095494577,295.14999999999884,295.150000019644,1.6431283438578248e-06
64805.64407645006,0.0,3.5663827367290413,0.0,0.2999999999999986,295.15000095494577,295.14999999999884,295.150000019644,1.6431283438578248e-06
64806.38929932141,0.0,3.5667895372717915,0.0,0.2999999999999986,295.15000095494577,295.14999999999884,295.150000019644,1.6431283438578248e-06
64807.134522192755,0.0,3.5671740328826487,0.0,0.2999999999999986,295.15000095494577,295.14999999999884,295.150000019644,1.6431283438578248e-06
64807.8797450641,0.0,3.5675388896989055,0.0,0.2999999999999986,295.15000095494577,295.14999999999884,295.150000019644,1.6431283438578248e-06
64808.62496793545,0.0,3.5678861285054384,0.0,0.2999999999999986,295.15000095494577,295.14999999999884,295.150000019644,1.6431283438578248e-06
64809.3701908068,0.0,3.5682174711852013,0.0,0.2999999999999986,295.15000095494577,295.14999999999884,295.150000019644,1.6431283438578248e-06
64810.11541367815,0.0,3.5685343468061923,0.0,0.2999999999999986,295.15000095494577,295.14999999999884,295.150000019644,1.6431283438578248e-06
64811.605859420844,0.0,3.5691297433077067,0.0,0.2999999999999986,295.15000095494577,295.14999999999884,295.150000019644,1.6431283438578248e-06
64812.94726058928,0.0,3.5696271826825985,0.0,0.2999999999999986,295.15000095494577,295.14999999999884,295.150000019644,1.6431283438578248e-06
64814.2886617577,0.0,3.570093048427743,0.0,0.2999999999999986,295.15000095494577,295.14999999999884,295.150000019644,1.6431283438578248e-06
64815.63006292614,0.0,3.570531246273375,0.0,0.2999999999999986,295.15000095494577,295.14999999999884,295.150000019644,1.6431283438578248e-06
64816.97146409456,0.0,3.570945055683401,0.0,0.2999999999999986,295.15000095494577,295.14999999999884,295.150000019644,1.6431283438578248e-06
64819.65426643142,0.0,3.5717100230097865,0.0,0.2999999999999986,295.15000095494577,295.14999999999884,295.150000019644,1.6431283438578248e-06
64822.33706876828,0.0,3.5724048026109294,0.0,0.2999999999999986,295.15000095494577,295.14999999999884,295.150000019644,1.6431283438578248e-06
64825.019871105134,0.0,3.5730415395152586,0.0,0.2999999999999986,295.15000095494577,295.14999999999884,295.150000019644,1.6431283438578248e-06
64827.70267344199,0.0,3.5736295206077657,0.0,0.2999999999999986,295.15000095494577,295.14999999999884,295.150000019644,1.6431283438578248e-06
64830.38547577885,0.0,3.5741760732173367,0.0,0.2999999999999986,295.15000095494577,295.14999999999884,295.150000019644,1.6431283438578248e-06
64833.06827811571,0.0,3.5746869886364165,0.0,0.2999999999999986,295.15000095494577,295.14999999999884,295.150000019644,1.6431283438578248e-06
64835.75108045257,0.0,3.5751668536294066,0.0,0.2999999999999986,295.15000095494577,295.14999999999884,295.150000019644,1.6431283438578248e-06
64838.433882789424,0.0,3.5756193407040873,0.0,0.2999999999999986,295.15000095494577,295.14999999999884,295.150000019644,1.6431283438578248e-06
64841.11668512628,0.0,3.576047504979432,0.0,0.2999999999999986,295.15000095494577,295.14999999999884,295.150000019644,1.6431283438578248e-06
64846.4822898,0.0,3.5768405428644576,0.0,0.2999999999999986,295.15000095494577,295.14999999999884,295.150000019644,1.6431283438578248e-06
64851.847894473714,0.0,3.577562640575884,0.0,0.2999999999999986,295.15000095494577,295.14999999999884,295.150000019644,1.6431283438578248e-06
64856.67693868006,0.0,3.5781616415952797,0.0,0.2999999999999986,295.15000095494577,295.14999999999884,295.150000019644,1.6431283438578248e-06
64861.5059828864,0.0,3.5787190620257254,0.0,0.2999999999999986,295.15000095494577,295.14999999999884,295.150000019644,1.6431283438578248e-06
64866.33502709275,0.0,3.579240147748936,0.0,0.2999999999999986,295.15000095494577,295.14999999999884,295.150000019644,1.6431283438578248e-06
64871.16407129909,0.0,3.579729317726479,0.0,0.2999999999999986,295.15000095494577,295.14999999999884,295.150000019644,1.6431283438578248e-06
64875.99311550544,0.0,3.580190218728524,0.0,0.2999999999999986,295.15000095494577,295.14999999999884,295.150000019644,1.6431283438578248e-06
64880.82215971178,0.0,3.580625838592325,0.0,0.2999999999999986,295.15000095494577,295.14999999999884,295.150000019644,1.6431283438578248e-06
64885.651203918125,0.0,3.581038659872955,0.0,0.2999999999999986,295.15000095494577,295.14999999999884,295.150000019644,1.6431283438578248e-06
64890.48024812447,0.0,3.5814308253709783,0.0,0.2999999999999986,295.15000095494577,295.14999999999884,295.150000019644,1.6431283438578248e-06
64900.13833653716,0.0,3.58216028868769,0.0,0.2999999999999986,295.15000095494577,295.14999999999884,295.150000019644,1.6431283438578248e-06
64909.79642494985,0.0,3.58282673633643,0.0,0.2999999999999986,295.15000095494577,295.14999999999884,295.150000019644,1.6431283438578248e-06
64918.48870452126,0.0,3.5833804447622755,0.0,0.2999999999999986,295.15000095494577,295.14999999999884,295.150000019644,1.6431283438578248e-06
64927.18098409267,0.0,3.5838960220074014,0.0,0.2999999999999986,295.15000095494577,295.14999999999884,295.150000019644,1.6431283438578248e-06
64935.87326366409,0.0,3.5843779355153274,0.0,0.2999999999999986,295.15000095494577,295.14999999999884,295.150000019644,1.6431283438578248e-06
64944.56554323551,0.0,3.5848300008748946,0.0,0.2999999999999986,295.15000095494577,295.14999999999884,295.150000019644,1.6431283438578248e-06
64953.257822806925,0.0,3.585255432852585,0.0,0.2999999999999986,295.15000095494577,295.14999999999884,295.150000019644,1.6431283438578248e-06
64961.95010237834,0.0,3.585656927000396,0.0,0.2999999999999986,295.15000095494577,295.14999999999884,295.150000019644,1.6431283438578248e-06
64979.33466152118,0.0,3.586396943894836,0.0,0.2999999999999986,295.15000095494577,295.14999999999884,295.150000019644,1.6431283438578248e-06
64996.71922066402,0.0,3.587064855416142,0.0,0.2999999999999986,295.15000095494577,295.14999999999884,295.150000019644,1.6431283438578248e-06
65014.10377980685,0.0,3.5876720994445632,0.0,0.2999999999999986,295.15000095494577,295.14999999999884,295.150000019644,1.6431283438578248e-06
65031.48833894968,0.0,3.588227609744658,0.0,0.2999999999999986,295.15000095494577,295.14999999999884,295.150000019644,1.6431283438578248e-06
65048.87289809252,0.0,3.5887383241354827,0.0,0.2999999999999986,295.15000095494577,295.14999999999884,295.150000019644,1.6431283438578248e-06
65066.25745723536,0.0,3.589209752279715,0.0,0.2999999999999986,295.15000095494577,295.14999999999884,295.150000019644,1.6431283438578248e-06
65083.642016378195,0.0,3.589646449556201,0.0,0.2999999999999986,295.15000095494577,295.14999999999884,295.150000019644,1.6431283438578248e-06
65101.02657552103,0.0,3.59005223988921,0.0,0.2999999999999986,295.15000095494577,295.14999999999884,295.150000019644,1.6431283438578248e-06
65118.41113466387,0.0,3.5904303087846023,0.0,0.2999999999999986,295.15000095494577,295.14999999999884,295.150000019644,1.6431283438578248e-06
65135.79569380671,0.0,3.590783322542785,0.0,0.2999999999999986,295.15000095494577,295.14999999999884,295.150000019644,1.6431283438578248e-06
65153.18025294954,0.0,3.5911135672028838,0.0,0.2999999999999986,295.15000095494577,295.14999999999884,295.150000019644,1.6431283438578248e-06
65160.0,0.0,3.59123734613599,0.0,0.2999999999999986,295.15000095494577,295.14999999999884,295.150000019644,1.6431283438578248e-06
65160.0114396597,0.0,3.5912375511409373,0.0,0.2999999999999986,295.15000095494577,295.14999999999884,295.150000019644,1.6431283438578248e-06
65160.0228793194,0.0,3.5912377561372053,0.0,0.2999999999999986,295.15000095494577,295.14999999999884,295.150000019644,1.6431283438578248e-06
65160.04575863879,0.0,3.5912381661087083,0.0,0.2999999999999986,295.15000095494577,295.14999999999884,295.150000019644,1.6431283438578248e-06
65160.091517277586,0.0,3.5912389859457714,0.0,0.2999999999999986,295.15000095494577,295.14999999999884,295.150000019644,1.6431283438578248e-06
65160.18303455518,0.0,3.591240625216815,0.0,0.2999999999999986,295.15000095494577,295.14999999999884,295.150000019644,1.6431283438578248e-06
65160.36606911036,0.0,3.5912439020959157,0.0,0.2999999999999986,295.15000095494577,295.14999999999884,295.150000019644,1.6431283438578248e-06
65160.73213822073,0.0,3.591250449217514,0.0,0.2999999999999986,295.15000095494577,295.14999999999884,295.150000019644,1.6431283438578248e-06
65161.46427644146,0.0,3.591263516937903,0.0,0.2999999999999986,295.15000095494577,295.14999999999884,295.150000019644,1.6431283438578248e-06
65162.92855288292,0.0,3.5912895468238957,0.0,0.2999999999999986,295.15000095494577,295.14999999999884,295.150000019644,1.6431283438578248e-06
65165.857105765834,0.0,3.591341188593311,0.0,0.2999999999999986,295.15000095494577,295.14999999999884,295.150000019644,1.6431283438578248e-06
65171.71421153167,0.0,3.5914428331671706,0.0,0.2999999999999986,295.15000095494577,295.14999999999884,295.150000019644,1.6431283438578248e-06
65183.42842306334,0.0,3.5916398162312593,0.0,0.2999999999999986,295.15000095494577,295.14999999999884,295.150000019644,1.6431283438578248e-06
65195.14263459502,0.0,3.5918286973663296,0.0,0.2999999999999986,295.15000095494577,295.14999999999884,295.150000019644,1.6431283438578248e-06
65206.85684612669,0.0,3.592009884429159,0.0,0.2999999999999986,295.15000095494577,295.14999999999884,295.150000019644,1.6431283438578248e-06
65218.571057658366,0.0,3.5921837707365585,0.0,0.2999999999999986,295.15000095494577,295.14999999999884,295.150000019644,1.6431283438578248e-06
65241.99948072171,0.0,3.5925109503258503,0.0,0.2999999999999986,295.15000095494577,295.14999999999884,295.150000019644,1.6431283438578248e-06
65265.42790378505,0.0,3.592812947845308,0.0,0.2999999999999986,295.15000095494577,295.14999999999884,295.150000019644,1.6431283438578248e-06
65288.85632684839,0.0,3.593092268880621,0.0,0.2999999999999986,295.15000095494577,295.14999999999884,295.150000019644,1.6431283438578248e-06
65312.284749911734,0.0,3.593351000185246,0.0,0.2999999999999986,295.15000095494577,295.14999999999884,295.150000019644,1.6431283438578248e-06
65335.713172975076,0.0,3.593590854888327,0.0,0.2999999999999986,295.15000095494577,295.14999999999884,295.150000019644,1.6431283438578248e-06
65359.14159603842,0.0,3.59381329703314,0.0,0.2999999999999986,295.15000095494577,295.14999999999884,295.150000019644,1.6431283438578248e-06
65382.57001910176,0.0,3.594019710078828,0.0,0.2999999999999986,295.15000095494577,295.14999999999884,295.150000019644,1.6431283438578248e-06
65405.9984421651,0.0,3.5942114462240693,0.0,0.2999999999999986,295.15000095494577,295.14999999999884,295.150000019644,1.6431283438578248e-06
65452.85528829179,0.0,3.5945553943796273,0.0,0.2999999999999986,295.15000095494577,295.14999999999884,295.150000019644,1.6431283438578248e-06
65495.0264498058,0.0,3.5948253625443183,0.0,0.2999999999999986,295.15000095494577,295.14999999999884,295.150000019644,1.6431283438578248e-06
65520.0,0.0,3.5949696509428266,0.0,0.2999999999999986,295.15000095494577,295.14999999999884,295.150000019644,1.6431283438578248e-06
65520.03006128343,0.0,3.594969818077602,0.0,0.2999999999999986,295.15000095494577,295.14999999999884,295.150000019644,1.6431283438578248e-06
65520.060122566865,0.0,3.5949699851971357,0.0,0.2999999999999986,295.15000095494577,295.14999999999884,295.150000019644,1.6431283438578248e-06
65520.12024513374,0.0,3.594970319399207,0.0,0.2999999999999986,295.15000095494577,295.14999999999884,295.150000019644,1.6431283438578248e-06
65520.240490267475,0.0,3.594970987617239,0.0,0.2999999999999986,295.15000095494577,295.14999999999884,295.150000019644,1.6431283438578248e-06
65520.48098053495,0.0,3.594972323345221,0.0,0.2999999999999986,295.15000095494577,295.14999999999884,295.150000019644,1.6431283438578248e-06
65520.9619610699,0.0,3.594974991881569,0.0,0.2999999999999986,295.15000095494577,295.14999999999884,295.150000019644,1.6431283438578248e-06
65521.92392213981,0.0,3.594980317312663,0.0,0.2999999999999986,295.15000095494577,295.14999999999884,295.150000019644,1.6431283438578248e-06
65523.84784427962,0.0,3.5949909217298934,0.0,0.2999999999999986,295.15000095494577,295.14999999999884,295.150000019644,1.6431283438578248e-06
65527.69568855924,0.0,3.5950119463565238,0.0,0.2999999999999986,295.15000095494577,295.14999999999884,295.150000019644,1.6431283438578248e-06
65535.39137711848,0.0,3.5950532711030805,0.0,0.2999999999999986,295.15000095494577,295.14999999999884,295.150000019644,1.6431283438578248e-06
65550.78275423698,0.0,3.5951331181109576,0.0,0.2999999999999986,295.15000095494577,295.14999999999884,295.150000019644,1.6431283438578248e-06
65566.17413135545,0.0,3.5952093482196865,0.0,0.2999999999999986,295.15000095494577,295.14999999999884,295.150000019644,1.6431283438578248e-06
65581.56550847396,0.0,3.5952821234264034,0.0,0.2999999999999986,295.15000095494577,295.14999999999884,295.150000019644,1.6431283438578248e-06
65596.95688559243,0.0,3.595351603503672,0.0,0.2999999999999986,295.15000095494577,295.14999999999884,295.150000019644,1.6431283438578248e-06
65627.73963982941,0.0,3.595481228297968,0.0,0.2999999999999986,295.15000095494577,295.14999999999884,295.150000019644,1.6431283438578248e-06
65658.52239406639,0.0,3.595599375001134,0.0,0.2999999999999986,295.15000095494577,295.14999999999884,295.150000019644,1.6431283438578248e-06
65689.30514830335,0.0,3.595707148425846,0.0,0.2999999999999986,295.15000095494577,295.14999999999884,295.150000019644,1.6431283438578248e-06
65729.99020005713,0.0,3.5958352124083777,0.0,0.2999999999999986,295.15000095494577,295.14999999999884,295.150000019644,1.6431283438578248e-06
65770.67525181093,0.0,3.5959486470728956,0.0,0.2999999999999986,295.15000095494577,295.14999999999884,295.150000019644,1.6431283438578248e-06
65811.36030356472,0.0,3.596049162298998,0.0,0.2999999999999986,295.15000095494577,295.14999999999884,295.150000019644,1.6431283438578248e-06
65852.0453553185,0.0,3.5961382535914743,0.0,0.2999999999999986,295.15000095494577,295.14999999999884,295.150000019644,1.6431283438578248e-06
65880.0,0.0,3.596193572721319,0.0,0.2999999999999986,295.15000095494577,295.14999999999884,295.150000019644,1.6431283438578248e-06
65880.08629999947,0.0,3.596193736591814,0.0,0.2999999999999986,295.15000095494577,295.14999999999884,295.150000019644,1.6431283438578248e-06
65880.17259999893,0.0,3.596193900420459,0.0,0.2999999999999986,295.15000095494577,295.14999999999884,295.150000019644,1.6431283438578248e-06
65880.34519999786,0.0,3.5961942279761727,0.0,0.2999999999999986,295.15000095494577,295.14999999999884,295.150000019644,1.6431283438578248e-06
65880.69039999571,0.0,3.5961948825770755,0.0,0.2999999999999986,295.15000095494577,295.14999999999884,295.150000019644,1.6431283438578248e-06
65881.38079999143,0.0,3.5961961898383734,0.0,0.2999999999999986,295.15000095494577,295.14999999999884,295.150000019644,1.6431283438578248e-06
65882.76159998286,0.0,3.5961987963738102,0.0,0.2999999999999986,295.15000095494577,295.14999999999884,295.150000019644,1.6431283438578248e-06
65885.52319996573,0.0,3.596203977710484,0.0,0.2999999999999986,295.15000095494577,295.14999999999884,295.150000019644,1.6431283438578248e-06
65891.04639993145,0.0,3.5962142146744975,0.0,0.2999999999999986,295.15000095494577,295.14999999999884,295.150000019644,1.6431283438578248e-06
65902.09279986293,0.0,3.5962341970154514,0.0,0.2999999999999986,295.15000095494577,295.14999999999884,295.150000019644,1.6431283438578248e-06
65924.18559972585,0.0,3.5962722813876975,0.0,0.2999999999999986,295.15000095494577,295.14999999999884,295.150000019644,1.6431283438578248e-06
65946.27839958877,0.0,3.596307966156167,0.0,0.2999999999999986,295.15000095494577,295.14999999999884,295.150000019644,1.6431283438578248e-06
65968.3711994517,0.0,3.596341395390333,0.0,0.2999999999999986,295.15000095494577,295.14999999999884,295.150000019644,1.6431283438578248e-06
65990.46399931464,0.0,3.5963727095759666,0.0,0.2999999999999986,295.15000095494577,295.14999999999884,295.150000019644,1.6431283438578248e-06
66034.6495990405,0.0,3.5964294679827673,0.0,0.2999999999999986,295.15000095494577,295.14999999999884,295.150000019644,1.6431283438578248e-06
66078.83519876635,0.0,3.596479227691044,0.0,0.2999999999999986,295.15000095494577,295.14999999999884,295.150000019644,1.6431283438578248e-06
66123.02079849222,0.0,3.596522909690867,0.0,0.2999999999999986,295.15000095494577,295.14999999999884,295.150000019644,1.6431283438578248e-06
66167.20639821808,0.0,3.596561288181066,0.0,0.2999999999999986,295.15000095494577,295.14999999999884,295.150000019644,1.6431283438578248e-06
66211.39199794394,0.0,3.596594996589815,0.0,0.2999999999999986,295.15000095494577,295.14999999999884,295.150000019644,1.6431283438578248e-06
66240.0,0.0,3.5966145738147848,0.0,0.2999999999999986,295.15000095494577,295.14999999999884,295.150000019644,1.6431283438578248e-06
66240.25010122676,0.0,3.596614737572308,0.0,0.2999999999999986,295.15000095494577,295.14999999999884,295.150000019644,1.6431283438578248e-06
66240.50020245352,0.0,3.5966149012090405,0.0,0.2999999999999986,295.15000095494577,295.14999999999884,295.150000019644,1.6431283438578248e-06
66241.00040490704,0.0,3.59661522818943,0.0,0.2999999999999986,295.15000095494577,295.14999999999884,295.150000019644,1.6431283438578248e-06
66242.00080981408,0.0,3.596615880678747,0.0,0.2999999999999986,295.15000095494577,295.14999999999884,295.150000019644,1.6431283438578248e-06
66244.0016196282,0.0,3.5966171800829967,0.0,0.2999999999999986,295.15000095494577,295.14999999999884,295.150000019644,1.6431283438578248e-06
66248.00323925639,0.0,3.596619756061523,0.0,0.2999999999999986,295.15000095494577,295.14999999999884,295.150000019644,1.6431283438578248e-06
66256.00647851276,0.0,3.5966248182715184,0.0,0.2999999999999986,295.15000095494577,295.14999999999884,295.150000019644,1.6431283438578248e-06
66272.01295702552,0.0,3.5966345945512495,0.0,0.2999999999999986,295.15000095494577,295.14999999999884,295.150000019644,1.6431283438578248e-06
66304.02591405105,0.0,3.596652840691732,0.0,0.2999999999999986,295.15000095494577,295.14999999999884,295.150000019644,1.6431283438578248e-06
66336.03887107658,0.0,3.5966694504165697,0.0,0.2999999999999986,295.15000095494577,295.14999999999884,295.150000019644,1.6431283438578248e-06
66368.05182810212,0.0,3.5966845627905344,0.0,0.2999999999999986,295.15000095494577,295.14999999999884,295.150000019644,1.6431283438578248e-06
66400.06478512764,0.0,3.5966983101600345,0.0,0.2999999999999986,295.15000095494577,295.14999999999884,295.150000019644,1.6431283438578248e-06
66464.09069917869,0.0,3.5967221407831556,0.0,0.2999999999999986,295.15000095494577,295.14999999999884,295.150000019644,1.6431283438578248e-06
66528.11661322975,0.0,3.5967418214194726,0.0,0.2999999999999986,295.15000095494577,295.14999999999884,295.150000019644,1.6431283438578248e-06
66600.0,0.0,3.596759887291055,0.0,0.2999999999999986,295.15000095494577,295.14999999999884,295.150000019644,1.6431283438578248e-06
66600.72483810586,0.0,3.596760051033731,0.0,0.2999999999999986,295.15000095494577,295.14999999999884,295.150000019644,1.6431283438578248e-06
66601.44967621172,0.0,3.596760214426879,0.0,0.2999999999999986,295.15000095494577,295.14999999999884,295.150000019644,1.6431283438578248e-06
66602.89935242344,0.0,3.596760540366501,0.0,0.2999999999999986,295.15000095494577,295.14999999999884,295.150000019644,1.6431283438578248e-06
66605.79870484691,0.0,3.596761188005624,0.0,0.2999999999999986,295.15000095494577,295.14999999999884,295.150000019644,1.6431283438578248e-06
66611.59740969382,0.0,3.5967624673763097,0.0,0.2999999999999986,295.15000095494577,295.14999999999884,295.150000019644,1.6431283438578248e-06
66623.19481938763,0.0,3.596764961894644,0.0,0.2999999999999986,295.15000095494577,295.14999999999884,295.150000019644,1.6431283438578248e-06
66646.38963877525,0.0,3.5967697060202872,0.0,0.2999999999999986,295.15000095494577,295.14999999999884,295.150000019644,1.6431283438578248e-06
66692.7792775505,0.0,3.5967782985194385,0.0,0.2999999999999986,295.15000095494577,295.14999999999884,295.150000019644,1.6431283438578248e-06
66739.16891632575,0.0,3.5967857989969207,0.0,0.2999999999999986,295.15000095494577,295.14999999999884,295.150000019644,1.6431283438578248e-06
66785.55855510102,0.0,3.5967923385781972,0.0,0.2999999999999986,295.15000095494577,295.14999999999884,295.150000019644,1.6431283438578248e-06
66831.94819387626,0.0,3.5967980376818005,0.0,0.2999999999999986,295.15000095494577,295.14999999999884,295.150000019644,1.6431283438578248e-06
66924.72747142677,0.0,3.5968072848654717,0.0,0.2999999999999986,295.15000095494577,295.14999999999884,295.150000019644,1.6431283438578248e-06
66960.0,0.0,3.5968101772378382,0.0,0.2999999999999986,295.15000095494577,295.14999999999884,295.150000019644,1.6431283438578248e-06
66961.44000053646,0.0,3.5968102890335896,0.0,0.2999999999999986,295.15000095494577,295.14999999999884,295.150000019644,1.6431283438578248e-06
66962.88000107292,0.0,3.5968104003562154,0.0,0.2999999999999986,295.15000095494577,295.14999999999884,295.150000019644,1.6431283438578248e-06
66965.76000214583,0.0,3.5968106218582125,0.0,0.2999999999999986,295.15000095494577,295.14999999999884,295.150000019644,1.6431283438578248e-06
66971.52000429165,0.0,3.5968110591581475,0.0,0.2999999999999986,295.15000095494577,295.14999999999884,295.150000019644,1.6431283438578248e-06
66983.04000858331,0.0,3.5968119126684464,0.0,0.2999999999999986,295.15000095494577,295.14999999999884,295.150000019644,1.6431283438578248e-06
67006.08001716662,0.0,3.596813536326687,0.0,0.2999999999999986,295.15000095494577,295.14999999999884,295.150000019644,1.6431283438578248e-06
67052.16003433324,0.0,3.5968164795228272,0.0,0.2999999999999986,295.15000095494577,295.14999999999884,295.150000019644,1.6431283438578248e-06
67098.24005149984,0.0,3.5968190511341684,0.0,0.2999999999999986,295.15000095494577,295.14999999999884,295.150000019644,1.6431283438578248e-06
67190.40008583307,0.0,3.596823300025097,0.0,0.2999999999999986,295.15000095494577,295.14999999999884,295.150000019644,1.6431283438578248e-06
67282.56012016631,0.0,3.596826539503139,0.0,0.2999999999999986,295.15000095494577,295.14999999999884,295.150000019644,1.6431283438578248e-06
67320.0,0.0,3.5968276001285364,0.0,0.2999999999999986,295.15000095494577,295.14999999999884,295.150000019644,1.6431283438578248e-06
67321.08000053646,0.0,3.596827628704636,0.0,0.2999999999999986,295.15000095494577,295.14999999999884,295.150000019644,1.6431283438578248e-06
67322.16000107292,0.0,3.5968276571899356,0.0,0.2999999999999986,295.15000095494577,295.14999999999884,295.150000019644,1.6431283438578248e-06
67324.32000214583,0.0,3.596827713940849,0.0,0.2999999999999986,295.15000095494577,295.14999999999884,295.150000019644,1.6431283438578248e-06
67328.64000429166,0.0,3.5968278263445708,0.0,0.2999999999999986,295.15000095494577,295.14999999999884,295.150000019644,1.6431283438578248e-06
67337.2800085833,0.0,3.596828047062049,0.0,0.2999999999999986,295.15000095494577,295.14999999999884,295.150000019644,1.6431283438578248e-06
67354.56001716662,0.0,3.5968284721583803,0.0,0.2999999999999986,295.15000095494577,295.14999999999884,295.150000019644,1.6431283438578248e-06
67389.12003433323,0.0,3.5968292614139106,0.0,0.2999999999999986,295.15000095494577,295.14999999999884,295.150000019644,1.6431283438578248e-06
67458.24006866646,0.0,3.596830626238802,0.0,0.2999999999999986,295.15000095494577,295.14999999999884,295.150000019644,1.6431283438578248e-06
67527.3601029997,0.0,3.596831741122463,0.0,0.2999999999999986,295.15000095494577,295.14999999999884,295.150000019644,1.6431283438578248e-06
67665.60017166616,0.0,3.5968334285740493,0.0,0.2999999999999986,295.15000095494577,295.14999999999884,295.150000019644,1.6431283438578248e-06
67680.0,0.0,3.5968335618180376,0.0,0.2999999999999986,295.15000095494577,295.14999999999884,295.150000019644,1.6431283438578248e-06
67680.72000053646,0.0,3.5968335682468453,0.0,0.2999999999999986,295.15000095494577,295.14999999999884,295.150000019644,1.6431283438578248e-06
67681.44000107292,0.0,3.596833574662023,0.0,0.2999999999999986,295.15000095494577,295.14999999999884,295.150000019644,1.6431283438578248e-06
67682.88000214583,0.0,3.596833587459349,0.0,0.2999999999999986,295.15000095494577,295.14999999999884,295.150000019644,1.6431283438578248e-06
67685.76000429166,0.0,3.5968336128886165,0.0,0.2999999999999986,295.15000095494577,295.14999999999884,295.150000019644,1.6431283438578248e-06
67691.52000858332,0.0,3.596833663126601,0.0,0.2999999999999986,295.15000095494577,295.14999999999884,295.150000019644,1.6431283438578248e-06
67703.04001716661,0.0,3.596833761096919,0.0,0.2999999999999986,295.15000095494577,295.14999999999884,295.150000019644,1.6431283438578248e-06
67726.08003433322,0.0,3.5968339474794764,0.0,0.2999999999999986,295.15000095494577,295.14999999999884,295.150000019644,1.6431283438578248e-06
67772.16006866646,0.0,3.596834285266132,0.0,0.2999999999999986,295.15000095494577,295.14999999999884,295.150000019644,1.6431283438578248e-06
67864.32013733292,0.0,3.5968348433645225,0.0,0.2999999999999986,295.15000095494577,295.14999999999884,295.150000019644,1.6431283438578248e-06
68040.0,0.0,3.5968355899695426,0.0,0.2999999999999986,295.15000095494577,295.14999999999884,295.150000019644,1.6431283438578248e-06
68040.36000053646,0.0,3.596835591034648,0.0,0.2999999999999986,295.15000095494577,295.14999999999884,295.150000019644,1.6431283438578248e-06
68040.72000107291,0.0,3.5968355920986235,0.0,0.2999999999999986,295.15000095494577,295.14999999999884,295.150000019644,1.6431283438578248e-06
68041.44000214583,0.0,3.596835594223832,0.0,0.2999999999999986,295.15000095494577,295.14999999999884,295.150000019644,1.6431283438578248e-06
68042.88000429166,0.0,3.596835598460489,0.0,0.2999999999999986,295.15000095494577,295.14999999999884,295.150000019644,1.6431283438578248e-06
68045.76000858331,0.0,3.596835606881806,0.0,0.2999999999999986,295.15000095494577,295.14999999999884,295.150000019644,1.6431283438578248e-06
68051.52001716662,0.0,3.5968356235121655,0.0,0.2999999999999986,295.15000095494577,295.14999999999884,295.150000019644,1.6431283438578248e-06
68063.04003433323,0.0,3.59683565594432,0.0,0.2999999999999986,295.15000095494577,295.14999999999884,295.150000019644,1.6431283438578248e-06
68086.08006866646,0.0,3.5968357176388843,0.0,0.2999999999999986,295.15000095494577,295.14999999999884,295.150000019644,1.6431283438578248e-06
68132.16013733292,0.0,3.5968358294492053,0.0,0.2999999999999986,295.15000095494577,295.14999999999884,295.150000019644,1.6431283438578248e-06
68224.32027466584,0.0,3.596836014179916,0.0,0.2999999999999986,295.15000095494577,295.14999999999884,295.150000019644,1.6431283438578248e-06
68400.0,0.0,3.5968362613041718,0.0,0.2999999999999986,295.15000095494577,295.14999999999884,295.150000019644,1.6431283438578248e-06
72000.0,0.0,3.5968362613041718,0.0,0.2999999999999986,296.7029132048964,296.7029139999895,296.7029139999895,2.9103830456733704e-13
72003.60000059012,0.0,3.5968362647961927,0.0,0.2999999999999986,296.7029132048964,296.7029139999895,296.7029139999895,2.9103830456733704e-13
72007.2000011802,0.0,3.596836268251498,0.0,0.2999999999999986,296.7029132048964,296.7029139999895,296.7029139999895,2.9103830456733704e-13
72014.4000023604,0.0,3.596836275074046,0.0,0.2999999999999986,296.7029132048964,296.7029139999895,296.7029139999895,2.9103830456733704e-13
72028.8000047208,0.0,3.596836288284641,0.0,0.2999999999999986,296.7029132048964,296.7029139999895,296.7029139999895,2.9103830456733704e-13
72057.60000944161,0.0,3.59683631316775,0.0,0.2999999999999986,296.7029132048964,296.7029139999895,296.7029139999895,2.9103830456733704e-13
72115.20001888323,0.0,3.596836357213825,0.0,0.2999999999999986,296.7029132048964,296.7029139999895,296.7029139999895,2.9103830456733704e-13
72230.40003776646,0.0,3.5968364268767137,0.0,0.2999999999999986,296.7029132048964,296.7029139999895,296.7029139999895,2.9103830456733704e-13
72360.0,0.0,3.596836481987792,0.0,0.2999999999999986,296.7029132048964,296.7029139999895,296.7029139999895,2.9103830456733704e-13
72363.2400005901,0.0,3.596836483043527,0.0,0.2999999999999986,296.7029132048964,296.7029139999895,296.7029139999895,2.9103830456733704e-13
72366.4800011802,0.0,3.596836484089265,0.0,0.2999999999999986,296.7029132048964,296.7029139999895,296.7029139999895,2.9103830456733704e-13
72372.9600023604,0.0,3.596836486156717,0.0,0.2999999999999986,296.7029132048964,296.7029139999895,296.7029139999895,2.9103830456733704e-13
72385.9200047208,0.0,3.596836490172912,0.0,0.2999999999999986,296.7029132048964,296.7029139999895,296.7029139999895,2.9103830456733704e-13
72411.84000944161,0.0,3.5968364977820273,0.0,0.2999999999999986,296.7029132048964,296.7029139999895,296.7029139999895,2.9103830456733704e-13
72463.68001888323,0.0,3.5968365114105105,0.0,0.2999999999999986,296.7029132048964,296.7029139999895,296.7029139999895,2.9103830456733704e-13
72567.36003776646,0.0,3.5968365334431085,0.0,0.2999999999999986,296.7029132048964,296.7029139999895,296.7029139999895,2.9103830456733704e-13
72720.0,0.0,3.596836556188629,0.0,0.2999999999999986,296.7029132048964,296.7029139999895,296.7029139999895,2.9103830456733704e-13
72722.8800005901,0.0,3.5968365565026303,0.0,0.2999999999999986,296.7029132048964,296.7029139999895,296.7029139999895,2.9103830456733704e-13
72725.7600011802,0.0,3.596836556813985,0.0,0.2999999999999986,296.7029132048964,296.7029139999895,296.7029139999895,2.9103830456733704e-13
72731.5200023604,0.0,3.5968365574303327,0.0,0.2999999999999986,296.7029132048964,296.7029139999895,296.7029139999895,2.9103830456733704e-13
72743.0400047208,0.0,3.596836558631507,0.0,0.2999999999999986,296.7029132048964,296.7029139999895,296.7029139999895,2.9103830456733704e-13
72766.08000944162,0.0,3.5968365609206803,0.0,0.2999999999999986,296.7029132048964,296.7029139999895,296.7029139999895,2.9103830456733704e-13
72812.16001888322,0.0,3.5968365650696636,0.0,0.2999999999999986,296.7029132048964,296.7029139999895,296.7029139999895,2.9103830456733704e-13
72904.32003776645,0.0,3.596836571927927,0.0,0.2999999999999986,296.7029132048964,296.7029139999895,296.7029139999895,2.9103830456733704e-13
73080.0,0.0,3.596836581103714,0.0,0.2999999999999986,296.7029132048964,296.7029139999895,296.7029139999895,2.9103830456733704e-13
73082.5200005901,0.0,3.596836581194811,0.0,0.2999999999999986,296.7029132048964,296.7029139999895,296.7029139999895,2.9103830456733704e-13
73085.0400011802,0.0,3.5968365812852348,0.0,0.2999999999999986,296.7029132048964,296.7029139999895,296.7029139999895,2.9103830456733704e-13
73090.0800023604,0.0,3.5968365814644603,0.0,0.2999999999999986,296.7029132048964,296.7029139999895,296.7029139999895,2.9103830456733704e-13
73100.1600047208,0.0,3.596836581814877,0.0,0.2999999999999986,296.7029132048964,296.7029139999895,296.7029139999895,2.9103830456733704e-13
73120.32000944161,0.0,3.5968365824866524,0.0,0.2999999999999986,296.7029132048964,296.7029139999895,296.7029139999895,2.9103830456733704e-13
73160.64001888322,0.0,3.596836583718847,0.0,0.2999999999999986,296.7029132048964,296.7029139999895,296.7029139999895,2.9103830456733704e-13
73241.28003776645,0.0,3.596836585802105,0.0,0.2999999999999986,296.7029132048964,296.7029139999895,296.7029139999895,2.9103830456733704e-13
73402.5600755329,0.0,3.5968365888254787,0.0,0.2999999999999986,296.7029132048964,296.7029139999895,296.7029139999895,2.9103830456733704e-13
73440.0,0.0,3.596836589317986,0.0,0.2999999999999986,296.7029132048964,296.7029139999895,296.7029139999895,2.9103830456733704e-13
73442.1600005901,0.0,3.5968365893441145,0.0,0.2999999999999986,296.7029132048964,296.7029139999895,296.7029139999895,2.9103830456733704e-13
73444.3200011802,0.0,3.5968365893700778,0.0,0.2999999999999986,296.7029132048964,296.7029139999895,296.7029139999895,2.9103830456733704e-13
73448.6400023604,0.0,3.596836589421601,0.0,0.2999999999999986,296.7029132048964,296.7029139999895,296.7029139999895,2.9103830456733704e-13
73457.2800047208,0.0,3.596836589522667,0.0,0.2999999999999986,296.7029132048964,296.7029139999895,296.7029139999895,2.9103830456733704e-13
73474.5600094416,0.0,3.596836589717574,0.0,0.2999999999999986,296.7029132048964,296.7029139999895,296.7029139999895,2.9103830456733704e-13
73509.12001888323,0.0,3.596836590079411,0.0,0.2999999999999986,296.7029132048964,296.7029139999895,296.7029139999895,2.9103830456733704e-13
73578.24003776646,0.0,3.5968365907053172,0.0,0.2999999999999986,296.7029132048964,296.7029139999895,296.7029139999895,2.9103830456733704e-13
73716.48007553292,0.0,3.5968365916528064,0.0,0.2999999999999986,296.7029132048964,296.7029139999895,296.7029139999895,2.9103830456733704e-13
73800.0,0.0,3.5968365920591605,0.0,0.2999999999999986,296.7029132048964,296.7029139999895,296.7029139999895,2.9103830456733704e-13
73801.8000005901,0.0,3.596836592066465,0.0,0.2999999999999986,296.7029132048964,296.7029139999895,296.7029139999895,2.9103830456733704e-13
73803.6000011802,0.0,3.5968365920737373,0.0,0.2999999999999986,296.7029132048964,296.7029139999895,296.7029139999895,2.9103830456733704e-13
73807.20000236039,0.0,3.596836592088188,0.0,0.2999999999999986,296.7029132048964,296.7029139999895,296.7029139999895,2.9103830456733704e-13
73814.40000472081,0.0,3.5968365921166185,0.0,0.2999999999999986,296.7029132048964,296.7029139999895,296.7029139999895,2.9103830456733704e-13
73828.80000944162,0.0,3.5968365921717815,0.0,0.2999999999999986,296.7029132048964,296.7029139999895,296.7029139999895,2.9103830456733704e-13
73857.60001888323,0.0,3.596836592275439,0.0,0.2999999999999986,296.7029132048964,296.7029139999895,296.7029139999895,2.9103830456733704e-13
73915.20003776645,0.0,3.596836592458964,0.0,0.2999999999999986,296.7029132048964,296.7029139999895,296.7029139999895,2.9103830456733704e-13
74030.4000755329,0.0,3.596836592749034,0.0,0.2999999999999986,296.7029132048964,296.7029139999895,296.7029139999895,2.9103830456733704e-13
74160.0,0.0,3.596836592977541,0.0,0.2999999999999986,296.7029132048964,296.7029139999895,296.7029139999895,2.9103830456733704e-13
74161.44000059011,0.0,3.596836592979509,0.0,0.2999999999999986,296.7029132048964,296.7029139999895,296.7029139999895,2.9103830456733704e-13
74162.88000118021,0.0,3.5968365929814685,0.0,0.2999999999999986,296.7029132048964,296.7029139999895,296.7029139999895,2.9103830456733704e-13
74165.76000236042,0.0,3.5968365929853676,0.0,0.2999999999999986,296.7029132048964,296.7029139999895,296.7029139999895,2.9103830456733704e-13
74171.5200047208,0.0,3.5968365929930575,0.0,0.2999999999999986,296.7029132048964,296.7029139999895,296.7029139999895,2.9103830456733704e-13
74183.04000944161,0.0,3.59683659300808,0.0,0.2999999999999986,296.7029132048964,296.7029139999895,296.7029139999895,2.9103830456733704e-13
74206.08001888322,0.0,3.596836593036642,0.0,0.2999999999999986,296.7029132048964,296.7029139999895,296.7029139999895,2.9103830456733704e-13
74252.16003776646,0.0,3.5968365930884283,0.0,0.2999999999999986,296.7029132048964,296.7029139999895,296.7029139999895,2.9103830456733704e-13
74344.32007553292,0.0,3.596836593173992,0.0,0.2999999999999986,296.7029132048964,296.7029139999895,296.7029139999895,2.9103830456733704e-13
74520.0,0.0,3.596836593288458,0.0,0.2999999999999986,296.7029132048964,296.7029139999895,296.7029139999895,2.9103830456733704e-13
74521.0800005901,0.0,3.5968365932889466,0.0,0.2999999999999986,296.7029132048964,296.7029139999895,296.7029139999895,2.9103830456733704e-13
74522.16000118021,0.0,3.5968365932894333,0.0,0.2999999999999986,296.7029132048964,296.7029139999895,296.7029139999895,2.9103830456733704e-13
74524.32000236041,0.0,3.5968365932904067,0.0,0.2999999999999986,296.7029132048964,296.7029139999895,296.7029139999895,2.9103830456733704e-13
74528.6400047208,0.0,3.596836593292327,0.0,0.2999999999999986,296.7029132048964,296.7029139999895,296.7029139999895,2.9103830456733704e-13
74537.28000944162,0.0,3.5968365932961053,0.0,0.2999999999999986,296.7029132048964,296.7029139999895,296.7029139999895,2.9103830456733704e-13
74554.56001888323,0.0,3.596836593303374,0.0,0.2999999999999986,296.7029132048964,296.7029139999895,296.7029139999895,2.9103830456733704e-13
74589.12003776646,0.0,3.5968365933168815,0.0,0.2999999999999986,296.7029132048964,296.7029139999895,296.7029139999895,2.9103830456733704e-13
74658.24007553291,0.0,3.59683659334023,0.0,0.2999999999999986,296.7029132048964,296.7029139999895,296.7029139999895,2.9103830456733704e-13
74796.48015106583,0.0,3.5968365933755813,0.0,0.2999999999999986,296.7029132048964,296.7029139999895,296.7029139999895,2.9103830456733704e-13
74880.0,0.0,3.596836593390737,0.0,0.2999999999999986,296.7029132048964,296.7029139999895,296.7029139999895,2.9103830456733704e-13
74880.72000059011,0.0,3.596836593390842,0.0,0.2999999999999986,296.7029132048964,296.7029139999895,296.7029139999895,2.9103830456733704e-13
74881.4400011802,0.0,3.5968365933909556,0.0,0.2999999999999986,296.7029132048964,296.7029139999895,296.7029139999895,2.9103830456733704e-13
74882.88000236041,0.0,3.596836593391169,0.0,0.2999999999999986,296.7029132048964,296.7029139999895,296.7029139999895,2.9103830456733704e-13
74885.76000472081,0.0,3.596836593391604,0.0,0.2999999999999986,296.7029132048964,296.7029139999895,296.7029139999895,2.9103830456733704e-13
74891.52000944162,0.0,3.5968365933924584,0.0,0.2999999999999986,296.7029132048964,296.7029139999895,296.7029139999895,2.9103830456733704e-13
74903.04001888324,0.0,3.5968365933941264,0.0,0.2999999999999986,296.7029132048964,296.7029139999895,296.7029139999895,2.9103830456733704e-13
74926.08003776646,0.0,3.596836593397297,0.0,0.2999999999999986,296.7029132048964,296.7029139999895,296.7029139999895,2.9103830456733704e-13
74972.16007553291,0.0,3.5968365934030437,0.0,0.2999999999999986,296.7029132048964,296.7029139999895,296.7029139999895,2.9103830456733704e-13
75064.32015106583,0.0,3.5968365934125455,0.0,0.2999999999999986,296.7029132048964,296.7029139999895,296.7029139999895,2.9103830456733704e-13
75240.0,0.0,3.596836593425248,0.0,0.2999999999999986,296.7029132048964,296.7029139999895,296.7029139999895,2.9103830456733704e-13
75240.3600005901,0.0,3.596836593425266,0.0,0.2999999999999986,296.7029132048964,296.7029139999895,296.7029139999895,2.9103830456733704e-13
75240.7200011802,0.0,3.5968365934252837,0.0,0.2999999999999986,296.7029132048964,296.7029139999895,296.7029139999895,2.9103830456733704e-13
75241.44000236041,0.0,3.596836593425318,0.0,0.2999999999999986,296.7029132048964,296.7029139999895,296.7029139999895,2.9103830456733704e-13
75242.88000472082,0.0,3.5968365934253925,0.0,0.2999999999999986,296.7029132048964,296.7029139999895,296.7029139999895,2.9103830456733704e-13
75245.76000944161,0.0,3.5968365934255364,0.0,0.2999999999999986,296.7029132048964,296.7029139999895,296.7029139999895,2.9103830456733704e-13
75251.52001888322,0.0,3.596836593425819,0.0,0.2999999999999986,296.7029132048964,296.7029139999895,296.7029139999895,2.9103830456733704e-13
75263.04003776646,0.0,3.5968365934263695,0.0,0.2999999999999986,296.7029132048964,296.7029139999895,296.7029139999895,2.9103830456733704e-13
75286.08007553293,0.0,3.596836593427417,0.0,0.2999999999999986,296.7029132048964,296.7029139999895,296.7029139999895,2.9103830456733704e-13
75332.16015106582,0.0,3.5968365934293254,0.0,0.2999999999999986,296.7029132048964,296.7029139999895,296.7029139999895,2.9103830456733704e-13
75424.32030213166,0.0,3.5968365934324678,0.0,0.2999999999999986,296.7029132048964,296.7029139999895,296.7029139999895,2.9103830456733704e-13
75600.0,0.0,3.596836593436669,0.0,0.2999999999999986,296.7029132048964,296.7029139999895,296.7029139999895,2.9103830456733704e-13
79200.0,0.0,3.596836593436669,0.0,0.2999999999999986,298.1499992591079,298.150000000016,298.150000000016,0.0
79203.60000064375,0.0,3.5968365934367292,0.0,0.2999999999999986,298.1499992591079,298.150000000016,298.150000000016,0.0
79207.2000012875,0.0,3.596836593436788,0.0,0.2999999999999986,298.1499992591079,298.150000000016,298.150000000016,0.0
79214.40000257498,0.0,3.596836593436907,0.0,0.2999999999999986,298.1499992591079,298.150000000016,298.150000000016,0.0
79228.80000514997,0.0,3.5968365934371307,0.0,0.2999999999999986,298.1499992591079,298.150000000016,298.150000000016,0.0
79257.60001029994,0.0,3.5968365934375552,0.0,0.2999999999999986,298.1499992591079,298.150000000016,298.150000000016,0.0
79315.20002059985,0.0,3.5968365934382995,0.0,0.2999999999999986,298.1499992591079,298.150000000016,298.150000000016,0.0
79430.4000411997,0.0,3.5968365934394897,0.0,0.2999999999999986,298.1499992591079,298.150000000016,298.150000000016,0.0
79560.0,0.0,3.596836593440424,0.0,0.2999999999999986,298.1499992591079,298.150000000016,298.150000000016,0.0
79563.24000064374,0.0,3.596836593440442,0.0,0.2999999999999986,298.1499992591079,298.150000000016,298.150000000016,0.0
79566.48000128749,0.0,3.596836593440456,0.0,0.2999999999999986,298.1499992591079,298.150000000016,298.150000000016,0.0
79572.96000257498,0.0,3.596836593440495,0.0,0.2999999999999986,298.1499992591079,298.150000000016,298.150000000016,0.0
79585.92000514996,0.0,3.5968365934405626,0.0,0.2999999999999986,298.1499992591079,298.150000000016,298.150000000016,0.0
79611.84001029993,0.0,3.5968365934406927,0.0,0.2999999999999986,298.1499992591079,298.150000000016,298.150000000016,0.0
79663.68002059984,0.0,3.596836593440922,0.0,0.2999999999999986,298.1499992591079,298.150000000016,298.150000000016,0.0
79767.36004119969,0.0,3.5968365934413034,0.0,0.2999999999999986,298.1499992591079,298.150000000016,298.150000000016,0.0
79920.0,0.0,3.596836593441682,0.0,0.2999999999999986,298.1499992591079,298.150000000016,298.150000000016,0.0
79922.88000064375,0.0,3.5968365934416875,0.0,0.2999999999999986,298.1499992591079,298.150000000016,298.150000000016,0.0
79925.76000128749,0.0,3.596836593441693,0.0,0.2999999999999986,298.1499992591079,298.150000000016,298.150000000016,0.0
79931.52000257498,0.0,3.5968365934417035,0.0,0.2999999999999986,298.1499992591079,298.150000000016,298.150000000016,0.0
79943.04000514996,0.0,3.596836593441723,0.0,0.2999999999999986,298.1499992591079,298.150000000016,298.150000000016,0.0
79966.08001029992,0.0,3.5968365934417657,0.0,0.2999999999999986,298.1499992591079,298.150000000016,298.150000000016,0.0
80012.16002059984,0.0,3.596836593441831,0.0,0.2999999999999986,298.1499992591079,298.150000000016,298.150000000016,0.0
80104.32004119968,0.0,3.5968365934419344,0.0,0.2999999999999986,298.1499992591079,298.150000000016,298.150000000016,0.0
80280.0,0.0,3.596836593442071,0.0,0.2999999999999986,298.1499992591079,298.150000000016,298.150000000016,0.0
80282.52000064374,0.0,3.596836593442073,0.0,0.2999999999999986,298.1499992591079,298.150000000016,298.150000000016,0.0
80285.04000128749,0.0,3.5968365934420747,0.0,0.2999999999999986,298.1499992591079,298.150000000016,298.150000000016,0.0
80290.08000257498,0.0,3.5968365934420783,0.0,0.2999999999999986,298.1499992591079,298.150000000016,298.150000000016,0.0
80300.16000514996,0.0,3.5968365934420854,0.0,0.2999999999999986,298.1499992591079,298.150000000016,298.150000000016,0.0
80320.32001029991,0.0,3.596836593442098,0.0,0.2999999999999986,298.1499992591079,298.150000000016,298.150000000016,0.0
80360.64002059984,0.0,3.5968365934421223,0.0,0.2999999999999986,298.1499992591079,298.150000000016,298.150000000016,0.0
80441.28004119967,0.0,3.596836593442162,0.0,0.2999999999999986,298.1499992591079,298.150000000016,298.150000000016,0.0
80602.56008239937,0.0,3.5968365934422155,0.0,0.2999999999999986,298.1499992591079,298.150000000016,298.150000000016,0.0
80640.0,0.0,3.5968365934422226,0.0,0.2999999999999986,298.1499992591079,298.150000000016,298.150000000016,0.0
80642.16000064375,0.0,3.5968365934422244,0.0,0.2999999999999986,298.1499992591079,298.150000000016,298.150000000016,0.0
80644.32000128749,0.0,3.5968365934422244,0.0,0.2999999999999986,298.1499992591079,298.150000000016,298.150000000016,0.0
80648.64000257498,0.0,3.596836593442226,0.0,0.2999999999999986,298.1499992591079,298.150000000016,298.150000000016,0.0
80657.28000514995,0.0,3.596836593442228,0.0,0.2999999999999986,298.1499992591079,298.150000000016,298.150000000016,0.0
80674.56001029992,0.0,3.5968365934422333,0.0,0.2999999999999986,298.1499992591079,298.150000000016,298.150000000016,0.0
80709.12002059983,0.0,3.5968365934422404,0.0,0.2999999999999986,298.1499992591079,298.150000000016,298.150000000016,0.0
80778.24004119968,0.0,3.5968365934422546,0.0,0.2999999999999986,298.1499992591079,298.150000000016,298.150000000016,0.0
80916.48008239936,0.0,3.5968365934422764,0.0,0.2999999999999986,298.1499992591079,298.150000000016,298.150000000016,0.0
81000.0,0.0,3.5968365934422852,0.0,0.2999999999999986,298.1499992591079,298.150000000016,298.150000000016,0.0
81001.80000064374,0.0,3.5968365934422852,0.0,0.2999999999999986,298.1499992591079,298.150000000016,298.150000000016,0.0
81003.60000128749,0.0,3.5968365934422852,0.0,0.2999999999999986,298.1499992591079,298.150000000016,298.150000000016,0.0
81007.20000257497,0.0,3.596836593442287,0.0,0.2999999999999986,298.1499992591079,298.150000000016,298.150000000016,0.0
81014.40000514995,0.0,3.596836593442287,0.0,0.2999999999999986,298.1499992591079,298.150000000016,298.150000000016,0.0
81028.80001029992,0.0,3.596836593442289,0.0,0.2999999999999986,298.1499992591079,298.150000000016,298.150000000016,0.0
81057.60002059984,0.0,3.5968365934422906,0.0,0.2999999999999986,298.1499992591079,298.150000000016,298.150000000016,0.0
81115.20004119969,0.0,3.596836593442296,0.0,0.2999999999999986,298.1499992591079,298.150000000016,298.150000000016,0.0
81230.40008239937,0.0,3.596836593442303,0.0,0.2999999999999986,298.1499992591079,298.150000000016,298.150000000016,0.0
81360.0,0.0,3.5968365934423083,0.0,0.2999999999999986,298.1499992591079,298.150000000016,298.150000000016,0.0
81361.44000064375,0.0,3.5968365934423083,0.0,0.2999999999999986,298.1499992591079,298.150000000016,298.150000000016,0.0
81362.88000128749,0.0,3.59683659344231,0.0,0.2999999999999986,298.1499992591079,298.150000000016,298.150000000016,0.0
81365.76000257497,0.0,3.59683659344231,0.0,0.2999999999999986,298.1499992591079,298.150000000016,298.150000000016,0.0
81371.52000514996,0.0,3.59683659344231,0.0,0.2999999999999986,298.1499992591079,298.150000000016,298.150000000016,0.0
81383.04001029991,0.0,3.59683659344231,0.0,0.2999999999999986,298.1499992591079,298.150000000016,298.150000000016,0.0
81406.08002059984,0.0,3.596836593442312,0.0,0.2999999999999986,298.1499992591079,298.150000000016,298.150000000016,0.0
81452.16004119968,0.0,3.596836593442312,0.0,0.2999999999999986,298.1499992591079,298.150000000016,298.150000000016,0.0
81544.32008239935,0.0,3.5968365934423154,0.0,0.2999999999999986,298.1499992591079,298.150000000016,298.150000000016,0.0
81720.0,0.0,3.596836593442319,0.0,0.2999999999999986,298.1499992591079,298.150000000016,298.150000000016,0.0
81721.08000064373,0.0,3.596836593442319,0.0,0.2999999999999986,298.1499992591079,298.150000000016,298.150000000016,0.0
81722.16000128748,0.0,3.596836593442319,0.0,0.2999999999999986,298.1499992591079,298.150000000016,298.150000000016,0.0
81724.32000257497,0.0,3.596836593442319,0.0,0.2999999999999986,298.1499992591079,298.150000000016,298.150000000016,0.0
81728.64000514997,0.0,3.596836593442319,0.0,0.2999999999999986,298.1499992591079,298.150000000016,298.150000000016,0.0
81737.28001029992,0.0,3.596836593442319,0.0,0.2999999999999986,298.1499992591079,298.150000000016,298.150000000016,0.0
81754.56002059983,0.0,3.596836593442319,0.0,0.2999999999999986,298.1499992591079,298.150000000016,298.150000000016,0.0
81789.12004119968,0.0,3.5968365934423208,0.0,0.2999999999999986,298.1499992591079,298.150000000016,298.150000000016,0.0
81858.24008239937,0.0,3.5968365934423208,0.0,0.2999999999999986,298.1499992591079,298.150000000016,298.150000000016,0.0
81996.48016479873,0.0,3.596836593442326,0.0,0.2999999999999986,298.1499992591079,298.150000000016,298.150000000016,0.0
82080.0,0.0,3.5968365934423265,0.0,0.2999999999999986,298.1499992591079,298.150000000016,298.150000000016,0.0
82080.72000064375,0.0,3.5968365934423265,0.0,0.2999999999999986,298.1499992591079,298.150000000016,298.150000000016,0.0
82081.44000128748,0.0,3.5968365934423265,0.0,0.2999999999999986,298.1499992591079,298.150000000016,298.150000000016,0.0
82082.88000257497,0.0,3.5968365934423265,0.0,0.2999999999999986,298.1499992591079,298.150000000016,298.150000000016,0.0
82085.76000514996,0.0,3.5968365934423265,0.0,0.2999999999999986,298.1499992591079,298.150000000016,298.150000000016,0.0
82091.52001029992,0.0,3.5968365934423265,0.0,0.2999999999999986,298.1499992591079,298.150000000016,298.150000000016,0.0
82103.04002059984,0.0,3.5968365934423265,0.0,0.2999999999999986,298.1499992591079,298.150000000016,298.150000000016,0.0
82126.08004119969,0.0,3.5968365934423265,0.0,0.2999999999999986,298.1499992591079,298.150000000016,298.150000000016,0.0
82172.16008239936,0.0,3.5968365934423283,0.0,0.2999999999999986,298.1499992591079,298.150000000016,298.150000000016,0.0
82264.32016479873,0.0,3.5968365934423283,0.0,0.2999999999999986,298.1499992591079,298.150000000016,298.150000000016,0.0
82440.0,0.0,3.596836593442328,0.0,0.2999999999999986,298.1499992591079,298.150000000016,298.150000000016,0.0
82440.36000064375,0.0,3.596836593442328,0.0,0.2999999999999986,298.1499992591079,298.150000000016,298.150000000016,0.0
82440.7200012875,0.0,3.596836593442328,0.0,0.2999999999999986,298.1499992591079,298.150000000016,298.150000000016,0.0
82441.440002575,0.0,3.596836593442328,0.0,0.2999999999999986,298.1499992591079,298.150000000016,298.150000000016,0.0
82442.88000514996,0.0,3.596836593442328,0.0,0.2999999999999986,298.1499992591079,298.150000000016,298.150000000016,0.0
82445.76001029993,0.0,3.596836593442328,0.0,0.2999999999999986,298.1499992591079,298.150000000016,298.150000000016,0.0
82451.52002059986,0.0,3.596836593442328,0.0,0.2999999999999986,298.1499992591079,298.150000000016,298.150000000016,0.0
82463.04004119968,0.0,3.596836593442328,0.0,0.2999999999999986,298.1499992591079,298.150000000016,298.150000000016,0.0
82486.08008239936,0.0,3.596836593442328,0.0,0.2999999999999986,298.1499992591079,298.150000000016,298.150000000016,0.0
82532.16016479874,0.0,3.596836593442328,0.0,0.2999999999999986,298.1499992591079,298.150000000016,298.150000000016,0.0
82624.32032959748,0.0,3.59683659344233,0.0,0.2999999999999986,298.1499992591079,298.150000000016,298.150000000016,0.0
82800.0,0.0,3.5968365934423296,0.0,0.2999999999999986,298.1499992591079,298.150000000016,298.150000000016,0.0
86400.0,0.0,3.5968365934423296,0.0,0.2999999999999986,299.39264036374743,299.3926409999797,299.3926409999797,0.0
86403.60000069739,0.0,3.5968365934423296,0.0,0.2999999999999986,299.39264036374743,299.3926409999797,299.3926409999797,0.0
86407.20000139478,0.0,3.5968365934423296,0.0,0.2999999999999986,299.39264036374743,299.3926409999797,299.3926409999797,0.0
86414.40000278957,0.0,3.5968365934423296,0.0,0.2999999999999986,299.39264036374743,299.3926409999797,299.3926409999797,0.0
86428.80000557913,0.0,3.5968365934423296,0.0,0.2999999999999986,299.39264036374743,299.3926409999797,299.3926409999797,0.0
86457.60001115824,0.0,3.5968365934423296,0.0,0.2999999999999986,299.39264036374743,299.3926409999797,299.3926409999797,0.0
86515.20002231647,0.0,3.5968365934423296,0.0,0.2999999999999986,299.39264036374743,299.3926409999797,299.3926409999797,0.0
86630.40004463293,0.0,3.5968365934423305,0.0,0.2999999999999986,299.39264036374743,299.3926409999797,299.3926409999797,0.0
86760.0,0.0,3.5968365934423305,0.0,0.2999999999999986,299.39264036374743,299.3926409999797,299.3926409999797,0.0
86763.24000069739,0.0,3.5968365934423305,0.0,0.2999999999999986,299.39264036374743,299.3926409999797,299.3926409999797,0.0
86766.48000139478,0.0,3.5968365934423305,0.0,0.2999999999999986,299.39264036374743,299.3926409999797,299.3926409999797,0.0
86772.96000278956,0.0,3.5968365934423305,0.0,0.2999999999999986,299.39264036374743,299.3926409999797,299.3926409999797,0.0
86785.92000557912,0.0,3.5968365934423305,0.0,0.2999999999999986,299.39264036374743,299.3926409999797,299.3926409999797,0.0
86811.84001115823,0.0,3.5968365934423305,0.0,0.2999999999999986,299.39264036374743,299.3926409999797,299.3926409999797,0.0
86863.68002231646,0.0,3.5968365934423305,0.0,0.2999999999999986,299.39264036374743,299.3926409999797,299.3926409999797,0.0
86967.36004463292,0.0,3.5968365934423305,0.0,0.2999999999999986,299.39264036374743,299.3926409999797,299.3926409999797,0.0
87120.0,0.0,3.5968365934423305,0.0,0.2999999999999986,299.39264036374743,299.3926409999797,299.3926409999797,0.0
87122.88000069739,0.0,3.5968365934423305,0.0,0.2999999999999986,299.39264036374743,299.3926409999797,299.3926409999797,0.0
87125.76000139478,0.0,3.5968365934423305,0.0,0.2999999999999986,299.39264036374743,299.3926409999797,299.3926409999797,0.0
87131.52000278956,0.0,3.5968365934423305,0.0,0.2999999999999986,299.39264036374743,299.3926409999797,299.3926409999797,0.0
87143.04000557913,0.0,3.59683659344233,0.0,0.2999999999999986,299.39264036374743,299.3926409999797,299.3926409999797,0.0
87166.08001115822,0.0,3.59683659344233,0.0,0.2999999999999986,299.39264036374743,299.3926409999797,299.3926409999797,0.0
87212.16002231646,0.0,3.596836593442332,0.0,0.2999999999999986,299.39264036374743,299.3926409999797,299.3926409999797,0.0
87304.32004463291,0.0,3.5968365934423323,0.0,0.2999999999999986,299.39264036374743,299.3926409999797,299.3926409999797,0.0
87480.0,0.0,3.5968365934423323,0.0,0.2999999999999986,299.39264036374743,299.3926409999797,299.3926409999797,0.0
87482.52000069739,0.0,3.5968365934423323,0.0,0.2999999999999986,299.39264036374743,299.3926409999797,299.3926409999797,0.0
87485.04000139478,0.0,3.5968365934423323,0.0,0.2999999999999986,299.39264036374743,299.3926409999797,299.3926409999797,0.0
87490.08000278956,0.0,3.5968365934423323,0.0,0.2999999999999986,299.39264036374743,299.3926409999797,299.3926409999797,0.0
87500.16000557912,0.0,3.5968365934423328,0.0,0.2999999999999986,299.39264036374743,299.3926409999797,299.3926409999797,0.0
87520.32001115824,0.0,3.5968365934423328,0.0,0.2999999999999986,299.39264036374743,299.3926409999797,299.3926409999797,0.0
87560.64002231645,0.0,3.5968365934423328,0.0,0.2999999999999986,299.39264036374743,299.3926409999797,299.3926409999797,0.0
87641.2800446329,0.0,3.5968365934423328,0.0,0.2999999999999986,299.39264036374743,299.3926409999797,299.3926409999797,0.0
87802.56008926583,0.0,3.5968365934423328,0.0,0.2999999999999986,299.39264036374743,299.3926409999797,299.3926409999797,0.0
87840.0,0.0,3.5968365934423328,0.0,0.2999999999999986,299.39264036374743,299.3926409999797,299.3926409999797,0.0
87842.16000069739,0.0,3.5968365934423328,0.0,0.2999999999999986,299.39264036374743,299.3926409999797,299.3926409999797,0.0
87844.32000139478,0.0,3.5968365934423328,0.0,0.2999999999999986,299.39264036374743,299.3926409999797,299.3926409999797,0.0
87848.64000278956,0.0,3.5968365934423328,0.0,0.2999999999999986,299.39264036374743,299.3926409999797,299.3926409999797,0.0
87857.28000557912,0.0,3.5968365934423323,0.0,0.2999999999999986,299.39264036374743,299.3926409999797,299.3926409999797,0.0
87874.56001115823,0.0,3.5968365934423323,0.0,0.2999999999999986,299.39264036374743,299.3926409999797,299.3926409999797,0.0
87909.12002231646,0.0,3.5968365934423328,0.0,0.2999999999999986,299.39264036374743,299.3926409999797,299.3926409999797,0.0
87978.24004463291,0.0,3.5968365934423323,0.0,0.2999999999999986,299.39264036374743,299.3926409999797,299.3926409999797,0.0
88116.48008926582,0.0,3.5968365934423323,0.0,0.2999999999999986,299.39264036374743,299.3926409999797,299.3926409999797,0.0
88200.0,0.0,3.5968365934423323,0.0,0.2999999999999986,299.39264036374743,299.3926409999797,299.3926409999797,0.0
88201.80000069739,0.0,3.5968365934423323,0.0,0.2999999999999986,299.39264036374743,299.3926409999797,299.3926409999797,0.0
88203.60000139478,0.0,3.5968365934423323,0.0,0.2999999999999986,299.39264036374743,299.3926409999797,299.3926409999797,0.0
88207.20000278956,0.0,3.5968365934423323,0.0,0.2999999999999986,299.39264036374743,299.3926409999797,299.3926409999797,0.0
88214.40000557911,0.0,3.5968365934423323,0.0,0.2999999999999986,299.39264036374743,299.3926409999797,299.3926409999797,0.0
88228.80001115822,0.0,3.5968365934423323,0.0,0.2999999999999986,299.39264036374743,299.3926409999797,299.3926409999797,0.0
88257.60002231644,0.0,3.5968365934423323,0.0,0.2999999999999986,299.39264036374743,299.3926409999797,299.3926409999797,0.0
88315.20004463292,0.0,3.5968365934423323,0.0,0.2999999999999986,299.39264036374743,299.3926409999797,299.3926409999797,0.0
88430.40008926582,0.0,3.5968365934423323,0.0,0.2999999999999986,299.39264036374743,299.3926409999797,299.3926409999797,0.0
88560.0,0.0,3.5968365934423323,0.0,0.2999999999999986,299.39264036374743,299.3926409999797,299.3926409999797,0.0
88561.44000069739,0.0,3.5968365934423323,0.0,0.2999999999999986,299.39264036374743,299.3926409999797,299.3926409999797,0.0
88562.88000139478,0.0,3.5968365934423323,0.0,0.2999999999999986,299.39264036374743,299.3926409999797,299.3926409999797,0.0
88565.76000278955,0.0,3.5968365934423323,0.0,0.2999999999999986,299.39264036374743,299.3926409999797,299.3926409999797,0.0
88571.5200055791,0.0,3.5968365934423323,0.0,0.2999999999999986,299.39264036374743,299.3926409999797,299.3926409999797,0.0
88583.04001115823,0.0,3.5968365934423323,0.0,0.2999999999999986,299.39264036374743,299.3926409999797,299.3926409999797,0.0
88606.08002231646,0.0,3.5968365934423323,0.0,0.2999999999999986,299.39264036374743,299.3926409999797,299.3926409999797,0.0
88652.16004463291,0.0,3.5968365934423323,0.0,0.2999999999999986,299.39264036374743,299.3926409999797,299.3926409999797,0.0
88744.32008926582,0.0,3.5968365934423328,0.0,0.2999999999999986,299.39264036374743,299.3926409999797,299.3926409999797,0.0
88920.0,0.0,3.5968365934423328,0.0,0.2999999999999986,299.39264036374743,299.3926409999797,299.3926409999797,0.0
88921.08000069739,0.0,3.5968365934423328,0.0,0.2999999999999986,299.39264036374743,299.3926409999797,299.3926409999797,0.0
88922.16000139478,0.0,3.5968365934423328,0.0,0.2999999999999986,299.39264036374743,299.3926409999797,299.3926409999797,0.0
88924.32000278955,0.0,3.5968365934423328,0.0,0.2999999999999986,299.39264036374743,299.3926409999797,299.3926409999797,0.0
88928.6400055791,0.0,3.5968365934423328,0.0,0.2999999999999986,299.39264036374743,299.3926409999797,299.3926409999797,0.0
88937.28001115823,0.0,3.5968365934423328,0.0,0.2999999999999986,299.39264036374743,299.3926409999797,299.3926409999797,0.0
88954.56002231645,0.0,3.5968365934423328,0.0,0.2999999999999986,299.39264036374743,299.3926409999797,299.3926409999797,0.0
88989.1200446329,0.0,3.5968365934423328,0.0,0.2999999999999986,299.39264036374743,299.3926409999797,299.3926409999797,0.0
89058.24008926582,0.0,3.5968365934423328,0.0,0.2999999999999986,299.39264036374743,299.3926409999797,299.3926409999797,0.0
89196.48017853164,0.0,3.596836593442333,0.0,0.2999999999999986,299.39264036374743,299.3926409999797,299.3926409999797,0.0
89280.0,0.0,3.5968365934423345,0.0,0.2999999999999986,299.39264036374743,299.3926409999797,299.3926409999797,0.0
89280.72000069739,0.0,3.5968365934423345,0.0,0.2999999999999986,299.39264036374743,299.3926409999797,299.3926409999797,0.0
89281.44000139477,0.0,3.5968365934423345,0.0,0.2999999999999986,299.39264036374743,299.3926409999797,299.3926409999797,0.0
89282.88000278955,0.0,3.5968365934423345,0.0,0.2999999999999986,299.39264036374743,299.3926409999797,299.3926409999797,0.0
89285.76000557911,0.0,3.5968365934423345,0.0,0.2999999999999986,299.39264036374743,299.3926409999797,299.3926409999797,0.0
89291.52001115822,0.0,3.5968365934423345,0.0,0.2999999999999986,299.39264036374743,299.3926409999797,299.3926409999797,0.0
89303.04002231645,0.0,3.5968365934423345,0.0,0.2999999999999986,299.39264036374743,299.3926409999797,299.3926409999797,0.0
89326.08004463291,0.0,3.5968365934423328,0.0,0.2999999999999986,299.39264036374743,299.3926409999797,299.3926409999797,0.0
89372.16008926582,0.0,3.5968365934423328,0.0,0.2999999999999986,299.39264036374743,299.3926409999797,299.3926409999797,0.0
89464.32017853163,0.0,3.5968365934423345,0.0,0.2999999999999986,299.39264036374743,299.3926409999797,299.3926409999797,0.0
89640.0,0.0,3.596836593442335,0.0,0.2999999999999986,299.39264036374743,299.3926409999797,299.3926409999797,0.0
89640.36000069739,0.0,3.596836593442335,0.0,0.2999999999999986,299.39264036374743,299.3926409999797,299.3926409999797,0.0
89640.72000139477,0.0,3.596836593442335,0.0,0.2999999999999986,299.39264036374743,299.3926409999797,299.3926409999797,0.0
89641.44000278955,0.0,3.596836593442335,0.0,0.2999999999999986,299.39264036374743,299.3926409999797,299.3926409999797,0.0
89642.8800055791,0.0,3.596836593442335,0.0,0.2999999999999986,299.39264036374743,299.3926409999797,299.3926409999797,0.0
89645.76001115821,0.0,3.596836593442335,0.0,0.2999999999999986,299.39264036374743,299.3926409999797,299.3926409999797,0.0
89651.52002231646,0.0,3.596836593442335,0.0,0.2999999999999986,299.39264036374743,299.3926409999797,299.3926409999797,0.0
89663.04004463291,0.0,3.596836593442335,0.0,0.2999999999999986,299.39264036374743,299.3926409999797,299.3926409999797,0.0
89686.08008926583,0.0,3.596836593442335,0.0,0.2999999999999986,299.39264036374743,299.3926409999797,299.3926409999797,0.0
89732.16017853165,0.0,3.596836593442335,0.0,0.2999999999999986,299.39264036374743,299.3926409999797,299.3926409999797,0.0
89824.32035706329,0.0,3.596836593442335,0.0,0.2999999999999986,299.39264036374743,299.3926409999797,299.3926409999797,0.0
90000.0,0.0,3.5968365934423345,0.0,0.2999999999999986,299.39264036374743,299.3926409999797,299.3926409999797,0.0
93600.0,0.0,3.5968365934423345,0.0,0.2999999999999986,300.34615151173597,300.3461519999337,300.3461519999337,0.0
93603.60000075103,0.0,3.5968365934423345,0.0,0.2999999999999986,300.34615151173597,300.3461519999337,300.3461519999337,0.0
93607.20000150206,0.0,3.5968365934423345,0.0,0.2999999999999986,300.34615151173597,300.3461519999337,300.3461519999337,0.0
93614.40000300414,0.0,3.5968365934423345,0.0,0.2999999999999986,300.34615151173597,300.3461519999337,300.3461519999337,0.0
93628.80000600827,0.0,3.5968365934423345,0.0,0.2999999999999986,300.34615151173597,300.3461519999337,300.3461519999337,0.0
93657.60001201654,0.0,3.596836593442335,0.0,0.2999999999999986,300.34615151173597,300.3461519999337,300.3461519999337,0.0
93715.20002403308,0.0,3.5968365934423345,0.0,0.2999999999999986,300.34615151173597,300.3461519999337,300.3461519999337,0.0
93830.40004806613,0.0,3.596836593442335,0.0,0.2999999999999986,300.34615151173597,300.3461519999337,300.3461519999337,0.0
93960.0,0.0,3.596836593442335,0.0,0.2999999999999986,300.34615151173597,300.3461519999337,300.3461519999337,0.0
93963.24000075104,0.0,3.596836593442335,0.0,0.2999999999999986,300.34615151173597,300.3461519999337,300.3461519999337,0.0
93966.48000150207,0.0,3.5968365934423345,0.0,0.2999999999999986,300.34615151173597,300.3461519999337,300.3461519999337,0.0
93972.96000300415,0.0,3.5968365934423345,0.0,0.2999999999999986,300.34615151173597,300.3461519999337,300.3461519999337,0.0
93985.92000600827,0.0,3.596836593442335,0.0,0.2999999999999986,300.34615151173597,300.3461519999337,300.3461519999337,0.0
94011.84001201653,0.0,3.596836593442335,0.0,0.2999999999999986,300.34615151173597,300.3461519999337,300.3461519999337,0.0
94063.68002403306,0.0,3.5968365934423345,0.0,0.2999999999999986,300.34615151173597,300.3461519999337,300.3461519999337,0.0
94167.36004806614,0.0,3.596836593442335,0.0,0.2999999999999986,300.34615151173597,300.3461519999337,300.3461519999337,0.0
94320.0,0.0,3.596836593442335,0.0,0.2999999999999986,300.34615151173597,300.3461519999337,300.3461519999337,0.0
94322.88000075103,0.0,3.596836593442335,0.0,0.2999999999999986,300.34615151173597,300.3461519999337,300.3461519999337,0.0
94325.76000150207,0.0,3.596836593442335,0.0,0.2999999999999986,300.34615151173597,300.3461519999337,300.3461519999337,0.0
94331.52000300415,0.0,3.596836593442335,0.0,0.2999999999999986,300.34615151173597,300.3461519999337,300.3461519999337,0.0
94343.04000600826,0.0,3.596836593442335,0.0,0.2999999999999986,300.34615151173597,300.3461519999337,300.3461519999337,0.0
94366.08001201654,0.0,3.596836593442335,0.0,0.2999999999999986,300.34615151173597,300.3461519999337,300.3461519999337,0.0
94412.16002403307,0.0,3.5968365934423345,0.0,0.2999999999999986,300.34615151173597,300.3461519999337,300.3461519999337,0.0
94504.32004806615,0.0,3.596836593442335,0.0,0.2999999999999986,300.34615151173597,300.3461519999337,300.3461519999337,0.0
94680.0,0.0,3.5968365934423345,0.0,0.2999999999999986,300.34615151173597,300.3461519999337,300.3461519999337,0.0
94682.52000075104,0.0,3.5968365934423345,0.0,0.2999999999999986,300.34615151173597,300.3461519999337,300.3461519999337,0.0
94685.04000150207,0.0,3.5968365934423345,0.0,0.2999999999999986,300.34615151173597,300.3461519999337,300.3461519999337,0.0
94690.08000300414,0.0,3.5968365934423345,0.0,0.2999999999999986,300.34615151173597,300.3461519999337,300.3461519999337,0.0
94700.16000600827,0.0,3.5968365934423345,0.0,0.2999999999999986,300.34615151173597,300.3461519999337,300.3461519999337,0.0
94720.32001201654,0.0,3.5968365934423345,0.0,0.2999999999999986,300.34615151173597,300.3461519999337,300.3461519999337,0.0
94760.64002403308,0.0,3.5968365934423345,0.0,0.2999999999999986,300.34615151173597,300.3461519999337,300.3461519999337,0.0
94841.28004806614,0.0,3.5968365934423345,0.0,0.2999999999999986,300.34615151173597,300.3461519999337,300.3461519999337,0.0
95002.56009613228,0.0,3.5968365934423345,0.0,0.2999999999999986,300.34615151173597,300.3461519999337,300.3461519999337,0.0
95040.0,0.0,3.5968365934423345,0.0,0.2999999999999986,300.34615151173597,300.3461519999337,300.3461519999337,0.0
95042.16000075103,0.0,3.5968365934423345,0.0,0.2999999999999986,300.34615151173597,300.3461519999337,300.3461519999337,0.0
95044.32000150207,0.0,3.5968365934423345,0.0,0.2999999999999986,300.34615151173597,300.3461519999337,300.3461519999337,0.0
95048.64000300414,0.0,3.5968365934423345,0.0,0.2999999999999986,300.34615151173597,300.3461519999337,300.3461519999337,0.0
95057.28000600828,0.0,3.5968365934423345,0.0,0.2999999999999986,300.34615151173597,300.3461519999337,300.3461519999337,0.0
95074.56001201653,0.0,3.5968365934423345,0.0,0.2999999999999986,300.34615151173597,300.3461519999337,300.3461519999337,0.0
95109.12002403307,0.0,3.5968365934423345,0.0,0.2999999999999986,300.34615151173597,300.3461519999337,300.3461519999337,0.0
95178.24004806615,0.0,3.5968365934423345,0.0,0.2999999999999986,300.34615151173597,300.3461519999337,300.3461519999337,0.0
95316.48009613229,0.0,3.5968365934423345,0.0,0.2999999999999986,300.34615151173597,300.3461519999337,300.3461519999337,0.0
95400.0,0.0,3.596836593442335,0.0,0.2999999999999986,300.34615151173597,300.3461519999337,300.3461519999337,0.0
95401.80000075104,0.0,3.596836593442335,0.0,0.2999999999999986,300.34615151173597,300.3461519999337,300.3461519999337,0.0
95403.60000150207,0.0,3.596836593442335,0.0,0.2999999999999986,300.34615151173597,300.3461519999337,300.3461519999337,0.0
95407.20000300414,0.0,3.596836593442335,0.0,0.2999999999999986,300.34615151173597,300.3461519999337,300.3461519999337,0.0
95414.40000600828,0.0,3.596836593442335,0.0,0.2999999999999986,300.34615151173597,300.3461519999337,300.3461519999337,0.0
95428.80001201654,0.0,3.596836593442335,0.0,0.2999999999999986,300.34615151173597,300.3461519999337,300.3461519999337,0.0
95457.60002403308,0.0,3.596836593442335,0.0,0.2999999999999986,300.34615151173597,300.3461519999337,300.3461519999337,0.0
95515.20004806615,0.0,3.596836593442335,0.0,0.2999999999999986,300.34615151173597,300.3461519999337,300.3461519999337,0.0
95630.40009613227,0.0,3.596836593442335,0.0,0.2999999999999986,300.34615151173597,300.3461519999337,300.3461519999337,0.0
95760.0,0.0,3.596836593442335,0.0,0.2999999999999986,300.34615151173597,300.3461519999337,300.3461519999337,0.0
95761.44000075103,0.0,3.596836593442335,0.0,0.2999999999999986,300.34615151173597,300.3461519999337,300.3461519999337,0.0
95762.88000150207,0.0,3.596836593442335,0.0,0.2999999999999986,300.34615151173597,300.3461519999337,300.3461519999337,0.0
95765.76000300414,0.0,3.596836593442335,0.0,0.2999999999999986,300.34615151173597,300.3461519999337,300.3461519999337,0.0
95771.52000600827,0.0,3.596836593442335,0.0,0.2999999999999986,300.34615151173597,300.3461519999337,300.3461519999337,0.0
95783.04001201654,0.0,3.596836593442335,0.0,0.2999999999999986,300.34615151173597,300.3461519999337,300.3461519999337,0.0
95806.08002403307,0.0,3.596836593442335,0.0,0.2999999999999986,300.34615151173597,300.3461519999337,300.3461519999337,0.0
95852.16004806614,0.0,3.596836593442335,0.0,0.2999999999999986,300.34615151173597,300.3461519999337,300.3461519999337,0.0
95944.32009613229,0.0,3.596836593442335,0.0,0.2999999999999986,300.34615151173597,300.3461519999337,300.3461519999337,0.0
96120.0,0.0,3.596836593442335,0.0,0.2999999999999986,300.34615151173597,300.3461519999337,300.3461519999337,0.0
96121.08000075104,0.0,3.596836593442335,0.0,0.2999999999999986,300.34615151173597,300.3461519999337,300.3461519999337,0.0
96122.16000150207,0.0,3.596836593442335,0.0,0.2999999999999986,300.34615151173597,300.3461519999337,300.3461519999337,0.0
96124.32000300413,0.0,3.596836593442335,0.0,0.2999999999999986,300.34615151173597,300.3461519999337,300.3461519999337,0.0
96128.64000600827,0.0,3.596836593442335,0.0,0.2999999999999986,300.34615151173597,300.3461519999337,300.3461519999337,0.0
96137.28001201653,0.0,3.596836593442335,0.0,0.2999999999999986,300.34615151173597,300.3461519999337,300.3461519999337,0.0
96154.56002403307,0.0,3.596836593442335,0.0,0.2999999999999986,300.34615151173597,300.3461519999337,300.3461519999337,0.0
96189.12004806614,0.0,3.596836593442335,0.0,0.2999999999999986,300.34615151173597,300.3461519999337,300.3461519999337,0.0
96258.24009613227,0.0,3.596836593442335,0.0,0.2999999999999986,300.34615151173597,300.3461519999337,300.3461519999337,0.0
96396.48019226456,0.0,3.5968365934423354,0.0,0.2999999999999986,300.34615151173597,300.3461519999337,300.3461519999337,0.0
96480.0,0.0,3.596836593442336,0.0,0.2999999999999986,300.34615151173597,300.3461519999337,300.3461519999337,0.0
96480.72000075103,0.0,3.596836593442336,0.0,0.2999999999999986,300.34615151173597,300.3461519999337,300.3461519999337,0.0
96481.44000150207,0.0,3.596836593442336,0.0,0.2999999999999986,300.34615151173597,300.3461519999337,300.3461519999337,0.0
96482.88000300413,0.0,3.596836593442336,0.0,0.2999999999999986,300.34615151173597,300.3461519999337,300.3461519999337,0.0
96485.76000600826,0.0,3.596836593442336,0.0,0.2999999999999986,300.34615151173597,300.3461519999337,300.3461519999337,0.0
96491.52001201652,0.0,3.596836593442336,0.0,0.2999999999999986,300.34615151173597,300.3461519999337,300.3461519999337,0.0
96503.04002403306,0.0,3.596836593442336,0.0,0.2999999999999986,300.34615151173597,300.3461519999337,300.3461519999337,0.0
96526.08004806613,0.0,3.596836593442336,0.0,0.2999999999999986,300.34615151173597,300.3461519999337,300.3461519999337,0.0
96572.16009613228,0.0,3.596836593442336,0.0,0.2999999999999986,300.34615151173597,300.3461519999337,300.3461519999337,0.0
96664.32019226455,0.0,3.596836593442336,0.0,0.2999999999999986,300.34615151173597,300.3461519999337,300.3461519999337,0.0
96840.0,0.0,3.596836593442336,0.0,0.2999999999999986,300.34615151173597,300.3461519999337,300.3461519999337,0.0
96840.36000075104,0.0,3.596836593442336,0.0,0.2999999999999986,300.34615151173597,300.3461519999337,300.3461519999337,0.0
96840.72000150206,0.0,3.596836593442336,0.0,0.2999999999999986,300.34615151173597,300.3461519999337,300.3461519999337,0.0
96841.44000300413,0.0,3.596836593442336,0.0,0.2999999999999986,300.34615151173597,300.3461519999337,300.3461519999337,0.0
96842.88000600826,0.0,3.596836593442336,0.0,0.2999999999999986,300.34615151173597,300.3461519999337,300.3461519999337,0.0
96845.76001201653,0.0,3.596836593442336,0.0,0.2999999999999986,300.34615151173597,300.3461519999337,300.3461519999337,0.0
96851.52002403306,0.0,3.596836593442336,0.0,0.2999999999999986,300.34615151173597,300.3461519999337,300.3461519999337,0.0
96863.04004806613,0.0,3.596836593442336,0.0,0.2999999999999986,300.34615151173597,300.3461519999337,300.3461519999337,0.0
96886.08009613227,0.0,3.596836593442336,0.0,0.2999999999999986,300.34615151173597,300.3461519999337,300.3461519999337,0.0
96932.16019226456,0.0,3.5968365934423354,0.0,0.2999999999999986,300.34615151173597,300.3461519999337,300.3461519999337,0.0
97024.32038452911,0.0,3.5968365934423354,0.0,0.2999999999999986,300.34615151173597,300.3461519999337,300.3461519999337,0.0
97200.0,0.0,3.5968365934423354,0.0,0.2999999999999986,300.34615151173597,300.3461519999337,300.3461519999337,0.0
100800.0,-2.5,3.649932027889321,0.1327385861563423,0.2999999999999987,301.27718797320637,300.94555500003696,301.09823939163675,12.764572115869086
100800.00115473056,-2.5,3.649933617475596,0.1327384506585711,0.30000016037924343,301.27718797320637,300.94555500003696,301.09823939163675,12.764572115869086
100800.00230946112,-2.5,3.649935206534876,0.1327383152347275,0.30000032075848826,301.27718797320637,300.94555500003696,301.09823939163675,12.764572115869086
100800.00461892225,-2.5,3.6499383833682115,0.13273804456717744,0.3000006415169779,301.27718797320637,300.94555500003696,301.09823939163675,12.764572115869086
100800.0092378445,-2.5,3.6499447306211423,0.13273750413159688,0.30000128303395723,301.27718797320637,300.94555500003696,301.09823939163675,12.764572115869086
100800.01847568901,-2.5,3.649957400827494,0.13273642666547042,0.30000256606791587,301.27718797320637,300.94555500003696,301.09823939163675,12.764572115869086
100800.03695137802,-2.5,3.6499826419545074,0.1327342856330229,0.30000513213583324,301.27718797320637,300.94555500003696,301.09823939163675,12.764572115869086
100800.07390275602,-2.5,3.6500327351804946,0.13273005791022588,0.3000102642716679,301.27718797320637,300.94555500003696,301.09823939163675,12.764572115869086
100800.14780551204,-2.5,3.6501314216477043,0.13272181106513603,0.3000205285433371,301.27718797320637,300.94555500003696,301.09823939163675,12.764572115869086
100800.29561102408,-2.5,3.6503232218374757,0.13270608543810067,0.30004105708667556,301.27718797320637,300.94555500003696,301.09823939163675,12.764572115869086
100800.44341653612,-2.5,3.650508106634347,0.13269130448581654,0.30006158563001406,301.27718797320637,300.94555500003696,301.09823939163675,12.764572115869086
100800.59122204816,-2.5,3.6506867276502892,0.1326773675404038,0.3000821141733525,301.27718797320637,300.94555500003696,301.09823939163675,12.764572115869086
100800.7390275602,-2.5,3.650859677684701,0.1326641831495052,0.30010264271669096,301.27718797320637,300.94555500003696,301.09823939163675,12.764572115869086
100801.03463858427,-2.5,3.651190386709036,0.13263979258254102,0.3001436998033679,301.27718797320637,300.94555500003696,301.09823939163675,12.764572115869086
100801.33024960835,-2.5,3.6515038337571513,0.1326175802850855,0.30018475689004487,301.27718797320637,300.94555500003696,301.09823939163675,12.764572115869086
100801.65987843493,-2.5,3.6518363532580995,0.13259487109716006,0.30023053867151395,301.27718797320637,300.94555500003696,301.09823939163675,12.764572115869086
100801.9895072615,-2.5,3.6521537384214655,0.13257391444267247,0.30027632045298297,301.27718797320637,300.94555500003696,301.09823939163675,12.764572115869086
100802.31913608807,-2.5,3.65245813553856,0.1325543935293361,0.30032210223445205,301.27718797320637,300.94555500003696,301.09823939163675,12.764572115869086
100802.64876491466,-2.5,3.652751177532621,0.13253607232976786,0.30036788401592107,301.27718797320637,300.94555500003696,301.09823939163675,12.764572115869086
100802.97839374124,-2.5,3.6530341554682177,0.13251876830775886,0.30041366579739015,301.27718797320637,300.94555500003696,301.09823939163675,12.764572115869086
100803.30802256781,-2.5,3.653308142357263,0.13250233275006454,0.30045944757885923,301.27718797320637,300.94555500003696,301.09823939163675,12.764572115869086
100803.63765139438,-2.5,3.653573990746971,0.13248665109564733,0.30050522936032825,301.27718797320637,300.94555500003696,301.09823939163675,12.764572115869086
100804.29690904755,-2.5,3.654084082442116,0.1324571821973293,0.30059679292326635,301.27718797320637,300.94555500003696,301.09823939163675,12.764572115869086
100804.9561667007,-2.5,3.6545688697349896,0.13242980712878216,0.3006883564862045,301.27718797320637,300.94555500003696,301.09823939163675,12.764572115869086
100805.8057807369,-2.5,3.6551613775299825,0.13239703072968342,0.30080635843567693,301.27718797320637,300.94555500003696,301.09823939163675,12.764572115869086
100806.57043336949,-2.5,3.65566803450883,0.13236943970266082,0.3009125601902022,301.27718797320637,300.94555500003696,301.09823939163675,12.764572115869086
100807.33508600207,-2.5,3.656152658479219,0.13234333247041005,0.30101876194472743,301.27718797320637,300.94555500003696,301.09823939163675,12.764572115869086
100808.09973863466,-2.5,3.656617789138079,0.13231846850533333,0.3011249636992527,301.27718797320637,300.94555500003696,301.09823939163675,12.764572115869086
100808.86439126724,-2.5,3.657065380048464,0.1322946803677749,0.3012311654537779,301.27718797320637,300.94555500003696,301.09823939163675,12.764572115869086
100809.62904389983,-2.5,3.6574971057931918,0.1322718333241962,0.3013373672083032,301.27718797320637,300.94555500003696,301.09823939163675,12.764572115869086
100810.39369653241,-2.5,3.6579143670879333,0.13224982139262523,0.3014435689628284,301.27718797320637,300.94555500003696,301.09823939163675,12.764572115869086
100811.92300179758,-2.5,3.6587104476496566,0.13220794094594876,0.3016559724718789,301.27718797320637,300.94555500003696,301.09823939163675,12.764572115869086
100813.29937653622,-2.5,3.659388356200327,0.13217234194930963,0.3018471356300244,301.27718797320637,300.94555500003696,301.09823939163675,12.764572115869086
100814.67575127486,-2.5,3.6600345220821637,0.13213842334354778,0.30203829878816985,301.27718797320637,300.94555500003696,301.09823939163675,12.764572115869086
100816.05212601351,-2.5,3.6606528307961987,0.1321059463200716,0.3022294619463153,301.27718797320637,300.94555500003696,301.09823939163675,12.764572115869086
100817.42850075217,-2.5,3.6612465512209105,0.1320747170772076,0.3024206251044607,301.27718797320637,300.94555500003696,301.09823939163675,12.764572115869086
100818.80487549081,-2.5,3.6618183913829054,0.13204458333388766,0.30261178826260615,301.27718797320637,300.94555500003696,301.09823939163675,12.764572115869086
100821.5576249681,-2.5,3.6629052987330986,0.1319871237264829,0.3029941145788971,301.27718797320637,300.94555500003696,301.09823939163675,12.764572115869086
100824.03509949768,-2.5,3.66382812129169,0.13193813543389882,0.3033382082635589,301.27718797320637,300.94555500003696,301.09823939163675,12.764572115869086
100826.51257402723,-2.5,3.6647066798620465,0.13189131451229608,0.30368230194822077,301.27718797320637,300.94555500003696,301.09823939163675,12.764572115869086
100828.99004855679,-2.5,3.6655472090191803,0.1318463472264499,0.3040263956328826,301.27718797320637,300.94555500003696,301.09823939163675,12.764572115869086
100831.46752308636,-2.5,3.666354735175174,0.1318029835222228,0.3043704893175444,301.27718797320637,300.94555500003696,301.09823939163675,12.764572115869086
100833.94499761594,-2.5,3.667133319165001,0.1317610254499659,0.3047145830022063,301.27718797320637,300.94555500003696,301.09823939163675,12.764572115869086
100836.4224721455,-2.5,3.6678862748594057,0.13172031370321707,0.3050586766868681,301.27718797320637,300.94555500003696,301.09823939163675,12.764572115869086
100838.89994667505,-2.5,3.6686163260112106,0.13168071768608375,0.30540277037152996,301.27718797320637,300.94555500003696,301.09823939163675,12.764572115869086
100843.8548957342,-2.5,3.6700165761412484,0.1316044468152708,0.30609095774085354,301.27718797320637,300.94555500003696,301.09823939163675,12.764572115869086
100848.80984479332,-2.5,3.6713489183791603,0.1315314942536329,0.3067791451101771,301.27718797320637,300.94555500003696,301.09823939163675,12.764572115869086
100853.76479385246,-2.5,3.672624348424876,0.13146132946998226,0.3074673324795007,301.27718797320637,300.94555500003696,301.09823939163675,12.764572115869086
100858.71974291158,-2.5,3.6738508274259294,0.1313935727581253,0.3081555198488243,301.27718797320637,300.94555500003696,301.09823939163675,12.764572115869086
100863.67469197072,-2.5,3.67503457527,0.1313279211863928,0.3088437072181479,301.27718797320637,300.94555500003696,301.09823939163675,12.764572115869086
100868.62964102984,-2.5,3.676181190194526,0.13126409600567168,0.3095318945874715,301.27718797320637,300.94555500003696,301.09823939163675,12.764572115869086
100873.58459008898,-2.5,3.6772954850280852,0.1312018648262443,0.31022008195679507,301.27718797320637,300.94555500003696,301.09823939163675,12.764572115869086
100878.5395391481,-2.5,3.6783806818113844,0.13114107858170454,0.31090826932611865,301.27718797320637,300.94555500003696,301.09823939163675,12.764572115869086
100883.49448820725,-2.5,3.6794388654216506,0.13108163124885644,0.3115964566954422,301.27718797320637,300.94555500003696,301.09823939163675,12.764572115869086
100888.44943726636,-2.5,3.680473046937035,0.13102336717538168,0.31228464406476586,301.27718797320637,300.94555500003696,301.09823939163675,12.764572115869086
100893.4043863255,-2.5,3.6814857634691065,0.13096616454386836,0.31297283143408944,301.27718797320637,300.94555500003696,301.09823939163675,12.764572115869086
100898.35933538462,-2.5,3.6824788079029216,0.13090994036335277,0.313661018803413,301.27718797320637,300.94555500003696,301.09823939163675,12.764572115869086
100903.31428444377,-2.5,3.683453605467425,0.13085462518379712,0.3143492061727366,301.27718797320637,300.94555500003696,301.09823939163675,12.764572115869086
100908.26923350288,-2.5,3.684411498855352,0.13080015104857118,0.3150373935420602,301.27718797320637,300.94555500003696,301.09823939163675,12.764572115869086
100913.22418256203,-2.5,3.6853537663810276,0.13074645430268353,0.3157255809113838,301.27718797320637,300.94555500003696,301.09823939163675,12.764572115869086
100923.13408068029,-2.5,3.6871957960515465,0.1306411814607044,0.3171019556500311,301.27718797320637,300.94555500003696,301.09823939163675,12.764572115869086
100933.04397879855,-2.5,3.6889873664438713,0.13053843685671535,0.31847833038867834,301.27718797320637,300.94555500003696,301.09823939163675,12.764572115869086
100942.95387691681,-2.5,3.6907344712839354,0.13043793369711995,0.3198547051273256,301.27718797320637,300.94555500003696,301.09823939163675,12.764572115869086
100952.86377503508,-2.5,3.692441997121805,0.13033944051577803,0.3212310798659729,301.27718797320637,300.94555500003696,301.09823939163675,12.764572115869086
100962.77367315334,-2.5,3.6941140995774737,0.13024276512268185,0.32260745460462015,301.27718797320637,300.94555500003696,301.09823939163675,12.764572115869086
100972.6835712716,-2.5,3.695754336202066,0.13014774803170123,0.3239838293432674,301.27718797320637,300.94555500003696,301.09823939163675,12.764572115869086
100982.59346938986,-2.5,3.6973657241129976,0.1300542582117503,0.3253602040819147,301.27718797320637,300.94555500003696,301.09823939163675,12.764572115869086
100992.50336750812,-2.5,3.698950842796205,0.12996218732576964,0.32673657882056195,301.27718797320637,300.94555500003696,301.09823939163675,12.764572115869086
101012.32316374464,-2.5,3.702050955327091,0.12978195536403245,0.3294893282978564,301.27718797320637,300.94555500003696,301.09823939163675,12.764572115869086
101030.0218040177,-2.5,3.704750124941005,0.1296250483024507,0.3319474727802257,301.27718797320637,300.94555500003696,301.09823939163675,12.764572115869086
101047.72044429075,-2.5,3.707393077116041,0.12947163733424494,0.334405617262595,301.27718797320637,300.94555500003696,301.09823939163675,12.764572115869086
101065.41908456382,-2.5,3.7099870113926,0.12932149769550197,0.33686376174496424,301.27718797320637,300.94555500003696,301.09823939163675,12.764572115869086
101083.11772483689,-2.5,3.712537972778944,0.12917445827000262,0.33932190622733355,301.27718797320637,300.94555500003696,301.09823939163675,12.764572115869086
101100.81636510995,-2.5,3.7150512027356344,0.12903038441863693,0.34178005070970285,301.27718797320637,300.94555500003696,301.09823939163675,12.764572115869086
101118.515005383,-2.5,3.7175313701308954,0.1288891668874835,0.34423819519207216,301.27718797320637,300.94555500003696,301.09823939163675,12.764572115869086
101136.21364565607,-2.5,3.7199826633099993,0.1287507152800366,0.34669633967444147,301.27718797320637,300.94555500003696,301.09823939163675,12.764572115869086
101153.91228592914,-2.5,3.722408836184377,0.12861495428975658,0.3491544841568107,301.27718797320637,300.94555500003696,301.09823939163675,12.764572115869086
101160.0,-2.5,3.723238169912936,0.128568867396611,0.349999999999987,301.27718797320637,300.94555500003696,301.09823939163675,12.764572115869086
101160.00200175779,-2.5,3.7232384422061746,0.12856885229320525,0.35000027802190314,301.27718797320637,300.94555500003696,301.09823939163675,12.764572115869086
101160.0040035156,-2.5,3.72323871449915,0.12856883718983286,0.3500005560438193,301.27718797320637,300.94555500003696,301.09823939163675,12.764572115869086
101160.0080070312,-2.5,3.7232392590845067,0.12856880698318665,0.3500011120876516,301.27718797320637,300.94555500003696,301.09823939163675,12.764572115869086
101160.01601406238,-2.5,3.7232403482519962,0.12856874657029477,0.35000222417531623,301.27718797320637,300.94555500003696,301.09823939163675,12.764572115869086
101160.03202812476,-2.5,3.7232425265748597,0.12856862574610764,0.3500044483506456,301.27718797320637,300.94555500003696,301.09823939163675,12.764572115869086
101160.06405624948,-2.5,3.723246883170068,0.12856838410413407,0.35000889670130425,301.27718797320637,300.94555500003696,301.09823939163675,12.764572115869086
101160.12811249896,-2.5,3.723255596158758,0.12856790084578704,0.3500177934026215,301.27718797320637,300.94555500003696,301.09823939163675,12.764572115869086
101160.25622499794,-2.5,3.723273021328034,0.1285669344314959,0.350035586805256,301.27718797320637,300.94555500003696,301.09823939163675,12.764572115869086
101160.51244999588,-2.5,3.7233078684388063,0.12856500201244606,0.350071173610525,301.27718797320637,300.94555500003696,301.09823939163675,12.764572115869086
101161.02489999175,-2.5,3.7233775497859454,0.12856113881184741,0.350142347221063,301.27718797320637,300.94555500003696,301.09823939163675,12.764572115869086
101162.0497999835,-2.5,3.723516861287599,0.1285534189555651,0.3502846944421391,301.27718797320637,300.94555500003696,301.09823939163675,12.764572115869086
101164.099599967,-2.5,3.7237952819464226,0.12853800538229748,0.35056938888429123,301.27718797320637,300.94555500003696,301.09823939163675,12.764572115869086
101168.199199934,-2.5,3.72435133304718,0.12850728247511561,0.35113877776859553,301.27718797320637,300.94555500003696,301.09823939163675,12.764572115869086
101176.39839986796,-2.5,3.725460423677948,0.12844625115790784,0.3522775555372041,301.27718797320637,300.94555500003696,301.09823939163675,12.764572115869086
101184.59759980196,-2.5,3.7265657078996504,0.1283857685986787,0.35341633330581257,301.27718797320637,300.94555500003696,301.09823939163675,12.764572115869086
101200.99599966992,-2.5,3.7287661976699304,0.1282664288438016,0.35569388884302966,301.27718797320637,300.94555500003696,301.09823939163675,12.764572115869086
101217.39439953788,-2.5,3.73095473249749,0.12814922906603896,0.35797144438024675,301.27718797320637,300.94555500003696,301.09823939163675,12.764572115869086
101233.79279940584,-2.5,3.7331332444501424,0.1280341367625176,0.3602489999174638,301.27718797320637,300.94555500003696,301.09823939163675,12.764572115869086
101250.1911992738,-2.5,3.735303575573636,0.12792112161921293,0.3625265554546809,301.27718797320637,300.94555500003696,301.09823939163675,12.764572115869086
101282.98799900973,-2.5,3.7396259764697013,0.1277012150892015,0.367081666529115,301.27718797320637,300.94555500003696,301.09823939163675,12.764572115869086
101312.50511877205,-2.5,3.7435039820699987,0.12751013943449052,0.3711812664961057,301.27718797320637,300.94555500003696,301.09823939163675,12.764572115869086
101342.02223853438,-2.5,3.747378948250873,0.12732540313780352,0.3752808664630965,301.27718797320637,300.94555500003696,301.09823939163675,12.764572115869086
101371.53935829672,-2.5,3.7512574668678447,0.12714688592695655,0.3793804664300872,301.27718797320637,300.94555500003696,301.09823939163675,12.764572115869086
101401.05647805906,-2.5,3.755144725313254,0.12697447869295583,0.383480066397078,301.27718797320637,300.94555500003696,301.09823939163675,12.764572115869086
101430.57359782139,-2.5,3.759044830718315,0.12680807995468565,0.3875796663640687,301.27718797320637,300.94555500003696,301.09823939163675,12.764572115869086
101460.09071758372,-2.5,3.762960950796771,0.1266475945480015,0.39167926633105943,301.27718797320637,300.94555500003696,301.09823939163675,12.764572115869086
101489.60783734606,-2.5,3.7668952468733248,0.12649293360456157,0.3957788662980502,301.27718797320637,300.94555500003696,301.09823939163675,12.764572115869086
101520.0,-2.5,3.7709663555606845,0.12633968627784278,0.39999999999998603,301.27718797320637,300.94555500003696,301.09823939163675,12.764572115869086
101520.00216540726,-2.5,3.770966646360501,0.12633967557396844,0.4000003007509948,301.27718797320637,300.94555500003696,301.09823939163675,12.764572115869086
101520.00433081453,-2.5,3.7709669371604244,0.12633966487012466,0.4000006015020036,301.27718797320637,300.94555500003696,301.09823939163675,12.764572115869086
101520.00866162905,-2.5,3.7709675187606644,0.1263396434625281,0.4000012030040212,301.27718797320637,300.94555500003696,301.09823939163675,12.764572115869086
101520.0173232581,-2.5,3.77096868196237,0.1263396006477008,0.40000240600805637,301.27718797320637,300.94555500003696,301.09823939163675,12.764572115869086
101520.0346465162,-2.5,3.770971008371025,0.12633951501950805,0.4000048120161267,301.27718797320637,300.94555500003696,301.09823939163675,12.764572115869086
101520.06929303243,-2.5,3.7709756612084826,0.12633934376897243,0.40000962403226736,301.27718797320637,300.94555500003696,301.09823939163675,12.764572115869086
101520.13858606484,-2.5,3.770984966964077,0.12633900129130007,0.40001924806454864,301.27718797320637,300.94555500003696,301.09823939163675,12.764572115869086
101520.27717212969,-2.5,3.771003578797288,0.12633831642954987,0.40003849612911124,301.27718797320637,300.94555500003696,301.09823939163675,12.764572115869086
101520.5543442594,-2.5,3.7710408037517675,0.12633694708039991,0.40007699225823645,301.27718797320637,300.94555500003696,301.09823939163675,12.764572115869086
101521.10868851881,-2.5,3.771115258812323,0.12633420987928276,0.40015398451648687,301.27718797320637,300.94555500003696,301.09823939163675,12.764572115869086
101522.21737703761,-2.5,3.7712641895395125,0.126328741464016,0.40030796903298765,301.27718797320637,300.94555500003696,301.09823939163675,12.764572115869086
101524.43475407522,-2.5,3.771562133409241,0.1263178285672743,0.4006159380659892,301.27718797320637,300.94555500003696,301.09823939163675,12.764572115869086
101528.86950815044,-2.5,3.772158350627734,0.12629609839689496,0.4012318761319924,301.27718797320637,300.94555500003696,301.09823939163675,12.764572115869086
101537.73901630088,-2.5,3.7733520996991405,0.12625301966112693,0.4024637522639988,301.27718797320637,300.94555500003696,301.09823939163675,12.764572115869086
101555.47803260178,-2.5,3.775744801546758,0.1261683816513034,0.4049275045280116,301.27718797320637,300.94555500003696,301.09823939163675,12.764572115869086
101573.21704890268,-2.5,3.778144117952728,0.1260857571250425,0.40739125679202437,301.27718797320637,300.94555500003696,301.09823939163675,12.764572115869086
101590.95606520356,-2.5,3.780549630675492,0.12600513138709124,0.40985500905603717,301.27718797320637,300.94555500003696,301.09823939163675,12.764572115869086
101608.69508150444,-2.5,3.782960829808403,0.125926490225405,0.41231876132004996,301.27718797320637,300.94555500003696,301.09823939163675,12.764572115869086
101644.17311410623,-2.5,3.7877976040251315,0.12577510768469924,0.41724626584807545,301.27718797320637,300.94555500003696,301.09823939163675,12.764572115869086
101679.65114670803,-2.5,3.7926485080318684,0.12563150550556593,0.422173770376101,301.27718797320637,300.94555500003696,301.09823939163675,12.764572115869086
101715.1291793098,-2.5,3.7975064847343325,0.1254955867300322,0.4271012749041265,301.27718797320637,300.94555500003696,301.09823939163675,12.764572115869086
101750.60721191159,-2.5,3.8023633260639196,0.12536726169540424,0.43202877943215207,301.27718797320637,300.94555500003696,301.09823939163675,12.764572115869086
101786.08524451338,-2.5,3.8072099367287353,0.12524644758205547,0.4369562839601776,301.27718797320637,300.94555500003696,301.09823939163675,12.764572115869086
101857.04130971694,-2.5,3.8168344092421584,0.12502705072376408,0.4468112930162287,301.27718797320637,300.94555500003696,301.09823939163675,12.764572115869086
101880.0,-2.5,3.8199188953124557,0.12496233790957427,0.44999999999998647,301.27718797320637,300.94555500003696,301.09823939163675,12.764572115869086
101880.00229579692,-2.5,3.8199192028486184,0.12496233159075679,0.4500003188606701,301.27718797320637,300.94555500003696,301.09823939163675,12.764572115869086
101880.00459159384,-2.5,3.8199195103845938,0.12496232527196964,0.45000063772135374,301.27718797320637,300.94555500003696,301.09823939163675,12.764572115869086
101880.00918318768,-2.5,3.8199201254560173,0.12496231263448648,0.45000127544272095,301.27718797320637,300.94555500003696,301.09823939163675,12.764572115869086
101880.01836637537,-2.5,3.819921355596611,0.12496228735988486,0.4500025508854554,301.27718797320637,300.94555500003696,301.09823939163675,12.764572115869086
101880.03673275074,-2.5,3.81992381586893,0.12496223681214028,0.4500051017709243,301.27718797320637,300.94555500003696,301.09823939163675,12.764572115869086
101880.07346550151,-2.5,3.819928736377708,0.12496213572248586,0.45001020354186216,301.27718797320637,300.94555500003696,301.09823939163675,12.764572115869086
101880.14693100301,-2.5,3.819938577251894,0.12496193356651611,0.4500204070837378,301.27718797320637,300.94555500003696,301.09823939163675,12.764572115869086
101880.29386200602,-2.5,3.81995825842618,0.12496152934793166,0.4500408141674891,301.27718797320637,300.94555500003696,301.09823939163675,12.764572115869086
101880.58772401203,-2.5,3.819997618476293,0.12496072128416755,0.45008162833499177,301.27718797320637,300.94555500003696,301.09823939163675,12.764572115869086
101881.17544802406,-2.5,3.820076329365368,0.12495910665014018,0.45016325666999707,301.27718797320637,300.94555500003696,301.09823939163675,12.764572115869086
101882.35089604816,-2.5,3.8202337141626166,0.12495588335513715,0.4503265133400077,301.27718797320637,300.94555500003696,301.09823939163675,12.764572115869086
101884.70179209631,-2.5,3.8205483347456983,0.12494946064974644,0.4506530266800289,301.27718797320637,300.94555500003696,301.09823939163675,12.764572115869086
101889.40358419261,-2.5,3.821176971200401,0.12493671071703132,0.4513060533600713,301.27718797320637,300.94555500003696,301.09823939163675,12.764572115869086
101898.80716838522,-2.5,3.8224317565276236,0.12491159228612124,0.45261210672015606,301.27718797320637,300.94555500003696,301.09823939163675,12.764572115869086
101917.61433677044,-2.5,3.824930837248994,0.12486287742606869,0.45522421344032565,301.27718797320637,300.94555500003696,301.09823939163675,12.764572115869086
101936.42150515565,-2.5,3.8274148803949157,0.12481618510733962,0.45783632016049525,301.27718797320637,300.94555500003696,301.09823939163675,12.764572115869086
101955.22867354087,-2.5,3.8298827146467453,0.12477150746369702,0.4604484268806649,301.27718797320637,300.94555500003696,301.09823939163675,12.764572115869086
101974.03584192609,-2.5,3.8323332531803382,0.12472883699488639,0.4630605336008345,301.27718797320637,300.94555500003696,301.09823939163675,12.764572115869086
102011.65017869652,-2.5,3.8371784739325165,0.12464948949530807,0.4682847470411736,301.27718797320637,300.94555500003696,301.09823939163675,12.764572115869086
102049.26451546697,-2.5,3.841943666021023,0.1245780898434942,0.4735089604815128,301.27718797320637,300.94555500003696,301.09823939163675,12.764572115869086
102086.87885223742,-2.5,3.8466235799463258,0.12451459085038233,0.478733173921852,301.27718797320637,300.94555500003696,301.09823939163675,12.764572115869086
102124.49318900786,-2.5,3.851214552229649,0.12445895088149848,0.4839573873621911,301.27718797320637,300.94555500003696,301.09823939163675,12.764572115869086
102162.1075257783,-2.5,3.855714506935559,0.12441113369234222,0.4891816008025303,301.27718797320637,300.94555500003696,301.09823939163675,12.764572115869086
102237.3361993192,-2.5,3.8644410219420475,0.12433884845934534,0.4996300276832087,301.27718797320637,300.94555500003696,301.09823939163675,12.764572115869086
102240.0,-2.5,3.864743445181825,0.12433685773887453,0.49999999999998834,301.27718797320637,300.94555500003696,301.09823939163675,12.764572115869086
102240.00239000909,-2.5,3.8647437163206155,0.12433685597020455,0.5000003319456957,301.27718797320637,300.94555500003696,301.09823939163675,12.764572115869086
102240.0047800182,-2.5,3.8647439874590512,0.12433685420156583,0.5000006638914032,301.27718797320637,300.94555500003696,301.09823939163675,12.764572115869086
102240.00956003639,-2.5,3.864744529734863,0.12433685066438217,0.500001327782818,301.27718797320637,300.94555500003696,301.09823939163675,12.764572115869086
102240.01912007274,-2.5,3.8647456142822416,0.12433684359039003,0.5000026555656477,301.27718797320637,300.94555500003696,301.09823939163675,12.764572115869086
102240.0382401455,-2.5,3.8647477833599893,0.12433682944390617,0.5000053111313071,301.27718797320637,300.94555500003696,301.09823939163675,12.764572115869086
102240.076480291,-2.5,3.864752121447402,0.12433680115694061,0.5000106222626258,301.27718797320637,300.94555500003696,301.09823939163675,12.764572115869086
102240.15296058198,-2.5,3.8647607973499496,0.12433674460701757,0.5000212445252633,301.27718797320637,300.94555500003696,301.09823939163675,12.764572115869086
102240.30592116396,-2.5,3.8647781480658807,0.1243366316032036,0.5000424890505383,301.27718797320637,300.94555500003696,301.09823939163675,12.764572115869086
102240.61184232793,-2.5,3.8648128451418664,0.12433640597970007,0.5000849781010883,301.27718797320637,300.94555500003696,301.09823939163675,12.764572115869086
102241.22368465585,-2.5,3.8648822218766106,0.12433595626915603,0.5001699562021883,301.27718797320637,300.94555500003696,301.09823939163675,12.764572115869086
102242.44736931167,-2.5,3.865020905727953,0.12433506299364717,0.5003399124043884,301.27718797320637,300.94555500003696,301.09823939163675,12.764572115869086
102244.89473862336,-2.5,3.8652979953690947,0.1243333010227822,0.5006798248087884,301.27718797320637,300.94555500003696,301.09823939163675,12.764572115869086
102249.78947724673,-2.5,3.865851065765541,0.12432987538463683,0.5013596496175885,301.27718797320637,300.94555500003696,301.09823939163675,12.764572115869086
102259.57895449345,-2.5,3.8669527990334664,0.12432341719114202,0.5027192992351885,301.27718797320637,300.94555500003696,301.09823939163675,12.764572115869086
102279.15790898689,-2.5,3.869138877434718,0.12431207215734423,0.5054385984703889,301.27718797320637,300.94555500003696,301.09823939163675,12.764572115869086
102318.31581797378,-2.5,3.8734436913443617,0.12429566085939424,0.5108771969407895,301.27718797320637,300.94555500003696,301.09823939163675,12.764572115869086
102357.47372696066,-2.5,3.877663525126108,0.12428761191255208,0.5163157954111901,301.27718797320637,300.94555500003696,301.09823939163675,12.764572115869086
102396.63163594753,-2.5,3.881805265062605,0.1242879189530855,0.5217543938815907,301.27718797320637,300.94555500003696,301.09823939163675,12.764572115869086
102435.78954493442,-2.5,3.8858768960190355,0.12429658117308368,0.5271929923519914,301.27718797320637,300.94555500003696,301.09823939163675,12.764572115869086
102514.10536290819,-2.5,3.8938466036501507,0.12433899557072511,0.5380701892927926,301.27718797320637,300.94555500003696,301.09823939163675,12.764572115869086
102584.58959908457,-2.5,3.900879770185998,0.12440584829415206,0.5478596665395137,301.27718797320637,300.94555500003696,301.09823939163675,12.764572115869086
102600.0,-2.5,3.9024071210887934,0.12442409717631198,0.5499999999999884,301.27718797320637,300.94555500003696,301.09823939163675,12.764572115869086
102600.00243051327,-2.5,3.902407361806287,0.12442410015755204,0.5500003375712765,301.27718797320637,300.94555500003696,301.09823939163675,12.764572115869086
102600.00486102655,-2.5,3.9024076025237284,0.1244241031388246,0.5500006751425648,301.27718797320637,300.94555500003696,301.09823939163675,12.764572115869086
102600.0097220531,-2.5,3.902408083958474,0.12442410910146728,0.5500013502851411,301.27718797320637,300.94555500003696,301.09823939163675,12.764572115869086
102600.0194441062,-2.5,3.9024090468273873,0.12442412102714277,0.5500027005702937,301.27718797320637,300.94555500003696,301.09823939163675,12.764572115869086
102600.0388882124,-2.5,3.90241097256291,0.12442414488005447,0.5500054011405988,301.27718797320637,300.94555500003696,301.09823939163675,12.764572115869086
102600.07777642479,-2.5,3.9024148240247367,0.1244241925921206,0.5500108022812091,301.27718797320637,300.94555500003696,301.09823939163675,12.764572115869086
102600.15555284958,-2.5,3.902422526911541,0.12442428804122402,0.55002160456243,301.27718797320637,300.94555500003696,301.09823939163675,12.764572115869086
102600.31110569916,-2.5,3.902437932538148,0.12442447903931601,0.5500432091248715,301.27718797320637,300.94555500003696,301.09823939163675,12.764572115869086
102600.62221139832,-2.5,3.9024687432064282,0.12442486143504805,0.5500864182497545,301.27718797320637,300.94555500003696,301.09823939163675,12.764572115869086
102601.24442279663,-2.5,3.9025303622282017,0.12442562782475765,0.5501728364995204,301.27718797320637,300.94555500003696,301.09823939163675,12.764572115869086
102602.48884559327,-2.5,3.902653591212526,0.12442716699759332,0.5503456729990525,301.27718797320637,300.94555500003696,301.09823939163675,12.764572115869086
102604.97769118653,-2.5,3.9029000145487505,0.12443027092042293,0.5506913459981165,301.27718797320637,300.94555500003696,301.09823939163675,12.764572115869086
102609.95538237304,-2.5,3.90339273561067,0.12443658110295228,0.5513826919962446,301.27718797320637,300.94555500003696,301.09823939163675,12.764572115869086
102619.91076474609,-2.5,3.904377780002906,0.12444961104620177,0.5527653839925006,301.27718797320637,300.94555500003696,301.09823939163675,12.764572115869086
102639.82152949218,-2.5,3.9063471382459287,0.12447731116825071,0.555530767985013,301.27718797320637,300.94555500003696,301.09823939163675,12.764572115869086
102679.64305898437,-2.5,3.9102902134036737,0.12453928897456794,0.5610615359700375,301.27718797320637,300.94555500003696,301.09823939163675,12.764572115869086
102719.46458847653,-2.5,3.914254203206041,0.12461007195920083,0.566592303955062,301.27718797320637,300.94555500003696,301.09823939163675,12.764572115869086
102759.2861179687,-2.5,3.9182595757291443,0.12468970760222489,0.5721230719400866,301.27718797320637,300.94555500003696,301.09823939163675,12.764572115869086
102799.10764746089,-2.5,3.92233003227751,0.12477824958400377,0.5776538399251111,301.27718797320637,300.94555500003696,301.09823939163675,12.764572115869086
102878.75070644524,-2.5,3.9307812185562043,0.12498229881111499,0.5887153758951602,301.27718797320637,300.94555500003696,301.09823939163675,12.764572115869086
102958.39376542959,-2.5,3.939885841683754,0.12522277713411592,0.5997769118652093,301.27718797320637,300.94555500003696,301.09823939163675,12.764572115869086
102960.0,-2.5,3.940078519252179,0.12522800625699462,0.5999999999999888,301.27718797320637,300.94555500003696,301.09823939163675,12.764572115869086
102960.00238928612,-2.5,3.940078806166425,0.12522801404659298,0.6000003318452842,301.27718797320637,300.94555500003696,301.09823939163675,12.764572115869086
102960.00477857226,-2.5,3.940079093081579,0.12522802183622478,0.6000006636905797,301.27718797320637,300.94555500003696,301.09823939163675,12.764572115869086
102960.00955714451,-2.5,3.9400796669146114,0.12522803741558838,0.6000013273811707,301.27718797320637,300.94555500003696,301.09823939163675,12.764572115869086
102960.01911428903,-2.5,3.940080814591571,0.1252280685747164,0.6000026547623527,301.27718797320637,300.94555500003696,301.09823939163675,12.764572115869086
102960.03822857805,-2.5,3.940083109989081,0.12522813089457502,0.6000053095247164,301.27718797320637,300.94555500003696,301.09823939163675,12.764572115869086
102960.07645715607,-2.5,3.940087700958473,0.12522825554070302,0.6000106190494442,301.27718797320637,300.94555500003696,301.09823939163675,12.764572115869086
102960.15291431216,-2.5,3.940096883594833,0.1252285048586022,0.6000212380988996,301.27718797320637,300.94555500003696,301.09823939163675,12.764572115869086
102960.30582862432,-2.5,3.940115251659129,0.12522900359697522,0.6000424761978105,301.27718797320637,300.94555500003696,301.09823939163675,12.764572115869086
102960.61165724864,-2.5,3.9401519989634037,0.12523000148403796,0.6000849523956322,301.27718797320637,300.94555500003696,301.09823939163675,12.764572115869086
102961.22331449727,-2.5,3.940225538350496,0.1252319988995735,0.6001699047912757,301.27718797320637,300.94555500003696,301.09823939163675,12.764572115869086
102962.44662899454,-2.5,3.9403727968450912,0.12523600029743134,0.6003398095825627,301.27718797320637,300.94555500003696,301.09823939163675,12.764572115869086
102964.89325798907,-2.5,3.940668037570341,0.12524402936948664,0.6006796191651367,301.27718797320637,300.94555500003696,301.09823939163675,12.764572115869086
102969.78651597814,-2.5,3.9412614528590533,0.12526019269282523,0.6013592383302846,301.27718797320637,300.94555500003696,301.09823939163675,12.764572115869086
102979.57303195627,-2.5,3.94246033060163,0.12529294065263988,0.6027184766605805,301.27718797320637,300.94555500003696,301.09823939163675,12.764572115869086
102999.14606391251,-2.5,3.944908770116987,0.1253601266793539,0.6054369533211723,301.27718797320637,300.94555500003696,301.09823939163675,12.764572115869086
103038.29212782504,-2.5,3.950027993813963,0.12550129936716228,0.6108739066423557,301.27718797320637,300.94555500003696,301.09823939163675,12.764572115869086
103116.58425565009,-2.5,3.9612914610231673,0.12581119132202861,0.6217478132847227,301.27718797320637,300.94555500003696,301.09823939163675,12.764572115869086
103194.87638347513,-2.5,3.974038349737647,0.12615853185914086,0.6326217199270896,301.27718797320637,300.94555500003696,301.09823939163675,12.764572115869086
103273.16851130017,-2.5,3.988036516559071,0.1265442884959863,0.6434956265694565,301.27718797320637,300.94555500003696,301.09823939163675,12.764572115869086
103320.0,-2.5,3.9967328097068924,0.12679384324125523,0.649999999999988,301.27718797320637,300.94555500003696,301.09823939163675,12.764572115869086
103320.00221897589,-2.5,3.996733223534565,0.1267938554045374,0.6500003081910823,301.27718797320637,300.94555500003696,301.09823939163675,12.764572115869086
103320.00443795176,-2.5,3.9967336373622673,0.12679386756785183,0.6500006163821768,301.27718797320637,300.94555500003696,301.09823939163675,12.764572115869086
103320.00887590353,-2.5,3.9967344650177345,0.12679389189457765,0.6500012327643655,301.27718797320637,300.94555500003696,301.09823939163675,12.764572115869086
103320.01775180704,-2.5,3.996736120328947,0.12679394054841694,0.650002465528743,301.27718797320637,300.94555500003696,301.09823939163675,12.764572115869086
103320.03550361408,-2.5,3.996739430952508,0.12679403785764615,0.650004931057498,301.27718797320637,300.94555500003696,301.09823939163675,12.764572115869086
103320.07100722814,-2.5,3.9967460522040916,0.12679423248230715,0.6500098621150079,301.27718797320637,300.94555500003696,301.09823939163675,12.764572115869086
103320.14201445629,-2.5,3.9967592947248156,0.12679462175643993,0.6500197242300276,301.27718797320637,300.94555500003696,301.09823939163675,12.764572115869086
103320.28402891257,-2.5,3.9967857798341697,0.12679540040395207,0.6500394484600672,301.27718797320637,300.94555500003696,301.09823939163675,12.764572115869086
103320.56805782515,-2.5,3.9968387503059453,0.126796958095988,0.6500788969201464,301.27718797320637,300.94555500003696,301.09823939163675,12.764572115869086
103321.13611565028,-2.5,3.996944692113345,0.12680007506831464,0.6501577938403048,301.27718797320637,300.94555500003696,301.09823939163675,12.764572115869086
103322.27223130057,-2.5,3.9971565779980454,0.12680631536764844,0.6503155876806215,301.27718797320637,300.94555500003696,301.09823939163675,12.764572115869086
103324.54446260113,-2.5,3.99758034939046,0.12681882139835474,0.650631175361255,301.27718797320637,300.94555500003696,301.09823939163675,12.764572115869086
103329.08892520225,-2.5,3.998427815488511,0.12684393529478152,0.651262350722522,301.27718797320637,300.94555500003696,301.09823939163675,12.764572115869086
103338.17785040449,-2.5,4.000121847982741,0.12689457128786621,0.652524701445056,301.27718797320637,300.94555500003696,301.09823939163675,12.764572115869086
103356.35570080898,-2.5,4.00350173357408,0.1269974830417609,0.6550494028901239,301.27718797320637,300.94555500003696,301.09823939163675,12.764572115869086
103392.71140161797,-2.5,4.010195518886517,0.12720992274112258,0.6600988057802599,301.27718797320637,300.94555500003696,301.09823939163675,12.764572115869086
103465.42280323591,-2.5,4.0231231067995985,0.12766174671438066,0.6701976115605318,301.27718797320637,300.94555500003696,301.09823939163675,12.764572115869086
103538.13420485388,-2.5,4.035273834872249,0.12815047736275775,0.6802964173408037,301.27718797320637,300.94555500003696,301.09823939163675,12.764572115869086
103610.84560647182,-2.5,4.046700909531715,0.1286773997664181,0.6903952231210757,301.27718797320637,300.94555500003696,301.09823939163675,12.764572115869086
103680.0,-2.5,4.057063727989211,0.1292152734953722,0.6999999999999886,301.27718797320637,300.94555500003696,301.09823939163675,12.764572115869086
103680.00183575056,-2.5,4.05706399801764,0.12921528826075818,0.7000002549653438,301.27718797320637,300.94555500003696,301.09823939163675,12.764572115869086
103680.00367150111,-2.5,4.057064268045832,0.1292153030261704,0.700000509930699,301.27718797320637,300.94555500003696,301.09823939163675,12.764572115869086
103680.00734300222,-2.5,4.057064808101513,0.12921533255707332,0.7000010198614093,301.27718797320637,300.94555500003696,301.09823939163675,12.764572115869086
103680.01468600446,-2.5,4.057065888210058,0.12921539161919332,0.7000020397228299,301.27718797320637,300.94555500003696,301.09823939163675,12.764572115869086
103680.02937200891,-2.5,4.0570680484158546,0.12921550974469037,0.7000040794456711,301.27718797320637,300.94555500003696,301.09823939163675,12.764572115869086
103680.05874401782,-2.5,4.057072368782304,0.1292157460007122,0.7000081588913536,301.27718797320637,300.94555500003696,301.09823939163675,12.764572115869086
103680.11748803566,-2.5,4.057081009334648,0.12921621853286738,0.7000163177827187,301.27718797320637,300.94555500003696,301.09823939163675,12.764572115869086
103680.23497607131,-2.5,4.057098289717438,0.12921716367762692,0.7000326355654487,301.27718797320637,300.94555500003696,301.09823939163675,12.764572115869086
103680.46995214262,-2.5,4.057132847597566,0.12921905428896663,0.7000652711309087,301.27718797320637,300.94555500003696,301.09823939163675,12.764572115869086
103680.93990428525,-2.5,4.057201951833416,0.12922283679912142,0.7001305422618288,301.27718797320637,300.94555500003696,301.09823939163675,12.764572115869086
103681.87980857049,-2.5,4.057340114346532,0.12923040697087756,0.700261084523669,301.27718797320637,300.94555500003696,301.09823939163675,12.764572115869086
103683.75961714098,-2.5,4.0576162566430085,0.12924556793254804,0.7005221690473492,301.27718797320637,300.94555500003696,301.09823939163675,12.764572115869086
103687.519234282,-2.5,4.058167819035292,0.1292759724277325,0.7010443380947098,301.27718797320637,300.94555500003696,301.09823939163675,12.764572115869086
103695.03846856399,-2.5,4.059268122844755,0.1293371125029108,0.702088676189431,301.27718797320637,300.94555500003696,301.09823939163675,12.764572115869086
103710.07693712797,-2.5,4.061457957832011,0.12946072343239634,0.7041773523788735,301.27718797320637,300.94555500003696,301.09823939163675,12.764572115869086
103740.15387425594,-2.5,4.065798110689272,0.12971332090834928,0.7083547047577582,301.27718797320637,300.94555500003696,301.09823939163675,12.764572115869086
103800.30774851187,-2.5,4.0743404700317365,0.1302404545233046,0.7167094095155278,301.27718797320637,300.94555500003696,301.09823939163675,12.764572115869086
103920.61549702377,-2.5,4.09090426606955,0.1313862419420399,0.7334188190310669,301.27718797320637,300.94555500003696,301.09823939163675,12.764572115869086
104040.0,-2.5,4.106410530813047,0.13265176529848863,0.7499999999999888,301.27718797320637,300.94555500003696,301.09823939163675,12.764572115869086
104040.00111868265,-2.5,4.106410670065346,0.13265177778943446,0.7500001553725779,301.27718797320637,300.94555500003696,301.09823939163675,12.764572115869086
104040.00223736529,-2.5,4.106410809317519,0.1326517902803925,0.7500003107451672,301.27718797320637,300.94555500003696,301.09823939163675,12.764572115869086
104040.00447473058,-2.5,4.1064110878214555,0.13265181526234512,0.7500006214903455,301.27718797320637,300.94555500003696,301.09823939163675,12.764572115869086
104040.00894946113,-2.5,4.106411644827734,0.1326518652263966,0.7500012429807021,301.27718797320637,300.94555500003696,301.09823939163675,12.764572115869086
104040.01789892228,-2.5,4.106412758833871,0.13265196515508423,0.7500024859614156,301.27718797320637,300.94555500003696,301.09823939163675,12.764572115869086
104040.03579784455,-2.5,4.106414986820526,0.13265216501479862,0.7500049719228424,301.27718797320637,300.94555500003696,301.09823939163675,12.764572115869086
104040.0715956891,-2.5,4.10641944269131,0.13265256474358372,0.7500099438456962,301.27718797320637,300.94555500003696,301.09823939163675,12.764572115869086
104040.14319137819,-2.5,4.1064283540226825,0.13265336423858035,0.7500198876914036,301.27718797320637,300.94555500003696,301.09823939163675,12.764572115869086
104040.28638275637,-2.5,4.106446175044154,0.13265496337828842,0.7500397753828184,301.27718797320637,300.94555500003696,301.09823939163675,12.764572115869086
104040.57276551274,-2.5,4.106481810517516,0.13265816225663463,0.7500795507656481,301.27718797320637,300.94555500003696,301.09823939163675,12.764572115869086
104041.1455310255,-2.5,4.106553055150359,0.132664562409614,0.7501591015313075,301.27718797320637,300.94555500003696,301.09823939163675,12.764572115869086
104042.291062051,-2.5,4.10669543887592,0.1326773723052577,0.7503182030626262,301.27718797320637,300.94555500003696,301.09823939163675,12.764572115869086
104044.58212410199,-2.5,4.1069797818862215,0.13270303049163876,0.7506364061252636,301.27718797320637,300.94555500003696,301.09823939163675,12.764572115869086
104049.16424820396,-2.5,4.107546751844812,0.13275450073645975,0.7512728122505384,301.27718797320637,300.94555500003696,301.09823939163675,12.764572115869086
104058.32849640792,-2.5,4.108673680294039,0.13285805906161824,0.7525456245010881,301.27718797320637,300.94555500003696,301.09823939163675,12.764572115869086
104076.65699281584,-2.5,4.110898302244501,0.13306766605558829,0.7550912490021875,301.27718797320637,300.94555500003696,301.09823939163675,12.764572115869086
104113.31398563166,-2.5,4.115220977625656,0.13349699708503857,0.7601824980043863,301.27718797320637,300.94555500003696,301.09823939163675,12.764572115869086
104186.62797126333,-2.5,4.123283373066915,0.1343974338308085,0.7703649960087837,301.27718797320637,300.94555500003696,301.09823939163675,12.764572115869086
104333.25594252665,-2.5,4.136546888416351,0.13637693368185672,0.7907299920175788,301.27718797320637,300.94555500003696,301.09823939163675,12.764572115869086
104400.0,-2.5,4.141167811099336,0.1373632571636162,0.7999999999999882,301.27718797320637,300.94555500003696,301.09823939163675,12.764572115869086
108000.0,0.0,4.086222508249432,0.0,0.7999999999999882,301.1500002846992,301.14999999999236,301.15000000318594,2.6141846319660546e-07
108000.001649222,0.0,4.086221621667363,0.0,0.7999999999999882,301.1500002846992,301.14999999999236,301.15000000318594,2.6141846319660546e-07
108000.003298444,0.0,4.086220735160519,0.0,0.7999999999999882,301.1500002846992,301.14999999999236,301.15000000318594,2.6141846319660546e-07
108000.006596888,0.0,4.086218962301309,0.0,0.7999999999999882,301.1500002846992,301.14999999999236,301.15000000318594,2.6141846319660546e-07
108000.01319377599,0.0,4.086215417511285,0.0,0.7999999999999882,301.1500002846992,301.14999999999236,301.15000000318594,2.6141846319660546e-07
108000.02638755197,0.0,4.086208331348016,0.0,0.7999999999999882,301.1500002846992,301.14999999999236,301.15000000318594,2.6141846319660546e-07
108000.05277510393,0.0,4.086194173399769,0.0,0.7999999999999882,301.1500002846992,301.14999999999236,301.15000000318594,2.6141846319660546e-07
108000.10555020787,0.0,4.08616591471418,0.0,0.7999999999999882,301.1500002846992,301.14999999999236,301.15000000318594,2.6141846319660546e-07
108000.21110041573,0.0,4.086109625199712,0.0,0.7999999999999882,301.1500002846992,301.14999999999236,301.15000000318594,2.6141846319660546e-07
108000.42220083144,0.0,4.085997945035409,0.0,0.7999999999999882,301.1500002846992,301.14999999999236,301.15000000318594,2.6141846319660546e-07
108000.63330124717,0.0,4.085887457450209,0.0,0.7999999999999882,301.1500002846992,301.14999999999236,301.15000000318594,2.6141846319660546e-07
108000.84440166288,0.0,4.085778147391038,0.0,0.7999999999999882,301.1500002846992,301.14999999999236,301.15000000318594,2.6141846319660546e-07
108001.05550207861,0.0,4.0856699979835325,0.0,0.7999999999999882,301.1500002846992,301.14999999999236,301.15000000318594,2.6141846319660546e-07
108001.47770291005,0.0,4.0854571305911,0.0,0.7999999999999882,301.1500002846992,301.14999999999236,301.15000000318594,2.6141846319660546e-07
108001.89990374149,0.0,4.085248716562161,0.0,0.7999999999999882,301.1500002846992,301.14999999999236,301.15000000318594,2.6141846319660546e-07
108002.32210457293,0.0,4.085044597336179,0.0,0.7999999999999882,301.1500002846992,301.14999999999236,301.15000000318594,2.6141846319660546e-07
108002.74430540437,0.0,4.084844626954821,0.0,0.7999999999999882,301.1500002846992,301.14999999999236,301.15000000318594,2.6141846319660546e-07
108003.16650623581,0.0,4.084648677967085,0.0,0.7999999999999882,301.1500002846992,301.14999999999236,301.15000000318594,2.6141846319660546e-07
108003.58870706725,0.0,4.084456635648464,0.0,0.7999999999999882,301.1500002846992,301.14999999999236,301.15000000318594,2.6141846319660546e-07
108004.01090789869,0.0,4.0842683807291005,0.0,0.7999999999999882,301.1500002846992,301.14999999999236,301.15000000318594,2.6141846319660546e-07
108004.43310873013,0.0,4.0840837829486105,0.0,0.7999999999999882,301.1500002846992,301.14999999999236,301.15000000318594,2.6141846319660546e-07
108005.277510393,0.0,4.083725078935355,0.0,0.7999999999999882,301.1500002846992,301.14999999999236,301.15000000318594,2.6141846319660546e-07
108006.0374718896,0.0,4.083413578043627,0.0,0.7999999999999882,301.1500002846992,301.14999999999236,301.15000000318594,2.6141846319660546e-07
108006.7974333862,0.0,4.083112144924139,0.0,0.7999999999999882,301.1500002846992,301.14999999999236,301.15000000318594,2.6141846319660546e-07
108007.55739488278,0.0,4.082820177185244,0.0,0.7999999999999882,301.1500002846992,301.14999999999236,301.15000000318594,2.6141846319660546e-07
108008.31735637938,0.0,4.0825371121466825,0.0,0.7999999999999882,301.1500002846992,301.14999999999236,301.15000000318594,2.6141846319660546e-07
108009.07731787598,0.0,4.08226242344312,0.0,0.7999999999999882,301.1500002846992,301.14999999999236,301.15000000318594,2.6141846319660546e-07
108010.59724086916,0.0,4.081736195246844,0.0,0.7999999999999882,301.1500002846992,301.14999999999236,301.15000000318594,2.6141846319660546e-07
108012.11716386236,0.0,4.08123795036787,0.0,0.7999999999999882,301.1500002846992,301.14999999999236,301.15000000318594,2.6141846319660546e-07
108014.01805305344,0.0,4.080649900743955,0.0,0.7999999999999882,301.1500002846992,301.14999999999236,301.15000000318594,2.6141846319660546e-07
108015.91894224452,0.0,4.080095985014252,0.0,0.7999999999999882,301.1500002846992,301.14999999999236,301.15000000318594,2.6141846319660546e-07
108017.8198314356,0.0,4.079571667475021,0.0,0.7999999999999882,301.1500002846992,301.14999999999236,301.15000000318594,2.6141846319660546e-07
108019.72072062668,0.0,4.079073235367839,0.0,0.7999999999999882,301.1500002846992,301.14999999999236,301.15000000318594,2.6141846319660546e-07
108021.62160981775,0.0,4.078597655842833,0.0,0.7999999999999882,301.1500002846992,301.14999999999236,301.15000000318594,2.6141846319660546e-07
108023.52249900883,0.0,4.078142268061311,0.0,0.7999999999999882,301.1500002846992,301.14999999999236,301.15000000318594,2.6141846319660546e-07
108025.42338819991,0.0,4.077705115596918,0.0,0.7999999999999882,301.1500002846992,301.14999999999236,301.15000000318594,2.6141846319660546e-07
108027.32427739099,0.0,4.077284483305721,0.0,0.7999999999999882,301.1500002846992,301.14999999999236,301.15000000318594,2.6141846319660546e-07
108029.22516658207,0.0,4.076879005529133,0.0,0.7999999999999882,301.1500002846992,301.14999999999236,301.15000000318594,2.6141846319660546e-07
108033.02694496422,0.0,4.076108074362016,0.0,0.7999999999999882,301.1500002846992,301.14999999999236,301.15000000318594,2.6141846319660546e-07
108036.44854550816,0.0,4.075454317019519,0.0,0.7999999999999882,301.1500002846992,301.14999999999236,301.15000000318594,2.6141846319660546e-07
108039.8701460521,0.0,4.074833552309262,0.0,0.7999999999999882,301.1500002846992,301.14999999999236,301.15000000318594,2.6141846319660546e-07
108043.29174659605,0.0,4.074241741343741,0.0,0.7999999999999882,301.1500002846992,301.14999999999236,301.15000000318594,2.6141846319660546e-07
108046.71334714,0.0,4.073675568058632,0.0,0.7999999999999882,301.1500002846992,301.14999999999236,301.15000000318594,2.6141846319660546e-07
108050.13494768394,0.0,4.073132405812135,0.0,0.7999999999999882,301.1500002846992,301.14999999999236,301.15000000318594,2.6141846319660546e-07
108056.97814877183,0.0,4.072106431522703,0.0,0.7999999999999882,301.1500002846992,301.14999999999236,301.15000000318594,2.6141846319660546e-07
108063.13702975091,0.0,4.071243347706792,0.0,0.7999999999999882,301.1500002846992,301.14999999999236,301.15000000318594,2.6141846319660546e-07
108069.29591073003,0.0,4.070429711015399,0.0,0.7999999999999882,301.1500002846992,301.14999999999236,301.15000000318594,2.6141846319660546e-07
108075.45479170911,0.0,4.069659514873827,0.0,0.7999999999999882,301.1500002846992,301.14999999999236,301.15000000318594,2.6141846319660546e-07
108081.61367268823,0.0,4.0689277986765156,0.0,0.7999999999999882,301.1500002846992,301.14999999999236,301.15000000318594,2.6141846319660546e-07
108087.77255366731,0.0,4.068230550406193,0.0,0.7999999999999882,301.1500002846992,301.14999999999236,301.15000000318594,2.6141846319660546e-07
108093.93143464642,0.0,4.067564501111836,0.0,0.7999999999999882,301.1500002846992,301.14999999999236,301.15000000318594,2.6141846319660546e-07
108100.09031562551,0.0,4.066926950593419,0.0,0.7999999999999882,301.1500002846992,301.14999999999236,301.15000000318594,2.6141846319660546e-07
108106.24919660462,0.0,4.066315537800719,0.0,0.7999999999999882,301.1500002846992,301.14999999999236,301.15000000318594,2.6141846319660546e-07
108118.5669585628,0.0,4.065163344210871,0.0,0.7999999999999882,301.1500002846992,301.14999999999236,301.15000000318594,2.6141846319660546e-07
108130.88472052099,0.0,4.064093882912377,0.0,0.7999999999999882,301.1500002846992,301.14999999999236,301.15000000318594,2.6141846319660546e-07
108141.97070628338,0.0,4.06319348436725,0.0,0.7999999999999882,301.1500002846992,301.14999999999236,301.15000000318594,2.6141846319660546e-07
108153.05669204573,0.0,4.062345778338157,0.0,0.7999999999999882,301.1500002846992,301.14999999999236,301.15000000318594,2.6141846319660546e-07
108164.14267780812,0.0,4.0615457063526135,0.0,0.7999999999999882,301.1500002846992,301.14999999999236,301.15000000318594,2.6141846319660546e-07
108175.22866357048,0.0,4.0607888322660255,0.0,0.7999999999999882,301.1500002846992,301.14999999999236,301.15000000318594,2.6141846319660546e-07
108186.31464933287,0.0,4.060071328260063,0.0,0.7999999999999882,301.1500002846992,301.14999999999236,301.15000000318594,2.6141846319660546e-07
108197.40063509523,0.0,4.059389929584508,0.0,0.7999999999999882,301.1500002846992,301.14999999999236,301.15000000318594,2.6141846319660546e-07
108208.48662085761,0.0,4.058741845129177,0.0,0.7999999999999882,301.1500002846992,301.14999999999236,301.15000000318594,2.6141846319660546e-07
108219.57260661997,0.0,4.058124604932995,0.0,0.7999999999999882,301.1500002846992,301.14999999999236,301.15000000318594,2.6141846319660546e-07
108241.74457814472,0.0,4.056974195411248,0.0,0.7999999999999882,301.1500002846992,301.14999999999236,301.15000000318594,2.6141846319660546e-07
108261.699352517,0.0,4.056024542244989,0.0,0.7999999999999882,301.1500002846992,301.14999999999236,301.15000000318594,2.6141846319660546e-07
108281.65412688928,0.0,4.0551465719888595,0.0,0.7999999999999882,301.1500002846992,301.14999999999236,301.15000000318594,2.6141846319660546e-07
108301.60890126154,0.0,4.054333035817248,0.0,0.7999999999999882,301.1500002846992,301.14999999999236,301.15000000318594,2.6141846319660546e-07
108321.5636756338,0.0,4.053578013832742,0.0,0.7999999999999882,301.1500002846992,301.14999999999236,301.15000000318594,2.6141846319660546e-07
108341.51845000609,0.0,4.052875981655192,0.0,0.7999999999999882,301.1500002846992,301.14999999999236,301.15000000318594,2.6141846319660546e-07
108360.0,0.0,4.052268544990872,0.0,0.7999999999999882,301.1500002846992,301.14999999999236,301.15000000318594,2.6141846319660546e-07
108360.00717438286,0.0,4.052268316677839,0.0,0.7999999999999882,301.1500002846992,301.14999999999236,301.15000000318594,2.6141846319660546e-07
108360.01434876573,0.0,4.052268088370527,0.0,0.7999999999999882,301.1500002846992,301.14999999999236,301.15000000318594,2.6141846319660546e-07
108360.02869753147,0.0,4.052267631769566,0.0,0.7999999999999882,301.1500002846992,301.14999999999236,301.15000000318594,2.6141846319660546e-07
108360.05739506293,0.0,4.0522667186374095,0.0,0.7999999999999882,301.1500002846992,301.14999999999236,301.15000000318594,2.6141846319660546e-07
108360.11479012584,0.0,4.052264892637917,0.0,0.7999999999999882,301.1500002846992,301.14999999999236,301.15000000318594,2.6141846319660546e-07
108360.22958025169,0.0,4.0522612417335875,0.0,0.7999999999999882,301.1500002846992,301.14999999999236,301.15000000318594,2.6141846319660546e-07
108360.45916050338,0.0,4.052253944295669,0.0,0.7999999999999882,301.1500002846992,301.14999999999236,301.15000000318594,2.6141846319660546e-07
108360.91832100674,0.0,4.0522393669081,0.0,0.7999999999999882,301.1500002846992,301.14999999999236,301.15000000318594,2.6141846319660546e-07
108361.83664201348,0.0,4.0522102818863575,0.0,0.7999999999999882,301.1500002846992,301.14999999999236,301.15000000318594,2.6141846319660546e-07
108363.67328402695,0.0,4.052152389277364,0.0,0.7999999999999882,301.1500002846992,301.14999999999236,301.15000000318594,2.6141846319660546e-07
108367.34656805391,0.0,4.052037701145276,0.0,0.7999999999999882,301.1500002846992,301.14999999999236,301.15000000318594,2.6141846319660546e-07
108374.69313610782,0.0,4.05181261510035,0.0,0.7999999999999882,301.1500002846992,301.14999999999236,301.15000000318594,2.6141846319660546e-07
108382.03970416173,0.0,4.051593132803438,0.0,0.7999999999999882,301.1500002846992,301.14999999999236,301.15000000318594,2.6141846319660546e-07
108396.73284026954,0.0,4.05117008639819,0.0,0.7999999999999882,301.1500002846992,301.14999999999236,301.15000000318594,2.6141846319660546e-07
108409.95666276656,0.0,4.050806895329805,0.0,0.7999999999999882,301.1500002846992,301.14999999999236,301.15000000318594,2.6141846319660546e-07
108423.18048526358,0.0,4.050459383822526,0.0,0.7999999999999882,301.1500002846992,301.14999999999236,301.15000000318594,2.6141846319660546e-07
108436.40430776062,0.0,4.050126782214347,0.0,0.7999999999999882,301.1500002846992,301.14999999999236,301.15000000318594,2.6141846319660546e-07
108449.62813025765,0.0,4.049808335901949,0.0,0.7999999999999882,301.1500002846992,301.14999999999236,301.15000000318594,2.6141846319660546e-07
108476.07577525171,0.0,4.049211499294753,0.0,0.7999999999999882,301.1500002846992,301.14999999999236,301.15000000318594,2.6141846319660546e-07
108502.52342024577,0.0,4.048663605512689,0.0,0.7999999999999882,301.1500002846992,301.14999999999236,301.15000000318594,2.6141846319660546e-07
108528.97106523984,0.0,4.048159709872098,0.0,0.7999999999999882,301.1500002846992,301.14999999999236,301.15000000318594,2.6141846319660546e-07
108555.4187102339,0.0,4.0476957123755914,0.0,0.7999999999999882,301.1500002846992,301.14999999999236,301.15000000318594,2.6141846319660546e-07
108581.86635522796,0.0,4.047268225254057,0.0,0.7999999999999882,301.1500002846992,301.14999999999236,301.15000000318594,2.6141846319660546e-07
108608.31400022202,0.0,4.046874286040652,0.0,0.7999999999999882,301.1500002846992,301.14999999999236,301.15000000318594,2.6141846319660546e-07
108634.76164521609,0.0,4.046511111654559,0.0,0.7999999999999882,301.1500002846992,301.14999999999236,301.15000000318594,2.6141846319660546e-07
108661.20929021016,0.0,4.046176054380854,0.0,0.7999999999999882,301.1500002846992,301.14999999999236,301.15000000318594,2.6141846319660546e-07
108714.10458019827,0.0,4.045581248272987,0.0,0.7999999999999882,301.1500002846992,301.14999999999236,301.15000000318594,2.6141846319660546e-07
108720.0,0.0,4.045520633372858,0.0,0.7999999999999882,301.1500002846992,301.14999999999236,301.15000000318594,2.6141846319660546e-07
108720.01792901942,0.0,4.04552045059755,0.0,0.7999999999999882,301.1500002846992,301.14999999999236,301.15000000318594,2.6141846319660546e-07
108720.03585803884,0.0,4.045520267832087,0.0,0.7999999999999882,301.1500002846992,301.14999999999236,301.15000000318594,2.6141846319660546e-07
108720.07171607768,0.0,4.045519902324939,0.0,0.7999999999999882,301.1500002846992,301.14999999999236,301.15000000318594,2.6141846319660546e-07
108720.14343215537,0.0,4.045519171430725,0.0,0.7999999999999882,301.1500002846992,301.14999999999236,301.15000000318594,2.6141846319660546e-07
108720.28686431074,0.0,4.045517710098993,0.0,0.7999999999999882,301.1500002846992,301.14999999999236,301.15000000318594,2.6141846319660546e-07
108720.57372862149,0.0,4.045514789320068,0.0,0.7999999999999882,301.1500002846992,301.14999999999236,301.15000000318594,2.6141846319660546e-07
108721.14745724297,0.0,4.04550895528321,0.0,0.7999999999999882,301.1500002846992,301.14999999999236,301.15000000318594,2.6141846319660546e-07
108722.29491448594,0.0,4.0454973172685715,0.0,0.7999999999999882,301.1500002846992,301.14999999999236,301.15000000318594,2.6141846319660546e-07
108724.58982897189,0.0,4.0454741608793405,0.0,0.7999999999999882,301.1500002846992,301.14999999999236,301.15000000318594,2.6141846319660546e-07
108729.17965794378,0.0,4.04542832195343,0.0,0.7999999999999882,301.1500002846992,301.14999999999236,301.15000000318594,2.6141846319660546e-07
108738.35931588757,0.0,4.04533850232012,0.0,0.7999999999999882,301.1500002846992,301.14999999999236,301.15000000318594,2.6141846319660546e-07
108747.53897383137,0.0,4.045251113601239,0.0,0.7999999999999882,301.1500002846992,301.14999999999236,301.15000000318594,2.6141846319660546e-07
108765.89828971894,0.0,4.045083283723623,0.0,0.7999999999999882,301.1500002846992,301.14999999999236,301.15000000318594,2.6141846319660546e-07
108782.42167401777,0.0,4.044939905085377,0.0,0.7999999999999882,301.1500002846992,301.14999999999236,301.15000000318594,2.6141846319660546e-07
108798.94505831659,0.0,4.044803405433392,0.0,0.7999999999999882,301.1500002846992,301.14999999999236,301.15000000318594,2.6141846319660546e-07
108815.46844261541,0.0,4.044673462906454,0.0,0.7999999999999882,301.1500002846992,301.14999999999236,301.15000000318594,2.6141846319660546e-07
108831.99182691424,0.0,4.044549758035158,0.0,0.7999999999999882,301.1500002846992,301.14999999999236,301.15000000318594,2.6141846319660546e-07
108865.03859551187,0.0,4.0443200027353114,0.0,0.7999999999999882,301.1500002846992,301.14999999999236,301.15000000318594,2.6141846319660546e-07
108898.08536410952,0.0,4.04411184690156,0.0,0.7999999999999882,301.1500002846992,301.14999999999236,301.15000000318594,2.6141846319660546e-07
108931.13213270716,0.0,4.043923092711257,0.0,0.7999999999999882,301.1500002846992,301.14999999999236,301.15000000318594,2.6141846319660546e-07
108964.1789013048,0.0,4.043751846274311,0.0,0.7999999999999882,301.1500002846992,301.14999999999236,301.15000000318594,2.6141846319660546e-07
108997.22566990243,0.0,4.043596493677114,0.0,0.7999999999999882,301.1500002846992,301.14999999999236,301.15000000318594,2.6141846319660546e-07
109044.0816097337,0.0,4.043400661049689,0.0,0.7999999999999882,301.1500002846992,301.14999999999236,301.15000000318594,2.6141846319660546e-07
109080.0,0.0,4.043267890983984,0.0,0.7999999999999882,301.1500002846992,301.14999999999236,301.15000000318594,2.6141846319660546e-07
109080.05046205172,0.0,4.043267714231739,0.0,0.7999999999999882,301.1500002846992,301.14999999999236,301.15000000318594,2.6141846319660546e-07
109080.10092410343,0.0,4.043267537505807,0.0,0.7999999999999882,301.1500002846992,301.14999999999236,301.15000000318594,2.6141846319660546e-07
109080.20184820687,0.0,4.043267184117756,0.0,0.7999999999999882,301.1500002846992,301.14999999999236,301.15000000318594,2.6141846319660546e-07
109080.40369641373,0.0,4.0432664776627085,0.0,0.7999999999999882,301.1500002846992,301.14999999999236,301.15000000318594,2.6141846319660546e-07
109080.80739282744,0.0,4.043265065973667,0.0,0.7999999999999882,301.1500002846992,301.14999999999236,301.15000000318594,2.6141846319660546e-07
109081.61478565488,0.0,4.04326224762762,0.0,0.7999999999999882,301.1500002846992,301.14999999999236,301.15000000318594,2.6141846319660546e-07
109083.22957130977,0.0,4.0432566309763445,0.0,0.7999999999999882,301.1500002846992,301.14999999999236,301.15000000318594,2.6141846319660546e-07
109086.45914261954,0.0,4.043245477439961,0.0,0.7999999999999882,301.1500002846992,301.14999999999236,301.15000000318594,2.6141846319660546e-07
109092.91828523908,0.0,4.04322348524697,0.0,0.7999999999999882,301.1500002846992,301.14999999999236,301.15000000318594,2.6141846319660546e-07
109105.83657047816,0.0,4.043180727792169,0.0,0.7999999999999882,301.1500002846992,301.14999999999236,301.15000000318594,2.6141846319660546e-07
109118.75485571724,0.0,4.0431395648591835,0.0,0.7999999999999882,301.1500002846992,301.14999999999236,301.15000000318594,2.6141846319660546e-07
109144.5914261954,0.0,4.043061723764107,0.0,0.7999999999999882,301.1500002846992,301.14999999999236,301.15000000318594,2.6141846319660546e-07
109167.84433962574,0.0,4.0429965599655935,0.0,0.7999999999999882,301.1500002846992,301.14999999999236,301.15000000318594,2.6141846319660546e-07
109191.09725305607,0.0,4.042935703061116,0.0,0.7999999999999882,301.1500002846992,301.14999999999236,301.15000000318594,2.6141846319660546e-07
109214.35016648642,0.0,4.042878881721911,0.0,0.7999999999999882,301.1500002846992,301.14999999999236,301.15000000318594,2.6141846319660546e-07
109237.60307991676,0.0,4.042825830618499,0.0,0.7999999999999882,301.1500002846992,301.14999999999236,301.15000000318594,2.6141846319660546e-07
109284.10890677743,0.0,4.04273017545105,0.0,0.7999999999999882,301.1500002846992,301.14999999999236,301.15000000318594,2.6141846319660546e-07
109330.61473363813,0.0,4.042646893013064,0.0,0.7999999999999882,301.1500002846992,301.14999999999236,301.15000000318594,2.6141846319660546e-07
109377.12056049879,0.0,4.042574269497379,0.0,0.7999999999999882,301.1500002846992,301.14999999999236,301.15000000318594,2.6141846319660546e-07
109423.62638735949,0.0,4.042510887926962,0.0,0.7999999999999882,301.1500002846992,301.14999999999236,301.15000000318594,2.6141846319660546e-07
109440.0,0.0,4.042490554817235,0.0,0.7999999999999882,301.1500002846992,301.14999999999236,301.15000000318594,2.6141846319660546e-07
109440.14502897169,0.0,4.042490379251538,0.0,0.7999999999999882,301.1500002846992,301.14999999999236,301.15000000318594,2.6141846319660546e-07
109440.29005794339,0.0,4.042490203760893,0.0,0.7999999999999882,301.1500002846992,301.14999999999236,301.15000000318594,2.6141846319660546e-07
109440.58011588678,0.0,4.0424898529616975,0.0,0.7999999999999882,301.1500002846992,301.14999999999236,301.15000000318594,2.6141846319660546e-07
109441.16023177354,0.0,4.042489152278325,0.0,0.7999999999999882,301.1500002846992,301.14999999999236,301.15000000318594,2.6141846319660546e-07
109442.32046354709,0.0,4.042487754385354,0.0,0.7999999999999882,301.1500002846992,301.14999999999236,301.15000000318594,2.6141846319660546e-07
109444.64092709418,0.0,4.0424849728724475,0.0,0.7999999999999882,301.1500002846992,301.14999999999236,301.15000000318594,2.6141846319660546e-07
109449.28185418833,0.0,4.042479466341716,0.0,0.7999999999999882,301.1500002846992,301.14999999999236,301.15000000318594,2.6141846319660546e-07
109458.56370837666,0.0,4.042468675410463,0.0,0.7999999999999882,301.1500002846992,301.14999999999236,301.15000000318594,2.6141846319660546e-07
109477.12741675334,0.0,4.042447949447819,0.0,0.7999999999999882,301.1500002846992,301.14999999999236,301.15000000318594,2.6141846319660546e-07
109495.69112513002,0.0,4.0424283237450656,0.0,0.7999999999999882,301.1500002846992,301.14999999999236,301.15000000318594,2.6141846319660546e-07
109532.81854188335,0.0,4.0423920840639695,0.0,0.7999999999999882,301.1500002846992,301.14999999999236,301.15000000318594,2.6141846319660546e-07
109566.23321696135,0.0,4.042362693632382,0.0,0.7999999999999882,301.1500002846992,301.14999999999236,301.15000000318594,2.6141846319660546e-07
109599.64789203936,0.0,4.042336053717893,0.0,0.7999999999999882,301.1500002846992,301.14999999999236,301.15000000318594,2.6141846319660546e-07
109633.06256711736,0.0,4.0423119191989105,0.0,0.7999999999999882,301.1500002846992,301.14999999999236,301.15000000318594,2.6141846319660546e-07
109666.47724219537,0.0,4.042290056914137,0.0,0.7999999999999882,301.1500002846992,301.14999999999236,301.15000000318594,2.6141846319660546e-07
109733.30659235138,0.0,4.042252419883182,0.0,0.7999999999999882,301.1500002846992,301.14999999999236,301.15000000318594,2.6141846319660546e-07
109800.0,0.0,4.042221659907618,0.0,0.7999999999999882,301.1500002846992,301.14999999999236,301.15000000318594,2.6141846319660546e-07
109800.4201247735,0.0,4.042221484507694,0.0,0.7999999999999882,301.1500002846992,301.14999999999236,301.15000000318594,2.6141846319660546e-07
109800.840249547,0.0,4.0422213093248995,0.0,0.7999999999999882,301.1500002846992,301.14999999999236,301.15000000318594,2.6141846319660546e-07
109801.68049909401,0.0,4.0422209594858,0.0,0.7999999999999882,301.1500002846992,301.14999999999236,301.15000000318594,2.6141846319660546e-07
109803.360998188,0.0,4.042220262448673,0.0,0.7999999999999882,301.1500002846992,301.14999999999236,301.15000000318594,2.6141846319660546e-07
109806.72199637601,0.0,4.042218878344842,0.0,0.7999999999999882,301.1500002846992,301.14999999999236,301.15000000318594,2.6141846319660546e-07
109813.44399275203,0.0,4.042216150761785,0.0,0.7999999999999882,301.1500002846992,301.14999999999236,301.15000000318594,2.6141846319660546e-07
109826.88798550406,0.0,4.042210853555144,0.0,0.7999999999999882,301.1500002846992,301.14999999999236,301.15000000318594,2.6141846319660546e-07
109853.77597100809,0.0,4.04220085891772,0.0,0.7999999999999882,301.1500002846992,301.14999999999236,301.15000000318594,2.6141846319660546e-07
109880.66395651214,0.0,4.042191622882333,0.0,0.7999999999999882,301.1500002846992,301.14999999999236,301.15000000318594,2.6141846319660546e-07
109934.43992752023,0.0,4.042175146459213,0.0,0.7999999999999882,301.1500002846992,301.14999999999236,301.15000000318594,2.6141846319660546e-07
109982.83830142752,0.0,4.042162398012007,0.0,0.7999999999999882,301.1500002846992,301.14999999999236,301.15000000318594,2.6141846319660546e-07
110031.2366753348,0.0,4.042151342846688,0.0,0.7999999999999882,301.1500002846992,301.14999999999236,301.15000000318594,2.6141846319660546e-07
110079.63504924209,0.0,4.0421417667117066,0.0,0.7999999999999882,301.1500002846992,301.14999999999236,301.15000000318594,2.6141846319660546e-07
110128.03342314938,0.0,4.042133474013676,0.0,0.7999999999999882,301.1500002846992,301.14999999999236,301.15000000318594,2.6141846319660546e-07
110160.0,0.0,4.042128638988466,0.0,0.7999999999999882,301.1500002846992,301.14999999999236,301.15000000318594,2.6141846319660546e-07
110161.22146270087,0.0,4.042128464285643,0.0,0.7999999999999882,301.1500002846992,301.14999999999236,301.15000000318594,2.6141846319660546e-07
110162.44292540175,0.0,4.042128290210284,0.0,0.7999999999999882,301.1500002846992,301.14999999999236,301.15000000318594,2.6141846319660546e-07
110164.88585080349,0.0,4.042127943576933,0.0,0.7999999999999882,301.1500002846992,301.14999999999236,301.15000000318594,2.6141846319660546e-07
110169.77170160698,0.0,4.042127257889483,0.0,0.7999999999999882,301.1500002846992,301.14999999999236,301.15000000318594,2.6141846319660546e-07
110179.54340321396,0.0,4.042125914662368,0.0,0.7999999999999882,301.1500002846992,301.14999999999236,301.15000000318594,2.6141846319660546e-07
110199.08680642792,0.0,4.042123340186494,0.0,0.7999999999999882,301.1500002846992,301.14999999999236,301.15000000318594,2.6141846319660546e-07
110238.17361285586,0.0,4.0421186052491755,0.0,0.7999999999999882,301.1500002846992,301.14999999999236,301.15000000318594,2.6141846319660546e-07
110277.26041928379,0.0,4.042114382795461,0.0,0.7999999999999882,301.1500002846992,301.14999999999236,301.15000000318594,2.6141846319660546e-07
110355.43403213963,0.0,4.042107211648096,0.0,0.7999999999999882,301.1500002846992,301.14999999999236,301.15000000318594,2.6141846319660546e-07
110425.79028370991,0.0,4.042102035755436,0.0,0.7999999999999882,301.1500002846992,301.14999999999236,301.15000000318594,2.6141846319660546e-07
110496.14653528019,0.0,4.04209783196514,0.0,0.7999999999999882,301.1500002846992,301.14999999999236,301.15000000318594,2.6141846319660546e-07
110520.0,0.0,4.042096613502181,0.0,0.7999999999999882,301.1500002846992,301.14999999999236,301.15000000318594,2.6141846319660546e-07
110521.08000085832,0.0,4.042096560718127,0.0,0.7999999999999882,301.1500002846992,301.14999999999236,301.15000000318594,2.6141846319660546e-07
110522.16000171665,0.0,4.042096508101782,0.0,0.7999999999999882,301.1500002846992,301.14999999999236,301.15000000318594,2.6141846319660546e-07
110524.3200034333,0.0,4.0420964032748685,0.0,0.7999999999999882,301.1500002846992,301.14999999999236,301.15000000318594,2.6141846319660546e-07
110528.64000686657,0.0,4.042096195649332,0.0,0.7999999999999882,301.1500002846992,301.14999999999236,301.15000000318594,2.6141846319660546e-07
110537.28001373315,0.0,4.0420957879527055,0.0,0.7999999999999882,301.1500002846992,301.14999999999236,301.15000000318594,2.6141846319660546e-07
110554.5600274663,0.0,4.042095002738165,0.0,0.7999999999999882,301.1500002846992,301.14999999999236,301.15000000318594,2.6141846319660546e-07
110589.1200549326,0.0,4.042093544865038,0.0,0.7999999999999882,301.1500002846992,301.14999999999236,301.15000000318594,2.6141846319660546e-07
110658.24010986519,0.0,4.04209102381769,0.0,0.7999999999999882,301.1500002846992,301.14999999999236,301.15000000318594,2.6141846319660546e-07
110727.36016479778,0.0,4.042088964440568,0.0,0.7999999999999882,301.1500002846992,301.14999999999236,301.15000000318594,2.6141846319660546e-07
110796.48021973038,0.0,4.0420872870792515,0.0,0.7999999999999882,301.1500002846992,301.14999999999236,301.15000000318594,2.6141846319660546e-07
110865.60027466298,0.0,4.0420859226267005,0.0,0.7999999999999882,301.1500002846992,301.14999999999236,301.15000000318594,2.6141846319660546e-07
110880.0,0.0,4.042085674130112,0.0,0.7999999999999882,301.1500002846992,301.14999999999236,301.15000000318594,2.6141846319660546e-07
110880.72000085833,0.0,4.042085662100442,0.0,0.7999999999999882,301.1500002846992,301.14999999999236,301.15000000318594,2.6141846319660546e-07
110881.44000171665,0.0,4.0420856500962845,0.0,0.7999999999999882,301.1500002846992,301.14999999999236,301.15000000318594,2.6141846319660546e-07
110882.8800034333,0.0,4.042085626149758,0.0,0.7999999999999882,301.1500002846992,301.14999999999236,301.15000000318594,2.6141846319660546e-07
110885.76000686658,0.0,4.042085578566184,0.0,0.7999999999999882,301.1500002846992,301.14999999999236,301.15000000318594,2.6141846319660546e-07
110891.52001373316,0.0,4.042085484560184,0.0,0.7999999999999882,301.1500002846992,301.14999999999236,301.15000000318594,2.6141846319660546e-07
110903.04002746631,0.0,4.04208530123676,0.0,0.7999999999999882,301.1500002846992,301.14999999999236,301.15000000318594,2.6141846319660546e-07
110926.0800549326,0.0,4.042084952474909,0.0,0.7999999999999882,301.1500002846992,301.14999999999236,301.15000000318594,2.6141846319660546e-07
110972.16010986519,0.0,4.042084320402733,0.0,0.7999999999999882,301.1500002846992,301.14999999999236,301.15000000318594,2.6141846319660546e-07
111064.32021973038,0.0,4.04208327607752,0.0,0.7999999999999882,301.1500002846992,301.14999999999236,301.15000000318594,2.6141846319660546e-07
111156.48032959556,0.0,4.042082478709693,0.0,0.7999999999999882,301.1500002846992,301.14999999999236,301.15000000318594,2.6141846319660546e-07
111240.0,0.0,4.042081925217547,0.0,0.7999999999999882,301.1500002846992,301.14999999999236,301.15000000318594,2.6141846319660546e-07
111240.36000085832,0.0,4.042081923175438,0.0,0.7999999999999882,301.1500002846992,301.14999999999236,301.15000000318594,2.6141846319660546e-07
111240.72000171665,0.0,4.042081921135514,0.0,0.7999999999999882,301.1500002846992,301.14999999999236,301.15000000318594,2.6141846319660546e-07
111241.4400034333,0.0,4.0420819170609015,0.0,0.7999999999999882,301.1500002846992,301.14999999999236,301.15000000318594,2.6141846319660546e-07
111242.88000686659,0.0,4.042081908938055,0.0,0.7999999999999882,301.1500002846992,301.14999999999236,301.15000000318594,2.6141846319660546e-07
111245.76001373315,0.0,4.0420818927920745,0.0,0.7999999999999882,301.1500002846992,301.14999999999236,301.15000000318594,2.6141846319660546e-07
111251.5200274663,0.0,4.0420818609071,0.0,0.7999999999999882,301.1500002846992,301.14999999999236,301.15000000318594,2.6141846319660546e-07
111263.0400549326,0.0,4.042081798725709,0.0,0.7999999999999882,301.1500002846992,301.14999999999236,301.15000000318594,2.6141846319660546e-07
111286.0801098652,0.0,4.042081680440203,0.0,0.7999999999999882,301.1500002846992,301.14999999999236,301.15000000318594,2.6141846319660546e-07
111332.16021973037,0.0,4.042081466068883,0.0,0.7999999999999882,301.1500002846992,301.14999999999236,301.15000000318594,2.6141846319660546e-07
111424.32043946076,0.0,4.042081111888827,0.0,0.7999999999999882,301.1500002846992,301.14999999999236,301.15000000318594,2.6141846319660546e-07
111600.0,0.0,4.042080638083423,0.0,0.7999999999999882,301.1500002846992,301.14999999999236,301.15000000318594,2.6141846319660546e-07
115200.0,0.0,4.042080638083423,0.0,0.7999999999999882,300.9455555234154,300.94555500003696,300.94555500003696,0.0
115203.60000091197,0.0,4.042080631388242,0.0,0.7999999999999882,300.9455555234154,300.94555500003696,300.94555500003696,0.0
115207.20000182395,0.0,4.042080624763457,0.0,0.7999999999999882,300.9455555234154,300.94555500003696,300.94555500003696,0.0
115214.40000364787,0.0,4.042080611682717,0.0,0.7999999999999882,300.9455555234154,300.94555500003696,300.94555500003696,0.0
115228.80000729574,0.0,4.042080586354313,0.0,0.7999999999999882,300.9455555234154,300.94555500003696,300.94555500003696,0.0
115257.60001459147,0.0,4.042080538646431,0.0,0.7999999999999882,300.9455555234154,300.94555500003696,300.94555500003696,0.0
115315.20002918292,0.0,4.04208045419775,0.0,0.7999999999999882,300.9455555234154,300.94555500003696,300.94555500003696,0.0
115430.40005836583,0.0,4.042080320634433,0.0,0.7999999999999882,300.9455555234154,300.94555500003696,300.94555500003696,0.0
115560.0,0.0,4.042080214971017,0.0,0.7999999999999882,300.9455555234154,300.94555500003696,300.94555500003696,0.0
115563.24000091196,0.0,4.042080212946868,0.0,0.7999999999999882,300.9455555234154,300.94555500003696,300.94555500003696,0.0
115566.48000182393,0.0,4.042080210941901,0.0,0.7999999999999882,300.9455555234154,300.94555500003696,300.94555500003696,0.0
115572.96000364787,0.0,4.04208020697801,0.0,0.7999999999999882,300.9455555234154,300.94555500003696,300.94555500003696,0.0
115585.92000729573,0.0,4.042080199277841,0.0,0.7999999999999882,300.9455555234154,300.94555500003696,300.94555500003696,0.0
115611.84001459146,0.0,4.042080184689015,0.0,0.7999999999999882,300.9455555234154,300.94555500003696,300.94555500003696,0.0
115663.68002918291,0.0,4.042080158559374,0.0,0.7999999999999882,300.9455555234154,300.94555500003696,300.94555500003696,0.0
115767.36005836583,0.0,4.0420801163166775,0.0,0.7999999999999882,300.9455555234154,300.94555500003696,300.94555500003696,0.0
115920.0,0.0,4.042080072707098,0.0,0.7999999999999882,300.9455555234154,300.94555500003696,300.94555500003696,0.0
115922.88000091197,0.0,4.042080072105067,0.0,0.7999999999999882,300.9455555234154,300.94555500003696,300.94555500003696,0.0
115925.76000182393,0.0,4.0420800715081135,0.0,0.7999999999999882,300.9455555234154,300.94555500003696,300.94555500003696,0.0
115931.52000364786,0.0,4.042080070326401,0.0,0.7999999999999882,300.9455555234154,300.94555500003696,300.94555500003696,0.0
115943.04000729573,0.0,4.042080068023415,0.0,0.7999999999999882,300.9455555234154,300.94555500003696,300.94555500003696,0.0
115966.08001459145,0.0,4.042080063634424,0.0,0.7999999999999882,300.9455555234154,300.94555500003696,300.94555500003696,0.0
116012.16002918291,0.0,4.042080055679648,0.0,0.7999999999999882,300.9455555234154,300.94555500003696,300.94555500003696,0.0
116104.32005836582,0.0,4.042080042530417,0.0,0.7999999999999882,300.9455555234154,300.94555500003696,300.94555500003696,0.0
116280.0,0.0,4.042080024937853,0.0,0.7999999999999882,300.9455555234154,300.94555500003696,300.94555500003696,0.0
116282.52000091196,0.0,4.0420800247632,0.0,0.7999999999999882,300.9455555234154,300.94555500003696,300.94555500003696,0.0
116285.04000182393,0.0,4.042080024589829,0.0,0.7999999999999882,300.9455555234154,300.94555500003696,300.94555500003696,0.0
116290.08000364786,0.0,4.042080024246205,0.0,0.7999999999999882,300.9455555234154,300.94555500003696,300.94555500003696,0.0
116300.16000729572,0.0,4.04208002357435,0.0,0.7999999999999882,300.9455555234154,300.94555500003696,300.94555500003696,0.0
116320.32001459145,0.0,4.042080022286365,0.0,0.7999999999999882,300.9455555234154,300.94555500003696,300.94555500003696,0.0
116360.6400291829,0.0,4.042080019923901,0.0,0.7999999999999882,300.9455555234154,300.94555500003696,300.94555500003696,0.0
116441.28005836581,0.0,4.042080015929706,0.0,0.7999999999999882,300.9455555234154,300.94555500003696,300.94555500003696,0.0
116602.56011673165,0.0,4.042080010133047,0.0,0.7999999999999882,300.9455555234154,300.94555500003696,300.94555500003696,0.0
116640.0,0.0,4.042080009188767,0.0,0.7999999999999882,300.9455555234154,300.94555500003696,300.94555500003696,0.0
116642.16000091197,0.0,4.042080009138674,0.0,0.7999999999999882,300.9455555234154,300.94555500003696,300.94555500003696,0.0
116644.32000182393,0.0,4.042080009088899,0.0,0.7999999999999882,300.9455555234154,300.94555500003696,300.94555500003696,0.0
116648.64000364786,0.0,4.0420800089901086,0.0,0.7999999999999882,300.9455555234154,300.94555500003696,300.94555500003696,0.0
116657.28000729572,0.0,4.042080008796347,0.0,0.7999999999999882,300.9455555234154,300.94555500003696,300.94555500003696,0.0
116674.56001459145,0.0,4.04208000842265,0.0,0.7999999999999882,300.9455555234154,300.94555500003696,300.94555500003696,0.0
116709.1200291829,0.0,4.042080007728906,0.0,0.7999999999999882,300.9455555234154,300.94555500003696,300.94555500003696,0.0
116778.24005836582,0.0,4.04208000652887,0.0,0.7999999999999882,300.9455555234154,300.94555500003696,300.94555500003696,0.0
116916.48011673163,0.0,4.042080004712256,0.0,0.7999999999999882,300.9455555234154,300.94555500003696,300.94555500003696,0.0
117000.0,0.0,4.042080003933169,0.0,0.7999999999999882,300.9455555234154,300.94555500003696,300.94555500003696,0.0
117001.80000091196,0.0,4.042080003919159,0.0,0.7999999999999882,300.9455555234154,300.94555500003696,300.94555500003696,0.0
117003.60000182393,0.0,4.042080003905216,0.0,0.7999999999999882,300.9455555234154,300.94555500003696,300.94555500003696,0.0
117007.20000364786,0.0,4.042080003877514,0.0,0.7999999999999882,300.9455555234154,300.94555500003696,300.94555500003696,0.0
117014.40000729571,0.0,4.0420800038230045,0.0,0.7999999999999882,300.9455555234154,300.94555500003696,300.94555500003696,0.0
117028.80001459146,0.0,4.04208000371724,0.0,0.7999999999999882,300.9455555234154,300.94555500003696,300.94555500003696,0.0
117057.60002918291,0.0,4.0420800035185,0.0,0.7999999999999882,300.9455555234154,300.94555500003696,300.94555500003696,0.0
117115.20005836582,0.0,4.042080003166644,0.0,0.7999999999999882,300.9455555234154,300.94555500003696,300.94555500003696,0.0
117230.40011673165,0.0,4.042080002610485,0.0,0.7999999999999882,300.9455555234154,300.94555500003696,300.94555500003696,0.0
117360.0,0.0,4.042080002172369,0.0,0.7999999999999882,300.9455555234154,300.94555500003696,300.94555500003696,0.0
117361.44000091197,0.0,4.042080002168603,0.0,0.7999999999999882,300.9455555234154,300.94555500003696,300.94555500003696,0.0
117362.88000182393,0.0,4.042080002164848,0.0,0.7999999999999882,300.9455555234154,300.94555500003696,300.94555500003696,0.0
117365.76000364785,0.0,4.042080002157373,0.0,0.7999999999999882,300.9455555234154,300.94555500003696,300.94555500003696,0.0
117371.52000729572,0.0,4.042080002142628,0.0,0.7999999999999882,300.9455555234154,300.94555500003696,300.94555500003696,0.0
117383.04001459145,0.0,4.042080002113833,0.0,0.7999999999999882,300.9455555234154,300.94555500003696,300.94555500003696,0.0
117406.08002918291,0.0,4.042080002059059,0.0,0.7999999999999882,300.9455555234154,300.94555500003696,300.94555500003696,0.0
117452.16005836581,0.0,4.042080001959771,0.0,0.7999999999999882,300.9455555234154,300.94555500003696,300.94555500003696,0.0
117544.32011673163,0.0,4.04208000179573,0.0,0.7999999999999882,300.9455555234154,300.94555500003696,300.94555500003696,0.0
117720.0,0.0,4.042080001576261,0.0,0.7999999999999882,300.9455555234154,300.94555500003696,300.94555500003696,0.0
117721.08000091196,0.0,4.042080001575325,0.0,0.7999999999999882,300.9455555234154,300.94555500003696,300.94555500003696,0.0
117722.16000182393,0.0,4.042080001574385,0.0,0.7999999999999882,300.9455555234154,300.94555500003696,300.94555500003696,0.0
117724.32000364785,0.0,4.042080001572533,0.0,0.7999999999999882,300.9455555234154,300.94555500003696,300.94555500003696,0.0
117728.64000729573,0.0,4.042080001568841,0.0,0.7999999999999882,300.9455555234154,300.94555500003696,300.94555500003696,0.0
117737.28001459145,0.0,4.042080001561603,0.0,0.7999999999999882,300.9455555234154,300.94555500003696,300.94555500003696,0.0
117754.5600291829,0.0,4.042080001547655,0.0,0.7999999999999882,300.9455555234154,300.94555500003696,300.94555500003696,0.0
117789.12005836582,0.0,4.0420800015217715,0.0,0.7999999999999882,300.9455555234154,300.94555500003696,300.94555500003696,0.0
117858.24011673164,0.0,4.042080001476997,0.0,0.7999999999999882,300.9455555234154,300.94555500003696,300.94555500003696,0.0
117996.48023346328,0.0,4.042080001409225,0.0,0.7999999999999882,300.9455555234154,300.94555500003696,300.94555500003696,0.0
118080.0,0.0,4.042080001380173,0.0,0.7999999999999882,300.9455555234154,300.94555500003696,300.94555500003696,0.0
118080.72000091197,0.0,4.042080001379961,0.0,0.7999999999999882,300.9455555234154,300.94555500003696,300.94555500003696,0.0
118081.44000182392,0.0,4.042080001379752,0.0,0.7999999999999882,300.9455555234154,300.94555500003696,300.94555500003696,0.0
118082.88000364785,0.0,4.042080001379334,0.0,0.7999999999999882,300.9455555234154,300.94555500003696,300.94555500003696,0.0
118085.76000729573,0.0,4.042080001378503,0.0,0.7999999999999882,300.9455555234154,300.94555500003696,300.94555500003696,0.0
118091.52001459146,0.0,4.042080001376865,0.0,0.7999999999999882,300.9455555234154,300.94555500003696,300.94555500003696,0.0
118103.04002918291,0.0,4.042080001373668,0.0,0.7999999999999882,300.9455555234154,300.94555500003696,300.94555500003696,0.0
118126.08005836583,0.0,4.042080001367587,0.0,0.7999999999999882,300.9455555234154,300.94555500003696,300.94555500003696,0.0
118172.16011673164,0.0,4.0420800013565685,0.0,0.7999999999999882,300.9455555234154,300.94555500003696,300.94555500003696,0.0
118264.32023346328,0.0,4.042080001338361,0.0,0.7999999999999882,300.9455555234154,300.94555500003696,300.94555500003696,0.0
118440.0,0.0,4.042080001314,0.0,0.7999999999999882,300.9455555234154,300.94555500003696,300.94555500003696,0.0
118440.36000091197,0.0,4.04208000131397,0.0,0.7999999999999882,300.9455555234154,300.94555500003696,300.94555500003696,0.0
118440.72000182394,0.0,4.042080001313931,0.0,0.7999999999999882,300.9455555234154,300.94555500003696,300.94555500003696,0.0
118441.44000364788,0.0,4.042080001313861,0.0,0.7999999999999882,300.9455555234154,300.94555500003696,300.94555500003696,0.0
118442.88000729572,0.0,4.042080001313723,0.0,0.7999999999999882,300.9455555234154,300.94555500003696,300.94555500003696,0.0
118445.76001459146,0.0,4.042080001313451,0.0,0.7999999999999882,300.9455555234154,300.94555500003696,300.94555500003696,0.0
118451.52002918292,0.0,4.042080001312904,0.0,0.7999999999999882,300.9455555234154,300.94555500003696,300.94555500003696,0.0
118463.04005836582,0.0,4.042080001311849,0.0,0.7999999999999882,300.9455555234154,300.94555500003696,300.94555500003696,0.0
118486.08011673164,0.0,4.042080001309836,0.0,0.7999999999999882,300.9455555234154,300.94555500003696,300.94555500003696,0.0
118532.16023346329,0.0,4.042080001306191,0.0,0.7999999999999882,300.9455555234154,300.94555500003696,300.94555500003696,0.0
118624.32046692658,0.0,4.04208000130016,0.0,0.7999999999999882,300.9455555234154,300.94555500003696,300.94555500003696,0.0
118800.0,0.0,4.042080001292103,0.0,0.7999999999999882,300.9455555234154,300.94555500003696,300.94555500003696,0.0
122400.0,0.0,4.042080001292103,0.0,0.7999999999999882,300.34615230682806,300.3461519999337,300.3461519999337,0.0
122403.60000096561,0.0,4.0420800012919855,0.0,0.7999999999999882,300.34615230682806,300.3461519999337,300.3461519999337,0.0
122407.20000193123,0.0,4.042080001291879,0.0,0.7999999999999882,300.34615230682806,300.3461519999337,300.3461519999337,0.0
122414.40000386245,0.0,4.04208000129165,0.0,0.7999999999999882,300.34615230682806,300.3461519999337,300.3461519999337,0.0
122428.8000077249,0.0,4.042080001291222,0.0,0.7999999999999882,300.34615230682806,300.3461519999337,300.3461519999337,0.0
122457.60001544977,0.0,4.042080001290408,0.0,0.7999999999999882,300.34615230682806,300.3461519999337,300.3461519999337,0.0
122515.20003089953,0.0,4.042080001288973,0.0,0.7999999999999882,300.34615230682806,300.3461519999337,300.3461519999337,0.0
122630.40006179907,0.0,4.042080001286699,0.0,0.7999999999999882,300.34615230682806,300.3461519999337,300.3461519999337,0.0
122760.0,0.0,4.042080001284905,0.0,0.7999999999999882,300.34615230682806,300.3461519999337,300.3461519999337,0.0
122763.24000096561,0.0,4.042080001284871,0.0,0.7999999999999882,300.34615230682806,300.3461519999337,300.3461519999337,0.0
122766.48000193122,0.0,4.042080001284841,0.0,0.7999999999999882,300.34615230682806,300.3461519999337,300.3461519999337,0.0
122772.96000386245,0.0,4.042080001284768,0.0,0.7999999999999882,300.34615230682806,300.3461519999337,300.3461519999337,0.0
122785.92000772488,0.0,4.042080001284644,0.0,0.7999999999999882,300.34615230682806,300.3461519999337,300.3461519999337,0.0
122811.84001544976,0.0,4.042080001284395,0.0,0.7999999999999882,300.34615230682806,300.3461519999337,300.3461519999337,0.0
122863.68003089953,0.0,4.042080001283949,0.0,0.7999999999999882,300.34615230682806,300.3461519999337,300.3461519999337,0.0
122967.36006179906,0.0,4.042080001283226,0.0,0.7999999999999882,300.34615230682806,300.3461519999337,300.3461519999337,0.0
123120.0,0.0,4.042080001282489,0.0,0.7999999999999882,300.34615230682806,300.3461519999337,300.3461519999337,0.0
123122.88000096561,0.0,4.042080001282484,0.0,0.7999999999999882,300.34615230682806,300.3461519999337,300.3461519999337,0.0
123125.76000193122,0.0,4.042080001282473,0.0,0.7999999999999882,300.34615230682806,300.3461519999337,300.3461519999337,0.0
123131.52000386245,0.0,4.04208000128245,0.0,0.7999999999999882,300.34615230682806,300.3461519999337,300.3461519999337,0.0
123143.04000772489,0.0,4.042080001282411,0.0,0.7999999999999882,300.34615230682806,300.3461519999337,300.3461519999337,0.0
123166.08001544976,0.0,4.042080001282342,0.0,0.7999999999999882,300.34615230682806,300.3461519999337,300.3461519999337,0.0
123212.16003089953,0.0,4.042080001282198,0.0,0.7999999999999882,300.34615230682806,300.3461519999337,300.3461519999337,0.0
123304.32006179905,0.0,4.042080001281974,0.0,0.7999999999999882,300.34615230682806,300.3461519999337,300.3461519999337,0.0
123480.0,0.0,4.042080001281674,0.0,0.7999999999999882,300.34615230682806,300.3461519999337,300.3461519999337,0.0
123482.52000096561,0.0,4.042080001281667,0.0,0.7999999999999882,300.34615230682806,300.3461519999337,300.3461519999337,0.0
123485.04000193122,0.0,4.0420800012816684,0.0,0.7999999999999882,300.34615230682806,300.3461519999337,300.3461519999337,0.0
123490.08000386244,0.0,4.042080001281654,0.0,0.7999999999999882,300.34615230682806,300.3461519999337,300.3461519999337,0.0
123500.16000772489,0.0,4.042080001281649,0.0,0.7999999999999882,300.34615230682806,300.3461519999337,300.3461519999337,0.0
123520.32001544978,0.0,4.042080001281626,0.0,0.7999999999999882,300.34615230682806,300.3461519999337,300.3461519999337,0.0
123560.64003089952,0.0,4.0420800012815885,0.0,0.7999999999999882,300.34615230682806,300.3461519999337,300.3461519999337,0.0
123641.28006179904,0.0,4.042080001281523,0.0,0.7999999999999882,300.34615230682806,300.3461519999337,300.3461519999337,0.0
123802.5601235981,0.0,4.042080001281445,0.0,0.7999999999999882,300.34615230682806,300.3461519999337,300.3461519999337,0.0
123840.0,0.0,4.04208000128143,0.0,0.7999999999999882,300.34615230682806,300.3461519999337,300.3461519999337,0.0
123842.16000096561,0.0,4.042080001281429,0.0,0.7999999999999882,300.34615230682806,300.3461519999337,300.3461519999337,0.0
123844.32000193122,0.0,4.042080001281423,0.0,0.7999999999999882,300.34615230682806,300.3461519999337,300.3461519999337,0.0
123848.64000386244,0.0,4.0420800012814215,0.0,0.7999999999999882,300.34615230682806,300.3461519999337,300.3461519999337,0.0
123857.28000772488,0.0,4.042080001281416,0.0,0.7999999999999882,300.34615230682806,300.3461519999337,300.3461519999337,0.0
123874.56001544977,0.0,4.042080001281409,0.0,0.7999999999999882,300.34615230682806,300.3461519999337,300.3461519999337,0.0
123909.12003089953,0.0,4.042080001281398,0.0,0.7999999999999882,300.34615230682806,300.3461519999337,300.3461519999337,0.0
123978.24006179905,0.0,4.042080001281372,0.0,0.7999999999999882,300.34615230682806,300.3461519999337,300.3461519999337,0.0
124116.4801235981,0.0,4.042080001281345,0.0,0.7999999999999882,300.34615230682806,300.3461519999337,300.3461519999337,0.0
124200.0,0.0,4.042080001281326,0.0,0.7999999999999882,300.34615230682806,300.3461519999337,300.3461519999337,0.0
124201.80000096561,0.0,4.042080001281326,0.0,0.7999999999999882,300.34615230682806,300.3461519999337,300.3461519999337,0.0
124203.60000193122,0.0,4.042080001281326,0.0,0.7999999999999882,300.34615230682806,300.3461519999337,300.3461519999337,0.0
124207.20000386244,0.0,4.042080001281326,0.0,0.7999999999999882,300.34615230682806,300.3461519999337,300.3461519999337,0.0
124214.40000772488,0.0,4.042080001281327,0.0,0.7999999999999882,300.34615230682806,300.3461519999337,300.3461519999337,0.0
124228.80001544976,0.0,4.042080001281324,0.0,0.7999999999999882,300.34615230682806,300.3461519999337,300.3461519999337,0.0
124257.60003089951,0.0,4.042080001281324,0.0,0.7999999999999882,300.34615230682806,300.3461519999337,300.3461519999337,0.0
124315.20006179906,0.0,4.042080001281313,0.0,0.7999999999999882,300.34615230682806,300.3461519999337,300.3461519999337,0.0
124430.4001235981,0.0,4.0420800012813025,0.0,0.7999999999999882,300.34615230682806,300.3461519999337,300.3461519999337,0.0
124560.0,0.0,4.042080001281292,0.0,0.7999999999999882,300.34615230682806,300.3461519999337,300.3461519999337,0.0
124561.44000096561,0.0,4.04208000128129,0.0,0.7999999999999882,300.34615230682806,300.3461519999337,300.3461519999337,0.0
124562.88000193122,0.0,4.04208000128129,0.0,0.7999999999999882,300.34615230682806,300.3461519999337,300.3461519999337,0.0
124565.76000386244,0.0,4.04208000128129,0.0,0.7999999999999882,300.34615230682806,300.3461519999337,300.3461519999337,0.0
124571.52000772487,0.0,4.042080001281288,0.0,0.7999999999999882,300.34615230682806,300.3461519999337,300.3461519999337,0.0
124583.04001544976,0.0,4.04208000128129,0.0,0.7999999999999882,300.34615230682806,300.3461519999337,300.3461519999337,0.0
124606.08003089952,0.0,4.0420800012812865,0.0,0.7999999999999882,300.34615230682806,300.3461519999337,300.3461519999337,0.0
124652.16006179905,0.0,4.042080001281288,0.0,0.7999999999999882,300.34615230682806,300.3461519999337,300.3461519999337,0.0
124744.3201235981,0.0,4.042080001281281,0.0,0.7999999999999882,300.34615230682806,300.3461519999337,300.3461519999337,0.0
124920.0,0.0,4.042080001281278,0.0,0.7999999999999882,300.34615230682806,300.3461519999337,300.3461519999337,0.0
124921.08000096561,0.0,4.042080001281278,0.0,0.7999999999999882,300.34615230682806,300.3461519999337,300.3461519999337,0.0
124922.16000193122,0.0,4.042080001281278,0.0,0.7999999999999882,300.34615230682806,300.3461519999337,300.3461519999337,0.0
124924.32000386243,0.0,4.042080001281279,0.0,0.7999999999999882,300.34615230682806,300.3461519999337,300.3461519999337,0.0
124928.64000772487,0.0,4.042080001281278,0.0,0.7999999999999882,300.34615230682806,300.3461519999337,300.3461519999337,0.0
124937.28001544977,0.0,4.042080001281279,0.0,0.7999999999999882,300.34615230682806,300.3461519999337,300.3461519999337,0.0
124954.56003089952,0.0,4.042080001281279,0.0,0.7999999999999882,300.34615230682806,300.3461519999337,300.3461519999337,0.0
124989.12006179904,0.0,4.042080001281272,0.0,0.7999999999999882,300.34615230682806,300.3461519999337,300.3461519999337,0.0
125058.2401235981,0.0,4.0420800012812705,0.0,0.7999999999999882,300.34615230682806,300.3461519999337,300.3461519999337,0.0
125196.48024719619,0.0,4.042080001281272,0.0,0.7999999999999882,300.34615230682806,300.3461519999337,300.3461519999337,0.0
125280.0,0.0,4.0420800012812705,0.0,0.7999999999999882,300.34615230682806,300.3461519999337,300.3461519999337,0.0
125280.72000096561,0.0,4.0420800012812705,0.0,0.7999999999999882,300.34615230682806,300.3461519999337,300.3461519999337,0.0
125281.44000193122,0.0,4.0420800012812705,0.0,0.7999999999999882,300.34615230682806,300.3461519999337,300.3461519999337,0.0
125282.88000386243,0.0,4.0420800012812705,0.0,0.7999999999999882,300.34615230682806,300.3461519999337,300.3461519999337,0.0
125285.76000772488,0.0,4.0420800012812705,0.0,0.7999999999999882,300.34615230682806,300.3461519999337,300.3461519999337,0.0
125291.52001544976,0.0,4.042080001281272,0.0,0.7999999999999882,300.34615230682806,300.3461519999337,300.3461519999337,0.0
125303.04003089952,0.0,4.042080001281272,0.0,0.7999999999999882,300.34615230682806,300.3461519999337,300.3461519999337,0.0
125326.08006179905,0.0,4.042080001281272,0.0,0.7999999999999882,300.34615230682806,300.3461519999337,300.3461519999337,0.0
125372.16012359809,0.0,4.042080001281269,0.0,0.7999999999999882,300.34615230682806,300.3461519999337,300.3461519999337,0.0
125464.32024719618,0.0,4.042080001281269,0.0,0.7999999999999882,300.34615230682806,300.3461519999337,300.3461519999337,0.0
125640.0,0.0,4.0420800012812705,0.0,0.7999999999999882,300.34615230682806,300.3461519999337,300.3461519999337,0.0
125640.36000096561,0.0,4.0420800012812705,0.0,0.7999999999999882,300.34615230682806,300.3461519999337,300.3461519999337,0.0
125640.72000193121,0.0,4.0420800012812705,0.0,0.7999999999999882,300.34615230682806,300.3461519999337,300.3461519999337,0.0
125641.44000386243,0.0,4.0420800012812705,0.0,0.7999999999999882,300.34615230682806,300.3461519999337,300.3461519999337,0.0
125642.88000772487,0.0,4.0420800012812705,0.0,0.7999999999999882,300.34615230682806,300.3461519999337,300.3461519999337,0.0
125645.76001544975,0.0,4.0420800012812705,0.0,0.7999999999999882,300.34615230682806,300.3461519999337,300.3461519999337,0.0
125651.52003089953,0.0,4.0420800012812705,0.0,0.7999999999999882,300.34615230682806,300.3461519999337,300.3461519999337,0.0
125663.04006179905,0.0,4.0420800012812705,0.0,0.7999999999999882,300.34615230682806,300.3461519999337,300.3461519999337,0.0
125686.0801235981,0.0,4.042080001281267,0.0,0.7999999999999882,300.34615230682806,300.3461519999337,300.3461519999337,0.0
125732.1602471962,0.0,4.042080001281267,0.0,0.7999999999999882,300.34615230682806,300.3461519999337,300.3461519999337,0.0
125824.32049439239,0.0,4.042080001281269,0.0,0.7999999999999882,300.34615230682806,300.3461519999337,300.3461519999337,0.0
126000.0,0.0,4.042080001281269,0.0,0.7999999999999882,300.34615230682806,300.3461519999337,300.3461519999337,0.0
129600.0,0.0,4.042080001281269,0.0,0.7999999999999882,299.39264148817733,299.3926409999797,299.3926409999797,0.0
129603.60000101925,0.0,4.042080001281269,0.0,0.7999999999999882,299.39264148817733,299.3926409999797,299.3926409999797,0.0
129607.2000020385,0.0,4.042080001281269,0.0,0.7999999999999882,299.39264148817733,299.3926409999797,299.3926409999797,0.0
129614.40000407702,0.0,4.042080001281269,0.0,0.7999999999999882,299.39264148817733,299.3926409999797,299.3926409999797,0.0
129628.80000815404,0.0,4.042080001281267,0.0,0.7999999999999882,299.39264148817733,299.3926409999797,299.3926409999797,0.0
129657.60001630808,0.0,4.042080001281267,0.0,0.7999999999999882,299.39264148817733,299.3926409999797,299.3926409999797,0.0
129715.20003261615,0.0,4.042080001281269,0.0,0.7999999999999882,299.39264148817733,299.3926409999797,299.3926409999797,0.0
129830.40006523227,0.0,4.042080001281269,0.0,0.7999999999999882,299.39264148817733,299.3926409999797,299.3926409999797,0.0
129960.0,0.0,4.042080001281269,0.0,0.7999999999999882,299.39264148817733,299.3926409999797,299.3926409999797,0.0
129963.24000101927,0.0,4.042080001281269,0.0,0.7999999999999882,299.39264148817733,299.3926409999797,299.3926409999797,0.0
129966.48000203852,0.0,4.042080001281269,0.0,0.7999999999999882,299.39264148817733,299.3926409999797,299.3926409999797,0.0
129972.96000407703,0.0,4.042080001281269,0.0,0.7999999999999882,299.39264148817733,299.3926409999797,299.3926409999797,0.0
129985.92000815403,0.0,4.042080001281269,0.0,0.7999999999999882,299.39264148817733,299.3926409999797,299.3926409999797,0.0
130011.84001630807,0.0,4.042080001281269,0.0,0.7999999999999882,299.39264148817733,299.3926409999797,299.3926409999797,0.0
130063.68003261613,0.0,4.042080001281269,0.0,0.7999999999999882,299.39264148817733,299.3926409999797,299.3926409999797,0.0
130167.36006523228,0.0,4.0420800012812705,0.0,0.7999999999999882,299.39264148817733,299.3926409999797,299.3926409999797,0.0
130320.0,0.0,4.042080001281267,0.0,0.7999999999999882,299.39264148817733,299.3926409999797,299.3926409999797,0.0
130322.88000101925,0.0,4.042080001281267,0.0,0.7999999999999882,299.39264148817733,299.3926409999797,299.3926409999797,0.0
130325.76000203851,0.0,4.042080001281267,0.0,0.7999999999999882,299.39264148817733,299.3926409999797,299.3926409999797,0.0
130331.52000407703,0.0,4.042080001281267,0.0,0.7999999999999882,299.39264148817733,299.3926409999797,299.3926409999797,0.0
130343.04000815404,0.0,4.042080001281267,0.0,0.7999999999999882,299.39264148817733,299.3926409999797,299.3926409999797,0.0
130366.08001630807,0.0,4.0420800012812705,0.0,0.7999999999999882,299.39264148817733,299.3926409999797,299.3926409999797,0.0
130412.16003261614,0.0,4.042080001281267,0.0,0.7999999999999882,299.39264148817733,299.3926409999797,299.3926409999797,0.0
130504.32006523228,0.0,4.042080001281267,0.0,0.7999999999999882,299.39264148817733,299.3926409999797,299.3926409999797,0.0
130680.0,0.0,4.042080001281267,0.0,0.7999999999999882,299.39264148817733,299.3926409999797,299.3926409999797,0.0
130682.52000101925,0.0,4.042080001281267,0.0,0.7999999999999882,299.39264148817733,299.3926409999797,299.3926409999797,0.0
130685.0400020385,0.0,4.042080001281267,0.0,0.7999999999999882,299.39264148817733,299.3926409999797,299.3926409999797,0.0
130690.08000407701,0.0,4.042080001281267,0.0,0.7999999999999882,299.39264148817733,299.3926409999797,299.3926409999797,0.0
130700.16000815402,0.0,4.042080001281267,0.0,0.7999999999999882,299.39264148817733,299.3926409999797,299.3926409999797,0.0
130720.32001630806,0.0,4.042080001281267,0.0,0.7999999999999882,299.39264148817733,299.3926409999797,299.3926409999797,0.0
130760.64003261614,0.0,4.042080001281267,0.0,0.7999999999999882,299.39264148817733,299.3926409999797,299.3926409999797,0.0
130841.28006523228,0.0,4.0420800012812705,0.0,0.7999999999999882,299.39264148817733,299.3926409999797,299.3926409999797,0.0
131002.56013046455,0.0,4.042080001281267,0.0,0.7999999999999882,299.39264148817733,299.3926409999797,299.3926409999797,0.0
131040.0,0.0,4.042080001281267,0.0,0.7999999999999882,299.39264148817733,299.3926409999797,299.3926409999797,0.0
131042.16000101925,0.0,4.042080001281267,0.0,0.7999999999999882,299.39264148817733,299.3926409999797,299.3926409999797,0.0
131044.3200020385,0.0,4.042080001281267,0.0,0.7999999999999882,299.39264148817733,299.3926409999797,299.3926409999797,0.0
131048.64000407701,0.0,4.042080001281267,0.0,0.7999999999999882,299.39264148817733,299.3926409999797,299.3926409999797,0.0
131057.28000815403,0.0,4.042080001281267,0.0,0.7999999999999882,299.39264148817733,299.3926409999797,299.3926409999797,0.0
131074.56001630807,0.0,4.042080001281267,0.0,0.7999999999999882,299.39264148817733,299.3926409999797,299.3926409999797,0.0
131109.12003261613,0.0,4.042080001281267,0.0,0.7999999999999882,299.39264148817733,299.3926409999797,299.3926409999797,0.0
131178.24006523227,0.0,4.0420800012812705,0.0,0.7999999999999882,299.39264148817733,299.3926409999797,299.3926409999797,0.0
131316.48013046454,0.0,4.042080001281267,0.0,0.7999999999999882,299.39264148817733,299.3926409999797,299.3926409999797,0.0
131400.0,0.0,4.042080001281267,0.0,0.7999999999999882,299.39264148817733,299.3926409999797,299.3926409999797,0.0
131401.80000101926,0.0,4.042080001281267,0.0,0.7999999999999882,299.39264148817733,299.3926409999797,299.3926409999797,0.0
131403.6000020385,0.0,4.042080001281267,0.0,0.7999999999999882,299.39264148817733,299.3926409999797,299.3926409999797,0.0
131407.200004077,0.0,4.042080001281267,0.0,0.7999999999999882,299.39264148817733,299.3926409999797,299.3926409999797,0.0
131414.40000815404,0.0,4.042080001281267,0.0,0.7999999999999882,299.39264148817733,299.3926409999797,299.3926409999797,0.0
131428.80001630806,0.0,4.042080001281267,0.0,0.7999999999999882,299.39264148817733,299.3926409999797,299.3926409999797,0.0
131457.60003261612,0.0,4.042080001281267,0.0,0.7999999999999882,299.39264148817733,299.3926409999797,299.3926409999797,0.0
131515.2000652323,0.0,4.0420800012812705,0.0,0.7999999999999882,299.39264148817733,299.3926409999797,299.3926409999797,0.0
131630.40013046455,0.0,4.042080001281267,0.0,0.7999999999999882,299.39264148817733,299.3926409999797,299.3926409999797,0.0
131760.0,0.0,4.042080001281269,0.0,0.7999999999999882,299.39264148817733,299.3926409999797,299.3926409999797,0.0
131761.44000101925,0.0,4.042080001281269,0.0,0.7999999999999882,299.39264148817733,299.3926409999797,299.3926409999797,0.0
131762.8800020385,0.0,4.042080001281269,0.0,0.7999999999999882,299.39264148817733,299.3926409999797,299.3926409999797,0.0
131765.760004077,0.0,4.042080001281269,0.0,0.7999999999999882,299.39264148817733,299.3926409999797,299.3926409999797,0.0
131771.52000815404,0.0,4.042080001281269,0.0,0.7999999999999882,299.39264148817733,299.3926409999797,299.3926409999797,0.0
131783.04001630808,0.0,4.042080001281269,0.0,0.7999999999999882,299.39264148817733,299.3926409999797,299.3926409999797,0.0
131806.08003261613,0.0,4.0420800012812705,0.0,0.7999999999999882,299.39264148817733,299.3926409999797,299.3926409999797,0.0
131852.16006523225,0.0,4.0420800012812705,0.0,0.7999999999999882,299.39264148817733,299.3926409999797,299.3926409999797,0.0
131944.32013046456,0.0,4.042080001281269,0.0,0.7999999999999882,299.39264148817733,299.3926409999797,299.3926409999797,0.0
132120.0,0.0,4.042080001281269,0.0,0.7999999999999882,299.39264148817733,299.3926409999797,299.3926409999797,0.0
132121.08000101926,0.0,4.042080001281269,0.0,0.7999999999999882,299.39264148817733,299.3926409999797,299.3926409999797,0.0
132122.16000203852,0.0,4.042080001281269,0.0,0.7999999999999882,299.39264148817733,299.3926409999797,299.3926409999797,0.0
132124.32000407705,0.0,4.042080001281269,0.0,0.7999999999999882,299.39264148817733,299.3926409999797,299.3926409999797,0.0
132128.64000815403,0.0,4.042080001281269,0.0,0.7999999999999882,299.39264148817733,299.3926409999797,299.3926409999797,0.0
132137.28001630807,0.0,4.042080001281269,0.0,0.7999999999999882,299.39264148817733,299.3926409999797,299.3926409999797,0.0
132154.56003261614,0.0,4.042080001281269,0.0,0.7999999999999882,299.39264148817733,299.3926409999797,299.3926409999797,0.0
132189.12006523227,0.0,4.042080001281269,0.0,0.7999999999999882,299.39264148817733,299.3926409999797,299.3926409999797,0.0
132258.24013046455,0.0,4.042080001281269,0.0,0.7999999999999882,299.39264148817733,299.3926409999797,299.3926409999797,0.0
132396.48026092912,0.0,4.0420800012812705,0.0,0.7999999999999882,299.39264148817733,299.3926409999797,299.3926409999797,0.0
132480.0,0.0,4.042080001281272,0.0,0.7999999999999882,299.39264148817733,299.3926409999797,299.3926409999797,0.0
132480.72000101925,0.0,4.042080001281272,0.0,0.7999999999999882,299.39264148817733,299.3926409999797,299.3926409999797,0.0
132481.44000203852,0.0,4.042080001281272,0.0,0.7999999999999882,299.39264148817733,299.3926409999797,299.3926409999797,0.0
132482.88000407704,0.0,4.042080001281272,0.0,0.7999999999999882,299.39264148817733,299.3926409999797,299.3926409999797,0.0
132485.76000815403,0.0,4.042080001281272,0.0,0.7999999999999882,299.39264148817733,299.3926409999797,299.3926409999797,0.0
132491.52001630806,0.0,4.042080001281272,0.0,0.7999999999999882,299.39264148817733,299.3926409999797,299.3926409999797,0.0
132503.04003261615,0.0,4.0420800012812705,0.0,0.7999999999999882,299.39264148817733,299.3926409999797,299.3926409999797,0.0
132526.0800652323,0.0,4.042080001281269,0.0,0.7999999999999882,299.39264148817733,299.3926409999797,299.3926409999797,0.0
132572.16013046456,0.0,4.042080001281269,0.0,0.7999999999999882,299.39264148817733,299.3926409999797,299.3926409999797,0.0
132664.32026092912,0.0,4.042080001281272,0.0,0.7999999999999882,299.39264148817733,299.3926409999797,299.3926409999797,0.0
132840.0,0.0,4.042080001281272,0.0,0.7999999999999882,299.39264148817733,299.3926409999797,299.3926409999797,0.0
132840.36000101926,0.0,4.042080001281272,0.0,0.7999999999999882,299.39264148817733,299.3926409999797,299.3926409999797,0.0
132840.72000203852,0.0,4.042080001281272,0.0,0.7999999999999882,299.39264148817733,299.3926409999797,299.3926409999797,0.0
132841.44000407704,0.0,4.042080001281272,0.0,0.7999999999999882,299.39264148817733,299.3926409999797,299.3926409999797,0.0
132842.88000815402,0.0,4.042080001281272,0.0,0.7999999999999882,299.39264148817733,299.3926409999797,299.3926409999797,0.0
132845.76001630808,0.0,4.042080001281272,0.0,0.7999999999999882,299.39264148817733,299.3926409999797,299.3926409999797,0.0
132851.52003261616,0.0,4.042080001281272,0.0,0.7999999999999882,299.39264148817733,299.3926409999797,299.3926409999797,0.0
132863.0400652323,0.0,4.042080001281272,0.0,0.7999999999999882,299.39264148817733,299.3926409999797,299.3926409999797,0.0
132886.08013046457,0.0,4.042080001281272,0.0,0.7999999999999882,299.39264148817733,299.3926409999797,299.3926409999797,0.0
132932.16026092911,0.0,4.042080001281272,0.0,0.7999999999999882,299.39264148817733,299.3926409999797,299.3926409999797,0.0
133024.32052185823,0.0,4.042080001281274,0.0,0.7999999999999882,299.39264148817733,299.3926409999797,299.3926409999797,0.0
133200.0,0.0,4.0420800012812705,0.0,0.7999999999999882,299.39264148817733,299.3926409999797,299.3926409999797,0.0
136800.0,0.0,4.0420800012812705,0.0,0.7999999999999882,298.15000063624825,298.150000000016,298.150000000016,0.0
136803.60000107292,0.0,4.0420800012812705,0.0,0.7999999999999882,298.15000063624825,298.150000000016,298.150000000016,0.0
136807.20000214584,0.0,4.0420800012812705,0.0,0.7999999999999882,298.15000063624825,298.150000000016,298.150000000016,0.0
136814.40000429162,0.0,4.0420800012812705,0.0,0.7999999999999882,298.15000063624825,298.150000000016,298.150000000016,0.0
136828.8000085832,0.0,4.0420800012812705,0.0,0.7999999999999882,298.15000063624825,298.150000000016,298.150000000016,0.0
136857.6000171664,0.0,4.0420800012812705,0.0,0.7999999999999882,298.15000063624825,298.150000000016,298.150000000016,0.0
136915.20003433275,0.0,4.0420800012812705,0.0,0.7999999999999882,298.15000063624825,298.150000000016,298.150000000016,0.0
137030.4000686655,0.0,4.0420800012812705,0.0,0.7999999999999882,298.15000063624825,298.150000000016,298.150000000016,0.0
137160.0,0.0,4.042080001281274,0.0,0.7999999999999882,298.15000063624825,298.150000000016,298.150000000016,0.0
137163.2400010729,0.0,4.042080001281274,0.0,0.7999999999999882,298.15000063624825,298.150000000016,298.150000000016,0.0
137166.4800021458,0.0,4.042080001281274,0.0,0.7999999999999882,298.15000063624825,298.150000000016,298.150000000016,0.0
137172.9600042916,0.0,4.042080001281274,0.0,0.7999999999999882,298.15000063624825,298.150000000016,298.150000000016,0.0
137185.9200085832,0.0,4.042080001281274,0.0,0.7999999999999882,298.15000063624825,298.150000000016,298.150000000016,0.0
137211.8400171664,0.0,4.042080001281274,0.0,0.7999999999999882,298.15000063624825,298.150000000016,298.150000000016,0.0
137263.68003433276,0.0,4.042080001281274,0.0,0.7999999999999882,298.15000063624825,298.150000000016,298.150000000016,0.0
137367.36006866553,0.0,4.042080001281274,0.0,0.7999999999999882,298.15000063624825,298.150000000016,298.150000000016,0.0
137520.0,0.0,4.042080001281274,0.0,0.7999999999999882,298.15000063624825,298.150000000016,298.150000000016,0.0
137522.8800010729,0.0,4.042080001281274,0.0,0.7999999999999882,298.15000063624825,298.150000000016,298.150000000016,0.0
137525.7600021458,0.0,4.042080001281274,0.0,0.7999999999999882,298.15000063624825,298.150000000016,298.150000000016,0.0
137531.5200042916,0.0,4.042080001281274,0.0,0.7999999999999882,298.15000063624825,298.150000000016,298.150000000016,0.0
137543.0400085832,0.0,4.042080001281274,0.0,0.7999999999999882,298.15000063624825,298.150000000016,298.150000000016,0.0
137566.0800171664,0.0,4.042080001281274,0.0,0.7999999999999882,298.15000063624825,298.150000000016,298.150000000016,0.0
137612.16003433277,0.0,4.042080001281272,0.0,0.7999999999999882,298.15000063624825,298.150000000016,298.150000000016,0.0
137704.32006866552,0.0,4.042080001281274,0.0,0.7999999999999882,298.15000063624825,298.150000000016,298.150000000016,0.0
137880.0,0.0,4.042080001281274,0.0,0.7999999999999882,298.15000063624825,298.150000000016,298.150000000016,0.0
137882.5200010729,0.0,4.042080001281274,0.0,0.7999999999999882,298.15000063624825,298.150000000016,298.150000000016,0.0
137885.0400021458,0.0,4.042080001281274,0.0,0.7999999999999882,298.15000063624825,298.150000000016,298.150000000016,0.0
137890.0800042916,0.0,4.042080001281274,0.0,0.7999999999999882,298.15000063624825,298.150000000016,298.150000000016,0.0
137900.1600085832,0.0,4.042080001281274,0.0,0.7999999999999882,298.15000063624825,298.150000000016,298.150000000016,0.0
137920.32001716638,0.0,4.042080001281274,0.0,0.7999999999999882,298.15000063624825,298.150000000016,298.150000000016,0.0
137960.64003433276,0.0,4.042080001281267,0.0,0.7999999999999882,298.15000063624825,298.150000000016,298.150000000016,0.0
138041.2800686655,0.0,4.042080001281267,0.0,0.7999999999999882,298.15000063624825,298.150000000016,298.150000000016,0.0
138202.56013733102,0.0,4.042080001281272,0.0,0.7999999999999882,298.15000063624825,298.150000000016,298.150000000016,0.0
138240.0,0.0,4.042080001281272,0.0,0.7999999999999882,298.15000063624825,298.150000000016,298.150000000016,0.0
138242.16000107292,0.0,4.042080001281272,0.0,0.7999999999999882,298.15000063624825,298.150000000016,298.150000000016,0.0
138244.3200021458,0.0,4.042080001281272,0.0,0.7999999999999882,298.15000063624825,298.150000000016,298.150000000016,0.0
138248.6400042916,0.0,4.042080001281272,0.0,0.7999999999999882,298.15000063624825,298.150000000016,298.150000000016,0.0
138257.2800085832,0.0,4.042080001281272,0.0,0.7999999999999882,298.15000063624825,298.150000000016,298.150000000016,0.0
138274.56001716637,0.0,4.042080001281272,0.0,0.7999999999999882,298.15000063624825,298.150000000016,298.150000000016,0.0
138309.12003433277,0.0,4.042080001281272,0.0,0.7999999999999882,298.15000063624825,298.150000000016,298.150000000016,0.0
138378.24006866553,0.0,4.042080001281272,0.0,0.7999999999999882,298.15000063624825,298.150000000016,298.150000000016,0.0
138516.480137331,0.0,4.042080001281267,0.0,0.7999999999999882,298.15000063624825,298.150000000016,298.150000000016,0.0
138600.0,0.0,4.042080001281269,0.0,0.7999999999999882,298.15000063624825,298.150000000016,298.150000000016,0.0
138601.8000010729,0.0,4.042080001281269,0.0,0.7999999999999882,298.15000063624825,298.150000000016,298.150000000016,0.0
138603.6000021458,0.0,4.042080001281269,0.0,0.7999999999999882,298.15000063624825,298.150000000016,298.150000000016,0.0
138607.2000042916,0.0,4.042080001281269,0.0,0.7999999999999882,298.15000063624825,298.150000000016,298.150000000016,0.0
138614.4000085832,0.0,4.042080001281269,0.0,0.7999999999999882,298.15000063624825,298.150000000016,298.150000000016,0.0
138628.8000171664,0.0,4.042080001281269,0.0,0.7999999999999882,298.15000063624825,298.150000000016,298.150000000016,0.0
138657.60003433278,0.0,4.042080001281267,0.0,0.7999999999999882,298.15000063624825,298.150000000016,298.150000000016,0.0
138715.2000686655,0.0,4.0420800012812705,0.0,0.7999999999999882,298.15000063624825,298.150000000016,298.150000000016,0.0
138830.40013733102,0.0,4.042080001281269,0.0,0.7999999999999882,298.15000063624825,298.150000000016,298.150000000016,0.0
138960.0,0.0,4.042080001281272,0.0,0.7999999999999882,298.15000063624825,298.150000000016,298.150000000016,0.0
138961.4400010729,0.0,4.042080001281272,0.0,0.7999999999999882,298.15000063624825,298.150000000016,298.150000000016,0.0
138962.8800021458,0.0,4.042080001281272,0.0,0.7999999999999882,298.15000063624825,298.150000000016,298.150000000016,0.0
138965.7600042916,0.0,4.042080001281272,0.0,0.7999999999999882,298.15000063624825,298.150000000016,298.150000000016,0.0
138971.5200085832,0.0,4.042080001281272,0.0,0.7999999999999882,298.15000063624825,298.150000000016,298.150000000016,0.0
138983.04001716638,0.0,4.042080001281272,0.0,0.7999999999999882,298.15000063624825,298.150000000016,298.150000000016,0.0
139006.08003433276,0.0,4.0420800012812705,0.0,0.7999999999999882,298.15000063624825,298.150000000016,298.150000000016,0.0
139052.16006866551,0.0,4.0420800012812705,0.0,0.7999999999999882,298.15000063624825,298.150000000016,298.150000000016,0.0
139144.32013733103,0.0,4.042080001281269,0.0,0.7999999999999882,298.15000063624825,298.150000000016,298.150000000016,0.0
139320.0,0.0,4.042080001281272,0.0,0.7999999999999882,298.15000063624825,298.150000000016,298.150000000016,0.0
139321.0800010729,0.0,4.042080001281272,0.0,0.7999999999999882,298.15000063624825,298.150000000016,298.150000000016,0.0
139322.1600021458,0.0,4.042080001281272,0.0,0.7999999999999882,298.15000063624825,298.150000000016,298.150000000016,0.0
139324.3200042916,0.0,4.042080001281272,0.0,0.7999999999999882,298.15000063624825,298.150000000016,298.150000000016,0.0
139328.6400085832,0.0,4.042080001281272,0.0,0.7999999999999882,298.15000063624825,298.150000000016,298.150000000016,0.0
139337.2800171664,0.0,4.042080001281272,0.0,0.7999999999999882,298.15000063624825,298.150000000016,298.150000000016,0.0
139354.56003433274,0.0,4.042080001281272,0.0,0.7999999999999882,298.15000063624825,298.150000000016,298.150000000016,0.0
139389.1200686655,0.0,4.042080001281272,0.0,0.7999999999999882,298.15000063624825,298.150000000016,298.150000000016,0.0
139458.240137331,0.0,4.042080001281272,0.0,0.7999999999999882,298.15000063624825,298.150000000016,298.150000000016,0.0
139596.48027466203,0.0,4.0420800012812705,0.0,0.7999999999999882,298.15000063624825,298.150000000016,298.150000000016,0.0
139680.0,0.0,4.0420800012812705,0.0,0.7999999999999882,298.15000063624825,298.150000000016,298.150000000016,0.0
139680.7200010729,0.0,4.0420800012812705,0.0,0.7999999999999882,298.15000063624825,298.150000000016,298.150000000016,0.0
139681.4400021458,0.0,4.0420800012812705,0.0,0.7999999999999882,298.15000063624825,298.150000000016,298.150000000016,0.0
139682.8800042916,0.0,4.0420800012812705,0.0,0.7999999999999882,298.15000063624825,298.150000000016,298.150000000016,0.0
139685.7600085832,0.0,4.0420800012812705,0.0,0.7999999999999882,298.15000063624825,298.150000000016,298.150000000016,0.0
139691.5200171664,0.0,4.0420800012812705,0.0,0.7999999999999882,298.15000063624825,298.150000000016,298.150000000016,0.0
139703.04003433278,0.0,4.0420800012812705,0.0,0.7999999999999882,298.15000063624825,298.150000000016,298.150000000016,0.0
139726.0800686655,0.0,4.0420800012812705,0.0,0.7999999999999882,298.15000063624825,298.150000000016,298.150000000016,0.0
139772.160137331,0.0,4.0420800012812705,0.0,0.7999999999999882,298.15000063624825,298.150000000016,298.150000000016,0.0
139864.32027466202,0.0,4.0420800012812705,0.0,0.7999999999999882,298.15000063624825,298.150000000016,298.150000000016,0.0
140040.0,0.0,4.0420800012812705,0.0,0.7999999999999882,298.15000063624825,298.150000000016,298.150000000016,0.0
140040.3600010729,0.0,4.0420800012812705,0.0,0.7999999999999882,298.15000063624825,298.150000000016,298.150000000016,0.0
140040.7200021458,0.0,4.0420800012812705,0.0,0.7999999999999882,298.15000063624825,298.150000000016,298.150000000016,0.0
140041.4400042916,0.0,4.0420800012812705,0.0,0.7999999999999882,298.15000063624825,298.150000000016,298.150000000016,0.0
140042.8800085832,0.0,4.0420800012812705,0.0,0.7999999999999882,298.15000063624825,298.150000000016,298.150000000016,0.0
140045.76001716638,0.0,4.0420800012812705,0.0,0.7999999999999882,298.15000063624825,298.150000000016,298.150000000016,0.0
140051.52003433276,0.0,4.0420800012812705,0.0,0.7999999999999882,298.15000063624825,298.150000000016,298.150000000016,0.0
140063.04006866552,0.0,4.042080001281267,0.0,0.7999999999999882,298.15000063624825,298.150000000016,298.150000000016,0.0
140086.080137331,0.0,4.042080001281267,0.0,0.7999999999999882,298.15000063624825,298.150000000016,298.150000000016,0.0
140132.16027466202,0.0,4.042080001281272,0.0,0.7999999999999882,298.15000063624825,298.150000000016,298.150000000016,0.0
140224.32054932404,0.0,4.042080001281272,0.0,0.7999999999999882,298.15000063624825,298.150000000016,298.150000000016,0.0
140400.0,0.0,4.042080001281278,0.0,0.7999999999999882,298.15000063624825,298.150000000016,298.150000000016,0.0
144000.0,0.0,4.042080001281278,0.0,0.7999999999999882,296.7029147408976,296.7029139999895,296.7029139999895,0.0
144003.60000112656,0.0,4.042080001281278,0.0,0.7999999999999882,296.7029147408976,296.7029139999895,296.7029139999895,0.0
144007.2000022531,0.0,4.042080001281278,0.0,0.7999999999999882,296.7029147408976,296.7029139999895,296.7029139999895,0.0
144014.40000450617,0.0,4.042080001281278,0.0,0.7999999999999882,296.7029147408976,296.7029139999895,296.7029139999895,0.0
144028.80000901234,0.0,4.042080001281278,0.0,0.7999999999999882,296.7029147408976,296.7029139999895,296.7029139999895,0.0
144057.60001802468,0.0,4.042080001281278,0.0,0.7999999999999882,296.7029147408976,296.7029139999895,296.7029139999895,0.0
144115.20003604935,0.0,4.042080001281278,0.0,0.7999999999999882,296.7029147408976,296.7029139999895,296.7029139999895,0.0
144230.40007209874,0.0,4.042080001281276,0.0,0.7999999999999882,296.7029147408976,296.7029139999895,296.7029139999895,0.0
144360.0,0.0,4.042080001281278,0.0,0.7999999999999882,296.7029147408976,296.7029139999895,296.7029139999895,0.0
144363.24000112654,0.0,4.042080001281278,0.0,0.7999999999999882,296.7029147408976,296.7029139999895,296.7029139999895,0.0
144366.48000225308,0.0,4.042080001281278,0.0,0.7999999999999882,296.7029147408976,296.7029139999895,296.7029139999895,0.0
144372.96000450617,0.0,4.042080001281278,0.0,0.7999999999999882,296.7029147408976,296.7029139999895,296.7029139999895,0.0
144385.92000901233,0.0,4.042080001281278,0.0,0.7999999999999882,296.7029147408976,296.7029139999895,296.7029139999895,0.0
144411.84001802467,0.0,4.042080001281276,0.0,0.7999999999999882,296.7029147408976,296.7029139999895,296.7029139999895,0.0
144463.68003604937,0.0,4.042080001281279,0.0,0.7999999999999882,296.7029147408976,296.7029139999895,296.7029139999895,0.0
144567.36007209873,0.0,4.042080001281278,0.0,0.7999999999999882,296.7029147408976,296.7029139999895,296.7029139999895,0.0
144720.0,0.0,4.042080001281279,0.0,0.7999999999999882,296.7029147408976,296.7029139999895,296.7029139999895,0.0
144722.88000112656,0.0,4.042080001281279,0.0,0.7999999999999882,296.7029147408976,296.7029139999895,296.7029139999895,0.0
144725.76000225308,0.0,4.042080001281279,0.0,0.7999999999999882,296.7029147408976,296.7029139999895,296.7029139999895,0.0
144731.52000450616,0.0,4.042080001281279,0.0,0.7999999999999882,296.7029147408976,296.7029139999895,296.7029139999895,0.0
144743.04000901233,0.0,4.042080001281279,0.0,0.7999999999999882,296.7029147408976,296.7029139999895,296.7029139999895,0.0
144766.08001802466,0.0,4.042080001281279,0.0,0.7999999999999882,296.7029147408976,296.7029139999895,296.7029139999895,0.0
144812.16003604938,0.0,4.042080001281281,0.0,0.7999999999999882,296.7029147408976,296.7029139999895,296.7029139999895,0.0
144904.32007209872,0.0,4.042080001281279,0.0,0.7999999999999882,296.7029147408976,296.7029139999895,296.7029139999895,0.0
145080.0,0.0,4.042080001281281,0.0,0.7999999999999882,296.7029147408976,296.7029139999895,296.7029139999895,0.0
145082.52000112654,0.0,4.042080001281281,0.0,0.7999999999999882,296.7029147408976,296.7029139999895,296.7029139999895,0.0
145085.04000225308,0.0,4.042080001281281,0.0,0.7999999999999882,296.7029147408976,296.7029139999895,296.7029139999895,0.0
145090.08000450616,0.0,4.042080001281281,0.0,0.7999999999999882,296.7029147408976,296.7029139999895,296.7029139999895,0.0
145100.16000901232,0.0,4.042080001281281,0.0,0.7999999999999882,296.7029147408976,296.7029139999895,296.7029139999895,0.0
145120.32001802468,0.0,4.042080001281281,0.0,0.7999999999999882,296.7029147408976,296.7029139999895,296.7029139999895,0.0
145160.64003604936,0.0,4.042080001281279,0.0,0.7999999999999882,296.7029147408976,296.7029139999895,296.7029139999895,0.0
145241.2800720987,0.0,4.042080001281279,0.0,0.7999999999999882,296.7029147408976,296.7029139999895,296.7029139999895,0.0
145402.56014419746,0.0,4.042080001281279,0.0,0.7999999999999882,296.7029147408976,296.7029139999895,296.7029139999895,0.0
145440.0,0.0,4.042080001281279,0.0,0.7999999999999882,296.7029147408976,296.7029139999895,296.7029139999895,0.0
145442.16000112653,0.0,4.042080001281279,0.0,0.7999999999999882,296.7029147408976,296.7029139999895,296.7029139999895,0.0
145444.32000225308,0.0,4.042080001281279,0.0,0.7999999999999882,296.7029147408976,296.7029139999895,296.7029139999895,0.0
145448.64000450616,0.0,4.042080001281279,0.0,0.7999999999999882,296.7029147408976,296.7029139999895,296.7029139999895,0.0
145457.28000901232,0.0,4.042080001281279,0.0,0.7999999999999882,296.7029147408976,296.7029139999895,296.7029139999895,0.0
145474.56001802467,0.0,4.042080001281279,0.0,0.7999999999999882,296.7029147408976,296.7029139999895,296.7029139999895,0.0
145509.12003604934,0.0,4.042080001281279,0.0,0.7999999999999882,296.7029147408976,296.7029139999895,296.7029139999895,0.0
145578.24007209874,0.0,4.042080001281281,0.0,0.7999999999999882,296.7029147408976,296.7029139999895,296.7029139999895,0.0
145716.48014419747,0.0,4.042080001281281,0.0,0.7999999999999882,296.7029147408976,296.7029139999895,296.7029139999895,0.0
145800.0,0.0,4.042080001281279,0.0,0.7999999999999882,296.7029147408976,296.7029139999895,296.7029139999895,0.0
145801.80000112654,0.0,4.042080001281279,0.0,0.7999999999999882,296.7029147408976,296.7029139999895,296.7029139999895,0.0
145803.60000225308,0.0,4.042080001281279,0.0,0.7999999999999882,296.7029147408976,296.7029139999895,296.7029139999895,0.0
145807.20000450616,0.0,4.042080001281279,0.0,0.7999999999999882,296.7029147408976,296.7029139999895,296.7029139999895,0.0
145814.40000901232,0.0,4.042080001281279,0.0,0.7999999999999882,296.7029147408976,296.7029139999895,296.7029139999895,0.0
145828.8000180247,0.0,4.042080001281279,0.0,0.7999999999999882,296.7029147408976,296.7029139999895,296.7029139999895,0.0
145857.60003604938,0.0,4.042080001281279,0.0,0.7999999999999882,296.7029147408976,296.7029139999895,296.7029139999895,0.0
145915.20007209873,0.0,4.042080001281283,0.0,0.7999999999999882,296.7029147408976,296.7029139999895,296.7029139999895,0.0
146030.40014419745,0.0,4.042080001281279,0.0,0.7999999999999882,296.7029147408976,296.7029139999895,296.7029139999895,0.0
146160.0,0.0,4.042080001281281,0.0,0.7999999999999882,296.7029147408976,296.7029139999895,296.7029139999895,0.0
146161.44000112655,0.0,4.042080001281281,0.0,0.7999999999999882,296.7029147408976,296.7029139999895,296.7029139999895,0.0
146162.88000225308,0.0,4.042080001281281,0.0,0.7999999999999882,296.7029147408976,296.7029139999895,296.7029139999895,0.0
146165.76000450616,0.0,4.042080001281281,0.0,0.7999999999999882,296.7029147408976,296.7029139999895,296.7029139999895,0.0
146171.52000901234,0.0,4.042080001281281,0.0,0.7999999999999882,296.7029147408976,296.7029139999895,296.7029139999895,0.0
146183.04001802468,0.0,4.042080001281281,0.0,0.7999999999999882,296.7029147408976,296.7029139999895,296.7029139999895,0.0
146206.08003604936,0.0,4.042080001281279,0.0,0.7999999999999882,296.7029147408976,296.7029139999895,296.7029139999895,0.0
146252.16007209872,0.0,4.042080001281281,0.0,0.7999999999999882,296.7029147408976,296.7029139999895,296.7029139999895,0.0
146344.32014419744,0.0,4.042080001281283,0.0,0.7999999999999882,296.7029147408976,296.7029139999895,296.7029139999895,0.0
146520.0,0.0,4.042080001281283,0.0,0.7999999999999882,296.7029147408976,296.7029139999895,296.7029139999895,0.0
146521.08000112654,0.0,4.042080001281283,0.0,0.7999999999999882,296.7029147408976,296.7029139999895,296.7029139999895,0.0
146522.16000225308,0.0,4.042080001281283,0.0,0.7999999999999882,296.7029147408976,296.7029139999895,296.7029139999895,0.0
146524.32000450615,0.0,4.042080001281283,0.0,0.7999999999999882,296.7029147408976,296.7029139999895,296.7029139999895,0.0
146528.64000901234,0.0,4.042080001281283,0.0,0.7999999999999882,296.7029147408976,296.7029139999895,296.7029139999895,0.0
146537.28001802467,0.0,4.042080001281283,0.0,0.7999999999999882,296.7029147408976,296.7029139999895,296.7029139999895,0.0
146554.56003604934,0.0,4.042080001281283,0.0,0.7999999999999882,296.7029147408976,296.7029139999895,296.7029139999895,0.0
146589.12007209874,0.0,4.042080001281283,0.0,0.7999999999999882,296.7029147408976,296.7029139999895,296.7029139999895,0.0
146658.24014419745,0.0,4.042080001281283,0.0,0.7999999999999882,296.7029147408976,296.7029139999895,296.7029139999895,0.0
146796.4802883949,0.0,4.042080001281285,0.0,0.7999999999999882,296.7029147408976,296.7029139999895,296.7029139999895,0.0
146880.0,0.0,4.042080001281283,0.0,0.7999999999999882,296.7029147408976,296.7029139999895,296.7029139999895,0.0
146880.72000112652,0.0,4.042080001281283,0.0,0.7999999999999882,296.7029147408976,296.7029139999895,296.7029139999895,0.0
146881.44000225308,0.0,4.042080001281283,0.0,0.7999999999999882,296.7029147408976,296.7029139999895,296.7029139999895,0.0
146882.88000450615,0.0,4.042080001281283,0.0,0.7999999999999882,296.7029147408976,296.7029139999895,296.7029139999895,0.0
146885.76000901233,0.0,4.042080001281283,0.0,0.7999999999999882,296.7029147408976,296.7029139999895,296.7029139999895,0.0
146891.52001802466,0.0,4.042080001281283,0.0,0.7999999999999882,296.7029147408976,296.7029139999895,296.7029139999895,0.0
146903.04003604938,0.0,4.042080001281283,0.0,0.7999999999999882,296.7029147408976,296.7029139999895,296.7029139999895,0.0
146926.08007209873,0.0,4.042080001281285,0.0,0.7999999999999882,296.7029147408976,296.7029139999895,296.7029139999895,0.0
146972.16014419746,0.0,4.042080001281283,0.0,0.7999999999999882,296.7029147408976,296.7029139999895,296.7029139999895,0.0
147064.32028839493,0.0,4.042080001281285,0.0,0.7999999999999882,296.7029147408976,296.7029139999895,296.7029139999895,0.0
147240.0,0.0,4.042080001281278,0.0,0.7999999999999882,296.7029147408976,296.7029139999895,296.7029139999895,0.0
147240.36000112654,0.0,4.042080001281278,0.0,0.7999999999999882,296.7029147408976,296.7029139999895,296.7029139999895,0.0
147240.72000225307,0.0,4.042080001281278,0.0,0.7999999999999882,296.7029147408976,296.7029139999895,296.7029139999895,0.0
147241.44000450615,0.0,4.042080001281278,0.0,0.7999999999999882,296.7029147408976,296.7029139999895,296.7029139999895,0.0
147242.88000901236,0.0,4.042080001281278,0.0,0.7999999999999882,296.7029147408976,296.7029139999895,296.7029139999895,0.0
147245.76001802468,0.0,4.042080001281278,0.0,0.7999999999999882,296.7029147408976,296.7029139999895,296.7029139999895,0.0
147251.52003604936,0.0,4.042080001281278,0.0,0.7999999999999882,296.7029147408976,296.7029139999895,296.7029139999895,0.0
147263.04007209872,0.0,4.042080001281278,0.0,0.7999999999999882,296.7029147408976,296.7029139999895,296.7029139999895,0.0
147286.08014419745,0.0,4.042080001281278,0.0,0.7999999999999882,296.7029147408976,296.7029139999895,296.7029139999895,0.0
147332.16028839492,0.0,4.042080001281278,0.0,0.7999999999999882,296.7029147408976,296.7029139999895,296.7029139999895,0.0
147424.32057678985,0.0,4.042080001281278,0.0,0.7999999999999882,296.7029147408976,296.7029139999895,296.7029139999895,0.0
147600.0,0.0,4.042080001281278,0.0,0.7999999999999882,296.7029147408976,296.7029139999895,296.7029139999895,0.0
151200.0,0.0,4.042080001281278,0.0,0.7999999999999882,295.1500007950909,295.14999999999884,295.14999999999884,0.0
151203.6000011802,0.0,4.042080001281278,0.0,0.7999999999999882,295.1500007950909,295.14999999999884,295.14999999999884,0.0
151207.2000023604,0.0,4.042080001281278,0.0,0.7999999999999882,295.1500007950909,295.14999999999884,295.14999999999884,0.0
151214.40000472075,0.0,4.042080001281278,0.0,0.7999999999999882,295.1500007950909,295.14999999999884,295.14999999999884,0.0
151228.8000094415,0.0,4.042080001281278,0.0,0.7999999999999882,295.1500007950909,295.14999999999884,295.14999999999884,0.0
151257.600018883,0.0,4.042080001281278,0.0,0.7999999999999882,295.1500007950909,295.14999999999884,295.14999999999884,0.0
151315.200037766,0.0,4.042080001281278,0.0,0.7999999999999882,295.1500007950909,295.14999999999884,295.14999999999884,0.0
151430.40007553197,0.0,4.042080001281278,0.0,0.7999999999999882,295.1500007950909,295.14999999999884,295.14999999999884,0.0
151560.0,0.0,4.042080001281278,0.0,0.7999999999999882,295.1500007950909,295.14999999999884,295.14999999999884,0.0
151563.24000118018,0.0,4.042080001281278,0.0,0.7999999999999882,295.1500007950909,295.14999999999884,295.14999999999884,0.0
151566.48000236036,0.0,4.042080001281278,0.0,0.7999999999999882,295.1500007950909,295.14999999999884,295.14999999999884,0.0
151572.96000472072,0.0,4.042080001281278,0.0,0.7999999999999882,295.1500007950909,295.14999999999884,295.14999999999884,0.0
151585.9200094415,0.0,4.042080001281278,0.0,0.7999999999999882,295.1500007950909,295.14999999999884,295.14999999999884,0.0
151611.840018883,0.0,4.042080001281278,0.0,0.7999999999999882,295.1500007950909,295.14999999999884,295.14999999999884,0.0
151663.68003776597,0.0,4.042080001281278,0.0,0.7999999999999882,295.1500007950909,295.14999999999884,295.14999999999884,0.0
151767.36007553193,0.0,4.042080001281278,0.0,0.7999999999999882,295.1500007950909,295.14999999999884,295.14999999999884,0.0
151920.0,0.0,4.042080001281278,0.0,0.7999999999999882,295.1500007950909,295.14999999999884,295.14999999999884,0.0
151922.8800011802,0.0,4.042080001281278,0.0,0.7999999999999882,295.1500007950909,295.14999999999884,295.14999999999884,0.0
151925.7600023604,0.0,4.042080001281278,0.0,0.7999999999999882,295.1500007950909,295.14999999999884,295.14999999999884,0.0
151931.52000472078,0.0,4.042080001281278,0.0,0.7999999999999882,295.1500007950909,295.14999999999884,295.14999999999884,0.0
151943.0400094415,0.0,4.042080001281278,0.0,0.7999999999999882,295.1500007950909,295.14999999999884,295.14999999999884,0.0
151966.080018883,0.0,4.042080001281278,0.0,0.7999999999999882,295.1500007950909,295.14999999999884,295.14999999999884,0.0
152012.16003776598,0.0,4.042080001281278,0.0,0.7999999999999882,295.1500007950909,295.14999999999884,295.14999999999884,0.0
152104.32007553196,0.0,4.042080001281278,0.0,0.7999999999999882,295.1500007950909,295.14999999999884,295.14999999999884,0.0
152280.0,0.0,4.042080001281278,0.0,0.7999999999999882,295.1500007950909,295.14999999999884,295.14999999999884,0.0
152282.52000118018,0.0,4.042080001281278,0.0,0.7999999999999882,295.1500007950909,295.14999999999884,295.14999999999884,0.0
152285.0400023604,0.0,4.042080001281278,0.0,0.7999999999999882,295.1500007950909,295.14999999999884,295.14999999999884,0.0
152290.08000472077,0.0,4.042080001281278,0.0,0.7999999999999882,295.1500007950909,295.14999999999884,295.14999999999884,0.0
152300.1600094415,0.0,4.042080001281278,0.0,0.7999999999999882,295.1500007950909,295.14999999999884,295.14999999999884,0.0
152320.32001888298,0.0,4.042080001281278,0.0,0.7999999999999882,295.1500007950909,295.14999999999884,295.14999999999884,0.0
152360.640037766,0.0,4.042080001281278,0.0,0.7999999999999882,295.1500007950909,295.14999999999884,295.14999999999884,0.0
152441.28007553198,0.0,4.042080001281278,0.0,0.7999999999999882,295.1500007950909,295.14999999999884,295.14999999999884,0.0
152602.56015106392,0.0,4.042080001281278,0.0,0.7999999999999882,295.1500007950909,295.14999999999884,295.14999999999884,0.0
152640.0,0.0,4.042080001281278,0.0,0.7999999999999882,295.1500007950909,295.14999999999884,295.14999999999884,0.0
152642.1600011802,0.0,4.042080001281278,0.0,0.7999999999999882,295.1500007950909,295.14999999999884,295.14999999999884,0.0
152644.3200023604,0.0,4.042080001281278,0.0,0.7999999999999882,295.1500007950909,295.14999999999884,295.14999999999884,0.0
152648.64000472077,0.0,4.042080001281278,0.0,0.7999999999999882,295.1500007950909,295.14999999999884,295.14999999999884,0.0
152657.28000944149,0.0,4.042080001281278,0.0,0.7999999999999882,295.1500007950909,295.14999999999884,295.14999999999884,0.0
152674.560018883,0.0,4.042080001281278,0.0,0.7999999999999882,295.1500007950909,295.14999999999884,295.14999999999884,0.0
152709.120037766,0.0,4.042080001281278,0.0,0.7999999999999882,295.1500007950909,295.14999999999884,295.14999999999884,0.0
152778.24007553197,0.0,4.042080001281279,0.0,0.7999999999999882,295.1500007950909,295.14999999999884,295.14999999999884,0.0
152916.48015106394,0.0,4.042080001281278,0.0,0.7999999999999882,295.1500007950909,295.14999999999884,295.14999999999884,0.0
153000.0,0.0,4.042080001281278,0.0,0.7999999999999882,295.1500007950909,295.14999999999884,295.14999999999884,0.0
153001.8000011802,0.0,4.042080001281278,0.0,0.7999999999999882,295.1500007950909,295.14999999999884,295.14999999999884,0.0
153003.60000236038,0.0,4.042080001281278,0.0,0.7999999999999882,295.1500007950909,295.14999999999884,295.14999999999884,0.0
153007.20000472077,0.0,4.042080001281278,0.0,0.7999999999999882,295.1500007950909,295.14999999999884,295.14999999999884,0.0
153014.40000944148,0.0,4.042080001281278,0.0,0.7999999999999882,295.1500007950909,295.14999999999884,295.14999999999884,0.0
153028.800018883,0.0,4.042080001281278,0.0,0.7999999999999882,295.1500007950909,295.14999999999884,295.14999999999884,0.0
153057.60003776598,0.0,4.042080001281279,0.0,0.7999999999999882,295.1500007950909,295.14999999999884,295.14999999999884,0.0
153115.20007553196,0.0,4.042080001281279,0.0,0.7999999999999882,295.1500007950909,295.14999999999884,295.14999999999884,0.0
153230.40015106392,0.0,4.042080001281278,0.0,0.7999999999999882,295.1500007950909,295.14999999999884,295.14999999999884,0.0
153360.0,0.0,4.042080001281279,0.0,0.7999999999999882,295.1500007950909,295.14999999999884,295.14999999999884,0.0
153361.4400011802,0.0,4.042080001281279,0.0,0.7999999999999882,295.1500007950909,295.14999999999884,295.14999999999884,0.0
153362.88000236038,0.0,4.042080001281279,0.0,0.7999999999999882,295.1500007950909,295.14999999999884,295.14999999999884,0.0
153365.76000472077,0.0,4.042080001281279,0.0,0.7999999999999882,295.1500007950909,295.14999999999884,295.14999999999884,0.0
153371.5200094415,0.0,4.042080001281279,0.0,0.7999999999999882,295.1500007950909,295.14999999999884,295.14999999999884,0.0
153383.040018883,0.0,4.042080001281279,0.0,0.7999999999999882,295.1500007950909,295.14999999999884,295.14999999999884,0.0
153406.080037766,0.0,4.042080001281279,0.0,0.7999999999999882,295.1500007950909,295.14999999999884,295.14999999999884,0.0
153452.16007553198,0.0,4.042080001281279,0.0,0.7999999999999882,295.1500007950909,295.14999999999884,295.14999999999884,0.0
153544.3201510639,0.0,4.042080001281279,0.0,0.7999999999999882,295.1500007950909,295.14999999999884,295.14999999999884,0.0
153720.0,0.0,4.042080001281281,0.0,0.7999999999999882,295.1500007950909,295.14999999999884,295.14999999999884,0.0
153721.08000118018,0.0,4.042080001281281,0.0,0.7999999999999882,295.1500007950909,295.14999999999884,295.14999999999884,0.0
153722.16000236038,0.0,4.042080001281281,0.0,0.7999999999999882,295.1500007950909,295.14999999999884,295.14999999999884,0.0
153724.32000472076,0.0,4.042080001281281,0.0,0.7999999999999882,295.1500007950909,295.14999999999884,295.14999999999884,0.0
153728.6400094415,0.0,4.042080001281281,0.0,0.7999999999999882,295.1500007950909,295.14999999999884,295.14999999999884,0.0
153737.280018883,0.0,4.042080001281281,0.0,0.7999999999999882,295.1500007950909,295.14999999999884,295.14999999999884,0.0
153754.560037766,0.0,4.042080001281281,0.0,0.7999999999999882,295.1500007950909,295.14999999999884,295.14999999999884,0.0
153789.12007553197,0.0,4.042080001281281,0.0,0.7999999999999882,295.1500007950909,295.14999999999884,295.14999999999884,0.0
153858.24015106395,0.0,4.042080001281279,0.0,0.7999999999999882,295.1500007950909,295.14999999999884,295.14999999999884,0.0
153996.48030212783,0.0,4.042080001281279,0.0,0.7999999999999882,295.1500007950909,295.14999999999884,295.14999999999884,0.0
154080.0,0.0,4.042080001281281,0.0,0.7999999999999882,295.1500007950909,295.14999999999884,295.14999999999884,0.0
154080.7200011802,0.0,4.042080001281281,0.0,0.7999999999999882,295.1500007950909,295.14999999999884,295.14999999999884,0.0
154081.44000236038,0.0,4.042080001281281,0.0,0.7999999999999882,295.1500007950909,295.14999999999884,295.14999999999884,0.0
154082.88000472076,0.0,4.042080001281281,0.0,0.7999999999999882,295.1500007950909,295.14999999999884,295.14999999999884,0.0
154085.7600094415,0.0,4.042080001281281,0.0,0.7999999999999882,295.1500007950909,295.14999999999884,295.14999999999884,0.0
154091.520018883,0.0,4.042080001281281,0.0,0.7999999999999882,295.1500007950909,295.14999999999884,295.14999999999884,0.0
154103.04003776598,0.0,4.042080001281281,0.0,0.7999999999999882,295.1500007950909,295.14999999999884,295.14999999999884,0.0
154126.08007553197,0.0,4.042080001281281,0.0,0.7999999999999882,295.1500007950909,295.14999999999884,295.14999999999884,0.0
154172.16015106393,0.0,4.042080001281281,0.0,0.7999999999999882,295.1500007950909,295.14999999999884,295.14999999999884,0.0
154264.32030212786,0.0,4.042080001281279,0.0,0.7999999999999882,295.1500007950909,295.14999999999884,295.14999999999884,0.0
154440.0,0.0,4.042080001281279,0.0,0.7999999999999882,295.1500007950909,295.14999999999884,295.14999999999884,0.0
154440.3600011802,0.0,4.042080001281279,0.0,0.7999999999999882,295.1500007950909,295.14999999999884,295.14999999999884,0.0
154440.72000236038,0.0,4.042080001281279,0.0,0.7999999999999882,295.1500007950909,295.14999999999884,295.14999999999884,0.0
154441.44000472076,0.0,4.042080001281279,0.0,0.7999999999999882,295.1500007950909,295.14999999999884,295.14999999999884,0.0
154442.88000944152,0.0,4.042080001281279,0.0,0.7999999999999882,295.1500007950909,295.14999999999884,295.14999999999884,0.0
154445.76001888298,0.0,4.042080001281279,0.0,0.7999999999999882,295.1500007950909,295.14999999999884,295.14999999999884,0.0
154451.520037766,0.0,4.042080001281279,0.0,0.7999999999999882,295.1500007950909,295.14999999999884,295.14999999999884,0.0
154463.040075532,0.0,4.042080001281279,0.0,0.7999999999999882,295.1500007950909,295.14999999999884,295.14999999999884,0.0
154486.0801510639,0.0,4.042080001281279,0.0,0.7999999999999882,295.1500007950909,295.14999999999884,295.14999999999884,0.0
154532.16030212783,0.0,4.042080001281281,0.0,0.7999999999999882,295.1500007950909,295.14999999999884,295.14999999999884,0.0
154624.32060425568,0.0,4.042080001281279,0.0,0.7999999999999882,295.1500007950909,295.14999999999884,295.14999999999884,0.0
154800.0,0.0,4.042080001281279,0.0,0.7999999999999882,295.1500007950909,295.14999999999884,295.14999999999884,0.0
158400.0,0.0,4.042080001281279,0.0,0.7999999999999882,293.59708679510226,293.5970860000102,293.5970860000102,0.0
158403.60000123386,0.0,4.042080001281279,0.0,0.7999999999999882,293.59708679510226,293.5970860000102,293.5970860000102,0.0
158407.20000246767,0.0,4.042080001281279,0.0,0.7999999999999882,293.59708679510226,293.5970860000102,293.5970860000102,0.0
158414.40000493533,0.0,4.042080001281279,0.0,0.7999999999999882,293.59708679510226,293.5970860000102,293.5970860000102,0.0
158428.80000987067,0.0,4.042080001281279,0.0,0.7999999999999882,293.59708679510226,293.5970860000102,293.5970860000102,0.0
158457.60001974134,0.0,4.042080001281279,0.0,0.7999999999999882,293.59708679510226,293.5970860000102,293.5970860000102,0.0
158515.20003948262,0.0,4.042080001281283,0.0,0.7999999999999882,293.59708679510226,293.5970860000102,293.5970860000102,0.0
158630.4000789652,0.0,4.042080001281279,0.0,0.7999999999999882,293.59708679510226,293.5970860000102,293.5970860000102,0.0
158760.0,0.0,4.042080001281283,0.0,0.7999999999999882,293.59708679510226,293.5970860000102,293.5970860000102,0.0
158763.24000123382,0.0,4.042080001281283,0.0,0.7999999999999882,293.59708679510226,293.5970860000102,293.5970860000102,0.0
158766.48000246767,0.0,4.042080001281283,0.0,0.7999999999999882,293.59708679510226,293.5970860000102,293.5970860000102,0.0
158772.96000493533,0.0,4.042080001281283,0.0,0.7999999999999882,293.59708679510226,293.5970860000102,293.5970860000102,0.0
158785.92000987066,0.0,4.042080001281283,0.0,0.7999999999999882,293.59708679510226,293.5970860000102,293.5970860000102,0.0
158811.8400197413,0.0,4.042080001281283,0.0,0.7999999999999882,293.59708679510226,293.5970860000102,293.5970860000102,0.0
158863.6800394826,0.0,4.042080001281283,0.0,0.7999999999999882,293.59708679510226,293.5970860000102,293.5970860000102,0.0
158967.3600789652,0.0,4.042080001281279,0.0,0.7999999999999882,293.59708679510226,293.5970860000102,293.5970860000102,0.0
159120.0,0.0,4.042080001281279,0.0,0.7999999999999882,293.59708679510226,293.5970860000102,293.5970860000102,0.0
159122.88000123383,0.0,4.042080001281279,0.0,0.7999999999999882,293.59708679510226,293.5970860000102,293.5970860000102,0.0
159125.76000246766,0.0,4.042080001281279,0.0,0.7999999999999882,293.59708679510226,293.5970860000102,293.5970860000102,0.0
159131.52000493533,0.0,4.042080001281279,0.0,0.7999999999999882,293.59708679510226,293.5970860000102,293.5970860000102,0.0
159143.04000987066,0.0,4.042080001281279,0.0,0.7999999999999882,293.59708679510226,293.5970860000102,293.5970860000102,0.0
159166.08001974132,0.0,4.042080001281279,0.0,0.7999999999999882,293.59708679510226,293.5970860000102,293.5970860000102,0.0
159212.16003948258,0.0,4.042080001281279,0.0,0.7999999999999882,293.59708679510226,293.5970860000102,293.5970860000102,0.0
159304.3200789652,0.0,4.042080001281281,0.0,0.7999999999999882,293.59708679510226,293.5970860000102,293.5970860000102,0.0
159480.0,0.0,4.042080001281279,0.0,0.7999999999999882,293.59708679510226,293.5970860000102,293.5970860000102,0.0
159482.52000123385,0.0,4.042080001281279,0.0,0.7999999999999882,293.59708679510226,293.5970860000102,293.5970860000102,0.0
159485.04000246766,0.0,4.042080001281279,0.0,0.7999999999999882,293.59708679510226,293.5970860000102,293.5970860000102,0.0
159490.08000493533,0.0,4.042080001281279,0.0,0.7999999999999882,293.59708679510226,293.5970860000102,293.5970860000102,0.0
159500.16000987065,0.0,4.042080001281279,0.0,0.7999999999999882,293.59708679510226,293.5970860000102,293.5970860000102,0.0
159520.3200197413,0.0,4.042080001281279,0.0,0.7999999999999882,293.59708679510226,293.5970860000102,293.5970860000102,0.0
159560.64003948262,0.0,4.042080001281279,0.0,0.7999999999999882,293.59708679510226,293.5970860000102,293.5970860000102,0.0
159641.28007896518,0.0,4.042080001281283,0.0,0.7999999999999882,293.59708679510226,293.5970860000102,293.5970860000102,0.0
159802.56015793036,0.0,4.042080001281283,0.0,0.7999999999999882,293.59708679510226,293.5970860000102,293.5970860000102,0.0
159840.0,0.0,4.042080001281283,0.0,0.7999999999999882,293.59708679510226,293.5970860000102,293.5970860000102,0.0
159842.16000123383,0.0,4.042080001281283,0.0,0.7999999999999882,293.59708679510226,293.5970860000102,293.5970860000102,0.0
159844.32000246766,0.0,4.042080001281283,0.0,0.7999999999999882,293.59708679510226,293.5970860000102,293.5970860000102,0.0
159848.64000493533,0.0,4.042080001281283,0.0,0.7999999999999882,293.59708679510226,293.5970860000102,293.5970860000102,0.0
159857.28000987065,0.0,4.042080001281283,0.0,0.7999999999999882,293.59708679510226,293.5970860000102,293.5970860000102,0.0
159874.5600197413,0.0,4.042080001281283,0.0,0.7999999999999882,293.59708679510226,293.5970860000102,293.5970860000102,0.0
159909.1200394826,0.0,4.042080001281279,0.0,0.7999999999999882,293.59708679510226,293.5970860000102,293.5970860000102,0.0
159978.2400789652,0.0,4.042080001281279,0.0,0.7999999999999882,293.59708679510226,293.5970860000102,293.5970860000102,0.0
160116.48015793037,0.0,4.042080001281279,0.0,0.7999999999999882,293.59708679510226,293.5970860000102,293.5970860000102,0.0
160200.0,0.0,4.042080001281279,0.0,0.7999999999999882,293.59708679510226,293.5970860000102,293.5970860000102,0.0
160201.80000123382,0.0,4.042080001281279,0.0,0.7999999999999882,293.59708679510226,293.5970860000102,293.5970860000102,0.0
160203.60000246766,0.0,4.042080001281279,0.0,0.7999999999999882,293.59708679510226,293.5970860000102,293.5970860000102,0.0
160207.20000493532,0.0,4.042080001281279,0.0,0.7999999999999882,293.59708679510226,293.5970860000102,293.5970860000102,0.0
160214.40000987065,0.0,4.042080001281279,0.0,0.7999999999999882,293.59708679510226,293.5970860000102,293.5970860000102,0.0
160228.8000197413,0.0,4.042080001281279,0.0,0.7999999999999882,293.59708679510226,293.5970860000102,293.5970860000102,0.0
160257.60003948258,0.0,4.042080001281279,0.0,0.7999999999999882,293.59708679510226,293.5970860000102,293.5970860000102,0.0
160315.20007896516,0.0,4.042080001281279,0.0,0.7999999999999882,293.59708679510226,293.5970860000102,293.5970860000102,0.0
160430.4001579304,0.0,4.042080001281279,0.0,0.7999999999999882,293.59708679510226,293.5970860000102,293.5970860000102,0.0
160560.0,0.0,4.042080001281283,0.0,0.7999999999999882,293.59708679510226,293.5970860000102,293.5970860000102,0.0
160561.44000123383,0.0,4.042080001281283,0.0,0.7999999999999882,293.59708679510226,293.5970860000102,293.5970860000102,0.0
160562.88000246766,0.0,4.042080001281283,0.0,0.7999999999999882,293.59708679510226,293.5970860000102,293.5970860000102,0.0
160565.76000493532,0.0,4.042080001281283,0.0,0.7999999999999882,293.59708679510226,293.5970860000102,293.5970860000102,0.0
160571.52000987064,0.0,4.042080001281283,0.0,0.7999999999999882,293.59708679510226,293.5970860000102,293.5970860000102,0.0
160583.04001974128,0.0,4.042080001281283,0.0,0.7999999999999882,293.59708679510226,293.5970860000102,293.5970860000102,0.0
160606.0800394826,0.0,4.042080001281283,0.0,0.7999999999999882,293.59708679510226,293.5970860000102,293.5970860000102,0.0
160652.1600789652,0.0,4.042080001281283,0.0,0.7999999999999882,293.59708679510226,293.5970860000102,293.5970860000102,0.0
160744.32015793037,0.0,4.042080001281283,0.0,0.7999999999999882,293.59708679510226,293.5970860000102,293.5970860000102,0.0
160920.0,0.0,4.042080001281281,0.0,0.7999999999999882,293.59708679510226,293.5970860000102,293.5970860000102,0.0
160921.08000123384,0.0,4.042080001281281,0.0,0.7999999999999882,293.59708679510226,293.5970860000102,293.5970860000102,0.0
160922.16000246766,0.0,4.042080001281281,0.0,0.7999999999999882,293.59708679510226,293.5970860000102,293.5970860000102,0.0
160924.32000493532,0.0,4.042080001281281,0.0,0.7999999999999882,293.59708679510226,293.5970860000102,293.5970860000102,0.0
160928.64000987064,0.0,4.042080001281281,0.0,0.7999999999999882,293.59708679510226,293.5970860000102,293.5970860000102,0.0
160937.28001974127,0.0,4.042080001281281,0.0,0.7999999999999882,293.59708679510226,293.5970860000102,293.5970860000102,0.0
160954.5600394826,0.0,4.042080001281283,0.0,0.7999999999999882,293.59708679510226,293.5970860000102,293.5970860000102,0.0
160989.12007896518,0.0,4.042080001281281,0.0,0.7999999999999882,293.59708679510226,293.5970860000102,293.5970860000102,0.0
161058.24015793036,0.0,4.042080001281281,0.0,0.7999999999999882,293.59708679510226,293.5970860000102,293.5970860000102,0.0
161196.48031586074,0.0,4.042080001281281,0.0,0.7999999999999882,293.59708679510226,293.5970860000102,293.5970860000102,0.0
161280.0,0.0,4.042080001281281,0.0,0.7999999999999882,293.59708679510226,293.5970860000102,293.5970860000102,0.0
161280.72000123383,0.0,4.042080001281281,0.0,0.7999999999999882,293.59708679510226,293.5970860000102,293.5970860000102,0.0
161281.44000246766,0.0,4.042080001281281,0.0,0.7999999999999882,293.59708679510226,293.5970860000102,293.5970860000102,0.0
161282.88000493532,0.0,4.042080001281281,0.0,0.7999999999999882,293.59708679510226,293.5970860000102,293.5970860000102,0.0
161285.76000987063,0.0,4.042080001281281,0.0,0.7999999999999882,293.59708679510226,293.5970860000102,293.5970860000102,0.0
161291.5200197413,0.0,4.042080001281281,0.0,0.7999999999999882,293.59708679510226,293.5970860000102,293.5970860000102,0.0
161303.04003948258,0.0,4.042080001281281,0.0,0.7999999999999882,293.59708679510226,293.5970860000102,293.5970860000102,0.0
161326.08007896517,0.0,4.042080001281283,0.0,0.7999999999999882,293.59708679510226,293.5970860000102,293.5970860000102,0.0
161372.16015793037,0.0,4.042080001281283,0.0,0.7999999999999882,293.59708679510226,293.5970860000102,293.5970860000102,0.0
161464.32031586074,0.0,4.042080001281283,0.0,0.7999999999999882,293.59708679510226,293.5970860000102,293.5970860000102,0.0
161640.0,0.0,4.042080001281285,0.0,0.7999999999999882,293.59708679510226,293.5970860000102,293.5970860000102,0.0
161640.3600012338,0.0,4.042080001281285,0.0,0.7999999999999882,293.59708679510226,293.5970860000102,293.5970860000102,0.0
161640.72000246766,0.0,4.042080001281285,0.0,0.7999999999999882,293.59708679510226,293.5970860000102,293.5970860000102,0.0
161641.4400049353,0.0,4.042080001281285,0.0,0.7999999999999882,293.59708679510226,293.5970860000102,293.5970860000102,0.0
161642.88000987063,0.0,4.042080001281285,0.0,0.7999999999999882,293.59708679510226,293.5970860000102,293.5970860000102,0.0
161645.76001974128,0.0,4.042080001281285,0.0,0.7999999999999882,293.59708679510226,293.5970860000102,293.5970860000102,0.0
161651.52003948257,0.0,4.042080001281285,0.0,0.7999999999999882,293.59708679510226,293.5970860000102,293.5970860000102,0.0
161663.0400789652,0.0,4.042080001281285,0.0,0.7999999999999882,293.59708679510226,293.5970860000102,293.5970860000102,0.0
161686.08015793038,0.0,4.042080001281285,0.0,0.7999999999999882,293.59708679510226,293.5970860000102,293.5970860000102,0.0
161732.16031586076,0.0,4.042080001281285,0.0,0.7999999999999882,293.59708679510226,293.5970860000102,293.5970860000102,0.0
161824.3206317215,0.0,4.042080001281283,0.0,0.7999999999999882,293.59708679510226,293.5970860000102,293.5970860000102,0.0
162000.0,0.0,4.042080001281283,0.0,0.7999999999999882,293.59708679510226,293.5970860000102,293.5970860000102,0.0
165600.0,0.0,4.042080001281283,0.0,0.7999999999999882,292.15000074094064,292.15000000003255,292.15000000003255,0.0
165603.60000128747,0.0,4.042080001281283,0.0,0.7999999999999882,292.15000074094064,292.15000000003255,292.15000000003255,0.0
165607.20000257494,0.0,4.042080001281283,0.0,0.7999999999999882,292.15000074094064,292.15000000003255,292.15000000003255,0.0
165614.4000051499,0.0,4.042080001281283,0.0,0.7999999999999882,292.15000074094064,292.15000000003255,292.15000000003255,0.0
165628.8000102998,0.0,4.042080001281283,0.0,0.7999999999999882,292.15000074094064,292.15000000003255,292.15000000003255,0.0
165657.6000205996,0.0,4.042080001281283,0.0,0.7999999999999882,292.15000074094064,292.15000000003255,292.15000000003255,0.0
165715.20004119922,0.0,4.042080001281283,0.0,0.7999999999999882,292.15000074094064,292.15000000003255,292.15000000003255,0.0
165830.40008239844,0.0,4.042080001281281,0.0,0.7999999999999882,292.15000074094064,292.15000000003255,292.15000000003255,0.0
165960.0,0.0,4.042080001281283,0.0,0.7999999999999882,292.15000074094064,292.15000000003255,292.15000000003255,0.0
165963.2400012875,0.0,4.042080001281283,0.0,0.7999999999999882,292.15000074094064,292.15000000003255,292.15000000003255,0.0
165966.48000257494,0.0,4.042080001281283,0.0,0.7999999999999882,292.15000074094064,292.15000000003255,292.15000000003255,0.0
165972.9600051499,0.0,4.042080001281283,0.0,0.7999999999999882,292.15000074094064,292.15000000003255,292.15000000003255,0.0
165985.9200102998,0.0,4.042080001281283,0.0,0.7999999999999882,292.15000074094064,292.15000000003255,292.15000000003255,0.0
166011.8400205996,0.0,4.042080001281283,0.0,0.7999999999999882,292.15000074094064,292.15000000003255,292.15000000003255,0.0
166063.6800411992,0.0,4.042080001281283,0.0,0.7999999999999882,292.15000074094064,292.15000000003255,292.15000000003255,0.0
166167.3600823984,0.0,4.042080001281281,0.0,0.7999999999999882,292.15000074094064,292.15000000003255,292.15000000003255,0.0
166320.0,0.0,4.042080001281283,0.0,0.7999999999999882,292.15000074094064,292.15000000003255,292.15000000003255,0.0
166322.88000128747,0.0,4.042080001281283,0.0,0.7999999999999882,292.15000074094064,292.15000000003255,292.15000000003255,0.0
166325.76000257494,0.0,4.042080001281283,0.0,0.7999999999999882,292.15000074094064,292.15000000003255,292.15000000003255,0.0
166331.52000514988,0.0,4.042080001281283,0.0,0.7999999999999882,292.15000074094064,292.15000000003255,292.15000000003255,0.0
166343.0400102998,0.0,4.042080001281283,0.0,0.7999999999999882,292.15000074094064,292.15000000003255,292.15000000003255,0.0
166366.0800205996,0.0,4.042080001281281,0.0,0.7999999999999882,292.15000074094064,292.15000000003255,292.15000000003255,0.0
166412.16004119918,0.0,4.042080001281281,0.0,0.7999999999999882,292.15000074094064,292.15000000003255,292.15000000003255,0.0
166504.32008239842,0.0,4.042080001281281,0.0,0.7999999999999882,292.15000074094064,292.15000000003255,292.15000000003255,0.0
166680.0,0.0,4.042080001281283,0.0,0.7999999999999882,292.15000074094064,292.15000000003255,292.15000000003255,0.0
166682.52000128746,0.0,4.042080001281283,0.0,0.7999999999999882,292.15000074094064,292.15000000003255,292.15000000003255,0.0
166685.04000257494,0.0,4.042080001281283,0.0,0.7999999999999882,292.15000074094064,292.15000000003255,292.15000000003255,0.0
166690.08000514988,0.0,4.042080001281283,0.0,0.7999999999999882,292.15000074094064,292.15000000003255,292.15000000003255,0.0
166700.1600102998,0.0,4.042080001281283,0.0,0.7999999999999882,292.15000074094064,292.15000000003255,292.15000000003255,0.0
166720.32002059958,0.0,4.042080001281283,0.0,0.7999999999999882,292.15000074094064,292.15000000003255,292.15000000003255,0.0
166760.64004119922,0.0,4.042080001281283,0.0,0.7999999999999882,292.15000074094064,292.15000000003255,292.15000000003255,0.0
166841.2800823984,0.0,4.042080001281281,0.0,0.7999999999999882,292.15000074094064,292.15000000003255,292.15000000003255,0.0
167002.56016479683,0.0,4.042080001281283,0.0,0.7999999999999882,292.15000074094064,292.15000000003255,292.15000000003255,0.0
167040.0,0.0,4.042080001281281,0.0,0.7999999999999882,292.15000074094064,292.15000000003255,292.15000000003255,0.0
167042.16000128747,0.0,4.042080001281281,0.0,0.7999999999999882,292.15000074094064,292.15000000003255,292.15000000003255,0.0
167044.32000257494,0.0,4.042080001281281,0.0,0.7999999999999882,292.15000074094064,292.15000000003255,292.15000000003255,0.0
167048.64000514988,0.0,4.042080001281281,0.0,0.7999999999999882,292.15000074094064,292.15000000003255,292.15000000003255,0.0
167057.28001029982,0.0,4.042080001281281,0.0,0.7999999999999882,292.15000074094064,292.15000000003255,292.15000000003255,0.0
167074.5600205996,0.0,4.042080001281281,0.0,0.7999999999999882,292.15000074094064,292.15000000003255,292.15000000003255,0.0
167109.1200411992,0.0,4.042080001281281,0.0,0.7999999999999882,292.15000074094064,292.15000000003255,292.15000000003255,0.0
167178.2400823984,0.0,4.042080001281281,0.0,0.7999999999999882,292.15000074094064,292.15000000003255,292.15000000003255,0.0
167316.4801647968,0.0,4.042080001281281,0.0,0.7999999999999882,292.15000074094064,292.15000000003255,292.15000000003255,0.0
167400.0,0.0,4.042080001281283,0.0,0.7999999999999882,292.15000074094064,292.15000000003255,292.15000000003255,0.0
167401.80000128748,0.0,4.042080001281283,0.0,0.7999999999999882,292.15000074094064,292.15000000003255,292.15000000003255,0.0
167403.60000257494,0.0,4.042080001281283,0.0,0.7999999999999882,292.15000074094064,292.15000000003255,292.15000000003255,0.0
167407.20000514988,0.0,4.042080001281283,0.0,0.7999999999999882,292.15000074094064,292.15000000003255,292.15000000003255,0.0
167414.4000102998,0.0,4.042080001281283,0.0,0.7999999999999882,292.15000074094064,292.15000000003255,292.15000000003255,0.0
167428.8000205996,0.0,4.042080001281283,0.0,0.7999999999999882,292.15000074094064,292.15000000003255,292.15000000003255,0.0
167457.60004119918,0.0,4.042080001281283,0.0,0.7999999999999882,292.15000074094064,292.15000000003255,292.15000000003255,0.0
167515.20008239843,0.0,4.042080001281285,0.0,0.7999999999999882,292.15000074094064,292.15000000003255,292.15000000003255,0.0
167630.40016479683,0.0,4.042080001281281,0.0,0.7999999999999882,292.15000074094064,292.15000000003255,292.15000000003255,0.0
167760.0,0.0,4.042080001281283,0.0,0.7999999999999882,292.15000074094064,292.15000000003255,292.15000000003255,0.0
167761.44000128747,0.0,4.042080001281283,0.0,0.7999999999999882,292.15000074094064,292.15000000003255,292.15000000003255,0.0
167762.88000257494,0.0,4.042080001281283,0.0,0.7999999999999882,292.15000074094064,292.15000000003255,292.15000000003255,0.0
167765.76000514987,0.0,4.042080001281283,0.0,0.7999999999999882,292.15000074094064,292.15000000003255,292.15000000003255,0.0
167771.5200102998,0.0,4.042080001281283,0.0,0.7999999999999882,292.15000074094064,292.15000000003255,292.15000000003255,0.0
167783.0400205996,0.0,4.042080001281283,0.0,0.7999999999999882,292.15000074094064,292.15000000003255,292.15000000003255,0.0
167806.0800411992,0.0,4.042080001281283,0.0,0.7999999999999882,292.15000074094064,292.15000000003255,292.15000000003255,0.0
167852.1600823984,0.0,4.042080001281283,0.0,0.7999999999999882,292.15000074094064,292.15000000003255,292.15000000003255,0.0
167944.32016479684,0.0,4.042080001281283,0.0,0.7999999999999882,292.15000074094064,292.15000000003255,292.15000000003255,0.0
168120.0,0.0,4.042080001281283,0.0,0.7999999999999882,292.15000074094064,292.15000000003255,292.15000000003255,0.0
168121.08000128748,0.0,4.042080001281283,0.0,0.7999999999999882,292.15000074094064,292.15000000003255,292.15000000003255,0.0
168122.16000257496,0.0,4.042080001281283,0.0,0.7999999999999882,292.15000074094064,292.15000000003255,292.15000000003255,0.0
168124.32000514993,0.0,4.042080001281283,0.0,0.7999999999999882,292.15000074094064,292.15000000003255,292.15000000003255,0.0
168128.6400102998,0.0,4.042080001281283,0.0,0.7999999999999882,292.15000074094064,292.15000000003255,292.15000000003255,0.0
168137.2800205996,0.0,4.042080001281283,0.0,0.7999999999999882,292.15000074094064,292.15000000003255,292.15000000003255,0.0
168154.5600411992,0.0,4.042080001281283,0.0,0.7999999999999882,292.15000074094064,292.15000000003255,292.15000000003255,0.0
168189.1200823984,0.0,4.042080001281283,0.0,0.7999999999999882,292.15000074094064,292.15000000003255,292.15000000003255,0.0
168258.24016479682,0.0,4.042080001281283,0.0,0.7999999999999882,292.15000074094064,292.15000000003255,292.15000000003255,0.0
168396.48032959367,0.0,4.042080001281283,0.0,0.7999999999999882,292.15000074094064,292.15000000003255,292.15000000003255,0.0
168480.0,0.0,4.042080001281283,0.0,0.7999999999999882,292.15000074094064,292.15000000003255,292.15000000003255,0.0
168480.72000128747,0.0,4.042080001281283,0.0,0.7999999999999882,292.15000074094064,292.15000000003255,292.15000000003255,0.0
168481.44000257496,0.0,4.042080001281283,0.0,0.7999999999999882,292.15000074094064,292.15000000003255,292.15000000003255,0.0
168482.88000514993,0.0,4.042080001281283,0.0,0.7999999999999882,292.15000074094064,292.15000000003255,292.15000000003255,0.0
168485.7600102998,0.0,4.042080001281283,0.0,0.7999999999999882,292.15000074094064,292.15000000003255,292.15000000003255,0.0
168491.5200205996,0.0,4.042080001281283,0.0,0.7999999999999882,292.15000074094064,292.15000000003255,292.15000000003255,0.0
168503.04004119922,0.0,4.042080001281283,0.0,0.7999999999999882,292.15000074094064,292.15000000003255,292.15000000003255,0.0
168526.08008239843,0.0,4.042080001281283,0.0,0.7999999999999882,292.15000074094064,292.15000000003255,292.15000000003255,0.0
168572.16016479683,0.0,4.042080001281283,0.0,0.7999999999999882,292.15000074094064,292.15000000003255,292.15000000003255,0.0
168664.32032959367,0.0,4.042080001281283,0.0,0.7999999999999882,292.15000074094064,292.15000000003255,292.15000000003255,0.0
168840.0,0.0,4.042080001281283,0.0,0.7999999999999882,292.15000074094064,292.15000000003255,292.15000000003255,0.0
168840.36000128748,0.0,4.042080001281283,0.0,0.7999999999999882,292.15000074094064,292.15000000003255,292.15000000003255,0.0
168840.72000257496,0.0,4.042080001281283,0.0,0.7999999999999882,292.15000074094064,292.15000000003255,292.15000000003255,0.0
168841.44000514993,0.0,4.042080001281283,0.0,0.7999999999999882,292.15000074094064,292.15000000003255,292.15000000003255,0.0
168842.8800102998,0.0,4.042080001281283,0.0,0.7999999999999882,292.15000074094064,292.15000000003255,292.15000000003255,0.0
168845.7600205996,0.0,4.042080001281283,0.0,0.7999999999999882,292.15000074094064,292.15000000003255,292.15000000003255,0.0
168851.52004119923,0.0,4.042080001281283,0.0,0.7999999999999882,292.15000074094064,292.15000000003255,292.15000000003255,0.0
168863.04008239842,0.0,4.042080001281283,0.0,0.7999999999999882,292.15000074094064,292.15000000003255,292.15000000003255,0.0
168886.08016479685,0.0,4.042080001281283,0.0,0.7999999999999882,292.15000074094064,292.15000000003255,292.15000000003255,0.0
168932.16032959367,0.0,4.042080001281283,0.0,0.7999999999999882,292.15000074094064,292.15000000003255,292.15000000003255,0.0
169024.32065918733,0.0,4.042080001281283,0.0,0.7999999999999882,292.15000074094064,292.15000000003255,292.15000000003255,0.0
169200.0,0.0,4.042080001281283,0.0,0.7999999999999882,292.15000074094064,292.15000000003255,292.15000000003255,0.0
