t_s,current_A,voltage_V,cell_heat_W,soc,cell_temperature_K,coolant_inlet_K,coolant_outlet_K,module_heat_removed_W
4838400.0,0.0,4.042080001281208,0.0,0.8,293.70735966768837,293.7073589999702,293.70735900242727,2.047998714260757e-07
4838403.600000054,0.0,4.042080001281208,0.0,0.8,293.70735966768837,293.7073589999702,293.70735900242727,2.047998714260757e-07
4838407.200000107,0.0,4.042080001281208,0.0,0.8,293.70735966768837,293.7073589999702,293.70735900242727,2.047998714260757e-07
4838414.400000215,0.0,4.042080001281208,0.0,0.8,293.70735966768837,293.7073589999702,293.70735900242727,2.047998714260757e-07
4838428.800000429,0.0,4.042080001281208,0.0,0.8,293.70735966768837,293.7073589999702,293.70735900242727,2.047998714260757e-07
4838457.600000858,0.0,4.042080001281207,0.0,0.8,293.70735966768837,293.7073589999702,293.70735900242727,2.047998714260757e-07
4838515.200001718,0.0,4.042080001281208,0.0,0.8,293.70735966768837,293.7073589999702,293.70735900242727,2.047998714260757e-07
4838630.400003434,0.0,4.04208000128121,0.0,0.8,293.70735966768837,293.7073589999702,293.70735900242727,2.047998714260757e-07
4838760.0,0.0,4.042080001281214,0.0,0.8,293.70735966768837,293.7073589999702,293.70735900242727,2.047998714260757e-07
4838763.240000053,0.0,4.042080001281214,0.0,0.8,293.70735966768837,293.7073589999702,293.70735900242727,2.047998714260757e-07
4838766.480000108,0.0,4.042080001281214,0.0,0.8,293.70735966768837,293.7073589999702,293.70735900242727,2.047998714260757e-07
4838772.960000215,0.0,4.042080001281214,0.0,0.8,293.70735966768837,293.7073589999702,293.70735900242727,2.047998714260757e-07
4838785.920000429,0.0,4.042080001281214,0.0,0.8,293.70735966768837,293.7073589999702,293.70735900242727,2.047998714260757e-07
4838811.8400008585,0.0,4.042080001281214,0.0,0.8,293.70735966768837,293.7073589999702,293.70735900242727,2.047998714260757e-07
4838863.680001717,0.0,4.042080001281214,0.0,0.8,293.70735966768837,293.7073589999702,293.70735900242727,2.047998714260757e-07
4838967.360003434,0.0,4.042080001281214,0.0,0.8,293.70735966768837,293.7073589999702,293.70735900242727,2.047998714260757e-07
4839120.0,0.0,4.042080001281212,0.0,0.8,293.70735966768837,293.7073589999702,293.70735900242727,2.047998714260757e-07
4839122.880000054,0.0,4.042080001281212,0.0,0.8,293.70735966768837,293.7073589999702,293.70735900242727,2.047998714260757e-07
4839125.760000107,0.0,4.042080001281212,0.0,0.8,293.70735966768837,293.7073589999702,293.70735900242727,2.047998714260757e-07
4839131.520000215,0.0,4.042080001281212,0.0,0.8,293.70735966768837,293.7073589999702,293.70735900242727,2.047998714260757e-07
4839143.040000429,0.0,4.042080001281212,0.0,0.8,293.70735966768837,293.7073589999702,293.70735900242727,2.047998714260757e-07
4839166.080000859,0.0,4.042080001281212,0.0,0.8,293.70735966768837,293.7073589999702,293.70735900242727,2.047998714260757e-07
4839212.1600017175,0.0,4.042080001281212,0.0,0.8,293.70735966768837,293.7073589999702,293.70735900242727,2.047998714260757e-07
4839304.320003434,0.0,4.04208000128121,0.0,0.8,293.70735966768837,293.7073589999702,293.70735900242727,2.047998714260757e-07
4839480.0,0.0,4.042080001281208,0.0,0.8,293.70735966768837,293.7073589999702,293.70735900242727,2.047998714260757e-07
4839482.520000054,0.0,4.042080001281208,0.0,0.8,293.70735966768837,293.7073589999702,293.70735900242727,2.047998714260757e-07
4839485.040000107,0.0,4.042080001281208,0.0,0.8,293.70735966768837,293.7073589999702,293.70735900242727,2.047998714260757e-07
4839490.080000214,0.0,4.042080001281208,0.0,0.8,293.70735966768837,293.7073589999702,293.70735900242727,2.047998714260757e-07
4839500.1600004295,0.0,4.042080001281208,0.0,0.8,293.70735966768837,293.7073589999702,293.70735900242727,2.047998714260757e-07
4839520.320000859,0.0,4.04208000128121,0.0,0.8,293.70735966768837,293.7073589999702,293.70735900242727,2.047998714260757e-07
4839560.640001717,0.0,4.04208000128121,0.0,0.8,293.70735966768837,293.7073589999702,293.70735900242727,2.047998714260757e-07
4839641.280003434,0.0,4.04208000128121,0.0,0.8,293.70735966768837,293.7073589999702,293.70735900242727,2.047998714260757e-07
4839802.560006868,0.0,4.042080001281214,0.0,0.8,293.70735966768837,293.7073589999702,293.70735900242727,2.047998714260757e-07
4839840.0,0.0,4.042080001281214,0.0,0.8,293.70735966768837,293.7073589999702,293.70735900242727,2.047998714260757e-07
4839842.160000053,0.0,4.042080001281214,0.0,0.8,293.70735966768837,293.7073589999702,293.70735900242727,2.047998714260757e-07
4839844.320000107,0.0,4.042080001281214,0.0,0.8,293.70735966768837,293.7073589999702,293.70735900242727,2.047998714260757e-07
4839848.640000215,0.0,4.042080001281214,0.0,0.8,293.70735966768837,293.7073589999702,293.70735900242727,2.047998714260757e-07
4839857.28000043,0.0,4.042080001281214,0.0,0.8,293.70735966768837,293.7073589999702,293.70735900242727,2.047998714260757e-07
4839874.560000858,0.0,4.042080001281214,0.0,0.8,293.70735966768837,293.7073589999702,293.70735900242727,2.047998714260757e-07
4839909.1200017175,0.0,4.042080001281212,0.0,0.8,293.70735966768837,293.7073589999702,293.70735900242727,2.047998714260757e-07
4839978.240003434,0.0,4.042080001281212,0.0,0.8,293.70735966768837,293.7073589999702,293.70735900242727,2.047998714260757e-07
4840116.480006868,0.0,4.042080001281214,0.0,0.8,293.70735966768837,293.7073589999702,293.70735900242727,2.047998714260757e-07
4840200.0,0.0,4.042080001281214,0.0,0.8,293.70735966768837,293.7073589999702,293.70735900242727,2.047998714260757e-07
4840201.800000054,0.0,4.042080001281214,0.0,0.8,293.70735966768837,293.7073589999702,293.70735900242727,2.047998714260757e-07
4840203.600000108,0.0,4.042080001281214,0.0,0.8,293.70735966768837,293.7073589999702,293.70735900242727,2.047998714260757e-07
4840207.200000214,0.0,4.042080001281214,0.0,0.8,293.70735966768837,293.7073589999702,293.70735900242727,2.047998714260757e-07
4840214.40000043,0.0,4.042080001281214,0.0,0.8,293.70735966768837,293.7073589999702,293.70735900242727,2.047998714260757e-07
4840228.8000008585,0.0,4.042080001281214,0.0,0.8,293.70735966768837,293.7073589999702,293.70735900242727,2.047998714260757e-07
4840257.600001717,0.0,4.042080001281214,0.0,0.8,293.70735966768837,293.7073589999702,293.70735900242727,2.047998714260757e-07
4840315.200003434,0.0,4.042080001281212,0.0,0.8,293.70735966768837,293.7073589999702,293.70735900242727,2.047998714260757e-07
4840430.400006868,0.0,4.042080001281214,0.0,0.8,293.70735966768837,293.7073589999702,293.70735900242727,2.047998714260757e-07
4840560.0,0.0,4.042080001281214,0.0,0.8,293.70735966768837,293.7073589999702,293.70735900242727,2.047998714260757e-07
4840561.4400000535,0.0,4.042080001281214,0.0,0.8,293.70735966768837,293.7073589999702,293.70735900242727,2.047998714260757e-07
4840562.880000107,0.0,4.042080001281214,0.0,0.8,293.70735966768837,293.7073589999702,293.70735900242727,2.047998714260757e-07
4840565.760000215,0.0,4.042080001281214,0.0,0.8,293.70735966768837,293.7073589999702,293.70735900242727,2.047998714260757e-07
4840571.520000429,0.0,4.042080001281214,0.0,0.8,293.70735966768837,293.7073589999702,293.70735900242727,2.047998714260757e-07
4840583.040000859,0.0,4.042080001281214,0.0,0.8,293.70735966768837,293.7073589999702,293.70735900242727,2.047998714260757e-07
4840606.080001717,0.0,4.042080001281214,0.0,0.8,293.70735966768837,293.7073589999702,293.70735900242727,2.047998714260757e-07
4840652.160003434,0.0,4.042080001281214,0.0,0.8,293.70735966768837,293.7073589999702,293.70735900242727,2.047998714260757e-07
4840744.320006869,0.0,4.042080001281207,0.0,0.8,293.70735966768837,293.7073589999702,293.70735900242727,2.047998714260757e-07
4840920.0,0.0,4.042080001281214,0.0,0.8,293.70735966768837,293.7073589999702,293.70735900242727,2.047998714260757e-07
4840921.080000054,0.0,4.042080001281214,0.0,0.8,293.70735966768837,293.7073589999702,293.70735900242727,2.047998714260757e-07
4840922.160000107,0.0,4.042080001281214,0.0,0.8,293.70735966768837,293.7073589999702,293.70735900242727,2.047998714260757e-07
4840924.3200002145,0.0,4.042080001281214,0.0,0.8,293.70735966768837,293.7073589999702,293.70735900242727,2.047998714260757e-07
4840928.640000429,0.0,4.042080001281214,0.0,0.8,293.70735966768837,293.7073589999702,293.70735900242727,2.047998714260757e-07
4840937.280000859,0.0,4.042080001281214,0.0,0.8,293.70735966768837,293.7073589999702,293.70735900242727,2.047998714260757e-07
4840954.560001717,0.0,4.042080001281214,0.0,0.8,293.70735966768837,293.7073589999702,293.70735900242727,2.047998714260757e-07
4840989.120003434,0.0,4.042080001281214,0.0,0.8,293.70735966768837,293.7073589999702,293.70735900242727,2.047998714260757e-07
4841058.240006869,0.0,4.042080001281214,0.0,0.8,293.70735966768837,293.7073589999702,293.70735900242727,2.047998714260757e-07
4841196.4800137365,0.0,4.042080001281208,0.0,0.8,293.70735966768837,293.7073589999702,293.70735900242727,2.047998714260757e-07
4841280.0,0.0,4.04208000128121,0.0,0.8,293.70735966768837,293.7073589999702,293.70735900242727,2.047998714260757e-07
4841280.720000054,0.0,4.04208000128121,0.0,0.8,293.70735966768837,293.7073589999702,293.70735900242727,2.047998714260757e-07
4841281.4400001075,0.0,4.04208000128121,0.0,0.8,293.70735966768837,293.7073589999702,293.70735900242727,2.047998714260757e-07
4841282.880000215,0.0,4.04208000128121,0.0,0.8,293.70735966768837,293.7073589999702,293.70735900242727,2.047998714260757e-07
4841285.760000429,0.0,4.04208000128121,0.0,0.8,293.70735966768837,293.7073589999702,293.70735900242727,2.047998714260757e-07
4841291.520000858,0.0,4.04208000128121,0.0,0.8,293.70735966768837,293.7073589999702,293.70735900242727,2.047998714260757e-07
4841303.040001717,0.0,4.04208000128121,0.0,0.8,293.70735966768837,293.7073589999702,293.70735900242727,2.047998714260757e-07
4841326.080003434,0.0,4.04208000128121,0.0,0.8,293.70735966768837,293.7073589999702,293.70735900242727,2.047998714260757e-07
4841372.160006869,0.0,4.04208000128121,0.0,0.8,293.70735966768837,293.7073589999702,293.70735900242727,2.047998714260757e-07
4841464.320013736,0.0,4.04208000128121,0.0,0.8,293.70735966768837,293.7073589999702,293.70735900242727,2.047998714260757e-07
4841640.0,0.0,4.042080001281208,0.0,0.8,293.70735966768837,293.7073589999702,293.70735900242727,2.047998714260757e-07
4841640.360000053,0.0,4.042080001281208,0.0,0.8,293.70735966768837,293.7073589999702,293.70735900242727,2.047998714260757e-07
4841640.720000108,0.0,4.042080001281208,0.0,0.8,293.70735966768837,293.7073589999702,293.70735900242727,2.047998714260757e-07
4841641.440000215,0.0,4.042080001281208,0.0,0.8,293.70735966768837,293.7073589999702,293.70735900242727,2.047998714260757e-07
4841642.880000429,0.0,4.042080001281208,0.0,0.8,293.70735966768837,293.7073589999702,293.70735900242727,2.047998714260757e-07
4841645.760000858,0.0,4.042080001281208,0.0,0.8,293.70735966768837,293.7073589999702,293.70735900242727,2.047998714260757e-07
4841651.520001717,0.0,4.042080001281208,0.0,0.8,293.70735966768837,293.7073589999702,293.70735900242727,2.047998714260757e-07
4841663.040003434,0.0,4.042080001281208,0.0,0.8,293.70735966768837,293.7073589999702,293.70735900242727,2.047998714260757e-07
4841686.080006869,0.0,4.042080001281208,0.0,0.8,293.70735966768837,293.7073589999702,293.70735900242727,2.047998714260757e-07
4841732.160013737,0.0,4.04208000128121,0.0,0.8,293.70735966768837,293.7073589999702,293.70735900242727,2.047998714260757e-07
4841824.320027473,0.0,4.04208000128121,0.0,0.8,293.70735966768837,293.7073589999702,293.70735900242727,2.047998714260757e-07
4842000.0,0.0,4.04208000128121,0.0,0.8,293.70735966768837,293.7073589999702,293.70735900242727,2.047998714260757e-07
4845600.0,0.0,4.04208000128121,0.0,0.8,292.75384868413505,292.753848196597,292.753848196597,0.0
4845603.600000108,0.0,4.04208000128121,0.0,0.8,292.75384868413505,292.753848196597,292.753848196597,0.0
4845607.200000214,0.0,4.04208000128121,0.0,0.8,292.75384868413505,292.753848196597,292.753848196597,0.0
4845614.400000429,0.0,4.04208000128121,0.0,0.8,292.75384868413505,292.753848196597,292.753848196597,0.0
4845628.8000008585,0.0,4.04208000128121,0.0,0.8,292.75384868413505,292.753848196597,292.753848196597,0.0
4845657.600001717,0.0,4.042080001281208,0.0,0.8,292.75384868413505,292.753848196597,292.753848196597,0.0
4845715.200003434,0.0,4.042080001281208,0.0,0.8,292.75384868413505,292.753848196597,292.753848196597,0.0
4845830.400006867,0.0,4.042080001281208,0.0,0.8,292.75384868413505,292.753848196597,292.753848196597,0.0
4845960.0,0.0,4.042080001281212,0.0,0.8,292.75384868413505,292.753848196597,292.753848196597,0.0
4845963.240000107,0.0,4.042080001281212,0.0,0.8,292.75384868413505,292.753848196597,292.753848196597,0.0
4845966.480000215,0.0,4.042080001281212,0.0,0.8,292.75384868413505,292.753848196597,292.753848196597,0.0
4845972.960000429,0.0,4.042080001281212,0.0,0.8,292.75384868413505,292.753848196597,292.753848196597,0.0
4845985.920000859,0.0,4.042080001281212,0.0,0.8,292.75384868413505,292.753848196597,292.753848196597,0.0
4846011.840001717,0.0,4.042080001281212,0.0,0.8,292.75384868413505,292.753848196597,292.753848196597,0.0
4846063.6800034335,0.0,4.042080001281208,0.0,0.8,292.75384868413505,292.753848196597,292.753848196597,0.0
4846167.360006867,0.0,4.04208000128121,0.0,0.8,292.75384868413505,292.753848196597,292.753848196597,0.0
4846320.0,0.0,4.042080001281217,0.0,0.8,292.75384868413505,292.753848196597,292.753848196597,0.0
4846322.880000107,0.0,4.042080001281217,0.0,0.8,292.75384868413505,292.753848196597,292.753848196597,0.0
4846325.760000215,0.0,4.042080001281217,0.0,0.8,292.75384868413505,292.753848196597,292.753848196597,0.0
4846331.520000429,0.0,4.042080001281217,0.0,0.8,292.75384868413505,292.753848196597,292.753848196597,0.0
4846343.040000859,0.0,4.042080001281217,0.0,0.8,292.75384868413505,292.753848196597,292.753848196597,0.0
4846366.0800017165,0.0,4.042080001281217,0.0,0.8,292.75384868413505,292.753848196597,292.753848196597,0.0
4846412.160003434,0.0,4.042080001281217,0.0,0.8,292.75384868413505,292.753848196597,292.753848196597,0.0
4846504.320006868,0.0,4.04208000128121,0.0,0.8,292.75384868413505,292.753848196597,292.753848196597,0.0
4846680.0,0.0,4.042080001281217,0.0,0.8,292.75384868413505,292.753848196597,292.753848196597,0.0
4846682.520000108,0.0,4.042080001281217,0.0,0.8,292.75384868413505,292.753848196597,292.753848196597,0.0
4846685.040000214,0.0,4.042080001281217,0.0,0.8,292.75384868413505,292.753848196597,292.753848196597,0.0
4846690.080000429,0.0,4.042080001281217,0.0,0.8,292.75384868413505,292.753848196597,292.753848196597,0.0
4846700.160000859,0.0,4.042080001281217,0.0,0.8,292.75384868413505,292.753848196597,292.753848196597,0.0
4846720.320001717,0.0,4.042080001281212,0.0,0.8,292.75384868413505,292.753848196597,292.753848196597,0.0
4846760.640003433,0.0,4.042080001281212,0.0,0.8,292.75384868413505,292.753848196597,292.753848196597,0.0
4846841.280006868,0.0,4.04208000128121,0.0,0.8,292.75384868413505,292.753848196597,292.753848196597,0.0
4847002.560013735,0.0,4.042080001281212,0.0,0.8,292.75384868413505,292.753848196597,292.753848196597,0.0
4847040.0,0.0,4.042080001281212,0.0,0.8,292.75384868413505,292.753848196597,292.753848196597,0.0
4847042.160000107,0.0,4.042080001281212,0.0,0.8,292.75384868413505,292.753848196597,292.753848196597,0.0
4847044.3200002145,0.0,4.042080001281212,0.0,0.8,292.75384868413505,292.753848196597,292.753848196597,0.0
4847048.640000429,0.0,4.042080001281212,0.0,0.8,292.75384868413505,292.753848196597,292.753848196597,0.0
4847057.280000858,0.0,4.042080001281212,0.0,0.8,292.75384868413505,292.753848196597,292.753848196597,0.0
4847074.560001717,0.0,4.042080001281212,0.0,0.8,292.75384868413505,292.753848196597,292.753848196597,0.0
4847109.120003434,0.0,4.042080001281212,0.0,0.8,292.75384868413505,292.753848196597,292.753848196597,0.0
4847178.240006868,0.0,4.04208000128121,0.0,0.8,292.75384868413505,292.753848196597,292.753848196597,0.0
4847316.480013735,0.0,4.042080001281212,0.0,0.8,292.75384868413505,292.753848196597,292.753848196597,0.0
4847400.0,0.0,4.042080001281212,0.0,0.8,292.75384868413505,292.753848196597,292.753848196597,0.0
4847401.800000107,0.0,4.042080001281212,0.0,0.8,292.75384868413505,292.753848196597,292.753848196597,0.0
4847403.600000215,0.0,4.042080001281212,0.0,0.8,292.75384868413505,292.753848196597,292.753848196597,0.0
4847407.2000004295,0.0,4.042080001281212,0.0,0.8,292.75384868413505,292.753848196597,292.753848196597,0.0
4847414.400000858,0.0,4.042080001281212,0.0,0.8,292.75384868413505,292.753848196597,292.753848196597,0.0
4847428.800001717,0.0,4.042080001281212,0.0,0.8,292.75384868413505,292.753848196597,292.753848196597,0.0
4847457.600003433,0.0,4.042080001281212,0.0,0.8,292.75384868413505,292.753848196597,292.753848196597,0.0
4847515.200006868,0.0,4.042080001281212,0.0,0.8,292.75384868413505,292.753848196597,292.753848196597,0.0
4847630.400013735,0.0,4.042080001281217,0.0,0.8,292.75384868413505,292.753848196597,292.753848196597,0.0
4847760.0,0.0,4.042080001281212,0.0,0.8,292.75384868413505,292.753848196597,292.753848196597,0.0
4847761.4400001075,0.0,4.042080001281212,0.0,0.8,292.75384868413505,292.753848196597,292.753848196597,0.0
4847762.880000215,0.0,4.042080001281212,0.0,0.8,292.75384868413505,292.753848196597,292.753848196597,0.0
4847765.760000429,0.0,4.042080001281212,0.0,0.8,292.75384868413505,292.753848196597,292.753848196597,0.0
4847771.520000858,0.0,4.042080001281212,0.0,0.8,292.75384868413505,292.753848196597,292.753848196597,0.0
4847783.040001716,0.0,4.042080001281212,0.0,0.8,292.75384868413505,292.753848196597,292.753848196597,0.0
4847806.080003434,0.0,4.042080001281212,0.0,0.8,292.75384868413505,292.753848196597,292.753848196597,0.0
4847852.160006868,0.0,4.042080001281212,0.0,0.8,292.75384868413505,292.753848196597,292.753848196597,0.0
4847944.3200137345,0.0,4.042080001281217,0.0,0.8,292.75384868413505,292.753848196597,292.753848196597,0.0
4848120.0,0.0,4.0420800012812155,0.0,0.8,292.75384868413505,292.753848196597,292.753848196597,0.0
4848121.080000107,0.0,4.0420800012812155,0.0,0.8,292.75384868413505,292.753848196597,292.753848196597,0.0
4848122.160000214,0.0,4.0420800012812155,0.0,0.8,292.75384868413505,292.753848196597,292.753848196597,0.0
4848124.32000043,0.0,4.0420800012812155,0.0,0.8,292.75384868413505,292.753848196597,292.753848196597,0.0
4848128.640000858,0.0,4.0420800012812155,0.0,0.8,292.75384868413505,292.753848196597,292.753848196597,0.0
4848137.280001717,0.0,4.0420800012812155,0.0,0.8,292.75384868413505,292.753848196597,292.753848196597,0.0
4848154.560003433,0.0,4.0420800012812155,0.0,0.8,292.75384868413505,292.753848196597,292.753848196597,0.0
4848189.120006868,0.0,4.0420800012812155,0.0,0.8,292.75384868413505,292.753848196597,292.753848196597,0.0
4848258.240013734,0.0,4.0420800012812155,0.0,0.8,292.75384868413505,292.753848196597,292.753848196597,0.0
4848396.48002747,0.0,4.0420800012812155,0.0,0.8,292.75384868413505,292.753848196597,292.753848196597,0.0
4848480.0,0.0,4.0420800012812155,0.0,0.8,292.75384868413505,292.753848196597,292.753848196597,0.0
4848480.720000107,0.0,4.0420800012812155,0.0,0.8,292.75384868413505,292.753848196597,292.753848196597,0.0
4848481.440000215,0.0,4.0420800012812155,0.0,0.8,292.75384868413505,292.753848196597,292.753848196597,0.0
4848482.880000429,0.0,4.0420800012812155,0.0,0.8,292.75384868413505,292.753848196597,292.753848196597,0.0
4848485.760000858,0.0,4.0420800012812155,0.0,0.8,292.75384868413505,292.753848196597,292.753848196597,0.0
4848491.520001717,0.0,4.0420800012812155,0.0,0.8,292.75384868413505,292.753848196597,292.753848196597,0.0
4848503.040003434,0.0,4.0420800012812155,0.0,0.8,292.75384868413505,292.753848196597,292.753848196597,0.0
4848526.080006868,0.0,4.0420800012812155,0.0,0.8,292.75384868413505,292.753848196597,292.753848196597,0.0
4848572.160013734,0.0,4.0420800012812155,0.0,0.8,292.75384868413505,292.753848196597,292.753848196597,0.0
4848664.32002747,0.0,4.0420800012812155,0.0,0.8,292.75384868413505,292.753848196597,292.753848196597,0.0
4848840.0,0.0,4.0420800012812155,0.0,0.8,292.75384868413505,292.753848196597,292.753848196597,0.0
4848840.360000107,0.0,4.0420800012812155,0.0,0.8,292.75384868413505,292.753848196597,292.753848196597,0.0
4848840.720000215,0.0,4.0420800012812155,0.0,0.8,292.75384868413505,292.753848196597,292.753848196597,0.0
4848841.440000429,0.0,4.0420800012812155,0.0,0.8,292.75384868413505,292.753848196597,292.753848196597,0.0
4848842.880000859,0.0,4.0420800012812155,0.0,0.8,292.75384868413505,292.753848196597,292.753848196597,0.0
4848845.760001717,0.0,4.0420800012812155,0.0,0.8,292.75384868413505,292.753848196597,292.753848196597,0.0
4848851.520003433,0.0,4.0420800012812155,0.0,0.8,292.75384868413505,292.753848196597,292.753848196597,0.0
4848863.040006868,0.0,4.0420800012812155,0.0,0.8,292.75384868413505,292.753848196597,292.753848196597,0.0
4848886.080013735,0.0,4.0420800012812155,0.0,0.8,292.75384868413505,292.753848196597,292.753848196597,0.0
4848932.1600274695,0.0,4.0420800012812155,0.0,0.8,292.75384868413505,292.753848196597,292.753848196597,0.0
4849024.320054939,0.0,4.042080001281219,0.0,0.8,292.75384868413505,292.753848196597,292.753848196597,0.0
4849200.0,0.0,4.042080001281219,0.0,0.8,292.75384868413505,292.753848196597,292.753848196597,0.0
4852800.0,0.0,4.042080001281219,0.0,0.8,292.1544453068918,292.1544449999973,292.1544449999973,0.0
4852803.600000161,0.0,4.042080001281219,0.0,0.8,292.1544453068918,292.1544449999973,292.1544449999973,0.0
4852807.2000003215,0.0,4.042080001281219,0.0,0.8,292.1544453068918,292.1544449999973,292.1544449999973,0.0
4852814.400000644,0.0,4.042080001281219,0.0,0.8,292.1544453068918,292.1544449999973,292.1544449999973,0.0
4852828.800001288,0.0,4.042080001281219,0.0,0.8,292.1544453068918,292.1544449999973,292.1544449999973,0.0
4852857.600002575,0.0,4.0420800012812155,0.0,0.8,292.1544453068918,292.1544449999973,292.1544449999973,0.0
4852915.20000515,0.0,4.042080001281217,0.0,0.8,292.1544453068918,292.1544449999973,292.1544449999973,0.0
4853030.400010301,0.0,4.042080001281219,0.0,0.8,292.1544453068918,292.1544449999973,292.1544449999973,0.0
4853160.0,0.0,4.042080001281217,0.0,0.8,292.1544453068918,292.1544449999973,292.1544449999973,0.0
4853163.240000161,0.0,4.042080001281217,0.0,0.8,292.1544453068918,292.1544449999973,292.1544449999973,0.0
4853166.480000322,0.0,4.042080001281217,0.0,0.8,292.1544453068918,292.1544449999973,292.1544449999973,0.0
4853172.9600006435,0.0,4.042080001281217,0.0,0.8,292.1544453068918,292.1544449999973,292.1544449999973,0.0
4853185.920001288,0.0,4.042080001281217,0.0,0.8,292.1544453068918,292.1544449999973,292.1544449999973,0.0
4853211.840002575,0.0,4.042080001281219,0.0,0.8,292.1544453068918,292.1544449999973,292.1544449999973,0.0
4853263.68000515,0.0,4.042080001281219,0.0,0.8,292.1544453068918,292.1544449999973,292.1544449999973,0.0
4853367.360010301,0.0,4.042080001281219,0.0,0.8,292.1544453068918,292.1544449999973,292.1544449999973,0.0
4853520.0,0.0,4.042080001281217,0.0,0.8,292.1544453068918,292.1544449999973,292.1544449999973,0.0
4853522.880000161,0.0,4.042080001281217,0.0,0.8,292.1544453068918,292.1544449999973,292.1544449999973,0.0
4853525.760000322,0.0,4.042080001281217,0.0,0.8,292.1544453068918,292.1544449999973,292.1544449999973,0.0
4853531.520000644,0.0,4.042080001281217,0.0,0.8,292.1544453068918,292.1544449999973,292.1544449999973,0.0
4853543.040001287,0.0,4.042080001281217,0.0,0.8,292.1544453068918,292.1544449999973,292.1544449999973,0.0
4853566.080002575,0.0,4.042080001281217,0.0,0.8,292.1544453068918,292.1544449999973,292.1544449999973,0.0
4853612.16000515,0.0,4.042080001281217,0.0,0.8,292.1544453068918,292.1544449999973,292.1544449999973,0.0
4853704.320010301,0.0,4.042080001281217,0.0,0.8,292.1544453068918,292.1544449999973,292.1544449999973,0.0
4853880.0,0.0,4.042080001281219,0.0,0.8,292.1544453068918,292.1544449999973,292.1544449999973,0.0
4853882.520000161,0.0,4.042080001281219,0.0,0.8,292.1544453068918,292.1544449999973,292.1544449999973,0.0
4853885.040000322,0.0,4.042080001281219,0.0,0.8,292.1544453068918,292.1544449999973,292.1544449999973,0.0
4853890.080000644,0.0,4.042080001281219,0.0,0.8,292.1544453068918,292.1544449999973,292.1544449999973,0.0
4853900.160001287,0.0,4.042080001281219,0.0,0.8,292.1544453068918,292.1544449999973,292.1544449999973,0.0
4853920.320002575,0.0,4.042080001281219,0.0,0.8,292.1544453068918,292.1544449999973,292.1544449999973,0.0
4853960.64000515,0.0,4.042080001281219,0.0,0.8,292.1544453068918,292.1544449999973,292.1544449999973,0.0
4854041.280010301,0.0,4.042080001281219,0.0,0.8,292.1544453068918,292.1544449999973,292.1544449999973,0.0
4854202.560020601,0.0,4.042080001281219,0.0,0.8,292.1544453068918,292.1544449999973,292.1544449999973,0.0
4854240.0,0.0,4.042080001281219,0.0,0.8,292.1544453068918,292.1544449999973,292.1544449999973,0.0
4854242.160000161,0.0,4.042080001281219,0.0,0.8,292.1544453068918,292.1544449999973,292.1544449999973,0.0
4854244.320000322,0.0,4.042080001281219,0.0,0.8,292.1544453068918,292.1544449999973,292.1544449999973,0.0
4854248.640000644,0.0,4.042080001281219,0.0,0.8,292.1544453068918,292.1544449999973,292.1544449999973,0.0
4854257.280001287,0.0,4.042080001281219,0.0,0.8,292.1544453068918,292.1544449999973,292.1544449999973,0.0
4854274.560002575,0.0,4.042080001281219,0.0,0.8,292.1544453068918,292.1544449999973,292.1544449999973,0.0
4854309.12000515,0.0,4.042080001281219,0.0,0.8,292.1544453068918,292.1544449999973,292.1544449999973,0.0
4854378.240010301,0.0,4.042080001281219,0.0,0.8,292.1544453068918,292.1544449999973,292.1544449999973,0.0
4854516.480020601,0.0,4.042080001281219,0.0,0.8,292.1544453068918,292.1544449999973,292.1544449999973,0.0
4854600.0,0.0,4.042080001281219,0.0,0.8,292.1544453068918,292.1544449999973,292.1544449999973,0.0
4854601.800000161,0.0,4.042080001281219,0.0,0.8,292.1544453068918,292.1544449999973,292.1544449999973,0.0
4854603.600000322,0.0,4.042080001281219,0.0,0.8,292.1544453068918,292.1544449999973,292.1544449999973,0.0
4854607.200000644,0.0,4.042080001281219,0.0,0.8,292.1544453068918,292.1544449999973,292.1544449999973,0.0
4854614.400001287,0.0,4.042080001281219,0.0,0.8,292.1544453068918,292.1544449999973,292.1544449999973,0.0
4854628.800002575,0.0,4.042080001281219,0.0,0.8,292.1544453068918,292.1544449999973,292.1544449999973,0.0
4854657.600005151,0.0,4.042080001281221,0.0,0.8,292.1544453068918,292.1544449999973,292.1544449999973,0.0
4854715.200010301,0.0,4.042080001281217,0.0,0.8,292.1544453068918,292.1544449999973,292.1544449999973,0.0
4854830.400020601,0.0,4.042080001281217,0.0,0.8,292.1544453068918,292.1544449999973,292.1544449999973,0.0
4854960.0,0.0,4.042080001281217,0.0,0.8,292.1544453068918,292.1544449999973,292.1544449999973,0.0
4854961.440000161,0.0,4.042080001281217,0.0,0.8,292.1544453068918,292.1544449999973,292.1544449999973,0.0
4854962.880000322,0.0,4.042080001281217,0.0,0.8,292.1544453068918,292.1544449999973,292.1544449999973,0.0
4854965.760000644,0.0,4.042080001281217,0.0,0.8,292.1544453068918,292.1544449999973,292.1544449999973,0.0
4854971.520001288,0.0,4.042080001281217,0.0,0.8,292.1544453068918,292.1544449999973,292.1544449999973,0.0
4854983.040002575,0.0,4.042080001281217,0.0,0.8,292.1544453068918,292.1544449999973,292.1544449999973,0.0
4855006.08000515,0.0,4.042080001281217,0.0,0.8,292.1544453068918,292.1544449999973,292.1544449999973,0.0
4855052.160010301,0.0,4.042080001281219,0.0,0.8,292.1544453068918,292.1544449999973,292.1544449999973,0.0
4855144.320020601,0.0,4.042080001281219,0.0,0.8,292.1544453068918,292.1544449999973,292.1544449999973,0.0
4855320.0,0.0,4.042080001281217,0.0,0.8,292.1544453068918,292.1544449999973,292.1544449999973,0.0
4855321.080000161,0.0,4.042080001281217,0.0,0.8,292.1544453068918,292.1544449999973,292.1544449999973,0.0
4855322.160000321,0.0,4.042080001281217,0.0,0.8,292.1544453068918,292.1544449999973,292.1544449999973,0.0
4855324.320000644,0.0,4.042080001281217,0.0,0.8,292.1544453068918,292.1544449999973,292.1544449999973,0.0
4855328.640001288,0.0,4.042080001281217,0.0,0.8,292.1544453068918,292.1544449999973,292.1544449999973,0.0
4855337.280002575,0.0,4.042080001281217,0.0,0.8,292.1544453068918,292.1544449999973,292.1544449999973,0.0
4855354.560005151,0.0,4.042080001281217,0.0,0.8,292.1544453068918,292.1544449999973,292.1544449999973,0.0
4855389.120010301,0.0,4.042080001281217,0.0,0.8,292.1544453068918,292.1544449999973,292.1544449999973,0.0
4855458.240020601,0.0,4.042080001281217,0.0,0.8,292.1544453068918,292.1544449999973,292.1544449999973,0.0
4855596.480041202,0.0,4.042080001281217,0.0,0.8,292.1544453068918,292.1544449999973,292.1544449999973,0.0
4855680.0,0.0,4.042080001281217,0.0,0.8,292.1544453068918,292.1544449999973,292.1544449999973,0.0
4855680.720000161,0.0,4.042080001281217,0.0,0.8,292.1544453068918,292.1544449999973,292.1544449999973,0.0
4855681.440000322,0.0,4.042080001281217,0.0,0.8,292.1544453068918,292.1544449999973,292.1544449999973,0.0
4855682.880000643,0.0,4.042080001281217,0.0,0.8,292.1544453068918,292.1544449999973,292.1544449999973,0.0
4855685.760001288,0.0,4.042080001281217,0.0,0.8,292.1544453068918,292.1544449999973,292.1544449999973,0.0
4855691.520002576,0.0,4.042080001281217,0.0,0.8,292.1544453068918,292.1544449999973,292.1544449999973,0.0
4855703.04000515,0.0,4.042080001281217,0.0,0.8,292.1544453068918,292.1544449999973,292.1544449999973,0.0
4855726.0800103005,0.0,4.042080001281219,0.0,0.8,292.1544453068918,292.1544449999973,292.1544449999973,0.0
4855772.160020601,0.0,4.042080001281219,0.0,0.8,292.1544453068918,292.1544449999973,292.1544449999973,0.0
4855864.320041203,0.0,4.042080001281219,0.0,0.8,292.1544453068918,292.1544449999973,292.1544449999973,0.0
4856040.0,0.0,4.042080001281219,0.0,0.8,292.1544453068918,292.1544449999973,292.1544449999973,0.0
4856040.3600001605,0.0,4.042080001281219,0.0,0.8,292.1544453068918,292.1544449999973,292.1544449999973,0.0
4856040.720000322,0.0,4.042080001281219,0.0,0.8,292.1544453068918,292.1544449999973,292.1544449999973,0.0
4856041.440000644,0.0,4.042080001281219,0.0,0.8,292.1544453068918,292.1544449999973,292.1544449999973,0.0
4856042.880001288,0.0,4.042080001281219,0.0,0.8,292.1544453068918,292.1544449999973,292.1544449999973,0.0
4856045.760002575,0.0,4.042080001281219,0.0,0.8,292.1544453068918,292.1544449999973,292.1544449999973,0.0
4856051.520005151,0.0,4.042080001281219,0.0,0.8,292.1544453068918,292.1544449999973,292.1544449999973,0.0
4856063.0400103,0.0,4.042080001281219,0.0,0.8,292.1544453068918,292.1544449999973,292.1544449999973,0.0
4856086.080020601,0.0,4.042080001281219,0.0,0.8,292.1544453068918,292.1544449999973,292.1544449999973,0.0
4856132.160041203,0.0,4.042080001281219,0.0,0.8,292.1544453068918,292.1544449999973,292.1544449999973,0.0
4856224.320082405,0.0,4.042080001281219,0.0,0.8,292.1544453068918,292.1544449999973,292.1544449999973,0.0
4856400.0,0.0,4.042080001281221,0.0,0.8,292.1544453068918,292.1544449999973,292.1544449999973,0.0
4860000.0,0.0,4.042080001281221,0.0,0.8,291.9500005233737,291.94999999999436,291.94999999999436,0.0
4860003.600000215,0.0,4.042080001281221,0.0,0.8,291.9500005233737,291.94999999999436,291.94999999999436,0.0
4860007.2000004295,0.0,4.042080001281221,0.0,0.8,291.9500005233737,291.94999999999436,291.94999999999436,0.0
4860014.400000858,0.0,4.042080001281221,0.0,0.8,291.9500005233737,291.94999999999436,291.94999999999436,0.0
4860028.800001717,0.0,4.042080001281221,0.0,0.8,291.9500005233737,291.94999999999436,291.94999999999436,0.0
4860057.600003433,0.0,4.042080001281223,0.0,0.8,291.9500005233737,291.94999999999436,291.94999999999436,0.0
4860115.200006867,0.0,4.042080001281221,0.0,0.8,291.9500005233737,291.94999999999436,291.94999999999436,0.0
4860230.400013734,0.0,4.042080001281221,0.0,0.8,291.9500005233737,291.94999999999436,291.94999999999436,0.0
4860360.0,0.0,4.042080001281224,0.0,0.8,291.9500005233737,291.94999999999436,291.94999999999436,0.0
4860363.240000214,0.0,4.042080001281224,0.0,0.8,291.9500005233737,291.94999999999436,291.94999999999436,0.0
4860366.480000429,0.0,4.042080001281224,0.0,0.8,291.9500005233737,291.94999999999436,291.94999999999436,0.0
4860372.960000859,0.0,4.042080001281224,0.0,0.8,291.9500005233737,291.94999999999436,291.94999999999436,0.0
4860385.920001716,0.0,4.042080001281224,0.0,0.8,291.9500005233737,291.94999999999436,291.94999999999436,0.0
4860411.840003434,0.0,4.042080001281223,0.0,0.8,291.9500005233737,291.94999999999436,291.94999999999436,0.0
4860463.680006867,0.0,4.042080001281219,0.0,0.8,291.9500005233737,291.94999999999436,291.94999999999436,0.0
4860567.360013734,0.0,4.042080001281224,0.0,0.8,291.9500005233737,291.94999999999436,291.94999999999436,0.0
4860720.0,0.0,4.042080001281219,0.0,0.8,291.9500005233737,291.94999999999436,291.94999999999436,0.0
4860722.880000215,0.0,4.042080001281219,0.0,0.8,291.9500005233737,291.94999999999436,291.94999999999436,0.0
4860725.760000429,0.0,4.042080001281219,0.0,0.8,291.9500005233737,291.94999999999436,291.94999999999436,0.0
4860731.520000858,0.0,4.042080001281219,0.0,0.8,291.9500005233737,291.94999999999436,291.94999999999436,0.0
4860743.040001716,0.0,4.042080001281219,0.0,0.8,291.9500005233737,291.94999999999436,291.94999999999436,0.0
4860766.080003434,0.0,4.042080001281219,0.0,0.8,291.9500005233737,291.94999999999436,291.94999999999436,0.0
4860812.160006867,0.0,4.042080001281219,0.0,0.8,291.9500005233737,291.94999999999436,291.94999999999436,0.0
4860904.320013734,0.0,4.042080001281219,0.0,0.8,291.9500005233737,291.94999999999436,291.94999999999436,0.0
4861080.0,0.0,4.042080001281219,0.0,0.8,291.9500005233737,291.94999999999436,291.94999999999436,0.0
4861082.520000215,0.0,4.042080001281219,0.0,0.8,291.9500005233737,291.94999999999436,291.94999999999436,0.0
4861085.040000429,0.0,4.042080001281219,0.0,0.8,291.9500005233737,291.94999999999436,291.94999999999436,0.0
4861090.080000859,0.0,4.042080001281219,0.0,0.8,291.9500005233737,291.94999999999436,291.94999999999436,0.0
4861100.160001717,0.0,4.042080001281219,0.0,0.8,291.9500005233737,291.94999999999436,291.94999999999436,0.0
4861120.320003433,0.0,4.042080001281223,0.0,0.8,291.9500005233737,291.94999999999436,291.94999999999436,0.0
4861160.640006867,0.0,4.042080001281219,0.0,0.8,291.9500005233737,291.94999999999436,291.94999999999436,0.0
4861241.280013734,0.0,4.042080001281221,0.0,0.8,291.9500005233737,291.94999999999436,291.94999999999436,0.0
4861402.560027468,0.0,4.042080001281224,0.0,0.8,291.9500005233737,291.94999999999436,291.94999999999436,0.0
4861440.0,0.0,4.042080001281224,0.0,0.8,291.9500005233737,291.94999999999436,291.94999999999436,0.0
4861442.160000214,0.0,4.042080001281224,0.0,0.8,291.9500005233737,291.94999999999436,291.94999999999436,0.0
4861444.32000043,0.0,4.042080001281224,0.0,0.8,291.9500005233737,291.94999999999436,291.94999999999436,0.0
4861448.640000858,0.0,4.042080001281224,0.0,0.8,291.9500005233737,291.94999999999436,291.94999999999436,0.0
4861457.280001717,0.0,4.042080001281224,0.0,0.8,291.9500005233737,291.94999999999436,291.94999999999436,0.0
4861474.560003433,0.0,4.042080001281224,0.0,0.8,291.9500005233737,291.94999999999436,291.94999999999436,0.0
4861509.120006867,0.0,4.042080001281224,0.0,0.8,291.9500005233737,291.94999999999436,291.94999999999436,0.0
4861578.2400137335,0.0,4.042080001281219,0.0,0.8,291.9500005233737,291.94999999999436,291.94999999999436,0.0
4861716.480027468,0.0,4.042080001281219,0.0,0.8,291.9500005233737,291.94999999999436,291.94999999999436,0.0
4861800.0,0.0,4.042080001281219,0.0,0.8,291.9500005233737,291.94999999999436,291.94999999999436,0.0
4861801.800000215,0.0,4.042080001281219,0.0,0.8,291.9500005233737,291.94999999999436,291.94999999999436,0.0
4861803.600000429,0.0,4.042080001281219,0.0,0.8,291.9500005233737,291.94999999999436,291.94999999999436,0.0
4861807.200000858,0.0,4.042080001281219,0.0,0.8,291.9500005233737,291.94999999999436,291.94999999999436,0.0
4861814.400001717,0.0,4.042080001281219,0.0,0.8,291.9500005233737,291.94999999999436,291.94999999999436,0.0
4861828.800003434,0.0,4.042080001281219,0.0,0.8,291.9500005233737,291.94999999999436,291.94999999999436,0.0
4861857.600006867,0.0,4.042080001281219,0.0,0.8,291.9500005233737,291.94999999999436,291.94999999999436,0.0
4861915.2000137335,0.0,4.042080001281219,0.0,0.8,291.9500005233737,291.94999999999436,291.94999999999436,0.0
4862030.400027468,0.0,4.042080001281219,0.0,0.8,291.9500005233737,291.94999999999436,291.94999999999436,0.0
4862160.0,0.0,4.042080001281224,0.0,0.8,291.9500005233737,291.94999999999436,291.94999999999436,0.0
4862161.440000215,0.0,4.042080001281224,0.0,0.8,291.9500005233737,291.94999999999436,291.94999999999436,0.0
4862162.880000429,0.0,4.042080001281224,0.0,0.8,291.9500005233737,291.94999999999436,291.94999999999436,0.0
4862165.760000858,0.0,4.042080001281224,0.0,0.8,291.9500005233737,291.94999999999436,291.94999999999436,0.0
4862171.520001717,0.0,4.042080001281224,0.0,0.8,291.9500005233737,291.94999999999436,291.94999999999436,0.0
4862183.040003434,0.0,4.042080001281224,0.0,0.8,291.9500005233737,291.94999999999436,291.94999999999436,0.0
4862206.080006867,0.0,4.042080001281224,0.0,0.8,291.9500005233737,291.94999999999436,291.94999999999436,0.0
4862252.160013733,0.0,4.042080001281224,0.0,0.8,291.9500005233737,291.94999999999436,291.94999999999436,0.0
4862344.320027468,0.0,4.042080001281219,0.0,0.8,291.9500005233737,291.94999999999436,291.94999999999436,0.0
4862520.0,0.0,4.042080001281219,0.0,0.8,291.9500005233737,291.94999999999436,291.94999999999436,0.0
4862521.080000214,0.0,4.042080001281219,0.0,0.8,291.9500005233737,291.94999999999436,291.94999999999436,0.0
4862522.1600004295,0.0,4.042080001281219,0.0,0.8,291.9500005233737,291.94999999999436,291.94999999999436,0.0
4862524.320000858,0.0,4.042080001281219,0.0,0.8,291.9500005233737,291.94999999999436,291.94999999999436,0.0
4862528.640001717,0.0,4.042080001281219,0.0,0.8,291.9500005233737,291.94999999999436,291.94999999999436,0.0
4862537.280003433,0.0,4.042080001281219,0.0,0.8,291.9500005233737,291.94999999999436,291.94999999999436,0.0
4862554.560006867,0.0,4.042080001281219,0.0,0.8,291.9500005233737,291.94999999999436,291.94999999999436,0.0
4862589.120013734,0.0,4.042080001281219,0.0,0.8,291.9500005233737,291.94999999999436,291.94999999999436,0.0
4862658.240027468,0.0,4.042080001281219,0.0,0.8,291.9500005233737,291.94999999999436,291.94999999999436,0.0
4862796.480054935,0.0,4.042080001281219,0.0,0.8,291.9500005233737,291.94999999999436,291.94999999999436,0.0
4862880.0,0.0,4.042080001281219,0.0,0.8,291.9500005233737,291.94999999999436,291.94999999999436,0.0
4862880.720000215,0.0,4.042080001281219,0.0,0.8,291.9500005233737,291.94999999999436,291.94999999999436,0.0
4862881.440000429,0.0,4.042080001281219,0.0,0.8,291.9500005233737,291.94999999999436,291.94999999999436,0.0
4862882.880000859,0.0,4.042080001281219,0.0,0.8,291.9500005233737,291.94999999999436,291.94999999999436,0.0
4862885.760001717,0.0,4.042080001281219,0.0,0.8,291.9500005233737,291.94999999999436,291.94999999999436,0.0
4862891.520003433,0.0,4.042080001281219,0.0,0.8,291.9500005233737,291.94999999999436,291.94999999999436,0.0
4862903.040006867,0.0,4.042080001281219,0.0,0.8,291.9500005233737,291.94999999999436,291.94999999999436,0.0
4862926.080013734,0.0,4.042080001281219,0.0,0.8,291.9500005233737,291.94999999999436,291.94999999999436,0.0
4862972.160027468,0.0,4.042080001281219,0.0,0.8,291.9500005233737,291.94999999999436,291.94999999999436,0.0
4863064.320054935,0.0,4.042080001281219,0.0,0.8,291.9500005233737,291.94999999999436,291.94999999999436,0.0
4863240.0,0.0,4.042080001281219,0.0,0.8,291.9500005233737,291.94999999999436,291.94999999999436,0.0
4863240.360000215,0.0,4.042080001281219,0.0,0.8,291.9500005233737,291.94999999999436,291.94999999999436,0.0
4863240.720000429,0.0,4.042080001281219,0.0,0.8,291.9500005233737,291.94999999999436,291.94999999999436,0.0
4863241.440000858,0.0,4.042080001281219,0.0,0.8,291.9500005233737,291.94999999999436,291.94999999999436,0.0
4863242.880001716,0.0,4.042080001281219,0.0,0.8,291.9500005233737,291.94999999999436,291.94999999999436,0.0
4863245.760003434,0.0,4.042080001281219,0.0,0.8,291.9500005233737,291.94999999999436,291.94999999999436,0.0
4863251.520006867,0.0,4.042080001281219,0.0,0.8,291.9500005233737,291.94999999999436,291.94999999999436,0.0
4863263.040013734,0.0,4.042080001281219,0.0,0.8,291.9500005233737,291.94999999999436,291.94999999999436,0.0
4863286.080027468,0.0,4.042080001281221,0.0,0.8,291.9500005233737,291.94999999999436,291.94999999999436,0.0
4863332.160054935,0.0,4.042080001281219,0.0,0.8,291.9500005233737,291.94999999999436,291.94999999999436,0.0
4863424.320109871,0.0,4.042080001281219,0.0,0.8,291.9500005233737,291.94999999999436,291.94999999999436,0.0
4863600.0,0.0,4.042080001281221,0.0,0.8,291.9500005233737,291.94999999999436,291.94999999999436,0.0
4867200.0,0.0,4.042080001281221,0.0,0.8,292.1544444766183,292.1544449999973,292.1544449999973,0.0
4867203.600000268,0.0,4.042080001281221,0.0,0.8,292.1544444766183,292.1544449999973,292.1544449999973,0.0
4867207.200000537,0.0,4.042080001281221,0.0,0.8,292.1544444766183,292.1544449999973,292.1544449999973,0.0
4867214.400001073,0.0,4.042080001281221,0.0,0.8,292.1544444766183,292.1544449999973,292.1544449999973,0.0
4867228.800002146,0.0,4.042080001281221,0.0,0.8,292.1544444766183,292.1544449999973,292.1544449999973,0.0
4867257.600004292,0.0,4.042080001281219,0.0,0.8,292.1544444766183,292.1544449999973,292.1544449999973,0.0
4867315.200008583,0.0,4.042080001281221,0.0,0.8,292.1544444766183,292.1544449999973,292.1544449999973,0.0
4867430.400017167,0.0,4.042080001281224,0.0,0.8,292.1544444766183,292.1544449999973,292.1544449999973,0.0
4867560.0,0.0,4.042080001281219,0.0,0.8,292.1544444766183,292.1544449999973,292.1544449999973,0.0
4867563.240000268,0.0,4.042080001281219,0.0,0.8,292.1544444766183,292.1544449999973,292.1544449999973,0.0
4867566.480000537,0.0,4.042080001281219,0.0,0.8,292.1544444766183,292.1544449999973,292.1544449999973,0.0
4867572.960001073,0.0,4.042080001281219,0.0,0.8,292.1544444766183,292.1544449999973,292.1544449999973,0.0
4867585.920002146,0.0,4.042080001281219,0.0,0.8,292.1544444766183,292.1544449999973,292.1544449999973,0.0
4867611.840004291,0.0,4.042080001281221,0.0,0.8,292.1544444766183,292.1544449999973,292.1544449999973,0.0
4867663.680008584,0.0,4.042080001281219,0.0,0.8,292.1544444766183,292.1544449999973,292.1544449999973,0.0
4867767.360017167,0.0,4.042080001281221,0.0,0.8,292.1544444766183,292.1544449999973,292.1544449999973,0.0
4867920.0,0.0,4.042080001281221,0.0,0.8,292.1544444766183,292.1544449999973,292.1544449999973,0.0
4867922.880000268,0.0,4.042080001281221,0.0,0.8,292.1544444766183,292.1544449999973,292.1544449999973,0.0
4867925.760000536,0.0,4.042080001281221,0.0,0.8,292.1544444766183,292.1544449999973,292.1544449999973,0.0
4867931.520001073,0.0,4.042080001281221,0.0,0.8,292.1544444766183,292.1544449999973,292.1544449999973,0.0
4867943.040002146,0.0,4.042080001281221,0.0,0.8,292.1544444766183,292.1544449999973,292.1544449999973,0.0
4867966.080004292,0.0,4.042080001281221,0.0,0.8,292.1544444766183,292.1544449999973,292.1544449999973,0.0
4868012.160008583,0.0,4.042080001281221,0.0,0.8,292.1544444766183,292.1544449999973,292.1544449999973,0.0
4868104.320017167,0.0,4.042080001281221,0.0,0.8,292.1544444766183,292.1544449999973,292.1544449999973,0.0
4868280.0,0.0,4.042080001281221,0.0,0.8,292.1544444766183,292.1544449999973,292.1544449999973,0.0
4868282.520000268,0.0,4.042080001281221,0.0,0.8,292.1544444766183,292.1544449999973,292.1544449999973,0.0
4868285.0400005365,0.0,4.042080001281221,0.0,0.8,292.1544444766183,292.1544449999973,292.1544449999973,0.0
4868290.080001073,0.0,4.042080001281221,0.0,0.8,292.1544444766183,292.1544449999973,292.1544449999973,0.0
4868300.160002146,0.0,4.042080001281221,0.0,0.8,292.1544444766183,292.1544449999973,292.1544449999973,0.0
4868320.320004292,0.0,4.042080001281221,0.0,0.8,292.1544444766183,292.1544449999973,292.1544449999973,0.0
4868360.640008584,0.0,4.042080001281221,0.0,0.8,292.1544444766183,292.1544449999973,292.1544449999973,0.0
4868441.280017167,0.0,4.042080001281224,0.0,0.8,292.1544444766183,292.1544449999973,292.1544449999973,0.0
4868602.560034334,0.0,4.042080001281224,0.0,0.8,292.1544444766183,292.1544449999973,292.1544449999973,0.0
4868640.0,0.0,4.042080001281223,0.0,0.8,292.1544444766183,292.1544449999973,292.1544449999973,0.0
4868642.160000268,0.0,4.042080001281223,0.0,0.8,292.1544444766183,292.1544449999973,292.1544449999973,0.0
4868644.320000537,0.0,4.042080001281223,0.0,0.8,292.1544444766183,292.1544449999973,292.1544449999973,0.0
4868648.640001073,0.0,4.042080001281223,0.0,0.8,292.1544444766183,292.1544449999973,292.1544449999973,0.0
4868657.280002146,0.0,4.042080001281223,0.0,0.8,292.1544444766183,292.1544449999973,292.1544449999973,0.0
4868674.560004292,0.0,4.042080001281223,0.0,0.8,292.1544444766183,292.1544449999973,292.1544449999973,0.0
4868709.120008583,0.0,4.042080001281224,0.0,0.8,292.1544444766183,292.1544449999973,292.1544449999973,0.0
4868778.240017167,0.0,4.042080001281224,0.0,0.8,292.1544444766183,292.1544449999973,292.1544449999973,0.0
4868916.480034335,0.0,4.042080001281224,0.0,0.8,292.1544444766183,292.1544449999973,292.1544449999973,0.0
4869000.0,0.0,4.042080001281224,0.0,0.8,292.1544444766183,292.1544449999973,292.1544449999973,0.0
4869001.800000268,0.0,4.042080001281224,0.0,0.8,292.1544444766183,292.1544449999973,292.1544449999973,0.0
4869003.600000536,0.0,4.042080001281224,0.0,0.8,292.1544444766183,292.1544449999973,292.1544449999973,0.0
4869007.200001073,0.0,4.042080001281224,0.0,0.8,292.1544444766183,292.1544449999973,292.1544449999973,0.0
4869014.400002146,0.0,4.042080001281224,0.0,0.8,292.1544444766183,292.1544449999973,292.1544449999973,0.0
4869028.800004291,0.0,4.042080001281224,0.0,0.8,292.1544444766183,292.1544449999973,292.1544449999973,0.0
4869057.600008584,0.0,4.042080001281224,0.0,0.8,292.1544444766183,292.1544449999973,292.1544449999973,0.0
4869115.200017167,0.0,4.042080001281223,0.0,0.8,292.1544444766183,292.1544449999973,292.1544449999973,0.0
4869230.4000343345,0.0,4.042080001281217,0.0,0.8,292.1544444766183,292.1544449999973,292.1544449999973,0.0
4869360.0,0.0,4.042080001281224,0.0,0.8,292.1544444766183,292.1544449999973,292.1544449999973,0.0
4869361.440000269,0.0,4.042080001281224,0.0,0.8,292.1544444766183,292.1544449999973,292.1544449999973,0.0
4869362.880000536,0.0,4.042080001281224,0.0,0.8,292.1544444766183,292.1544449999973,292.1544449999973,0.0
4869365.760001073,0.0,4.042080001281224,0.0,0.8,292.1544444766183,292.1544449999973,292.1544449999973,0.0
4869371.520002146,0.0,4.042080001281224,0.0,0.8,292.1544444766183,292.1544449999973,292.1544449999973,0.0
4869383.040004292,0.0,4.042080001281224,0.0,0.8,292.1544444766183,292.1544449999973,292.1544449999973,0.0
4869406.080008583,0.0,4.042080001281224,0.0,0.8,292.1544444766183,292.1544449999973,292.1544449999973,0.0
4869452.160017167,0.0,4.042080001281217,0.0,0.8,292.1544444766183,292.1544449999973,292.1544449999973,0.0
4869544.320034334,0.0,4.042080001281221,0.0,0.8,292.1544444766183,292.1544449999973,292.1544449999973,0.0
4869720.0,0.0,4.042080001281217,0.0,0.8,292.1544444766183,292.1544449999973,292.1544449999973,0.0
4869721.080000268,0.0,4.042080001281217,0.0,0.8,292.1544444766183,292.1544449999973,292.1544449999973,0.0
4869722.160000537,0.0,4.042080001281217,0.0,0.8,292.1544444766183,292.1544449999973,292.1544449999973,0.0
4869724.320001073,0.0,4.042080001281217,0.0,0.8,292.1544444766183,292.1544449999973,292.1544449999973,0.0
4869728.640002145,0.0,4.042080001281217,0.0,0.8,292.1544444766183,292.1544449999973,292.1544449999973,0.0
4869737.280004292,0.0,4.042080001281221,0.0,0.8,292.1544444766183,292.1544449999973,292.1544449999973,0.0
4869754.560008584,0.0,4.042080001281221,0.0,0.8,292.1544444766183,292.1544449999973,292.1544449999973,0.0
4869789.120017167,0.0,4.042080001281219,0.0,0.8,292.1544444766183,292.1544449999973,292.1544449999973,0.0
4869858.240034334,0.0,4.042080001281221,0.0,0.8,292.1544444766183,292.1544449999973,292.1544449999973,0.0
4869996.480068669,0.0,4.042080001281217,0.0,0.8,292.1544444766183,292.1544449999973,292.1544449999973,0.0
4870080.0,0.0,4.042080001281217,0.0,0.8,292.1544444766183,292.1544449999973,292.1544449999973,0.0
4870080.720000268,0.0,4.042080001281217,0.0,0.8,292.1544444766183,292.1544449999973,292.1544449999973,0.0
4870081.440000537,0.0,4.042080001281217,0.0,0.8,292.1544444766183,292.1544449999973,292.1544449999973,0.0
4870082.880001073,0.0,4.042080001281217,0.0,0.8,292.1544444766183,292.1544449999973,292.1544449999973,0.0
4870085.760002146,0.0,4.042080001281217,0.0,0.8,292.1544444766183,292.1544449999973,292.1544449999973,0.0
4870091.520004292,0.0,4.042080001281217,0.0,0.8,292.1544444766183,292.1544449999973,292.1544449999973,0.0
4870103.040008583,0.0,4.042080001281217,0.0,0.8,292.1544444766183,292.1544449999973,292.1544449999973,0.0
4870126.080017167,0.0,4.042080001281217,0.0,0.8,292.1544444766183,292.1544449999973,292.1544449999973,0.0
4870172.160034334,0.0,4.042080001281219,0.0,0.8,292.1544444766183,292.1544449999973,292.1544449999973,0.0
4870264.320068669,0.0,4.042080001281219,0.0,0.8,292.1544444766183,292.1544449999973,292.1544449999973,0.0
4870440.0,0.0,4.042080001281219,0.0,0.8,292.1544444766183,292.1544449999973,292.1544449999973,0.0
4870440.360000269,0.0,4.042080001281219,0.0,0.8,292.1544444766183,292.1544449999973,292.1544449999973,0.0
4870440.720000536,0.0,4.042080001281219,0.0,0.8,292.1544444766183,292.1544449999973,292.1544449999973,0.0
4870441.440001073,0.0,4.042080001281219,0.0,0.8,292.1544444766183,292.1544449999973,292.1544449999973,0.0
4870442.880002146,0.0,4.042080001281219,0.0,0.8,292.1544444766183,292.1544449999973,292.1544449999973,0.0
4870445.760004291,0.0,4.042080001281219,0.0,0.8,292.1544444766183,292.1544449999973,292.1544449999973,0.0
4870451.520008584,0.0,4.042080001281219,0.0,0.8,292.1544444766183,292.1544449999973,292.1544449999973,0.0
4870463.040017167,0.0,4.042080001281219,0.0,0.8,292.1544444766183,292.1544449999973,292.1544449999973,0.0
4870486.080034334,0.0,4.042080001281219,0.0,0.8,292.1544444766183,292.1544449999973,292.1544449999973,0.0
4870532.160068668,0.0,4.042080001281219,0.0,0.8,292.1544444766183,292.1544449999973,292.1544449999973,0.0
4870624.320137337,0.0,4.042080001281219,0.0,0.8,292.1544444766183,292.1544449999973,292.1544449999973,0.0
4870800.0,0.0,4.042080001281221,0.0,0.8,292.1544444766183,292.1544449999973,292.1544449999973,0.0
4874400.0,0.0,4.042080001281221,0.0,0.8,292.7538478897025,292.753848196597,292.753848196597,0.0
4874403.600000322,0.0,4.042080001281221,0.0,0.8,292.7538478897025,292.753848196597,292.753848196597,0.0
4874407.200000644,0.0,4.042080001281221,0.0,0.8,292.7538478897025,292.753848196597,292.753848196597,0.0
4874414.400001287,0.0,4.042080001281221,0.0,0.8,292.7538478897025,292.753848196597,292.753848196597,0.0
4874428.800002575,0.0,4.042080001281221,0.0,0.8,292.7538478897025,292.753848196597,292.753848196597,0.0
4874457.60000515,0.0,4.042080001281219,0.0,0.8,292.7538478897025,292.753848196597,292.753848196597,0.0
4874515.200010301,0.0,4.042080001281223,0.0,0.8,292.7538478897025,292.753848196597,292.753848196597,0.0
4874630.4000206,0.0,4.042080001281223,0.0,0.8,292.7538478897025,292.753848196597,292.753848196597,0.0
4874760.0,0.0,4.042080001281223,0.0,0.8,292.7538478897025,292.753848196597,292.753848196597,0.0
4874763.2400003215,0.0,4.042080001281223,0.0,0.8,292.7538478897025,292.753848196597,292.753848196597,0.0
4874766.480000644,0.0,4.042080001281223,0.0,0.8,292.7538478897025,292.753848196597,292.753848196597,0.0
4874772.960001288,0.0,4.042080001281223,0.0,0.8,292.7538478897025,292.753848196597,292.753848196597,0.0
4874785.920002575,0.0,4.042080001281223,0.0,0.8,292.7538478897025,292.753848196597,292.753848196597,0.0
4874811.84000515,0.0,4.042080001281221,0.0,0.8,292.7538478897025,292.753848196597,292.753848196597,0.0
4874863.6800103,0.0,4.042080001281223,0.0,0.8,292.7538478897025,292.753848196597,292.753848196597,0.0
4874967.3600206,0.0,4.042080001281223,0.0,0.8,292.7538478897025,292.753848196597,292.753848196597,0.0
4875120.0,0.0,4.042080001281221,0.0,0.8,292.7538478897025,292.753848196597,292.753848196597,0.0
4875122.880000322,0.0,4.042080001281221,0.0,0.8,292.7538478897025,292.753848196597,292.753848196597,0.0
4875125.760000643,0.0,4.042080001281221,0.0,0.8,292.7538478897025,292.753848196597,292.753848196597,0.0
4875131.520001288,0.0,4.042080001281221,0.0,0.8,292.7538478897025,292.753848196597,292.753848196597,0.0
4875143.040002575,0.0,4.042080001281221,0.0,0.8,292.7538478897025,292.753848196597,292.753848196597,0.0
4875166.08000515,0.0,4.042080001281221,0.0,0.8,292.7538478897025,292.753848196597,292.753848196597,0.0
4875212.160010301,0.0,4.042080001281223,0.0,0.8,292.7538478897025,292.753848196597,292.753848196597,0.0
4875304.3200206,0.0,4.042080001281224,0.0,0.8,292.7538478897025,292.753848196597,292.753848196597,0.0
4875480.0,0.0,4.042080001281223,0.0,0.8,292.7538478897025,292.753848196597,292.753848196597,0.0
4875482.520000322,0.0,4.042080001281223,0.0,0.8,292.7538478897025,292.753848196597,292.753848196597,0.0
4875485.040000644,0.0,4.042080001281223,0.0,0.8,292.7538478897025,292.753848196597,292.753848196597,0.0
4875490.080001287,0.0,4.042080001281223,0.0,0.8,292.7538478897025,292.753848196597,292.753848196597,0.0
4875500.160002575,0.0,4.042080001281223,0.0,0.8,292.7538478897025,292.753848196597,292.753848196597,0.0
4875520.3200051505,0.0,4.042080001281221,0.0,0.8,292.7538478897025,292.753848196597,292.753848196597,0.0
4875560.6400103,0.0,4.042080001281221,0.0,0.8,292.7538478897025,292.753848196597,292.753848196597,0.0
4875641.2800206,0.0,4.042080001281221,0.0,0.8,292.7538478897025,292.753848196597,292.753848196597,0.0
4875802.5600412,0.0,4.042080001281224,0.0,0.8,292.7538478897025,292.753848196597,292.753848196597,0.0
4875840.0,0.0,4.042080001281223,0.0,0.8,292.7538478897025,292.753848196597,292.753848196597,0.0
4875842.160000321,0.0,4.042080001281223,0.0,0.8,292.7538478897025,292.753848196597,292.753848196597,0.0
4875844.320000644,0.0,4.042080001281223,0.0,0.8,292.7538478897025,292.753848196597,292.753848196597,0.0
4875848.640001288,0.0,4.042080001281223,0.0,0.8,292.7538478897025,292.753848196597,292.753848196597,0.0
4875857.280002575,0.0,4.042080001281223,0.0,0.8,292.7538478897025,292.753848196597,292.753848196597,0.0
4875874.56000515,0.0,4.042080001281223,0.0,0.8,292.7538478897025,292.753848196597,292.753848196597,0.0
4875909.120010301,0.0,4.042080001281224,0.0,0.8,292.7538478897025,292.753848196597,292.753848196597,0.0
4875978.2400206,0.0,4.042080001281223,0.0,0.8,292.7538478897025,292.753848196597,292.753848196597,0.0
4876116.4800412,0.0,4.042080001281224,0.0,0.8,292.7538478897025,292.753848196597,292.753848196597,0.0
4876200.0,0.0,4.042080001281224,0.0,0.8,292.7538478897025,292.753848196597,292.753848196597,0.0
4876201.800000322,0.0,4.042080001281224,0.0,0.8,292.7538478897025,292.753848196597,292.753848196597,0.0
4876203.600000644,0.0,4.042080001281224,0.0,0.8,292.7538478897025,292.753848196597,292.753848196597,0.0
4876207.200001287,0.0,4.042080001281224,0.0,0.8,292.7538478897025,292.753848196597,292.753848196597,0.0
4876214.4000025755,0.0,4.042080001281224,0.0,0.8,292.7538478897025,292.753848196597,292.753848196597,0.0
4876228.80000515,0.0,4.042080001281224,0.0,0.8,292.7538478897025,292.753848196597,292.753848196597,0.0
4876257.6000103,0.0,4.042080001281224,0.0,0.8,292.7538478897025,292.753848196597,292.753848196597,0.0
4876315.2000206,0.0,4.042080001281224,0.0,0.8,292.7538478897025,292.753848196597,292.753848196597,0.0
4876430.4000412,0.0,4.042080001281224,0.0,0.8,292.7538478897025,292.753848196597,292.753848196597,0.0
4876560.0,0.0,4.042080001281223,0.0,0.8,292.7538478897025,292.753848196597,292.753848196597,0.0
4876561.440000322,0.0,4.042080001281223,0.0,0.8,292.7538478897025,292.753848196597,292.753848196597,0.0
4876562.880000643,0.0,4.042080001281223,0.0,0.8,292.7538478897025,292.753848196597,292.753848196597,0.0
4876565.760001288,0.0,4.042080001281223,0.0,0.8,292.7538478897025,292.753848196597,292.753848196597,0.0
4876571.520002575,0.0,4.042080001281223,0.0,0.8,292.7538478897025,292.753848196597,292.753848196597,0.0
4876583.04000515,0.0,4.042080001281223,0.0,0.8,292.7538478897025,292.753848196597,292.753848196597,0.0
4876606.0800103005,0.0,4.042080001281223,0.0,0.8,292.7538478897025,292.753848196597,292.753848196597,0.0
4876652.1600206,0.0,4.042080001281223,0.0,0.8,292.7538478897025,292.753848196597,292.753848196597,0.0
4876744.320041201,0.0,4.042080001281223,0.0,0.8,292.7538478897025,292.753848196597,292.753848196597,0.0
4876920.0,0.0,4.042080001281224,0.0,0.8,292.7538478897025,292.753848196597,292.753848196597,0.0
4876921.080000322,0.0,4.042080001281224,0.0,0.8,292.7538478897025,292.753848196597,292.753848196597,0.0
4876922.160000644,0.0,4.042080001281224,0.0,0.8,292.7538478897025,292.753848196597,292.753848196597,0.0
4876924.320001287,0.0,4.042080001281224,0.0,0.8,292.7538478897025,292.753848196597,292.753848196597,0.0
4876928.640002575,0.0,4.042080001281224,0.0,0.8,292.7538478897025,292.753848196597,292.753848196597,0.0
4876937.2800051505,0.0,4.042080001281224,0.0,0.8,292.7538478897025,292.753848196597,292.753848196597,0.0
4876954.5600103,0.0,4.042080001281224,0.0,0.8,292.7538478897025,292.753848196597,292.753848196597,0.0
4876989.1200206,0.0,4.042080001281224,0.0,0.8,292.7538478897025,292.753848196597,292.753848196597,0.0
4877058.240041201,0.0,4.042080001281223,0.0,0.8,292.7538478897025,292.753848196597,292.753848196597,0.0
4877196.480082401,0.0,4.042080001281224,0.0,0.8,292.7538478897025,292.753848196597,292.753848196597,0.0
4877280.0,0.0,4.042080001281224,0.0,0.8,292.7538478897025,292.753848196597,292.753848196597,0.0
4877280.720000322,0.0,4.042080001281224,0.0,0.8,292.7538478897025,292.753848196597,292.753848196597,0.0
4877281.440000644,0.0,4.042080001281224,0.0,0.8,292.7538478897025,292.753848196597,292.753848196597,0.0
4877282.880001288,0.0,4.042080001281224,0.0,0.8,292.7538478897025,292.753848196597,292.753848196597,0.0
4877285.760002575,0.0,4.042080001281224,0.0,0.8,292.7538478897025,292.753848196597,292.753848196597,0.0
4877291.52000515,0.0,4.042080001281224,0.0,0.8,292.7538478897025,292.753848196597,292.753848196597,0.0
4877303.0400103,0.0,4.042080001281224,0.0,0.8,292.7538478897025,292.753848196597,292.753848196597,0.0
4877326.0800206,0.0,4.042080001281224,0.0,0.8,292.7538478897025,292.753848196597,292.753848196597,0.0
4877372.160041201,0.0,4.042080001281224,0.0,0.8,292.7538478897025,292.753848196597,292.753848196597,0.0
4877464.320082401,0.0,4.042080001281223,0.0,0.8,292.7538478897025,292.753848196597,292.753848196597,0.0
4877640.0,0.0,4.042080001281224,0.0,0.8,292.7538478897025,292.753848196597,292.753848196597,0.0
4877640.360000322,0.0,4.042080001281224,0.0,0.8,292.7538478897025,292.753848196597,292.753848196597,0.0
4877640.720000644,0.0,4.042080001281224,0.0,0.8,292.7538478897025,292.753848196597,292.753848196597,0.0
4877641.4400012875,0.0,4.042080001281224,0.0,0.8,292.7538478897025,292.753848196597,292.753848196597,0.0
4877642.880002575,0.0,4.042080001281224,0.0,0.8,292.7538478897025,292.753848196597,292.753848196597,0.0
4877645.76000515,0.0,4.042080001281224,0.0,0.8,292.7538478897025,292.753848196597,292.753848196597,0.0
4877651.5200103,0.0,4.042080001281224,0.0,0.8,292.7538478897025,292.753848196597,292.753848196597,0.0
4877663.0400206,0.0,4.042080001281224,0.0,0.8,292.7538478897025,292.753848196597,292.753848196597,0.0
4877686.080041201,0.0,4.042080001281224,0.0,0.8,292.7538478897025,292.753848196597,292.753848196597,0.0
4877732.160082402,0.0,4.042080001281224,0.0,0.8,292.7538478897025,292.753848196597,292.753848196597,0.0
4877824.3201648025,0.0,4.042080001281224,0.0,0.8,292.7538478897025,292.753848196597,292.753848196597,0.0
4878000.0,0.0,4.042080001281224,0.0,0.8,292.7538478897025,292.753848196597,292.753848196597,0.0
4881600.0,0.0,4.042080001281224,0.0,0.8,293.70735851177267,293.7073589999702,293.7073589999702,0.0
4881603.600000376,0.0,4.042080001281224,0.0,0.8,293.70735851177267,293.7073589999702,293.7073589999702,0.0
4881607.200000751,0.0,4.042080001281224,0.0,0.8,293.70735851177267,293.7073589999702,293.7073589999702,0.0
4881614.400001502,0.0,4.042080001281224,0.0,0.8,293.70735851177267,293.7073589999702,293.7073589999702,0.0
4881628.800003004,0.0,4.042080001281224,0.0,0.8,293.70735851177267,293.7073589999702,293.7073589999702,0.0
4881657.6000060085,0.0,4.042080001281224,0.0,0.8,293.70735851177267,293.7073589999702,293.7073589999702,0.0
4881715.200012017,0.0,4.042080001281224,0.0,0.8,293.70735851177267,293.7073589999702,293.7073589999702,0.0
4881830.400024033,0.0,4.042080001281224,0.0,0.8,293.70735851177267,293.7073589999702,293.7073589999702,0.0
4881960.0,0.0,4.042080001281224,0.0,0.8,293.70735851177267,293.7073589999702,293.7073589999702,0.0
4881963.240000376,0.0,4.042080001281224,0.0,0.8,293.70735851177267,293.7073589999702,293.7073589999702,0.0
4881966.480000751,0.0,4.042080001281224,0.0,0.8,293.70735851177267,293.7073589999702,293.7073589999702,0.0
4881972.960001502,0.0,4.042080001281224,0.0,0.8,293.70735851177267,293.7073589999702,293.7073589999702,0.0
4881985.920003004,0.0,4.042080001281224,0.0,0.8,293.70735851177267,293.7073589999702,293.7073589999702,0.0
4882011.840006009,0.0,4.042080001281224,0.0,0.8,293.70735851177267,293.7073589999702,293.7073589999702,0.0
4882063.680012017,0.0,4.042080001281224,0.0,0.8,293.70735851177267,293.7073589999702,293.7073589999702,0.0
4882167.360024033,0.0,4.042080001281224,0.0,0.8,293.70735851177267,293.7073589999702,293.7073589999702,0.0
4882320.0,0.0,4.042080001281226,0.0,0.8,293.70735851177267,293.7073589999702,293.7073589999702,0.0
4882322.880000375,0.0,4.042080001281226,0.0,0.8,293.70735851177267,293.7073589999702,293.7073589999702,0.0
4882325.760000751,0.0,4.042080001281226,0.0,0.8,293.70735851177267,293.7073589999702,293.7073589999702,0.0
4882331.520001502,0.0,4.042080001281226,0.0,0.8,293.70735851177267,293.7073589999702,293.7073589999702,0.0
4882343.0400030045,0.0,4.042080001281226,0.0,0.8,293.70735851177267,293.7073589999702,293.7073589999702,0.0
4882366.080006008,0.0,4.042080001281226,0.0,0.8,293.70735851177267,293.7073589999702,293.7073589999702,0.0
4882412.160012017,0.0,4.042080001281226,0.0,0.8,293.70735851177267,293.7073589999702,293.7073589999702,0.0
4882504.320024034,0.0,4.042080001281224,0.0,0.8,293.70735851177267,293.7073589999702,293.7073589999702,0.0
4882680.0,0.0,4.042080001281226,0.0,0.8,293.70735851177267,293.7073589999702,293.7073589999702,0.0
4882682.520000376,0.0,4.042080001281226,0.0,0.8,293.70735851177267,293.7073589999702,293.7073589999702,0.0
4882685.040000751,0.0,4.042080001281226,0.0,0.8,293.70735851177267,293.7073589999702,293.7073589999702,0.0
4882690.080001502,0.0,4.042080001281226,0.0,0.8,293.70735851177267,293.7073589999702,293.7073589999702,0.0
4882700.160003005,0.0,4.042080001281226,0.0,0.8,293.70735851177267,293.7073589999702,293.7073589999702,0.0
4882720.320006008,0.0,4.042080001281226,0.0,0.8,293.70735851177267,293.7073589999702,293.7073589999702,0.0
4882760.6400120165,0.0,4.042080001281226,0.0,0.8,293.70735851177267,293.7073589999702,293.7073589999702,0.0
4882841.280024034,0.0,4.042080001281226,0.0,0.8,293.70735851177267,293.7073589999702,293.7073589999702,0.0
4883002.560048067,0.0,4.042080001281224,0.0,0.8,293.70735851177267,293.7073589999702,293.7073589999702,0.0
4883040.0,0.0,4.042080001281224,0.0,0.8,293.70735851177267,293.7073589999702,293.7073589999702,0.0
4883042.1600003755,0.0,4.042080001281224,0.0,0.8,293.70735851177267,293.7073589999702,293.7073589999702,0.0
4883044.320000751,0.0,4.042080001281224,0.0,0.8,293.70735851177267,293.7073589999702,293.7073589999702,0.0
4883048.640001502,0.0,4.042080001281224,0.0,0.8,293.70735851177267,293.7073589999702,293.7073589999702,0.0
4883057.280003004,0.0,4.042080001281224,0.0,0.8,293.70735851177267,293.7073589999702,293.7073589999702,0.0
4883074.5600060085,0.0,4.042080001281224,0.0,0.8,293.70735851177267,293.7073589999702,293.7073589999702,0.0
4883109.120012017,0.0,4.042080001281224,0.0,0.8,293.70735851177267,293.7073589999702,293.7073589999702,0.0
4883178.240024034,0.0,4.042080001281224,0.0,0.8,293.70735851177267,293.7073589999702,293.7073589999702,0.0
4883316.480048067,0.0,4.042080001281224,0.0,0.8,293.70735851177267,293.7073589999702,293.7073589999702,0.0
4883400.0,0.0,4.042080001281226,0.0,0.8,293.70735851177267,293.7073589999702,293.7073589999702,0.0
4883401.800000375,0.0,4.042080001281226,0.0,0.8,293.70735851177267,293.7073589999702,293.7073589999702,0.0
4883403.600000751,0.0,4.042080001281226,0.0,0.8,293.70735851177267,293.7073589999702,293.7073589999702,0.0
4883407.200001502,0.0,4.042080001281226,0.0,0.8,293.70735851177267,293.7073589999702,293.7073589999702,0.0
4883414.400003004,0.0,4.042080001281226,0.0,0.8,293.70735851177267,293.7073589999702,293.7073589999702,0.0
4883428.800006009,0.0,4.042080001281226,0.0,0.8,293.70735851177267,293.7073589999702,293.7073589999702,0.0
4883457.6000120165,0.0,4.042080001281226,0.0,0.8,293.70735851177267,293.7073589999702,293.7073589999702,0.0
4883515.200024034,0.0,4.042080001281226,0.0,0.8,293.70735851177267,293.7073589999702,293.7073589999702,0.0
4883630.400048067,0.0,4.04208000128123,0.0,0.8,293.70735851177267,293.7073589999702,293.7073589999702,0.0
4883760.0,0.0,4.042080001281226,0.0,0.8,293.70735851177267,293.7073589999702,293.7073589999702,0.0
4883761.440000376,0.0,4.042080001281226,0.0,0.8,293.70735851177267,293.7073589999702,293.7073589999702,0.0
4883762.880000751,0.0,4.042080001281226,0.0,0.8,293.70735851177267,293.7073589999702,293.7073589999702,0.0
4883765.760001502,0.0,4.042080001281226,0.0,0.8,293.70735851177267,293.7073589999702,293.7073589999702,0.0
4883771.520003004,0.0,4.042080001281226,0.0,0.8,293.70735851177267,293.7073589999702,293.7073589999702,0.0
4883783.040006008,0.0,4.042080001281226,0.0,0.8,293.70735851177267,293.7073589999702,293.7073589999702,0.0
4883806.080012017,0.0,4.042080001281226,0.0,0.8,293.70735851177267,293.7073589999702,293.7073589999702,0.0
4883852.160024034,0.0,4.042080001281226,0.0,0.8,293.70735851177267,293.7073589999702,293.7073589999702,0.0
4883944.320048067,0.0,4.042080001281226,0.0,0.8,293.70735851177267,293.7073589999702,293.7073589999702,0.0
4884120.0,0.0,4.042080001281226,0.0,0.8,293.70735851177267,293.7073589999702,293.7073589999702,0.0
4884121.080000375,0.0,4.042080001281226,0.0,0.8,293.70735851177267,293.7073589999702,293.7073589999702,0.0
4884122.160000751,0.0,4.042080001281226,0.0,0.8,293.70735851177267,293.7073589999702,293.7073589999702,0.0
4884124.3200015025,0.0,4.042080001281226,0.0,0.8,293.70735851177267,293.7073589999702,293.7073589999702,0.0
4884128.640003004,0.0,4.042080001281226,0.0,0.8,293.70735851177267,293.7073589999702,293.7073589999702,0.0
4884137.280006008,0.0,4.042080001281226,0.0,0.8,293.70735851177267,293.7073589999702,293.7073589999702,0.0
4884154.560012016,0.0,4.042080001281226,0.0,0.8,293.70735851177267,293.7073589999702,293.7073589999702,0.0
4884189.120024034,0.0,4.042080001281226,0.0,0.8,293.70735851177267,293.7073589999702,293.7073589999702,0.0
4884258.240048067,0.0,4.042080001281226,0.0,0.8,293.70735851177267,293.7073589999702,293.7073589999702,0.0
4884396.480096134,0.0,4.042080001281226,0.0,0.8,293.70735851177267,293.7073589999702,293.7073589999702,0.0
4884480.0,0.0,4.042080001281228,0.0,0.8,293.70735851177267,293.7073589999702,293.7073589999702,0.0
4884480.720000375,0.0,4.042080001281228,0.0,0.8,293.70735851177267,293.7073589999702,293.7073589999702,0.0
4884481.440000751,0.0,4.042080001281228,0.0,0.8,293.70735851177267,293.7073589999702,293.7073589999702,0.0
4884482.880001502,0.0,4.042080001281228,0.0,0.8,293.70735851177267,293.7073589999702,293.7073589999702,0.0
4884485.760003004,0.0,4.042080001281228,0.0,0.8,293.70735851177267,293.7073589999702,293.7073589999702,0.0
4884491.520006008,0.0,4.042080001281228,0.0,0.8,293.70735851177267,293.7073589999702,293.7073589999702,0.0
4884503.040012017,0.0,4.042080001281228,0.0,0.8,293.70735851177267,293.7073589999702,293.7073589999702,0.0
4884526.080024034,0.0,4.042080001281226,0.0,0.8,293.70735851177267,293.7073589999702,293.7073589999702,0.0
4884572.160048067,0.0,4.042080001281228,0.0,0.8,293.70735851177267,293.7073589999702,293.7073589999702,0.0
4884664.320096134,0.0,4.042080001281228,0.0,0.8,293.70735851177267,293.7073589999702,293.7073589999702,0.0
4884840.0,0.0,4.042080001281228,0.0,0.8,293.70735851177267,293.7073589999702,293.7073589999702,0.0
4884840.360000376,0.0,4.042080001281228,0.0,0.8,293.70735851177267,293.7073589999702,293.7073589999702,0.0
4884840.720000751,0.0,4.042080001281228,0.0,0.8,293.70735851177267,293.7073589999702,293.7073589999702,0.0
4884841.440001502,0.0,4.042080001281228,0.0,0.8,293.70735851177267,293.7073589999702,293.7073589999702,0.0
4884842.880003004,0.0,4.042080001281228,0.0,0.8,293.70735851177267,293.7073589999702,293.7073589999702,0.0
4884845.760006009,0.0,4.042080001281228,0.0,0.8,293.70735851177267,293.7073589999702,293.7073589999702,0.0
4884851.520012016,0.0,4.042080001281228,0.0,0.8,293.70735851177267,293.7073589999702,293.7073589999702,0.0
4884863.040024034,0.0,4.042080001281228,0.0,0.8,293.70735851177267,293.7073589999702,293.7073589999702,0.0
4884886.0800480675,0.0,4.042080001281228,0.0,0.8,293.70735851177267,293.7073589999702,293.7073589999702,0.0
4884932.160096134,0.0,4.042080001281228,0.0,0.8,293.70735851177267,293.7073589999702,293.7073589999702,0.0
4885024.320192268,0.0,4.042080001281228,0.0,0.8,293.70735851177267,293.7073589999702,293.7073589999702,0.0
4885200.0,0.0,4.042080001281228,0.0,0.8,293.70735851177267,293.7073589999702,293.7073589999702,0.0
4888800.0,0.0,4.042080001281228,0.0,0.8,294.94999936376905,294.9500000000013,294.9500000000013,0.0
4888803.600000429,0.0,4.042080001281228,0.0,0.8,294.94999936376905,294.9500000000013,294.9500000000013,0.0
4888807.200000858,0.0,4.042080001281228,0.0,0.8,294.94999936376905,294.9500000000013,294.9500000000013,0.0
4888814.400001717,0.0,4.042080001281228,0.0,0.8,294.94999936376905,294.9500000000013,294.9500000000013,0.0
4888828.800003434,0.0,4.042080001281228,0.0,0.8,294.94999936376905,294.9500000000013,294.9500000000013,0.0
4888857.600006866,0.0,4.042080001281228,0.0,0.8,294.94999936376905,294.9500000000013,294.9500000000013,0.0
4888915.2000137335,0.0,4.04208000128123,0.0,0.8,294.94999936376905,294.9500000000013,294.9500000000013,0.0
4889030.400027467,0.0,4.042080001281228,0.0,0.8,294.94999936376905,294.9500000000013,294.9500000000013,0.0
4889160.0,0.0,4.04208000128123,0.0,0.8,294.94999936376905,294.9500000000013,294.9500000000013,0.0
4889163.24000043,0.0,4.04208000128123,0.0,0.8,294.94999936376905,294.9500000000013,294.9500000000013,0.0
4889166.480000858,0.0,4.04208000128123,0.0,0.8,294.94999936376905,294.9500000000013,294.9500000000013,0.0
4889172.960001716,0.0,4.04208000128123,0.0,0.8,294.94999936376905,294.9500000000013,294.9500000000013,0.0
4889185.920003434,0.0,4.04208000128123,0.0,0.8,294.94999936376905,294.9500000000013,294.9500000000013,0.0
4889211.8400068665,0.0,4.04208000128123,0.0,0.8,294.94999936376905,294.9500000000013,294.9500000000013,0.0
4889263.680013733,0.0,4.042080001281228,0.0,0.8,294.94999936376905,294.9500000000013,294.9500000000013,0.0
4889367.360027467,0.0,4.042080001281228,0.0,0.8,294.94999936376905,294.9500000000013,294.9500000000013,0.0
4889520.0,0.0,4.04208000128123,0.0,0.8,294.94999936376905,294.9500000000013,294.9500000000013,0.0
4889522.880000429,0.0,4.04208000128123,0.0,0.8,294.94999936376905,294.9500000000013,294.9500000000013,0.0
4889525.760000858,0.0,4.04208000128123,0.0,0.8,294.94999936376905,294.9500000000013,294.9500000000013,0.0
4889531.520001717,0.0,4.04208000128123,0.0,0.8,294.94999936376905,294.9500000000013,294.9500000000013,0.0
4889543.040003433,0.0,4.04208000128123,0.0,0.8,294.94999936376905,294.9500000000013,294.9500000000013,0.0
4889566.080006867,0.0,4.04208000128123,0.0,0.8,294.94999936376905,294.9500000000013,294.9500000000013,0.0
4889612.160013733,0.0,4.042080001281226,0.0,0.8,294.94999936376905,294.9500000000013,294.9500000000013,0.0
4889704.320027467,0.0,4.042080001281228,0.0,0.8,294.94999936376905,294.9500000000013,294.9500000000013,0.0
4889880.0,0.0,4.042080001281226,0.0,0.8,294.94999936376905,294.9500000000013,294.9500000000013,0.0
4889882.520000429,0.0,4.042080001281226,0.0,0.8,294.94999936376905,294.9500000000013,294.9500000000013,0.0
4889885.040000859,0.0,4.042080001281226,0.0,0.8,294.94999936376905,294.9500000000013,294.9500000000013,0.0
4889890.0800017165,0.0,4.042080001281226,0.0,0.8,294.94999936376905,294.9500000000013,294.9500000000013,0.0
4889900.160003433,0.0,4.042080001281226,0.0,0.8,294.94999936376905,294.9500000000013,294.9500000000013,0.0
4889920.320006867,0.0,4.04208000128123,0.0,0.8,294.94999936376905,294.9500000000013,294.9500000000013,0.0
4889960.640013733,0.0,4.04208000128123,0.0,0.8,294.94999936376905,294.9500000000013,294.9500000000013,0.0
4890041.280027467,0.0,4.04208000128123,0.0,0.8,294.94999936376905,294.9500000000013,294.9500000000013,0.0
4890202.560054934,0.0,4.042080001281226,0.0,0.8,294.94999936376905,294.9500000000013,294.9500000000013,0.0
4890240.0,0.0,4.042080001281226,0.0,0.8,294.94999936376905,294.9500000000013,294.9500000000013,0.0
4890242.1600004295,0.0,4.042080001281226,0.0,0.8,294.94999936376905,294.9500000000013,294.9500000000013,0.0
4890244.320000858,0.0,4.042080001281226,0.0,0.8,294.94999936376905,294.9500000000013,294.9500000000013,0.0
4890248.640001717,0.0,4.042080001281226,0.0,0.8,294.94999936376905,294.9500000000013,294.9500000000013,0.0
4890257.280003433,0.0,4.042080001281226,0.0,0.8,294.94999936376905,294.9500000000013,294.9500000000013,0.0
4890274.560006866,0.0,4.042080001281226,0.0,0.8,294.94999936376905,294.9500000000013,294.9500000000013,0.0
4890309.120013733,0.0,4.042080001281226,0.0,0.8,294.94999936376905,294.9500000000013,294.9500000000013,0.0
4890378.240027467,0.0,4.04208000128123,0.0,0.8,294.94999936376905,294.9500000000013,294.9500000000013,0.0
4890516.480054934,0.0,4.04208000128123,0.0,0.8,294.94999936376905,294.9500000000013,294.9500000000013,0.0
4890600.0,0.0,4.04208000128123,0.0,0.8,294.94999936376905,294.9500000000013,294.9500000000013,0.0
4890601.800000429,0.0,4.04208000128123,0.0,0.8,294.94999936376905,294.9500000000013,294.9500000000013,0.0
4890603.600000858,0.0,4.04208000128123,0.0,0.8,294.94999936376905,294.9500000000013,294.9500000000013,0.0
4890607.200001717,0.0,4.04208000128123,0.0,0.8,294.94999936376905,294.9500000000013,294.9500000000013,0.0
4890614.400003433,0.0,4.04208000128123,0.0,0.8,294.94999936376905,294.9500000000013,294.9500000000013,0.0
4890628.800006866,0.0,4.04208000128123,0.0,0.8,294.94999936376905,294.9500000000013,294.9500000000013,0.0
4890657.600013734,0.0,4.04208000128123,0.0,0.8,294.94999936376905,294.9500000000013,294.9500000000013,0.0
4890715.200027467,0.0,4.04208000128123,0.0,0.8,294.94999936376905,294.9500000000013,294.9500000000013,0.0
4890830.4000549335,0.0,4.042080001281223,0.0,0.8,294.94999936376905,294.9500000000013,294.9500000000013,0.0
4890960.0,0.0,4.042080001281223,0.0,0.8,294.94999936376905,294.9500000000013,294.9500000000013,0.0
4890961.440000429,0.0,4.042080001281223,0.0,0.8,294.94999936376905,294.9500000000013,294.9500000000013,0.0
4890962.880000859,0.0,4.042080001281223,0.0,0.8,294.94999936376905,294.9500000000013,294.9500000000013,0.0
4890965.760001717,0.0,4.042080001281223,0.0,0.8,294.94999936376905,294.9500000000013,294.9500000000013,0.0
4890971.520003433,0.0,4.042080001281223,0.0,0.8,294.94999936376905,294.9500000000013,294.9500000000013,0.0
4890983.040006867,0.0,4.042080001281223,0.0,0.8,294.94999936376905,294.9500000000013,294.9500000000013,0.0
4891006.080013733,0.0,4.042080001281223,0.0,0.8,294.94999936376905,294.9500000000013,294.9500000000013,0.0
4891052.160027467,0.0,4.042080001281223,0.0,0.8,294.94999936376905,294.9500000000013,294.9500000000013,0.0
4891144.320054933,0.0,4.042080001281224,0.0,0.8,294.94999936376905,294.9500000000013,294.9500000000013,0.0
4891320.0,0.0,4.042080001281223,0.0,0.8,294.94999936376905,294.9500000000013,294.9500000000013,0.0
4891321.080000429,0.0,4.042080001281223,0.0,0.8,294.94999936376905,294.9500000000013,294.9500000000013,0.0
4891322.160000858,0.0,4.042080001281223,0.0,0.8,294.94999936376905,294.9500000000013,294.9500000000013,0.0
4891324.320001717,0.0,4.042080001281223,0.0,0.8,294.94999936376905,294.9500000000013,294.9500000000013,0.0
4891328.640003433,0.0,4.042080001281223,0.0,0.8,294.94999936376905,294.9500000000013,294.9500000000013,0.0
4891337.280006867,0.0,4.042080001281223,0.0,0.8,294.94999936376905,294.9500000000013,294.9500000000013,0.0
4891354.560013734,0.0,4.042080001281224,0.0,0.8,294.94999936376905,294.9500000000013,294.9500000000013,0.0
4891389.120027467,0.0,4.042080001281223,0.0,0.8,294.94999936376905,294.9500000000013,294.9500000000013,0.0
4891458.240054933,0.0,4.042080001281224,0.0,0.8,294.94999936376905,294.9500000000013,294.9500000000013,0.0
4891596.480109867,0.0,4.042080001281224,0.0,0.8,294.94999936376905,294.9500000000013,294.9500000000013,0.0
4891680.0,0.0,4.042080001281224,0.0,0.8,294.94999936376905,294.9500000000013,294.9500000000013,0.0
4891680.720000429,0.0,4.042080001281224,0.0,0.8,294.94999936376905,294.9500000000013,294.9500000000013,0.0
4891681.440000858,0.0,4.042080001281224,0.0,0.8,294.94999936376905,294.9500000000013,294.9500000000013,0.0
4891682.880001716,0.0,4.042080001281224,0.0,0.8,294.94999936376905,294.9500000000013,294.9500000000013,0.0
4891685.760003434,0.0,4.042080001281224,0.0,0.8,294.94999936376905,294.9500000000013,294.9500000000013,0.0
4891691.520006867,0.0,4.042080001281224,0.0,0.8,294.94999936376905,294.9500000000013,294.9500000000013,0.0
4891703.040013733,0.0,4.042080001281224,0.0,0.8,294.94999936376905,294.9500000000013,294.9500000000013,0.0
4891726.080027467,0.0,4.042080001281224,0.0,0.8,294.94999936376905,294.9500000000013,294.9500000000013,0.0
4891772.160054933,0.0,4.042080001281224,0.0,0.8,294.94999936376905,294.9500000000013,294.9500000000013,0.0
4891864.3201098675,0.0,4.042080001281224,0.0,0.8,294.94999936376905,294.9500000000013,294.9500000000013,0.0
4892040.0,0.0,4.042080001281226,0.0,0.8,294.94999936376905,294.9500000000013,294.9500000000013,0.0
4892040.360000429,0.0,4.042080001281226,0.0,0.8,294.94999936376905,294.9500000000013,294.9500000000013,0.0
4892040.720000858,0.0,4.042080001281226,0.0,0.8,294.94999936376905,294.9500000000013,294.9500000000013,0.0
4892041.440001717,0.0,4.042080001281226,0.0,0.8,294.94999936376905,294.9500000000013,294.9500000000013,0.0
4892042.880003434,0.0,4.042080001281226,0.0,0.8,294.94999936376905,294.9500000000013,294.9500000000013,0.0
4892045.760006866,0.0,4.042080001281226,0.0,0.8,294.94999936376905,294.9500000000013,294.9500000000013,0.0
4892051.520013734,0.0,4.042080001281226,0.0,0.8,294.94999936376905,294.9500000000013,294.9500000000013,0.0
4892063.040027467,0.0,4.042080001281226,0.0,0.8,294.94999936376905,294.9500000000013,294.9500000000013,0.0
4892086.080054933,0.0,4.042080001281226,0.0,0.8,294.94999936376905,294.9500000000013,294.9500000000013,0.0
4892132.160109867,0.0,4.042080001281224,0.0,0.8,294.94999936376905,294.9500000000013,294.9500000000013,0.0
4892224.320219734,0.0,4.042080001281224,0.0,0.8,294.94999936376905,294.9500000000013,294.9500000000013,0.0
4892400.0,0.0,4.042080001281223,0.0,0.8,294.94999936376905,294.9500000000013,294.9500000000013,0.0
4896000.0,2.5,3.9769738088229785,0.16276548118449818,0.7999999999999998,296.7968692735485,296.3970859999876,296.58108838766566,15.389132442410338
4896000.000032988,2.5,3.9769737649448924,0.16276547550705756,0.7999999951679989,296.7968692735485,296.3970859999876,296.58108838766566,15.389132442410338
4896000.000065977,2.5,3.9769737210668654,0.16276546982970835,0.7999999903359977,296.7968692735485,296.3970859999876,296.58108838766566,15.389132442410338
4896000.0001319535,2.5,3.9769736333109953,0.1627654584752341,0.7999999806719954,296.7968692735485,296.3970859999876,296.58108838766566,15.389132442410338
4896000.000263906,2.5,3.9769734578001468,0.16276543576740596,0.7999999613439907,296.7968692735485,296.3970859999876,296.58108838766566,15.389132442410338
4896000.000527813,2.5,3.9769731067818155,0.1627653903560193,0.7999999226879813,296.7968692735485,296.3970859999876,296.58108838766566,15.389132442410338
4896000.001055625,2.5,3.9769724047591133,0.16276529955085045,0.7999998453759626,296.7968692735485,296.3970859999876,296.58108838766566,15.389132442410338
4896000.002111251,2.5,3.97697100076944,0.16276511801081622,0.799999690751925,296.7968692735485,296.3970859999876,296.58108838766566,15.389132442410338
4896000.004222502,2.5,3.97696819301363,0.16276475521205916,0.79999938150385,296.7968692735485,296.3970859999876,296.58108838766566,15.389132442410338
4896000.008445003,2.5,3.9769625783967197,0.16276403073696322,0.7999987630076999,296.7968692735485,296.3970859999876,296.58108838766566,15.389132442410338
4896000.016890007,2.5,3.9769513527472076,0.1627625862540629,0.7999975260153999,296.7968692735485,296.3970859999876,296.58108838766566,15.389132442410338
4896000.033780013,2.5,3.9769289158253165,0.1627597149773047,0.7999950520307996,296.7968692735485,296.3970859999876,296.58108838766566,15.389132442410338
4896000.067560027,2.5,3.9768840997961648,0.16275404177158134,0.7999901040615992,296.7968692735485,296.3970859999876,296.58108838766566,15.389132442410338
4896000.135120054,2.5,3.976794701257633,0.16274296198731947,0.7999802081231983,296.7968692735485,296.3970859999876,296.58108838766566,15.389132442410338
4896000.2702401085,2.5,3.976616853669894,0.16272179016487112,0.7999604162463965,296.7968692735485,296.3970859999876,296.58108838766566,15.389132442410338
4896000.405360162,2.5,3.976440290822987,0.16270184027098075,0.7999406243695948,296.7968692735485,296.3970859999876,296.58108838766566,15.389132442410338
4896000.67560027,2.5,3.9760911060758373,0.1626650058525276,0.7999010406159912,296.7968692735485,296.3970859999876,296.58108838766566,15.389132442410338
4896000.918816367,2.5,3.9757813838439184,0.1626349580809591,0.799865415237748,296.7968692735485,296.3970859999876,296.58108838766566,15.389132442410338
4896001.1620324645,2.5,3.9754760030973744,0.1626073275344422,0.7998297898595048,296.7968692735485,296.3970859999876,296.58108838766566,15.389132442410338
4896001.405248562,2.5,3.975174968371264,0.16258174043872486,0.7997941644812616,296.7968692735485,296.3970859999876,296.58108838766566,15.389132442410338
4896001.648464659,2.5,3.97487825876537,0.16255788080620515,0.7997585391030184,296.7968692735485,296.3970859999876,296.58108838766566,15.389132442410338
4896002.134896854,2.5,3.974297658897073,0.16251450002581866,0.7996872883465321,296.7968692735485,296.3970859999876,296.58108838766566,15.389132442410338
4896002.621329049,2.5,3.973733765642628,0.1624755273242805,0.7996160375900457,296.7968692735485,296.3970859999876,296.58108838766566,15.389132442410338
4896003.107761243,2.5,3.9731859522419146,0.16243978051830846,0.7995447868335593,296.7968692735485,296.3970859999876,296.58108838766566,15.389132442410338
4896003.594193438,2.5,3.9726534996870058,0.16240658770965413,0.7994735360770729,296.7968692735485,296.3970859999876,296.58108838766566,15.389132442410338
4896004.080625633,2.5,3.972135689699996,0.16237555251764169,0.7994022853205867,296.7968692735485,296.3970859999876,296.58108838766566,15.389132442410338
4896004.567057827,2.5,3.9716318473012815,0.16234635720935356,0.7993310345641003,296.7968692735485,296.3970859999876,296.58108838766566,15.389132442410338
4896005.053490021,2.5,3.9711413241385696,0.1623186996894652,0.7992597838076139,296.7968692735485,296.3970859999876,296.58108838766566,15.389132442410338
4896005.539922216,2.5,3.970663480073044,0.1622923151841523,0.7991885330511275,296.7968692735485,296.3970859999876,296.58108838766566,15.389132442410338
4896006.512786605,2.5,3.9697433822091517,0.16224272245468943,0.7990460315381548,296.7968692735485,296.3970859999876,296.58108838766566,15.389132442410338
4896007.485650995,2.5,3.968866929008948,0.16219655278137685,0.798903530025182,296.7968692735485,296.3970859999876,296.58108838766566,15.389132442410338
4896008.458515383,2.5,3.9680299949879934,0.16215319039816267,0.7987610285122093,296.7968692735485,296.3970859999876,296.58108838766566,15.389132442410338
4896009.431379773,2.5,3.9672289344168727,0.1621121761994794,0.7986185269992365,296.7968692735485,296.3970859999876,296.58108838766566,15.389132442410338
4896010.404244162,2.5,3.9664605114458733,0.16207313094946632,0.7984760254862638,296.7968692735485,296.3970859999876,296.58108838766566,15.389132442410338
4896011.377108552,2.5,3.965721839187837,0.16203575727018596,0.798333523973291,296.7968692735485,296.3970859999876,296.58108838766566,15.389132442410338
4896013.3228373295,2.5,3.9643236443614702,0.16196517131649363,0.7980485209473456,296.7968692735485,296.3970859999876,296.58108838766566,15.389132442410338
4896015.268566108,2.5,3.963016977181766,0.16189915124488308,0.7977635179214001,296.7968692735485,296.3970859999876,296.58108838766566,15.389132442410338
4896017.214294886,2.5,3.961788084554284,0.1618368571276471,0.7974785148954546,296.7968692735485,296.3970859999876,296.58108838766566,15.389132442410338
4896019.160023665,2.5,3.9606259306413945,0.16177765161253907,0.7971935118695092,296.7968692735485,296.3970859999876,296.58108838766566,15.389132442410338
4896021.105752443,2.5,3.9595215384825195,0.16172103725303308,0.7969085088435637,296.7968692735485,296.3970859999876,296.58108838766566,15.389132442410338
4896023.051481222,2.5,3.9584675529229125,0.16166663672593878,0.7966235058176182,296.7968692735485,296.3970859999876,296.58108838766566,15.389132442410338
4896024.99721,2.5,3.9574579496909417,0.1616141648524193,0.7963385027916727,296.7968692735485,296.3970859999876,296.58108838766566,15.389132442410338
4896026.942938779,2.5,3.956487712146525,0.16156339289886093,0.7960534997657273,296.7968692735485,296.3970859999876,296.58108838766566,15.389132442410338
4896030.834396335,2.5,3.9546493576240205,0.16146623708996838,0.7954834937138363,296.7968692735485,296.3970859999876,296.58108838766566,15.389132442410338
4896034.725853892,2.5,3.952925871376655,0.16137396463481632,0.7949134876619454,296.7968692735485,296.3970859999876,296.58108838766566,15.389132442410338
4896038.617311449,2.5,3.951297720020219,0.1612857129441125,0.7943434816100544,296.7968692735485,296.3970859999876,296.58108838766566,15.389132442410338
4896042.508769006,2.5,3.949750190714489,0.16120086302021006,0.7937734755581635,296.7968692735485,296.3970859999876,296.58108838766566,15.389132442410338
4896046.400226562,2.5,3.948272319108828,0.16111895022460226,0.7932034695062725,296.7968692735485,296.3970859999876,296.58108838766566,15.389132442410338
4896050.291684119,2.5,3.9468554358324845,0.16103959700598441,0.7926334634543816,296.7968692735485,296.3970859999876,296.58108838766566,15.389132442410338
4896054.183141676,2.5,3.945492338358838,0.16096248794589688,0.7920634574024906,296.7968692735485,296.3970859999876,296.58108838766566,15.389132442410338
4896058.0745992325,2.5,3.944177046603591,0.16088736480709082,0.7914934513505997,296.7968692735485,296.3970859999876,296.58108838766566,15.389132442410338
4896061.966056789,2.5,3.9429046642990766,0.1608140178615681,0.7909234452987087,296.7968692735485,296.3970859999876,296.58108838766566,15.389132442410338
4896065.857514346,2.5,3.9416711549361594,0.1607422732725314,0.7903534392468178,296.7968692735485,296.3970859999876,296.58108838766566,15.389132442410338
4896073.6404294595,2.5,3.939307496310575,0.16060301707382899,0.7892134271430359,296.7968692735485,296.3970859999876,296.58108838766566,15.389132442410338
4896081.423344572,2.5,3.9370638284503814,0.16046862681722943,0.788073415039254,296.7968692735485,296.3970859999876,296.58108838766566,15.389132442410338
4896089.206259686,2.5,3.9349229433063417,0.1603383592712878,0.7869334029354721,296.7968692735485,296.3970859999876,296.58108838766566,15.389132442410338
4896096.989174799,2.5,3.9328715094335407,0.16021164351312958,0.7857933908316902,296.7968692735485,296.3970859999876,296.58108838766566,15.389132442410338
4896104.772089913,2.5,3.93089913171283,0.16008803166754576,0.7846533787279083,296.7968692735485,296.3970859999876,296.58108838766566,15.389132442410338
4896112.555005026,2.5,3.9289973523978237,0.15996715903424652,0.7835133666241264,296.7968692735485,296.3970859999876,296.58108838766566,15.389132442410338
4896120.33792014,2.5,3.9271590159729595,0.1598487224926441,0.7823733545203445,296.7968692735485,296.3970859999876,296.58108838766566,15.389132442410338
4896128.120835253,2.5,3.9253780601906048,0.1597324703352233,0.7812333424165626,296.7968692735485,296.3970859999876,296.58108838766566,15.389132442410338
4896135.9037503665,2.5,3.923649396315836,0.1596181937457509,0.7800933303127807,296.7968692735485,296.3970859999876,296.58108838766566,15.389132442410338
4896143.68666548,2.5,3.921968692310182,0.15950571755169624,0.7789533182089988,296.7968692735485,296.3970859999876,296.58108838766566,15.389132442410338
4896151.4695805935,2.5,3.920332160489095,0.15939489262435538,0.7778133061052169,296.7968692735485,296.3970859999876,296.58108838766566,15.389132442410338
4896167.0354108205,2.5,3.917178769552093,0.15917770882384524,0.7755332818976531,296.7968692735485,296.3970859999876,296.58108838766566,15.389132442410338
4896182.6012410475,2.5,3.9141667226907133,0.158965822628883,0.7732532576900893,296.7968692735485,296.3970859999876,296.58108838766566,15.389132442410338
4896198.1670712745,2.5,3.911278163309482,0.1587586283569515,0.7709732334825256,296.7968692735485,296.3970859999876,296.58108838766566,15.389132442410338
4896213.7329015015,2.5,3.908498645332559,0.15855567640144203,0.7686932092749618,296.7968692735485,296.3970859999876,296.58108838766566,15.389132442410338
4896229.298731728,2.5,3.905816085596551,0.15835662557881214,0.766413185067398,296.7968692735485,296.3970859999876,296.58108838766566,15.389132442410338
4896244.864561955,2.5,3.9032201607416055,0.15816121149318754,0.7641331608598342,296.7968692735485,296.3970859999876,296.58108838766566,15.389132442410338
4896260.430392182,2.5,3.9007019900732156,0.15796922836514363,0.7618531366522704,296.7968692735485,296.3970859999876,296.58108838766566,15.389132442410338
4896275.996222409,2.5,3.8982538474231845,0.15778051503955062,0.7595731124447066,296.7968692735485,296.3970859999876,296.58108838766566,15.389132442410338
4896291.562052636,2.5,3.8958688870643097,0.15759494240483984,0.7572930882371428,296.7968692735485,296.3970859999876,296.58108838766566,15.389132442410338
4896307.127882863,2.5,3.8935409586025065,0.15741240463718684,0.755013064029579,296.7968692735485,296.3970859999876,296.58108838766566,15.389132442410338
4896322.69371309,2.5,3.891264489823875,0.1572328139969598,0.7527330398220152,296.7968692735485,296.3970859999876,296.58108838766566,15.389132442410338
4896338.259543317,2.5,3.8890343799721654,0.15705609673140541,0.7504530156144514,296.7968692735485,296.3970859999876,296.58108838766566,15.389132442410338
4896360.0,2.5,3.8859883203779897,0.1568139702425563,0.7472685553705715,296.7968692735485,296.3970859999876,296.58108838766566,15.389132442410338
4896360.000826654,2.5,3.8859882059452584,0.1568139611382671,0.7472684342853898,296.7968692735485,296.3970859999876,296.58108838766566,15.389132442410338
4896360.001653308,2.5,3.8859880915126315,0.15681395203398563,0.7472683132002081,296.7968692735485,296.3970859999876,296.58108838766566,15.389132442410338
4896360.003306616,2.5,3.885987862647623,0.1568139338254456,0.7472680710298449,296.7968692735485,296.3970859999876,296.58108838766566,15.389132442410338
4896360.006613233,2.5,3.88598740491884,0.15681389740845808,0.7472675866891184,296.7968692735485,296.3970859999876,296.58108838766566,15.389132442410338
4896360.013226465,2.5,3.885986489465959,0.15681382457485268,0.7472666180076655,296.7968692735485,296.3970859999876,296.58108838766566,15.389132442410338
4896360.026452932,2.5,3.885984658579395,0.15681367890912212,0.7472646806447595,296.7968692735485,296.3970859999876,296.58108838766566,15.389132442410338
4896360.052905863,2.5,3.88598099688302,0.15681338758358154,0.7472608059189475,296.7968692735485,296.3970859999876,296.58108838766566,15.389132442410338
4896360.105811726,2.5,3.885973673797566,0.15681280495618274,0.7472530564673237,296.7968692735485,296.3970859999876,296.58108838766566,15.389132442410338
4896360.211623452,2.5,3.885959028855246,0.15681163979610818,0.7472375575640758,296.7968692735485,296.3970859999876,296.58108838766566,15.389132442410338
4896360.423246904,2.5,3.885929743880181,0.1568093098547955,0.7472065597575802,296.7968692735485,296.3970859999876,296.58108838766566,15.389132442410338
4896360.846493808,2.5,3.88587119352792,0.15680465148706044,0.747144564144589,296.7968692735485,296.3970859999876,296.58108838766566,15.389132442410338
4896361.692987615,2.5,3.885754170891484,0.15679534080751018,0.7470205729186065,296.7968692735485,296.3970859999876,296.58108838766566,15.389132442410338
4896363.385975231,2.5,3.8855204353155814,0.15677674364309288,0.7467725904666416,296.7968692735485,296.3970859999876,296.58108838766566,15.389132442410338
4896366.771950462,2.5,3.885054182546687,0.1567396458638706,0.7462766255627117,296.7968692735485,296.3970859999876,296.58108838766566,15.389132442410338
4896373.543900925,2.5,3.8841263900749827,0.15666583472088788,0.7452846957548519,296.7968692735485,296.3970859999876,296.58108838766566,15.389132442410338
4896387.087801849,2.5,3.8822884109643927,0.15651973658121884,0.7433008361391324,296.7968692735485,296.3970859999876,296.58108838766566,15.389132442410338
4896400.631702773,2.5,3.8804719241767027,0.15637564845973562,0.7413169765234129,296.7968692735485,296.3970859999876,296.58108838766566,15.389132442410338
4896414.175603697,2.5,3.878674439206442,0.15623354421567037,0.7393331169076933,296.7968692735485,296.3970859999876,296.58108838766566,15.389132442410338
4896427.719504622,2.5,3.8768934747597203,0.15609339914050382,0.7373492572919739,296.7968692735485,296.3970859999876,296.58108838766566,15.389132442410338
4896454.80730647,2.5,3.8733716136357836,0.15581889636299234,0.7333815380605349,296.7968692735485,296.3970859999876,296.58108838766566,15.389132442410338
4896479.1863281345,2.5,3.870234040971219,0.15557832336934257,0.7298105907522396,296.7968692735485,296.3970859999876,296.58108838766566,15.389132442410338
4896503.565349798,2.5,3.867111803256392,0.15534376850927611,0.7262396434439445,296.7968692735485,296.3970859999876,296.58108838766566,15.389132442410338
4896527.944371462,2.5,3.8639903598584473,0.15511512622071838,0.7226686961356493,296.7968692735485,296.3970859999876,296.58108838766566,15.389132442410338
4896552.323393126,2.5,3.860854965014279,0.15489229843415386,0.7190977488273542,296.7968692735485,296.3970859999876,296.58108838766566,15.389132442410338
4896576.702414789,2.5,3.857690439192763,0.15467519227464413,0.7155268015190591,296.7968692735485,296.3970859999876,296.58108838766566,15.389132442410338
4896601.081436453,2.5,3.8544811594002057,0.15446371929791436,0.7119558542107639,296.7968692735485,296.3970859999876,296.58108838766566,15.389132442410338
4896625.460458118,2.5,3.8512112247071766,0.1542577953923521,0.7083849069024688,296.7968692735485,296.3970859999876,296.58108838766566,15.389132442410338
4896674.218501445,2.5,3.844426723521366,0.1538622794807593,0.7012430122858785,296.7968692735485,296.3970859999876,296.58108838766566,15.389132442410338
4896720.0,2.5,3.837675100836826,0.15351029570502178,0.694537110741143,296.7968692735485,296.3970859999876,296.58108838766566,15.389132442410338
4896720.001447777,2.5,3.837674880626853,0.15351028486591514,0.6945368986761233,296.7968692735485,296.3970859999876,296.58108838766566,15.389132442410338
4896720.002895555,2.5,3.8376746604164316,0.15351027402682693,0.6945366866111037,296.7968692735485,296.3970859999876,296.58108838766566,15.389132442410338
4896720.005791111,2.5,3.8376742199942324,0.15351025234870538,0.6945362624810644,296.7968692735485,296.3970859999876,296.58108838766566,15.389132442410338
4896720.011582221,2.5,3.83767333914451,0.15351020899268192,0.6945354142209856,296.7968692735485,296.3970859999876,296.58108838766566,15.389132442410338
4896720.023164443,2.5,3.8376715774236594,0.1535101222815141,0.6945337177008284,296.7968692735485,296.3970859999876,296.58108838766566,15.389132442410338
4896720.046328885,2.5,3.8376680538966528,0.15350994886269448,0.6945303246605138,296.7968692735485,296.3970859999876,296.58108838766566,15.389132442410338
4896720.09265777,2.5,3.8376610065013494,0.1535096020391199,0.6945235385798846,296.7968692735485,296.3970859999876,296.58108838766566,15.389132442410338
4896720.185315539,2.5,3.837646910345664,0.15350890844822743,0.6945099664186262,296.7968692735485,296.3970859999876,296.58108838766566,15.389132442410338
4896720.370631079,2.5,3.837618712572481,0.15350752149145694,0.6944828220961092,296.7968692735485,296.3970859999876,296.58108838766566,15.389132442410338
4896720.741262157,2.5,3.8375622951672232,0.1535047484778738,0.6944285334510756,296.7968692735485,296.3970859999876,296.58108838766566,15.389132442410338
4896721.482524316,2.5,3.8374493728266406,0.15349920604973463,0.6943199561610081,296.7968692735485,296.3970859999876,296.58108838766566,15.389132442410338
4896722.965048631,2.5,3.8372231772807326,0.15348813558314298,0.6941028015808731,296.7968692735485,296.3970859999876,296.58108838766566,15.389132442410338
4896725.930097261,2.5,3.8367693769592948,0.15346605215746312,0.6936684924206032,296.7968692735485,296.3970859999876,296.58108838766566,15.389132442410338
4896731.860194523,2.5,3.8358560963003074,0.15342211492834376,0.6927998741000634,296.7968692735485,296.3970859999876,296.58108838766566,15.389132442410338
4896743.720389046,2.5,3.834006521505252,0.153335155731133,0.6910626374589838,296.7968692735485,296.3970859999876,296.58108838766566,15.389132442410338
4896755.58058357,2.5,3.8321258928370914,0.1532494108672754,0.6893254008179043,296.7968692735485,296.3970859999876,296.58108838766566,15.389132442410338
4896767.4407780925,2.5,3.8302139977882574,0.15316487322785183,0.6875881641768247,296.7968692735485,296.3970859999876,296.58108838766566,15.389132442410338
4896779.300972615,2.5,3.8282709261122485,0.1530815358459648,0.6858509275357451,296.7968692735485,296.3970859999876,296.58108838766566,15.389132442410338
4896803.021361662,2.5,3.8242933058309374,0.15291843473139255,0.6823764542535858,296.7968692735485,296.3970859999876,296.58108838766566,15.389132442410338
4896826.741750708,2.5,3.82020056722316,0.15276005458064715,0.6789019809714266,296.7968692735485,296.3970859999876,296.58108838766566,15.389132442410338
4896850.462139754,2.5,3.8160058983319862,0.15260634458120934,0.6754275076892675,296.7968692735485,296.3970859999876,296.58108838766566,15.389132442410338
4896885.285638296,2.5,3.8097033366314315,0.15238904485273647,0.6703266927305187,296.7968692735485,296.3970859999876,296.58108838766566,15.389132442410338
4896920.109136838,2.5,3.803297717244427,0.15218155955351637,0.6652258777717699,296.7968692735485,296.3970859999876,296.58108838766566,15.389132442410338
4896954.932635379,2.5,3.796875163025084,0.1519837509133324,0.6601250628130211,296.7968692735485,296.3970859999876,296.58108838766566,15.389132442410338
4896989.7561339205,2.5,3.7905197148392347,0.15179548938700754,0.6550242478542723,296.7968692735485,296.3970859999876,296.58108838766566,15.389132442410338
4897024.579632462,2.5,3.784301350903831,0.1516166532399942,0.6499234328955235,296.7968692735485,296.3970859999876,296.58108838766566,15.389132442410338
4897080.0,2.5,3.7747966975314142,0.15135119848558864,0.641805666111716,296.7968692735485,296.3970859999876,296.58108838766566,15.389132442410338
4897080.001835117,2.5,3.7747963915665146,0.1513511900813615,0.6418053973106245,296.7968692735485,296.3970859999876,296.58108838766566,15.389132442410338
4897080.003670235,2.5,3.7747960856022083,0.1513511816771598,0.641805128509533,296.7968692735485,296.3970859999876,296.58108838766566,15.389132442410338
4897080.007340469,2.5,3.7747954736753524,0.15135116486883252,0.6418045909073501,296.7968692735485,296.3970859999876,296.58108838766566,15.389132442410338
4897080.01468094,2.5,3.774794249828721,0.15135113125248265,0.6418035157029842,296.7968692735485,296.3970859999876,296.58108838766566,15.389132442410338
4897080.0293618785,2.5,3.774791802163732,0.15135106402100168,0.6418013652942524,296.7968692735485,296.3970859999876,296.58108838766566,15.389132442410338
4897080.058723758,2.5,3.7747869069470097,0.1513509295629147,0.6417970644767886,296.7968692735485,296.3970859999876,296.58108838766566,15.389132442410338
4897080.117447515,2.5,3.77477711696659,0.15135066066624067,0.6417884628418613,296.7968692735485,296.3970859999876,296.58108838766566,15.389132442410338
4897080.234895031,2.5,3.774757538817962,0.15135012295089015,0.6417712595720068,296.7968692735485,296.3970859999876,296.58108838766566,15.389132442410338
4897080.469790061,2.5,3.7747183897692347,0.15134904783216613,0.6417368530322974,296.7968692735485,296.3970859999876,296.58108838766566,15.389132442410338
4897080.939580122,2.5,3.7746401206634284,0.15134689884251887,0.6416680399528789,296.7968692735485,296.3970859999876,296.58108838766566,15.389132442410338
4897081.879160244,2.5,3.774483698395196,0.15134260585357237,0.641530413794042,296.7968692735485,296.3970859999876,296.58108838766566,15.389132442410338
4897083.758320488,2.5,3.774171317412513,0.15133403983024388,0.641255161476368,296.7968692735485,296.3970859999876,296.58108838766566,15.389132442410338
4897087.516640976,2.5,3.773548407366975,0.15131698754740713,0.6407046568410198,296.7968692735485,296.3970859999876,296.58108838766566,15.389132442410338
4897095.033281953,2.5,3.772309968242548,0.1512832016044833,0.6396036475703237,296.7968692735485,296.3970859999876,296.58108838766566,15.389132442410338
4897110.066563906,2.5,3.769862274171398,0.15121690079651048,0.6374016290289315,296.7968692735485,296.3970859999876,296.58108838766566,15.389132442410338
4897125.099845859,2.5,3.7674525521007705,0.15115228837021377,0.6351996104875393,296.7968692735485,296.3970859999876,296.58108838766566,15.389132442410338
4897140.133127812,2.5,3.7650792371920896,0.15108935685894803,0.632997591946147,296.7968692735485,296.3970859999876,296.58108838766566,15.389132442410338
4897155.166409764,2.5,3.7627403667240036,0.15102809901634154,0.6307955734047548,296.7968692735485,296.3970859999876,296.58108838766566,15.389132442410338
4897185.232973671,2.5,3.758156731026278,0.15091057640113653,0.6263915363219703,296.7968692735485,296.3970859999876,296.58108838766566,15.389132442410338
4897215.299537577,2.5,3.75368151722891,0.15079966680129087,0.6219874992391858,296.7968692735485,296.3970859999876,296.58108838766566,15.389132442410338
4897245.366101483,2.5,3.749293583089722,0.15069531982801057,0.6175834621564014,296.7968692735485,296.3970859999876,296.58108838766566,15.389132442410338
4897305.499229294,2.5,3.740700514597318,0.15050612787280812,0.6087753879908324,296.7968692735485,296.3970859999876,296.58108838766566,15.389132442410338
4897355.716854637,2.5,3.733632541021454,0.15036785628350444,0.6014196992960388,296.7968692735485,296.3970859999876,296.58108838766566,15.389132442410338
4897405.934479978,2.5,3.726604383810611,0.1502473508514495,0.594064010601245,296.7968692735485,296.3970859999876,296.58108838766566,15.389132442410338
4897440.0,2.5,3.7218427714587836,0.15017564127448005,0.5890742214822884,296.7968692735485,296.3970859999876,296.58108838766566,15.389132442410338
4897440.002049914,2.5,3.7218424849271377,0.15017563720235969,0.5890739212186568,296.7968692735485,296.3970859999876,296.58108838766566,15.389132442410338
4897440.004099827,2.5,3.721842198395488,0.1501756331302685,0.589073620955025,296.7968692735485,296.3970859999876,296.58108838766566,15.389132442410338
4897440.0081996545,2.5,3.7218416253321687,0.15017562498617373,0.5890730204277618,296.7968692735485,296.3970859999876,296.58108838766566,15.389132442410338
4897440.016399309,2.5,3.7218404792054938,0.15017560869833463,0.589071819373235,296.7968692735485,296.3970859999876,296.58108838766566,15.389132442410338
4897440.032798618,2.5,3.7218381869519512,0.150175576124058,0.5890694172641817,296.7968692735485,296.3970859999876,296.58108838766566,15.389132442410338
4897440.065597236,2.5,3.721833602444194,0.15017551098111123,0.5890646130460748,296.7968692735485,296.3970859999876,296.58108838766566,15.389132442410338
4897440.131194472,2.5,3.721824433425963,0.15017538071764328,0.5890550046098614,296.7968692735485,296.3970859999876,296.58108838766566,15.389132442410338
4897440.262388946,2.5,3.7218060953786907,0.15017512028040883,0.5890357877374344,296.7968692735485,296.3970859999876,296.58108838766566,15.389132442410338
4897440.524777891,2.5,3.72176941924039,0.15017459976473754,0.5889973539925804,296.7968692735485,296.3970859999876,296.58108838766566,15.389132442410338
4897441.049555781,2.5,3.7216960667851664,0.15017356016852326,0.5889204865028722,296.7968692735485,296.3970859999876,296.58108838766566,15.389132442410338
4897442.0991115635,2.5,3.721549361131063,0.15017148671611116,0.5887667515234559,296.7968692735485,296.3970859999876,296.58108838766566,15.389132442410338
4897444.198223127,2.5,3.7212559466258885,0.15016736276739162,0.5884592815646235,296.7968692735485,296.3970859999876,296.58108838766566,15.389132442410338
4897448.396446254,2.5,3.7206691032213177,0.1501592066628936,0.5878443416469585,296.7968692735485,296.3970859999876,296.58108838766566,15.389132442410338
4897456.792892507,2.5,3.719495348704764,0.15014326137720985,0.5866144618116286,296.7968692735485,296.3970859999876,296.58108838766566,15.389132442410338
4897473.5857850155,2.5,3.717147529897799,0.15011283656516378,0.5841547021409688,296.7968692735485,296.3970859999876,296.58108838766566,15.389132442410338
4897507.171570031,2.5,3.7124509692788785,0.1500578353600711,0.5792351827996491,296.7968692735485,296.3970859999876,296.58108838766566,15.389132442410338
4897540.757355046,2.5,3.7077554452222534,0.15001060635171837,0.5743156634583294,296.7968692735485,296.3970859999876,296.58108838766566,15.389132442410338
4897574.343140062,2.5,3.703065619421581,0.1499711223791765,0.5693961441170098,296.7968692735485,296.3970859999876,296.58108838766566,15.389132442410338
4897607.9289250765,2.5,3.6983879283546353,0.14993936034771393,0.56447662477569,296.7968692735485,296.3970859999876,296.58108838766566,15.389132442410338
4897675.1004951075,2.5,3.689100648108541,0.14989892940819902,0.5546375860930508,296.7968692735485,296.3970859999876,296.58108838766566,15.389132442410338
4897742.272065138,2.5,3.6799619886601587,0.14988920811548911,0.5447985474104116,296.7968692735485,296.3970859999876,296.58108838766566,15.389132442410338
4897800.0,2.5,3.672278931535252,0.14990535621297907,0.5363427768528601,296.7968692735485,296.3970859999876,296.58108838766566,15.389132442410338
4897800.0021439595,2.5,3.67227864965676,0.1499053572333164,0.5363424628137339,296.7968692735485,296.3970859999876,296.58108838766566,15.389132442410338
4897800.004287919,2.5,3.6722783677785396,0.149905358253685,0.5363421487746076,296.7968692735485,296.3970859999876,296.58108838766566,15.389132442410338
4897800.008575838,2.5,3.672277804022917,0.14990536029451593,0.5363415206963553,296.7968692735485,296.3970859999876,296.58108838766566,15.389132442410338
4897800.017151676,2.5,3.672276676514956,0.14990536437655272,0.5363402645398503,296.7968692735485,296.3970859999876,296.58108838766566,15.389132442410338
4897800.034303353,2.5,3.672274421512184,0.14990537254212646,0.5363377522268407,296.7968692735485,296.3970859999876,296.58108838766566,15.389132442410338
4897800.068606706,2.5,3.672269911559224,0.1499053888792735,0.5363327276008212,296.7968692735485,296.3970859999876,296.58108838766566,15.389132442410338
4897800.137213413,2.5,3.6722608918637185,0.1499054215775667,0.5363226783487822,296.7968692735485,296.3970859999876,296.58108838766566,15.389132442410338
4897800.274426825,2.5,3.672242853314556,0.14990548707014942,0.5363025798447044,296.7968692735485,296.3970859999876,296.58108838766566,15.389132442410338
4897800.548853651,2.5,3.6722067795852467,0.14990561843930125,0.5362623828365487,296.7968692735485,296.3970859999876,296.58108838766566,15.389132442410338
4897801.0977073,2.5,3.672134645615318,0.14990588271356048,0.5361819888202374,296.7968692735485,296.3970859999876,296.58108838766566,15.389132442410338
4897802.195414601,2.5,3.6719904317314076,0.14990641740598248,0.5360212007876146,296.7968692735485,296.3970859999876,296.58108838766566,15.389132442410338
4897804.390829203,2.5,3.671702220992592,0.1499075113671024,0.5356996247223691,296.7968692735485,296.3970859999876,296.58108838766566,15.389132442410338
4897808.781658405,2.5,3.6711266740118367,0.14990979759997453,0.5350564725918782,296.7968692735485,296.3970859999876,296.58108838766566,15.389132442410338
4897817.563316811,2.5,3.6699791281008998,0.149914763356144,0.5337701683308962,296.7968692735485,296.3970859999876,296.58108838766566,15.389132442410338
4897835.126633621,2.5,3.6676986128331106,0.14992626847213394,0.5311975598089322,296.7968692735485,296.3970859999876,296.58108838766566,15.389132442410338
4897870.253267243,2.5,3.6631986937086514,0.1499555775954459,0.5260523427650043,296.7968692735485,296.3970859999876,296.58108838766566,15.389132442410338
4897905.379900863,2.5,3.658784847186968,0.14999329626364305,0.5209071257210766,296.7968692735485,296.3970859999876,296.58108838766566,15.389132442410338
4897940.506534485,2.5,3.6544613075857506,0.1500394418200351,0.5157619086771488,296.7968692735485,296.3970859999876,296.58108838766566,15.389132442410338
4897975.633168106,2.5,3.650230859653618,0.15009403627168585,0.5106166916332209,296.7968692735485,296.3970859999876,296.58108838766566,15.389132442410338
4898045.886435349,2.5,3.6420534262424846,0.15022868315420027,0.5003262575453652,296.7968692735485,296.3970859999876,296.58108838766566,15.389132442410338
4898116.139702591,2.5,3.634248112216937,0.15039750731274193,0.4900358234575095,296.7968692735485,296.3970859999876,296.58108838766566,15.389132442410338
4898160.0,2.5,3.629554614087274,0.15052038739776774,0.4836113322234328,296.7968692735485,296.3970859999876,296.58108838766566,15.389132442410338
4898160.002147787,2.5,3.629554387473186,0.150520393746106,0.48361101762369957,296.7968692735485,296.3970859999876,296.58108838766566,15.389132442410338
4898160.004295574,2.5,3.6295541608594055,0.1505204000944768,0.48361070302396636,296.7968692735485,296.3970859999876,296.58108838766566,15.389132442410338
4898160.008591147,2.5,3.62955370763277,0.15052041279131587,0.48361007382449994,296.7968692735485,296.3970859999876,296.58108838766566,15.389132442410338
4898160.017182295,2.5,3.629552801183202,0.15052043818538405,0.4836088154255671,296.7968692735485,296.3970859999876,296.58108838766566,15.389132442410338
4898160.0343645895,2.5,3.629550988298873,0.15052048897508052,0.4836062986277015,296.7968692735485,296.3970859999876,296.58108838766566,15.389132442410338
4898160.06872918,2.5,3.629547362589455,0.15052059056071396,0.48360126503197026,296.7968692735485,296.3970859999876,296.58108838766566,15.389132442410338
4898160.137458359,2.5,3.6295401114075636,0.15052079375694308,0.4835911978405078,296.7968692735485,296.3970859999876,296.58108838766566,15.389132442410338
4898160.274916718,2.5,3.629525609991459,0.1505212002492518,0.48357106345758294,296.7968692735485,296.3970859999876,296.58108838766566,15.389132442410338
4898160.5498334365,2.5,3.629496610948946,0.1505220136332821,0.4835307946917331,296.7968692735485,296.3970859999876,296.58108838766566,15.389132442410338
4898161.099666873,2.5,3.6294386280148987,0.15052364199908613,0.4834502571600334,296.7968692735485,296.3970859999876,296.58108838766566,15.389132442410338
4898162.199333746,2.5,3.6293227226877587,0.1505269051224026,0.4832891820966342,296.7968692735485,296.3970859999876,296.58108838766566,15.389132442410338
4898164.398667492,2.5,3.6290911536917774,0.15053345694176143,0.48296703196983565,296.7968692735485,296.3970859999876,296.58108838766566,15.389132442410338
4898168.797334984,2.5,3.6286289782557453,0.1505466629187765,0.48232273171623846,296.7968692735485,296.3970859999876,296.58108838766566,15.389132442410338
4898177.594669968,2.5,3.6277084444738597,0.1505734846092198,0.48103413120904426,296.7968692735485,296.3970859999876,296.58108838766566,15.389132442410338
4898195.189339936,2.5,3.6258823722562457,0.15062877006690686,0.4784569301946558,296.7968692735485,296.3970859999876,296.58108838766566,15.389132442410338
4898230.378679872,2.5,3.6222879073967373,0.1507459353920373,0.47330252816587887,296.7968692735485,296.3970859999876,296.58108838766566,15.389132442410338
4898300.757359742,2.5,3.615309676679195,0.1510068696122424,0.46299372410832496,296.7968692735485,296.3970859999876,296.58108838766566,15.389132442410338
4898371.136039614,2.5,3.6085708061936823,0.15130375411659466,0.45268492005077104,296.7968692735485,296.3970859999876,296.58108838766566,15.389132442410338
4898441.514719484,2.5,3.6020175297709804,0.15163724124999106,0.44237611599321713,296.7968692735485,296.3970859999876,296.58108838766566,15.389132442410338
4898511.893399356,2.5,3.5955930221776904,0.1520080759317442,0.4320673119356632,296.7968692735485,296.3970859999876,296.58108838766566,15.389132442410338
4898520.0,2.5,3.5948586249860903,0.15205322651927233,0.43087988759400536,296.7968692735485,296.3970859999876,296.58108838766566,15.389132442410338
4898520.002082153,2.5,3.594858436470146,0.15205323818123165,0.430879582608108,296.7968692735485,296.3970859999876,296.58108838766566,15.389132442410338
4898520.0041643055,2.5,3.594858247954251,0.15205324984322446,0.4308792776222107,296.7968692735485,296.3970859999876,296.58108838766566,15.389132442410338
4898520.008328611,2.5,3.594857870922631,0.15205327316731063,0.430878667650416,296.7968692735485,296.3970859999876,296.58108838766566,15.389132442410338
4898520.016657222,2.5,3.594857116860054,0.15205331981588507,0.4308774477068267,296.7968692735485,296.3970859999876,296.58108838766566,15.389132442410338
4898520.033314444,2.5,3.594855608737527,0.1520534131146424,0.43087500781964805,296.7968692735485,296.3970859999876,296.58108838766566,15.389132442410338
4898520.066628888,2.5,3.594852592503004,0.1520535997185912,0.4308701280452907,296.7968692735485,296.3970859999876,296.58108838766566,15.389132442410338
4898520.1332577765,2.5,3.5948465600760677,0.15205397295222495,0.430860368496576,296.7968692735485,296.3970859999876,296.58108838766566,15.389132442410338
4898520.266515553,2.5,3.5948344953904385,0.1520547195224403,0.4308408493991466,296.7968692735485,296.3970859999876,296.58108838766566,15.389132442410338
4898520.533031107,2.5,3.5948103666907087,0.15205621307468326,0.43080181120428784,296.7968692735485,296.3970859999876,296.58108838766566,15.389132442410338
4898521.066062214,2.5,3.5947621119658453,0.15205920182659133,0.4307237348145704,296.7968692735485,296.3970859999876,296.58108838766566,15.389132442410338
4898522.132124428,2.5,3.594665613122008,0.1520651859214735,0.43056758203513534,296.7968692735485,296.3970859999876,296.58108838766566,15.389132442410338
4898524.264248855,2.5,3.594472657117782,0.15207718048654537,0.43025527647626527,296.7968692735485,296.3970859999876,296.58108838766566,15.389132442410338
4898528.52849771,2.5,3.594086905915018,0.15210127520655242,0.4296306653585252,296.7968692735485,296.3970859999876,296.58108838766566,15.389132442410338
4898537.05699542,2.5,3.5933159991906374,0.15214988771971083,0.428381443123045,296.7968692735485,296.3970859999876,296.58108838766566,15.389132442410338
4898554.1139908405,2.5,3.591776186228419,0.15224881082260272,0.42588299865208457,296.7968692735485,296.3970859999876,296.58108838766566,15.389132442410338
4898588.227981681,2.5,3.58870147234329,0.1524534968125189,0.4208861097101638,296.7968692735485,296.3970859999876,296.58108838766566,15.389132442410338
4898656.455963362,2.5,3.5825464068353385,0.15289062752672788,0.41089233182632223,296.7968692735485,296.3970859999876,296.58108838766566,15.389132442410338
4898724.683945043,2.5,3.5763338468476014,0.15336558821324783,0.4008985539424807,296.7968692735485,296.3970859999876,296.58108838766566,15.389132442410338
4898861.139908404,2.5,3.563479102221918,0.154433410169976,0.38091099817479757,296.7968692735485,296.3970859999876,296.58108838766566,15.389132442410338
4898880.0,2.5,3.561633759196436,0.1545937838131057,0.3781484429645781,296.7968692735485,296.3970859999876,296.58108838766566,15.389132442410338
4898880.001962746,2.5,3.5616335660698315,0.1545938006685728,0.37814815546905983,296.7968692735485,296.3970859999876,296.58108838766566,15.389132442410338
4898880.00392549,2.5,3.5616333729430005,0.15459381752407447,0.37814786797354155,296.7968692735485,296.3970859999876,296.58108838766566,15.389132442410338
4898880.00785098,2.5,3.5616329866886436,0.1545938512351816,0.37814729298250493,296.7968692735485,296.3970859999876,296.58108838766566,15.389132442410338
4898880.015701961,2.5,3.5616322141771515,0.1545939186578106,0.3781461430004317,296.7968692735485,296.3970859999876,296.58108838766566,15.389132442410338
4898880.0314039225,2.5,3.5616306691430686,0.1545940535047279,0.37814384303628523,296.7968692735485,296.3970859999876,296.58108838766566,15.389132442410338
4898880.062807844,2.5,3.561627579030478,0.15459432320520008,0.3781392431079923,296.7968692735485,296.3970859999876,296.58108838766566,15.389132442410338
4898880.125615689,2.5,3.561621398627618,0.1545948626326948,0.37813004325140653,296.7968692735485,296.3970859999876,296.58108838766566,15.389132442410338
4898880.251231378,2.5,3.561609037110939,0.15459594159388954,0.37811164353823484,296.7968692735485,296.3970859999876,296.58108838766566,15.389132442410338
4898880.502462756,2.5,3.5615843112321546,0.1545980999411312,0.3780748441118915,296.7968692735485,296.3970859999876,296.58108838766566,15.389132442410338
4898881.004925511,2.5,3.5615348480799494,0.15460241833526894,0.378001245259205,296.7968692735485,296.3970859999876,296.58108838766566,15.389132442410338
4898882.009851022,2.5,3.5614358760937765,0.15461106192413346,0.3778540475538317,296.7968692735485,296.3970859999876,296.58108838766566,15.389132442410338
4898884.019702043,2.5,3.561237748568257,0.15462837632000306,0.3775596521430853,296.7968692735485,296.3970859999876,296.58108838766566,15.389132442410338
4898888.039404087,2.5,3.560840752690016,0.15466311411091763,0.3769708613215923,296.7968692735485,296.3970859999876,296.58108838766566,15.389132442410338
4898896.0788081745,2.5,3.560043744631915,0.15473302670768338,0.37579327967860643,296.7968692735485,296.3970859999876,296.58108838766566,15.389132442410338
4898912.157616349,2.5,3.5584372383013902,0.15487460819282764,0.37343811639263463,296.7968692735485,296.3970859999876,296.58108838766566,15.389132442410338
4898944.315232697,2.5,3.5551708536645767,0.1551648635814185,0.3687277898206911,296.7968692735485,296.3970859999876,296.58108838766566,15.389132442410338
4899008.630465394,2.5,3.548397364318896,0.15577430510176674,0.35930713667680414,296.7968692735485,296.3970859999876,296.58108838766566,15.389132442410338
4899137.260930789,2.5,3.5336809921098835,0.15711379301745518,0.3404658303890301,296.7968692735485,296.3970859999876,296.58108838766566,15.389132442410338
4899240.0,2.5,3.5206009729217396,0.1583060530245299,0.3254169983351509,296.7968692735485,296.3970859999876,296.58108838766566,15.389132442410338
4899240.001801932,2.5,3.520600732454766,0.15830607493504628,0.3254167343948948,296.7968692735485,296.3970859999876,296.58108838766566,15.389132442410338
4899240.003603864,2.5,3.520600491987404,0.15830609684559846,0.32541647045463873,296.7968692735485,296.3970859999876,296.58108838766566,15.389132442410338
4899240.007207729,2.5,3.520600011051507,0.1583061406668103,0.32541594257412654,296.7968692735485,296.3970859999876,296.58108838766566,15.389132442410338
4899240.014415458,2.5,3.52059904917503,0.15830622830966432,0.3254148868131021,296.7968692735485,296.3970859999876,296.58108838766566,15.389132442410338
4899240.028830917,2.5,3.5205971254033486,0.1583064035970927,0.3254127752910532,296.7968692735485,296.3970859999876,296.58108838766566,15.389132442410338
4899240.057661833,2.5,3.52059327778509,0.15830675417883142,0.3254085522469556,296.7968692735485,296.3970859999876,296.58108838766566,15.389132442410338
4899240.115323666,2.5,3.5205855822489602,0.15830745536983745,0.3254001061587602,296.7968692735485,296.3970859999876,296.58108838766566,15.389132442410338
4899240.230647332,2.5,3.5205701899782924,0.15830885786196816,0.3253832139823695,296.7968692735485,296.3970859999876,296.58108838766566,15.389132442410338
4899240.461294663,2.5,3.5205394006434565,0.1583116632867442,0.3253494296295882,296.7968692735485,296.3970859999876,296.58108838766566,15.389132442410338
4899240.922589327,2.5,3.5204778028008965,0.15831727589866648,0.3252818609240254,296.7968692735485,296.3970859999876,296.58108838766566,15.389132442410338
4899241.8451786535,2.5,3.520354530433483,0.15832850817449307,0.32514672351289975,296.7968692735485,296.3970859999876,296.58108838766566,15.389132442410338
4899243.690357308,2.5,3.520107679048111,0.15835100095410648,0.3248764486906486,296.7968692735485,296.3970859999876,296.58108838766566,15.389132442410338
4899247.380714615,2.5,3.519612750377628,0.15839609958581596,0.3243358990461462,296.7968692735485,296.3970859999876,296.58108838766566,15.389132442410338
4899254.76142923,2.5,3.518617996242148,0.15848675043045835,0.32325479975714144,296.7968692735485,296.3970859999876,296.58108838766566,15.389132442410338
4899269.5228584595,2.5,3.516608974521214,0.15866987687439288,0.32109260117913196,296.7968692735485,296.3970859999876,296.58108838766566,15.389132442410338
4899299.045716919,2.5,3.512513785686741,0.15904351383725226,0.316768204023113,296.7968692735485,296.3970859999876,296.58108838766566,15.389132442410338
4899358.091433839,2.5,3.5040274454114986,0.15982103133188594,0.308119409711075,296.7968692735485,296.3970859999876,296.58108838766566,15.389132442410338
4899476.182867677,2.5,3.4860604294728383,0.16150315993203165,0.29082182108699894,296.7968692735485,296.3970859999876,296.58108838766566,15.389132442410338
4899600.0,2.5,3.4664376771010694,0.1634631950702788,0.2726855537057231,296.7968692735485,296.3970859999876,296.58108838766566,15.389132442410338
4903200.0,0.0,3.531822955113628,0.0,0.2726855537057231,297.950000883431,297.95000000001755,297.95000001884705,1.5758472727611662e-06
4903200.000965523,0.0,3.531824355130191,0.0,0.2726855537057231,297.950000883431,297.95000000001755,297.95000001884705,1.5758472727611662e-06
4903200.001931046,0.0,3.531825754686078,0.0,0.2726855537057231,297.950000883431,297.95000000001755,297.95000001884705,1.5758472727611662e-06
4903200.003862091,0.0,3.531828552680971,0.0,0.2726855537057231,297.950000883431,297.95000000001755,297.95000001884705,1.5758472727611662e-06
4903200.007724183,0.0,3.5318341430590996,0.0,0.2726855537057231,297.950000883431,297.95000000001755,297.95000001884705,1.5758472727611662e-06
4903200.015448365,0.0,3.5318453025622527,0.0,0.2726855537057231,297.950000883431,297.95000000001755,297.95000001884705,1.5758472727611662e-06
4903200.030896732,0.0,3.531867534531138,0.0,0.2726855537057231,297.950000883431,297.95000000001755,297.95000001884705,1.5758472727611662e-06
4903200.061793462,0.0,3.5319116564052564,0.0,0.2726855537057231,297.950000883431,297.95000000001755,297.95000001884705,1.5758472727611662e-06
4903200.123586926,0.0,3.53199857351807,0.0,0.2726855537057231,297.950000883431,297.95000000001755,297.95000001884705,1.5758472727611662e-06
4903200.247173851,0.0,3.5321674259068,0.0,0.2726855537057231,297.950000883431,297.95000000001755,297.95000001884705,1.5758472727611662e-06
4903200.370760777,0.0,3.532330025855756,0.0,0.2726855537057231,297.950000883431,297.95000000001755,297.95000001884705,1.5758472727611662e-06
4903200.494347702,0.0,3.532486880530671,0.0,0.2726855537057231,297.950000883431,297.95000000001755,297.95000001884705,1.5758472727611662e-06
4903200.617934627,0.0,3.5326384627968133,0.0,0.2726855537057231,297.950000883431,297.95000000001755,297.95000001884705,1.5758472727611662e-06
4903200.865108479,0.0,3.5329273028600223,0.0,0.2726855537057231,297.950000883431,297.95000000001755,297.95000001884705,1.5758472727611662e-06
4903201.11228233,0.0,3.5331995603224566,0.0,0.2726855537057231,297.950000883431,297.95000000001755,297.95000001884705,1.5758472727611662e-06
4903201.4156018505,0.0,3.5335145116348743,0.0,0.2726855537057231,297.950000883431,297.95000000001755,297.95000001884705,1.5758472727611662e-06
4903201.71892137,0.0,3.533811475845127,0.0,0.2726855537057231,297.950000883431,297.95000000001755,297.95000001884705,1.5758472727611662e-06
4903202.02224089,0.0,3.53409323261857,0.0,0.2726855537057231,297.950000883431,297.95000000001755,297.95000001884705,1.5758472727611662e-06
4903202.3255604105,0.0,3.534361812824597,0.0,0.2726855537057231,297.950000883431,297.95000000001755,297.95000001884705,1.5758472727611662e-06
4903202.62887993,0.0,3.53461887075864,0.0,0.2726855537057231,297.950000883431,297.95000000001755,297.95000001884705,1.5758472727611662e-06
4903202.93219945,0.0,3.5348657589255907,0.0,0.2726855537057231,297.950000883431,297.95000000001755,297.95000001884705,1.5758472727611662e-06
4903203.53883849,0.0,3.5353329037644863,0.0,0.2726855537057231,297.950000883431,297.95000000001755,297.95000001884705,1.5758472727611662e-06
4903204.145477531,0.0,3.5357695366168373,0.0,0.2726855537057231,297.950000883431,297.95000000001755,297.95000001884705,1.5758472727611662e-06
4903204.75211657,0.0,3.5361801858646547,0.0,0.2726855537057231,297.950000883431,297.95000000001755,297.95000001884705,1.5758472727611662e-06
4903205.358755611,0.0,3.5365684106745134,0.0,0.2726855537057231,297.950000883431,297.95000000001755,297.95000001884705,1.5758472727611662e-06
4903205.965394651,0.0,3.536937044807424,0.0,0.2726855537057231,297.950000883431,297.95000000001755,297.95000001884705,1.5758472727611662e-06
4903206.572033691,0.0,3.53728830790445,0.0,0.2726855537057231,297.950000883431,297.95000000001755,297.95000001884705,1.5758472727611662e-06
4903207.178672731,0.0,3.537623955855222,0.0,0.2726855537057231,297.950000883431,297.95000000001755,297.95000001884705,1.5758472727611662e-06
4903208.391950811,0.0,3.538253933130811,0.0,0.2726855537057231,297.950000883431,297.95000000001755,297.95000001884705,1.5758472727611662e-06
4903209.605228892,0.0,3.538836229972996,0.0,0.2726855537057231,297.950000883431,297.95000000001755,297.95000001884705,1.5758472727611662e-06
4903210.818506972,0.0,3.539378056790962,0.0,0.2726855537057231,297.950000883431,297.95000000001755,297.95000001884705,1.5758472727611662e-06
4903212.031785051,0.0,3.539885031513857,0.0,0.2726855537057231,297.950000883431,297.95000000001755,297.95000001884705,1.5758472727611662e-06
4903213.245063132,0.0,3.5403614159349788,0.0,0.2726855537057231,297.950000883431,297.95000000001755,297.95000001884705,1.5758472727611662e-06
4903214.458341212,0.0,3.540810690531368,0.0,0.2726855537057231,297.950000883431,297.95000000001755,297.95000001884705,1.5758472727611662e-06
4903215.671619292,0.0,3.54123587892032,0.0,0.2726855537057231,297.950000883431,297.95000000001755,297.95000001884705,1.5758472727611662e-06
4903216.884897373,0.0,3.5416395797580575,0.0,0.2726855537057231,297.950000883431,297.95000000001755,297.95000001884705,1.5758472727611662e-06
4903218.098175453,0.0,3.5420239653195753,0.0,0.2726855537057231,297.950000883431,297.95000000001755,297.95000001884705,1.5758472727611662e-06
4903219.311453532,0.0,3.5423908572770575,0.0,0.2726855537057231,297.950000883431,297.95000000001755,297.95000001884705,1.5758472727611662e-06
4903220.524731613,0.0,3.542741832100735,0.0,0.2726855537057231,297.950000883431,297.95000000001755,297.95000001884705,1.5758472727611662e-06
4903222.951287773,0.0,3.543401343451979,0.0,0.2726855537057231,297.950000883431,297.95000000001755,297.95000001884705,1.5758472727611662e-06
4903225.377843934,0.0,3.5440118425524343,0.0,0.2726855537057231,297.950000883431,297.95000000001755,297.95000001884705,1.5758472727611662e-06
4903227.804400094,0.0,3.544580408116792,0.0,0.2726855537057231,297.950000883431,297.95000000001755,297.95000001884705,1.5758472727611662e-06
4903230.2309562545,0.0,3.5451125365322027,0.0,0.2726855537057231,297.950000883431,297.95000000001755,297.95000001884705,1.5758472727611662e-06
4903232.657512415,0.0,3.5456127521097334,0.0,0.2726855537057231,297.950000883431,297.95000000001755,297.95000001884705,1.5758472727611662e-06
4903235.084068575,0.0,3.546084843783768,0.0,0.2726855537057231,297.950000883431,297.95000000001755,297.95000001884705,1.5758472727611662e-06
4903237.510624736,0.0,3.5465319398896864,0.0,0.2726855537057231,297.950000883431,297.95000000001755,297.95000001884705,1.5758472727611662e-06
4903239.937180896,0.0,3.5469566139648587,0.0,0.2726855537057231,297.950000883431,297.95000000001755,297.95000001884705,1.5758472727611662e-06
4903244.790293217,0.0,3.547747089545328,0.0,0.2726855537057231,297.950000883431,297.95000000001755,297.95000001884705,1.5758472727611662e-06
4903249.643405537,0.0,3.548470180721211,0.0,0.2726855537057231,297.950000883431,297.95000000001755,297.95000001884705,1.5758472727611662e-06
4903254.4965178585,0.0,3.5491365738597542,0.0,0.2726855537057231,297.950000883431,297.95000000001755,297.95000001884705,1.5758472727611662e-06
4903259.349630179,0.0,3.5497545457890727,0.0,0.2726855537057231,297.950000883431,297.95000000001755,297.95000001884705,1.5758472727611662e-06
4903264.2027425,0.0,3.55033048740749,0.0,0.2726855537057231,297.950000883431,297.95000000001755,297.95000001884705,1.5758472727611662e-06
4903269.055854821,0.0,3.5508694976880637,0.0,0.2726855537057231,297.950000883431,297.95000000001755,297.95000001884705,1.5758472727611662e-06
4903273.908967141,0.0,3.551375832143628,0.0,0.2726855537057231,297.950000883431,297.95000000001755,297.95000001884705,1.5758472727611662e-06
4903278.762079462,0.0,3.551853083016931,0.0,0.2726855537057231,297.950000883431,297.95000000001755,297.95000001884705,1.5758472727611662e-06
4903283.615191783,0.0,3.5523042501902204,0.0,0.2726855537057231,297.950000883431,297.95000000001755,297.95000001884705,1.5758472727611662e-06
4903288.468304103,0.0,3.552731851824692,0.0,0.2726855537057231,297.950000883431,297.95000000001755,297.95000001884705,1.5758472727611662e-06
4903293.321416425,0.0,3.5531380548732274,0.0,0.2726855537057231,297.950000883431,297.95000000001755,297.95000001884705,1.5758472727611662e-06
4903298.174528745,0.0,3.5535247560076795,0.0,0.2726855537057231,297.950000883431,297.95000000001755,297.95000001884705,1.5758472727611662e-06
4903307.880753387,0.0,3.554246011490533,0.0,0.2726855537057231,297.950000883431,297.95000000001755,297.95000001884705,1.5758472727611662e-06
4903317.5869780285,0.0,3.5549066620036043,0.0,0.2726855537057231,297.950000883431,297.95000000001755,297.95000001884705,1.5758472727611662e-06
4903327.293202669,0.0,3.555515358987081,0.0,0.2726855537057231,297.950000883431,297.95000000001755,297.95000001884705,1.5758472727611662e-06
4903336.999427311,0.0,3.5560790096246047,0.0,0.2726855537057231,297.950000883431,297.95000000001755,297.95000001884705,1.5758472727611662e-06
4903346.705651953,0.0,3.556603257813566,0.0,0.2726855537057231,297.950000883431,297.95000000001755,297.95000001884705,1.5758472727611662e-06
4903356.411876595,0.0,3.557092780685792,0.0,0.2726855537057231,297.950000883431,297.95000000001755,297.95000001884705,1.5758472727611662e-06
4903366.1181012355,0.0,3.5575514758222364,0.0,0.2726855537057231,297.950000883431,297.95000000001755,297.95000001884705,1.5758472727611662e-06
4903375.824325877,0.0,3.557982618713278,0.0,0.2726855537057231,297.950000883431,297.95000000001755,297.95000001884705,1.5758472727611662e-06
4903385.530550519,0.0,3.5583889964663467,0.0,0.2726855537057231,297.950000883431,297.95000000001755,297.95000001884705,1.5758472727611662e-06
4903395.23677516,0.0,3.558772999637764,0.0,0.2726855537057231,297.950000883431,297.95000000001755,297.95000001884705,1.5758472727611662e-06
4903404.942999802,0.0,3.559136685013131,0.0,0.2726855537057231,297.950000883431,297.95000000001755,297.95000001884705,1.5758472727611662e-06
4903414.649224443,0.0,3.559481831656576,0.0,0.2726855537057231,297.950000883431,297.95000000001755,297.95000001884705,1.5758472727611662e-06
4903424.355449085,0.0,3.5598099913843098,0.0,0.2726855537057231,297.950000883431,297.95000000001755,297.95000001884705,1.5758472727611662e-06
4903443.767898368,0.0,3.5604206136201078,0.0,0.2726855537057231,297.950000883431,297.95000000001755,297.95000001884705,1.5758472727611662e-06
4903463.180347651,0.0,3.5609776431235796,0.0,0.2726855537057231,297.950000883431,297.95000000001755,297.95000001884705,1.5758472727611662e-06
4903482.592796934,0.0,3.561488263443204,0.0,0.2726855537057231,297.950000883431,297.95000000001755,297.95000001884705,1.5758472727611662e-06
4903502.005246216,0.0,3.561958239926229,0.0,0.2726855537057231,297.950000883431,297.95000000001755,297.95000001884705,1.5758472727611662e-06
4903521.4176955,0.0,3.5623922724167807,0.0,0.2726855537057231,297.950000883431,297.95000000001755,297.95000001884705,1.5758472727611662e-06
4903540.830144783,0.0,3.5627942486269464,0.0,0.2726855537057231,297.950000883431,297.95000000001755,297.95000001884705,1.5758472727611662e-06
4903560.0,0.0,3.563162935449814,0.0,0.2726855537057231,297.950000883431,297.95000000001755,297.95000001884705,1.5758472727611662e-06
4903560.011086273,0.0,3.5631631410814983,0.0,0.2726855537057231,297.950000883431,297.95000000001755,297.95000001884705,1.5758472727611662e-06
4903560.022172546,0.0,3.5631633467046995,0.0,0.2726855537057231,297.950000883431,297.95000000001755,297.95000001884705,1.5758472727611662e-06
4903560.044345093,0.0,3.5631637579305364,0.0,0.2726855537057231,297.950000883431,297.95000000001755,297.95000001884705,1.5758472727611662e-06
4903560.088690186,0.0,3.5631645802786713,0.0,0.2726855537057231,297.950000883431,297.95000000001755,297.95000001884705,1.5758472727611662e-06
4903560.177380371,0.0,3.563166224580966,0.0,0.2726855537057231,297.950000883431,297.95000000001755,297.95000001884705,1.5758472727611662e-06
4903560.354760742,0.0,3.5631695115602855,0.0,0.2726855537057231,297.950000883431,297.95000000001755,297.95000001884705,1.5758472727611662e-06
4903560.709521484,0.0,3.563176079032587,0.0,0.2726855537057231,297.950000883431,297.95000000001755,297.95000001884705,1.5758472727611662e-06
4903561.419042967,0.0,3.5631891880530184,0.0,0.2726855537057231,297.950000883431,297.95000000001755,297.95000001884705,1.5758472727611662e-06
4903562.838085935,0.0,3.563215302906236,0.0,0.2726855537057231,297.950000883431,297.95000000001755,297.95000001884705,1.5758472727611662e-06
4903565.67617187,0.0,3.5632671238727887,0.0,0.2726855537057231,297.950000883431,297.95000000001755,297.95000001884705,1.5758472727611662e-06
4903571.35234374,0.0,3.563369162382205,0.0,0.2726855537057231,297.950000883431,297.95000000001755,297.95000001884705,1.5758472727611662e-06
4903582.704687481,0.0,3.5635670648205697,0.0,0.2726855537057231,297.950000883431,297.95000000001755,297.95000001884705,1.5758472727611662e-06
4903594.057031221,0.0,3.5637570289531095,0.0,0.2726855537057231,297.950000883431,297.95000000001755,297.95000001884705,1.5758472727611662e-06
4903605.409374962,0.0,3.5639394468548686,0.0,0.2726855537057231,297.950000883431,297.95000000001755,297.95000001884705,1.5758472727611662e-06
4903616.761718702,0.0,3.5641146969257815,0.0,0.2726855537057231,297.950000883431,297.95000000001755,297.95000001884705,1.5758472727611662e-06
4903639.466406182,0.0,3.564444955875424,0.0,0.2726855537057231,297.950000883431,297.95000000001755,297.95000001884705,1.5758472727611662e-06
4903662.171093662,0.0,3.5647504189988966,0.0,0.2726855537057231,297.950000883431,297.95000000001755,297.95000001884705,1.5758472727611662e-06
4903684.875781143,0.0,3.5650335040163013,0.0,0.2726855537057231,297.950000883431,297.95000000001755,297.95000001884705,1.5758472727611662e-06
4903707.580468624,0.0,3.565296230391514,0.0,0.2726855537057231,297.950000883431,297.95000000001755,297.95000001884705,1.5758472727611662e-06
4903730.285156105,0.0,3.5655402612244793,0.0,0.2726855537057231,297.950000883431,297.95000000001755,297.95000001884705,1.5758472727611662e-06
4903752.9898435855,0.0,3.565767020782265,0.0,0.2726855537057231,297.950000883431,297.95000000001755,297.95000001884705,1.5758472727611662e-06
4903775.694531065,0.0,3.565977854788415,0.0,0.2726855537057231,297.950000883431,297.95000000001755,297.95000001884705,1.5758472727611662e-06
4903798.399218546,0.0,3.5661740778656443,0.0,0.2726855537057231,297.950000883431,297.95000000001755,297.95000001884705,1.5758472727611662e-06
4903843.808593508,0.0,3.5665270874548773,0.0,0.2726855537057231,297.950000883431,297.95000000001755,297.95000001884705,1.5758472727611662e-06
4903884.677030972,0.0,3.566805184303428,0.0,0.2726855537057231,297.950000883431,297.95000000001755,297.95000001884705,1.5758472727611662e-06
4903920.0,0.0,3.5670191220519785,0.0,0.2726855537057231,297.950000883431,297.95000000001755,297.95000001884705,1.5758472727611662e-06
4903920.029150727,0.0,3.567019289235084,0.0,0.2726855537057231,297.950000883431,297.95000000001755,297.95000001884705,1.5758472727611662e-06
4903920.0583014535,0.0,3.567019456403378,0.0,0.2726855537057231,297.950000883431,297.95000000001755,297.95000001884705,1.5758472727611662e-06
4903920.116602907,0.0,3.5670197907040126,0.0,0.2726855537057231,297.950000883431,297.95000000001755,297.95000001884705,1.5758472727611662e-06
4903920.233205815,0.0,3.567020459124505,0.0,0.2726855537057231,297.950000883431,297.95000000001755,297.95000001884705,1.5758472727611662e-06
4903920.46641163,0.0,3.567021795277606,0.0,0.2726855537057231,297.950000883431,297.95000000001755,297.95000001884705,1.5758472727611662e-06
4903920.932823259,0.0,3.5670244647475453,0.0,0.2726855537057231,297.950000883431,297.95000000001755,297.95000001884705,1.5758472727611662e-06
4903921.865646519,0.0,3.5670297923774394,0.0,0.2726855537057231,297.950000883431,297.95000000001755,297.95000001884705,1.5758472727611662e-06
4903923.731293037,0.0,3.5670404025099494,0.0,0.2726855537057231,297.950000883431,297.95000000001755,297.95000001884705,1.5758472727611662e-06
4903927.462586073,0.0,3.5670614437500214,0.0,0.2726855537057231,297.950000883431,297.95000000001755,297.95000001884705,1.5758472727611662e-06
4903934.925172147,0.0,3.5671028217722665,0.0,0.2726855537057231,297.950000883431,297.95000000001755,297.95000001884705,1.5758472727611662e-06
4903949.850344295,0.0,3.567182850340261,0.0,0.2726855537057231,297.950000883431,297.95000000001755,297.95000001884705,1.5758472727611662e-06
4903964.775516441,0.0,3.5672593558038064,0.0,0.2726855537057231,297.950000883431,297.95000000001755,297.95000001884705,1.5758472727611662e-06
4903979.700688588,0.0,3.5673324917629627,0.0,0.2726855537057231,297.950000883431,297.95000000001755,297.95000001884705,1.5758472727611662e-06
4903994.625860736,0.0,3.56740240986535,0.0,0.2726855537057231,297.950000883431,297.95000000001755,297.95000001884705,1.5758472727611662e-06
4904024.47620503,0.0,3.567533115708983,0.0,0.2726855537057231,297.950000883431,297.95000000001755,297.95000001884705,1.5758472727611662e-06
4904054.326549324,0.0,3.5676525698608685,0.0,0.2726855537057231,297.950000883431,297.95000000001755,297.95000001884705,1.5758472727611662e-06
4904084.176893619,0.0,3.567761825869355,0.0,0.2726855537057231,297.950000883431,297.95000000001755,297.95000001884705,1.5758472727611662e-06
4904124.425017243,0.0,3.5678945225057914,0.0,0.2726855537057231,297.950000883431,297.95000000001755,297.95000001884705,1.5758472727611662e-06
4904164.673140868,0.0,3.5680122012267734,0.0,0.2726855537057231,297.950000883431,297.95000000001755,297.95000001884705,1.5758472727611662e-06
4904204.921264493,0.0,3.568116600326098,0.0,0.2726855537057231,297.950000883431,297.95000000001755,297.95000001884705,1.5758472727611662e-06
4904245.169388117,0.0,3.5682092456175685,0.0,0.2726855537057231,297.950000883431,297.95000000001755,297.95000001884705,1.5758472727611662e-06
4904280.0,0.0,3.5682810060540637,0.0,0.2726855537057231,297.950000883431,297.95000000001755,297.95000001884705,1.5758472727611662e-06
4904280.083709404,0.0,3.568281169857545,0.0,0.2726855537057231,297.950000883431,297.95000000001755,297.95000001884705,1.5758472727611662e-06
4904280.167418808,0.0,3.568281333620421,0.0,0.2726855537057231,297.950000883431,297.95000000001755,297.95000001884705,1.5758472727611662e-06
4904280.334837616,0.0,3.568281661047633,0.0,0.2726855537057231,297.950000883431,297.95000000001755,297.95000001884705,1.5758472727611662e-06
4904280.669675233,0.0,3.568282315406762,0.0,0.2726855537057231,297.950000883431,297.95000000001755,297.95000001884705,1.5758472727611662e-06
4904281.339350465,0.0,3.568283622242351,0.0,0.2726855537057231,297.950000883431,297.95000000001755,297.95000001884705,1.5758472727611662e-06
4904282.6787009295,0.0,3.5682862281638634,0.0,0.2726855537057231,297.950000883431,297.95000000001755,297.95000001884705,1.5758472727611662e-06
4904285.35740186,0.0,3.5682914092112017,0.0,0.2726855537057231,297.950000883431,297.95000000001755,297.95000001884705,1.5758472727611662e-06
4904290.71480372,0.0,3.5683016492739648,0.0,0.2726855537057231,297.950000883431,297.95000000001755,297.95000001884705,1.5758472727611662e-06
4904301.42960744,0.0,3.5683216518799754,0.0,0.2726855537057231,297.950000883431,297.95000000001755,297.95000001884705,1.5758472727611662e-06
4904322.85921488,0.0,3.568359828242637,0.0,0.2726855537057231,297.950000883431,297.95000000001755,297.95000001884705,1.5758472727611662e-06
4904344.288822319,0.0,3.5683956677966835,0.0,0.2726855537057231,297.950000883431,297.95000000001755,297.95000001884705,1.5758472727611662e-06
4904365.718429759,0.0,3.568429306927658,0.0,0.2726855537057231,297.950000883431,297.95000000001755,297.95000001884705,1.5758472727611662e-06
4904387.148037199,0.0,3.5684608788368144,0.0,0.2726855537057231,297.950000883431,297.95000000001755,297.95000001884705,1.5758472727611662e-06
4904430.0072520785,0.0,3.5685182727439337,0.0,0.2726855537057231,297.950000883431,297.95000000001755,297.95000001884705,1.5758472727611662e-06
4904472.866466958,0.0,3.568568788074611,0.0,0.2726855537057231,297.950000883431,297.95000000001755,297.95000001884705,1.5758472727611662e-06
4904515.725681838,0.0,3.5686133041893915,0.0,0.2726855537057231,297.950000883431,297.95000000001755,297.95000001884705,1.5758472727611662e-06
4904558.584896717,0.0,3.568652564063023,0.0,0.2726855537057231,297.950000883431,297.95000000001755,297.95000001884705,1.5758472727611662e-06
4904601.444111597,0.0,3.5686871789318064,0.0,0.2726855537057231,297.950000883431,297.95000000001755,297.95000001884705,1.5758472727611662e-06
4904640.0,0.0,3.568714771074912,0.0,0.2726855537057231,297.950000883431,297.95000000001755,297.95000001884705,1.5758472727611662e-06
4904640.242597533,0.0,3.568714934717336,0.0,0.2726855537057231,297.950000883431,297.95000000001755,297.95000001884705,1.5758472727611662e-06
4904640.485195067,0.0,3.568715098242643,0.0,0.2726855537057231,297.950000883431,297.95000000001755,297.95000001884705,1.5758472727611662e-06
4904640.9703901345,0.0,3.5687154250091004,0.0,0.2726855537057231,297.950000883431,297.95000000001755,297.95000001884705,1.5758472727611662e-06
4904641.940780269,0.0,3.5687160771153184,0.0,0.2726855537057231,297.950000883431,297.95000000001755,297.95000001884705,1.5758472727611662e-06
4904643.881560537,0.0,3.568717375922063,0.0,0.2726855537057231,297.950000883431,297.95000000001755,297.95000001884705,1.5758472727611662e-06
4904647.763121075,0.0,3.5687199513915675,0.0,0.2726855537057231,297.950000883431,297.95000000001755,297.95000001884705,1.5758472727611662e-06
4904655.526242149,0.0,3.5687250152381593,0.0,0.2726855537057231,297.950000883431,297.95000000001755,297.95000001884705,1.5758472727611662e-06
4904671.052484298,0.0,3.5687348047686194,0.0,0.2726855537057231,297.950000883431,297.95000000001755,297.95000001884705,1.5758472727611662e-06
4904702.104968597,0.0,3.5687531125052434,0.0,0.2726855537057231,297.950000883431,297.95000000001755,297.95000001884705,1.5758472727611662e-06
4904733.157452895,0.0,3.5687698249200976,0.0,0.2726855537057231,297.950000883431,297.95000000001755,297.95000001884705,1.5758472727611662e-06
4904764.209937193,0.0,3.5687850737748286,0.0,0.2726855537057231,297.950000883431,297.95000000001755,297.95000001884705,1.5758472727611662e-06
4904795.2624214925,0.0,3.5687989847648764,0.0,0.2726855537057231,297.950000883431,297.95000000001755,297.95000001884705,1.5758472727611662e-06
4904857.367390089,0.0,3.568823203964853,0.0,0.2726855537057231,297.950000883431,297.95000000001755,297.95000001884705,1.5758472727611662e-06
4904919.472358686,0.0,3.5688433219808564,0.0,0.2726855537057231,297.950000883431,297.95000000001755,297.95000001884705,1.5758472727611662e-06
4905000.0,0.0,3.568864436143911,0.0,0.2726855537057231,297.950000883431,297.95000000001755,297.95000001884705,1.5758472727611662e-06
4905000.703590668,0.0,3.5688645999261537,0.0,0.2726855537057231,297.950000883431,297.95000000001755,297.95000001884705,1.5758472727611662e-06
4905001.407181336,0.0,3.5688647633689934,0.0,0.2726855537057231,297.950000883431,297.95000000001755,297.95000001884705,1.5758472727611662e-06
4905002.814362671,0.0,3.5688650894324363,0.0,0.2726855537057231,297.950000883431,297.95000000001755,297.95000001884705,1.5758472727611662e-06
4905005.628725343,0.0,3.5688657374412083,0.0,0.2726855537057231,297.950000883431,297.95000000001755,297.95000001884705,1.5758472727611662e-06
4905011.257450687,0.0,3.5688670180021775,0.0,0.2726855537057231,297.950000883431,297.95000000001755,297.95000001884705,1.5758472727611662e-06
4905022.514901374,0.0,3.5688695166824127,0.0,0.2726855537057231,297.950000883431,297.95000000001755,297.95000001884705,1.5758472727611662e-06
4905045.029802747,0.0,3.5688742756058582,0.0,0.2726855537057231,297.950000883431,297.95000000001755,297.95000001884705,1.5758472727611662e-06
4905090.059605494,0.0,3.5688829191432143,0.0,0.2726855537057231,297.950000883431,297.95000000001755,297.95000001884705,1.5758472727611662e-06
4905135.089408241,0.0,3.568890494120036,0.0,0.2726855537057231,297.950000883431,297.95000000001755,297.95000001884705,1.5758472727611662e-06
4905180.119210988,0.0,3.568897125372817,0.0,0.2726855537057231,297.950000883431,297.95000000001755,297.95000001884705,1.5758472727611662e-06
4905225.149013735,0.0,3.5689029279362687,0.0,0.2726855537057231,297.950000883431,297.95000000001755,297.95000001884705,1.5758472727611662e-06
4905315.2086192295,0.0,3.5689124027587065,0.0,0.2726855537057231,297.950000883431,297.95000000001755,297.95000001884705,1.5758472727611662e-06
4905360.0,0.0,3.568916243117761,0.0,0.2726855537057231,297.950000883431,297.95000000001755,297.95000001884705,1.5758472727611662e-06
4905361.440000537,0.0,3.56891635834659,0.0,0.2726855537057231,297.950000883431,297.95000000001755,297.95000001884705,1.5758472727611662e-06
4905362.880001073,0.0,3.5689164730877594,0.0,0.2726855537057231,297.950000883431,297.95000000001755,297.95000001884705,1.5758472727611662e-06
4905365.760002146,0.0,3.5689167013916863,0.0,0.2726855537057231,297.950000883431,297.95000000001755,297.95000001884705,1.5758472727611662e-06
4905371.520004292,0.0,3.568917152120209,0.0,0.2726855537057231,297.950000883431,297.95000000001755,297.95000001884705,1.5758472727611662e-06
4905383.040008583,0.0,3.5689180318395626,0.0,0.2726855537057231,297.950000883431,297.95000000001755,297.95000001884705,1.5758472727611662e-06
4905406.080017166,0.0,3.568919705354267,0.0,0.2726855537057231,297.950000883431,297.95000000001755,297.95000001884705,1.5758472727611662e-06
4905452.160034333,0.0,3.5689227389189293,0.0,0.2726855537057231,297.950000883431,297.95000000001755,297.95000001884705,1.5758472727611662e-06
4905498.2400515,0.0,3.568925389483222,0.0,0.2726855537057231,297.950000883431,297.95000000001755,297.95000001884705,1.5758472727611662e-06
4905590.400085833,0.0,3.568929768809592,0.0,0.2726855537057231,297.950000883431,297.95000000001755,297.95000001884705,1.5758472727611662e-06
4905682.560120166,0.0,3.568933107724587,0.0,0.2726855537057231,297.950000883431,297.95000000001755,297.95000001884705,1.5758472727611662e-06
4905720.0,0.0,3.568934200904221,0.0,0.2726855537057231,297.950000883431,297.95000000001755,297.95000001884705,1.5758472727611662e-06
4905721.0800005365,0.0,3.568934230357404,0.0,0.2726855537057231,297.950000883431,297.95000000001755,297.95000001884705,1.5758472727611662e-06
4905722.160001073,0.0,3.568934259717003,0.0,0.2726855537057231,297.950000883431,297.95000000001755,297.95000001884705,1.5758472727611662e-06
4905724.320002146,0.0,3.568934318209771,0.0,0.2726855537057231,297.950000883431,297.95000000001755,297.95000001884705,1.5758472727611662e-06
4905728.640004291,0.0,3.5689344340634728,0.0,0.2726855537057231,297.950000883431,297.95000000001755,297.95000001884705,1.5758472727611662e-06
4905737.280008583,0.0,3.5689346615553594,0.0,0.2726855537057231,297.950000883431,297.95000000001755,297.95000001884705,1.5758472727611662e-06
4905754.560017167,0.0,3.568935099698904,0.0,0.2726855537057231,297.950000883431,297.95000000001755,297.95000001884705,1.5758472727611662e-06
4905789.120034333,0.0,3.5689359131781453,0.0,0.2726855537057231,297.950000883431,297.95000000001755,297.95000001884705,1.5758472727611662e-06
4905858.240068667,0.0,3.568937319890723,0.0,0.2726855537057231,297.950000883431,297.95000000001755,297.95000001884705,1.5758472727611662e-06
4905927.360103,0.0,3.5689384689899244,0.0,0.2726855537057231,297.950000883431,297.95000000001755,297.95000001884705,1.5758472727611662e-06
4906065.600171667,0.0,3.5689402082269566,0.0,0.2726855537057231,297.950000883431,297.95000000001755,297.95000001884705,1.5758472727611662e-06
4906080.0,0.0,3.5689403455599016,0.0,0.2726855537057231,297.950000883431,297.95000000001755,297.95000001884705,1.5758472727611662e-06
4906080.720000536,0.0,3.568940352185997,0.0,0.2726855537057231,297.950000883431,297.95000000001755,297.95000001884705,1.5758472727611662e-06
4906081.440001073,0.0,3.568940358798043,0.0,0.2726855537057231,297.950000883431,297.95000000001755,297.95000001884705,1.5758472727611662e-06
4906082.880002146,0.0,3.568940371988089,0.0,0.2726855537057231,297.950000883431,297.95000000001755,297.95000001884705,1.5758472727611662e-06
4906085.760004291,0.0,3.5689403981977192,0.0,0.2726855537057231,297.950000883431,297.95000000001755,297.95000001884705,1.5758472727611662e-06
4906091.520008584,0.0,3.5689404499773896,0.0,0.2726855537057231,297.950000883431,297.95000000001755,297.95000001884705,1.5758472727611662e-06
4906103.040017166,0.0,3.5689405509541774,0.0,0.2726855537057231,297.950000883431,297.95000000001755,297.95000001884705,1.5758472727611662e-06
4906126.080034333,0.0,3.568940743056332,0.0,0.2726855537057231,297.950000883431,297.95000000001755,297.95000001884705,1.5758472727611662e-06
4906172.160068667,0.0,3.5689410912087136,0.0,0.2726855537057231,297.950000883431,297.95000000001755,297.95000001884705,1.5758472727611662e-06
4906264.320137333,0.0,3.5689416664333584,0.0,0.2726855537057231,297.950000883431,297.95000000001755,297.95000001884705,1.5758472727611662e-06
4906440.0,0.0,3.568942435948871,0.0,0.2726855537057231,297.950000883431,297.95000000001755,297.95000001884705,1.5758472727611662e-06
4906440.360000537,0.0,3.568942437046656,0.0,0.2726855537057231,297.950000883431,297.95000000001755,297.95000001884705,1.5758472727611662e-06
4906440.720001073,0.0,3.568942438143283,0.0,0.2726855537057231,297.950000883431,297.95000000001755,297.95000001884705,1.5758472727611662e-06
4906441.440002146,0.0,3.568942440333705,0.0,0.2726855537057231,297.950000883431,297.95000000001755,297.95000001884705,1.5758472727611662e-06
4906442.880004291,0.0,3.5689424447003666,0.0,0.2726855537057231,297.950000883431,297.95000000001755,297.95000001884705,1.5758472727611662e-06
4906445.760008583,0.0,3.568942453380101,0.0,0.2726855537057231,297.950000883431,297.95000000001755,297.95000001884705,1.5758472727611662e-06
4906451.520017167,0.0,3.5689424705207755,0.0,0.2726855537057231,297.950000883431,297.95000000001755,297.95000001884705,1.5758472727611662e-06
4906463.040034333,0.0,3.5689425039481395,0.0,0.2726855537057231,297.950000883431,297.95000000001755,297.95000001884705,1.5758472727611662e-06
4906486.0800686665,0.0,3.568942567535849,0.0,0.2726855537057231,297.950000883431,297.95000000001755,297.95000001884705,1.5758472727611662e-06
4906532.160137333,0.0,3.5689426827771533,0.0,0.2726855537057231,297.950000883431,297.95000000001755,297.95000001884705,1.5758472727611662e-06
4906624.320274666,0.0,3.568942873176434,0.0,0.2726855537057231,297.950000883431,297.95000000001755,297.95000001884705,1.5758472727611662e-06
4906800.0,0.0,3.5689431278838017,0.0,0.2726855537057231,297.950000883431,297.95000000001755,297.95000001884705,1.5758472727611662e-06
4910400.0,0.0,3.5689431278838017,0.0,0.2726855537057231,299.5029132049011,299.5029139999946,299.5029139999946,2.9103830456733704e-13
4910403.60000059,0.0,3.568943131482976,0.0,0.2726855537057231,299.5029132049011,299.5029139999946,299.5029139999946,2.9103830456733704e-13
4910407.20000118,0.0,3.5689431350443086,0.0,0.2726855537057231,299.5029132049011,299.5029139999946,299.5029139999946,2.9103830456733704e-13
4910414.40000236,0.0,3.5689431420762143,0.0,0.2726855537057231,299.5029132049011,299.5029139999946,299.5029139999946,2.9103830456733704e-13
4910428.800004721,0.0,3.568943155692178,0.0,0.2726855537057231,299.5029132049011,299.5029139999946,299.5029139999946,2.9103830456733704e-13
4910457.600009441,0.0,3.568943181338829,0.0,0.2726855537057231,299.5029132049011,299.5029139999946,299.5029139999946,2.9103830456733704e-13
4910515.200018884,0.0,3.56894322673647,0.0,0.2726855537057231,299.5029132049011,299.5029139999946,299.5029139999946,2.9103830456733704e-13
4910630.400037766,0.0,3.568943298536977,0.0,0.2726855537057231,299.5029132049011,299.5029139999946,299.5029139999946,2.9103830456733704e-13
4910760.0,0.0,3.5689433553391465,0.0,0.2726855537057231,299.5029132049011,299.5029139999946,299.5029139999946,2.9103830456733704e-13
4910763.24000059,0.0,3.5689433564272735,0.0,0.2726855537057231,299.5029132049011,299.5029139999946,299.5029139999946,2.9103830456733704e-13
4910766.48000118,0.0,3.5689433575050975,0.0,0.2726855537057231,299.5029132049011,299.5029139999946,299.5029139999946,2.9103830456733704e-13
4910772.960002361,0.0,3.568943359635992,0.0,0.2726855537057231,299.5029132049011,299.5029139999946,299.5029139999946,2.9103830456733704e-13
4910785.920004721,0.0,3.568943363775426,0.0,0.2726855537057231,299.5029132049011,299.5029139999946,299.5029139999946,2.9103830456733704e-13
4910811.840009442,0.0,3.568943371618029,0.0,0.2726855537057231,299.5029132049011,299.5029139999946,299.5029139999946,2.9103830456733704e-13
4910863.680018883,0.0,3.568943385664704,0.0,0.2726855537057231,299.5029132049011,299.5029139999946,299.5029139999946,2.9103830456733704e-13
4910967.360037766,0.0,3.5689434083733658,0.0,0.2726855537057231,299.5029132049011,299.5029139999946,299.5029139999946,2.9103830456733704e-13
4911120.0,0.0,3.568943431816844,0.0,0.2726855537057231,299.5029132049011,299.5029139999946,299.5029139999946,2.9103830456733704e-13
4911122.88000059,0.0,3.5689434321404767,0.0,0.2726855537057231,299.5029132049011,299.5029139999946,299.5029139999946,2.9103830456733704e-13
4911125.76000118,0.0,3.5689434324613862,0.0,0.2726855537057231,299.5029132049011,299.5029139999946,299.5029139999946,2.9103830456733704e-13
4911131.52000236,0.0,3.5689434330966434,0.0,0.2726855537057231,299.5029132049011,299.5029139999946,299.5029139999946,2.9103830456733704e-13
4911143.040004721,0.0,3.568943434334677,0.0,0.2726855537057231,299.5029132049011,299.5029139999946,299.5029139999946,2.9103830456733704e-13
4911166.080009442,0.0,3.568943436694091,0.0,0.2726855537057231,299.5029132049011,299.5029139999946,299.5029139999946,2.9103830456733704e-13
4911212.160018884,0.0,3.568943440970388,0.0,0.2726855537057231,299.5029132049011,299.5029139999946,299.5029139999946,2.9103830456733704e-13
4911304.320037766,0.0,3.568943448039102,0.0,0.2726855537057231,299.5029132049011,299.5029139999946,299.5029139999946,2.9103830456733704e-13
4911480.0,0.0,3.5689434574964434,0.0,0.2726855537057231,299.5029132049011,299.5029139999946,299.5029139999946,2.9103830456733704e-13
4911482.52000059,0.0,3.5689434575903363,0.0,0.2726855537057231,299.5029132049011,299.5029139999946,299.5029139999946,2.9103830456733704e-13
4911485.04000118,0.0,3.568943457683533,0.0,0.2726855537057231,299.5029132049011,299.5029139999946,299.5029139999946,2.9103830456733704e-13
4911490.08000236,0.0,3.568943457868258,0.0,0.2726855537057231,299.5029132049011,299.5029139999946,299.5029139999946,2.9103830456733704e-13
4911500.160004721,0.0,3.5689434582294286,0.0,0.2726855537057231,299.5029132049011,299.5029139999946,299.5029139999946,2.9103830456733704e-13
4911520.320009442,0.0,3.5689434589218205,0.0,0.2726855537057231,299.5029132049011,299.5029139999946,299.5029139999946,2.9103830456733704e-13
4911560.640018883,0.0,3.5689434601918233,0.0,0.2726855537057231,299.5029132049011,299.5029139999946,299.5029139999946,2.9103830456733704e-13
4911641.280037766,0.0,3.568943462339007,0.0,0.2726855537057231,299.5029132049011,299.5029139999946,299.5029139999946,2.9103830456733704e-13
4911802.560075533,0.0,3.5689434654551544,0.0,0.2726855537057231,299.5029132049011,299.5029139999946,299.5029139999946,2.9103830456733704e-13
4911840.0,0.0,3.5689434659627732,0.0,0.2726855537057231,299.5029132049011,299.5029139999946,299.5029139999946,2.9103830456733704e-13
4911842.16000059,0.0,3.568943465989703,0.0,0.2726855537057231,299.5029132049011,299.5029139999946,299.5029139999946,2.9103830456733704e-13
4911844.32000118,0.0,3.5689434660164654,0.0,0.2726855537057231,299.5029132049011,299.5029139999946,299.5029139999946,2.9103830456733704e-13
4911848.640002361,0.0,3.5689434660695696,0.0,0.2726855537057231,299.5029132049011,299.5029139999946,299.5029139999946,2.9103830456733704e-13
4911857.280004721,0.0,3.5689434661737316,0.0,0.2726855537057231,299.5029132049011,299.5029139999946,299.5029139999946,2.9103830456733704e-13
4911874.560009441,0.0,3.56894346637462,0.0,0.2726855537057231,299.5029132049011,299.5029139999946,299.5029139999946,2.9103830456733704e-13
4911909.120018884,0.0,3.5689434667475606,0.0,0.2726855537057231,299.5029132049011,299.5029139999946,299.5029139999946,2.9103830456733704e-13
4911978.240037766,0.0,3.568943467392673,0.0,0.2726855537057231,299.5029132049011,299.5029139999946,299.5029139999946,2.9103830456733704e-13
4912116.480075533,0.0,3.568943468369241,0.0,0.2726855537057231,299.5029132049011,299.5029139999946,299.5029139999946,2.9103830456733704e-13
4912200.0,0.0,3.568943468788058,0.0,0.2726855537057231,299.5029132049011,299.5029139999946,299.5029139999946,2.9103830456733704e-13
4912201.80000059,0.0,3.5689434687955917,0.0,0.2726855537057231,299.5029132049011,299.5029139999946,299.5029139999946,2.9103830456733704e-13
4912203.600001181,0.0,3.568943468803086,0.0,0.2726855537057231,299.5029132049011,299.5029139999946,299.5029139999946,2.9103830456733704e-13
4912207.20000236,0.0,3.5689434688179773,0.0,0.2726855537057231,299.5029132049011,299.5029139999946,299.5029139999946,2.9103830456733704e-13
4912214.400004721,0.0,3.5689434688472836,0.0,0.2726855537057231,299.5029132049011,299.5029139999946,299.5029139999946,2.9103830456733704e-13
4912228.800009442,0.0,3.568943468904136,0.0,0.2726855537057231,299.5029132049011,299.5029139999946,299.5029139999946,2.9103830456733704e-13
4912257.600018883,0.0,3.568943469010975,0.0,0.2726855537057231,299.5029132049011,299.5029139999946,299.5029139999946,2.9103830456733704e-13
4912315.200037766,0.0,3.5689434692001267,0.0,0.2726855537057231,299.5029132049011,299.5029139999946,299.5029139999946,2.9103830456733704e-13
4912430.4000755325,0.0,3.5689434694991053,0.0,0.2726855537057231,299.5029132049011,299.5029139999946,299.5029139999946,2.9103830456733704e-13
4912560.0,0.0,3.5689434697346236,0.0,0.2726855537057231,299.5029132049011,299.5029139999946,299.5029139999946,2.9103830456733704e-13
4912561.44000059,0.0,3.5689434697366487,0.0,0.2726855537057231,299.5029132049011,299.5029139999946,299.5029139999946,2.9103830456733704e-13
4912562.88000118,0.0,3.56894346973867,0.0,0.2726855537057231,299.5029132049011,299.5029139999946,299.5029139999946,2.9103830456733704e-13
4912565.760002361,0.0,3.568943469742683,0.0,0.2726855537057231,299.5029132049011,299.5029139999946,299.5029139999946,2.9103830456733704e-13
4912571.52000472,0.0,3.568943469750616,0.0,0.2726855537057231,299.5029132049011,299.5029139999946,299.5029139999946,2.9103830456733704e-13
4912583.040009442,0.0,3.5689434697660936,0.0,0.2726855537057231,299.5029132049011,299.5029139999946,299.5029139999946,2.9103830456733704e-13
4912606.080018884,0.0,3.5689434697955384,0.0,0.2726855537057231,299.5029132049011,299.5029139999946,299.5029139999946,2.9103830456733704e-13
4912652.160037766,0.0,3.5689434698489144,0.0,0.2726855537057231,299.5029132049011,299.5029139999946,299.5029139999946,2.9103830456733704e-13
4912744.320075533,0.0,3.568943469937098,0.0,0.2726855537057231,299.5029132049011,299.5029139999946,299.5029139999946,2.9103830456733704e-13
4912920.0,0.0,3.568943470055079,0.0,0.2726855537057231,299.5029132049011,299.5029139999946,299.5029139999946,2.9103830456733704e-13
4912921.0800005905,0.0,3.5689434700555815,0.0,0.2726855537057231,299.5029132049011,299.5029139999946,299.5029139999946,2.9103830456733704e-13
4912922.16000118,0.0,3.5689434700560843,0.0,0.2726855537057231,299.5029132049011,299.5029139999946,299.5029139999946,2.9103830456733704e-13
4912924.32000236,0.0,3.5689434700570843,0.0,0.2726855537057231,299.5029132049011,299.5029139999946,299.5029139999946,2.9103830456733704e-13
4912928.640004721,0.0,3.5689434700590668,0.0,0.2726855537057231,299.5029132049011,299.5029139999946,299.5029139999946,2.9103830456733704e-13
4912937.280009442,0.0,3.5689434700629588,0.0,0.2726855537057231,299.5029132049011,299.5029139999946,299.5029139999946,2.9103830456733704e-13
4912954.560018883,0.0,3.568943470070455,0.0,0.2726855537057231,299.5029132049011,299.5029139999946,299.5029139999946,2.9103830456733704e-13
4912989.120037766,0.0,3.5689434700843723,0.0,0.2726855537057231,299.5029132049011,299.5029139999946,299.5029139999946,2.9103830456733704e-13
4913058.240075533,0.0,3.5689434701084384,0.0,0.2726855537057231,299.5029132049011,299.5029139999946,299.5029139999946,2.9103830456733704e-13
4913196.480151066,0.0,3.5689434701448697,0.0,0.2726855537057231,299.5029132049011,299.5029139999946,299.5029139999946,2.9103830456733704e-13
4913280.0,0.0,3.568943470160495,0.0,0.2726855537057231,299.5029132049011,299.5029139999946,299.5029139999946,2.9103830456733704e-13
4913280.72000059,0.0,3.568943470160607,0.0,0.2726855537057231,299.5029132049011,299.5029139999946,299.5029139999946,2.9103830456733704e-13
4913281.44000118,0.0,3.568943470160717,0.0,0.2726855537057231,299.5029132049011,299.5029139999946,299.5029139999946,2.9103830456733704e-13
4913282.880002361,0.0,3.5689434701609444,0.0,0.2726855537057231,299.5029132049011,299.5029139999946,299.5029139999946,2.9103830456733704e-13
4913285.760004721,0.0,3.5689434701613885,0.0,0.2726855537057231,299.5029132049011,299.5029139999946,299.5029139999946,2.9103830456733704e-13
4913291.520009441,0.0,3.5689434701622695,0.0,0.2726855537057231,299.5029132049011,299.5029139999946,299.5029139999946,2.9103830456733704e-13
4913303.0400188835,0.0,3.5689434701639855,0.0,0.2726855537057231,299.5029132049011,299.5029139999946,299.5029139999946,2.9103830456733704e-13
4913326.080037766,0.0,3.5689434701672593,0.0,0.2726855537057231,299.5029132049011,299.5029139999946,299.5029139999946,2.9103830456733704e-13
4913372.160075533,0.0,3.5689434701731853,0.0,0.2726855537057231,299.5029132049011,299.5029139999946,299.5029139999946,2.9103830456733704e-13
4913464.3201510655,0.0,3.5689434701829676,0.0,0.2726855537057231,299.5029132049011,299.5029139999946,299.5029139999946,2.9103830456733704e-13
4913640.0,0.0,3.568943470196063,0.0,0.2726855537057231,299.5029132049011,299.5029139999946,299.5029139999946,2.9103830456733704e-13
4913640.36000059,0.0,3.5689434701960807,0.0,0.2726855537057231,299.5029132049011,299.5029139999946,299.5029139999946,2.9103830456733704e-13
4913640.720001181,0.0,3.5689434701961003,0.0,0.2726855537057231,299.5029132049011,299.5029139999946,299.5029139999946,2.9103830456733704e-13
4913641.44000236,0.0,3.5689434701961376,0.0,0.2726855537057231,299.5029132049011,299.5029139999946,299.5029139999946,2.9103830456733704e-13
4913642.880004721,0.0,3.568943470196212,0.0,0.2726855537057231,299.5029132049011,299.5029139999946,299.5029139999946,2.9103830456733704e-13
4913645.7600094415,0.0,3.5689434701963596,0.0,0.2726855537057231,299.5029132049011,299.5029139999946,299.5029139999946,2.9103830456733704e-13
4913651.520018883,0.0,3.568943470196651,0.0,0.2726855537057231,299.5029132049011,299.5029139999946,299.5029139999946,2.9103830456733704e-13
4913663.040037766,0.0,3.5689434701972194,0.0,0.2726855537057231,299.5029132049011,299.5029139999946,299.5029139999946,2.9103830456733704e-13
4913686.080075533,0.0,3.5689434701982994,0.0,0.2726855537057231,299.5029132049011,299.5029139999946,299.5029139999946,2.9103830456733704e-13
4913732.160151066,0.0,3.5689434702002623,0.0,0.2726855537057231,299.5029132049011,299.5029139999946,299.5029139999946,2.9103830456733704e-13
4913824.320302132,0.0,3.568943470203506,0.0,0.2726855537057231,299.5029132049011,299.5029139999946,299.5029139999946,2.9103830456733704e-13
4914000.0,0.0,3.56894347020784,0.0,0.2726855537057231,299.5029132049011,299.5029139999946,299.5029139999946,2.9103830456733704e-13
4917600.0,0.0,3.56894347020784,0.0,0.2726855537057231,300.94999925915005,300.95000000005814,300.95000000005814,0.0
4917603.600000644,0.0,3.5689434702079006,0.0,0.2726855537057231,300.94999925915005,300.95000000005814,300.95000000005814,0.0
4917607.200001287,0.0,3.568943470207963,0.0,0.2726855537057231,300.94999925915005,300.95000000005814,300.95000000005814,0.0
4917614.400002575,0.0,3.5689434702080787,0.0,0.2726855537057231,300.94999925915005,300.95000000005814,300.95000000005814,0.0
4917628.80000515,0.0,3.568943470208313,0.0,0.2726855537057231,300.94999925915005,300.95000000005814,300.95000000005814,0.0
4917657.6000103,0.0,3.5689434702087466,0.0,0.2726855537057231,300.94999925915005,300.95000000005814,300.95000000005814,0.0
4917715.2000206,0.0,3.568943470209523,0.0,0.2726855537057231,300.94999925915005,300.95000000005814,300.95000000005814,0.0
4917830.400041199,0.0,3.5689434702107468,0.0,0.2726855537057231,300.94999925915005,300.95000000005814,300.95000000005814,0.0
4917960.0,0.0,3.5689434702117038,0.0,0.2726855537057231,300.94999925915005,300.95000000005814,300.95000000005814,0.0
4917963.240000644,0.0,3.5689434702117233,0.0,0.2726855537057231,300.94999925915005,300.95000000005814,300.95000000005814,0.0
4917966.480001288,0.0,3.568943470211741,0.0,0.2726855537057231,300.94999925915005,300.95000000005814,300.95000000005814,0.0
4917972.960002575,0.0,3.5689434702117766,0.0,0.2726855537057231,300.94999925915005,300.95000000005814,300.95000000005814,0.0
4917985.92000515,0.0,3.568943470211851,0.0,0.2726855537057231,300.94999925915005,300.95000000005814,300.95000000005814,0.0
4918011.8400103,0.0,3.5689434702119844,0.0,0.2726855537057231,300.94999925915005,300.95000000005814,300.95000000005814,0.0
4918063.6800206,0.0,3.5689434702122242,0.0,0.2726855537057231,300.94999925915005,300.95000000005814,300.95000000005814,0.0
4918167.360041199,0.0,3.568943470212611,0.0,0.2726855537057231,300.94999925915005,300.95000000005814,300.95000000005814,0.0
4918320.0,0.0,3.5689434702130036,0.0,0.2726855537057231,300.94999925915005,300.95000000005814,300.95000000005814,0.0
4918322.880000643,0.0,3.568943470213009,0.0,0.2726855537057231,300.94999925915005,300.95000000005814,300.95000000005814,0.0
4918325.760001288,0.0,3.5689434702130147,0.0,0.2726855537057231,300.94999925915005,300.95000000005814,300.95000000005814,0.0
4918331.520002575,0.0,3.5689434702130254,0.0,0.2726855537057231,300.94999925915005,300.95000000005814,300.95000000005814,0.0
4918343.04000515,0.0,3.5689434702130485,0.0,0.2726855537057231,300.94999925915005,300.95000000005814,300.95000000005814,0.0
4918366.0800103,0.0,3.568943470213084,0.0,0.2726855537057231,300.94999925915005,300.95000000005814,300.95000000005814,0.0
4918412.1600206,0.0,3.568943470213162,0.0,0.2726855537057231,300.94999925915005,300.95000000005814,300.95000000005814,0.0
4918504.3200412,0.0,3.568943470213283,0.0,0.2726855537057231,300.94999925915005,300.95000000005814,300.95000000005814,0.0
4918680.0,0.0,3.5689434702134464,0.0,0.2726855537057231,300.94999925915005,300.95000000005814,300.95000000005814,0.0
4918682.520000644,0.0,3.5689434702134464,0.0,0.2726855537057231,300.94999925915005,300.95000000005814,300.95000000005814,0.0
4918685.040001287,0.0,3.56894347021345,0.0,0.2726855537057231,300.94999925915005,300.95000000005814,300.95000000005814,0.0
4918690.080002575,0.0,3.5689434702134517,0.0,0.2726855537057231,300.94999925915005,300.95000000005814,300.95000000005814,0.0
4918700.16000515,0.0,3.568943470213459,0.0,0.2726855537057231,300.94999925915005,300.95000000005814,300.95000000005814,0.0
4918720.3200103,0.0,3.568943470213466,0.0,0.2726855537057231,300.94999925915005,300.95000000005814,300.95000000005814,0.0
4918760.6400206,0.0,3.5689434702134872,0.0,0.2726855537057231,300.94999925915005,300.95000000005814,300.95000000005814,0.0
4918841.2800412,0.0,3.5689434702135245,0.0,0.2726855537057231,300.94999925915005,300.95000000005814,300.95000000005814,0.0
4919002.560082399,0.0,3.568943470213569,0.0,0.2726855537057231,300.94999925915005,300.95000000005814,300.95000000005814,0.0
4919040.0,0.0,3.5689434702135796,0.0,0.2726855537057231,300.94999925915005,300.95000000005814,300.95000000005814,0.0
4919042.160000644,0.0,3.5689434702135796,0.0,0.2726855537057231,300.94999925915005,300.95000000005814,300.95000000005814,0.0
4919044.320001287,0.0,3.5689434702135814,0.0,0.2726855537057231,300.94999925915005,300.95000000005814,300.95000000005814,0.0
4919048.640002575,0.0,3.5689434702135814,0.0,0.2726855537057231,300.94999925915005,300.95000000005814,300.95000000005814,0.0
4919057.28000515,0.0,3.568943470213583,0.0,0.2726855537057231,300.94999925915005,300.95000000005814,300.95000000005814,0.0
4919074.5600103,0.0,3.5689434702135867,0.0,0.2726855537057231,300.94999925915005,300.95000000005814,300.95000000005814,0.0
4919109.1200206,0.0,3.5689434702135956,0.0,0.2726855537057231,300.94999925915005,300.95000000005814,300.95000000005814,0.0
4919178.2400412,0.0,3.5689434702136063,0.0,0.2726855537057231,300.94999925915005,300.95000000005814,300.95000000005814,0.0
4919316.480082399,0.0,3.5689434702136245,0.0,0.2726855537057231,300.94999925915005,300.95000000005814,300.95000000005814,0.0
4919400.0,0.0,3.5689434702136316,0.0,0.2726855537057231,300.94999925915005,300.95000000005814,300.95000000005814,0.0
4919401.800000643,0.0,3.5689434702136316,0.0,0.2726855537057231,300.94999925915005,300.95000000005814,300.95000000005814,0.0
4919403.600001288,0.0,3.5689434702136316,0.0,0.2726855537057231,300.94999925915005,300.95000000005814,300.95000000005814,0.0
4919407.200002575,0.0,3.5689434702136316,0.0,0.2726855537057231,300.94999925915005,300.95000000005814,300.95000000005814,0.0
4919414.40000515,0.0,3.5689434702136333,0.0,0.2726855537057231,300.94999925915005,300.95000000005814,300.95000000005814,0.0
4919428.8000103,0.0,3.568943470213635,0.0,0.2726855537057231,300.94999925915005,300.95000000005814,300.95000000005814,0.0
4919457.6000206,0.0,3.568943470213637,0.0,0.2726855537057231,300.94999925915005,300.95000000005814,300.95000000005814,0.0
4919515.2000412,0.0,3.568943470213642,0.0,0.2726855537057231,300.94999925915005,300.95000000005814,300.95000000005814,0.0
4919630.400082399,0.0,3.5689434702136476,0.0,0.2726855537057231,300.94999925915005,300.95000000005814,300.95000000005814,0.0
4919760.0,0.0,3.568943470213653,0.0,0.2726855537057231,300.94999925915005,300.95000000005814,300.95000000005814,0.0
4919761.440000644,0.0,3.568943470213653,0.0,0.2726855537057231,300.94999925915005,300.95000000005814,300.95000000005814,0.0
4919762.880001288,0.0,3.568943470213653,0.0,0.2726855537057231,300.94999925915005,300.95000000005814,300.95000000005814,0.0
4919765.760002575,0.0,3.568943470213653,0.0,0.2726855537057231,300.94999925915005,300.95000000005814,300.95000000005814,0.0
4919771.52000515,0.0,3.568943470213653,0.0,0.2726855537057231,300.94999925915005,300.95000000005814,300.95000000005814,0.0
4919783.0400102995,0.0,3.568943470213653,0.0,0.2726855537057231,300.94999925915005,300.95000000005814,300.95000000005814,0.0
4919806.0800206,0.0,3.5689434702136547,0.0,0.2726855537057231,300.94999925915005,300.95000000005814,300.95000000005814,0.0
4919852.1600412,0.0,3.5689434702136564,0.0,0.2726855537057231,300.94999925915005,300.95000000005814,300.95000000005814,0.0
4919944.320082399,0.0,3.568943470213658,0.0,0.2726855537057231,300.94999925915005,300.95000000005814,300.95000000005814,0.0
4920120.0,0.0,3.568943470213662,0.0,0.2726855537057231,300.94999925915005,300.95000000005814,300.95000000005814,0.0
4920121.080000644,0.0,3.568943470213662,0.0,0.2726855537057231,300.94999925915005,300.95000000005814,300.95000000005814,0.0
4920122.160001287,0.0,3.568943470213662,0.0,0.2726855537057231,300.94999925915005,300.95000000005814,300.95000000005814,0.0
4920124.320002575,0.0,3.568943470213662,0.0,0.2726855537057231,300.94999925915005,300.95000000005814,300.95000000005814,0.0
4920128.64000515,0.0,3.568943470213662,0.0,0.2726855537057231,300.94999925915005,300.95000000005814,300.95000000005814,0.0
4920137.2800103,0.0,3.5689434702136618,0.0,0.2726855537057231,300.94999925915005,300.95000000005814,300.95000000005814,0.0
4920154.5600205995,0.0,3.5689434702136618,0.0,0.2726855537057231,300.94999925915005,300.95000000005814,300.95000000005814,0.0
4920189.1200412,0.0,3.5689434702136618,0.0,0.2726855537057231,300.94999925915005,300.95000000005814,300.95000000005814,0.0
4920258.240082399,0.0,3.568943470213664,0.0,0.2726855537057231,300.94999925915005,300.95000000005814,300.95000000005814,0.0
4920396.480164799,0.0,3.5689434702136635,0.0,0.2726855537057231,300.94999925915005,300.95000000005814,300.95000000005814,0.0
4920480.0,0.0,3.5689434702136653,0.0,0.2726855537057231,300.94999925915005,300.95000000005814,300.95000000005814,0.0
4920480.720000643,0.0,3.5689434702136653,0.0,0.2726855537057231,300.94999925915005,300.95000000005814,300.95000000005814,0.0
4920481.4400012875,0.0,3.5689434702136653,0.0,0.2726855537057231,300.94999925915005,300.95000000005814,300.95000000005814,0.0
4920482.880002575,0.0,3.5689434702136653,0.0,0.2726855537057231,300.94999925915005,300.95000000005814,300.95000000005814,0.0
4920485.76000515,0.0,3.5689434702136653,0.0,0.2726855537057231,300.94999925915005,300.95000000005814,300.95000000005814,0.0
4920491.5200103,0.0,3.5689434702136653,0.0,0.2726855537057231,300.94999925915005,300.95000000005814,300.95000000005814,0.0
4920503.0400206,0.0,3.5689434702136653,0.0,0.2726855537057231,300.94999925915005,300.95000000005814,300.95000000005814,0.0
4920526.0800412,0.0,3.5689434702136653,0.0,0.2726855537057231,300.94999925915005,300.95000000005814,300.95000000005814,0.0
4920572.160082399,0.0,3.568943470213667,0.0,0.2726855537057231,300.94999925915005,300.95000000005814,300.95000000005814,0.0
4920664.320164799,0.0,3.5689434702136675,0.0,0.2726855537057231,300.94999925915005,300.95000000005814,300.95000000005814,0.0
4920840.0,0.0,3.568943470213667,0.0,0.2726855537057231,300.94999925915005,300.95000000005814,300.95000000005814,0.0
4920840.360000644,0.0,3.568943470213667,0.0,0.2726855537057231,300.94999925915005,300.95000000005814,300.95000000005814,0.0
4920840.720001288,0.0,3.568943470213667,0.0,0.2726855537057231,300.94999925915005,300.95000000005814,300.95000000005814,0.0
4920841.440002575,0.0,3.568943470213667,0.0,0.2726855537057231,300.94999925915005,300.95000000005814,300.95000000005814,0.0
4920842.88000515,0.0,3.568943470213667,0.0,0.2726855537057231,300.94999925915005,300.95000000005814,300.95000000005814,0.0
4920845.7600103,0.0,3.568943470213667,0.0,0.2726855537057231,300.94999925915005,300.95000000005814,300.95000000005814,0.0
4920851.5200205995,0.0,3.568943470213667,0.0,0.2726855537057231,300.94999925915005,300.95000000005814,300.95000000005814,0.0
4920863.0400412,0.0,3.568943470213667,0.0,0.2726855537057231,300.94999925915005,300.95000000005814,300.95000000005814,0.0
4920886.0800824,0.0,3.568943470213667,0.0,0.2726855537057231,300.94999925915005,300.95000000005814,300.95000000005814,0.0
4920932.160164799,0.0,3.568943470213667,0.0,0.2726855537057231,300.94999925915005,300.95000000005814,300.95000000005814,0.0
4921024.320329597,0.0,3.5689434702136666,0.0,0.2726855537057231,300.94999925915005,300.95000000005814,300.95000000005814,0.0
4921200.0,0.0,3.5689434702136675,0.0,0.2726855537057231,300.94999925915005,300.95000000005814,300.95000000005814,0.0
4924800.0,0.0,3.5689434702136675,0.0,0.2726855537057231,302.1926403638863,302.19264100011856,302.19264100011856,0.0
4924803.600000697,0.0,3.5689434702136675,0.0,0.2726855537057231,302.1926403638863,302.19264100011856,302.19264100011856,0.0
4924807.200001394,0.0,3.5689434702136675,0.0,0.2726855537057231,302.1926403638863,302.19264100011856,302.19264100011856,0.0
4924814.40000279,0.0,3.5689434702136675,0.0,0.2726855537057231,302.1926403638863,302.19264100011856,302.19264100011856,0.0
4924828.800005579,0.0,3.5689434702136675,0.0,0.2726855537057231,302.1926403638863,302.19264100011856,302.19264100011856,0.0
4924857.600011158,0.0,3.5689434702136675,0.0,0.2726855537057231,302.1926403638863,302.19264100011856,302.19264100011856,0.0
4924915.200022317,0.0,3.568943470213667,0.0,0.2726855537057231,302.1926403638863,302.19264100011856,302.19264100011856,0.0
4925030.400044633,0.0,3.568943470213667,0.0,0.2726855537057231,302.1926403638863,302.19264100011856,302.19264100011856,0.0
4925160.0,0.0,3.5689434702136666,0.0,0.2726855537057231,302.1926403638863,302.19264100011856,302.19264100011856,0.0
4925163.240000698,0.0,3.5689434702136666,0.0,0.2726855537057231,302.1926403638863,302.19264100011856,302.19264100011856,0.0
4925166.480001395,0.0,3.5689434702136666,0.0,0.2726855537057231,302.1926403638863,302.19264100011856,302.19264100011856,0.0
4925172.960002789,0.0,3.5689434702136666,0.0,0.2726855537057231,302.1926403638863,302.19264100011856,302.19264100011856,0.0
4925185.9200055795,0.0,3.5689434702136666,0.0,0.2726855537057231,302.1926403638863,302.19264100011856,302.19264100011856,0.0
4925211.840011158,0.0,3.5689434702136666,0.0,0.2726855537057231,302.1926403638863,302.19264100011856,302.19264100011856,0.0
4925263.680022316,0.0,3.568943470213667,0.0,0.2726855537057231,302.1926403638863,302.19264100011856,302.19264100011856,0.0
4925367.360044633,0.0,3.568943470213667,0.0,0.2726855537057231,302.1926403638863,302.19264100011856,302.19264100011856,0.0
4925520.0,0.0,3.568943470213667,0.0,0.2726855537057231,302.1926403638863,302.19264100011856,302.19264100011856,0.0
4925522.880000697,0.0,3.568943470213667,0.0,0.2726855537057231,302.1926403638863,302.19264100011856,302.19264100011856,0.0
4925525.760001395,0.0,3.568943470213667,0.0,0.2726855537057231,302.1926403638863,302.19264100011856,302.19264100011856,0.0
4925531.52000279,0.0,3.568943470213667,0.0,0.2726855537057231,302.1926403638863,302.19264100011856,302.19264100011856,0.0
4925543.040005579,0.0,3.568943470213667,0.0,0.2726855537057231,302.1926403638863,302.19264100011856,302.19264100011856,0.0
4925566.080011158,0.0,3.568943470213667,0.0,0.2726855537057231,302.1926403638863,302.19264100011856,302.19264100011856,0.0
4925612.1600223165,0.0,3.568943470213667,0.0,0.2726855537057231,302.1926403638863,302.19264100011856,302.19264100011856,0.0
4925704.320044633,0.0,3.5689434702136666,0.0,0.2726855537057231,302.1926403638863,302.19264100011856,302.19264100011856,0.0
4925880.0,0.0,3.5689434702136666,0.0,0.2726855537057231,302.1926403638863,302.19264100011856,302.19264100011856,0.0
4925882.520000697,0.0,3.5689434702136666,0.0,0.2726855537057231,302.1926403638863,302.19264100011856,302.19264100011856,0.0
4925885.040001395,0.0,3.5689434702136666,0.0,0.2726855537057231,302.1926403638863,302.19264100011856,302.19264100011856,0.0
4925890.080002789,0.0,3.5689434702136666,0.0,0.2726855537057231,302.1926403638863,302.19264100011856,302.19264100011856,0.0
4925900.160005579,0.0,3.5689434702136666,0.0,0.2726855537057231,302.1926403638863,302.19264100011856,302.19264100011856,0.0
4925920.3200111585,0.0,3.5689434702136666,0.0,0.2726855537057231,302.1926403638863,302.19264100011856,302.19264100011856,0.0
4925960.640022316,0.0,3.568943470213666,0.0,0.2726855537057231,302.1926403638863,302.19264100011856,302.19264100011856,0.0
4926041.280044633,0.0,3.5689434702136684,0.0,0.2726855537057231,302.1926403638863,302.19264100011856,302.19264100011856,0.0
4926202.560089266,0.0,3.568943470213668,0.0,0.2726855537057231,302.1926403638863,302.19264100011856,302.19264100011856,0.0
4926240.0,0.0,3.568943470213668,0.0,0.2726855537057231,302.1926403638863,302.19264100011856,302.19264100011856,0.0
4926242.160000698,0.0,3.568943470213668,0.0,0.2726855537057231,302.1926403638863,302.19264100011856,302.19264100011856,0.0
4926244.3200013945,0.0,3.568943470213668,0.0,0.2726855537057231,302.1926403638863,302.19264100011856,302.19264100011856,0.0
4926248.64000279,0.0,3.568943470213668,0.0,0.2726855537057231,302.1926403638863,302.19264100011856,302.19264100011856,0.0
4926257.280005579,0.0,3.568943470213668,0.0,0.2726855537057231,302.1926403638863,302.19264100011856,302.19264100011856,0.0
4926274.560011158,0.0,3.568943470213668,0.0,0.2726855537057231,302.1926403638863,302.19264100011856,302.19264100011856,0.0
4926309.120022316,0.0,3.5689434702136684,0.0,0.2726855537057231,302.1926403638863,302.19264100011856,302.19264100011856,0.0
4926378.240044633,0.0,3.5689434702136684,0.0,0.2726855537057231,302.1926403638863,302.19264100011856,302.19264100011856,0.0
4926516.480089266,0.0,3.568943470213668,0.0,0.2726855537057231,302.1926403638863,302.19264100011856,302.19264100011856,0.0
4926600.0,0.0,3.5689434702136684,0.0,0.2726855537057231,302.1926403638863,302.19264100011856,302.19264100011856,0.0
4926601.800000697,0.0,3.5689434702136684,0.0,0.2726855537057231,302.1926403638863,302.19264100011856,302.19264100011856,0.0
4926603.600001395,0.0,3.5689434702136684,0.0,0.2726855537057231,302.1926403638863,302.19264100011856,302.19264100011856,0.0
4926607.2000027895,0.0,3.5689434702136684,0.0,0.2726855537057231,302.1926403638863,302.19264100011856,302.19264100011856,0.0
4926614.400005579,0.0,3.5689434702136684,0.0,0.2726855537057231,302.1926403638863,302.19264100011856,302.19264100011856,0.0
4926628.800011158,0.0,3.5689434702136684,0.0,0.2726855537057231,302.1926403638863,302.19264100011856,302.19264100011856,0.0
4926657.600022317,0.0,3.5689434702136684,0.0,0.2726855537057231,302.1926403638863,302.19264100011856,302.19264100011856,0.0
4926715.200044633,0.0,3.5689434702136684,0.0,0.2726855537057231,302.1926403638863,302.19264100011856,302.19264100011856,0.0
4926830.400089266,0.0,3.5689434702136684,0.0,0.2726855537057231,302.1926403638863,302.19264100011856,302.19264100011856,0.0
4926960.0,0.0,3.5689434702136684,0.0,0.2726855537057231,302.1926403638863,302.19264100011856,302.19264100011856,0.0
4926961.440000697,0.0,3.5689434702136684,0.0,0.2726855537057231,302.1926403638863,302.19264100011856,302.19264100011856,0.0
4926962.880001395,0.0,3.5689434702136684,0.0,0.2726855537057231,302.1926403638863,302.19264100011856,302.19264100011856,0.0
4926965.76000279,0.0,3.5689434702136684,0.0,0.2726855537057231,302.1926403638863,302.19264100011856,302.19264100011856,0.0
4926971.520005579,0.0,3.5689434702136684,0.0,0.2726855537057231,302.1926403638863,302.19264100011856,302.19264100011856,0.0
4926983.040011158,0.0,3.5689434702136684,0.0,0.2726855537057231,302.1926403638863,302.19264100011856,302.19264100011856,0.0
4927006.080022316,0.0,3.5689434702136684,0.0,0.2726855537057231,302.1926403638863,302.19264100011856,302.19264100011856,0.0
4927052.160044633,0.0,3.5689434702136684,0.0,0.2726855537057231,302.1926403638863,302.19264100011856,302.19264100011856,0.0
4927144.320089266,0.0,3.568943470213669,0.0,0.2726855537057231,302.1926403638863,302.19264100011856,302.19264100011856,0.0
4927320.0,0.0,3.568943470213669,0.0,0.2726855537057231,302.1926403638863,302.19264100011856,302.19264100011856,0.0
4927321.080000698,0.0,3.568943470213669,0.0,0.2726855537057231,302.1926403638863,302.19264100011856,302.19264100011856,0.0
4927322.160001394,0.0,3.568943470213669,0.0,0.2726855537057231,302.1926403638863,302.19264100011856,302.19264100011856,0.0
4927324.32000279,0.0,3.568943470213669,0.0,0.2726855537057231,302.1926403638863,302.19264100011856,302.19264100011856,0.0
4927328.640005579,0.0,3.568943470213669,0.0,0.2726855537057231,302.1926403638863,302.19264100011856,302.19264100011856,0.0
4927337.280011158,0.0,3.568943470213669,0.0,0.2726855537057231,302.1926403638863,302.19264100011856,302.19264100011856,0.0
4927354.560022317,0.0,3.568943470213669,0.0,0.2726855537057231,302.1926403638863,302.19264100011856,302.19264100011856,0.0
4927389.120044633,0.0,3.568943470213669,0.0,0.2726855537057231,302.1926403638863,302.19264100011856,302.19264100011856,0.0
4927458.240089266,0.0,3.568943470213669,0.0,0.2726855537057231,302.1926403638863,302.19264100011856,302.19264100011856,0.0
4927596.480178531,0.0,3.568943470213669,0.0,0.2726855537057231,302.1926403638863,302.19264100011856,302.19264100011856,0.0
4927680.0,0.0,3.568943470213669,0.0,0.2726855537057231,302.1926403638863,302.19264100011856,302.19264100011856,0.0
4927680.720000697,0.0,3.568943470213669,0.0,0.2726855537057231,302.1926403638863,302.19264100011856,302.19264100011856,0.0
4927681.440001395,0.0,3.568943470213669,0.0,0.2726855537057231,302.1926403638863,302.19264100011856,302.19264100011856,0.0
4927682.880002789,0.0,3.568943470213669,0.0,0.2726855537057231,302.1926403638863,302.19264100011856,302.19264100011856,0.0
4927685.760005579,0.0,3.568943470213669,0.0,0.2726855537057231,302.1926403638863,302.19264100011856,302.19264100011856,0.0
4927691.520011159,0.0,3.568943470213669,0.0,0.2726855537057231,302.1926403638863,302.19264100011856,302.19264100011856,0.0
4927703.040022316,0.0,3.568943470213669,0.0,0.2726855537057231,302.1926403638863,302.19264100011856,302.19264100011856,0.0
4927726.080044633,0.0,3.568943470213669,0.0,0.2726855537057231,302.1926403638863,302.19264100011856,302.19264100011856,0.0
4927772.160089266,0.0,3.568943470213669,0.0,0.2726855537057231,302.1926403638863,302.19264100011856,302.19264100011856,0.0
4927864.320178532,0.0,3.568943470213669,0.0,0.2726855537057231,302.1926403638863,302.19264100011856,302.19264100011856,0.0
4928040.0,0.0,3.568943470213669,0.0,0.2726855537057231,302.1926403638863,302.19264100011856,302.19264100011856,0.0
4928040.360000697,0.0,3.568943470213669,0.0,0.2726855537057231,302.1926403638863,302.19264100011856,302.19264100011856,0.0
4928040.720001395,0.0,3.568943470213669,0.0,0.2726855537057231,302.1926403638863,302.19264100011856,302.19264100011856,0.0
4928041.44000279,0.0,3.568943470213669,0.0,0.2726855537057231,302.1926403638863,302.19264100011856,302.19264100011856,0.0
4928042.880005579,0.0,3.568943470213669,0.0,0.2726855537057231,302.1926403638863,302.19264100011856,302.19264100011856,0.0
4928045.760011158,0.0,3.568943470213669,0.0,0.2726855537057231,302.1926403638863,302.19264100011856,302.19264100011856,0.0
4928051.520022317,0.0,3.568943470213669,0.0,0.2726855537057231,302.1926403638863,302.19264100011856,302.19264100011856,0.0
4928063.040044633,0.0,3.568943470213669,0.0,0.2726855537057231,302.1926403638863,302.19264100011856,302.19264100011856,0.0
4928086.0800892655,0.0,3.568943470213669,0.0,0.2726855537057231,302.1926403638863,302.19264100011856,302.19264100011856,0.0
4928132.160178532,0.0,3.568943470213669,0.0,0.2726855537057231,302.1926403638863,302.19264100011856,302.19264100011856,0.0
4928224.320357063,0.0,3.568943470213669,0.0,0.2726855537057231,302.1926403638863,302.19264100011856,302.19264100011856,0.0
4928400.0,0.0,3.5689434702136684,0.0,0.2726855537057231,302.1926403638863,302.19264100011856,302.19264100011856,0.0
4932000.0,0.0,3.5689434702136684,0.0,0.2726855537057231,303.1461515118923,303.14615200009,303.14615200009,0.0
4932003.600000751,0.0,3.5689434702136684,0.0,0.2726855537057231,303.1461515118923,303.14615200009,303.14615200009,0.0
4932007.200001502,0.0,3.5689434702136684,0.0,0.2726855537057231,303.1461515118923,303.14615200009,303.14615200009,0.0
4932014.400003004,0.0,3.5689434702136684,0.0,0.2726855537057231,303.1461515118923,303.14615200009,303.14615200009,0.0
4932028.800006009,0.0,3.5689434702136684,0.0,0.2726855537057231,303.1461515118923,303.14615200009,303.14615200009,0.0
4932057.6000120165,0.0,3.568943470213669,0.0,0.2726855537057231,303.1461515118923,303.14615200009,303.14615200009,0.0
4932115.200024033,0.0,3.568943470213669,0.0,0.2726855537057231,303.1461515118923,303.14615200009,303.14615200009,0.0
4932230.400048066,0.0,3.568943470213669,0.0,0.2726855537057231,303.1461515118923,303.14615200009,303.14615200009,0.0
4932360.0,0.0,3.568943470213669,0.0,0.2726855537057231,303.1461515118923,303.14615200009,303.14615200009,0.0
4932363.240000751,0.0,3.568943470213669,0.0,0.2726855537057231,303.1461515118923,303.14615200009,303.14615200009,0.0
4932366.480001502,0.0,3.568943470213669,0.0,0.2726855537057231,303.1461515118923,303.14615200009,303.14615200009,0.0
4932372.960003004,0.0,3.568943470213669,0.0,0.2726855537057231,303.1461515118923,303.14615200009,303.14615200009,0.0
4932385.920006008,0.0,3.568943470213669,0.0,0.2726855537057231,303.1461515118923,303.14615200009,303.14615200009,0.0
4932411.840012017,0.0,3.568943470213669,0.0,0.2726855537057231,303.1461515118923,303.14615200009,303.14615200009,0.0
4932463.680024033,0.0,3.568943470213669,0.0,0.2726855537057231,303.1461515118923,303.14615200009,303.14615200009,0.0
4932567.360048066,0.0,3.568943470213669,0.0,0.2726855537057231,303.1461515118923,303.14615200009,303.14615200009,0.0
4932720.0,0.0,3.568943470213669,0.0,0.2726855537057231,303.1461515118923,303.14615200009,303.14615200009,0.0
4932722.880000751,0.0,3.568943470213669,0.0,0.2726855537057231,303.1461515118923,303.14615200009,303.14615200009,0.0
4932725.760001502,0.0,3.568943470213669,0.0,0.2726855537057231,303.1461515118923,303.14615200009,303.14615200009,0.0
4932731.520003004,0.0,3.568943470213669,0.0,0.2726855537057231,303.1461515118923,303.14615200009,303.14615200009,0.0
4932743.040006008,0.0,3.568943470213669,0.0,0.2726855537057231,303.1461515118923,303.14615200009,303.14615200009,0.0
4932766.080012017,0.0,3.568943470213669,0.0,0.2726855537057231,303.1461515118923,303.14615200009,303.14615200009,0.0
4932812.160024033,0.0,3.568943470213669,0.0,0.2726855537057231,303.1461515118923,303.14615200009,303.14615200009,0.0
4932904.320048066,0.0,3.568943470213669,0.0,0.2726855537057231,303.1461515118923,303.14615200009,303.14615200009,0.0
4933080.0,0.0,3.5689434702136693,0.0,0.2726855537057231,303.1461515118923,303.14615200009,303.14615200009,0.0
4933082.520000751,0.0,3.5689434702136693,0.0,0.2726855537057231,303.1461515118923,303.14615200009,303.14615200009,0.0
4933085.040001502,0.0,3.5689434702136693,0.0,0.2726855537057231,303.1461515118923,303.14615200009,303.14615200009,0.0
4933090.0800030045,0.0,3.5689434702136693,0.0,0.2726855537057231,303.1461515118923,303.14615200009,303.14615200009,0.0
4933100.160006008,0.0,3.5689434702136693,0.0,0.2726855537057231,303.1461515118923,303.14615200009,303.14615200009,0.0
4933120.320012016,0.0,3.5689434702136693,0.0,0.2726855537057231,303.1461515118923,303.14615200009,303.14615200009,0.0
4933160.640024033,0.0,3.5689434702136693,0.0,0.2726855537057231,303.1461515118923,303.14615200009,303.14615200009,0.0
4933241.280048066,0.0,3.5689434702136693,0.0,0.2726855537057231,303.1461515118923,303.14615200009,303.14615200009,0.0
4933402.560096133,0.0,3.568943470213669,0.0,0.2726855537057231,303.1461515118923,303.14615200009,303.14615200009,0.0
4933440.0,0.0,3.568943470213669,0.0,0.2726855537057231,303.1461515118923,303.14615200009,303.14615200009,0.0
4933442.160000751,0.0,3.568943470213669,0.0,0.2726855537057231,303.1461515118923,303.14615200009,303.14615200009,0.0
4933444.3200015025,0.0,3.568943470213669,0.0,0.2726855537057231,303.1461515118923,303.14615200009,303.14615200009,0.0
4933448.640003004,0.0,3.568943470213669,0.0,0.2726855537057231,303.1461515118923,303.14615200009,303.14615200009,0.0
4933457.280006008,0.0,3.568943470213669,0.0,0.2726855537057231,303.1461515118923,303.14615200009,303.14615200009,0.0
4933474.560012016,0.0,3.568943470213669,0.0,0.2726855537057231,303.1461515118923,303.14615200009,303.14615200009,0.0
4933509.120024033,0.0,3.568943470213669,0.0,0.2726855537057231,303.1461515118923,303.14615200009,303.14615200009,0.0
4933578.240048066,0.0,3.568943470213669,0.0,0.2726855537057231,303.1461515118923,303.14615200009,303.14615200009,0.0
4933716.4800961325,0.0,3.568943470213669,0.0,0.2726855537057231,303.1461515118923,303.14615200009,303.14615200009,0.0
4933800.0,0.0,3.568943470213669,0.0,0.2726855537057231,303.1461515118923,303.14615200009,303.14615200009,0.0
4933801.800000751,0.0,3.568943470213669,0.0,0.2726855537057231,303.1461515118923,303.14615200009,303.14615200009,0.0
4933803.600001502,0.0,3.568943470213669,0.0,0.2726855537057231,303.1461515118923,303.14615200009,303.14615200009,0.0
4933807.200003004,0.0,3.568943470213669,0.0,0.2726855537057231,303.1461515118923,303.14615200009,303.14615200009,0.0
4933814.400006008,0.0,3.568943470213669,0.0,0.2726855537057231,303.1461515118923,303.14615200009,303.14615200009,0.0
4933828.800012017,0.0,3.568943470213669,0.0,0.2726855537057231,303.1461515118923,303.14615200009,303.14615200009,0.0
4933857.600024033,0.0,3.568943470213669,0.0,0.2726855537057231,303.1461515118923,303.14615200009,303.14615200009,0.0
4933915.200048066,0.0,3.568943470213669,0.0,0.2726855537057231,303.1461515118923,303.14615200009,303.14615200009,0.0
4934030.400096132,0.0,3.568943470213669,0.0,0.2726855537057231,303.1461515118923,303.14615200009,303.14615200009,0.0
4934160.0,0.0,3.568943470213669,0.0,0.2726855537057231,303.1461515118923,303.14615200009,303.14615200009,0.0
4934161.440000751,0.0,3.568943470213669,0.0,0.2726855537057231,303.1461515118923,303.14615200009,303.14615200009,0.0
4934162.880001502,0.0,3.568943470213669,0.0,0.2726855537057231,303.1461515118923,303.14615200009,303.14615200009,0.0
4934165.760003004,0.0,3.568943470213669,0.0,0.2726855537057231,303.1461515118923,303.14615200009,303.14615200009,0.0
4934171.520006008,0.0,3.568943470213669,0.0,0.2726855537057231,303.1461515118923,303.14615200009,303.14615200009,0.0
4934183.040012017,0.0,3.568943470213669,0.0,0.2726855537057231,303.1461515118923,303.14615200009,303.14615200009,0.0
4934206.080024033,0.0,3.568943470213669,0.0,0.2726855537057231,303.1461515118923,303.14615200009,303.14615200009,0.0
4934252.160048066,0.0,3.568943470213669,0.0,0.2726855537057231,303.1461515118923,303.14615200009,303.14615200009,0.0
4934344.320096132,0.0,3.568943470213669,0.0,0.2726855537057231,303.1461515118923,303.14615200009,303.14615200009,0.0
4934520.0,0.0,3.5689434702136684,0.0,0.2726855537057231,303.1461515118923,303.14615200009,303.14615200009,0.0
4934521.080000751,0.0,3.5689434702136684,0.0,0.2726855537057231,303.1461515118923,303.14615200009,303.14615200009,0.0
4934522.160001502,0.0,3.5689434702136684,0.0,0.2726855537057231,303.1461515118923,303.14615200009,303.14615200009,0.0
4934524.320003004,0.0,3.5689434702136684,0.0,0.2726855537057231,303.1461515118923,303.14615200009,303.14615200009,0.0
4934528.640006009,0.0,3.5689434702136684,0.0,0.2726855537057231,303.1461515118923,303.14615200009,303.14615200009,0.0
4934537.280012016,0.0,3.5689434702136684,0.0,0.2726855537057231,303.1461515118923,303.14615200009,303.14615200009,0.0
4934554.560024033,0.0,3.5689434702136684,0.0,0.2726855537057231,303.1461515118923,303.14615200009,303.14615200009,0.0
4934589.120048067,0.0,3.5689434702136684,0.0,0.2726855537057231,303.1461515118923,303.14615200009,303.14615200009,0.0
4934658.240096132,0.0,3.5689434702136684,0.0,0.2726855537057231,303.1461515118923,303.14615200009,303.14615200009,0.0
4934796.480192265,0.0,3.5689434702136684,0.0,0.2726855537057231,303.1461515118923,303.14615200009,303.14615200009,0.0
4934880.0,0.0,3.5689434702136684,0.0,0.2726855537057231,303.1461515118923,303.14615200009,303.14615200009,0.0
4934880.720000751,0.0,3.5689434702136684,0.0,0.2726855537057231,303.1461515118923,303.14615200009,303.14615200009,0.0
4934881.440001502,0.0,3.5689434702136684,0.0,0.2726855537057231,303.1461515118923,303.14615200009,303.14615200009,0.0
4934882.880003004,0.0,3.5689434702136684,0.0,0.2726855537057231,303.1461515118923,303.14615200009,303.14615200009,0.0
4934885.760006009,0.0,3.5689434702136684,0.0,0.2726855537057231,303.1461515118923,303.14615200009,303.14615200009,0.0
4934891.520012016,0.0,3.5689434702136684,0.0,0.2726855537057231,303.1461515118923,303.14615200009,303.14615200009,0.0
4934903.040024033,0.0,3.5689434702136684,0.0,0.2726855537057231,303.1461515118923,303.14615200009,303.14615200009,0.0
4934926.080048067,0.0,3.5689434702136684,0.0,0.2726855537057231,303.1461515118923,303.14615200009,303.14615200009,0.0
4934972.160096132,0.0,3.5689434702136684,0.0,0.2726855537057231,303.1461515118923,303.14615200009,303.14615200009,0.0
4935064.320192264,0.0,3.5689434702136684,0.0,0.2726855537057231,303.1461515118923,303.14615200009,303.14615200009,0.0
4935240.0,0.0,3.5689434702136684,0.0,0.2726855537057231,303.1461515118923,303.14615200009,303.14615200009,0.0
4935240.360000751,0.0,3.5689434702136684,0.0,0.2726855537057231,303.1461515118923,303.14615200009,303.14615200009,0.0
4935240.720001502,0.0,3.5689434702136684,0.0,0.2726855537057231,303.1461515118923,303.14615200009,303.14615200009,0.0
4935241.440003004,0.0,3.5689434702136684,0.0,0.2726855537057231,303.1461515118923,303.14615200009,303.14615200009,0.0
4935242.880006008,0.0,3.5689434702136684,0.0,0.2726855537057231,303.1461515118923,303.14615200009,303.14615200009,0.0
4935245.760012017,0.0,3.5689434702136684,0.0,0.2726855537057231,303.1461515118923,303.14615200009,303.14615200009,0.0
4935251.520024033,0.0,3.5689434702136684,0.0,0.2726855537057231,303.1461515118923,303.14615200009,303.14615200009,0.0
4935263.0400480665,0.0,3.5689434702136684,0.0,0.2726855537057231,303.1461515118923,303.14615200009,303.14615200009,0.0
4935286.080096132,0.0,3.5689434702136684,0.0,0.2726855537057231,303.1461515118923,303.14615200009,303.14615200009,0.0
4935332.160192264,0.0,3.5689434702136684,0.0,0.2726855537057231,303.1461515118923,303.14615200009,303.14615200009,0.0
4935424.320384529,0.0,3.568943470213669,0.0,0.2726855537057231,303.1461515118923,303.14615200009,303.14615200009,0.0
4935600.0,0.0,3.568943470213669,0.0,0.2726855537057231,303.1461515118923,303.14615200009,303.14615200009,0.0
4939200.0,-2.5,3.620627562962325,0.12921023191051226,0.27268555370572334,304.0630160679207,303.74555499999445,303.8917313661203,12.218677682411217
4939200.001023714,-2.5,3.620629161093186,0.12921008586851193,0.2726857036555185,304.0630160679207,303.74555499999445,303.8917313661203,12.218677682411217
4939200.002047428,-2.5,3.6206307587304263,0.12920993989730942,0.27268585360531383,304.0630160679207,303.74555499999445,303.8917313661203,12.218677682411217
4939200.004094857,-2.5,3.6206339528065428,0.12920964812746547,0.27268615350490466,304.0630160679207,303.74555499999445,303.8917313661203,12.218677682411217
4939200.008189714,-2.5,3.6206403349472454,0.12920906544949587,0.2726867533040863,304.0630160679207,303.74555499999445,303.8917313661203,12.218677682411217
4939200.016379426,-2.5,3.6206530764610148,0.12920790335815174,0.2726879529024495,304.0630160679207,303.74555499999445,303.8917313661203,12.218677682411217
4939200.032758853,-2.5,3.6206784663087324,0.12920559251704566,0.2726903520991759,304.0630160679207,303.74555499999445,303.8917313661203,12.218677682411217
4939200.065517706,-2.5,3.6207288801435102,0.12920102312158543,0.2726951504926288,304.0630160679207,303.74555499999445,303.8917313661203,12.218677682411217
4939200.131035412,-2.5,3.6208282914654664,0.1291920859830163,0.27270474727953464,304.0630160679207,303.74555499999445,303.8917313661203,12.218677682411217
4939200.262070824,-2.5,3.621021813277021,0.12917496074669393,0.27272394085334606,304.0630160679207,303.74555499999445,303.8917313661203,12.218677682411217
4939200.393106236,-2.5,3.6212087052582382,0.1291587645727726,0.2727431344271576,304.0630160679207,303.74555499999445,303.8917313661203,12.218677682411217
4939200.524141648,-2.5,3.6213895326300043,0.12914340831184262,0.2727623280009691,304.0630160679207,303.74555499999445,303.8917313661203,12.218677682411217
4939200.65517706,-2.5,3.621564818605131,0.12912880987425154,0.2727815215747805,304.0630160679207,303.74555499999445,303.8917313661203,12.218677682411217
4939200.917247884,-2.5,3.6219004042417473,0.12910163041222256,0.2728199087224036,304.0630160679207,303.74555499999445,303.8917313661203,12.218677682411217
4939201.179318708,-2.5,3.6222187494653095,0.1290767158587307,0.2728582958700265,304.0630160679207,303.74555499999445,303.8917313661203,12.218677682411217
4939201.488508856,-2.5,3.6225756633799673,0.1290496972107427,0.2729035848787911,304.0630160679207,303.74555499999445,303.8917313661203,12.218677682411217
4939201.7976990035,-2.5,3.6229155011011143,0.12902477421967243,0.2729488738875555,304.0630160679207,303.74555499999445,303.8917313661203,12.218677682411217
4939202.106889151,-2.5,3.6232407517351115,0.12900157403580417,0.27299416289632006,304.0630160679207,303.74555499999445,303.8917313661203,12.218677682411217
4939202.416079299,-2.5,3.6235533176916315,0.12897981636906197,0.2730394519050846,304.0630160679207,303.74555499999445,303.8917313661203,12.218677682411217
4939202.725269446,-2.5,3.6238547041899176,0.12895928333995854,0.27308474091384904,304.0630160679207,303.74555499999445,303.8917313661203,12.218677682411217
4939203.034459595,-2.5,3.6241461625364844,0.12893979686180568,0.2731300299226136,304.0630160679207,303.74555499999445,303.8917313661203,12.218677682411217
4939203.343649742,-2.5,3.624428683628074,0.12892121914830548,0.27317531893137803,304.0630160679207,303.74555499999445,303.8917313661203,12.218677682411217
4939203.962030037,-2.5,3.624970173753416,0.12888634703311977,0.2732658969489071,304.0630160679207,303.74555499999445,303.8917313661203,12.218677682411217
4939204.580410333,-2.5,3.6254842855641596,0.1288539955223235,0.2733564749664362,304.0630160679207,303.74555499999445,303.8917313661203,12.218677682411217
4939205.356350571,-2.5,3.6260961288262568,0.12881628992656793,0.27347013177119806,304.0630160679207,303.74555499999445,303.8917313661203,12.218677682411217
4939206.054696786,-2.5,3.6266198495917132,0.1287845359614386,0.27357242289548367,304.0630160679207,303.74555499999445,303.8917313661203,12.218677682411217
4939206.753043001,-2.5,3.6271213210386133,0.12875448311232623,0.2736747140197693,304.0630160679207,303.74555499999445,303.8917313661203,12.218677682411217
4939207.451389215,-2.5,3.6276031646719815,0.12872585605357353,0.273777005144055,304.0630160679207,303.74555499999445,303.8917313661203,12.218677682411217
4939208.149735429,-2.5,3.62806735593092,0.1286984639670476,0.2738792962683406,304.0630160679207,303.74555499999445,303.8917313661203,12.218677682411217
4939208.848081644,-2.5,3.6285155848891493,0.1286721523871041,0.27398158739262624,304.0630160679207,303.74555499999445,303.8917313661203,12.218677682411217
4939209.546427858,-2.5,3.628949247829044,0.1286468007719976,0.27408387851691185,304.0630160679207,303.74555499999445,303.8917313661203,12.218677682411217
4939210.943120288,-2.5,3.6297778386699795,0.12859856288173407,0.2742884607654831,304.0630160679207,303.74555499999445,303.8917313661203,12.218677682411217
4939212.200143473,-2.5,3.6304846156939568,0.12855756119917208,0.2744725847891971,304.0630160679207,303.74555499999445,303.8917313661203,12.218677682411217
4939213.45716666,-2.5,3.631159246478035,0.1285184982036138,0.27465670881291115,304.0630160679207,303.74555499999445,303.8917313661203,12.218677682411217
4939214.714189846,-2.5,3.631805597861181,0.12848110070812116,0.2748408328366253,304.0630160679207,303.74555499999445,303.8917313661203,12.218677682411217
4939215.971213032,-2.5,3.6324269283603305,0.12844514688108977,0.27502495686033934,304.0630160679207,303.74555499999445,303.8917313661203,12.218677682411217
4939217.228236218,-2.5,3.63302594318007,0.12841046163509054,0.2752090808840534,304.0630160679207,303.74555499999445,303.8917313661203,12.218677682411217
4939219.74228259,-2.5,3.6341659030811333,0.12834434614662385,0.27557732893148157,304.0630160679207,303.74555499999445,303.8917313661203,12.218677682411217
4939222.004924325,-2.5,3.63513504193251,0.12828800381613584,0.275908752174167,304.0630160679207,303.74555499999445,303.8917313661203,12.218677682411217
4939224.267566061,-2.5,3.6360586421427485,0.12823417866584363,0.2762401754168523,304.0630160679207,303.74555499999445,303.8917313661203,12.218677682411217
4939226.530207795,-2.5,3.636943034368111,0.12818250883807453,0.27657159865953773,304.0630160679207,303.74555499999445,303.8917313661203,12.218677682411217
4939228.7928495305,-2.5,3.63779334144389,0.1281327053537106,0.27690302190222316,304.0630160679207,303.74555499999445,303.8917313661203,12.218677682411217
4939231.055491266,-2.5,3.63861371469338,0.12808453881330997,0.27723444514490847,304.0630160679207,303.74555499999445,303.8917313661203,12.218677682411217
4939233.318133,-2.5,3.6394075519825937,0.12803782428329438,0.2775658683875939,304.0630160679207,303.74555499999445,303.8917313661203,12.218677682411217
4939235.580774736,-2.5,3.640177654781947,0.12799241007604273,0.2778972916302793,304.0630160679207,303.74555499999445,303.8917313661203,12.218677682411217
4939240.1060582055,-2.5,3.6416557937110183,0.12790498762572258,0.27856013811565006,304.0630160679207,303.74555499999445,303.8917313661203,12.218677682411217
4939244.631341675,-2.5,3.6430634609151005,0.1278214366953713,0.2792229846010209,304.0630160679207,303.74555499999445,303.8917313661203,12.218677682411217
4939249.156625146,-2.5,3.64441202412704,0.12774114021085475,0.27988583108639165,304.0630160679207,303.74555499999445,303.8917313661203,12.218677682411217
4939253.681908616,-2.5,3.645709734662694,0.1276636552133686,0.2805486775717624,304.0630160679207,303.74555499999445,303.8917313661203,12.218677682411217
4939258.207192086,-2.5,3.6469630501251986,0.12758862858118306,0.28121152405713323,304.0630160679207,303.74555499999445,303.8917313661203,12.218677682411217
4939262.7324755555,-2.5,3.6481777546716745,0.12751573676135186,0.28187437054250397,304.0630160679207,303.74555499999445,303.8917313661203,12.218677682411217
4939267.257759026,-2.5,3.6493587981449713,0.1274447096142102,0.2825372170278747,304.0630160679207,303.74555499999445,303.8917313661203,12.218677682411217
4939271.783042496,-2.5,3.650509522312522,0.127375372105003,0.28320006351324556,304.0630160679207,303.74555499999445,303.8917313661203,12.218677682411217
4939276.308325966,-2.5,3.651632130878562,0.12730759943061115,0.2838629099986163,304.0630160679207,303.74555499999445,303.8917313661203,12.218677682411217
4939280.833609436,-2.5,3.652729303197708,0.12724123055813352,0.28452575648398704,304.0630160679207,303.74555499999445,303.8917313661203,12.218677682411217
4939285.358892906,-2.5,3.653804474195482,0.12717607894871694,0.2851886029693579,304.0630160679207,303.74555499999445,303.8917313661203,12.218677682411217
4939289.884176376,-2.5,3.6548599239944353,0.1271120369934164,0.2858514494547286,304.0630160679207,303.74555499999445,303.8917313661203,12.218677682411217
4939294.409459846,-2.5,3.655895833778485,0.12704908387662125,0.2865142959400995,304.0630160679207,303.74555499999445,303.8917313661203,12.218677682411217
4939298.934743316,-2.5,3.656913311462217,0.1269871474739469,0.2871771424254702,304.0630160679207,303.74555499999445,303.8917313661203,12.218677682411217
4939303.460026787,-2.5,3.6579141741749766,0.12692612732620281,0.28783998891084095,304.0630160679207,303.74555499999445,303.8917313661203,12.218677682411217
4939307.9853102565,-2.5,3.6588999797155046,0.1268659415771415,0.2885028353962118,304.0630160679207,303.74555499999445,303.8917313661203,12.218677682411217
4939312.510593726,-2.5,3.659871744566627,0.1268065354899445,0.28916568188158254,304.0630160679207,303.74555499999445,303.8917313661203,12.218677682411217
4939317.035877196,-2.5,3.660830209628247,0.12674786646905403,0.2898285283669533,304.0630160679207,303.74555499999445,303.8917313661203,12.218677682411217
4939321.561160667,-2.5,3.6617760898648366,0.12668989294663355,0.2904913748523241,304.0630160679207,303.74555499999445,303.8917313661203,12.218677682411217
4939326.086444137,-2.5,3.6627101274592797,0.1266325733666263,0.29115422133769486,304.0630160679207,303.74555499999445,303.8917313661203,12.218677682411217
4939335.137011076,-2.5,3.6645452327602346,0.12651975356836992,0.29247991430843634,304.0630160679207,303.74555499999445,303.8917313661203,12.218677682411217
4939343.282521322,-2.5,3.666162437473599,0.12642011369154915,0.29367303798210376,304.0630160679207,303.74555499999445,303.8917313661203,12.218677682411217
4939351.428031568,-2.5,3.6677499951788533,0.1263221105354722,0.29486616165577106,304.0630160679207,303.74555499999445,303.8917313661203,12.218677682411217
4939359.573541814,-2.5,3.6693103120222483,0.12622561307511843,0.2960592853294385,304.0630160679207,303.74555499999445,303.8917313661203,12.218677682411217
4939367.719052061,-2.5,3.6708454538940893,0.12613051016969523,0.2972524090031058,304.0630160679207,303.74555499999445,303.8917313661203,12.218677682411217
4939375.8645623075,-2.5,3.6723572123714816,0.1260367069409804,0.2984455326767732,304.0630160679207,303.74555499999445,303.8917313661203,12.218677682411217
4939384.0100725535,-2.5,3.6738471881776533,0.12594412044124823,0.2996386563504405,304.0630160679207,303.74555499999445,303.8917313661203,12.218677682411217
4939392.1555828,-2.5,3.6753167456917284,0.1258526812651129,0.3008317800241079,304.0630160679207,303.74555499999445,303.8917313661203,12.218677682411217
4939400.301093046,-2.5,3.67676709370176,0.1257623294159251,0.30202490369777524,304.0630160679207,303.74555499999445,303.8917313661203,12.218677682411217
4939408.446603292,-2.5,3.6781993082213806,0.12567301290775443,0.3032180273714426,304.0630160679207,303.74555499999445,303.8917313661203,12.218677682411217
4939424.737623784,-2.5,3.6810131992751183,0.1254973062710081,0.3056042747187774,304.0630160679207,303.74555499999445,303.8917313661203,12.218677682411217
4939439.399542226,-2.5,3.6834926211174293,0.12534230528310028,0.3077518973313786,304.0630160679207,303.74555499999445,303.8917313661203,12.218677682411217
4939454.061460669,-2.5,3.6859260399792424,0.1251900953410381,0.3098995199439798,304.0630160679207,303.74555499999445,303.8917313661203,12.218677682411217
4939468.723379113,-2.5,3.6883170531940737,0.12504053654065425,0.312047142556581,304.0630160679207,303.74555499999445,303.8917313661203,12.218677682411217
4939483.3852975555,-2.5,3.6906688760398367,0.12489351247790982,0.3141947651691822,304.0630160679207,303.74555499999445,303.8917313661203,12.218677682411217
4939498.047215998,-2.5,3.6929843698852984,0.12474892740010438,0.3163423877817835,304.0630160679207,303.74555499999445,303.8917313661203,12.218677682411217
4939512.709134442,-2.5,3.69526607977352,0.1246067032116218,0.3184900103943847,304.0630160679207,303.74555499999445,303.8917313661203,12.218677682411217
4939532.748657107,-2.5,3.698334266429844,0.12441601356039715,0.32142532422730385,304.0630160679207,303.74555499999445,303.8917313661203,12.218677682411217
4939552.788179773,-2.5,3.7013492384309172,0.1242294669493492,0.324360638060223,304.0630160679207,303.74555499999445,303.8917313661203,12.218677682411217
4939560.0,-2.5,3.702422221004786,0.12416332310893166,0.32541699833515925,304.0630160679207,303.74555499999445,303.8917313661203,12.218677682411217
4939560.001803276,-2.5,3.70242248853728,0.12416330663475068,0.325417262472248,304.0630160679207,303.74555499999445,303.8917313661203,12.218677682411217
4939560.003606552,-2.5,3.702422756069394,0.12416329016060193,0.3254175266093368,304.0630160679207,303.74555499999445,303.8917313661203,12.218677682411217
4939560.0072131045,-2.5,3.7024232911326567,0.12416325721239972,0.3254180548835144,304.0630160679207,303.74555499999445,303.8917313661203,12.218677682411217
4939560.014426208,-2.5,3.7024243612546335,0.12416319131638255,0.3254191114318695,304.0630160679207,303.74555499999445,303.8917313661203,12.218677682411217
4939560.028852417,-2.5,3.7024265014810105,0.12416305952589142,0.3254212245285798,304.0630160679207,303.74555499999445,303.8917313661203,12.218677682411217
4939560.057704834,-2.5,3.702430781861828,0.12416279595109622,0.3254254507220004,304.0630160679207,303.74555499999445,303.8917313661203,12.218677682411217
4939560.115409669,-2.5,3.7024393423360182,0.12416226882625116,0.32543390310884157,304.0630160679207,303.74555499999445,303.8917313661203,12.218677682411217
4939560.230819336,-2.5,3.702456462133696,0.12416121467554507,0.3254508078825239,304.0630160679207,303.74555499999445,303.8917313661203,12.218677682411217
4939560.461638672,-2.5,3.7024906971297313,0.12415910676999484,0.3254846174298886,304.0630160679207,303.74555499999445,303.8917313661203,12.218677682411217
4939560.9232773455,-2.5,3.7025591487524845,0.12415489254174845,0.32555223652461807,304.0630160679207,303.74555499999445,303.8917313661203,12.218677682411217
4939561.84655469,-2.5,3.7026959787535705,0.12414647041184788,0.3256874747140769,304.0630160679207,303.74555499999445,303.8917313661203,12.218677682411217
4939563.693109381,-2.5,3.702969347634042,0.12412965142007508,0.3259579510929945,304.0630160679207,303.74555499999445,303.8917313661203,12.218677682411217
4939567.386218761,-2.5,3.703514935625319,0.12409611420676117,0.32649890385082986,304.0630160679207,303.74555499999445,303.8917313661203,12.218677682411217
4939574.772437523,-2.5,3.704601628143353,0.12402944052187666,0.3275808093665006,304.0630160679207,303.74555499999445,303.8917313661203,12.218677682411217
4939589.544875046,-2.5,3.7067579736067247,0.12389767847889481,0.3297446203978421,304.0630160679207,303.74555499999445,303.8917313661203,12.218677682411217
4939604.317312568,-2.5,3.708892902002496,0.12376800230057626,0.3319084314291835,304.0630160679207,303.74555499999445,303.8917313661203,12.218677682411217
4939619.089750092,-2.5,3.711008099581923,0.12364037886396205,0.33407224246052497,304.0630160679207,303.74555499999445,303.8917313661203,12.218677682411217
4939633.862187615,-2.5,3.71310524013302,0.123514776988183,0.33623605349186647,304.0630160679207,303.74555499999445,303.8917313661203,12.218677682411217
4939663.407062661,-2.5,3.7172514693414946,0.12326952606874435,0.34056367555454936,304.0630160679207,303.74555499999445,303.8917313661203,12.218677682411217
4939689.997450202,-2.5,3.720937040936512,0.12305543944962123,0.34445853541096394,304.0630160679207,303.74555499999445,303.8917313661203,12.218677682411217
4939716.587837744,-2.5,3.724588226567467,0.12284749438963702,0.3483533952673785,304.0630160679207,303.74555499999445,303.8917313661203,12.218677682411217
4939743.178225284,-2.5,3.728213124613299,0.12264556319974682,0.3522482551237931,304.0630160679207,303.74555499999445,303.8917313661203,12.218677682411217
4939769.768612826,-2.5,3.731819106695942,0.12244952925458975,0.3561431149802077,304.0630160679207,303.74555499999445,303.8917313661203,12.218677682411217
4939796.359000367,-2.5,3.7354130055968446,0.12225928346576358,0.36003797483662225,304.0630160679207,303.74555499999445,303.8917313661203,12.218677682411217
4939822.949387908,-2.5,3.7390011744403613,0.12207472291614986,0.36393283469303683,304.0630160679207,303.74555499999445,303.8917313661203,12.218677682411217
4939849.53977545,-2.5,3.7425893942372968,0.12189575083767915,0.3678276945494514,304.0630160679207,303.74555499999445,303.8917313661203,12.218677682411217
4939902.720550532,-2.5,3.7497858886665,0.12155421371958831,0.3756174142622807,304.0630160679207,303.74555499999445,303.8917313661203,12.218677682411217
4939920.0,-2.5,3.7521342654771055,0.12144786302750891,0.3781484429645861,304.0630160679207,303.74555499999445,303.8917313661203,12.218677682411217
4939920.001982695,-2.5,3.7521345352949913,0.1214478509528681,0.3781487333823279,304.0630160679207,303.74555499999445,303.8917313661203,12.218677682411217
4939920.003965391,-2.5,3.7521348051129624,0.12144783887825676,0.37814902380006965,304.0630160679207,303.74555499999445,303.8917313661203,12.218677682411217
4939920.007930781,-2.5,3.7521353447492283,0.12144781472912182,0.37814960463555325,304.0630160679207,303.74555499999445,303.8917313661203,12.218677682411217
4939920.015861562,-2.5,3.752136424022767,0.1214477664312044,0.37815076630652045,304.0630160679207,303.74555499999445,303.8917313661203,12.218677682411217
4939920.031723125,-2.5,3.7521385825741507,0.12144766983677809,0.37815308964845484,304.0630160679207,303.74555499999445,303.8917313661203,12.218677682411217
4939920.06344625,-2.5,3.7521428996934656,0.12144747665356236,0.3781577363323235,304.0630160679207,303.74555499999445,303.8917313661203,12.218677682411217
4939920.126892499,-2.5,3.7521515339983535,0.12144709030967764,0.378167029700061,304.0630160679207,303.74555499999445,303.8917313661203,12.218677682411217
4939920.253784997,-2.5,3.75216880287279,0.1214463177120939,0.378185616435536,304.0630160679207,303.74555499999445,303.8917313661203,12.218677682411217
4939920.507569995,-2.5,3.7522033416814784,0.1214447728776401,0.3782227899064859,304.0630160679207,303.74555499999445,303.8917313661203,12.218677682411217
4939921.01513999,-2.5,3.7522724235474016,0.12144168465135442,0.3782971368483857,304.0630160679207,303.74555499999445,303.8917313661203,12.218677682411217
4939922.03027998,-2.5,3.752410604351274,0.12143551396739789,0.3784458307321853,304.0630160679207,303.74555499999445,303.8917313661203,12.218677682411217
4939924.060559959,-2.5,3.7526870348648997,0.1214231956589878,0.37874321849978454,304.0630160679207,303.74555499999445,303.8917313661203,12.218677682411217
4939928.121119919,-2.5,3.753240176368956,0.12139865116104172,0.379337994034983,304.0630160679207,303.74555499999445,303.8917313661203,12.218677682411217
4939936.2422398385,-2.5,3.754347618630123,0.12134992969585084,0.3805275451053799,304.0630160679207,303.74555499999445,303.8917313661203,12.218677682411217
4939952.484479676,-2.5,3.756567415298624,0.12125394945952844,0.3829066472461737,304.0630160679207,303.74555499999445,303.8917313661203,12.218677682411217
4939968.7267195145,-2.5,3.758794111675201,0.12115990607155326,0.3852857493869675,304.0630160679207,303.74555499999445,303.8917313661203,12.218677682411217
4939984.968959353,-2.5,3.761028088966066,0.12106778368595103,0.3876648515277613,304.0630160679207,303.74555499999445,303.8917313661203,12.218677682411217
4940001.211199191,-2.5,3.7632696367813883,0.12097756690957628,0.39004395366855515,304.0630160679207,303.74555499999445,303.8917313661203,12.218677682411217
4940033.695678867,-2.5,3.767775975552329,0.1208027913492377,0.3948021579501428,304.0630160679207,303.74555499999445,303.8917313661203,12.218677682411217
4940066.180158543,-2.5,3.772313423381781,0.12063546539206492,0.39956036223173036,304.0630160679207,303.74555499999445,303.8917313661203,12.218677682411217
4940098.66463822,-2.5,3.7768807945070337,0.12047548167334977,0.404318566513318,304.0630160679207,303.74555499999445,303.8917313661203,12.218677682411217
4940131.149117896,-2.5,3.78147527279102,0.12032273973598842,0.4090767707949056,304.0630160679207,303.74555499999445,303.8917313661203,12.218677682411217
4940163.633597573,-2.5,3.7860924931563256,0.12017714564095479,0.41383497507649325,304.0630160679207,303.74555499999445,303.8917313661203,12.218677682411217
4940228.602556926,-2.5,3.7953715589215027,0.11990705376415219,0.42335138363966857,304.0630160679207,303.74555499999445,303.8917313661203,12.218677682411217
4940280.0,-2.5,3.802722845022058,0.11971296740911302,0.4308798875940144,304.0630160679207,303.74555499999445,303.8917313661203,12.218677682411217
4940280.002130331,-2.5,3.8027231494053417,0.11971295971861079,0.43088019963678775,304.0630160679207,303.74555499999445,303.8917313661203,12.218677682411217
4940280.004260661,-2.5,3.8027234537885843,0.11971295202813777,0.4308805116795611,304.0630160679207,303.74555499999445,303.8917313661203,12.218677682411217
4940280.008521321,-2.5,3.802724062554964,0.11971293664727915,0.4308811357651077,304.0630160679207,303.74555499999445,303.8917313661203,12.218677682411217
4940280.017042643,-2.5,3.8027252800871736,0.11971290588591221,0.43088238393620104,304.0630160679207,303.74555499999445,303.8917313661203,12.218677682411217
4940280.034085286,-2.5,3.8027277151495182,0.1197128443645792,0.4308848802783876,304.0630160679207,303.74555499999445,303.8917313661203,12.218677682411217
4940280.068170572,-2.5,3.802732585265639,0.11971272132751713,0.43088987296276077,304.0630160679207,303.74555499999445,303.8917313661203,12.218677682411217
4940280.136341144,-2.5,3.8027423254635493,0.11971247527580833,0.4308998583315071,304.0630160679207,303.74555499999445,303.8917313661203,12.218677682411217
4940280.272682289,-2.5,3.8027618057215604,0.11971198326205058,0.43091982906899984,304.0630160679207,303.74555499999445,303.8917313661203,12.218677682411217
4940280.545364577,-2.5,3.802800765684136,0.11971099959315719,0.43095977054398527,304.0630160679207,303.74555499999445,303.8917313661203,12.218677682411217
4940281.090729154,-2.5,3.802878683377735,0.11970903368971905,0.4310396534939561,304.0630160679207,303.74555499999445,303.8917313661203,12.218677682411217
4940282.181458307,-2.5,3.803034509698494,0.11970510761911868,0.43119941939389783,304.0630160679207,303.74555499999445,303.8917313661203,12.218677682411217
4940284.362916615,-2.5,3.8033461249516316,0.11969727841409074,0.43151895119378125,304.0630160679207,303.74555499999445,303.8917313661203,12.218677682411217
4940288.725833231,-2.5,3.8039691969053875,0.11968171167760619,0.43215801479354804,304.0630160679207,303.74555499999445,303.8917313661203,12.218677682411217
4940297.45166646,-2.5,3.8052146343272675,0.11965094433516123,0.43343614199308167,304.0630160679207,303.74555499999445,303.8917313661203,12.218677682411217
4940314.903332922,-2.5,3.8077021014562678,0.11959086974456469,0.435992396392149,304.0630160679207,303.74555499999445,303.8917313661203,12.218677682411217
4940332.354999382,-2.5,3.8101838629059928,0.11953273382920618,0.4385486507912163,304.0630160679207,303.74555499999445,303.8917313661203,12.218677682411217
4940349.806665842,-2.5,3.8126585515194895,0.11947652712284729,0.4411049051902836,304.0630160679207,303.74555499999445,303.8917313661203,12.218677682411217
4940367.258332304,-2.5,3.815124820034602,0.11942224051104676,0.44366115958935093,304.0630160679207,303.74555499999445,303.8917313661203,12.218677682411217
4940402.161665225,-2.5,3.820026797885848,0.11931939296266475,0.4487736683874855,304.0630160679207,303.74555499999445,303.8917313661203,12.218677682411217
4940437.064998146,-2.5,3.824879719895362,0.11922412522442737,0.4538861771856201,304.0630160679207,303.74555499999445,303.8917313661203,12.218677682411217
4940471.968331068,-2.5,3.829674413467571,0.11913637666900016,0.45899868598375465,304.0630160679207,303.74555499999445,303.8917313661203,12.218677682411217
4940522.257906907,-2.5,3.8364641359712226,0.11902305785666305,0.4663649137165792,304.0630160679207,303.74555499999445,303.8917313661203,12.218677682411217
4940572.547482747,-2.5,3.8430966787372403,0.1189250879916459,0.4737311414494037,304.0630160679207,303.74555499999445,303.8917313661203,12.218677682411217
4940622.837058586,-2.5,3.8495586958206407,0.11884234113097758,0.48109736918222823,304.0630160679207,303.74555499999445,303.8917313661203,12.218677682411217
4940640.0,-2.5,3.851723648349263,0.11881756581884213,0.4836113322234385,304.0630160679207,303.74555499999445,303.8917313661203,12.218677682411217
4940640.002242455,-2.5,3.8517239298574917,0.11881756269664663,0.48361166068990336,304.0630160679207,303.74555499999445,303.8917313661203,12.218677682411217
4940640.004484911,-2.5,3.8517242113653665,0.11881755957448119,0.48361198915636816,304.0630160679207,303.74555499999445,303.8917313661203,12.218677682411217
4940640.008969823,-2.5,3.851724774380055,0.1188175533302402,0.4836126460892979,304.0630160679207,303.74555499999445,303.8917313661203,12.218677682411217
4940640.017939646,-2.5,3.8517259004051683,0.11881754084211824,0.48361395995515727,304.0630160679207,303.74555499999445,303.8917313661203,12.218677682411217
4940640.035879291,-2.5,3.851728152438338,0.11881751586731379,0.4836165876868761,304.0630160679207,303.74555499999445,303.8917313661203,12.218677682411217
4940640.071758581,-2.5,3.8517326564364143,0.1188174659234636,0.4836218431503137,304.0630160679207,303.74555499999445,303.8917313661203,12.218677682411217
4940640.143517164,-2.5,3.851741664159474,0.1188173660587973,0.4836323540771889,304.0630160679207,303.74555499999445,303.8917313661203,12.218677682411217
4940640.287034326,-2.5,3.8517596785131425,0.11881716642160066,0.4836533759309393,304.0630160679207,303.74555499999445,303.8917313661203,12.218677682411217
4940640.574068653,-2.5,3.8517957028505454,0.11881676751574365,0.48369541963844015,304.0630160679207,303.74555499999445,303.8917313661203,12.218677682411217
4940641.148137307,-2.5,3.8518677340447662,0.11881597117811711,0.4837795070534418,304.0630160679207,303.74555499999445,303.8917313661203,12.218677682411217
4940642.296274613,-2.5,3.8520117265048412,0.11881438439875133,0.4839476818834451,304.0630160679207,303.74555499999445,303.8917313661203,12.218677682411217
4940644.592549225,-2.5,3.8522994316688317,0.11881123441988785,0.4842840315434517,304.0630160679207,303.74555499999445,303.8917313661203,12.218677682411217
4940649.185098452,-2.5,3.852873722716802,0.1188050287524648,0.48495673086346486,304.0630160679207,303.74555499999445,303.8917313661203,12.218677682411217
4940658.370196903,-2.5,3.8540178270084793,0.1187929943499851,0.4863021295034912,304.0630160679207,303.74555499999445,303.8917313661203,12.218677682411217
4940676.740393806,-2.5,3.8562881404028735,0.11877043151532542,0.488992926783544,304.0630160679207,303.74555499999445,303.8917313661203,12.218677682411217
4940713.480787612,-2.5,3.8607576500208167,0.1187313167899119,0.4943745213436495,304.0630160679207,303.74555499999445,303.8917313661203,12.218677682411217
4940750.221181418,-2.5,3.865134005481954,0.11870019522506976,0.49975611590375496,304.0630160679207,303.74555499999445,303.8917313661203,12.218677682411217
4940786.961575223,-2.5,3.8694205791749665,0.11867704572084714,0.5051377104638605,304.0630160679207,303.74555499999445,303.8917313661203,12.218677682411217
4940823.701969029,-2.5,3.8736221101596806,0.11866185246201558,0.5105193050239659,304.0630160679207,303.74555499999445,303.8917313661203,12.218677682411217
4940897.182756641,-2.5,3.881794772181159,0.11865529762301082,0.5212824941441769,304.0630160679207,303.74555499999445,303.8917313661203,12.218677682411217
4940970.6635442525,-2.5,3.8897117671138495,0.11868050837920292,0.5320456832643878,304.0630160679207,303.74555499999445,303.8917313661203,12.218677682411217
4941000.0,-2.5,3.8928172887482813,0.11869945689130604,0.5363427768528661,304.0630160679207,303.74555499999445,303.8917313661203,12.218677682411217
4941000.002302964,-2.5,3.8928175315339324,0.1186994585780737,0.5363431141823329,304.0630160679207,303.74555499999445,303.8917313661203,12.218677682411217
4941000.0046059275,-2.5,3.8928177743194396,0.11869946026487264,0.5363434515117995,304.0630160679207,303.74555499999445,303.8917313661203,12.218677682411217
4941000.009211855,-2.5,3.892818259890019,0.11869946363856439,0.536344126170733,304.0630160679207,303.74555499999445,303.8917313661203,12.218677682411217
4941000.01842371,-2.5,3.8928192310294154,0.11869947038632363,0.5363454754885999,304.0630160679207,303.74555499999445,303.8917313661203,12.218677682411217
4941000.036847421,-2.5,3.8928211733011935,0.11869948388334442,0.5363481741243334,304.0630160679207,303.74555499999445,303.8917313661203,12.218677682411217
4941000.073694842,-2.5,3.892825057816636,0.11869951088339589,0.5363535713958008,304.0630160679207,303.74555499999445,303.8917313661203,12.218677682411217
4941000.147389683,-2.5,3.892832826735132,0.11869956490753814,0.5363643659387355,304.0630160679207,303.74555499999445,303.8917313661203,12.218677682411217
4941000.294779366,-2.5,3.892848364122828,0.1186996730519805,0.5363859550246047,304.0630160679207,303.74555499999445,303.8917313661203,12.218677682411217
4941000.589558733,-2.5,3.8928794371034963,0.11869988972550044,0.5364291331963433,304.0630160679207,303.74555499999445,303.8917313661203,12.218677682411217
4941001.179117464,-2.5,3.8929415759055717,0.11870032461111168,0.5365154895398204,304.0630160679207,303.74555499999445,303.8917313661203,12.218677682411217
4941002.35823493,-2.5,3.8930658250303454,0.11870120053686567,0.5366882022267747,304.0630160679207,303.74555499999445,303.8917313661203,12.218677682411217
4941004.716469859,-2.5,3.89331421062656,0.11870297700848428,0.5370336276006831,304.0630160679207,303.74555499999445,303.8917313661203,12.218677682411217
4941009.432939718,-2.5,3.8938105413716904,0.1187066284483303,0.5377244783485,304.0630160679207,303.74555499999445,303.8917313661203,12.218677682411217
4941018.865879436,-2.5,3.8948015232458983,0.11871432544841508,0.5391061798441339,304.0630160679207,303.74555499999445,303.8917313661203,12.218677682411217
4941037.731758872,-2.5,3.8967774398290707,0.11873129707581657,0.5418695828354017,304.0630160679207,303.74555499999445,303.8917313661203,12.218677682411217
4941075.463517743,-2.5,3.900710692332409,0.11877156119092551,0.5473963888179373,304.0630160679207,303.74555499999445,303.8917313661203,12.218677682411217
4941113.195276615,-2.5,3.9046305584225434,0.11882027613534338,0.5529231948004728,304.0630160679207,303.74555499999445,303.8917313661203,12.218677682411217
4941150.927035486,-2.5,3.9085520603539754,0.11887747463201453,0.5584500007830083,304.0630160679207,303.74555499999445,303.8917313661203,12.218677682411217
4941188.658794358,-2.5,3.912492098219927,0.11894319528597166,0.563976806765544,304.0630160679207,303.74555499999445,303.8917313661203,12.218677682411217
4941264.122312102,-2.5,3.9205077543717417,0.11910038726663037,0.575030418730615,304.0630160679207,303.74555499999445,303.8917313661203,12.218677682411217
4941339.585829845,-2.5,3.928871224754295,0.11929228147524222,0.586084030695686,304.0630160679207,303.74555499999445,303.8917313661203,12.218677682411217
4941360.0,-2.5,3.9312256417782576,0.11935022207948227,0.5890742214822942,304.0630160679207,303.74555499999445,303.8917313661203,12.218677682411217
4941360.002285495,-2.5,3.9312259080680922,0.11935022871104134,0.5890745562530746,304.0630160679207,303.74555499999445,303.8917313661203,12.218677682411217
4941360.004570991,-2.5,3.931226174358563,0.11935023534263287,0.5890748910238551,304.0630160679207,303.74555499999445,303.8917313661203,12.218677682411217
4941360.0091419825,-2.5,3.931226706941384,0.11935024860591328,0.5890755605654161,304.0630160679207,303.74555499999445,303.8917313661203,12.218677682411217
4941360.018283964,-2.5,3.9312277721145885,0.1193502751328636,0.589076899648538,304.0630160679207,303.74555499999445,303.8917313661203,12.218677682411217
4941360.036567928,-2.5,3.931229902491266,0.11935032818832216,0.5890795778147818,304.0630160679207,303.74555499999445,303.8917313661203,12.218677682411217
4941360.073135857,-2.5,3.931234163365658,0.11935043430547071,0.5890849341472695,304.0630160679207,303.74555499999445,303.8917313661203,12.218677682411217
4941360.146271714,-2.5,3.9312426855987495,0.11935064656469427,0.5890956468122448,304.0630160679207,303.74555499999445,303.8917313661203,12.218677682411217
4941360.292543428,-2.5,3.9312597320031535,0.1193510711828487,0.5891170721421956,304.0630160679207,303.74555499999445,303.8917313661203,12.218677682411217
4941360.585086856,-2.5,3.931293832573112,0.11935192081800255,0.589159922802097,304.0630160679207,303.74555499999445,303.8917313661203,12.218677682411217
4941361.170173711,-2.5,3.931362064823607,0.11935362168381444,0.5892456241218997,304.0630160679207,303.74555499999445,303.8917313661203,12.218677682411217
4941362.340347422,-2.5,3.9314986542957775,0.11935702979845027,0.5894170267615054,304.0630160679207,303.74555499999445,303.8917313661203,12.218677682411217
4941364.680694845,-2.5,3.931772337371047,0.11936387156775091,0.5897598320407167,304.0630160679207,303.74555499999445,303.8917313661203,12.218677682411217
4941369.361389689,-2.5,3.93232175425599,0.11937765733063654,0.5904454425991391,304.0630160679207,303.74555499999445,303.8917313661203,12.218677682411217
4941378.722779379,-2.5,3.933429068453793,0.11940563827201955,0.5918166637159841,304.0630160679207,303.74555499999445,303.8917313661203,12.218677682411217
4941397.4455587575,-2.5,3.93567989725233,0.11946324204744192,0.5945591059496741,304.0630160679207,303.74555499999445,303.8917313661203,12.218677682411217
4941434.891117516,-2.5,3.9403454254797188,0.11958505234156788,0.600043990417054,304.0630160679207,303.74555499999445,303.8917313661203,12.218677682411217
4941509.782235031,-2.5,3.950492014295782,0.11985538700090588,0.611013759351814,304.0630160679207,303.74555499999445,303.8917313661203,12.218677682411217
4941584.673352547,-2.5,3.9620059784467188,0.12016198013906723,0.621983528286574,304.0630160679207,303.74555499999445,303.8917313661203,12.218677682411217
4941659.564470063,-2.5,3.9750390434989855,0.12050569937650345,0.6329532972213339,304.0630160679207,303.74555499999445,303.8917313661203,12.218677682411217
4941720.0,-2.5,3.986491469036271,0.12081081203717803,0.6418056661117225,304.0630160679207,303.74555499999445,303.8917313661203,12.218677682411217
4941720.002144483,-2.5,3.9864918859021388,0.12081082331076974,0.6418059802274586,304.0630160679207,303.74555499999445,303.8917313661203,12.218677682411217
4941720.004288965,-2.5,3.9864923027685695,0.12081083458439341,0.6418062943431947,304.0630160679207,303.74555499999445,303.8917313661203,12.218677682411217
4941720.008577931,-2.5,3.9864931365031113,0.12081085713173667,0.6418069225746669,304.0630160679207,303.74555499999445,303.8917313661203,12.218677682411217
4941720.017155861,-2.5,3.9864948039789354,0.12081090222680692,0.6418081790376112,304.0630160679207,303.74555499999445,303.8917313661203,12.218677682411217
4941720.034311721,-2.5,3.9864981389575385,0.1208109924184821,0.6418106919634999,304.0630160679207,303.74555499999445,303.8917313661203,12.218677682411217
4941720.068623443,-2.5,3.986504809022504,0.12081117280797149,0.6418157178152772,304.0630160679207,303.74555499999445,303.8917313661203,12.218677682411217
4941720.137246886,-2.5,3.9865181495832314,0.12081153361150668,0.6418257695188319,304.0630160679207,303.74555499999445,303.8917313661203,12.218677682411217
4941720.274493772,-2.5,3.986544832425376,0.12081225531680581,0.6418458729259413,304.0630160679207,303.74555499999445,303.8917313661203,12.218677682411217
4941720.548987543,-2.5,3.986598204973184,0.12081369912034416,0.64188607974016,304.0630160679207,303.74555499999445,303.8917313661203,12.218677682411217
4941721.097975086,-2.5,3.98670497736832,0.12081658829938081,0.6419664933685975,304.0630160679207,303.74555499999445,303.8917313661203,12.218677682411217
4941722.195950173,-2.5,3.9869186301181134,0.12082237294689357,0.6421273206254723,304.0630160679207,303.74555499999445,303.8917313661203,12.218677682411217
4941724.391900346,-2.5,3.9873463575123855,0.12083396741249305,0.6424489751392221,304.0630160679207,303.74555499999445,303.8917313661203,12.218677682411217
4941728.783800691,-2.5,3.988203419804455,0.12085725712885134,0.6430922841667215,304.0630160679207,303.74555499999445,303.8917313661203,12.218677682411217
4941737.567601383,-2.5,3.9899233263936456,0.1209042405304651,0.6443789022217206,304.0630160679207,303.74555499999445,303.8917313661203,12.218677682411217
4941755.135202766,-2.5,3.993380999235403,0.12099982992158555,0.6469521383317185,304.0630160679207,303.74555499999445,303.8917313661203,12.218677682411217
4941790.270405532,-2.5,4.00032541054075,0.12119755415305418,0.6520986105517144,304.0630160679207,303.74555499999445,303.8917313661203,12.218677682411217
4941860.540811064,-2.5,4.014021581141166,0.12161964823824079,0.6623915549917063,304.0630160679207,303.74555499999445,303.8917313661203,12.218677682411217
4941930.811216596,-2.5,4.027054583350435,0.12207822049796424,0.6726844994316982,304.0630160679207,303.74555499999445,303.8917313661203,12.218677682411217
4942071.35202766,-2.5,4.0507705967374745,0.12310993422093006,0.6932703883116819,304.0630160679207,303.74555499999445,303.8917313661203,12.218677682411217
4942080.0,-2.5,4.052146903307115,0.12317860205334212,0.6945371107411517,304.0630160679207,303.74555499999445,303.8917313661203,12.218677682411217
4942080.001796037,-2.5,4.052147188363777,0.12317861637860765,0.6945373738179261,304.0630160679207,303.74555499999445,303.8917313661203,12.218677682411217
4942080.003592075,-2.5,4.052147473420117,0.12317863070389987,0.6945376368947007,304.0630160679207,303.74555499999445,303.8917313661203,12.218677682411217
4942080.007184149,-2.5,4.0521480435318535,0.12317865935456436,0.6945381630482497,304.0630160679207,303.74555499999445,303.8917313661203,12.218677682411217
4942080.0143682975,-2.5,4.0521491837515,0.12317871665621337,0.6945392153553476,304.0630160679207,303.74555499999445,303.8917313661203,12.218677682411217
4942080.028736596,-2.5,4.052151464175518,0.12317883126079165,0.6945413199695435,304.0630160679207,303.74555499999445,303.8917313661203,12.218677682411217
4942080.057473192,-2.5,4.052156024962459,0.12317906047506946,0.6945455291979353,304.0630160679207,303.74555499999445,303.8917313661203,12.218677682411217
4942080.114946384,-2.5,4.052165146291986,0.1231795189241099,0.6945539476547189,304.0630160679207,303.74555499999445,303.8917313661203,12.218677682411217
4942080.229892768,-2.5,4.052183387973996,0.12318043590413386,0.6945707845682861,304.0630160679207,303.74555499999445,303.8917313661203,12.218677682411217
4942080.459785536,-2.5,4.05221986743267,0.12318227019197875,0.6946044583954205,304.0630160679207,303.74555499999445,303.8917313661203,12.218677682411217
4942080.919571072,-2.5,4.052292810751334,0.12318594007905594,0.6946718060496895,304.0630160679207,303.74555499999445,303.8917313661203,12.218677682411217
4942081.839142145,-2.5,4.052438635175025,0.12319328510035736,0.6948065013582272,304.0630160679207,303.74555499999445,303.8917313661203,12.218677682411217
4942083.678284288,-2.5,4.052730036610452,0.12320799614434448,0.6950758919753026,304.0630160679207,303.74555499999445,303.8917313661203,12.218677682411217
4942087.356568577,-2.5,4.053311861270518,0.12323750234047255,0.6956146732094535,304.0630160679207,303.74555499999445,303.8917313661203,12.218677682411217
4942094.7131371545,-2.5,4.054471687527811,0.12329685199030381,0.6966922356777553,304.0630160679207,303.74555499999445,303.8917313661203,12.218677682411217
4942109.426274309,-2.5,4.0567767368683025,0.12341690698479739,0.6988473606143589,304.0630160679207,303.74555499999445,303.8917313661203,12.218677682411217
4942138.852548617,-2.5,4.061333424069024,0.12366249412316145,0.7031576104875661,304.0630160679207,303.74555499999445,303.8917313661203,12.218677682411217
4942197.705097235,-2.5,4.070264077274808,0.12417602935467625,0.7117781102339805,304.0630160679207,303.74555499999445,303.8917313661203,12.218677682411217
4942315.410194469,-2.5,4.087490522328609,0.12529645938296316,0.7290191097268093,304.0630160679207,303.74555499999445,303.8917313661203,12.218677682411217
4942433.1152917035,-2.5,4.103678546719993,0.12654974310900094,0.7462601092196381,304.0630160679207,303.74555499999445,303.8917313661203,12.218677682411217
4942440.0,-2.5,4.104581361579146,0.12662739919740304,0.7472685553705796,304.0630160679207,303.74555499999445,303.8917313661203,12.218677682411217
4942440.001109773,-2.5,4.104581506642288,0.12662741175503553,0.747268717926027,304.0630160679207,303.74555499999445,303.8917313661203,12.218677682411217
4942440.002219547,-2.5,4.104581651705276,0.1266274243126809,0.7472688804814744,304.0630160679207,303.74555499999445,303.8917313661203,12.218677682411217
4942440.004439094,-2.5,4.104581941830807,0.12662744942801035,0.7472692055923693,304.0630160679207,303.74555499999445,303.8917313661203,12.218677682411217
4942440.008878188,-2.5,4.104582522080049,0.12662749965882397,0.747269855814159,304.0630160679207,303.74555499999445,303.8917313661203,12.218677682411217
4942440.017756376,-2.5,4.104583682571257,0.12662760012107024,0.7472711562577382,304.0630160679207,303.74555499999445,303.8917313661203,12.218677682411217
4942440.035512753,-2.5,4.104586003524622,0.12662780104803878,0.7472737571448967,304.0630160679207,303.74555499999445,303.8917313661203,12.218677682411217
4942440.071025506,-2.5,4.104590645315087,0.12662820291188007,0.7472789589192139,304.0630160679207,303.74555499999445,303.8917313661203,12.218677682411217
4942440.142051011,-2.5,4.104599928430944,0.12662900667918073,0.7472893624678483,304.0630160679207,303.74555499999445,303.8917313661203,12.218677682411217
4942440.284102022,-2.5,4.104618492801678,0.12663061437226447,0.7473101695651169,304.0630160679207,303.74555499999445,303.8917313661203,12.218677682411217
4942440.568204043,-2.5,4.104655614094261,0.1266338303924395,0.7473517837596542,304.0630160679207,303.74555499999445,303.8917313661203,12.218677682411217
4942441.136408088,-2.5,4.104729826843765,0.1266402649694483,0.7474350121487288,304.0630160679207,303.74555499999445,303.8917313661203,12.218677682411217
4942442.272816175,-2.5,4.10487813267948,0.12665314427513133,0.747601468926878,304.0630160679207,303.74555499999445,303.8917313661203,12.218677682411217
4942444.545632349,-2.5,4.10517426312793,0.12667894353346298,0.7479343824831762,304.0630160679207,303.74555499999445,303.8917313661203,12.218677682411217
4942449.091264699,-2.5,4.105764578507023,0.1267307049614166,0.7486002095957729,304.0630160679207,303.74555499999445,303.8917313661203,12.218677682411217
4942458.182529397,-2.5,4.106937261189534,0.12683488206595647,0.7499318638209662,304.0630160679207,303.74555499999445,303.8917313661203,12.218677682411217
4942476.365058795,-2.5,4.109249492839616,0.12704587435703754,0.7525951722713529,304.0630160679207,303.74555499999445,303.8917313661203,12.218677682411217
4942512.730117589,-2.5,4.113730561101076,0.12747858422040373,0.757921789172126,304.0630160679207,303.74555499999445,303.8917313661203,12.218677682411217
4942585.4602351785,-2.5,4.122033057710697,0.12838836006282975,0.7685750229736725,304.0630160679207,303.74555499999445,303.8917313661203,12.218677682411217
4942730.920470358,-2.5,4.135425867052413,0.1303982360297226,0.7898814905767654,304.0630160679207,303.74555499999445,303.8917313661203,12.218677682411217
4942800.0,-2.5,4.14013830674028,0.13144929387626428,0.8000000000000067,304.0630160679207,303.74555499999445,303.8917313661203,12.218677682411217
4946400.0,0.0,4.087558589205333,0.0,0.8000000000000067,303.9500002716743,303.9499999999964,303.95000000309267,2.502385177649558e-07
4946400.001561258,0.0,4.08755778008026,0.0,0.8000000000000067,303.9500002716743,303.9499999999964,303.95000000309267,2.502385177649558e-07
4946400.003122515,0.0,4.0875569710156645,0.0,0.8000000000000067,303.9500002716743,303.9499999999964,303.95000000309267,2.502385177649558e-07
4946400.006245031,0.0,4.08755535300631,0.0,0.8000000000000067,303.9500002716743,303.9499999999964,303.95000000309267,2.502385177649558e-07
4946400.012490062,0.0,4.087552117735439,0.0,0.8000000000000067,303.9500002716743,303.9499999999964,303.95000000309267,2.502385177649558e-07
4946400.024980123,0.0,4.087545649928876,0.0,0.8000000000000067,303.9500002716743,303.9499999999964,303.95000000309267,2.502385177649558e-07
4946400.049960246,0.0,4.0875327258743965,0.0,0.8000000000000067,303.9500002716743,303.9499999999964,303.95000000309267,2.502385177649558e-07
4946400.099920493,0.0,4.08750692376388,0.0,0.8000000000000067,303.9500002716743,303.9499999999964,303.95000000309267,2.502385177649558e-07
4946400.199840985,0.0,4.087455502882167,0.0,0.8000000000000067,303.9500002716743,303.9499999999964,303.95000000309267,2.502385177649558e-07
4946400.399681971,0.0,4.087353385170209,0.0,0.8000000000000067,303.9500002716743,303.9499999999964,303.95000000309267,2.502385177649558e-07
4946400.599522957,0.0,4.087252229963507,0.0,0.8000000000000067,303.9500002716743,303.9499999999964,303.95000000309267,2.502385177649558e-07
4946400.799363942,0.0,4.087152027198478,0.0,0.8000000000000067,303.9500002716743,303.9499999999964,303.95000000309267,2.502385177649558e-07
4946400.999204928,0.0,4.087052765268115,0.0,0.8000000000000067,303.9500002716743,303.9499999999964,303.95000000309267,2.502385177649558e-07
4946401.398886899,0.0,4.0868570312730395,0.0,0.8000000000000067,303.9500002716743,303.9499999999964,303.95000000309267,2.502385177649558e-07
4946401.79856887,0.0,4.086664931244582,0.0,0.8000000000000067,303.9500002716743,303.9499999999964,303.95000000309267,2.502385177649558e-07
4946402.198250841,0.0,4.086476351038508,0.0,0.8000000000000067,303.9500002716743,303.9499999999964,303.95000000309267,2.502385177649558e-07
4946402.597932813,0.0,4.086291185726044,0.0,0.8000000000000067,303.9500002716743,303.9499999999964,303.95000000309267,2.502385177649558e-07
4946402.997614784,0.0,4.0861093445776735,0.0,0.8000000000000067,303.9500002716743,303.9499999999964,303.95000000309267,2.502385177649558e-07
4946403.397296755,0.0,4.085930746387811,0.0,0.8000000000000067,303.9500002716743,303.9499999999964,303.95000000309267,2.502385177649558e-07
4946403.796978726,0.0,4.0857553053363045,0.0,0.8000000000000067,303.9500002716743,303.9499999999964,303.95000000309267,2.502385177649558e-07
4946404.196660697,0.0,4.08558292561738,0.0,0.8000000000000067,303.9500002716743,303.9499999999964,303.95000000309267,2.502385177649558e-07
4946404.996024639,0.0,4.085246995619706,0.0,0.8000000000000067,303.9500002716743,303.9499999999964,303.95000000309267,2.502385177649558e-07
4946405.715452188,0.0,4.084954255206295,0.0,0.8000000000000067,303.9500002716743,303.9499999999964,303.95000000309267,2.502385177649558e-07
4946406.434879736,0.0,4.084670100377132,0.0,0.8000000000000067,303.9500002716743,303.9499999999964,303.95000000309267,2.502385177649558e-07
4946407.154307283,0.0,4.084394069553057,0.0,0.8000000000000067,303.9500002716743,303.9499999999964,303.95000000309267,2.502385177649558e-07
4946407.873734832,0.0,4.084125726525461,0.0,0.8000000000000067,303.9500002716743,303.9499999999964,303.95000000309267,2.502385177649558e-07
4946408.59316238,0.0,4.083864658631865,0.0,0.8000000000000067,303.9500002716743,303.9499999999964,303.95000000309267,2.502385177649558e-07
4946410.032017476,0.0,4.083362774397666,0.0,0.8000000000000067,303.9500002716743,303.9499999999964,303.95000000309267,2.502385177649558e-07
4946411.470872573,0.0,4.082885570098715,0.0,0.8000000000000067,303.9500002716743,303.9499999999964,303.95000000309267,2.502385177649558e-07
4946413.281780181,0.0,4.082316503199722,0.0,0.8000000000000067,303.9500002716743,303.9499999999964,303.95000000309267,2.502385177649558e-07
4946415.092687791,0.0,4.0817784690788885,0.0,0.8000000000000067,303.9500002716743,303.9499999999964,303.95000000309267,2.502385177649558e-07
4946416.903595401,0.0,4.081267557603995,0.0,0.8000000000000067,303.9500002716743,303.9499999999964,303.95000000309267,2.502385177649558e-07
4946418.714503011,0.0,4.08078052199454,0.0,0.8000000000000067,303.9500002716743,303.9499999999964,303.95000000309267,2.502385177649558e-07
4946420.5254106205,0.0,4.080314679043573,0.0,0.8000000000000067,303.9500002716743,303.9499999999964,303.95000000309267,2.502385177649558e-07
4946422.336318229,0.0,4.079867643904973,0.0,0.8000000000000067,303.9500002716743,303.9499999999964,303.95000000309267,2.502385177649558e-07
4946424.147225839,0.0,4.079437656203725,0.0,0.8000000000000067,303.9500002716743,303.9499999999964,303.95000000309267,2.502385177649558e-07
4946425.958133449,0.0,4.079023161170021,0.0,0.8000000000000067,303.9500002716743,303.9499999999964,303.95000000309267,2.502385177649558e-07
4946427.769041059,0.0,4.078622917605878,0.0,0.8000000000000067,303.9500002716743,303.9499999999964,303.95000000309267,2.502385177649558e-07
4946431.390856277,0.0,4.077860195632126,0.0,0.8000000000000067,303.9500002716743,303.9499999999964,303.95000000309267,2.502385177649558e-07
4946434.650489975,0.0,4.077211690118534,0.0,0.8000000000000067,303.9500002716743,303.9499999999964,303.95000000309267,2.502385177649558e-07
4946437.910123671,0.0,4.076594526325984,0.0,0.8000000000000067,303.9500002716743,303.9499999999964,303.95000000309267,2.502385177649558e-07
4946441.169757369,0.0,4.076004938441952,0.0,0.8000000000000067,303.9500002716743,303.9499999999964,303.95000000309267,2.502385177649558e-07
4946444.429391067,0.0,4.0754398186840115,0.0,0.8000000000000067,303.9500002716743,303.9499999999964,303.95000000309267,2.502385177649558e-07
4946447.689024763,0.0,4.074896704177346,0.0,0.8000000000000067,303.9500002716743,303.9499999999964,303.95000000309267,2.502385177649558e-07
4946454.208292157,0.0,4.073868320361347,0.0,0.8000000000000067,303.9500002716743,303.9499999999964,303.95000000309267,2.502385177649558e-07
4946460.056435718,0.0,4.073003500650949,0.0,0.8000000000000067,303.9500002716743,303.9499999999964,303.95000000309267,2.502385177649558e-07
4946465.904579278,0.0,4.072186079813475,0.0,0.8000000000000067,303.9500002716743,303.9499999999964,303.95000000309267,2.502385177649558e-07
4946471.752722839,0.0,4.0714104292526665,0.0,0.8000000000000067,303.9500002716743,303.9499999999964,303.95000000309267,2.502385177649558e-07
4946477.6008664,0.0,4.070671880223156,0.0,0.8000000000000067,303.9500002716743,303.9499999999964,303.95000000309267,2.502385177649558e-07
4946483.44900996,0.0,4.069966649554204,0.0,0.8000000000000067,303.9500002716743,303.9499999999964,303.95000000309267,2.502385177649558e-07
4946489.29715352,0.0,4.069291651466165,0.0,0.8000000000000067,303.9500002716743,303.9499999999964,303.95000000309267,2.502385177649558e-07
4946495.14529708,0.0,4.068644336312024,0.0,0.8000000000000067,303.9500002716743,303.9499999999964,303.95000000309267,2.502385177649558e-07
4946500.993440641,0.0,4.068022467984985,0.0,0.8000000000000067,303.9500002716743,303.9499999999964,303.95000000309267,2.502385177649558e-07
4946512.689727762,0.0,4.066847692085036,0.0,0.8000000000000067,303.9500002716743,303.9499999999964,303.95000000309267,2.502385177649558e-07
4946524.3860148825,0.0,4.0657539335441815,0.0,0.8000000000000067,303.9500002716743,303.9499999999964,303.95000000309267,2.502385177649558e-07
4946534.912673291,0.0,4.064830594865395,0.0,0.8000000000000067,303.9500002716743,303.9499999999964,303.95000000309267,2.502385177649558e-07
4946545.4393317,0.0,4.063959209054991,0.0,0.8000000000000067,303.9500002716743,303.9499999999964,303.95000000309267,2.502385177649558e-07
4946555.965990108,0.0,4.063134924177166,0.0,0.8000000000000067,303.9500002716743,303.9499999999964,303.95000000309267,2.502385177649558e-07
4946566.492648518,0.0,4.062353464993922,0.0,0.8000000000000067,303.9500002716743,303.9499999999964,303.95000000309267,2.502385177649558e-07
4946577.019306926,0.0,4.061611130662282,0.0,0.8000000000000067,303.9500002716743,303.9499999999964,303.95000000309267,2.502385177649558e-07
4946587.545965335,0.0,4.060904758761676,0.0,0.8000000000000067,303.9500002716743,303.9499999999964,303.95000000309267,2.502385177649558e-07
4946598.072623744,0.0,4.060231641999992,0.0,0.8000000000000067,303.9500002716743,303.9499999999964,303.95000000309267,2.502385177649558e-07
4946608.599282152,0.0,4.059589378643593,0.0,0.8000000000000067,303.9500002716743,303.9499999999964,303.95000000309267,2.502385177649558e-07
4946629.65259897,0.0,4.058389164108435,0.0,0.8000000000000067,303.9500002716743,303.9499999999964,303.95000000309267,2.502385177649558e-07
4946648.600584106,0.0,4.0573951774233405,0.0,0.8000000000000067,303.9500002716743,303.9499999999964,303.95000000309267,2.502385177649558e-07
4946667.548569242,0.0,4.056473509211559,0.0,0.8000000000000067,303.9500002716743,303.9499999999964,303.95000000309267,2.502385177649558e-07
4946686.496554377,0.0,4.055617032639449,0.0,0.8000000000000067,303.9500002716743,303.9499999999964,303.95000000309267,2.502385177649558e-07
4946705.4445395125,0.0,4.054819919742296,0.0,0.8000000000000067,303.9500002716743,303.9499999999964,303.95000000309267,2.502385177649558e-07
4946724.392524648,0.0,4.054076701756776,0.0,0.8000000000000067,303.9500002716743,303.9499999999964,303.95000000309267,2.502385177649558e-07
4946743.340509784,0.0,4.053382168777699,0.0,0.8000000000000067,303.9500002716743,303.9499999999964,303.95000000309267,2.502385177649558e-07
4946760.0,0.0,4.052808496993692,0.0,0.8000000000000067,303.9500002716743,303.9499999999964,303.95000000309267,2.502385177649558e-07
4946760.006820908,0.0,4.052808268973741,0.0,0.8000000000000067,303.9500002716743,303.9499999999964,303.95000000309267,2.502385177649558e-07
4946760.013641817,0.0,4.052808040959159,0.0,0.8000000000000067,303.9500002716743,303.9499999999964,303.95000000309267,2.502385177649558e-07
4946760.027283632,0.0,4.052807584942852,0.0,0.8000000000000067,303.9500002716743,303.9499999999964,303.95000000309267,2.502385177649558e-07
4946760.054567265,0.0,4.052806672975956,0.0,0.8000000000000067,303.9500002716743,303.9499999999964,303.95000000309267,2.502385177649558e-07
4946760.10913453,0.0,4.052804849291473,0.0,0.8000000000000067,303.9500002716743,303.9499999999964,303.95000000309267,2.502385177649558e-07
4946760.218269059,0.0,4.052801202953303,0.0,0.8000000000000067,303.9500002716743,303.9499999999964,303.95000000309267,2.502385177649558e-07
4946760.43653812,0.0,4.052793914392995,0.0,0.8000000000000067,303.9500002716743,303.9499999999964,303.95000000309267,2.502385177649558e-07
4946760.873076239,0.0,4.052779353743798,0.0,0.8000000000000067,303.9500002716743,303.9499999999964,303.95000000309267,2.502385177649558e-07
4946761.746152478,0.0,4.052750298159661,0.0,0.8000000000000067,303.9500002716743,303.9499999999964,303.95000000309267,2.502385177649558e-07
4946763.492304956,0.0,4.052692448490652,0.0,0.8000000000000067,303.9500002716743,303.9499999999964,303.95000000309267,2.502385177649558e-07
4946766.984609912,0.0,4.052577784202407,0.0,0.8000000000000067,303.9500002716743,303.9499999999964,303.95000000309267,2.502385177649558e-07
4946773.969219824,0.0,4.052352510272814,0.0,0.8000000000000067,303.9500002716743,303.9499999999964,303.95000000309267,2.502385177649558e-07
4946780.953829736,0.0,4.052132541085866,0.0,0.8000000000000067,303.9500002716743,303.9499999999964,303.95000000309267,2.502385177649558e-07
4946794.92304956,0.0,4.0517077249106626,0.0,0.8000000000000067,303.9500002716743,303.9499999999964,303.95000000309267,2.502385177649558e-07
4946807.495347402,0.0,4.051342101806899,0.0,0.8000000000000067,303.9500002716743,303.9499999999964,303.95000000309267,2.502385177649558e-07
4946820.067645243,0.0,4.05099146081192,0.0,0.8000000000000067,303.9500002716743,303.9499999999964,303.95000000309267,2.502385177649558e-07
4946832.639943086,0.0,4.050655107976961,0.0,0.8000000000000067,303.9500002716743,303.9499999999964,303.95000000309267,2.502385177649558e-07
4946845.212240927,0.0,4.050332358702391,0.0,0.8000000000000067,303.9500002716743,303.9499999999964,303.95000000309267,2.502385177649558e-07
4946870.3568366105,0.0,4.049725474322662,0.0,0.8000000000000067,303.9500002716743,303.9499999999964,303.95000000309267,2.502385177649558e-07
4946895.501432294,0.0,4.049165983632369,0.0,0.8000000000000067,303.9500002716743,303.9499999999964,303.95000000309267,2.502385177649558e-07
4946920.646027977,0.0,4.048649323697694,0.0,0.8000000000000067,303.9500002716743,303.9499999999964,303.95000000309267,2.502385177649558e-07
4946945.79062366,0.0,4.048171681017984,0.0,0.8000000000000067,303.9500002716743,303.9499999999964,303.95000000309267,2.502385177649558e-07
4946970.935219344,0.0,4.047729883994838,0.0,0.8000000000000067,303.9500002716743,303.9499999999964,303.95000000309267,2.502385177649558e-07
4946996.079815027,0.0,4.047321147928138,0.0,0.8000000000000067,303.9500002716743,303.9499999999964,303.95000000309267,2.502385177649558e-07
4947021.224410711,0.0,4.046942849954043,0.0,0.8000000000000067,303.9500002716743,303.9499999999964,303.95000000309267,2.502385177649558e-07
4947046.3690063935,0.0,4.046592487446937,0.0,0.8000000000000067,303.9500002716743,303.9499999999964,303.95000000309267,2.502385177649558e-07
4947096.658197761,0.0,4.045966966211494,0.0,0.8000000000000067,303.9500002716743,303.9499999999964,303.95000000309267,2.502385177649558e-07
4947120.0,0.0,4.04570728448938,0.0,0.8000000000000067,303.9500002716743,303.9499999999964,303.95000000309267,2.502385177649558e-07
4947120.017017723,0.0,4.045707101671755,0.0,0.8000000000000067,303.9500002716743,303.9499999999964,303.95000000309267,2.502385177649558e-07
4947120.034035446,0.0,4.045706918863451,0.0,0.8000000000000067,303.9500002716743,303.9499999999964,303.95000000309267,2.502385177649558e-07
4947120.068070892,0.0,4.045706553269428,0.0,0.8000000000000067,303.9500002716743,303.9499999999964,303.95000000309267,2.502385177649558e-07
4947120.1361417845,0.0,4.045705822195252,0.0,0.8000000000000067,303.9500002716743,303.9499999999964,303.95000000309267,2.502385177649558e-07
4947120.272283569,0.0,4.0457043604800855,0.0,0.8000000000000067,303.9500002716743,303.9499999999964,303.95000000309267,2.502385177649558e-07
4947120.544567138,0.0,4.045701438837309,0.0,0.8000000000000067,303.9500002716743,303.9499999999964,303.95000000309267,2.502385177649558e-07
4947121.089134276,0.0,4.045695602686211,0.0,0.8000000000000067,303.9500002716743,303.9499999999964,303.95000000309267,2.502385177649558e-07
4947122.178268552,0.0,4.045683958901999,0.0,0.8000000000000067,303.9500002716743,303.9499999999964,303.95000000309267,2.502385177649558e-07
4947124.356537105,0.0,4.0456607848693364,0.0,0.8000000000000067,303.9500002716743,303.9499999999964,303.95000000309267,2.502385177649558e-07
4947128.713074209,0.0,4.045614886712484,0.0,0.8000000000000067,303.9500002716743,303.9499999999964,303.95000000309267,2.502385177649558e-07
4947137.426148417,0.0,4.045524856523622,0.0,0.8000000000000067,303.9500002716743,303.9499999999964,303.95000000309267,2.502385177649558e-07
4947154.852296835,0.0,4.045351603203346,0.0,0.8000000000000067,303.9500002716743,303.9499999999964,303.95000000309267,2.502385177649558e-07
4947172.278445252,0.0,4.045187108685511,0.0,0.8000000000000067,303.9500002716743,303.9499999999964,303.95000000309267,2.502385177649558e-07
4947189.70459367,0.0,4.045030941672799,0.0,0.8000000000000067,303.9500002716743,303.9499999999964,303.95000000309267,2.502385177649558e-07
4947207.130742087,0.0,4.0448826776319855,0.0,0.8000000000000067,303.9500002716743,303.9499999999964,303.95000000309267,2.502385177649558e-07
4947241.983038923,0.0,4.044608409802846,0.0,0.8000000000000067,303.9500002716743,303.9499999999964,303.95000000309267,2.502385177649558e-07
4947276.835335758,0.0,4.044361263370912,0.0,0.8000000000000067,303.9500002716743,303.9499999999964,303.95000000309267,2.502385177649558e-07
4947311.687632592,0.0,4.0441383404606315,0.0,0.8000000000000067,303.9500002716743,303.9499999999964,303.95000000309267,2.502385177649558e-07
4947346.539929427,0.0,4.0439371440707275,0.0,0.8000000000000067,303.9500002716743,303.9499999999964,303.95000000309267,2.502385177649558e-07
4947381.392226262,0.0,4.043755571974903,0.0,0.8000000000000067,303.9500002716743,303.9499999999964,303.95000000309267,2.502385177649558e-07
4947416.244523097,0.0,4.043591816015124,0.0,0.8000000000000067,303.9500002716743,303.9499999999964,303.95000000309267,2.502385177649558e-07
4947451.096819932,0.0,4.043444177594916,0.0,0.8000000000000067,303.9500002716743,303.9499999999964,303.95000000309267,2.502385177649558e-07
4947480.0,0.0,4.043332765449211,0.0,0.8000000000000067,303.9500002716743,303.9499999999964,303.95000000309267,2.502385177649558e-07
4947480.04786357,0.0,4.043332588662089,0.0,0.8000000000000067,303.9500002716743,303.9499999999964,303.95000000309267,2.502385177649558e-07
4947480.095727141,0.0,4.043332411899929,0.0,0.8000000000000067,303.9500002716743,303.9499999999964,303.95000000309267,2.502385177649558e-07
4947480.191454282,0.0,4.043332058436114,0.0,0.8000000000000067,303.9500002716743,303.9499999999964,303.95000000309267,2.502385177649558e-07
4947480.382908564,0.0,4.043331351813034,0.0,0.8000000000000067,303.9500002716743,303.9499999999964,303.95000000309267,2.502385177649558e-07
4947480.765817128,0.0,4.04332993972508,0.0,0.8000000000000067,303.9500002716743,303.9499999999964,303.95000000309267,2.502385177649558e-07
4947481.531634255,0.0,4.043327120322665,0.0,0.8000000000000067,303.9500002716743,303.9499999999964,303.95000000309267,2.502385177649558e-07
4947483.063268511,0.0,4.043321500532311,0.0,0.8000000000000067,303.9500002716743,303.9499999999964,303.95000000309267,2.502385177649558e-07
4947486.126537021,0.0,4.043310336658653,0.0,0.8000000000000067,303.9500002716743,303.9499999999964,303.95000000309267,2.502385177649558e-07
4947492.2530740425,0.0,4.043288307971509,0.0,0.8000000000000067,303.9500002716743,303.9499999999964,303.95000000309267,2.502385177649558e-07
4947504.506148085,0.0,4.0432454174579595,0.0,0.8000000000000067,303.9500002716743,303.9499999999964,303.95000000309267,2.502385177649558e-07
4947529.01229617,0.0,4.0431640791907775,0.0,0.8000000000000067,303.9500002716743,303.9499999999964,303.95000000309267,2.502385177649558e-07
4947553.518444256,0.0,4.043088386707238,0.0,0.8000000000000067,303.9500002716743,303.9499999999964,303.95000000309267,2.502385177649558e-07
4947578.024592341,0.0,4.043017968090204,0.0,0.8000000000000067,303.9500002716743,303.9499999999964,303.95000000309267,2.502385177649558e-07
4947602.530740426,0.0,4.042952462500098,0.0,0.8000000000000067,303.9500002716743,303.9499999999964,303.95000000309267,2.502385177649558e-07
4947651.543036596,0.0,4.042834981381876,0.0,0.8000000000000067,303.9500002716743,303.9499999999964,303.95000000309267,2.502385177649558e-07
4947695.65410315,0.0,4.04274292415705,0.0,0.8000000000000067,303.9500002716743,303.9499999999964,303.95000000309267,2.502385177649558e-07
4947739.765169703,0.0,4.042662075331631,0.0,0.8000000000000067,303.9500002716743,303.9499999999964,303.95000000309267,2.502385177649558e-07
4947783.876236256,0.0,4.042591033164301,0.0,0.8000000000000067,303.9500002716743,303.9499999999964,303.95000000309267,2.502385177649558e-07
4947827.98730281,0.0,4.042528631286913,0.0,0.8000000000000067,303.9500002716743,303.9499999999964,303.95000000309267,2.502385177649558e-07
4947840.0,0.0,4.042513001790436,0.0,0.8000000000000067,303.9500002716743,303.9499999999964,303.95000000309267,2.502385177649558e-07
4947840.137567328,0.0,4.042512826155791,0.0,0.8000000000000067,303.9500002716743,303.9499999999964,303.95000000309267,2.502385177649558e-07
4947840.2751346575,0.0,4.042512650592345,0.0,0.8000000000000067,303.9500002716743,303.9499999999964,303.95000000309267,2.502385177649558e-07
4947840.550269314,0.0,4.0425122996382505,0.0,0.8000000000000067,303.9500002716743,303.9499999999964,303.95000000309267,2.502385177649558e-07
4947841.100538629,0.0,4.042511598598347,0.0,0.8000000000000067,303.9500002716743,303.9499999999964,303.95000000309267,2.502385177649558e-07
4947842.201077258,0.0,4.042510199815375,0.0,0.8000000000000067,303.9500002716743,303.9499999999964,303.95000000309267,2.502385177649558e-07
4947844.4021545155,0.0,4.042507415798646,0.0,0.8000000000000067,303.9500002716743,303.9499999999964,303.95000000309267,2.502385177649558e-07
4947848.804309031,0.0,4.042501901421421,0.0,0.8000000000000067,303.9500002716743,303.9499999999964,303.95000000309267,2.502385177649558e-07
4947857.608618063,0.0,4.042491083838748,0.0,0.8000000000000067,303.9500002716743,303.9499999999964,303.95000000309267,2.502385177649558e-07
4947875.217236126,0.0,4.042470263896451,0.0,0.8000000000000067,303.9500002716743,303.9499999999964,303.95000000309267,2.502385177649558e-07
4947892.825854189,0.0,4.042450493876451,0.0,0.8000000000000067,303.9500002716743,303.9499999999964,303.95000000309267,2.502385177649558e-07
4947928.043090315,0.0,4.042413841102844,0.0,0.8000000000000067,303.9500002716743,303.9499999999964,303.95000000309267,2.502385177649558e-07
4947963.2603264395,0.0,4.042380789194331,0.0,0.8000000000000067,303.9500002716743,303.9499999999964,303.95000000309267,2.502385177649558e-07
4947998.477562565,0.0,4.042351000245889,0.0,0.8000000000000067,303.9500002716743,303.9499999999964,303.95000000309267,2.502385177649558e-07
4948033.694798691,0.0,4.042324157711466,0.0,0.8000000000000067,303.9500002716743,303.9499999999964,303.95000000309267,2.502385177649558e-07
4948104.129270943,0.0,4.0422782980209035,0.0,0.8000000000000067,303.9500002716743,303.9499999999964,303.95000000309267,2.502385177649558e-07
4948167.520295968,0.0,4.042244515436648,0.0,0.8000000000000067,303.9500002716743,303.9499999999964,303.95000000309267,2.502385177649558e-07
4948200.0,0.0,4.042229489442219,0.0,0.8000000000000067,303.9500002716743,303.9499999999964,303.95000000309267,2.502385177649558e-07
4948200.397688569,0.0,4.042229314223372,0.0,0.8000000000000067,303.9500002716743,303.9499999999964,303.95000000309267,2.502385177649558e-07
4948200.795377137,0.0,4.042229139209857,0.0,0.8000000000000067,303.9500002716743,303.9499999999964,303.95000000309267,2.502385177649558e-07
4948201.590754275,0.0,4.042228789680747,0.0,0.8000000000000067,303.9500002716743,303.9499999999964,303.95000000309267,2.502385177649558e-07
4948203.1815085495,0.0,4.042228093120547,0.0,0.8000000000000067,303.9500002716743,303.9499999999964,303.95000000309267,2.502385177649558e-07
4948206.363017099,0.0,4.042226709434928,0.0,0.8000000000000067,303.9500002716743,303.9499999999964,303.95000000309267,2.502385177649558e-07
4948212.726034199,0.0,4.042223980531903,0.0,0.8000000000000067,303.9500002716743,303.9499999999964,303.95000000309267,2.502385177649558e-07
4948225.452068397,0.0,4.04221867251678,0.0,0.8000000000000067,303.9500002716743,303.9499999999964,303.95000000309267,2.502385177649558e-07
4948250.904136794,0.0,4.042208626844602,0.0,0.8000000000000067,303.9500002716743,303.9499999999964,303.95000000309267,2.502385177649558e-07
4948276.3562051905,0.0,4.042199304557613,0.0,0.8000000000000067,303.9500002716743,303.9499999999964,303.95000000309267,2.502385177649558e-07
4948327.260341985,0.0,4.04218257602097,0.0,0.8000000000000067,303.9500002716743,303.9499999999964,303.95000000309267,2.502385177649558e-07
4948378.164478779,0.0,4.0421681698384635,0.0,0.8000000000000067,303.9500002716743,303.9499999999964,303.95000000309267,2.502385177649558e-07
4948429.0686155725,0.0,4.042155778604091,0.0,0.8000000000000067,303.9500002716743,303.9499999999964,303.95000000309267,2.502385177649558e-07
4948479.972752367,0.0,4.042145125801985,0.0,0.8000000000000067,303.9500002716743,303.9499999999964,303.95000000309267,2.502385177649558e-07
4948560.0,0.0,4.042131395448228,0.0,0.8000000000000067,303.9500002716743,303.9499999999964,303.95000000309267,2.502385177649558e-07
4948561.160699324,0.0,4.042131219997259,0.0,0.8000000000000067,303.9500002716743,303.9499999999964,303.95000000309267,2.502385177649558e-07
4948562.3213986475,0.0,4.042131045145183,0.0,0.8000000000000067,303.9500002716743,303.9499999999964,303.95000000309267,2.502385177649558e-07
4948564.642797294,0.0,4.042130696889636,0.0,0.8000000000000067,303.9500002716743,303.9499999999964,303.95000000309267,2.502385177649558e-07
4948569.285594589,0.0,4.042130007616638,0.0,0.8000000000000067,303.9500002716743,303.9499999999964,303.95000000309267,2.502385177649558e-07
4948578.571189177,0.0,4.042128655984746,0.0,0.8000000000000067,303.9500002716743,303.9499999999964,303.95000000309267,2.502385177649558e-07
4948597.142378354,0.0,4.0421260599833,0.0,0.8000000000000067,303.9500002716743,303.9499999999964,303.95000000309267,2.502385177649558e-07
4948634.284756709,0.0,4.042121266045257,0.0,0.8000000000000067,303.9500002716743,303.9499999999964,303.95000000309267,2.502385177649558e-07
4948671.427135063,0.0,4.042116966645212,0.0,0.8000000000000067,303.9500002716743,303.9499999999964,303.95000000309267,2.502385177649558e-07
4948745.711891773,0.0,4.042109608130659,0.0,0.8000000000000067,303.9500002716743,303.9499999999964,303.95000000309267,2.502385177649558e-07
4948819.996648482,0.0,4.042103692501108,0.0,0.8000000000000067,303.9500002716743,303.9499999999964,303.95000000309267,2.502385177649558e-07
4948894.281405191,0.0,4.042098950867468,0.0,0.8000000000000067,303.9500002716743,303.9499999999964,303.95000000309267,2.502385177649558e-07
4948920.0,0.0,4.042097559427594,0.0,0.8000000000000067,303.9500002716743,303.9499999999964,303.95000000309267,2.502385177649558e-07
4948921.080000859,0.0,4.042097503638022,0.0,0.8000000000000067,303.9500002716743,303.9499999999964,303.95000000309267,2.502385177649558e-07
4948922.160001717,0.0,4.042097448025713,0.0,0.8000000000000067,303.9500002716743,303.9499999999964,303.95000000309267,2.502385177649558e-07
4948924.320003433,0.0,4.042097337229977,0.0,0.8000000000000067,303.9500002716743,303.9499999999964,303.95000000309267,2.502385177649558e-07
4948928.640006866,0.0,4.042097117782269,0.0,0.8000000000000067,303.9500002716743,303.9499999999964,303.95000000309267,2.502385177649558e-07
4948937.280013734,0.0,4.042096686871426,0.0,0.8000000000000067,303.9500002716743,303.9499999999964,303.95000000309267,2.502385177649558e-07
4948954.560027466,0.0,4.042095856946734,0.0,0.8000000000000067,303.9500002716743,303.9499999999964,303.95000000309267,2.502385177649558e-07
4948989.120054932,0.0,4.042094316061895,0.0,0.8000000000000067,303.9500002716743,303.9499999999964,303.95000000309267,2.502385177649558e-07
4949058.240109866,0.0,4.042091651464341,0.0,0.8000000000000067,303.9500002716743,303.9499999999964,303.95000000309267,2.502385177649558e-07
4949127.360164798,0.0,4.0420894748238645,0.0,0.8000000000000067,303.9500002716743,303.9499999999964,303.95000000309267,2.502385177649558e-07
4949196.48021973,0.0,4.042087701950955,0.0,0.8000000000000067,303.9500002716743,303.9499999999964,303.95000000309267,2.502385177649558e-07
4949265.600274663,0.0,4.042086259803893,0.0,0.8000000000000067,303.9500002716743,303.9499999999964,303.95000000309267,2.502385177649558e-07
4949280.0,0.0,4.042085997157393,0.0,0.8000000000000067,303.9500002716743,303.9499999999964,303.95000000309267,2.502385177649558e-07
4949280.720000858,0.0,4.042085984442732,0.0,0.8000000000000067,303.9500002716743,303.9499999999964,303.95000000309267,2.502385177649558e-07
4949281.440001717,0.0,4.042085971755027,0.0,0.8000000000000067,303.9500002716743,303.9499999999964,303.95000000309267,2.502385177649558e-07
4949282.880003434,0.0,4.042085946444939,0.0,0.8000000000000067,303.9500002716743,303.9499999999964,303.95000000309267,2.502385177649558e-07
4949285.760006866,0.0,4.042085896151855,0.0,0.8000000000000067,303.9500002716743,303.9499999999964,303.95000000309267,2.502385177649558e-07
4949291.520013733,0.0,4.042085796792955,0.0,0.8000000000000067,303.9500002716743,303.9499999999964,303.95000000309267,2.502385177649558e-07
4949303.040027467,0.0,4.042085603030701,0.0,0.8000000000000067,303.9500002716743,303.9499999999964,303.95000000309267,2.502385177649558e-07
4949326.080054932,0.0,4.042085234409589,0.0,0.8000000000000067,303.9500002716743,303.9499999999964,303.95000000309267,2.502385177649558e-07
4949372.1601098655,0.0,4.042084566345757,0.0,0.8000000000000067,303.9500002716743,303.9499999999964,303.95000000309267,2.502385177649558e-07
4949464.32021973,0.0,4.04208346255407,0.0,0.8000000000000067,303.9500002716743,303.9499999999964,303.95000000309267,2.502385177649558e-07
4949556.4803295955,0.0,4.042082619781988,0.0,0.8000000000000067,303.9500002716743,303.9499999999964,303.95000000309267,2.502385177649558e-07
4949640.0,0.0,4.042082034772431,0.0,0.8000000000000067,303.9500002716743,303.9499999999964,303.95000000309267,2.502385177649558e-07
4949640.360000858,0.0,4.042082032614047,0.0,0.8000000000000067,303.9500002716743,303.9499999999964,303.95000000309267,2.502385177649558e-07
4949640.720001717,0.0,4.042082030457955,0.0,0.8000000000000067,303.9500002716743,303.9499999999964,303.95000000309267,2.502385177649558e-07
4949641.440003433,0.0,4.042082026151325,0.0,0.8000000000000067,303.9500002716743,303.9499999999964,303.95000000309267,2.502385177649558e-07
4949642.8800068665,0.0,4.042082017565942,0.0,0.8000000000000067,303.9500002716743,303.9499999999964,303.95000000309267,2.502385177649558e-07
4949645.760013733,0.0,4.042082000500564,0.0,0.8000000000000067,303.9500002716743,303.9499999999964,303.95000000309267,2.502385177649558e-07
4949651.520027466,0.0,4.042081966799959,0.0,0.8000000000000067,303.9500002716743,303.9499999999964,303.95000000309267,2.502385177649558e-07
4949663.040054932,0.0,4.042081901077786,0.0,0.8000000000000067,303.9500002716743,303.9499999999964,303.95000000309267,2.502385177649558e-07
4949686.080109865,0.0,4.0420817760567616,0.0,0.8000000000000067,303.9500002716743,303.9499999999964,303.95000000309267,2.502385177649558e-07
4949732.160219731,0.0,4.0420815494785,0.0,0.8000000000000067,303.9500002716743,303.9499999999964,303.95000000309267,2.502385177649558e-07
4949824.320439461,0.0,4.042081175130365,0.0,0.8000000000000067,303.9500002716743,303.9499999999964,303.95000000309267,2.502385177649558e-07
4950000.0,0.0,4.042080674345014,0.0,0.8000000000000067,303.9500002716743,303.9499999999964,303.95000000309267,2.502385177649558e-07
4953600.0,0.0,4.042080674345014,0.0,0.8000000000000067,303.74555552337654,303.74555499999445,303.74555499999445,0.0
4953603.600000912,0.0,4.042080667268589,0.0,0.8000000000000067,303.74555552337654,303.74555499999445,303.74555499999445,0.0
4953607.200001824,0.0,4.04208066026656,0.0,0.8000000000000067,303.74555552337654,303.74555499999445,303.74555499999445,0.0
4953614.400003647,0.0,4.042080646440969,0.0,0.8000000000000067,303.74555552337654,303.74555499999445,303.74555499999445,0.0
4953628.800007296,0.0,4.042080619670278,0.0,0.8000000000000067,303.74555552337654,303.74555499999445,303.74555499999445,0.0
4953657.600014592,0.0,4.042080569245758,0.0,0.8000000000000067,303.74555552337654,303.74555499999445,303.74555499999445,0.0
4953715.200029183,0.0,4.042080479988298,0.0,0.8000000000000067,303.74555552337654,303.74555499999445,303.74555499999445,0.0
4953830.400058365,0.0,4.042080338819455,0.0,0.8000000000000067,303.74555552337654,303.74555499999445,303.74555499999445,0.0
4953960.0,0.0,4.04208022713922,0.0,0.8000000000000067,303.74555552337654,303.74555499999445,303.74555499999445,0.0
4953963.240000912,0.0,4.042080224999822,0.0,0.8000000000000067,303.74555552337654,303.74555499999445,303.74555499999445,0.0
4953966.480001824,0.0,4.042080222880687,0.0,0.8000000000000067,303.74555552337654,303.74555499999445,303.74555499999445,0.0
4953972.960003648,0.0,4.042080218691076,0.0,0.8000000000000067,303.74555552337654,303.74555499999445,303.74555499999445,0.0
4953985.920007296,0.0,4.042080210552426,0.0,0.8000000000000067,303.74555552337654,303.74555499999445,303.74555499999445,0.0
4954011.840014592,0.0,4.04208019513287,0.0,0.8000000000000067,303.74555552337654,303.74555499999445,303.74555499999445,0.0
4954063.680029183,0.0,4.042080167515328,0.0,0.8000000000000067,303.74555552337654,303.74555499999445,303.74555499999445,0.0
4954167.360058365,0.0,4.042080122867189,0.0,0.8000000000000067,303.74555552337654,303.74555499999445,303.74555499999445,0.0
4954320.0,0.0,4.042080076774338,0.0,0.8000000000000067,303.74555552337654,303.74555499999445,303.74555499999445,0.0
4954322.880000912,0.0,4.0420800761380296,0.0,0.8000000000000067,303.74555552337654,303.74555499999445,303.74555499999445,0.0
4954325.760001824,0.0,4.042080075507075,0.0,0.8000000000000067,303.74555552337654,303.74555499999445,303.74555499999445,0.0
4954331.520003648,0.0,4.042080074258081,0.0,0.8000000000000067,303.74555552337654,303.74555499999445,303.74555499999445,0.0
4954343.040007296,0.0,4.042080071823948,0.0,0.8000000000000067,303.74555552337654,303.74555499999445,303.74555499999445,0.0
4954366.080014591,0.0,4.042080067185035,0.0,0.8000000000000067,303.74555552337654,303.74555499999445,303.74555499999445,0.0
4954412.160029183,0.0,4.0420800587772945,0.0,0.8000000000000067,303.74555552337654,303.74555499999445,303.74555499999445,0.0
4954504.320058366,0.0,4.042080044879299,0.0,0.8000000000000067,303.74555552337654,303.74555499999445,303.74555499999445,0.0
4954680.0,0.0,4.042080026284951,0.0,0.8000000000000067,303.74555552337654,303.74555499999445,303.74555499999445,0.0
4954682.520000912,0.0,4.042080026100349,0.0,0.8000000000000067,303.74555552337654,303.74555499999445,303.74555499999445,0.0
4954685.040001824,0.0,4.042080025917112,0.0,0.8000000000000067,303.74555552337654,303.74555499999445,303.74555499999445,0.0
4954690.080003648,0.0,4.042080025553924,0.0,0.8000000000000067,303.74555552337654,303.74555499999445,303.74555499999445,0.0
4954700.160007296,0.0,4.042080024843811,0.0,0.8000000000000067,303.74555552337654,303.74555499999445,303.74555499999445,0.0
4954720.320014591,0.0,4.042080023482491,0.0,0.8000000000000067,303.74555552337654,303.74555499999445,303.74555499999445,0.0
4954760.640029183,0.0,4.042080020985489,0.0,0.8000000000000067,303.74555552337654,303.74555499999445,303.74555499999445,0.0
4954841.280058366,0.0,4.042080016763858,0.0,0.8000000000000067,303.74555552337654,303.74555499999445,303.74555499999445,0.0
4955002.560116732,0.0,4.042080010637113,0.0,0.8000000000000067,303.74555552337654,303.74555499999445,303.74555499999445,0.0
4955040.0,0.0,4.0420800096390685,0.0,0.8000000000000067,303.74555552337654,303.74555499999445,303.74555499999445,0.0
4955042.160000912,0.0,4.042080009586124,0.0,0.8000000000000067,303.74555552337654,303.74555499999445,303.74555499999445,0.0
4955044.320001824,0.0,4.042080009533512,0.0,0.8000000000000067,303.74555552337654,303.74555499999445,303.74555499999445,0.0
4955048.640003648,0.0,4.0420800094291,0.0,0.8000000000000067,303.74555552337654,303.74555499999445,303.74555499999445,0.0
4955057.280007295,0.0,4.042080009224298,0.0,0.8000000000000067,303.74555552337654,303.74555499999445,303.74555499999445,0.0
4955074.560014592,0.0,4.042080008829325,0.0,0.8000000000000067,303.74555552337654,303.74555499999445,303.74555499999445,0.0
4955109.120029183,0.0,4.042080008096086,0.0,0.8000000000000067,303.74555552337654,303.74555499999445,303.74555499999445,0.0
4955178.240058366,0.0,4.042080006827701,0.0,0.8000000000000067,303.74555552337654,303.74555499999445,303.74555499999445,0.0
4955316.4801167315,0.0,4.04208000490765,0.0,0.8000000000000067,303.74555552337654,303.74555499999445,303.74555499999445,0.0
4955400.0,0.0,4.042080004084202,0.0,0.8000000000000067,303.74555552337654,303.74555499999445,303.74555499999445,0.0
4955401.800000912,0.0,4.0420800040693905,0.0,0.8000000000000067,303.74555552337654,303.74555499999445,303.74555499999445,0.0
4955403.600001824,0.0,4.042080004054654,0.0,0.8000000000000067,303.74555552337654,303.74555499999445,303.74555499999445,0.0
4955407.200003648,0.0,4.042080004025372,0.0,0.8000000000000067,303.74555552337654,303.74555499999445,303.74555499999445,0.0
4955414.400007295,0.0,4.042080003967756,0.0,0.8000000000000067,303.74555552337654,303.74555499999445,303.74555499999445,0.0
4955428.800014592,0.0,4.042080003855974,0.0,0.8000000000000067,303.74555552337654,303.74555499999445,303.74555499999445,0.0
4955457.600029183,0.0,4.042080003645914,0.0,0.8000000000000067,303.74555552337654,303.74555499999445,303.74555499999445,0.0
4955515.200058366,0.0,4.042080003274018,0.0,0.8000000000000067,303.74555552337654,303.74555499999445,303.74555499999445,0.0
4955630.400116731,0.0,4.042080002686195,0.0,0.8000000000000067,303.74555552337654,303.74555499999445,303.74555499999445,0.0
4955760.0,0.0,4.042080002223136,0.0,0.8000000000000067,303.74555552337654,303.74555499999445,303.74555499999445,0.0
4955761.440000912,0.0,4.04208000221915,0.0,0.8000000000000067,303.74555552337654,303.74555499999445,303.74555499999445,0.0
4955762.880001824,0.0,4.0420800022151795,0.0,0.8000000000000067,303.74555552337654,303.74555499999445,303.74555499999445,0.0
4955765.760003648,0.0,4.042080002207285,0.0,0.8000000000000067,303.74555552337654,303.74555499999445,303.74555499999445,0.0
4955771.5200072955,0.0,4.042080002191687,0.0,0.8000000000000067,303.74555552337654,303.74555499999445,303.74555499999445,0.0
4955783.040014591,0.0,4.04208000216126,0.0,0.8000000000000067,303.74555552337654,303.74555499999445,303.74555499999445,0.0
4955806.080029183,0.0,4.042080002103367,0.0,0.8000000000000067,303.74555552337654,303.74555499999445,303.74555499999445,0.0
4955852.160058366,0.0,4.042080001998428,0.0,0.8000000000000067,303.74555552337654,303.74555499999445,303.74555499999445,0.0
4955944.320116731,0.0,4.042080001825038,0.0,0.8000000000000067,303.74555552337654,303.74555499999445,303.74555499999445,0.0
4956120.0,0.0,4.042080001593078,0.0,0.8000000000000067,303.74555552337654,303.74555499999445,303.74555499999445,0.0
4956121.080000912,0.0,4.042080001592089,0.0,0.8000000000000067,303.74555552337654,303.74555499999445,303.74555499999445,0.0
4956122.160001824,0.0,4.042080001591099,0.0,0.8000000000000067,303.74555552337654,303.74555499999445,303.74555499999445,0.0
4956124.320003648,0.0,4.042080001589126,0.0,0.8000000000000067,303.74555552337654,303.74555499999445,303.74555499999445,0.0
4956128.640007296,0.0,4.042080001585235,0.0,0.8000000000000067,303.74555552337654,303.74555499999445,303.74555499999445,0.0
4956137.280014591,0.0,4.042080001577583,0.0,0.8000000000000067,303.74555552337654,303.74555499999445,303.74555499999445,0.0
4956154.560029183,0.0,4.042080001562841,0.0,0.8000000000000067,303.74555552337654,303.74555499999445,303.74555499999445,0.0
4956189.120058366,0.0,4.04208000153548,0.0,0.8000000000000067,303.74555552337654,303.74555499999445,303.74555499999445,0.0
4956258.240116731,0.0,4.042080001488165,0.0,0.8000000000000067,303.74555552337654,303.74555499999445,303.74555499999445,0.0
4956396.480233463,0.0,4.042080001416537,0.0,0.8000000000000067,303.74555552337654,303.74555499999445,303.74555499999445,0.0
4956480.0,0.0,4.042080001385818,0.0,0.8000000000000067,303.74555552337654,303.74555499999445,303.74555499999445,0.0
4956480.7200009115,0.0,4.042080001385598,0.0,0.8000000000000067,303.74555552337654,303.74555499999445,303.74555499999445,0.0
4956481.440001824,0.0,4.042080001385376,0.0,0.8000000000000067,303.74555552337654,303.74555499999445,303.74555499999445,0.0
4956482.880003648,0.0,4.042080001384937,0.0,0.8000000000000067,303.74555552337654,303.74555499999445,303.74555499999445,0.0
4956485.760007296,0.0,4.042080001384059,0.0,0.8000000000000067,303.74555552337654,303.74555499999445,303.74555499999445,0.0
4956491.5200145915,0.0,4.042080001382326,0.0,0.8000000000000067,303.74555552337654,303.74555499999445,303.74555499999445,0.0
4956503.040029183,0.0,4.042080001378949,0.0,0.8000000000000067,303.74555552337654,303.74555499999445,303.74555499999445,0.0
4956526.080058366,0.0,4.042080001372524,0.0,0.8000000000000067,303.74555552337654,303.74555499999445,303.74555499999445,0.0
4956572.160116731,0.0,4.042080001360878,0.0,0.8000000000000067,303.74555552337654,303.74555499999445,303.74555499999445,0.0
4956664.320233463,0.0,4.042080001341628,0.0,0.8000000000000067,303.74555552337654,303.74555499999445,303.74555499999445,0.0
4956840.0,0.0,4.042080001315883,0.0,0.8000000000000067,303.74555552337654,303.74555499999445,303.74555499999445,0.0
4956840.360000912,0.0,4.042080001315851,0.0,0.8000000000000067,303.74555552337654,303.74555499999445,303.74555499999445,0.0
4956840.720001824,0.0,4.04208000131581,0.0,0.8000000000000067,303.74555552337654,303.74555499999445,303.74555499999445,0.0
4956841.4400036475,0.0,4.042080001315737,0.0,0.8000000000000067,303.74555552337654,303.74555499999445,303.74555499999445,0.0
4956842.880007296,0.0,4.04208000131559,0.0,0.8000000000000067,303.74555552337654,303.74555499999445,303.74555499999445,0.0
4956845.760014592,0.0,4.042080001315304,0.0,0.8000000000000067,303.74555552337654,303.74555499999445,303.74555499999445,0.0
4956851.520029183,0.0,4.042080001314728,0.0,0.8000000000000067,303.74555552337654,303.74555499999445,303.74555499999445,0.0
4956863.040058366,0.0,4.042080001313611,0.0,0.8000000000000067,303.74555552337654,303.74555499999445,303.74555499999445,0.0
4956886.080116732,0.0,4.042080001311483,0.0,0.8000000000000067,303.74555552337654,303.74555499999445,303.74555499999445,0.0
4956932.160233463,0.0,4.042080001307632,0.0,0.8000000000000067,303.74555552337654,303.74555499999445,303.74555499999445,0.0
4957024.320466926,0.0,4.042080001301253,0.0,0.8000000000000067,303.74555552337654,303.74555499999445,303.74555499999445,0.0
4957200.0,0.0,4.042080001292735,0.0,0.8000000000000067,303.74555552337654,303.74555499999445,303.74555499999445,0.0
4960800.0,0.0,4.042080001292735,0.0,0.8000000000000067,303.1461523069844,303.14615200009,303.14615200009,0.0
4960803.600000965,0.0,4.042080001292613,0.0,0.8000000000000067,303.1461523069844,303.14615200009,303.14615200009,0.0
4960807.200001931,0.0,4.042080001292494,0.0,0.8000000000000067,303.1461523069844,303.14615200009,303.14615200009,0.0
4960814.400003863,0.0,4.042080001292259,0.0,0.8000000000000067,303.1461523069844,303.14615200009,303.14615200009,0.0
4960828.800007725,0.0,4.042080001291806,0.0,0.8000000000000067,303.1461523069844,303.14615200009,303.14615200009,0.0
4960857.600015449,0.0,4.042080001290943,0.0,0.8000000000000067,303.1461523069844,303.14615200009,303.14615200009,0.0
4960915.2000309,0.0,4.042080001289431,0.0,0.8000000000000067,303.1461523069844,303.14615200009,303.14615200009,0.0
4961030.400061799,0.0,4.042080001287024,0.0,0.8000000000000067,303.1461523069844,303.14615200009,303.14615200009,0.0
4961160.0,0.0,4.042080001285131,0.0,0.8000000000000067,303.1461523069844,303.14615200009,303.14615200009,0.0
4961163.240000966,0.0,4.042080001285102,0.0,0.8000000000000067,303.1461523069844,303.14615200009,303.14615200009,0.0
4961166.480001931,0.0,4.042080001285065,0.0,0.8000000000000067,303.1461523069844,303.14615200009,303.14615200009,0.0
4961172.960003862,0.0,4.04208000128499,0.0,0.8000000000000067,303.1461523069844,303.14615200009,303.14615200009,0.0
4961185.920007725,0.0,4.042080001284852,0.0,0.8000000000000067,303.1461523069844,303.14615200009,303.14615200009,0.0
4961211.84001545,0.0,4.042080001284589,0.0,0.8000000000000067,303.1461523069844,303.14615200009,303.14615200009,0.0
4961263.680030899,0.0,4.04208000128412,0.0,0.8000000000000067,303.1461523069844,303.14615200009,303.14615200009,0.0
4961367.360061799,0.0,4.042080001283356,0.0,0.8000000000000067,303.1461523069844,303.14615200009,303.14615200009,0.0
4961520.0,0.0,4.042080001282585,0.0,0.8000000000000067,303.1461523069844,303.14615200009,303.14615200009,0.0
4961522.880000966,0.0,4.042080001282573,0.0,0.8000000000000067,303.1461523069844,303.14615200009,303.14615200009,0.0
4961525.760001931,0.0,4.042080001282562,0.0,0.8000000000000067,303.1461523069844,303.14615200009,303.14615200009,0.0
4961531.520003863,0.0,4.042080001282544,0.0,0.8000000000000067,303.1461523069844,303.14615200009,303.14615200009,0.0
4961543.040007724,0.0,4.0420800012825016,0.0,0.8000000000000067,303.1461523069844,303.14615200009,303.14615200009,0.0
4961566.08001545,0.0,4.042080001282422,0.0,0.8000000000000067,303.1461523069844,303.14615200009,303.14615200009,0.0
4961612.1600309,0.0,4.042080001282274,0.0,0.8000000000000067,303.1461523069844,303.14615200009,303.14615200009,0.0
4961704.320061799,0.0,4.042080001282036,0.0,0.8000000000000067,303.1461523069844,303.14615200009,303.14615200009,0.0
4961880.0,0.0,4.042080001281711,0.0,0.8000000000000067,303.1461523069844,303.14615200009,303.14615200009,0.0
4961882.520000965,0.0,4.042080001281716,0.0,0.8000000000000067,303.1461523069844,303.14615200009,303.14615200009,0.0
4961885.040001932,0.0,4.042080001281709,0.0,0.8000000000000067,303.1461523069844,303.14615200009,303.14615200009,0.0
4961890.080003862,0.0,4.042080001281697,0.0,0.8000000000000067,303.1461523069844,303.14615200009,303.14615200009,0.0
4961900.160007725,0.0,4.0420800012816915,0.0,0.8000000000000067,303.1461523069844,303.14615200009,303.14615200009,0.0
4961920.32001545,0.0,4.042080001281667,0.0,0.8000000000000067,303.1461523069844,303.14615200009,303.14615200009,0.0
4961960.640030899,0.0,4.042080001281629,0.0,0.8000000000000067,303.1461523069844,303.14615200009,303.14615200009,0.0
4962041.280061799,0.0,4.042080001281562,0.0,0.8000000000000067,303.1461523069844,303.14615200009,303.14615200009,0.0
4962202.560123598,0.0,4.042080001281473,0.0,0.8000000000000067,303.1461523069844,303.14615200009,303.14615200009,0.0
4962240.0,0.0,4.042080001281452,0.0,0.8000000000000067,303.1461523069844,303.14615200009,303.14615200009,0.0
4962242.160000966,0.0,4.0420800012814535,0.0,0.8000000000000067,303.1461523069844,303.14615200009,303.14615200009,0.0
4962244.320001931,0.0,4.04208000128145,0.0,0.8000000000000067,303.1461523069844,303.14615200009,303.14615200009,0.0
4962248.640003863,0.0,4.042080001281446,0.0,0.8000000000000067,303.1461523069844,303.14615200009,303.14615200009,0.0
4962257.280007725,0.0,4.04208000128145,0.0,0.8000000000000067,303.1461523069844,303.14615200009,303.14615200009,0.0
4962274.560015449,0.0,4.0420800012814375,0.0,0.8000000000000067,303.1461523069844,303.14615200009,303.14615200009,0.0
4962309.1200308995,0.0,4.042080001281425,0.0,0.8000000000000067,303.1461523069844,303.14615200009,303.14615200009,0.0
4962378.240061799,0.0,4.0420800012814,0.0,0.8000000000000067,303.1461523069844,303.14615200009,303.14615200009,0.0
4962516.480123598,0.0,4.042080001281363,0.0,0.8000000000000067,303.1461523069844,303.14615200009,303.14615200009,0.0
4962600.0,0.0,4.042080001281352,0.0,0.8000000000000067,303.1461523069844,303.14615200009,303.14615200009,0.0
4962601.800000966,0.0,4.042080001281352,0.0,0.8000000000000067,303.1461523069844,303.14615200009,303.14615200009,0.0
4962603.600001931,0.0,4.0420800012813505,0.0,0.8000000000000067,303.1461523069844,303.14615200009,303.14615200009,0.0
4962607.200003862,0.0,4.042080001281352,0.0,0.8000000000000067,303.1461523069844,303.14615200009,303.14615200009,0.0
4962614.400007725,0.0,4.042080001281349,0.0,0.8000000000000067,303.1461523069844,303.14615200009,303.14615200009,0.0
4962628.8000154495,0.0,4.042080001281349,0.0,0.8000000000000067,303.1461523069844,303.14615200009,303.14615200009,0.0
4962657.6000309,0.0,4.042080001281343,0.0,0.8000000000000067,303.1461523069844,303.14615200009,303.14615200009,0.0
4962715.200061799,0.0,4.042080001281329,0.0,0.8000000000000067,303.1461523069844,303.14615200009,303.14615200009,0.0
4962830.400123598,0.0,4.042080001281324,0.0,0.8000000000000067,303.1461523069844,303.14615200009,303.14615200009,0.0
4962960.0,0.0,4.042080001281313,0.0,0.8000000000000067,303.1461523069844,303.14615200009,303.14615200009,0.0
4962961.440000965,0.0,4.042080001281311,0.0,0.8000000000000067,303.1461523069844,303.14615200009,303.14615200009,0.0
4962962.880001931,0.0,4.042080001281313,0.0,0.8000000000000067,303.1461523069844,303.14615200009,303.14615200009,0.0
4962965.760003863,0.0,4.042080001281311,0.0,0.8000000000000067,303.1461523069844,303.14615200009,303.14615200009,0.0
4962971.520007725,0.0,4.042080001281313,0.0,0.8000000000000067,303.1461523069844,303.14615200009,303.14615200009,0.0
4962983.04001545,0.0,4.042080001281313,0.0,0.8000000000000067,303.1461523069844,303.14615200009,303.14615200009,0.0
4963006.0800308995,0.0,4.042080001281308,0.0,0.8000000000000067,303.1461523069844,303.14615200009,303.14615200009,0.0
4963052.160061799,0.0,4.042080001281308,0.0,0.8000000000000067,303.1461523069844,303.14615200009,303.14615200009,0.0
4963144.320123598,0.0,4.0420800012813025,0.0,0.8000000000000067,303.1461523069844,303.14615200009,303.14615200009,0.0
4963320.0,0.0,4.042080001281299,0.0,0.8000000000000067,303.1461523069844,303.14615200009,303.14615200009,0.0
4963321.080000966,0.0,4.042080001281299,0.0,0.8000000000000067,303.1461523069844,303.14615200009,303.14615200009,0.0
4963322.160001931,0.0,4.042080001281299,0.0,0.8000000000000067,303.1461523069844,303.14615200009,303.14615200009,0.0
4963324.3200038625,0.0,4.0420800012813025,0.0,0.8000000000000067,303.1461523069844,303.14615200009,303.14615200009,0.0
4963328.640007725,0.0,4.042080001281297,0.0,0.8000000000000067,303.1461523069844,303.14615200009,303.14615200009,0.0
4963337.28001545,0.0,4.0420800012813025,0.0,0.8000000000000067,303.1461523069844,303.14615200009,303.14615200009,0.0
4963354.5600309,0.0,4.042080001281301,0.0,0.8000000000000067,303.1461523069844,303.14615200009,303.14615200009,0.0
4963389.120061799,0.0,4.042080001281294,0.0,0.8000000000000067,303.1461523069844,303.14615200009,303.14615200009,0.0
4963458.240123598,0.0,4.042080001281288,0.0,0.8000000000000067,303.1461523069844,303.14615200009,303.14615200009,0.0
4963596.480247196,0.0,4.042080001281294,0.0,0.8000000000000067,303.1461523069844,303.14615200009,303.14615200009,0.0
4963680.0,0.0,4.042080001281292,0.0,0.8000000000000067,303.1461523069844,303.14615200009,303.14615200009,0.0
4963680.7200009655,0.0,4.042080001281292,0.0,0.8000000000000067,303.1461523069844,303.14615200009,303.14615200009,0.0
4963681.440001931,0.0,4.042080001281292,0.0,0.8000000000000067,303.1461523069844,303.14615200009,303.14615200009,0.0
4963682.880003862,0.0,4.042080001281292,0.0,0.8000000000000067,303.1461523069844,303.14615200009,303.14615200009,0.0
4963685.760007725,0.0,4.042080001281292,0.0,0.8000000000000067,303.1461523069844,303.14615200009,303.14615200009,0.0
4963691.52001545,0.0,4.042080001281292,0.0,0.8000000000000067,303.1461523069844,303.14615200009,303.14615200009,0.0
4963703.040030899,0.0,4.042080001281292,0.0,0.8000000000000067,303.1461523069844,303.14615200009,303.14615200009,0.0
4963726.080061799,0.0,4.042080001281292,0.0,0.8000000000000067,303.1461523069844,303.14615200009,303.14615200009,0.0
4963772.160123598,0.0,4.042080001281292,0.0,0.8000000000000067,303.1461523069844,303.14615200009,303.14615200009,0.0
4963864.320247197,0.0,4.042080001281292,0.0,0.8000000000000067,303.1461523069844,303.14615200009,303.14615200009,0.0
4964040.0,0.0,4.04208000128129,0.0,0.8000000000000067,303.1461523069844,303.14615200009,303.14615200009,0.0
4964040.360000965,0.0,4.04208000128129,0.0,0.8000000000000067,303.1461523069844,303.14615200009,303.14615200009,0.0
4964040.720001931,0.0,4.04208000128129,0.0,0.8000000000000067,303.1461523069844,303.14615200009,303.14615200009,0.0
4964041.440003863,0.0,4.04208000128129,0.0,0.8000000000000067,303.1461523069844,303.14615200009,303.14615200009,0.0
4964042.880007725,0.0,4.04208000128129,0.0,0.8000000000000067,303.1461523069844,303.14615200009,303.14615200009,0.0
4964045.7600154495,0.0,4.04208000128129,0.0,0.8000000000000067,303.1461523069844,303.14615200009,303.14615200009,0.0
4964051.5200309,0.0,4.04208000128129,0.0,0.8000000000000067,303.1461523069844,303.14615200009,303.14615200009,0.0
4964063.040061799,0.0,4.04208000128129,0.0,0.8000000000000067,303.1461523069844,303.14615200009,303.14615200009,0.0
4964086.080123598,0.0,4.04208000128129,0.0,0.8000000000000067,303.1461523069844,303.14615200009,303.14615200009,0.0
4964132.160247196,0.0,4.0420800012812865,0.0,0.8000000000000067,303.1461523069844,303.14615200009,303.14615200009,0.0
4964224.320494392,0.0,4.04208000128129,0.0,0.8000000000000067,303.1461523069844,303.14615200009,303.14615200009,0.0
4964400.0,0.0,4.0420800012812865,0.0,0.8000000000000067,303.1461523069844,303.14615200009,303.14615200009,0.0
4968000.0,0.0,4.0420800012812865,0.0,0.8000000000000067,302.1926414883162,302.19264100011856,302.19264100011856,0.0
4968003.600001019,0.0,4.0420800012812865,0.0,0.8000000000000067,302.1926414883162,302.19264100011856,302.19264100011856,0.0
4968007.200002039,0.0,4.0420800012812865,0.0,0.8000000000000067,302.1926414883162,302.19264100011856,302.19264100011856,0.0
4968014.400004077,0.0,4.0420800012812865,0.0,0.8000000000000067,302.1926414883162,302.19264100011856,302.19264100011856,0.0
4968028.8000081545,0.0,4.0420800012812865,0.0,0.8000000000000067,302.1926414883162,302.19264100011856,302.19264100011856,0.0
4968057.600016308,0.0,4.0420800012812865,0.0,0.8000000000000067,302.1926414883162,302.19264100011856,302.19264100011856,0.0
4968115.200032616,0.0,4.0420800012812865,0.0,0.8000000000000067,302.1926414883162,302.19264100011856,302.19264100011856,0.0
4968230.400065232,0.0,4.0420800012812865,0.0,0.8000000000000067,302.1926414883162,302.19264100011856,302.19264100011856,0.0
4968360.0,0.0,4.042080001281288,0.0,0.8000000000000067,302.1926414883162,302.19264100011856,302.19264100011856,0.0
4968363.240001019,0.0,4.042080001281288,0.0,0.8000000000000067,302.1926414883162,302.19264100011856,302.19264100011856,0.0
4968366.480002038,0.0,4.042080001281288,0.0,0.8000000000000067,302.1926414883162,302.19264100011856,302.19264100011856,0.0
4968372.960004077,0.0,4.042080001281288,0.0,0.8000000000000067,302.1926414883162,302.19264100011856,302.19264100011856,0.0
4968385.920008154,0.0,4.04208000128129,0.0,0.8000000000000067,302.1926414883162,302.19264100011856,302.19264100011856,0.0
4968411.840016308,0.0,4.04208000128129,0.0,0.8000000000000067,302.1926414883162,302.19264100011856,302.19264100011856,0.0
4968463.6800326165,0.0,4.04208000128129,0.0,0.8000000000000067,302.1926414883162,302.19264100011856,302.19264100011856,0.0
4968567.360065232,0.0,4.0420800012812865,0.0,0.8000000000000067,302.1926414883162,302.19264100011856,302.19264100011856,0.0
4968720.0,0.0,4.04208000128129,0.0,0.8000000000000067,302.1926414883162,302.19264100011856,302.19264100011856,0.0
4968722.88000102,0.0,4.04208000128129,0.0,0.8000000000000067,302.1926414883162,302.19264100011856,302.19264100011856,0.0
4968725.760002038,0.0,4.04208000128129,0.0,0.8000000000000067,302.1926414883162,302.19264100011856,302.19264100011856,0.0
4968731.520004077,0.0,4.04208000128129,0.0,0.8000000000000067,302.1926414883162,302.19264100011856,302.19264100011856,0.0
4968743.040008154,0.0,4.04208000128129,0.0,0.8000000000000067,302.1926414883162,302.19264100011856,302.19264100011856,0.0
4968766.080016308,0.0,4.04208000128129,0.0,0.8000000000000067,302.1926414883162,302.19264100011856,302.19264100011856,0.0
4968812.160032616,0.0,4.04208000128129,0.0,0.8000000000000067,302.1926414883162,302.19264100011856,302.19264100011856,0.0
4968904.320065232,0.0,4.04208000128129,0.0,0.8000000000000067,302.1926414883162,302.19264100011856,302.19264100011856,0.0
4969080.0,0.0,4.0420800012812865,0.0,0.8000000000000067,302.1926414883162,302.19264100011856,302.19264100011856,0.0
4969082.520001019,0.0,4.0420800012812865,0.0,0.8000000000000067,302.1926414883162,302.19264100011856,302.19264100011856,0.0
4969085.040002039,0.0,4.0420800012812865,0.0,0.8000000000000067,302.1926414883162,302.19264100011856,302.19264100011856,0.0
4969090.080004077,0.0,4.0420800012812865,0.0,0.8000000000000067,302.1926414883162,302.19264100011856,302.19264100011856,0.0
4969100.160008154,0.0,4.0420800012812865,0.0,0.8000000000000067,302.1926414883162,302.19264100011856,302.19264100011856,0.0
4969120.320016308,0.0,4.04208000128129,0.0,0.8000000000000067,302.1926414883162,302.19264100011856,302.19264100011856,0.0
4969160.640032616,0.0,4.042080001281288,0.0,0.8000000000000067,302.1926414883162,302.19264100011856,302.19264100011856,0.0
4969241.280065232,0.0,4.0420800012812865,0.0,0.8000000000000067,302.1926414883162,302.19264100011856,302.19264100011856,0.0
4969402.560130465,0.0,4.0420800012812865,0.0,0.8000000000000067,302.1926414883162,302.19264100011856,302.19264100011856,0.0
4969440.0,0.0,4.04208000128129,0.0,0.8000000000000067,302.1926414883162,302.19264100011856,302.19264100011856,0.0
4969442.160001019,0.0,4.04208000128129,0.0,0.8000000000000067,302.1926414883162,302.19264100011856,302.19264100011856,0.0
4969444.320002038,0.0,4.04208000128129,0.0,0.8000000000000067,302.1926414883162,302.19264100011856,302.19264100011856,0.0
4969448.640004077,0.0,4.04208000128129,0.0,0.8000000000000067,302.1926414883162,302.19264100011856,302.19264100011856,0.0
4969457.280008154,0.0,4.04208000128129,0.0,0.8000000000000067,302.1926414883162,302.19264100011856,302.19264100011856,0.0
4969474.560016308,0.0,4.04208000128129,0.0,0.8000000000000067,302.1926414883162,302.19264100011856,302.19264100011856,0.0
4969509.120032616,0.0,4.04208000128129,0.0,0.8000000000000067,302.1926414883162,302.19264100011856,302.19264100011856,0.0
4969578.240065232,0.0,4.04208000128129,0.0,0.8000000000000067,302.1926414883162,302.19264100011856,302.19264100011856,0.0
4969716.480130465,0.0,4.04208000128129,0.0,0.8000000000000067,302.1926414883162,302.19264100011856,302.19264100011856,0.0
4969800.0,0.0,4.042080001281288,0.0,0.8000000000000067,302.1926414883162,302.19264100011856,302.19264100011856,0.0
4969801.80000102,0.0,4.042080001281288,0.0,0.8000000000000067,302.1926414883162,302.19264100011856,302.19264100011856,0.0
4969803.600002038,0.0,4.042080001281288,0.0,0.8000000000000067,302.1926414883162,302.19264100011856,302.19264100011856,0.0
4969807.200004077,0.0,4.042080001281288,0.0,0.8000000000000067,302.1926414883162,302.19264100011856,302.19264100011856,0.0
4969814.400008154,0.0,4.042080001281288,0.0,0.8000000000000067,302.1926414883162,302.19264100011856,302.19264100011856,0.0
4969828.800016308,0.0,4.042080001281288,0.0,0.8000000000000067,302.1926414883162,302.19264100011856,302.19264100011856,0.0
4969857.600032616,0.0,4.042080001281288,0.0,0.8000000000000067,302.1926414883162,302.19264100011856,302.19264100011856,0.0
4969915.200065232,0.0,4.042080001281288,0.0,0.8000000000000067,302.1926414883162,302.19264100011856,302.19264100011856,0.0
4970030.400130465,0.0,4.042080001281292,0.0,0.8000000000000067,302.1926414883162,302.19264100011856,302.19264100011856,0.0
4970160.0,0.0,4.04208000128129,0.0,0.8000000000000067,302.1926414883162,302.19264100011856,302.19264100011856,0.0
4970161.440001019,0.0,4.04208000128129,0.0,0.8000000000000067,302.1926414883162,302.19264100011856,302.19264100011856,0.0
4970162.880002039,0.0,4.04208000128129,0.0,0.8000000000000067,302.1926414883162,302.19264100011856,302.19264100011856,0.0
4970165.760004077,0.0,4.04208000128129,0.0,0.8000000000000067,302.1926414883162,302.19264100011856,302.19264100011856,0.0
4970171.520008154,0.0,4.04208000128129,0.0,0.8000000000000067,302.1926414883162,302.19264100011856,302.19264100011856,0.0
4970183.040016308,0.0,4.04208000128129,0.0,0.8000000000000067,302.1926414883162,302.19264100011856,302.19264100011856,0.0
4970206.080032616,0.0,4.04208000128129,0.0,0.8000000000000067,302.1926414883162,302.19264100011856,302.19264100011856,0.0
4970252.160065232,0.0,4.04208000128129,0.0,0.8000000000000067,302.1926414883162,302.19264100011856,302.19264100011856,0.0
4970344.320130465,0.0,4.042080001281292,0.0,0.8000000000000067,302.1926414883162,302.19264100011856,302.19264100011856,0.0
4970520.0,0.0,4.04208000128129,0.0,0.8000000000000067,302.1926414883162,302.19264100011856,302.19264100011856,0.0
4970521.080001019,0.0,4.04208000128129,0.0,0.8000000000000067,302.1926414883162,302.19264100011856,302.19264100011856,0.0
4970522.160002039,0.0,4.04208000128129,0.0,0.8000000000000067,302.1926414883162,302.19264100011856,302.19264100011856,0.0
4970524.320004077,0.0,4.04208000128129,0.0,0.8000000000000067,302.1926414883162,302.19264100011856,302.19264100011856,0.0
4970528.640008154,0.0,4.04208000128129,0.0,0.8000000000000067,302.1926414883162,302.19264100011856,302.19264100011856,0.0
4970537.280016308,0.0,4.04208000128129,0.0,0.8000000000000067,302.1926414883162,302.19264100011856,302.19264100011856,0.0
4970554.560032616,0.0,4.042080001281288,0.0,0.8000000000000067,302.1926414883162,302.19264100011856,302.19264100011856,0.0
4970589.120065233,0.0,4.042080001281292,0.0,0.8000000000000067,302.1926414883162,302.19264100011856,302.19264100011856,0.0
4970658.240130465,0.0,4.042080001281292,0.0,0.8000000000000067,302.1926414883162,302.19264100011856,302.19264100011856,0.0
4970796.480260929,0.0,4.042080001281292,0.0,0.8000000000000067,302.1926414883162,302.19264100011856,302.19264100011856,0.0
4970880.0,0.0,4.042080001281292,0.0,0.8000000000000067,302.1926414883162,302.19264100011856,302.19264100011856,0.0
4970880.72000102,0.0,4.042080001281292,0.0,0.8000000000000067,302.1926414883162,302.19264100011856,302.19264100011856,0.0
4970881.440002038,0.0,4.042080001281292,0.0,0.8000000000000067,302.1926414883162,302.19264100011856,302.19264100011856,0.0
4970882.880004077,0.0,4.042080001281292,0.0,0.8000000000000067,302.1926414883162,302.19264100011856,302.19264100011856,0.0
4970885.760008154,0.0,4.042080001281292,0.0,0.8000000000000067,302.1926414883162,302.19264100011856,302.19264100011856,0.0
4970891.520016308,0.0,4.042080001281292,0.0,0.8000000000000067,302.1926414883162,302.19264100011856,302.19264100011856,0.0
4970903.040032616,0.0,4.042080001281292,0.0,0.8000000000000067,302.1926414883162,302.19264100011856,302.19264100011856,0.0
4970926.080065233,0.0,4.042080001281292,0.0,0.8000000000000067,302.1926414883162,302.19264100011856,302.19264100011856,0.0
4970972.1601304645,0.0,4.042080001281292,0.0,0.8000000000000067,302.1926414883162,302.19264100011856,302.19264100011856,0.0
4971064.320260929,0.0,4.042080001281292,0.0,0.8000000000000067,302.1926414883162,302.19264100011856,302.19264100011856,0.0
4971240.0,0.0,4.04208000128129,0.0,0.8000000000000067,302.1926414883162,302.19264100011856,302.19264100011856,0.0
4971240.360001019,0.0,4.04208000128129,0.0,0.8000000000000067,302.1926414883162,302.19264100011856,302.19264100011856,0.0
4971240.720002038,0.0,4.04208000128129,0.0,0.8000000000000067,302.1926414883162,302.19264100011856,302.19264100011856,0.0
4971241.440004077,0.0,4.04208000128129,0.0,0.8000000000000067,302.1926414883162,302.19264100011856,302.19264100011856,0.0
4971242.880008154,0.0,4.04208000128129,0.0,0.8000000000000067,302.1926414883162,302.19264100011856,302.19264100011856,0.0
4971245.760016308,0.0,4.04208000128129,0.0,0.8000000000000067,302.1926414883162,302.19264100011856,302.19264100011856,0.0
4971251.520032616,0.0,4.04208000128129,0.0,0.8000000000000067,302.1926414883162,302.19264100011856,302.19264100011856,0.0
4971263.040065233,0.0,4.04208000128129,0.0,0.8000000000000067,302.1926414883162,302.19264100011856,302.19264100011856,0.0
4971286.080130464,0.0,4.04208000128129,0.0,0.8000000000000067,302.1926414883162,302.19264100011856,302.19264100011856,0.0
4971332.160260929,0.0,4.04208000128129,0.0,0.8000000000000067,302.1926414883162,302.19264100011856,302.19264100011856,0.0
4971424.3205218585,0.0,4.04208000128129,0.0,0.8000000000000067,302.1926414883162,302.19264100011856,302.19264100011856,0.0
4971600.0,0.0,4.04208000128129,0.0,0.8000000000000067,302.1926414883162,302.19264100011856,302.19264100011856,0.0
4975200.0,0.0,4.04208000128129,0.0,0.8000000000000067,300.9500006362904,300.95000000005814,300.95000000005814,0.0
4975203.6000010725,0.0,4.04208000128129,0.0,0.8000000000000067,300.9500006362904,300.95000000005814,300.95000000005814,0.0
4975207.200002146,0.0,4.04208000128129,0.0,0.8000000000000067,300.9500006362904,300.95000000005814,300.95000000005814,0.0
4975214.400004292,0.0,4.04208000128129,0.0,0.8000000000000067,300.9500006362904,300.95000000005814,300.95000000005814,0.0
4975228.800008583,0.0,4.04208000128129,0.0,0.8000000000000067,300.9500006362904,300.95000000005814,300.95000000005814,0.0
4975257.600017167,0.0,4.04208000128129,0.0,0.8000000000000067,300.9500006362904,300.95000000005814,300.95000000005814,0.0
4975315.200034332,0.0,4.04208000128129,0.0,0.8000000000000067,300.9500006362904,300.95000000005814,300.95000000005814,0.0
4975430.400068666,0.0,4.042080001281292,0.0,0.8000000000000067,300.9500006362904,300.95000000005814,300.95000000005814,0.0
4975560.0,0.0,4.04208000128129,0.0,0.8000000000000067,300.9500006362904,300.95000000005814,300.95000000005814,0.0
4975563.240001073,0.0,4.04208000128129,0.0,0.8000000000000067,300.9500006362904,300.95000000005814,300.95000000005814,0.0
4975566.480002146,0.0,4.04208000128129,0.0,0.8000000000000067,300.9500006362904,300.95000000005814,300.95000000005814,0.0
4975572.9600042915,0.0,4.04208000128129,0.0,0.8000000000000067,300.9500006362904,300.95000000005814,300.95000000005814,0.0
4975585.920008583,0.0,4.04208000128129,0.0,0.8000000000000067,300.9500006362904,300.95000000005814,300.95000000005814,0.0
4975611.840017166,0.0,4.04208000128129,0.0,0.8000000000000067,300.9500006362904,300.95000000005814,300.95000000005814,0.0
4975663.680034333,0.0,4.04208000128129,0.0,0.8000000000000067,300.9500006362904,300.95000000005814,300.95000000005814,0.0
4975767.360068666,0.0,4.042080001281292,0.0,0.8000000000000067,300.9500006362904,300.95000000005814,300.95000000005814,0.0
4975920.0,0.0,4.04208000128129,0.0,0.8000000000000067,300.9500006362904,300.95000000005814,300.95000000005814,0.0
4975922.880001073,0.0,4.04208000128129,0.0,0.8000000000000067,300.9500006362904,300.95000000005814,300.95000000005814,0.0
4975925.760002146,0.0,4.04208000128129,0.0,0.8000000000000067,300.9500006362904,300.95000000005814,300.95000000005814,0.0
4975931.520004292,0.0,4.04208000128129,0.0,0.8000000000000067,300.9500006362904,300.95000000005814,300.95000000005814,0.0
4975943.040008583,0.0,4.04208000128129,0.0,0.8000000000000067,300.9500006362904,300.95000000005814,300.95000000005814,0.0
4975966.080017166,0.0,4.042080001281292,0.0,0.8000000000000067,300.9500006362904,300.95000000005814,300.95000000005814,0.0
4976012.160034332,0.0,4.04208000128129,0.0,0.8000000000000067,300.9500006362904,300.95000000005814,300.95000000005814,0.0
4976104.320068666,0.0,4.04208000128129,0.0,0.8000000000000067,300.9500006362904,300.95000000005814,300.95000000005814,0.0
4976280.0,0.0,4.042080001281292,0.0,0.8000000000000067,300.9500006362904,300.95000000005814,300.95000000005814,0.0
4976282.520001072,0.0,4.042080001281292,0.0,0.8000000000000067,300.9500006362904,300.95000000005814,300.95000000005814,0.0
4976285.040002146,0.0,4.042080001281292,0.0,0.8000000000000067,300.9500006362904,300.95000000005814,300.95000000005814,0.0
4976290.080004292,0.0,4.042080001281292,0.0,0.8000000000000067,300.9500006362904,300.95000000005814,300.95000000005814,0.0
4976300.160008583,0.0,4.042080001281292,0.0,0.8000000000000067,300.9500006362904,300.95000000005814,300.95000000005814,0.0
4976320.320017166,0.0,4.042080001281292,0.0,0.8000000000000067,300.9500006362904,300.95000000005814,300.95000000005814,0.0
4976360.640034333,0.0,4.042080001281292,0.0,0.8000000000000067,300.9500006362904,300.95000000005814,300.95000000005814,0.0
4976441.280068666,0.0,4.042080001281292,0.0,0.8000000000000067,300.9500006362904,300.95000000005814,300.95000000005814,0.0
4976602.5601373315,0.0,4.04208000128129,0.0,0.8000000000000067,300.9500006362904,300.95000000005814,300.95000000005814,0.0
4976640.0,0.0,4.042080001281292,0.0,0.8000000000000067,300.9500006362904,300.95000000005814,300.95000000005814,0.0
4976642.160001073,0.0,4.042080001281292,0.0,0.8000000000000067,300.9500006362904,300.95000000005814,300.95000000005814,0.0
4976644.320002146,0.0,4.042080001281292,0.0,0.8000000000000067,300.9500006362904,300.95000000005814,300.95000000005814,0.0
4976648.640004291,0.0,4.042080001281292,0.0,0.8000000000000067,300.9500006362904,300.95000000005814,300.95000000005814,0.0
4976657.280008583,0.0,4.042080001281292,0.0,0.8000000000000067,300.9500006362904,300.95000000005814,300.95000000005814,0.0
4976674.560017167,0.0,4.042080001281292,0.0,0.8000000000000067,300.9500006362904,300.95000000005814,300.95000000005814,0.0
4976709.120034332,0.0,4.042080001281292,0.0,0.8000000000000067,300.9500006362904,300.95000000005814,300.95000000005814,0.0
4976778.240068666,0.0,4.042080001281294,0.0,0.8000000000000067,300.9500006362904,300.95000000005814,300.95000000005814,0.0
4976916.480137331,0.0,4.042080001281294,0.0,0.8000000000000067,300.9500006362904,300.95000000005814,300.95000000005814,0.0
4977000.0,0.0,4.042080001281292,0.0,0.8000000000000067,300.9500006362904,300.95000000005814,300.95000000005814,0.0
4977001.800001073,0.0,4.042080001281292,0.0,0.8000000000000067,300.9500006362904,300.95000000005814,300.95000000005814,0.0
4977003.600002145,0.0,4.042080001281292,0.0,0.8000000000000067,300.9500006362904,300.95000000005814,300.95000000005814,0.0
4977007.200004292,0.0,4.042080001281292,0.0,0.8000000000000067,300.9500006362904,300.95000000005814,300.95000000005814,0.0
4977014.400008583,0.0,4.042080001281292,0.0,0.8000000000000067,300.9500006362904,300.95000000005814,300.95000000005814,0.0
4977028.800017166,0.0,4.042080001281292,0.0,0.8000000000000067,300.9500006362904,300.95000000005814,300.95000000005814,0.0
4977057.600034333,0.0,4.042080001281294,0.0,0.8000000000000067,300.9500006362904,300.95000000005814,300.95000000005814,0.0
4977115.200068666,0.0,4.042080001281294,0.0,0.8000000000000067,300.9500006362904,300.95000000005814,300.95000000005814,0.0
4977230.400137331,0.0,4.042080001281294,0.0,0.8000000000000067,300.9500006362904,300.95000000005814,300.95000000005814,0.0
4977360.0,0.0,4.042080001281294,0.0,0.8000000000000067,300.9500006362904,300.95000000005814,300.95000000005814,0.0
4977361.440001073,0.0,4.042080001281294,0.0,0.8000000000000067,300.9500006362904,300.95000000005814,300.95000000005814,0.0
4977362.880002146,0.0,4.042080001281294,0.0,0.8000000000000067,300.9500006362904,300.95000000005814,300.95000000005814,0.0
4977365.760004291,0.0,4.042080001281294,0.0,0.8000000000000067,300.9500006362904,300.95000000005814,300.95000000005814,0.0
4977371.520008584,0.0,4.042080001281294,0.0,0.8000000000000067,300.9500006362904,300.95000000005814,300.95000000005814,0.0
4977383.040017166,0.0,4.042080001281294,0.0,0.8000000000000067,300.9500006362904,300.95000000005814,300.95000000005814,0.0
4977406.080034332,0.0,4.042080001281294,0.0,0.8000000000000067,300.9500006362904,300.95000000005814,300.95000000005814,0.0
4977452.160068666,0.0,4.042080001281294,0.0,0.8000000000000067,300.9500006362904,300.95000000005814,300.95000000005814,0.0
4977544.320137331,0.0,4.042080001281292,0.0,0.8000000000000067,300.9500006362904,300.95000000005814,300.95000000005814,0.0
4977720.0,0.0,4.042080001281294,0.0,0.8000000000000067,300.9500006362904,300.95000000005814,300.95000000005814,0.0
4977721.080001073,0.0,4.042080001281294,0.0,0.8000000000000067,300.9500006362904,300.95000000005814,300.95000000005814,0.0
4977722.160002146,0.0,4.042080001281294,0.0,0.8000000000000067,300.9500006362904,300.95000000005814,300.95000000005814,0.0
4977724.320004292,0.0,4.042080001281294,0.0,0.8000000000000067,300.9500006362904,300.95000000005814,300.95000000005814,0.0
4977728.640008584,0.0,4.042080001281294,0.0,0.8000000000000067,300.9500006362904,300.95000000005814,300.95000000005814,0.0
4977737.280017166,0.0,4.042080001281294,0.0,0.8000000000000067,300.9500006362904,300.95000000005814,300.95000000005814,0.0
4977754.560034333,0.0,4.042080001281294,0.0,0.8000000000000067,300.9500006362904,300.95000000005814,300.95000000005814,0.0
4977789.120068666,0.0,4.042080001281294,0.0,0.8000000000000067,300.9500006362904,300.95000000005814,300.95000000005814,0.0
4977858.240137331,0.0,4.042080001281292,0.0,0.8000000000000067,300.9500006362904,300.95000000005814,300.95000000005814,0.0
4977996.480274662,0.0,4.042080001281294,0.0,0.8000000000000067,300.9500006362904,300.95000000005814,300.95000000005814,0.0
4978080.0,0.0,4.042080001281292,0.0,0.8000000000000067,300.9500006362904,300.95000000005814,300.95000000005814,0.0
4978080.720001073,0.0,4.042080001281292,0.0,0.8000000000000067,300.9500006362904,300.95000000005814,300.95000000005814,0.0
4978081.440002146,0.0,4.042080001281292,0.0,0.8000000000000067,300.9500006362904,300.95000000005814,300.95000000005814,0.0
4978082.880004291,0.0,4.042080001281292,0.0,0.8000000000000067,300.9500006362904,300.95000000005814,300.95000000005814,0.0
4978085.760008583,0.0,4.042080001281292,0.0,0.8000000000000067,300.9500006362904,300.95000000005814,300.95000000005814,0.0
4978091.520017167,0.0,4.042080001281292,0.0,0.8000000000000067,300.9500006362904,300.95000000005814,300.95000000005814,0.0
4978103.040034332,0.0,4.042080001281292,0.0,0.8000000000000067,300.9500006362904,300.95000000005814,300.95000000005814,0.0
4978126.080068666,0.0,4.042080001281292,0.0,0.8000000000000067,300.9500006362904,300.95000000005814,300.95000000005814,0.0
4978172.160137331,0.0,4.042080001281292,0.0,0.8000000000000067,300.9500006362904,300.95000000005814,300.95000000005814,0.0
4978264.320274662,0.0,4.042080001281292,0.0,0.8000000000000067,300.9500006362904,300.95000000005814,300.95000000005814,0.0
4978440.0,0.0,4.042080001281294,0.0,0.8000000000000067,300.9500006362904,300.95000000005814,300.95000000005814,0.0
4978440.360001073,0.0,4.042080001281294,0.0,0.8000000000000067,300.9500006362904,300.95000000005814,300.95000000005814,0.0
4978440.7200021455,0.0,4.042080001281294,0.0,0.8000000000000067,300.9500006362904,300.95000000005814,300.95000000005814,0.0
4978441.440004292,0.0,4.042080001281294,0.0,0.8000000000000067,300.9500006362904,300.95000000005814,300.95000000005814,0.0
4978442.880008583,0.0,4.042080001281294,0.0,0.8000000000000067,300.9500006362904,300.95000000005814,300.95000000005814,0.0
4978445.760017166,0.0,4.042080001281294,0.0,0.8000000000000067,300.9500006362904,300.95000000005814,300.95000000005814,0.0
4978451.520034333,0.0,4.042080001281294,0.0,0.8000000000000067,300.9500006362904,300.95000000005814,300.95000000005814,0.0
4978463.0400686655,0.0,4.042080001281294,0.0,0.8000000000000067,300.9500006362904,300.95000000005814,300.95000000005814,0.0
4978486.080137331,0.0,4.042080001281292,0.0,0.8000000000000067,300.9500006362904,300.95000000005814,300.95000000005814,0.0
4978532.160274662,0.0,4.042080001281294,0.0,0.8000000000000067,300.9500006362904,300.95000000005814,300.95000000005814,0.0
4978624.320549324,0.0,4.042080001281292,0.0,0.8000000000000067,300.9500006362904,300.95000000005814,300.95000000005814,0.0
4978800.0,0.0,4.042080001281294,0.0,0.8000000000000067,300.9500006362904,300.95000000005814,300.95000000005814,0.0
4982400.0,0.0,4.042080001281294,0.0,0.8000000000000067,299.50291474090267,299.5029139999946,299.5029139999946,0.0
4982403.6000011265,0.0,4.042080001281294,0.0,0.8000000000000067,299.50291474090267,299.5029139999946,299.5029139999946,0.0
4982407.200002253,0.0,4.042080001281294,0.0,0.8000000000000067,299.50291474090267,299.5029139999946,299.5029139999946,0.0
4982414.400004506,0.0,4.042080001281294,0.0,0.8000000000000067,299.50291474090267,299.5029139999946,299.5029139999946,0.0
4982428.800009012,0.0,4.042080001281294,0.0,0.8000000000000067,299.50291474090267,299.5029139999946,299.5029139999946,0.0
4982457.600018024,0.0,4.042080001281294,0.0,0.8000000000000067,299.50291474090267,299.5029139999946,299.5029139999946,0.0
4982515.20003605,0.0,4.042080001281294,0.0,0.8000000000000067,299.50291474090267,299.5029139999946,299.5029139999946,0.0
4982630.400072099,0.0,4.042080001281294,0.0,0.8000000000000067,299.50291474090267,299.5029139999946,299.5029139999946,0.0
4982760.0,0.0,4.042080001281292,0.0,0.8000000000000067,299.50291474090267,299.5029139999946,299.5029139999946,0.0
4982763.240001126,0.0,4.042080001281292,0.0,0.8000000000000067,299.50291474090267,299.5029139999946,299.5029139999946,0.0
4982766.480002253,0.0,4.042080001281292,0.0,0.8000000000000067,299.50291474090267,299.5029139999946,299.5029139999946,0.0
4982772.960004507,0.0,4.042080001281292,0.0,0.8000000000000067,299.50291474090267,299.5029139999946,299.5029139999946,0.0
4982785.920009012,0.0,4.042080001281292,0.0,0.8000000000000067,299.50291474090267,299.5029139999946,299.5029139999946,0.0
4982811.840018025,0.0,4.042080001281292,0.0,0.8000000000000067,299.50291474090267,299.5029139999946,299.5029139999946,0.0
4982863.680036049,0.0,4.042080001281292,0.0,0.8000000000000067,299.50291474090267,299.5029139999946,299.5029139999946,0.0
4982967.360072099,0.0,4.042080001281292,0.0,0.8000000000000067,299.50291474090267,299.5029139999946,299.5029139999946,0.0
4983120.0,0.0,4.042080001281292,0.0,0.8000000000000067,299.50291474090267,299.5029139999946,299.5029139999946,0.0
4983122.880001127,0.0,4.042080001281292,0.0,0.8000000000000067,299.50291474090267,299.5029139999946,299.5029139999946,0.0
4983125.760002253,0.0,4.042080001281292,0.0,0.8000000000000067,299.50291474090267,299.5029139999946,299.5029139999946,0.0
4983131.520004506,0.0,4.042080001281292,0.0,0.8000000000000067,299.50291474090267,299.5029139999946,299.5029139999946,0.0
4983143.040009012,0.0,4.042080001281292,0.0,0.8000000000000067,299.50291474090267,299.5029139999946,299.5029139999946,0.0
4983166.080018025,0.0,4.042080001281292,0.0,0.8000000000000067,299.50291474090267,299.5029139999946,299.5029139999946,0.0
4983212.16003605,0.0,4.042080001281292,0.0,0.8000000000000067,299.50291474090267,299.5029139999946,299.5029139999946,0.0
4983304.320072099,0.0,4.042080001281292,0.0,0.8000000000000067,299.50291474090267,299.5029139999946,299.5029139999946,0.0
4983480.0,0.0,4.042080001281292,0.0,0.8000000000000067,299.50291474090267,299.5029139999946,299.5029139999946,0.0
4983482.520001126,0.0,4.042080001281292,0.0,0.8000000000000067,299.50291474090267,299.5029139999946,299.5029139999946,0.0
4983485.040002253,0.0,4.042080001281292,0.0,0.8000000000000067,299.50291474090267,299.5029139999946,299.5029139999946,0.0
4983490.080004506,0.0,4.042080001281292,0.0,0.8000000000000067,299.50291474090267,299.5029139999946,299.5029139999946,0.0
4983500.160009013,0.0,4.042080001281292,0.0,0.8000000000000067,299.50291474090267,299.5029139999946,299.5029139999946,0.0
4983520.320018025,0.0,4.042080001281292,0.0,0.8000000000000067,299.50291474090267,299.5029139999946,299.5029139999946,0.0
4983560.640036049,0.0,4.042080001281294,0.0,0.8000000000000067,299.50291474090267,299.5029139999946,299.5029139999946,0.0
4983641.280072099,0.0,4.042080001281294,0.0,0.8000000000000067,299.50291474090267,299.5029139999946,299.5029139999946,0.0
4983802.560144197,0.0,4.042080001281294,0.0,0.8000000000000067,299.50291474090267,299.5029139999946,299.5029139999946,0.0
4983840.0,0.0,4.042080001281294,0.0,0.8000000000000067,299.50291474090267,299.5029139999946,299.5029139999946,0.0
4983842.160001126,0.0,4.042080001281294,0.0,0.8000000000000067,299.50291474090267,299.5029139999946,299.5029139999946,0.0
4983844.320002253,0.0,4.042080001281294,0.0,0.8000000000000067,299.50291474090267,299.5029139999946,299.5029139999946,0.0
4983848.640004506,0.0,4.042080001281294,0.0,0.8000000000000067,299.50291474090267,299.5029139999946,299.5029139999946,0.0
4983857.280009013,0.0,4.042080001281294,0.0,0.8000000000000067,299.50291474090267,299.5029139999946,299.5029139999946,0.0
4983874.560018024,0.0,4.042080001281294,0.0,0.8000000000000067,299.50291474090267,299.5029139999946,299.5029139999946,0.0
4983909.12003605,0.0,4.042080001281294,0.0,0.8000000000000067,299.50291474090267,299.5029139999946,299.5029139999946,0.0
4983978.240072099,0.0,4.042080001281294,0.0,0.8000000000000067,299.50291474090267,299.5029139999946,299.5029139999946,0.0
4984116.480144197,0.0,4.042080001281294,0.0,0.8000000000000067,299.50291474090267,299.5029139999946,299.5029139999946,0.0
4984200.0,0.0,4.042080001281294,0.0,0.8000000000000067,299.50291474090267,299.5029139999946,299.5029139999946,0.0
4984201.800001127,0.0,4.042080001281294,0.0,0.8000000000000067,299.50291474090267,299.5029139999946,299.5029139999946,0.0
4984203.600002253,0.0,4.042080001281294,0.0,0.8000000000000067,299.50291474090267,299.5029139999946,299.5029139999946,0.0
4984207.200004506,0.0,4.042080001281294,0.0,0.8000000000000067,299.50291474090267,299.5029139999946,299.5029139999946,0.0
4984214.400009013,0.0,4.042080001281294,0.0,0.8000000000000067,299.50291474090267,299.5029139999946,299.5029139999946,0.0
4984228.800018025,0.0,4.042080001281294,0.0,0.8000000000000067,299.50291474090267,299.5029139999946,299.5029139999946,0.0
4984257.600036049,0.0,4.042080001281292,0.0,0.8000000000000067,299.50291474090267,299.5029139999946,299.5029139999946,0.0
4984315.2000720985,0.0,4.042080001281292,0.0,0.8000000000000067,299.50291474090267,299.5029139999946,299.5029139999946,0.0
4984430.400144197,0.0,4.042080001281292,0.0,0.8000000000000067,299.50291474090267,299.5029139999946,299.5029139999946,0.0
4984560.0,0.0,4.042080001281294,0.0,0.8000000000000067,299.50291474090267,299.5029139999946,299.5029139999946,0.0
4984561.440001126,0.0,4.042080001281294,0.0,0.8000000000000067,299.50291474090267,299.5029139999946,299.5029139999946,0.0
4984562.880002253,0.0,4.042080001281294,0.0,0.8000000000000067,299.50291474090267,299.5029139999946,299.5029139999946,0.0
4984565.760004506,0.0,4.042080001281294,0.0,0.8000000000000067,299.50291474090267,299.5029139999946,299.5029139999946,0.0
4984571.520009012,0.0,4.042080001281294,0.0,0.8000000000000067,299.50291474090267,299.5029139999946,299.5029139999946,0.0
4984583.040018025,0.0,4.042080001281294,0.0,0.8000000000000067,299.50291474090267,299.5029139999946,299.5029139999946,0.0
4984606.08003605,0.0,4.042080001281294,0.0,0.8000000000000067,299.50291474090267,299.5029139999946,299.5029139999946,0.0
4984652.1600720985,0.0,4.042080001281294,0.0,0.8000000000000067,299.50291474090267,299.5029139999946,299.5029139999946,0.0
4984744.320144198,0.0,4.042080001281294,0.0,0.8000000000000067,299.50291474090267,299.5029139999946,299.5029139999946,0.0
4984920.0,0.0,4.042080001281294,0.0,0.8000000000000067,299.50291474090267,299.5029139999946,299.5029139999946,0.0
4984921.080001127,0.0,4.042080001281294,0.0,0.8000000000000067,299.50291474090267,299.5029139999946,299.5029139999946,0.0
4984922.160002253,0.0,4.042080001281294,0.0,0.8000000000000067,299.50291474090267,299.5029139999946,299.5029139999946,0.0
4984924.320004506,0.0,4.042080001281294,0.0,0.8000000000000067,299.50291474090267,299.5029139999946,299.5029139999946,0.0
4984928.640009012,0.0,4.042080001281294,0.0,0.8000000000000067,299.50291474090267,299.5029139999946,299.5029139999946,0.0
4984937.280018025,0.0,4.042080001281294,0.0,0.8000000000000067,299.50291474090267,299.5029139999946,299.5029139999946,0.0
4984954.560036049,0.0,4.042080001281294,0.0,0.8000000000000067,299.50291474090267,299.5029139999946,299.5029139999946,0.0
4984989.120072098,0.0,4.042080001281294,0.0,0.8000000000000067,299.50291474090267,299.5029139999946,299.5029139999946,0.0
4985058.240144198,0.0,4.042080001281294,0.0,0.8000000000000067,299.50291474090267,299.5029139999946,299.5029139999946,0.0
4985196.480288395,0.0,4.042080001281294,0.0,0.8000000000000067,299.50291474090267,299.5029139999946,299.5029139999946,0.0
4985280.0,0.0,4.042080001281294,0.0,0.8000000000000067,299.50291474090267,299.5029139999946,299.5029139999946,0.0
4985280.720001127,0.0,4.042080001281294,0.0,0.8000000000000067,299.50291474090267,299.5029139999946,299.5029139999946,0.0
4985281.440002253,0.0,4.042080001281294,0.0,0.8000000000000067,299.50291474090267,299.5029139999946,299.5029139999946,0.0
4985282.880004507,0.0,4.042080001281294,0.0,0.8000000000000067,299.50291474090267,299.5029139999946,299.5029139999946,0.0
4985285.760009012,0.0,4.042080001281294,0.0,0.8000000000000067,299.50291474090267,299.5029139999946,299.5029139999946,0.0
4985291.520018024,0.0,4.042080001281294,0.0,0.8000000000000067,299.50291474090267,299.5029139999946,299.5029139999946,0.0
4985303.04003605,0.0,4.042080001281294,0.0,0.8000000000000067,299.50291474090267,299.5029139999946,299.5029139999946,0.0
4985326.080072098,0.0,4.042080001281294,0.0,0.8000000000000067,299.50291474090267,299.5029139999946,299.5029139999946,0.0
4985372.160144198,0.0,4.042080001281294,0.0,0.8000000000000067,299.50291474090267,299.5029139999946,299.5029139999946,0.0
4985464.320288395,0.0,4.042080001281294,0.0,0.8000000000000067,299.50291474090267,299.5029139999946,299.5029139999946,0.0
4985640.0,0.0,4.042080001281294,0.0,0.8000000000000067,299.50291474090267,299.5029139999946,299.5029139999946,0.0
4985640.360001126,0.0,4.042080001281294,0.0,0.8000000000000067,299.50291474090267,299.5029139999946,299.5029139999946,0.0
4985640.720002253,0.0,4.042080001281294,0.0,0.8000000000000067,299.50291474090267,299.5029139999946,299.5029139999946,0.0
4985641.440004506,0.0,4.042080001281294,0.0,0.8000000000000067,299.50291474090267,299.5029139999946,299.5029139999946,0.0
4985642.880009012,0.0,4.042080001281294,0.0,0.8000000000000067,299.50291474090267,299.5029139999946,299.5029139999946,0.0
4985645.760018025,0.0,4.042080001281294,0.0,0.8000000000000067,299.50291474090267,299.5029139999946,299.5029139999946,0.0
4985651.520036049,0.0,4.042080001281294,0.0,0.8000000000000067,299.50291474090267,299.5029139999946,299.5029139999946,0.0
4985663.040072098,0.0,4.042080001281294,0.0,0.8000000000000067,299.50291474090267,299.5029139999946,299.5029139999946,0.0
4985686.080144198,0.0,4.042080001281294,0.0,0.8000000000000067,299.50291474090267,299.5029139999946,299.5029139999946,0.0
4985732.160288395,0.0,4.042080001281294,0.0,0.8000000000000067,299.50291474090267,299.5029139999946,299.5029139999946,0.0
4985824.32057679,0.0,4.042080001281294,0.0,0.8000000000000067,299.50291474090267,299.5029139999946,299.5029139999946,0.0
4986000.0,0.0,4.042080001281292,0.0,0.8000000000000067,299.50291474090267,299.5029139999946,299.5029139999946,0.0
4989600.0,0.0,4.042080001281292,0.0,0.8000000000000067,297.9500007951096,297.95000000001755,297.95000000001755,0.0
4989603.600001181,0.0,4.042080001281292,0.0,0.8000000000000067,297.9500007951096,297.95000000001755,297.95000000001755,0.0
4989607.20000236,0.0,4.042080001281292,0.0,0.8000000000000067,297.9500007951096,297.95000000001755,297.95000000001755,0.0
4989614.40000472,0.0,4.042080001281294,0.0,0.8000000000000067,297.9500007951096,297.95000000001755,297.95000000001755,0.0
4989628.800009442,0.0,4.042080001281294,0.0,0.8000000000000067,297.9500007951096,297.95000000001755,297.95000000001755,0.0
4989657.600018883,0.0,4.042080001281294,0.0,0.8000000000000067,297.9500007951096,297.95000000001755,297.95000000001755,0.0
4989715.200037766,0.0,4.042080001281294,0.0,0.8000000000000067,297.9500007951096,297.95000000001755,297.95000000001755,0.0
4989830.400075532,0.0,4.042080001281294,0.0,0.8000000000000067,297.9500007951096,297.95000000001755,297.95000000001755,0.0
4989960.0,0.0,4.042080001281294,0.0,0.8000000000000067,297.9500007951096,297.95000000001755,297.95000000001755,0.0
4989963.24000118,0.0,4.042080001281294,0.0,0.8000000000000067,297.9500007951096,297.95000000001755,297.95000000001755,0.0
4989966.48000236,0.0,4.042080001281294,0.0,0.8000000000000067,297.9500007951096,297.95000000001755,297.95000000001755,0.0
4989972.960004721,0.0,4.042080001281294,0.0,0.8000000000000067,297.9500007951096,297.95000000001755,297.95000000001755,0.0
4989985.920009442,0.0,4.042080001281294,0.0,0.8000000000000067,297.9500007951096,297.95000000001755,297.95000000001755,0.0
4990011.840018883,0.0,4.042080001281294,0.0,0.8000000000000067,297.9500007951096,297.95000000001755,297.95000000001755,0.0
4990063.680037766,0.0,4.042080001281294,0.0,0.8000000000000067,297.9500007951096,297.95000000001755,297.95000000001755,0.0
4990167.3600755315,0.0,4.042080001281294,0.0,0.8000000000000067,297.9500007951096,297.95000000001755,297.95000000001755,0.0
4990320.0,0.0,4.042080001281294,0.0,0.8000000000000067,297.9500007951096,297.95000000001755,297.95000000001755,0.0
4990322.88000118,0.0,4.042080001281294,0.0,0.8000000000000067,297.9500007951096,297.95000000001755,297.95000000001755,0.0
4990325.760002361,0.0,4.042080001281294,0.0,0.8000000000000067,297.9500007951096,297.95000000001755,297.95000000001755,0.0
4990331.52000472,0.0,4.042080001281294,0.0,0.8000000000000067,297.9500007951096,297.95000000001755,297.95000000001755,0.0
4990343.040009442,0.0,4.042080001281294,0.0,0.8000000000000067,297.9500007951096,297.95000000001755,297.95000000001755,0.0
4990366.080018883,0.0,4.042080001281292,0.0,0.8000000000000067,297.9500007951096,297.95000000001755,297.95000000001755,0.0
4990412.160037766,0.0,4.042080001281292,0.0,0.8000000000000067,297.9500007951096,297.95000000001755,297.95000000001755,0.0
4990504.320075532,0.0,4.042080001281294,0.0,0.8000000000000067,297.9500007951096,297.95000000001755,297.95000000001755,0.0
4990680.0,0.0,4.042080001281292,0.0,0.8000000000000067,297.9500007951096,297.95000000001755,297.95000000001755,0.0
4990682.5200011805,0.0,4.042080001281292,0.0,0.8000000000000067,297.9500007951096,297.95000000001755,297.95000000001755,0.0
4990685.04000236,0.0,4.042080001281292,0.0,0.8000000000000067,297.9500007951096,297.95000000001755,297.95000000001755,0.0
4990690.080004721,0.0,4.042080001281292,0.0,0.8000000000000067,297.9500007951096,297.95000000001755,297.95000000001755,0.0
4990700.160009442,0.0,4.042080001281292,0.0,0.8000000000000067,297.9500007951096,297.95000000001755,297.95000000001755,0.0
4990720.320018883,0.0,4.042080001281292,0.0,0.8000000000000067,297.9500007951096,297.95000000001755,297.95000000001755,0.0
4990760.640037766,0.0,4.042080001281294,0.0,0.8000000000000067,297.9500007951096,297.95000000001755,297.95000000001755,0.0
4990841.280075532,0.0,4.042080001281294,0.0,0.8000000000000067,297.9500007951096,297.95000000001755,297.95000000001755,0.0
4991002.560151064,0.0,4.042080001281294,0.0,0.8000000000000067,297.9500007951096,297.95000000001755,297.95000000001755,0.0
4991040.0,0.0,4.042080001281294,0.0,0.8000000000000067,297.9500007951096,297.95000000001755,297.95000000001755,0.0
4991042.16000118,0.0,4.042080001281294,0.0,0.8000000000000067,297.9500007951096,297.95000000001755,297.95000000001755,0.0
4991044.32000236,0.0,4.042080001281294,0.0,0.8000000000000067,297.9500007951096,297.95000000001755,297.95000000001755,0.0
4991048.640004721,0.0,4.042080001281294,0.0,0.8000000000000067,297.9500007951096,297.95000000001755,297.95000000001755,0.0
4991057.280009441,0.0,4.042080001281294,0.0,0.8000000000000067,297.9500007951096,297.95000000001755,297.95000000001755,0.0
4991074.560018883,0.0,4.042080001281294,0.0,0.8000000000000067,297.9500007951096,297.95000000001755,297.95000000001755,0.0
4991109.120037766,0.0,4.042080001281294,0.0,0.8000000000000067,297.9500007951096,297.95000000001755,297.95000000001755,0.0
4991178.240075532,0.0,4.042080001281294,0.0,0.8000000000000067,297.9500007951096,297.95000000001755,297.95000000001755,0.0
4991316.480151064,0.0,4.042080001281294,0.0,0.8000000000000067,297.9500007951096,297.95000000001755,297.95000000001755,0.0
4991400.0,0.0,4.042080001281294,0.0,0.8000000000000067,297.9500007951096,297.95000000001755,297.95000000001755,0.0
4991401.80000118,0.0,4.042080001281294,0.0,0.8000000000000067,297.9500007951096,297.95000000001755,297.95000000001755,0.0
4991403.6000023605,0.0,4.042080001281294,0.0,0.8000000000000067,297.9500007951096,297.95000000001755,297.95000000001755,0.0
4991407.200004721,0.0,4.042080001281294,0.0,0.8000000000000067,297.9500007951096,297.95000000001755,297.95000000001755,0.0
4991414.400009441,0.0,4.042080001281294,0.0,0.8000000000000067,297.9500007951096,297.95000000001755,297.95000000001755,0.0
4991428.800018883,0.0,4.042080001281294,0.0,0.8000000000000067,297.9500007951096,297.95000000001755,297.95000000001755,0.0
4991457.600037766,0.0,4.042080001281294,0.0,0.8000000000000067,297.9500007951096,297.95000000001755,297.95000000001755,0.0
4991515.200075532,0.0,4.042080001281294,0.0,0.8000000000000067,297.9500007951096,297.95000000001755,297.95000000001755,0.0
4991630.400151064,0.0,4.042080001281294,0.0,0.8000000000000067,297.9500007951096,297.95000000001755,297.95000000001755,0.0
4991760.0,0.0,4.042080001281294,0.0,0.8000000000000067,297.9500007951096,297.95000000001755,297.95000000001755,0.0
4991761.44000118,0.0,4.042080001281294,0.0,0.8000000000000067,297.9500007951096,297.95000000001755,297.95000000001755,0.0
4991762.880002361,0.0,4.042080001281294,0.0,0.8000000000000067,297.9500007951096,297.95000000001755,297.95000000001755,0.0
4991765.760004721,0.0,4.042080001281294,0.0,0.8000000000000067,297.9500007951096,297.95000000001755,297.95000000001755,0.0
4991771.520009441,0.0,4.042080001281294,0.0,0.8000000000000067,297.9500007951096,297.95000000001755,297.95000000001755,0.0
4991783.040018883,0.0,4.042080001281294,0.0,0.8000000000000067,297.9500007951096,297.95000000001755,297.95000000001755,0.0
4991806.080037766,0.0,4.042080001281294,0.0,0.8000000000000067,297.9500007951096,297.95000000001755,297.95000000001755,0.0
4991852.160075532,0.0,4.042080001281294,0.0,0.8000000000000067,297.9500007951096,297.95000000001755,297.95000000001755,0.0
4991944.320151064,0.0,4.042080001281294,0.0,0.8000000000000067,297.9500007951096,297.95000000001755,297.95000000001755,0.0
4992120.0,0.0,4.042080001281294,0.0,0.8000000000000067,297.9500007951096,297.95000000001755,297.95000000001755,0.0
4992121.08000118,0.0,4.042080001281294,0.0,0.8000000000000067,297.9500007951096,297.95000000001755,297.95000000001755,0.0
4992122.16000236,0.0,4.042080001281294,0.0,0.8000000000000067,297.9500007951096,297.95000000001755,297.95000000001755,0.0
4992124.320004721,0.0,4.042080001281294,0.0,0.8000000000000067,297.9500007951096,297.95000000001755,297.95000000001755,0.0
4992128.640009441,0.0,4.042080001281294,0.0,0.8000000000000067,297.9500007951096,297.95000000001755,297.95000000001755,0.0
4992137.280018883,0.0,4.042080001281294,0.0,0.8000000000000067,297.9500007951096,297.95000000001755,297.95000000001755,0.0
4992154.560037766,0.0,4.042080001281294,0.0,0.8000000000000067,297.9500007951096,297.95000000001755,297.95000000001755,0.0
4992189.120075532,0.0,4.042080001281294,0.0,0.8000000000000067,297.9500007951096,297.95000000001755,297.95000000001755,0.0
4992258.240151064,0.0,4.042080001281292,0.0,0.8000000000000067,297.9500007951096,297.95000000001755,297.95000000001755,0.0
4992396.480302128,0.0,4.042080001281294,0.0,0.8000000000000067,297.9500007951096,297.95000000001755,297.95000000001755,0.0
4992480.0,0.0,4.042080001281292,0.0,0.8000000000000067,297.9500007951096,297.95000000001755,297.95000000001755,0.0
4992480.72000118,0.0,4.042080001281292,0.0,0.8000000000000067,297.9500007951096,297.95000000001755,297.95000000001755,0.0
4992481.44000236,0.0,4.042080001281292,0.0,0.8000000000000067,297.9500007951096,297.95000000001755,297.95000000001755,0.0
4992482.880004721,0.0,4.042080001281292,0.0,0.8000000000000067,297.9500007951096,297.95000000001755,297.95000000001755,0.0
4992485.7600094415,0.0,4.042080001281292,0.0,0.8000000000000067,297.9500007951096,297.95000000001755,297.95000000001755,0.0
4992491.520018883,0.0,4.042080001281292,0.0,0.8000000000000067,297.9500007951096,297.95000000001755,297.95000000001755,0.0
4992503.040037766,0.0,4.042080001281292,0.0,0.8000000000000067,297.9500007951096,297.95000000001755,297.95000000001755,0.0
4992526.080075532,0.0,4.042080001281292,0.0,0.8000000000000067,297.9500007951096,297.95000000001755,297.95000000001755,0.0
4992572.160151064,0.0,4.042080001281292,0.0,0.8000000000000067,297.9500007951096,297.95000000001755,297.95000000001755,0.0
4992664.320302128,0.0,4.042080001281292,0.0,0.8000000000000067,297.9500007951096,297.95000000001755,297.95000000001755,0.0
4992840.0,0.0,4.042080001281294,0.0,0.8000000000000067,297.9500007951096,297.95000000001755,297.95000000001755,0.0
4992840.36000118,0.0,4.042080001281294,0.0,0.8000000000000067,297.9500007951096,297.95000000001755,297.95000000001755,0.0
4992840.720002361,0.0,4.042080001281294,0.0,0.8000000000000067,297.9500007951096,297.95000000001755,297.95000000001755,0.0
4992841.44000472,0.0,4.042080001281294,0.0,0.8000000000000067,297.9500007951096,297.95000000001755,297.95000000001755,0.0
4992842.880009442,0.0,4.042080001281294,0.0,0.8000000000000067,297.9500007951096,297.95000000001755,297.95000000001755,0.0
4992845.760018883,0.0,4.042080001281294,0.0,0.8000000000000067,297.9500007951096,297.95000000001755,297.95000000001755,0.0
4992851.520037766,0.0,4.042080001281294,0.0,0.8000000000000067,297.9500007951096,297.95000000001755,297.95000000001755,0.0
4992863.040075532,0.0,4.042080001281294,0.0,0.8000000000000067,297.9500007951096,297.95000000001755,297.95000000001755,0.0
4992886.080151064,0.0,4.042080001281294,0.0,0.8000000000000067,297.9500007951096,297.95000000001755,297.95000000001755,0.0
4992932.160302128,0.0,4.042080001281294,0.0,0.8000000000000067,297.9500007951096,297.95000000001755,297.95000000001755,0.0
4993024.320604255,0.0,4.042080001281294,0.0,0.8000000000000067,297.9500007951096,297.95000000001755,297.95000000001755,0.0
4993200.0,0.0,4.042080001281292,0.0,0.8000000000000067,297.9500007951096,297.95000000001755,297.95000000001755,0.0
4996800.0,0.0,4.042080001281292,0.0,0.8000000000000067,296.39708679507964,296.3970859999876,296.3970859999876,0.0
4996803.600001234,0.0,4.042080001281292,0.0,0.8000000000000067,296.39708679507964,296.3970859999876,296.3970859999876,0.0
4996807.200002467,0.0,4.042080001281292,0.0,0.8000000000000067,296.39708679507964,296.3970859999876,296.3970859999876,0.0
4996814.400004935,0.0,4.042080001281292,0.0,0.8000000000000067,296.39708679507964,296.3970859999876,296.3970859999876,0.0
4996828.800009871,0.0,4.042080001281292,0.0,0.8000000000000067,296.39708679507964,296.3970859999876,296.3970859999876,0.0
4996857.600019741,0.0,4.042080001281292,0.0,0.8000000000000067,296.39708679507964,296.3970859999876,296.3970859999876,0.0
4996915.200039483,0.0,4.042080001281292,0.0,0.8000000000000067,296.39708679507964,296.3970859999876,296.3970859999876,0.0
4997030.400078965,0.0,4.042080001281294,0.0,0.8000000000000067,296.39708679507964,296.3970859999876,296.3970859999876,0.0
4997160.0,0.0,4.042080001281292,0.0,0.8000000000000067,296.39708679507964,296.3970859999876,296.3970859999876,0.0
4997163.240001234,0.0,4.042080001281292,0.0,0.8000000000000067,296.39708679507964,296.3970859999876,296.3970859999876,0.0
4997166.4800024675,0.0,4.042080001281292,0.0,0.8000000000000067,296.39708679507964,296.3970859999876,296.3970859999876,0.0
4997172.960004935,0.0,4.042080001281292,0.0,0.8000000000000067,296.39708679507964,296.3970859999876,296.3970859999876,0.0
4997185.920009871,0.0,4.042080001281292,0.0,0.8000000000000067,296.39708679507964,296.3970859999876,296.3970859999876,0.0
4997211.840019741,0.0,4.042080001281292,0.0,0.8000000000000067,296.39708679507964,296.3970859999876,296.3970859999876,0.0
4997263.680039482,0.0,4.042080001281292,0.0,0.8000000000000067,296.39708679507964,296.3970859999876,296.3970859999876,0.0
4997367.360078965,0.0,4.042080001281294,0.0,0.8000000000000067,296.39708679507964,296.3970859999876,296.3970859999876,0.0
4997520.0,0.0,4.042080001281292,0.0,0.8000000000000067,296.39708679507964,296.3970859999876,296.3970859999876,0.0
4997522.880001234,0.0,4.042080001281292,0.0,0.8000000000000067,296.39708679507964,296.3970859999876,296.3970859999876,0.0
4997525.760002468,0.0,4.042080001281292,0.0,0.8000000000000067,296.39708679507964,296.3970859999876,296.3970859999876,0.0
4997531.520004936,0.0,4.042080001281292,0.0,0.8000000000000067,296.39708679507964,296.3970859999876,296.3970859999876,0.0
4997543.040009871,0.0,4.042080001281292,0.0,0.8000000000000067,296.39708679507964,296.3970859999876,296.3970859999876,0.0
4997566.080019741,0.0,4.042080001281292,0.0,0.8000000000000067,296.39708679507964,296.3970859999876,296.3970859999876,0.0
4997612.160039483,0.0,4.042080001281292,0.0,0.8000000000000067,296.39708679507964,296.3970859999876,296.3970859999876,0.0
4997704.320078965,0.0,4.042080001281294,0.0,0.8000000000000067,296.39708679507964,296.3970859999876,296.3970859999876,0.0
4997880.0,0.0,4.042080001281294,0.0,0.8000000000000067,296.39708679507964,296.3970859999876,296.3970859999876,0.0
4997882.520001234,0.0,4.042080001281294,0.0,0.8000000000000067,296.39708679507964,296.3970859999876,296.3970859999876,0.0
4997885.040002468,0.0,4.042080001281294,0.0,0.8000000000000067,296.39708679507964,296.3970859999876,296.3970859999876,0.0
4997890.080004935,0.0,4.042080001281294,0.0,0.8000000000000067,296.39708679507964,296.3970859999876,296.3970859999876,0.0
4997900.16000987,0.0,4.042080001281294,0.0,0.8000000000000067,296.39708679507964,296.3970859999876,296.3970859999876,0.0
4997920.320019742,0.0,4.042080001281294,0.0,0.8000000000000067,296.39708679507964,296.3970859999876,296.3970859999876,0.0
4997960.640039482,0.0,4.042080001281292,0.0,0.8000000000000067,296.39708679507964,296.3970859999876,296.3970859999876,0.0
4998041.280078965,0.0,4.042080001281292,0.0,0.8000000000000067,296.39708679507964,296.3970859999876,296.3970859999876,0.0
4998202.5601579305,0.0,4.042080001281292,0.0,0.8000000000000067,296.39708679507964,296.3970859999876,296.3970859999876,0.0
4998240.0,0.0,4.042080001281292,0.0,0.8000000000000067,296.39708679507964,296.3970859999876,296.3970859999876,0.0
4998242.160001234,0.0,4.042080001281292,0.0,0.8000000000000067,296.39708679507964,296.3970859999876,296.3970859999876,0.0
4998244.320002467,0.0,4.042080001281292,0.0,0.8000000000000067,296.39708679507964,296.3970859999876,296.3970859999876,0.0
4998248.640004936,0.0,4.042080001281292,0.0,0.8000000000000067,296.39708679507964,296.3970859999876,296.3970859999876,0.0
4998257.28000987,0.0,4.042080001281292,0.0,0.8000000000000067,296.39708679507964,296.3970859999876,296.3970859999876,0.0
4998274.560019741,0.0,4.042080001281292,0.0,0.8000000000000067,296.39708679507964,296.3970859999876,296.3970859999876,0.0
4998309.120039483,0.0,4.042080001281292,0.0,0.8000000000000067,296.39708679507964,296.3970859999876,296.3970859999876,0.0
4998378.240078965,0.0,4.042080001281292,0.0,0.8000000000000067,296.39708679507964,296.3970859999876,296.3970859999876,0.0
4998516.48015793,0.0,4.042080001281294,0.0,0.8000000000000067,296.39708679507964,296.3970859999876,296.3970859999876,0.0
4998600.0,0.0,4.042080001281292,0.0,0.8000000000000067,296.39708679507964,296.3970859999876,296.3970859999876,0.0
4998601.800001234,0.0,4.042080001281292,0.0,0.8000000000000067,296.39708679507964,296.3970859999876,296.3970859999876,0.0
4998603.600002468,0.0,4.042080001281292,0.0,0.8000000000000067,296.39708679507964,296.3970859999876,296.3970859999876,0.0
4998607.200004935,0.0,4.042080001281292,0.0,0.8000000000000067,296.39708679507964,296.3970859999876,296.3970859999876,0.0
4998614.4000098705,0.0,4.042080001281292,0.0,0.8000000000000067,296.39708679507964,296.3970859999876,296.3970859999876,0.0
4998628.800019741,0.0,4.042080001281292,0.0,0.8000000000000067,296.39708679507964,296.3970859999876,296.3970859999876,0.0
4998657.600039482,0.0,4.042080001281292,0.0,0.8000000000000067,296.39708679507964,296.3970859999876,296.3970859999876,0.0
4998715.200078965,0.0,4.042080001281292,0.0,0.8000000000000067,296.39708679507964,296.3970859999876,296.3970859999876,0.0
4998830.40015793,0.0,4.042080001281294,0.0,0.8000000000000067,296.39708679507964,296.3970859999876,296.3970859999876,0.0
4998960.0,0.0,4.042080001281294,0.0,0.8000000000000067,296.39708679507964,296.3970859999876,296.3970859999876,0.0
4998961.4400012335,0.0,4.042080001281294,0.0,0.8000000000000067,296.39708679507964,296.3970859999876,296.3970859999876,0.0
4998962.880002468,0.0,4.042080001281294,0.0,0.8000000000000067,296.39708679507964,296.3970859999876,296.3970859999876,0.0
4998965.760004936,0.0,4.042080001281294,0.0,0.8000000000000067,296.39708679507964,296.3970859999876,296.3970859999876,0.0
4998971.520009871,0.0,4.042080001281294,0.0,0.8000000000000067,296.39708679507964,296.3970859999876,296.3970859999876,0.0
4998983.040019741,0.0,4.042080001281295,0.0,0.8000000000000067,296.39708679507964,296.3970859999876,296.3970859999876,0.0
4999006.080039483,0.0,4.042080001281292,0.0,0.8000000000000067,296.39708679507964,296.3970859999876,296.3970859999876,0.0
4999052.160078965,0.0,4.042080001281295,0.0,0.8000000000000067,296.39708679507964,296.3970859999876,296.3970859999876,0.0
4999144.32015793,0.0,4.042080001281294,0.0,0.8000000000000067,296.39708679507964,296.3970859999876,296.3970859999876,0.0
4999320.0,0.0,4.04208000128129,0.0,0.8000000000000067,296.39708679507964,296.3970859999876,296.3970859999876,0.0
4999321.080001234,0.0,4.04208000128129,0.0,0.8000000000000067,296.39708679507964,296.3970859999876,296.3970859999876,0.0
4999322.160002467,0.0,4.04208000128129,0.0,0.8000000000000067,296.39708679507964,296.3970859999876,296.3970859999876,0.0
4999324.320004935,0.0,4.04208000128129,0.0,0.8000000000000067,296.39708679507964,296.3970859999876,296.3970859999876,0.0
4999328.640009871,0.0,4.04208000128129,0.0,0.8000000000000067,296.39708679507964,296.3970859999876,296.3970859999876,0.0
4999337.2800197415,0.0,4.04208000128129,0.0,0.8000000000000067,296.39708679507964,296.3970859999876,296.3970859999876,0.0
4999354.560039483,0.0,4.04208000128129,0.0,0.8000000000000067,296.39708679507964,296.3970859999876,296.3970859999876,0.0
4999389.120078965,0.0,4.04208000128129,0.0,0.8000000000000067,296.39708679507964,296.3970859999876,296.3970859999876,0.0
4999458.24015793,0.0,4.042080001281288,0.0,0.8000000000000067,296.39708679507964,296.3970859999876,296.3970859999876,0.0
4999596.48031586,0.0,4.04208000128129,0.0,0.8000000000000067,296.39708679507964,296.3970859999876,296.3970859999876,0.0
4999680.0,0.0,4.04208000128129,0.0,0.8000000000000067,296.39708679507964,296.3970859999876,296.3970859999876,0.0
4999680.720001234,0.0,4.04208000128129,0.0,0.8000000000000067,296.39708679507964,296.3970859999876,296.3970859999876,0.0
4999681.4400024675,0.0,4.04208000128129,0.0,0.8000000000000067,296.39708679507964,296.3970859999876,296.3970859999876,0.0
4999682.880004935,0.0,4.04208000128129,0.0,0.8000000000000067,296.39708679507964,296.3970859999876,296.3970859999876,0.0
4999685.760009871,0.0,4.04208000128129,0.0,0.8000000000000067,296.39708679507964,296.3970859999876,296.3970859999876,0.0
4999691.520019742,0.0,4.04208000128129,0.0,0.8000000000000067,296.39708679507964,296.3970859999876,296.3970859999876,0.0
4999703.0400394825,0.0,4.04208000128129,0.0,0.8000000000000067,296.39708679507964,296.3970859999876,296.3970859999876,0.0
4999726.080078965,0.0,4.04208000128129,0.0,0.8000000000000067,296.39708679507964,296.3970859999876,296.3970859999876,0.0
4999772.16015793,0.0,4.04208000128129,0.0,0.8000000000000067,296.39708679507964,296.3970859999876,296.3970859999876,0.0
4999864.320315861,0.0,4.042080001281288,0.0,0.8000000000000067,296.39708679507964,296.3970859999876,296.3970859999876,0.0
5000040.0,0.0,4.04208000128129,0.0,0.8000000000000067,296.39708679507964,296.3970859999876,296.3970859999876,0.0
5000040.360001233,0.0,4.04208000128129,0.0,0.8000000000000067,296.39708679507964,296.3970859999876,296.3970859999876,0.0
5000040.720002468,0.0,4.04208000128129,0.0,0.8000000000000067,296.39708679507964,296.3970859999876,296.3970859999876,0.0
5000041.4400049355,0.0,4.04208000128129,0.0,0.8000000000000067,296.39708679507964,296.3970859999876,296.3970859999876,0.0
5000042.880009871,0.0,4.04208000128129,0.0,0.8000000000000067,296.39708679507964,296.3970859999876,296.3970859999876,0.0
5000045.760019741,0.0,4.04208000128129,0.0,0.8000000000000067,296.39708679507964,296.3970859999876,296.3970859999876,0.0
5000051.520039483,0.0,4.04208000128129,0.0,0.8000000000000067,296.39708679507964,296.3970859999876,296.3970859999876,0.0
5000063.040078965,0.0,4.04208000128129,0.0,0.8000000000000067,296.39708679507964,296.3970859999876,296.3970859999876,0.0
5000086.08015793,0.0,4.04208000128129,0.0,0.8000000000000067,296.39708679507964,296.3970859999876,296.3970859999876,0.0
5000132.160315861,0.0,4.042080001281292,0.0,0.8000000000000067,296.39708679507964,296.3970859999876,296.3970859999876,0.0
5000224.320631721,0.0,4.04208000128129,0.0,0.8000000000000067,296.39708679507964,296.3970859999876,296.3970859999876,0.0
5000400.0,0.0,4.042080001281294,0.0,0.8000000000000067,296.39708679507964,296.3970859999876,296.3970859999876,0.0
5004000.0,0.0,4.042080001281294,0.0,0.8000000000000067,294.9500007409094,294.9500000000013,294.9500000000013,0.0
5004003.600001288,0.0,4.042080001281294,0.0,0.8000000000000067,294.9500007409094,294.9500000000013,294.9500000000013,0.0
5004007.200002575,0.0,4.042080001281294,0.0,0.8000000000000067,294.9500007409094,294.9500000000013,294.9500000000013,0.0
5004014.40000515,0.0,4.042080001281294,0.0,0.8000000000000067,294.9500007409094,294.9500000000013,294.9500000000013,0.0
5004028.8000103,0.0,4.042080001281294,0.0,0.8000000000000067,294.9500007409094,294.9500000000013,294.9500000000013,0.0
5004057.6000206,0.0,4.042080001281292,0.0,0.8000000000000067,294.9500007409094,294.9500000000013,294.9500000000013,0.0
5004115.200041199,0.0,4.042080001281292,0.0,0.8000000000000067,294.9500007409094,294.9500000000013,294.9500000000013,0.0
5004230.400082398,0.0,4.042080001281292,0.0,0.8000000000000067,294.9500007409094,294.9500000000013,294.9500000000013,0.0
5004360.0,0.0,4.042080001281294,0.0,0.8000000000000067,294.9500007409094,294.9500000000013,294.9500000000013,0.0
5004363.240001287,0.0,4.042080001281294,0.0,0.8000000000000067,294.9500007409094,294.9500000000013,294.9500000000013,0.0
5004366.480002575,0.0,4.042080001281294,0.0,0.8000000000000067,294.9500007409094,294.9500000000013,294.9500000000013,0.0
5004372.96000515,0.0,4.042080001281294,0.0,0.8000000000000067,294.9500007409094,294.9500000000013,294.9500000000013,0.0
5004385.920010299,0.0,4.042080001281294,0.0,0.8000000000000067,294.9500007409094,294.9500000000013,294.9500000000013,0.0
5004411.8400206,0.0,4.042080001281294,0.0,0.8000000000000067,294.9500007409094,294.9500000000013,294.9500000000013,0.0
5004463.6800412,0.0,4.042080001281292,0.0,0.8000000000000067,294.9500007409094,294.9500000000013,294.9500000000013,0.0
5004567.360082398,0.0,4.042080001281294,0.0,0.8000000000000067,294.9500007409094,294.9500000000013,294.9500000000013,0.0
5004720.0,0.0,4.042080001281294,0.0,0.8000000000000067,294.9500007409094,294.9500000000013,294.9500000000013,0.0
5004722.880001288,0.0,4.042080001281294,0.0,0.8000000000000067,294.9500007409094,294.9500000000013,294.9500000000013,0.0
5004725.760002575,0.0,4.042080001281294,0.0,0.8000000000000067,294.9500007409094,294.9500000000013,294.9500000000013,0.0
5004731.52000515,0.0,4.042080001281294,0.0,0.8000000000000067,294.9500007409094,294.9500000000013,294.9500000000013,0.0
5004743.0400102995,0.0,4.042080001281294,0.0,0.8000000000000067,294.9500007409094,294.9500000000013,294.9500000000013,0.0
5004766.0800206,0.0,4.042080001281294,0.0,0.8000000000000067,294.9500007409094,294.9500000000013,294.9500000000013,0.0
5004812.160041199,0.0,4.042080001281294,0.0,0.8000000000000067,294.9500007409094,294.9500000000013,294.9500000000013,0.0
5004904.320082398,0.0,4.042080001281294,0.0,0.8000000000000067,294.9500007409094,294.9500000000013,294.9500000000013,0.0
5005080.0,0.0,4.042080001281299,0.0,0.8000000000000067,294.9500007409094,294.9500000000013,294.9500000000013,0.0
5005082.520001288,0.0,4.042080001281299,0.0,0.8000000000000067,294.9500007409094,294.9500000000013,294.9500000000013,0.0
5005085.040002575,0.0,4.042080001281299,0.0,0.8000000000000067,294.9500007409094,294.9500000000013,294.9500000000013,0.0
5005090.08000515,0.0,4.042080001281299,0.0,0.8000000000000067,294.9500007409094,294.9500000000013,294.9500000000013,0.0
5005100.1600103,0.0,4.042080001281299,0.0,0.8000000000000067,294.9500007409094,294.9500000000013,294.9500000000013,0.0
5005120.320020599,0.0,4.042080001281299,0.0,0.8000000000000067,294.9500007409094,294.9500000000013,294.9500000000013,0.0
5005160.6400411995,0.0,4.042080001281301,0.0,0.8000000000000067,294.9500007409094,294.9500000000013,294.9500000000013,0.0
5005241.280082398,0.0,4.042080001281299,0.0,0.8000000000000067,294.9500007409094,294.9500000000013,294.9500000000013,0.0
5005402.560164797,0.0,4.042080001281299,0.0,0.8000000000000067,294.9500007409094,294.9500000000013,294.9500000000013,0.0
5005440.0,0.0,4.042080001281301,0.0,0.8000000000000067,294.9500007409094,294.9500000000013,294.9500000000013,0.0
5005442.160001287,0.0,4.042080001281301,0.0,0.8000000000000067,294.9500007409094,294.9500000000013,294.9500000000013,0.0
5005444.3200025745,0.0,4.042080001281301,0.0,0.8000000000000067,294.9500007409094,294.9500000000013,294.9500000000013,0.0
5005448.64000515,0.0,4.042080001281301,0.0,0.8000000000000067,294.9500007409094,294.9500000000013,294.9500000000013,0.0
5005457.2800103,0.0,4.042080001281301,0.0,0.8000000000000067,294.9500007409094,294.9500000000013,294.9500000000013,0.0
5005474.5600205995,0.0,4.042080001281301,0.0,0.8000000000000067,294.9500007409094,294.9500000000013,294.9500000000013,0.0
5005509.120041199,0.0,4.042080001281301,0.0,0.8000000000000067,294.9500007409094,294.9500000000013,294.9500000000013,0.0
5005578.240082398,0.0,4.042080001281301,0.0,0.8000000000000067,294.9500007409094,294.9500000000013,294.9500000000013,0.0
5005716.480164797,0.0,4.042080001281301,0.0,0.8000000000000067,294.9500007409094,294.9500000000013,294.9500000000013,0.0
5005800.0,0.0,4.042080001281301,0.0,0.8000000000000067,294.9500007409094,294.9500000000013,294.9500000000013,0.0
5005801.800001288,0.0,4.042080001281301,0.0,0.8000000000000067,294.9500007409094,294.9500000000013,294.9500000000013,0.0
5005803.600002575,0.0,4.042080001281301,0.0,0.8000000000000067,294.9500007409094,294.9500000000013,294.9500000000013,0.0
5005807.2000051495,0.0,4.042080001281301,0.0,0.8000000000000067,294.9500007409094,294.9500000000013,294.9500000000013,0.0
5005814.4000103,0.0,4.042080001281301,0.0,0.8000000000000067,294.9500007409094,294.9500000000013,294.9500000000013,0.0
5005828.8000206,0.0,4.042080001281301,0.0,0.8000000000000067,294.9500007409094,294.9500000000013,294.9500000000013,0.0
5005857.6000411995,0.0,4.042080001281301,0.0,0.8000000000000067,294.9500007409094,294.9500000000013,294.9500000000013,0.0
5005915.200082398,0.0,4.042080001281301,0.0,0.8000000000000067,294.9500007409094,294.9500000000013,294.9500000000013,0.0
5006030.400164797,0.0,4.042080001281299,0.0,0.8000000000000067,294.9500007409094,294.9500000000013,294.9500000000013,0.0
5006160.0,0.0,4.042080001281301,0.0,0.8000000000000067,294.9500007409094,294.9500000000013,294.9500000000013,0.0
5006161.4400012875,0.0,4.042080001281301,0.0,0.8000000000000067,294.9500007409094,294.9500000000013,294.9500000000013,0.0
5006162.880002575,0.0,4.042080001281301,0.0,0.8000000000000067,294.9500007409094,294.9500000000013,294.9500000000013,0.0
5006165.76000515,0.0,4.042080001281301,0.0,0.8000000000000067,294.9500007409094,294.9500000000013,294.9500000000013,0.0
5006171.5200103,0.0,4.042080001281301,0.0,0.8000000000000067,294.9500007409094,294.9500000000013,294.9500000000013,0.0
5006183.0400206,0.0,4.042080001281301,0.0,0.8000000000000067,294.9500007409094,294.9500000000013,294.9500000000013,0.0
5006206.080041199,0.0,4.042080001281301,0.0,0.8000000000000067,294.9500007409094,294.9500000000013,294.9500000000013,0.0
5006252.160082398,0.0,4.042080001281301,0.0,0.8000000000000067,294.9500007409094,294.9500000000013,294.9500000000013,0.0
5006344.320164797,0.0,4.042080001281301,0.0,0.8000000000000067,294.9500007409094,294.9500000000013,294.9500000000013,0.0
5006520.0,0.0,4.042080001281299,0.0,0.8000000000000067,294.9500007409094,294.9500000000013,294.9500000000013,0.0
5006521.080001287,0.0,4.042080001281299,0.0,0.8000000000000067,294.9500007409094,294.9500000000013,294.9500000000013,0.0
5006522.160002575,0.0,4.042080001281299,0.0,0.8000000000000067,294.9500007409094,294.9500000000013,294.9500000000013,0.0
5006524.32000515,0.0,4.042080001281299,0.0,0.8000000000000067,294.9500007409094,294.9500000000013,294.9500000000013,0.0
5006528.6400103,0.0,4.042080001281299,0.0,0.8000000000000067,294.9500007409094,294.9500000000013,294.9500000000013,0.0
5006537.280020599,0.0,4.042080001281299,0.0,0.8000000000000067,294.9500007409094,294.9500000000013,294.9500000000013,0.0
5006554.560041199,0.0,4.042080001281299,0.0,0.8000000000000067,294.9500007409094,294.9500000000013,294.9500000000013,0.0
5006589.120082399,0.0,4.042080001281299,0.0,0.8000000000000067,294.9500007409094,294.9500000000013,294.9500000000013,0.0
5006658.240164797,0.0,4.042080001281301,0.0,0.8000000000000067,294.9500007409094,294.9500000000013,294.9500000000013,0.0
5006796.480329594,0.0,4.042080001281301,0.0,0.8000000000000067,294.9500007409094,294.9500000000013,294.9500000000013,0.0
5006880.0,0.0,4.042080001281301,0.0,0.8000000000000067,294.9500007409094,294.9500000000013,294.9500000000013,0.0
5006880.720001288,0.0,4.042080001281301,0.0,0.8000000000000067,294.9500007409094,294.9500000000013,294.9500000000013,0.0
5006881.440002575,0.0,4.042080001281301,0.0,0.8000000000000067,294.9500007409094,294.9500000000013,294.9500000000013,0.0
5006882.88000515,0.0,4.042080001281301,0.0,0.8000000000000067,294.9500007409094,294.9500000000013,294.9500000000013,0.0
5006885.7600103,0.0,4.042080001281301,0.0,0.8000000000000067,294.9500007409094,294.9500000000013,294.9500000000013,0.0
5006891.5200205995,0.0,4.042080001281301,0.0,0.8000000000000067,294.9500007409094,294.9500000000013,294.9500000000013,0.0
5006903.040041199,0.0,4.042080001281301,0.0,0.8000000000000067,294.9500007409094,294.9500000000013,294.9500000000013,0.0
5006926.080082399,0.0,4.042080001281301,0.0,0.8000000000000067,294.9500007409094,294.9500000000013,294.9500000000013,0.0
5006972.160164797,0.0,4.0420800012813025,0.0,0.8000000000000067,294.9500007409094,294.9500000000013,294.9500000000013,0.0
5007064.3203295935,0.0,4.0420800012813025,0.0,0.8000000000000067,294.9500007409094,294.9500000000013,294.9500000000013,0.0
5007240.0,0.0,4.042080001281297,0.0,0.8000000000000067,294.9500007409094,294.9500000000013,294.9500000000013,0.0
5007240.360001287,0.0,4.042080001281297,0.0,0.8000000000000067,294.9500007409094,294.9500000000013,294.9500000000013,0.0
5007240.720002575,0.0,4.042080001281297,0.0,0.8000000000000067,294.9500007409094,294.9500000000013,294.9500000000013,0.0
5007241.44000515,0.0,4.042080001281297,0.0,0.8000000000000067,294.9500007409094,294.9500000000013,294.9500000000013,0.0
5007242.880010299,0.0,4.042080001281297,0.0,0.8000000000000067,294.9500007409094,294.9500000000013,294.9500000000013,0.0
5007245.7600206,0.0,4.042080001281297,0.0,0.8000000000000067,294.9500007409094,294.9500000000013,294.9500000000013,0.0
5007251.520041199,0.0,4.042080001281297,0.0,0.8000000000000067,294.9500007409094,294.9500000000013,294.9500000000013,0.0
5007263.040082399,0.0,4.042080001281297,0.0,0.8000000000000067,294.9500007409094,294.9500000000013,294.9500000000013,0.0
5007286.080164797,0.0,4.0420800012813025,0.0,0.8000000000000067,294.9500007409094,294.9500000000013,294.9500000000013,0.0
5007332.160329593,0.0,4.042080001281297,0.0,0.8000000000000067,294.9500007409094,294.9500000000013,294.9500000000013,0.0
5007424.320659188,0.0,4.0420800012813025,0.0,0.8000000000000067,294.9500007409094,294.9500000000013,294.9500000000013,0.0
5007600.0,0.0,4.0420800012813025,0.0,0.8000000000000067,294.9500007409094,294.9500000000013,294.9500000000013,0.0
