t_s,current_A,voltage_V,cell_heat_W,soc,cell_temperature_K,coolant_inlet_K,coolant_outlet_K,module_heat_removed_W
4838400.0,0.0,4.042080001281205,0.0,0.8,293.70735966768837,293.7073589999702,293.70735900242727,2.047998714260757e-07
4838403.600000054,0.0,4.042080001281205,0.0,0.8,293.70735966768837,293.7073589999702,293.70735900242727,2.047998714260757e-07
4838407.200000107,0.0,4.042080001281205,0.0,0.8,293.70735966768837,293.7073589999702,293.70735900242727,2.047998714260757e-07
4838414.400000215,0.0,4.042080001281205,0.0,0.8,293.70735966768837,293.7073589999702,293.70735900242727,2.047998714260757e-07
4838428.800000429,0.0,4.042080001281205,0.0,0.8,293.70735966768837,293.7073589999702,293.70735900242727,2.047998714260757e-07
4838457.600000858,0.0,4.042080001281208,0.0,0.8,293.70735966768837,293.7073589999702,293.70735900242727,2.047998714260757e-07
4838515.200001718,0.0,4.042080001281208,0.0,0.8,293.70735966768837,293.7073589999702,293.70735900242727,2.047998714260757e-07
4838630.400003434,0.0,4.042080001281208,0.0,0.8,293.70735966768837,293.7073589999702,293.70735900242727,2.047998714260757e-07
4838760.0,0.0,4.04208000128121,0.0,0.8,293.70735966768837,293.7073589999702,293.70735900242727,2.047998714260757e-07
4838763.240000053,0.0,4.04208000128121,0.0,0.8,293.70735966768837,293.7073589999702,293.70735900242727,2.047998714260757e-07
4838766.480000108,0.0,4.042080001281207,0.0,0.8,293.70735966768837,293.7073589999702,293.70735900242727,2.047998714260757e-07
4838772.960000215,0.0,4.042080001281207,0.0,0.8,293.70735966768837,293.7073589999702,293.70735900242727,2.047998714260757e-07
4838785.920000429,0.0,4.042080001281207,0.0,0.8,293.70735966768837,293.7073589999702,293.70735900242727,2.047998714260757e-07
4838811.8400008585,0.0,4.042080001281207,0.0,0.8,293.70735966768837,293.7073589999702,293.70735900242727,2.047998714260757e-07
4838863.680001717,0.0,4.042080001281207,0.0,0.8,293.70735966768837,293.7073589999702,293.70735900242727,2.047998714260757e-07
4838967.360003434,0.0,4.042080001281207,0.0,0.8,293.70735966768837,293.7073589999702,293.70735900242727,2.047998714260757e-07
4839120.0,0.0,4.042080001281207,0.0,0.8,293.70735966768837,293.7073589999702,293.70735900242727,2.047998714260757e-07
4839122.880000054,0.0,4.042080001281207,0.0,0.8,293.70735966768837,293.7073589999702,293.70735900242727,2.047998714260757e-07
4839125.760000107,0.0,4.042080001281207,0.0,0.8,293.70735966768837,293.7073589999702,293.70735900242727,2.047998714260757e-07
4839131.520000215,0.0,4.042080001281207,0.0,0.8,293.70735966768837,293.7073589999702,293.70735900242727,2.047998714260757e-07
4839143.040000429,0.0,4.042080001281207,0.0,0.8,293.70735966768837,293.7073589999702,293.70735900242727,2.047998714260757e-07
4839166.080000859,0.0,4.042080001281207,0.0,0.8,293.70735966768837,293.7073589999702,293.70735900242727,2.047998714260757e-07
4839212.1600017175,0.0,4.042080001281207,0.0,0.8,293.70735966768837,293.7073589999702,293.70735900242727,2.047998714260757e-07
4839304.320003434,0.0,4.04208000128121,0.0,0.8,293.70735966768837,293.7073589999702,293.70735900242727,2.047998714260757e-07
4839480.0,0.0,4.042080001281212,0.0,0.8,293.70735966768837,293.7073589999702,293.70735900242727,2.047998714260757e-07
4839482.520000054,0.0,4.042080001281212,0.0,0.8,293.70735966768837,293.7073589999702,293.70735900242727,2.047998714260757e-07
4839485.040000107,0.0,4.042080001281212,0.0,0.8,293.70735966768837,293.7073589999702,293.70735900242727,2.047998714260757e-07
4839490.080000214,0.0,4.042080001281212,0.0,0.8,293.70735966768837,293.7073589999702,293.70735900242727,2.047998714260757e-07
4839500.1600004295,0.0,4.042080001281212,0.0,0.8,293.70735966768837,293.7073589999702,293.70735900242727,2.047998714260757e-07
4839520.320000859,0.0,4.042080001281212,0.0,0.8,293.70735966768837,293.7073589999702,293.70735900242727,2.047998714260757e-07
4839560.640001717,0.0,4.042080001281212,0.0,0.8,293.70735966768837,293.7073589999702,293.70735900242727,2.047998714260757e-07
4839641.280003434,0.0,4.04208000128121,0.0,0.8,293.70735966768837,293.7073589999702,293.70735900242727,2.047998714260757e-07
4839802.560006868,0.0,4.042080001281208,0.0,0.8,293.70735966768837,293.7073589999702,293.70735900242727,2.047998714260757e-07
4839840.0,0.0,4.042080001281208,0.0,0.8,293.70735966768837,293.7073589999702,293.70735900242727,2.047998714260757e-07
4839842.160000053,0.0,4.042080001281208,0.0,0.8,293.70735966768837,293.7073589999702,293.70735900242727,2.047998714260757e-07
4839844.320000107,0.0,4.042080001281208,0.0,0.8,293.70735966768837,293.7073589999702,293.70735900242727,2.047998714260757e-07
4839848.640000215,0.0,4.042080001281208,0.0,0.8,293.70735966768837,293.7073589999702,293.70735900242727,2.047998714260757e-07
4839857.28000043,0.0,4.042080001281208,0.0,0.8,293.70735966768837,293.7073589999702,293.70735900242727,2.047998714260757e-07
4839874.560000858,0.0,4.04208000128121,0.0,0.8,293.70735966768837,293.7073589999702,293.70735900242727,2.047998714260757e-07
4839909.1200017175,0.0,4.042080001281212,0.0,0.8,293.70735966768837,293.7073589999702,293.70735900242727,2.047998714260757e-07
4839978.240003434,0.0,4.042080001281208,0.0,0.8,293.70735966768837,293.7073589999702,293.70735900242727,2.047998714260757e-07
4840116.480006868,0.0,4.042080001281212,0.0,0.8,293.70735966768837,293.7073589999702,293.70735900242727,2.047998714260757e-07
4840200.0,0.0,4.042080001281212,0.0,0.8,293.70735966768837,293.7073589999702,293.70735900242727,2.047998714260757e-07
4840201.800000054,0.0,4.042080001281212,0.0,0.8,293.70735966768837,293.7073589999702,293.70735900242727,2.047998714260757e-07
4840203.600000108,0.0,4.042080001281212,0.0,0.8,293.70735966768837,293.7073589999702,293.70735900242727,2.047998714260757e-07
4840207.200000214,0.0,4.042080001281212,0.0,0.8,293.70735966768837,293.7073589999702,293.70735900242727,2.047998714260757e-07
4840214.40000043,0.0,4.042080001281212,0.0,0.8,293.70735966768837,293.7073589999702,293.70735900242727,2.047998714260757e-07
4840228.8000008585,0.0,4.042080001281212,0.0,0.8,293.70735966768837,293.7073589999702,293.70735900242727,2.047998714260757e-07
4840257.600001717,0.0,4.042080001281212,0.0,0.8,293.70735966768837,293.7073589999702,293.70735900242727,2.047998714260757e-07
4840315.200003434,0.0,4.042080001281212,0.0,0.8,293.70735966768837,293.7073589999702,293.70735900242727,2.047998714260757e-07
4840430.400006868,0.0,4.042080001281214,0.0,0.8,293.70735966768837,293.7073589999702,293.70735900242727,2.047998714260757e-07
4840560.0,0.0,4.042080001281214,0.0,0.8,293.70735966768837,293.7073589999702,293.70735900242727,2.047998714260757e-07
4840561.4400000535,0.0,4.042080001281214,0.0,0.8,293.70735966768837,293.7073589999702,293.70735900242727,2.047998714260757e-07
4840562.880000107,0.0,4.042080001281214,0.0,0.8,293.70735966768837,293.7073589999702,293.70735900242727,2.047998714260757e-07
4840565.760000215,0.0,4.042080001281214,0.0,0.8,293.70735966768837,293.7073589999702,293.70735900242727,2.047998714260757e-07
4840571.520000429,0.0,4.042080001281214,0.0,0.8,293.70735966768837,293.7073589999702,293.70735900242727,2.047998714260757e-07
4840583.040000859,0.0,4.042080001281214,0.0,0.8,293.70735966768837,293.7073589999702,293.70735900242727,2.047998714260757e-07
4840606.080001717,0.0,4.042080001281212,0.0,0.8,293.70735966768837,293.7073589999702,293.70735900242727,2.047998714260757e-07
4840652.160003434,0.0,4.042080001281212,0.0,0.8,293.70735966768837,293.7073589999702,293.70735900242727,2.047998714260757e-07
4840744.320006869,0.0,4.042080001281212,0.0,0.8,293.70735966768837,293.7073589999702,293.70735900242727,2.047998714260757e-07
4840920.0,0.0,4.042080001281214,0.0,0.8,293.70735966768837,293.7073589999702,293.70735900242727,2.047998714260757e-07
4840921.080000054,0.0,4.042080001281214,0.0,0.8,293.70735966768837,293.7073589999702,293.70735900242727,2.047998714260757e-07
4840922.160000107,0.0,4.042080001281214,0.0,0.8,293.70735966768837,293.7073589999702,293.70735900242727,2.047998714260757e-07
4840924.3200002145,0.0,4.042080001281214,0.0,0.8,293.70735966768837,293.7073589999702,293.70735900242727,2.047998714260757e-07
4840928.640000429,0.0,4.042080001281214,0.0,0.8,293.70735966768837,293.7073589999702,293.70735900242727,2.047998714260757e-07
4840937.280000859,0.0,4.042080001281214,0.0,0.8,293.70735966768837,293.7073589999702,293.70735900242727,2.047998714260757e-07
4840954.560001717,0.0,4.042080001281214,0.0,0.8,293.70735966768837,293.7073589999702,293.70735900242727,2.047998714260757e-07
4840989.120003434,0.0,4.042080001281214,0.0,0.8,293.70735966768837,293.7073589999702,293.70735900242727,2.047998714260757e-07
4841058.240006869,0.0,4.042080001281214,0.0,0.8,293.70735966768837,293.7073589999702,293.70735900242727,2.047998714260757e-07
4841196.4800137365,0.0,4.042080001281214,0.0,0.8,293.70735966768837,293.7073589999702,293.70735900242727,2.047998714260757e-07
4841280.0,0.0,4.042080001281214,0.0,0.8,293.70735966768837,293.7073589999702,293.70735900242727,2.047998714260757e-07
4841280.720000054,0.0,4.042080001281214,0.0,0.8,293.70735966768837,293.7073589999702,293.70735900242727,2.047998714260757e-07
4841281.4400001075,0.0,4.042080001281214,0.0,0.8,293.70735966768837,293.7073589999702,293.70735900242727,2.047998714260757e-07
4841282.880000215,0.0,4.042080001281214,0.0,0.8,293.70735966768837,293.7073589999702,293.70735900242727,2.047998714260757e-07
4841285.760000429,0.0,4.042080001281214,0.0,0.8,293.70735966768837,293.7073589999702,293.70735900242727,2.047998714260757e-07
4841291.520000858,0.0,4.042080001281214,0.0,0.8,293.70735966768837,293.7073589999702,293.70735900242727,2.047998714260757e-07
4841303.040001717,0.0,4.042080001281214,0.0,0.8,293.70735966768837,293.7073589999702,293.70735900242727,2.047998714260757e-07
4841326.080003434,0.0,4.042080001281214,0.0,0.8,293.70735966768837,293.7073589999702,293.70735900242727,2.047998714260757e-07
4841372.160006869,0.0,4.042080001281214,0.0,0.8,293.70735966768837,293.7073589999702,293.70735900242727,2.047998714260757e-07
4841464.320013736,0.0,4.042080001281214,0.0,0.8,293.70735966768837,293.7073589999702,293.70735900242727,2.047998714260757e-07
4841640.0,0.0,4.042080001281207,0.0,0.8,293.70735966768837,293.7073589999702,293.70735900242727,2.047998714260757e-07
4841640.360000053,0.0,4.042080001281207,0.0,0.8,293.70735966768837,293.7073589999702,293.70735900242727,2.047998714260757e-07
4841640.720000108,0.0,4.042080001281207,0.0,0.8,293.70735966768837,293.7073589999702,293.70735900242727,2.047998714260757e-07
4841641.440000215,0.0,4.042080001281207,0.0,0.8,293.70735966768837,293.7073589999702,293.70735900242727,2.047998714260757e-07
4841642.880000429,0.0,4.042080001281207,0.0,0.8,293.70735966768837,293.7073589999702,293.70735900242727,2.047998714260757e-07
4841645.760000858,0.0,4.042080001281207,0.0,0.8,293.70735966768837,293.7073589999702,293.70735900242727,2.047998714260757e-07
4841651.520001717,0.0,4.042080001281207,0.0,0.8,293.70735966768837,293.7073589999702,293.70735900242727,2.047998714260757e-07
4841663.040003434,0.0,4.042080001281207,0.0,0.8,293.70735966768837,293.7073589999702,293.70735900242727,2.047998714260757e-07
4841686.080006869,0.0,4.04208000128121,0.0,0.8,293.70735966768837,293.7073589999702,293.70735900242727,2.047998714260757e-07
4841732.160013737,0.0,4.04208000128121,0.0,0.8,293.70735966768837,293.7073589999702,293.70735900242727,2.047998714260757e-07
4841824.320027473,0.0,4.042080001281208,0.0,0.8,293.70735966768837,293.7073589999702,293.70735900242727,2.047998714260757e-07
4842000.0,0.0,4.04208000128121,0.0,0.8,293.70735966768837,293.7073589999702,293.70735900242727,2.047998714260757e-07
4845600.0,0.0,4.04208000128121,0.0,0.8,292.75384868413505,292.753848196597,292.753848196597,0.0
4845603.600000108,0.0,4.04208000128121,0.0,0.8,292.75384868413505,292.753848196597,292.753848196597,0.0
4845607.200000214,0.0,4.04208000128121,0.0,0.8,292.75384868413505,292.753848196597,292.753848196597,0.0
4845614.400000429,0.0,4.04208000128121,0.0,0.8,292.75384868413505,292.753848196597,292.753848196597,0.0
4845628.8000008585,0.0,4.04208000128121,0.0,0.8,292.75384868413505,292.753848196597,292.753848196597,0.0
4845657.600001717,0.0,4.042080001281208,0.0,0.8,292.75384868413505,292.753848196597,292.753848196597,0.0
4845715.200003434,0.0,4.042080001281208,0.0,0.8,292.75384868413505,292.753848196597,292.753848196597,0.0
4845830.400006867,0.0,4.04208000128121,0.0,0.8,292.75384868413505,292.753848196597,292.753848196597,0.0
4845960.0,0.0,4.042080001281208,0.0,0.8,292.75384868413505,292.753848196597,292.753848196597,0.0
4845963.240000107,0.0,4.042080001281208,0.0,0.8,292.75384868413505,292.753848196597,292.753848196597,0.0
4845966.480000215,0.0,4.042080001281208,0.0,0.8,292.75384868413505,292.753848196597,292.753848196597,0.0
4845972.960000429,0.0,4.042080001281208,0.0,0.8,292.75384868413505,292.753848196597,292.753848196597,0.0
4845985.920000859,0.0,4.042080001281208,0.0,0.8,292.75384868413505,292.753848196597,292.753848196597,0.0
4846011.840001717,0.0,4.042080001281208,0.0,0.8,292.75384868413505,292.753848196597,292.753848196597,0.0
4846063.6800034335,0.0,4.042080001281208,0.0,0.8,292.75384868413505,292.753848196597,292.753848196597,0.0
4846167.360006867,0.0,4.042080001281207,0.0,0.8,292.75384868413505,292.753848196597,292.753848196597,0.0
4846320.0,0.0,4.042080001281208,0.0,0.8,292.75384868413505,292.753848196597,292.753848196597,0.0
4846322.880000107,0.0,4.042080001281208,0.0,0.8,292.75384868413505,292.753848196597,292.753848196597,0.0
4846325.760000215,0.0,4.042080001281208,0.0,0.8,292.75384868413505,292.753848196597,292.753848196597,0.0
4846331.520000429,0.0,4.042080001281208,0.0,0.8,292.75384868413505,292.753848196597,292.753848196597,0.0
4846343.040000859,0.0,4.042080001281208,0.0,0.8,292.75384868413505,292.753848196597,292.753848196597,0.0
4846366.0800017165,0.0,4.042080001281207,0.0,0.8,292.75384868413505,292.753848196597,292.753848196597,0.0
4846412.160003434,0.0,4.042080001281207,0.0,0.8,292.75384868413505,292.753848196597,292.753848196597,0.0
4846504.320006868,0.0,4.042080001281207,0.0,0.8,292.75384868413505,292.753848196597,292.753848196597,0.0
4846680.0,0.0,4.042080001281212,0.0,0.8,292.75384868413505,292.753848196597,292.753848196597,0.0
4846682.520000108,0.0,4.042080001281212,0.0,0.8,292.75384868413505,292.753848196597,292.753848196597,0.0
4846685.040000214,0.0,4.042080001281212,0.0,0.8,292.75384868413505,292.753848196597,292.753848196597,0.0
4846690.080000429,0.0,4.042080001281212,0.0,0.8,292.75384868413505,292.753848196597,292.753848196597,0.0
4846700.160000859,0.0,4.042080001281212,0.0,0.8,292.75384868413505,292.753848196597,292.753848196597,0.0
4846720.320001717,0.0,4.042080001281212,0.0,0.8,292.75384868413505,292.753848196597,292.753848196597,0.0
4846760.640003433,0.0,4.042080001281212,0.0,0.8,292.75384868413505,292.753848196597,292.753848196597,0.0
4846841.280006868,0.0,4.042080001281212,0.0,0.8,292.75384868413505,292.753848196597,292.753848196597,0.0
4847002.560013735,0.0,4.04208000128121,0.0,0.8,292.75384868413505,292.753848196597,292.753848196597,0.0
4847040.0,0.0,4.042080001281217,0.0,0.8,292.75384868413505,292.753848196597,292.753848196597,0.0
4847042.160000107,0.0,4.042080001281217,0.0,0.8,292.75384868413505,292.753848196597,292.753848196597,0.0
4847044.3200002145,0.0,4.042080001281217,0.0,0.8,292.75384868413505,292.753848196597,292.753848196597,0.0
4847048.640000429,0.0,4.042080001281217,0.0,0.8,292.75384868413505,292.753848196597,292.753848196597,0.0
4847057.280000858,0.0,4.042080001281217,0.0,0.8,292.75384868413505,292.753848196597,292.753848196597,0.0
4847074.560001717,0.0,4.042080001281217,0.0,0.8,292.75384868413505,292.753848196597,292.753848196597,0.0
4847109.120003434,0.0,4.042080001281212,0.0,0.8,292.75384868413505,292.753848196597,292.753848196597,0.0
4847178.240006868,0.0,4.042080001281212,0.0,0.8,292.75384868413505,292.753848196597,292.753848196597,0.0
4847316.480013735,0.0,4.042080001281212,0.0,0.8,292.75384868413505,292.753848196597,292.753848196597,0.0
4847400.0,0.0,4.042080001281212,0.0,0.8,292.75384868413505,292.753848196597,292.753848196597,0.0
4847401.800000107,0.0,4.042080001281212,0.0,0.8,292.75384868413505,292.753848196597,292.753848196597,0.0
4847403.600000215,0.0,4.042080001281212,0.0,0.8,292.75384868413505,292.753848196597,292.753848196597,0.0
4847407.2000004295,0.0,4.042080001281212,0.0,0.8,292.75384868413505,292.753848196597,292.753848196597,0.0
4847414.400000858,0.0,4.042080001281212,0.0,0.8,292.75384868413505,292.753848196597,292.753848196597,0.0
4847428.800001717,0.0,4.042080001281212,0.0,0.8,292.75384868413505,292.753848196597,292.753848196597,0.0
4847457.600003433,0.0,4.042080001281212,0.0,0.8,292.75384868413505,292.753848196597,292.753848196597,0.0
4847515.200006868,0.0,4.042080001281212,0.0,0.8,292.75384868413505,292.753848196597,292.753848196597,0.0
4847630.400013735,0.0,4.04208000128121,0.0,0.8,292.75384868413505,292.753848196597,292.753848196597,0.0
4847760.0,0.0,4.042080001281207,0.0,0.8,292.75384868413505,292.753848196597,292.753848196597,0.0
4847761.4400001075,0.0,4.042080001281207,0.0,0.8,292.75384868413505,292.753848196597,292.753848196597,0.0
4847762.880000215,0.0,4.042080001281207,0.0,0.8,292.75384868413505,292.753848196597,292.753848196597,0.0
4847765.760000429,0.0,4.042080001281207,0.0,0.8,292.75384868413505,292.753848196597,292.753848196597,0.0
4847771.520000858,0.0,4.042080001281207,0.0,0.8,292.75384868413505,292.753848196597,292.753848196597,0.0
4847783.040001716,0.0,4.042080001281207,0.0,0.8,292.75384868413505,292.753848196597,292.753848196597,0.0
4847806.080003434,0.0,4.042080001281207,0.0,0.8,292.75384868413505,292.753848196597,292.753848196597,0.0
4847852.160006868,0.0,4.042080001281207,0.0,0.8,292.75384868413505,292.753848196597,292.753848196597,0.0
4847944.3200137345,0.0,4.042080001281208,0.0,0.8,292.75384868413505,292.753848196597,292.753848196597,0.0
4848120.0,0.0,4.042080001281207,0.0,0.8,292.75384868413505,292.753848196597,292.753848196597,0.0
4848121.080000107,0.0,4.042080001281207,0.0,0.8,292.75384868413505,292.753848196597,292.753848196597,0.0
4848122.160000214,0.0,4.042080001281207,0.0,0.8,292.75384868413505,292.753848196597,292.753848196597,0.0
4848124.32000043,0.0,4.042080001281207,0.0,0.8,292.75384868413505,292.753848196597,292.753848196597,0.0
4848128.640000858,0.0,4.042080001281207,0.0,0.8,292.75384868413505,292.753848196597,292.753848196597,0.0
4848137.280001717,0.0,4.042080001281207,0.0,0.8,292.75384868413505,292.753848196597,292.753848196597,0.0
4848154.560003433,0.0,4.042080001281207,0.0,0.8,292.75384868413505,292.753848196597,292.753848196597,0.0
4848189.120006868,0.0,4.042080001281207,0.0,0.8,292.75384868413505,292.753848196597,292.753848196597,0.0
4848258.240013734,0.0,4.042080001281207,0.0,0.8,292.75384868413505,292.753848196597,292.753848196597,0.0
4848396.48002747,0.0,4.042080001281208,0.0,0.8,292.75384868413505,292.753848196597,292.753848196597,0.0
4848480.0,0.0,4.042080001281208,0.0,0.8,292.75384868413505,292.753848196597,292.753848196597,0.0
4848480.720000107,0.0,4.042080001281208,0.0,0.8,292.75384868413505,292.753848196597,292.753848196597,0.0
4848481.440000215,0.0,4.042080001281208,0.0,0.8,292.75384868413505,292.753848196597,292.753848196597,0.0
4848482.880000429,0.0,4.042080001281208,0.0,0.8,292.75384868413505,292.753848196597,292.753848196597,0.0
4848485.760000858,0.0,4.042080001281208,0.0,0.8,292.75384868413505,292.753848196597,292.753848196597,0.0
4848491.520001717,0.0,4.042080001281208,0.0,0.8,292.75384868413505,292.753848196597,292.753848196597,0.0
4848503.040003434,0.0,4.042080001281208,0.0,0.8,292.75384868413505,292.753848196597,292.753848196597,0.0
4848526.080006868,0.0,4.042080001281208,0.0,0.8,292.75384868413505,292.753848196597,292.753848196597,0.0
4848572.160013734,0.0,4.042080001281208,0.0,0.8,292.75384868413505,292.753848196597,292.753848196597,0.0
4848664.32002747,0.0,4.042080001281208,0.0,0.8,292.75384868413505,292.753848196597,292.753848196597,0.0
4848840.0,0.0,4.042080001281212,0.0,0.8,292.75384868413505,292.753848196597,292.753848196597,0.0
4848840.360000107,0.0,4.042080001281212,0.0,0.8,292.75384868413505,292.753848196597,292.753848196597,0.0
4848840.720000215,0.0,4.042080001281212,0.0,0.8,292.75384868413505,292.753848196597,292.753848196597,0.0
4848841.440000429,0.0,4.042080001281212,0.0,0.8,292.75384868413505,292.753848196597,292.753848196597,0.0
4848842.880000859,0.0,4.042080001281212,0.0,0.8,292.75384868413505,292.753848196597,292.753848196597,0.0
4848845.760001717,0.0,4.042080001281212,0.0,0.8,292.75384868413505,292.753848196597,292.753848196597,0.0
4848851.520003433,0.0,4.042080001281212,0.0,0.8,292.75384868413505,292.753848196597,292.753848196597,0.0
4848863.040006868,0.0,4.04208000128121,0.0,0.8,292.75384868413505,292.753848196597,292.753848196597,0.0
4848886.080013735,0.0,4.04208000128121,0.0,0.8,292.75384868413505,292.753848196597,292.753848196597,0.0
4848932.1600274695,0.0,4.042080001281212,0.0,0.8,292.75384868413505,292.753848196597,292.753848196597,0.0
4849024.320054939,0.0,4.042080001281217,0.0,0.8,292.75384868413505,292.753848196597,292.753848196597,0.0
4849200.0,0.0,4.0420800012812155,0.0,0.8,292.75384868413505,292.753848196597,292.753848196597,0.0
4852800.0,0.0,4.0420800012812155,0.0,0.8,292.1544453068918,292.1544449999973,292.1544449999973,0.0
4852803.600000161,0.0,4.0420800012812155,0.0,0.8,292.1544453068918,292.1544449999973,292.1544449999973,0.0
4852807.2000003215,0.0,4.0420800012812155,0.0,0.8,292.1544453068918,292.1544449999973,292.1544449999973,0.0
4852814.400000644,0.0,4.0420800012812155,0.0,0.8,292.1544453068918,292.1544449999973,292.1544449999973,0.0
4852828.800001288,0.0,4.0420800012812155,0.0,0.8,292.1544453068918,292.1544449999973,292.1544449999973,0.0
4852857.600002575,0.0,4.0420800012812155,0.0,0.8,292.1544453068918,292.1544449999973,292.1544449999973,0.0
4852915.20000515,0.0,4.0420800012812155,0.0,0.8,292.1544453068918,292.1544449999973,292.1544449999973,0.0
4853030.400010301,0.0,4.0420800012812155,0.0,0.8,292.1544453068918,292.1544449999973,292.1544449999973,0.0
4853160.0,0.0,4.042080001281219,0.0,0.8,292.1544453068918,292.1544449999973,292.1544449999973,0.0
4853163.240000161,0.0,4.042080001281219,0.0,0.8,292.1544453068918,292.1544449999973,292.1544449999973,0.0
4853166.480000322,0.0,4.042080001281219,0.0,0.8,292.1544453068918,292.1544449999973,292.1544449999973,0.0
4853172.9600006435,0.0,4.042080001281219,0.0,0.8,292.1544453068918,292.1544449999973,292.1544449999973,0.0
4853185.920001288,0.0,4.042080001281219,0.0,0.8,292.1544453068918,292.1544449999973,292.1544449999973,0.0
4853211.840002575,0.0,4.042080001281219,0.0,0.8,292.1544453068918,292.1544449999973,292.1544449999973,0.0
4853263.68000515,0.0,4.042080001281219,0.0,0.8,292.1544453068918,292.1544449999973,292.1544449999973,0.0
4853367.360010301,0.0,4.042080001281219,0.0,0.8,292.1544453068918,292.1544449999973,292.1544449999973,0.0
4853520.0,0.0,4.0420800012812155,0.0,0.8,292.1544453068918,292.1544449999973,292.1544449999973,0.0
4853522.880000161,0.0,4.0420800012812155,0.0,0.8,292.1544453068918,292.1544449999973,292.1544449999973,0.0
4853525.760000322,0.0,4.0420800012812155,0.0,0.8,292.1544453068918,292.1544449999973,292.1544449999973,0.0
4853531.520000644,0.0,4.0420800012812155,0.0,0.8,292.1544453068918,292.1544449999973,292.1544449999973,0.0
4853543.040001287,0.0,4.0420800012812155,0.0,0.8,292.1544453068918,292.1544449999973,292.1544449999973,0.0
4853566.080002575,0.0,4.042080001281219,0.0,0.8,292.1544453068918,292.1544449999973,292.1544449999973,0.0
4853612.16000515,0.0,4.0420800012812155,0.0,0.8,292.1544453068918,292.1544449999973,292.1544449999973,0.0
4853704.320010301,0.0,4.042080001281219,0.0,0.8,292.1544453068918,292.1544449999973,292.1544449999973,0.0
4853880.0,0.0,4.042080001281217,0.0,0.8,292.1544453068918,292.1544449999973,292.1544449999973,0.0
4853882.520000161,0.0,4.042080001281217,0.0,0.8,292.1544453068918,292.1544449999973,292.1544449999973,0.0
4853885.040000322,0.0,4.042080001281217,0.0,0.8,292.1544453068918,292.1544449999973,292.1544449999973,0.0
4853890.080000644,0.0,4.042080001281217,0.0,0.8,292.1544453068918,292.1544449999973,292.1544449999973,0.0
4853900.160001287,0.0,4.042080001281217,0.0,0.8,292.1544453068918,292.1544449999973,292.1544449999973,0.0
4853920.320002575,0.0,4.042080001281217,0.0,0.8,292.1544453068918,292.1544449999973,292.1544449999973,0.0
4853960.64000515,0.0,4.042080001281217,0.0,0.8,292.1544453068918,292.1544449999973,292.1544449999973,0.0
4854041.280010301,0.0,4.042080001281217,0.0,0.8,292.1544453068918,292.1544449999973,292.1544449999973,0.0
4854202.560020601,0.0,4.042080001281217,0.0,0.8,292.1544453068918,292.1544449999973,292.1544449999973,0.0
4854240.0,0.0,4.042080001281217,0.0,0.8,292.1544453068918,292.1544449999973,292.1544449999973,0.0
4854242.160000161,0.0,4.042080001281217,0.0,0.8,292.1544453068918,292.1544449999973,292.1544449999973,0.0
4854244.320000322,0.0,4.042080001281217,0.0,0.8,292.1544453068918,292.1544449999973,292.1544449999973,0.0
4854248.640000644,0.0,4.042080001281219,0.0,0.8,292.1544453068918,292.1544449999973,292.1544449999973,0.0
4854257.280001287,0.0,4.042080001281219,0.0,0.8,292.1544453068918,292.1544449999973,292.1544449999973,0.0
4854274.560002575,0.0,4.042080001281219,0.0,0.8,292.1544453068918,292.1544449999973,292.1544449999973,0.0
4854309.12000515,0.0,4.042080001281219,0.0,0.8,292.1544453068918,292.1544449999973,292.1544449999973,0.0
4854378.240010301,0.0,4.042080001281219,0.0,0.8,292.1544453068918,292.1544449999973,292.1544449999973,0.0
4854516.480020601,0.0,4.042080001281219,0.0,0.8,292.1544453068918,292.1544449999973,292.1544449999973,0.0
4854600.0,0.0,4.042080001281217,0.0,0.8,292.1544453068918,292.1544449999973,292.1544449999973,0.0
4854601.800000161,0.0,4.042080001281217,0.0,0.8,292.1544453068918,292.1544449999973,292.1544449999973,0.0
4854603.600000322,0.0,4.042080001281217,0.0,0.8,292.1544453068918,292.1544449999973,292.1544449999973,0.0
4854607.200000644,0.0,4.042080001281217,0.0,0.8,292.1544453068918,292.1544449999973,292.1544449999973,0.0
4854614.400001287,0.0,4.042080001281217,0.0,0.8,292.1544453068918,292.1544449999973,292.1544449999973,0.0
4854628.800002575,0.0,4.042080001281217,0.0,0.8,292.1544453068918,292.1544449999973,292.1544449999973,0.0
4854657.600005151,0.0,4.042080001281217,0.0,0.8,292.1544453068918,292.1544449999973,292.1544449999973,0.0
4854715.200010301,0.0,4.042080001281219,0.0,0.8,292.1544453068918,292.1544449999973,292.1544449999973,0.0
4854830.400020601,0.0,4.042080001281217,0.0,0.8,292.1544453068918,292.1544449999973,292.1544449999973,0.0
4854960.0,0.0,4.042080001281219,0.0,0.8,292.1544453068918,292.1544449999973,292.1544449999973,0.0
4854961.440000161,0.0,4.042080001281219,0.0,0.8,292.1544453068918,292.1544449999973,292.1544449999973,0.0
4854962.880000322,0.0,4.042080001281219,0.0,0.8,292.1544453068918,292.1544449999973,292.1544449999973,0.0
4854965.760000644,0.0,4.042080001281219,0.0,0.8,292.1544453068918,292.1544449999973,292.1544449999973,0.0
4854971.520001288,0.0,4.042080001281219,0.0,0.8,292.1544453068918,292.1544449999973,292.1544449999973,0.0
4854983.040002575,0.0,4.042080001281219,0.0,0.8,292.1544453068918,292.1544449999973,292.1544449999973,0.0
4855006.08000515,0.0,4.042080001281219,0.0,0.8,292.1544453068918,292.1544449999973,292.1544449999973,0.0
4855052.160010301,0.0,4.042080001281219,0.0,0.8,292.1544453068918,292.1544449999973,292.1544449999973,0.0
4855144.320020601,0.0,4.042080001281219,0.0,0.8,292.1544453068918,292.1544449999973,292.1544449999973,0.0
4855320.0,0.0,4.042080001281219,0.0,0.8,292.1544453068918,292.1544449999973,292.1544449999973,0.0
4855321.080000161,0.0,4.042080001281219,0.0,0.8,292.1544453068918,292.1544449999973,292.1544449999973,0.0
4855322.160000321,0.0,4.042080001281219,0.0,0.8,292.1544453068918,292.1544449999973,292.1544449999973,0.0
4855324.320000644,0.0,4.042080001281219,0.0,0.8,292.1544453068918,292.1544449999973,292.1544449999973,0.0
4855328.640001288,0.0,4.042080001281219,0.0,0.8,292.1544453068918,292.1544449999973,292.1544449999973,0.0
4855337.280002575,0.0,4.042080001281219,0.0,0.8,292.1544453068918,292.1544449999973,292.1544449999973,0.0
4855354.560005151,0.0,4.042080001281219,0.0,0.8,292.1544453068918,292.1544449999973,292.1544449999973,0.0
4855389.120010301,0.0,4.042080001281219,0.0,0.8,292.1544453068918,292.1544449999973,292.1544449999973,0.0
4855458.240020601,0.0,4.042080001281217,0.0,0.8,292.1544453068918,292.1544449999973,292.1544449999973,0.0
4855596.480041202,0.0,4.042080001281219,0.0,0.8,292.1544453068918,292.1544449999973,292.1544449999973,0.0
4855680.0,0.0,4.042080001281219,0.0,0.8,292.1544453068918,292.1544449999973,292.1544449999973,0.0
4855680.720000161,0.0,4.042080001281219,0.0,0.8,292.1544453068918,292.1544449999973,292.1544449999973,0.0
4855681.440000322,0.0,4.042080001281219,0.0,0.8,292.1544453068918,292.1544449999973,292.1544449999973,0.0
4855682.880000643,0.0,4.042080001281219,0.0,0.8,292.1544453068918,292.1544449999973,292.1544449999973,0.0
4855685.760001288,0.0,4.042080001281219,0.0,0.8,292.1544453068918,292.1544449999973,292.1544449999973,0.0
4855691.520002576,0.0,4.042080001281219,0.0,0.8,292.1544453068918,292.1544449999973,292.1544449999973,0.0
4855703.04000515,0.0,4.042080001281219,0.0,0.8,292.1544453068918,292.1544449999973,292.1544449999973,0.0
4855726.0800103005,0.0,4.042080001281219,0.0,0.8,292.1544453068918,292.1544449999973,292.1544449999973,0.0
4855772.160020601,0.0,4.042080001281219,0.0,0.8,292.1544453068918,292.1544449999973,292.1544449999973,0.0
4855864.320041203,0.0,4.042080001281219,0.0,0.8,292.1544453068918,292.1544449999973,292.1544449999973,0.0
4856040.0,0.0,4.042080001281217,0.0,0.8,292.1544453068918,292.1544449999973,292.1544449999973,0.0
4856040.3600001605,0.0,4.042080001281217,0.0,0.8,292.1544453068918,292.1544449999973,292.1544449999973,0.0
4856040.720000322,0.0,4.042080001281217,0.0,0.8,292.1544453068918,292.1544449999973,292.1544449999973,0.0
4856041.440000644,0.0,4.042080001281217,0.0,0.8,292.1544453068918,292.1544449999973,292.1544449999973,0.0
4856042.880001288,0.0,4.042080001281217,0.0,0.8,292.1544453068918,292.1544449999973,292.1544449999973,0.0
4856045.760002575,0.0,4.042080001281217,0.0,0.8,292.1544453068918,292.1544449999973,292.1544449999973,0.0
4856051.520005151,0.0,4.042080001281217,0.0,0.8,292.1544453068918,292.1544449999973,292.1544449999973,0.0
4856063.0400103,0.0,4.042080001281217,0.0,0.8,292.1544453068918,292.1544449999973,292.1544449999973,0.0
4856086.080020601,0.0,4.042080001281217,0.0,0.8,292.1544453068918,292.1544449999973,292.1544449999973,0.0
4856132.160041203,0.0,4.042080001281217,0.0,0.8,292.1544453068918,292.1544449999973,292.1544449999973,0.0
4856224.320082405,0.0,4.042080001281219,0.0,0.8,292.1544453068918,292.1544449999973,292.1544449999973,0.0
4856400.0,0.0,4.042080001281219,0.0,0.8,292.1544453068918,292.1544449999973,292.1544449999973,0.0
4860000.0,0.0,4.042080001281219,0.0,0.8,291.9500005233737,291.94999999999436,291.94999999999436,0.0
4860003.600000215,0.0,4.042080001281219,0.0,0.8,291.9500005233737,291.94999999999436,291.94999999999436,0.0
4860007.2000004295,0.0,4.042080001281219,0.0,0.8,291.9500005233737,291.94999999999436,291.94999999999436,0.0
4860014.400000858,0.0,4.042080001281219,0.0,0.8,291.9500005233737,291.94999999999436,291.94999999999436,0.0
4860028.800001717,0.0,4.042080001281219,0.0,0.8,291.9500005233737,291.94999999999436,291.94999999999436,0.0
4860057.600003433,0.0,4.042080001281219,0.0,0.8,291.9500005233737,291.94999999999436,291.94999999999436,0.0
4860115.200006867,0.0,4.042080001281219,0.0,0.8,291.9500005233737,291.94999999999436,291.94999999999436,0.0
4860230.400013734,0.0,4.042080001281219,0.0,0.8,291.9500005233737,291.94999999999436,291.94999999999436,0.0
4860360.0,0.0,4.042080001281219,0.0,0.8,291.9500005233737,291.94999999999436,291.94999999999436,0.0
4860363.240000214,0.0,4.042080001281219,0.0,0.8,291.9500005233737,291.94999999999436,291.94999999999436,0.0
4860366.480000429,0.0,4.042080001281219,0.0,0.8,291.9500005233737,291.94999999999436,291.94999999999436,0.0
4860372.960000859,0.0,4.042080001281219,0.0,0.8,291.9500005233737,291.94999999999436,291.94999999999436,0.0
4860385.920001716,0.0,4.042080001281219,0.0,0.8,291.9500005233737,291.94999999999436,291.94999999999436,0.0
4860411.840003434,0.0,4.042080001281219,0.0,0.8,291.9500005233737,291.94999999999436,291.94999999999436,0.0
4860463.680006867,0.0,4.042080001281219,0.0,0.8,291.9500005233737,291.94999999999436,291.94999999999436,0.0
4860567.360013734,0.0,4.042080001281219,0.0,0.8,291.9500005233737,291.94999999999436,291.94999999999436,0.0
4860720.0,0.0,4.042080001281219,0.0,0.8,291.9500005233737,291.94999999999436,291.94999999999436,0.0
4860722.880000215,0.0,4.042080001281219,0.0,0.8,291.9500005233737,291.94999999999436,291.94999999999436,0.0
4860725.760000429,0.0,4.042080001281219,0.0,0.8,291.9500005233737,291.94999999999436,291.94999999999436,0.0
4860731.520000858,0.0,4.042080001281219,0.0,0.8,291.9500005233737,291.94999999999436,291.94999999999436,0.0
4860743.040001716,0.0,4.042080001281219,0.0,0.8,291.9500005233737,291.94999999999436,291.94999999999436,0.0
4860766.080003434,0.0,4.042080001281219,0.0,0.8,291.9500005233737,291.94999999999436,291.94999999999436,0.0
4860812.160006867,0.0,4.042080001281219,0.0,0.8,291.9500005233737,291.94999999999436,291.94999999999436,0.0
4860904.320013734,0.0,4.042080001281219,0.0,0.8,291.9500005233737,291.94999999999436,291.94999999999436,0.0
4861080.0,0.0,4.042080001281217,0.0,0.8,291.9500005233737,291.94999999999436,291.94999999999436,0.0
4861082.520000215,0.0,4.042080001281217,0.0,0.8,291.9500005233737,291.94999999999436,291.94999999999436,0.0
4861085.040000429,0.0,4.042080001281217,0.0,0.8,291.9500005233737,291.94999999999436,291.94999999999436,0.0
4861090.080000859,0.0,4.042080001281217,0.0,0.8,291.9500005233737,291.94999999999436,291.94999999999436,0.0
4861100.160001717,0.0,4.042080001281217,0.0,0.8,291.9500005233737,291.94999999999436,291.94999999999436,0.0
4861120.320003433,0.0,4.042080001281217,0.0,0.8,291.9500005233737,291.94999999999436,291.94999999999436,0.0
4861160.640006867,0.0,4.042080001281217,0.0,0.8,291.9500005233737,291.94999999999436,291.94999999999436,0.0
4861241.280013734,0.0,4.042080001281217,0.0,0.8,291.9500005233737,291.94999999999436,291.94999999999436,0.0
4861402.560027468,0.0,4.042080001281219,0.0,0.8,291.9500005233737,291.94999999999436,291.94999999999436,0.0
4861440.0,0.0,4.042080001281219,0.0,0.8,291.9500005233737,291.94999999999436,291.94999999999436,0.0
4861442.160000214,0.0,4.042080001281219,0.0,0.8,291.9500005233737,291.94999999999436,291.94999999999436,0.0
4861444.32000043,0.0,4.042080001281219,0.0,0.8,291.9500005233737,291.94999999999436,291.94999999999436,0.0
4861448.640000858,0.0,4.042080001281219,0.0,0.8,291.9500005233737,291.94999999999436,291.94999999999436,0.0
4861457.280001717,0.0,4.042080001281219,0.0,0.8,291.9500005233737,291.94999999999436,291.94999999999436,0.0
4861474.560003433,0.0,4.042080001281219,0.0,0.8,291.9500005233737,291.94999999999436,291.94999999999436,0.0
4861509.120006867,0.0,4.042080001281219,0.0,0.8,291.9500005233737,291.94999999999436,291.94999999999436,0.0
4861578.2400137335,0.0,4.042080001281219,0.0,0.8,291.9500005233737,291.94999999999436,291.94999999999436,0.0
4861716.480027468,0.0,4.042080001281217,0.0,0.8,291.9500005233737,291.94999999999436,291.94999999999436,0.0
4861800.0,0.0,4.042080001281217,0.0,0.8,291.9500005233737,291.94999999999436,291.94999999999436,0.0
4861801.800000215,0.0,4.042080001281217,0.0,0.8,291.9500005233737,291.94999999999436,291.94999999999436,0.0
4861803.600000429,0.0,4.042080001281217,0.0,0.8,291.9500005233737,291.94999999999436,291.94999999999436,0.0
4861807.200000858,0.0,4.042080001281217,0.0,0.8,291.9500005233737,291.94999999999436,291.94999999999436,0.0
4861814.400001717,0.0,4.042080001281217,0.0,0.8,291.9500005233737,291.94999999999436,291.94999999999436,0.0
4861828.800003434,0.0,4.042080001281217,0.0,0.8,291.9500005233737,291.94999999999436,291.94999999999436,0.0
4861857.600006867,0.0,4.042080001281217,0.0,0.8,291.9500005233737,291.94999999999436,291.94999999999436,0.0
4861915.2000137335,0.0,4.042080001281219,0.0,0.8,291.9500005233737,291.94999999999436,291.94999999999436,0.0
4862030.400027468,0.0,4.042080001281219,0.0,0.8,291.9500005233737,291.94999999999436,291.94999999999436,0.0
4862160.0,0.0,4.0420800012812155,0.0,0.8,291.9500005233737,291.94999999999436,291.94999999999436,0.0
4862161.440000215,0.0,4.0420800012812155,0.0,0.8,291.9500005233737,291.94999999999436,291.94999999999436,0.0
4862162.880000429,0.0,4.0420800012812155,0.0,0.8,291.9500005233737,291.94999999999436,291.94999999999436,0.0
4862165.760000858,0.0,4.0420800012812155,0.0,0.8,291.9500005233737,291.94999999999436,291.94999999999436,0.0
4862171.520001717,0.0,4.0420800012812155,0.0,0.8,291.9500005233737,291.94999999999436,291.94999999999436,0.0
4862183.040003434,0.0,4.0420800012812155,0.0,0.8,291.9500005233737,291.94999999999436,291.94999999999436,0.0
4862206.080006867,0.0,4.0420800012812155,0.0,0.8,291.9500005233737,291.94999999999436,291.94999999999436,0.0
4862252.160013733,0.0,4.0420800012812155,0.0,0.8,291.9500005233737,291.94999999999436,291.94999999999436,0.0
4862344.320027468,0.0,4.042080001281219,0.0,0.8,291.9500005233737,291.94999999999436,291.94999999999436,0.0
4862520.0,0.0,4.042080001281217,0.0,0.8,291.9500005233737,291.94999999999436,291.94999999999436,0.0
4862521.080000214,0.0,4.042080001281217,0.0,0.8,291.9500005233737,291.94999999999436,291.94999999999436,0.0
4862522.1600004295,0.0,4.042080001281217,0.0,0.8,291.9500005233737,291.94999999999436,291.94999999999436,0.0
4862524.320000858,0.0,4.042080001281217,0.0,0.8,291.9500005233737,291.94999999999436,291.94999999999436,0.0
4862528.640001717,0.0,4.042080001281217,0.0,0.8,291.9500005233737,291.94999999999436,291.94999999999436,0.0
4862537.280003433,0.0,4.042080001281217,0.0,0.8,291.9500005233737,291.94999999999436,291.94999999999436,0.0
4862554.560006867,0.0,4.042080001281217,0.0,0.8,291.9500005233737,291.94999999999436,291.94999999999436,0.0
4862589.120013734,0.0,4.042080001281219,0.0,0.8,291.9500005233737,291.94999999999436,291.94999999999436,0.0
4862658.240027468,0.0,4.042080001281217,0.0,0.8,291.9500005233737,291.94999999999436,291.94999999999436,0.0
4862796.480054935,0.0,4.042080001281219,0.0,0.8,291.9500005233737,291.94999999999436,291.94999999999436,0.0
4862880.0,0.0,4.042080001281219,0.0,0.8,291.9500005233737,291.94999999999436,291.94999999999436,0.0
4862880.720000215,0.0,4.042080001281219,0.0,0.8,291.9500005233737,291.94999999999436,291.94999999999436,0.0
4862881.440000429,0.0,4.042080001281219,0.0,0.8,291.9500005233737,291.94999999999436,291.94999999999436,0.0
4862882.880000859,0.0,4.042080001281219,0.0,0.8,291.9500005233737,291.94999999999436,291.94999999999436,0.0
4862885.760001717,0.0,4.042080001281219,0.0,0.8,291.9500005233737,291.94999999999436,291.94999999999436,0.0
4862891.520003433,0.0,4.042080001281219,0.0,0.8,291.9500005233737,291.94999999999436,291.94999999999436,0.0
4862903.040006867,0.0,4.042080001281219,0.0,0.8,291.9500005233737,291.94999999999436,291.94999999999436,0.0
4862926.080013734,0.0,4.042080001281221,0.0,0.8,291.9500005233737,291.94999999999436,291.94999999999436,0.0
4862972.160027468,0.0,4.042080001281217,0.0,0.8,291.9500005233737,291.94999999999436,291.94999999999436,0.0
4863064.320054935,0.0,4.042080001281221,0.0,0.8,291.9500005233737,291.94999999999436,291.94999999999436,0.0
4863240.0,0.0,4.042080001281221,0.0,0.8,291.9500005233737,291.94999999999436,291.94999999999436,0.0
4863240.360000215,0.0,4.042080001281221,0.0,0.8,291.9500005233737,291.94999999999436,291.94999999999436,0.0
4863240.720000429,0.0,4.042080001281221,0.0,0.8,291.9500005233737,291.94999999999436,291.94999999999436,0.0
4863241.440000858,0.0,4.042080001281221,0.0,0.8,291.9500005233737,291.94999999999436,291.94999999999436,0.0
4863242.880001716,0.0,4.042080001281221,0.0,0.8,291.9500005233737,291.94999999999436,291.94999999999436,0.0
4863245.760003434,0.0,4.042080001281221,0.0,0.8,291.9500005233737,291.94999999999436,291.94999999999436,0.0
4863251.520006867,0.0,4.042080001281221,0.0,0.8,291.9500005233737,291.94999999999436,291.94999999999436,0.0
4863263.040013734,0.0,4.042080001281221,0.0,0.8,291.9500005233737,291.94999999999436,291.94999999999436,0.0
4863286.080027468,0.0,4.042080001281221,0.0,0.8,291.9500005233737,291.94999999999436,291.94999999999436,0.0
4863332.160054935,0.0,4.042080001281221,0.0,0.8,291.9500005233737,291.94999999999436,291.94999999999436,0.0
4863424.320109871,0.0,4.042080001281219,0.0,0.8,291.9500005233737,291.94999999999436,291.94999999999436,0.0
4863600.0,0.0,4.042080001281221,0.0,0.8,291.9500005233737,291.94999999999436,291.94999999999436,0.0
4867200.0,0.0,4.042080001281221,0.0,0.8,292.1544444766183,292.1544449999973,292.1544449999973,0.0
4867203.600000268,0.0,4.042080001281221,0.0,0.8,292.1544444766183,292.1544449999973,292.1544449999973,0.0
4867207.200000537,0.0,4.042080001281221,0.0,0.8,292.1544444766183,292.1544449999973,292.1544449999973,0.0
4867214.400001073,0.0,4.042080001281221,0.0,0.8,292.1544444766183,292.1544449999973,292.1544449999973,0.0
4867228.800002146,0.0,4.042080001281221,0.0,0.8,292.1544444766183,292.1544449999973,292.1544449999973,0.0
4867257.600004292,0.0,4.042080001281221,0.0,0.8,292.1544444766183,292.1544449999973,292.1544449999973,0.0
4867315.200008583,0.0,4.042080001281219,0.0,0.8,292.1544444766183,292.1544449999973,292.1544449999973,0.0
4867430.400017167,0.0,4.042080001281219,0.0,0.8,292.1544444766183,292.1544449999973,292.1544449999973,0.0
4867560.0,0.0,4.042080001281221,0.0,0.8,292.1544444766183,292.1544449999973,292.1544449999973,0.0
4867563.240000268,0.0,4.042080001281221,0.0,0.8,292.1544444766183,292.1544449999973,292.1544449999973,0.0
4867566.480000537,0.0,4.042080001281221,0.0,0.8,292.1544444766183,292.1544449999973,292.1544449999973,0.0
4867572.960001073,0.0,4.042080001281221,0.0,0.8,292.1544444766183,292.1544449999973,292.1544449999973,0.0
4867585.920002146,0.0,4.042080001281221,0.0,0.8,292.1544444766183,292.1544449999973,292.1544449999973,0.0
4867611.840004291,0.0,4.042080001281217,0.0,0.8,292.1544444766183,292.1544449999973,292.1544449999973,0.0
4867663.680008584,0.0,4.042080001281217,0.0,0.8,292.1544444766183,292.1544449999973,292.1544449999973,0.0
4867767.360017167,0.0,4.042080001281217,0.0,0.8,292.1544444766183,292.1544449999973,292.1544449999973,0.0
4867920.0,0.0,4.042080001281221,0.0,0.8,292.1544444766183,292.1544449999973,292.1544449999973,0.0
4867922.880000268,0.0,4.042080001281221,0.0,0.8,292.1544444766183,292.1544449999973,292.1544449999973,0.0
4867925.760000536,0.0,4.042080001281221,0.0,0.8,292.1544444766183,292.1544449999973,292.1544449999973,0.0
4867931.520001073,0.0,4.042080001281221,0.0,0.8,292.1544444766183,292.1544449999973,292.1544449999973,0.0
4867943.040002146,0.0,4.042080001281219,0.0,0.8,292.1544444766183,292.1544449999973,292.1544449999973,0.0
4867966.080004292,0.0,4.042080001281219,0.0,0.8,292.1544444766183,292.1544449999973,292.1544449999973,0.0
4868012.160008583,0.0,4.042080001281219,0.0,0.8,292.1544444766183,292.1544449999973,292.1544449999973,0.0
4868104.320017167,0.0,4.042080001281219,0.0,0.8,292.1544444766183,292.1544449999973,292.1544449999973,0.0
4868280.0,0.0,4.042080001281219,0.0,0.8,292.1544444766183,292.1544449999973,292.1544449999973,0.0
4868282.520000268,0.0,4.042080001281219,0.0,0.8,292.1544444766183,292.1544449999973,292.1544449999973,0.0
4868285.0400005365,0.0,4.042080001281219,0.0,0.8,292.1544444766183,292.1544449999973,292.1544449999973,0.0
4868290.080001073,0.0,4.042080001281219,0.0,0.8,292.1544444766183,292.1544449999973,292.1544449999973,0.0
4868300.160002146,0.0,4.042080001281219,0.0,0.8,292.1544444766183,292.1544449999973,292.1544449999973,0.0
4868320.320004292,0.0,4.042080001281221,0.0,0.8,292.1544444766183,292.1544449999973,292.1544449999973,0.0
4868360.640008584,0.0,4.042080001281223,0.0,0.8,292.1544444766183,292.1544449999973,292.1544449999973,0.0
4868441.280017167,0.0,4.042080001281223,0.0,0.8,292.1544444766183,292.1544449999973,292.1544449999973,0.0
4868602.560034334,0.0,4.042080001281221,0.0,0.8,292.1544444766183,292.1544449999973,292.1544449999973,0.0
4868640.0,0.0,4.042080001281221,0.0,0.8,292.1544444766183,292.1544449999973,292.1544449999973,0.0
4868642.160000268,0.0,4.042080001281221,0.0,0.8,292.1544444766183,292.1544449999973,292.1544449999973,0.0
4868644.320000537,0.0,4.042080001281221,0.0,0.8,292.1544444766183,292.1544449999973,292.1544449999973,0.0
4868648.640001073,0.0,4.042080001281221,0.0,0.8,292.1544444766183,292.1544449999973,292.1544449999973,0.0
4868657.280002146,0.0,4.042080001281221,0.0,0.8,292.1544444766183,292.1544449999973,292.1544449999973,0.0
4868674.560004292,0.0,4.042080001281221,0.0,0.8,292.1544444766183,292.1544449999973,292.1544449999973,0.0
4868709.120008583,0.0,4.042080001281219,0.0,0.8,292.1544444766183,292.1544449999973,292.1544449999973,0.0
4868778.240017167,0.0,4.042080001281224,0.0,0.8,292.1544444766183,292.1544449999973,292.1544449999973,0.0
4868916.480034335,0.0,4.042080001281221,0.0,0.8,292.1544444766183,292.1544449999973,292.1544449999973,0.0
4869000.0,0.0,4.042080001281219,0.0,0.8,292.1544444766183,292.1544449999973,292.1544449999973,0.0
4869001.800000268,0.0,4.042080001281219,0.0,0.8,292.1544444766183,292.1544449999973,292.1544449999973,0.0
4869003.600000536,0.0,4.042080001281219,0.0,0.8,292.1544444766183,292.1544449999973,292.1544449999973,0.0
4869007.200001073,0.0,4.042080001281219,0.0,0.8,292.1544444766183,292.1544449999973,292.1544449999973,0.0
4869014.400002146,0.0,4.042080001281219,0.0,0.8,292.1544444766183,292.1544449999973,292.1544449999973,0.0
4869028.800004291,0.0,4.042080001281219,0.0,0.8,292.1544444766183,292.1544449999973,292.1544449999973,0.0
4869057.600008584,0.0,4.042080001281219,0.0,0.8,292.1544444766183,292.1544449999973,292.1544449999973,0.0
4869115.200017167,0.0,4.042080001281219,0.0,0.8,292.1544444766183,292.1544449999973,292.1544449999973,0.0
4869230.4000343345,0.0,4.042080001281221,0.0,0.8,292.1544444766183,292.1544449999973,292.1544449999973,0.0
4869360.0,0.0,4.042080001281221,0.0,0.8,292.1544444766183,292.1544449999973,292.1544449999973,0.0
4869361.440000269,0.0,4.042080001281221,0.0,0.8,292.1544444766183,292.1544449999973,292.1544449999973,0.0
4869362.880000536,0.0,4.042080001281221,0.0,0.8,292.1544444766183,292.1544449999973,292.1544449999973,0.0
4869365.760001073,0.0,4.042080001281221,0.0,0.8,292.1544444766183,292.1544449999973,292.1544449999973,0.0
4869371.520002146,0.0,4.042080001281221,0.0,0.8,292.1544444766183,292.1544449999973,292.1544449999973,0.0
4869383.040004292,0.0,4.042080001281221,0.0,0.8,292.1544444766183,292.1544449999973,292.1544449999973,0.0
4869406.080008583,0.0,4.042080001281221,0.0,0.8,292.1544444766183,292.1544449999973,292.1544449999973,0.0
4869452.160017167,0.0,4.042080001281219,0.0,0.8,292.1544444766183,292.1544449999973,292.1544449999973,0.0
4869544.320034334,0.0,4.042080001281223,0.0,0.8,292.1544444766183,292.1544449999973,292.1544449999973,0.0
4869720.0,0.0,4.042080001281219,0.0,0.8,292.1544444766183,292.1544449999973,292.1544449999973,0.0
4869721.080000268,0.0,4.042080001281219,0.0,0.8,292.1544444766183,292.1544449999973,292.1544449999973,0.0
4869722.160000537,0.0,4.042080001281219,0.0,0.8,292.1544444766183,292.1544449999973,292.1544449999973,0.0
4869724.320001073,0.0,4.042080001281219,0.0,0.8,292.1544444766183,292.1544449999973,292.1544449999973,0.0
4869728.640002145,0.0,4.042080001281219,0.0,0.8,292.1544444766183,292.1544449999973,292.1544449999973,0.0
4869737.280004292,0.0,4.042080001281219,0.0,0.8,292.1544444766183,292.1544449999973,292.1544449999973,0.0
4869754.560008584,0.0,4.042080001281219,0.0,0.8,292.1544444766183,292.1544449999973,292.1544449999973,0.0
4869789.120017167,0.0,4.042080001281219,0.0,0.8,292.1544444766183,292.1544449999973,292.1544449999973,0.0
4869858.240034334,0.0,4.042080001281221,0.0,0.8,292.1544444766183,292.1544449999973,292.1544449999973,0.0
4869996.480068669,0.0,4.042080001281219,0.0,0.8,292.1544444766183,292.1544449999973,292.1544449999973,0.0
4870080.0,0.0,4.042080001281221,0.0,0.8,292.1544444766183,292.1544449999973,292.1544449999973,0.0
4870080.720000268,0.0,4.042080001281221,0.0,0.8,292.1544444766183,292.1544449999973,292.1544449999973,0.0
4870081.440000537,0.0,4.042080001281221,0.0,0.8,292.1544444766183,292.1544449999973,292.1544449999973,0.0
4870082.880001073,0.0,4.042080001281221,0.0,0.8,292.1544444766183,292.1544449999973,292.1544449999973,0.0
4870085.760002146,0.0,4.042080001281221,0.0,0.8,292.1544444766183,292.1544449999973,292.1544449999973,0.0
4870091.520004292,0.0,4.042080001281221,0.0,0.8,292.1544444766183,292.1544449999973,292.1544449999973,0.0
4870103.040008583,0.0,4.042080001281221,0.0,0.8,292.1544444766183,292.1544449999973,292.1544449999973,0.0
4870126.080017167,0.0,4.042080001281221,0.0,0.8,292.1544444766183,292.1544449999973,292.1544449999973,0.0
4870172.160034334,0.0,4.042080001281219,0.0,0.8,292.1544444766183,292.1544449999973,292.1544449999973,0.0
4870264.320068669,0.0,4.042080001281221,0.0,0.8,292.1544444766183,292.1544449999973,292.1544449999973,0.0
4870440.0,0.0,4.042080001281224,0.0,0.8,292.1544444766183,292.1544449999973,292.1544449999973,0.0
4870440.360000269,0.0,4.042080001281224,0.0,0.8,292.1544444766183,292.1544449999973,292.1544449999973,0.0
4870440.720000536,0.0,4.042080001281224,0.0,0.8,292.1544444766183,292.1544449999973,292.1544449999973,0.0
4870441.440001073,0.0,4.042080001281224,0.0,0.8,292.1544444766183,292.1544449999973,292.1544449999973,0.0
4870442.880002146,0.0,4.042080001281224,0.0,0.8,292.1544444766183,292.1544449999973,292.1544449999973,0.0
4870445.760004291,0.0,4.042080001281224,0.0,0.8,292.1544444766183,292.1544449999973,292.1544449999973,0.0
4870451.520008584,0.0,4.042080001281224,0.0,0.8,292.1544444766183,292.1544449999973,292.1544449999973,0.0
4870463.040017167,0.0,4.042080001281224,0.0,0.8,292.1544444766183,292.1544449999973,292.1544449999973,0.0
4870486.080034334,0.0,4.042080001281224,0.0,0.8,292.1544444766183,292.1544449999973,292.1544449999973,0.0
4870532.160068668,0.0,4.042080001281224,0.0,0.8,292.1544444766183,292.1544449999973,292.1544449999973,0.0
4870624.320137337,0.0,4.042080001281219,0.0,0.8,292.1544444766183,292.1544449999973,292.1544449999973,0.0
4870800.0,0.0,4.042080001281221,0.0,0.8,292.1544444766183,292.1544449999973,292.1544449999973,0.0
4874400.0,0.0,4.042080001281221,0.0,0.8,292.7538478897025,292.753848196597,292.753848196597,0.0
4874403.600000322,0.0,4.042080001281221,0.0,0.8,292.7538478897025,292.753848196597,292.753848196597,0.0
4874407.200000644,0.0,4.042080001281221,0.0,0.8,292.7538478897025,292.753848196597,292.753848196597,0.0
4874414.400001287,0.0,4.042080001281221,0.0,0.8,292.7538478897025,292.753848196597,292.753848196597,0.0
4874428.800002575,0.0,4.042080001281221,0.0,0.8,292.7538478897025,292.753848196597,292.753848196597,0.0
4874457.60000515,0.0,4.042080001281221,0.0,0.8,292.7538478897025,292.753848196597,292.753848196597,0.0
4874515.200010301,0.0,4.042080001281223,0.0,0.8,292.7538478897025,292.753848196597,292.753848196597,0.0
4874630.4000206,0.0,4.042080001281224,0.0,0.8,292.7538478897025,292.753848196597,292.753848196597,0.0
4874760.0,0.0,4.042080001281219,0.0,0.8,292.7538478897025,292.753848196597,292.753848196597,0.0
4874763.2400003215,0.0,4.042080001281219,0.0,0.8,292.7538478897025,292.753848196597,292.753848196597,0.0
4874766.480000644,0.0,4.042080001281219,0.0,0.8,292.7538478897025,292.753848196597,292.753848196597,0.0
4874772.960001288,0.0,4.042080001281219,0.0,0.8,292.7538478897025,292.753848196597,292.753848196597,0.0
4874785.920002575,0.0,4.042080001281219,0.0,0.8,292.7538478897025,292.753848196597,292.753848196597,0.0
4874811.84000515,0.0,4.042080001281219,0.0,0.8,292.7538478897025,292.753848196597,292.753848196597,0.0
4874863.6800103,0.0,4.042080001281219,0.0,0.8,292.7538478897025,292.753848196597,292.753848196597,0.0
4874967.3600206,0.0,4.042080001281221,0.0,0.8,292.7538478897025,292.753848196597,292.753848196597,0.0
4875120.0,0.0,4.042080001281219,0.0,0.8,292.7538478897025,292.753848196597,292.753848196597,0.0
4875122.880000322,0.0,4.042080001281219,0.0,0.8,292.7538478897025,292.753848196597,292.753848196597,0.0
4875125.760000643,0.0,4.042080001281219,0.0,0.8,292.7538478897025,292.753848196597,292.753848196597,0.0
4875131.520001288,0.0,4.042080001281219,0.0,0.8,292.7538478897025,292.753848196597,292.753848196597,0.0
4875143.040002575,0.0,4.042080001281219,0.0,0.8,292.7538478897025,292.753848196597,292.753848196597,0.0
4875166.08000515,0.0,4.042080001281219,0.0,0.8,292.7538478897025,292.753848196597,292.753848196597,0.0
4875212.160010301,0.0,4.042080001281221,0.0,0.8,292.7538478897025,292.753848196597,292.753848196597,0.0
4875304.3200206,0.0,4.042080001281221,0.0,0.8,292.7538478897025,292.753848196597,292.753848196597,0.0
4875480.0,0.0,4.042080001281221,0.0,0.8,292.7538478897025,292.753848196597,292.753848196597,0.0
4875482.520000322,0.0,4.042080001281221,0.0,0.8,292.7538478897025,292.753848196597,292.753848196597,0.0
4875485.040000644,0.0,4.042080001281221,0.0,0.8,292.7538478897025,292.753848196597,292.753848196597,0.0
4875490.080001287,0.0,4.042080001281221,0.0,0.8,292.7538478897025,292.753848196597,292.753848196597,0.0
4875500.160002575,0.0,4.042080001281221,0.0,0.8,292.7538478897025,292.753848196597,292.753848196597,0.0
4875520.3200051505,0.0,4.042080001281221,0.0,0.8,292.7538478897025,292.753848196597,292.753848196597,0.0
4875560.6400103,0.0,4.042080001281219,0.0,0.8,292.7538478897025,292.753848196597,292.753848196597,0.0
4875641.2800206,0.0,4.042080001281221,0.0,0.8,292.7538478897025,292.753848196597,292.753848196597,0.0
4875802.5600412,0.0,4.042080001281221,0.0,0.8,292.7538478897025,292.753848196597,292.753848196597,0.0
4875840.0,0.0,4.042080001281221,0.0,0.8,292.7538478897025,292.753848196597,292.753848196597,0.0
4875842.160000321,0.0,4.042080001281221,0.0,0.8,292.7538478897025,292.753848196597,292.753848196597,0.0
4875844.320000644,0.0,4.042080001281221,0.0,0.8,292.7538478897025,292.753848196597,292.753848196597,0.0
4875848.640001288,0.0,4.042080001281221,0.0,0.8,292.7538478897025,292.753848196597,292.753848196597,0.0
4875857.280002575,0.0,4.042080001281221,0.0,0.8,292.7538478897025,292.753848196597,292.753848196597,0.0
4875874.56000515,0.0,4.042080001281221,0.0,0.8,292.7538478897025,292.753848196597,292.753848196597,0.0
4875909.120010301,0.0,4.042080001281221,0.0,0.8,292.7538478897025,292.753848196597,292.753848196597,0.0
4875978.2400206,0.0,4.042080001281221,0.0,0.8,292.7538478897025,292.753848196597,292.753848196597,0.0
4876116.4800412,0.0,4.042080001281221,0.0,0.8,292.7538478897025,292.753848196597,292.753848196597,0.0
4876200.0,0.0,4.042080001281221,0.0,0.8,292.7538478897025,292.753848196597,292.753848196597,0.0
4876201.800000322,0.0,4.042080001281221,0.0,0.8,292.7538478897025,292.753848196597,292.753848196597,0.0
4876203.600000644,0.0,4.042080001281221,0.0,0.8,292.7538478897025,292.753848196597,292.753848196597,0.0
4876207.200001287,0.0,4.042080001281221,0.0,0.8,292.7538478897025,292.753848196597,292.753848196597,0.0
4876214.4000025755,0.0,4.042080001281221,0.0,0.8,292.7538478897025,292.753848196597,292.753848196597,0.0
4876228.80000515,0.0,4.042080001281221,0.0,0.8,292.7538478897025,292.753848196597,292.753848196597,0.0
4876257.6000103,0.0,4.042080001281221,0.0,0.8,292.7538478897025,292.753848196597,292.753848196597,0.0
4876315.2000206,0.0,4.042080001281221,0.0,0.8,292.7538478897025,292.753848196597,292.753848196597,0.0
4876430.4000412,0.0,4.042080001281224,0.0,0.8,292.7538478897025,292.753848196597,292.753848196597,0.0
4876560.0,0.0,4.042080001281221,0.0,0.8,292.7538478897025,292.753848196597,292.753848196597,0.0
4876561.440000322,0.0,4.042080001281221,0.0,0.8,292.7538478897025,292.753848196597,292.753848196597,0.0
4876562.880000643,0.0,4.042080001281221,0.0,0.8,292.7538478897025,292.753848196597,292.753848196597,0.0
4876565.760001288,0.0,4.042080001281221,0.0,0.8,292.7538478897025,292.753848196597,292.753848196597,0.0
4876571.520002575,0.0,4.042080001281221,0.0,0.8,292.7538478897025,292.753848196597,292.753848196597,0.0
4876583.04000515,0.0,4.042080001281221,0.0,0.8,292.7538478897025,292.753848196597,292.753848196597,0.0
4876606.0800103005,0.0,4.042080001281221,0.0,0.8,292.7538478897025,292.753848196597,292.753848196597,0.0
4876652.1600206,0.0,4.042080001281221,0.0,0.8,292.7538478897025,292.753848196597,292.753848196597,0.0
4876744.320041201,0.0,4.042080001281219,0.0,0.8,292.7538478897025,292.753848196597,292.753848196597,0.0
4876920.0,0.0,4.042080001281221,0.0,0.8,292.7538478897025,292.753848196597,292.753848196597,0.0
4876921.080000322,0.0,4.042080001281221,0.0,0.8,292.7538478897025,292.753848196597,292.753848196597,0.0
4876922.160000644,0.0,4.042080001281221,0.0,0.8,292.7538478897025,292.753848196597,292.753848196597,0.0
4876924.320001287,0.0,4.042080001281221,0.0,0.8,292.7538478897025,292.753848196597,292.753848196597,0.0
4876928.640002575,0.0,4.042080001281221,0.0,0.8,292.7538478897025,292.753848196597,292.753848196597,0.0
4876937.2800051505,0.0,4.042080001281221,0.0,0.8,292.7538478897025,292.753848196597,292.753848196597,0.0
4876954.5600103,0.0,4.042080001281221,0.0,0.8,292.7538478897025,292.753848196597,292.753848196597,0.0
4876989.1200206,0.0,4.042080001281221,0.0,0.8,292.7538478897025,292.753848196597,292.753848196597,0.0
4877058.240041201,0.0,4.042080001281221,0.0,0.8,292.7538478897025,292.753848196597,292.753848196597,0.0
4877196.480082401,0.0,4.042080001281221,0.0,0.8,292.7538478897025,292.753848196597,292.753848196597,0.0
4877280.0,0.0,4.042080001281221,0.0,0.8,292.7538478897025,292.753848196597,292.753848196597,0.0
4877280.720000322,0.0,4.042080001281221,0.0,0.8,292.7538478897025,292.753848196597,292.753848196597,0.0
4877281.440000644,0.0,4.042080001281221,0.0,0.8,292.7538478897025,292.753848196597,292.753848196597,0.0
4877282.880001288,0.0,4.042080001281221,0.0,0.8,292.7538478897025,292.753848196597,292.753848196597,0.0
4877285.760002575,0.0,4.042080001281221,0.0,0.8,292.7538478897025,292.753848196597,292.753848196597,0.0
4877291.52000515,0.0,4.042080001281221,0.0,0.8,292.7538478897025,292.753848196597,292.753848196597,0.0
4877303.0400103,0.0,4.042080001281221,0.0,0.8,292.7538478897025,292.753848196597,292.753848196597,0.0
4877326.0800206,0.0,4.042080001281221,0.0,0.8,292.7538478897025,292.753848196597,292.753848196597,0.0
4877372.160041201,0.0,4.042080001281221,0.0,0.8,292.7538478897025,292.753848196597,292.753848196597,0.0
4877464.320082401,0.0,4.042080001281219,0.0,0.8,292.7538478897025,292.753848196597,292.753848196597,0.0
4877640.0,0.0,4.042080001281219,0.0,0.8,292.7538478897025,292.753848196597,292.753848196597,0.0
4877640.360000322,0.0,4.042080001281219,0.0,0.8,292.7538478897025,292.753848196597,292.753848196597,0.0
4877640.720000644,0.0,4.042080001281219,0.0,0.8,292.7538478897025,292.753848196597,292.753848196597,0.0
4877641.4400012875,0.0,4.042080001281219,0.0,0.8,292.7538478897025,292.753848196597,292.753848196597,0.0
4877642.880002575,0.0,4.042080001281219,0.0,0.8,292.7538478897025,292.753848196597,292.753848196597,0.0
4877645.76000515,0.0,4.042080001281219,0.0,0.8,292.7538478897025,292.753848196597,292.753848196597,0.0
4877651.5200103,0.0,4.042080001281219,0.0,0.8,292.7538478897025,292.753848196597,292.753848196597,0.0
4877663.0400206,0.0,4.042080001281219,0.0,0.8,292.7538478897025,292.753848196597,292.753848196597,0.0
4877686.080041201,0.0,4.042080001281221,0.0,0.8,292.7538478897025,292.753848196597,292.753848196597,0.0
4877732.160082402,0.0,4.042080001281221,0.0,0.8,292.7538478897025,292.753848196597,292.753848196597,0.0
4877824.3201648025,0.0,4.042080001281221,0.0,0.8,292.7538478897025,292.753848196597,292.753848196597,0.0
4878000.0,0.0,4.042080001281224,0.0,0.8,292.7538478897025,292.753848196597,292.753848196597,0.0
4881600.0,0.0,4.042080001281224,0.0,0.8,293.70735851177267,293.7073589999702,293.7073589999702,0.0
4881603.600000376,0.0,4.042080001281224,0.0,0.8,293.70735851177267,293.7073589999702,293.7073589999702,0.0
4881607.200000751,0.0,4.042080001281224,0.0,0.8,293.70735851177267,293.7073589999702,293.7073589999702,0.0
4881614.400001502,0.0,4.042080001281224,0.0,0.8,293.70735851177267,293.7073589999702,293.7073589999702,0.0
4881628.800003004,0.0,4.042080001281224,0.0,0.8,293.70735851177267,293.7073589999702,293.7073589999702,0.0
4881657.6000060085,0.0,4.042080001281224,0.0,0.8,293.70735851177267,293.7073589999702,293.7073589999702,0.0
4881715.200012017,0.0,4.042080001281224,0.0,0.8,293.70735851177267,293.7073589999702,293.7073589999702,0.0
4881830.400024033,0.0,4.042080001281224,0.0,0.8,293.70735851177267,293.7073589999702,293.7073589999702,0.0
4881960.0,0.0,4.042080001281219,0.0,0.8,293.70735851177267,293.7073589999702,293.7073589999702,0.0
4881963.240000376,0.0,4.042080001281219,0.0,0.8,293.70735851177267,293.7073589999702,293.7073589999702,0.0
4881966.480000751,0.0,4.042080001281219,0.0,0.8,293.70735851177267,293.7073589999702,293.7073589999702,0.0
4881972.960001502,0.0,4.042080001281219,0.0,0.8,293.70735851177267,293.7073589999702,293.7073589999702,0.0
4881985.920003004,0.0,4.042080001281219,0.0,0.8,293.70735851177267,293.7073589999702,293.7073589999702,0.0
4882011.840006009,0.0,4.042080001281224,0.0,0.8,293.70735851177267,293.7073589999702,293.7073589999702,0.0
4882063.680012017,0.0,4.042080001281219,0.0,0.8,293.70735851177267,293.7073589999702,293.7073589999702,0.0
4882167.360024033,0.0,4.042080001281224,0.0,0.8,293.70735851177267,293.7073589999702,293.7073589999702,0.0
4882320.0,0.0,4.042080001281219,0.0,0.8,293.70735851177267,293.7073589999702,293.7073589999702,0.0
4882322.880000375,0.0,4.042080001281219,0.0,0.8,293.70735851177267,293.7073589999702,293.7073589999702,0.0
4882325.760000751,0.0,4.042080001281219,0.0,0.8,293.70735851177267,293.7073589999702,293.7073589999702,0.0
4882331.520001502,0.0,4.042080001281219,0.0,0.8,293.70735851177267,293.7073589999702,293.7073589999702,0.0
4882343.0400030045,0.0,4.042080001281219,0.0,0.8,293.70735851177267,293.7073589999702,293.7073589999702,0.0
4882366.080006008,0.0,4.042080001281221,0.0,0.8,293.70735851177267,293.7073589999702,293.7073589999702,0.0
4882412.160012017,0.0,4.042080001281221,0.0,0.8,293.70735851177267,293.7073589999702,293.7073589999702,0.0
4882504.320024034,0.0,4.042080001281221,0.0,0.8,293.70735851177267,293.7073589999702,293.7073589999702,0.0
4882680.0,0.0,4.042080001281224,0.0,0.8,293.70735851177267,293.7073589999702,293.7073589999702,0.0
4882682.520000376,0.0,4.042080001281224,0.0,0.8,293.70735851177267,293.7073589999702,293.7073589999702,0.0
4882685.040000751,0.0,4.042080001281224,0.0,0.8,293.70735851177267,293.7073589999702,293.7073589999702,0.0
4882690.080001502,0.0,4.042080001281224,0.0,0.8,293.70735851177267,293.7073589999702,293.7073589999702,0.0
4882700.160003005,0.0,4.042080001281224,0.0,0.8,293.70735851177267,293.7073589999702,293.7073589999702,0.0
4882720.320006008,0.0,4.042080001281224,0.0,0.8,293.70735851177267,293.7073589999702,293.7073589999702,0.0
4882760.6400120165,0.0,4.042080001281224,0.0,0.8,293.70735851177267,293.7073589999702,293.7073589999702,0.0
4882841.280024034,0.0,4.042080001281224,0.0,0.8,293.70735851177267,293.7073589999702,293.7073589999702,0.0
4883002.560048067,0.0,4.042080001281219,0.0,0.8,293.70735851177267,293.7073589999702,293.7073589999702,0.0
4883040.0,0.0,4.042080001281219,0.0,0.8,293.70735851177267,293.7073589999702,293.7073589999702,0.0
4883042.1600003755,0.0,4.042080001281219,0.0,0.8,293.70735851177267,293.7073589999702,293.7073589999702,0.0
4883044.320000751,0.0,4.042080001281219,0.0,0.8,293.70735851177267,293.7073589999702,293.7073589999702,0.0
4883048.640001502,0.0,4.042080001281219,0.0,0.8,293.70735851177267,293.7073589999702,293.7073589999702,0.0
4883057.280003004,0.0,4.042080001281219,0.0,0.8,293.70735851177267,293.7073589999702,293.7073589999702,0.0
4883074.5600060085,0.0,4.042080001281219,0.0,0.8,293.70735851177267,293.7073589999702,293.7073589999702,0.0
4883109.120012017,0.0,4.042080001281219,0.0,0.8,293.70735851177267,293.7073589999702,293.7073589999702,0.0
4883178.240024034,0.0,4.042080001281219,0.0,0.8,293.70735851177267,293.7073589999702,293.7073589999702,0.0
4883316.480048067,0.0,4.042080001281221,0.0,0.8,293.70735851177267,293.7073589999702,293.7073589999702,0.0
4883400.0,0.0,4.042080001281221,0.0,0.8,293.70735851177267,293.7073589999702,293.7073589999702,0.0
4883401.800000375,0.0,4.042080001281221,0.0,0.8,293.70735851177267,293.7073589999702,293.7073589999702,0.0
4883403.600000751,0.0,4.042080001281221,0.0,0.8,293.70735851177267,293.7073589999702,293.7073589999702,0.0
4883407.200001502,0.0,4.042080001281221,0.0,0.8,293.70735851177267,293.7073589999702,293.7073589999702,0.0
4883414.400003004,0.0,4.042080001281219,0.0,0.8,293.70735851177267,293.7073589999702,293.7073589999702,0.0
4883428.800006009,0.0,4.042080001281219,0.0,0.8,293.70735851177267,293.7073589999702,293.7073589999702,0.0
4883457.6000120165,0.0,4.042080001281219,0.0,0.8,293.70735851177267,293.7073589999702,293.7073589999702,0.0
4883515.200024034,0.0,4.042080001281219,0.0,0.8,293.70735851177267,293.7073589999702,293.7073589999702,0.0
4883630.400048067,0.0,4.042080001281219,0.0,0.8,293.70735851177267,293.7073589999702,293.7073589999702,0.0
4883760.0,0.0,4.042080001281221,0.0,0.8,293.70735851177267,293.7073589999702,293.7073589999702,0.0
4883761.440000376,0.0,4.042080001281221,0.0,0.8,293.70735851177267,293.7073589999702,293.7073589999702,0.0
4883762.880000751,0.0,4.042080001281221,0.0,0.8,293.70735851177267,293.7073589999702,293.7073589999702,0.0
4883765.760001502,0.0,4.042080001281221,0.0,0.8,293.70735851177267,293.7073589999702,293.7073589999702,0.0
4883771.520003004,0.0,4.042080001281221,0.0,0.8,293.70735851177267,293.7073589999702,293.7073589999702,0.0
4883783.040006008,0.0,4.042080001281221,0.0,0.8,293.70735851177267,293.7073589999702,293.7073589999702,0.0
4883806.080012017,0.0,4.042080001281221,0.0,0.8,293.70735851177267,293.7073589999702,293.7073589999702,0.0
4883852.160024034,0.0,4.042080001281221,0.0,0.8,293.70735851177267,293.7073589999702,293.7073589999702,0.0
4883944.320048067,0.0,4.042080001281221,0.0,0.8,293.70735851177267,293.7073589999702,293.7073589999702,0.0
4884120.0,0.0,4.042080001281224,0.0,0.8,293.70735851177267,293.7073589999702,293.7073589999702,0.0
4884121.080000375,0.0,4.042080001281224,0.0,0.8,293.70735851177267,293.7073589999702,293.7073589999702,0.0
4884122.160000751,0.0,4.042080001281224,0.0,0.8,293.70735851177267,293.7073589999702,293.7073589999702,0.0
4884124.3200015025,0.0,4.042080001281224,0.0,0.8,293.70735851177267,293.7073589999702,293.7073589999702,0.0
4884128.640003004,0.0,4.042080001281224,0.0,0.8,293.70735851177267,293.7073589999702,293.7073589999702,0.0
4884137.280006008,0.0,4.042080001281221,0.0,0.8,293.70735851177267,293.7073589999702,293.7073589999702,0.0
4884154.560012016,0.0,4.042080001281219,0.0,0.8,293.70735851177267,293.7073589999702,293.7073589999702,0.0
4884189.120024034,0.0,4.042080001281221,0.0,0.8,293.70735851177267,293.7073589999702,293.7073589999702,0.0
4884258.240048067,0.0,4.042080001281221,0.0,0.8,293.70735851177267,293.7073589999702,293.7073589999702,0.0
4884396.480096134,0.0,4.042080001281223,0.0,0.8,293.70735851177267,293.7073589999702,293.7073589999702,0.0
4884480.0,0.0,4.042080001281223,0.0,0.8,293.70735851177267,293.7073589999702,293.7073589999702,0.0
4884480.720000375,0.0,4.042080001281223,0.0,0.8,293.70735851177267,293.7073589999702,293.7073589999702,0.0
4884481.440000751,0.0,4.042080001281223,0.0,0.8,293.70735851177267,293.7073589999702,293.7073589999702,0.0
4884482.880001502,0.0,4.042080001281223,0.0,0.8,293.70735851177267,293.7073589999702,293.7073589999702,0.0
4884485.760003004,0.0,4.042080001281223,0.0,0.8,293.70735851177267,293.7073589999702,293.7073589999702,0.0
4884491.520006008,0.0,4.042080001281223,0.0,0.8,293.70735851177267,293.7073589999702,293.7073589999702,0.0
4884503.040012017,0.0,4.042080001281223,0.0,0.8,293.70735851177267,293.7073589999702,293.7073589999702,0.0
4884526.080024034,0.0,4.042080001281221,0.0,0.8,293.70735851177267,293.7073589999702,293.7073589999702,0.0
4884572.160048067,0.0,4.042080001281221,0.0,0.8,293.70735851177267,293.7073589999702,293.7073589999702,0.0
4884664.320096134,0.0,4.042080001281219,0.0,0.8,293.70735851177267,293.7073589999702,293.7073589999702,0.0
4884840.0,0.0,4.042080001281223,0.0,0.8,293.70735851177267,293.7073589999702,293.7073589999702,0.0
4884840.360000376,0.0,4.042080001281223,0.0,0.8,293.70735851177267,293.7073589999702,293.7073589999702,0.0
4884840.720000751,0.0,4.042080001281223,0.0,0.8,293.70735851177267,293.7073589999702,293.7073589999702,0.0
4884841.440001502,0.0,4.042080001281223,0.0,0.8,293.70735851177267,293.7073589999702,293.7073589999702,0.0
4884842.880003004,0.0,4.042080001281223,0.0,0.8,293.70735851177267,293.7073589999702,293.7073589999702,0.0
4884845.760006009,0.0,4.042080001281223,0.0,0.8,293.70735851177267,293.7073589999702,293.7073589999702,0.0
4884851.520012016,0.0,4.042080001281223,0.0,0.8,293.70735851177267,293.7073589999702,293.7073589999702,0.0
4884863.040024034,0.0,4.042080001281223,0.0,0.8,293.70735851177267,293.7073589999702,293.7073589999702,0.0
4884886.0800480675,0.0,4.042080001281223,0.0,0.8,293.70735851177267,293.7073589999702,293.7073589999702,0.0
4884932.160096134,0.0,4.042080001281224,0.0,0.8,293.70735851177267,293.7073589999702,293.7073589999702,0.0
4885024.320192268,0.0,4.042080001281224,0.0,0.8,293.70735851177267,293.7073589999702,293.7073589999702,0.0
4885200.0,0.0,4.042080001281221,0.0,0.8,293.70735851177267,293.7073589999702,293.7073589999702,0.0
4888800.0,0.0,4.042080001281221,0.0,0.8,294.94999936376905,294.9500000000013,294.9500000000013,0.0
4888803.600000429,0.0,4.042080001281221,0.0,0.8,294.94999936376905,294.9500000000013,294.9500000000013,0.0
4888807.200000858,0.0,4.042080001281221,0.0,0.8,294.94999936376905,294.9500000000013,294.9500000000013,0.0
4888814.400001717,0.0,4.042080001281223,0.0,0.8,294.94999936376905,294.9500000000013,294.9500000000013,0.0
4888828.800003434,0.0,4.042080001281223,0.0,0.8,294.94999936376905,294.9500000000013,294.9500000000013,0.0
4888857.600006866,0.0,4.042080001281223,0.0,0.8,294.94999936376905,294.9500000000013,294.9500000000013,0.0
4888915.2000137335,0.0,4.042080001281223,0.0,0.8,294.94999936376905,294.9500000000013,294.9500000000013,0.0
4889030.400027467,0.0,4.042080001281224,0.0,0.8,294.94999936376905,294.9500000000013,294.9500000000013,0.0
4889160.0,0.0,4.042080001281219,0.0,0.8,294.94999936376905,294.9500000000013,294.9500000000013,0.0
4889163.24000043,0.0,4.042080001281219,0.0,0.8,294.94999936376905,294.9500000000013,294.9500000000013,0.0
4889166.480000858,0.0,4.042080001281219,0.0,0.8,294.94999936376905,294.9500000000013,294.9500000000013,0.0
4889172.960001716,0.0,4.042080001281219,0.0,0.8,294.94999936376905,294.9500000000013,294.9500000000013,0.0
4889185.920003434,0.0,4.042080001281219,0.0,0.8,294.94999936376905,294.9500000000013,294.9500000000013,0.0
4889211.8400068665,0.0,4.042080001281224,0.0,0.8,294.94999936376905,294.9500000000013,294.9500000000013,0.0
4889263.680013733,0.0,4.042080001281224,0.0,0.8,294.94999936376905,294.9500000000013,294.9500000000013,0.0
4889367.360027467,0.0,4.042080001281224,0.0,0.8,294.94999936376905,294.9500000000013,294.9500000000013,0.0
4889520.0,0.0,4.042080001281219,0.0,0.8,294.94999936376905,294.9500000000013,294.9500000000013,0.0
4889522.880000429,0.0,4.042080001281219,0.0,0.8,294.94999936376905,294.9500000000013,294.9500000000013,0.0
4889525.760000858,0.0,4.042080001281219,0.0,0.8,294.94999936376905,294.9500000000013,294.9500000000013,0.0
4889531.520001717,0.0,4.042080001281219,0.0,0.8,294.94999936376905,294.9500000000013,294.9500000000013,0.0
4889543.040003433,0.0,4.042080001281219,0.0,0.8,294.94999936376905,294.9500000000013,294.9500000000013,0.0
4889566.080006867,0.0,4.042080001281219,0.0,0.8,294.94999936376905,294.9500000000013,294.9500000000013,0.0
4889612.160013733,0.0,4.042080001281219,0.0,0.8,294.94999936376905,294.9500000000013,294.9500000000013,0.0
4889704.320027467,0.0,4.042080001281219,0.0,0.8,294.94999936376905,294.9500000000013,294.9500000000013,0.0
4889880.0,0.0,4.042080001281221,0.0,0.8,294.94999936376905,294.9500000000013,294.9500000000013,0.0
4889882.520000429,0.0,4.042080001281221,0.0,0.8,294.94999936376905,294.9500000000013,294.9500000000013,0.0
4889885.040000859,0.0,4.042080001281221,0.0,0.8,294.94999936376905,294.9500000000013,294.9500000000013,0.0
4889890.0800017165,0.0,4.042080001281221,0.0,0.8,294.94999936376905,294.9500000000013,294.9500000000013,0.0
4889900.160003433,0.0,4.042080001281221,0.0,0.8,294.94999936376905,294.9500000000013,294.9500000000013,0.0
4889920.320006867,0.0,4.042080001281221,0.0,0.8,294.94999936376905,294.9500000000013,294.9500000000013,0.0
4889960.640013733,0.0,4.042080001281221,0.0,0.8,294.94999936376905,294.9500000000013,294.9500000000013,0.0
4890041.280027467,0.0,4.042080001281221,0.0,0.8,294.94999936376905,294.9500000000013,294.9500000000013,0.0
4890202.560054934,0.0,4.042080001281224,0.0,0.8,294.94999936376905,294.9500000000013,294.9500000000013,0.0
4890240.0,0.0,4.042080001281224,0.0,0.8,294.94999936376905,294.9500000000013,294.9500000000013,0.0
4890242.1600004295,0.0,4.042080001281224,0.0,0.8,294.94999936376905,294.9500000000013,294.9500000000013,0.0
4890244.320000858,0.0,4.042080001281224,0.0,0.8,294.94999936376905,294.9500000000013,294.9500000000013,0.0
4890248.640001717,0.0,4.042080001281224,0.0,0.8,294.94999936376905,294.9500000000013,294.9500000000013,0.0
4890257.280003433,0.0,4.042080001281224,0.0,0.8,294.94999936376905,294.9500000000013,294.9500000000013,0.0
4890274.560006866,0.0,4.042080001281224,0.0,0.8,294.94999936376905,294.9500000000013,294.9500000000013,0.0
4890309.120013733,0.0,4.042080001281221,0.0,0.8,294.94999936376905,294.9500000000013,294.9500000000013,0.0
4890378.240027467,0.0,4.042080001281224,0.0,0.8,294.94999936376905,294.9500000000013,294.9500000000013,0.0
4890516.480054934,0.0,4.042080001281223,0.0,0.8,294.94999936376905,294.9500000000013,294.9500000000013,0.0
4890600.0,0.0,4.042080001281219,0.0,0.8,294.94999936376905,294.9500000000013,294.9500000000013,0.0
4890601.800000429,0.0,4.042080001281219,0.0,0.8,294.94999936376905,294.9500000000013,294.9500000000013,0.0
4890603.600000858,0.0,4.042080001281219,0.0,0.8,294.94999936376905,294.9500000000013,294.9500000000013,0.0
4890607.200001717,0.0,4.042080001281219,0.0,0.8,294.94999936376905,294.9500000000013,294.9500000000013,0.0
4890614.400003433,0.0,4.042080001281221,0.0,0.8,294.94999936376905,294.9500000000013,294.9500000000013,0.0
4890628.800006866,0.0,4.042080001281221,0.0,0.8,294.94999936376905,294.9500000000013,294.9500000000013,0.0
4890657.600013734,0.0,4.042080001281219,0.0,0.8,294.94999936376905,294.9500000000013,294.9500000000013,0.0
4890715.200027467,0.0,4.042080001281221,0.0,0.8,294.94999936376905,294.9500000000013,294.9500000000013,0.0
4890830.4000549335,0.0,4.042080001281221,0.0,0.8,294.94999936376905,294.9500000000013,294.9500000000013,0.0
4890960.0,0.0,4.042080001281221,0.0,0.8,294.94999936376905,294.9500000000013,294.9500000000013,0.0
4890961.440000429,0.0,4.042080001281221,0.0,0.8,294.94999936376905,294.9500000000013,294.9500000000013,0.0
4890962.880000859,0.0,4.042080001281221,0.0,0.8,294.94999936376905,294.9500000000013,294.9500000000013,0.0
4890965.760001717,0.0,4.042080001281221,0.0,0.8,294.94999936376905,294.9500000000013,294.9500000000013,0.0
4890971.520003433,0.0,4.042080001281223,0.0,0.8,294.94999936376905,294.9500000000013,294.9500000000013,0.0
4890983.040006867,0.0,4.042080001281223,0.0,0.8,294.94999936376905,294.9500000000013,294.9500000000013,0.0
4891006.080013733,0.0,4.042080001281224,0.0,0.8,294.94999936376905,294.9500000000013,294.9500000000013,0.0
4891052.160027467,0.0,4.042080001281224,0.0,0.8,294.94999936376905,294.9500000000013,294.9500000000013,0.0
4891144.320054933,0.0,4.042080001281219,0.0,0.8,294.94999936376905,294.9500000000013,294.9500000000013,0.0
4891320.0,0.0,4.042080001281223,0.0,0.8,294.94999936376905,294.9500000000013,294.9500000000013,0.0
4891321.080000429,0.0,4.042080001281223,0.0,0.8,294.94999936376905,294.9500000000013,294.9500000000013,0.0
4891322.160000858,0.0,4.042080001281223,0.0,0.8,294.94999936376905,294.9500000000013,294.9500000000013,0.0
4891324.320001717,0.0,4.042080001281223,0.0,0.8,294.94999936376905,294.9500000000013,294.9500000000013,0.0
4891328.640003433,0.0,4.042080001281223,0.0,0.8,294.94999936376905,294.9500000000013,294.9500000000013,0.0
4891337.280006867,0.0,4.042080001281223,0.0,0.8,294.94999936376905,294.9500000000013,294.9500000000013,0.0
4891354.560013734,0.0,4.042080001281223,0.0,0.8,294.94999936376905,294.9500000000013,294.9500000000013,0.0
4891389.120027467,0.0,4.042080001281223,0.0,0.8,294.94999936376905,294.9500000000013,294.9500000000013,0.0
4891458.240054933,0.0,4.042080001281224,0.0,0.8,294.94999936376905,294.9500000000013,294.9500000000013,0.0
4891596.480109867,0.0,4.042080001281224,0.0,0.8,294.94999936376905,294.9500000000013,294.9500000000013,0.0
4891680.0,0.0,4.042080001281224,0.0,0.8,294.94999936376905,294.9500000000013,294.9500000000013,0.0
4891680.720000429,0.0,4.042080001281224,0.0,0.8,294.94999936376905,294.9500000000013,294.9500000000013,0.0
4891681.440000858,0.0,4.042080001281224,0.0,0.8,294.94999936376905,294.9500000000013,294.9500000000013,0.0
4891682.880001716,0.0,4.042080001281224,0.0,0.8,294.94999936376905,294.9500000000013,294.9500000000013,0.0
4891685.760003434,0.0,4.042080001281224,0.0,0.8,294.94999936376905,294.9500000000013,294.9500000000013,0.0
4891691.520006867,0.0,4.042080001281224,0.0,0.8,294.94999936376905,294.9500000000013,294.9500000000013,0.0
4891703.040013733,0.0,4.042080001281224,0.0,0.8,294.94999936376905,294.9500000000013,294.9500000000013,0.0
4891726.080027467,0.0,4.042080001281219,0.0,0.8,294.94999936376905,294.9500000000013,294.9500000000013,0.0
4891772.160054933,0.0,4.042080001281219,0.0,0.8,294.94999936376905,294.9500000000013,294.9500000000013,0.0
4891864.3201098675,0.0,4.042080001281219,0.0,0.8,294.94999936376905,294.9500000000013,294.9500000000013,0.0
4892040.0,0.0,4.042080001281224,0.0,0.8,294.94999936376905,294.9500000000013,294.9500000000013,0.0
4892040.360000429,0.0,4.042080001281224,0.0,0.8,294.94999936376905,294.9500000000013,294.9500000000013,0.0
4892040.720000858,0.0,4.042080001281224,0.0,0.8,294.94999936376905,294.9500000000013,294.9500000000013,0.0
4892041.440001717,0.0,4.042080001281224,0.0,0.8,294.94999936376905,294.9500000000013,294.9500000000013,0.0
4892042.880003434,0.0,4.042080001281224,0.0,0.8,294.94999936376905,294.9500000000013,294.9500000000013,0.0
4892045.760006866,0.0,4.042080001281224,0.0,0.8,294.94999936376905,294.9500000000013,294.9500000000013,0.0
4892051.520013734,0.0,4.042080001281224,0.0,0.8,294.94999936376905,294.9500000000013,294.9500000000013,0.0
4892063.040027467,0.0,4.042080001281224,0.0,0.8,294.94999936376905,294.9500000000013,294.9500000000013,0.0
4892086.080054933,0.0,4.042080001281224,0.0,0.8,294.94999936376905,294.9500000000013,294.9500000000013,0.0
4892132.160109867,0.0,4.042080001281224,0.0,0.8,294.94999936376905,294.9500000000013,294.9500000000013,0.0
4892224.320219734,0.0,4.042080001281219,0.0,0.8,294.94999936376905,294.9500000000013,294.9500000000013,0.0
4892400.0,0.0,4.042080001281219,0.0,0.8,294.94999936376905,294.9500000000013,294.9500000000013,0.0
4896000.0,2.5,3.9794955820222797,0.15646104818622444,0.8000000000000002,296.7797981418831,296.3970859999876,296.5732312552858,14.732004027670483
4896000.000032989,2.5,3.979495540373714,0.15646104290907503,0.7999999954182049,296.7797981418831,296.3970859999876,296.5732312552858,14.732004027670483
4896000.000065978,2.5,3.9794954987252282,0.1564610376320112,0.7999999908364097,296.7797981418831,296.3970859999876,296.5732312552858,14.732004027670483
4896000.000131955,2.5,3.9794954154284037,0.15646102707809167,0.7999999816728195,296.7797981418831,296.3970859999876,296.5732312552858,14.732004027670483
4896000.000263912,2.5,3.979495248835618,0.15646100597129445,0.7999999633456388,296.7797981418831,296.3970859999876,296.5732312552858,14.732004027670483
4896000.000527822,2.5,3.97949491565329,0.15646096376166985,0.7999999266912777,296.7797981418831,296.3970859999876,296.5732312552858,14.732004027670483
4896000.001055646,2.5,3.9794942493020686,0.15646087935878925,0.7999998533825553,296.7797981418831,296.3970859999876,296.5732312552858,14.732004027670483
4896000.0021112915,2.5,3.9794929166532977,0.1564607106183959,0.7999997067651106,296.7797981418831,296.3970859999876,296.5732312552858,14.732004027670483
4896000.004222582,2.5,3.9794902515709327,0.156460373399172,0.7999994135302212,296.7797981418831,296.3970859999876,296.5732312552858,14.732004027670483
4896000.008445165,2.5,3.9794849222674986,0.15645970000434736,0.7999988270604423,296.7797981418831,296.3970859999876,296.5732312552858,14.732004027670483
4896000.016890329,2.5,3.979474267110748,0.1564583573683831,0.7999976541208845,296.7797981418831,296.3970859999876,296.5732312552858,14.732004027670483
4896000.03378066,2.5,3.979452970633921,0.15645568854373865,0.7999953082417691,296.7797981418831,296.3970859999876,296.5732312552858,14.732004027670483
4896000.067561318,2.5,3.979410433304382,0.1564504153742444,0.7999906164835381,296.7797981418831,296.3970859999876,296.5732312552858,14.732004027670483
4896000.135122637,2.5,3.979325583186785,0.1564401169472295,0.7999812329670761,296.7797981418831,296.3970859999876,296.5732312552858,14.732004027670483
4896000.2702452745,2.5,3.9791567949970306,0.15642043851423199,0.7999624659341523,296.7797981418831,296.3970859999876,296.5732312552858,14.732004027670483
4896000.405367911,2.5,3.978989239655397,0.1564018963019276,0.7999436989012284,296.7797981418831,296.3970859999876,296.5732312552858,14.732004027670483
4896000.675613185,2.5,3.978657904122095,0.15636766219228074,0.7999061648353807,296.7797981418831,296.3970859999876,296.5732312552858,14.732004027670483
4896000.918833932,2.5,3.97836404996797,0.1563397372162171,0.7998723841761177,296.7797981418831,296.3970859999876,296.5732312552858,14.732004027670483
4896001.162054678,2.5,3.978074344096243,0.15631406004883835,0.7998386035168548,296.7797981418831,296.3970859999876,296.5732312552858,14.732004027670483
4896001.405275425,2.5,3.9777887866719914,0.15629028309558343,0.7998048228575918,296.7797981418831,296.3970859999876,296.5732312552858,14.732004027670483
4896001.648496172,2.5,3.9775073543032184,0.15626811245877992,0.7997710421983288,296.7797981418831,296.3970859999876,296.5732312552858,14.732004027670483
4896002.134937665,2.5,3.976956706002203,0.15622780532768604,0.7997034808798029,296.7797981418831,296.3970859999876,296.5732312552858,14.732004027670483
4896002.621379158,2.5,3.97642196386243,0.1561915963595023,0.799635919561277,296.7797981418831,296.3970859999876,296.5732312552858,14.732004027670483
4896003.107820652,2.5,3.9759025182536907,0.15615838563954212,0.7995683582427511,296.7797981418831,296.3970859999876,296.5732312552858,14.732004027670483
4896003.594262145,2.5,3.9753976767202905,0.1561275481878911,0.7995007969242252,296.7797981418831,296.3970859999876,296.5732312552858,14.732004027670483
4896004.080703639,2.5,3.974906750307822,0.15609871546326137,0.7994332356056992,296.7797981418831,296.3970859999876,296.5732312552858,14.732004027670483
4896004.567145132,2.5,3.974429092461356,0.15607159204020601,0.7993656742871733,296.7797981418831,296.3970859999876,296.5732312552858,14.732004027670483
4896005.0535866255,2.5,3.97396408269363,0.15604589693983142,0.7992981129686474,296.7797981418831,296.3970859999876,296.5732312552858,14.732004027670483
4896005.540028119,2.5,3.973511109161023,0.1560213838604528,0.7992305516501215,296.7797981418831,296.3970859999876,296.5732312552858,14.732004027670483
4896006.5129111055,2.5,3.972638936149643,0.15597530617633595,0.7990954290130695,296.7797981418831,296.3970859999876,296.5732312552858,14.732004027670483
4896007.4857940925,2.5,3.9718081650386243,0.15593240496630328,0.7989603063760177,296.7797981418831,296.3970859999876,296.5732312552858,14.732004027670483
4896008.4586770795,2.5,3.9710148682544277,0.1558921081941127,0.7988251837389658,296.7797981418831,296.3970859999876,296.5732312552858,14.732004027670483
4896009.944607558,2.5,3.9698681341461746,0.15583470239321123,0.7986188045058646,296.7797981418831,296.3970859999876,296.5732312552858,14.732004027670483
4896011.430538036,2.5,3.9687903001471847,0.15578121882518509,0.7984124252727633,296.7797981418831,296.3970859999876,296.5732312552858,14.732004027670483
4896012.916468514,2.5,3.967772263537731,0.15573083799078583,0.7982060460396622,296.7797981418831,296.3970859999876,296.5732312552858,14.732004027670483
4896014.402398992,2.5,3.9668064336313074,0.15568300970756746,0.797999666806561,296.7797981418831,296.3970859999876,296.5732312552858,14.732004027670483
4896015.888329471,2.5,3.965886517673968,0.15563734649687236,0.7977932875734598,296.7797981418831,296.3970859999876,296.5732312552858,14.732004027670483
4896017.37425995,2.5,3.9650070906327013,0.1555935398914025,0.7975869083403585,296.7797981418831,296.3970859999876,296.5732312552858,14.732004027670483
4896018.860190428,2.5,3.9641638101309344,0.15555135955535201,0.7973805291072573,296.7797981418831,296.3970859999876,296.5732312552858,14.732004027670483
4896021.832051384,2.5,3.962571033815429,0.15547112042635694,0.7969677706410548,296.7797981418831,296.3970859999876,296.5732312552858,14.732004027670483
4896024.493508253,2.5,3.9612355196691604,0.1554031951993096,0.7965981238537555,296.7797981418831,296.3970859999876,296.5732312552858,14.732004027670483
4896027.154965121,2.5,3.9599726297362996,0.15533837307574724,0.7962284770664562,296.7797981418831,296.3970859999876,296.5732312552858,14.732004027670483
4896029.81642199,2.5,3.9587716353041804,0.15527615463764577,0.7958588302791568,296.7797981418831,296.3970859999876,296.5732312552858,14.732004027670483
4896032.477878858,2.5,3.957623654931712,0.15521613725124764,0.7954891834918575,296.7797981418831,296.3970859999876,296.5732312552858,14.732004027670483
4896035.139335727,2.5,3.9565219812689123,0.15515803986822344,0.7951195367045581,296.7797981418831,296.3970859999876,296.5732312552858,14.732004027670483
4896037.800792595,2.5,3.955461628987774,0.15510166316501228,0.7947498899172588,296.7797981418831,296.3970859999876,296.5732312552858,14.732004027670483
4896040.462249464,2.5,3.954438396506001,0.1550468287897307,0.7943802431299595,296.7797981418831,296.3970859999876,296.5732312552858,14.732004027670483
4896043.123706332,2.5,3.9534483766934625,0.15499336324654459,0.7940105963426601,296.7797981418831,296.3970859999876,296.5732312552858,14.732004027670483
4896045.785163201,2.5,3.9524881718351486,0.15494112074087524,0.7936409495553608,296.7797981418831,296.3970859999876,296.5732312552858,14.732004027670483
4896048.44662007,2.5,3.951555247682958,0.1548899999182368,0.7932713027680615,296.7797981418831,296.3970859999876,296.5732312552858,14.732004027670483
4896051.108076938,2.5,3.950647495504501,0.1548399147556413,0.7929016559807621,296.7797981418831,296.3970859999876,296.5732312552858,14.732004027670483
4896053.769533807,2.5,3.9497628837662204,0.15479077649458342,0.7925320091934628,296.7797981418831,296.3970859999876,296.5732312552858,14.732004027670483
4896056.430990675,2.5,3.9488995127518076,0.1547425018869801,0.7921623624061634,296.7797981418831,296.3970859999876,296.5732312552858,14.732004027670483
4896061.7539044125,2.5,3.9472306409512554,0.1546483024687316,0.7914230688315648,296.7797981418831,296.3970859999876,296.5732312552858,14.732004027670483
4896067.07681815,2.5,3.945630474779646,0.1545568779179617,0.7906837752569661,296.7797981418831,296.3970859999876,296.5732312552858,14.732004027670483
4896072.399731887,2.5,3.9440909980396923,0.15446788940856185,0.7899444816823673,296.7797981418831,296.3970859999876,296.5732312552858,14.732004027670483
4896077.722645624,2.5,3.9426056480207983,0.15438105658735696,0.7892051881077686,296.7797981418831,296.3970859999876,296.5732312552858,14.732004027670483
4896083.045559362,2.5,3.9411688673185092,0.15429614184953505,0.78846589453317,296.7797981418831,296.3970859999876,296.5732312552858,14.732004027670483
4896088.368473099,2.5,3.93977595781557,0.1542129456098029,0.7877266009585713,296.7797981418831,296.3970859999876,296.5732312552858,14.732004027670483
4896093.691386836,2.5,3.938422980424496,0.15413130115354684,0.7869873073839726,296.7797981418831,296.3970859999876,296.5732312552858,14.732004027670483
4896104.33721431,2.5,3.9358238432010326,0.1539721183996305,0.7855087202347752,296.7797981418831,296.3970859999876,296.5732312552858,14.732004027670483
4896114.983041784,2.5,3.933349779580774,0.15381767890339648,0.7840301330855779,296.7797981418831,296.3970859999876,296.5732312552858,14.732004027670483
4896125.628869258,2.5,3.930983870525444,0.15366727684882697,0.7825515459363805,296.7797981418831,296.3970859999876,296.5732312552858,14.732004027670483
4896136.274696732,2.5,3.928712622562637,0.1535203612187505,0.7810729587871832,296.7797981418831,296.3970859999876,296.5732312552858,14.732004027670483
4896146.920524207,2.5,3.926525311443395,0.15337650464799277,0.7795943716379857,296.7797981418831,296.3970859999876,296.5732312552858,14.732004027670483
4896157.566351681,2.5,3.9244132429650693,0.15323537037170304,0.7781157844887884,296.7797981418831,296.3970859999876,296.5732312552858,14.732004027670483
4896168.212179155,2.5,3.922369069683244,0.15309668448057376,0.776637197339591,296.7797981418831,296.3970859999876,296.5732312552858,14.732004027670483
4896178.858006629,2.5,3.92038646111706,0.1529602218873745,0.7751586101903937,296.7797981418831,296.3970859999876,296.5732312552858,14.732004027670483
4896189.503834103,2.5,3.9184600017137816,0.15282579984216424,0.7736800230411963,296.7797981418831,296.3970859999876,296.5732312552858,14.732004027670483
4896200.149661577,2.5,3.916585052412213,0.15269327037854621,0.772201435891999,296.7797981418831,296.3970859999876,296.5732312552858,14.732004027670483
4896210.795489051,2.5,3.9147575523657303,0.15256251156747852,0.7707228487428015,296.7797981418831,296.3970859999876,296.5732312552858,14.732004027670483
4896221.441316526,2.5,3.912973881971064,0.15243342141765,0.7692442615936042,296.7797981418831,296.3970859999876,296.5732312552858,14.732004027670483
4896242.7329714745,2.5,3.909525548575192,0.152179924130058,0.7662870872952094,296.7797981418831,296.3970859999876,296.5732312552858,14.732004027670483
4896264.024626423,2.5,3.906217897125956,0.15193224787390136,0.7633299129968147,296.7797981418831,296.3970859999876,296.5732312552858,14.732004027670483
4896285.316281372,2.5,3.9030327653526906,0.15169001411039318,0.7603727386984199,296.7797981418831,296.3970859999876,296.5732312552858,14.732004027670483
4896306.60793632,2.5,3.8999548678202562,0.15145294460690567,0.7574155644000252,296.7797981418831,296.3970859999876,296.5732312552858,14.732004027670483
4896327.899591268,2.5,3.8969709862266737,0.1512208266819642,0.7544583901016305,296.7797981418831,296.3970859999876,296.5732312552858,14.732004027670483
4896349.191246217,2.5,3.894069477497824,0.15099349258281916,0.7515012158032358,296.7797981418831,296.3970859999876,296.5732312552858,14.732004027670483
4896360.0,2.5,3.892624661546996,0.15087987176615686,0.7499999999999999,296.7797981418831,296.3970859999876,296.5732312552858,14.732004027670483
4896360.0008296585,2.5,3.8926245513243525,0.1508798630904084,0.7499998847695978,296.7797981418831,296.3970859999876,296.5732312552858,14.732004027670483
4896360.001659318,2.5,3.892624441101806,0.150879854414667,0.7499997695391957,296.7797981418831,296.3970859999876,296.5732312552858,14.732004027670483
4896360.003318636,2.5,3.8926242206569834,0.15087983706320474,0.7499995390783913,296.7797981418831,296.3970859999876,296.5732312552858,14.732004027670483
4896360.0066372715,2.5,3.8926237797685714,0.15087980236036397,0.7499990781567828,296.7797981418831,296.3970859999876,296.5732312552858,14.732004027670483
4896360.013274542,2.5,3.8926228979965134,0.1508797329550162,0.7499981563135657,296.7797981418831,296.3970859999876,296.5732312552858,14.732004027670483
4896360.026549085,2.5,3.892621134471913,0.1508795941456578,0.7499963126271315,296.7797981418831,296.3970859999876,296.5732312552858,14.732004027670483
4896360.053098169,2.5,3.8926176075006955,0.15087931653228887,0.7499926252542631,296.7797981418831,296.3970859999876,296.5732312552858,14.732004027670483
4896360.106196338,2.5,3.8926105538704716,0.15087876132694344,0.7499852505085264,296.7797981418831,296.3970859999876,296.5732312552858,14.732004027670483
4896360.212392678,2.5,3.8925964478583603,0.15087765100181555,0.7499705010170529,296.7797981418831,296.3970859999876,296.5732312552858,14.732004027670483
4896360.424785354,2.5,3.8925682408232505,0.15087543069376053,0.7499410020341059,296.7797981418831,296.3970859999876,296.5732312552858,14.732004027670483
4896360.849570709,2.5,3.8925118466733233,0.15087099144603094,0.7498820040682118,296.7797981418831,296.3970859999876,296.5732312552858,14.732004027670483
4896361.699141418,2.5,3.892399137765666,0.15086211842073055,0.7497640081364236,296.7797981418831,296.3970859999876,296.5732312552858,14.732004027670483
4896363.398282835,2.5,3.8921740352163203,0.15084439422409232,0.7495280162728474,296.7797981418831,296.3970859999876,296.5732312552858,14.732004027670483
4896366.796565671,2.5,3.8917250729331583,0.1508090330368981,0.7490560325456947,296.7797981418831,296.3970859999876,296.5732312552858,14.732004027670483
4896373.593131342,2.5,3.8908319762787786,0.15073865786126167,0.7481120650913897,296.7797981418831,296.3970859999876,296.5732312552858,14.732004027670483
4896387.186262684,2.5,3.8890639856041447,0.15059928402886402,0.7462241301827794,296.7797981418831,296.3970859999876,296.5732312552858,14.732004027670483
4896400.779394026,2.5,3.887318541355844,0.1504617256002588,0.7443361952741693,296.7797981418831,296.3970859999876,296.5732312552858,14.732004027670483
4896414.372525368,2.5,3.8855934765736815,0.15032595902454715,0.742448260365559,296.7797981418831,296.3970859999876,296.5732312552858,14.732004027670483
4896427.96565671,2.5,3.8838866469091533,0.15019196206990051,0.7405603254569488,296.7797981418831,296.3970859999876,296.5732312552858,14.732004027670483
4896455.151919394,2.5,3.8805196104587796,0.14992919620144188,0.7367844556397284,296.7797981418831,296.3970859999876,296.5732312552858,14.732004027670483
4896479.61955581,2.5,3.877530926350353,0.1496985608279553,0.7333861728042299,296.7797981418831,296.3970859999876,296.5732312552858,14.732004027670483
4896504.087192225,2.5,3.8745690839648494,0.14947336330330738,0.7299878899687315,296.7797981418831,296.3970859999876,296.5732312552858,14.732004027670483
4896528.554828641,2.5,3.8716220964546153,0.14925350910233173,0.7265896071332332,296.7797981418831,296.3970859999876,296.5732312552858,14.732004027670483
4896553.022465057,2.5,3.8686779263093865,0.149038910453406,0.7231913242977348,296.7797981418831,296.3970859999876,296.5732312552858,14.732004027670483
4896577.490101472,2.5,3.865724209502326,0.14882948414860428,0.7197930414622363,296.7797981418831,296.3970859999876,296.5732312552858,14.732004027670483
4896601.957737887,2.5,3.8627481533275767,0.148625150833682,0.716394758626738,296.7797981418831,296.3970859999876,296.5732312552858,14.732004027670483
4896626.425374303,2.5,3.8597365535584807,0.14842583494266468,0.7129964757912396,296.7797981418831,296.3970859999876,296.5732312552858,14.732004027670483
4896675.3606471345,2.5,3.853552811101774,0.14804197178330694,0.7061999101202427,296.7797981418831,296.3970859999876,296.5732312552858,14.732004027670483
4896720.0,2.5,3.847650569424066,0.14770860932913973,0.7000000000000013,296.7797981418831,296.3970859999876,296.5732312552858,14.732004027670483
4896720.001467636,2.5,3.847650370395357,0.1477085986281348,0.6999997961616613,296.7797981418831,296.3970859999876,296.5732312552858,14.732004027670483
4896720.002935272,2.5,3.8476501713662907,0.14770858792714672,0.6999995923233214,296.7797981418831,296.3970859999876,296.5732312552858,14.732004027670483
4896720.005870544,2.5,3.8476497733070776,0.1477085665252213,0.6999991846466416,296.7797981418831,296.3970859999876,296.5732312552858,14.732004027670483
4896720.011741089,2.5,3.84764897718442,0.14770852372157334,0.699998369293282,296.7797981418831,296.3970859999876,296.5732312552858,14.732004027670483
4896720.0234821765,2.5,3.847647384922102,0.1477084381150889,0.6999967385865626,296.7797981418831,296.3970859999876,296.5732312552858,14.732004027670483
4896720.046964354,2.5,3.8476442003297358,0.14770826690536637,0.6999934771731241,296.7797981418831,296.3970859999876,296.5732312552858,14.732004027670483
4896720.093928707,2.5,3.847637830873988,0.14770792449890616,0.699986954346247,296.7797981418831,296.3970859999876,296.5732312552858,14.732004027670483
4896720.187857414,2.5,3.8476250908784406,0.1477072397379244,0.6999739086924929,296.7797981418831,296.3970859999876,296.5732312552858,14.732004027670483
4896720.375714828,2.5,3.847599606548972,0.14770587042370403,0.6999478173849846,296.7797981418831,296.3970859999876,296.5732312552858,14.732004027670483
4896720.7514296565,2.5,3.847548620519224,0.14770313262614146,0.699895634769968,296.7797981418831,296.3970859999876,296.5732312552858,14.732004027670483
4896721.502859312,2.5,3.8474465788366348,0.1476976603537769,0.6997912695399346,296.7797981418831,296.3970859999876,296.5732312552858,14.732004027670483
4896723.005718625,2.5,3.8472422158656565,0.1476867290940787,0.6995825390798681,296.7797981418831,296.3970859999876,296.5732312552858,14.732004027670483
4896726.01143725,2.5,3.8468323626828385,0.14766491966683443,0.6991650781597349,296.7797981418831,296.3970859999876,296.5732312552858,14.732004027670483
4896732.0228745,2.5,3.846008078331225,0.1476215127991678,0.6983301563194686,296.7797981418831,296.3970859999876,296.5732312552858,14.732004027670483
4896744.045748999,2.5,3.844340671554923,0.14753554398810179,0.696660312638936,296.7797981418831,296.3970859999876,296.5732312552858,14.732004027670483
4896756.0686235,2.5,3.8426472616418317,0.1474506961178015,0.6949904689584034,296.7797981418831,296.3970859999876,296.5732312552858,14.732004027670483
4896768.091498,2.5,3.840926903194679,0.1473669625310928,0.6933206252778709,296.7797981418831,296.3970859999876,296.5732312552858,14.732004027670483
4896780.114372499,2.5,3.839178822627752,0.14728433669782068,0.6916507815973383,296.7797981418831,296.3970859999876,296.5732312552858,14.732004027670483
4896804.160121499,2.5,3.8355974602577025,0.14712238285385426,0.688311094236273,296.7797981418831,296.3970859999876,296.5732312552858,14.732004027670483
4896828.205870499,2.5,3.8319013961104513,0.14696478486054768,0.6849714068752079,296.7797981418831,296.3970859999876,296.5732312552858,14.732004027670483
4896852.251619498,2.5,3.8280930522722887,0.1468114948999966,0.6816317195141427,296.7797981418831,296.3970859999876,296.5732312552858,14.732004027670483
4896887.555047993,2.5,3.8223145591965704,0.14659414789835887,0.6767284655565506,296.7797981418831,296.3970859999876,296.5732312552858,14.732004027670483
4896922.858476488,2.5,3.8163520349112385,0.14638585012161945,0.6718252115989587,296.7797981418831,296.3970859999876,296.5732312552858,14.732004027670483
4896958.161904982,2.5,3.810266634701411,0.14618647099006785,0.6669219576413665,296.7797981418831,296.3970859999876,296.5732312552858,14.732004027670483
4896993.465333477,2.5,3.8041324137466193,0.1459958873064094,0.6620187036837746,296.7797981418831,296.3970859999876,296.5732312552858,14.732004027670483
4897028.768761971,2.5,3.79802645990478,0.14581398287726827,0.6571154497261825,296.7797981418831,296.3970859999876,296.5732312552858,14.732004027670483
4897080.0,2.5,3.789354690534809,0.145565222505121,0.6500000000000015,296.7797981418831,296.3970859999876,296.5732312552858,14.732004027670483
4897080.001882271,2.5,3.789354377748479,0.14556521369316422,0.6499997385735412,296.7797981418831,296.3970859999876,296.5732312552858,14.732004027670483
4897080.003764541,2.5,3.789354064962626,0.14556520488123145,0.649999477147081,296.7797981418831,296.3970859999876,296.5732312552858,14.732004027670483
4897080.007529082,2.5,3.789353439392379,0.14556518725743758,0.6499989542941604,296.7797981418831,296.3970859999876,296.5732312552858,14.732004027670483
4897080.0150581645,2.5,3.789352188257691,0.14556515201013728,0.6499979085883194,296.7797981418831,296.3970859999876,296.5732312552858,14.732004027670483
4897080.030116328,2.5,3.789349686011586,0.14556508151668565,0.6499958171766373,296.7797981418831,296.3970859999876,296.5732312552858,14.732004027670483
4897080.060232656,2.5,3.7893446816125684,0.14556494053437877,0.6499916343532732,296.7797981418831,296.3970859999876,296.5732312552858,14.732004027670483
4897080.120465313,2.5,3.7893346731873674,0.1455646585881504,0.649983268706545,296.7797981418831,296.3970859999876,296.5732312552858,14.732004027670483
4897080.240930626,2.5,3.789314657829036,0.14556409476923315,0.6499665374130885,296.7797981418831,296.3970859999876,296.5732312552858,14.732004027670483
4897080.481861251,2.5,3.7892746330853693,0.14556296742554278,0.6499330748261757,296.7797981418831,296.3970859999876,296.5732312552858,14.732004027670483
4897080.963722503,2.5,3.7891946075274348,0.1455607139146309,0.6498661496523499,296.7797981418831,296.3970859999876,296.5732312552858,14.732004027670483
4897081.927445007,2.5,3.789034652424933,0.1455562115978171,0.6497322993046984,296.7797981418831,296.3970859999876,296.5732312552858,14.732004027670483
4897083.854890012,2.5,3.788715128599483,0.1455472257773197,0.6494645986093955,296.7797981418831,296.3970859999876,296.5732312552858,14.732004027670483
4897087.709780024,2.5,3.7880776444364868,0.14552932933374238,0.6489291972187896,296.7797981418831,296.3970859999876,296.5732312552858,14.732004027670483
4897095.41956005,2.5,3.7868090636181684,0.14549383679823233,0.6478583944375778,296.7797981418831,296.3970859999876,296.5732312552858,14.732004027670483
4897110.839120099,2.5,3.784298358351784,0.14542404967402936,0.6457167888751542,296.7797981418831,296.3970859999876,296.5732312552858,14.732004027670483
4897126.258680148,2.5,3.7818242362114463,0.14535585333619164,0.6435751833127306,296.7797981418831,296.3970859999876,296.5732312552858,14.732004027670483
4897141.678240198,2.5,3.7793876015463845,0.14528924019703834,0.6414335777503068,296.7797981418831,296.3970859999876,296.5732312552858,14.732004027670483
4897157.097800247,2.5,3.776988660840931,0.14522420287430546,0.6392919721878833,296.7797981418831,296.3970859999876,296.5732312552858,14.732004027670483
4897187.936920346,2.5,3.772301672869788,0.1450988271384812,0.6350087610630359,296.7797981418831,296.3970859999876,296.5732312552858,14.732004027670483
4897218.776040445,2.5,3.7677539223592014,0.14497967103884635,0.6307255499381886,296.7797981418831,296.3970859999876,296.5732312552858,14.732004027670483
4897249.615160544,2.5,3.763330091664716,0.14486668258750357,0.6264423388133413,296.7797981418831,296.3970859999876,296.5732312552858,14.732004027670483
4897311.293400742,2.5,3.754778623241711,0.14465901533029318,0.6178759165636468,296.7797981418831,296.3970859999876,296.5732312552858,14.732004027670483
4897362.276844822,2.5,3.7479172274797015,0.14450557981614184,0.6107948826636469,296.7797981418831,296.3970859999876,296.5732312552858,14.732004027670483
4897413.260288902,2.5,3.741161003399768,0.14436844433210017,0.6037138487636469,296.7797981418831,296.3970859999876,296.5732312552858,14.732004027670483
4897440.0,2.5,3.7376392109406766,0.14430298172059933,0.6000000000000006,296.7797981418831,296.3970859999876,296.5732312552858,14.732004027670483
4897440.002125146,2.5,3.7376389313735365,0.14430297669380904,0.5999997048407881,296.7797981418831,296.3970859999876,296.5732312552858,14.732004027670483
4897440.004250293,2.5,3.737638651806431,0.1443029716670467,0.5999994096815757,296.7797981418831,296.3970859999876,296.5732312552858,14.732004027670483
4897440.008500585,2.5,3.737638092672338,0.1443029616136058,0.5999988193631507,296.7797981418831,296.3970859999876,296.5732312552858,14.732004027670483
4897440.017001171,2.5,3.7376369744046443,0.1443029415070589,0.5999976387263009,296.7797981418831,296.3970859999876,296.5732312552858,14.732004027670483
4897440.034002341,2.5,3.737634737871165,0.14430290129530468,0.599995277452601,296.7797981418831,296.3970859999876,296.5732312552858,14.732004027670483
4897440.068004683,2.5,3.7376302648119513,0.14430282087715465,0.5999905549052014,296.7797981418831,296.3970859999876,296.5732312552858,14.732004027670483
4897440.136009365,2.5,3.7376213187244214,0.14430266006228828,0.5999811098104021,296.7797981418831,296.3970859999876,296.5732312552858,14.732004027670483
4897440.272018731,2.5,3.7376034266727602,0.1443023385182889,0.5999622196208036,296.7797981418831,296.3970859999876,296.5732312552858,14.732004027670483
4897440.54403746,2.5,3.73756764306053,0.144301695773214,0.5999244392416065,296.7797981418831,296.3970859999876,296.5732312552858,14.732004027670483
4897441.088074921,2.5,3.7374960777806763,0.14430041165468557,0.5998488784832126,296.7797981418831,296.3970859999876,296.5732312552858,14.732004027670483
4897442.176149841,2.5,3.73735295484163,0.14429784890352157,0.5996977569664244,296.7797981418831,296.3970859999876,296.5732312552858,14.732004027670483
4897444.352299684,2.5,3.737066738197189,0.14429274534003672,0.5993955139328481,296.7797981418831,296.3970859999876,296.5732312552858,14.732004027670483
4897448.704599367,2.5,3.736494412066169,0.14428262593081767,0.5987910278656956,296.7797981418831,296.3970859999876,296.5732312552858,14.732004027670483
4897457.409198734,2.5,3.7353501136453855,0.144262737685644,0.5975820557313904,296.7797981418831,296.3970859999876,296.5732312552858,14.732004027670483
4897474.818397468,2.5,3.733062387785979,0.1442243611580548,0.5951641114627804,296.7797981418831,296.3970859999876,296.5732312552858,14.732004027670483
4897509.636794936,2.5,3.7284868976740007,0.14415319013020575,0.5903282229255601,296.7797981418831,296.3970859999876,296.5732312552858,14.732004027670483
4897544.455192404,2.5,3.7239069369028406,0.1440894299424123,0.5854923343883398,296.7797981418831,296.3970859999876,296.5732312552858,14.732004027670483
4897579.273589872,2.5,3.719320158411512,0.14403304584653281,0.5806564458511196,296.7797981418831,296.3970859999876,296.5732312552858,14.732004027670483
4897614.09198734,2.5,3.714727201274874,0.14398400695587235,0.5758205573138994,296.7797981418831,296.3970859999876,296.5732312552858,14.732004027670483
4897683.728782276,2.5,3.7055374076308465,0.14390785989274035,0.5661487802394588,296.7797981418831,296.3970859999876,296.5732312552858,14.732004027670483
4897753.365577212,2.5,3.6963837926143874,0.1438608165422005,0.5564770031650184,296.7797981418831,296.3970859999876,296.5732312552858,14.732004027670483
4897800.0,2.5,3.6903053516874915,0.1438455248716256,0.5499999999999996,296.7797981418831,296.3970859999876,296.5732312552858,14.732004027670483
4897800.002245181,2.5,3.690305060453114,0.14384552444801413,0.5499996881692577,296.7797981418831,296.3970859999876,296.5732312552858,14.732004027670483
4897800.0044903625,2.5,3.69030476921889,0.14384552402443268,0.5499993763385158,296.7797981418831,296.3970859999876,296.5732312552858,14.732004027670483
4897800.008980725,2.5,3.6903041867508937,0.1438455231773601,0.5499987526770321,296.7797981418831,296.3970859999876,296.5732312552858,14.732004027670483
4897800.017961451,2.5,3.690303021816731,0.14384552148357593,0.5499975053540646,296.7797981418831,296.3970859999876,296.5732312552858,14.732004027670483
4897800.035922902,2.5,3.690300691955683,0.1438455180974517,0.5499950107081295,296.7797981418831,296.3970859999876,296.5732312552858,14.732004027670483
4897800.0718458025,2.5,3.6902960322627525,0.1438455113309795,0.5499900214162594,296.7797981418831,296.3970859999876,296.5732312552858,14.732004027670483
4897800.143691606,2.5,3.6902867129935997,0.1438454978211399,0.5499800428325192,296.7797981418831,296.3970859999876,296.5732312552858,14.732004027670483
4897800.287383212,2.5,3.6902680749223853,0.1438454708938799,0.5499600856650388,296.7797981418831,296.3970859999876,296.5732312552858,14.732004027670483
4897800.574766424,2.5,3.6902308006504714,0.143845417409035,0.5499201713300781,296.7797981418831,296.3970859999876,296.5732312552858,14.732004027670483
4897801.149532847,2.5,3.6901562596057618,0.1438453119180345,0.5498403426601566,296.7797981418831,296.3970859999876,296.5732312552858,14.732004027670483
4897802.299065693,2.5,3.690007207648722,0.14384510685070184,0.5496806853203137,296.7797981418831,296.3970859999876,296.5732312552858,14.732004027670483
4897804.5981313875,2.5,3.6897092253511303,0.14384472037401158,0.5493613706406277,296.7797981418831,296.3970859999876,296.5732312552858,14.732004027670483
4897809.196262775,2.5,3.689113755904009,0.1438440420471672,0.5487227412812558,296.7797981418831,296.3970859999876,296.5732312552858,14.732004027670483
4897818.39252555,2.5,3.687924866820613,0.14384306386024764,0.5474454825625119,296.7797981418831,296.3970859999876,296.5732312552858,14.732004027670483
4897836.7850511,2.5,3.6855558368719854,0.14384262109500354,0.5448909651250242,296.7797981418831,296.3970859999876,296.5732312552858,14.732004027670483
4897873.5701022,2.5,3.680857056249079,0.14384778883438132,0.5397819302500488,296.7797981418831,296.3970859999876,296.5732312552858,14.732004027670483
4897910.3551533,2.5,3.6762184499521156,0.14386102778113108,0.5346728953750735,296.7797981418831,296.3970859999876,296.5732312552858,14.732004027670483
4897947.140204399,2.5,3.6716485444738445,0.1438823420716791,0.5295638605000981,296.7797981418831,296.3970859999876,296.5732312552858,14.732004027670483
4897983.925255499,2.5,3.6671547299930425,0.14391174026971218,0.5244548256251227,296.7797981418831,296.3970859999876,296.5732312552858,14.732004027670483
4898057.495357699,2.5,3.65841841658488,0.14399484461795486,0.5142367558751719,296.7797981418831,296.3970859999876,296.5732312552858,14.732004027670483
4898131.065459899,2.5,3.6500414671435766,0.14411049813108776,0.504018686125221,296.7797981418831,296.3970859999876,296.5732312552858,14.732004027670483
4898160.0,2.5,3.6468481720732457,0.14416494947704048,0.4999999999999994,296.7797981418831,296.3970859999876,296.5732312552858,14.732004027670483
4898160.002272616,2.5,3.6468479235079325,0.14416495395336332,0.499999684358897,296.7797981418831,296.3970859999876,296.5732312552858,14.732004027670483
4898160.004545232,2.5,3.646847674942978,0.14416495842971752,0.49999936871779466,296.7797981418831,296.3970859999876,296.5732312552858,14.732004027670483
4898160.009090464,2.5,3.6468471778141156,0.1441649673825201,0.49999873743559,296.7797981418831,296.3970859999876,296.5732312552858,14.732004027670483
4898160.018180927,2.5,3.6468461835606214,0.1441649852885018,0.49999747487118057,296.7797981418831,296.3970859999876,296.5732312552858,14.732004027670483
4898160.0363618545,2.5,3.6468441950705293,0.14416502110197124,0.4999949497423618,296.7797981418831,296.3970859999876,296.5732312552858,14.732004027670483
4898160.07272371,2.5,3.646840218157949,0.1441650927349346,0.4999898994847242,296.7797981418831,296.3970859999876,296.5732312552858,14.732004027670483
4898160.14544742,2.5,3.646832264603208,0.14416523602495918,0.4999797989694491,296.7797981418831,296.3970859999876,296.5732312552858,14.732004027670483
4898160.29089484,2.5,3.646816358575376,0.14416552270140037,0.4999595979388988,296.7797981418831,296.3970859999876,296.5732312552858,14.732004027670483
4898160.58178968,2.5,3.6467845508460837,0.14416609643985936,0.4999191958777983,296.7797981418831,296.3970859999876,296.5732312552858,14.732004027670483
4898161.16357936,2.5,3.6467209526910946,0.1441672454591471,0.4998383917555973,296.7797981418831,296.3970859999876,296.5732312552858,14.732004027670483
4898162.327158719,2.5,3.64659382558021,0.1441695496677139,0.4996767835111952,296.7797981418831,296.3970859999876,296.5732312552858,14.732004027670483
4898164.654317439,2.5,3.6463398480284956,0.14417418276891963,0.4993535670223911,296.7797981418831,296.3970859999876,296.5732312552858,14.732004027670483
4898169.308634877,2.5,3.645832998534637,0.14418354774072378,0.4987071340447828,296.7797981418831,296.3970859999876,296.5732312552858,14.732004027670483
4898178.617269755,2.5,3.6448237124639027,0.14420267303060633,0.49741426808956624,296.7797981418831,296.3970859999876,296.5732312552858,14.732004027670483
4898197.234539511,2.5,3.6428227008568674,0.14424250720722762,0.4948285361791331,296.7797981418831,296.3970859999876,296.5732312552858,14.732004027670483
4898234.46907902,2.5,3.638889962039108,0.14432852864135143,0.48965707235826683,296.7797981418831,296.3970859999876,296.5732312552858,14.732004027670483
4898308.938158041,2.5,3.6312906549284767,0.14452614955366452,0.4793141447165343,296.7797981418831,296.3970859999876,296.5732312552858,14.732004027670483
4898383.407237061,2.5,3.624017644813491,0.14475823579783342,0.46897121707480177,296.7797981418831,296.3970859999876,296.5732312552858,14.732004027670483
4898457.876316082,2.5,3.617027392145153,0.14502529345880844,0.4586282894330692,296.7797981418831,296.3970859999876,296.5732312552858,14.732004027670483
4898520.0,2.5,3.6113757061376988,0.145275259351414,0.44999999999999873,296.7797981418831,296.3970859999876,296.5732312552858,14.732004027670483
4898520.002228242,2.5,3.6113755059419015,0.14527526876552793,0.4499996905218456,296.7797981418831,296.3970859999876,296.5732312552858,14.732004027670483
4898520.004456486,2.5,3.6113753057462725,0.14527527817967437,0.44999938104369236,296.7797981418831,296.3970859999876,296.5732312552858,14.732004027670483
4898520.008912971,2.5,3.6113749053555155,0.14527529700806413,0.449998762087386,296.7797981418831,296.3970859999876,296.5732312552858,14.732004027670483
4898520.017825942,2.5,3.6113741045759946,0.1452753346652317,0.4499975241747732,296.7797981418831,296.3970859999876,296.5732312552858,14.732004027670483
4898520.035651883,2.5,3.611372503024955,0.145275409981119,0.44999504834954757,296.7797981418831,296.3970859999876,296.5732312552858,14.732004027670483
4898520.071303766,2.5,3.611369299954836,0.14527556061910232,0.4499900966990964,296.7797981418831,296.3970859999876,296.5732312552858,14.732004027670483
4898520.142607533,2.5,3.611362893942441,0.14527586191990396,0.449980193398194,296.7797981418831,296.3970859999876,296.5732312552858,14.732004027670483
4898520.285215066,2.5,3.6113500824288907,0.1452764646208494,0.4499603867963892,296.7797981418831,296.3970859999876,296.5732312552858,14.732004027670483
4898520.570430132,2.5,3.6113244614452817,0.1452776704201265,0.44992077359277965,296.7797981418831,296.3970859999876,296.5732312552858,14.732004027670483
4898521.140860264,2.5,3.611273227640865,0.14528008360836542,0.4498415471855606,296.7797981418831,296.3970859999876,296.5732312552858,14.732004027670483
4898522.281720527,2.5,3.611170792593524,0.1452849163447049,0.44968309437112236,296.7797981418831,296.3970859999876,296.5732312552858,14.732004027670483
4898524.563441056,2.5,3.6109660520265727,0.14529460726582435,0.44936618874224593,296.7797981418831,296.3970859999876,296.5732312552858,14.732004027670483
4898529.126882112,2.5,3.6105570832484113,0.14531409097405015,0.4487323774844931,296.7797981418831,296.3970859999876,296.5732312552858,14.732004027670483
4898538.253764223,2.5,3.6097411489272098,0.14535346643658506,0.44746475496898735,296.7797981418831,296.3970859999876,296.5732312552858,14.732004027670483
4898556.507528447,2.5,3.6081169214440014,0.14543385427283242,0.4449295099379759,296.7797981418831,296.3970859999876,296.5732312552858,14.732004027670483
4898593.015056893,2.5,3.6048960221172446,0.1456012165325987,0.43985901987595305,296.7797981418831,296.3970859999876,296.5732312552858,14.732004027670483
4898666.030113786,2.5,3.598539852111271,0.14596261737943705,0.42971803975190737,296.7797981418831,296.3970859999876,296.5732312552858,14.732004027670483
4898739.04517068,2.5,3.5922495943703194,0.146360268269328,0.4195770596278617,296.7797981418831,296.3970859999876,296.5732312552858,14.732004027670483
4898880.0,2.5,3.5800664527855885,0.1472339043043024,0.3999999999999982,296.7797981418831,296.3970859999876,296.5732312552858,14.732004027670483
4898880.002127751,2.5,3.5800662667149785,0.1472339185741933,0.39999970447909133,296.7797981418831,296.3970859999876,296.5732312552858,14.732004027670483
4898880.004255501,2.5,3.5800660806442632,0.1472339328441174,0.3999994089581845,296.7797981418831,296.3970859999876,296.5732312552858,14.732004027670483
4898880.008511002,2.5,3.5800657085025307,0.14723396138406555,0.39999881791637076,296.7797981418831,296.3970859999876,296.5732312552858,14.732004027670483
4898880.017022004,2.5,3.580064964217843,0.14723401846436115,0.3999976358327434,296.7797981418831,296.3970859999876,296.5732312552858,14.732004027670483
4898880.034044009,2.5,3.5800634756435676,0.14723413262654966,0.39999527166548865,296.7797981418831,296.3970859999876,296.5732312552858,14.732004027670483
4898880.068088017,2.5,3.580060498475407,0.14723436095731587,0.3999905433309791,296.7797981418831,296.3970859999876,296.5732312552858,14.732004027670483
4898880.136176034,2.5,3.5800545440606464,0.14723481764440569,0.3999810866619601,296.7797981418831,296.3970859999876,296.5732312552858,14.732004027670483
4898880.272352068,2.5,3.5800426349171683,0.14723573112081784,0.3999621733239219,296.7797981418831,296.3970859999876,296.5732312552858,14.732004027670483
4898880.5447041355,2.5,3.580018815372813,0.14723755848259903,0.3999243466478457,296.7797981418831,296.3970859999876,296.5732312552858,14.732004027670483
4898881.089408271,2.5,3.5799711712419353,0.14724121484220046,0.39984869329569334,296.7797981418831,296.3970859999876,296.5732312552858,14.732004027670483
4898882.178816542,2.5,3.579875862710706,0.14724853410725647,0.3996973865913885,296.7797981418831,296.3970859999876,296.5732312552858,14.732004027670483
4898884.357633084,2.5,3.5796851637637435,0.14726319883437233,0.3993947731827788,296.7797981418831,296.3970859999876,296.5732312552858,14.732004027670483
4898888.715266168,2.5,3.579303431866888,0.14729263318565874,0.39878954636555936,296.7797981418831,296.3970859999876,296.5732312552858,14.732004027670483
4898897.430532336,2.5,3.5785385801574643,0.14735192235370928,0.3975790927311206,296.7797981418831,296.3970859999876,296.5732312552858,14.732004027670483
4898914.861064672,2.5,3.5770029068750433,0.1474721896494191,0.395158185462243,296.7797981418831,296.3970859999876,296.5732312552858,14.732004027670483
4898949.722129344,2.5,3.573904287716025,0.14771953815300914,0.39031637092448795,296.7797981418831,296.3970859999876,296.5732312552858,14.732004027670483
4899019.444258687,2.5,3.5675700721010086,0.14824197667577566,0.3806327418489778,296.7797981418831,296.3970859999876,296.5732312552858,14.732004027670483
4899158.888517375,2.5,3.554121093561982,0.14940206810447335,0.3612654836979575,296.7797981418831,296.3970859999876,296.5732312552858,14.732004027670483
4899240.0,2.5,3.5456471168684573,0.15015098699853585,0.3499999999999982,296.7797981418831,296.3970859999876,296.5732312552858,14.732004027670483
4899240.001983441,2.5,3.5456469026640236,0.15015100600456682,0.349999724522081,296.7797981418831,296.3970859999876,296.5732312552858,14.732004027670483
4899240.003966882,2.5,3.545646688459227,0.15015102501063213,0.3499994490441638,296.7797981418831,296.3970859999876,296.5732312552858,14.732004027670483
4899240.007933764,2.5,3.5456462600485494,0.15015106302286582,0.3499988980883295,296.7797981418831,296.3970859999876,296.5732312552858,14.732004027670483
4899240.015867528,2.5,3.545645403222879,0.1501511390477456,0.34999779617666094,296.7797981418831,296.3970859999876,296.5732312552858,14.732004027670483
4899240.031735056,2.5,3.545643689554225,0.15015129109915487,0.3499955923533238,296.7797981418831,296.3970859999876,296.5732312552858,14.732004027670483
4899240.063470112,2.5,3.545640262147698,0.15015159520857238,0.34999118470664936,296.7797981418831,296.3970859999876,296.5732312552858,14.732004027670483
4899240.126940224,2.5,3.5456334070577475,0.15015220345380345,0.3499823694133006,296.7797981418831,296.3970859999876,296.5732312552858,14.732004027670483
4899240.253880449,2.5,3.5456196957700903,0.15015342004985482,0.34996473882660306,296.7797981418831,296.3970859999876,296.5732312552858,14.732004027670483
4899240.507760897,2.5,3.545592268762592,0.15015585366434817,0.349929477653208,296.7797981418831,296.3970859999876,296.5732312552858,14.732004027670483
4899241.015521794,2.5,3.545537397009256,0.15016072258317464,0.34985895530641786,296.7797981418831,296.3970859999876,296.5732312552858,14.732004027670483
4899242.031043587,2.5,3.5454275824730503,0.15017046718240387,0.3497179106128376,296.7797981418831,296.3970859999876,296.5732312552858,14.732004027670483
4899244.062087175,2.5,3.5452076686745246,0.15018998344492676,0.34943582122567707,296.7797981418831,296.3970859999876,296.5732312552858,14.732004027670483
4899248.12417435,2.5,3.544766697340248,0.15022912436865707,0.348871642451356,296.7797981418831,296.3970859999876,296.5732312552858,14.732004027670483
4899256.248348701,2.5,3.543880141565353,0.15030784095594021,0.34774328490271383,296.7797981418831,296.3970859999876,296.5732312552858,14.732004027670483
4899272.496697401,2.5,3.5420882808742573,0.1504670223418694,0.34548656980542947,296.7797981418831,296.3970859999876,296.5732312552858,14.732004027670483
4899304.993394801,2.5,3.5384273411218254,0.15079245346251885,0.34097313961086073,296.7797981418831,296.3970859999876,296.5732312552858,14.732004027670483
4899369.986789604,2.5,3.530781756861671,0.15147221772280337,0.33194627922172343,296.7797981418831,296.3970859999876,296.5732312552858,14.732004027670483
4899499.973579207,2.5,3.5141412777631746,0.15295280494998503,0.31389255844344877,296.7797981418831,296.3970859999876,296.5732312552858,14.732004027670483
4899600.0,2.5,3.500182247307018,0.15420918048260596,0.2999999999999986,296.7797981418831,296.3970859999876,296.5732312552858,14.732004027670483
4903200.0,0.0,3.5618659194845104,0.0,0.2999999999999986,297.95000081174874,297.95000000001755,297.9500000180682,1.508557179477066e-06
4903200.001093165,0.0,3.561867361001881,0.0,0.2999999999999986,297.95000081174874,297.95000000001755,297.9500000180682,1.508557179477066e-06
4903200.002186329,0.0,3.5618688019892835,0.0,0.2999999999999986,297.95000081174874,297.95000000001755,297.9500000180682,1.508557179477066e-06
4903200.004372659,0.0,3.5618716826739076,0.0,0.2999999999999986,297.95000081174874,297.95000000001755,297.9500000180682,1.508557179477066e-06
4903200.008745318,0.0,3.5618774375915847,0.0,0.2999999999999986,297.95000081174874,297.95000000001755,297.9500000180682,1.508557179477066e-06
4903200.017490637,0.0,3.561888922987818,0.0,0.2999999999999986,297.95000081174874,297.95000000001755,297.9500000180682,1.508557179477066e-06
4903200.034981272,0.0,3.5619117938619085,0.0,0.2999999999999986,297.95000081174874,297.95000000001755,297.9500000180682,1.508557179477066e-06
4903200.069962544,0.0,3.5619571438044058,0.0,0.2999999999999986,297.95000081174874,297.95000000001755,297.9500000180682,1.508557179477066e-06
4903200.139925089,0.0,3.5620463307808015,0.0,0.2999999999999986,297.95000081174874,297.95000000001755,297.9500000180682,1.508557179477066e-06
4903200.2798501775,0.0,3.562219069341655,0.0,0.2999999999999986,297.95000081174874,297.95000000001755,297.9500000180682,1.508557179477066e-06
4903200.419775266,0.0,3.562384795338365,0.0,0.2999999999999986,297.95000081174874,297.95000000001755,297.9500000180682,1.508557179477066e-06
4903200.559700355,0.0,3.5625441483593105,0.0,0.2999999999999986,297.95000081174874,297.95000000001755,297.9500000180682,1.508557179477066e-06
4903200.699625444,0.0,3.5626977146255516,0.0,0.2999999999999986,297.95000081174874,297.95000000001755,297.9500000180682,1.508557179477066e-06
4903200.979475622,0.0,3.5629893030181843,0.0,0.2999999999999986,297.95000081174874,297.95000000001755,297.9500000180682,1.508557179477066e-06
4903201.2593257995,0.0,3.5632631728210904,0.0,0.2999999999999986,297.95000081174874,297.95000000001755,297.9500000180682,1.508557179477066e-06
4903201.582664457,0.0,3.563561172984849,0.0,0.2999999999999986,297.95000081174874,297.95000000001755,297.9500000180682,1.508557179477066e-06
4903201.906003116,0.0,3.5638425637339357,0.0,0.2999999999999986,297.95000081174874,297.95000000001755,297.9500000180682,1.508557179477066e-06
4903202.229341773,0.0,3.564109801612158,0.0,0.2999999999999986,297.95000081174874,297.95000000001755,297.9500000180682,1.508557179477066e-06
4903202.552680431,0.0,3.5643647495694757,0.0,0.2999999999999986,297.95000081174874,297.95000000001755,297.9500000180682,1.508557179477066e-06
4903202.8760190895,0.0,3.564608874303557,0.0,0.2999999999999986,297.95000081174874,297.95000000001755,297.9500000180682,1.508557179477066e-06
4903203.199357747,0.0,3.564843390927157,0.0,0.2999999999999986,297.95000081174874,297.95000000001755,297.9500000180682,1.508557179477066e-06
4903203.522696406,0.0,3.5650692594021827,0.0,0.2999999999999986,297.95000081174874,297.95000000001755,297.9500000180682,1.508557179477066e-06
4903204.169373722,0.0,3.565498203904113,0.0,0.2999999999999986,297.95000081174874,297.95000000001755,297.9500000180682,1.508557179477066e-06
4903204.816051037,0.0,3.5659006451940445,0.0,0.2999999999999986,297.95000081174874,297.95000000001755,297.9500000180682,1.508557179477066e-06
4903205.64407645,0.0,3.5663827367290413,0.0,0.2999999999999986,297.95000081174874,297.95000000001755,297.9500000180682,1.508557179477066e-06
4903206.389299321,0.0,3.5667895372717915,0.0,0.2999999999999986,297.95000081174874,297.95000000001755,297.9500000180682,1.508557179477066e-06
4903207.134522193,0.0,3.5671740328826487,0.0,0.2999999999999986,297.95000081174874,297.95000000001755,297.9500000180682,1.508557179477066e-06
4903207.879745064,0.0,3.5675388896989055,0.0,0.2999999999999986,297.95000081174874,297.95000000001755,297.9500000180682,1.508557179477066e-06
4903208.6249679355,0.0,3.5678861285054384,0.0,0.2999999999999986,297.95000081174874,297.95000000001755,297.9500000180682,1.508557179477066e-06
4903209.370190807,0.0,3.5682174711852013,0.0,0.2999999999999986,297.95000081174874,297.95000000001755,297.9500000180682,1.508557179477066e-06
4903210.115413678,0.0,3.5685343468061923,0.0,0.2999999999999986,297.95000081174874,297.95000000001755,297.9500000180682,1.508557179477066e-06
4903211.605859421,0.0,3.5691297433077067,0.0,0.2999999999999986,297.95000081174874,297.95000000001755,297.9500000180682,1.508557179477066e-06
4903212.947260589,0.0,3.5696271826825985,0.0,0.2999999999999986,297.95000081174874,297.95000000001755,297.9500000180682,1.508557179477066e-06
4903214.2886617575,0.0,3.570093048427743,0.0,0.2999999999999986,297.95000081174874,297.95000000001755,297.9500000180682,1.508557179477066e-06
4903215.630062927,0.0,3.570531246273375,0.0,0.2999999999999986,297.95000081174874,297.95000000001755,297.9500000180682,1.508557179477066e-06
4903216.971464095,0.0,3.570945055683401,0.0,0.2999999999999986,297.95000081174874,297.95000000001755,297.9500000180682,1.508557179477066e-06
4903219.654266431,0.0,3.5717100230097865,0.0,0.2999999999999986,297.95000081174874,297.95000000001755,297.9500000180682,1.508557179477066e-06
4903222.337068768,0.0,3.5724048026109294,0.0,0.2999999999999986,297.95000081174874,297.95000000001755,297.9500000180682,1.508557179477066e-06
4903225.019871105,0.0,3.5730415395152586,0.0,0.2999999999999986,297.95000081174874,297.95000000001755,297.9500000180682,1.508557179477066e-06
4903227.702673442,0.0,3.5736295206077657,0.0,0.2999999999999986,297.95000081174874,297.95000000001755,297.9500000180682,1.508557179477066e-06
4903230.385475779,0.0,3.5741760732173367,0.0,0.2999999999999986,297.95000081174874,297.95000000001755,297.9500000180682,1.508557179477066e-06
4903233.068278116,0.0,3.5746869886364165,0.0,0.2999999999999986,297.95000081174874,297.95000000001755,297.9500000180682,1.508557179477066e-06
4903235.751080452,0.0,3.5751668536294066,0.0,0.2999999999999986,297.95000081174874,297.95000000001755,297.9500000180682,1.508557179477066e-06
4903238.43388279,0.0,3.5756193407040873,0.0,0.2999999999999986,297.95000081174874,297.95000000001755,297.9500000180682,1.508557179477066e-06
4903241.116685126,0.0,3.576047504979432,0.0,0.2999999999999986,297.95000081174874,297.95000000001755,297.9500000180682,1.508557179477066e-06
4903246.4822898,0.0,3.5768405428644576,0.0,0.2999999999999986,297.95000081174874,297.95000000001755,297.9500000180682,1.508557179477066e-06
4903251.847894474,0.0,3.577562640575884,0.0,0.2999999999999986,297.95000081174874,297.95000000001755,297.9500000180682,1.508557179477066e-06
4903256.67693868,0.0,3.5781616415952797,0.0,0.2999999999999986,297.95000081174874,297.95000000001755,297.9500000180682,1.508557179477066e-06
4903261.505982886,0.0,3.5787190620257254,0.0,0.2999999999999986,297.95000081174874,297.95000000001755,297.9500000180682,1.508557179477066e-06
4903266.335027093,0.0,3.579240147748936,0.0,0.2999999999999986,297.95000081174874,297.95000000001755,297.9500000180682,1.508557179477066e-06
4903271.164071299,0.0,3.579729317726479,0.0,0.2999999999999986,297.95000081174874,297.95000000001755,297.9500000180682,1.508557179477066e-06
4903275.993115505,0.0,3.580190218728524,0.0,0.2999999999999986,297.95000081174874,297.95000000001755,297.9500000180682,1.508557179477066e-06
4903280.822159712,0.0,3.580625838592325,0.0,0.2999999999999986,297.95000081174874,297.95000000001755,297.9500000180682,1.508557179477066e-06
4903285.651203918,0.0,3.581038659872955,0.0,0.2999999999999986,297.95000081174874,297.95000000001755,297.9500000180682,1.508557179477066e-06
4903290.480248124,0.0,3.5814308253709783,0.0,0.2999999999999986,297.95000081174874,297.95000000001755,297.9500000180682,1.508557179477066e-06
4903300.138336537,0.0,3.58216028868769,0.0,0.2999999999999986,297.95000081174874,297.95000000001755,297.9500000180682,1.508557179477066e-06
4903309.79642495,0.0,3.58282673633643,0.0,0.2999999999999986,297.95000081174874,297.95000000001755,297.9500000180682,1.508557179477066e-06
4903318.488704521,0.0,3.5833804447622755,0.0,0.2999999999999986,297.95000081174874,297.95000000001755,297.9500000180682,1.508557179477066e-06
4903327.180984093,0.0,3.5838960220074014,0.0,0.2999999999999986,297.95000081174874,297.95000000001755,297.9500000180682,1.508557179477066e-06
4903335.873263665,0.0,3.5843779355153274,0.0,0.2999999999999986,297.95000081174874,297.95000000001755,297.9500000180682,1.508557179477066e-06
4903344.565543235,0.0,3.5848300008748946,0.0,0.2999999999999986,297.95000081174874,297.95000000001755,297.9500000180682,1.508557179477066e-06
4903353.257822807,0.0,3.585255432852585,0.0,0.2999999999999986,297.95000081174874,297.95000000001755,297.9500000180682,1.508557179477066e-06
4903361.950102379,0.0,3.585656927000396,0.0,0.2999999999999986,297.95000081174874,297.95000000001755,297.9500000180682,1.508557179477066e-06
4903379.334661521,0.0,3.586396943894836,0.0,0.2999999999999986,297.95000081174874,297.95000000001755,297.9500000180682,1.508557179477066e-06
4903396.719220664,0.0,3.587064855416142,0.0,0.2999999999999986,297.95000081174874,297.95000000001755,297.9500000180682,1.508557179477066e-06
4903414.103779807,0.0,3.5876720994445632,0.0,0.2999999999999986,297.95000081174874,297.95000000001755,297.9500000180682,1.508557179477066e-06
4903431.48833895,0.0,3.588227609744658,0.0,0.2999999999999986,297.95000081174874,297.95000000001755,297.9500000180682,1.508557179477066e-06
4903448.8728980925,0.0,3.5887383241354827,0.0,0.2999999999999986,297.95000081174874,297.95000000001755,297.9500000180682,1.508557179477066e-06
4903466.257457235,0.0,3.589209752279715,0.0,0.2999999999999986,297.95000081174874,297.95000000001755,297.9500000180682,1.508557179477066e-06
4903483.642016378,0.0,3.589646449556201,0.0,0.2999999999999986,297.95000081174874,297.95000000001755,297.9500000180682,1.508557179477066e-06
4903501.026575521,0.0,3.59005223988921,0.0,0.2999999999999986,297.95000081174874,297.95000000001755,297.9500000180682,1.508557179477066e-06
4903518.411134664,0.0,3.5904303087846023,0.0,0.2999999999999986,297.95000081174874,297.95000000001755,297.9500000180682,1.508557179477066e-06
4903535.795693806,0.0,3.590783322542785,0.0,0.2999999999999986,297.95000081174874,297.95000000001755,297.9500000180682,1.508557179477066e-06
4903553.18025295,0.0,3.5911135672028838,0.0,0.2999999999999986,297.95000081174874,297.95000000001755,297.9500000180682,1.508557179477066e-06
4903560.0,0.0,3.59123734613599,0.0,0.2999999999999986,297.95000081174874,297.95000000001755,297.9500000180682,1.508557179477066e-06
4903560.01143966,0.0,3.5912375511409373,0.0,0.2999999999999986,297.95000081174874,297.95000000001755,297.9500000180682,1.508557179477066e-06
4903560.022879319,0.0,3.5912377561372053,0.0,0.2999999999999986,297.95000081174874,297.95000000001755,297.9500000180682,1.508557179477066e-06
4903560.0457586385,0.0,3.5912381661087083,0.0,0.2999999999999986,297.95000081174874,297.95000000001755,297.9500000180682,1.508557179477066e-06
4903560.091517278,0.0,3.5912389859457714,0.0,0.2999999999999986,297.95000081174874,297.95000000001755,297.9500000180682,1.508557179477066e-06
4903560.183034555,0.0,3.591240625216815,0.0,0.2999999999999986,297.95000081174874,297.95000000001755,297.9500000180682,1.508557179477066e-06
4903560.36606911,0.0,3.5912439020959157,0.0,0.2999999999999986,297.95000081174874,297.95000000001755,297.9500000180682,1.508557179477066e-06
4903560.732138221,0.0,3.591250449217514,0.0,0.2999999999999986,297.95000081174874,297.95000000001755,297.9500000180682,1.508557179477066e-06
4903561.464276441,0.0,3.591263516937903,0.0,0.2999999999999986,297.95000081174874,297.95000000001755,297.9500000180682,1.508557179477066e-06
4903562.928552883,0.0,3.5912895468238957,0.0,0.2999999999999986,297.95000081174874,297.95000000001755,297.9500000180682,1.508557179477066e-06
4903565.8571057655,0.0,3.591341188593311,0.0,0.2999999999999986,297.95000081174874,297.95000000001755,297.9500000180682,1.508557179477066e-06
4903571.714211532,0.0,3.5914428331671706,0.0,0.2999999999999986,297.95000081174874,297.95000000001755,297.9500000180682,1.508557179477066e-06
4903583.428423063,0.0,3.5916398162312593,0.0,0.2999999999999986,297.95000081174874,297.95000000001755,297.9500000180682,1.508557179477066e-06
4903595.142634595,0.0,3.5918286973663296,0.0,0.2999999999999986,297.95000081174874,297.95000000001755,297.9500000180682,1.508557179477066e-06
4903606.856846127,0.0,3.592009884429159,0.0,0.2999999999999986,297.95000081174874,297.95000000001755,297.9500000180682,1.508557179477066e-06
4903618.571057659,0.0,3.5921837707365585,0.0,0.2999999999999986,297.95000081174874,297.95000000001755,297.9500000180682,1.508557179477066e-06
4903641.999480722,0.0,3.5925109503258503,0.0,0.2999999999999986,297.95000081174874,297.95000000001755,297.9500000180682,1.508557179477066e-06
4903665.427903785,0.0,3.592812947845308,0.0,0.2999999999999986,297.95000081174874,297.95000000001755,297.9500000180682,1.508557179477066e-06
4903688.856326848,0.0,3.593092268880621,0.0,0.2999999999999986,297.95000081174874,297.95000000001755,297.9500000180682,1.508557179477066e-06
4903712.284749912,0.0,3.593351000185246,0.0,0.2999999999999986,297.95000081174874,297.95000000001755,297.9500000180682,1.508557179477066e-06
4903735.713172975,0.0,3.593590854888327,0.0,0.2999999999999986,297.95000081174874,297.95000000001755,297.9500000180682,1.508557179477066e-06
4903759.141596039,0.0,3.59381329703314,0.0,0.2999999999999986,297.95000081174874,297.95000000001755,297.9500000180682,1.508557179477066e-06
4903782.570019102,0.0,3.594019710078828,0.0,0.2999999999999986,297.95000081174874,297.95000000001755,297.9500000180682,1.508557179477066e-06
4903805.998442166,0.0,3.5942114462240693,0.0,0.2999999999999986,297.95000081174874,297.95000000001755,297.9500000180682,1.508557179477066e-06
4903852.855288291,0.0,3.5945553943796273,0.0,0.2999999999999986,297.95000081174874,297.95000000001755,297.9500000180682,1.508557179477066e-06
4903895.026449806,0.0,3.5948253625443183,0.0,0.2999999999999986,297.95000081174874,297.95000000001755,297.9500000180682,1.508557179477066e-06
4903920.0,0.0,3.5949696509428266,0.0,0.2999999999999986,297.95000081174874,297.95000000001755,297.9500000180682,1.508557179477066e-06
4903920.030061283,0.0,3.594969818077602,0.0,0.2999999999999986,297.95000081174874,297.95000000001755,297.9500000180682,1.508557179477066e-06
4903920.060122567,0.0,3.5949699851971357,0.0,0.2999999999999986,297.95000081174874,297.95000000001755,297.9500000180682,1.508557179477066e-06
4903920.1202451335,0.0,3.594970319399207,0.0,0.2999999999999986,297.95000081174874,297.95000000001755,297.9500000180682,1.508557179477066e-06
4903920.240490267,0.0,3.594970987617239,0.0,0.2999999999999986,297.95000081174874,297.95000000001755,297.9500000180682,1.508557179477066e-06
4903920.480980535,0.0,3.594972323345221,0.0,0.2999999999999986,297.95000081174874,297.95000000001755,297.9500000180682,1.508557179477066e-06
4903920.96196107,0.0,3.594974991881569,0.0,0.2999999999999986,297.95000081174874,297.95000000001755,297.9500000180682,1.508557179477066e-06
4903921.92392214,0.0,3.594980317312663,0.0,0.2999999999999986,297.95000081174874,297.95000000001755,297.9500000180682,1.508557179477066e-06
4903923.847844279,0.0,3.5949909217298934,0.0,0.2999999999999986,297.95000081174874,297.95000000001755,297.9500000180682,1.508557179477066e-06
4903927.69568856,0.0,3.5950119463565238,0.0,0.2999999999999986,297.95000081174874,297.95000000001755,297.9500000180682,1.508557179477066e-06
4903935.391377118,0.0,3.5950532711030805,0.0,0.2999999999999986,297.95000081174874,297.95000000001755,297.9500000180682,1.508557179477066e-06
4903950.782754237,0.0,3.5951331181109576,0.0,0.2999999999999986,297.95000081174874,297.95000000001755,297.9500000180682,1.508557179477066e-06
4903966.174131355,0.0,3.5952093482196865,0.0,0.2999999999999986,297.95000081174874,297.95000000001755,297.9500000180682,1.508557179477066e-06
4903981.565508474,0.0,3.5952821234264034,0.0,0.2999999999999986,297.95000081174874,297.95000000001755,297.9500000180682,1.508557179477066e-06
4903996.956885592,0.0,3.595351603503672,0.0,0.2999999999999986,297.95000081174874,297.95000000001755,297.9500000180682,1.508557179477066e-06
4904027.73963983,0.0,3.595481228297968,0.0,0.2999999999999986,297.95000081174874,297.95000000001755,297.9500000180682,1.508557179477066e-06
4904058.522394067,0.0,3.595599375001134,0.0,0.2999999999999986,297.95000081174874,297.95000000001755,297.9500000180682,1.508557179477066e-06
4904089.3051483035,0.0,3.595707148425846,0.0,0.2999999999999986,297.95000081174874,297.95000000001755,297.9500000180682,1.508557179477066e-06
4904129.990200057,0.0,3.5958352124083777,0.0,0.2999999999999986,297.95000081174874,297.95000000001755,297.9500000180682,1.508557179477066e-06
4904170.675251811,0.0,3.5959486470728956,0.0,0.2999999999999986,297.95000081174874,297.95000000001755,297.9500000180682,1.508557179477066e-06
4904211.360303565,0.0,3.596049162298998,0.0,0.2999999999999986,297.95000081174874,297.95000000001755,297.9500000180682,1.508557179477066e-06
4904252.045355318,0.0,3.5961382535914743,0.0,0.2999999999999986,297.95000081174874,297.95000000001755,297.9500000180682,1.508557179477066e-06
4904280.0,0.0,3.596193572721319,0.0,0.2999999999999986,297.95000081174874,297.95000000001755,297.9500000180682,1.508557179477066e-06
4904280.0863,0.0,3.596193736591814,0.0,0.2999999999999986,297.95000081174874,297.95000000001755,297.9500000180682,1.508557179477066e-06
4904280.172599999,0.0,3.596193900420459,0.0,0.2999999999999986,297.95000081174874,297.95000000001755,297.9500000180682,1.508557179477066e-06
4904280.345199998,0.0,3.5961942279761727,0.0,0.2999999999999986,297.95000081174874,297.95000000001755,297.9500000180682,1.508557179477066e-06
4904280.690399996,0.0,3.5961948825770755,0.0,0.2999999999999986,297.95000081174874,297.95000000001755,297.9500000180682,1.508557179477066e-06
4904281.380799991,0.0,3.5961961898383734,0.0,0.2999999999999986,297.95000081174874,297.95000000001755,297.9500000180682,1.508557179477066e-06
4904282.761599983,0.0,3.5961987963738102,0.0,0.2999999999999986,297.95000081174874,297.95000000001755,297.9500000180682,1.508557179477066e-06
4904285.523199966,0.0,3.596203977710484,0.0,0.2999999999999986,297.95000081174874,297.95000000001755,297.9500000180682,1.508557179477066e-06
4904291.046399931,0.0,3.5962142146744975,0.0,0.2999999999999986,297.95000081174874,297.95000000001755,297.9500000180682,1.508557179477066e-06
4904302.092799863,0.0,3.5962341970154514,0.0,0.2999999999999986,297.95000081174874,297.95000000001755,297.9500000180682,1.508557179477066e-06
4904324.185599726,0.0,3.5962722813876975,0.0,0.2999999999999986,297.95000081174874,297.95000000001755,297.9500000180682,1.508557179477066e-06
4904346.278399589,0.0,3.596307966156167,0.0,0.2999999999999986,297.95000081174874,297.95000000001755,297.9500000180682,1.508557179477066e-06
4904368.371199451,0.0,3.596341395390333,0.0,0.2999999999999986,297.95000081174874,297.95000000001755,297.9500000180682,1.508557179477066e-06
4904390.463999314,0.0,3.5963727095759666,0.0,0.2999999999999986,297.95000081174874,297.95000000001755,297.9500000180682,1.508557179477066e-06
4904434.649599041,0.0,3.5964294679827673,0.0,0.2999999999999986,297.95000081174874,297.95000000001755,297.9500000180682,1.508557179477066e-06
4904478.835198767,0.0,3.596479227691044,0.0,0.2999999999999986,297.95000081174874,297.95000000001755,297.9500000180682,1.508557179477066e-06
4904523.020798492,0.0,3.596522909690867,0.0,0.2999999999999986,297.95000081174874,297.95000000001755,297.9500000180682,1.508557179477066e-06
4904567.206398218,0.0,3.596561288181066,0.0,0.2999999999999986,297.95000081174874,297.95000000001755,297.9500000180682,1.508557179477066e-06
4904611.391997944,0.0,3.596594996589815,0.0,0.2999999999999986,297.95000081174874,297.95000000001755,297.9500000180682,1.508557179477066e-06
4904640.0,0.0,3.5966145738147848,0.0,0.2999999999999986,297.95000081174874,297.95000000001755,297.9500000180682,1.508557179477066e-06
4904640.250101226,0.0,3.596614737572308,0.0,0.2999999999999986,297.95000081174874,297.95000000001755,297.9500000180682,1.508557179477066e-06
4904640.500202454,0.0,3.5966149012090405,0.0,0.2999999999999986,297.95000081174874,297.95000000001755,297.9500000180682,1.508557179477066e-06
4904641.000404907,0.0,3.59661522818943,0.0,0.2999999999999986,297.95000081174874,297.95000000001755,297.9500000180682,1.508557179477066e-06
4904642.000809814,0.0,3.596615880678747,0.0,0.2999999999999986,297.95000081174874,297.95000000001755,297.9500000180682,1.508557179477066e-06
4904644.001619629,0.0,3.5966171800829967,0.0,0.2999999999999986,297.95000081174874,297.95000000001755,297.9500000180682,1.508557179477066e-06
4904648.003239256,0.0,3.596619756061523,0.0,0.2999999999999986,297.95000081174874,297.95000000001755,297.9500000180682,1.508557179477066e-06
4904656.006478513,0.0,3.5966248182715184,0.0,0.2999999999999986,297.95000081174874,297.95000000001755,297.9500000180682,1.508557179477066e-06
4904672.012957025,0.0,3.5966345945512495,0.0,0.2999999999999986,297.95000081174874,297.95000000001755,297.9500000180682,1.508557179477066e-06
4904704.025914051,0.0,3.596652840691732,0.0,0.2999999999999986,297.95000081174874,297.95000000001755,297.9500000180682,1.508557179477066e-06
4904736.038871077,0.0,3.5966694504165697,0.0,0.2999999999999986,297.95000081174874,297.95000000001755,297.9500000180682,1.508557179477066e-06
4904768.051828102,0.0,3.5966845627905344,0.0,0.2999999999999986,297.95000081174874,297.95000000001755,297.9500000180682,1.508557179477066e-06
4904800.0647851275,0.0,3.5966983101600345,0.0,0.2999999999999986,297.95000081174874,297.95000000001755,297.9500000180682,1.508557179477066e-06
4904864.090699179,0.0,3.5967221407831556,0.0,0.2999999999999986,297.95000081174874,297.95000000001755,297.9500000180682,1.508557179477066e-06
4904928.11661323,0.0,3.5967418214194726,0.0,0.2999999999999986,297.95000081174874,297.95000000001755,297.9500000180682,1.508557179477066e-06
4905000.0,0.0,3.596759887291055,0.0,0.2999999999999986,297.95000081174874,297.95000000001755,297.9500000180682,1.508557179477066e-06
4905000.724838106,0.0,3.596760051033731,0.0,0.2999999999999986,297.95000081174874,297.95000000001755,297.9500000180682,1.508557179477066e-06
4905001.449676212,0.0,3.596760214426879,0.0,0.2999999999999986,297.95000081174874,297.95000000001755,297.9500000180682,1.508557179477066e-06
4905002.899352424,0.0,3.596760540366501,0.0,0.2999999999999986,297.95000081174874,297.95000000001755,297.9500000180682,1.508557179477066e-06
4905005.798704847,0.0,3.596761188005624,0.0,0.2999999999999986,297.95000081174874,297.95000000001755,297.9500000180682,1.508557179477066e-06
4905011.5974096935,0.0,3.5967624673763097,0.0,0.2999999999999986,297.95000081174874,297.95000000001755,297.9500000180682,1.508557179477066e-06
4905023.194819388,0.0,3.596764961894644,0.0,0.2999999999999986,297.95000081174874,297.95000000001755,297.9500000180682,1.508557179477066e-06
4905046.389638775,0.0,3.5967697060202872,0.0,0.2999999999999986,297.95000081174874,297.95000000001755,297.9500000180682,1.508557179477066e-06
4905092.77927755,0.0,3.5967782985194385,0.0,0.2999999999999986,297.95000081174874,297.95000000001755,297.9500000180682,1.508557179477066e-06
4905139.168916326,0.0,3.5967857989969207,0.0,0.2999999999999986,297.95000081174874,297.95000000001755,297.9500000180682,1.508557179477066e-06
4905185.558555101,0.0,3.5967923385781972,0.0,0.2999999999999986,297.95000081174874,297.95000000001755,297.9500000180682,1.508557179477066e-06
4905231.948193876,0.0,3.5967980376818005,0.0,0.2999999999999986,297.95000081174874,297.95000000001755,297.9500000180682,1.508557179477066e-06
4905324.727471427,0.0,3.5968072848654717,0.0,0.2999999999999986,297.95000081174874,297.95000000001755,297.9500000180682,1.508557179477066e-06
4905360.0,0.0,3.5968101772378382,0.0,0.2999999999999986,297.95000081174874,297.95000000001755,297.9500000180682,1.508557179477066e-06
4905361.440000537,0.0,3.5968102890335896,0.0,0.2999999999999986,297.95000081174874,297.95000000001755,297.9500000180682,1.508557179477066e-06
4905362.880001073,0.0,3.5968104003562154,0.0,0.2999999999999986,297.95000081174874,297.95000000001755,297.9500000180682,1.508557179477066e-06
4905365.760002146,0.0,3.5968106218582125,0.0,0.2999999999999986,297.95000081174874,297.95000000001755,297.9500000180682,1.508557179477066e-06
4905371.520004292,0.0,3.5968110591581475,0.0,0.2999999999999986,297.95000081174874,297.95000000001755,297.9500000180682,1.508557179477066e-06
4905383.040008583,0.0,3.5968119126684464,0.0,0.2999999999999986,297.95000081174874,297.95000000001755,297.9500000180682,1.508557179477066e-06
4905406.080017166,0.0,3.596813536326687,0.0,0.2999999999999986,297.95000081174874,297.95000000001755,297.9500000180682,1.508557179477066e-06
4905452.160034333,0.0,3.5968164795228272,0.0,0.2999999999999986,297.95000081174874,297.95000000001755,297.9500000180682,1.508557179477066e-06
4905498.2400515,0.0,3.5968190511341684,0.0,0.2999999999999986,297.95000081174874,297.95000000001755,297.9500000180682,1.508557179477066e-06
4905590.400085833,0.0,3.596823300025097,0.0,0.2999999999999986,297.95000081174874,297.95000000001755,297.9500000180682,1.508557179477066e-06
4905682.560120166,0.0,3.596826539503139,0.0,0.2999999999999986,297.95000081174874,297.95000000001755,297.9500000180682,1.508557179477066e-06
4905720.0,0.0,3.5968276001285364,0.0,0.2999999999999986,297.95000081174874,297.95000000001755,297.9500000180682,1.508557179477066e-06
4905721.0800005365,0.0,3.596827628704636,0.0,0.2999999999999986,297.95000081174874,297.95000000001755,297.9500000180682,1.508557179477066e-06
4905722.160001073,0.0,3.5968276571899356,0.0,0.2999999999999986,297.95000081174874,297.95000000001755,297.9500000180682,1.508557179477066e-06
4905724.320002146,0.0,3.596827713940849,0.0,0.2999999999999986,297.95000081174874,297.95000000001755,297.9500000180682,1.508557179477066e-06
4905728.640004291,0.0,3.5968278263445708,0.0,0.2999999999999986,297.95000081174874,297.95000000001755,297.9500000180682,1.508557179477066e-06
4905737.280008583,0.0,3.596828047062049,0.0,0.2999999999999986,297.95000081174874,297.95000000001755,297.9500000180682,1.508557179477066e-06
4905754.560017167,0.0,3.5968284721583803,0.0,0.2999999999999986,297.95000081174874,297.95000000001755,297.9500000180682,1.508557179477066e-06
4905789.120034333,0.0,3.5968292614139106,0.0,0.2999999999999986,297.95000081174874,297.95000000001755,297.9500000180682,1.508557179477066e-06
4905858.240068667,0.0,3.596830626238802,0.0,0.2999999999999986,297.95000081174874,297.95000000001755,297.9500000180682,1.508557179477066e-06
4905927.360103,0.0,3.596831741122463,0.0,0.2999999999999986,297.95000081174874,297.95000000001755,297.9500000180682,1.508557179477066e-06
4906065.600171667,0.0,3.5968334285740493,0.0,0.2999999999999986,297.95000081174874,297.95000000001755,297.9500000180682,1.508557179477066e-06
4906080.0,0.0,3.5968335618180376,0.0,0.2999999999999986,297.95000081174874,297.95000000001755,297.9500000180682,1.508557179477066e-06
4906080.720000536,0.0,3.5968335682468453,0.0,0.2999999999999986,297.95000081174874,297.95000000001755,297.9500000180682,1.508557179477066e-06
4906081.440001073,0.0,3.596833574662023,0.0,0.2999999999999986,297.95000081174874,297.95000000001755,297.9500000180682,1.508557179477066e-06
4906082.880002146,0.0,3.596833587459349,0.0,0.2999999999999986,297.95000081174874,297.95000000001755,297.9500000180682,1.508557179477066e-06
4906085.760004291,0.0,3.5968336128886165,0.0,0.2999999999999986,297.95000081174874,297.95000000001755,297.9500000180682,1.508557179477066e-06
4906091.520008584,0.0,3.596833663126601,0.0,0.2999999999999986,297.95000081174874,297.95000000001755,297.9500000180682,1.508557179477066e-06
4906103.040017166,0.0,3.596833761096919,0.0,0.2999999999999986,297.95000081174874,297.95000000001755,297.9500000180682,1.508557179477066e-06
4906126.080034333,0.0,3.5968339474794764,0.0,0.2999999999999986,297.95000081174874,297.95000000001755,297.9500000180682,1.508557179477066e-06
4906172.160068667,0.0,3.596834285266132,0.0,0.2999999999999986,297.95000081174874,297.95000000001755,297.9500000180682,1.508557179477066e-06
4906264.320137333,0.0,3.5968348433645225,0.0,0.2999999999999986,297.95000081174874,297.95000000001755,297.9500000180682,1.508557179477066e-06
4906440.0,0.0,3.5968355899695426,0.0,0.2999999999999986,297.95000081174874,297.95000000001755,297.9500000180682,1.508557179477066e-06
4906440.360000537,0.0,3.596835591034648,0.0,0.2999999999999986,297.95000081174874,297.95000000001755,297.9500000180682,1.508557179477066e-06
4906440.720001073,0.0,3.5968355920986235,0.0,0.2999999999999986,297.95000081174874,297.95000000001755,297.9500000180682,1.508557179477066e-06
4906441.440002146,0.0,3.596835594223832,0.0,0.2999999999999986,297.95000081174874,297.95000000001755,297.9500000180682,1.508557179477066e-06
4906442.880004291,0.0,3.596835598460489,0.0,0.2999999999999986,297.95000081174874,297.95000000001755,297.9500000180682,1.508557179477066e-06
4906445.760008583,0.0,3.596835606881806,0.0,0.2999999999999986,297.95000081174874,297.95000000001755,297.9500000180682,1.508557179477066e-06
4906451.520017167,0.0,3.5968356235121655,0.0,0.2999999999999986,297.95000081174874,297.95000000001755,297.9500000180682,1.508557179477066e-06
4906463.040034333,0.0,3.59683565594432,0.0,0.2999999999999986,297.95000081174874,297.95000000001755,297.9500000180682,1.508557179477066e-06
4906486.0800686665,0.0,3.5968357176388843,0.0,0.2999999999999986,297.95000081174874,297.95000000001755,297.9500000180682,1.508557179477066e-06
4906532.160137333,0.0,3.5968358294492053,0.0,0.2999999999999986,297.95000081174874,297.95000000001755,297.9500000180682,1.508557179477066e-06
4906624.320274666,0.0,3.596836014179916,0.0,0.2999999999999986,297.95000081174874,297.95000000001755,297.9500000180682,1.508557179477066e-06
4906800.0,0.0,3.5968362613041718,0.0,0.2999999999999986,297.95000081174874,297.95000000001755,297.9500000180682,1.508557179477066e-06
4910400.0,0.0,3.5968362613041718,0.0,0.2999999999999986,299.5029132049012,299.5029139999946,299.5029139999946,2.9103830456733704e-13
4910403.60000059,0.0,3.5968362647961927,0.0,0.2999999999999986,299.5029132049012,299.5029139999946,299.5029139999946,2.9103830456733704e-13
4910407.20000118,0.0,3.596836268251498,0.0,0.2999999999999986,299.5029132049012,299.5029139999946,299.5029139999946,2.9103830456733704e-13
4910414.40000236,0.0,3.596836275074046,0.0,0.2999999999999986,299.5029132049012,299.5029139999946,299.5029139999946,2.9103830456733704e-13
4910428.800004721,0.0,3.596836288284641,0.0,0.2999999999999986,299.5029132049012,299.5029139999946,299.5029139999946,2.9103830456733704e-13
4910457.600009441,0.0,3.59683631316775,0.0,0.2999999999999986,299.5029132049012,299.5029139999946,299.5029139999946,2.9103830456733704e-13
4910515.200018884,0.0,3.596836357213825,0.0,0.2999999999999986,299.5029132049012,299.5029139999946,299.5029139999946,2.9103830456733704e-13
4910630.400037766,0.0,3.5968364268767137,0.0,0.2999999999999986,299.5029132049012,299.5029139999946,299.5029139999946,2.9103830456733704e-13
4910760.0,0.0,3.596836481987792,0.0,0.2999999999999986,299.5029132049012,299.5029139999946,299.5029139999946,2.9103830456733704e-13
4910763.24000059,0.0,3.596836483043527,0.0,0.2999999999999986,299.5029132049012,299.5029139999946,299.5029139999946,2.9103830456733704e-13
4910766.48000118,0.0,3.596836484089265,0.0,0.2999999999999986,299.5029132049012,299.5029139999946,299.5029139999946,2.9103830456733704e-13
4910772.960002361,0.0,3.596836486156717,0.0,0.2999999999999986,299.5029132049012,299.5029139999946,299.5029139999946,2.9103830456733704e-13
4910785.920004721,0.0,3.596836490172912,0.0,0.2999999999999986,299.5029132049012,299.5029139999946,299.5029139999946,2.9103830456733704e-13
4910811.840009442,0.0,3.5968364977820273,0.0,0.2999999999999986,299.5029132049012,299.5029139999946,299.5029139999946,2.9103830456733704e-13
4910863.680018883,0.0,3.5968365114105105,0.0,0.2999999999999986,299.5029132049012,299.5029139999946,299.5029139999946,2.9103830456733704e-13
4910967.360037766,0.0,3.5968365334431085,0.0,0.2999999999999986,299.5029132049012,299.5029139999946,299.5029139999946,2.9103830456733704e-13
4911120.0,0.0,3.596836556188629,0.0,0.2999999999999986,299.5029132049012,299.5029139999946,299.5029139999946,2.9103830456733704e-13
4911122.88000059,0.0,3.5968365565026303,0.0,0.2999999999999986,299.5029132049012,299.5029139999946,299.5029139999946,2.9103830456733704e-13
4911125.76000118,0.0,3.596836556813985,0.0,0.2999999999999986,299.5029132049012,299.5029139999946,299.5029139999946,2.9103830456733704e-13
4911131.52000236,0.0,3.5968365574303327,0.0,0.2999999999999986,299.5029132049012,299.5029139999946,299.5029139999946,2.9103830456733704e-13
4911143.040004721,0.0,3.596836558631507,0.0,0.2999999999999986,299.5029132049012,299.5029139999946,299.5029139999946,2.9103830456733704e-13
4911166.080009442,0.0,3.5968365609206803,0.0,0.2999999999999986,299.5029132049012,299.5029139999946,299.5029139999946,2.9103830456733704e-13
4911212.160018884,0.0,3.5968365650696636,0.0,0.2999999999999986,299.5029132049012,299.5029139999946,299.5029139999946,2.9103830456733704e-13
4911304.320037766,0.0,3.596836571927927,0.0,0.2999999999999986,299.5029132049012,299.5029139999946,299.5029139999946,2.9103830456733704e-13
4911480.0,0.0,3.596836581103714,0.0,0.2999999999999986,299.5029132049012,299.5029139999946,299.5029139999946,2.9103830456733704e-13
4911482.52000059,0.0,3.596836581194811,0.0,0.2999999999999986,299.5029132049012,299.5029139999946,299.5029139999946,2.9103830456733704e-13
4911485.04000118,0.0,3.5968365812852348,0.0,0.2999999999999986,299.5029132049012,299.5029139999946,299.5029139999946,2.9103830456733704e-13
4911490.08000236,0.0,3.5968365814644603,0.0,0.2999999999999986,299.5029132049012,299.5029139999946,299.5029139999946,2.9103830456733704e-13
4911500.160004721,0.0,3.596836581814877,0.0,0.2999999999999986,299.5029132049012,299.5029139999946,299.5029139999946,2.9103830456733704e-13
4911520.320009442,0.0,3.5968365824866524,0.0,0.2999999999999986,299.5029132049012,299.5029139999946,299.5029139999946,2.9103830456733704e-13
4911560.640018883,0.0,3.596836583718847,0.0,0.2999999999999986,299.5029132049012,299.5029139999946,299.5029139999946,2.9103830456733704e-13
4911641.280037766,0.0,3.596836585802105,0.0,0.2999999999999986,299.5029132049012,299.5029139999946,299.5029139999946,2.9103830456733704e-13
4911802.560075533,0.0,3.5968365888254787,0.0,0.2999999999999986,299.5029132049012,299.5029139999946,299.5029139999946,2.9103830456733704e-13
4911840.0,0.0,3.596836589317986,0.0,0.2999999999999986,299.5029132049012,299.5029139999946,299.5029139999946,2.9103830456733704e-13
4911842.16000059,0.0,3.5968365893441145,0.0,0.2999999999999986,299.5029132049012,299.5029139999946,299.5029139999946,2.9103830456733704e-13
4911844.32000118,0.0,3.5968365893700778,0.0,0.2999999999999986,299.5029132049012,299.5029139999946,299.5029139999946,2.9103830456733704e-13
4911848.640002361,0.0,3.596836589421601,0.0,0.2999999999999986,299.5029132049012,299.5029139999946,299.5029139999946,2.9103830456733704e-13
4911857.280004721,0.0,3.596836589522667,0.0,0.2999999999999986,299.5029132049012,299.5029139999946,299.5029139999946,2.9103830456733704e-13
4911874.560009441,0.0,3.596836589717574,0.0,0.2999999999999986,299.5029132049012,299.5029139999946,299.5029139999946,2.9103830456733704e-13
4911909.120018884,0.0,3.596836590079411,0.0,0.2999999999999986,299.5029132049012,299.5029139999946,299.5029139999946,2.9103830456733704e-13
4911978.240037766,0.0,3.5968365907053172,0.0,0.2999999999999986,299.5029132049012,299.5029139999946,299.5029139999946,2.9103830456733704e-13
4912116.480075533,0.0,3.5968365916528064,0.0,0.2999999999999986,299.5029132049012,299.5029139999946,299.5029139999946,2.9103830456733704e-13
4912200.0,0.0,3.5968365920591605,0.0,0.2999999999999986,299.5029132049012,299.5029139999946,299.5029139999946,2.9103830456733704e-13
4912201.80000059,0.0,3.596836592066465,0.0,0.2999999999999986,299.5029132049012,299.5029139999946,299.5029139999946,2.9103830456733704e-13
4912203.600001181,0.0,3.5968365920737373,0.0,0.2999999999999986,299.5029132049012,299.5029139999946,299.5029139999946,2.9103830456733704e-13
4912207.20000236,0.0,3.596836592088188,0.0,0.2999999999999986,299.5029132049012,299.5029139999946,299.5029139999946,2.9103830456733704e-13
4912214.400004721,0.0,3.5968365921166185,0.0,0.2999999999999986,299.5029132049012,299.5029139999946,299.5029139999946,2.9103830456733704e-13
4912228.800009442,0.0,3.5968365921717815,0.0,0.2999999999999986,299.5029132049012,299.5029139999946,299.5029139999946,2.9103830456733704e-13
4912257.600018883,0.0,3.596836592275439,0.0,0.2999999999999986,299.5029132049012,299.5029139999946,299.5029139999946,2.9103830456733704e-13
4912315.200037766,0.0,3.596836592458964,0.0,0.2999999999999986,299.5029132049012,299.5029139999946,299.5029139999946,2.9103830456733704e-13
4912430.4000755325,0.0,3.596836592749034,0.0,0.2999999999999986,299.5029132049012,299.5029139999946,299.5029139999946,2.9103830456733704e-13
4912560.0,0.0,3.596836592977541,0.0,0.2999999999999986,299.5029132049012,299.5029139999946,299.5029139999946,2.9103830456733704e-13
4912561.44000059,0.0,3.596836592979509,0.0,0.2999999999999986,299.5029132049012,299.5029139999946,299.5029139999946,2.9103830456733704e-13
4912562.88000118,0.0,3.5968365929814685,0.0,0.2999999999999986,299.5029132049012,299.5029139999946,299.5029139999946,2.9103830456733704e-13
4912565.760002361,0.0,3.5968365929853676,0.0,0.2999999999999986,299.5029132049012,299.5029139999946,299.5029139999946,2.9103830456733704e-13
4912571.52000472,0.0,3.5968365929930575,0.0,0.2999999999999986,299.5029132049012,299.5029139999946,299.5029139999946,2.9103830456733704e-13
4912583.040009442,0.0,3.59683659300808,0.0,0.2999999999999986,299.5029132049012,299.5029139999946,299.5029139999946,2.9103830456733704e-13
4912606.080018884,0.0,3.596836593036642,0.0,0.2999999999999986,299.5029132049012,299.5029139999946,299.5029139999946,2.9103830456733704e-13
4912652.160037766,0.0,3.5968365930884283,0.0,0.2999999999999986,299.5029132049012,299.5029139999946,299.5029139999946,2.9103830456733704e-13
4912744.320075533,0.0,3.596836593173992,0.0,0.2999999999999986,299.5029132049012,299.5029139999946,299.5029139999946,2.9103830456733704e-13
4912920.0,0.0,3.596836593288458,0.0,0.2999999999999986,299.5029132049012,299.5029139999946,299.5029139999946,2.9103830456733704e-13
4912921.0800005905,0.0,3.5968365932889466,0.0,0.2999999999999986,299.5029132049012,299.5029139999946,299.5029139999946,2.9103830456733704e-13
4912922.16000118,0.0,3.5968365932894333,0.0,0.2999999999999986,299.5029132049012,299.5029139999946,299.5029139999946,2.9103830456733704e-13
4912924.32000236,0.0,3.5968365932904067,0.0,0.2999999999999986,299.5029132049012,299.5029139999946,299.5029139999946,2.9103830456733704e-13
4912928.640004721,0.0,3.596836593292327,0.0,0.2999999999999986,299.5029132049012,299.5029139999946,299.5029139999946,2.9103830456733704e-13
4912937.280009442,0.0,3.5968365932961053,0.0,0.2999999999999986,299.5029132049012,299.5029139999946,299.5029139999946,2.9103830456733704e-13
4912954.560018883,0.0,3.596836593303374,0.0,0.2999999999999986,299.5029132049012,299.5029139999946,299.5029139999946,2.9103830456733704e-13
4912989.120037766,0.0,3.5968365933168815,0.0,0.2999999999999986,299.5029132049012,299.5029139999946,299.5029139999946,2.9103830456733704e-13
4913058.240075533,0.0,3.59683659334023,0.0,0.2999999999999986,299.5029132049012,299.5029139999946,299.5029139999946,2.9103830456733704e-13
4913196.480151066,0.0,3.5968365933755813,0.0,0.2999999999999986,299.5029132049012,299.5029139999946,299.5029139999946,2.9103830456733704e-13
4913280.0,0.0,3.596836593390737,0.0,0.2999999999999986,299.5029132049012,299.5029139999946,299.5029139999946,2.9103830456733704e-13
4913280.72000059,0.0,3.596836593390842,0.0,0.2999999999999986,299.5029132049012,299.5029139999946,299.5029139999946,2.9103830456733704e-13
4913281.44000118,0.0,3.5968365933909556,0.0,0.2999999999999986,299.5029132049012,299.5029139999946,299.5029139999946,2.9103830456733704e-13
4913282.880002361,0.0,3.596836593391169,0.0,0.2999999999999986,299.5029132049012,299.5029139999946,299.5029139999946,2.9103830456733704e-13
4913285.760004721,0.0,3.596836593391604,0.0,0.2999999999999986,299.5029132049012,299.5029139999946,299.5029139999946,2.9103830456733704e-13
4913291.520009441,0.0,3.5968365933924584,0.0,0.2999999999999986,299.5029132049012,299.5029139999946,299.5029139999946,2.9103830456733704e-13
4913303.0400188835,0.0,3.5968365933941264,0.0,0.2999999999999986,299.5029132049012,299.5029139999946,299.5029139999946,2.9103830456733704e-13
4913326.080037766,0.0,3.596836593397297,0.0,0.2999999999999986,299.5029132049012,299.5029139999946,299.5029139999946,2.9103830456733704e-13
4913372.160075533,0.0,3.5968365934030437,0.0,0.2999999999999986,299.5029132049012,299.5029139999946,299.5029139999946,2.9103830456733704e-13
4913464.3201510655,0.0,3.5968365934125455,0.0,0.2999999999999986,299.5029132049012,299.5029139999946,299.5029139999946,2.9103830456733704e-13
4913640.0,0.0,3.596836593425248,0.0,0.2999999999999986,299.5029132049012,299.5029139999946,299.5029139999946,2.9103830456733704e-13
4913640.36000059,0.0,3.596836593425266,0.0,0.2999999999999986,299.5029132049012,299.5029139999946,299.5029139999946,2.9103830456733704e-13
4913640.720001181,0.0,3.5968365934252837,0.0,0.2999999999999986,299.5029132049012,299.5029139999946,299.5029139999946,2.9103830456733704e-13
4913641.44000236,0.0,3.596836593425318,0.0,0.2999999999999986,299.5029132049012,299.5029139999946,299.5029139999946,2.9103830456733704e-13
4913642.880004721,0.0,3.5968365934253925,0.0,0.2999999999999986,299.5029132049012,299.5029139999946,299.5029139999946,2.9103830456733704e-13
4913645.7600094415,0.0,3.5968365934255364,0.0,0.2999999999999986,299.5029132049012,299.5029139999946,299.5029139999946,2.9103830456733704e-13
4913651.520018883,0.0,3.596836593425819,0.0,0.2999999999999986,299.5029132049012,299.5029139999946,299.5029139999946,2.9103830456733704e-13
4913663.040037766,0.0,3.5968365934263695,0.0,0.2999999999999986,299.5029132049012,299.5029139999946,299.5029139999946,2.9103830456733704e-13
4913686.080075533,0.0,3.596836593427417,0.0,0.2999999999999986,299.5029132049012,299.5029139999946,299.5029139999946,2.9103830456733704e-13
4913732.160151066,0.0,3.5968365934293254,0.0,0.2999999999999986,299.5029132049012,299.5029139999946,299.5029139999946,2.9103830456733704e-13
4913824.320302132,0.0,3.5968365934324678,0.0,0.2999999999999986,299.5029132049012,299.5029139999946,299.5029139999946,2.9103830456733704e-13
4914000.0,0.0,3.596836593436669,0.0,0.2999999999999986,299.5029132049012,299.5029139999946,299.5029139999946,2.9103830456733704e-13
4917600.0,0.0,3.596836593436669,0.0,0.2999999999999986,300.94999925915005,300.95000000005814,300.95000000005814,0.0
4917603.600000644,0.0,3.5968365934367292,0.0,0.2999999999999986,300.94999925915005,300.95000000005814,300.95000000005814,0.0
4917607.200001287,0.0,3.596836593436788,0.0,0.2999999999999986,300.94999925915005,300.95000000005814,300.95000000005814,0.0
4917614.400002575,0.0,3.596836593436907,0.0,0.2999999999999986,300.94999925915005,300.95000000005814,300.95000000005814,0.0
4917628.80000515,0.0,3.5968365934371307,0.0,0.2999999999999986,300.94999925915005,300.95000000005814,300.95000000005814,0.0
4917657.6000103,0.0,3.5968365934375552,0.0,0.2999999999999986,300.94999925915005,300.95000000005814,300.95000000005814,0.0
4917715.2000206,0.0,3.5968365934382995,0.0,0.2999999999999986,300.94999925915005,300.95000000005814,300.95000000005814,0.0
4917830.400041199,0.0,3.5968365934394897,0.0,0.2999999999999986,300.94999925915005,300.95000000005814,300.95000000005814,0.0
4917960.0,0.0,3.596836593440424,0.0,0.2999999999999986,300.94999925915005,300.95000000005814,300.95000000005814,0.0
4917963.240000644,0.0,3.596836593440442,0.0,0.2999999999999986,300.94999925915005,300.95000000005814,300.95000000005814,0.0
4917966.480001288,0.0,3.596836593440456,0.0,0.2999999999999986,300.94999925915005,300.95000000005814,300.95000000005814,0.0
4917972.960002575,0.0,3.596836593440495,0.0,0.2999999999999986,300.94999925915005,300.95000000005814,300.95000000005814,0.0
4917985.92000515,0.0,3.5968365934405626,0.0,0.2999999999999986,300.94999925915005,300.95000000005814,300.95000000005814,0.0
4918011.8400103,0.0,3.5968365934406927,0.0,0.2999999999999986,300.94999925915005,300.95000000005814,300.95000000005814,0.0
4918063.6800206,0.0,3.596836593440922,0.0,0.2999999999999986,300.94999925915005,300.95000000005814,300.95000000005814,0.0
4918167.360041199,0.0,3.5968365934413034,0.0,0.2999999999999986,300.94999925915005,300.95000000005814,300.95000000005814,0.0
4918320.0,0.0,3.596836593441682,0.0,0.2999999999999986,300.94999925915005,300.95000000005814,300.95000000005814,0.0
4918322.880000643,0.0,3.5968365934416875,0.0,0.2999999999999986,300.94999925915005,300.95000000005814,300.95000000005814,0.0
4918325.760001288,0.0,3.596836593441693,0.0,0.2999999999999986,300.94999925915005,300.95000000005814,300.95000000005814,0.0
4918331.520002575,0.0,3.5968365934417035,0.0,0.2999999999999986,300.94999925915005,300.95000000005814,300.95000000005814,0.0
4918343.04000515,0.0,3.596836593441723,0.0,0.2999999999999986,300.94999925915005,300.95000000005814,300.95000000005814,0.0
4918366.0800103,0.0,3.5968365934417657,0.0,0.2999999999999986,300.94999925915005,300.95000000005814,300.95000000005814,0.0
4918412.1600206,0.0,3.596836593441831,0.0,0.2999999999999986,300.94999925915005,300.95000000005814,300.95000000005814,0.0
4918504.3200412,0.0,3.5968365934419344,0.0,0.2999999999999986,300.94999925915005,300.95000000005814,300.95000000005814,0.0
4918680.0,0.0,3.596836593442071,0.0,0.2999999999999986,300.94999925915005,300.95000000005814,300.95000000005814,0.0
4918682.520000644,0.0,3.596836593442073,0.0,0.2999999999999986,300.94999925915005,300.95000000005814,300.95000000005814,0.0
4918685.040001287,0.0,3.5968365934420747,0.0,0.2999999999999986,300.94999925915005,300.95000000005814,300.95000000005814,0.0
4918690.080002575,0.0,3.5968365934420783,0.0,0.2999999999999986,300.94999925915005,300.95000000005814,300.95000000005814,0.0
4918700.16000515,0.0,3.5968365934420854,0.0,0.2999999999999986,300.94999925915005,300.95000000005814,300.95000000005814,0.0
4918720.3200103,0.0,3.596836593442098,0.0,0.2999999999999986,300.94999925915005,300.95000000005814,300.95000000005814,0.0
4918760.6400206,0.0,3.5968365934421223,0.0,0.2999999999999986,300.94999925915005,300.95000000005814,300.95000000005814,0.0
4918841.2800412,0.0,3.596836593442162,0.0,0.2999999999999986,300.94999925915005,300.95000000005814,300.95000000005814,0.0
4919002.560082399,0.0,3.5968365934422155,0.0,0.2999999999999986,300.94999925915005,300.95000000005814,300.95000000005814,0.0
4919040.0,0.0,3.5968365934422226,0.0,0.2999999999999986,300.94999925915005,300.95000000005814,300.95000000005814,0.0
4919042.160000644,0.0,3.5968365934422244,0.0,0.2999999999999986,300.94999925915005,300.95000000005814,300.95000000005814,0.0
4919044.320001287,0.0,3.5968365934422244,0.0,0.2999999999999986,300.94999925915005,300.95000000005814,300.95000000005814,0.0
4919048.640002575,0.0,3.596836593442226,0.0,0.2999999999999986,300.94999925915005,300.95000000005814,300.95000000005814,0.0
4919057.28000515,0.0,3.596836593442228,0.0,0.2999999999999986,300.94999925915005,300.95000000005814,300.95000000005814,0.0
4919074.5600103,0.0,3.5968365934422333,0.0,0.2999999999999986,300.94999925915005,300.95000000005814,300.95000000005814,0.0
4919109.1200206,0.0,3.5968365934422404,0.0,0.2999999999999986,300.94999925915005,300.95000000005814,300.95000000005814,0.0
4919178.2400412,0.0,3.5968365934422546,0.0,0.2999999999999986,300.94999925915005,300.95000000005814,300.95000000005814,0.0
4919316.480082399,0.0,3.5968365934422764,0.0,0.2999999999999986,300.94999925915005,300.95000000005814,300.95000000005814,0.0
4919400.0,0.0,3.5968365934422852,0.0,0.2999999999999986,300.94999925915005,300.95000000005814,300.95000000005814,0.0
4919401.800000643,0.0,3.5968365934422852,0.0,0.2999999999999986,300.94999925915005,300.95000000005814,300.95000000005814,0.0
4919403.600001288,0.0,3.5968365934422852,0.0,0.2999999999999986,300.94999925915005,300.95000000005814,300.95000000005814,0.0
4919407.200002575,0.0,3.596836593442287,0.0,0.2999999999999986,300.94999925915005,300.95000000005814,300.95000000005814,0.0
4919414.40000515,0.0,3.596836593442287,0.0,0.2999999999999986,300.94999925915005,300.95000000005814,300.95000000005814,0.0
4919428.8000103,0.0,3.596836593442289,0.0,0.2999999999999986,300.94999925915005,300.95000000005814,300.95000000005814,0.0
4919457.6000206,0.0,3.5968365934422906,0.0,0.2999999999999986,300.94999925915005,300.95000000005814,300.95000000005814,0.0
4919515.2000412,0.0,3.596836593442296,0.0,0.2999999999999986,300.94999925915005,300.95000000005814,300.95000000005814,0.0
4919630.400082399,0.0,3.596836593442303,0.0,0.2999999999999986,300.94999925915005,300.95000000005814,300.95000000005814,0.0
4919760.0,0.0,3.5968365934423083,0.0,0.2999999999999986,300.94999925915005,300.95000000005814,300.95000000005814,0.0
4919761.440000644,0.0,3.5968365934423083,0.0,0.2999999999999986,300.94999925915005,300.95000000005814,300.95000000005814,0.0
4919762.880001288,0.0,3.59683659344231,0.0,0.2999999999999986,300.94999925915005,300.95000000005814,300.95000000005814,0.0
4919765.760002575,0.0,3.59683659344231,0.0,0.2999999999999986,300.94999925915005,300.95000000005814,300.95000000005814,0.0
4919771.52000515,0.0,3.59683659344231,0.0,0.2999999999999986,300.94999925915005,300.95000000005814,300.95000000005814,0.0
4919783.0400102995,0.0,3.59683659344231,0.0,0.2999999999999986,300.94999925915005,300.95000000005814,300.95000000005814,0.0
4919806.0800206,0.0,3.596836593442312,0.0,0.2999999999999986,300.94999925915005,300.95000000005814,300.95000000005814,0.0
4919852.1600412,0.0,3.596836593442312,0.0,0.2999999999999986,300.94999925915005,300.95000000005814,300.95000000005814,0.0
4919944.320082399,0.0,3.5968365934423154,0.0,0.2999999999999986,300.94999925915005,300.95000000005814,300.95000000005814,0.0
4920120.0,0.0,3.596836593442319,0.0,0.2999999999999986,300.94999925915005,300.95000000005814,300.95000000005814,0.0
4920121.080000644,0.0,3.596836593442319,0.0,0.2999999999999986,300.94999925915005,300.95000000005814,300.95000000005814,0.0
4920122.160001287,0.0,3.596836593442319,0.0,0.2999999999999986,300.94999925915005,300.95000000005814,300.95000000005814,0.0
4920124.320002575,0.0,3.596836593442319,0.0,0.2999999999999986,300.94999925915005,300.95000000005814,300.95000000005814,0.0
4920128.64000515,0.0,3.596836593442319,0.0,0.2999999999999986,300.94999925915005,300.95000000005814,300.95000000005814,0.0
4920137.2800103,0.0,3.596836593442319,0.0,0.2999999999999986,300.94999925915005,300.95000000005814,300.95000000005814,0.0
4920154.5600205995,0.0,3.596836593442319,0.0,0.2999999999999986,300.94999925915005,300.95000000005814,300.95000000005814,0.0
4920189.1200412,0.0,3.5968365934423208,0.0,0.2999999999999986,300.94999925915005,300.95000000005814,300.95000000005814,0.0
4920258.240082399,0.0,3.5968365934423208,0.0,0.2999999999999986,300.94999925915005,300.95000000005814,300.95000000005814,0.0
4920396.480164799,0.0,3.596836593442326,0.0,0.2999999999999986,300.94999925915005,300.95000000005814,300.95000000005814,0.0
4920480.0,0.0,3.5968365934423265,0.0,0.2999999999999986,300.94999925915005,300.95000000005814,300.95000000005814,0.0
4920480.720000643,0.0,3.5968365934423265,0.0,0.2999999999999986,300.94999925915005,300.95000000005814,300.95000000005814,0.0
4920481.4400012875,0.0,3.5968365934423265,0.0,0.2999999999999986,300.94999925915005,300.95000000005814,300.95000000005814,0.0
4920482.880002575,0.0,3.5968365934423265,0.0,0.2999999999999986,300.94999925915005,300.95000000005814,300.95000000005814,0.0
4920485.76000515,0.0,3.5968365934423265,0.0,0.2999999999999986,300.94999925915005,300.95000000005814,300.95000000005814,0.0
4920491.5200103,0.0,3.5968365934423265,0.0,0.2999999999999986,300.94999925915005,300.95000000005814,300.95000000005814,0.0
4920503.0400206,0.0,3.5968365934423265,0.0,0.2999999999999986,300.94999925915005,300.95000000005814,300.95000000005814,0.0
4920526.0800412,0.0,3.5968365934423265,0.0,0.2999999999999986,300.94999925915005,300.95000000005814,300.95000000005814,0.0
4920572.160082399,0.0,3.5968365934423283,0.0,0.2999999999999986,300.94999925915005,300.95000000005814,300.95000000005814,0.0
4920664.320164799,0.0,3.5968365934423283,0.0,0.2999999999999986,300.94999925915005,300.95000000005814,300.95000000005814,0.0
4920840.0,0.0,3.596836593442328,0.0,0.2999999999999986,300.94999925915005,300.95000000005814,300.95000000005814,0.0
4920840.360000644,0.0,3.596836593442328,0.0,0.2999999999999986,300.94999925915005,300.95000000005814,300.95000000005814,0.0
4920840.720001288,0.0,3.596836593442328,0.0,0.2999999999999986,300.94999925915005,300.95000000005814,300.95000000005814,0.0
4920841.440002575,0.0,3.596836593442328,0.0,0.2999999999999986,300.94999925915005,300.95000000005814,300.95000000005814,0.0
4920842.88000515,0.0,3.596836593442328,0.0,0.2999999999999986,300.94999925915005,300.95000000005814,300.95000000005814,0.0
4920845.7600103,0.0,3.596836593442328,0.0,0.2999999999999986,300.94999925915005,300.95000000005814,300.95000000005814,0.0
4920851.5200205995,0.0,3.596836593442328,0.0,0.2999999999999986,300.94999925915005,300.95000000005814,300.95000000005814,0.0
4920863.0400412,0.0,3.596836593442328,0.0,0.2999999999999986,300.94999925915005,300.95000000005814,300.95000000005814,0.0
4920886.0800824,0.0,3.596836593442328,0.0,0.2999999999999986,300.94999925915005,300.95000000005814,300.95000000005814,0.0
4920932.160164799,0.0,3.596836593442328,0.0,0.2999999999999986,300.94999925915005,300.95000000005814,300.95000000005814,0.0
4921024.320329597,0.0,3.59683659344233,0.0,0.2999999999999986,300.94999925915005,300.95000000005814,300.95000000005814,0.0
4921200.0,0.0,3.5968365934423296,0.0,0.2999999999999986,300.94999925915005,300.95000000005814,300.95000000005814,0.0
4924800.0,0.0,3.5968365934423296,0.0,0.2999999999999986,302.1926403638863,302.19264100011856,302.19264100011856,0.0
4924803.600000697,0.0,3.5968365934423296,0.0,0.2999999999999986,302.1926403638863,302.19264100011856,302.19264100011856,0.0
4924807.200001394,0.0,3.5968365934423296,0.0,0.2999999999999986,302.1926403638863,302.19264100011856,302.19264100011856,0.0
4924814.40000279,0.0,3.5968365934423296,0.0,0.2999999999999986,302.1926403638863,302.19264100011856,302.19264100011856,0.0
4924828.800005579,0.0,3.5968365934423296,0.0,0.2999999999999986,302.1926403638863,302.19264100011856,302.19264100011856,0.0
4924857.600011158,0.0,3.5968365934423296,0.0,0.2999999999999986,302.1926403638863,302.19264100011856,302.19264100011856,0.0
4924915.200022317,0.0,3.5968365934423296,0.0,0.2999999999999986,302.1926403638863,302.19264100011856,302.19264100011856,0.0
4925030.400044633,0.0,3.5968365934423305,0.0,0.2999999999999986,302.1926403638863,302.19264100011856,302.19264100011856,0.0
4925160.0,0.0,3.5968365934423305,0.0,0.2999999999999986,302.1926403638863,302.19264100011856,302.19264100011856,0.0
4925163.240000698,0.0,3.5968365934423305,0.0,0.2999999999999986,302.1926403638863,302.19264100011856,302.19264100011856,0.0
4925166.480001395,0.0,3.5968365934423305,0.0,0.2999999999999986,302.1926403638863,302.19264100011856,302.19264100011856,0.0
4925172.960002789,0.0,3.5968365934423305,0.0,0.2999999999999986,302.1926403638863,302.19264100011856,302.19264100011856,0.0
4925185.9200055795,0.0,3.5968365934423305,0.0,0.2999999999999986,302.1926403638863,302.19264100011856,302.19264100011856,0.0
4925211.840011158,0.0,3.5968365934423305,0.0,0.2999999999999986,302.1926403638863,302.19264100011856,302.19264100011856,0.0
4925263.680022316,0.0,3.5968365934423305,0.0,0.2999999999999986,302.1926403638863,302.19264100011856,302.19264100011856,0.0
4925367.360044633,0.0,3.5968365934423305,0.0,0.2999999999999986,302.1926403638863,302.19264100011856,302.19264100011856,0.0
4925520.0,0.0,3.5968365934423305,0.0,0.2999999999999986,302.1926403638863,302.19264100011856,302.19264100011856,0.0
4925522.880000697,0.0,3.5968365934423305,0.0,0.2999999999999986,302.1926403638863,302.19264100011856,302.19264100011856,0.0
4925525.760001395,0.0,3.5968365934423305,0.0,0.2999999999999986,302.1926403638863,302.19264100011856,302.19264100011856,0.0
4925531.52000279,0.0,3.5968365934423305,0.0,0.2999999999999986,302.1926403638863,302.19264100011856,302.19264100011856,0.0
4925543.040005579,0.0,3.59683659344233,0.0,0.2999999999999986,302.1926403638863,302.19264100011856,302.19264100011856,0.0
4925566.080011158,0.0,3.59683659344233,0.0,0.2999999999999986,302.1926403638863,302.19264100011856,302.19264100011856,0.0
4925612.1600223165,0.0,3.596836593442332,0.0,0.2999999999999986,302.1926403638863,302.19264100011856,302.19264100011856,0.0
4925704.320044633,0.0,3.5968365934423323,0.0,0.2999999999999986,302.1926403638863,302.19264100011856,302.19264100011856,0.0
4925880.0,0.0,3.5968365934423323,0.0,0.2999999999999986,302.1926403638863,302.19264100011856,302.19264100011856,0.0
4925882.520000697,0.0,3.5968365934423323,0.0,0.2999999999999986,302.1926403638863,302.19264100011856,302.19264100011856,0.0
4925885.040001395,0.0,3.5968365934423323,0.0,0.2999999999999986,302.1926403638863,302.19264100011856,302.19264100011856,0.0
4925890.080002789,0.0,3.5968365934423323,0.0,0.2999999999999986,302.1926403638863,302.19264100011856,302.19264100011856,0.0
4925900.160005579,0.0,3.5968365934423328,0.0,0.2999999999999986,302.1926403638863,302.19264100011856,302.19264100011856,0.0
4925920.3200111585,0.0,3.5968365934423328,0.0,0.2999999999999986,302.1926403638863,302.19264100011856,302.19264100011856,0.0
4925960.640022316,0.0,3.5968365934423328,0.0,0.2999999999999986,302.1926403638863,302.19264100011856,302.19264100011856,0.0
4926041.280044633,0.0,3.5968365934423328,0.0,0.2999999999999986,302.1926403638863,302.19264100011856,302.19264100011856,0.0
4926202.560089266,0.0,3.5968365934423328,0.0,0.2999999999999986,302.1926403638863,302.19264100011856,302.19264100011856,0.0
4926240.0,0.0,3.5968365934423328,0.0,0.2999999999999986,302.1926403638863,302.19264100011856,302.19264100011856,0.0
4926242.160000698,0.0,3.5968365934423328,0.0,0.2999999999999986,302.1926403638863,302.19264100011856,302.19264100011856,0.0
4926244.3200013945,0.0,3.5968365934423328,0.0,0.2999999999999986,302.1926403638863,302.19264100011856,302.19264100011856,0.0
4926248.64000279,0.0,3.5968365934423328,0.0,0.2999999999999986,302.1926403638863,302.19264100011856,302.19264100011856,0.0
4926257.280005579,0.0,3.5968365934423323,0.0,0.2999999999999986,302.1926403638863,302.19264100011856,302.19264100011856,0.0
4926274.560011158,0.0,3.5968365934423323,0.0,0.2999999999999986,302.1926403638863,302.19264100011856,302.19264100011856,0.0
4926309.120022316,0.0,3.5968365934423328,0.0,0.2999999999999986,302.1926403638863,302.19264100011856,302.19264100011856,0.0
4926378.240044633,0.0,3.5968365934423323,0.0,0.2999999999999986,302.1926403638863,302.19264100011856,302.19264100011856,0.0
4926516.480089266,0.0,3.5968365934423323,0.0,0.2999999999999986,302.1926403638863,302.19264100011856,302.19264100011856,0.0
4926600.0,0.0,3.5968365934423323,0.0,0.2999999999999986,302.1926403638863,302.19264100011856,302.19264100011856,0.0
4926601.800000697,0.0,3.5968365934423323,0.0,0.2999999999999986,302.1926403638863,302.19264100011856,302.19264100011856,0.0
4926603.600001395,0.0,3.5968365934423323,0.0,0.2999999999999986,302.1926403638863,302.19264100011856,302.19264100011856,0.0
4926607.2000027895,0.0,3.5968365934423323,0.0,0.2999999999999986,302.1926403638863,302.19264100011856,302.19264100011856,0.0
4926614.400005579,0.0,3.5968365934423323,0.0,0.2999999999999986,302.1926403638863,302.19264100011856,302.19264100011856,0.0
4926628.800011158,0.0,3.5968365934423323,0.0,0.2999999999999986,302.1926403638863,302.19264100011856,302.19264100011856,0.0
4926657.600022317,0.0,3.5968365934423323,0.0,0.2999999999999986,302.1926403638863,302.19264100011856,302.19264100011856,0.0
4926715.200044633,0.0,3.5968365934423323,0.0,0.2999999999999986,302.1926403638863,302.19264100011856,302.19264100011856,0.0
4926830.400089266,0.0,3.5968365934423323,0.0,0.2999999999999986,302.1926403638863,302.19264100011856,302.19264100011856,0.0
4926960.0,0.0,3.5968365934423323,0.0,0.2999999999999986,302.1926403638863,302.19264100011856,302.19264100011856,0.0
4926961.440000697,0.0,3.5968365934423323,0.0,0.2999999999999986,302.1926403638863,302.19264100011856,302.19264100011856,0.0
4926962.880001395,0.0,3.5968365934423323,0.0,0.2999999999999986,302.1926403638863,302.19264100011856,302.19264100011856,0.0
4926965.76000279,0.0,3.5968365934423323,0.0,0.2999999999999986,302.1926403638863,302.19264100011856,302.19264100011856,0.0
4926971.520005579,0.0,3.5968365934423323,0.0,0.2999999999999986,302.1926403638863,302.19264100011856,302.19264100011856,0.0
4926983.040011158,0.0,3.5968365934423323,0.0,0.2999999999999986,302.1926403638863,302.19264100011856,302.19264100011856,0.0
4927006.080022316,0.0,3.5968365934423323,0.0,0.2999999999999986,302.1926403638863,302.19264100011856,302.19264100011856,0.0
4927052.160044633,0.0,3.5968365934423323,0.0,0.2999999999999986,302.1926403638863,302.19264100011856,302.19264100011856,0.0
4927144.320089266,0.0,3.5968365934423328,0.0,0.2999999999999986,302.1926403638863,302.19264100011856,302.19264100011856,0.0
4927320.0,0.0,3.5968365934423328,0.0,0.2999999999999986,302.1926403638863,302.19264100011856,302.19264100011856,0.0
4927321.080000698,0.0,3.5968365934423328,0.0,0.2999999999999986,302.1926403638863,302.19264100011856,302.19264100011856,0.0
4927322.160001394,0.0,3.5968365934423328,0.0,0.2999999999999986,302.1926403638863,302.19264100011856,302.19264100011856,0.0
4927324.32000279,0.0,3.5968365934423328,0.0,0.2999999999999986,302.1926403638863,302.19264100011856,302.19264100011856,0.0
4927328.640005579,0.0,3.5968365934423328,0.0,0.2999999999999986,302.1926403638863,302.19264100011856,302.19264100011856,0.0
4927337.280011158,0.0,3.5968365934423328,0.0,0.2999999999999986,302.1926403638863,302.19264100011856,302.19264100011856,0.0
4927354.560022317,0.0,3.5968365934423328,0.0,0.2999999999999986,302.1926403638863,302.19264100011856,302.19264100011856,0.0
4927389.120044633,0.0,3.5968365934423328,0.0,0.2999999999999986,302.1926403638863,302.19264100011856,302.19264100011856,0.0
4927458.240089266,0.0,3.5968365934423328,0.0,0.2999999999999986,302.1926403638863,302.19264100011856,302.19264100011856,0.0
4927596.480178531,0.0,3.596836593442333,0.0,0.2999999999999986,302.1926403638863,302.19264100011856,302.19264100011856,0.0
4927680.0,0.0,3.5968365934423345,0.0,0.2999999999999986,302.1926403638863,302.19264100011856,302.19264100011856,0.0
4927680.720000697,0.0,3.5968365934423345,0.0,0.2999999999999986,302.1926403638863,302.19264100011856,302.19264100011856,0.0
4927681.440001395,0.0,3.5968365934423345,0.0,0.2999999999999986,302.1926403638863,302.19264100011856,302.19264100011856,0.0
4927682.880002789,0.0,3.5968365934423345,0.0,0.2999999999999986,302.1926403638863,302.19264100011856,302.19264100011856,0.0
4927685.760005579,0.0,3.5968365934423345,0.0,0.2999999999999986,302.1926403638863,302.19264100011856,302.19264100011856,0.0
4927691.520011159,0.0,3.5968365934423345,0.0,0.2999999999999986,302.1926403638863,302.19264100011856,302.19264100011856,0.0
4927703.040022316,0.0,3.5968365934423345,0.0,0.2999999999999986,302.1926403638863,302.19264100011856,302.19264100011856,0.0
4927726.080044633,0.0,3.5968365934423328,0.0,0.2999999999999986,302.1926403638863,302.19264100011856,302.19264100011856,0.0
4927772.160089266,0.0,3.5968365934423328,0.0,0.2999999999999986,302.1926403638863,302.19264100011856,302.19264100011856,0.0
4927864.320178532,0.0,3.5968365934423345,0.0,0.2999999999999986,302.1926403638863,302.19264100011856,302.19264100011856,0.0
4928040.0,0.0,3.596836593442335,0.0,0.2999999999999986,302.1926403638863,302.19264100011856,302.19264100011856,0.0
4928040.360000697,0.0,3.596836593442335,0.0,0.2999999999999986,302.1926403638863,302.19264100011856,302.19264100011856,0.0
4928040.720001395,0.0,3.596836593442335,0.0,0.2999999999999986,302.1926403638863,302.19264100011856,302.19264100011856,0.0
4928041.44000279,0.0,3.596836593442335,0.0,0.2999999999999986,302.1926403638863,302.19264100011856,302.19264100011856,0.0
4928042.880005579,0.0,3.596836593442335,0.0,0.2999999999999986,302.1926403638863,302.19264100011856,302.19264100011856,0.0
4928045.760011158,0.0,3.596836593442335,0.0,0.2999999999999986,302.1926403638863,302.19264100011856,302.19264100011856,0.0
4928051.520022317,0.0,3.596836593442335,0.0,0.2999999999999986,302.1926403638863,302.19264100011856,302.19264100011856,0.0
4928063.040044633,0.0,3.596836593442335,0.0,0.2999999999999986,302.1926403638863,302.19264100011856,302.19264100011856,0.0
4928086.0800892655,0.0,3.596836593442335,0.0,0.2999999999999986,302.1926403638863,302.19264100011856,302.19264100011856,0.0
4928132.160178532,0.0,3.596836593442335,0.0,0.2999999999999986,302.1926403638863,302.19264100011856,302.19264100011856,0.0
4928224.320357063,0.0,3.596836593442335,0.0,0.2999999999999986,302.1926403638863,302.19264100011856,302.19264100011856,0.0
4928400.0,0.0,3.5968365934423345,0.0,0.2999999999999986,302.1926403638863,302.19264100011856,302.19264100011856,0.0
4932000.0,0.0,3.5968365934423345,0.0,0.2999999999999986,303.1461515118923,303.14615200009,303.14615200009,0.0
4932003.600000751,0.0,3.5968365934423345,0.0,0.2999999999999986,303.1461515118923,303.14615200009,303.14615200009,0.0
4932007.200001502,0.0,3.5968365934423345,0.0,0.2999999999999986,303.1461515118923,303.14615200009,303.14615200009,0.0
4932014.400003004,0.0,3.5968365934423345,0.0,0.2999999999999986,303.1461515118923,303.14615200009,303.14615200009,0.0
4932028.800006009,0.0,3.5968365934423345,0.0,0.2999999999999986,303.1461515118923,303.14615200009,303.14615200009,0.0
4932057.6000120165,0.0,3.596836593442335,0.0,0.2999999999999986,303.1461515118923,303.14615200009,303.14615200009,0.0
4932115.200024033,0.0,3.5968365934423345,0.0,0.2999999999999986,303.1461515118923,303.14615200009,303.14615200009,0.0
4932230.400048066,0.0,3.596836593442335,0.0,0.2999999999999986,303.1461515118923,303.14615200009,303.14615200009,0.0
4932360.0,0.0,3.596836593442335,0.0,0.2999999999999986,303.1461515118923,303.14615200009,303.14615200009,0.0
4932363.240000751,0.0,3.596836593442335,0.0,0.2999999999999986,303.1461515118923,303.14615200009,303.14615200009,0.0
4932366.480001502,0.0,3.5968365934423345,0.0,0.2999999999999986,303.1461515118923,303.14615200009,303.14615200009,0.0
4932372.960003004,0.0,3.5968365934423345,0.0,0.2999999999999986,303.1461515118923,303.14615200009,303.14615200009,0.0
4932385.920006008,0.0,3.596836593442335,0.0,0.2999999999999986,303.1461515118923,303.14615200009,303.14615200009,0.0
4932411.840012017,0.0,3.596836593442335,0.0,0.2999999999999986,303.1461515118923,303.14615200009,303.14615200009,0.0
4932463.680024033,0.0,3.5968365934423345,0.0,0.2999999999999986,303.1461515118923,303.14615200009,303.14615200009,0.0
4932567.360048066,0.0,3.596836593442335,0.0,0.2999999999999986,303.1461515118923,303.14615200009,303.14615200009,0.0
4932720.0,0.0,3.596836593442335,0.0,0.2999999999999986,303.1461515118923,303.14615200009,303.14615200009,0.0
4932722.880000751,0.0,3.596836593442335,0.0,0.2999999999999986,303.1461515118923,303.14615200009,303.14615200009,0.0
4932725.760001502,0.0,3.596836593442335,0.0,0.2999999999999986,303.1461515118923,303.14615200009,303.14615200009,0.0
4932731.520003004,0.0,3.596836593442335,0.0,0.2999999999999986,303.1461515118923,303.14615200009,303.14615200009,0.0
4932743.040006008,0.0,3.596836593442335,0.0,0.2999999999999986,303.1461515118923,303.14615200009,303.14615200009,0.0
4932766.080012017,0.0,3.596836593442335,0.0,0.2999999999999986,303.1461515118923,303.14615200009,303.14615200009,0.0
4932812.160024033,0.0,3.5968365934423345,0.0,0.2999999999999986,303.1461515118923,303.14615200009,303.14615200009,0.0
4932904.320048066,0.0,3.596836593442335,0.0,0.2999999999999986,303.1461515118923,303.14615200009,303.14615200009,0.0
4933080.0,0.0,3.5968365934423345,0.0,0.2999999999999986,303.1461515118923,303.14615200009,303.14615200009,0.0
4933082.520000751,0.0,3.5968365934423345,0.0,0.2999999999999986,303.1461515118923,303.14615200009,303.14615200009,0.0
4933085.040001502,0.0,3.5968365934423345,0.0,0.2999999999999986,303.1461515118923,303.14615200009,303.14615200009,0.0
4933090.0800030045,0.0,3.5968365934423345,0.0,0.2999999999999986,303.1461515118923,303.14615200009,303.14615200009,0.0
4933100.160006008,0.0,3.5968365934423345,0.0,0.2999999999999986,303.1461515118923,303.14615200009,303.14615200009,0.0
4933120.320012016,0.0,3.5968365934423345,0.0,0.2999999999999986,303.1461515118923,303.14615200009,303.14615200009,0.0
4933160.640024033,0.0,3.5968365934423345,0.0,0.2999999999999986,303.1461515118923,303.14615200009,303.14615200009,0.0
4933241.280048066,0.0,3.5968365934423345,0.0,0.2999999999999986,303.1461515118923,303.14615200009,303.14615200009,0.0
4933402.560096133,0.0,3.5968365934423345,0.0,0.2999999999999986,303.1461515118923,303.14615200009,303.14615200009,0.0
4933440.0,0.0,3.5968365934423345,0.0,0.2999999999999986,303.1461515118923,303.14615200009,303.14615200009,0.0
4933442.160000751,0.0,3.5968365934423345,0.0,0.2999999999999986,303.1461515118923,303.14615200009,303.14615200009,0.0
4933444.3200015025,0.0,3.5968365934423345,0.0,0.2999999999999986,303.1461515118923,303.14615200009,303.14615200009,0.0
4933448.640003004,0.0,3.5968365934423345,0.0,0.2999999999999986,303.1461515118923,303.14615200009,303.14615200009,0.0
4933457.280006008,0.0,3.5968365934423345,0.0,0.2999999999999986,303.1461515118923,303.14615200009,303.14615200009,0.0
4933474.560012016,0.0,3.5968365934423345,0.0,0.2999999999999986,303.1461515118923,303.14615200009,303.14615200009,0.0
4933509.120024033,0.0,3.5968365934423345,0.0,0.2999999999999986,303.1461515118923,303.14615200009,303.14615200009,0.0
4933578.240048066,0.0,3.5968365934423345,0.0,0.2999999999999986,303.1461515118923,303.14615200009,303.14615200009,0.0
4933716.4800961325,0.0,3.5968365934423345,0.0,0.2999999999999986,303.1461515118923,303.14615200009,303.14615200009,0.0
4933800.0,0.0,3.596836593442335,0.0,0.2999999999999986,303.1461515118923,303.14615200009,303.14615200009,0.0
4933801.800000751,0.0,3.596836593442335,0.0,0.2999999999999986,303.1461515118923,303.14615200009,303.14615200009,0.0
4933803.600001502,0.0,3.596836593442335,0.0,0.2999999999999986,303.1461515118923,303.14615200009,303.14615200009,0.0
4933807.200003004,0.0,3.596836593442335,0.0,0.2999999999999986,303.1461515118923,303.14615200009,303.14615200009,0.0
4933814.400006008,0.0,3.596836593442335,0.0,0.2999999999999986,303.1461515118923,303.14615200009,303.14615200009,0.0
4933828.800012017,0.0,3.596836593442335,0.0,0.2999999999999986,303.1461515118923,303.14615200009,303.14615200009,0.0
4933857.600024033,0.0,3.596836593442335,0.0,0.2999999999999986,303.1461515118923,303.14615200009,303.14615200009,0.0
4933915.200048066,0.0,3.596836593442335,0.0,0.2999999999999986,303.1461515118923,303.14615200009,303.14615200009,0.0
4934030.400096132,0.0,3.596836593442335,0.0,0.2999999999999986,303.1461515118923,303.14615200009,303.14615200009,0.0
4934160.0,0.0,3.596836593442335,0.0,0.2999999999999986,303.1461515118923,303.14615200009,303.14615200009,0.0
4934161.440000751,0.0,3.596836593442335,0.0,0.2999999999999986,303.1461515118923,303.14615200009,303.14615200009,0.0
4934162.880001502,0.0,3.596836593442335,0.0,0.2999999999999986,303.1461515118923,303.14615200009,303.14615200009,0.0
4934165.760003004,0.0,3.596836593442335,0.0,0.2999999999999986,303.1461515118923,303.14615200009,303.14615200009,0.0
4934171.520006008,0.0,3.596836593442335,0.0,0.2999999999999986,303.1461515118923,303.14615200009,303.14615200009,0.0
4934183.040012017,0.0,3.596836593442335,0.0,0.2999999999999986,303.1461515118923,303.14615200009,303.14615200009,0.0
4934206.080024033,0.0,3.596836593442335,0.0,0.2999999999999986,303.1461515118923,303.14615200009,303.14615200009,0.0
4934252.160048066,0.0,3.596836593442335,0.0,0.2999999999999986,303.1461515118923,303.14615200009,303.14615200009,0.0
4934344.320096132,0.0,3.596836593442335,0.0,0.2999999999999986,303.1461515118923,303.14615200009,303.14615200009,0.0
4934520.0,0.0,3.596836593442335,0.0,0.2999999999999986,303.1461515118923,303.14615200009,303.14615200009,0.0
4934521.080000751,0.0,3.596836593442335,0.0,0.2999999999999986,303.1461515118923,303.14615200009,303.14615200009,0.0
4934522.160001502,0.0,3.596836593442335,0.0,0.2999999999999986,303.1461515118923,303.14615200009,303.14615200009,0.0
4934524.320003004,0.0,3.596836593442335,0.0,0.2999999999999986,303.1461515118923,303.14615200009,303.14615200009,0.0
4934528.640006009,0.0,3.596836593442335,0.0,0.2999999999999986,303.1461515118923,303.14615200009,303.14615200009,0.0
4934537.280012016,0.0,3.596836593442335,0.0,0.2999999999999986,303.1461515118923,303.14615200009,303.14615200009,0.0
4934554.560024033,0.0,3.596836593442335,0.0,0.2999999999999986,303.1461515118923,303.14615200009,303.14615200009,0.0
4934589.120048067,0.0,3.596836593442335,0.0,0.2999999999999986,303.1461515118923,303.14615200009,303.14615200009,0.0
4934658.240096132,0.0,3.596836593442335,0.0,0.2999999999999986,303.1461515118923,303.14615200009,303.14615200009,0.0
4934796.480192265,0.0,3.5968365934423354,0.0,0.2999999999999986,303.1461515118923,303.14615200009,303.14615200009,0.0
4934880.0,0.0,3.596836593442336,0.0,0.2999999999999986,303.1461515118923,303.14615200009,303.14615200009,0.0
4934880.720000751,0.0,3.596836593442336,0.0,0.2999999999999986,303.1461515118923,303.14615200009,303.14615200009,0.0
4934881.440001502,0.0,3.596836593442336,0.0,0.2999999999999986,303.1461515118923,303.14615200009,303.14615200009,0.0
4934882.880003004,0.0,3.596836593442336,0.0,0.2999999999999986,303.1461515118923,303.14615200009,303.14615200009,0.0
4934885.760006009,0.0,3.596836593442336,0.0,0.2999999999999986,303.1461515118923,303.14615200009,303.14615200009,0.0
4934891.520012016,0.0,3.596836593442336,0.0,0.2999999999999986,303.1461515118923,303.14615200009,303.14615200009,0.0
4934903.040024033,0.0,3.596836593442336,0.0,0.2999999999999986,303.1461515118923,303.14615200009,303.14615200009,0.0
4934926.080048067,0.0,3.596836593442336,0.0,0.2999999999999986,303.1461515118923,303.14615200009,303.14615200009,0.0
4934972.160096132,0.0,3.596836593442336,0.0,0.2999999999999986,303.1461515118923,303.14615200009,303.14615200009,0.0
4935064.320192264,0.0,3.596836593442336,0.0,0.2999999999999986,303.1461515118923,303.14615200009,303.14615200009,0.0
4935240.0,0.0,3.596836593442336,0.0,0.2999999999999986,303.1461515118923,303.14615200009,303.14615200009,0.0
4935240.360000751,0.0,3.596836593442336,0.0,0.2999999999999986,303.1461515118923,303.14615200009,303.14615200009,0.0
4935240.720001502,0.0,3.596836593442336,0.0,0.2999999999999986,303.1461515118923,303.14615200009,303.14615200009,0.0
4935241.440003004,0.0,3.596836593442336,0.0,0.2999999999999986,303.1461515118923,303.14615200009,303.14615200009,0.0
4935242.880006008,0.0,3.596836593442336,0.0,0.2999999999999986,303.1461515118923,303.14615200009,303.14615200009,0.0
4935245.760012017,0.0,3.596836593442336,0.0,0.2999999999999986,303.1461515118923,303.14615200009,303.14615200009,0.0
4935251.520024033,0.0,3.596836593442336,0.0,0.2999999999999986,303.1461515118923,303.14615200009,303.14615200009,0.0
4935263.0400480665,0.0,3.596836593442336,0.0,0.2999999999999986,303.1461515118923,303.14615200009,303.14615200009,0.0
4935286.080096132,0.0,3.596836593442336,0.0,0.2999999999999986,303.1461515118923,303.14615200009,303.14615200009,0.0
4935332.160192264,0.0,3.5968365934423354,0.0,0.2999999999999986,303.1461515118923,303.14615200009,303.14615200009,0.0
4935424.320384529,0.0,3.5968365934423354,0.0,0.2999999999999986,303.1461515118923,303.14615200009,303.14615200009,0.0
4935600.0,0.0,3.5968365934423354,0.0,0.2999999999999986,303.1461515118923,303.14615200009,303.14615200009,0.0
4939200.0,-2.5,3.645390540301033,0.1213848671856224,0.2999999999999987,304.0484522843273,303.74555499999445,303.88502540217667,11.658137130187242
4939200.001154731,-2.5,3.6453921328709105,0.12138473914685799,0.30000016037924343,304.0484522843273,303.74555499999445,303.88502540217667,11.658137130187242
4939200.002309461,-2.5,3.6453937249121657,0.12138461117795132,0.30000032075848826,304.0484522843273,303.74555499999445,303.88502540217667,11.658137130187242
4939200.004618922,-2.5,3.6453969077054857,0.12138435541036385,0.3000006415169779,304.0484522843273,303.74555499999445,303.88502540217667,11.658137130187242
4939200.0092378445,-2.5,3.6454032668585783,0.12138384472518603,0.30000128303395723,304.0484522843273,303.74555499999445,303.88502540217667,11.658137130187242
4939200.018475689,-2.5,3.645415960790276,0.12138282657242577,0.30000256606791587,304.0484522843273,303.74555499999445,303.88502540217667,11.658137130187242
4939200.036951378,-2.5,3.645441249061895,0.12138080340149214,0.30000513213583324,304.0484522843273,303.74555499999445,303.88502540217667,11.658137130187242
4939200.073902756,-2.5,3.6454914353804115,0.12137680841001881,0.3000102642716679,304.0484522843273,303.74555499999445,303.88502540217667,11.658137130187242
4939200.147805512,-2.5,3.6455903034388815,0.12136901554307793,0.3000205285433371,304.0484522843273,303.74555499999445,303.88502540217667,11.658137130187242
4939200.295611024,-2.5,3.645782449896001,0.12135415558441352,0.30004105708667556,304.0484522843273,303.74555499999445,303.88502540217667,11.658137130187242
4939200.443416536,-2.5,3.645967660151993,0.12134018827993001,0.30006158563001406,304.0484522843273,303.74555499999445,303.88502540217667,11.658137130187242
4939200.591222048,-2.5,3.646146588033769,0.12132701849910241,0.3000821141733525,304.0484522843273,303.74555499999445,303.88502540217667,11.658137130187242
4939200.73902756,-2.5,3.646319828353845,0.12131455982236503,0.30010264271669096,304.0484522843273,303.74555499999445,303.88502540217667,11.658137130187242
4939201.034638585,-2.5,3.646651074359877,0.12129151170964314,0.3001436998033679,304.0484522843273,303.74555499999445,303.88502540217667,11.658137130187242
4939201.3302496085,-2.5,3.6469650103910674,0.12127052186987612,0.30018475689004487,304.0484522843273,303.74555499999445,303.88502540217667,11.658137130187242
4939201.659878435,-2.5,3.6472980297712354,0.12124906237999898,0.30023053867151395,304.0484522843273,303.74555499999445,303.88502540217667,11.658137130187242
4939201.989507262,-2.5,3.6476158762010447,0.12122925889162017,0.30027632045298297,304.0484522843273,303.74555499999445,303.88502540217667,11.658137130187242
4939202.319136088,-2.5,3.647920702955676,0.12121081207212563,0.30032210223445205,304.0484522843273,303.74555499999445,303.88502540217667,11.658137130187242
4939202.648764915,-2.5,3.6482141481619905,0.12119349890319256,0.30036788401592107,304.0484522843273,303.74555499999445,303.88502540217667,11.658137130187242
4939202.978393741,-2.5,3.6484975069091337,0.12117714691004894,0.30041366579739015,304.0484522843273,303.74555499999445,303.88502540217667,11.658137130187242
4939203.308022568,-2.5,3.6487718554883966,0.12116161557789969,0.30045944757885923,304.0484522843273,303.74555499999445,303.88502540217667,11.658137130187242
4939203.637651394,-2.5,3.6490380489729333,0.12114679666055254,0.30050522936032825,304.0484522843273,303.74555499999445,303.88502540217667,11.658137130187242
4939204.296909047,-2.5,3.649548789170993,0.12111894901952151,0.30059679292326635,304.0484522843273,303.74555499999445,303.88502540217667,11.658137130187242
4939204.9561667,-2.5,3.650034178908067,0.12109308006147482,0.3006883564862045,304.0484522843273,303.74555499999445,303.88502540217667,11.658137130187242
4939205.805780737,-2.5,3.6506274080601675,0.12106210705514578,0.30080635843567693,304.0484522843273,303.74555499999445,303.88502540217667,11.658137130187242
4939206.57043337,-2.5,3.651134672341391,0.12103603428406319,0.3009125601902022,304.0484522843273,303.74555499999445,303.88502540217667,11.658137130187242
4939207.335086002,-2.5,3.651619871028883,0.12101136384456929,0.30101876194472743,304.0484522843273,303.74555499999445,303.88502540217667,11.658137130187242
4939208.099738635,-2.5,3.6520855491173347,0.12098786845347277,0.3011249636992527,304.0484522843273,303.74555499999445,303.88502540217667,11.658137130187242
4939208.864391267,-2.5,3.652533663853929,0.1209653898814373,0.3012311654537779,304.0484522843273,303.74555499999445,303.88502540217667,11.658137130187242
4939209.6290438995,-2.5,3.652965892784917,0.12094380080351008,0.3013373672083032,304.0484522843273,303.74555499999445,303.88502540217667,11.658137130187242
4939210.393696533,-2.5,3.6533836389556393,0.12092300106189015,0.3014435689628284,304.0484522843273,303.74555499999445,303.88502540217667,11.658137130187242
4939211.923001798,-2.5,3.6541806422954037,0.1208834275603172,0.3016559724718789,304.0484522843273,303.74555499999445,303.88502540217667,11.658137130187242
4939213.299376536,-2.5,3.65485933548301,0.1208497901560172,0.3018471356300244,304.0484522843273,303.74555499999445,303.88502540217667,11.658137130187242
4939214.675751274,-2.5,3.655506249198966,0.12081774113555317,0.30203829878816985,304.0484522843273,303.74555499999445,303.88502540217667,11.658137130187242
4939216.052126014,-2.5,3.6561252741863655,0.12078705479548832,0.3022294619463153,304.0484522843273,303.74555499999445,303.88502540217667,11.658137130187242
4939217.428500752,-2.5,3.656719683577218,0.12075754796797779,0.3024206251044607,304.0484522843273,303.74555499999445,303.88502540217667,11.658137130187242
4939218.804875491,-2.5,3.657292188738225,0.12072907672218709,0.30261178826260615,304.0484522843273,303.74555499999445,303.88502540217667,11.658137130187242
4939221.557624968,-2.5,3.6583803646788984,0.12067478859098267,0.3029941145788971,304.0484522843273,303.74555499999445,303.88502540217667,11.658137130187242
4939224.035099498,-2.5,3.6593042693810074,0.12062850565719334,0.3033382082635589,304.0484522843273,303.74555499999445,303.88502540217667,11.658137130187242
4939226.512574027,-2.5,3.660183862722413,0.1205842716632124,0.30368230194822077,304.0484522843273,303.74555499999445,303.88502540217667,11.658137130187242
4939228.990048557,-2.5,3.661025386150808,0.12054179005551895,0.3040263956328826,304.0484522843273,303.74555499999445,303.88502540217667,11.658137130187242
4939231.467523087,-2.5,3.6618338715558942,0.12050082447402337,0.3043704893175444,304.0484522843273,303.74555499999445,303.88502540217667,11.658137130187242
4939233.944997616,-2.5,3.6626133841073476,0.1204611878058331,0.3047145830022063,304.0484522843273,303.74555499999445,303.88502540217667,11.658137130187242
4939236.422472145,-2.5,3.663367241163294,0.12042272946293796,0.3050586766868681,304.0484522843273,303.74555499999445,303.88502540217667,11.658137130187242
4939238.899946675,-2.5,3.6640981693349244,0.12038532599536902,0.30540277037152996,304.0484522843273,303.74555499999445,303.88502540217667,11.658137130187242
4939243.854895734,-2.5,3.6655001098047193,0.12031328097394728,0.30609095774085354,304.0484522843273,303.74555499999445,303.88502540217667,11.658137130187242
4939248.809844794,-2.5,3.6668340700743776,0.12024437349167524,0.3067791451101771,304.0484522843273,303.74555499999445,303.88502540217667,11.658137130187242
4939253.764793852,-2.5,3.6681110574581,0.12017810205304266,0.3074673324795007,304.0484522843273,303.74555499999445,303.88502540217667,11.658137130187242
4939258.719742912,-2.5,3.6693390414062867,0.12011410770901824,0.3081555198488243,304.0484522843273,303.74555499999445,303.88502540217667,11.658137130187242
4939263.67469197,-2.5,3.6705242484320375,0.12005210409148566,0.3088437072181479,304.0484522843273,303.74555499999445,303.88502540217667,11.658137130187242
4939268.62964103,-2.5,3.671672282881865,0.11999182772401863,0.3095318945874715,304.0484522843273,303.74555499999445,303.88502540217667,11.658137130187242
4939273.584590089,-2.5,3.6727879626777598,0.11993305895043073,0.31022008195679507,304.0484522843273,303.74555499999445,303.88502540217667,11.658137130187242
4939278.539539148,-2.5,3.673874513112786,0.11987565683520761,0.31090826932611865,304.0484522843273,303.74555499999445,303.88502540217667,11.658137130187242
4939283.494488208,-2.5,3.674934021370673,0.1198195211214129,0.3115964566954422,304.0484522843273,303.74555499999445,303.88502540217667,11.658137130187242
4939288.449437266,-2.5,3.675969501948639,0.1197645047043929,0.31228464406476586,304.0484522843273,303.74555499999445,303.88502540217667,11.658137130187242
4939293.404386326,-2.5,3.676983494629226,0.11971049244416743,0.31297283143408944,304.0484522843273,303.74555499999445,303.88502540217667,11.658137130187242
4939298.359335384,-2.5,3.677977794108867,0.11965740587821527,0.313661018803413,304.0484522843273,303.74555499999445,303.88502540217667,11.658137130187242
4939303.314284444,-2.5,3.678953827131505,0.11960517934399759,0.3143492061727366,304.0484522843273,303.74555499999445,303.88502540217667,11.658137130187242
4939308.269233502,-2.5,3.67991293787593,0.11955374860001632,0.3150373935420602,304.0484522843273,303.74555499999445,303.88502540217667,11.658137130187242
4939313.224182562,-2.5,3.6808564060497213,0.11950305347441938,0.3157255809113838,304.0484522843273,303.74555499999445,303.88502540217667,11.658137130187242
4939323.13408068,-2.5,3.6827007915154026,0.1194036701203453,0.3171019556500311,304.0484522843273,303.74555499999445,303.88502540217667,11.658137130187242
4939333.043978798,-2.5,3.684494663576792,0.11930667968901797,0.31847833038867834,304.0484522843273,303.74555499999445,303.88502540217667,11.658137130187242
4939342.953876917,-2.5,3.6862440222202557,0.11921181103792043,0.3198547051273256,304.0484522843273,303.74555499999445,303.88502540217667,11.658137130187242
4939352.863775035,-2.5,3.687953759043336,0.11911884531960554,0.3212310798659729,304.0484522843273,303.74555499999445,303.88502540217667,11.658137130187242
4939362.7736731535,-2.5,3.6896280338532144,0.11902760081203406,0.32260745460462015,304.0484522843273,303.74555499999445,303.88502540217667,11.658137130187242
4939372.683571272,-2.5,3.6912704076706944,0.11893792670327116,0.3239838293432674,304.0484522843273,303.74555499999445,303.88502540217667,11.658137130187242
4939382.59346939,-2.5,3.6928839004572995,0.11884969907250555,0.3253602040819147,304.0484522843273,303.74555499999445,303.88502540217667,11.658137130187242
4939392.503367508,-2.5,3.694471094044,0.1187628154452596,0.32673657882056195,304.0484522843273,303.74555499999445,303.88502540217667,11.658137130187242
4939412.323163745,-2.5,3.6975752739457604,0.11859275191070635,0.3294893282978564,304.0484522843273,303.74555499999445,303.88502540217667,11.658137130187242
4939430.021804018,-2.5,3.7002779906667445,0.11844471261679904,0.3319474727802257,304.0484522843273,303.74555499999445,303.88502540217667,11.658137130187242
4939447.720444291,-2.5,3.7029244164212516,0.11829998559727188,0.334405617262595,304.0484522843273,303.74555499999445,303.88502540217667,11.658137130187242
4939465.419084564,-2.5,3.705521755476675,0.11815835790568868,0.33686376174496424,304.0484522843273,303.74555499999445,303.88502540217667,11.658137130187242
4939483.117724837,-2.5,3.7080760563877257,0.11801966729195798,0.33932190622733355,304.0484522843273,303.74555499999445,303.88502540217667,11.658137130187242
4939500.81636511,-2.5,3.710592563360973,0.11788378598198408,0.34178005070970285,304.0484522843273,303.74555499999445,303.88502540217667,11.658137130187242
4939518.515005383,-2.5,3.7130759474557826,0.1177506101997023,0.34423819519207216,304.0484522843273,303.74555499999445,303.88502540217667,11.658137130187242
4939536.213645656,-2.5,3.7155303987982347,0.11762005400062547,0.34669633967444147,304.0484522843273,303.74555499999445,303.88502540217667,11.658137130187242
4939553.91228593,-2.5,3.7179596727530435,0.11749204571142306,0.3491544841568107,304.0484522843273,303.74555499999445,303.88502540217667,11.658137130187242
4939560.0,-2.5,3.7187900601735313,0.11744859304809954,0.349999999999987,304.0484522843273,303.74555499999445,303.88502540217667,11.658137130187242
4939560.002001758,-2.5,3.718790332812162,0.11744857880817322,0.35000027802190314,304.0484522843273,303.74555499999445,303.88502540217667,11.658137130187242
4939560.0040035155,-2.5,3.718790605450528,0.11744856456827842,0.3500005560438193,304.0484522843273,303.74555499999445,303.88502540217667,11.658137130187242
4939560.008007031,-2.5,3.718791150726665,0.11744853608858218,0.3500011120876516,304.0484522843273,303.74555499999445,303.88502540217667,11.658137130187242
4939560.016014063,-2.5,3.718792241275706,0.11744847912956892,0.35000222417531623,304.0484522843273,303.74555499999445,303.88502540217667,11.658137130187242
4939560.032028125,-2.5,3.718794422361638,0.11744836521305399,0.3500044483506456,304.0484522843273,303.74555499999445,303.88502540217667,11.658137130187242
4939560.064056249,-2.5,3.7187987844828476,0.11744813738608421,0.35000889670130425,304.0484522843273,303.74555499999445,303.88502540217667,11.658137130187242
4939560.128112499,-2.5,3.7188075085229966,0.11744768175638196,0.3500177934026215,304.0484522843273,303.74555499999445,303.88502540217667,11.658137130187242
4939560.256224998,-2.5,3.7188249557930075,0.11744677059392916,0.350035586805256,304.0484522843273,303.74555499999445,303.88502540217667,11.658137130187242
4939560.512449996,-2.5,3.71885984709653,0.11744494865675519,0.350071173610525,304.0484522843273,303.74555499999445,303.88502540217667,11.658137130187242
4939561.024899992,-2.5,3.7189296167943,0.11744130633273407,0.350142347221063,304.0484522843273,303.74555499999445,303.88502540217667,11.658137130187242
4939562.049799983,-2.5,3.7190691048578324,0.11743402788114876,0.3502846944421391,304.0484522843273,303.74555499999445,303.88502540217667,11.658137130187242
4939564.099599967,-2.5,3.7193478780836364,0.11741949572533193,0.35056938888429123,304.0484522843273,303.74555499999445,303.88502540217667,11.658137130187242
4939568.199199934,-2.5,3.7199046320971836,0.11739053010012504,0.35113877776859553,304.0484522843273,303.74555499999445,303.88502540217667,11.658137130187242
4939576.398399868,-2.5,3.7210151197145978,0.11733299124953281,0.3522775555372041,304.0484522843273,303.74555499999445,303.88502540217667,11.658137130187242
4939584.597599802,-2.5,3.7221217892078657,0.11727597186921705,0.35341633330581257,304.0484522843273,303.74555499999445,303.88502540217667,11.658137130187242
4939600.99599967,-2.5,3.724325014761262,0.11716347157212988,0.35569388884302966,304.0484522843273,303.74555499999445,303.88502540217667,11.658137130187242
4939617.394399538,-2.5,3.7265162395018003,0.11705299657681471,0.35797144438024675,304.0484522843273,303.74555499999445,303.88502540217667,11.658137130187242
4939633.792799406,-2.5,3.7286973960701624,0.11694451581256758,0.3602489999174638,304.0484522843273,303.74555499999445,303.88502540217667,11.658137130187242
4939650.191199274,-2.5,3.7308703270408152,0.11683800028716096,0.3625265554546809,304.0484522843273,303.74555499999445,303.88502540217667,11.658137130187242
4939682.98799901,-2.5,3.73519779516313,0.11663076182277367,0.367081666529115,304.0484522843273,303.74555499999445,303.88502540217667,11.658137130187242
4939712.505118772,-2.5,3.7390802126534215,0.11645071589304744,0.3711812664961057,304.0484522843273,303.74555499999445,303.88502540217667,11.658137130187242
4939742.022238534,-2.5,3.742959452295235,0.11627666324870821,0.3752808664630965,304.0484522843273,303.74555499999445,303.88502540217667,11.658137130187242
4939771.539358296,-2.5,3.7468421079186527,0.11610848855397667,0.3793804664300872,304.0484522843273,303.74555499999445,303.88502540217667,11.658137130187242
4939801.056478059,-2.5,3.7507333686808213,0.11594608711187483,0.383480066397078,304.0484522843273,303.74555499999445,303.88502540217667,11.658137130187242
4939830.573597821,-2.5,3.7546373433439255,0.115789361518713,0.3875796663640687,304.0484522843273,303.74555499999445,303.88502540217667,11.658137130187242
4939860.090717584,-2.5,3.7585572011455657,0.11563822041998775,0.39167926633105943,304.0484522843273,303.74555499999445,303.88502540217667,11.658137130187242
4939889.607837346,-2.5,3.762495104825832,0.11549257848582942,0.3957788662980502,304.0484522843273,303.74555499999445,303.88502540217667,11.658137130187242
4939920.0,-2.5,3.7665697934869593,0.11534828109353006,0.39999999999998603,304.0484522843273,303.74555499999445,303.88502540217667,11.658137130187242
4939920.002165407,-2.5,3.766570084537012,0.11534827101524596,0.4000003007509948,304.0484522843273,303.74555499999445,303.88502540217667,11.658137130187242
4939920.004330815,-2.5,3.766570375587171,0.11534826093699065,0.4000006015020036,304.0484522843273,303.74555499999445,303.88502540217667,11.658137130187242
4939920.008661629,-2.5,3.76657095768788,0.11534824078056602,0.4000012030040212,304.0484522843273,303.74555499999445,303.88502540217667,11.658137130187242
4939920.017323258,-2.5,3.766572121890514,0.11534820046806185,0.40000240600805637,304.0484522843273,303.74555499999445,303.88502540217667,11.658137130187242
4939920.034646517,-2.5,3.766574450300995,0.11534811984443305,0.4000048120161267,304.0484522843273,303.74555499999445,303.88502540217667,11.658137130187242
4939920.069293032,-2.5,3.7665791071419723,0.1153479586026959,0.40000962403226736,304.0484522843273,303.74555499999445,303.88502540217667,11.658137130187242
4939920.138586065,-2.5,3.7665884209040783,0.11534763614130265,0.40001924806454864,304.0484522843273,303.74555499999445,303.88502540217667,11.658137130187242
4939920.27717213,-2.5,3.766607048748204,0.11534699130683913,0.40003849612911124,304.0484522843273,303.74555499999445,303.88502540217667,11.658137130187242
4939920.554344259,-2.5,3.766644305716079,0.1153457019911776,0.40007699225823645,304.0484522843273,303.74555499999445,303.88502540217667,11.658137130187242
4939921.108688518,-2.5,3.7667188247696926,0.11534312477270642,0.40015398451648687,304.0484522843273,303.74555499999445,303.88502540217667,11.658137130187242
4939922.217377038,-2.5,3.766867883348097,0.11533797598547751,0.40030796903298765,304.0484522843273,303.74555499999445,303.88502540217667,11.658137130187242
4939924.4347540755,-2.5,3.7671660823808724,0.11532770099635234,0.4006159380659892,304.0484522843273,303.74555499999445,303.88502540217667,11.658137130187242
4939928.86950815,-2.5,3.7677628077696963,0.11530724125180042,0.4012318761319924,304.0484522843273,303.74555499999445,303.88502540217667,11.658137130187242
4939937.739016301,-2.5,3.7689575645727387,0.11526668184512256,0.4024637522639988,304.0484522843273,303.74555499999445,303.88502540217667,11.658137130187242
4939955.478032602,-2.5,3.7713522475572963,0.11518699667765074,0.4049275045280116,304.0484522843273,303.74555499999445,303.88502540217667,11.658137130187242
4939973.217048903,-2.5,3.773753499525678,0.11510921105741634,0.40739125679202437,304.0484522843273,303.74555499999445,303.88502540217667,11.658137130187242
4939990.956065204,-2.5,3.7761609024658647,0.11503331086302332,0.40985500905603717,304.0484522843273,303.74555499999445,303.88502540217667,11.658137130187242
4940008.695081504,-2.5,3.7785739466931973,0.11495928243739174,0.41231876132004996,304.0484522843273,303.74555499999445,303.88502540217667,11.658137130187242
4940044.173114106,-2.5,3.7834142765691485,0.11481678904474106,0.41724626584807545,304.0484522843273,303.74555499999445,303.88502540217667,11.658137130187242
4940079.651146708,-2.5,3.7882685582039604,0.1146816309357955,0.422173770376101,304.0484522843273,303.74555499999445,303.88502540217667,11.658137130187242
4940115.12917931,-2.5,3.7931297360145675,0.11455371493062012,0.4271012749041265,304.0484522843273,303.74555499999445,303.88502540217667,11.658137130187242
4940150.607211912,-2.5,3.797989603326016,0.1144329548506455,0.43202877943215207,304.0484522843273,303.74555499999445,303.88502540217667,11.658137130187242
4940186.085244513,-2.5,3.8028390661304385,0.11431927108631326,0.4369562839601776,304.0484522843273,303.74555499999445,303.88502540217667,11.658137130187242
4940257.041309717,-2.5,3.812468726067406,0.11411284278688365,0.4468112930162287,304.0484522843273,303.74555499999445,303.88502540217667,11.658137130187242
4940280.0,-2.5,3.8155547441332764,0.11405195996162686,0.44999999999998647,304.0484522843273,303.74555499999445,303.88502540217667,11.658137130187242
4940280.002295797,-2.5,3.815555051819072,0.11405195401688976,0.4500003188606701,304.0484522843273,303.74555499999445,303.88502540217667,11.658137130187242
4940280.0045915935,-2.5,3.8155553595046787,0.11405194807218123,0.45000063772135374,304.0484522843273,303.74555499999445,303.88502540217667,11.658137130187242
4940280.009183188,-2.5,3.815555974875363,0.11405193618285002,0.45000127544272095,304.0484522843273,303.74555499999445,303.88502540217667,11.658137130187242
4940280.018366375,-2.5,3.8155572056144695,0.11405191240453091,0.4500025508854554,304.0484522843273,303.74555499999445,303.88502540217667,11.658137130187242
4940280.036732751,-2.5,3.8155596670837806,0.11405186484926592,0.4500051017709243,304.0484522843273,303.74555499999445,303.88502540217667,11.658137130187242
4940280.073465502,-2.5,3.8155645899864052,0.11405176974422922,0.45001020354186216,304.0484522843273,303.74555499999445,303.88502540217667,11.658137130187242
4940280.146931003,-2.5,3.8155744356477395,0.11405157955612882,0.4500204070837378,304.0484522843273,303.74555499999445,303.88502540217667,11.658137130187242
4940280.293862006,-2.5,3.815594126394135,0.1140511992678188,0.4500408141674891,304.0484522843273,303.74555499999445,303.88502540217667,11.658137130187242
4940280.587724012,-2.5,3.815633505579725,0.11405043904274735,0.45008162833499177,304.0484522843273,303.74555499999445,303.88502540217667,11.658137130187242
4940281.175448024,-2.5,3.815712254704786,0.11404891999868476,0.45016325666999707,304.0484522843273,303.74555499999445,303.88502540217667,11.658137130187242
4940282.350896048,-2.5,3.815869715834148,0.11404588753396609,0.4503265133400077,304.0484522843273,303.74555499999445,303.88502540217667,11.658137130187242
4940284.701792097,-2.5,3.816184488522143,0.11403984509085861,0.4506530266800289,304.0484522843273,303.74555499999445,303.88502540217667,11.658137130187242
4940289.4035841925,-2.5,3.8168134269503535,0.11402785009191388,0.4513060533600713,304.0484522843273,303.74555499999445,303.88502540217667,11.658137130187242
4940298.807168385,-2.5,3.818068807286742,0.11400421918391747,0.45261210672015606,304.0484522843273,303.74555499999445,303.88502540217667,11.658137130187242
4940317.61433677,-2.5,3.820569042333074,0.1139583901362686,0.45522421344032565,304.0484522843273,303.74555499999445,303.88502540217667,11.658137130187242
4940336.421505156,-2.5,3.823054192317784,0.11391446491450917,0.45783632016049525,304.0484522843273,303.74555499999445,303.88502540217667,11.658137130187242
4940355.228673541,-2.5,3.8255230860440816,0.11387243595703651,0.4604484268806649,304.0484522843273,303.74555499999445,303.88502540217667,11.658137130187242
4940374.035841926,-2.5,3.82797463680411,0.11383229605431573,0.4630605336008345,304.0484522843273,303.74555499999445,303.88502540217667,11.658137130187242
4940411.650178697,-2.5,3.832821740700348,0.11375765641488832,0.4682847470411736,304.0484522843273,303.74555499999445,303.88502540217667,11.658137130187242
4940449.264515467,-2.5,3.8375886281953973,0.11369049527942923,0.4735089604815128,304.0484522843273,303.74555499999445,303.88502540217667,11.658137130187242
4940486.878852237,-2.5,3.8422700505236853,0.11363076729378202,0.478733173921852,304.0484522843273,303.74555499999445,303.88502540217667,11.658137130187242
4940524.493189008,-2.5,3.8468623448545363,0.1135784324437168,0.4839573873621911,304.0484522843273,303.74555499999445,303.88502540217667,11.658137130187242
4940562.107525778,-2.5,3.8513634358174187,0.11353345589699158,0.4891816008025303,304.0484522843273,303.74555499999445,303.88502540217667,11.658137130187242
4940637.336199319,-2.5,3.8600916678304436,0.11346546318033493,0.4996300276832087,304.0484522843273,303.74555499999445,303.88502540217667,11.658137130187242
4940640.0,-2.5,3.8603941383195823,0.11346359058326799,0.49999999999998834,304.0484522843273,303.74555499999445,303.88502540217667,11.658137130187242
4940640.002390009,-2.5,3.86039440950035,0.11346358891954135,0.5000003319456957,304.0484522843273,303.74555499999445,303.88502540217667,11.658137130187242
4940640.004780018,-2.5,3.8603946806807627,0.11346358725584409,0.5000006638914032,304.0484522843273,303.74555499999445,303.88502540217667,11.658137130187242
4940640.0095600365,-2.5,3.860395223040525,0.11346358392853781,0.500001327782818,304.0484522843273,303.74555499999445,303.88502540217667,11.658137130187242
4940640.019120073,-2.5,3.860396307755797,0.11346357727427804,0.5000026555656477,304.0484522843273,303.74555499999445,303.88502540217667,11.658137130187242
4940640.038240146,-2.5,3.8603984771692943,0.1134635639671696,0.5000053111313071,304.0484522843273,303.74555499999445,303.88502540217667,11.658137130187242
4940640.076480291,-2.5,3.860402815928065,0.11346353735859713,0.5000106222626258,304.0484522843273,303.74555499999445,303.88502540217667,11.658137130187242
4940640.152960582,-2.5,3.8604114931727547,0.11346348416402985,0.5000212445252633,304.0484522843273,303.74555499999445,303.88502540217667,11.658137130187242
4940640.305921164,-2.5,3.8604288465706813,0.11346337786520556,0.5000424890505383,304.0484522843273,303.74555499999445,303.88502540217667,11.658137130187242
4940640.611842328,-2.5,3.860463549001504,0.11346316562879405,0.5000849781010883,304.0484522843273,303.74555499999445,303.88502540217667,11.658137130187242
4940641.2236846555,-2.5,3.8605329364093026,0.11346274260088625,0.5001699562021883,304.0484522843273,303.74555499999445,303.88502540217667,11.658137130187242
4940642.447369312,-2.5,3.860671641460282,0.1134619023244696,0.5003399124043884,304.0484522843273,303.74555499999445,303.88502540217667,11.658137130187242
4940644.894738623,-2.5,3.8609487729148433,0.11346024488715334,0.5006798248087884,304.0484522843273,303.74555499999445,303.88502540217667,11.658137130187242
4940649.789477247,-2.5,3.861501924594982,0.1134570224582389,0.5013596496175885,304.0484522843273,303.74555499999445,303.88502540217667,11.658137130187242
4940659.578954494,-2.5,3.8626038110597967,0.11345094725696742,0.5027192992351885,304.0484522843273,303.74555499999445,303.88502540217667,11.658137130187242
4940679.157908987,-2.5,3.864790158388429,0.11344027454162171,0.5054385984703889,304.0484522843273,303.74555499999445,303.88502540217667,11.658137130187242
4940718.315817974,-2.5,3.869095360393769,0.11342483348291164,0.5108771969407895,304.0484522843273,303.74555499999445,303.88502540217667,11.658137130187242
4940757.473726961,-2.5,3.8733153827443005,0.11341725595803252,0.5163157954111901,304.0484522843273,303.74555499999445,303.88502540217667,11.658137130187242
4940796.631635947,-2.5,3.877457111831289,0.11341753587479465,0.5217543938815907,304.0484522843273,303.74555499999445,303.88502540217667,11.658137130187242
4940835.789544934,-2.5,3.8815285325439772,0.11342567248543899,0.5271929923519914,304.0484522843273,303.74555499999445,303.88502540217667,11.658137130187242
4940914.105362908,-2.5,3.889497221181388,0.11346553939881779,0.5380701892927926,304.0484522843273,303.74555499999445,303.88502540217667,11.658137130187242
4940984.589599085,-2.5,3.8965287872209067,0.1135283908814233,0.5478596665395137,304.0484522843273,303.74555499999445,303.88502540217667,11.658137130187242
4941000.0,-2.5,3.8980557017596165,0.11354554885336886,0.5499999999999884,304.0484522843273,303.74555499999445,303.88502540217667,11.658137130187242
4941000.0024305135,-2.5,3.898055942405837,0.11354555165642707,0.5500003375712765,304.0484522843273,303.74555499999445,303.88502540217667,11.658137130187242
4941000.004861027,-2.5,3.8980561830520046,0.11354555445951586,0.5500006751425648,304.0484522843273,303.74555499999445,303.88502540217667,11.658137130187242
4941000.009722053,-2.5,3.898056664344201,0.11354556006578521,0.5500013502851411,304.0484522843273,303.74555499999445,303.88502540217667,11.658137130187242
4941000.019444106,-2.5,3.898057626928006,0.11354557127869087,0.5500027005702937,304.0484522843273,303.74555499999445,303.88502540217667,11.658137130187242
4941000.038888212,-2.5,3.898059552093276,0.11354559370597016,0.5500054011405988,304.0484522843273,303.74555499999445,303.88502540217667,11.658137130187242
4941000.077776425,-2.5,3.8980634024144485,0.1135456385664005,0.5500108022812091,304.0484522843273,303.74555499999445,303.88502540217667,11.658137130187242
4941000.155552849,-2.5,3.898071103019351,0.11354572831074836,0.55002160456243,304.0484522843273,303.74555499999445,303.88502540217667,11.658137130187242
4941000.311105699,-2.5,3.898086504079779,0.11354590789339367,0.5500432091248715,304.0484522843273,303.74555499999445,303.88502540217667,11.658137130187242
4941000.622211399,-2.5,3.8981173056062053,0.11354626743448924,0.5500864182497545,304.0484522843273,303.74555499999445,303.88502540217667,11.658137130187242
4941001.244422796,-2.5,3.8981789063062795,0.1135469880199521,0.5501728364995204,304.0484522843273,303.74555499999445,303.88502540217667,11.658137130187242
4941002.488845593,-2.5,3.898302098495242,0.1135484352043827,0.5503456729990525,304.0484522843273,303.74555499999445,303.88502540217667,11.658137130187242
4941004.977691187,-2.5,3.898548447632832,0.11355135363062785,0.5506913459981165,304.0484522843273,303.74555499999445,303.88502540217667,11.658137130187242
4941009.955382373,-2.5,3.8990410178654304,0.11355728673985374,0.5513826919962446,304.0484522843273,303.74555499999445,303.88502540217667,11.658137130187242
4941019.910764746,-2.5,3.900025750867419,0.11356953820748418,0.5527653839925006,304.0484522843273,303.74555499999445,303.88502540217667,11.658137130187242
4941039.821529492,-2.5,3.9019944473752632,0.11359558399158759,0.555530767985013,304.0484522843273,303.74555499999445,303.88502540217667,11.658137130187242
4941079.643058985,-2.5,3.905936042999489,0.1136538629641063,0.5610615359700375,304.0484522843273,303.74555499999445,303.88502540217667,11.658137130187242
4941119.464588476,-2.5,3.909898344668096,0.1137204256143382,0.566592303955062,304.0484522843273,303.74555499999445,303.88502540217667,11.658137130187242
4941159.286117969,-2.5,3.9139018197592232,0.11379531767742378,0.5721230719400866,304.0484522843273,303.74555499999445,303.88502540217667,11.658137130187242
4941199.107647461,-2.5,3.9179701687891044,0.11387859086298963,0.5776538399251111,304.0484522843273,303.74555499999445,303.88502540217667,11.658137130187242
4941278.750706445,-2.5,3.9264165061639624,0.11407051783051055,0.5887153758951602,304.0484522843273,303.74555499999445,303.88502540217667,11.658137130187242
4941358.39376543,-2.5,3.9355154282933102,0.11429674365800677,0.5997769118652093,304.0484522843273,303.74555499999445,303.88502540217667,11.658137130187242
4941360.0,-2.5,3.935707982054458,0.1143016632626945,0.5999999999999888,304.0484522843273,303.74555499999445,303.88502540217667,11.658137130187242
4941360.002389286,-2.5,3.9357082687842793,0.1143016705912295,0.6000003318452842,304.0484522843273,303.74555499999445,303.88502540217667,11.658137130187242
4941360.004778572,-2.5,3.935708555515008,0.11430167791979597,0.6000006636905797,304.0484522843273,303.74555499999445,303.88502540217667,11.658137130187242
4941360.009557145,-2.5,3.935709128979186,0.11430169257702315,0.6000013273811707,304.0484522843273,303.74555499999445,303.88502540217667,11.658137130187242
4941360.019114289,-2.5,3.935710275918427,0.114301721891855,0.6000026547623527,304.0484522843273,303.74555499999445,303.88502540217667,11.658137130187242
4941360.038228578,-2.5,3.9357125698404625,0.11430178052302829,0.6000053095247164,304.0484522843273,303.74555499999445,303.88502540217667,11.658137130187242
4941360.076457156,-2.5,3.935717157858757,0.11430189779141328,0.6000106190494442,304.0484522843273,303.74555499999445,303.88502540217667,11.658137130187242
4941360.152914312,-2.5,3.935726334592327,0.11430213235233712,0.6000212380988996,304.0484522843273,303.74555499999445,303.88502540217667,11.658137130187242
4941360.305828624,-2.5,3.9357446908486597,0.11430260157080255,0.6000424761978105,304.0484522843273,303.74555499999445,303.88502540217667,11.658137130187242
4941360.611657249,-2.5,3.935781414527477,0.11430354039422132,0.6000849523956322,304.0484522843273,303.74555499999445,303.88502540217667,11.658137130187242
4941361.223314498,-2.5,3.935854906625526,0.11430541958714863,0.6001699047912757,304.0484522843273,303.74555499999445,303.88502540217667,11.658137130187242
4941362.446628994,-2.5,3.9360020703895064,0.11430918415846765,0.6003398095825627,304.0484522843273,303.74555499999445,303.88502540217667,11.658137130187242
4941364.893257989,-2.5,3.9362971210432756,0.11431673805182374,0.6006796191651367,304.0484522843273,303.74555499999445,303.88502540217667,11.658137130187242
4941369.786515978,-2.5,3.936890153746966,0.11433194491260734,0.6013592383302846,304.0484522843273,303.74555499999445,303.88502540217667,11.658137130187242
4941379.573031956,-2.5,3.9380882565426334,0.11436275550514775,0.6027184766605805,304.0484522843273,303.74555499999445,303.88502540217667,11.658137130187242
4941399.146063913,-2.5,3.940535106986628,0.11442596885345685,0.6054369533211723,304.0484522843273,303.74555499999445,303.88502540217667,11.658137130187242
4941438.292127825,-2.5,3.9456509952514454,0.11455880296086952,0.6108739066423557,304.0484522843273,303.74555499999445,303.88502540217667,11.658137130187242
4941516.58425565,-2.5,3.956907157502918,0.11485043252140405,0.6217478132847227,304.0484522843273,303.74555499999445,303.88502540217667,11.658137130187242
4941594.876383475,-2.5,3.96964588554667,0.11517737138169741,0.6326217199270896,304.0484522843273,303.74555499999445,303.88502540217667,11.658137130187242
4941673.1685113,-2.5,3.983635022328824,0.11554055292036916,0.6434956265694565,304.0484522843273,303.74555499999445,303.88502540217667,11.658137130187242
4941720.0,-2.5,3.9923254922522635,0.1157755496046837,0.649999999999988,304.0484522843273,303.74555499999445,303.88502540217667,11.658137130187242
4941720.002218976,-2.5,3.9923259057964655,0.11577556105929065,0.6500003081910823,304.0484522843273,303.74555499999445,303.88502540217667,11.658137130187242
4941720.004437951,-2.5,3.9923263193406986,0.11577557251392809,0.6500006163821768,304.0484522843273,303.74555499999445,303.88502540217667,11.658137130187242
4941720.008875904,-2.5,3.992327146429221,0.11577559542329452,0.6500012327643655,304.0484522843273,303.74555499999445,303.88502540217667,11.658137130187242
4941720.017751807,-2.5,3.9923288006065376,0.11577564124239349,0.650002465528743,304.0484522843273,303.74555499999445,303.88502540217667,11.658137130187242
4941720.035503614,-2.5,3.992332108962272,0.11577573288205575,0.650004931057498,304.0484522843273,303.74555499999445,303.88502540217667,11.658137130187242
4941720.071007228,-2.5,3.992338725678063,0.11577591616723815,0.6500098621150079,304.0484522843273,303.74555499999445,303.88502540217667,11.658137130187242
4941720.142014456,-2.5,3.9923519591266534,0.11577628276103422,0.6500197242300276,304.0484522843273,303.74555499999445,303.88502540217667,11.658137130187242
4941720.284028913,-2.5,3.9923784260895308,0.11577701604235496,0.6500394484600672,304.0484522843273,303.74555499999445,303.88502540217667,11.658137130187242
4941720.568057825,-2.5,3.9924313602595243,0.11577848297993572,0.6500788969201464,304.0484522843273,303.74555499999445,303.88502540217667,11.658137130187242
4941721.136115651,-2.5,3.9925372294280415,0.11578141835505493,0.6501577938403048,304.0484522843273,303.74555499999445,303.88502540217667,11.658137130187242
4941722.2722313,-2.5,3.992748969893677,0.11578729510672872,0.6503155876806215,304.0484522843273,303.74555499999445,303.88502540217667,11.658137130187242
4941724.544462601,-2.5,3.9931724498825893,0.11579907262867642,0.650631175361255,304.0484522843273,303.74555499999445,303.88502540217667,11.658137130187242
4941729.088925202,-2.5,3.994019330910663,0.11582272385016083,0.651262350722522,304.0484522843273,303.74555499999445,303.88502540217667,11.658137130187242
4941738.177850405,-2.5,3.9957121842012486,0.11587041183413452,0.652524701445056,304.0484522843273,303.74555499999445,303.88502540217667,11.658137130187242
4941756.355700809,-2.5,3.999089675035031,0.11596733669414032,0.6550494028901239,304.0484522843273,303.74555499999445,303.88502540217667,11.658137130187242
4941792.711401618,-2.5,4.0057785246507684,0.11616743715174949,0.6600988057802599,304.0484522843273,303.74555499999445,303.88502540217667,11.658137130187242
4941865.422803236,-2.5,4.018695649931694,0.1165931045446205,0.6701976115605318,304.0484522843273,303.74555499999445,303.88502540217667,11.658137130187242
4941938.134204854,-2.5,4.030835113882614,0.11705367488867129,0.6802964173408037,304.0484522843273,303.74555499999445,303.88502540217667,11.658137130187242
4942010.845606471,-2.5,4.0422501059086615,0.11755039070878234,0.6903952231210757,304.0484522843273,303.74555499999445,303.88502540217667,11.658137130187242
4942080.0,-2.5,4.052600656537911,0.11805759486712027,0.6999999999999886,304.0484522843273,303.74555499999445,303.88502540217667,11.658137130187242
4942080.00183575,-2.5,4.052600926230483,0.11805760879286659,0.7000002549653438,304.0484522843273,303.74555499999445,303.88502540217667,11.658137130187242
4942080.003671501,-2.5,4.0526011959228185,0.11805762271863772,0.700000509930699,304.0484522843273,303.74555499999445,303.88502540217667,11.658137130187242
4942080.007343003,-2.5,4.052601735306786,0.11805765057025451,0.7000010198614093,304.0484522843273,303.74555499999445,303.88502540217667,11.658137130187242
4942080.014686004,-2.5,4.0526028140718955,0.11805770627378591,0.7000020397228299,304.0484522843273,303.74555499999445,303.88502540217667,11.658137130187242
4942080.0293720085,-2.5,4.052604971590794,0.1180578176820402,0.7000040794456711,304.0484522843273,303.74555499999445,303.88502540217667,11.658137130187242
4942080.058744018,-2.5,4.052609286583346,0.11805804050331471,0.7000081588913536,304.0484522843273,303.74555499999445,303.88502540217667,11.658137130187242
4942080.117488036,-2.5,4.052617916387472,0.11805848616492785,0.7000163177827187,304.0484522843273,303.74555499999445,303.88502540217667,11.658137130187242
4942080.234976071,-2.5,4.052635175272153,0.11805937756441345,0.7000326355654487,304.0484522843273,303.74555499999445,303.88502540217667,11.658137130187242
4942080.469952143,-2.5,4.052669690149358,0.11806116066844541,0.7000652711309087,304.0484522843273,303.74555499999445,303.88502540217667,11.658137130187242
4942080.939904286,-2.5,4.052738708352543,0.11806472809693898,0.7001305422618288,304.0484522843273,303.74555499999445,303.88502540217667,11.658137130187242
4942081.87980857,-2.5,4.052876698693037,0.11807186783714085,0.700261084523669,304.0484522843273,303.74555499999445,303.88502540217667,11.658137130187242
4942083.759617141,-2.5,4.053152496214942,0.11808616686238346,0.7005221690473492,304.0484522843273,303.74555499999445,303.88502540217667,11.658137130187242
4942087.519234282,-2.5,4.0537033673395175,0.11811484318829374,0.7010443380947098,304.0484522843273,303.74555499999445,303.88502540217667,11.658137130187242
4942095.038468564,-2.5,4.054802281729202,0.11817250971402565,0.702088676189431,304.0484522843273,303.74555499999445,303.88502540217667,11.658137130187242
4942110.076937128,-2.5,4.056989310258141,0.11828910449772279,0.7041773523788735,304.0484522843273,303.74555499999445,303.88502540217667,11.658137130187242
4942140.153874256,-2.5,4.0613237390634165,0.11852739184370846,0.7083547047577582,304.0484522843273,303.74555499999445,303.88502540217667,11.658137130187242
4942200.307748511,-2.5,4.069854200319177,0.11902478024190462,0.7167094095155278,304.0484522843273,303.74555499999445,303.88502540217667,11.658137130187242
4942320.615497024,-2.5,4.0863923540928795,0.12010646200036455,0.7334188190310669,304.0484522843273,303.74555499999445,303.88502540217667,11.658137130187242
4942440.0,-2.5,4.101870645906781,0.12130205303282356,0.7499999999999888,304.0484522843273,303.74555499999445,303.88502540217667,11.658137130187242
4942440.001118682,-2.5,4.101870784884786,0.12130206483803717,0.7500001553725779,304.0484522843273,303.74555499999445,303.88502540217667,11.658137130187242
4942440.002237366,-2.5,4.101870923862667,0.12130207664326234,0.7500003107451672,304.0484522843273,303.74555499999445,303.88502540217667,11.658137130187242
4942440.00447473,-2.5,4.101871201818017,0.12130210025374759,0.7500006214903455,304.0484522843273,303.74555499999445,303.88502540217667,11.658137130187242
4942440.008949461,-2.5,4.101871757727118,0.12130214747485732,0.7500012429807021,304.0484522843273,303.74555499999445,303.88502540217667,11.658137130187242
4942440.017898922,-2.5,4.10187286953889,0.12130224191763357,0.7500024859614156,304.0484522843273,303.74555499999445,303.88502540217667,11.658137130187242
4942440.035797845,-2.5,4.101875093136772,0.12130243080541392,0.7500049719228424,304.0484522843273,303.74555499999445,303.88502540217667,11.658137130187242
4942440.071595689,-2.5,4.101879540229831,0.12130280858988565,0.7500099438456962,304.0484522843273,303.74555499999445,303.88502540217667,11.658137130187242
4942440.143191379,-2.5,4.101888434005039,0.12130356419447443,0.7500198876914036,304.0484522843273,303.74555499999445,303.88502540217667,11.658137130187242
4942440.286382756,-2.5,4.101906219911335,0.12130507554624187,0.7500397753828184,304.0484522843273,303.74555499999445,303.88502540217667,11.658137130187242
4942440.572765512,-2.5,4.1019417851429445,0.12130809882020531,0.7500795507656481,304.0484522843273,303.74555499999445,303.88502540217667,11.658137130187242
4942441.145531026,-2.5,4.102012889246673,0.12131414765039687,0.7501591015313075,304.0484522843273,303.74555499999445,303.88502540217667,11.658137130187242
4942442.291062051,-2.5,4.102154991731516,0.12132625444424887,0.7503182030626262,304.0484522843273,303.74555499999445,303.88502540217667,11.658137130187242
4942444.582124102,-2.5,4.10243877153003,0.12135050460116084,0.7506364061252636,304.0484522843273,303.74555499999445,303.88502540217667,11.658137130187242
4942449.164248204,-2.5,4.103004612140355,0.12139915147531576,0.7512728122505384,304.0484522843273,303.74555499999445,303.88502540217667,11.658137130187242
4942458.328496408,-2.5,4.104129270167982,0.12149703374647489,0.7525456245010881,304.0484522843273,303.74555499999445,303.88502540217667,11.658137130187242
4942476.656992815,-2.5,4.106349304162797,0.12169517085132908,0.7550912490021875,304.0484522843273,303.74555499999445,303.88502540217667,11.658137130187242
4942513.313985632,-2.5,4.110662613456934,0.12210108666323378,0.7601824980043863,304.0484522843273,303.74555499999445,303.88502540217667,11.658137130187242
4942586.627971264,-2.5,4.118705501747073,0.12295275553120373,0.7703649960087837,304.0484522843273,303.74555499999445,303.88502540217667,11.658137130187242
4942733.255942526,-2.5,4.131926780870953,0.1248266648183596,0.7907299920175788,304.0484522843273,303.74555499999445,303.88502540217667,11.658137130187242
4942800.0,-2.5,4.136526990125987,0.12576120473024302,0.7999999999999882,304.0484522843273,303.74555499999445,303.88502540217667,11.658137130187242
4946400.0,0.0,4.086222508249432,0.0,0.7999999999999882,303.9500002582542,303.9499999999964,303.9500000029542,2.3875851184129716e-07
4946400.001649222,0.0,4.086221621667363,0.0,0.7999999999999882,303.9500002582542,303.9499999999964,303.9500000029542,2.3875851184129716e-07
4946400.003298444,0.0,4.086220735160519,0.0,0.7999999999999882,303.9500002582542,303.9499999999964,303.9500000029542,2.3875851184129716e-07
4946400.006596888,0.0,4.086218962301309,0.0,0.7999999999999882,303.9500002582542,303.9499999999964,303.9500000029542,2.3875851184129716e-07
4946400.013193776,0.0,4.086215417511285,0.0,0.7999999999999882,303.9500002582542,303.9499999999964,303.9500000029542,2.3875851184129716e-07
4946400.026387552,0.0,4.086208331348016,0.0,0.7999999999999882,303.9500002582542,303.9499999999964,303.9500000029542,2.3875851184129716e-07
4946400.052775104,0.0,4.086194173399769,0.0,0.7999999999999882,303.9500002582542,303.9499999999964,303.9500000029542,2.3875851184129716e-07
4946400.105550208,0.0,4.08616591471418,0.0,0.7999999999999882,303.9500002582542,303.9499999999964,303.9500000029542,2.3875851184129716e-07
4946400.211100415,0.0,4.086109625199712,0.0,0.7999999999999882,303.9500002582542,303.9499999999964,303.9500000029542,2.3875851184129716e-07
4946400.422200832,0.0,4.085997945035409,0.0,0.7999999999999882,303.9500002582542,303.9499999999964,303.9500000029542,2.3875851184129716e-07
4946400.633301247,0.0,4.085887457450209,0.0,0.7999999999999882,303.9500002582542,303.9499999999964,303.9500000029542,2.3875851184129716e-07
4946400.844401663,0.0,4.085778147391038,0.0,0.7999999999999882,303.9500002582542,303.9499999999964,303.9500000029542,2.3875851184129716e-07
4946401.0555020785,0.0,4.0856699979835325,0.0,0.7999999999999882,303.9500002582542,303.9499999999964,303.9500000029542,2.3875851184129716e-07
4946401.47770291,0.0,4.0854571305911,0.0,0.7999999999999882,303.9500002582542,303.9499999999964,303.9500000029542,2.3875851184129716e-07
4946401.899903742,0.0,4.085248716562161,0.0,0.7999999999999882,303.9500002582542,303.9499999999964,303.9500000029542,2.3875851184129716e-07
4946402.322104573,0.0,4.085044597336179,0.0,0.7999999999999882,303.9500002582542,303.9499999999964,303.9500000029542,2.3875851184129716e-07
4946402.744305404,0.0,4.084844626954821,0.0,0.7999999999999882,303.9500002582542,303.9499999999964,303.9500000029542,2.3875851184129716e-07
4946403.1665062355,0.0,4.084648677967085,0.0,0.7999999999999882,303.9500002582542,303.9499999999964,303.9500000029542,2.3875851184129716e-07
4946403.588707067,0.0,4.084456635648464,0.0,0.7999999999999882,303.9500002582542,303.9499999999964,303.9500000029542,2.3875851184129716e-07
4946404.010907899,0.0,4.0842683807291005,0.0,0.7999999999999882,303.9500002582542,303.9499999999964,303.9500000029542,2.3875851184129716e-07
4946404.43310873,0.0,4.0840837829486105,0.0,0.7999999999999882,303.9500002582542,303.9499999999964,303.9500000029542,2.3875851184129716e-07
4946405.277510393,0.0,4.083725078935355,0.0,0.7999999999999882,303.9500002582542,303.9499999999964,303.9500000029542,2.3875851184129716e-07
4946406.0374718895,0.0,4.083413578043627,0.0,0.7999999999999882,303.9500002582542,303.9499999999964,303.9500000029542,2.3875851184129716e-07
4946406.797433387,0.0,4.083112144924139,0.0,0.7999999999999882,303.9500002582542,303.9499999999964,303.9500000029542,2.3875851184129716e-07
4946407.557394883,0.0,4.082820177185244,0.0,0.7999999999999882,303.9500002582542,303.9499999999964,303.9500000029542,2.3875851184129716e-07
4946408.31735638,0.0,4.0825371121466825,0.0,0.7999999999999882,303.9500002582542,303.9499999999964,303.9500000029542,2.3875851184129716e-07
4946409.077317876,0.0,4.08226242344312,0.0,0.7999999999999882,303.9500002582542,303.9499999999964,303.9500000029542,2.3875851184129716e-07
4946410.597240869,0.0,4.081736195246844,0.0,0.7999999999999882,303.9500002582542,303.9499999999964,303.9500000029542,2.3875851184129716e-07
4946412.117163862,0.0,4.08123795036787,0.0,0.7999999999999882,303.9500002582542,303.9499999999964,303.9500000029542,2.3875851184129716e-07
4946414.018053054,0.0,4.080649900743955,0.0,0.7999999999999882,303.9500002582542,303.9499999999964,303.9500000029542,2.3875851184129716e-07
4946415.918942245,0.0,4.080095985014252,0.0,0.7999999999999882,303.9500002582542,303.9499999999964,303.9500000029542,2.3875851184129716e-07
4946417.819831436,0.0,4.079571667475021,0.0,0.7999999999999882,303.9500002582542,303.9499999999964,303.9500000029542,2.3875851184129716e-07
4946419.720720626,0.0,4.079073235367839,0.0,0.7999999999999882,303.9500002582542,303.9499999999964,303.9500000029542,2.3875851184129716e-07
4946421.621609818,0.0,4.078597655842833,0.0,0.7999999999999882,303.9500002582542,303.9499999999964,303.9500000029542,2.3875851184129716e-07
4946423.522499009,0.0,4.078142268061311,0.0,0.7999999999999882,303.9500002582542,303.9499999999964,303.9500000029542,2.3875851184129716e-07
4946425.4233882,0.0,4.077705115596918,0.0,0.7999999999999882,303.9500002582542,303.9499999999964,303.9500000029542,2.3875851184129716e-07
4946427.324277391,0.0,4.077284483305721,0.0,0.7999999999999882,303.9500002582542,303.9499999999964,303.9500000029542,2.3875851184129716e-07
4946429.2251665825,0.0,4.076879005529133,0.0,0.7999999999999882,303.9500002582542,303.9499999999964,303.9500000029542,2.3875851184129716e-07
4946433.026944964,0.0,4.076108074362016,0.0,0.7999999999999882,303.9500002582542,303.9499999999964,303.9500000029542,2.3875851184129716e-07
4946436.448545508,0.0,4.075454317019519,0.0,0.7999999999999882,303.9500002582542,303.9499999999964,303.9500000029542,2.3875851184129716e-07
4946439.870146052,0.0,4.074833552309262,0.0,0.7999999999999882,303.9500002582542,303.9499999999964,303.9500000029542,2.3875851184129716e-07
4946443.291746596,0.0,4.074241741343741,0.0,0.7999999999999882,303.9500002582542,303.9499999999964,303.9500000029542,2.3875851184129716e-07
4946446.71334714,0.0,4.073675568058632,0.0,0.7999999999999882,303.9500002582542,303.9499999999964,303.9500000029542,2.3875851184129716e-07
4946450.134947684,0.0,4.073132405812135,0.0,0.7999999999999882,303.9500002582542,303.9499999999964,303.9500000029542,2.3875851184129716e-07
4946456.978148771,0.0,4.072106431522703,0.0,0.7999999999999882,303.9500002582542,303.9499999999964,303.9500000029542,2.3875851184129716e-07
4946463.137029751,0.0,4.071243347706792,0.0,0.7999999999999882,303.9500002582542,303.9499999999964,303.9500000029542,2.3875851184129716e-07
4946469.29591073,0.0,4.070429711015399,0.0,0.7999999999999882,303.9500002582542,303.9499999999964,303.9500000029542,2.3875851184129716e-07
4946475.454791709,0.0,4.069659514873827,0.0,0.7999999999999882,303.9500002582542,303.9499999999964,303.9500000029542,2.3875851184129716e-07
4946481.613672689,0.0,4.0689277986765156,0.0,0.7999999999999882,303.9500002582542,303.9499999999964,303.9500000029542,2.3875851184129716e-07
4946487.772553667,0.0,4.068230550406193,0.0,0.7999999999999882,303.9500002582542,303.9499999999964,303.9500000029542,2.3875851184129716e-07
4946493.931434646,0.0,4.067564501111836,0.0,0.7999999999999882,303.9500002582542,303.9499999999964,303.9500000029542,2.3875851184129716e-07
4946500.090315625,0.0,4.066926950593419,0.0,0.7999999999999882,303.9500002582542,303.9499999999964,303.9500000029542,2.3875851184129716e-07
4946506.249196605,0.0,4.066315537800719,0.0,0.7999999999999882,303.9500002582542,303.9499999999964,303.9500000029542,2.3875851184129716e-07
4946518.5669585625,0.0,4.065163344210871,0.0,0.7999999999999882,303.9500002582542,303.9499999999964,303.9500000029542,2.3875851184129716e-07
4946530.884720521,0.0,4.064093882912377,0.0,0.7999999999999882,303.9500002582542,303.9499999999964,303.9500000029542,2.3875851184129716e-07
4946541.970706283,0.0,4.06319348436725,0.0,0.7999999999999882,303.9500002582542,303.9499999999964,303.9500000029542,2.3875851184129716e-07
4946553.056692046,0.0,4.062345778338157,0.0,0.7999999999999882,303.9500002582542,303.9499999999964,303.9500000029542,2.3875851184129716e-07
4946564.142677808,0.0,4.0615457063526135,0.0,0.7999999999999882,303.9500002582542,303.9499999999964,303.9500000029542,2.3875851184129716e-07
4946575.22866357,0.0,4.0607888322660255,0.0,0.7999999999999882,303.9500002582542,303.9499999999964,303.9500000029542,2.3875851184129716e-07
4946586.314649333,0.0,4.060071328260063,0.0,0.7999999999999882,303.9500002582542,303.9499999999964,303.9500000029542,2.3875851184129716e-07
4946597.400635095,0.0,4.059389929584508,0.0,0.7999999999999882,303.9500002582542,303.9499999999964,303.9500000029542,2.3875851184129716e-07
4946608.486620857,0.0,4.058741845129177,0.0,0.7999999999999882,303.9500002582542,303.9499999999964,303.9500000029542,2.3875851184129716e-07
4946619.57260662,0.0,4.058124604932995,0.0,0.7999999999999882,303.9500002582542,303.9499999999964,303.9500000029542,2.3875851184129716e-07
4946641.7445781445,0.0,4.056974195411248,0.0,0.7999999999999882,303.9500002582542,303.9499999999964,303.9500000029542,2.3875851184129716e-07
4946661.699352517,0.0,4.056024542244989,0.0,0.7999999999999882,303.9500002582542,303.9499999999964,303.9500000029542,2.3875851184129716e-07
4946681.654126889,0.0,4.0551465719888595,0.0,0.7999999999999882,303.9500002582542,303.9499999999964,303.9500000029542,2.3875851184129716e-07
4946701.608901261,0.0,4.054333035817248,0.0,0.7999999999999882,303.9500002582542,303.9499999999964,303.9500000029542,2.3875851184129716e-07
4946721.563675634,0.0,4.053578013832742,0.0,0.7999999999999882,303.9500002582542,303.9499999999964,303.9500000029542,2.3875851184129716e-07
4946741.518450006,0.0,4.052875981655192,0.0,0.7999999999999882,303.9500002582542,303.9499999999964,303.9500000029542,2.3875851184129716e-07
4946760.0,0.0,4.052268544990872,0.0,0.7999999999999882,303.9500002582542,303.9499999999964,303.9500000029542,2.3875851184129716e-07
4946760.007174383,0.0,4.052268316677839,0.0,0.7999999999999882,303.9500002582542,303.9499999999964,303.9500000029542,2.3875851184129716e-07
4946760.014348766,0.0,4.052268088370527,0.0,0.7999999999999882,303.9500002582542,303.9499999999964,303.9500000029542,2.3875851184129716e-07
4946760.028697532,0.0,4.052267631769566,0.0,0.7999999999999882,303.9500002582542,303.9499999999964,303.9500000029542,2.3875851184129716e-07
4946760.057395063,0.0,4.0522667186374095,0.0,0.7999999999999882,303.9500002582542,303.9499999999964,303.9500000029542,2.3875851184129716e-07
4946760.114790126,0.0,4.052264892637917,0.0,0.7999999999999882,303.9500002582542,303.9499999999964,303.9500000029542,2.3875851184129716e-07
4946760.2295802515,0.0,4.0522612417335875,0.0,0.7999999999999882,303.9500002582542,303.9499999999964,303.9500000029542,2.3875851184129716e-07
4946760.459160503,0.0,4.052253944295669,0.0,0.7999999999999882,303.9500002582542,303.9499999999964,303.9500000029542,2.3875851184129716e-07
4946760.918321007,0.0,4.0522393669081,0.0,0.7999999999999882,303.9500002582542,303.9499999999964,303.9500000029542,2.3875851184129716e-07
4946761.836642014,0.0,4.0522102818863575,0.0,0.7999999999999882,303.9500002582542,303.9499999999964,303.9500000029542,2.3875851184129716e-07
4946763.673284027,0.0,4.052152389277364,0.0,0.7999999999999882,303.9500002582542,303.9499999999964,303.9500000029542,2.3875851184129716e-07
4946767.346568054,0.0,4.052037701145276,0.0,0.7999999999999882,303.9500002582542,303.9499999999964,303.9500000029542,2.3875851184129716e-07
4946774.693136108,0.0,4.05181261510035,0.0,0.7999999999999882,303.9500002582542,303.9499999999964,303.9500000029542,2.3875851184129716e-07
4946782.039704162,0.0,4.051593132803438,0.0,0.7999999999999882,303.9500002582542,303.9499999999964,303.9500000029542,2.3875851184129716e-07
4946796.73284027,0.0,4.05117008639819,0.0,0.7999999999999882,303.9500002582542,303.9499999999964,303.9500000029542,2.3875851184129716e-07
4946809.956662767,0.0,4.050806895329805,0.0,0.7999999999999882,303.9500002582542,303.9499999999964,303.9500000029542,2.3875851184129716e-07
4946823.1804852635,0.0,4.050459383822526,0.0,0.7999999999999882,303.9500002582542,303.9499999999964,303.9500000029542,2.3875851184129716e-07
4946836.40430776,0.0,4.050126782214347,0.0,0.7999999999999882,303.9500002582542,303.9499999999964,303.9500000029542,2.3875851184129716e-07
4946849.628130258,0.0,4.049808335901949,0.0,0.7999999999999882,303.9500002582542,303.9499999999964,303.9500000029542,2.3875851184129716e-07
4946876.075775252,0.0,4.049211499294753,0.0,0.7999999999999882,303.9500002582542,303.9499999999964,303.9500000029542,2.3875851184129716e-07
4946902.523420245,0.0,4.048663605512689,0.0,0.7999999999999882,303.9500002582542,303.9499999999964,303.9500000029542,2.3875851184129716e-07
4946928.97106524,0.0,4.048159709872098,0.0,0.7999999999999882,303.9500002582542,303.9499999999964,303.9500000029542,2.3875851184129716e-07
4946955.418710234,0.0,4.0476957123755914,0.0,0.7999999999999882,303.9500002582542,303.9499999999964,303.9500000029542,2.3875851184129716e-07
4946981.866355228,0.0,4.047268225254057,0.0,0.7999999999999882,303.9500002582542,303.9499999999964,303.9500000029542,2.3875851184129716e-07
4947008.314000222,0.0,4.046874286040652,0.0,0.7999999999999882,303.9500002582542,303.9499999999964,303.9500000029542,2.3875851184129716e-07
4947034.7616452165,0.0,4.046511111654559,0.0,0.7999999999999882,303.9500002582542,303.9499999999964,303.9500000029542,2.3875851184129716e-07
4947061.20929021,0.0,4.046176054380854,0.0,0.7999999999999882,303.9500002582542,303.9499999999964,303.9500000029542,2.3875851184129716e-07
4947114.104580198,0.0,4.045581248272987,0.0,0.7999999999999882,303.9500002582542,303.9499999999964,303.9500000029542,2.3875851184129716e-07
4947120.0,0.0,4.045520633372858,0.0,0.7999999999999882,303.9500002582542,303.9499999999964,303.9500000029542,2.3875851184129716e-07
4947120.017929019,0.0,4.04552045059755,0.0,0.7999999999999882,303.9500002582542,303.9499999999964,303.9500000029542,2.3875851184129716e-07
4947120.035858039,0.0,4.045520267832087,0.0,0.7999999999999882,303.9500002582542,303.9499999999964,303.9500000029542,2.3875851184129716e-07
4947120.071716078,0.0,4.045519902324939,0.0,0.7999999999999882,303.9500002582542,303.9499999999964,303.9500000029542,2.3875851184129716e-07
4947120.143432155,0.0,4.045519171430725,0.0,0.7999999999999882,303.9500002582542,303.9499999999964,303.9500000029542,2.3875851184129716e-07
4947120.2868643105,0.0,4.045517710098993,0.0,0.7999999999999882,303.9500002582542,303.9499999999964,303.9500000029542,2.3875851184129716e-07
4947120.573728622,0.0,4.045514789320068,0.0,0.7999999999999882,303.9500002582542,303.9499999999964,303.9500000029542,2.3875851184129716e-07
4947121.147457243,0.0,4.04550895528321,0.0,0.7999999999999882,303.9500002582542,303.9499999999964,303.9500000029542,2.3875851184129716e-07
4947122.294914486,0.0,4.0454973172685715,0.0,0.7999999999999882,303.9500002582542,303.9499999999964,303.9500000029542,2.3875851184129716e-07
4947124.589828972,0.0,4.0454741608793405,0.0,0.7999999999999882,303.9500002582542,303.9499999999964,303.9500000029542,2.3875851184129716e-07
4947129.179657944,0.0,4.04542832195343,0.0,0.7999999999999882,303.9500002582542,303.9499999999964,303.9500000029542,2.3875851184129716e-07
4947138.359315888,0.0,4.04533850232012,0.0,0.7999999999999882,303.9500002582542,303.9499999999964,303.9500000029542,2.3875851184129716e-07
4947147.538973832,0.0,4.045251113601239,0.0,0.7999999999999882,303.9500002582542,303.9499999999964,303.9500000029542,2.3875851184129716e-07
4947165.898289719,0.0,4.045083283723623,0.0,0.7999999999999882,303.9500002582542,303.9499999999964,303.9500000029542,2.3875851184129716e-07
4947182.421674018,0.0,4.044939905085377,0.0,0.7999999999999882,303.9500002582542,303.9499999999964,303.9500000029542,2.3875851184129716e-07
4947198.945058317,0.0,4.044803405433392,0.0,0.7999999999999882,303.9500002582542,303.9499999999964,303.9500000029542,2.3875851184129716e-07
4947215.468442615,0.0,4.044673462906454,0.0,0.7999999999999882,303.9500002582542,303.9499999999964,303.9500000029542,2.3875851184129716e-07
4947231.991826914,0.0,4.044549758035158,0.0,0.7999999999999882,303.9500002582542,303.9499999999964,303.9500000029542,2.3875851184129716e-07
4947265.038595512,0.0,4.0443200027353114,0.0,0.7999999999999882,303.9500002582542,303.9499999999964,303.9500000029542,2.3875851184129716e-07
4947298.08536411,0.0,4.04411184690156,0.0,0.7999999999999882,303.9500002582542,303.9499999999964,303.9500000029542,2.3875851184129716e-07
4947331.132132707,0.0,4.043923092711257,0.0,0.7999999999999882,303.9500002582542,303.9499999999964,303.9500000029542,2.3875851184129716e-07
4947364.1789013045,0.0,4.043751846274311,0.0,0.7999999999999882,303.9500002582542,303.9499999999964,303.9500000029542,2.3875851184129716e-07
4947397.225669903,0.0,4.043596493677114,0.0,0.7999999999999882,303.9500002582542,303.9499999999964,303.9500000029542,2.3875851184129716e-07
4947444.081609733,0.0,4.043400661049689,0.0,0.7999999999999882,303.9500002582542,303.9499999999964,303.9500000029542,2.3875851184129716e-07
4947480.0,0.0,4.043267890983984,0.0,0.7999999999999882,303.9500002582542,303.9499999999964,303.9500000029542,2.3875851184129716e-07
4947480.050462051,0.0,4.043267714231739,0.0,0.7999999999999882,303.9500002582542,303.9499999999964,303.9500000029542,2.3875851184129716e-07
4947480.1009241035,0.0,4.043267537505807,0.0,0.7999999999999882,303.9500002582542,303.9499999999964,303.9500000029542,2.3875851184129716e-07
4947480.201848207,0.0,4.043267184117756,0.0,0.7999999999999882,303.9500002582542,303.9499999999964,303.9500000029542,2.3875851184129716e-07
4947480.403696414,0.0,4.0432664776627085,0.0,0.7999999999999882,303.9500002582542,303.9499999999964,303.9500000029542,2.3875851184129716e-07
4947480.807392827,0.0,4.043265065973667,0.0,0.7999999999999882,303.9500002582542,303.9499999999964,303.9500000029542,2.3875851184129716e-07
4947481.6147856545,0.0,4.04326224762762,0.0,0.7999999999999882,303.9500002582542,303.9499999999964,303.9500000029542,2.3875851184129716e-07
4947483.22957131,0.0,4.0432566309763445,0.0,0.7999999999999882,303.9500002582542,303.9499999999964,303.9500000029542,2.3875851184129716e-07
4947486.45914262,0.0,4.043245477439961,0.0,0.7999999999999882,303.9500002582542,303.9499999999964,303.9500000029542,2.3875851184129716e-07
4947492.9182852395,0.0,4.04322348524697,0.0,0.7999999999999882,303.9500002582542,303.9499999999964,303.9500000029542,2.3875851184129716e-07
4947505.836570478,0.0,4.043180727792169,0.0,0.7999999999999882,303.9500002582542,303.9499999999964,303.9500000029542,2.3875851184129716e-07
4947518.7548557175,0.0,4.0431395648591835,0.0,0.7999999999999882,303.9500002582542,303.9499999999964,303.9500000029542,2.3875851184129716e-07
4947544.591426196,0.0,4.043061723764107,0.0,0.7999999999999882,303.9500002582542,303.9499999999964,303.9500000029542,2.3875851184129716e-07
4947567.844339626,0.0,4.0429965599655935,0.0,0.7999999999999882,303.9500002582542,303.9499999999964,303.9500000029542,2.3875851184129716e-07
4947591.097253056,0.0,4.042935703061116,0.0,0.7999999999999882,303.9500002582542,303.9499999999964,303.9500000029542,2.3875851184129716e-07
4947614.350166487,0.0,4.042878881721911,0.0,0.7999999999999882,303.9500002582542,303.9499999999964,303.9500000029542,2.3875851184129716e-07
4947637.603079917,0.0,4.042825830618499,0.0,0.7999999999999882,303.9500002582542,303.9499999999964,303.9500000029542,2.3875851184129716e-07
4947684.108906778,0.0,4.04273017545105,0.0,0.7999999999999882,303.9500002582542,303.9499999999964,303.9500000029542,2.3875851184129716e-07
4947730.614733638,0.0,4.042646893013064,0.0,0.7999999999999882,303.9500002582542,303.9499999999964,303.9500000029542,2.3875851184129716e-07
4947777.120560499,0.0,4.042574269497379,0.0,0.7999999999999882,303.9500002582542,303.9499999999964,303.9500000029542,2.3875851184129716e-07
4947823.62638736,0.0,4.042510887926962,0.0,0.7999999999999882,303.9500002582542,303.9499999999964,303.9500000029542,2.3875851184129716e-07
4947840.0,0.0,4.042490554817235,0.0,0.7999999999999882,303.9500002582542,303.9499999999964,303.9500000029542,2.3875851184129716e-07
4947840.145028972,0.0,4.042490379251538,0.0,0.7999999999999882,303.9500002582542,303.9499999999964,303.9500000029542,2.3875851184129716e-07
4947840.290057943,0.0,4.042490203760893,0.0,0.7999999999999882,303.9500002582542,303.9499999999964,303.9500000029542,2.3875851184129716e-07
4947840.580115886,0.0,4.0424898529616975,0.0,0.7999999999999882,303.9500002582542,303.9499999999964,303.9500000029542,2.3875851184129716e-07
4947841.160231774,0.0,4.042489152278325,0.0,0.7999999999999882,303.9500002582542,303.9499999999964,303.9500000029542,2.3875851184129716e-07
4947842.3204635475,0.0,4.042487754385354,0.0,0.7999999999999882,303.9500002582542,303.9499999999964,303.9500000029542,2.3875851184129716e-07
4947844.640927094,0.0,4.0424849728724475,0.0,0.7999999999999882,303.9500002582542,303.9499999999964,303.9500000029542,2.3875851184129716e-07
4947849.281854188,0.0,4.042479466341716,0.0,0.7999999999999882,303.9500002582542,303.9499999999964,303.9500000029542,2.3875851184129716e-07
4947858.563708377,0.0,4.042468675410463,0.0,0.7999999999999882,303.9500002582542,303.9499999999964,303.9500000029542,2.3875851184129716e-07
4947877.127416753,0.0,4.042447949447819,0.0,0.7999999999999882,303.9500002582542,303.9499999999964,303.9500000029542,2.3875851184129716e-07
4947895.69112513,0.0,4.0424283237450656,0.0,0.7999999999999882,303.9500002582542,303.9499999999964,303.9500000029542,2.3875851184129716e-07
4947932.8185418835,0.0,4.0423920840639695,0.0,0.7999999999999882,303.9500002582542,303.9499999999964,303.9500000029542,2.3875851184129716e-07
4947966.233216961,0.0,4.042362693632382,0.0,0.7999999999999882,303.9500002582542,303.9499999999964,303.9500000029542,2.3875851184129716e-07
4947999.647892039,0.0,4.042336053717893,0.0,0.7999999999999882,303.9500002582542,303.9499999999964,303.9500000029542,2.3875851184129716e-07
4948033.062567118,0.0,4.0423119191989105,0.0,0.7999999999999882,303.9500002582542,303.9499999999964,303.9500000029542,2.3875851184129716e-07
4948066.477242195,0.0,4.042290056914137,0.0,0.7999999999999882,303.9500002582542,303.9499999999964,303.9500000029542,2.3875851184129716e-07
4948133.306592352,0.0,4.042252419883182,0.0,0.7999999999999882,303.9500002582542,303.9499999999964,303.9500000029542,2.3875851184129716e-07
4948200.0,0.0,4.042221659907618,0.0,0.7999999999999882,303.9500002582542,303.9499999999964,303.9500000029542,2.3875851184129716e-07
4948200.420124774,0.0,4.042221484507694,0.0,0.7999999999999882,303.9500002582542,303.9499999999964,303.9500000029542,2.3875851184129716e-07
4948200.840249547,0.0,4.0422213093248995,0.0,0.7999999999999882,303.9500002582542,303.9499999999964,303.9500000029542,2.3875851184129716e-07
4948201.680499094,0.0,4.0422209594858,0.0,0.7999999999999882,303.9500002582542,303.9499999999964,303.9500000029542,2.3875851184129716e-07
4948203.360998188,0.0,4.042220262448673,0.0,0.7999999999999882,303.9500002582542,303.9499999999964,303.9500000029542,2.3875851184129716e-07
4948206.721996376,0.0,4.042218878344842,0.0,0.7999999999999882,303.9500002582542,303.9499999999964,303.9500000029542,2.3875851184129716e-07
4948213.443992752,0.0,4.042216150761785,0.0,0.7999999999999882,303.9500002582542,303.9499999999964,303.9500000029542,2.3875851184129716e-07
4948226.887985504,0.0,4.042210853555144,0.0,0.7999999999999882,303.9500002582542,303.9499999999964,303.9500000029542,2.3875851184129716e-07
4948253.775971008,0.0,4.04220085891772,0.0,0.7999999999999882,303.9500002582542,303.9499999999964,303.9500000029542,2.3875851184129716e-07
4948280.663956512,0.0,4.042191622882333,0.0,0.7999999999999882,303.9500002582542,303.9499999999964,303.9500000029542,2.3875851184129716e-07
4948334.43992752,0.0,4.042175146459213,0.0,0.7999999999999882,303.9500002582542,303.9499999999964,303.9500000029542,2.3875851184129716e-07
4948382.838301428,0.0,4.042162398012007,0.0,0.7999999999999882,303.9500002582542,303.9499999999964,303.9500000029542,2.3875851184129716e-07
4948431.236675335,0.0,4.042151342846688,0.0,0.7999999999999882,303.9500002582542,303.9499999999964,303.9500000029542,2.3875851184129716e-07
4948479.6350492425,0.0,4.0421417667117066,0.0,0.7999999999999882,303.9500002582542,303.9499999999964,303.9500000029542,2.3875851184129716e-07
4948528.033423149,0.0,4.042133474013676,0.0,0.7999999999999882,303.9500002582542,303.9499999999964,303.9500000029542,2.3875851184129716e-07
4948560.0,0.0,4.042128638988466,0.0,0.7999999999999882,303.9500002582542,303.9499999999964,303.9500000029542,2.3875851184129716e-07
4948561.2214627005,0.0,4.042128464285643,0.0,0.7999999999999882,303.9500002582542,303.9499999999964,303.9500000029542,2.3875851184129716e-07
4948562.442925402,0.0,4.042128290210284,0.0,0.7999999999999882,303.9500002582542,303.9499999999964,303.9500000029542,2.3875851184129716e-07
4948564.885850804,0.0,4.042127943576933,0.0,0.7999999999999882,303.9500002582542,303.9499999999964,303.9500000029542,2.3875851184129716e-07
4948569.771701607,0.0,4.042127257889483,0.0,0.7999999999999882,303.9500002582542,303.9499999999964,303.9500000029542,2.3875851184129716e-07
4948579.543403214,0.0,4.042125914662368,0.0,0.7999999999999882,303.9500002582542,303.9499999999964,303.9500000029542,2.3875851184129716e-07
4948599.086806428,0.0,4.042123340186494,0.0,0.7999999999999882,303.9500002582542,303.9499999999964,303.9500000029542,2.3875851184129716e-07
4948638.173612856,0.0,4.0421186052491755,0.0,0.7999999999999882,303.9500002582542,303.9499999999964,303.9500000029542,2.3875851184129716e-07
4948677.260419284,0.0,4.042114382795461,0.0,0.7999999999999882,303.9500002582542,303.9499999999964,303.9500000029542,2.3875851184129716e-07
4948755.434032139,0.0,4.042107211648096,0.0,0.7999999999999882,303.9500002582542,303.9499999999964,303.9500000029542,2.3875851184129716e-07
4948825.79028371,0.0,4.042102035755436,0.0,0.7999999999999882,303.9500002582542,303.9499999999964,303.9500000029542,2.3875851184129716e-07
4948896.14653528,0.0,4.04209783196514,0.0,0.7999999999999882,303.9500002582542,303.9499999999964,303.9500000029542,2.3875851184129716e-07
4948920.0,0.0,4.042096613502181,0.0,0.7999999999999882,303.9500002582542,303.9499999999964,303.9500000029542,2.3875851184129716e-07
4948921.080000859,0.0,4.042096560718127,0.0,0.7999999999999882,303.9500002582542,303.9499999999964,303.9500000029542,2.3875851184129716e-07
4948922.160001717,0.0,4.042096508101782,0.0,0.7999999999999882,303.9500002582542,303.9499999999964,303.9500000029542,2.3875851184129716e-07
4948924.320003433,0.0,4.0420964032748685,0.0,0.7999999999999882,303.9500002582542,303.9499999999964,303.9500000029542,2.3875851184129716e-07
4948928.640006866,0.0,4.042096195649332,0.0,0.7999999999999882,303.9500002582542,303.9499999999964,303.9500000029542,2.3875851184129716e-07
4948937.280013734,0.0,4.0420957879527055,0.0,0.7999999999999882,303.9500002582542,303.9499999999964,303.9500000029542,2.3875851184129716e-07
4948954.560027466,0.0,4.042095002738165,0.0,0.7999999999999882,303.9500002582542,303.9499999999964,303.9500000029542,2.3875851184129716e-07
4948989.120054932,0.0,4.042093544865038,0.0,0.7999999999999882,303.9500002582542,303.9499999999964,303.9500000029542,2.3875851184129716e-07
4949058.240109866,0.0,4.04209102381769,0.0,0.7999999999999882,303.9500002582542,303.9499999999964,303.9500000029542,2.3875851184129716e-07
4949127.360164798,0.0,4.042088964440568,0.0,0.7999999999999882,303.9500002582542,303.9499999999964,303.9500000029542,2.3875851184129716e-07
4949196.48021973,0.0,4.0420872870792515,0.0,0.7999999999999882,303.9500002582542,303.9499999999964,303.9500000029542,2.3875851184129716e-07
4949265.600274663,0.0,4.0420859226267005,0.0,0.7999999999999882,303.9500002582542,303.9499999999964,303.9500000029542,2.3875851184129716e-07
4949280.0,0.0,4.042085674130112,0.0,0.7999999999999882,303.9500002582542,303.9499999999964,303.9500000029542,2.3875851184129716e-07
4949280.720000858,0.0,4.042085662100442,0.0,0.7999999999999882,303.9500002582542,303.9499999999964,303.9500000029542,2.3875851184129716e-07
4949281.440001717,0.0,4.0420856500962845,0.0,0.7999999999999882,303.9500002582542,303.9499999999964,303.9500000029542,2.3875851184129716e-07
4949282.880003434,0.0,4.042085626149758,0.0,0.7999999999999882,303.9500002582542,303.9499999999964,303.9500000029542,2.3875851184129716e-07
4949285.760006866,0.0,4.042085578566184,0.0,0.7999999999999882,303.9500002582542,303.9499999999964,303.9500000029542,2.3875851184129716e-07
4949291.520013733,0.0,4.042085484560184,0.0,0.7999999999999882,303.9500002582542,303.9499999999964,303.9500000029542,2.3875851184129716e-07
4949303.040027467,0.0,4.04208530123676,0.0,0.7999999999999882,303.9500002582542,303.9499999999964,303.9500000029542,2.3875851184129716e-07
4949326.080054932,0.0,4.042084952474909,0.0,0.7999999999999882,303.9500002582542,303.9499999999964,303.9500000029542,2.3875851184129716e-07
4949372.1601098655,0.0,4.042084320402733,0.0,0.7999999999999882,303.9500002582542,303.9499999999964,303.9500000029542,2.3875851184129716e-07
4949464.32021973,0.0,4.04208327607752,0.0,0.7999999999999882,303.9500002582542,303.9499999999964,303.9500000029542,2.3875851184129716e-07
4949556.4803295955,0.0,4.042082478709693,0.0,0.7999999999999882,303.9500002582542,303.9499999999964,303.9500000029542,2.3875851184129716e-07
4949640.0,0.0,4.042081925217547,0.0,0.7999999999999882,303.9500002582542,303.9499999999964,303.9500000029542,2.3875851184129716e-07
4949640.360000858,0.0,4.042081923175438,0.0,0.7999999999999882,303.9500002582542,303.9499999999964,303.9500000029542,2.3875851184129716e-07
4949640.720001717,0.0,4.042081921135514,0.0,0.7999999999999882,303.9500002582542,303.9499999999964,303.9500000029542,2.3875851184129716e-07
4949641.440003433,0.0,4.0420819170609015,0.0,0.7999999999999882,303.9500002582542,303.9499999999964,303.9500000029542,2.3875851184129716e-07
4949642.8800068665,0.0,4.042081908938055,0.0,0.7999999999999882,303.9500002582542,303.9499999999964,303.9500000029542,2.3875851184129716e-07
4949645.760013733,0.0,4.0420818927920745,0.0,0.7999999999999882,303.9500002582542,303.9499999999964,303.9500000029542,2.3875851184129716e-07
4949651.520027466,0.0,4.0420818609071,0.0,0.7999999999999882,303.9500002582542,303.9499999999964,303.9500000029542,2.3875851184129716e-07
4949663.040054932,0.0,4.042081798725709,0.0,0.7999999999999882,303.9500002582542,303.9499999999964,303.9500000029542,2.3875851184129716e-07
4949686.080109865,0.0,4.042081680440203,0.0,0.7999999999999882,303.9500002582542,303.9499999999964,303.9500000029542,2.3875851184129716e-07
4949732.160219731,0.0,4.042081466068883,0.0,0.7999999999999882,303.9500002582542,303.9499999999964,303.9500000029542,2.3875851184129716e-07
4949824.320439461,0.0,4.042081111888827,0.0,0.7999999999999882,303.9500002582542,303.9499999999964,303.9500000029542,2.3875851184129716e-07
4950000.0,0.0,4.042080638083423,0.0,0.7999999999999882,303.9500002582542,303.9499999999964,303.9500000029542,2.3875851184129716e-07
4953600.0,0.0,4.042080638083423,0.0,0.7999999999999882,303.74555552337483,303.74555499999445,303.74555499999445,0.0
4953603.600000912,0.0,4.042080631388242,0.0,0.7999999999999882,303.74555552337483,303.74555499999445,303.74555499999445,0.0
4953607.200001824,0.0,4.042080624763457,0.0,0.7999999999999882,303.74555552337483,303.74555499999445,303.74555499999445,0.0
4953614.400003647,0.0,4.042080611682717,0.0,0.7999999999999882,303.74555552337483,303.74555499999445,303.74555499999445,0.0
4953628.800007296,0.0,4.042080586354313,0.0,0.7999999999999882,303.74555552337483,303.74555499999445,303.74555499999445,0.0
4953657.600014592,0.0,4.042080538646431,0.0,0.7999999999999882,303.74555552337483,303.74555499999445,303.74555499999445,0.0
4953715.200029183,0.0,4.04208045419775,0.0,0.7999999999999882,303.74555552337483,303.74555499999445,303.74555499999445,0.0
4953830.400058365,0.0,4.042080320634433,0.0,0.7999999999999882,303.74555552337483,303.74555499999445,303.74555499999445,0.0
4953960.0,0.0,4.042080214971017,0.0,0.7999999999999882,303.74555552337483,303.74555499999445,303.74555499999445,0.0
4953963.240000912,0.0,4.042080212946868,0.0,0.7999999999999882,303.74555552337483,303.74555499999445,303.74555499999445,0.0
4953966.480001824,0.0,4.042080210941901,0.0,0.7999999999999882,303.74555552337483,303.74555499999445,303.74555499999445,0.0
4953972.960003648,0.0,4.04208020697801,0.0,0.7999999999999882,303.74555552337483,303.74555499999445,303.74555499999445,0.0
4953985.920007296,0.0,4.042080199277841,0.0,0.7999999999999882,303.74555552337483,303.74555499999445,303.74555499999445,0.0
4954011.840014592,0.0,4.042080184689015,0.0,0.7999999999999882,303.74555552337483,303.74555499999445,303.74555499999445,0.0
4954063.680029183,0.0,4.042080158559374,0.0,0.7999999999999882,303.74555552337483,303.74555499999445,303.74555499999445,0.0
4954167.360058365,0.0,4.0420801163166775,0.0,0.7999999999999882,303.74555552337483,303.74555499999445,303.74555499999445,0.0
4954320.0,0.0,4.042080072707098,0.0,0.7999999999999882,303.74555552337483,303.74555499999445,303.74555499999445,0.0
4954322.880000912,0.0,4.042080072105067,0.0,0.7999999999999882,303.74555552337483,303.74555499999445,303.74555499999445,0.0
4954325.760001824,0.0,4.0420800715081135,0.0,0.7999999999999882,303.74555552337483,303.74555499999445,303.74555499999445,0.0
4954331.520003648,0.0,4.042080070326401,0.0,0.7999999999999882,303.74555552337483,303.74555499999445,303.74555499999445,0.0
4954343.040007296,0.0,4.042080068023415,0.0,0.7999999999999882,303.74555552337483,303.74555499999445,303.74555499999445,0.0
4954366.080014591,0.0,4.042080063634424,0.0,0.7999999999999882,303.74555552337483,303.74555499999445,303.74555499999445,0.0
4954412.160029183,0.0,4.042080055679648,0.0,0.7999999999999882,303.74555552337483,303.74555499999445,303.74555499999445,0.0
4954504.320058366,0.0,4.042080042530417,0.0,0.7999999999999882,303.74555552337483,303.74555499999445,303.74555499999445,0.0
4954680.0,0.0,4.042080024937853,0.0,0.7999999999999882,303.74555552337483,303.74555499999445,303.74555499999445,0.0
4954682.520000912,0.0,4.0420800247632,0.0,0.7999999999999882,303.74555552337483,303.74555499999445,303.74555499999445,0.0
4954685.040001824,0.0,4.042080024589829,0.0,0.7999999999999882,303.74555552337483,303.74555499999445,303.74555499999445,0.0
4954690.080003648,0.0,4.042080024246205,0.0,0.7999999999999882,303.74555552337483,303.74555499999445,303.74555499999445,0.0
4954700.160007296,0.0,4.04208002357435,0.0,0.7999999999999882,303.74555552337483,303.74555499999445,303.74555499999445,0.0
4954720.320014591,0.0,4.042080022286365,0.0,0.7999999999999882,303.74555552337483,303.74555499999445,303.74555499999445,0.0
4954760.640029183,0.0,4.042080019923901,0.0,0.7999999999999882,303.74555552337483,303.74555499999445,303.74555499999445,0.0
4954841.280058366,0.0,4.042080015929706,0.0,0.7999999999999882,303.74555552337483,303.74555499999445,303.74555499999445,0.0
4955002.560116732,0.0,4.042080010133047,0.0,0.7999999999999882,303.74555552337483,303.74555499999445,303.74555499999445,0.0
4955040.0,0.0,4.042080009188767,0.0,0.7999999999999882,303.74555552337483,303.74555499999445,303.74555499999445,0.0
4955042.160000912,0.0,4.042080009138674,0.0,0.7999999999999882,303.74555552337483,303.74555499999445,303.74555499999445,0.0
4955044.320001824,0.0,4.042080009088899,0.0,0.7999999999999882,303.74555552337483,303.74555499999445,303.74555499999445,0.0
4955048.640003648,0.0,4.0420800089901086,0.0,0.7999999999999882,303.74555552337483,303.74555499999445,303.74555499999445,0.0
4955057.280007295,0.0,4.042080008796347,0.0,0.7999999999999882,303.74555552337483,303.74555499999445,303.74555499999445,0.0
4955074.560014592,0.0,4.04208000842265,0.0,0.7999999999999882,303.74555552337483,303.74555499999445,303.74555499999445,0.0
4955109.120029183,0.0,4.042080007728906,0.0,0.7999999999999882,303.74555552337483,303.74555499999445,303.74555499999445,0.0
4955178.240058366,0.0,4.04208000652887,0.0,0.7999999999999882,303.74555552337483,303.74555499999445,303.74555499999445,0.0
4955316.4801167315,0.0,4.042080004712256,0.0,0.7999999999999882,303.74555552337483,303.74555499999445,303.74555499999445,0.0
4955400.0,0.0,4.042080003933169,0.0,0.7999999999999882,303.74555552337483,303.74555499999445,303.74555499999445,0.0
4955401.800000912,0.0,4.042080003919159,0.0,0.7999999999999882,303.74555552337483,303.74555499999445,303.74555499999445,0.0
4955403.600001824,0.0,4.042080003905216,0.0,0.7999999999999882,303.74555552337483,303.74555499999445,303.74555499999445,0.0
4955407.200003648,0.0,4.042080003877514,0.0,0.7999999999999882,303.74555552337483,303.74555499999445,303.74555499999445,0.0
4955414.400007295,0.0,4.0420800038230045,0.0,0.7999999999999882,303.74555552337483,303.74555499999445,303.74555499999445,0.0
4955428.800014592,0.0,4.04208000371724,0.0,0.7999999999999882,303.74555552337483,303.74555499999445,303.74555499999445,0.0
4955457.600029183,0.0,4.0420800035185,0.0,0.7999999999999882,303.74555552337483,303.74555499999445,303.74555499999445,0.0
4955515.200058366,0.0,4.042080003166644,0.0,0.7999999999999882,303.74555552337483,303.74555499999445,303.74555499999445,0.0
4955630.400116731,0.0,4.042080002610485,0.0,0.7999999999999882,303.74555552337483,303.74555499999445,303.74555499999445,0.0
4955760.0,0.0,4.042080002172369,0.0,0.7999999999999882,303.74555552337483,303.74555499999445,303.74555499999445,0.0
4955761.440000912,0.0,4.042080002168603,0.0,0.7999999999999882,303.74555552337483,303.74555499999445,303.74555499999445,0.0
4955762.880001824,0.0,4.042080002164848,0.0,0.7999999999999882,303.74555552337483,303.74555499999445,303.74555499999445,0.0
4955765.760003648,0.0,4.042080002157373,0.0,0.7999999999999882,303.74555552337483,303.74555499999445,303.74555499999445,0.0
4955771.5200072955,0.0,4.042080002142628,0.0,0.7999999999999882,303.74555552337483,303.74555499999445,303.74555499999445,0.0
4955783.040014591,0.0,4.042080002113833,0.0,0.7999999999999882,303.74555552337483,303.74555499999445,303.74555499999445,0.0
4955806.080029183,0.0,4.042080002059059,0.0,0.7999999999999882,303.74555552337483,303.74555499999445,303.74555499999445,0.0
4955852.160058366,0.0,4.042080001959771,0.0,0.7999999999999882,303.74555552337483,303.74555499999445,303.74555499999445,0.0
4955944.320116731,0.0,4.04208000179573,0.0,0.7999999999999882,303.74555552337483,303.74555499999445,303.74555499999445,0.0
4956120.0,0.0,4.042080001576261,0.0,0.7999999999999882,303.74555552337483,303.74555499999445,303.74555499999445,0.0
4956121.080000912,0.0,4.042080001575325,0.0,0.7999999999999882,303.74555552337483,303.74555499999445,303.74555499999445,0.0
4956122.160001824,0.0,4.042080001574385,0.0,0.7999999999999882,303.74555552337483,303.74555499999445,303.74555499999445,0.0
4956124.320003648,0.0,4.042080001572533,0.0,0.7999999999999882,303.74555552337483,303.74555499999445,303.74555499999445,0.0
4956128.640007296,0.0,4.042080001568841,0.0,0.7999999999999882,303.74555552337483,303.74555499999445,303.74555499999445,0.0
4956137.280014591,0.0,4.042080001561603,0.0,0.7999999999999882,303.74555552337483,303.74555499999445,303.74555499999445,0.0
4956154.560029183,0.0,4.042080001547655,0.0,0.7999999999999882,303.74555552337483,303.74555499999445,303.74555499999445,0.0
4956189.120058366,0.0,4.0420800015217715,0.0,0.7999999999999882,303.74555552337483,303.74555499999445,303.74555499999445,0.0
4956258.240116731,0.0,4.042080001476997,0.0,0.7999999999999882,303.74555552337483,303.74555499999445,303.74555499999445,0.0
4956396.480233463,0.0,4.042080001409225,0.0,0.7999999999999882,303.74555552337483,303.74555499999445,303.74555499999445,0.0
4956480.0,0.0,4.042080001380173,0.0,0.7999999999999882,303.74555552337483,303.74555499999445,303.74555499999445,0.0
4956480.7200009115,0.0,4.042080001379961,0.0,0.7999999999999882,303.74555552337483,303.74555499999445,303.74555499999445,0.0
4956481.440001824,0.0,4.042080001379752,0.0,0.7999999999999882,303.74555552337483,303.74555499999445,303.74555499999445,0.0
4956482.880003648,0.0,4.042080001379334,0.0,0.7999999999999882,303.74555552337483,303.74555499999445,303.74555499999445,0.0
4956485.760007296,0.0,4.042080001378503,0.0,0.7999999999999882,303.74555552337483,303.74555499999445,303.74555499999445,0.0
4956491.5200145915,0.0,4.042080001376865,0.0,0.7999999999999882,303.74555552337483,303.74555499999445,303.74555499999445,0.0
4956503.040029183,0.0,4.042080001373668,0.0,0.7999999999999882,303.74555552337483,303.74555499999445,303.74555499999445,0.0
4956526.080058366,0.0,4.042080001367587,0.0,0.7999999999999882,303.74555552337483,303.74555499999445,303.74555499999445,0.0
4956572.160116731,0.0,4.0420800013565685,0.0,0.7999999999999882,303.74555552337483,303.74555499999445,303.74555499999445,0.0
4956664.320233463,0.0,4.042080001338361,0.0,0.7999999999999882,303.74555552337483,303.74555499999445,303.74555499999445,0.0
4956840.0,0.0,4.042080001314,0.0,0.7999999999999882,303.74555552337483,303.74555499999445,303.74555499999445,0.0
4956840.360000912,0.0,4.04208000131397,0.0,0.7999999999999882,303.74555552337483,303.74555499999445,303.74555499999445,0.0
4956840.720001824,0.0,4.042080001313931,0.0,0.7999999999999882,303.74555552337483,303.74555499999445,303.74555499999445,0.0
4956841.4400036475,0.0,4.042080001313861,0.0,0.7999999999999882,303.74555552337483,303.74555499999445,303.74555499999445,0.0
4956842.880007296,0.0,4.042080001313723,0.0,0.7999999999999882,303.74555552337483,303.74555499999445,303.74555499999445,0.0
4956845.760014592,0.0,4.042080001313451,0.0,0.7999999999999882,303.74555552337483,303.74555499999445,303.74555499999445,0.0
4956851.520029183,0.0,4.042080001312904,0.0,0.7999999999999882,303.74555552337483,303.74555499999445,303.74555499999445,0.0
4956863.040058366,0.0,4.042080001311849,0.0,0.7999999999999882,303.74555552337483,303.74555499999445,303.74555499999445,0.0
4956886.080116732,0.0,4.042080001309836,0.0,0.7999999999999882,303.74555552337483,303.74555499999445,303.74555499999445,0.0
4956932.160233463,0.0,4.042080001306191,0.0,0.7999999999999882,303.74555552337483,303.74555499999445,303.74555499999445,0.0
4957024.320466926,0.0,4.04208000130016,0.0,0.7999999999999882,303.74555552337483,303.74555499999445,303.74555499999445,0.0
4957200.0,0.0,4.042080001292103,0.0,0.7999999999999882,303.74555552337483,303.74555499999445,303.74555499999445,0.0
4960800.0,0.0,4.042080001292103,0.0,0.7999999999999882,303.1461523069844,303.14615200009,303.14615200009,0.0
4960803.600000965,0.0,4.0420800012919855,0.0,0.7999999999999882,303.1461523069844,303.14615200009,303.14615200009,0.0
4960807.200001931,0.0,4.042080001291879,0.0,0.7999999999999882,303.1461523069844,303.14615200009,303.14615200009,0.0
4960814.400003863,0.0,4.04208000129165,0.0,0.7999999999999882,303.1461523069844,303.14615200009,303.14615200009,0.0
4960828.800007725,0.0,4.042080001291222,0.0,0.7999999999999882,303.1461523069844,303.14615200009,303.14615200009,0.0
4960857.600015449,0.0,4.042080001290408,0.0,0.7999999999999882,303.1461523069844,303.14615200009,303.14615200009,0.0
4960915.2000309,0.0,4.042080001288973,0.0,0.7999999999999882,303.1461523069844,303.14615200009,303.14615200009,0.0
4961030.400061799,0.0,4.042080001286699,0.0,0.7999999999999882,303.1461523069844,303.14615200009,303.14615200009,0.0
4961160.0,0.0,4.042080001284905,0.0,0.7999999999999882,303.1461523069844,303.14615200009,303.14615200009,0.0
4961163.240000966,0.0,4.042080001284871,0.0,0.7999999999999882,303.1461523069844,303.14615200009,303.14615200009,0.0
4961166.480001931,0.0,4.042080001284841,0.0,0.7999999999999882,303.1461523069844,303.14615200009,303.14615200009,0.0
4961172.960003862,0.0,4.042080001284768,0.0,0.7999999999999882,303.1461523069844,303.14615200009,303.14615200009,0.0
4961185.920007725,0.0,4.042080001284644,0.0,0.7999999999999882,303.1461523069844,303.14615200009,303.14615200009,0.0
4961211.84001545,0.0,4.042080001284395,0.0,0.7999999999999882,303.1461523069844,303.14615200009,303.14615200009,0.0
4961263.680030899,0.0,4.042080001283949,0.0,0.7999999999999882,303.1461523069844,303.14615200009,303.14615200009,0.0
4961367.360061799,0.0,4.042080001283226,0.0,0.7999999999999882,303.1461523069844,303.14615200009,303.14615200009,0.0
4961520.0,0.0,4.042080001282489,0.0,0.7999999999999882,303.1461523069844,303.14615200009,303.14615200009,0.0
4961522.880000966,0.0,4.042080001282484,0.0,0.7999999999999882,303.1461523069844,303.14615200009,303.14615200009,0.0
4961525.760001931,0.0,4.042080001282473,0.0,0.7999999999999882,303.1461523069844,303.14615200009,303.14615200009,0.0
4961531.520003863,0.0,4.04208000128245,0.0,0.7999999999999882,303.1461523069844,303.14615200009,303.14615200009,0.0
4961543.040007724,0.0,4.042080001282411,0.0,0.7999999999999882,303.1461523069844,303.14615200009,303.14615200009,0.0
4961566.08001545,0.0,4.042080001282342,0.0,0.7999999999999882,303.1461523069844,303.14615200009,303.14615200009,0.0
4961612.1600309,0.0,4.042080001282198,0.0,0.7999999999999882,303.1461523069844,303.14615200009,303.14615200009,0.0
4961704.320061799,0.0,4.042080001281974,0.0,0.7999999999999882,303.1461523069844,303.14615200009,303.14615200009,0.0
4961880.0,0.0,4.042080001281674,0.0,0.7999999999999882,303.1461523069844,303.14615200009,303.14615200009,0.0
4961882.520000965,0.0,4.042080001281667,0.0,0.7999999999999882,303.1461523069844,303.14615200009,303.14615200009,0.0
4961885.040001932,0.0,4.0420800012816684,0.0,0.7999999999999882,303.1461523069844,303.14615200009,303.14615200009,0.0
4961890.080003862,0.0,4.042080001281654,0.0,0.7999999999999882,303.1461523069844,303.14615200009,303.14615200009,0.0
4961900.160007725,0.0,4.042080001281649,0.0,0.7999999999999882,303.1461523069844,303.14615200009,303.14615200009,0.0
4961920.32001545,0.0,4.042080001281626,0.0,0.7999999999999882,303.1461523069844,303.14615200009,303.14615200009,0.0
4961960.640030899,0.0,4.0420800012815885,0.0,0.7999999999999882,303.1461523069844,303.14615200009,303.14615200009,0.0
4962041.280061799,0.0,4.042080001281523,0.0,0.7999999999999882,303.1461523069844,303.14615200009,303.14615200009,0.0
4962202.560123598,0.0,4.042080001281445,0.0,0.7999999999999882,303.1461523069844,303.14615200009,303.14615200009,0.0
4962240.0,0.0,4.04208000128143,0.0,0.7999999999999882,303.1461523069844,303.14615200009,303.14615200009,0.0
4962242.160000966,0.0,4.042080001281429,0.0,0.7999999999999882,303.1461523069844,303.14615200009,303.14615200009,0.0
4962244.320001931,0.0,4.042080001281423,0.0,0.7999999999999882,303.1461523069844,303.14615200009,303.14615200009,0.0
4962248.640003863,0.0,4.0420800012814215,0.0,0.7999999999999882,303.1461523069844,303.14615200009,303.14615200009,0.0
4962257.280007725,0.0,4.042080001281416,0.0,0.7999999999999882,303.1461523069844,303.14615200009,303.14615200009,0.0
4962274.560015449,0.0,4.042080001281409,0.0,0.7999999999999882,303.1461523069844,303.14615200009,303.14615200009,0.0
4962309.1200308995,0.0,4.042080001281398,0.0,0.7999999999999882,303.1461523069844,303.14615200009,303.14615200009,0.0
4962378.240061799,0.0,4.042080001281372,0.0,0.7999999999999882,303.1461523069844,303.14615200009,303.14615200009,0.0
4962516.480123598,0.0,4.042080001281345,0.0,0.7999999999999882,303.1461523069844,303.14615200009,303.14615200009,0.0
4962600.0,0.0,4.042080001281326,0.0,0.7999999999999882,303.1461523069844,303.14615200009,303.14615200009,0.0
4962601.800000966,0.0,4.042080001281326,0.0,0.7999999999999882,303.1461523069844,303.14615200009,303.14615200009,0.0
4962603.600001931,0.0,4.042080001281326,0.0,0.7999999999999882,303.1461523069844,303.14615200009,303.14615200009,0.0
4962607.200003862,0.0,4.042080001281326,0.0,0.7999999999999882,303.1461523069844,303.14615200009,303.14615200009,0.0
4962614.400007725,0.0,4.042080001281327,0.0,0.7999999999999882,303.1461523069844,303.14615200009,303.14615200009,0.0
4962628.8000154495,0.0,4.042080001281324,0.0,0.7999999999999882,303.1461523069844,303.14615200009,303.14615200009,0.0
4962657.6000309,0.0,4.042080001281324,0.0,0.7999999999999882,303.1461523069844,303.14615200009,303.14615200009,0.0
4962715.200061799,0.0,4.042080001281313,0.0,0.7999999999999882,303.1461523069844,303.14615200009,303.14615200009,0.0
4962830.400123598,0.0,4.0420800012813025,0.0,0.7999999999999882,303.1461523069844,303.14615200009,303.14615200009,0.0
4962960.0,0.0,4.042080001281292,0.0,0.7999999999999882,303.1461523069844,303.14615200009,303.14615200009,0.0
4962961.440000965,0.0,4.04208000128129,0.0,0.7999999999999882,303.1461523069844,303.14615200009,303.14615200009,0.0
4962962.880001931,0.0,4.04208000128129,0.0,0.7999999999999882,303.1461523069844,303.14615200009,303.14615200009,0.0
4962965.760003863,0.0,4.04208000128129,0.0,0.7999999999999882,303.1461523069844,303.14615200009,303.14615200009,0.0
4962971.520007725,0.0,4.042080001281288,0.0,0.7999999999999882,303.1461523069844,303.14615200009,303.14615200009,0.0
4962983.04001545,0.0,4.04208000128129,0.0,0.7999999999999882,303.1461523069844,303.14615200009,303.14615200009,0.0
4963006.0800308995,0.0,4.0420800012812865,0.0,0.7999999999999882,303.1461523069844,303.14615200009,303.14615200009,0.0
4963052.160061799,0.0,4.042080001281288,0.0,0.7999999999999882,303.1461523069844,303.14615200009,303.14615200009,0.0
4963144.320123598,0.0,4.042080001281281,0.0,0.7999999999999882,303.1461523069844,303.14615200009,303.14615200009,0.0
4963320.0,0.0,4.042080001281278,0.0,0.7999999999999882,303.1461523069844,303.14615200009,303.14615200009,0.0
4963321.080000966,0.0,4.042080001281278,0.0,0.7999999999999882,303.1461523069844,303.14615200009,303.14615200009,0.0
4963322.160001931,0.0,4.042080001281278,0.0,0.7999999999999882,303.1461523069844,303.14615200009,303.14615200009,0.0
4963324.3200038625,0.0,4.042080001281279,0.0,0.7999999999999882,303.1461523069844,303.14615200009,303.14615200009,0.0
4963328.640007725,0.0,4.042080001281278,0.0,0.7999999999999882,303.1461523069844,303.14615200009,303.14615200009,0.0
4963337.28001545,0.0,4.042080001281279,0.0,0.7999999999999882,303.1461523069844,303.14615200009,303.14615200009,0.0
4963354.5600309,0.0,4.042080001281279,0.0,0.7999999999999882,303.1461523069844,303.14615200009,303.14615200009,0.0
4963389.120061799,0.0,4.042080001281272,0.0,0.7999999999999882,303.1461523069844,303.14615200009,303.14615200009,0.0
4963458.240123598,0.0,4.0420800012812705,0.0,0.7999999999999882,303.1461523069844,303.14615200009,303.14615200009,0.0
4963596.480247196,0.0,4.042080001281272,0.0,0.7999999999999882,303.1461523069844,303.14615200009,303.14615200009,0.0
4963680.0,0.0,4.0420800012812705,0.0,0.7999999999999882,303.1461523069844,303.14615200009,303.14615200009,0.0
4963680.7200009655,0.0,4.0420800012812705,0.0,0.7999999999999882,303.1461523069844,303.14615200009,303.14615200009,0.0
4963681.440001931,0.0,4.0420800012812705,0.0,0.7999999999999882,303.1461523069844,303.14615200009,303.14615200009,0.0
4963682.880003862,0.0,4.0420800012812705,0.0,0.7999999999999882,303.1461523069844,303.14615200009,303.14615200009,0.0
4963685.760007725,0.0,4.0420800012812705,0.0,0.7999999999999882,303.1461523069844,303.14615200009,303.14615200009,0.0
4963691.52001545,0.0,4.042080001281272,0.0,0.7999999999999882,303.1461523069844,303.14615200009,303.14615200009,0.0
4963703.040030899,0.0,4.042080001281272,0.0,0.7999999999999882,303.1461523069844,303.14615200009,303.14615200009,0.0
4963726.080061799,0.0,4.042080001281272,0.0,0.7999999999999882,303.1461523069844,303.14615200009,303.14615200009,0.0
4963772.160123598,0.0,4.042080001281269,0.0,0.7999999999999882,303.1461523069844,303.14615200009,303.14615200009,0.0
4963864.320247197,0.0,4.042080001281269,0.0,0.7999999999999882,303.1461523069844,303.14615200009,303.14615200009,0.0
4964040.0,0.0,4.0420800012812705,0.0,0.7999999999999882,303.1461523069844,303.14615200009,303.14615200009,0.0
4964040.360000965,0.0,4.0420800012812705,0.0,0.7999999999999882,303.1461523069844,303.14615200009,303.14615200009,0.0
4964040.720001931,0.0,4.0420800012812705,0.0,0.7999999999999882,303.1461523069844,303.14615200009,303.14615200009,0.0
4964041.440003863,0.0,4.0420800012812705,0.0,0.7999999999999882,303.1461523069844,303.14615200009,303.14615200009,0.0
4964042.880007725,0.0,4.0420800012812705,0.0,0.7999999999999882,303.1461523069844,303.14615200009,303.14615200009,0.0
4964045.7600154495,0.0,4.0420800012812705,0.0,0.7999999999999882,303.1461523069844,303.14615200009,303.14615200009,0.0
4964051.5200309,0.0,4.0420800012812705,0.0,0.7999999999999882,303.1461523069844,303.14615200009,303.14615200009,0.0
4964063.040061799,0.0,4.0420800012812705,0.0,0.7999999999999882,303.1461523069844,303.14615200009,303.14615200009,0.0
4964086.080123598,0.0,4.042080001281267,0.0,0.7999999999999882,303.1461523069844,303.14615200009,303.14615200009,0.0
4964132.160247196,0.0,4.042080001281267,0.0,0.7999999999999882,303.1461523069844,303.14615200009,303.14615200009,0.0
4964224.320494392,0.0,4.042080001281269,0.0,0.7999999999999882,303.1461523069844,303.14615200009,303.14615200009,0.0
4964400.0,0.0,4.042080001281269,0.0,0.7999999999999882,303.1461523069844,303.14615200009,303.14615200009,0.0
4968000.0,0.0,4.042080001281269,0.0,0.7999999999999882,302.1926414883162,302.19264100011856,302.19264100011856,0.0
4968003.600001019,0.0,4.042080001281269,0.0,0.7999999999999882,302.1926414883162,302.19264100011856,302.19264100011856,0.0
4968007.200002039,0.0,4.042080001281269,0.0,0.7999999999999882,302.1926414883162,302.19264100011856,302.19264100011856,0.0
4968014.400004077,0.0,4.042080001281269,0.0,0.7999999999999882,302.1926414883162,302.19264100011856,302.19264100011856,0.0
4968028.8000081545,0.0,4.042080001281267,0.0,0.7999999999999882,302.1926414883162,302.19264100011856,302.19264100011856,0.0
4968057.600016308,0.0,4.042080001281267,0.0,0.7999999999999882,302.1926414883162,302.19264100011856,302.19264100011856,0.0
4968115.200032616,0.0,4.042080001281269,0.0,0.7999999999999882,302.1926414883162,302.19264100011856,302.19264100011856,0.0
4968230.400065232,0.0,4.042080001281269,0.0,0.7999999999999882,302.1926414883162,302.19264100011856,302.19264100011856,0.0
4968360.0,0.0,4.042080001281269,0.0,0.7999999999999882,302.1926414883162,302.19264100011856,302.19264100011856,0.0
4968363.240001019,0.0,4.042080001281269,0.0,0.7999999999999882,302.1926414883162,302.19264100011856,302.19264100011856,0.0
4968366.480002038,0.0,4.042080001281269,0.0,0.7999999999999882,302.1926414883162,302.19264100011856,302.19264100011856,0.0
4968372.960004077,0.0,4.042080001281269,0.0,0.7999999999999882,302.1926414883162,302.19264100011856,302.19264100011856,0.0
4968385.920008154,0.0,4.042080001281269,0.0,0.7999999999999882,302.1926414883162,302.19264100011856,302.19264100011856,0.0
4968411.840016308,0.0,4.042080001281269,0.0,0.7999999999999882,302.1926414883162,302.19264100011856,302.19264100011856,0.0
4968463.6800326165,0.0,4.042080001281269,0.0,0.7999999999999882,302.1926414883162,302.19264100011856,302.19264100011856,0.0
4968567.360065232,0.0,4.0420800012812705,0.0,0.7999999999999882,302.1926414883162,302.19264100011856,302.19264100011856,0.0
4968720.0,0.0,4.042080001281267,0.0,0.7999999999999882,302.1926414883162,302.19264100011856,302.19264100011856,0.0
4968722.88000102,0.0,4.042080001281267,0.0,0.7999999999999882,302.1926414883162,302.19264100011856,302.19264100011856,0.0
4968725.760002038,0.0,4.042080001281267,0.0,0.7999999999999882,302.1926414883162,302.19264100011856,302.19264100011856,0.0
4968731.520004077,0.0,4.042080001281267,0.0,0.7999999999999882,302.1926414883162,302.19264100011856,302.19264100011856,0.0
4968743.040008154,0.0,4.042080001281267,0.0,0.7999999999999882,302.1926414883162,302.19264100011856,302.19264100011856,0.0
4968766.080016308,0.0,4.0420800012812705,0.0,0.7999999999999882,302.1926414883162,302.19264100011856,302.19264100011856,0.0
4968812.160032616,0.0,4.042080001281267,0.0,0.7999999999999882,302.1926414883162,302.19264100011856,302.19264100011856,0.0
4968904.320065232,0.0,4.042080001281267,0.0,0.7999999999999882,302.1926414883162,302.19264100011856,302.19264100011856,0.0
4969080.0,0.0,4.042080001281267,0.0,0.7999999999999882,302.1926414883162,302.19264100011856,302.19264100011856,0.0
4969082.520001019,0.0,4.042080001281267,0.0,0.7999999999999882,302.1926414883162,302.19264100011856,302.19264100011856,0.0
4969085.040002039,0.0,4.042080001281267,0.0,0.7999999999999882,302.1926414883162,302.19264100011856,302.19264100011856,0.0
4969090.080004077,0.0,4.042080001281267,0.0,0.7999999999999882,302.1926414883162,302.19264100011856,302.19264100011856,0.0
4969100.160008154,0.0,4.042080001281267,0.0,0.7999999999999882,302.1926414883162,302.19264100011856,302.19264100011856,0.0
4969120.320016308,0.0,4.042080001281267,0.0,0.7999999999999882,302.1926414883162,302.19264100011856,302.19264100011856,0.0
4969160.640032616,0.0,4.042080001281267,0.0,0.7999999999999882,302.1926414883162,302.19264100011856,302.19264100011856,0.0
4969241.280065232,0.0,4.0420800012812705,0.0,0.7999999999999882,302.1926414883162,302.19264100011856,302.19264100011856,0.0
4969402.560130465,0.0,4.042080001281267,0.0,0.7999999999999882,302.1926414883162,302.19264100011856,302.19264100011856,0.0
4969440.0,0.0,4.042080001281267,0.0,0.7999999999999882,302.1926414883162,302.19264100011856,302.19264100011856,0.0
4969442.160001019,0.0,4.042080001281267,0.0,0.7999999999999882,302.1926414883162,302.19264100011856,302.19264100011856,0.0
4969444.320002038,0.0,4.042080001281267,0.0,0.7999999999999882,302.1926414883162,302.19264100011856,302.19264100011856,0.0
4969448.640004077,0.0,4.042080001281267,0.0,0.7999999999999882,302.1926414883162,302.19264100011856,302.19264100011856,0.0
4969457.280008154,0.0,4.042080001281267,0.0,0.7999999999999882,302.1926414883162,302.19264100011856,302.19264100011856,0.0
4969474.560016308,0.0,4.042080001281267,0.0,0.7999999999999882,302.1926414883162,302.19264100011856,302.19264100011856,0.0
4969509.120032616,0.0,4.042080001281267,0.0,0.7999999999999882,302.1926414883162,302.19264100011856,302.19264100011856,0.0
4969578.240065232,0.0,4.0420800012812705,0.0,0.7999999999999882,302.1926414883162,302.19264100011856,302.19264100011856,0.0
4969716.480130465,0.0,4.042080001281267,0.0,0.7999999999999882,302.1926414883162,302.19264100011856,302.19264100011856,0.0
4969800.0,0.0,4.042080001281267,0.0,0.7999999999999882,302.1926414883162,302.19264100011856,302.19264100011856,0.0
4969801.80000102,0.0,4.042080001281267,0.0,0.7999999999999882,302.1926414883162,302.19264100011856,302.19264100011856,0.0
4969803.600002038,0.0,4.042080001281267,0.0,0.7999999999999882,302.1926414883162,302.19264100011856,302.19264100011856,0.0
4969807.200004077,0.0,4.042080001281267,0.0,0.7999999999999882,302.1926414883162,302.19264100011856,302.19264100011856,0.0
4969814.400008154,0.0,4.042080001281267,0.0,0.7999999999999882,302.1926414883162,302.19264100011856,302.19264100011856,0.0
4969828.800016308,0.0,4.042080001281267,0.0,0.7999999999999882,302.1926414883162,302.19264100011856,302.19264100011856,0.0
4969857.600032616,0.0,4.042080001281267,0.0,0.7999999999999882,302.1926414883162,302.19264100011856,302.19264100011856,0.0
4969915.200065232,0.0,4.0420800012812705,0.0,0.7999999999999882,302.1926414883162,302.19264100011856,302.19264100011856,0.0
4970030.400130465,0.0,4.042080001281267,0.0,0.7999999999999882,302.1926414883162,302.19264100011856,302.19264100011856,0.0
4970160.0,0.0,4.042080001281269,0.0,0.7999999999999882,302.1926414883162,302.19264100011856,302.19264100011856,0.0
4970161.440001019,0.0,4.042080001281269,0.0,0.7999999999999882,302.1926414883162,302.19264100011856,302.19264100011856,0.0
4970162.880002039,0.0,4.042080001281269,0.0,0.7999999999999882,302.1926414883162,302.19264100011856,302.19264100011856,0.0
4970165.760004077,0.0,4.042080001281269,0.0,0.7999999999999882,302.1926414883162,302.19264100011856,302.19264100011856,0.0
4970171.520008154,0.0,4.042080001281269,0.0,0.7999999999999882,302.1926414883162,302.19264100011856,302.19264100011856,0.0
4970183.040016308,0.0,4.042080001281269,0.0,0.7999999999999882,302.1926414883162,302.19264100011856,302.19264100011856,0.0
4970206.080032616,0.0,4.0420800012812705,0.0,0.7999999999999882,302.1926414883162,302.19264100011856,302.19264100011856,0.0
4970252.160065232,0.0,4.0420800012812705,0.0,0.7999999999999882,302.1926414883162,302.19264100011856,302.19264100011856,0.0
4970344.320130465,0.0,4.042080001281269,0.0,0.7999999999999882,302.1926414883162,302.19264100011856,302.19264100011856,0.0
4970520.0,0.0,4.042080001281269,0.0,0.7999999999999882,302.1926414883162,302.19264100011856,302.19264100011856,0.0
4970521.080001019,0.0,4.042080001281269,0.0,0.7999999999999882,302.1926414883162,302.19264100011856,302.19264100011856,0.0
4970522.160002039,0.0,4.042080001281269,0.0,0.7999999999999882,302.1926414883162,302.19264100011856,302.19264100011856,0.0
4970524.320004077,0.0,4.042080001281269,0.0,0.7999999999999882,302.1926414883162,302.19264100011856,302.19264100011856,0.0
4970528.640008154,0.0,4.042080001281269,0.0,0.7999999999999882,302.1926414883162,302.19264100011856,302.19264100011856,0.0
4970537.280016308,0.0,4.042080001281269,0.0,0.7999999999999882,302.1926414883162,302.19264100011856,302.19264100011856,0.0
4970554.560032616,0.0,4.042080001281269,0.0,0.7999999999999882,302.1926414883162,302.19264100011856,302.19264100011856,0.0
4970589.120065233,0.0,4.042080001281269,0.0,0.7999999999999882,302.1926414883162,302.19264100011856,302.19264100011856,0.0
4970658.240130465,0.0,4.042080001281269,0.0,0.7999999999999882,302.1926414883162,302.19264100011856,302.19264100011856,0.0
4970796.480260929,0.0,4.0420800012812705,0.0,0.7999999999999882,302.1926414883162,302.19264100011856,302.19264100011856,0.0
4970880.0,0.0,4.042080001281272,0.0,0.7999999999999882,302.1926414883162,302.19264100011856,302.19264100011856,0.0
4970880.72000102,0.0,4.042080001281272,0.0,0.7999999999999882,302.1926414883162,302.19264100011856,302.19264100011856,0.0
4970881.440002038,0.0,4.042080001281272,0.0,0.7999999999999882,302.1926414883162,302.19264100011856,302.19264100011856,0.0
4970882.880004077,0.0,4.042080001281272,0.0,0.7999999999999882,302.1926414883162,302.19264100011856,302.19264100011856,0.0
4970885.760008154,0.0,4.042080001281272,0.0,0.7999999999999882,302.1926414883162,302.19264100011856,302.19264100011856,0.0
4970891.520016308,0.0,4.042080001281272,0.0,0.7999999999999882,302.1926414883162,302.19264100011856,302.19264100011856,0.0
4970903.040032616,0.0,4.0420800012812705,0.0,0.7999999999999882,302.1926414883162,302.19264100011856,302.19264100011856,0.0
4970926.080065233,0.0,4.042080001281269,0.0,0.7999999999999882,302.1926414883162,302.19264100011856,302.19264100011856,0.0
4970972.1601304645,0.0,4.042080001281269,0.0,0.7999999999999882,302.1926414883162,302.19264100011856,302.19264100011856,0.0
4971064.320260929,0.0,4.042080001281272,0.0,0.7999999999999882,302.1926414883162,302.19264100011856,302.19264100011856,0.0
4971240.0,0.0,4.042080001281272,0.0,0.7999999999999882,302.1926414883162,302.19264100011856,302.19264100011856,0.0
4971240.360001019,0.0,4.042080001281272,0.0,0.7999999999999882,302.1926414883162,302.19264100011856,302.19264100011856,0.0
4971240.720002038,0.0,4.042080001281272,0.0,0.7999999999999882,302.1926414883162,302.19264100011856,302.19264100011856,0.0
4971241.440004077,0.0,4.042080001281272,0.0,0.7999999999999882,302.1926414883162,302.19264100011856,302.19264100011856,0.0
4971242.880008154,0.0,4.042080001281272,0.0,0.7999999999999882,302.1926414883162,302.19264100011856,302.19264100011856,0.0
4971245.760016308,0.0,4.042080001281272,0.0,0.7999999999999882,302.1926414883162,302.19264100011856,302.19264100011856,0.0
4971251.520032616,0.0,4.042080001281272,0.0,0.7999999999999882,302.1926414883162,302.19264100011856,302.19264100011856,0.0
4971263.040065233,0.0,4.042080001281272,0.0,0.7999999999999882,302.1926414883162,302.19264100011856,302.19264100011856,0.0
4971286.080130464,0.0,4.042080001281272,0.0,0.7999999999999882,302.1926414883162,302.19264100011856,302.19264100011856,0.0
4971332.160260929,0.0,4.042080001281272,0.0,0.7999999999999882,302.1926414883162,302.19264100011856,302.19264100011856,0.0
4971424.3205218585,0.0,4.042080001281274,0.0,0.7999999999999882,302.1926414883162,302.19264100011856,302.19264100011856,0.0
4971600.0,0.0,4.0420800012812705,0.0,0.7999999999999882,302.1926414883162,302.19264100011856,302.19264100011856,0.0
4975200.0,0.0,4.0420800012812705,0.0,0.7999999999999882,300.9500006362904,300.95000000005814,300.95000000005814,0.0
4975203.6000010725,0.0,4.0420800012812705,0.0,0.7999999999999882,300.9500006362904,300.95000000005814,300.95000000005814,0.0
4975207.200002146,0.0,4.0420800012812705,0.0,0.7999999999999882,300.9500006362904,300.95000000005814,300.95000000005814,0.0
4975214.400004292,0.0,4.0420800012812705,0.0,0.7999999999999882,300.9500006362904,300.95000000005814,300.95000000005814,0.0
4975228.800008583,0.0,4.0420800012812705,0.0,0.7999999999999882,300.9500006362904,300.95000000005814,300.95000000005814,0.0
4975257.600017167,0.0,4.0420800012812705,0.0,0.7999999999999882,300.9500006362904,300.95000000005814,300.95000000005814,0.0
4975315.200034332,0.0,4.0420800012812705,0.0,0.7999999999999882,300.9500006362904,300.95000000005814,300.95000000005814,0.0
4975430.400068666,0.0,4.0420800012812705,0.0,0.7999999999999882,300.9500006362904,300.95000000005814,300.95000000005814,0.0
4975560.0,0.0,4.042080001281274,0.0,0.7999999999999882,300.9500006362904,300.95000000005814,300.95000000005814,0.0
4975563.240001073,0.0,4.042080001281274,0.0,0.7999999999999882,300.9500006362904,300.95000000005814,300.95000000005814,0.0
4975566.480002146,0.0,4.042080001281274,0.0,0.7999999999999882,300.9500006362904,300.95000000005814,300.95000000005814,0.0
4975572.9600042915,0.0,4.042080001281274,0.0,0.7999999999999882,300.9500006362904,300.95000000005814,300.95000000005814,0.0
4975585.920008583,0.0,4.042080001281274,0.0,0.7999999999999882,300.9500006362904,300.95000000005814,300.95000000005814,0.0
4975611.840017166,0.0,4.042080001281274,0.0,0.7999999999999882,300.9500006362904,300.95000000005814,300.95000000005814,0.0
4975663.680034333,0.0,4.042080001281274,0.0,0.7999999999999882,300.9500006362904,300.95000000005814,300.95000000005814,0.0
4975767.360068666,0.0,4.042080001281274,0.0,0.7999999999999882,300.9500006362904,300.95000000005814,300.95000000005814,0.0
4975920.0,0.0,4.042080001281274,0.0,0.7999999999999882,300.9500006362904,300.95000000005814,300.95000000005814,0.0
4975922.880001073,0.0,4.042080001281274,0.0,0.7999999999999882,300.9500006362904,300.95000000005814,300.95000000005814,0.0
4975925.760002146,0.0,4.042080001281274,0.0,0.7999999999999882,300.9500006362904,300.95000000005814,300.95000000005814,0.0
4975931.520004292,0.0,4.042080001281274,0.0,0.7999999999999882,300.9500006362904,300.95000000005814,300.95000000005814,0.0
4975943.040008583,0.0,4.042080001281274,0.0,0.7999999999999882,300.9500006362904,300.95000000005814,300.95000000005814,0.0
4975966.080017166,0.0,4.042080001281274,0.0,0.7999999999999882,300.9500006362904,300.95000000005814,300.95000000005814,0.0
4976012.160034332,0.0,4.042080001281272,0.0,0.7999999999999882,300.9500006362904,300.95000000005814,300.95000000005814,0.0
4976104.320068666,0.0,4.042080001281274,0.0,0.7999999999999882,300.9500006362904,300.95000000005814,300.95000000005814,0.0
4976280.0,0.0,4.042080001281274,0.0,0.7999999999999882,300.9500006362904,300.95000000005814,300.95000000005814,0.0
4976282.520001072,0.0,4.042080001281274,0.0,0.7999999999999882,300.9500006362904,300.95000000005814,300.95000000005814,0.0
4976285.040002146,0.0,4.042080001281274,0.0,0.7999999999999882,300.9500006362904,300.95000000005814,300.95000000005814,0.0
4976290.080004292,0.0,4.042080001281274,0.0,0.7999999999999882,300.9500006362904,300.95000000005814,300.95000000005814,0.0
4976300.160008583,0.0,4.042080001281274,0.0,0.7999999999999882,300.9500006362904,300.95000000005814,300.95000000005814,0.0
4976320.320017166,0.0,4.042080001281274,0.0,0.7999999999999882,300.9500006362904,300.95000000005814,300.95000000005814,0.0
4976360.640034333,0.0,4.042080001281267,0.0,0.7999999999999882,300.9500006362904,300.95000000005814,300.95000000005814,0.0
4976441.280068666,0.0,4.042080001281267,0.0,0.7999999999999882,300.9500006362904,300.95000000005814,300.95000000005814,0.0
4976602.5601373315,0.0,4.042080001281272,0.0,0.7999999999999882,300.9500006362904,300.95000000005814,300.95000000005814,0.0
4976640.0,0.0,4.042080001281272,0.0,0.7999999999999882,300.9500006362904,300.95000000005814,300.95000000005814,0.0
4976642.160001073,0.0,4.042080001281272,0.0,0.7999999999999882,300.9500006362904,300.95000000005814,300.95000000005814,0.0
4976644.320002146,0.0,4.042080001281272,0.0,0.7999999999999882,300.9500006362904,300.95000000005814,300.95000000005814,0.0
4976648.640004291,0.0,4.042080001281272,0.0,0.7999999999999882,300.9500006362904,300.95000000005814,300.95000000005814,0.0
4976657.280008583,0.0,4.042080001281272,0.0,0.7999999999999882,300.9500006362904,300.95000000005814,300.95000000005814,0.0
4976674.560017167,0.0,4.042080001281272,0.0,0.7999999999999882,300.9500006362904,300.95000000005814,300.95000000005814,0.0
4976709.120034332,0.0,4.042080001281272,0.0,0.7999999999999882,300.9500006362904,300.95000000005814,300.95000000005814,0.0
4976778.240068666,0.0,4.042080001281272,0.0,0.7999999999999882,300.9500006362904,300.95000000005814,300.95000000005814,0.0
4976916.480137331,0.0,4.042080001281267,0.0,0.7999999999999882,300.9500006362904,300.95000000005814,300.95000000005814,0.0
4977000.0,0.0,4.042080001281269,0.0,0.7999999999999882,300.9500006362904,300.95000000005814,300.95000000005814,0.0
4977001.800001073,0.0,4.042080001281269,0.0,0.7999999999999882,300.9500006362904,300.95000000005814,300.95000000005814,0.0
4977003.600002145,0.0,4.042080001281269,0.0,0.7999999999999882,300.9500006362904,300.95000000005814,300.95000000005814,0.0
4977007.200004292,0.0,4.042080001281269,0.0,0.7999999999999882,300.9500006362904,300.95000000005814,300.95000000005814,0.0
4977014.400008583,0.0,4.042080001281269,0.0,0.7999999999999882,300.9500006362904,300.95000000005814,300.95000000005814,0.0
4977028.800017166,0.0,4.042080001281269,0.0,0.7999999999999882,300.9500006362904,300.95000000005814,300.95000000005814,0.0
4977057.600034333,0.0,4.042080001281267,0.0,0.7999999999999882,300.9500006362904,300.95000000005814,300.95000000005814,0.0
4977115.200068666,0.0,4.0420800012812705,0.0,0.7999999999999882,300.9500006362904,300.95000000005814,300.95000000005814,0.0
4977230.400137331,0.0,4.042080001281269,0.0,0.7999999999999882,300.9500006362904,300.95000000005814,300.95000000005814,0.0
4977360.0,0.0,4.042080001281272,0.0,0.7999999999999882,300.9500006362904,300.95000000005814,300.95000000005814,0.0
4977361.440001073,0.0,4.042080001281272,0.0,0.7999999999999882,300.9500006362904,300.95000000005814,300.95000000005814,0.0
4977362.880002146,0.0,4.042080001281272,0.0,0.7999999999999882,300.9500006362904,300.95000000005814,300.95000000005814,0.0
4977365.760004291,0.0,4.042080001281272,0.0,0.7999999999999882,300.9500006362904,300.95000000005814,300.95000000005814,0.0
4977371.520008584,0.0,4.042080001281272,0.0,0.7999999999999882,300.9500006362904,300.95000000005814,300.95000000005814,0.0
4977383.040017166,0.0,4.042080001281272,0.0,0.7999999999999882,300.9500006362904,300.95000000005814,300.95000000005814,0.0
4977406.080034332,0.0,4.0420800012812705,0.0,0.7999999999999882,300.9500006362904,300.95000000005814,300.95000000005814,0.0
4977452.160068666,0.0,4.0420800012812705,0.0,0.7999999999999882,300.9500006362904,300.95000000005814,300.95000000005814,0.0
4977544.320137331,0.0,4.042080001281269,0.0,0.7999999999999882,300.9500006362904,300.95000000005814,300.95000000005814,0.0
4977720.0,0.0,4.042080001281272,0.0,0.7999999999999882,300.9500006362904,300.95000000005814,300.95000000005814,0.0
4977721.080001073,0.0,4.042080001281272,0.0,0.7999999999999882,300.9500006362904,300.95000000005814,300.95000000005814,0.0
4977722.160002146,0.0,4.042080001281272,0.0,0.7999999999999882,300.9500006362904,300.95000000005814,300.95000000005814,0.0
4977724.320004292,0.0,4.042080001281272,0.0,0.7999999999999882,300.9500006362904,300.95000000005814,300.95000000005814,0.0
4977728.640008584,0.0,4.042080001281272,0.0,0.7999999999999882,300.9500006362904,300.95000000005814,300.95000000005814,0.0
4977737.280017166,0.0,4.042080001281272,0.0,0.7999999999999882,300.9500006362904,300.95000000005814,300.95000000005814,0.0
4977754.560034333,0.0,4.042080001281272,0.0,0.7999999999999882,300.9500006362904,300.95000000005814,300.95000000005814,0.0
4977789.120068666,0.0,4.042080001281272,0.0,0.7999999999999882,300.9500006362904,300.95000000005814,300.95000000005814,0.0
4977858.240137331,0.0,4.042080001281272,0.0,0.7999999999999882,300.9500006362904,300.95000000005814,300.95000000005814,0.0
4977996.480274662,0.0,4.0420800012812705,0.0,0.7999999999999882,300.9500006362904,300.95000000005814,300.95000000005814,0.0
4978080.0,0.0,4.0420800012812705,0.0,0.7999999999999882,300.9500006362904,300.95000000005814,300.95000000005814,0.0
4978080.720001073,0.0,4.0420800012812705,0.0,0.7999999999999882,300.9500006362904,300.95000000005814,300.95000000005814,0.0
4978081.440002146,0.0,4.0420800012812705,0.0,0.7999999999999882,300.9500006362904,300.95000000005814,300.95000000005814,0.0
4978082.880004291,0.0,4.0420800012812705,0.0,0.7999999999999882,300.9500006362904,300.95000000005814,300.95000000005814,0.0
4978085.760008583,0.0,4.0420800012812705,0.0,0.7999999999999882,300.9500006362904,300.95000000005814,300.95000000005814,0.0
4978091.520017167,0.0,4.0420800012812705,0.0,0.7999999999999882,300.9500006362904,300.95000000005814,300.95000000005814,0.0
4978103.040034332,0.0,4.0420800012812705,0.0,0.7999999999999882,300.9500006362904,300.95000000005814,300.95000000005814,0.0
4978126.080068666,0.0,4.0420800012812705,0.0,0.7999999999999882,300.9500006362904,300.95000000005814,300.95000000005814,0.0
4978172.160137331,0.0,4.0420800012812705,0.0,0.7999999999999882,300.9500006362904,300.95000000005814,300.95000000005814,0.0
4978264.320274662,0.0,4.0420800012812705,0.0,0.7999999999999882,300.9500006362904,300.95000000005814,300.95000000005814,0.0
4978440.0,0.0,4.0420800012812705,0.0,0.7999999999999882,300.9500006362904,300.95000000005814,300.95000000005814,0.0
4978440.360001073,0.0,4.0420800012812705,0.0,0.7999999999999882,300.9500006362904,300.95000000005814,300.95000000005814,0.0
4978440.7200021455,0.0,4.0420800012812705,0.0,0.7999999999999882,300.9500006362904,300.95000000005814,300.95000000005814,0.0
4978441.440004292,0.0,4.0420800012812705,0.0,0.7999999999999882,300.9500006362904,300.95000000005814,300.95000000005814,0.0
4978442.880008583,0.0,4.0420800012812705,0.0,0.7999999999999882,300.9500006362904,300.95000000005814,300.95000000005814,0.0
4978445.760017166,0.0,4.0420800012812705,0.0,0.7999999999999882,300.9500006362904,300.95000000005814,300.95000000005814,0.0
4978451.520034333,0.0,4.0420800012812705,0.0,0.7999999999999882,300.9500006362904,300.95000000005814,300.95000000005814,0.0
4978463.0400686655,0.0,4.042080001281267,0.0,0.7999999999999882,300.9500006362904,300.95000000005814,300.95000000005814,0.0
4978486.080137331,0.0,4.042080001281267,0.0,0.7999999999999882,300.9500006362904,300.95000000005814,300.95000000005814,0.0
4978532.160274662,0.0,4.042080001281272,0.0,0.7999999999999882,300.9500006362904,300.95000000005814,300.95000000005814,0.0
4978624.320549324,0.0,4.042080001281272,0.0,0.7999999999999882,300.9500006362904,300.95000000005814,300.95000000005814,0.0
4978800.0,0.0,4.042080001281278,0.0,0.7999999999999882,300.9500006362904,300.95000000005814,300.95000000005814,0.0
4982400.0,0.0,4.042080001281278,0.0,0.7999999999999882,299.50291474090267,299.5029139999946,299.5029139999946,0.0
4982403.6000011265,0.0,4.042080001281278,0.0,0.7999999999999882,299.50291474090267,299.5029139999946,299.5029139999946,0.0
4982407.200002253,0.0,4.042080001281278,0.0,0.7999999999999882,299.50291474090267,299.5029139999946,299.5029139999946,0.0
4982414.400004506,0.0,4.042080001281278,0.0,0.7999999999999882,299.50291474090267,299.5029139999946,299.5029139999946,0.0
4982428.800009012,0.0,4.042080001281278,0.0,0.7999999999999882,299.50291474090267,299.5029139999946,299.5029139999946,0.0
4982457.600018024,0.0,4.042080001281278,0.0,0.7999999999999882,299.50291474090267,299.5029139999946,299.5029139999946,0.0
4982515.20003605,0.0,4.042080001281278,0.0,0.7999999999999882,299.50291474090267,299.5029139999946,299.5029139999946,0.0
4982630.400072099,0.0,4.042080001281276,0.0,0.7999999999999882,299.50291474090267,299.5029139999946,299.5029139999946,0.0
4982760.0,0.0,4.042080001281278,0.0,0.7999999999999882,299.50291474090267,299.5029139999946,299.5029139999946,0.0
4982763.240001126,0.0,4.042080001281278,0.0,0.7999999999999882,299.50291474090267,299.5029139999946,299.5029139999946,0.0
4982766.480002253,0.0,4.042080001281278,0.0,0.7999999999999882,299.50291474090267,299.5029139999946,299.5029139999946,0.0
4982772.960004507,0.0,4.042080001281278,0.0,0.7999999999999882,299.50291474090267,299.5029139999946,299.5029139999946,0.0
4982785.920009012,0.0,4.042080001281278,0.0,0.7999999999999882,299.50291474090267,299.5029139999946,299.5029139999946,0.0
4982811.840018025,0.0,4.042080001281276,0.0,0.7999999999999882,299.50291474090267,299.5029139999946,299.5029139999946,0.0
4982863.680036049,0.0,4.042080001281279,0.0,0.7999999999999882,299.50291474090267,299.5029139999946,299.5029139999946,0.0
4982967.360072099,0.0,4.042080001281278,0.0,0.7999999999999882,299.50291474090267,299.5029139999946,299.5029139999946,0.0
4983120.0,0.0,4.042080001281279,0.0,0.7999999999999882,299.50291474090267,299.5029139999946,299.5029139999946,0.0
4983122.880001127,0.0,4.042080001281279,0.0,0.7999999999999882,299.50291474090267,299.5029139999946,299.5029139999946,0.0
4983125.760002253,0.0,4.042080001281279,0.0,0.7999999999999882,299.50291474090267,299.5029139999946,299.5029139999946,0.0
4983131.520004506,0.0,4.042080001281279,0.0,0.7999999999999882,299.50291474090267,299.5029139999946,299.5029139999946,0.0
4983143.040009012,0.0,4.042080001281279,0.0,0.7999999999999882,299.50291474090267,299.5029139999946,299.5029139999946,0.0
4983166.080018025,0.0,4.042080001281279,0.0,0.7999999999999882,299.50291474090267,299.5029139999946,299.5029139999946,0.0
4983212.16003605,0.0,4.042080001281281,0.0,0.7999999999999882,299.50291474090267,299.5029139999946,299.5029139999946,0.0
4983304.320072099,0.0,4.042080001281279,0.0,0.7999999999999882,299.50291474090267,299.5029139999946,299.5029139999946,0.0
4983480.0,0.0,4.042080001281281,0.0,0.7999999999999882,299.50291474090267,299.5029139999946,299.5029139999946,0.0
4983482.520001126,0.0,4.042080001281281,0.0,0.7999999999999882,299.50291474090267,299.5029139999946,299.5029139999946,0.0
4983485.040002253,0.0,4.042080001281281,0.0,0.7999999999999882,299.50291474090267,299.5029139999946,299.5029139999946,0.0
4983490.080004506,0.0,4.042080001281281,0.0,0.7999999999999882,299.50291474090267,299.5029139999946,299.5029139999946,0.0
4983500.160009013,0.0,4.042080001281281,0.0,0.7999999999999882,299.50291474090267,299.5029139999946,299.5029139999946,0.0
4983520.320018025,0.0,4.042080001281281,0.0,0.7999999999999882,299.50291474090267,299.5029139999946,299.5029139999946,0.0
4983560.640036049,0.0,4.042080001281279,0.0,0.7999999999999882,299.50291474090267,299.5029139999946,299.5029139999946,0.0
4983641.280072099,0.0,4.042080001281279,0.0,0.7999999999999882,299.50291474090267,299.5029139999946,299.5029139999946,0.0
4983802.560144197,0.0,4.042080001281279,0.0,0.7999999999999882,299.50291474090267,299.5029139999946,299.5029139999946,0.0
4983840.0,0.0,4.042080001281279,0.0,0.7999999999999882,299.50291474090267,299.5029139999946,299.5029139999946,0.0
4983842.160001126,0.0,4.042080001281279,0.0,0.7999999999999882,299.50291474090267,299.5029139999946,299.5029139999946,0.0
4983844.320002253,0.0,4.042080001281279,0.0,0.7999999999999882,299.50291474090267,299.5029139999946,299.5029139999946,0.0
4983848.640004506,0.0,4.042080001281279,0.0,0.7999999999999882,299.50291474090267,299.5029139999946,299.5029139999946,0.0
4983857.280009013,0.0,4.042080001281279,0.0,0.7999999999999882,299.50291474090267,299.5029139999946,299.5029139999946,0.0
4983874.560018024,0.0,4.042080001281279,0.0,0.7999999999999882,299.50291474090267,299.5029139999946,299.5029139999946,0.0
4983909.12003605,0.0,4.042080001281279,0.0,0.7999999999999882,299.50291474090267,299.5029139999946,299.5029139999946,0.0
4983978.240072099,0.0,4.042080001281281,0.0,0.7999999999999882,299.50291474090267,299.5029139999946,299.5029139999946,0.0
4984116.480144197,0.0,4.042080001281281,0.0,0.7999999999999882,299.50291474090267,299.5029139999946,299.5029139999946,0.0
4984200.0,0.0,4.042080001281279,0.0,0.7999999999999882,299.50291474090267,299.5029139999946,299.5029139999946,0.0
4984201.800001127,0.0,4.042080001281279,0.0,0.7999999999999882,299.50291474090267,299.5029139999946,299.5029139999946,0.0
4984203.600002253,0.0,4.042080001281279,0.0,0.7999999999999882,299.50291474090267,299.5029139999946,299.5029139999946,0.0
4984207.200004506,0.0,4.042080001281279,0.0,0.7999999999999882,299.50291474090267,299.5029139999946,299.5029139999946,0.0
4984214.400009013,0.0,4.042080001281279,0.0,0.7999999999999882,299.50291474090267,299.5029139999946,299.5029139999946,0.0
4984228.800018025,0.0,4.042080001281279,0.0,0.7999999999999882,299.50291474090267,299.5029139999946,299.5029139999946,0.0
4984257.600036049,0.0,4.042080001281279,0.0,0.7999999999999882,299.50291474090267,299.5029139999946,299.5029139999946,0.0
4984315.2000720985,0.0,4.042080001281283,0.0,0.7999999999999882,299.50291474090267,299.5029139999946,299.5029139999946,0.0
4984430.400144197,0.0,4.042080001281279,0.0,0.7999999999999882,299.50291474090267,299.5029139999946,299.5029139999946,0.0
4984560.0,0.0,4.042080001281281,0.0,0.7999999999999882,299.50291474090267,299.5029139999946,299.5029139999946,0.0
4984561.440001126,0.0,4.042080001281281,0.0,0.7999999999999882,299.50291474090267,299.5029139999946,299.5029139999946,0.0
4984562.880002253,0.0,4.042080001281281,0.0,0.7999999999999882,299.50291474090267,299.5029139999946,299.5029139999946,0.0
4984565.760004506,0.0,4.042080001281281,0.0,0.7999999999999882,299.50291474090267,299.5029139999946,299.5029139999946,0.0
4984571.520009012,0.0,4.042080001281281,0.0,0.7999999999999882,299.50291474090267,299.5029139999946,299.5029139999946,0.0
4984583.040018025,0.0,4.042080001281281,0.0,0.7999999999999882,299.50291474090267,299.5029139999946,299.5029139999946,0.0
4984606.08003605,0.0,4.042080001281279,0.0,0.7999999999999882,299.50291474090267,299.5029139999946,299.5029139999946,0.0
4984652.1600720985,0.0,4.042080001281281,0.0,0.7999999999999882,299.50291474090267,299.5029139999946,299.5029139999946,0.0
4984744.320144198,0.0,4.042080001281283,0.0,0.7999999999999882,299.50291474090267,299.5029139999946,299.5029139999946,0.0
4984920.0,0.0,4.042080001281283,0.0,0.7999999999999882,299.50291474090267,299.5029139999946,299.5029139999946,0.0
4984921.080001127,0.0,4.042080001281283,0.0,0.7999999999999882,299.50291474090267,299.5029139999946,299.5029139999946,0.0
4984922.160002253,0.0,4.042080001281283,0.0,0.7999999999999882,299.50291474090267,299.5029139999946,299.5029139999946,0.0
4984924.320004506,0.0,4.042080001281283,0.0,0.7999999999999882,299.50291474090267,299.5029139999946,299.5029139999946,0.0
4984928.640009012,0.0,4.042080001281283,0.0,0.7999999999999882,299.50291474090267,299.5029139999946,299.5029139999946,0.0
4984937.280018025,0.0,4.042080001281283,0.0,0.7999999999999882,299.50291474090267,299.5029139999946,299.5029139999946,0.0
4984954.560036049,0.0,4.042080001281283,0.0,0.7999999999999882,299.50291474090267,299.5029139999946,299.5029139999946,0.0
4984989.120072098,0.0,4.042080001281283,0.0,0.7999999999999882,299.50291474090267,299.5029139999946,299.5029139999946,0.0
4985058.240144198,0.0,4.042080001281283,0.0,0.7999999999999882,299.50291474090267,299.5029139999946,299.5029139999946,0.0
4985196.480288395,0.0,4.042080001281285,0.0,0.7999999999999882,299.50291474090267,299.5029139999946,299.5029139999946,0.0
4985280.0,0.0,4.042080001281283,0.0,0.7999999999999882,299.50291474090267,299.5029139999946,299.5029139999946,0.0
4985280.720001127,0.0,4.042080001281283,0.0,0.7999999999999882,299.50291474090267,299.5029139999946,299.5029139999946,0.0
4985281.440002253,0.0,4.042080001281283,0.0,0.7999999999999882,299.50291474090267,299.5029139999946,299.5029139999946,0.0
4985282.880004507,0.0,4.042080001281283,0.0,0.7999999999999882,299.50291474090267,299.5029139999946,299.5029139999946,0.0
4985285.760009012,0.0,4.042080001281283,0.0,0.7999999999999882,299.50291474090267,299.5029139999946,299.5029139999946,0.0
4985291.520018024,0.0,4.042080001281283,0.0,0.7999999999999882,299.50291474090267,299.5029139999946,299.5029139999946,0.0
4985303.04003605,0.0,4.042080001281283,0.0,0.7999999999999882,299.50291474090267,299.5029139999946,299.5029139999946,0.0
4985326.080072098,0.0,4.042080001281285,0.0,0.7999999999999882,299.50291474090267,299.5029139999946,299.5029139999946,0.0
4985372.160144198,0.0,4.042080001281283,0.0,0.7999999999999882,299.50291474090267,299.5029139999946,299.5029139999946,0.0
4985464.320288395,0.0,4.042080001281285,0.0,0.7999999999999882,299.50291474090267,299.5029139999946,299.5029139999946,0.0
4985640.0,0.0,4.042080001281278,0.0,0.7999999999999882,299.50291474090267,299.5029139999946,299.5029139999946,0.0
4985640.360001126,0.0,4.042080001281278,0.0,0.7999999999999882,299.50291474090267,299.5029139999946,299.5029139999946,0.0
4985640.720002253,0.0,4.042080001281278,0.0,0.7999999999999882,299.50291474090267,299.5029139999946,299.5029139999946,0.0
4985641.440004506,0.0,4.042080001281278,0.0,0.7999999999999882,299.50291474090267,299.5029139999946,299.5029139999946,0.0
4985642.880009012,0.0,4.042080001281278,0.0,0.7999999999999882,299.50291474090267,299.5029139999946,299.5029139999946,0.0
4985645.760018025,0.0,4.042080001281278,0.0,0.7999999999999882,299.50291474090267,299.5029139999946,299.5029139999946,0.0
4985651.520036049,0.0,4.042080001281278,0.0,0.7999999999999882,299.50291474090267,299.5029139999946,299.5029139999946,0.0
4985663.040072098,0.0,4.042080001281278,0.0,0.7999999999999882,299.50291474090267,299.5029139999946,299.5029139999946,0.0
4985686.080144198,0.0,4.042080001281278,0.0,0.7999999999999882,299.50291474090267,299.5029139999946,299.5029139999946,0.0
4985732.160288395,0.0,4.042080001281278,0.0,0.7999999999999882,299.50291474090267,299.5029139999946,299.5029139999946,0.0
4985824.32057679,0.0,4.042080001281278,0.0,0.7999999999999882,299.50291474090267,299.5029139999946,299.5029139999946,0.0
4986000.0,0.0,4.042080001281278,0.0,0.7999999999999882,299.50291474090267,299.5029139999946,299.5029139999946,0.0
4989600.0,0.0,4.042080001281278,0.0,0.7999999999999882,297.9500007951096,297.95000000001755,297.95000000001755,0.0
4989603.600001181,0.0,4.042080001281278,0.0,0.7999999999999882,297.9500007951096,297.95000000001755,297.95000000001755,0.0
4989607.20000236,0.0,4.042080001281278,0.0,0.7999999999999882,297.9500007951096,297.95000000001755,297.95000000001755,0.0
4989614.40000472,0.0,4.042080001281278,0.0,0.7999999999999882,297.9500007951096,297.95000000001755,297.95000000001755,0.0
4989628.800009442,0.0,4.042080001281278,0.0,0.7999999999999882,297.9500007951096,297.95000000001755,297.95000000001755,0.0
4989657.600018883,0.0,4.042080001281278,0.0,0.7999999999999882,297.9500007951096,297.95000000001755,297.95000000001755,0.0
4989715.200037766,0.0,4.042080001281278,0.0,0.7999999999999882,297.9500007951096,297.95000000001755,297.95000000001755,0.0
4989830.400075532,0.0,4.042080001281278,0.0,0.7999999999999882,297.9500007951096,297.95000000001755,297.95000000001755,0.0
4989960.0,0.0,4.042080001281278,0.0,0.7999999999999882,297.9500007951096,297.95000000001755,297.95000000001755,0.0
4989963.24000118,0.0,4.042080001281278,0.0,0.7999999999999882,297.9500007951096,297.95000000001755,297.95000000001755,0.0
4989966.48000236,0.0,4.042080001281278,0.0,0.7999999999999882,297.9500007951096,297.95000000001755,297.95000000001755,0.0
4989972.960004721,0.0,4.042080001281278,0.0,0.7999999999999882,297.9500007951096,297.95000000001755,297.95000000001755,0.0
4989985.920009442,0.0,4.042080001281278,0.0,0.7999999999999882,297.9500007951096,297.95000000001755,297.95000000001755,0.0
4990011.840018883,0.0,4.042080001281278,0.0,0.7999999999999882,297.9500007951096,297.95000000001755,297.95000000001755,0.0
4990063.680037766,0.0,4.042080001281278,0.0,0.7999999999999882,297.9500007951096,297.95000000001755,297.95000000001755,0.0
4990167.3600755315,0.0,4.042080001281278,0.0,0.7999999999999882,297.9500007951096,297.95000000001755,297.95000000001755,0.0
4990320.0,0.0,4.042080001281278,0.0,0.7999999999999882,297.9500007951096,297.95000000001755,297.95000000001755,0.0
4990322.88000118,0.0,4.042080001281278,0.0,0.7999999999999882,297.9500007951096,297.95000000001755,297.95000000001755,0.0
4990325.760002361,0.0,4.042080001281278,0.0,0.7999999999999882,297.9500007951096,297.95000000001755,297.95000000001755,0.0
4990331.52000472,0.0,4.042080001281278,0.0,0.7999999999999882,297.9500007951096,297.95000000001755,297.95000000001755,0.0
4990343.040009442,0.0,4.042080001281278,0.0,0.7999999999999882,297.9500007951096,297.95000000001755,297.95000000001755,0.0
4990366.080018883,0.0,4.042080001281278,0.0,0.7999999999999882,297.9500007951096,297.95000000001755,297.95000000001755,0.0
4990412.160037766,0.0,4.042080001281278,0.0,0.7999999999999882,297.9500007951096,297.95000000001755,297.95000000001755,0.0
4990504.320075532,0.0,4.042080001281278,0.0,0.7999999999999882,297.9500007951096,297.95000000001755,297.95000000001755,0.0
4990680.0,0.0,4.042080001281278,0.0,0.7999999999999882,297.9500007951096,297.95000000001755,297.95000000001755,0.0
4990682.5200011805,0.0,4.042080001281278,0.0,0.7999999999999882,297.9500007951096,297.95000000001755,297.95000000001755,0.0
4990685.04000236,0.0,4.042080001281278,0.0,0.7999999999999882,297.9500007951096,297.95000000001755,297.95000000001755,0.0
4990690.080004721,0.0,4.042080001281278,0.0,0.7999999999999882,297.9500007951096,297.95000000001755,297.95000000001755,0.0
4990700.160009442,0.0,4.042080001281278,0.0,0.7999999999999882,297.9500007951096,297.95000000001755,297.95000000001755,0.0
4990720.320018883,0.0,4.042080001281278,0.0,0.7999999999999882,297.9500007951096,297.95000000001755,297.95000000001755,0.0
4990760.640037766,0.0,4.042080001281278,0.0,0.7999999999999882,297.9500007951096,297.95000000001755,297.95000000001755,0.0
4990841.280075532,0.0,4.042080001281278,0.0,0.7999999999999882,297.9500007951096,297.95000000001755,297.95000000001755,0.0
4991002.560151064,0.0,4.042080001281278,0.0,0.7999999999999882,297.9500007951096,297.95000000001755,297.95000000001755,0.0
4991040.0,0.0,4.042080001281278,0.0,0.7999999999999882,297.9500007951096,297.95000000001755,297.95000000001755,0.0
4991042.16000118,0.0,4.042080001281278,0.0,0.7999999999999882,297.9500007951096,297.95000000001755,297.95000000001755,0.0
4991044.32000236,0.0,4.042080001281278,0.0,0.7999999999999882,297.9500007951096,297.95000000001755,297.95000000001755,0.0
4991048.640004721,0.0,4.042080001281278,0.0,0.7999999999999882,297.9500007951096,297.95000000001755,297.95000000001755,0.0
4991057.280009441,0.0,4.042080001281278,0.0,0.7999999999999882,297.9500007951096,297.95000000001755,297.95000000001755,0.0
4991074.560018883,0.0,4.042080001281278,0.0,0.7999999999999882,297.9500007951096,297.95000000001755,297.95000000001755,0.0
4991109.120037766,0.0,4.042080001281278,0.0,0.7999999999999882,297.9500007951096,297.95000000001755,297.95000000001755,0.0
4991178.240075532,0.0,4.042080001281279,0.0,0.7999999999999882,297.9500007951096,297.95000000001755,297.95000000001755,0.0
4991316.480151064,0.0,4.042080001281278,0.0,0.7999999999999882,297.9500007951096,297.95000000001755,297.95000000001755,0.0
4991400.0,0.0,4.042080001281278,0.0,0.7999999999999882,297.9500007951096,297.95000000001755,297.95000000001755,0.0
4991401.80000118,0.0,4.042080001281278,0.0,0.7999999999999882,297.9500007951096,297.95000000001755,297.95000000001755,0.0
4991403.6000023605,0.0,4.042080001281278,0.0,0.7999999999999882,297.9500007951096,297.95000000001755,297.95000000001755,0.0
4991407.200004721,0.0,4.042080001281278,0.0,0.7999999999999882,297.9500007951096,297.95000000001755,297.95000000001755,0.0
4991414.400009441,0.0,4.042080001281278,0.0,0.7999999999999882,297.9500007951096,297.95000000001755,297.95000000001755,0.0
4991428.800018883,0.0,4.042080001281278,0.0,0.7999999999999882,297.9500007951096,297.95000000001755,297.95000000001755,0.0
4991457.600037766,0.0,4.042080001281279,0.0,0.7999999999999882,297.9500007951096,297.95000000001755,297.95000000001755,0.0
4991515.200075532,0.0,4.042080001281279,0.0,0.7999999999999882,297.9500007951096,297.95000000001755,297.95000000001755,0.0
4991630.400151064,0.0,4.042080001281278,0.0,0.7999999999999882,297.9500007951096,297.95000000001755,297.95000000001755,0.0
4991760.0,0.0,4.042080001281279,0.0,0.7999999999999882,297.9500007951096,297.95000000001755,297.95000000001755,0.0
4991761.44000118,0.0,4.042080001281279,0.0,0.7999999999999882,297.9500007951096,297.95000000001755,297.95000000001755,0.0
4991762.880002361,0.0,4.042080001281279,0.0,0.7999999999999882,297.9500007951096,297.95000000001755,297.95000000001755,0.0
4991765.760004721,0.0,4.042080001281279,0.0,0.7999999999999882,297.9500007951096,297.95000000001755,297.95000000001755,0.0
4991771.520009441,0.0,4.042080001281279,0.0,0.7999999999999882,297.9500007951096,297.95000000001755,297.95000000001755,0.0
4991783.040018883,0.0,4.042080001281279,0.0,0.7999999999999882,297.9500007951096,297.95000000001755,297.95000000001755,0.0
4991806.080037766,0.0,4.042080001281279,0.0,0.7999999999999882,297.9500007951096,297.95000000001755,297.95000000001755,0.0
4991852.160075532,0.0,4.042080001281279,0.0,0.7999999999999882,297.9500007951096,297.95000000001755,297.95000000001755,0.0
4991944.320151064,0.0,4.042080001281279,0.0,0.7999999999999882,297.9500007951096,297.95000000001755,297.95000000001755,0.0
4992120.0,0.0,4.042080001281281,0.0,0.7999999999999882,297.9500007951096,297.95000000001755,297.95000000001755,0.0
4992121.08000118,0.0,4.042080001281281,0.0,0.7999999999999882,297.9500007951096,297.95000000001755,297.95000000001755,0.0
4992122.16000236,0.0,4.042080001281281,0.0,0.7999999999999882,297.9500007951096,297.95000000001755,297.95000000001755,0.0
4992124.320004721,0.0,4.042080001281281,0.0,0.7999999999999882,297.9500007951096,297.95000000001755,297.95000000001755,0.0
4992128.640009441,0.0,4.042080001281281,0.0,0.7999999999999882,297.9500007951096,297.95000000001755,297.95000000001755,0.0
4992137.280018883,0.0,4.042080001281281,0.0,0.7999999999999882,297.9500007951096,297.95000000001755,297.95000000001755,0.0
4992154.560037766,0.0,4.042080001281281,0.0,0.7999999999999882,297.9500007951096,297.95000000001755,297.95000000001755,0.0
4992189.120075532,0.0,4.042080001281281,0.0,0.7999999999999882,297.9500007951096,297.95000000001755,297.95000000001755,0.0
4992258.240151064,0.0,4.042080001281279,0.0,0.7999999999999882,297.9500007951096,297.95000000001755,297.95000000001755,0.0
4992396.480302128,0.0,4.042080001281279,0.0,0.7999999999999882,297.9500007951096,297.95000000001755,297.95000000001755,0.0
4992480.0,0.0,4.042080001281281,0.0,0.7999999999999882,297.9500007951096,297.95000000001755,297.95000000001755,0.0
4992480.72000118,0.0,4.042080001281281,0.0,0.7999999999999882,297.9500007951096,297.95000000001755,297.95000000001755,0.0
4992481.44000236,0.0,4.042080001281281,0.0,0.7999999999999882,297.9500007951096,297.95000000001755,297.95000000001755,0.0
4992482.880004721,0.0,4.042080001281281,0.0,0.7999999999999882,297.9500007951096,297.95000000001755,297.95000000001755,0.0
4992485.7600094415,0.0,4.042080001281281,0.0,0.7999999999999882,297.9500007951096,297.95000000001755,297.95000000001755,0.0
4992491.520018883,0.0,4.042080001281281,0.0,0.7999999999999882,297.9500007951096,297.95000000001755,297.95000000001755,0.0
4992503.040037766,0.0,4.042080001281281,0.0,0.7999999999999882,297.9500007951096,297.95000000001755,297.95000000001755,0.0
4992526.080075532,0.0,4.042080001281281,0.0,0.7999999999999882,297.9500007951096,297.95000000001755,297.95000000001755,0.0
4992572.160151064,0.0,4.042080001281281,0.0,0.7999999999999882,297.9500007951096,297.95000000001755,297.95000000001755,0.0
4992664.320302128,0.0,4.042080001281279,0.0,0.7999999999999882,297.9500007951096,297.95000000001755,297.95000000001755,0.0
4992840.0,0.0,4.042080001281279,0.0,0.7999999999999882,297.9500007951096,297.95000000001755,297.95000000001755,0.0
4992840.36000118,0.0,4.042080001281279,0.0,0.7999999999999882,297.9500007951096,297.95000000001755,297.95000000001755,0.0
4992840.720002361,0.0,4.042080001281279,0.0,0.7999999999999882,297.9500007951096,297.95000000001755,297.95000000001755,0.0
4992841.44000472,0.0,4.042080001281279,0.0,0.7999999999999882,297.9500007951096,297.95000000001755,297.95000000001755,0.0
4992842.880009442,0.0,4.042080001281279,0.0,0.7999999999999882,297.9500007951096,297.95000000001755,297.95000000001755,0.0
4992845.760018883,0.0,4.042080001281279,0.0,0.7999999999999882,297.9500007951096,297.95000000001755,297.95000000001755,0.0
4992851.520037766,0.0,4.042080001281279,0.0,0.7999999999999882,297.9500007951096,297.95000000001755,297.95000000001755,0.0
4992863.040075532,0.0,4.042080001281279,0.0,0.7999999999999882,297.9500007951096,297.95000000001755,297.95000000001755,0.0
4992886.080151064,0.0,4.042080001281279,0.0,0.7999999999999882,297.9500007951096,297.95000000001755,297.95000000001755,0.0
4992932.160302128,0.0,4.042080001281281,0.0,0.7999999999999882,297.9500007951096,297.95000000001755,297.95000000001755,0.0
4993024.320604255,0.0,4.042080001281279,0.0,0.7999999999999882,297.9500007951096,297.95000000001755,297.95000000001755,0.0
4993200.0,0.0,4.042080001281279,0.0,0.7999999999999882,297.9500007951096,297.95000000001755,297.95000000001755,0.0
4996800.0,0.0,4.042080001281279,0.0,0.7999999999999882,296.39708679507964,296.3970859999876,296.3970859999876,0.0
4996803.600001234,0.0,4.042080001281279,0.0,0.7999999999999882,296.39708679507964,296.3970859999876,296.3970859999876,0.0
4996807.200002467,0.0,4.042080001281279,0.0,0.7999999999999882,296.39708679507964,296.3970859999876,296.3970859999876,0.0
4996814.400004935,0.0,4.042080001281279,0.0,0.7999999999999882,296.39708679507964,296.3970859999876,296.3970859999876,0.0
4996828.800009871,0.0,4.042080001281279,0.0,0.7999999999999882,296.39708679507964,296.3970859999876,296.3970859999876,0.0
4996857.600019741,0.0,4.042080001281279,0.0,0.7999999999999882,296.39708679507964,296.3970859999876,296.3970859999876,0.0
4996915.200039483,0.0,4.042080001281283,0.0,0.7999999999999882,296.39708679507964,296.3970859999876,296.3970859999876,0.0
4997030.400078965,0.0,4.042080001281279,0.0,0.7999999999999882,296.39708679507964,296.3970859999876,296.3970859999876,0.0
4997160.0,0.0,4.042080001281283,0.0,0.7999999999999882,296.39708679507964,296.3970859999876,296.3970859999876,0.0
4997163.240001234,0.0,4.042080001281283,0.0,0.7999999999999882,296.39708679507964,296.3970859999876,296.3970859999876,0.0
4997166.4800024675,0.0,4.042080001281283,0.0,0.7999999999999882,296.39708679507964,296.3970859999876,296.3970859999876,0.0
4997172.960004935,0.0,4.042080001281283,0.0,0.7999999999999882,296.39708679507964,296.3970859999876,296.3970859999876,0.0
4997185.920009871,0.0,4.042080001281283,0.0,0.7999999999999882,296.39708679507964,296.3970859999876,296.3970859999876,0.0
4997211.840019741,0.0,4.042080001281283,0.0,0.7999999999999882,296.39708679507964,296.3970859999876,296.3970859999876,0.0
4997263.680039482,0.0,4.042080001281283,0.0,0.7999999999999882,296.39708679507964,296.3970859999876,296.3970859999876,0.0
4997367.360078965,0.0,4.042080001281279,0.0,0.7999999999999882,296.39708679507964,296.3970859999876,296.3970859999876,0.0
4997520.0,0.0,4.042080001281279,0.0,0.7999999999999882,296.39708679507964,296.3970859999876,296.3970859999876,0.0
4997522.880001234,0.0,4.042080001281279,0.0,0.7999999999999882,296.39708679507964,296.3970859999876,296.3970859999876,0.0
4997525.760002468,0.0,4.042080001281279,0.0,0.7999999999999882,296.39708679507964,296.3970859999876,296.3970859999876,0.0
4997531.520004936,0.0,4.042080001281279,0.0,0.7999999999999882,296.39708679507964,296.3970859999876,296.3970859999876,0.0
4997543.040009871,0.0,4.042080001281279,0.0,0.7999999999999882,296.39708679507964,296.3970859999876,296.3970859999876,0.0
4997566.080019741,0.0,4.042080001281279,0.0,0.7999999999999882,296.39708679507964,296.3970859999876,296.3970859999876,0.0
4997612.160039483,0.0,4.042080001281279,0.0,0.7999999999999882,296.39708679507964,296.3970859999876,296.3970859999876,0.0
4997704.320078965,0.0,4.042080001281281,0.0,0.7999999999999882,296.39708679507964,296.3970859999876,296.3970859999876,0.0
4997880.0,0.0,4.042080001281279,0.0,0.7999999999999882,296.39708679507964,296.3970859999876,296.3970859999876,0.0
4997882.520001234,0.0,4.042080001281279,0.0,0.7999999999999882,296.39708679507964,296.3970859999876,296.3970859999876,0.0
4997885.040002468,0.0,4.042080001281279,0.0,0.7999999999999882,296.39708679507964,296.3970859999876,296.3970859999876,0.0
4997890.080004935,0.0,4.042080001281279,0.0,0.7999999999999882,296.39708679507964,296.3970859999876,296.3970859999876,0.0
4997900.16000987,0.0,4.042080001281279,0.0,0.7999999999999882,296.39708679507964,296.3970859999876,296.3970859999876,0.0
4997920.320019742,0.0,4.042080001281279,0.0,0.7999999999999882,296.39708679507964,296.3970859999876,296.3970859999876,0.0
4997960.640039482,0.0,4.042080001281279,0.0,0.7999999999999882,296.39708679507964,296.3970859999876,296.3970859999876,0.0
4998041.280078965,0.0,4.042080001281283,0.0,0.7999999999999882,296.39708679507964,296.3970859999876,296.3970859999876,0.0
4998202.5601579305,0.0,4.042080001281283,0.0,0.7999999999999882,296.39708679507964,296.3970859999876,296.3970859999876,0.0
4998240.0,0.0,4.042080001281283,0.0,0.7999999999999882,296.39708679507964,296.3970859999876,296.3970859999876,0.0
4998242.160001234,0.0,4.042080001281283,0.0,0.7999999999999882,296.39708679507964,296.3970859999876,296.3970859999876,0.0
4998244.320002467,0.0,4.042080001281283,0.0,0.7999999999999882,296.39708679507964,296.3970859999876,296.3970859999876,0.0
4998248.640004936,0.0,4.042080001281283,0.0,0.7999999999999882,296.39708679507964,296.3970859999876,296.3970859999876,0.0
4998257.28000987,0.0,4.042080001281283,0.0,0.7999999999999882,296.39708679507964,296.3970859999876,296.3970859999876,0.0
4998274.560019741,0.0,4.042080001281283,0.0,0.7999999999999882,296.39708679507964,296.3970859999876,296.3970859999876,0.0
4998309.120039483,0.0,4.042080001281279,0.0,0.7999999999999882,296.39708679507964,296.3970859999876,296.3970859999876,0.0
4998378.240078965,0.0,4.042080001281279,0.0,0.7999999999999882,296.39708679507964,296.3970859999876,296.3970859999876,0.0
4998516.48015793,0.0,4.042080001281279,0.0,0.7999999999999882,296.39708679507964,296.3970859999876,296.3970859999876,0.0
4998600.0,0.0,4.042080001281279,0.0,0.7999999999999882,296.39708679507964,296.3970859999876,296.3970859999876,0.0
4998601.800001234,0.0,4.042080001281279,0.0,0.7999999999999882,296.39708679507964,296.3970859999876,296.3970859999876,0.0
4998603.600002468,0.0,4.042080001281279,0.0,0.7999999999999882,296.39708679507964,296.3970859999876,296.3970859999876,0.0
4998607.200004935,0.0,4.042080001281279,0.0,0.7999999999999882,296.39708679507964,296.3970859999876,296.3970859999876,0.0
4998614.4000098705,0.0,4.042080001281279,0.0,0.7999999999999882,296.39708679507964,296.3970859999876,296.3970859999876,0.0
4998628.800019741,0.0,4.042080001281279,0.0,0.7999999999999882,296.39708679507964,296.3970859999876,296.3970859999876,0.0
4998657.600039482,0.0,4.042080001281279,0.0,0.7999999999999882,296.39708679507964,296.3970859999876,296.3970859999876,0.0
4998715.200078965,0.0,4.042080001281279,0.0,0.7999999999999882,296.39708679507964,296.3970859999876,296.3970859999876,0.0
4998830.40015793,0.0,4.042080001281279,0.0,0.7999999999999882,296.39708679507964,296.3970859999876,296.3970859999876,0.0
4998960.0,0.0,4.042080001281283,0.0,0.7999999999999882,296.39708679507964,296.3970859999876,296.3970859999876,0.0
4998961.4400012335,0.0,4.042080001281283,0.0,0.7999999999999882,296.39708679507964,296.3970859999876,296.3970859999876,0.0
4998962.880002468,0.0,4.042080001281283,0.0,0.7999999999999882,296.39708679507964,296.3970859999876,296.3970859999876,0.0
4998965.760004936,0.0,4.042080001281283,0.0,0.7999999999999882,296.39708679507964,296.3970859999876,296.3970859999876,0.0
4998971.520009871,0.0,4.042080001281283,0.0,0.7999999999999882,296.39708679507964,296.3970859999876,296.3970859999876,0.0
4998983.040019741,0.0,4.042080001281283,0.0,0.7999999999999882,296.39708679507964,296.3970859999876,296.3970859999876,0.0
4999006.080039483,0.0,4.042080001281283,0.0,0.7999999999999882,296.39708679507964,296.3970859999876,296.3970859999876,0.0
4999052.160078965,0.0,4.042080001281283,0.0,0.7999999999999882,296.39708679507964,296.3970859999876,296.3970859999876,0.0
4999144.32015793,0.0,4.042080001281283,0.0,0.7999999999999882,296.39708679507964,296.3970859999876,296.3970859999876,0.0
4999320.0,0.0,4.042080001281281,0.0,0.7999999999999882,296.39708679507964,296.3970859999876,296.3970859999876,0.0
4999321.080001234,0.0,4.042080001281281,0.0,0.7999999999999882,296.39708679507964,296.3970859999876,296.3970859999876,0.0
4999322.160002467,0.0,4.042080001281281,0.0,0.7999999999999882,296.39708679507964,296.3970859999876,296.3970859999876,0.0
4999324.320004935,0.0,4.042080001281281,0.0,0.7999999999999882,296.39708679507964,296.3970859999876,296.3970859999876,0.0
4999328.640009871,0.0,4.042080001281281,0.0,0.7999999999999882,296.39708679507964,296.3970859999876,296.3970859999876,0.0
4999337.2800197415,0.0,4.042080001281281,0.0,0.7999999999999882,296.39708679507964,296.3970859999876,296.3970859999876,0.0
4999354.560039483,0.0,4.042080001281283,0.0,0.7999999999999882,296.39708679507964,296.3970859999876,296.3970859999876,0.0
4999389.120078965,0.0,4.042080001281281,0.0,0.7999999999999882,296.39708679507964,296.3970859999876,296.3970859999876,0.0
4999458.24015793,0.0,4.042080001281281,0.0,0.7999999999999882,296.39708679507964,296.3970859999876,296.3970859999876,0.0
4999596.48031586,0.0,4.042080001281281,0.0,0.7999999999999882,296.39708679507964,296.3970859999876,296.3970859999876,0.0
4999680.0,0.0,4.042080001281281,0.0,0.7999999999999882,296.39708679507964,296.3970859999876,296.3970859999876,0.0
4999680.720001234,0.0,4.042080001281281,0.0,0.7999999999999882,296.39708679507964,296.3970859999876,296.3970859999876,0.0
4999681.4400024675,0.0,4.042080001281281,0.0,0.7999999999999882,296.39708679507964,296.3970859999876,296.3970859999876,0.0
4999682.880004935,0.0,4.042080001281281,0.0,0.7999999999999882,296.39708679507964,296.3970859999876,296.3970859999876,0.0
4999685.760009871,0.0,4.042080001281281,0.0,0.7999999999999882,296.39708679507964,296.3970859999876,296.3970859999876,0.0
4999691.520019742,0.0,4.042080001281281,0.0,0.7999999999999882,296.39708679507964,296.3970859999876,296.3970859999876,0.0
4999703.0400394825,0.0,4.042080001281281,0.0,0.7999999999999882,296.39708679507964,296.3970859999876,296.3970859999876,0.0
4999726.080078965,0.0,4.042080001281283,0.0,0.7999999999999882,296.39708679507964,296.3970859999876,296.3970859999876,0.0
4999772.16015793,0.0,4.042080001281283,0.0,0.7999999999999882,296.39708679507964,296.3970859999876,296.3970859999876,0.0
4999864.320315861,0.0,4.042080001281283,0.0,0.7999999999999882,296.39708679507964,296.3970859999876,296.3970859999876,0.0
5000040.0,0.0,4.042080001281285,0.0,0.7999999999999882,296.39708679507964,296.3970859999876,296.3970859999876,0.0
5000040.360001233,0.0,4.042080001281285,0.0,0.7999999999999882,296.39708679507964,296.3970859999876,296.3970859999876,0.0
5000040.720002468,0.0,4.042080001281285,0.0,0.7999999999999882,296.39708679507964,296.3970859999876,296.3970859999876,0.0
5000041.4400049355,0.0,4.042080001281285,0.0,0.7999999999999882,296.39708679507964,296.3970859999876,296.3970859999876,0.0
5000042.880009871,0.0,4.042080001281285,0.0,0.7999999999999882,296.39708679507964,296.3970859999876,296.3970859999876,0.0
5000045.760019741,0.0,4.042080001281285,0.0,0.7999999999999882,296.39708679507964,296.3970859999876,296.3970859999876,0.0
5000051.520039483,0.0,4.042080001281285,0.0,0.7999999999999882,296.39708679507964,296.3970859999876,296.3970859999876,0.0
5000063.040078965,0.0,4.042080001281285,0.0,0.7999999999999882,296.39708679507964,296.3970859999876,296.3970859999876,0.0
5000086.08015793,0.0,4.042080001281285,0.0,0.7999999999999882,296.39708679507964,296.3970859999876,296.3970859999876,0.0
5000132.160315861,0.0,4.042080001281285,0.0,0.7999999999999882,296.39708679507964,296.3970859999876,296.3970859999876,0.0
5000224.320631721,0.0,4.042080001281283,0.0,0.7999999999999882,296.39708679507964,296.3970859999876,296.3970859999876,0.0
5000400.0,0.0,4.042080001281283,0.0,0.7999999999999882,296.39708679507964,296.3970859999876,296.3970859999876,0.0
5004000.0,0.0,4.042080001281283,0.0,0.7999999999999882,294.9500007409094,294.9500000000013,294.9500000000013,0.0
5004003.600001288,0.0,4.042080001281283,0.0,0.7999999999999882,294.9500007409094,294.9500000000013,294.9500000000013,0.0
5004007.200002575,0.0,4.042080001281283,0.0,0.7999999999999882,294.9500007409094,294.9500000000013,294.9500000000013,0.0
5004014.40000515,0.0,4.042080001281283,0.0,0.7999999999999882,294.9500007409094,294.9500000000013,294.9500000000013,0.0
5004028.8000103,0.0,4.042080001281283,0.0,0.7999999999999882,294.9500007409094,294.9500000000013,294.9500000000013,0.0
5004057.6000206,0.0,4.042080001281283,0.0,0.7999999999999882,294.9500007409094,294.9500000000013,294.9500000000013,0.0
5004115.200041199,0.0,4.042080001281283,0.0,0.7999999999999882,294.9500007409094,294.9500000000013,294.9500000000013,0.0
5004230.400082398,0.0,4.042080001281281,0.0,0.7999999999999882,294.9500007409094,294.9500000000013,294.9500000000013,0.0
5004360.0,0.0,4.042080001281283,0.0,0.7999999999999882,294.9500007409094,294.9500000000013,294.9500000000013,0.0
5004363.240001287,0.0,4.042080001281283,0.0,0.7999999999999882,294.9500007409094,294.9500000000013,294.9500000000013,0.0
5004366.480002575,0.0,4.042080001281283,0.0,0.7999999999999882,294.9500007409094,294.9500000000013,294.9500000000013,0.0
5004372.96000515,0.0,4.042080001281283,0.0,0.7999999999999882,294.9500007409094,294.9500000000013,294.9500000000013,0.0
5004385.920010299,0.0,4.042080001281283,0.0,0.7999999999999882,294.9500007409094,294.9500000000013,294.9500000000013,0.0
5004411.8400206,0.0,4.042080001281283,0.0,0.7999999999999882,294.9500007409094,294.9500000000013,294.9500000000013,0.0
5004463.6800412,0.0,4.042080001281283,0.0,0.7999999999999882,294.9500007409094,294.9500000000013,294.9500000000013,0.0
5004567.360082398,0.0,4.042080001281281,0.0,0.7999999999999882,294.9500007409094,294.9500000000013,294.9500000000013,0.0
5004720.0,0.0,4.042080001281283,0.0,0.7999999999999882,294.9500007409094,294.9500000000013,294.9500000000013,0.0
5004722.880001288,0.0,4.042080001281283,0.0,0.7999999999999882,294.9500007409094,294.9500000000013,294.9500000000013,0.0
5004725.760002575,0.0,4.042080001281283,0.0,0.7999999999999882,294.9500007409094,294.9500000000013,294.9500000000013,0.0
5004731.52000515,0.0,4.042080001281283,0.0,0.7999999999999882,294.9500007409094,294.9500000000013,294.9500000000013,0.0
5004743.0400102995,0.0,4.042080001281283,0.0,0.7999999999999882,294.9500007409094,294.9500000000013,294.9500000000013,0.0
5004766.0800206,0.0,4.042080001281281,0.0,0.7999999999999882,294.9500007409094,294.9500000000013,294.9500000000013,0.0
5004812.160041199,0.0,4.042080001281281,0.0,0.7999999999999882,294.9500007409094,294.9500000000013,294.9500000000013,0.0
5004904.320082398,0.0,4.042080001281281,0.0,0.7999999999999882,294.9500007409094,294.9500000000013,294.9500000000013,0.0
5005080.0,0.0,4.042080001281283,0.0,0.7999999999999882,294.9500007409094,294.9500000000013,294.9500000000013,0.0
5005082.520001288,0.0,4.042080001281283,0.0,0.7999999999999882,294.9500007409094,294.9500000000013,294.9500000000013,0.0
5005085.040002575,0.0,4.042080001281283,0.0,0.7999999999999882,294.9500007409094,294.9500000000013,294.9500000000013,0.0
5005090.08000515,0.0,4.042080001281283,0.0,0.7999999999999882,294.9500007409094,294.9500000000013,294.9500000000013,0.0
5005100.1600103,0.0,4.042080001281283,0.0,0.7999999999999882,294.9500007409094,294.9500000000013,294.9500000000013,0.0
5005120.320020599,0.0,4.042080001281283,0.0,0.7999999999999882,294.9500007409094,294.9500000000013,294.9500000000013,0.0
5005160.6400411995,0.0,4.042080001281283,0.0,0.7999999999999882,294.9500007409094,294.9500000000013,294.9500000000013,0.0
5005241.280082398,0.0,4.042080001281281,0.0,0.7999999999999882,294.9500007409094,294.9500000000013,294.9500000000013,0.0
5005402.560164797,0.0,4.042080001281283,0.0,0.7999999999999882,294.9500007409094,294.9500000000013,294.9500000000013,0.0
5005440.0,0.0,4.042080001281281,0.0,0.7999999999999882,294.9500007409094,294.9500000000013,294.9500000000013,0.0
5005442.160001287,0.0,4.042080001281281,0.0,0.7999999999999882,294.9500007409094,294.9500000000013,294.9500000000013,0.0
5005444.3200025745,0.0,4.042080001281281,0.0,0.7999999999999882,294.9500007409094,294.9500000000013,294.9500000000013,0.0
5005448.64000515,0.0,4.042080001281281,0.0,0.7999999999999882,294.9500007409094,294.9500000000013,294.9500000000013,0.0
5005457.2800103,0.0,4.042080001281281,0.0,0.7999999999999882,294.9500007409094,294.9500000000013,294.9500000000013,0.0
5005474.5600205995,0.0,4.042080001281281,0.0,0.7999999999999882,294.9500007409094,294.9500000000013,294.9500000000013,0.0
5005509.120041199,0.0,4.042080001281281,0.0,0.7999999999999882,294.9500007409094,294.9500000000013,294.9500000000013,0.0
5005578.240082398,0.0,4.042080001281281,0.0,0.7999999999999882,294.9500007409094,294.9500000000013,294.9500000000013,0.0
5005716.480164797,0.0,4.042080001281281,0.0,0.7999999999999882,294.9500007409094,294.9500000000013,294.9500000000013,0.0
5005800.0,0.0,4.042080001281283,0.0,0.7999999999999882,294.9500007409094,294.9500000000013,294.9500000000013,0.0
5005801.800001288,0.0,4.042080001281283,0.0,0.7999999999999882,294.9500007409094,294.9500000000013,294.9500000000013,0.0
5005803.600002575,0.0,4.042080001281283,0.0,0.7999999999999882,294.9500007409094,294.9500000000013,294.9500000000013,0.0
5005807.2000051495,0.0,4.042080001281283,0.0,0.7999999999999882,294.9500007409094,294.9500000000013,294.9500000000013,0.0
5005814.4000103,0.0,4.042080001281283,0.0,0.7999999999999882,294.9500007409094,294.9500000000013,294.9500000000013,0.0
5005828.8000206,0.0,4.042080001281283,0.0,0.7999999999999882,294.9500007409094,294.9500000000013,294.9500000000013,0.0
5005857.6000411995,0.0,4.042080001281283,0.0,0.7999999999999882,294.9500007409094,294.9500000000013,294.9500000000013,0.0
5005915.200082398,0.0,4.042080001281285,0.0,0.7999999999999882,294.9500007409094,294.9500000000013,294.9500000000013,0.0
5006030.400164797,0.0,4.042080001281281,0.0,0.7999999999999882,294.9500007409094,294.9500000000013,294.9500000000013,0.0
5006160.0,0.0,4.042080001281283,0.0,0.7999999999999882,294.9500007409094,294.9500000000013,294.9500000000013,0.0
5006161.4400012875,0.0,4.042080001281283,0.0,0.7999999999999882,294.9500007409094,294.9500000000013,294.9500000000013,0.0
5006162.880002575,0.0,4.042080001281283,0.0,0.7999999999999882,294.9500007409094,294.9500000000013,294.9500000000013,0.0
5006165.76000515,0.0,4.042080001281283,0.0,0.7999999999999882,294.9500007409094,294.9500000000013,294.9500000000013,0.0
5006171.5200103,0.0,4.042080001281283,0.0,0.7999999999999882,294.9500007409094,294.9500000000013,294.9500000000013,0.0
5006183.0400206,0.0,4.042080001281283,0.0,0.7999999999999882,294.9500007409094,294.9500000000013,294.9500000000013,0.0
5006206.080041199,0.0,4.042080001281283,0.0,0.7999999999999882,294.9500007409094,294.9500000000013,294.9500000000013,0.0
5006252.160082398,0.0,4.042080001281283,0.0,0.7999999999999882,294.9500007409094,294.9500000000013,294.9500000000013,0.0
5006344.320164797,0.0,4.042080001281283,0.0,0.7999999999999882,294.9500007409094,294.9500000000013,294.9500000000013,0.0
5006520.0,0.0,4.042080001281283,0.0,0.7999999999999882,294.9500007409094,294.9500000000013,294.9500000000013,0.0
5006521.080001287,0.0,4.042080001281283,0.0,0.7999999999999882,294.9500007409094,294.9500000000013,294.9500000000013,0.0
5006522.160002575,0.0,4.042080001281283,0.0,0.7999999999999882,294.9500007409094,294.9500000000013,294.9500000000013,0.0
5006524.32000515,0.0,4.042080001281283,0.0,0.7999999999999882,294.9500007409094,294.9500000000013,294.9500000000013,0.0
5006528.6400103,0.0,4.042080001281283,0.0,0.7999999999999882,294.9500007409094,294.9500000000013,294.9500000000013,0.0
5006537.280020599,0.0,4.042080001281283,0.0,0.7999999999999882,294.9500007409094,294.9500000000013,294.9500000000013,0.0
5006554.560041199,0.0,4.042080001281283,0.0,0.7999999999999882,294.9500007409094,294.9500000000013,294.9500000000013,0.0
5006589.120082399,0.0,4.042080001281283,0.0,0.7999999999999882,294.9500007409094,294.9500000000013,294.9500000000013,0.0
5006658.240164797,0.0,4.042080001281283,0.0,0.7999999999999882,294.9500007409094,294.9500000000013,294.9500000000013,0.0
5006796.480329594,0.0,4.042080001281283,0.0,0.7999999999999882,294.9500007409094,294.9500000000013,294.9500000000013,0.0
5006880.0,0.0,4.042080001281283,0.0,0.7999999999999882,294.9500007409094,294.9500000000013,294.9500000000013,0.0
5006880.720001288,0.0,4.042080001281283,0.0,0.7999999999999882,294.9500007409094,294.9500000000013,294.9500000000013,0.0
5006881.440002575,0.0,4.042080001281283,0.0,0.7999999999999882,294.9500007409094,294.9500000000013,294.9500000000013,0.0
5006882.88000515,0.0,4.042080001281283,0.0,0.7999999999999882,294.9500007409094,294.9500000000013,294.9500000000013,0.0
5006885.7600103,0.0,4.042080001281283,0.0,0.7999999999999882,294.9500007409094,294.9500000000013,294.9500000000013,0.0
5006891.5200205995,0.0,4.042080001281283,0.0,0.7999999999999882,294.9500007409094,294.9500000000013,294.9500000000013,0.0
5006903.040041199,0.0,4.042080001281283,0.0,0.7999999999999882,294.9500007409094,294.9500000000013,294.9500000000013,0.0
5006926.080082399,0.0,4.042080001281283,0.0,0.7999999999999882,294.9500007409094,294.9500000000013,294.9500000000013,0.0
5006972.160164797,0.0,4.042080001281283,0.0,0.7999999999999882,294.9500007409094,294.9500000000013,294.9500000000013,0.0
5007064.3203295935,0.0,4.042080001281283,0.0,0.7999999999999882,294.9500007409094,294.9500000000013,294.9500000000013,0.0
5007240.0,0.0,4.042080001281283,0.0,0.7999999999999882,294.9500007409094,294.9500000000013,294.9500000000013,0.0
5007240.360001287,0.0,4.042080001281283,0.0,0.7999999999999882,294.9500007409094,294.9500000000013,294.9500000000013,0.0
5007240.720002575,0.0,4.042080001281283,0.0,0.7999999999999882,294.9500007409094,294.9500000000013,294.9500000000013,0.0
5007241.44000515,0.0,4.042080001281283,0.0,0.7999999999999882,294.9500007409094,294.9500000000013,294.9500000000013,0.0
5007242.880010299,0.0,4.042080001281283,0.0,0.7999999999999882,294.9500007409094,294.9500000000013,294.9500000000013,0.0
5007245.7600206,0.0,4.042080001281283,0.0,0.7999999999999882,294.9500007409094,294.9500000000013,294.9500000000013,0.0
5007251.520041199,0.0,4.042080001281283,0.0,0.7999999999999882,294.9500007409094,294.9500000000013,294.9500000000013,0.0
5007263.040082399,0.0,4.042080001281283,0.0,0.7999999999999882,294.9500007409094,294.9500000000013,294.9500000000013,0.0
5007286.080164797,0.0,4.042080001281283,0.0,0.7999999999999882,294.9500007409094,294.9500000000013,294.9500000000013,0.0
5007332.160329593,0.0,4.042080001281283,0.0,0.7999999999999882,294.9500007409094,294.9500000000013,294.9500000000013,0.0
5007424.320659188,0.0,4.042080001281283,0.0,0.7999999999999882,294.9500007409094,294.9500000000013,294.9500000000013,0.0
5007600.0,0.0,4.042080001281283,0.0,0.7999999999999882,294.9500007409094,294.9500000000013,294.9500000000013,0.0
